{
  "type": "FeatureCollection",
  "features": [
    {
      "type": "Feature",
      "geometry": {
        "type": "Polygon",
        "coordinates": [
          [
            [
              121.73905683311878,
              24.332078701922185
            ],
            [
              121.74891026949463,
              24.33203039604806
            ],
            [
              121.74885721340483,
              24.32300198016873
            ],
            [
              121.74389281861279,
              24.32302638929374
            ],
            [
              121.74298000000002,
              24.323150000000002
            ],
            [
              121.74152,
              24.323369999999993
            ],
            [
              121.74088,
              24.323389999999996
            ],
            [
              121.73995,
              24.32356
            ],
            [
              121.73900709166776,
              24.32350159033684
            ],
            [
              121.73905683311878,
              24.332078701922185
            ]
          ]
        ]
      },
      "properties": {
        "grid_id": "G002_043",
        "綠地類型": "公園／都市綠地",
        "中心經度": 121.743959,
        "中心緯度": 24.327798,
        "分析面積_km2": 1.023,
        "2020面積_ha": 0.54,
        "2024面積_ha": 0.54,
        "面積減少率_pct": 0.0,
        "2020斑塊數": 1,
        "2024斑塊數": 1,
        "斑塊數增加率_pct": 0.0,
        "2020平均斑塊面積_ha": 0.54,
        "2024平均斑塊面積_ha": 0.54,
        "平均斑塊面積下降率_pct": 0.0,
        "道路切割密度_km_per_km2": 8.267,
        "建成區邊界切割密度_km_per_km2": 0.147,
        "孤立小斑塊比例_pct": 100.0,
        "距大型連續綠地平均距離_m": 13704.0,
        "score_面積減少": 29.87551867219917,
        "score_斑塊增加": 42.531120331950206,
        "score_平均斑塊縮小": 26.970954356846473,
        "score_道路建成區切割": 63.07053941908714,
        "score_孤立比例": 80.29045643153528,
        "score_距大型綠地": 99.5850622406639,
        "綜合破碎化分數": 57.1,
        "破碎化等級": "高",
        "判定原因": "面積減少0.0%；斑塊增加0.0%；平均斑塊縮小0.0%；道路密度8.27 km/km²；孤立比例100.0%；距大型綠地13704m",
        "2021面積_ha": 0.63,
        "2022面積_ha": 0.45,
        "2023面積_ha": 0.72
      }
    },
    {
      "type": "Feature",
      "geometry": {
        "type": "Polygon",
        "coordinates": [
          [
            [
              121.77913432978575,
              24.440221037166694
            ],
            [
              121.7791898317236,
              24.449249249486428
            ],
            [
              121.78905226549632,
              24.4491981083479
            ],
            [
              121.78899606123072,
              24.440169917333243
            ],
            [
              121.77913432978575,
              24.440221037166694
            ]
          ]
        ]
      },
      "properties": {
        "grid_id": "G015_047",
        "綠地類型": "公園／都市綠地",
        "中心經度": 121.784093,
        "中心緯度": 24.44471,
        "分析面積_km2": 1.04,
        "2020面積_ha": 4.14,
        "2024面積_ha": 4.14,
        "面積減少率_pct": 0.0,
        "2020斑塊數": 1,
        "2024斑塊數": 1,
        "斑塊數增加率_pct": 0.0,
        "2020平均斑塊面積_ha": 53.91,
        "2024平均斑塊面積_ha": 54.09,
        "平均斑塊面積下降率_pct": 0.0,
        "道路切割密度_km_per_km2": 4.931,
        "建成區邊界切割密度_km_per_km2": 0.0,
        "孤立小斑塊比例_pct": 0.0,
        "距大型連續綠地平均距離_m": 0.0,
        "score_面積減少": 29.87551867219917,
        "score_斑塊增加": 42.531120331950206,
        "score_平均斑塊縮小": 26.970954356846473,
        "score_道路建成區切割": 25.622406639004147,
        "score_孤立比例": 20.539419087136928,
        "score_距大型綠地": 9.95850622406639,
        "綜合破碎化分數": 25.9,
        "破碎化等級": "低",
        "判定原因": "面積減少0.0%；斑塊增加0.0%；平均斑塊縮小0.0%；道路密度4.93 km/km²；孤立比例0.0%；距大型綠地0m",
        "2021面積_ha": 4.14,
        "2022面積_ha": 4.14,
        "2023面積_ha": 4.14
      }
    },
    {
      "type": "Feature",
      "geometry": {
        "type": "Polygon",
        "coordinates": [
          [
            [
              121.78899606123072,
              24.440169917333243
            ],
            [
              121.78905226549632,
              24.4491981083479
            ],
            [
              121.7989146717751,
              24.44914632411502
            ],
            [
              121.79885776519035,
              24.440118154673343
            ],
            [
              121.78899606123072,
              24.440169917333243
            ]
          ]
        ]
      },
      "properties": {
        "grid_id": "G015_048",
        "綠地類型": "公園／都市綠地",
        "中心經度": 121.793955,
        "中心緯度": 24.444658,
        "分析面積_km2": 1.04,
        "2020面積_ha": 0.09,
        "2024面積_ha": 0.09,
        "面積減少率_pct": 0.0,
        "2020斑塊數": 1,
        "2024斑塊數": 1,
        "斑塊數增加率_pct": 0.0,
        "2020平均斑塊面積_ha": 53.91,
        "2024平均斑塊面積_ha": 54.09,
        "平均斑塊面積下降率_pct": 0.0,
        "道路切割密度_km_per_km2": 5.652,
        "建成區邊界切割密度_km_per_km2": 0.0,
        "孤立小斑塊比例_pct": 0.0,
        "距大型連續綠地平均距離_m": 0.0,
        "score_面積減少": 29.87551867219917,
        "score_斑塊增加": 42.531120331950206,
        "score_平均斑塊縮小": 26.970954356846473,
        "score_道路建成區切割": 29.04564315352697,
        "score_孤立比例": 20.539419087136928,
        "score_距大型綠地": 9.95850622406639,
        "綜合破碎化分數": 26.5,
        "破碎化等級": "低",
        "判定原因": "面積減少0.0%；斑塊增加0.0%；平均斑塊縮小0.0%；道路密度5.65 km/km²；孤立比例0.0%；距大型綠地0m",
        "2021面積_ha": 0.09,
        "2022面積_ha": 0.09,
        "2023面積_ha": 0.09
      }
    },
    {
      "type": "Feature",
      "geometry": {
        "type": "Polygon",
        "coordinates": [
          [
            [
              121.7791898317236,
              24.449249249486428
            ],
            [
              121.77924536081187,
              24.458277450910945
            ],
            [
              121.78910849725585,
              24.45822628846438
            ],
            [
              121.78905226549632,
              24.4491981083479
            ],
            [
              121.7791898317236,
              24.449249249486428
            ]
          ]
        ]
      },
      "properties": {
        "grid_id": "G016_047",
        "綠地類型": "公園／都市綠地",
        "中心經度": 121.784149,
        "中心緯度": 24.453738,
        "分析面積_km2": 1.04,
        "2020面積_ha": 33.03,
        "2024面積_ha": 33.21,
        "面積減少率_pct": 0.0,
        "2020斑塊數": 1,
        "2024斑塊數": 1,
        "斑塊數增加率_pct": 0.0,
        "2020平均斑塊面積_ha": 53.91,
        "2024平均斑塊面積_ha": 54.09,
        "平均斑塊面積下降率_pct": 0.0,
        "道路切割密度_km_per_km2": 7.209,
        "建成區邊界切割密度_km_per_km2": 0.98,
        "孤立小斑塊比例_pct": 0.0,
        "距大型連續綠地平均距離_m": 0.0,
        "score_面積減少": 29.87551867219917,
        "score_斑塊增加": 42.531120331950206,
        "score_平均斑塊縮小": 26.970954356846473,
        "score_道路建成區切割": 76.55601659751036,
        "score_孤立比例": 20.539419087136928,
        "score_距大型綠地": 9.95850622406639,
        "綜合破碎化分數": 34.4,
        "破碎化等級": "低",
        "判定原因": "面積減少0.0%；斑塊增加0.0%；平均斑塊縮小0.0%；道路密度7.21 km/km²；孤立比例0.0%；距大型綠地0m",
        "2021面積_ha": 33.93,
        "2022面積_ha": 33.66,
        "2023面積_ha": 32.67
      }
    },
    {
      "type": "Feature",
      "geometry": {
        "type": "Polygon",
        "coordinates": [
          [
            [
              121.78905226549632,
              24.4491981083479
            ],
            [
              121.78910849725585,
              24.45822628846438
            ],
            [
              121.7989716061973,
              24.458174482655544
            ],
            [
              121.7989146717751,
              24.44914632411502
            ],
            [
              121.78905226549632,
              24.4491981083479
            ]
          ]
        ]
      },
      "properties": {
        "grid_id": "G016_048",
        "綠地類型": "公園／都市綠地",
        "中心經度": 121.794012,
        "中心緯度": 24.453686,
        "分析面積_km2": 1.04,
        "2020面積_ha": 17.73,
        "2024面積_ha": 17.73,
        "面積減少率_pct": 0.0,
        "2020斑塊數": 1,
        "2024斑塊數": 1,
        "斑塊數增加率_pct": 0.0,
        "2020平均斑塊面積_ha": 53.91,
        "2024平均斑塊面積_ha": 54.09,
        "平均斑塊面積下降率_pct": 0.0,
        "道路切割密度_km_per_km2": 4.7,
        "建成區邊界切割密度_km_per_km2": 0.0,
        "孤立小斑塊比例_pct": 0.0,
        "距大型連續綠地平均距離_m": 0.0,
        "score_面積減少": 29.87551867219917,
        "score_斑塊增加": 42.531120331950206,
        "score_平均斑塊縮小": 26.970954356846473,
        "score_道路建成區切割": 24.688796680497923,
        "score_孤立比例": 20.539419087136928,
        "score_距大型綠地": 9.95850622406639,
        "綜合破碎化分數": 25.8,
        "破碎化等級": "低",
        "判定原因": "面積減少0.0%；斑塊增加0.0%；平均斑塊縮小0.0%；道路密度4.70 km/km²；孤立比例0.0%；距大型綠地0m",
        "2021面積_ha": 17.73,
        "2022面積_ha": 17.46,
        "2023面積_ha": 17.73
      }
    },
    {
      "type": "Feature",
      "geometry": {
        "type": "Polygon",
        "coordinates": [
          [
            [
              121.78910849725585,
              24.45822628846438
            ],
            [
              121.78916475651795,
              24.467254457679676
            ],
            [
              121.79902856846566,
              24.46720263029189
            ],
            [
              121.7989716061973,
              24.458174482655544
            ],
            [
              121.78910849725585,
              24.45822628846438
            ]
          ]
        ]
      },
      "properties": {
        "grid_id": "G017_048",
        "綠地類型": "公園／都市綠地",
        "中心經度": 121.794068,
        "中心緯度": 24.462715,
        "分析面積_km2": 1.04,
        "2020面積_ha": 0.27,
        "2024面積_ha": 0.0,
        "面積減少率_pct": 100.0,
        "2020斑塊數": 2,
        "2024斑塊數": 0,
        "斑塊數增加率_pct": 0.0,
        "2020平均斑塊面積_ha": 0.315,
        "2024平均斑塊面積_ha": 0.0,
        "平均斑塊面積下降率_pct": 100.0,
        "道路切割密度_km_per_km2": 9.977,
        "建成區邊界切割密度_km_per_km2": 0.0,
        "孤立小斑塊比例_pct": 0.0,
        "距大型連續綠地平均距離_m": 0.0,
        "score_面積減少": 96.6804979253112,
        "score_斑塊增加": 42.531120331950206,
        "score_平均斑塊縮小": 96.6804979253112,
        "score_道路建成區切割": 44.91701244813277,
        "score_孤立比例": 20.539419087136928,
        "score_距大型綠地": 9.95850622406639,
        "綜合破碎化分數": 51.9,
        "破碎化等級": "中",
        "判定原因": "面積減少100.0%；斑塊增加0.0%；平均斑塊縮小100.0%；道路密度9.98 km/km²；孤立比例0.0%；距大型綠地0m",
        "2021面積_ha": 0.09,
        "2022面積_ha": 0.09,
        "2023面積_ha": 0.09
      }
    },
    {
      "type": "Feature",
      "geometry": {
        "type": "Polygon",
        "coordinates": [
          [
            [
              121.7989716061973,
              24.458174482655544
            ],
            [
              121.79902856846566,
              24.46720263029189
            ],
            [
              121.80889235255846,
              24.46715015928101
            ],
            [
              121.80883468729255,
              24.458122033491577
            ],
            [
              121.7989716061973,
              24.458174482655544
            ]
          ]
        ]
      },
      "properties": {
        "grid_id": "G017_049",
        "綠地類型": "公園／都市綠地",
        "中心經度": 121.803932,
        "中心緯度": 24.462662,
        "分析面積_km2": 1.04,
        "2020面積_ha": 0.18,
        "2024面積_ha": 0.0,
        "面積減少率_pct": 100.0,
        "2020斑塊數": 1,
        "2024斑塊數": 0,
        "斑塊數增加率_pct": 0.0,
        "2020平均斑塊面積_ha": 0.27,
        "2024平均斑塊面積_ha": 0.0,
        "平均斑塊面積下降率_pct": 100.0,
        "道路切割密度_km_per_km2": 14.648,
        "建成區邊界切割密度_km_per_km2": 0.0,
        "孤立小斑塊比例_pct": 0.0,
        "距大型連續綠地平均距離_m": 0.0,
        "score_面積減少": 96.6804979253112,
        "score_斑塊增加": 42.531120331950206,
        "score_平均斑塊縮小": 96.6804979253112,
        "score_道路建成區切割": 55.39419087136929,
        "score_孤立比例": 20.539419087136928,
        "score_距大型綠地": 9.95850622406639,
        "綜合破碎化分數": 53.6,
        "破碎化等級": "中",
        "判定原因": "面積減少100.0%；斑塊增加0.0%；平均斑塊縮小100.0%；道路密度14.65 km/km²；孤立比例0.0%；距大型綠地0m",
        "2021面積_ha": 0.0,
        "2022面積_ha": 0.0,
        "2023面積_ha": 0.0
      }
    },
    {
      "type": "Feature",
      "geometry": {
        "type": "Polygon",
        "coordinates": [
          [
            [
              121.77930091705903,
              24.46730564143723
            ],
            [
              121.77935650047367,
              24.47633382106226
            ],
            [
              121.78922104329122,
              24.47628261599078
            ],
            [
              121.78916475651795,
              24.467254457679676
            ],
            [
              121.77930091705903,
              24.46730564143723
            ]
          ]
        ]
      },
      "properties": {
        "grid_id": "G018_047",
        "綠地類型": "公園／都市綠地",
        "中心經度": 121.784261,
        "中心緯度": 24.471794,
        "分析面積_km2": 1.04,
        "2020面積_ha": 1.89,
        "2024面積_ha": 1.98,
        "面積減少率_pct": 0.0,
        "2020斑塊數": 1,
        "2024斑塊數": 1,
        "斑塊數增加率_pct": 0.0,
        "2020平均斑塊面積_ha": 1.89,
        "2024平均斑塊面積_ha": 1.98,
        "平均斑塊面積下降率_pct": 0.0,
        "道路切割密度_km_per_km2": 8.016,
        "建成區邊界切割密度_km_per_km2": 0.202,
        "孤立小斑塊比例_pct": 100.0,
        "距大型連續綠地平均距離_m": 2190.2,
        "score_面積減少": 29.87551867219917,
        "score_斑塊增加": 42.531120331950206,
        "score_平均斑塊縮小": 26.970954356846473,
        "score_道路建成區切割": 64.93775933609959,
        "score_孤立比例": 80.29045643153528,
        "score_距大型綠地": 49.79253112033195,
        "綜合破碎化分數": 49.1,
        "破碎化等級": "中",
        "判定原因": "面積減少0.0%；斑塊增加0.0%；平均斑塊縮小0.0%；道路密度8.02 km/km²；孤立比例100.0%；距大型綠地2190m",
        "2021面積_ha": 0.9,
        "2022面積_ha": 1.53,
        "2023面積_ha": 1.71
      }
    },
    {
      "type": "Feature",
      "geometry": {
        "type": "Polygon",
        "coordinates": [
          [
            [
              121.78916475651795,
              24.467254457679676
            ],
            [
              121.78922104329122,
              24.47628261599078
            ],
            [
              121.79908555858896,
              24.476230767021057
            ],
            [
              121.79902856846566,
              24.46720263029189
            ],
            [
              121.78916475651795,
              24.467254457679676
            ]
          ]
        ]
      },
      "properties": {
        "grid_id": "G018_048",
        "綠地類型": "公園／都市綠地",
        "中心經度": 121.794125,
        "中心緯度": 24.471743,
        "分析面積_km2": 1.04,
        "2020面積_ha": 0.36,
        "2024面積_ha": 0.18,
        "面積減少率_pct": 50.0,
        "2020斑塊數": 1,
        "2024斑塊數": 1,
        "斑塊數增加率_pct": 0.0,
        "2020平均斑塊面積_ha": 0.36,
        "2024平均斑塊面積_ha": 0.18,
        "平均斑塊面積下降率_pct": 50.0,
        "道路切割密度_km_per_km2": 6.863,
        "建成區邊界切割密度_km_per_km2": 0.058,
        "孤立小斑塊比例_pct": 100.0,
        "距大型連續綠地平均距離_m": 1766.8,
        "score_面積減少": 84.43983402489627,
        "score_斑塊增加": 42.531120331950206,
        "score_平均斑塊縮小": 78.63070539419087,
        "score_道路建成區切割": 49.5850622406639,
        "score_孤立比例": 80.29045643153528,
        "score_距大型綠地": 47.71784232365145,
        "綜合破碎化分數": 63.9,
        "破碎化等級": "高",
        "判定原因": "面積減少50.0%；斑塊增加0.0%；平均斑塊縮小50.0%；道路密度6.86 km/km²；孤立比例100.0%；距大型綠地1767m",
        "2021面積_ha": 0.36,
        "2022面積_ha": 0.36,
        "2023面積_ha": 0.36
      }
    },
    {
      "type": "Feature",
      "geometry": {
        "type": "Polygon",
        "coordinates": [
          [
            [
              121.77935650047367,
              24.47633382106226
            ],
            [
              121.77941211106427,
              24.48536198978304
            ],
            [
              121.78927735758434,
              24.485310763394676
            ],
            [
              121.78922104329122,
              24.47628261599078
            ],
            [
              121.77935650047367,
              24.47633382106226
            ]
          ]
        ]
      },
      "properties": {
        "grid_id": "G019_047",
        "綠地類型": "公園／都市綠地",
        "中心經度": 121.784317,
        "中心緯度": 24.480822,
        "分析面積_km2": 1.04,
        "2020面積_ha": 0.36,
        "2024面積_ha": 0.45,
        "面積減少率_pct": 0.0,
        "2020斑塊數": 1,
        "2024斑塊數": 1,
        "斑塊數增加率_pct": 0.0,
        "2020平均斑塊面積_ha": 1.89,
        "2024平均斑塊面積_ha": 1.98,
        "平均斑塊面積下降率_pct": 0.0,
        "道路切割密度_km_per_km2": 6.949,
        "建成區邊界切割密度_km_per_km2": 0.029,
        "孤立小斑塊比例_pct": 100.0,
        "距大型連續綠地平均距離_m": 2250.6,
        "score_面積減少": 29.87551867219917,
        "score_斑塊增加": 42.531120331950206,
        "score_平均斑塊縮小": 26.970954356846473,
        "score_道路建成區切割": 45.33195020746888,
        "score_孤立比例": 80.29045643153528,
        "score_距大型綠地": 51.45228215767634,
        "綜合破碎化分數": 46.1,
        "破碎化等級": "中",
        "判定原因": "面積減少0.0%；斑塊增加0.0%；平均斑塊縮小0.0%；道路密度6.95 km/km²；孤立比例100.0%；距大型綠地2251m",
        "2021面積_ha": 0.27,
        "2022面積_ha": 0.45,
        "2023面積_ha": 0.36
      }
    },
    {
      "type": "Feature",
      "geometry": {
        "type": "Polygon",
        "coordinates": [
          [
            [
              121.53277300748175,
              24.486433276343423
            ],
            [
              121.53281104160111,
              24.495461880018155
            ],
            [
              121.54267756876047,
              24.49542674523526
            ],
            [
              121.54263883041361,
              24.486398156177383
            ],
            [
              121.53277300748175,
              24.486433276343423
            ]
          ]
        ]
      },
      "properties": {
        "grid_id": "G020_022",
        "綠地類型": "公園／都市綠地",
        "中心經度": 121.537725,
        "中心緯度": 24.49093,
        "分析面積_km2": 1.04,
        "2020面積_ha": 3.33,
        "2024面積_ha": 4.59,
        "面積減少率_pct": 0.0,
        "2020斑塊數": 2,
        "2024斑塊數": 1,
        "斑塊數增加率_pct": 0.0,
        "2020平均斑塊面積_ha": 3.15,
        "2024平均斑塊面積_ha": 7.56,
        "平均斑塊面積下降率_pct": 0.0,
        "道路切割密度_km_per_km2": 2.624,
        "建成區邊界切割密度_km_per_km2": 0.606,
        "孤立小斑塊比例_pct": 0.0,
        "距大型連續綠地平均距離_m": 10986.5,
        "score_面積減少": 29.87551867219917,
        "score_斑塊增加": 42.531120331950206,
        "score_平均斑塊縮小": 26.970954356846473,
        "score_道路建成區切割": 53.941908713692946,
        "score_孤立比例": 20.539419087136928,
        "score_距大型綠地": 97.5103734439834,
        "綜合破碎化分數": 45.2,
        "破碎化等級": "中",
        "判定原因": "面積減少0.0%；斑塊增加0.0%；平均斑塊縮小0.0%；道路密度2.62 km/km²；孤立比例0.0%；距大型綠地10986m",
        "2021面積_ha": 3.96,
        "2022面積_ha": 4.05,
        "2023面積_ha": 3.42
      }
    },
    {
      "type": "Feature",
      "geometry": {
        "type": "Polygon",
        "coordinates": [
          [
            [
              121.53281104160111,
              24.495461880018155
            ],
            [
              121.53284909431024,
              24.504490472844463
            ],
            [
              121.5427163260413,
              24.50445532344268
            ],
            [
              121.54267756876047,
              24.49542674523526
            ],
            [
              121.53281104160111,
              24.495461880018155
            ]
          ]
        ]
      },
      "properties": {
        "grid_id": "G021_022",
        "綠地類型": "公園／都市綠地",
        "中心經度": 121.537764,
        "中心緯度": 24.499959,
        "分析面積_km2": 1.04,
        "2020面積_ha": 3.33,
        "2024面積_ha": 3.33,
        "面積減少率_pct": 0.0,
        "2020斑塊數": 1,
        "2024斑塊數": 1,
        "斑塊數增加率_pct": 0.0,
        "2020平均斑塊面積_ha": 5.58,
        "2024平均斑塊面積_ha": 7.56,
        "平均斑塊面積下降率_pct": 0.0,
        "道路切割密度_km_per_km2": 1.788,
        "建成區邊界切割密度_km_per_km2": 0.0,
        "孤立小斑塊比例_pct": 0.0,
        "距大型連續綠地平均距離_m": 10655.0,
        "score_面積減少": 29.87551867219917,
        "score_斑塊增加": 42.531120331950206,
        "score_平均斑塊縮小": 26.970954356846473,
        "score_道路建成區切割": 12.448132780082986,
        "score_孤立比例": 20.539419087136928,
        "score_距大型綠地": 97.0954356846473,
        "綜合破碎化分數": 38.2,
        "破碎化等級": "低",
        "判定原因": "面積減少0.0%；斑塊增加0.0%；平均斑塊縮小0.0%；道路密度1.79 km/km²；孤立比例0.0%；距大型綠地10655m",
        "2021面積_ha": 3.33,
        "2022面積_ha": 3.33,
        "2023面積_ha": 3.33
      }
    },
    {
      "type": "Feature",
      "geometry": {
        "type": "Polygon",
        "coordinates": [
          [
            [
              121.5920521937124,
              24.504269903744692
            ],
            [
              121.59209449442166,
              24.513298393970732
            ],
            [
              121.60196231222774,
              24.51325935929889
            ],
            [
              121.60191930663984,
              24.504230885303095
            ],
            [
              121.5920521937124,
              24.504269903744692
            ]
          ]
        ]
      },
      "properties": {
        "grid_id": "G022_028",
        "綠地類型": "公園／都市綠地",
        "中心經度": 121.597007,
        "中心緯度": 24.508765,
        "分析面積_km2": 1.04,
        "2020面積_ha": 0.36,
        "2024面積_ha": 0.36,
        "面積減少率_pct": 0.0,
        "2020斑塊數": 1,
        "2024斑塊數": 1,
        "斑塊數增加率_pct": 0.0,
        "2020平均斑塊面積_ha": 0.36,
        "2024平均斑塊面積_ha": 0.36,
        "平均斑塊面積下降率_pct": 0.0,
        "道路切割密度_km_per_km2": 2.826,
        "建成區邊界切割密度_km_per_km2": 0.0,
        "孤立小斑塊比例_pct": 100.0,
        "距大型連續綠地平均距離_m": 11535.5,
        "score_面積減少": 29.87551867219917,
        "score_斑塊增加": 42.531120331950206,
        "score_平均斑塊縮小": 26.970954356846473,
        "score_道路建成區切割": 17.219917012448132,
        "score_孤立比例": 80.29045643153528,
        "score_距大型綠地": 97.9253112033195,
        "綜合破碎化分數": 49.1,
        "破碎化等級": "中",
        "判定原因": "面積減少0.0%；斑塊增加0.0%；平均斑塊縮小0.0%；道路密度2.83 km/km²；孤立比例100.0%；距大型綠地11536m",
        "2021面積_ha": 0.36,
        "2022面積_ha": 0.36,
        "2023面積_ha": 0.36
      }
    },
    {
      "type": "Feature",
      "geometry": {
        "type": "Polygon",
        "coordinates": [
          [
            [
              121.60191930663984,
              24.504230885303095
            ],
            [
              121.60196231222774,
              24.51325935929889
            ],
            [
              121.61183010902162,
              24.51321967953719
            ],
            [
              121.6117863985617,
              24.50419122203985
            ],
            [
              121.60191930663984,
              24.504230885303095
            ]
          ]
        ]
      },
      "properties": {
        "grid_id": "G022_029",
        "綠地類型": "公園／都市綠地",
        "中心經度": 121.606875,
        "中心緯度": 24.508725,
        "分析面積_km2": 1.04,
        "2020面積_ha": 0.36,
        "2024面積_ha": 0.36,
        "面積減少率_pct": 0.0,
        "2020斑塊數": 1,
        "2024斑塊數": 1,
        "斑塊數增加率_pct": 0.0,
        "2020平均斑塊面積_ha": 0.36,
        "2024平均斑塊面積_ha": 0.36,
        "平均斑塊面積下降率_pct": 0.0,
        "道路切割密度_km_per_km2": 2.191,
        "建成區邊界切割密度_km_per_km2": 0.0,
        "孤立小斑塊比例_pct": 100.0,
        "距大型連續綠地平均距離_m": 12460.9,
        "score_面積減少": 29.87551867219917,
        "score_斑塊增加": 42.531120331950206,
        "score_平均斑塊縮小": 26.970954356846473,
        "score_道路建成區切割": 14.83402489626556,
        "score_孤立比例": 80.29045643153528,
        "score_距大型綠地": 98.3402489626556,
        "綜合破碎化分數": 48.8,
        "破碎化等級": "中",
        "判定原因": "面積減少0.0%；斑塊增加0.0%；平均斑塊縮小0.0%；道路密度2.19 km/km²；孤立比例100.0%；距大型綠地12461m",
        "2021面積_ha": 0.36,
        "2022面積_ha": 0.36,
        "2023面積_ha": 0.36
      }
    },
    {
      "type": "Feature",
      "geometry": {
        "type": "Polygon",
        "coordinates": [
          [
            [
              121.6117863985617,
              24.50419122203985
            ],
            [
              121.61183010902162,
              24.51321967953719
            ],
            [
              121.62169788445898,
              24.51317935469111
            ],
            [
              121.62165346913372,
              24.50415091396044
            ],
            [
              121.6117863985617,
              24.50419122203985
            ]
          ]
        ]
      },
      "properties": {
        "grid_id": "G022_030",
        "綠地類型": "公園／都市綠地",
        "中心經度": 121.616742,
        "中心緯度": 24.508685,
        "分析面積_km2": 1.04,
        "2020面積_ha": 0.09,
        "2024面積_ha": 0.09,
        "面積減少率_pct": 0.0,
        "2020斑塊數": 1,
        "2024斑塊數": 1,
        "斑塊數增加率_pct": 0.0,
        "2020平均斑塊面積_ha": 0.09,
        "2024平均斑塊面積_ha": 0.09,
        "平均斑塊面積下降率_pct": 0.0,
        "道路切割密度_km_per_km2": 0.202,
        "建成區邊界切割密度_km_per_km2": 0.0,
        "孤立小斑塊比例_pct": 100.0,
        "距大型連續綠地平均距離_m": 12961.4,
        "score_面積減少": 29.87551867219917,
        "score_斑塊增加": 42.531120331950206,
        "score_平均斑塊縮小": 26.970954356846473,
        "score_道路建成區切割": 9.024896265560164,
        "score_孤立比例": 80.29045643153528,
        "score_距大型綠地": 99.1701244813278,
        "綜合破碎化分數": 48.0,
        "破碎化等級": "中",
        "判定原因": "面積減少0.0%；斑塊增加0.0%；平均斑塊縮小0.0%；道路密度0.20 km/km²；孤立比例100.0%；距大型綠地12961m",
        "2021面積_ha": 0.09,
        "2022面積_ha": 0.09,
        "2023面積_ha": 0.09
      }
    },
    {
      "type": "Feature",
      "geometry": {
        "type": "Polygon",
        "coordinates": [
          [
            [
              121.75979002263281,
              24.50351889842622
            ],
            [
              121.75984430530761,
              24.51254707626324
            ],
            [
              121.76971171907533,
              24.512497075868858
            ],
            [
              121.76965673164887,
              24.503468918821284
            ],
            [
              121.75979002263281,
              24.50351889842622
            ]
          ]
        ]
      },
      "properties": {
        "grid_id": "G022_045",
        "綠地類型": "公園／都市綠地",
        "中心經度": 121.764751,
        "中心緯度": 24.508008,
        "分析面積_km2": 1.04,
        "2020面積_ha": 0.81,
        "2024面積_ha": 2.07,
        "面積減少率_pct": 0.0,
        "2020斑塊數": 2,
        "2024斑塊數": 1,
        "斑塊數增加率_pct": 0.0,
        "2020平均斑塊面積_ha": 0.405,
        "2024平均斑塊面積_ha": 2.07,
        "平均斑塊面積下降率_pct": 0.0,
        "道路切割密度_km_per_km2": 2.336,
        "建成區邊界切割密度_km_per_km2": 0.0,
        "孤立小斑塊比例_pct": 0.0,
        "距大型連續綠地平均距離_m": 5832.8,
        "score_面積減少": 29.87551867219917,
        "score_斑塊增加": 42.531120331950206,
        "score_平均斑塊縮小": 26.970954356846473,
        "score_道路建成區切割": 15.560165975103734,
        "score_孤立比例": 20.539419087136928,
        "score_距大型綠地": 90.04149377593362,
        "綜合破碎化分數": 37.6,
        "破碎化等級": "低",
        "判定原因": "面積減少0.0%；斑塊增加0.0%；平均斑塊縮小0.0%；道路密度2.34 km/km²；孤立比例0.0%；距大型綠地5833m",
        "2021面積_ha": 1.71,
        "2022面積_ha": 1.89,
        "2023面積_ha": 2.07
      }
    },
    {
      "type": "Feature",
      "geometry": {
        "type": "Polygon",
        "coordinates": [
          [
            [
              121.51318791622883,
              24.522616047044558
            ],
            [
              121.51322461351505,
              24.531644635752794
            ],
            [
              121.5230939979091,
              24.531610733811462
            ],
            [
              121.52305659500635,
              24.52258215919159
            ],
            [
              121.51318791622883,
              24.522616047044558
            ]
          ]
        ]
      },
      "properties": {
        "grid_id": "G024_020",
        "綠地類型": "公園／都市綠地",
        "中心經度": 121.518141,
        "中心緯度": 24.527113,
        "分析面積_km2": 1.04,
        "2020面積_ha": 0.36,
        "2024面積_ha": 0.36,
        "面積減少率_pct": 0.0,
        "2020斑塊數": 1,
        "2024斑塊數": 1,
        "斑塊數增加率_pct": 0.0,
        "2020平均斑塊面積_ha": 0.36,
        "2024平均斑塊面積_ha": 0.36,
        "平均斑塊面積下降率_pct": 0.0,
        "道路切割密度_km_per_km2": 5.536,
        "建成區邊界切割密度_km_per_km2": 0.0,
        "孤立小斑塊比例_pct": 100.0,
        "距大型連續綠地平均距離_m": 7095.2,
        "score_面積減少": 29.87551867219917,
        "score_斑塊增加": 42.531120331950206,
        "score_平均斑塊縮小": 26.970954356846473,
        "score_道路建成區切割": 28.008298755186722,
        "score_孤立比例": 80.29045643153528,
        "score_距大型綠地": 94.6058091286307,
        "綜合破碎化分數": 50.4,
        "破碎化等級": "中",
        "判定原因": "面積減少0.0%；斑塊增加0.0%；平均斑塊縮小0.0%；道路密度5.54 km/km²；孤立比例100.0%；距大型綠地7095m",
        "2021面積_ha": 0.36,
        "2022面積_ha": 0.36,
        "2023面積_ha": 0.36
      }
    },
    {
      "type": "Feature",
      "geometry": {
        "type": "Polygon",
        "coordinates": [
          [
            [
              121.8289748701362,
              24.52121154482003
            ],
            [
              121.82903414376385,
              24.530239549633826
            ],
            [
              121.83890277265435,
              24.53018498915406
            ],
            [
              121.83884279364773,
              24.52115700701304
            ],
            [
              121.8289748701362,
              24.52121154482003
            ]
          ]
        ]
      },
      "properties": {
        "grid_id": "G024_052",
        "綠地類型": "公園／都市綠地",
        "中心經度": 121.833939,
        "中心緯度": 24.525698,
        "分析面積_km2": 1.04,
        "2020面積_ha": 0.0,
        "2024面積_ha": 0.27,
        "面積減少率_pct": 0.0,
        "2020斑塊數": 0,
        "2024斑塊數": 1,
        "斑塊數增加率_pct": 100.0,
        "2020平均斑塊面積_ha": 0.0,
        "2024平均斑塊面積_ha": 0.27,
        "平均斑塊面積下降率_pct": 0.0,
        "道路切割密度_km_per_km2": 8.506,
        "建成區邊界切割密度_km_per_km2": 0.087,
        "孤立小斑塊比例_pct": 100.0,
        "距大型連續綠地平均距離_m": 8305.9,
        "score_面積減少": 29.87551867219917,
        "score_斑塊增加": 95.0207468879668,
        "score_平均斑塊縮小": 26.970954356846473,
        "score_道路建成區切割": 59.5435684647303,
        "score_孤立比例": 80.29045643153528,
        "score_距大型綠地": 95.850622406639,
        "綜合破碎化分數": 64.6,
        "破碎化等級": "高",
        "判定原因": "面積減少0.0%；斑塊增加100.0%；平均斑塊縮小0.0%；道路密度8.51 km/km²；孤立比例100.0%；距大型綠地8306m",
        "2021面積_ha": 0.18,
        "2022面積_ha": 0.0,
        "2023面積_ha": 0.0
      }
    },
    {
      "type": "Feature",
      "geometry": {
        "type": "Polygon",
        "coordinates": [
          [
            [
              121.5230939979091,
              24.531610733811462
            ],
            [
              121.52313141908036,
              24.540639297573016
            ],
            [
              121.53300149116126,
              24.54060473560598
            ],
            [
              121.53296336403461,
              24.531576186203097
            ],
            [
              121.5230939979091,
              24.531610733811462
            ]
          ]
        ]
      },
      "properties": {
        "grid_id": "G025_021",
        "綠地類型": "公園／都市綠地",
        "中心經度": 121.528048,
        "中心緯度": 24.536108,
        "分析面積_km2": 1.04,
        "2020面積_ha": 4.41,
        "2024面積_ha": 4.41,
        "面積減少率_pct": 0.0,
        "2020斑塊數": 1,
        "2024斑塊數": 1,
        "斑塊數增加率_pct": 0.0,
        "2020平均斑塊面積_ha": 4.41,
        "2024平均斑塊面積_ha": 4.41,
        "平均斑塊面積下降率_pct": 0.0,
        "道路切割密度_km_per_km2": 1.99,
        "建成區邊界切割密度_km_per_km2": 0.0,
        "孤立小斑塊比例_pct": 0.0,
        "距大型連續綠地平均距離_m": 6284.2,
        "score_面積減少": 29.87551867219917,
        "score_斑塊增加": 42.531120331950206,
        "score_平均斑塊縮小": 26.970954356846473,
        "score_道路建成區切割": 13.485477178423235,
        "score_孤立比例": 20.539419087136928,
        "score_距大型綠地": 91.28630705394191,
        "綜合破碎化分數": 37.4,
        "破碎化等級": "低",
        "判定原因": "面積減少0.0%；斑塊增加0.0%；平均斑塊縮小0.0%；道路密度1.99 km/km²；孤立比例0.0%；距大型綠地6284m",
        "2021面積_ha": 4.41,
        "2022面積_ha": 4.41,
        "2023面積_ha": 4.41
      }
    },
    {
      "type": "Feature",
      "geometry": {
        "type": "Polygon",
        "coordinates": [
          [
            [
              121.50339122044045,
              24.54070648369627
            ],
            [
              121.50342724726862,
              24.549735064512724
            ],
            [
              121.51329806186486,
              24.54970178059723
            ],
            [
              121.51326132872518,
              24.540673213604673
            ],
            [
              121.50339122044045,
              24.54070648369627
            ]
          ]
        ]
      },
      "properties": {
        "grid_id": "G026_019",
        "綠地類型": "公園／都市綠地",
        "中心經度": 121.508344,
        "中心緯度": 24.545204,
        "分析面積_km2": 1.04,
        "2020面積_ha": 3.24,
        "2024面積_ha": 3.51,
        "面積減少率_pct": 0.0,
        "2020斑塊數": 2,
        "2024斑塊數": 2,
        "斑塊數增加率_pct": 0.0,
        "2020平均斑塊面積_ha": 1.935,
        "2024平均斑塊面積_ha": 2.07,
        "平均斑塊面積下降率_pct": 0.0,
        "道路切割密度_km_per_km2": 5.882,
        "建成區邊界切割密度_km_per_km2": 0.0,
        "孤立小斑塊比例_pct": 35.9,
        "距大型連續綠地平均距離_m": 5416.8,
        "score_面積減少": 29.87551867219917,
        "score_斑塊增加": 42.531120331950206,
        "score_平均斑塊縮小": 26.970954356846473,
        "score_道路建成區切割": 30.186721991701244,
        "score_孤立比例": 56.016597510373444,
        "score_距大型綠地": 88.38174273858921,
        "綜合破碎化分數": 45.7,
        "破碎化等級": "中",
        "判定原因": "面積減少0.0%；斑塊增加0.0%；平均斑塊縮小0.0%；道路密度5.88 km/km²；孤立比例35.9%；距大型綠地5417m",
        "2021面積_ha": 3.6,
        "2022面積_ha": 3.42,
        "2023面積_ha": 3.51
      }
    },
    {
      "type": "Feature",
      "geometry": {
        "type": "Polygon",
        "coordinates": [
          [
            [
              121.51326132872518,
              24.540673213604673
            ],
            [
              121.51329806186486,
              24.54970178059723
            ],
            [
              121.52316885852588,
              24.549667850473288
            ],
            [
              121.52313141908036,
              24.540639297573016
            ],
            [
              121.51326132872518,
              24.540673213604673
            ]
          ]
        ]
      },
      "properties": {
        "grid_id": "G026_020",
        "綠地類型": "公園／都市綠地",
        "中心經度": 121.518215,
        "中心緯度": 24.545171,
        "分析面積_km2": 1.04,
        "2020面積_ha": 1.26,
        "2024面積_ha": 1.26,
        "面積減少率_pct": 0.0,
        "2020斑塊數": 1,
        "2024斑塊數": 1,
        "斑塊數增加率_pct": 0.0,
        "2020平均斑塊面積_ha": 1.89,
        "2024平均斑塊面積_ha": 1.89,
        "平均斑塊面積下降率_pct": 0.0,
        "道路切割密度_km_per_km2": 0.202,
        "建成區邊界切割密度_km_per_km2": 0.0,
        "孤立小斑塊比例_pct": 100.0,
        "距大型連續綠地平均距離_m": 5554.2,
        "score_面積減少": 29.87551867219917,
        "score_斑塊增加": 42.531120331950206,
        "score_平均斑塊縮小": 26.970954356846473,
        "score_道路建成區切割": 9.024896265560164,
        "score_孤立比例": 80.29045643153528,
        "score_距大型綠地": 89.21161825726142,
        "綜合破碎化分數": 46.3,
        "破碎化等級": "中",
        "判定原因": "面積減少0.0%；斑塊增加0.0%；平均斑塊縮小0.0%；道路密度0.20 km/km²；孤立比例100.0%；距大型綠地5554m",
        "2021面積_ha": 1.26,
        "2022面積_ha": 1.26,
        "2023面積_ha": 1.26
      }
    },
    {
      "type": "Feature",
      "geometry": {
        "type": "Polygon",
        "coordinates": [
          [
            [
              121.47381469931723,
              24.549831038963084
            ],
            [
              121.4738486237339,
              24.55885964878609
            ],
            [
              121.48372019673927,
              24.558828290502575
            ],
            [
              121.48368556564996,
              24.549799693700113
            ],
            [
              121.47381469931723,
              24.549831038963084
            ]
          ]
        ]
      },
      "properties": {
        "grid_id": "G027_016",
        "綠地類型": "公園／都市綠地",
        "中心經度": 121.478767,
        "中心緯度": 24.55433,
        "分析面積_km2": 1.04,
        "2020面積_ha": 1.8,
        "2024面積_ha": 1.8,
        "面積減少率_pct": 0.0,
        "2020斑塊數": 2,
        "2024斑塊數": 2,
        "斑塊數增加率_pct": 0.0,
        "2020平均斑塊面積_ha": 2.07,
        "2024平均斑塊面積_ha": 1.98,
        "平均斑塊面積下降率_pct": 4.35,
        "道路切割密度_km_per_km2": 3.287,
        "建成區邊界切割密度_km_per_km2": 0.058,
        "孤立小斑塊比例_pct": 80.0,
        "距大型連續綠地平均距離_m": 5134.1,
        "score_面積減少": 29.87551867219917,
        "score_斑塊增加": 42.531120331950206,
        "score_平均斑塊縮小": 61.41078838174274,
        "score_道路建成區切割": 32.88381742738589,
        "score_孤立比例": 59.75103734439834,
        "score_距大型綠地": 87.55186721991701,
        "綜合破碎化分數": 52.3,
        "破碎化等級": "中",
        "判定原因": "面積減少0.0%；斑塊增加0.0%；平均斑塊縮小4.3%；道路密度3.29 km/km²；孤立比例80.0%；距大型綠地5134m",
        "2021面積_ha": 1.98,
        "2022面積_ha": 1.89,
        "2023面積_ha": 1.8
      }
    },
    {
      "type": "Feature",
      "geometry": {
        "type": "Polygon",
        "coordinates": [
          [
            [
              121.4738486237339,
              24.55885964878609
            ],
            [
              121.47388256471159,
              24.567888247751313
            ],
            [
              121.48375484473455,
              24.567856876445447
            ],
            [
              121.48372019673927,
              24.558828290502575
            ],
            [
              121.4738486237339,
              24.55885964878609
            ]
          ]
        ]
      },
      "properties": {
        "grid_id": "G028_016",
        "綠地類型": "公園／都市綠地",
        "中心經度": 121.478802,
        "中心緯度": 24.563358,
        "分析面積_km2": 1.04,
        "2020面積_ha": 2.52,
        "2024面積_ha": 2.34,
        "面積減少率_pct": 7.14,
        "2020斑塊數": 1,
        "2024斑塊數": 1,
        "斑塊數增加率_pct": 0.0,
        "2020平均斑塊面積_ha": 2.7,
        "2024平均斑塊面積_ha": 2.52,
        "平均斑塊面積下降率_pct": 6.67,
        "道路切割密度_km_per_km2": 2.566,
        "建成區邊界切割密度_km_per_km2": 0.0,
        "孤立小斑塊比例_pct": 0.0,
        "距大型連續綠地平均距離_m": 4847.1,
        "score_面積減少": 67.63485477178423,
        "score_斑塊增加": 42.531120331950206,
        "score_平均斑塊縮小": 63.27800829875518,
        "score_道路建成區切割": 16.07883817427386,
        "score_孤立比例": 20.539419087136928,
        "score_距大型綠地": 86.72199170124482,
        "綜合破碎化分數": 49.5,
        "破碎化等級": "中",
        "判定原因": "面積減少7.1%；斑塊增加0.0%；平均斑塊縮小6.7%；道路密度2.57 km/km²；孤立比例0.0%；距大型綠地4847m",
        "2021面積_ha": 2.52,
        "2022面積_ha": 2.43,
        "2023面積_ha": 2.34
      }
    },
    {
      "type": "Feature",
      "geometry": {
        "type": "Polygon",
        "coordinates": [
          [
            [
              121.47388256471159,
              24.567888247751313
            ],
            [
              121.47391652225546,
              24.576916835855805
            ],
            [
              121.48378950964111,
              24.576885451525776
            ],
            [
              121.48375484473455,
              24.567856876445447
            ],
            [
              121.47388256471159,
              24.567888247751313
            ]
          ]
        ]
      },
      "properties": {
        "grid_id": "G029_016",
        "綠地類型": "公園／都市綠地",
        "中心經度": 121.478836,
        "中心緯度": 24.572387,
        "分析面積_km2": 1.04,
        "2020面積_ha": 0.54,
        "2024面積_ha": 0.09,
        "面積減少率_pct": 83.33,
        "2020斑塊數": 1,
        "2024斑塊數": 1,
        "斑塊數增加率_pct": 0.0,
        "2020平均斑塊面積_ha": 0.54,
        "2024平均斑塊面積_ha": 0.09,
        "平均斑塊面積下降率_pct": 83.33,
        "道路切割密度_km_per_km2": 3.806,
        "建成區邊界切割密度_km_per_km2": 0.029,
        "孤立小斑塊比例_pct": 100.0,
        "距大型連續綠地平均距離_m": 4236.3,
        "score_面積減少": 92.5311203319502,
        "score_斑塊增加": 42.531120331950206,
        "score_平均斑塊縮小": 92.73858921161826,
        "score_道路建成區切割": 30.601659751037346,
        "score_孤立比例": 80.29045643153528,
        "score_距大型綠地": 81.95020746887967,
        "綜合破碎化分數": 70.1,
        "破碎化等級": "高",
        "判定原因": "面積減少83.3%；斑塊增加0.0%；平均斑塊縮小83.3%；道路密度3.81 km/km²；孤立比例100.0%；距大型綠地4236m",
        "2021面積_ha": 0.54,
        "2022面積_ha": 0.36,
        "2023面積_ha": 0.09
      }
    },
    {
      "type": "Feature",
      "geometry": {
        "type": "Polygon",
        "coordinates": [
          [
            [
              121.49362710784624,
              24.567824858380735
            ],
            [
              121.49366248011015,
              24.576853420168394
            ],
            [
              121.50353543331738,
              24.57682074178808
            ],
            [
              121.50349935370154,
              24.567792193561594
            ],
            [
              121.49362710784624,
              24.567824858380735
            ]
          ]
        ]
      },
      "properties": {
        "grid_id": "G029_018",
        "綠地類型": "公園／都市綠地",
        "中心經度": 121.498581,
        "中心緯度": 24.572323,
        "分析面積_km2": 1.04,
        "2020面積_ha": 2.7,
        "2024面積_ha": 3.87,
        "面積減少率_pct": 0.0,
        "2020斑塊數": 1,
        "2024斑塊數": 1,
        "斑塊數增加率_pct": 0.0,
        "2020平均斑塊面積_ha": 2.7,
        "2024平均斑塊面積_ha": 3.87,
        "平均斑塊面積下降率_pct": 0.0,
        "道路切割密度_km_per_km2": 4.095,
        "建成區邊界切割密度_km_per_km2": 0.029,
        "孤立小斑塊比例_pct": 0.0,
        "距大型連續綠地平均距離_m": 3121.5,
        "score_面積減少": 29.87551867219917,
        "score_斑塊增加": 42.531120331950206,
        "score_平均斑塊縮小": 26.970954356846473,
        "score_道路建成區切割": 32.053941908713696,
        "score_孤立比例": 20.539419087136928,
        "score_距大型綠地": 71.36929460580913,
        "綜合破碎化分數": 37.2,
        "破碎化等級": "低",
        "判定原因": "面積減少0.0%；斑塊增加0.0%；平均斑塊縮小0.0%；道路密度4.09 km/km²；孤立比例0.0%；距大型綠地3122m",
        "2021面積_ha": 3.87,
        "2022面積_ha": 3.87,
        "2023面積_ha": 3.87
      }
    },
    {
      "type": "Feature",
      "geometry": {
        "type": "Polygon",
        "coordinates": [
          [
            [
              121.4245513436594,
              24.57706405194717
            ],
            [
              121.42458177915925,
              24.586092690289686
            ],
            [
              121.43445555368311,
              24.58606452947637
            ],
            [
              121.43442441045036,
              24.577035902817098
            ],
            [
              121.4245513436594,
              24.57706405194717
            ]
          ]
        ]
      },
      "properties": {
        "grid_id": "G030_011",
        "綠地類型": "公園／都市綠地",
        "中心經度": 121.429503,
        "中心緯度": 24.581564,
        "分析面積_km2": 1.04,
        "2020面積_ha": 1.08,
        "2024面積_ha": 1.08,
        "面積減少率_pct": 0.0,
        "2020斑塊數": 1,
        "2024斑塊數": 1,
        "斑塊數增加率_pct": 0.0,
        "2020平均斑塊面積_ha": 20.97,
        "2024平均斑塊面積_ha": 20.97,
        "平均斑塊面積下降率_pct": 0.0,
        "道路切割密度_km_per_km2": 0.0,
        "建成區邊界切割密度_km_per_km2": 0.0,
        "孤立小斑塊比例_pct": 0.0,
        "距大型連續綠地平均距離_m": 0.0,
        "score_面積減少": 29.87551867219917,
        "score_斑塊增加": 42.531120331950206,
        "score_平均斑塊縮小": 26.970954356846473,
        "score_道路建成區切割": 8.609958506224066,
        "score_孤立比例": 20.539419087136928,
        "score_距大型綠地": 9.95850622406639,
        "綜合破碎化分數": 23.1,
        "破碎化等級": "低",
        "判定原因": "面積減少0.0%；斑塊增加0.0%；平均斑塊縮小0.0%；道路密度0.00 km/km²；孤立比例0.0%；距大型綠地0m",
        "2021面積_ha": 1.08,
        "2022面積_ha": 1.08,
        "2023面積_ha": 1.08
      }
    },
    {
      "type": "Feature",
      "geometry": {
        "type": "Polygon",
        "coordinates": [
          [
            [
              121.43442441045036,
              24.577035902817098
            ],
            [
              121.43445555368311,
              24.58606452947637
            ],
            [
              121.44432931301148,
              24.586035721346388
            ],
            [
              121.44429746205066,
              24.577007106638906
            ],
            [
              121.43442441045036,
              24.577035902817098
            ]
          ]
        ]
      },
      "properties": {
        "grid_id": "G030_012",
        "綠地類型": "公園／都市綠地",
        "中心經度": 121.439377,
        "中心緯度": 24.581536,
        "分析面積_km2": 1.04,
        "2020面積_ha": 3.78,
        "2024面積_ha": 3.78,
        "面積減少率_pct": 0.0,
        "2020斑塊數": 1,
        "2024斑塊數": 1,
        "斑塊數增加率_pct": 0.0,
        "2020平均斑塊面積_ha": 20.97,
        "2024平均斑塊面積_ha": 20.97,
        "平均斑塊面積下降率_pct": 0.0,
        "道路切割密度_km_per_km2": 0.461,
        "建成區邊界切割密度_km_per_km2": 0.0,
        "孤立小斑塊比例_pct": 0.0,
        "距大型連續綠地平均距離_m": 0.0,
        "score_面積減少": 29.87551867219917,
        "score_斑塊增加": 42.531120331950206,
        "score_平均斑塊縮小": 26.970954356846473,
        "score_道路建成區切割": 9.543568464730289,
        "score_孤立比例": 20.539419087136928,
        "score_距大型綠地": 9.95850622406639,
        "綜合破碎化分數": 23.2,
        "破碎化等級": "低",
        "判定原因": "面積減少0.0%；斑塊增加0.0%；平均斑塊縮小0.0%；道路密度0.46 km/km²；孤立比例0.0%；距大型綠地0m",
        "2021面積_ha": 3.78,
        "2022面積_ha": 3.78,
        "2023面積_ha": 3.78
      }
    },
    {
      "type": "Feature",
      "geometry": {
        "type": "Polygon",
        "coordinates": [
          [
            [
              121.47391652225546,
              24.576916835855805
            ],
            [
              121.47395049637082,
              24.58594541309661
            ],
            [
              121.48382419146431,
              24.5859140157406
            ],
            [
              121.48378950964111,
              24.576885451525776
            ],
            [
              121.47391652225546,
              24.576916835855805
            ]
          ]
        ]
      },
      "properties": {
        "grid_id": "G030_016",
        "綠地類型": "公園／都市綠地",
        "中心經度": 121.47887,
        "中心緯度": 24.581416,
        "分析面積_km2": 1.04,
        "2020面積_ha": 0.09,
        "2024面積_ha": 0.09,
        "面積減少率_pct": 0.0,
        "2020斑塊數": 1,
        "2024斑塊數": 1,
        "斑塊數增加率_pct": 0.0,
        "2020平均斑塊面積_ha": 0.54,
        "2024平均斑塊面積_ha": 0.09,
        "平均斑塊面積下降率_pct": 83.33,
        "道路切割密度_km_per_km2": 0.779,
        "建成區邊界切割密度_km_per_km2": 0.029,
        "孤立小斑塊比例_pct": 100.0,
        "距大型連續綠地平均距離_m": 4236.3,
        "score_面積減少": 29.87551867219917,
        "score_斑塊增加": 42.531120331950206,
        "score_平均斑塊縮小": 92.73858921161826,
        "score_道路建成區切割": 20.53941908713693,
        "score_孤立比例": 80.29045643153528,
        "score_距大型綠地": 81.95020746887967,
        "綜合破碎化分數": 58.0,
        "破碎化等級": "高",
        "判定原因": "面積減少0.0%；斑塊增加0.0%；平均斑塊縮小83.3%；道路密度0.78 km/km²；孤立比例100.0%；距大型綠地4236m",
        "2021面積_ha": 0.09,
        "2022面積_ha": 0.09,
        "2023面積_ha": 0.09
      }
    },
    {
      "type": "Feature",
      "geometry": {
        "type": "Polygon",
        "coordinates": [
          [
            [
              121.48378950964111,
              24.576885451525776
            ],
            [
              121.48382419146431,
              24.5859140157406
            ],
            [
              121.49369786963588,
              24.585881971088703
            ],
            [
              121.49366248011015,
              24.576853420168394
            ],
            [
              121.48378950964111,
              24.576885451525776
            ]
          ]
        ]
      },
      "properties": {
        "grid_id": "G030_017",
        "綠地類型": "公園／都市綠地",
        "中心經度": 121.488744,
        "中心緯度": 24.581384,
        "分析面積_km2": 1.04,
        "2020面積_ha": 3.06,
        "2024面積_ha": 3.24,
        "面積減少率_pct": 0.0,
        "2020斑塊數": 1,
        "2024斑塊數": 1,
        "斑塊數增加率_pct": 0.0,
        "2020平均斑塊面積_ha": 4.95,
        "2024平均斑塊面積_ha": 5.13,
        "平均斑塊面積下降率_pct": 0.0,
        "道路切割密度_km_per_km2": 4.441,
        "建成區邊界切割密度_km_per_km2": 0.0,
        "孤立小斑塊比例_pct": 0.0,
        "距大型連續綠地平均距離_m": 2986.8,
        "score_面積減少": 29.87551867219917,
        "score_斑塊增加": 42.531120331950206,
        "score_平均斑塊縮小": 26.970954356846473,
        "score_道路建成區切割": 23.443983402489625,
        "score_孤立比例": 20.539419087136928,
        "score_距大型綠地": 65.56016597510373,
        "綜合破碎化分數": 34.8,
        "破碎化等級": "低",
        "判定原因": "面積減少0.0%；斑塊增加0.0%；平均斑塊縮小0.0%；道路密度4.44 km/km²；孤立比例0.0%；距大型綠地2987m",
        "2021面積_ha": 2.79,
        "2022面積_ha": 2.88,
        "2023面積_ha": 3.15
      }
    },
    {
      "type": "Feature",
      "geometry": {
        "type": "Polygon",
        "coordinates": [
          [
            [
              121.49366248011015,
              24.576853420168394
            ],
            [
              121.49369786963588,
              24.585881971088703
            ],
            [
              121.50357153054019,
              24.585849279145332
            ],
            [
              121.50353543331738,
              24.57682074178808
            ],
            [
              121.49366248011015,
              24.576853420168394
            ]
          ]
        ]
      },
      "properties": {
        "grid_id": "G030_018",
        "綠地類型": "公園／都市綠地",
        "中心經度": 121.498617,
        "中心緯度": 24.581351,
        "分析面積_km2": 1.04,
        "2020面積_ha": 3.69,
        "2024面積_ha": 3.69,
        "面積減少率_pct": 0.0,
        "2020斑塊數": 2,
        "2024斑塊數": 2,
        "斑塊數增加率_pct": 0.0,
        "2020平均斑塊面積_ha": 3.375,
        "2024平均斑塊面積_ha": 3.465,
        "平均斑塊面積下降率_pct": 0.0,
        "道路切割密度_km_per_km2": 3.143,
        "建成區邊界切割密度_km_per_km2": 0.0,
        "孤立小斑塊比例_pct": 48.78,
        "距大型連續綠地平均距離_m": 2619.6,
        "score_面積減少": 29.87551867219917,
        "score_斑塊增加": 42.531120331950206,
        "score_平均斑塊縮小": 26.970954356846473,
        "score_道路建成區切割": 17.634854771784234,
        "score_孤立比例": 58.09128630705395,
        "score_距大型綠地": 56.84647302904564,
        "綜合破碎化分數": 38.7,
        "破碎化等級": "低",
        "判定原因": "面積減少0.0%；斑塊增加0.0%；平均斑塊縮小0.0%；道路密度3.14 km/km²；孤立比例48.8%；距大型綠地2620m",
        "2021面積_ha": 3.69,
        "2022面積_ha": 3.42,
        "2023面積_ha": 3.69
      }
    },
    {
      "type": "Feature",
      "geometry": {
        "type": "Polygon",
        "coordinates": [
          [
            [
              121.85894734082709,
              24.57521344747967
            ],
            [
              121.85900891060392,
              24.58424131774309
            ],
            [
              121.86888168992178,
              24.584184679942528
            ],
            [
              121.86881941272563,
              24.575156833176095
            ],
            [
              121.85894734082709,
              24.57521344747967
            ]
          ]
        ]
      },
      "properties": {
        "grid_id": "G030_055",
        "綠地類型": "公園／都市綠地",
        "中心經度": 121.863914,
        "中心緯度": 24.579699,
        "分析面積_km2": 1.04,
        "2020面積_ha": 2.52,
        "2024面積_ha": 2.52,
        "面積減少率_pct": 0.0,
        "2020斑塊數": 1,
        "2024斑塊數": 1,
        "斑塊數增加率_pct": 0.0,
        "2020平均斑塊面積_ha": 2.52,
        "2024平均斑塊面積_ha": 2.52,
        "平均斑塊面積下降率_pct": 0.0,
        "道路切割密度_km_per_km2": 12.082,
        "建成區邊界切割密度_km_per_km2": 0.0,
        "孤立小斑塊比例_pct": 0.0,
        "距大型連續綠地平均距離_m": 5746.6,
        "score_面積減少": 29.87551867219917,
        "score_斑塊增加": 42.531120331950206,
        "score_平均斑塊縮小": 26.970954356846473,
        "score_道路建成區切割": 50.62240663900415,
        "score_孤立比例": 20.539419087136928,
        "score_距大型綠地": 89.62655601659752,
        "綜合破碎化分數": 43.4,
        "破碎化等級": "低",
        "判定原因": "面積減少0.0%；斑塊增加0.0%；平均斑塊縮小0.0%；道路密度12.08 km/km²；孤立比例0.0%；距大型綠地5747m",
        "2021面積_ha": 2.52,
        "2022面積_ha": 2.52,
        "2023面積_ha": 2.43
      }
    },
    {
      "type": "Feature",
      "geometry": {
        "type": "Polygon",
        "coordinates": [
          [
            [
              121.41473773205237,
              24.5951488426831
            ],
            [
              121.41470798978526,
              24.586120203782432
            ],
            [
              121.40556087873343,
              24.58614511472203
            ],
            [
              121.4051706,
              24.586750099999993
            ],
            [
              121.4048380968245,
              24.587363490814063
            ],
            [
              121.40486022900227,
              24.594245797813198
            ],
            [
              121.4049561,
              24.5943682
            ],
            [
              121.4053495,
              24.594798000000004
            ],
            [
              121.40584180646098,
              24.59517308530732
            ],
            [
              121.41473773205237,
              24.5951488426831
            ]
          ]
        ]
      },
      "properties": {
        "grid_id": "G031_009",
        "綠地類型": "公園／都市綠地",
        "中心經度": 121.409786,
        "中心緯度": 24.590791,
        "分析面積_km2": 1.029,
        "2020面積_ha": 0.9,
        "2024面積_ha": 0.9,
        "面積減少率_pct": 0.0,
        "2020斑塊數": 1,
        "2024斑塊數": 1,
        "斑塊數增加率_pct": 0.0,
        "2020平均斑塊面積_ha": 0.9,
        "2024平均斑塊面積_ha": 0.9,
        "平均斑塊面積下降率_pct": 0.0,
        "道路切割密度_km_per_km2": 1.662,
        "建成區邊界切割密度_km_per_km2": 0.0,
        "孤立小斑塊比例_pct": 100.0,
        "距大型連續綠地平均距離_m": 2241.4,
        "score_面積減少": 29.87551867219917,
        "score_斑塊增加": 42.531120331950206,
        "score_平均斑塊縮小": 26.970954356846473,
        "score_道路建成區切割": 12.033195020746888,
        "score_孤立比例": 80.29045643153528,
        "score_距大型綠地": 51.037344398340245,
        "綜合破碎化分數": 40.5,
        "破碎化等級": "低",
        "判定原因": "面積減少0.0%；斑塊增加0.0%；平均斑塊縮小0.0%；道路密度1.66 km/km²；孤立比例100.0%；距大型綠地2241m",
        "2021面積_ha": 0.9,
        "2022面積_ha": 0.9,
        "2023面積_ha": 0.9
      }
    },
    {
      "type": "Feature",
      "geometry": {
        "type": "Polygon",
        "coordinates": [
          [
            [
              121.42458177915925,
              24.586092690289686
            ],
            [
              121.42461222950928,
              24.595121317774066
            ],
            [
              121.43448671211131,
              24.595093145275886
            ],
            [
              121.43445555368311,
              24.58606452947637
            ],
            [
              121.42458177915925,
              24.586092690289686
            ]
          ]
        ]
      },
      "properties": {
        "grid_id": "G031_011",
        "綠地類型": "公園／都市綠地",
        "中心經度": 121.429534,
        "中心緯度": 24.590593,
        "分析面積_km2": 1.04,
        "2020面積_ha": 1.26,
        "2024面積_ha": 1.26,
        "面積減少率_pct": 0.0,
        "2020斑塊數": 1,
        "2024斑塊數": 1,
        "斑塊數增加率_pct": 0.0,
        "2020平均斑塊面積_ha": 20.97,
        "2024平均斑塊面積_ha": 20.97,
        "平均斑塊面積下降率_pct": 0.0,
        "道路切割密度_km_per_km2": 2.018,
        "建成區邊界切割密度_km_per_km2": 0.0,
        "孤立小斑塊比例_pct": 0.0,
        "距大型連續綠地平均距離_m": 0.0,
        "score_面積減少": 29.87551867219917,
        "score_斑塊增加": 42.531120331950206,
        "score_平均斑塊縮小": 26.970954356846473,
        "score_道路建成區切割": 13.692946058091286,
        "score_孤立比例": 20.539419087136928,
        "score_距大型綠地": 9.95850622406639,
        "綜合破碎化分數": 23.9,
        "破碎化等級": "低",
        "判定原因": "面積減少0.0%；斑塊增加0.0%；平均斑塊縮小0.0%；道路密度2.02 km/km²；孤立比例0.0%；距大型綠地0m",
        "2021面積_ha": 1.26,
        "2022面積_ha": 1.26,
        "2023面積_ha": 1.26
      }
    },
    {
      "type": "Feature",
      "geometry": {
        "type": "Polygon",
        "coordinates": [
          [
            [
              121.43445555368311,
              24.58606452947637
            ],
            [
              121.43448671211131,
              24.595093145275886
            ],
            [
              121.4443611795131,
              24.59506432519244
            ],
            [
              121.44432931301148,
              24.586035721346388
            ],
            [
              121.43445555368311,
              24.58606452947637
            ]
          ]
        ]
      },
      "properties": {
        "grid_id": "G031_012",
        "綠地類型": "公園／都市綠地",
        "中心經度": 121.439408,
        "中心緯度": 24.590565,
        "分析面積_km2": 1.04,
        "2020面積_ha": 15.66,
        "2024面積_ha": 15.66,
        "面積減少率_pct": 0.0,
        "2020斑塊數": 1,
        "2024斑塊數": 1,
        "斑塊數增加率_pct": 0.0,
        "2020平均斑塊面積_ha": 20.97,
        "2024平均斑塊面積_ha": 20.97,
        "平均斑塊面積下降率_pct": 0.0,
        "道路切割密度_km_per_km2": 4.21,
        "建成區邊界切割密度_km_per_km2": 0.0,
        "孤立小斑塊比例_pct": 0.0,
        "距大型連續綠地平均距離_m": 0.0,
        "score_面積減少": 29.87551867219917,
        "score_斑塊增加": 42.531120331950206,
        "score_平均斑塊縮小": 26.970954356846473,
        "score_道路建成區切割": 22.406639004149376,
        "score_孤立比例": 20.539419087136928,
        "score_距大型綠地": 9.95850622406639,
        "綜合破碎化分數": 25.4,
        "破碎化等級": "低",
        "判定原因": "面積減少0.0%；斑塊增加0.0%；平均斑塊縮小0.0%；道路密度4.21 km/km²；孤立比例0.0%；距大型綠地0m",
        "2021面積_ha": 15.66,
        "2022面積_ha": 15.66,
        "2023面積_ha": 15.66
      }
    },
    {
      "type": "Feature",
      "geometry": {
        "type": "Polygon",
        "coordinates": [
          [
            [
              121.49369786963588,
              24.585881971088703
            ],
            [
              121.49373327642883,
              24.5949105111387
            ],
            [
              121.50360764537552,
              24.594877805630393
            ],
            [
              121.50357153054019,
              24.585849279145332
            ],
            [
              121.49369786963588,
              24.585881971088703
            ]
          ]
        ]
      },
      "properties": {
        "grid_id": "G031_018",
        "綠地類型": "公園／都市綠地",
        "中心經度": 121.498653,
        "中心緯度": 24.59038,
        "分析面積_km2": 1.04,
        "2020面積_ha": 0.36,
        "2024面積_ha": 0.36,
        "面積減少率_pct": 0.0,
        "2020斑塊數": 1,
        "2024斑塊數": 1,
        "斑塊數增加率_pct": 0.0,
        "2020平均斑塊面積_ha": 2.07,
        "2024平均斑塊面積_ha": 2.07,
        "平均斑塊面積下降率_pct": 0.0,
        "道路切割密度_km_per_km2": 0.606,
        "建成區邊界切割密度_km_per_km2": 0.0,
        "孤立小斑塊比例_pct": 0.0,
        "距大型連續綠地平均距離_m": 1691.9,
        "score_面積減少": 29.87551867219917,
        "score_斑塊增加": 42.531120331950206,
        "score_平均斑塊縮小": 26.970954356846473,
        "score_道路建成區切割": 9.854771784232364,
        "score_孤立比例": 20.539419087136928,
        "score_距大型綠地": 46.058091286307054,
        "綜合破碎化分數": 29.3,
        "破碎化等級": "低",
        "判定原因": "面積減少0.0%；斑塊增加0.0%；平均斑塊縮小0.0%；道路密度0.61 km/km²；孤立比例0.0%；距大型綠地1692m",
        "2021面積_ha": 0.36,
        "2022面積_ha": 0.36,
        "2023面積_ha": 0.36
      }
    },
    {
      "type": "Feature",
      "geometry": {
        "type": "Polygon",
        "coordinates": [
          [
            [
              121.50357153054019,
              24.585849279145332
            ],
            [
              121.50360764537552,
              24.594877805630393
            ],
            [
              121.51348199670413,
              24.594844452566548
            ],
            [
              121.51344517383198,
              24.585815939915015
            ],
            [
              121.50357153054019,
              24.585849279145332
            ]
          ]
        ]
      },
      "properties": {
        "grid_id": "G031_019",
        "綠地類型": "公園／都市綠地",
        "中心經度": 121.508527,
        "中心緯度": 24.590347,
        "分析面積_km2": 1.04,
        "2020面積_ha": 1.89,
        "2024面積_ha": 1.89,
        "面積減少率_pct": 0.0,
        "2020斑塊數": 1,
        "2024斑塊數": 1,
        "斑塊數增加率_pct": 0.0,
        "2020平均斑塊面積_ha": 2.07,
        "2024平均斑塊面積_ha": 2.07,
        "平均斑塊面積下降率_pct": 0.0,
        "道路切割密度_km_per_km2": 1.586,
        "建成區邊界切割密度_km_per_km2": 0.0,
        "孤立小斑塊比例_pct": 0.0,
        "距大型連續綠地平均距離_m": 1529.4,
        "score_面積減少": 29.87551867219917,
        "score_斑塊增加": 42.531120331950206,
        "score_平均斑塊縮小": 26.970954356846473,
        "score_道路建成區切割": 11.825726141078837,
        "score_孤立比例": 20.539419087136928,
        "score_距大型綠地": 43.56846473029046,
        "綜合破碎化分數": 29.2,
        "破碎化等級": "低",
        "判定原因": "面積減少0.0%；斑塊增加0.0%；平均斑塊縮小0.0%；道路密度1.59 km/km²；孤立比例0.0%；距大型綠地1529m",
        "2021面積_ha": 1.89,
        "2022面積_ha": 1.89,
        "2023面積_ha": 1.89
      }
    },
    {
      "type": "Feature",
      "geometry": {
        "type": "Polygon",
        "coordinates": [
          [
            [
              121.51344517383198,
              24.585815939915015
            ],
            [
              121.51348199670413,
              24.594844452566548
            ],
            [
              121.52335633006928,
              24.594810451951787
            ],
            [
              121.52331879916598,
              24.585781953402346
            ],
            [
              121.51344517383198,
              24.585815939915015
            ]
          ]
        ]
      },
      "properties": {
        "grid_id": "G031_020",
        "綠地類型": "公園／都市綠地",
        "中心經度": 121.518401,
        "中心緯度": 24.590313,
        "分析面積_km2": 1.04,
        "2020面積_ha": 6.21,
        "2024面積_ha": 6.03,
        "面積減少率_pct": 2.9,
        "2020斑塊數": 2,
        "2024斑塊數": 2,
        "斑塊數增加率_pct": 0.0,
        "2020平均斑塊面積_ha": 10.26,
        "2024平均斑塊面積_ha": 9.945,
        "平均斑塊面積下降率_pct": 3.07,
        "道路切割密度_km_per_km2": 6.2,
        "建成區邊界切割密度_km_per_km2": 0.058,
        "孤立小斑塊比例_pct": 32.84,
        "距大型連續綠地平均距離_m": 178.5,
        "score_面積減少": 63.07053941908713,
        "score_斑塊增加": 42.531120331950206,
        "score_平均斑塊縮小": 58.50622406639005,
        "score_道路建成區切割": 46.47302904564315,
        "score_孤立比例": 55.601659751037346,
        "score_距大型綠地": 26.556016597510375,
        "綜合破碎化分數": 48.8,
        "破碎化等級": "中",
        "判定原因": "面積減少2.9%；斑塊增加0.0%；平均斑塊縮小3.1%；道路密度6.20 km/km²；孤立比例32.8%；距大型綠地178m",
        "2021面積_ha": 6.03,
        "2022面積_ha": 6.03,
        "2023面積_ha": 6.03
      }
    },
    {
      "type": "Feature",
      "geometry": {
        "type": "Polygon",
        "coordinates": [
          [
            [
              121.52331879916598,
              24.585781953402346
            ],
            [
              121.52335633006928,
              24.594810451951787
            ],
            [
              121.53323064512557,
              24.59477580379081
            ],
            [
              121.53319240619687,
              24.585747319612018
            ],
            [
              121.52331879916598,
              24.585781953402346
            ]
          ]
        ]
      },
      "properties": {
        "grid_id": "G031_021",
        "綠地類型": "公園／都市綠地",
        "中心經度": 121.528275,
        "中心緯度": 24.590279,
        "分析面積_km2": 1.04,
        "2020面積_ha": 1.62,
        "2024面積_ha": 1.62,
        "面積減少率_pct": 0.0,
        "2020斑塊數": 1,
        "2024斑塊數": 1,
        "斑塊數增加率_pct": 0.0,
        "2020平均斑塊面積_ha": 18.54,
        "2024平均斑塊面積_ha": 17.91,
        "平均斑塊面積下降率_pct": 3.4,
        "道路切割密度_km_per_km2": 0.836,
        "建成區邊界切割密度_km_per_km2": 0.0,
        "孤立小斑塊比例_pct": 0.0,
        "距大型連續綠地平均距離_m": 0.0,
        "score_面積減少": 29.87551867219917,
        "score_斑塊增加": 42.531120331950206,
        "score_平均斑塊縮小": 60.16597510373444,
        "score_道路建成區切割": 10.788381742738588,
        "score_孤立比例": 20.539419087136928,
        "score_距大型綠地": 9.95850622406639,
        "綜合破碎化分數": 29.0,
        "破碎化等級": "低",
        "判定原因": "面積減少0.0%；斑塊增加0.0%；平均斑塊縮小3.4%；道路密度0.84 km/km²；孤立比例0.0%；距大型綠地0m",
        "2021面積_ha": 1.62,
        "2022面積_ha": 1.35,
        "2023面積_ha": 1.62
      }
    },
    {
      "type": "Feature",
      "geometry": {
        "type": "Polygon",
        "coordinates": [
          [
            [
              121.53319240619687,
              24.585747319612018
            ],
            [
              121.53323064512557,
              24.59477580379081
            ],
            [
              121.54310494152763,
              24.594740508088385
            ],
            [
              121.54306599457942,
              24.585712038548824
            ],
            [
              121.53319240619687,
              24.585747319612018
            ]
          ]
        ]
      },
      "properties": {
        "grid_id": "G031_022",
        "綠地類型": "公園／都市綠地",
        "中心經度": 121.538148,
        "中心緯度": 24.590244,
        "分析面積_km2": 1.04,
        "2020面積_ha": 3.06,
        "2024面積_ha": 2.88,
        "面積減少率_pct": 5.88,
        "2020斑塊數": 1,
        "2024斑塊數": 1,
        "斑塊數增加率_pct": 0.0,
        "2020平均斑塊面積_ha": 3.06,
        "2024平均斑塊面積_ha": 2.88,
        "平均斑塊面積下降率_pct": 5.88,
        "道路切割密度_km_per_km2": 2.191,
        "建成區邊界切割密度_km_per_km2": 0.0,
        "孤立小斑塊比例_pct": 0.0,
        "距大型連續綠地平均距離_m": 1031.7,
        "score_面積減少": 65.76763485477179,
        "score_斑塊增加": 42.531120331950206,
        "score_平均斑塊縮小": 61.82572614107884,
        "score_道路建成區切割": 14.83402489626556,
        "score_孤立比例": 20.539419087136928,
        "score_距大型綠地": 38.17427385892116,
        "綜合破碎化分數": 40.6,
        "破碎化等級": "低",
        "判定原因": "面積減少5.9%；斑塊增加0.0%；平均斑塊縮小5.9%；道路密度2.19 km/km²；孤立比例0.0%；距大型綠地1032m",
        "2021面積_ha": 3.24,
        "2022面積_ha": 2.52,
        "2023面積_ha": 2.7
      }
    },
    {
      "type": "Feature",
      "geometry": {
        "type": "Polygon",
        "coordinates": [
          [
            [
              121.83926326219401,
              24.584352652141625
            ],
            [
              121.83932344645343,
              24.593380557635044
            ],
            [
              121.84919699328898,
              24.593325191008788
            ],
            [
              121.84913610124629,
              24.584297308478696
            ],
            [
              121.83926326219401,
              24.584352652141625
            ]
          ]
        ]
      },
      "properties": {
        "grid_id": "G031_053",
        "綠地類型": "公園／都市綠地",
        "中心經度": 121.84423,
        "中心緯度": 24.588839,
        "分析面積_km2": 1.04,
        "2020面積_ha": 2.79,
        "2024面積_ha": 2.97,
        "面積減少率_pct": 0.0,
        "2020斑塊數": 1,
        "2024斑塊數": 1,
        "斑塊數增加率_pct": 0.0,
        "2020平均斑塊面積_ha": 2.79,
        "2024平均斑塊面積_ha": 2.97,
        "平均斑塊面積下降率_pct": 0.0,
        "道路切割密度_km_per_km2": 9.054,
        "建成區邊界切割密度_km_per_km2": 0.202,
        "孤立小斑塊比例_pct": 0.0,
        "距大型連續綠地平均距離_m": 3000.6,
        "score_面積減少": 29.87551867219917,
        "score_斑塊增加": 42.531120331950206,
        "score_平均斑塊縮小": 26.970954356846473,
        "score_道路建成區切割": 68.56846473029046,
        "score_孤立比例": 20.539419087136928,
        "score_距大型綠地": 65.97510373443983,
        "綜合破碎化分數": 42.4,
        "破碎化等級": "低",
        "判定原因": "面積減少0.0%；斑塊增加0.0%；平均斑塊縮小0.0%；道路密度9.05 km/km²；孤立比例0.0%；距大型綠地3001m",
        "2021面積_ha": 2.88,
        "2022面積_ha": 2.88,
        "2023面積_ha": 3.24
      }
    },
    {
      "type": "Feature",
      "geometry": {
        "type": "Polygon",
        "coordinates": [
          [
            [
              121.84913610124629,
              24.584297308478696
            ],
            [
              121.84919699328898,
              24.593325191008788
            ],
            [
              121.85907051042052,
              24.593269177041385
            ],
            [
              121.85900891060392,
              24.58424131774309
            ],
            [
              121.84913610124629,
              24.584297308478696
            ]
          ]
        ]
      },
      "properties": {
        "grid_id": "G031_054",
        "綠地類型": "公園／都市綠地",
        "中心經度": 121.854103,
        "中心緯度": 24.588783,
        "分析面積_km2": 1.04,
        "2020面積_ha": 0.0,
        "2024面積_ha": 0.09,
        "面積減少率_pct": 0.0,
        "2020斑塊數": 0,
        "2024斑塊數": 1,
        "斑塊數增加率_pct": 100.0,
        "2020平均斑塊面積_ha": 0.0,
        "2024平均斑塊面積_ha": 0.09,
        "平均斑塊面積下降率_pct": 0.0,
        "道路切割密度_km_per_km2": 10.236,
        "建成區邊界切割密度_km_per_km2": 0.029,
        "孤立小斑塊比例_pct": 100.0,
        "距大型連續綠地平均距離_m": 4290.8,
        "score_面積減少": 29.87551867219917,
        "score_斑塊增加": 95.0207468879668,
        "score_平均斑塊縮小": 26.970954356846473,
        "score_道路建成區切割": 55.497925311203325,
        "score_孤立比例": 80.29045643153528,
        "score_距大型綠地": 82.98755186721992,
        "綜合破碎化分數": 61.8,
        "破碎化等級": "高",
        "判定原因": "面積減少0.0%；斑塊增加100.0%；平均斑塊縮小0.0%；道路密度10.24 km/km²；孤立比例100.0%；距大型綠地4291m",
        "2021面積_ha": 0.09,
        "2022面積_ha": 0.09,
        "2023面積_ha": 0.0
      }
    },
    {
      "type": "Feature",
      "geometry": {
        "type": "Polygon",
        "coordinates": [
          [
            [
              121.50360764537552,
              24.594877805630393
            ],
            [
              121.50364377782896,
              24.603906321240284
            ],
            [
              121.51351883753975,
              24.603872954341
            ],
            [
              121.51348199670413,
              24.594844452566548
            ],
            [
              121.50360764537552,
              24.594877805630393
            ]
          ]
        ]
      },
      "properties": {
        "grid_id": "G032_019",
        "綠地類型": "公園／都市綠地",
        "中心經度": 121.508563,
        "中心緯度": 24.599375,
        "分析面積_km2": 1.04,
        "2020面積_ha": 0.36,
        "2024面積_ha": 0.18,
        "面積減少率_pct": 50.0,
        "2020斑塊數": 1,
        "2024斑塊數": 1,
        "斑塊數增加率_pct": 0.0,
        "2020平均斑塊面積_ha": 5.49,
        "2024平均斑塊面積_ha": 5.49,
        "平均斑塊面積下降率_pct": 0.0,
        "道路切割密度_km_per_km2": 4.066,
        "建成區邊界切割密度_km_per_km2": 0.0,
        "孤立小斑塊比例_pct": 0.0,
        "距大型連續綠地平均距離_m": 868.1,
        "score_面積減少": 84.43983402489627,
        "score_斑塊增加": 42.531120331950206,
        "score_平均斑塊縮小": 26.970954356846473,
        "score_道路建成區切割": 21.57676348547718,
        "score_孤立比例": 20.539419087136928,
        "score_距大型綠地": 34.85477178423236,
        "綜合破碎化分數": 38.5,
        "破碎化等級": "低",
        "判定原因": "面積減少50.0%；斑塊增加0.0%；平均斑塊縮小0.0%；道路密度4.07 km/km²；孤立比例0.0%；距大型綠地868m",
        "2021面積_ha": 0.36,
        "2022面積_ha": 0.36,
        "2023面積_ha": 0.18
      }
    },
    {
      "type": "Feature",
      "geometry": {
        "type": "Polygon",
        "coordinates": [
          [
            [
              121.51348199670413,
              24.594844452566548
            ],
            [
              121.51351883753975,
              24.603872954341
            ],
            [
              121.52339387928144,
              24.603838939622182
            ],
            [
              121.52335633006928,
              24.594810451951787
            ],
            [
              121.51348199670413,
              24.594844452566548
            ]
          ]
        ]
      },
      "properties": {
        "grid_id": "G032_020",
        "綠地類型": "公園／都市綠地",
        "中心經度": 121.518438,
        "中心緯度": 24.599342,
        "分析面積_km2": 1.04,
        "2020面積_ha": 7.11,
        "2024面積_ha": 7.02,
        "面積減少率_pct": 1.27,
        "2020斑塊數": 3,
        "2024斑塊數": 2,
        "斑塊數增加率_pct": 0.0,
        "2020平均斑塊面積_ha": 8.04,
        "2024平均斑塊面積_ha": 11.7,
        "平均斑塊面積下降率_pct": 0.0,
        "道路切割密度_km_per_km2": 3.403,
        "建成區邊界切割密度_km_per_km2": 0.173,
        "孤立小斑塊比例_pct": 0.0,
        "距大型連續綠地平均距離_m": 670.8,
        "score_面積減少": 60.58091286307054,
        "score_斑塊增加": 42.531120331950206,
        "score_平均斑塊縮小": 26.970954356846473,
        "score_道路建成區切割": 43.56846473029045,
        "score_孤立比例": 20.539419087136928,
        "score_距大型綠地": 32.780082987551864,
        "綜合破碎化分數": 37.8,
        "破碎化等級": "低",
        "判定原因": "面積減少1.3%；斑塊增加0.0%；平均斑塊縮小0.0%；道路密度3.40 km/km²；孤立比例0.0%；距大型綠地671m",
        "2021面積_ha": 7.56,
        "2022面積_ha": 7.38,
        "2023面積_ha": 7.11
      }
    },
    {
      "type": "Feature",
      "geometry": {
        "type": "Polygon",
        "coordinates": [
          [
            [
              121.52335633006928,
              24.594810451951787
            ],
            [
              121.52339387928144,
              24.603838939622182
            ],
            [
              121.53326890270851,
              24.603804277088535
            ],
            [
              121.53323064512557,
              24.59477580379081
            ],
            [
              121.52335633006928,
              24.594810451951787
            ]
          ]
        ]
      },
      "properties": {
        "grid_id": "G032_021",
        "綠地類型": "公園／都市綠地",
        "中心經度": 121.528312,
        "中心緯度": 24.599307,
        "分析面積_km2": 1.04,
        "2020面積_ha": 11.43,
        "2024面積_ha": 11.07,
        "面積減少率_pct": 3.15,
        "2020斑塊數": 4,
        "2024斑塊數": 3,
        "斑塊數增加率_pct": 0.0,
        "2020平均斑塊面積_ha": 4.747,
        "2024平均斑塊面積_ha": 6.12,
        "平均斑塊面積下降率_pct": 0.0,
        "道路切割密度_km_per_km2": 6.286,
        "建成區邊界切割密度_km_per_km2": 0.288,
        "孤立小斑塊比例_pct": 4.07,
        "距大型連續綠地平均距離_m": 7.1,
        "score_面積減少": 63.48547717842323,
        "score_斑塊增加": 42.531120331950206,
        "score_平均斑塊縮小": 26.970954356846473,
        "score_道路建成區切割": 62.863070539419084,
        "score_孤立比例": 45.643153526970956,
        "score_距大型綠地": 20.74688796680498,
        "綜合破碎化分數": 43.7,
        "破碎化等級": "低",
        "判定原因": "面積減少3.1%；斑塊增加0.0%；平均斑塊縮小0.0%；道路密度6.29 km/km²；孤立比例4.1%；距大型綠地7m",
        "2021面積_ha": 11.34,
        "2022面積_ha": 11.07,
        "2023面積_ha": 11.16
      }
    },
    {
      "type": "Feature",
      "geometry": {
        "type": "Polygon",
        "coordinates": [
          [
            [
              121.80970263117497,
              24.59354277339097
            ],
            [
              121.80976072035266,
              24.602570735211224
            ],
            [
              121.8196350623848,
              24.60251728849291
            ],
            [
              121.8195762650512,
              24.593489348833643
            ],
            [
              121.80970263117497,
              24.59354277339097
            ]
          ]
        ]
      },
      "properties": {
        "grid_id": "G032_050",
        "綠地類型": "公園／都市綠地",
        "中心經度": 121.814669,
        "中心緯度": 24.59803,
        "分析面積_km2": 1.04,
        "2020面積_ha": 13.41,
        "2024面積_ha": 13.41,
        "面積減少率_pct": 0.0,
        "2020斑塊數": 1,
        "2024斑塊數": 1,
        "斑塊數增加率_pct": 0.0,
        "2020平均斑塊面積_ha": 13.59,
        "2024平均斑塊面積_ha": 13.5,
        "平均斑塊面積下降率_pct": 0.66,
        "道路切割密度_km_per_km2": 5.421,
        "建成區邊界切割密度_km_per_km2": 0.0,
        "孤立小斑塊比例_pct": 0.0,
        "距大型連續綠地平均距離_m": 0.0,
        "score_面積減少": 29.87551867219917,
        "score_斑塊增加": 42.531120331950206,
        "score_平均斑塊縮小": 53.941908713692946,
        "score_道路建成區切割": 27.593360995850624,
        "score_孤立比例": 20.539419087136928,
        "score_距大型綠地": 9.95850622406639,
        "綜合破碎化分數": 30.7,
        "破碎化等級": "低",
        "判定原因": "面積減少0.0%；斑塊增加0.0%；平均斑塊縮小0.7%；道路密度5.42 km/km²；孤立比例0.0%；距大型綠地0m",
        "2021面積_ha": 13.5,
        "2022面積_ha": 13.86,
        "2023面積_ha": 13.41
      }
    },
    {
      "type": "Feature",
      "geometry": {
        "type": "Polygon",
        "coordinates": [
          [
            [
              121.84919699328898,
              24.593325191008788
            ],
            [
              121.84925791503572,
              24.602353062573993
            ],
            [
              121.85913214028636,
              24.602297025371566
            ],
            [
              121.85907051042052,
              24.593269177041385
            ],
            [
              121.84919699328898,
              24.593325191008788
            ]
          ]
        ]
      },
      "properties": {
        "grid_id": "G032_054",
        "綠地類型": "公園／都市綠地",
        "中心經度": 121.854164,
        "中心緯度": 24.597811,
        "分析面積_km2": 1.04,
        "2020面積_ha": 0.09,
        "2024面積_ha": 0.09,
        "面積減少率_pct": 0.0,
        "2020斑塊數": 1,
        "2024斑塊數": 1,
        "斑塊數增加率_pct": 0.0,
        "2020平均斑塊面積_ha": 0.09,
        "2024平均斑塊面積_ha": 0.09,
        "平均斑塊面積下降率_pct": 0.0,
        "道路切割密度_km_per_km2": 15.802,
        "建成區邊界切割密度_km_per_km2": 0.029,
        "孤立小斑塊比例_pct": 100.0,
        "距大型連續綠地平均距離_m": 3632.0,
        "score_面積減少": 29.87551867219917,
        "score_斑塊增加": 42.531120331950206,
        "score_平均斑塊縮小": 26.970954356846473,
        "score_道路建成區切割": 66.28630705394191,
        "score_孤立比例": 80.29045643153528,
        "score_距大型綠地": 77.59336099585063,
        "綜合破碎化分數": 53.9,
        "破碎化等級": "高",
        "判定原因": "面積減少0.0%；斑塊增加0.0%；平均斑塊縮小0.0%；道路密度15.80 km/km²；孤立比例100.0%；距大型綠地3632m",
        "2021面積_ha": 0.09,
        "2022面積_ha": 0.09,
        "2023面積_ha": 0.18
      }
    },
    {
      "type": "Feature",
      "geometry": {
        "type": "Polygon",
        "coordinates": [
          [
            [
              121.50364377782896,
              24.603906321240284
            ],
            [
              121.50367992790598,
              24.612934825972072
            ],
            [
              121.51355569634453,
              24.612901445235405
            ],
            [
              121.51351883753975,
              24.603872954341
            ],
            [
              121.50364377782896,
              24.603906321240284
            ]
          ]
        ]
      },
      "properties": {
        "grid_id": "G033_019",
        "綠地類型": "公園／都市綠地",
        "中心經度": 121.5086,
        "中心緯度": 24.608404,
        "分析面積_km2": 1.04,
        "2020面積_ha": 0.54,
        "2024面積_ha": 0.36,
        "面積減少率_pct": 33.33,
        "2020斑塊數": 1,
        "2024斑塊數": 2,
        "斑塊數增加率_pct": 100.0,
        "2020平均斑塊面積_ha": 0.9,
        "2024平均斑塊面積_ha": 0.225,
        "平均斑塊面積下降率_pct": 75.0,
        "道路切割密度_km_per_km2": 3.345,
        "建成區邊界切割密度_km_per_km2": 0.058,
        "孤立小斑塊比例_pct": 100.0,
        "距大型連續綠地平均距離_m": 1474.6,
        "score_面積減少": 78.42323651452283,
        "score_斑塊增加": 95.0207468879668,
        "score_平均斑塊縮小": 89.83402489626556,
        "score_道路建成區切割": 33.19502074688796,
        "score_孤立比例": 80.29045643153528,
        "score_距大型綠地": 42.738589211618255,
        "綜合破碎化分數": 69.9,
        "破碎化等級": "高",
        "判定原因": "面積減少33.3%；斑塊增加100.0%；平均斑塊縮小75.0%；道路密度3.35 km/km²；孤立比例100.0%；距大型綠地1475m",
        "2021面積_ha": 0.54,
        "2022面積_ha": 0.36,
        "2023面積_ha": 0.36
      }
    },
    {
      "type": "Feature",
      "geometry": {
        "type": "Polygon",
        "coordinates": [
          [
            [
              121.51351883753975,
              24.603872954341
            ],
            [
              121.51355569634453,
              24.612901445235405
            ],
            [
              121.52343144680825,
              24.612867416410573
            ],
            [
              121.52339387928144,
              24.603838939622182
            ],
            [
              121.51351883753975,
              24.603872954341
            ]
          ]
        ]
      },
      "properties": {
        "grid_id": "G033_020",
        "綠地類型": "公園／都市綠地",
        "中心經度": 121.518475,
        "中心緯度": 24.60837,
        "分析面積_km2": 1.04,
        "2020面積_ha": 1.08,
        "2024面積_ha": 0.63,
        "面積減少率_pct": 41.67,
        "2020斑塊數": 2,
        "2024斑塊數": 2,
        "斑塊數增加率_pct": 0.0,
        "2020平均斑塊面積_ha": 3.195,
        "2024平均斑塊面積_ha": 2.88,
        "平均斑塊面積下降率_pct": 9.86,
        "道路切割密度_km_per_km2": 5.363,
        "建成區邊界切割密度_km_per_km2": 0.058,
        "孤立小斑塊比例_pct": 42.86,
        "距大型連續綠地平均距離_m": 1093.4,
        "score_面積減少": 82.15767634854771,
        "score_斑塊增加": 42.531120331950206,
        "score_平均斑塊縮小": 64.31535269709543,
        "score_道路建成區切割": 41.90871369294606,
        "score_孤立比例": 57.676348547717836,
        "score_距大型綠地": 40.24896265560166,
        "綜合破碎化分數": 54.8,
        "破碎化等級": "高",
        "判定原因": "面積減少41.7%；斑塊增加0.0%；平均斑塊縮小9.9%；道路密度5.36 km/km²；孤立比例42.9%；距大型綠地1093m",
        "2021面積_ha": 1.08,
        "2022面積_ha": 0.63,
        "2023面積_ha": 0.72
      }
    },
    {
      "type": "Feature",
      "geometry": {
        "type": "Polygon",
        "coordinates": [
          [
            [
              121.52339387928144,
              24.603838939622182
            ],
            [
              121.52343144680825,
              24.612867416410573
            ],
            [
              121.53330717895153,
              24.612832739502252
            ],
            [
              121.53326890270851,
              24.603804277088535
            ],
            [
              121.52339387928144,
              24.603838939622182
            ]
          ]
        ]
      },
      "properties": {
        "grid_id": "G033_021",
        "綠地類型": "公園／都市綠地",
        "中心經度": 121.52835,
        "中心緯度": 24.608336,
        "分析面積_km2": 1.04,
        "2020面積_ha": 2.79,
        "2024面積_ha": 2.34,
        "面積減少率_pct": 16.13,
        "2020斑塊數": 4,
        "2024斑塊數": 3,
        "斑塊數增加率_pct": 0.0,
        "2020平均斑塊面積_ha": 1.395,
        "2024平均斑塊面積_ha": 0.87,
        "平均斑塊面積下降率_pct": 37.63,
        "道路切割密度_km_per_km2": 5.046,
        "建成區邊界切割密度_km_per_km2": 0.115,
        "孤立小斑塊比例_pct": 100.0,
        "距大型連續綠地平均距離_m": 1064.9,
        "score_面積減少": 73.44398340248964,
        "score_斑塊增加": 42.531120331950206,
        "score_平均斑塊縮小": 74.68879668049793,
        "score_道路建成區切割": 47.614107883817425,
        "score_孤立比例": 80.29045643153528,
        "score_距大型綠地": 39.83402489626556,
        "綜合破碎化分數": 59.7,
        "破碎化等級": "高",
        "判定原因": "面積減少16.1%；斑塊增加0.0%；平均斑塊縮小37.6%；道路密度5.05 km/km²；孤立比例100.0%；距大型綠地1065m",
        "2021面積_ha": 3.06,
        "2022面積_ha": 2.88,
        "2023面積_ha": 2.88
      }
    },
    {
      "type": "Feature",
      "geometry": {
        "type": "Polygon",
        "coordinates": [
          [
            [
              121.53326890270851,
              24.603804277088535
            ],
            [
              121.53330717895153,
              24.612832739502252
            ],
            [
              121.54318289242885,
              24.612797414515267
            ],
            [
              121.54314390747544,
              24.60376896674485
            ],
            [
              121.53326890270851,
              24.603804277088535
            ]
          ]
        ]
      },
      "properties": {
        "grid_id": "G033_022",
        "綠地類型": "公園／都市綠地",
        "中心經度": 121.538226,
        "中心緯度": 24.608301,
        "分析面積_km2": 1.04,
        "2020面積_ha": 4.14,
        "2024面積_ha": 1.98,
        "面積減少率_pct": 52.17,
        "2020斑塊數": 3,
        "2024斑塊數": 3,
        "斑塊數增加率_pct": 0.0,
        "2020平均斑塊面積_ha": 1.44,
        "2024平均斑塊面積_ha": 0.66,
        "平均斑塊面積下降率_pct": 54.17,
        "道路切割密度_km_per_km2": 5.738,
        "建成區邊界切割密度_km_per_km2": 0.144,
        "孤立小斑塊比例_pct": 100.0,
        "距大型連續綠地平均距離_m": 1171.9,
        "score_面積減少": 85.89211618257261,
        "score_斑塊增加": 42.531120331950206,
        "score_平均斑塊縮小": 81.32780082987551,
        "score_道路建成區切割": 52.28215767634855,
        "score_孤立比例": 80.29045643153528,
        "score_距大型綠地": 41.49377593360996,
        "綜合破碎化分數": 64.0,
        "破碎化等級": "高",
        "判定原因": "面積減少52.2%；斑塊增加0.0%；平均斑塊縮小54.2%；道路密度5.74 km/km²；孤立比例100.0%；距大型綠地1172m",
        "2021面積_ha": 3.87,
        "2022面積_ha": 2.52,
        "2023面積_ha": 1.71
      }
    },
    {
      "type": "Feature",
      "geometry": {
        "type": "Polygon",
        "coordinates": [
          [
            [
              121.63201805366872,
              24.60342202303381
            ],
            [
              121.63206341673254,
              24.612450326926048
            ],
            [
              121.64193892454271,
              24.612408521435302
            ],
            [
              121.64189285283341,
              24.603380234872642
            ],
            [
              121.63201805366872,
              24.60342202303381
            ]
          ]
        ]
      },
      "properties": {
        "grid_id": "G033_032",
        "綠地類型": "公園／都市綠地",
        "中心經度": 121.636978,
        "中心緯度": 24.607915,
        "分析面積_km2": 1.04,
        "2020面積_ha": 1.44,
        "2024面積_ha": 1.35,
        "面積減少率_pct": 6.25,
        "2020斑塊數": 1,
        "2024斑塊數": 1,
        "斑塊數增加率_pct": 0.0,
        "2020平均斑塊面積_ha": 2.79,
        "2024平均斑塊面積_ha": 3.15,
        "平均斑塊面積下降率_pct": 0.0,
        "道路切割密度_km_per_km2": 3.258,
        "建成區邊界切割密度_km_per_km2": 0.0,
        "孤立小斑塊比例_pct": 0.0,
        "距大型連續綠地平均距離_m": 2861.1,
        "score_面積減少": 66.39004149377593,
        "score_斑塊增加": 42.531120331950206,
        "score_平均斑塊縮小": 26.970954356846473,
        "score_道路建成區切割": 17.842323651452283,
        "score_孤立比例": 20.539419087136928,
        "score_距大型綠地": 62.655601659751035,
        "綜合破碎化分數": 39.5,
        "破碎化等級": "低",
        "判定原因": "面積減少6.2%；斑塊增加0.0%；平均斑塊縮小0.0%；道路密度3.26 km/km²；孤立比例0.0%；距大型綠地2861m",
        "2021面積_ha": 1.44,
        "2022面積_ha": 1.44,
        "2023面積_ha": 1.17
      }
    },
    {
      "type": "Feature",
      "geometry": {
        "type": "Polygon",
        "coordinates": [
          [
            [
              121.80976072035266,
              24.602570735211224
            ],
            [
              121.80981883786235,
              24.61159868607617
            ],
            [
              121.8196938883958,
              24.61154521719377
            ],
            [
              121.8196350623848,
              24.60251728849291
            ],
            [
              121.80976072035266,
              24.602570735211224
            ]
          ]
        ]
      },
      "properties": {
        "grid_id": "G033_050",
        "綠地類型": "公園／都市綠地",
        "中心經度": 121.814727,
        "中心緯度": 24.607058,
        "分析面積_km2": 1.04,
        "2020面積_ha": 11.43,
        "2024面積_ha": 5.67,
        "面積減少率_pct": 50.39,
        "2020斑塊數": 5,
        "2024斑塊數": 5,
        "斑塊數增加率_pct": 0.0,
        "2020平均斑塊面積_ha": 4.896,
        "2024平均斑塊面積_ha": 3.744,
        "平均斑塊面積下降率_pct": 23.53,
        "道路切割密度_km_per_km2": 9.602,
        "建成區邊界切割密度_km_per_km2": 0.894,
        "孤立小斑塊比例_pct": 6.35,
        "距大型連續綠地平均距離_m": 385.9,
        "score_面積減少": 85.47717842323651,
        "score_斑塊增加": 42.531120331950206,
        "score_平均斑塊縮小": 68.87966804979253,
        "score_道路建成區切割": 82.98755186721992,
        "score_孤立比例": 46.88796680497925,
        "score_距大型綠地": 29.460580912863072,
        "綜合破碎化分數": 59.4,
        "破碎化等級": "高",
        "判定原因": "面積減少50.4%；斑塊增加0.0%；平均斑塊縮小23.5%；道路密度9.60 km/km²；孤立比例6.3%；距大型綠地386m",
        "2021面積_ha": 7.92,
        "2022面積_ha": 11.52,
        "2023面積_ha": 11.07
      }
    },
    {
      "type": "Feature",
      "geometry": {
        "type": "Polygon",
        "coordinates": [
          [
            [
              121.83938366007169,
              24.60240845216678
            ],
            [
              121.83944390305801,
              24.61143633573381
            ],
            [
              121.84931886649585,
              24.611380923171296
            ],
            [
              121.84925791503572,
              24.602353062573993
            ],
            [
              121.83938366007169,
              24.60240845216678
            ]
          ]
        ]
      },
      "properties": {
        "grid_id": "G033_053",
        "綠地類型": "公園／都市綠地",
        "中心經度": 121.844351,
        "中心緯度": 24.606895,
        "分析面積_km2": 1.04,
        "2020面積_ha": 0.63,
        "2024面積_ha": 0.63,
        "面積減少率_pct": 0.0,
        "2020斑塊數": 1,
        "2024斑塊數": 1,
        "斑塊數增加率_pct": 0.0,
        "2020平均斑塊面積_ha": 0.63,
        "2024平均斑塊面積_ha": 0.63,
        "平均斑塊面積下降率_pct": 0.0,
        "道路切割密度_km_per_km2": 4.556,
        "建成區邊界切割密度_km_per_km2": 0.0,
        "孤立小斑塊比例_pct": 100.0,
        "距大型連續綠地平均距離_m": 3209.7,
        "score_面積減少": 29.87551867219917,
        "score_斑塊增加": 42.531120331950206,
        "score_平均斑塊縮小": 26.970954356846473,
        "score_道路建成區切割": 23.962655601659748,
        "score_孤立比例": 80.29045643153528,
        "score_距大型綠地": 72.61410788381743,
        "綜合破碎化分數": 46.0,
        "破碎化等級": "中",
        "判定原因": "面積減少0.0%；斑塊增加0.0%；平均斑塊縮小0.0%；道路密度4.56 km/km²；孤立比例100.0%；距大型綠地3210m",
        "2021面積_ha": 0.63,
        "2022面積_ha": 0.63,
        "2023面積_ha": 0.63
      }
    },
    {
      "type": "Feature",
      "geometry": {
        "type": "Polygon",
        "coordinates": [
          [
            [
              121.52343144680825,
              24.612867416410573
            ],
            [
              121.52346903265541,
              24.621895882314
            ],
            [
              121.5333454738606,
              24.621861191029012
            ],
            [
              121.53330717895153,
              24.612832739502252
            ],
            [
              121.52343144680825,
              24.612867416410573
            ]
          ]
        ]
      },
      "properties": {
        "grid_id": "G034_021",
        "綠地類型": "公園／都市綠地",
        "中心經度": 121.528388,
        "中心緯度": 24.617364,
        "分析面積_km2": 1.04,
        "2020面積_ha": 3.87,
        "2024面積_ha": 4.05,
        "面積減少率_pct": 0.0,
        "2020斑塊數": 3,
        "2024斑塊數": 3,
        "斑塊數增加率_pct": 0.0,
        "2020平均斑塊面積_ha": 1.68,
        "2024平均斑塊面積_ha": 1.74,
        "平均斑塊面積下降率_pct": 0.0,
        "道路切割密度_km_per_km2": 7.093,
        "建成區邊界切割密度_km_per_km2": 0.058,
        "孤立小斑塊比例_pct": 20.0,
        "距大型連續綠地平均距離_m": 1723.0,
        "score_面積減少": 29.87551867219917,
        "score_斑塊增加": 42.531120331950206,
        "score_平均斑塊縮小": 26.970954356846473,
        "score_道路建成區切割": 50.829875518672196,
        "score_孤立比例": 51.45228215767634,
        "score_距大型綠地": 46.47302904564315,
        "綜合破碎化分數": 41.4,
        "破碎化等級": "低",
        "判定原因": "面積減少0.0%；斑塊增加0.0%；平均斑塊縮小0.0%；道路密度7.09 km/km²；孤立比例20.0%；距大型綠地1723m",
        "2021面積_ha": 4.23,
        "2022面積_ha": 4.05,
        "2023面積_ha": 4.14
      }
    },
    {
      "type": "Feature",
      "geometry": {
        "type": "Polygon",
        "coordinates": [
          [
            [
              121.53330717895153,
              24.612832739502252
            ],
            [
              121.5333454738606,
              24.621861191029012
            ],
            [
              121.54322189639387,
              24.621825851396668
            ],
            [
              121.54318289242885,
              24.612797414515267
            ],
            [
              121.53330717895153,
              24.612832739502252
            ]
          ]
        ]
      },
      "properties": {
        "grid_id": "G034_022",
        "綠地類型": "公園／都市綠地",
        "中心經度": 121.538264,
        "中心緯度": 24.617329,
        "分析面積_km2": 1.04,
        "2020面積_ha": 2.97,
        "2024面積_ha": 2.97,
        "面積減少率_pct": 0.0,
        "2020斑塊數": 2,
        "2024斑塊數": 2,
        "斑塊數增加率_pct": 0.0,
        "2020平均斑塊面積_ha": 1.53,
        "2024平均斑塊面積_ha": 1.53,
        "平均斑塊面積下降率_pct": 0.0,
        "道路切割密度_km_per_km2": 1.038,
        "建成區邊界切割密度_km_per_km2": 0.0,
        "孤立小斑塊比例_pct": 100.0,
        "距大型連續綠地平均距離_m": 2210.4,
        "score_面積減少": 29.87551867219917,
        "score_斑塊增加": 42.531120331950206,
        "score_平均斑塊縮小": 26.970954356846473,
        "score_道路建成區切割": 11.203319502074688,
        "score_孤立比例": 80.29045643153528,
        "score_距大型綠地": 50.62240663900415,
        "綜合破碎化分數": 40.2,
        "破碎化等級": "低",
        "判定原因": "面積減少0.0%；斑塊增加0.0%；平均斑塊縮小0.0%；道路密度1.04 km/km²；孤立比例100.0%；距大型綠地2210m",
        "2021面積_ha": 2.97,
        "2022面積_ha": 2.97,
        "2023面積_ha": 2.97
      }
    },
    {
      "type": "Feature",
      "geometry": {
        "type": "Polygon",
        "coordinates": [
          [
            [
              121.63206341673254,
              24.612450326926048
            ],
            [
              121.63210880191812,
              24.621478619909205
            ],
            [
              121.64198501871935,
              24.621436797086474
            ],
            [
              121.64193892454271,
              24.612408521435302
            ],
            [
              121.63206341673254,
              24.612450326926048
            ]
          ]
        ]
      },
      "properties": {
        "grid_id": "G034_032",
        "綠地類型": "公園／都市綠地",
        "中心經度": 121.637024,
        "中心緯度": 24.616944,
        "分析面積_km2": 1.04,
        "2020面積_ha": 1.8,
        "2024面積_ha": 2.25,
        "面積減少率_pct": 0.0,
        "2020斑塊數": 1,
        "2024斑塊數": 1,
        "斑塊數增加率_pct": 0.0,
        "2020平均斑塊面積_ha": 2.79,
        "2024平均斑塊面積_ha": 3.15,
        "平均斑塊面積下降率_pct": 0.0,
        "道路切割密度_km_per_km2": 2.797,
        "建成區邊界切割密度_km_per_km2": 0.0,
        "孤立小斑塊比例_pct": 0.0,
        "距大型連續綠地平均距離_m": 2798.8,
        "score_面積減少": 29.87551867219917,
        "score_斑塊增加": 42.531120331950206,
        "score_平均斑塊縮小": 26.970954356846473,
        "score_道路建成區切割": 16.90871369294606,
        "score_孤立比例": 20.539419087136928,
        "score_距大型綠地": 61.82572614107884,
        "綜合破碎化分數": 33.1,
        "破碎化等級": "低",
        "判定原因": "面積減少0.0%；斑塊增加0.0%；平均斑塊縮小0.0%；道路密度2.80 km/km²；孤立比例0.0%；距大型綠地2799m",
        "2021面積_ha": 2.34,
        "2022面積_ha": 2.16,
        "2023面積_ha": 2.34
      }
    },
    {
      "type": "Feature",
      "geometry": {
        "type": "Polygon",
        "coordinates": [
          [
            [
              121.75056795159291,
              24.61190589304504
            ],
            [
              121.75062184417915,
              24.620933960314176
            ],
            [
              121.76049776847508,
              24.620884358433365
            ],
            [
              121.76044316699007,
              24.6118563117198
            ],
            [
              121.75056795159291,
              24.61190589304504
            ]
          ]
        ]
      },
      "properties": {
        "grid_id": "G034_044",
        "綠地類型": "公園／都市綠地",
        "中心經度": 121.755533,
        "中心緯度": 24.616395,
        "分析面積_km2": 1.04,
        "2020面積_ha": 0.63,
        "2024面積_ha": 0.63,
        "面積減少率_pct": 0.0,
        "2020斑塊數": 1,
        "2024斑塊數": 1,
        "斑塊數增加率_pct": 0.0,
        "2020平均斑塊面積_ha": 47.7,
        "2024平均斑塊面積_ha": 47.16,
        "平均斑塊面積下降率_pct": 1.13,
        "道路切割密度_km_per_km2": 5.046,
        "建成區邊界切割密度_km_per_km2": 0.029,
        "孤立小斑塊比例_pct": 0.0,
        "距大型連續綠地平均距離_m": 0.0,
        "score_面積減少": 29.87551867219917,
        "score_斑塊增加": 42.531120331950206,
        "score_平均斑塊縮小": 56.016597510373444,
        "score_道路建成區切割": 36.41078838174274,
        "score_孤立比例": 20.539419087136928,
        "score_距大型綠地": 9.95850622406639,
        "綜合破碎化分數": 32.6,
        "破碎化等級": "低",
        "判定原因": "面積減少0.0%；斑塊增加0.0%；平均斑塊縮小1.1%；道路密度5.05 km/km²；孤立比例0.0%；距大型綠地0m",
        "2021面積_ha": 0.63,
        "2022面積_ha": 0.63,
        "2023面積_ha": 0.63
      }
    },
    {
      "type": "Feature",
      "geometry": {
        "type": "Polygon",
        "coordinates": [
          [
            [
              121.79006865211802,
              24.611703680108917
            ],
            [
              121.79012538024851,
              24.62073166354413
            ],
            [
              121.80000119598294,
              24.620679468855542
            ],
            [
              121.79994375898794,
              24.611651507050315
            ],
            [
              121.79006865211802,
              24.611703680108917
            ]
          ]
        ]
      },
      "properties": {
        "grid_id": "G034_048",
        "綠地類型": "公園／都市綠地",
        "中心經度": 121.795035,
        "中心緯度": 24.616192,
        "分析面積_km2": 1.04,
        "2020面積_ha": 0.99,
        "2024面積_ha": 0.54,
        "面積減少率_pct": 45.45,
        "2020斑塊數": 1,
        "2024斑塊數": 1,
        "斑塊數增加率_pct": 0.0,
        "2020平均斑塊面積_ha": 0.99,
        "2024平均斑塊面積_ha": 0.54,
        "平均斑塊面積下降率_pct": 45.45,
        "道路切割密度_km_per_km2": 8.679,
        "建成區邊界切割密度_km_per_km2": 0.087,
        "孤立小斑塊比例_pct": 100.0,
        "距大型連續綠地平均距離_m": 2383.5,
        "score_面積減少": 82.98755186721992,
        "score_斑塊增加": 42.531120331950206,
        "score_平均斑塊縮小": 77.17842323651453,
        "score_道路建成區切割": 60.47717842323651,
        "score_孤立比例": 80.29045643153528,
        "score_距大型綠地": 54.356846473029044,
        "綜合破碎化分數": 66.3,
        "破碎化等級": "高",
        "判定原因": "面積減少45.5%；斑塊增加0.0%；平均斑塊縮小45.5%；道路密度8.68 km/km²；孤立比例100.0%；距大型綠地2384m",
        "2021面積_ha": 0.36,
        "2022面積_ha": 0.27,
        "2023面積_ha": 0.45
      }
    },
    {
      "type": "Feature",
      "geometry": {
        "type": "Polygon",
        "coordinates": [
          [
            [
              121.83944390305801,
              24.61143633573381
            ],
            [
              121.83950417542161,
              24.620464208333154
            ],
            [
              121.8493798476787,
              24.620408772797706
            ],
            [
              121.84931886649585,
              24.611380923171296
            ],
            [
              121.83944390305801,
              24.61143633573381
            ]
          ]
        ]
      },
      "properties": {
        "grid_id": "G034_053",
        "綠地類型": "公園／都市綠地",
        "中心經度": 121.844412,
        "中心緯度": 24.615923,
        "分析面積_km2": 1.04,
        "2020面積_ha": 0.27,
        "2024面積_ha": 0.27,
        "面積減少率_pct": 0.0,
        "2020斑塊數": 1,
        "2024斑塊數": 1,
        "斑塊數增加率_pct": 0.0,
        "2020平均斑塊面積_ha": 0.27,
        "2024平均斑塊面積_ha": 0.27,
        "平均斑塊面積下降率_pct": 0.0,
        "道路切割密度_km_per_km2": 11.275,
        "建成區邊界切割密度_km_per_km2": 0.058,
        "孤立小斑塊比例_pct": 100.0,
        "距大型連續綠地平均距離_m": 2318.3,
        "score_面積減少": 29.87551867219917,
        "score_斑塊增加": 42.531120331950206,
        "score_平均斑塊縮小": 26.970954356846473,
        "score_道路建成區切割": 63.27800829875518,
        "score_孤立比例": 80.29045643153528,
        "score_距大型綠地": 52.69709543568465,
        "綜合破碎化分數": 49.3,
        "破碎化等級": "中",
        "判定原因": "面積減少0.0%；斑塊增加0.0%；平均斑塊縮小0.0%；道路密度11.28 km/km²；孤立比例100.0%；距大型綠地2318m",
        "2021面積_ha": 0.27,
        "2022面積_ha": 0.27,
        "2023面積_ha": 0.18
      }
    },
    {
      "type": "Feature",
      "geometry": {
        "type": "Polygon",
        "coordinates": [
          [
            [
              121.8591938002109,
              24.611324862730598
            ],
            [
              121.84931886649585,
              24.611380923171296
            ],
            [
              121.8493798476787,
              24.620408772797706
            ],
            [
              121.85612879521351,
              24.620370515724034
            ],
            [
              121.85639800000001,
              24.6199286
            ],
            [
              121.85699690000001,
              24.619006399999993
            ],
            [
              121.85725790000001,
              24.6186486
            ],
            [
              121.8575478,
              24.6181187
            ],
            [
              121.8577438,
              24.6178439
            ],
            [
              121.8578077,
              24.617758099999996
            ],
            [
              121.8580644,
              24.6174138
            ],
            [
              121.85834070000001,
              24.617095199999998
            ],
            [
              121.8586879,
              24.616598600000003
            ],
            [
              121.8589298,
              24.6163317
            ],
            [
              121.85922540539896,
              24.61595057491267
            ],
            [
              121.8591938002109,
              24.611324862730598
            ]
          ]
        ]
      },
      "properties": {
        "grid_id": "G034_054",
        "綠地類型": "公園／都市綠地",
        "中心經度": 121.854272,
        "中心緯度": 24.613666,
        "分析面積_km2": 0.95,
        "2020面積_ha": 0.63,
        "2024面積_ha": 0.63,
        "面積減少率_pct": 0.0,
        "2020斑塊數": 2,
        "2024斑塊數": 2,
        "斑塊數增加率_pct": 0.0,
        "2020平均斑塊面積_ha": 0.315,
        "2024平均斑塊面積_ha": 0.315,
        "平均斑塊面積下降率_pct": 0.0,
        "道路切割密度_km_per_km2": 9.51,
        "建成區邊界切割密度_km_per_km2": 0.063,
        "孤立小斑塊比例_pct": 100.0,
        "距大型連續綠地平均距離_m": 2838.1,
        "score_面積減少": 29.87551867219917,
        "score_斑塊增加": 42.531120331950206,
        "score_平均斑塊縮小": 26.970954356846473,
        "score_道路建成區切割": 60.58091286307054,
        "score_孤立比例": 80.29045643153528,
        "score_距大型綠地": 62.24066390041494,
        "綜合破碎化分數": 50.4,
        "破碎化等級": "中",
        "判定原因": "面積減少0.0%；斑塊增加0.0%；平均斑塊縮小0.0%；道路密度9.51 km/km²；孤立比例100.0%；距大型綠地2838m",
        "2021面積_ha": 0.81,
        "2022面積_ha": 0.63,
        "2023面積_ha": 0.81
      }
    },
    {
      "type": "Feature",
      "geometry": {
        "type": "Polygon",
        "coordinates": [
          [
            [
              121.57285104850529,
              24.62171594246472
            ],
            [
              121.57289219965645,
              24.63074432289971
            ],
            [
              121.58276925342214,
              24.630706374205396
            ],
            [
              121.58272739289399,
              24.621678009492634
            ],
            [
              121.57285104850529,
              24.62171594246472
            ]
          ]
        ]
      },
      "properties": {
        "grid_id": "G035_026",
        "綠地類型": "公園／都市綠地",
        "中心經度": 121.57781,
        "中心緯度": 24.626211,
        "分析面積_km2": 1.04,
        "2020面積_ha": 0.63,
        "2024面積_ha": 0.63,
        "面積減少率_pct": 0.0,
        "2020斑塊數": 1,
        "2024斑塊數": 1,
        "斑塊數增加率_pct": 0.0,
        "2020平均斑塊面積_ha": 4.5,
        "2024平均斑塊面積_ha": 1.35,
        "平均斑塊面積下降率_pct": 70.0,
        "道路切割密度_km_per_km2": 1.211,
        "建成區邊界切割密度_km_per_km2": 0.0,
        "孤立小斑塊比例_pct": 100.0,
        "距大型連續綠地平均距離_m": 2943.9,
        "score_面積減少": 29.87551867219917,
        "score_斑塊增加": 42.531120331950206,
        "score_平均斑塊縮小": 88.38174273858921,
        "score_道路建成區切割": 11.410788381742737,
        "score_孤立比例": 80.29045643153528,
        "score_距大型綠地": 64.73029045643153,
        "綜合破碎化分數": 52.9,
        "破碎化等級": "中",
        "判定原因": "面積減少0.0%；斑塊增加0.0%；平均斑塊縮小70.0%；道路密度1.21 km/km²；孤立比例100.0%；距大型綠地2944m",
        "2021面積_ha": 0.63,
        "2022面積_ha": 0.63,
        "2023面積_ha": 0.63
      }
    },
    {
      "type": "Feature",
      "geometry": {
        "type": "Polygon",
        "coordinates": [
          [
            [
              121.61235630227503,
              24.62156032066541
            ],
            [
              121.6124002908951,
              24.630588636599263
            ],
            [
              121.62227726095877,
              24.63054809357424
            ],
            [
              121.62223256298812,
              24.62151979443741
            ],
            [
              121.61235630227503,
              24.62156032066541
            ]
          ]
        ]
      },
      "properties": {
        "grid_id": "G035_030",
        "綠地類型": "公園／都市綠地",
        "中心經度": 121.617317,
        "中心緯度": 24.626054,
        "分析面積_km2": 1.04,
        "2020面積_ha": 0.81,
        "2024面積_ha": 0.81,
        "面積減少率_pct": 0.0,
        "2020斑塊數": 1,
        "2024斑塊數": 1,
        "斑塊數增加率_pct": 0.0,
        "2020平均斑塊面積_ha": 11.97,
        "2024平均斑塊面積_ha": 11.88,
        "平均斑塊面積下降率_pct": 0.75,
        "道路切割密度_km_per_km2": 2.047,
        "建成區邊界切割密度_km_per_km2": 0.0,
        "孤立小斑塊比例_pct": 0.0,
        "距大型連續綠地平均距離_m": 0.0,
        "score_面積減少": 29.87551867219917,
        "score_斑塊增加": 42.531120331950206,
        "score_平均斑塊縮小": 54.356846473029044,
        "score_道路建成區切割": 13.900414937759336,
        "score_孤立比例": 20.539419087136928,
        "score_距大型綠地": 9.95850622406639,
        "綜合破碎化分數": 28.5,
        "破碎化等級": "低",
        "判定原因": "面積減少0.0%；斑塊增加0.0%；平均斑塊縮小0.8%；道路密度2.05 km/km²；孤立比例0.0%；距大型綠地0m",
        "2021面積_ha": 0.81,
        "2022面積_ha": 0.81,
        "2023面積_ha": 0.81
      }
    },
    {
      "type": "Feature",
      "geometry": {
        "type": "Polygon",
        "coordinates": [
          [
            [
              121.75062184417915,
              24.620933960314176
            ],
            [
              121.7506757630418,
              24.629962016639773
            ],
            [
              121.76055239658204,
              24.629912394200527
            ],
            [
              121.76049776847508,
              24.620884358433365
            ],
            [
              121.75062184417915,
              24.620933960314176
            ]
          ]
        ]
      },
      "properties": {
        "grid_id": "G035_044",
        "綠地類型": "公園／都市綠地",
        "中心經度": 121.755587,
        "中心緯度": 24.625423,
        "分析面積_km2": 1.04,
        "2020面積_ha": 41.4,
        "2024面積_ha": 40.86,
        "面積減少率_pct": 1.3,
        "2020斑塊數": 1,
        "2024斑塊數": 1,
        "斑塊數增加率_pct": 0.0,
        "2020平均斑塊面積_ha": 47.7,
        "2024平均斑塊面積_ha": 47.16,
        "平均斑塊面積下降率_pct": 1.13,
        "道路切割密度_km_per_km2": 8.997,
        "建成區邊界切割密度_km_per_km2": 0.606,
        "孤立小斑塊比例_pct": 0.0,
        "距大型連續綠地平均距離_m": 0.0,
        "score_面積減少": 60.99585062240664,
        "score_斑塊增加": 42.531120331950206,
        "score_平均斑塊縮小": 56.016597510373444,
        "score_道路建成區切割": 79.25311203319502,
        "score_孤立比例": 20.539419087136928,
        "score_距大型綠地": 9.95850622406639,
        "綜合破碎化分數": 44.9,
        "破碎化等級": "中",
        "判定原因": "面積減少1.3%；斑塊增加0.0%；平均斑塊縮小1.1%；道路密度9.00 km/km²；孤立比例0.0%；距大型綠地0m",
        "2021面積_ha": 41.31,
        "2022面積_ha": 40.68,
        "2023面積_ha": 41.31
      }
    },
    {
      "type": "Feature",
      "geometry": {
        "type": "Polygon",
        "coordinates": [
          [
            [
              121.76049776847508,
              24.620884358433365
            ],
            [
              121.76055239658204,
              24.629912394200527
            ],
            [
              121.77042900349194,
              24.629862123280184
            ],
            [
              121.770373666149,
              24.620834108340112
            ],
            [
              121.76049776847508,
              24.620884358433365
            ]
          ]
        ]
      },
      "properties": {
        "grid_id": "G035_045",
        "綠地類型": "公園／都市綠地",
        "中心經度": 121.765463,
        "中心緯度": 24.625373,
        "分析面積_km2": 1.04,
        "2020面積_ha": 5.67,
        "2024面積_ha": 5.67,
        "面積減少率_pct": 0.0,
        "2020斑塊數": 1,
        "2024斑塊數": 1,
        "斑塊數增加率_pct": 0.0,
        "2020平均斑塊面積_ha": 47.7,
        "2024平均斑塊面積_ha": 47.16,
        "平均斑塊面積下降率_pct": 1.13,
        "道路切割密度_km_per_km2": 6.69,
        "建成區邊界切割密度_km_per_km2": 0.0,
        "孤立小斑塊比例_pct": 0.0,
        "距大型連續綠地平均距離_m": 0.0,
        "score_面積減少": 29.87551867219917,
        "score_斑塊增加": 42.531120331950206,
        "score_平均斑塊縮小": 56.016597510373444,
        "score_道路建成區切割": 34.43983402489627,
        "score_孤立比例": 20.539419087136928,
        "score_距大型綠地": 9.95850622406639,
        "綜合破碎化分數": 32.2,
        "破碎化等級": "低",
        "判定原因": "面積減少0.0%；斑塊增加0.0%；平均斑塊縮小1.1%；道路密度6.69 km/km²；孤立比例0.0%；距大型綠地0m",
        "2021面積_ha": 5.67,
        "2022面積_ha": 5.67,
        "2023面積_ha": 5.67
      }
    },
    {
      "type": "Feature",
      "geometry": {
        "type": "Polygon",
        "coordinates": [
          [
            [
              121.79012538024851,
              24.62073166354413
            ],
            [
              121.79018213603773,
              24.629759636024104
            ],
            [
              121.80005866098227,
              24.629707419702505
            ],
            [
              121.80000119598294,
              24.620679468855542
            ],
            [
              121.79012538024851,
              24.62073166354413
            ]
          ]
        ]
      },
      "properties": {
        "grid_id": "G035_048",
        "綠地類型": "公園／都市綠地",
        "中心經度": 121.795092,
        "中心緯度": 24.62522,
        "分析面積_km2": 1.04,
        "2020面積_ha": 0.54,
        "2024面積_ha": 0.18,
        "面積減少率_pct": 66.67,
        "2020斑塊數": 2,
        "2024斑塊數": 2,
        "斑塊數增加率_pct": 0.0,
        "2020平均斑塊面積_ha": 0.27,
        "2024平均斑塊面積_ha": 0.09,
        "平均斑塊面積下降率_pct": 66.67,
        "道路切割密度_km_per_km2": 15.225,
        "建成區邊界切割密度_km_per_km2": 0.058,
        "孤立小斑塊比例_pct": 100.0,
        "距大型連續綠地平均距離_m": 2736.5,
        "score_面積減少": 89.21161825726142,
        "score_斑塊增加": 42.531120331950206,
        "score_平均斑塊縮小": 86.92946058091286,
        "score_道路建成區切割": 70.53941908713692,
        "score_孤立比例": 80.29045643153528,
        "score_距大型綠地": 60.58091286307054,
        "綜合破碎化分數": 71.7,
        "破碎化等級": "高",
        "判定原因": "面積減少66.7%；斑塊增加0.0%；平均斑塊縮小66.7%；道路密度15.22 km/km²；孤立比例100.0%；距大型綠地2736m",
        "2021面積_ha": 0.0,
        "2022面積_ha": 0.0,
        "2023面積_ha": 0.09
      }
    },
    {
      "type": "Feature",
      "geometry": {
        "type": "Polygon",
        "coordinates": [
          [
            [
              121.83950417542161,
              24.620464208333154
            ],
            [
              121.83956447717183,
              24.629492069961795
            ],
            [
              121.84944085859371,
              24.629436611450217
            ],
            [
              121.8493798476787,
              24.620408772797706
            ],
            [
              121.83950417542161,
              24.620464208333154
            ]
          ]
        ]
      },
      "properties": {
        "grid_id": "G035_053",
        "綠地類型": "公園／都市綠地",
        "中心經度": 121.844472,
        "中心緯度": 24.62495,
        "分析面積_km2": 1.04,
        "2020面積_ha": 0.81,
        "2024面積_ha": 0.99,
        "面積減少率_pct": 0.0,
        "2020斑塊數": 1,
        "2024斑塊數": 1,
        "斑塊數增加率_pct": 0.0,
        "2020平均斑塊面積_ha": 1.44,
        "2024平均斑塊面積_ha": 1.8,
        "平均斑塊面積下降率_pct": 0.0,
        "道路切割密度_km_per_km2": 10.611,
        "建成區邊界切割密度_km_per_km2": 0.0,
        "孤立小斑塊比例_pct": 100.0,
        "距大型連續綠地平均距離_m": 946.6,
        "score_面積減少": 29.87551867219917,
        "score_斑塊增加": 42.531120331950206,
        "score_平均斑塊縮小": 26.970954356846473,
        "score_道路建成區切割": 46.47302904564315,
        "score_孤立比例": 80.29045643153528,
        "score_距大型綠地": 36.92946058091287,
        "綜合破碎化分數": 43.8,
        "破碎化等級": "低",
        "判定原因": "面積減少0.0%；斑塊增加0.0%；平均斑塊縮小0.0%；道路密度10.61 km/km²；孤立比例100.0%；距大型綠地947m",
        "2021面積_ha": 0.72,
        "2022面積_ha": 0.81,
        "2023面積_ha": 0.9
      }
    },
    {
      "type": "Feature",
      "geometry": {
        "type": "Polygon",
        "coordinates": [
          [
            [
              121.8493798476787,
              24.620408772797706
            ],
            [
              121.84944085859371,
              24.629436611450217
            ],
            [
              121.85121401097153,
              24.629426586052876
            ],
            [
              121.8512536,
              24.629354699999997
            ],
            [
              121.8512827,
              24.629301899999998
            ],
            [
              121.8515378,
              24.628908499999994
            ],
            [
              121.8522386,
              24.6275597
            ],
            [
              121.85268789999999,
              24.626848599999995
            ],
            [
              121.8530577,
              24.626123300000003
            ],
            [
              121.8535378,
              24.6250486
            ],
            [
              121.8538279,
              24.624278599999997
            ],
            [
              121.85468789999999,
              24.6227486
            ],
            [
              121.8555378,
              24.6214685
            ],
            [
              121.8558279,
              24.620948599999995
            ],
            [
              121.8559971,
              24.6205867
            ],
            [
              121.85612879521351,
              24.620370515724034
            ],
            [
              121.8493798476787,
              24.620408772797706
            ]
          ]
        ]
      },
      "properties": {
        "grid_id": "G035_054",
        "綠地類型": "公園／都市綠地",
        "中心經度": 121.851546,
        "中心緯度": 24.624676,
        "分析面積_km2": 0.431,
        "2020面積_ha": 0.63,
        "2024面積_ha": 0.9,
        "面積減少率_pct": 0.0,
        "2020斑塊數": 1,
        "2024斑塊數": 2,
        "斑塊數增加率_pct": 100.0,
        "2020平均斑塊面積_ha": 1.44,
        "2024平均斑塊面積_ha": 0.945,
        "平均斑塊面積下降率_pct": 34.38,
        "道路切割密度_km_per_km2": 5.637,
        "建成區邊界切割密度_km_per_km2": 0.07,
        "孤立小斑塊比例_pct": 100.0,
        "距大型連續綠地平均距離_m": 1042.6,
        "score_面積減少": 29.87551867219917,
        "score_斑塊增加": 95.0207468879668,
        "score_平均斑塊縮小": 71.36929460580913,
        "score_道路建成區切割": 46.2655601659751,
        "score_孤立比例": 80.29045643153528,
        "score_距大型綠地": 39.004149377593365,
        "綜合破碎化分數": 60.3,
        "破碎化等級": "高",
        "判定原因": "面積減少0.0%；斑塊增加100.0%；平均斑塊縮小34.4%；道路密度5.64 km/km²；孤立比例100.0%；距大型綠地1043m",
        "2021面積_ha": 0.36,
        "2022面積_ha": 0.81,
        "2023面積_ha": 0.72
      }
    },
    {
      "type": "Feature",
      "geometry": {
        "type": "Polygon",
        "coordinates": [
          [
            [
              121.55313803228783,
              24.630818274495173
            ],
            [
              121.55317778403553,
              24.639846674671492
            ],
            [
              121.56305558731279,
              24.639810007987403
            ],
            [
              121.56301512582975,
              24.630781622998022
            ],
            [
              121.55313803228783,
              24.630818274495173
            ]
          ]
        ]
      },
      "properties": {
        "grid_id": "G036_024",
        "綠地類型": "公園／都市綠地",
        "中心經度": 121.558097,
        "中心緯度": 24.635314,
        "分析面積_km2": 1.04,
        "2020面積_ha": 0.81,
        "2024面積_ha": 0.81,
        "面積減少率_pct": 0.0,
        "2020斑塊數": 1,
        "2024斑塊數": 1,
        "斑塊數增加率_pct": 0.0,
        "2020平均斑塊面積_ha": 3.24,
        "2024平均斑塊面積_ha": 3.51,
        "平均斑塊面積下降率_pct": 0.0,
        "道路切割密度_km_per_km2": 2.595,
        "建成區邊界切割密度_km_per_km2": 0.0,
        "孤立小斑塊比例_pct": 0.0,
        "距大型連續綠地平均距離_m": 4710.2,
        "score_面積減少": 29.87551867219917,
        "score_斑塊增加": 42.531120331950206,
        "score_平均斑塊縮小": 26.970954356846473,
        "score_道路建成區切割": 16.390041493775932,
        "score_孤立比例": 20.539419087136928,
        "score_距大型綠地": 85.68464730290457,
        "綜合破碎化分數": 37.0,
        "破碎化等級": "低",
        "判定原因": "面積減少0.0%；斑塊增加0.0%；平均斑塊縮小0.0%；道路密度2.60 km/km²；孤立比例0.0%；距大型綠地4710m",
        "2021面積_ha": 0.81,
        "2022面積_ha": 0.81,
        "2023面積_ha": 0.81
      }
    },
    {
      "type": "Feature",
      "geometry": {
        "type": "Polygon",
        "coordinates": [
          [
            [
              121.56301512582975,
              24.630781622998022
            ],
            [
              121.56305558731279,
              24.639810007987403
            ],
            [
              121.57293337086864,
              24.63977269243341
            ],
            [
              121.57289219965645,
              24.63074432289971
            ],
            [
              121.56301512582975,
              24.630781622998022
            ]
          ]
        ]
      },
      "properties": {
        "grid_id": "G036_025",
        "綠地類型": "公園／都市綠地",
        "中心經度": 121.567974,
        "中心緯度": 24.635277,
        "分析面積_km2": 1.04,
        "2020面積_ha": 2.07,
        "2024面積_ha": 2.07,
        "面積減少率_pct": 0.0,
        "2020斑塊數": 3,
        "2024斑塊數": 2,
        "斑塊數增加率_pct": 0.0,
        "2020平均斑塊面積_ha": 0.69,
        "2024平均斑塊面積_ha": 1.035,
        "平均斑塊面積下降率_pct": 0.0,
        "道路切割密度_km_per_km2": 5.133,
        "建成區邊界切割密度_km_per_km2": 0.375,
        "孤立小斑塊比例_pct": 100.0,
        "距大型連續綠地平均距離_m": 3494.9,
        "score_面積減少": 29.87551867219917,
        "score_斑塊增加": 42.531120331950206,
        "score_平均斑塊縮小": 26.970954356846473,
        "score_道路建成區切割": 59.85477178423237,
        "score_孤立比例": 80.29045643153528,
        "score_距大型綠地": 75.93360995850622,
        "綜合破碎化分數": 52.6,
        "破碎化等級": "中",
        "判定原因": "面積減少0.0%；斑塊增加0.0%；平均斑塊縮小0.0%；道路密度5.13 km/km²；孤立比例100.0%；距大型綠地3495m",
        "2021面積_ha": 2.61,
        "2022面積_ha": 0.72,
        "2023面積_ha": 1.35
      }
    },
    {
      "type": "Feature",
      "geometry": {
        "type": "Polygon",
        "coordinates": [
          [
            [
              121.57289219965645,
              24.63074432289971
            ],
            [
              121.57293337086864,
              24.63977269243341
            ],
            [
              121.58281113435713,
              24.639734728014666
            ],
            [
              121.58276925342214,
              24.630706374205396
            ],
            [
              121.57289219965645,
              24.63074432289971
            ]
          ]
        ]
      },
      "properties": {
        "grid_id": "G036_026",
        "綠地類型": "公園／都市綠地",
        "中心經度": 121.577851,
        "中心緯度": 24.63524,
        "分析面積_km2": 1.04,
        "2020面積_ha": 7.2,
        "2024面積_ha": 3.87,
        "面積減少率_pct": 46.25,
        "2020斑塊數": 7,
        "2024斑塊數": 9,
        "斑塊數增加率_pct": 28.57,
        "2020平均斑塊面積_ha": 1.26,
        "2024平均斑塊面積_ha": 0.61,
        "平均斑塊面積下降率_pct": 51.59,
        "道路切割密度_km_per_km2": 6.027,
        "建成區邊界切割密度_km_per_km2": 0.865,
        "孤立小斑塊比例_pct": 72.09,
        "距大型連續綠地平均距離_m": 2665.8,
        "score_面積減少": 83.40248962655602,
        "score_斑塊增加": 85.47717842323651,
        "score_平均斑塊縮小": 79.66804979253112,
        "score_道路建成區切割": 70.12448132780082,
        "score_孤立比例": 59.33609958506224,
        "score_距大型綠地": 58.921161825726145,
        "綜合破碎化分數": 72.8,
        "破碎化等級": "高",
        "判定原因": "面積減少46.2%；斑塊增加28.6%；平均斑塊縮小51.6%；道路密度6.03 km/km²；孤立比例72.1%；距大型綠地2666m",
        "2021面積_ha": 7.29,
        "2022面積_ha": 2.34,
        "2023面積_ha": 6.12
      }
    },
    {
      "type": "Feature",
      "geometry": {
        "type": "Polygon",
        "coordinates": [
          [
            [
              121.58276925342214,
              24.630706374205396
            ],
            [
              121.58281113435713,
              24.639734728014666
            ],
            [
              121.59268887743232,
              24.639696114736417
            ],
            [
              121.59264628678099,
              24.63066777692031
            ],
            [
              121.58276925342214,
              24.630706374205396
            ]
          ]
        ]
      },
      "properties": {
        "grid_id": "G036_027",
        "綠地類型": "公園／都市綠地",
        "中心經度": 121.587729,
        "中心緯度": 24.635201,
        "分析面積_km2": 1.04,
        "2020面積_ha": 0.81,
        "2024面積_ha": 0.81,
        "面積減少率_pct": 0.0,
        "2020斑塊數": 1,
        "2024斑塊數": 1,
        "斑塊數增加率_pct": 0.0,
        "2020平均斑塊面積_ha": 5.76,
        "2024平均斑塊面積_ha": 5.67,
        "平均斑塊面積下降率_pct": 1.56,
        "道路切割密度_km_per_km2": 1.874,
        "建成區邊界切割密度_km_per_km2": 0.115,
        "孤立小斑塊比例_pct": 0.0,
        "距大型連續綠地平均距離_m": 1760.8,
        "score_面積減少": 29.87551867219917,
        "score_斑塊增加": 42.531120331950206,
        "score_平均斑塊縮小": 56.84647302904564,
        "score_道路建成區切割": 34.232365145228215,
        "score_孤立比例": 20.539419087136928,
        "score_距大型綠地": 47.30290456431535,
        "綜合破碎化分數": 38.6,
        "破碎化等級": "低",
        "判定原因": "面積減少0.0%；斑塊增加0.0%；平均斑塊縮小1.6%；道路密度1.87 km/km²；孤立比例0.0%；距大型綠地1761m",
        "2021面積_ha": 0.63,
        "2022面積_ha": 0.45,
        "2023面積_ha": 0.54
      }
    },
    {
      "type": "Feature",
      "geometry": {
        "type": "Polygon",
        "coordinates": [
          [
            [
              121.59264628678099,
              24.63066777692031
            ],
            [
              121.59268887743232,
              24.639696114736417
            ],
            [
              121.60256659974839,
              24.639656852604
            ],
            [
              121.60252329938726,
              24.630628531049794
            ],
            [
              121.59264628678099,
              24.63066777692031
            ]
          ]
        ]
      },
      "properties": {
        "grid_id": "G036_028",
        "綠地類型": "公園／都市綠地",
        "中心經度": 121.597606,
        "中心緯度": 24.635162,
        "分析面積_km2": 1.04,
        "2020面積_ha": 2.34,
        "2024面積_ha": 2.16,
        "面積減少率_pct": 7.69,
        "2020斑塊數": 1,
        "2024斑塊數": 1,
        "斑塊數增加率_pct": 0.0,
        "2020平均斑塊面積_ha": 4.86,
        "2024平均斑塊面積_ha": 4.32,
        "平均斑塊面積下降率_pct": 11.11,
        "道路切割密度_km_per_km2": 4.671,
        "建成區邊界切割密度_km_per_km2": 0.087,
        "孤立小斑塊比例_pct": 0.0,
        "距大型連續綠地平均距離_m": 283.1,
        "score_面積減少": 68.25726141078839,
        "score_斑塊增加": 42.531120331950206,
        "score_平均斑塊縮小": 65.97510373443983,
        "score_道路建成區切割": 43.672199170124486,
        "score_孤立比例": 20.539419087136928,
        "score_距大型綠地": 28.21576763485477,
        "綜合破碎化分數": 44.9,
        "破碎化等級": "中",
        "判定原因": "面積減少7.7%；斑塊增加0.0%；平均斑塊縮小11.1%；道路密度4.67 km/km²；孤立比例0.0%；距大型綠地283m",
        "2021面積_ha": 2.34,
        "2022面積_ha": 2.16,
        "2023面積_ha": 1.89
      }
    },
    {
      "type": "Feature",
      "geometry": {
        "type": "Polygon",
        "coordinates": [
          [
            [
              121.60252329938726,
              24.630628531049794
            ],
            [
              121.60256659974839,
              24.639656852604
            ],
            [
              121.61244430095937,
              24.639616941622833
            ],
            [
              121.6124002908951,
              24.630588636599263
            ],
            [
              121.60252329938726,
              24.630628531049794
            ]
          ]
        ]
      },
      "properties": {
        "grid_id": "G036_029",
        "綠地類型": "公園／都市綠地",
        "中心經度": 121.607484,
        "中心緯度": 24.635123,
        "分析面積_km2": 1.04,
        "2020面積_ha": 12.33,
        "2024面積_ha": 12.06,
        "面積減少率_pct": 2.19,
        "2020斑塊數": 4,
        "2024斑塊數": 6,
        "斑塊數增加率_pct": 50.0,
        "2020平均斑塊面積_ha": 5.513,
        "2024平均斑塊面積_ha": 3.555,
        "平均斑塊面積下降率_pct": 35.51,
        "道路切割密度_km_per_km2": 6.113,
        "建成區邊界切割密度_km_per_km2": 0.375,
        "孤立小斑塊比例_pct": 8.96,
        "距大型連續綠地平均距離_m": 107.0,
        "score_面積減少": 62.24066390041494,
        "score_斑塊增加": 89.00414937759335,
        "score_平均斑塊縮小": 72.61410788381743,
        "score_道路建成區切割": 64.52282157676349,
        "score_孤立比例": 48.54771784232365,
        "score_距大型綠地": 24.481327800829874,
        "綜合破碎化分數": 60.2,
        "破碎化等級": "高",
        "判定原因": "面積減少2.2%；斑塊增加50.0%；平均斑塊縮小35.5%；道路密度6.11 km/km²；孤立比例9.0%；距大型綠地107m",
        "2021面積_ha": 12.6,
        "2022面積_ha": 11.52,
        "2023面積_ha": 11.79
      }
    },
    {
      "type": "Feature",
      "geometry": {
        "type": "Polygon",
        "coordinates": [
          [
            [
              121.6124002908951,
              24.630588636599263
            ],
            [
              121.61244430095937,
              24.639616941622833
            ],
            [
              121.62232198071939,
              24.639576381798438
            ],
            [
              121.62227726095877,
              24.63054809357424
            ],
            [
              121.6124002908951,
              24.630588636599263
            ]
          ]
        ]
      },
      "properties": {
        "grid_id": "G036_030",
        "綠地類型": "公園／都市綠地",
        "中心經度": 121.617361,
        "中心緯度": 24.635083,
        "分析面積_km2": 1.04,
        "2020面積_ha": 6.75,
        "2024面積_ha": 6.57,
        "面積減少率_pct": 2.67,
        "2020斑塊數": 2,
        "2024斑塊數": 2,
        "斑塊數增加率_pct": 0.0,
        "2020平均斑塊面積_ha": 10.44,
        "2024平均斑塊面積_ha": 10.125,
        "平均斑塊面積下降率_pct": 3.02,
        "道路切割密度_km_per_km2": 3.835,
        "建成區邊界切割密度_km_per_km2": 0.0,
        "孤立小斑塊比例_pct": 0.0,
        "距大型連續綠地平均距離_m": 294.0,
        "score_面積減少": 62.655601659751035,
        "score_斑塊增加": 42.531120331950206,
        "score_平均斑塊縮小": 58.09128630705395,
        "score_道路建成區切割": 20.539419087136928,
        "score_孤立比例": 20.539419087136928,
        "score_距大型綠地": 28.63070539419087,
        "綜合破碎化分數": 38.8,
        "破碎化等級": "低",
        "判定原因": "面積減少2.7%；斑塊增加0.0%；平均斑塊縮小3.0%；道路密度3.83 km/km²；孤立比例0.0%；距大型綠地294m",
        "2021面積_ha": 6.66,
        "2022面積_ha": 6.66,
        "2023面積_ha": 6.66
      }
    },
    {
      "type": "Feature",
      "geometry": {
        "type": "Polygon",
        "coordinates": [
          [
            [
              121.76055239658204,
              24.629912394200527
            ],
            [
              121.76060705131944,
              24.638940419018283
            ],
            [
              121.77048436781098,
              24.638890127267953
            ],
            [
              121.77042900349194,
              24.629862123280184
            ],
            [
              121.76055239658204,
              24.629912394200527
            ]
          ]
        ]
      },
      "properties": {
        "grid_id": "G036_045",
        "綠地類型": "公園／都市綠地",
        "中心經度": 121.765518,
        "中心緯度": 24.634401,
        "分析面積_km2": 1.04,
        "2020面積_ha": 0.63,
        "2024面積_ha": 0.27,
        "面積減少率_pct": 57.14,
        "2020斑塊數": 1,
        "2024斑塊數": 1,
        "斑塊數增加率_pct": 0.0,
        "2020平均斑塊面積_ha": 0.63,
        "2024平均斑塊面積_ha": 0.27,
        "平均斑塊面積下降率_pct": 57.14,
        "道路切割密度_km_per_km2": 12.514,
        "建成區邊界切割密度_km_per_km2": 0.087,
        "孤立小斑塊比例_pct": 100.0,
        "距大型連續綠地平均距離_m": 939.6,
        "score_面積減少": 86.30705394190872,
        "score_斑塊增加": 42.531120331950206,
        "score_平均斑塊縮小": 82.57261410788381,
        "score_道路建成區切割": 71.47302904564316,
        "score_孤立比例": 80.29045643153528,
        "score_距大型綠地": 36.09958506224066,
        "綜合破碎化分數": 66.5,
        "破碎化等級": "高",
        "判定原因": "面積減少57.1%；斑塊增加0.0%；平均斑塊縮小57.1%；道路密度12.51 km/km²；孤立比例100.0%；距大型綠地940m",
        "2021面積_ha": 0.54,
        "2022面積_ha": 0.09,
        "2023面積_ha": 0.36
      }
    },
    {
      "type": "Feature",
      "geometry": {
        "type": "Polygon",
        "coordinates": [
          [
            [
              121.78030558342573,
              24.6298112038857
            ],
            [
              121.78036165731791,
              24.638839186774796
            ],
            [
              121.79023891949447,
              24.638787597545846
            ],
            [
              121.79018213603773,
              24.629759636024104
            ],
            [
              121.78030558342573,
              24.6298112038857
            ]
          ]
        ]
      },
      "properties": {
        "grid_id": "G036_047",
        "綠地類型": "公園／都市綠地",
        "中心經度": 121.785272,
        "中心緯度": 24.634299,
        "分析面積_km2": 1.04,
        "2020面積_ha": 0.9,
        "2024面積_ha": 1.62,
        "面積減少率_pct": 0.0,
        "2020斑塊數": 1,
        "2024斑塊數": 1,
        "斑塊數增加率_pct": 0.0,
        "2020平均斑塊面積_ha": 3.06,
        "2024平均斑塊面積_ha": 4.14,
        "平均斑塊面積下降率_pct": 0.0,
        "道路切割密度_km_per_km2": 11.938,
        "建成區邊界切割密度_km_per_km2": 0.173,
        "孤立小斑塊比例_pct": 0.0,
        "距大型連續綠地平均距離_m": 3031.4,
        "score_面積減少": 29.87551867219917,
        "score_斑塊增加": 42.531120331950206,
        "score_平均斑塊縮小": 26.970954356846473,
        "score_道路建成區切割": 74.68879668049792,
        "score_孤立比例": 20.539419087136928,
        "score_距大型綠地": 66.39004149377593,
        "綜合破碎化分數": 43.5,
        "破碎化等級": "低",
        "判定原因": "面積減少0.0%；斑塊增加0.0%；平均斑塊縮小0.0%；道路密度11.94 km/km²；孤立比例0.0%；距大型綠地3031m",
        "2021面積_ha": 1.26,
        "2022面積_ha": 0.81,
        "2023面積_ha": 1.8
      }
    },
    {
      "type": "Feature",
      "geometry": {
        "type": "Polygon",
        "coordinates": [
          [
            [
              121.79018213603773,
              24.629759636024104
            ],
            [
              121.79023891949447,
              24.638787597545846
            ],
            [
              121.80011615399475,
              24.638735359588225
            ],
            [
              121.80005866098227,
              24.629707419702505
            ],
            [
              121.79018213603773,
              24.629759636024104
            ]
          ]
        ]
      },
      "properties": {
        "grid_id": "G036_048",
        "綠地類型": "公園／都市綠地",
        "中心經度": 121.795149,
        "中心緯度": 24.634248,
        "分析面積_km2": 1.04,
        "2020面積_ha": 0.27,
        "2024面積_ha": 0.54,
        "面積減少率_pct": 0.0,
        "2020斑塊數": 1,
        "2024斑塊數": 2,
        "斑塊數增加率_pct": 100.0,
        "2020平均斑塊面積_ha": 3.06,
        "2024平均斑塊面積_ha": 2.115,
        "平均斑塊面積下降率_pct": 30.88,
        "道路切割密度_km_per_km2": 13.091,
        "建成區邊界切割密度_km_per_km2": 0.029,
        "孤立小斑塊比例_pct": 16.67,
        "距大型連續綠地平均距離_m": 3212.0,
        "score_面積減少": 29.87551867219917,
        "score_斑塊增加": 95.0207468879668,
        "score_平均斑塊縮小": 69.70954356846472,
        "score_道路建成區切割": 64.21161825726142,
        "score_孤立比例": 50.4149377593361,
        "score_距大型綠地": 73.02904564315352,
        "綜合破碎化分數": 63.7,
        "破碎化等級": "高",
        "判定原因": "面積減少0.0%；斑塊增加100.0%；平均斑塊縮小30.9%；道路密度13.09 km/km²；孤立比例16.7%；距大型綠地3212m",
        "2021面積_ha": 0.45,
        "2022面積_ha": 0.45,
        "2023面積_ha": 0.45
      }
    },
    {
      "type": "Feature",
      "geometry": {
        "type": "Polygon",
        "coordinates": [
          [
            [
              121.84944085859371,
              24.629436611450217
            ],
            [
              121.83956447717183,
              24.629492069961795
            ],
            [
              121.83962480831792,
              24.638519920616734
            ],
            [
              121.84733666446543,
              24.638476657189166
            ],
            [
              121.84750799999999,
              24.6378786
            ],
            [
              121.8476939,
              24.637401100000005
            ],
            [
              121.8479269,
              24.636885899999996
            ],
            [
              121.8480878,
              24.6365885
            ],
            [
              121.84838679999999,
              24.635909099999996
            ],
            [
              121.84855380000002,
              24.635405199999997
            ],
            [
              121.8486578,
              24.635048600000005
            ],
            [
              121.849118,
              24.6340978
            ],
            [
              121.84928050000002,
              24.633355099999996
            ],
            [
              121.8494643368071,
              24.63290952832115
            ],
            [
              121.84944085859371,
              24.629436611450217
            ]
          ]
        ]
      },
      "properties": {
        "grid_id": "G036_053",
        "綠地類型": "公園／都市綠地",
        "中心經度": 121.844396,
        "中心緯度": 24.633753,
        "分析面積_km2": 0.971,
        "2020面積_ha": 5.94,
        "2024面積_ha": 6.66,
        "面積減少率_pct": 0.0,
        "2020斑塊數": 2,
        "2024斑塊數": 2,
        "斑塊數增加率_pct": 0.0,
        "2020平均斑塊面積_ha": 6.21,
        "2024平均斑塊面積_ha": 6.66,
        "平均斑塊面積下降率_pct": 0.0,
        "道路切割密度_km_per_km2": 7.6,
        "建成區邊界切割密度_km_per_km2": 0.34,
        "孤立小斑塊比例_pct": 4.05,
        "距大型連續綠地平均距離_m": 36.8,
        "score_面積減少": 29.87551867219917,
        "score_斑塊增加": 42.531120331950206,
        "score_平均斑塊縮小": 26.970954356846473,
        "score_道路建成區切割": 69.08713692946058,
        "score_孤立比例": 45.22821576763486,
        "score_距大型綠地": 22.40663900414938,
        "綜合破碎化分數": 39.3,
        "破碎化等級": "低",
        "判定原因": "面積減少0.0%；斑塊增加0.0%；平均斑塊縮小0.0%；道路密度7.60 km/km²；孤立比例4.0%；距大型綠地37m",
        "2021面積_ha": 5.58,
        "2022面積_ha": 6.21,
        "2023面積_ha": 6.93
      }
    },
    {
      "type": "Feature",
      "geometry": {
        "type": "Polygon",
        "coordinates": [
          [
            [
              121.55317778403553,
              24.639846674671492
            ],
            [
              121.55321755515874,
              24.648875063947845
            ],
            [
              121.56309606851731,
              24.6488383820747
            ],
            [
              121.56305558731279,
              24.639810007987403
            ],
            [
              121.55317778403553,
              24.639846674671492
            ]
          ]
        ]
      },
      "properties": {
        "grid_id": "G037_024",
        "綠地類型": "公園／都市綠地",
        "中心經度": 121.558137,
        "中心緯度": 24.644343,
        "分析面積_km2": 1.04,
        "2020面積_ha": 2.7,
        "2024面積_ha": 2.97,
        "面積減少率_pct": 0.0,
        "2020斑塊數": 1,
        "2024斑塊數": 1,
        "斑塊數增加率_pct": 0.0,
        "2020平均斑塊面積_ha": 3.24,
        "2024平均斑塊面積_ha": 3.51,
        "平均斑塊面積下降率_pct": 0.0,
        "道路切割密度_km_per_km2": 0.923,
        "建成區邊界切割密度_km_per_km2": 0.0,
        "孤立小斑塊比例_pct": 0.0,
        "距大型連續綠地平均距離_m": 4485.8,
        "score_面積減少": 29.87551867219917,
        "score_斑塊增加": 42.531120331950206,
        "score_平均斑塊縮小": 26.970954356846473,
        "score_道路建成區切割": 10.995850622406639,
        "score_孤立比例": 20.539419087136928,
        "score_距大型綠地": 84.23236514522821,
        "綜合破碎化分數": 35.9,
        "破碎化等級": "低",
        "判定原因": "面積減少0.0%；斑塊增加0.0%；平均斑塊縮小0.0%；道路密度0.92 km/km²；孤立比例0.0%；距大型綠地4486m",
        "2021面積_ha": 3.06,
        "2022面積_ha": 2.79,
        "2023面積_ha": 2.97
      }
    },
    {
      "type": "Feature",
      "geometry": {
        "type": "Polygon",
        "coordinates": [
          [
            [
              121.56305558731279,
              24.639810007987403
            ],
            [
              121.56309606851731,
              24.6488383820747
            ],
            [
              121.57297456214818,
              24.648801051062865
            ],
            [
              121.57293337086864,
              24.63977269243341
            ],
            [
              121.56305558731279,
              24.639810007987403
            ]
          ]
        ]
      },
      "properties": {
        "grid_id": "G037_025",
        "綠地類型": "公園／都市綠地",
        "中心經度": 121.568015,
        "中心緯度": 24.644306,
        "分析面積_km2": 1.04,
        "2020面積_ha": 5.94,
        "2024面積_ha": 5.94,
        "面積減少率_pct": 0.0,
        "2020斑塊數": 3,
        "2024斑塊數": 3,
        "斑塊數增加率_pct": 0.0,
        "2020平均斑塊面積_ha": 2.76,
        "2024平均斑塊面積_ha": 2.67,
        "平均斑塊面積下降率_pct": 3.26,
        "道路切割密度_km_per_km2": 4.412,
        "建成區邊界切割密度_km_per_km2": 0.087,
        "孤立小斑塊比例_pct": 50.0,
        "距大型連續綠地平均距離_m": 3604.6,
        "score_面積減少": 29.87551867219917,
        "score_斑塊增加": 42.531120331950206,
        "score_平均斑塊縮小": 59.75103734439834,
        "score_道路建成區切割": 42.427385892116185,
        "score_孤立比例": 58.50622406639005,
        "score_距大型綠地": 76.76348547717843,
        "綜合破碎化分數": 51.6,
        "破碎化等級": "中",
        "判定原因": "面積減少0.0%；斑塊增加0.0%；平均斑塊縮小3.3%；道路密度4.41 km/km²；孤立比例50.0%；距大型綠地3605m",
        "2021面積_ha": 5.76,
        "2022面積_ha": 5.76,
        "2023面積_ha": 5.85
      }
    },
    {
      "type": "Feature",
      "geometry": {
        "type": "Polygon",
        "coordinates": [
          [
            [
              121.57293337086864,
              24.63977269243341
            ],
            [
              121.57297456214818,
              24.648801051062865
            ],
            [
              121.58285303570537,
              24.648763070917504
            ],
            [
              121.58281113435713,
              24.639734728014666
            ],
            [
              121.57293337086864,
              24.63977269243341
            ]
          ]
        ]
      },
      "properties": {
        "grid_id": "G037_026",
        "綠地類型": "公園／都市綠地",
        "中心經度": 121.577893,
        "中心緯度": 24.644268,
        "分析面積_km2": 1.04,
        "2020面積_ha": 5.22,
        "2024面積_ha": 4.41,
        "面積減少率_pct": 15.52,
        "2020斑塊數": 4,
        "2024斑塊數": 3,
        "斑塊數增加率_pct": 0.0,
        "2020平均斑塊面積_ha": 2.34,
        "2024平均斑塊面積_ha": 2.52,
        "平均斑塊面積下降率_pct": 0.0,
        "道路切割密度_km_per_km2": 4.556,
        "建成區邊界切割密度_km_per_km2": 0.173,
        "孤立小斑塊比例_pct": 6.12,
        "距大型連續綠地平均距離_m": 2649.6,
        "score_面積減少": 72.61410788381743,
        "score_斑塊增加": 42.531120331950206,
        "score_平均斑塊縮小": 26.970954356846473,
        "score_道路建成區切割": 48.65145228215767,
        "score_孤立比例": 46.058091286307054,
        "score_距大型綠地": 58.09128630705395,
        "綜合破碎化分數": 49.2,
        "破碎化等級": "中",
        "判定原因": "面積減少15.5%；斑塊增加0.0%；平均斑塊縮小0.0%；道路密度4.56 km/km²；孤立比例6.1%；距大型綠地2650m",
        "2021面積_ha": 4.5,
        "2022面積_ha": 4.23,
        "2023面積_ha": 4.05
      }
    },
    {
      "type": "Feature",
      "geometry": {
        "type": "Polygon",
        "coordinates": [
          [
            [
              121.58281113435713,
              24.639734728014666
            ],
            [
              121.58285303570537,
              24.648763070917504
            ],
            [
              121.59273148884283,
              24.64872444164385
            ],
            [
              121.59268887743232,
              24.639696114736417
            ],
            [
              121.58281113435713,
              24.639734728014666
            ]
          ]
        ]
      },
      "properties": {
        "grid_id": "G037_027",
        "綠地類型": "公園／都市綠地",
        "中心經度": 121.587771,
        "中心緯度": 24.64423,
        "分析面積_km2": 1.04,
        "2020面積_ha": 11.25,
        "2024面積_ha": 11.25,
        "面積減少率_pct": 0.0,
        "2020斑塊數": 3,
        "2024斑塊數": 3,
        "斑塊數增加率_pct": 0.0,
        "2020平均斑塊面積_ha": 3.84,
        "2024平均斑塊面積_ha": 3.84,
        "平均斑塊面積下降率_pct": 0.0,
        "道路切割密度_km_per_km2": 4.123,
        "建成區邊界切割密度_km_per_km2": 0.404,
        "孤立小斑塊比例_pct": 3.2,
        "距大型連續綠地平均距離_m": 1575.8,
        "score_面積減少": 29.87551867219917,
        "score_斑塊增加": 42.531120331950206,
        "score_平均斑塊縮小": 26.970954356846473,
        "score_道路建成區切割": 55.91286307053942,
        "score_孤立比例": 43.56846473029046,
        "score_距大型綠地": 44.398340248962654,
        "綜合破碎化分數": 40.5,
        "破碎化等級": "低",
        "判定原因": "面積減少0.0%；斑塊增加0.0%；平均斑塊縮小0.0%；道路密度4.12 km/km²；孤立比例3.2%；距大型綠地1576m",
        "2021面積_ha": 11.25,
        "2022面積_ha": 10.62,
        "2023面積_ha": 10.71
      }
    },
    {
      "type": "Feature",
      "geometry": {
        "type": "Polygon",
        "coordinates": [
          [
            [
              121.59268887743232,
              24.639696114736417
            ],
            [
              121.59273148884283,
              24.64872444164385
            ],
            [
              121.60260992121457,
              24.648685163247258
            ],
            [
              121.60256659974839,
              24.639656852604
            ],
            [
              121.59268887743232,
              24.639696114736417
            ]
          ]
        ]
      },
      "properties": {
        "grid_id": "G037_028",
        "綠地類型": "公園／都市綠地",
        "中心經度": 121.597649,
        "中心緯度": 24.644191,
        "分析面積_km2": 1.04,
        "2020面積_ha": 2.79,
        "2024面積_ha": 2.52,
        "面積減少率_pct": 9.68,
        "2020斑塊數": 2,
        "2024斑塊數": 2,
        "斑塊數增加率_pct": 0.0,
        "2020平均斑塊面積_ha": 5.31,
        "2024平均斑塊面積_ha": 4.995,
        "平均斑塊面積下降率_pct": 5.93,
        "道路切割密度_km_per_km2": 2.884,
        "建成區邊界切割密度_km_per_km2": 0.087,
        "孤立小斑塊比例_pct": 0.0,
        "距大型連續綠地平均距離_m": 492.4,
        "score_面積減少": 70.12448132780082,
        "score_斑塊增加": 42.531120331950206,
        "score_平均斑塊縮小": 62.24066390041494,
        "score_道路建成區切割": 36.61825726141079,
        "score_孤立比例": 20.539419087136928,
        "score_距大型綠地": 31.535269709543567,
        "綜合破碎化分數": 43.9,
        "破碎化等級": "中",
        "判定原因": "面積減少9.7%；斑塊增加0.0%；平均斑塊縮小5.9%；道路密度2.88 km/km²；孤立比例0.0%；距大型綠地492m",
        "2021面積_ha": 2.7,
        "2022面積_ha": 2.43,
        "2023面積_ha": 2.07
      }
    },
    {
      "type": "Feature",
      "geometry": {
        "type": "Polygon",
        "coordinates": [
          [
            [
              121.60256659974839,
              24.639656852604
            ],
            [
              121.60260992121457,
              24.648685163247258
            ],
            [
              121.61248833247456,
              24.64864523573315
            ],
            [
              121.61244430095937,
              24.639616941622833
            ],
            [
              121.60256659974839,
              24.639656852604
            ]
          ]
        ]
      },
      "properties": {
        "grid_id": "G037_029",
        "綠地類型": "公園／都市綠地",
        "中心經度": 121.607527,
        "中心緯度": 24.644151,
        "分析面積_km2": 1.04,
        "2020面積_ha": 6.75,
        "2024面積_ha": 5.67,
        "面積減少率_pct": 16.0,
        "2020斑塊數": 3,
        "2024斑塊數": 6,
        "斑塊數增加率_pct": 100.0,
        "2020平均斑塊面積_ha": 5.25,
        "2024平均斑塊面積_ha": 2.37,
        "平均斑塊面積下降率_pct": 54.86,
        "道路切割密度_km_per_km2": 6.315,
        "建成區邊界切割密度_km_per_km2": 0.461,
        "孤立小斑塊比例_pct": 25.4,
        "距大型連續綠地平均距離_m": 696.0,
        "score_面積減少": 73.02904564315352,
        "score_斑塊增加": 95.0207468879668,
        "score_平均斑塊縮小": 81.74273858921161,
        "score_道路建成區切割": 67.9460580912863,
        "score_孤立比例": 53.941908713692946,
        "score_距大型綠地": 33.19502074688796,
        "綜合破碎化分數": 67.5,
        "破碎化等級": "高",
        "判定原因": "面積減少16.0%；斑塊增加100.0%；平均斑塊縮小54.9%；道路密度6.32 km/km²；孤立比例25.4%；距大型綠地696m",
        "2021面積_ha": 7.11,
        "2022面積_ha": 5.94,
        "2023面積_ha": 5.85
      }
    },
    {
      "type": "Feature",
      "geometry": {
        "type": "Polygon",
        "coordinates": [
          [
            [
              121.61244430095937,
              24.639616941622833
            ],
            [
              121.61248833247456,
              24.64864523573315
            ],
            [
              121.62236672227682,
              24.648604659107033
            ],
            [
              121.62232198071939,
              24.639576381798438
            ],
            [
              121.61244430095937,
              24.639616941622833
            ]
          ]
        ]
      },
      "properties": {
        "grid_id": "G037_030",
        "綠地類型": "公園／都市綠地",
        "中心經度": 121.617405,
        "中心緯度": 24.644111,
        "分析面積_km2": 1.04,
        "2020面積_ha": 2.79,
        "2024面積_ha": 2.61,
        "面積減少率_pct": 6.45,
        "2020斑塊數": 3,
        "2024斑塊數": 4,
        "斑塊數增加率_pct": 33.33,
        "2020平均斑塊面積_ha": 5.25,
        "2024平均斑塊面積_ha": 3.465,
        "平均斑塊面積下降率_pct": 34.0,
        "道路切割密度_km_per_km2": 3.922,
        "建成區邊界切割密度_km_per_km2": 0.0,
        "孤立小斑塊比例_pct": 24.14,
        "距大型連續綠地平均距離_m": 1060.9,
        "score_面積減少": 66.80497925311202,
        "score_斑塊增加": 86.51452282157676,
        "score_平均斑塊縮小": 70.95435684647303,
        "score_道路建成區切割": 21.265560165975103,
        "score_孤立比例": 52.282157676348554,
        "score_距大型綠地": 39.41908713692946,
        "綜合破碎化分數": 56.2,
        "破碎化等級": "高",
        "判定原因": "面積減少6.5%；斑塊增加33.3%；平均斑塊縮小34.0%；道路密度3.92 km/km²；孤立比例24.1%；距大型綠地1061m",
        "2021面積_ha": 2.79,
        "2022面積_ha": 2.52,
        "2023面積_ha": 2.7
      }
    },
    {
      "type": "Feature",
      "geometry": {
        "type": "Polygon",
        "coordinates": [
          [
            [
              121.72109752242346,
              24.639135098453707
            ],
            [
              121.72114936400665,
              24.64816319296343
            ],
            [
              121.73102749493894,
              24.648115476495004
            ],
            [
              121.73097494339525,
              24.63908740174327
            ],
            [
              121.72109752242346,
              24.639135098453707
            ]
          ]
        ]
      },
      "properties": {
        "grid_id": "G037_041",
        "綠地類型": "公園／都市綠地",
        "中心經度": 121.726062,
        "中心緯度": 24.643625,
        "分析面積_km2": 1.04,
        "2020面積_ha": 0.36,
        "2024面積_ha": 0.36,
        "面積減少率_pct": 0.0,
        "2020斑塊數": 1,
        "2024斑塊數": 1,
        "斑塊數增加率_pct": 0.0,
        "2020平均斑塊面積_ha": 0.36,
        "2024平均斑塊面積_ha": 0.36,
        "平均斑塊面積下降率_pct": 0.0,
        "道路切割密度_km_per_km2": 5.882,
        "建成區邊界切割密度_km_per_km2": 0.058,
        "孤立小斑塊比例_pct": 100.0,
        "距大型連續綠地平均距離_m": 3096.3,
        "score_面積減少": 29.87551867219917,
        "score_斑塊增加": 42.531120331950206,
        "score_平均斑塊縮小": 26.970954356846473,
        "score_道路建成區切割": 44.91701244813278,
        "score_孤立比例": 80.29045643153528,
        "score_距大型綠地": 70.53941908713693,
        "綜合破碎化分數": 49.2,
        "破碎化等級": "中",
        "判定原因": "面積減少0.0%；斑塊增加0.0%；平均斑塊縮小0.0%；道路密度5.88 km/km²；孤立比例100.0%；距大型綠地3096m",
        "2021面積_ha": 0.36,
        "2022面積_ha": 0.27,
        "2023面積_ha": 0.27
      }
    },
    {
      "type": "Feature",
      "geometry": {
        "type": "Polygon",
        "coordinates": [
          [
            [
              121.73097494339525,
              24.63908740174327
            ],
            [
              121.73102749493894,
              24.648115476495004
            ],
            [
              121.74090560026181,
              24.648067110987764
            ],
            [
              121.74085233876573,
              24.639039056262753
            ],
            [
              121.73097494339525,
              24.63908740174327
            ]
          ]
        ]
      },
      "properties": {
        "grid_id": "G037_042",
        "綠地類型": "公園／都市綠地",
        "中心經度": 121.73594,
        "中心緯度": 24.643577,
        "分析面積_km2": 1.04,
        "2020面積_ha": 0.27,
        "2024面積_ha": 0.27,
        "面積減少率_pct": 0.0,
        "2020斑塊數": 2,
        "2024斑塊數": 2,
        "斑塊數增加率_pct": 0.0,
        "2020平均斑塊面積_ha": 0.135,
        "2024平均斑塊面積_ha": 0.135,
        "平均斑塊面積下降率_pct": 0.0,
        "道路切割密度_km_per_km2": 2.566,
        "建成區邊界切割密度_km_per_km2": 0.029,
        "孤立小斑塊比例_pct": 100.0,
        "距大型連續綠地平均距離_m": 2757.3,
        "score_面積減少": 29.87551867219917,
        "score_斑塊增加": 42.531120331950206,
        "score_平均斑塊縮小": 26.970954356846473,
        "score_道路建成區切割": 26.348547717842326,
        "score_孤立比例": 80.29045643153528,
        "score_距大型綠地": 60.99585062240664,
        "綜合破碎化分數": 44.5,
        "破碎化等級": "中",
        "判定原因": "面積減少0.0%；斑塊增加0.0%；平均斑塊縮小0.0%；道路密度2.57 km/km²；孤立比例100.0%；距大型綠地2757m",
        "2021面積_ha": 0.27,
        "2022面積_ha": 0.18,
        "2023面積_ha": 0.45
      }
    },
    {
      "type": "Feature",
      "geometry": {
        "type": "Polygon",
        "coordinates": [
          [
            [
              121.75072970818907,
              24.63899006201884
            ],
            [
              121.75078367962935,
              24.648018096448396
            ],
            [
              121.76066173269561,
              24.647968432883665
            ],
            [
              121.76060705131944,
              24.638940419018283
            ],
            [
              121.75072970818907,
              24.63899006201884
            ]
          ]
        ]
      },
      "properties": {
        "grid_id": "G037_044",
        "綠地類型": "公園／都市綠地",
        "中心經度": 121.755696,
        "中心緯度": 24.643479,
        "分析面積_km2": 1.04,
        "2020面積_ha": 0.09,
        "2024面積_ha": 0.09,
        "面積減少率_pct": 0.0,
        "2020斑塊數": 1,
        "2024斑塊數": 1,
        "斑塊數增加率_pct": 0.0,
        "2020平均斑塊面積_ha": 0.09,
        "2024平均斑塊面積_ha": 0.09,
        "平均斑塊面積下降率_pct": 0.0,
        "道路切割密度_km_per_km2": 9.919,
        "建成區邊界切割密度_km_per_km2": 0.029,
        "孤立小斑塊比例_pct": 100.0,
        "距大型連續綠地平均距離_m": 1590.0,
        "score_面積減少": 29.87551867219917,
        "score_斑塊增加": 42.531120331950206,
        "score_平均斑塊縮小": 26.970954356846473,
        "score_道路建成區切割": 54.66804979253112,
        "score_孤立比例": 80.29045643153528,
        "score_距大型綠地": 44.81327800829876,
        "綜合破碎化分數": 46.5,
        "破碎化等級": "中",
        "判定原因": "面積減少0.0%；斑塊增加0.0%；平均斑塊縮小0.0%；道路密度9.92 km/km²；孤立比例100.0%；距大型綠地1590m",
        "2021面積_ha": 0.09,
        "2022面積_ha": 0.0,
        "2023面積_ha": 0.09
      }
    },
    {
      "type": "Feature",
      "geometry": {
        "type": "Polygon",
        "coordinates": [
          [
            [
              121.78036165731791,
              24.638839186774796
            ],
            [
              121.78041775854054,
              24.647867158705655
            ],
            [
              121.7902957306274,
              24.647815548106365
            ],
            [
              121.79023891949447,
              24.638787597545846
            ],
            [
              121.78036165731791,
              24.638839186774796
            ]
          ]
        ]
      },
      "properties": {
        "grid_id": "G037_047",
        "綠地類型": "公園／都市綠地",
        "中心經度": 121.785329,
        "中心緯度": 24.643327,
        "分析面積_km2": 1.04,
        "2020面積_ha": 4.95,
        "2024面積_ha": 7.56,
        "面積減少率_pct": 0.0,
        "2020斑塊數": 3,
        "2024斑塊數": 4,
        "斑塊數增加率_pct": 33.33,
        "2020平均斑塊面積_ha": 2.13,
        "2024平均斑塊面積_ha": 2.453,
        "平均斑塊面積下降率_pct": 0.0,
        "道路切割密度_km_per_km2": 8.506,
        "建成區邊界切割密度_km_per_km2": 0.692,
        "孤立小斑塊比例_pct": 3.57,
        "距大型連續綠地平均距離_m": 3162.1,
        "score_面積減少": 29.87551867219917,
        "score_斑塊增加": 86.51452282157676,
        "score_平均斑塊縮小": 26.970954356846473,
        "score_道路建成區切割": 78.63070539419087,
        "score_孤立比例": 43.983402489626556,
        "score_距大型綠地": 71.78423236514523,
        "綜合破碎化分數": 56.3,
        "破碎化等級": "高",
        "判定原因": "面積減少0.0%；斑塊增加33.3%；平均斑塊縮小0.0%；道路密度8.51 km/km²；孤立比例3.6%；距大型綠地3162m",
        "2021面積_ha": 6.93,
        "2022面積_ha": 4.59,
        "2023面積_ha": 8.28
      }
    },
    {
      "type": "Feature",
      "geometry": {
        "type": "Polygon",
        "coordinates": [
          [
            [
              121.79023891949447,
              24.638787597545846
            ],
            [
              121.7902957306274,
              24.647815548106365
            ],
            [
              121.80017367502927,
              24.6477632885097
            ],
            [
              121.80011615399475,
              24.638735359588225
            ],
            [
              121.79023891949447,
              24.638787597545846
            ]
          ]
        ]
      },
      "properties": {
        "grid_id": "G037_048",
        "綠地類型": "公園／都市綠地",
        "中心經度": 121.795206,
        "中心緯度": 24.643276,
        "分析面積_km2": 1.04,
        "2020面積_ha": 0.9,
        "2024面積_ha": 0.99,
        "面積減少率_pct": 0.0,
        "2020斑塊數": 1,
        "2024斑塊數": 1,
        "斑塊數增加率_pct": 0.0,
        "2020平均斑塊面積_ha": 3.06,
        "2024平均斑塊面積_ha": 4.14,
        "平均斑塊面積下降率_pct": 0.0,
        "道路切割密度_km_per_km2": 10.438,
        "建成區邊界切割密度_km_per_km2": 0.0,
        "孤立小斑塊比例_pct": 0.0,
        "距大型連續綠地平均距離_m": 3200.6,
        "score_面積減少": 29.87551867219917,
        "score_斑塊增加": 42.531120331950206,
        "score_平均斑塊縮小": 26.970954356846473,
        "score_道路建成區切割": 46.058091286307054,
        "score_孤立比例": 20.539419087136928,
        "score_距大型綠地": 72.19917012448133,
        "綜合破碎化分數": 39.7,
        "破碎化等級": "低",
        "判定原因": "面積減少0.0%；斑塊增加0.0%；平均斑塊縮小0.0%；道路密度10.44 km/km²；孤立比例0.0%；距大型綠地3201m",
        "2021面積_ha": 0.99,
        "2022面積_ha": 0.99,
        "2023面積_ha": 0.99
      }
    },
    {
      "type": "Feature",
      "geometry": {
        "type": "Polygon",
        "coordinates": [
          [
            [
              121.83962480831792,
              24.638519920616734
            ],
            [
              121.83968516886917,
              24.647547760294973
            ],
            [
              121.84399244196538,
              24.647523637056324
            ],
            [
              121.84403789999999,
              24.647368499999995
            ],
            [
              121.8440462,
              24.647336399999997
            ],
            [
              121.8441652,
              24.6468746
            ],
            [
              121.84433790000001,
              24.646338699999998
            ],
            [
              121.8448215,
              24.645137899999998
            ],
            [
              121.84497280000001,
              24.644705899999998
            ],
            [
              121.845372,
              24.643566600000007
            ],
            [
              121.8455876,
              24.6430673
            ],
            [
              121.84597729999999,
              24.6420692
            ],
            [
              121.8463579,
              24.6409486
            ],
            [
              121.8466569,
              24.640274499999993
            ],
            [
              121.84719590000002,
              24.638968000000002
            ],
            [
              121.84733666446543,
              24.638476657189166
            ],
            [
              121.83962480831792,
              24.638519920616734
            ]
          ]
        ]
      },
      "properties": {
        "grid_id": "G037_053",
        "綠地類型": "公園／都市綠地",
        "中心經度": 121.842717,
        "中心緯度": 24.642585,
        "分析面積_km2": 0.639,
        "2020面積_ha": 5.85,
        "2024面積_ha": 5.85,
        "面積減少率_pct": 0.0,
        "2020斑塊數": 1,
        "2024斑塊數": 1,
        "斑塊數增加率_pct": 0.0,
        "2020平均斑塊面積_ha": 10.98,
        "2024平均斑塊面積_ha": 11.52,
        "平均斑塊面積下降率_pct": 0.0,
        "道路切割密度_km_per_km2": 8.31,
        "建成區邊界切割密度_km_per_km2": 0.516,
        "孤立小斑塊比例_pct": 0.0,
        "距大型連續綠地平均距離_m": 0.0,
        "score_面積減少": 29.87551867219917,
        "score_斑塊增加": 42.531120331950206,
        "score_平均斑塊縮小": 26.970954356846473,
        "score_道路建成區切割": 75.72614107883818,
        "score_孤立比例": 20.539419087136928,
        "score_距大型綠地": 9.95850622406639,
        "綜合破碎化分數": 34.3,
        "破碎化等級": "低",
        "判定原因": "面積減少0.0%；斑塊增加0.0%；平均斑塊縮小0.0%；道路密度8.31 km/km²；孤立比例0.0%；距大型綠地0m",
        "2021面積_ha": 5.49,
        "2022面積_ha": 6.12,
        "2023面積_ha": 6.39
      }
    },
    {
      "type": "Feature",
      "geometry": {
        "type": "Polygon",
        "coordinates": [
          [
            [
              121.46431010428155,
              24.64917598875857
            ],
            [
              121.46434350067824,
              24.65820449175527
            ],
            [
              121.47422288649283,
              24.658173639575935
            ],
            [
              121.47418877961766,
              24.649145149350918
            ],
            [
              121.46431010428155,
              24.64917598875857
            ]
          ]
        ]
      },
      "properties": {
        "grid_id": "G038_015",
        "綠地類型": "公園／都市綠地",
        "中心經度": 121.469266,
        "中心緯度": 24.653675,
        "分析面積_km2": 1.04,
        "2020面積_ha": 3.87,
        "2024面積_ha": 3.87,
        "面積減少率_pct": 0.0,
        "2020斑塊數": 2,
        "2024斑塊數": 2,
        "斑塊數增加率_pct": 0.0,
        "2020平均斑塊面積_ha": 2.43,
        "2024平均斑塊面積_ha": 2.43,
        "平均斑塊面積下降率_pct": 0.0,
        "道路切割密度_km_per_km2": 4.931,
        "建成區邊界切割密度_km_per_km2": 0.0,
        "孤立小斑塊比例_pct": 0.0,
        "距大型連續綠地平均距離_m": 7515.3,
        "score_面積減少": 29.87551867219917,
        "score_斑塊增加": 42.531120331950206,
        "score_平均斑塊縮小": 26.970954356846473,
        "score_道路建成區切割": 25.622406639004147,
        "score_孤立比例": 20.539419087136928,
        "score_距大型綠地": 95.0207468879668,
        "綜合破碎化分數": 40.1,
        "破碎化等級": "低",
        "判定原因": "面積減少0.0%；斑塊增加0.0%；平均斑塊縮小0.0%；道路密度4.93 km/km²；孤立比例0.0%；距大型綠地7515m",
        "2021面積_ha": 3.87,
        "2022面積_ha": 3.87,
        "2023面積_ha": 3.87
      }
    },
    {
      "type": "Feature",
      "geometry": {
        "type": "Polygon",
        "coordinates": [
          [
            [
              121.47418877961766,
              24.649145149350918
            ],
            [
              121.47422288649283,
              24.658173639575935
            ],
            [
              121.48410225568885,
              24.65814213794669
            ],
            [
              121.48406743834043,
              24.649113660762193
            ],
            [
              121.47418877961766,
              24.649145149350918
            ]
          ]
        ]
      },
      "properties": {
        "grid_id": "G038_016",
        "綠地類型": "公園／都市綠地",
        "中心經度": 121.479145,
        "中心緯度": 24.653644,
        "分析面積_km2": 1.04,
        "2020面積_ha": 1.26,
        "2024面積_ha": 1.26,
        "面積減少率_pct": 0.0,
        "2020斑塊數": 1,
        "2024斑塊數": 1,
        "斑塊數增加率_pct": 0.0,
        "2020平均斑塊面積_ha": 2.79,
        "2024平均斑塊面積_ha": 2.79,
        "平均斑塊面積下降率_pct": 0.0,
        "道路切割密度_km_per_km2": 5.277,
        "建成區邊界切割密度_km_per_km2": 0.0,
        "孤立小斑塊比例_pct": 0.0,
        "距大型連續綠地平均距離_m": 7521.5,
        "score_面積減少": 29.87551867219917,
        "score_斑塊增加": 42.531120331950206,
        "score_平均斑塊縮小": 26.970954356846473,
        "score_道路建成區切割": 26.970954356846473,
        "score_孤立比例": 20.539419087136928,
        "score_距大型綠地": 95.4356846473029,
        "綜合破碎化分數": 40.4,
        "破碎化等級": "低",
        "判定原因": "面積減少0.0%；斑塊增加0.0%；平均斑塊縮小0.0%；道路密度5.28 km/km²；孤立比例0.0%；距大型綠地7522m",
        "2021面積_ha": 1.26,
        "2022面積_ha": 1.26,
        "2023面積_ha": 1.26
      }
    },
    {
      "type": "Feature",
      "geometry": {
        "type": "Polygon",
        "coordinates": [
          [
            [
              121.57297456214818,
              24.648801051062865
            ],
            [
              121.57301577350141,
              24.657829398785122
            ],
            [
              121.58289495747333,
              24.657791402910934
            ],
            [
              121.58285303570537,
              24.648763070917504
            ],
            [
              121.57297456214818,
              24.648801051062865
            ]
          ]
        ]
      },
      "properties": {
        "grid_id": "G038_026",
        "綠地類型": "公園／都市綠地",
        "中心經度": 121.577935,
        "中心緯度": 24.653296,
        "分析面積_km2": 1.04,
        "2020面積_ha": 1.8,
        "2024面積_ha": 2.43,
        "面積減少率_pct": 0.0,
        "2020斑塊數": 1,
        "2024斑塊數": 1,
        "斑塊數增加率_pct": 0.0,
        "2020平均斑塊面積_ha": 1.89,
        "2024平均斑塊面積_ha": 2.52,
        "平均斑塊面積下降率_pct": 0.0,
        "道路切割密度_km_per_km2": 7.987,
        "建成區邊界切割密度_km_per_km2": 0.26,
        "孤立小斑塊比例_pct": 0.0,
        "距大型連續綠地平均距離_m": 2760.3,
        "score_面積減少": 29.87551867219917,
        "score_斑塊增加": 42.531120331950206,
        "score_平均斑塊縮小": 26.970954356846473,
        "score_道路建成區切割": 67.21991701244814,
        "score_孤立比例": 20.539419087136928,
        "score_距大型綠地": 61.41078838174274,
        "綜合破碎化分數": 41.4,
        "破碎化等級": "低",
        "判定原因": "面積減少0.0%；斑塊增加0.0%；平均斑塊縮小0.0%；道路密度7.99 km/km²；孤立比例0.0%；距大型綠地2760m",
        "2021面積_ha": 1.71,
        "2022面積_ha": 1.71,
        "2023面積_ha": 2.25
      }
    },
    {
      "type": "Feature",
      "geometry": {
        "type": "Polygon",
        "coordinates": [
          [
            [
              121.58285303570537,
              24.648763070917504
            ],
            [
              121.58289495747333,
              24.657791402910934
            ],
            [
              121.59277412101903,
              24.657752757639653
            ],
            [
              121.59273148884283,
              24.64872444164385
            ],
            [
              121.58285303570537,
              24.648763070917504
            ]
          ]
        ]
      },
      "properties": {
        "grid_id": "G038_027",
        "綠地類型": "公園／都市綠地",
        "中心經度": 121.587813,
        "中心緯度": 24.653258,
        "分析面積_km2": 1.04,
        "2020面積_ha": 0.9,
        "2024面積_ha": 0.99,
        "面積減少率_pct": 0.0,
        "2020斑塊數": 2,
        "2024斑塊數": 2,
        "斑塊數增加率_pct": 0.0,
        "2020平均斑塊面積_ha": 1.35,
        "2024平均斑塊面積_ha": 1.71,
        "平均斑塊面積下降率_pct": 0.0,
        "道路切割密度_km_per_km2": 0.779,
        "建成區邊界切割密度_km_per_km2": 0.0,
        "孤立小斑塊比例_pct": 90.91,
        "距大型連續綠地平均距離_m": 2643.4,
        "score_面積減少": 29.87551867219917,
        "score_斑塊增加": 42.531120331950206,
        "score_平均斑塊縮小": 26.970954356846473,
        "score_道路建成區切割": 10.269709543568464,
        "score_孤立比例": 60.16597510373444,
        "score_距大型綠地": 57.676348547717836,
        "綜合破碎化分數": 37.9,
        "破碎化等級": "低",
        "判定原因": "面積減少0.0%；斑塊增加0.0%；平均斑塊縮小0.0%；道路密度0.78 km/km²；孤立比例90.9%；距大型綠地2643m",
        "2021面積_ha": 0.99,
        "2022面積_ha": 0.99,
        "2023面積_ha": 0.99
      }
    },
    {
      "type": "Feature",
      "geometry": {
        "type": "Polygon",
        "coordinates": [
          [
            [
              121.61248833247456,
              24.64864523573315
            ],
            [
              121.61253238544751,
              24.65767351892724
            ],
            [
              121.62241148563804,
              24.65763292549706
            ],
            [
              121.62236672227682,
              24.648604659107033
            ],
            [
              121.61248833247456,
              24.64864523573315
            ]
          ]
        ]
      },
      "properties": {
        "grid_id": "G038_030",
        "綠地類型": "公園／都市綠地",
        "中心經度": 121.61745,
        "中心緯度": 24.653139,
        "分析面積_km2": 1.04,
        "2020面積_ha": 1.35,
        "2024面積_ha": 1.35,
        "面積減少率_pct": 0.0,
        "2020斑塊數": 1,
        "2024斑塊數": 1,
        "斑塊數增加率_pct": 0.0,
        "2020平均斑塊面積_ha": 1.35,
        "2024平均斑塊面積_ha": 1.35,
        "平均斑塊面積下降率_pct": 0.0,
        "道路切割密度_km_per_km2": 5.623,
        "建成區邊界切割密度_km_per_km2": 0.0,
        "孤立小斑塊比例_pct": 100.0,
        "距大型連續綠地平均距離_m": 1916.4,
        "score_面積減少": 29.87551867219917,
        "score_斑塊增加": 42.531120331950206,
        "score_平均斑塊縮小": 26.970954356846473,
        "score_道路建成區切割": 28.63070539419087,
        "score_孤立比例": 80.29045643153528,
        "score_距大型綠地": 48.54771784232365,
        "綜合破碎化分數": 42.8,
        "破碎化等級": "低",
        "判定原因": "面積減少0.0%；斑塊增加0.0%；平均斑塊縮小0.0%；道路密度5.62 km/km²；孤立比例100.0%；距大型綠地1916m",
        "2021面積_ha": 1.44,
        "2022面積_ha": 1.44,
        "2023面積_ha": 1.62
      }
    },
    {
      "type": "Feature",
      "geometry": {
        "type": "Polygon",
        "coordinates": [
          [
            [
              121.62236672227682,
              24.648604659107033
            ],
            [
              121.62241148563804,
              24.65763292549706
            ],
            [
              121.63229056401792,
              24.657591682691685
            ],
            [
              121.63224509027538,
              24.64856343337452
            ],
            [
              121.62236672227682,
              24.648604659107033
            ]
          ]
        ]
      },
      "properties": {
        "grid_id": "G038_031",
        "綠地類型": "公園／都市綠地",
        "中心經度": 121.627328,
        "中心緯度": 24.653098,
        "分析面積_km2": 1.04,
        "2020面積_ha": 0.45,
        "2024面積_ha": 0.0,
        "面積減少率_pct": 100.0,
        "2020斑塊數": 1,
        "2024斑塊數": 0,
        "斑塊數增加率_pct": 0.0,
        "2020平均斑塊面積_ha": 0.45,
        "2024平均斑塊面積_ha": 0.0,
        "平均斑塊面積下降率_pct": 100.0,
        "道路切割密度_km_per_km2": 6.228,
        "建成區邊界切割密度_km_per_km2": 0.0,
        "孤立小斑塊比例_pct": 0.0,
        "距大型連續綠地平均距離_m": 0.0,
        "score_面積減少": 96.6804979253112,
        "score_斑塊增加": 42.531120331950206,
        "score_平均斑塊縮小": 96.6804979253112,
        "score_道路建成區切割": 31.950207468879665,
        "score_孤立比例": 20.539419087136928,
        "score_距大型綠地": 9.95850622406639,
        "綜合破碎化分數": 49.7,
        "破碎化等級": "中",
        "判定原因": "面積減少100.0%；斑塊增加0.0%；平均斑塊縮小100.0%；道路密度6.23 km/km²；孤立比例0.0%；距大型綠地0m",
        "2021面積_ha": 0.54,
        "2022面積_ha": 0.72,
        "2023面積_ha": 0.18
      }
    },
    {
      "type": "Feature",
      "geometry": {
        "type": "Polygon",
        "coordinates": [
          [
            [
              121.76066173269561,
              24.647968432883665
            ],
            [
              121.76071644071897,
              24.656996435793676
            ],
            [
              121.77059517741144,
              24.656946102374636
            ],
            [
              121.77053975911464,
              24.647918120300435
            ],
            [
              121.76066173269561,
              24.647968432883665
            ]
          ]
        ]
      },
      "properties": {
        "grid_id": "G038_045",
        "綠地類型": "公園／都市綠地",
        "中心經度": 121.765628,
        "中心緯度": 24.652457,
        "分析面積_km2": 1.04,
        "2020面積_ha": 0.09,
        "2024面積_ha": 0.0,
        "面積減少率_pct": 100.0,
        "2020斑塊數": 1,
        "2024斑塊數": 0,
        "斑塊數增加率_pct": 0.0,
        "2020平均斑塊面積_ha": 0.09,
        "2024平均斑塊面積_ha": 0.0,
        "平均斑塊面積下降率_pct": 100.0,
        "道路切割密度_km_per_km2": 9.862,
        "建成區邊界切割密度_km_per_km2": 0.0,
        "孤立小斑塊比例_pct": 0.0,
        "距大型連續綠地平均距離_m": 0.0,
        "score_面積減少": 96.6804979253112,
        "score_斑塊增加": 42.531120331950206,
        "score_平均斑塊縮小": 96.6804979253112,
        "score_道路建成區切割": 43.983402489626556,
        "score_孤立比例": 20.539419087136928,
        "score_距大型綠地": 9.95850622406639,
        "綜合破碎化分數": 51.7,
        "破碎化等級": "中",
        "判定原因": "面積減少100.0%；斑塊增加0.0%；平均斑塊縮小100.0%；道路密度9.86 km/km²；孤立比例0.0%；距大型綠地0m",
        "2021面積_ha": 0.18,
        "2022面積_ha": 0.0,
        "2023面積_ha": 0.0
      }
    },
    {
      "type": "Feature",
      "geometry": {
        "type": "Polygon",
        "coordinates": [
          [
            [
              121.82980733866613,
              24.647602615808065
            ],
            [
              121.82986701842042,
              24.656630467223636
            ],
            [
              121.83974555883482,
              24.656575588993512
            ],
            [
              121.83968516886917,
              24.647547760294973
            ],
            [
              121.82980733866613,
              24.647602615808065
            ]
          ]
        ]
      },
      "properties": {
        "grid_id": "G038_052",
        "綠地類型": "公園／都市綠地",
        "中心經度": 121.834776,
        "中心緯度": 24.652089,
        "分析面積_km2": 1.04,
        "2020面積_ha": 0.09,
        "2024面積_ha": 0.0,
        "面積減少率_pct": 100.0,
        "2020斑塊數": 1,
        "2024斑塊數": 0,
        "斑塊數增加率_pct": 0.0,
        "2020平均斑塊面積_ha": 0.09,
        "2024平均斑塊面積_ha": 0.0,
        "平均斑塊面積下降率_pct": 100.0,
        "道路切割密度_km_per_km2": 12.14,
        "建成區邊界切割密度_km_per_km2": 0.0,
        "孤立小斑塊比例_pct": 0.0,
        "距大型連續綠地平均距離_m": 0.0,
        "score_面積減少": 96.6804979253112,
        "score_斑塊增加": 42.531120331950206,
        "score_平均斑塊縮小": 96.6804979253112,
        "score_道路建成區切割": 50.829875518672196,
        "score_孤立比例": 20.539419087136928,
        "score_距大型綠地": 9.95850622406639,
        "綜合破碎化分數": 52.9,
        "破碎化等級": "中",
        "判定原因": "面積減少100.0%；斑塊增加0.0%；平均斑塊縮小100.0%；道路密度12.14 km/km²；孤立比例0.0%；距大型綠地0m",
        "2021面積_ha": 0.0,
        "2022面積_ha": 0.0,
        "2023面積_ha": 0.0
      }
    },
    {
      "type": "Feature",
      "geometry": {
        "type": "Polygon",
        "coordinates": [
          [
            [
              121.5631365694495,
              24.65786674525696
            ],
            [
              121.56317709011559,
              24.666895097531206
            ],
            [
              121.5730570049347,
              24.666857735597215
            ],
            [
              121.57301577350141,
              24.657829398785122
            ],
            [
              121.5631365694495,
              24.65786674525696
            ]
          ]
        ]
      },
      "properties": {
        "grid_id": "G039_025",
        "綠地類型": "公園／都市綠地",
        "中心經度": 121.568097,
        "中心緯度": 24.662362,
        "分析面積_km2": 1.04,
        "2020面積_ha": 0.36,
        "2024面積_ha": 0.36,
        "面積減少率_pct": 0.0,
        "2020斑塊數": 1,
        "2024斑塊數": 1,
        "斑塊數增加率_pct": 0.0,
        "2020平均斑塊面積_ha": 0.45,
        "2024平均斑塊面積_ha": 0.45,
        "平均斑塊面積下降率_pct": 0.0,
        "道路切割密度_km_per_km2": 3.287,
        "建成區邊界切割密度_km_per_km2": 0.0,
        "孤立小斑塊比例_pct": 100.0,
        "距大型連續綠地平均距離_m": 3891.5,
        "score_面積減少": 29.87551867219917,
        "score_斑塊增加": 42.531120331950206,
        "score_平均斑塊縮小": 26.970954356846473,
        "score_道路建成區切割": 18.153526970954356,
        "score_孤立比例": 80.29045643153528,
        "score_距大型綠地": 80.08298755186722,
        "綜合破碎化分數": 46.3,
        "破碎化等級": "中",
        "判定原因": "面積減少0.0%；斑塊增加0.0%；平均斑塊縮小0.0%；道路密度3.29 km/km²；孤立比例100.0%；距大型綠地3892m",
        "2021面積_ha": 0.36,
        "2022面積_ha": 0.27,
        "2023面積_ha": 0.36
      }
    },
    {
      "type": "Feature",
      "geometry": {
        "type": "Polygon",
        "coordinates": [
          [
            [
              121.57301577350141,
              24.657829398785122
            ],
            [
              121.5730570049347,
              24.666857735597215
            ],
            [
              121.58293689966744,
              24.66681972399201
            ],
            [
              121.58289495747333,
              24.657791402910934
            ],
            [
              121.57301577350141,
              24.657829398785122
            ]
          ]
        ]
      },
      "properties": {
        "grid_id": "G039_026",
        "綠地類型": "公園／都市綠地",
        "中心經度": 121.577976,
        "中心緯度": 24.662325,
        "分析面積_km2": 1.04,
        "2020面積_ha": 0.27,
        "2024面積_ha": 0.27,
        "面積減少率_pct": 0.0,
        "2020斑塊數": 1,
        "2024斑塊數": 1,
        "斑塊數增加率_pct": 0.0,
        "2020平均斑塊面積_ha": 0.45,
        "2024平均斑塊面積_ha": 0.45,
        "平均斑塊面積下降率_pct": 0.0,
        "道路切割密度_km_per_km2": 5.248,
        "建成區邊界切割密度_km_per_km2": 0.0,
        "孤立小斑塊比例_pct": 100.0,
        "距大型連續綠地平均距離_m": 3868.7,
        "score_面積減少": 29.87551867219917,
        "score_斑塊增加": 42.531120331950206,
        "score_平均斑塊縮小": 26.970954356846473,
        "score_道路建成區切割": 26.763485477178424,
        "score_孤立比例": 80.29045643153528,
        "score_距大型綠地": 79.66804979253112,
        "綜合破碎化分數": 47.7,
        "破碎化等級": "中",
        "判定原因": "面積減少0.0%；斑塊增加0.0%；平均斑塊縮小0.0%；道路密度5.25 km/km²；孤立比例100.0%；距大型綠地3869m",
        "2021面積_ha": 0.27,
        "2022面積_ha": 0.27,
        "2023面積_ha": 0.27
      }
    },
    {
      "type": "Feature",
      "geometry": {
        "type": "Polygon",
        "coordinates": [
          [
            [
              121.58289495747333,
              24.657791402910934
            ],
            [
              121.58293689966744,
              24.66681972399201
            ],
            [
              121.59281677396756,
              24.666781062720858
            ],
            [
              121.59277412101903,
              24.657752757639653
            ],
            [
              121.58289495747333,
              24.657791402910934
            ]
          ]
        ]
      },
      "properties": {
        "grid_id": "G039_027",
        "綠地類型": "公園／都市綠地",
        "中心經度": 121.587856,
        "中心緯度": 24.662286,
        "分析面積_km2": 1.04,
        "2020面積_ha": 0.0,
        "2024面積_ha": 0.09,
        "面積減少率_pct": 0.0,
        "2020斑塊數": 0,
        "2024斑塊數": 1,
        "斑塊數增加率_pct": 100.0,
        "2020平均斑塊面積_ha": 0.0,
        "2024平均斑塊面積_ha": 0.09,
        "平均斑塊面積下降率_pct": 0.0,
        "道路切割密度_km_per_km2": 5.854,
        "建成區邊界切割密度_km_per_km2": 0.029,
        "孤立小斑塊比例_pct": 100.0,
        "距大型連續綠地平均距離_m": 2662.6,
        "score_面積減少": 29.87551867219917,
        "score_斑塊增加": 95.0207468879668,
        "score_平均斑塊縮小": 26.970954356846473,
        "score_道路建成區切割": 40.04149377593361,
        "score_孤立比例": 80.29045643153528,
        "score_距大型綠地": 58.50622406639005,
        "綜合破碎化分數": 55.1,
        "破碎化等級": "高",
        "判定原因": "面積減少0.0%；斑塊增加100.0%；平均斑塊縮小0.0%；道路密度5.85 km/km²；孤立比例100.0%；距大型綠地2663m",
        "2021面積_ha": 0.18,
        "2022面積_ha": 0.09,
        "2023面積_ha": 0.09
      }
    },
    {
      "type": "Feature",
      "geometry": {
        "type": "Polygon",
        "coordinates": [
          [
            [
              121.59277412101903,
              24.657752757639653
            ],
            [
              121.59281677396756,
              24.666781062720858
            ],
            [
              121.6026966274888,
              24.666741751789097
            ],
            [
              121.60265326379248,
              24.657713462976616
            ],
            [
              121.59277412101903,
              24.657752757639653
            ]
          ]
        ]
      },
      "properties": {
        "grid_id": "G039_028",
        "綠地類型": "公園／都市綠地",
        "中心經度": 121.597735,
        "中心緯度": 24.662247,
        "分析面積_km2": 1.04,
        "2020面積_ha": 1.17,
        "2024面積_ha": 1.44,
        "面積減少率_pct": 0.0,
        "2020斑塊數": 2,
        "2024斑塊數": 2,
        "斑塊數增加率_pct": 0.0,
        "2020平均斑塊面積_ha": 0.81,
        "2024平均斑塊面積_ha": 0.945,
        "平均斑塊面積下降率_pct": 0.0,
        "道路切割密度_km_per_km2": 1.932,
        "建成區邊界切割密度_km_per_km2": 0.115,
        "孤立小斑塊比例_pct": 100.0,
        "距大型連續綠地平均距離_m": 1636.0,
        "score_面積減少": 29.87551867219917,
        "score_斑塊增加": 42.531120331950206,
        "score_平均斑塊縮小": 26.970954356846473,
        "score_道路建成區切割": 34.75103734439834,
        "score_孤立比例": 80.29045643153528,
        "score_距大型綠地": 45.22821576763486,
        "綜合破碎化分數": 43.3,
        "破碎化等級": "低",
        "判定原因": "面積減少0.0%；斑塊增加0.0%；平均斑塊縮小0.0%；道路密度1.93 km/km²；孤立比例100.0%；距大型綠地1636m",
        "2021面積_ha": 1.44,
        "2022面積_ha": 1.17,
        "2023面積_ha": 1.26
      }
    },
    {
      "type": "Feature",
      "geometry": {
        "type": "Polygon",
        "coordinates": [
          [
            [
              121.60265326379248,
              24.657713462976616
            ],
            [
              121.6026966274888,
              24.666741751789097
            ],
            [
              121.61257645988498,
              24.666701791202158
            ],
            [
              121.61253238544751,
              24.65767351892724
            ],
            [
              121.60265326379248,
              24.657713462976616
            ]
          ]
        ]
      },
      "properties": {
        "grid_id": "G039_029",
        "綠地類型": "公園／都市綠地",
        "中心經度": 121.607615,
        "中心緯度": 24.662208,
        "分析面積_km2": 1.04,
        "2020面積_ha": 7.83,
        "2024面積_ha": 5.4,
        "面積減少率_pct": 31.03,
        "2020斑塊數": 1,
        "2024斑塊數": 2,
        "斑塊數增加率_pct": 100.0,
        "2020平均斑塊面積_ha": 8.1,
        "2024平均斑塊面積_ha": 2.835,
        "平均斑塊面積下降率_pct": 65.0,
        "道路切割密度_km_per_km2": 4.325,
        "建成區邊界切割密度_km_per_km2": 0.404,
        "孤立小斑塊比例_pct": 16.67,
        "距大型連續綠地平均距離_m": 1205.1,
        "score_面積減少": 76.76348547717843,
        "score_斑塊增加": 95.0207468879668,
        "score_平均斑塊縮小": 85.06224066390041,
        "score_道路建成區切割": 56.6390041493776,
        "score_孤立比例": 50.4149377593361,
        "score_距大型綠地": 41.90871369294606,
        "綜合破碎化分數": 67.6,
        "破碎化等級": "高",
        "判定原因": "面積減少31.0%；斑塊增加100.0%；平均斑塊縮小65.0%；道路密度4.33 km/km²；孤立比例16.7%；距大型綠地1205m",
        "2021面積_ha": 7.65,
        "2022面積_ha": 6.3,
        "2023面積_ha": 6.12
      }
    },
    {
      "type": "Feature",
      "geometry": {
        "type": "Polygon",
        "coordinates": [
          [
            [
              121.61253238544751,
              24.65767351892724
            ],
            [
              121.61257645988498,
              24.666701791202158
            ],
            [
              121.62245627080986,
              24.666661180965566
            ],
            [
              121.62241148563804,
              24.65763292549706
            ],
            [
              121.61253238544751,
              24.65767351892724
            ]
          ]
        ]
      },
      "properties": {
        "grid_id": "G039_030",
        "綠地類型": "公園／都市綠地",
        "中心經度": 121.617494,
        "中心緯度": 24.662167,
        "分析面積_km2": 1.04,
        "2020面積_ha": 4.5,
        "2024面積_ha": 4.41,
        "面積減少率_pct": 2.0,
        "2020斑塊數": 1,
        "2024斑塊數": 1,
        "斑塊數增加率_pct": 0.0,
        "2020平均斑塊面積_ha": 16.29,
        "2024平均斑塊面積_ha": 5.67,
        "平均斑塊面積下降率_pct": 65.19,
        "道路切割密度_km_per_km2": 8.103,
        "建成區邊界切割密度_km_per_km2": 0.058,
        "孤立小斑塊比例_pct": 0.0,
        "距大型連續綠地平均距離_m": 1133.2,
        "score_面積減少": 61.82572614107884,
        "score_斑塊增加": 42.531120331950206,
        "score_平均斑塊縮小": 85.47717842323651,
        "score_道路建成區切割": 53.7344398340249,
        "score_孤立比例": 20.539419087136928,
        "score_距大型綠地": 41.078838174273855,
        "綜合破碎化分數": 50.9,
        "破碎化等級": "中",
        "判定原因": "面積減少2.0%；斑塊增加0.0%；平均斑塊縮小65.2%；道路密度8.10 km/km²；孤立比例0.0%；距大型綠地1133m",
        "2021面積_ha": 4.41,
        "2022面積_ha": 4.32,
        "2023面積_ha": 4.5
      }
    },
    {
      "type": "Feature",
      "geometry": {
        "type": "Polygon",
        "coordinates": [
          [
            [
              121.65204865396143,
              24.657507248978195
            ],
            [
              121.6520955712945,
              24.666535452414415
            ],
            [
              121.66197529287203,
              24.666492243636213
            ],
            [
              121.66192766483285,
              24.657464058081768
            ],
            [
              121.65204865396143,
              24.657507248978195
            ]
          ]
        ]
      },
      "properties": {
        "grid_id": "G039_034",
        "綠地類型": "公園／都市綠地",
        "中心經度": 121.657012,
        "中心緯度": 24.662,
        "分析面積_km2": 1.04,
        "2020面積_ha": 0.36,
        "2024面積_ha": 0.36,
        "面積減少率_pct": 0.0,
        "2020斑塊數": 1,
        "2024斑塊數": 1,
        "斑塊數增加率_pct": 0.0,
        "2020平均斑塊面積_ha": 0.36,
        "2024平均斑塊面積_ha": 0.36,
        "平均斑塊面積下降率_pct": 0.0,
        "道路切割密度_km_per_km2": 9.717,
        "建成區邊界切割密度_km_per_km2": 0.115,
        "孤立小斑塊比例_pct": 100.0,
        "距大型連續綠地平均距離_m": 2733.4,
        "score_面積減少": 29.87551867219917,
        "score_斑塊增加": 42.531120331950206,
        "score_平均斑塊縮小": 26.970954356846473,
        "score_道路建成區切割": 65.24896265560166,
        "score_孤立比例": 80.29045643153528,
        "score_距大型綠地": 60.16597510373444,
        "綜合破碎化分數": 50.8,
        "破碎化等級": "中",
        "判定原因": "面積減少0.0%；斑塊增加0.0%；平均斑塊縮小0.0%；道路密度9.72 km/km²；孤立比例100.0%；距大型綠地2733m",
        "2021面積_ha": 0.27,
        "2022面積_ha": 0.0,
        "2023面積_ha": 0.36
      }
    },
    {
      "type": "Feature",
      "geometry": {
        "type": "Polygon",
        "coordinates": [
          [
            [
              121.79035256944529,
              24.656843487702677
            ],
            [
              121.79040943595692,
              24.66587141633179
            ],
            [
              121.80028880119978,
              24.665819113447952
            ],
            [
              121.80023122409469,
              24.656791206463943
            ],
            [
              121.79035256944529,
              24.656843487702677
            ]
          ]
        ]
      },
      "properties": {
        "grid_id": "G039_048",
        "綠地類型": "公園／都市綠地",
        "中心經度": 121.795321,
        "中心緯度": 24.661331,
        "分析面積_km2": 1.04,
        "2020面積_ha": 0.36,
        "2024面積_ha": 0.18,
        "面積減少率_pct": 50.0,
        "2020斑塊數": 1,
        "2024斑塊數": 1,
        "斑塊數增加率_pct": 0.0,
        "2020平均斑塊面積_ha": 0.36,
        "2024平均斑塊面積_ha": 0.18,
        "平均斑塊面積下降率_pct": 50.0,
        "道路切割密度_km_per_km2": 11.419,
        "建成區邊界切割密度_km_per_km2": 0.058,
        "孤立小斑塊比例_pct": 100.0,
        "距大型連續綠地平均距離_m": 4837.2,
        "score_面積減少": 84.43983402489627,
        "score_斑塊增加": 42.531120331950206,
        "score_平均斑塊縮小": 78.63070539419087,
        "score_道路建成區切割": 63.589211618257266,
        "score_孤立比例": 80.29045643153528,
        "score_距大型綠地": 86.30705394190872,
        "綜合破碎化分數": 72.6,
        "破碎化等級": "高",
        "判定原因": "面積減少50.0%；斑塊增加0.0%；平均斑塊縮小50.0%；道路密度11.42 km/km²；孤立比例100.0%；距大型綠地4837m",
        "2021面積_ha": 0.36,
        "2022面積_ha": 0.0,
        "2023面積_ha": 0.36
      }
    },
    {
      "type": "Feature",
      "geometry": {
        "type": "Polygon",
        "coordinates": [
          [
            [
              121.83974555883482,
              24.656575588993512
            ],
            [
              121.82986701842042,
              24.656630467223636
            ],
            [
              121.82992672725241,
              24.665658307659676
            ],
            [
              121.83935524158322,
              24.665605925686112
            ],
            [
              121.839362,
              24.665555200000004
            ],
            [
              121.8396679,
              24.663288599999994
            ],
            [
              121.8397776,
              24.662799900000003
            ],
            [
              121.83978695615768,
              24.662761619878516
            ],
            [
              121.83974555883482,
              24.656575588993512
            ]
          ]
        ]
      },
      "properties": {
        "grid_id": "G039_052",
        "綠地類型": "公園／都市綠地",
        "中心經度": 121.834827,
        "中心緯度": 24.659696,
        "分析面積_km2": 1.029,
        "2020面積_ha": 9.36,
        "2024面積_ha": 2.16,
        "面積減少率_pct": 76.92,
        "2020斑塊數": 1,
        "2024斑塊數": 1,
        "斑塊數增加率_pct": 0.0,
        "2020平均斑塊面積_ha": 9.36,
        "2024平均斑塊面積_ha": 2.16,
        "平均斑塊面積下降率_pct": 76.92,
        "道路切割密度_km_per_km2": 8.428,
        "建成區邊界切割密度_km_per_km2": 0.408,
        "孤立小斑塊比例_pct": 0.0,
        "距大型連續綠地平均距離_m": 2668.5,
        "score_面積減少": 90.45643153526972,
        "score_斑塊增加": 42.531120331950206,
        "score_平均斑塊縮小": 90.87136929460581,
        "score_道路建成區切割": 74.06639004149378,
        "score_孤立比例": 20.539419087136928,
        "score_距大型綠地": 59.33609958506224,
        "綜合破碎化分數": 63.0,
        "破碎化等級": "高",
        "判定原因": "面積減少76.9%；斑塊增加0.0%；平均斑塊縮小76.9%；道路密度8.43 km/km²；孤立比例0.0%；距大型綠地2668m",
        "2021面積_ha": 9.36,
        "2022面積_ha": 8.55,
        "2023面積_ha": 2.79
      }
    },
    {
      "type": "Feature",
      "geometry": {
        "type": "Polygon",
        "coordinates": [
          [
            [
              121.58293689966744,
              24.66681972399201
            ],
            [
              121.58297886229418,
              24.675848034157767
            ],
            [
              121.59285944769493,
              24.675809356884507
            ],
            [
              121.59281677396756,
              24.666781062720858
            ],
            [
              121.58293689966744,
              24.66681972399201
            ]
          ]
        ]
      },
      "properties": {
        "grid_id": "G040_027",
        "綠地類型": "公園／都市綠地",
        "中心經度": 121.587898,
        "中心緯度": 24.671315,
        "分析面積_km2": 1.04,
        "2020面積_ha": 1.8,
        "2024面積_ha": 1.17,
        "面積減少率_pct": 35.0,
        "2020斑塊數": 1,
        "2024斑塊數": 1,
        "斑塊數增加率_pct": 0.0,
        "2020平均斑塊面積_ha": 1.8,
        "2024平均斑塊面積_ha": 1.17,
        "平均斑塊面積下降率_pct": 35.0,
        "道路切割密度_km_per_km2": 10.323,
        "建成區邊界切割密度_km_per_km2": 0.058,
        "孤立小斑塊比例_pct": 100.0,
        "距大型連續綠地平均距離_m": 2337.1,
        "score_面積減少": 80.49792531120332,
        "score_斑塊增加": 42.531120331950206,
        "score_平均斑塊縮小": 72.19917012448133,
        "score_道路建成區切割": 60.16597510373444,
        "score_孤立比例": 80.29045643153528,
        "score_距大型綠地": 53.11203319502075,
        "綜合破碎化分數": 64.8,
        "破碎化等級": "高",
        "判定原因": "面積減少35.0%；斑塊增加0.0%；平均斑塊縮小35.0%；道路密度10.32 km/km²；孤立比例100.0%；距大型綠地2337m",
        "2021面積_ha": 2.16,
        "2022面積_ha": 1.62,
        "2023面積_ha": 1.26
      }
    },
    {
      "type": "Feature",
      "geometry": {
        "type": "Polygon",
        "coordinates": [
          [
            [
              121.59281677396756,
              24.666781062720858
            ],
            [
              121.59285944769493,
              24.675809356884507
            ],
            [
              121.6027400123102,
              24.675770029681754
            ],
            [
              121.6026966274888,
              24.666741751789097
            ],
            [
              121.59281677396756,
              24.666781062720858
            ]
          ]
        ]
      },
      "properties": {
        "grid_id": "G040_028",
        "綠地類型": "公園／都市綠地",
        "中心經度": 121.597778,
        "中心緯度": 24.671276,
        "分析面積_km2": 1.04,
        "2020面積_ha": 2.43,
        "2024面積_ha": 2.7,
        "面積減少率_pct": 0.0,
        "2020斑塊數": 3,
        "2024斑塊數": 3,
        "斑塊數增加率_pct": 0.0,
        "2020平均斑塊面積_ha": 0.93,
        "2024平均斑塊面積_ha": 1.02,
        "平均斑塊面積下降率_pct": 0.0,
        "道路切割密度_km_per_km2": 8.622,
        "建成區邊界切割密度_km_per_km2": 0.202,
        "孤立小斑塊比例_pct": 100.0,
        "距大型連續綠地平均距離_m": 1505.2,
        "score_面積減少": 29.87551867219917,
        "score_斑塊增加": 42.531120331950206,
        "score_平均斑塊縮小": 26.970954356846473,
        "score_道路建成區切割": 67.11618257261411,
        "score_孤立比例": 80.29045643153528,
        "score_距大型綠地": 43.15352697095436,
        "綜合破碎化分數": 48.3,
        "破碎化等級": "中",
        "判定原因": "面積減少0.0%；斑塊增加0.0%；平均斑塊縮小0.0%；道路密度8.62 km/km²；孤立比例100.0%；距大型綠地1505m",
        "2021面積_ha": 2.7,
        "2022面積_ha": 2.34,
        "2023面積_ha": 3.78
      }
    },
    {
      "type": "Feature",
      "geometry": {
        "type": "Polygon",
        "coordinates": [
          [
            [
              121.6026966274888,
              24.666741751789097
            ],
            [
              121.6027400123102,
              24.675770029681754
            ],
            [
              121.61262055579375,
              24.67573005255493
            ],
            [
              121.61257645988498,
              24.666701791202158
            ],
            [
              121.6026966274888,
              24.666741751789097
            ]
          ]
        ]
      },
      "properties": {
        "grid_id": "G040_029",
        "綠地類型": "公園／都市綠地",
        "中心經度": 121.607658,
        "中心緯度": 24.671236,
        "分析面積_km2": 1.04,
        "2020面積_ha": 1.17,
        "2024面積_ha": 2.16,
        "面積減少率_pct": 0.0,
        "2020斑塊數": 3,
        "2024斑塊數": 2,
        "斑塊數增加率_pct": 0.0,
        "2020平均斑塊面積_ha": 9.81,
        "2024平均斑塊面積_ha": 12.87,
        "平均斑塊面積下降率_pct": 0.0,
        "道路切割密度_km_per_km2": 5.998,
        "建成區邊界切割密度_km_per_km2": 0.346,
        "孤立小斑塊比例_pct": 0.0,
        "距大型連續綠地平均距離_m": 135.3,
        "score_面積減少": 29.87551867219917,
        "score_斑塊增加": 42.531120331950206,
        "score_平均斑塊縮小": 26.970954356846473,
        "score_道路建成區切割": 62.96680497925311,
        "score_孤立比例": 20.539419087136928,
        "score_距大型綠地": 25.72614107883817,
        "綜合破碎化分數": 34.8,
        "破碎化等級": "低",
        "判定原因": "面積減少0.0%；斑塊增加0.0%；平均斑塊縮小0.0%；道路密度6.00 km/km²；孤立比例0.0%；距大型綠地135m",
        "2021面積_ha": 0.81,
        "2022面積_ha": 1.44,
        "2023面積_ha": 1.98
      }
    },
    {
      "type": "Feature",
      "geometry": {
        "type": "Polygon",
        "coordinates": [
          [
            [
              121.61257645988498,
              24.666701791202158
            ],
            [
              121.61262055579375,
              24.67573005255493
            ],
            [
              121.6225010777992,
              24.675689425509574
            ],
            [
              121.62245627080986,
              24.666661180965566
            ],
            [
              121.61257645988498,
              24.666701791202158
            ]
          ]
        ]
      },
      "properties": {
        "grid_id": "G040_030",
        "綠地類型": "公園／都市綠地",
        "中心經度": 121.617539,
        "中心緯度": 24.671196,
        "分析面積_km2": 1.04,
        "2020面積_ha": 12.69,
        "2024面積_ha": 11.97,
        "面積減少率_pct": 5.67,
        "2020斑塊數": 2,
        "2024斑塊數": 3,
        "斑塊數增加率_pct": 50.0,
        "2020平均斑塊面積_ha": 8.73,
        "2024平均斑塊面積_ha": 5.49,
        "平均斑塊面積下降率_pct": 37.11,
        "道路切割密度_km_per_km2": 6.401,
        "建成區邊界切割密度_km_per_km2": 0.26,
        "孤立小斑塊比例_pct": 2.26,
        "距大型連續綠地平均距離_m": 877.9,
        "score_面積減少": 64.73029045643153,
        "score_斑塊增加": 89.00414937759335,
        "score_平均斑塊縮小": 73.44398340248964,
        "score_道路建成區切割": 62.03319502074689,
        "score_孤立比例": 43.15352697095436,
        "score_距大型綠地": 35.26970954356847,
        "綜合破碎化分數": 61.3,
        "破碎化等級": "高",
        "判定原因": "面積減少5.7%；斑塊增加50.0%；平均斑塊縮小37.1%；道路密度6.40 km/km²；孤立比例2.3%；距大型綠地878m",
        "2021面積_ha": 12.15,
        "2022面積_ha": 13.32,
        "2023面積_ha": 14.22
      }
    },
    {
      "type": "Feature",
      "geometry": {
        "type": "Polygon",
        "coordinates": [
          [
            [
              121.62245627080986,
              24.666661180965566
            ],
            [
              121.6225010777992,
              24.675689425509574
            ],
            [
              121.63238157798024,
              24.675648148551293
            ],
            [
              121.63233605991721,
              24.66661992108493
            ],
            [
              121.62245627080986,
              24.666661180965566
            ]
          ]
        ]
      },
      "properties": {
        "grid_id": "G040_031",
        "綠地類型": "公園／都市綠地",
        "中心經度": 121.627419,
        "中心緯度": 24.671155,
        "分析面積_km2": 1.04,
        "2020面積_ha": 5.31,
        "2024面積_ha": 5.58,
        "面積減少率_pct": 0.0,
        "2020斑塊數": 5,
        "2024斑塊數": 3,
        "斑塊數增加率_pct": 0.0,
        "2020平均斑塊面積_ha": 1.746,
        "2024平均斑塊面積_ha": 3.03,
        "平均斑塊面積下降率_pct": 0.0,
        "道路切割密度_km_per_km2": 6.747,
        "建成區邊界切割密度_km_per_km2": 0.26,
        "孤立小斑塊比例_pct": 27.42,
        "距大型連續綠地平均距離_m": 980.3,
        "score_面積減少": 29.87551867219917,
        "score_斑塊增加": 42.531120331950206,
        "score_平均斑塊縮小": 26.970954356846473,
        "score_道路建成區切割": 63.48547717842324,
        "score_孤立比例": 54.77178423236515,
        "score_距大型綠地": 37.75933609958506,
        "綜合破碎化分數": 42.6,
        "破碎化等級": "低",
        "判定原因": "面積減少0.0%；斑塊增加0.0%；平均斑塊縮小0.0%；道路密度6.75 km/km²；孤立比例27.4%；距大型綠地980m",
        "2021面積_ha": 4.86,
        "2022面積_ha": 5.31,
        "2023面積_ha": 5.94
      }
    },
    {
      "type": "Feature",
      "geometry": {
        "type": "Polygon",
        "coordinates": [
          [
            [
              121.64221582686083,
              24.666578011565946
            ],
            [
              121.64226205599051,
              24.67560622168579
            ],
            [
              121.65214251148373,
              24.675563644918867
            ],
            [
              121.6520955712945,
              24.666535452414415
            ],
            [
              121.64221582686083,
              24.666578011565946
            ]
          ]
        ]
      },
      "properties": {
        "grid_id": "G040_033",
        "綠地類型": "公園／都市綠地",
        "中心經度": 121.647179,
        "中心緯度": 24.671071,
        "分析面積_km2": 1.04,
        "2020面積_ha": 0.54,
        "2024面積_ha": 0.0,
        "面積減少率_pct": 100.0,
        "2020斑塊數": 1,
        "2024斑塊數": 0,
        "斑塊數增加率_pct": 0.0,
        "2020平均斑塊面積_ha": 0.54,
        "2024平均斑塊面積_ha": 0.0,
        "平均斑塊面積下降率_pct": 100.0,
        "道路切割密度_km_per_km2": 10.784,
        "建成區邊界切割密度_km_per_km2": 0.0,
        "孤立小斑塊比例_pct": 0.0,
        "距大型連續綠地平均距離_m": 0.0,
        "score_面積減少": 96.6804979253112,
        "score_斑塊增加": 42.531120331950206,
        "score_平均斑塊縮小": 96.6804979253112,
        "score_道路建成區切割": 47.302904564315355,
        "score_孤立比例": 20.539419087136928,
        "score_距大型綠地": 9.95850622406639,
        "綜合破碎化分數": 52.3,
        "破碎化等級": "中",
        "判定原因": "面積減少100.0%；斑塊增加0.0%；平均斑塊縮小100.0%；道路密度10.78 km/km²；孤立比例0.0%；距大型綠地0m",
        "2021面積_ha": 0.54,
        "2022面積_ha": 0.09,
        "2023面積_ha": 0.18
      }
    },
    {
      "type": "Feature",
      "geometry": {
        "type": "Polygon",
        "coordinates": [
          [
            [
              121.67185499124722,
              24.66644838523732
            ],
            [
              121.67190335353375,
              24.675476541704374
            ],
            [
              121.68178373939791,
              24.675432015268832
            ],
            [
              121.68173466607388,
              24.66640387722378
            ],
            [
              121.67185499124722,
              24.66644838523732
            ]
          ]
        ]
      },
      "properties": {
        "grid_id": "G040_036",
        "綠地類型": "公園／都市綠地",
        "中心經度": 121.676819,
        "中心緯度": 24.67094,
        "分析面積_km2": 1.04,
        "2020面積_ha": 2.79,
        "2024面積_ha": 0.54,
        "面積減少率_pct": 80.65,
        "2020斑塊數": 2,
        "2024斑塊數": 2,
        "斑塊數增加率_pct": 0.0,
        "2020平均斑塊面積_ha": 1.395,
        "2024平均斑塊面積_ha": 0.27,
        "平均斑塊面積下降率_pct": 80.65,
        "道路切割密度_km_per_km2": 11.909,
        "建成區邊界切割密度_km_per_km2": 0.173,
        "孤立小斑塊比例_pct": 100.0,
        "距大型連續綠地平均距離_m": 3836.0,
        "score_面積減少": 91.70124481327801,
        "score_斑塊增加": 42.531120331950206,
        "score_平均斑塊縮小": 91.70124481327801,
        "score_道路建成區切割": 74.48132780082987,
        "score_孤立比例": 80.29045643153528,
        "score_距大型綠地": 79.25311203319502,
        "綜合破碎化分數": 76.7,
        "破碎化等級": "高",
        "判定原因": "面積減少80.7%；斑塊增加0.0%；平均斑塊縮小80.7%；道路密度11.91 km/km²；孤立比例100.0%；距大型綠地3836m",
        "2021面積_ha": 1.98,
        "2022面積_ha": 0.09,
        "2023面積_ha": 1.8
      }
    },
    {
      "type": "Feature",
      "geometry": {
        "type": "Polygon",
        "coordinates": [
          [
            [
              121.69161431700579,
              24.666358719601753
            ],
            [
              121.6916641013598,
              24.67538683895595
            ],
            [
              121.70154443907312,
              24.67534101277196
            ],
            [
              121.70149394369679,
              24.666312912377474
            ],
            [
              121.69161431700579,
              24.666358719601753
            ]
          ]
        ]
      },
      "properties": {
        "grid_id": "G040_038",
        "綠地類型": "公園／都市綠地",
        "中心經度": 121.696579,
        "中心緯度": 24.67085,
        "分析面積_km2": 1.04,
        "2020面積_ha": 0.81,
        "2024面積_ha": 0.54,
        "面積減少率_pct": 33.33,
        "2020斑塊數": 2,
        "2024斑塊數": 1,
        "斑塊數增加率_pct": 0.0,
        "2020平均斑塊面積_ha": 0.405,
        "2024平均斑塊面積_ha": 0.54,
        "平均斑塊面積下降率_pct": 0.0,
        "道路切割密度_km_per_km2": 9.948,
        "建成區邊界切割密度_km_per_km2": 0.144,
        "孤立小斑塊比例_pct": 100.0,
        "距大型連續綠地平均距離_m": 5516.8,
        "score_面積減少": 78.42323651452283,
        "score_斑塊增加": 42.531120331950206,
        "score_平均斑塊縮小": 26.970954356846473,
        "score_道路建成區切割": 67.63485477178423,
        "score_孤立比例": 80.29045643153528,
        "score_距大型綠地": 88.79668049792531,
        "綜合破碎化分數": 64.1,
        "破碎化等級": "高",
        "判定原因": "面積減少33.3%；斑塊增加0.0%；平均斑塊縮小0.0%；道路密度9.95 km/km²；孤立比例100.0%；距大型綠地5517m",
        "2021面積_ha": 1.35,
        "2022面積_ha": 0.99,
        "2023面積_ha": 0.63
      }
    },
    {
      "type": "Feature",
      "geometry": {
        "type": "Polygon",
        "coordinates": [
          [
            [
              121.81016813839409,
              24.66576616103643
            ],
            [
              121.81022645447858,
              24.67479403513029
            ],
            [
              121.82010647419993,
              24.674740411012635
            ],
            [
              121.82004744719366,
              24.665712559104538
            ],
            [
              121.81016813839409,
              24.66576616103643
            ]
          ]
        ]
      },
      "properties": {
        "grid_id": "G040_050",
        "綠地類型": "公園／都市綠地",
        "中心經度": 121.815137,
        "中心緯度": 24.670253,
        "分析面積_km2": 1.04,
        "2020面積_ha": 2.16,
        "2024面積_ha": 0.72,
        "面積減少率_pct": 66.67,
        "2020斑塊數": 3,
        "2024斑塊數": 3,
        "斑塊數增加率_pct": 0.0,
        "2020平均斑塊面積_ha": 0.72,
        "2024平均斑塊面積_ha": 0.24,
        "平均斑塊面積下降率_pct": 66.67,
        "道路切割密度_km_per_km2": 7.007,
        "建成區邊界切割密度_km_per_km2": 0.087,
        "孤立小斑塊比例_pct": 100.0,
        "距大型連續綠地平均距離_m": 3297.5,
        "score_面積減少": 89.21161825726142,
        "score_斑塊增加": 42.531120331950206,
        "score_平均斑塊縮小": 86.92946058091286,
        "score_道路建成區切割": 54.66804979253112,
        "score_孤立比例": 80.29045643153528,
        "score_距大型綠地": 73.44398340248964,
        "綜合破碎化分數": 71.2,
        "破碎化等級": "高",
        "判定原因": "面積減少66.7%；斑塊增加0.0%；平均斑塊縮小66.7%；道路密度7.01 km/km²；孤立比例100.0%；距大型綠地3298m",
        "2021面積_ha": 1.71,
        "2022面積_ha": 2.16,
        "2023面積_ha": 1.89
      }
    },
    {
      "type": "Feature",
      "geometry": {
        "type": "Polygon",
        "coordinates": [
          [
            [
              121.59285944769493,
              24.675809356884507
            ],
            [
              121.5929021422077,
              24.684837640127647
            ],
            [
              121.6027834182634,
              24.68479829665162
            ],
            [
              121.6027400123102,
              24.675770029681754
            ],
            [
              121.59285944769493,
              24.675809356884507
            ]
          ]
        ]
      },
      "properties": {
        "grid_id": "G041_028",
        "綠地類型": "公園／都市綠地",
        "中心經度": 121.597821,
        "中心緯度": 24.680304,
        "分析面積_km2": 1.04,
        "2020面積_ha": 0.18,
        "2024面積_ha": 0.27,
        "面積減少率_pct": 0.0,
        "2020斑塊數": 1,
        "2024斑塊數": 1,
        "斑塊數增加率_pct": 0.0,
        "2020平均斑塊面積_ha": 0.18,
        "2024平均斑塊面積_ha": 0.27,
        "平均斑塊面積下降率_pct": 0.0,
        "道路切割密度_km_per_km2": 5.392,
        "建成區邊界切割密度_km_per_km2": 0.058,
        "孤立小斑塊比例_pct": 100.0,
        "距大型連續綠地平均距離_m": 846.0,
        "score_面積減少": 29.87551867219917,
        "score_斑塊增加": 42.531120331950206,
        "score_平均斑塊縮小": 26.970954356846473,
        "score_道路建成區切割": 42.11618257261411,
        "score_孤立比例": 80.29045643153528,
        "score_距大型綠地": 34.024896265560166,
        "綜合破碎化分數": 42.6,
        "破碎化等級": "低",
        "判定原因": "面積減少0.0%；斑塊增加0.0%；平均斑塊縮小0.0%；道路密度5.39 km/km²；孤立比例100.0%；距大型綠地846m",
        "2021面積_ha": 0.27,
        "2022面積_ha": 0.18,
        "2023面積_ha": 0.18
      }
    },
    {
      "type": "Feature",
      "geometry": {
        "type": "Polygon",
        "coordinates": [
          [
            [
              121.6027400123102,
              24.675770029681754
            ],
            [
              121.6027834182634,
              24.68479829665162
            ],
            [
              121.61266467318062,
              24.6847583029826
            ],
            [
              121.61262055579375,
              24.67573005255493
            ],
            [
              121.6027400123102,
              24.675770029681754
            ]
          ]
        ]
      },
      "properties": {
        "grid_id": "G041_029",
        "綠地類型": "公園／都市綠地",
        "中心經度": 121.607702,
        "中心緯度": 24.680264,
        "分析面積_km2": 1.04,
        "2020面積_ha": 9.9,
        "2024面積_ha": 9.0,
        "面積減少率_pct": 9.09,
        "2020斑塊數": 2,
        "2024斑塊數": 2,
        "斑塊數增加率_pct": 0.0,
        "2020平均斑塊面積_ha": 11.16,
        "2024平均斑塊面積_ha": 10.89,
        "平均斑塊面積下降率_pct": 2.42,
        "道路切割密度_km_per_km2": 6.373,
        "建成區邊界切割密度_km_per_km2": 1.24,
        "孤立小斑塊比例_pct": 9.0,
        "距大型連續綠地平均距離_m": 45.5,
        "score_面積減少": 69.70954356846472,
        "score_斑塊增加": 42.531120331950206,
        "score_平均斑塊縮小": 57.676348547717836,
        "score_道路建成區切割": 73.85892116182572,
        "score_孤立比例": 48.96265560165975,
        "score_距大型綠地": 22.821576763485478,
        "綜合破碎化分數": 52.6,
        "破碎化等級": "中",
        "判定原因": "面積減少9.1%；斑塊增加0.0%；平均斑塊縮小2.4%；道路密度6.37 km/km²；孤立比例9.0%；距大型綠地46m",
        "2021面積_ha": 8.19,
        "2022面積_ha": 8.19,
        "2023面積_ha": 9.99
      }
    },
    {
      "type": "Feature",
      "geometry": {
        "type": "Polygon",
        "coordinates": [
          [
            [
              121.61262055579375,
              24.67573005255493
            ],
            [
              121.61266467318062,
              24.6847583029826
            ],
            [
              121.62254590661297,
              24.684717659126136
            ],
            [
              121.6225010777992,
              24.675689425509574
            ],
            [
              121.61262055579375,
              24.67573005255493
            ]
          ]
        ]
      },
      "properties": {
        "grid_id": "G041_030",
        "綠地類型": "公園／都市綠地",
        "中心經度": 121.617583,
        "中心緯度": 24.680224,
        "分析面積_km2": 1.04,
        "2020面積_ha": 12.6,
        "2024面積_ha": 11.88,
        "面積減少率_pct": 5.71,
        "2020斑塊數": 3,
        "2024斑塊數": 3,
        "斑塊數增加率_pct": 0.0,
        "2020平均斑塊面積_ha": 7.35,
        "2024平均斑塊面積_ha": 7.29,
        "平均斑塊面積下降率_pct": 0.82,
        "道路切割密度_km_per_km2": 3.864,
        "建成區邊界切割密度_km_per_km2": 0.433,
        "孤立小斑塊比例_pct": 7.58,
        "距大型連續綠地平均距離_m": 20.6,
        "score_面積減少": 65.14522821576763,
        "score_斑塊增加": 42.531120331950206,
        "score_平均斑塊縮小": 54.77178423236515,
        "score_道路建成區切割": 55.705394190871374,
        "score_孤立比例": 47.30290456431535,
        "score_距大型綠地": 21.16182572614108,
        "綜合破碎化分數": 47.8,
        "破碎化等級": "中",
        "判定原因": "面積減少5.7%；斑塊增加0.0%；平均斑塊縮小0.8%；道路密度3.86 km/km²；孤立比例7.6%；距大型綠地21m",
        "2021面積_ha": 11.97,
        "2022面積_ha": 10.89,
        "2023面積_ha": 11.43
      }
    },
    {
      "type": "Feature",
      "geometry": {
        "type": "Polygon",
        "coordinates": [
          [
            [
              121.6225010777992,
              24.675689425509574
            ],
            [
              121.62254590661297,
              24.684717659126136
            ],
            [
              121.63242711821398,
              24.684676365087824
            ],
            [
              121.63238157798024,
              24.675648148551293
            ],
            [
              121.6225010777992,
              24.675689425509574
            ]
          ]
        ]
      },
      "properties": {
        "grid_id": "G041_031",
        "綠地類型": "公園／都市綠地",
        "中心經度": 121.627464,
        "中心緯度": 24.680183,
        "分析面積_km2": 1.04,
        "2020面積_ha": 5.49,
        "2024面積_ha": 5.49,
        "面積減少率_pct": 0.0,
        "2020斑塊數": 4,
        "2024斑塊數": 4,
        "斑塊數增加率_pct": 0.0,
        "2020平均斑塊面積_ha": 4.928,
        "2024平均斑塊面積_ha": 3.06,
        "平均斑塊面積下降率_pct": 37.9,
        "道路切割密度_km_per_km2": 2.797,
        "建成區邊界切割密度_km_per_km2": 0.029,
        "孤立小斑塊比例_pct": 39.34,
        "距大型連續綠地平均距離_m": 485.7,
        "score_面積減少": 29.87551867219917,
        "score_斑塊增加": 42.531120331950206,
        "score_平均斑塊縮小": 75.10373443983403,
        "score_道路建成區切割": 27.178423236514526,
        "score_孤立比例": 56.84647302904564,
        "score_距大型綠地": 31.12033195020747,
        "綜合破碎化分數": 43.8,
        "破碎化等級": "低",
        "判定原因": "面積減少0.0%；斑塊增加0.0%；平均斑塊縮小37.9%；道路密度2.80 km/km²；孤立比例39.3%；距大型綠地486m",
        "2021面積_ha": 5.49,
        "2022面積_ha": 5.31,
        "2023面積_ha": 5.58
      }
    },
    {
      "type": "Feature",
      "geometry": {
        "type": "Polygon",
        "coordinates": [
          [
            [
              121.63238157798024,
              24.675648148551293
            ],
            [
              121.63242711821398,
              24.684676365087824
            ],
            [
              121.64230830763725,
              24.684634420873373
            ],
            [
              121.64226205599051,
              24.67560622168579
            ],
            [
              121.63238157798024,
              24.675648148551293
            ]
          ]
        ]
      },
      "properties": {
        "grid_id": "G041_032",
        "綠地類型": "公園／都市綠地",
        "中心經度": 121.637345,
        "中心緯度": 24.680141,
        "分析面積_km2": 1.04,
        "2020面積_ha": 9.45,
        "2024面積_ha": 9.81,
        "面積減少率_pct": 0.0,
        "2020斑塊數": 2,
        "2024斑塊數": 4,
        "斑塊數增加率_pct": 100.0,
        "2020平均斑塊面積_ha": 8.55,
        "2024平均斑塊面積_ha": 5.603,
        "平均斑塊面積下降率_pct": 34.47,
        "道路切割密度_km_per_km2": 9.112,
        "建成區邊界切割密度_km_per_km2": 0.231,
        "孤立小斑塊比例_pct": 0.92,
        "距大型連續綠地平均距離_m": 53.2,
        "score_面積減少": 29.87551867219917,
        "score_斑塊增加": 95.0207468879668,
        "score_平均斑塊縮小": 71.78423236514523,
        "score_道路建成區切割": 70.22821576763485,
        "score_孤立比例": 41.90871369294606,
        "score_距大型綠地": 23.651452282157674,
        "綜合破碎化分數": 55.4,
        "破碎化等級": "高",
        "判定原因": "面積減少0.0%；斑塊增加100.0%；平均斑塊縮小34.5%；道路密度9.11 km/km²；孤立比例0.9%；距大型綠地53m",
        "2021面積_ha": 9.18,
        "2022面積_ha": 9.72,
        "2023面積_ha": 9.45
      }
    },
    {
      "type": "Feature",
      "geometry": {
        "type": "Polygon",
        "coordinates": [
          [
            [
              121.73118530325873,
              24.675199635057105
            ],
            [
              121.73123795728861,
              24.684227666003512
            ],
            [
              121.74111890588159,
              24.68417922036139
            ],
            [
              121.74106554051491,
              24.675151209452906
            ],
            [
              121.73118530325873,
              24.675199635057105
            ]
          ]
        ]
      },
      "properties": {
        "grid_id": "G041_042",
        "綠地類型": "公園／都市綠地",
        "中心經度": 121.736152,
        "中心緯度": 24.67969,
        "分析面積_km2": 1.04,
        "2020面積_ha": 0.18,
        "2024面積_ha": 0.18,
        "面積減少率_pct": 0.0,
        "2020斑塊數": 1,
        "2024斑塊數": 1,
        "斑塊數增加率_pct": 0.0,
        "2020平均斑塊面積_ha": 0.18,
        "2024平均斑塊面積_ha": 0.18,
        "平均斑塊面積下降率_pct": 0.0,
        "道路切割密度_km_per_km2": 11.073,
        "建成區邊界切割密度_km_per_km2": 0.058,
        "孤立小斑塊比例_pct": 100.0,
        "距大型連續綠地平均距離_m": 1885.1,
        "score_面積減少": 29.87551867219917,
        "score_斑塊增加": 42.531120331950206,
        "score_平均斑塊縮小": 26.970954356846473,
        "score_道路建成區切割": 62.65560165975104,
        "score_孤立比例": 80.29045643153528,
        "score_距大型綠地": 48.13278008298755,
        "綜合破碎化分數": 48.4,
        "破碎化等級": "中",
        "判定原因": "面積減少0.0%；斑塊增加0.0%；平均斑塊縮小0.0%；道路密度11.07 km/km²；孤立比例100.0%；距大型綠地1885m",
        "2021面積_ha": 0.18,
        "2022面積_ha": 0.0,
        "2023面積_ha": 0.36
      }
    },
    {
      "type": "Feature",
      "geometry": {
        "type": "Polygon",
        "coordinates": [
          [
            [
              121.74106554051491,
              24.675151209452906
            ],
            [
              121.74111890588159,
              24.68417922036139
            ],
            [
              121.7509998284864,
              24.684130124611848
            ],
            [
              121.7509457517911,
              24.67510213401016
            ],
            [
              121.74106554051491,
              24.675151209452906
            ]
          ]
        ]
      },
      "properties": {
        "grid_id": "G041_043",
        "綠地類型": "公園／都市綠地",
        "中心經度": 121.746033,
        "中心緯度": 24.679641,
        "分析面積_km2": 1.04,
        "2020面積_ha": 1.98,
        "2024面積_ha": 2.52,
        "面積減少率_pct": 0.0,
        "2020斑塊數": 1,
        "2024斑塊數": 1,
        "斑塊數增加率_pct": 0.0,
        "2020平均斑塊面積_ha": 26.01,
        "2024平均斑塊面積_ha": 21.33,
        "平均斑塊面積下降率_pct": 17.99,
        "道路切割密度_km_per_km2": 10.352,
        "建成區邊界切割密度_km_per_km2": 0.231,
        "孤立小斑塊比例_pct": 0.0,
        "距大型連續綠地平均距離_m": 0.0,
        "score_面積減少": 29.87551867219917,
        "score_斑塊增加": 42.531120331950206,
        "score_平均斑塊縮小": 66.59751037344398,
        "score_道路建成區切割": 73.13278008298755,
        "score_孤立比例": 20.539419087136928,
        "score_距大型綠地": 9.95850622406639,
        "綜合破碎化分數": 40.4,
        "破碎化等級": "低",
        "判定原因": "面積減少0.0%；斑塊增加0.0%；平均斑塊縮小18.0%；道路密度10.35 km/km²；孤立比例0.0%；距大型綠地0m",
        "2021面積_ha": 1.98,
        "2022面積_ha": 2.07,
        "2023面積_ha": 2.61
      }
    },
    {
      "type": "Feature",
      "geometry": {
        "type": "Polygon",
        "coordinates": [
          [
            [
              121.7509457517911,
              24.67510213401016
            ],
            [
              121.7509998284864,
              24.684130124611848
            ],
            [
              121.76088072475663,
              24.684080378761657
            ],
            [
              121.76082593674106,
              24.675052408735656
            ],
            [
              121.7509457517911,
              24.67510213401016
            ]
          ]
        ]
      },
      "properties": {
        "grid_id": "G041_044",
        "綠地類型": "公園／都市綠地",
        "中心經度": 121.755913,
        "中心緯度": 24.679591,
        "分析面積_km2": 1.04,
        "2020面積_ha": 12.33,
        "2024面積_ha": 11.7,
        "面積減少率_pct": 5.11,
        "2020斑塊數": 1,
        "2024斑塊數": 2,
        "斑塊數增加率_pct": 100.0,
        "2020平均斑塊面積_ha": 26.01,
        "2024平均斑塊面積_ha": 13.005,
        "平均斑塊面積下降率_pct": 50.0,
        "道路切割密度_km_per_km2": 18.051,
        "建成區邊界切割密度_km_per_km2": 0.952,
        "孤立小斑塊比例_pct": 0.0,
        "距大型連續綠地平均距離_m": 85.4,
        "score_面積減少": 64.31535269709543,
        "score_斑塊增加": 95.0207468879668,
        "score_平均斑塊縮小": 78.63070539419087,
        "score_道路建成區切割": 96.88796680497924,
        "score_孤立比例": 20.539419087136928,
        "score_距大型綠地": 24.066390041493776,
        "綜合破碎化分數": 63.2,
        "破碎化等級": "高",
        "判定原因": "面積減少5.1%；斑塊增加100.0%；平均斑塊縮小50.0%；道路密度18.05 km/km²；孤立比例0.0%；距大型綠地85m",
        "2021面積_ha": 12.06,
        "2022面積_ha": 11.7,
        "2023面積_ha": 12.51
      }
    },
    {
      "type": "Feature",
      "geometry": {
        "type": "Polygon",
        "coordinates": [
          [
            [
              121.76082593674106,
              24.675052408735656
            ],
            [
              121.76088072475663,
              24.684080378761657
            ],
            [
              121.77076159434594,
              24.684029982817705
            ],
            [
              121.77070609501854,
              24.675002033636254
            ],
            [
              121.76082593674106,
              24.675052408735656
            ]
          ]
        ]
      },
      "properties": {
        "grid_id": "G041_045",
        "綠地類型": "公園／都市綠地",
        "中心經度": 121.765794,
        "中心緯度": 24.679541,
        "分析面積_km2": 1.04,
        "2020面積_ha": 0.63,
        "2024面積_ha": 0.36,
        "面積減少率_pct": 42.86,
        "2020斑塊數": 1,
        "2024斑塊數": 2,
        "斑塊數增加率_pct": 100.0,
        "2020平均斑塊面積_ha": 0.63,
        "2024平均斑塊面積_ha": 0.18,
        "平均斑塊面積下降率_pct": 71.43,
        "道路切割密度_km_per_km2": 24.02,
        "建成區邊界切割密度_km_per_km2": 0.115,
        "孤立小斑塊比例_pct": 100.0,
        "距大型連續綠地平均距離_m": 949.1,
        "score_面積減少": 82.57261410788381,
        "score_斑塊增加": 95.0207468879668,
        "score_平均斑塊縮小": 88.79668049792531,
        "score_道路建成區切割": 79.77178423236515,
        "score_孤立比例": 80.29045643153528,
        "score_距大型綠地": 37.344398340248965,
        "綜合破碎化分數": 77.3,
        "破碎化等級": "高",
        "判定原因": "面積減少42.9%；斑塊增加100.0%；平均斑塊縮小71.4%；道路密度24.02 km/km²；孤立比例100.0%；距大型綠地949m",
        "2021面積_ha": 0.81,
        "2022面積_ha": 0.45,
        "2023面積_ha": 0.63
      }
    },
    {
      "type": "Feature",
      "geometry": {
        "type": "Polygon",
        "coordinates": [
          [
            [
              121.61266467318062,
              24.6847583029826
            ],
            [
              121.61270881205239,
              24.693786542482215
            ],
            [
              121.62259075725807,
              24.693745881812273
            ],
            [
              121.62254590661297,
              24.684717659126136
            ],
            [
              121.61266467318062,
              24.6847583029826
            ]
          ]
        ]
      },
      "properties": {
        "grid_id": "G042_030",
        "綠地類型": "公園／都市綠地",
        "中心經度": 121.617628,
        "中心緯度": 24.689252,
        "分析面積_km2": 1.04,
        "2020面積_ha": 0.63,
        "2024面積_ha": 0.9,
        "面積減少率_pct": 0.0,
        "2020斑塊數": 1,
        "2024斑塊數": 1,
        "斑塊數增加率_pct": 0.0,
        "2020平均斑塊面積_ha": 0.63,
        "2024平均斑塊面積_ha": 0.9,
        "平均斑塊面積下降率_pct": 0.0,
        "道路切割密度_km_per_km2": 6.632,
        "建成區邊界切割密度_km_per_km2": 0.115,
        "孤立小斑塊比例_pct": 100.0,
        "距大型連續綠地平均距離_m": 1033.9,
        "score_面積減少": 29.87551867219917,
        "score_斑塊增加": 42.531120331950206,
        "score_平均斑塊縮小": 26.970954356846473,
        "score_道路建成區切割": 55.49792531120332,
        "score_孤立比例": 80.29045643153528,
        "score_距大型綠地": 38.589211618257266,
        "綜合破碎化分數": 45.6,
        "破碎化等級": "中",
        "判定原因": "面積減少0.0%；斑塊增加0.0%；平均斑塊縮小0.0%；道路密度6.63 km/km²；孤立比例100.0%；距大型綠地1034m",
        "2021面積_ha": 0.72,
        "2022面積_ha": 0.63,
        "2023面積_ha": 0.54
      }
    },
    {
      "type": "Feature",
      "geometry": {
        "type": "Polygon",
        "coordinates": [
          [
            [
              121.62254590661297,
              24.684717659126136
            ],
            [
              121.62259075725807,
              24.693745881812273
            ],
            [
              121.63247268062551,
              24.693704570691537
            ],
            [
              121.63242711821398,
              24.684676365087824
            ],
            [
              121.62254590661297,
              24.684717659126136
            ]
          ]
        ]
      },
      "properties": {
        "grid_id": "G042_031",
        "綠地類型": "公園／都市綠地",
        "中心經度": 121.627509,
        "中心緯度": 24.689211,
        "分析面積_km2": 1.04,
        "2020面積_ha": 3.78,
        "2024面積_ha": 4.14,
        "面積減少率_pct": 0.0,
        "2020斑塊數": 2,
        "2024斑塊數": 1,
        "斑塊數增加率_pct": 0.0,
        "2020平均斑塊面積_ha": 1.89,
        "2024平均斑塊面積_ha": 4.14,
        "平均斑塊面積下降率_pct": 0.0,
        "道路切割密度_km_per_km2": 3.777,
        "建成區邊界切割密度_km_per_km2": 0.144,
        "孤立小斑塊比例_pct": 0.0,
        "距大型連續綠地平均距離_m": 914.7,
        "score_面積減少": 29.87551867219917,
        "score_斑塊增加": 42.531120331950206,
        "score_平均斑塊縮小": 26.970954356846473,
        "score_道路建成區切割": 43.15352697095435,
        "score_孤立比例": 20.539419087136928,
        "score_距大型綠地": 35.684647302904565,
        "綜合破碎化分數": 33.1,
        "破碎化等級": "低",
        "判定原因": "面積減少0.0%；斑塊增加0.0%；平均斑塊縮小0.0%；道路密度3.78 km/km²；孤立比例0.0%；距大型綠地915m",
        "2021面積_ha": 3.69,
        "2022面積_ha": 3.96,
        "2023面積_ha": 3.51
      }
    },
    {
      "type": "Feature",
      "geometry": {
        "type": "Polygon",
        "coordinates": [
          [
            [
              121.63242711821398,
              24.684676365087824
            ],
            [
              121.63247268062551,
              24.693704570691537
            ],
            [
              121.64235458180816,
              24.693662609125717
            ],
            [
              121.64230830763725,
              24.684634420873373
            ],
            [
              121.63242711821398,
              24.684676365087824
            ]
          ]
        ]
      },
      "properties": {
        "grid_id": "G042_032",
        "綠地類型": "公園／都市綠地",
        "中心經度": 121.637391,
        "中心緯度": 24.68917,
        "分析面積_km2": 1.04,
        "2020面積_ha": 3.6,
        "2024面積_ha": 3.78,
        "面積減少率_pct": 0.0,
        "2020斑塊數": 2,
        "2024斑塊數": 2,
        "斑塊數增加率_pct": 0.0,
        "2020平均斑塊面積_ha": 6.885,
        "2024平均斑塊面積_ha": 6.75,
        "平均斑塊面積下降率_pct": 1.96,
        "道路切割密度_km_per_km2": 1.298,
        "建成區邊界切割密度_km_per_km2": 0.087,
        "孤立小斑塊比例_pct": 19.05,
        "距大型連續綠地平均距離_m": 200.9,
        "score_面積減少": 29.87551867219917,
        "score_斑塊增加": 42.531120331950206,
        "score_平均斑塊縮小": 57.26141078838174,
        "score_道路建成區切割": 30.809128630705395,
        "score_孤立比例": 51.037344398340245,
        "score_距大型綠地": 27.385892116182575,
        "綜合破碎化分數": 39.8,
        "破碎化等級": "低",
        "判定原因": "面積減少0.0%；斑塊增加0.0%；平均斑塊縮小2.0%；道路密度1.30 km/km²；孤立比例19.1%；距大型綠地201m",
        "2021面積_ha": 3.78,
        "2022面積_ha": 3.15,
        "2023面積_ha": 3.69
      }
    },
    {
      "type": "Feature",
      "geometry": {
        "type": "Polygon",
        "coordinates": [
          [
            [
              121.64230830763725,
              24.684634420873373
            ],
            [
              121.64235458180816,
              24.693662609125717
            ],
            [
              121.65223646045953,
              24.69361999712061
            ],
            [
              121.65218947453634,
              24.68459182648859
            ],
            [
              121.64230830763725,
              24.684634420873373
            ]
          ]
        ]
      },
      "properties": {
        "grid_id": "G042_033",
        "綠地類型": "公園／都市綠地",
        "中心經度": 121.647272,
        "中心緯度": 24.689127,
        "分析面積_km2": 1.04,
        "2020面積_ha": 2.88,
        "2024面積_ha": 5.4,
        "面積減少率_pct": 0.0,
        "2020斑塊數": 8,
        "2024斑塊數": 2,
        "斑塊數增加率_pct": 0.0,
        "2020平均斑塊面積_ha": 1.811,
        "2024平均斑塊面積_ha": 7.515,
        "平均斑塊面積下降率_pct": 0.0,
        "道路切割密度_km_per_km2": 3.604,
        "建成區邊界切割密度_km_per_km2": 0.461,
        "孤立小斑塊比例_pct": 0.0,
        "距大型連續綠地平均距離_m": 159.4,
        "score_面積減少": 29.87551867219917,
        "score_斑塊增加": 42.531120331950206,
        "score_平均斑塊縮小": 26.970954356846473,
        "score_道路建成區切割": 54.97925311203319,
        "score_孤立比例": 20.539419087136928,
        "score_距大型綠地": 26.141078838174277,
        "綜合破碎化分數": 33.5,
        "破碎化等級": "低",
        "判定原因": "面積減少0.0%；斑塊增加0.0%；平均斑塊縮小0.0%；道路密度3.60 km/km²；孤立比例0.0%；距大型綠地159m",
        "2021面積_ha": 3.06,
        "2022面積_ha": 1.62,
        "2023面積_ha": 4.23
      }
    },
    {
      "type": "Feature",
      "geometry": {
        "type": "Polygon",
        "coordinates": [
          [
            [
              121.7114759835236,
              24.68432260693878
            ],
            [
              121.71152723980465,
              24.6933506662011
            ],
            [
              121.7214089510342,
              24.69330350129094
            ],
            [
              121.72135698305381,
              24.68427546153151
            ],
            [
              121.7114759835236,
              24.68432260693878
            ]
          ]
        ]
      },
      "properties": {
        "grid_id": "G042_040",
        "綠地類型": "公園／都市綠地",
        "中心經度": 121.716442,
        "中心緯度": 24.688813,
        "分析面積_km2": 1.04,
        "2020面積_ha": 0.54,
        "2024面積_ha": 0.36,
        "面積減少率_pct": 33.33,
        "2020斑塊數": 2,
        "2024斑塊數": 1,
        "斑塊數增加率_pct": 0.0,
        "2020平均斑塊面積_ha": 0.27,
        "2024平均斑塊面積_ha": 0.36,
        "平均斑塊面積下降率_pct": 0.0,
        "道路切割密度_km_per_km2": 12.197,
        "建成區邊界切割密度_km_per_km2": 0.087,
        "孤立小斑塊比例_pct": 100.0,
        "距大型連續綠地平均距離_m": 3379.3,
        "score_面積減少": 78.42323651452283,
        "score_斑塊增加": 42.531120331950206,
        "score_平均斑塊縮小": 26.970954356846473,
        "score_道路建成區切割": 70.64315352697096,
        "score_孤立比例": 80.29045643153528,
        "score_距大型綠地": 74.68879668049793,
        "綜合破碎化分數": 62.3,
        "破碎化等級": "高",
        "判定原因": "面積減少33.3%；斑塊增加0.0%；平均斑塊縮小0.0%；道路密度12.20 km/km²；孤立比例100.0%；距大型綠地3379m",
        "2021面積_ha": 0.63,
        "2022面積_ha": 0.27,
        "2023面積_ha": 0.36
      }
    },
    {
      "type": "Feature",
      "geometry": {
        "type": "Polygon",
        "coordinates": [
          [
            [
              121.74111890588159,
              24.68417922036139
            ],
            [
              121.74117229723649,
              24.69320722030829
            ],
            [
              121.75105393151625,
              24.6931581042491
            ],
            [
              121.7509998284864,
              24.684130124611848
            ],
            [
              121.74111890588159,
              24.68417922036139
            ]
          ]
        ]
      },
      "properties": {
        "grid_id": "G042_043",
        "綠地類型": "公園／都市綠地",
        "中心經度": 121.746086,
        "中心緯度": 24.688669,
        "分析面積_km2": 1.04,
        "2020面積_ha": 8.37,
        "2024面積_ha": 6.84,
        "面積減少率_pct": 18.28,
        "2020斑塊數": 2,
        "2024斑塊數": 2,
        "斑塊數增加率_pct": 0.0,
        "2020平均斑塊面積_ha": 13.95,
        "2024平均斑塊面積_ha": 10.71,
        "平均斑塊面積下降率_pct": 23.23,
        "道路切割密度_km_per_km2": 8.737,
        "建成區邊界切割密度_km_per_km2": 0.029,
        "孤立小斑塊比例_pct": 1.32,
        "距大型連續綠地平均距離_m": 6.1,
        "score_面積減少": 74.27385892116183,
        "score_斑塊增加": 42.531120331950206,
        "score_平均斑塊縮小": 68.46473029045643,
        "score_道路建成區切割": 51.76348547717842,
        "score_孤立比例": 42.32365145228216,
        "score_距大型綠地": 20.33195020746888,
        "綜合破碎化分數": 49.9,
        "破碎化等級": "中",
        "判定原因": "面積減少18.3%；斑塊增加0.0%；平均斑塊縮小23.2%；道路密度8.74 km/km²；孤立比例1.3%；距大型綠地6m",
        "2021面積_ha": 6.84,
        "2022面積_ha": 6.84,
        "2023面積_ha": 6.93
      }
    },
    {
      "type": "Feature",
      "geometry": {
        "type": "Polygon",
        "coordinates": [
          [
            [
              121.7509998284864,
              24.684130124611848
            ],
            [
              121.75105393151625,
              24.6931581042491
            ],
            [
              121.7609355394531,
              24.693108337820355
            ],
            [
              121.76088072475663,
              24.684080378761657
            ],
            [
              121.7509998284864,
              24.684130124611848
            ]
          ]
        ]
      },
      "properties": {
        "grid_id": "G042_044",
        "綠地類型": "公園／都市綠地",
        "中心經度": 121.755968,
        "中心緯度": 24.688619,
        "分析面積_km2": 1.04,
        "2020面積_ha": 9.18,
        "2024面積_ha": 9.18,
        "面積減少率_pct": 0.0,
        "2020斑塊數": 1,
        "2024斑塊數": 1,
        "斑塊數增加率_pct": 0.0,
        "2020平均斑塊面積_ha": 26.01,
        "2024平均斑塊面積_ha": 21.33,
        "平均斑塊面積下降率_pct": 17.99,
        "道路切割密度_km_per_km2": 12.601,
        "建成區邊界切割密度_km_per_km2": 0.721,
        "孤立小斑塊比例_pct": 0.0,
        "距大型連續綠地平均距離_m": 0.0,
        "score_面積減少": 29.87551867219917,
        "score_斑塊增加": 42.531120331950206,
        "score_平均斑塊縮小": 66.59751037344398,
        "score_道路建成區切割": 91.18257261410788,
        "score_孤立比例": 20.539419087136928,
        "score_距大型綠地": 9.95850622406639,
        "綜合破碎化分數": 43.4,
        "破碎化等級": "低",
        "判定原因": "面積減少0.0%；斑塊增加0.0%；平均斑塊縮小18.0%；道路密度12.60 km/km²；孤立比例0.0%；距大型綠地0m",
        "2021面積_ha": 9.54,
        "2022面積_ha": 9.09,
        "2023面積_ha": 9.18
      }
    },
    {
      "type": "Feature",
      "geometry": {
        "type": "Polygon",
        "coordinates": [
          [
            [
              121.8004040395647,
              24.683874894493346
            ],
            [
              121.80046170084222,
              24.692902768548745
            ],
            [
              121.8103431718676,
              24.6928497503772
            ],
            [
              121.81028479896675,
              24.68382189824488
            ],
            [
              121.8004040395647,
              24.683874894493346
            ]
          ]
        ]
      },
      "properties": {
        "grid_id": "G042_049",
        "綠地類型": "公園／都市綠地",
        "中心經度": 121.805373,
        "中心緯度": 24.688362,
        "分析面積_km2": 1.04,
        "2020面積_ha": 0.18,
        "2024面積_ha": 0.0,
        "面積減少率_pct": 100.0,
        "2020斑塊數": 1,
        "2024斑塊數": 0,
        "斑塊數增加率_pct": 0.0,
        "2020平均斑塊面積_ha": 0.18,
        "2024平均斑塊面積_ha": 0.0,
        "平均斑塊面積下降率_pct": 100.0,
        "道路切割密度_km_per_km2": 11.967,
        "建成區邊界切割密度_km_per_km2": 0.0,
        "孤立小斑塊比例_pct": 0.0,
        "距大型連續綠地平均距離_m": 0.0,
        "score_面積減少": 96.6804979253112,
        "score_斑塊增加": 42.531120331950206,
        "score_平均斑塊縮小": 96.6804979253112,
        "score_道路建成區切割": 50.31120331950208,
        "score_孤立比例": 20.539419087136928,
        "score_距大型綠地": 9.95850622406639,
        "綜合破碎化分數": 52.8,
        "破碎化等級": "中",
        "判定原因": "面積減少100.0%；斑塊增加0.0%；平均斑塊縮小100.0%；道路密度11.97 km/km²；孤立比例0.0%；距大型綠地0m",
        "2021面積_ha": 0.36,
        "2022面積_ha": 0.0,
        "2023面積_ha": 0.0
      }
    },
    {
      "type": "Feature",
      "geometry": {
        "type": "Polygon",
        "coordinates": [
          [
            [
              121.83004623218645,
              24.68371395558122
            ],
            [
              121.83010602830687,
              24.692741763060713
            ],
            [
              121.83661247410815,
              24.692705641512763
            ],
            [
              121.83662280000001,
              24.691715200000004
            ],
            [
              121.83664230000001,
              24.6891075
            ],
            [
              121.83687000000002,
              24.686060000000005
            ],
            [
              121.83701580000002,
              24.684188300000002
            ],
            [
              121.83701714881374,
              24.683675257874857
            ],
            [
              121.83004623218645,
              24.68371395558122
            ]
          ]
        ]
      },
      "properties": {
        "grid_id": "G042_052",
        "綠地類型": "公園／都市綠地",
        "中心經度": 121.833414,
        "中心緯度": 24.687602,
        "分析面積_km2": 0.698,
        "2020面積_ha": 0.9,
        "2024面積_ha": 0.99,
        "面積減少率_pct": 0.0,
        "2020斑塊數": 1,
        "2024斑塊數": 1,
        "斑塊數增加率_pct": 0.0,
        "2020平均斑塊面積_ha": 16.11,
        "2024平均斑塊面積_ha": 16.11,
        "平均斑塊面積下降率_pct": 0.0,
        "道路切割密度_km_per_km2": 5.591,
        "建成區邊界切割密度_km_per_km2": 0.301,
        "孤立小斑塊比例_pct": 0.0,
        "距大型連續綠地平均距離_m": 0.0,
        "score_面積減少": 29.87551867219917,
        "score_斑塊增加": 42.531120331950206,
        "score_平均斑塊縮小": 26.970954356846473,
        "score_道路建成區切割": 59.54356846473029,
        "score_孤立比例": 20.539419087136928,
        "score_距大型綠地": 9.95850622406639,
        "綜合破碎化分數": 31.6,
        "破碎化等級": "低",
        "判定原因": "面積減少0.0%；斑塊增加0.0%；平均斑塊縮小0.0%；道路密度5.59 km/km²；孤立比例0.0%；距大型綠地0m",
        "2021面積_ha": 0.99,
        "2022面積_ha": 0.9,
        "2023面積_ha": 1.26
      }
    },
    {
      "type": "Feature",
      "geometry": {
        "type": "Polygon",
        "coordinates": [
          [
            [
              121.60282684535503,
              24.69382655269574
            ],
            [
              121.60287029359178,
              24.702854797811156
            ],
            [
              121.61275297241582,
              24.70281477105081
            ],
            [
              121.61270881205239,
              24.693786542482215
            ],
            [
              121.60282684535503,
              24.69382655269574
            ]
          ]
        ]
      },
      "properties": {
        "grid_id": "G043_029",
        "綠地類型": "公園／都市綠地",
        "中心經度": 121.60779,
        "中心緯度": 24.698321,
        "分析面積_km2": 1.04,
        "2020面積_ha": 0.09,
        "2024面積_ha": 0.0,
        "面積減少率_pct": 100.0,
        "2020斑塊數": 1,
        "2024斑塊數": 0,
        "斑塊數增加率_pct": 0.0,
        "2020平均斑塊面積_ha": 0.09,
        "2024平均斑塊面積_ha": 0.0,
        "平均斑塊面積下降率_pct": 100.0,
        "道路切割密度_km_per_km2": 2.278,
        "建成區邊界切割密度_km_per_km2": 0.0,
        "孤立小斑塊比例_pct": 0.0,
        "距大型連續綠地平均距離_m": 0.0,
        "score_面積減少": 96.6804979253112,
        "score_斑塊增加": 42.531120331950206,
        "score_平均斑塊縮小": 96.6804979253112,
        "score_道路建成區切割": 15.352697095435683,
        "score_孤立比例": 20.539419087136928,
        "score_距大型綠地": 9.95850622406639,
        "綜合破碎化分數": 47.0,
        "破碎化等級": "中",
        "判定原因": "面積減少100.0%；斑塊增加0.0%；平均斑塊縮小100.0%；道路密度2.28 km/km²；孤立比例0.0%；距大型綠地0m",
        "2021面積_ha": 0.0,
        "2022面積_ha": 0.0,
        "2023面積_ha": 0.0
      }
    },
    {
      "type": "Feature",
      "geometry": {
        "type": "Polygon",
        "coordinates": [
          [
            [
              121.63247268062551,
              24.693704570691537
            ],
            [
              121.63251826522179,
              24.7027327653595
            ],
            [
              121.64240087851041,
              24.702690786439877
            ],
            [
              121.64235458180816,
              24.693662609125717
            ],
            [
              121.63247268062551,
              24.693704570691537
            ]
          ]
        ]
      },
      "properties": {
        "grid_id": "G043_032",
        "綠地類型": "公園／都市綠地",
        "中心經度": 121.637437,
        "中心緯度": 24.698198,
        "分析面積_km2": 1.04,
        "2020面積_ha": 0.18,
        "2024面積_ha": 0.09,
        "面積減少率_pct": 50.0,
        "2020斑塊數": 2,
        "2024斑塊數": 1,
        "斑塊數增加率_pct": 0.0,
        "2020平均斑塊面積_ha": 0.36,
        "2024平均斑塊面積_ha": 0.09,
        "平均斑塊面積下降率_pct": 75.0,
        "道路切割密度_km_per_km2": 3.922,
        "建成區邊界切割密度_km_per_km2": 0.029,
        "孤立小斑塊比例_pct": 100.0,
        "距大型連續綠地平均距離_m": 1110.4,
        "score_面積減少": 84.43983402489627,
        "score_斑塊增加": 42.531120331950206,
        "score_平均斑塊縮小": 89.83402489626556,
        "score_道路建成區切割": 31.53526970954357,
        "score_孤立比例": 80.29045643153528,
        "score_距大型綠地": 40.66390041493776,
        "綜合破碎化分數": 61.5,
        "破碎化等級": "高",
        "判定原因": "面積減少50.0%；斑塊增加0.0%；平均斑塊縮小75.0%；道路密度3.92 km/km²；孤立比例100.0%；距大型綠地1110m",
        "2021面積_ha": 0.0,
        "2022面積_ha": 0.09,
        "2023面積_ha": 0.0
      }
    },
    {
      "type": "Feature",
      "geometry": {
        "type": "Polygon",
        "coordinates": [
          [
            [
              121.65223646045953,
              24.69361999712061
            ],
            [
              121.65228346926058,
              24.702648156811975
            ],
            [
              121.66216603712567,
              24.7026048764817
            ],
            [
              121.66211831623305,
              24.69357673468211
            ],
            [
              121.65223646045953,
              24.69361999712061
            ]
          ]
        ]
      },
      "properties": {
        "grid_id": "G043_034",
        "綠地類型": "公園／都市綠地",
        "中心經度": 121.657201,
        "中心緯度": 24.698113,
        "分析面積_km2": 1.04,
        "2020面積_ha": 1.17,
        "2024面積_ha": 0.45,
        "面積減少率_pct": 61.54,
        "2020斑塊數": 2,
        "2024斑塊數": 3,
        "斑塊數增加率_pct": 50.0,
        "2020平均斑塊面積_ha": 1.08,
        "2024平均斑塊面積_ha": 0.54,
        "平均斑塊面積下降率_pct": 50.0,
        "道路切割密度_km_per_km2": 1.874,
        "建成區邊界切割密度_km_per_km2": 0.144,
        "孤立小斑塊比例_pct": 100.0,
        "距大型連續綠地平均距離_m": 1641.7,
        "score_面積減少": 87.13692946058092,
        "score_斑塊增加": 89.00414937759335,
        "score_平均斑塊縮小": 78.63070539419087,
        "score_道路建成區切割": 35.788381742738586,
        "score_孤立比例": 80.29045643153528,
        "score_距大型綠地": 45.643153526970956,
        "綜合破碎化分數": 69.4,
        "破碎化等級": "高",
        "判定原因": "面積減少61.5%；斑塊增加50.0%；平均斑塊縮小50.0%；道路密度1.87 km/km²；孤立比例100.0%；距大型綠地1642m",
        "2021面積_ha": 0.72,
        "2022面積_ha": 0.18,
        "2023面積_ha": 0.81
      }
    },
    {
      "type": "Feature",
      "geometry": {
        "type": "Polygon",
        "coordinates": [
          [
            [
              121.66211831623305,
              24.69357673468211
            ],
            [
              121.66216603712567,
              24.7026048764817
            ],
            [
              121.67204858175901,
              24.702560945455026
            ],
            [
              121.67200014878219,
              24.69353282181619
            ],
            [
              121.66211831623305,
              24.69357673468211
            ]
          ]
        ]
      },
      "properties": {
        "grid_id": "G043_035",
        "綠地類型": "公園／都市綠地",
        "中心經度": 121.667083,
        "中心緯度": 24.698069,
        "分析面積_km2": 1.04,
        "2020面積_ha": 7.92,
        "2024面積_ha": 7.38,
        "面積減少率_pct": 6.82,
        "2020斑塊數": 5,
        "2024斑塊數": 7,
        "斑塊數增加率_pct": 40.0,
        "2020平均斑塊面積_ha": 1.854,
        "2024平均斑塊面積_ha": 1.157,
        "平均斑塊面積下降率_pct": 37.59,
        "道路切割密度_km_per_km2": 5.796,
        "建成區邊界切割密度_km_per_km2": 0.692,
        "孤立小斑塊比例_pct": 37.8,
        "距大型連續綠地平均距離_m": 2429.0,
        "score_面積減少": 67.21991701244814,
        "score_斑塊增加": 87.55186721991701,
        "score_平均斑塊縮小": 74.27385892116183,
        "score_道路建成區切割": 67.73858921161826,
        "score_孤立比例": 56.43153526970954,
        "score_距大型綠地": 54.77178423236515,
        "綜合破碎化分數": 68.0,
        "破碎化等級": "高",
        "判定原因": "面積減少6.8%；斑塊增加40.0%；平均斑塊縮小37.6%；道路密度5.80 km/km²；孤立比例37.8%；距大型綠地2429m",
        "2021面積_ha": 8.37,
        "2022面積_ha": 7.74,
        "2023面積_ha": 7.38
      }
    },
    {
      "type": "Feature",
      "geometry": {
        "type": "Polygon",
        "coordinates": [
          [
            [
              121.67200014878219,
              24.69353282181619
            ],
            [
              121.67204858175901,
              24.702560945455026
            ],
            [
              121.68193110281405,
              24.70251636373803
            ],
            [
              121.68188195776042,
              24.69348825852893
            ],
            [
              121.67200014878219,
              24.69353282181619
            ]
          ]
        ]
      },
      "properties": {
        "grid_id": "G043_036",
        "綠地類型": "公園／都市綠地",
        "中心經度": 121.676965,
        "中心緯度": 24.698025,
        "分析面積_km2": 1.04,
        "2020面積_ha": 5.22,
        "2024面積_ha": 5.13,
        "面積減少率_pct": 1.72,
        "2020斑塊數": 2,
        "2024斑塊數": 2,
        "斑塊數增加率_pct": 0.0,
        "2020平均斑塊面積_ha": 5.625,
        "2024平均斑塊面積_ha": 7.56,
        "平均斑塊面積下降率_pct": 0.0,
        "道路切割密度_km_per_km2": 5.046,
        "建成區邊界切割密度_km_per_km2": 0.548,
        "孤立小斑塊比例_pct": 0.0,
        "距大型連續綠地平均距離_m": 3475.0,
        "score_面積減少": 61.41078838174274,
        "score_斑塊增加": 42.531120331950206,
        "score_平均斑塊縮小": 26.970954356846473,
        "score_道路建成區切割": 62.75933609958506,
        "score_孤立比例": 20.539419087136928,
        "score_距大型綠地": 75.51867219917013,
        "綜合破碎化分數": 48.3,
        "破碎化等級": "中",
        "判定原因": "面積減少1.7%；斑塊增加0.0%；平均斑塊縮小0.0%；道路密度5.05 km/km²；孤立比例0.0%；距大型綠地3475m",
        "2021面積_ha": 5.67,
        "2022面積_ha": 4.77,
        "2023面積_ha": 4.41
      }
    },
    {
      "type": "Feature",
      "geometry": {
        "type": "Polygon",
        "coordinates": [
          [
            [
              121.68188195776042,
              24.69348825852893
            ],
            [
              121.68193110281405,
              24.70251636373803
            ],
            [
              121.69181359994404,
              24.70247113133687
            ],
            [
              121.69176374282128,
              24.693443044826477
            ],
            [
              121.68188195776042,
              24.69348825852893
            ]
          ]
        ]
      },
      "properties": {
        "grid_id": "G043_037",
        "綠地類型": "公園／都市綠地",
        "中心經度": 121.686848,
        "中心緯度": 24.69798,
        "分析面積_km2": 1.04,
        "2020面積_ha": 7.2,
        "2024面積_ha": 8.28,
        "面積減少率_pct": 0.0,
        "2020斑塊數": 5,
        "2024斑塊數": 4,
        "斑塊數增加率_pct": 0.0,
        "2020平均斑塊面積_ha": 3.582,
        "2024平均斑塊面積_ha": 4.23,
        "平均斑塊面積下降率_pct": 0.0,
        "道路切割密度_km_per_km2": 7.872,
        "建成區邊界切割密度_km_per_km2": 0.836,
        "孤立小斑塊比例_pct": 8.7,
        "距大型連續綠地平均距離_m": 4283.5,
        "score_面積減少": 29.87551867219917,
        "score_斑塊增加": 42.531120331950206,
        "score_平均斑塊縮小": 26.970954356846473,
        "score_道路建成區切割": 77.17842323651452,
        "score_孤立比例": 48.13278008298755,
        "score_距大型綠地": 82.57261410788381,
        "綜合破碎化分數": 51.2,
        "破碎化等級": "中",
        "判定原因": "面積減少0.0%；斑塊增加0.0%；平均斑塊縮小0.0%；道路密度7.87 km/km²；孤立比例8.7%；距大型綠地4284m",
        "2021面積_ha": 9.99,
        "2022面積_ha": 7.11,
        "2023面積_ha": 6.57
      }
    },
    {
      "type": "Feature",
      "geometry": {
        "type": "Polygon",
        "coordinates": [
          [
            [
              121.69176374282128,
              24.693443044826477
            ],
            [
              121.69181359994404,
              24.70247113133687
            ],
            [
              121.70169607280246,
              24.702425248257807
            ],
            [
              121.70164550361817,
              24.69339718071509
            ],
            [
              121.69176374282128,
              24.693443044826477
            ]
          ]
        ]
      },
      "properties": {
        "grid_id": "G043_038",
        "綠地類型": "公園／都市綠地",
        "中心經度": 121.69673,
        "中心緯度": 24.697934,
        "分析面積_km2": 1.04,
        "2020面積_ha": 5.4,
        "2024面積_ha": 4.68,
        "面積減少率_pct": 13.33,
        "2020斑塊數": 1,
        "2024斑塊數": 2,
        "斑塊數增加率_pct": 100.0,
        "2020平均斑塊面積_ha": 9.45,
        "2024平均斑塊面積_ha": 4.05,
        "平均斑塊面積下降率_pct": 57.14,
        "道路切割密度_km_per_km2": 6.344,
        "建成區邊界切割密度_km_per_km2": 0.317,
        "孤立小斑塊比例_pct": 3.85,
        "距大型連續綠地平均距離_m": 4935.0,
        "score_面積減少": 71.78423236514523,
        "score_斑塊增加": 95.0207468879668,
        "score_平均斑塊縮小": 82.57261410788381,
        "score_道路建成區切割": 64.10788381742739,
        "score_孤立比例": 44.81327800829876,
        "score_距大型綠地": 87.13692946058092,
        "綜合破碎化分數": 74.2,
        "破碎化等級": "高",
        "判定原因": "面積減少13.3%；斑塊增加100.0%；平均斑塊縮小57.1%；道路密度6.34 km/km²；孤立比例3.9%；距大型綠地4935m",
        "2021面積_ha": 5.85,
        "2022面積_ha": 5.49,
        "2023面積_ha": 4.95
      }
    },
    {
      "type": "Feature",
      "geometry": {
        "type": "Polygon",
        "coordinates": [
          [
            [
              121.70164550361817,
              24.69339718071509
            ],
            [
              121.70169607280246,
              24.702425248257807
            ],
            [
              121.71157852104265,
              24.702378714507166
            ],
            [
              121.71152723980465,
              24.6933506662011
            ],
            [
              121.70164550361817,
              24.69339718071509
            ]
          ]
        ]
      },
      "properties": {
        "grid_id": "G043_039",
        "綠地類型": "公園／都市綠地",
        "中心經度": 121.706612,
        "中心緯度": 24.697888,
        "分析面積_km2": 1.04,
        "2020面積_ha": 1.35,
        "2024面積_ha": 1.71,
        "面積減少率_pct": 0.0,
        "2020斑塊數": 3,
        "2024斑塊數": 3,
        "斑塊數增加率_pct": 0.0,
        "2020平均斑塊面積_ha": 3.24,
        "2024平均斑塊面積_ha": 0.63,
        "平均斑塊面積下降率_pct": 80.56,
        "道路切割密度_km_per_km2": 7.036,
        "建成區邊界切割密度_km_per_km2": 0.433,
        "孤立小斑塊比例_pct": 100.0,
        "距大型連續綠地平均距離_m": 4634.5,
        "score_面積減少": 29.87551867219917,
        "score_斑塊增加": 42.531120331950206,
        "score_平均斑塊縮小": 91.28630705394191,
        "score_道路建成區切割": 70.53941908713693,
        "score_孤立比例": 80.29045643153528,
        "score_距大型綠地": 85.06224066390041,
        "綜合破碎化分數": 66.6,
        "破碎化等級": "高",
        "判定原因": "面積減少0.0%；斑塊增加0.0%；平均斑塊縮小80.6%；道路密度7.04 km/km²；孤立比例100.0%；距大型綠地4634m",
        "2021面積_ha": 2.61,
        "2022面積_ha": 2.34,
        "2023面積_ha": 1.62
      }
    },
    {
      "type": "Feature",
      "geometry": {
        "type": "Polygon",
        "coordinates": [
          [
            [
              121.71152723980465,
              24.6933506662011
            ],
            [
              121.71157852104265,
              24.702378714507166
            ],
            [
              121.721460944318,
              24.702331530091403
            ],
            [
              121.7214089510342,
              24.69330350129094
            ],
            [
              121.71152723980465,
              24.6933506662011
            ]
          ]
        ]
      },
      "properties": {
        "grid_id": "G043_040",
        "綠地類型": "公園／都市綠地",
        "中心經度": 121.716494,
        "中心緯度": 24.697841,
        "分析面積_km2": 1.04,
        "2020面積_ha": 8.37,
        "2024面積_ha": 5.49,
        "面積減少率_pct": 34.41,
        "2020斑塊數": 2,
        "2024斑塊數": 4,
        "斑塊數增加率_pct": 100.0,
        "2020平均斑塊面積_ha": 6.525,
        "2024平均斑塊面積_ha": 2.295,
        "平均斑塊面積下降率_pct": 64.83,
        "道路切割密度_km_per_km2": 9.977,
        "建成區邊界切割密度_km_per_km2": 0.144,
        "孤立小斑塊比例_pct": 21.31,
        "距大型連續綠地平均距離_m": 3442.1,
        "score_面積減少": 80.08298755186722,
        "score_斑塊增加": 95.0207468879668,
        "score_平均斑塊縮小": 84.64730290456431,
        "score_道路建成區切割": 67.9460580912863,
        "score_孤立比例": 51.867219917012456,
        "score_距大型綠地": 75.10373443983403,
        "綜合破碎化分數": 75.8,
        "破碎化等級": "高",
        "判定原因": "面積減少34.4%；斑塊增加100.0%；平均斑塊縮小64.8%；道路密度9.98 km/km²；孤立比例21.3%；距大型綠地3442m",
        "2021面積_ha": 8.19,
        "2022面積_ha": 7.83,
        "2023面積_ha": 6.48
      }
    },
    {
      "type": "Feature",
      "geometry": {
        "type": "Polygon",
        "coordinates": [
          [
            [
              121.7214089510342,
              24.69330350129094
            ],
            [
              121.721460944318,
              24.702331530091403
            ],
            [
              121.7313433422819,
              24.70228369501702
            ],
            [
              121.7312906369603,
              24.69325568599114
            ],
            [
              121.7214089510342,
              24.69330350129094
            ]
          ]
        ]
      },
      "properties": {
        "grid_id": "G043_041",
        "綠地類型": "公園／都市綠地",
        "中心經度": 121.726376,
        "中心緯度": 24.697794,
        "分析面積_km2": 1.04,
        "2020面積_ha": 5.31,
        "2024面積_ha": 4.23,
        "面積減少率_pct": 20.34,
        "2020斑塊數": 2,
        "2024斑塊數": 3,
        "斑塊數增加率_pct": 50.0,
        "2020平均斑塊面積_ha": 4.905,
        "2024平均斑塊面積_ha": 2.7,
        "平均斑塊面積下降率_pct": 44.95,
        "道路切割密度_km_per_km2": 12.486,
        "建成區邊界切割密度_km_per_km2": 0.26,
        "孤立小斑塊比例_pct": 2.13,
        "距大型連續綠地平均距離_m": 3074.9,
        "score_面積減少": 75.51867219917013,
        "score_斑塊增加": 89.00414937759335,
        "score_平均斑塊縮小": 76.76348547717843,
        "score_道路建成區切割": 80.91286307053943,
        "score_孤立比例": 42.738589211618255,
        "score_距大型綠地": 68.04979253112033,
        "綜合破碎化分數": 72.2,
        "破碎化等級": "高",
        "判定原因": "面積減少20.3%；斑塊增加50.0%；平均斑塊縮小45.0%；道路密度12.49 km/km²；孤立比例2.1%；距大型綠地3075m",
        "2021面積_ha": 4.41,
        "2022面積_ha": 3.87,
        "2023面積_ha": 4.14
      }
    },
    {
      "type": "Feature",
      "geometry": {
        "type": "Polygon",
        "coordinates": [
          [
            [
              121.7312906369603,
              24.69325568599114
            ],
            [
              121.7313433422819,
              24.70228369501702
            ],
            [
              121.74122571458778,
              24.70223520929064
            ],
            [
              121.74117229723649,
              24.69320722030829
            ],
            [
              121.7312906369603,
              24.69325568599114
            ]
          ]
        ]
      },
      "properties": {
        "grid_id": "G043_042",
        "綠地類型": "公園／都市綠地",
        "中心經度": 121.736258,
        "中心緯度": 24.697746,
        "分析面積_km2": 1.04,
        "2020面積_ha": 0.09,
        "2024面積_ha": 0.27,
        "面積減少率_pct": 0.0,
        "2020斑塊數": 1,
        "2024斑塊數": 3,
        "斑塊數增加率_pct": 200.0,
        "2020平均斑塊面積_ha": 0.09,
        "2024平均斑塊面積_ha": 0.09,
        "平均斑塊面積下降率_pct": 0.0,
        "道路切割密度_km_per_km2": 13.552,
        "建成區邊界切割密度_km_per_km2": 0.087,
        "孤立小斑塊比例_pct": 100.0,
        "距大型連續綠地平均距離_m": 2143.7,
        "score_面積減少": 29.87551867219917,
        "score_斑塊增加": 100.0,
        "score_平均斑塊縮小": 26.970954356846473,
        "score_道路建成區切割": 73.7551867219917,
        "score_孤立比例": 80.29045643153528,
        "score_距大型綠地": 49.37759336099585,
        "綜合破碎化分數": 60.0,
        "破碎化等級": "高",
        "判定原因": "面積減少0.0%；斑塊增加200.0%；平均斑塊縮小0.0%；道路密度13.55 km/km²；孤立比例100.0%；距大型綠地2144m",
        "2021面積_ha": 0.9,
        "2022面積_ha": 0.09,
        "2023面積_ha": 0.36
      }
    },
    {
      "type": "Feature",
      "geometry": {
        "type": "Polygon",
        "coordinates": [
          [
            [
              121.83010602830687,
              24.692741763060713
            ],
            [
              121.83016585354184,
              24.701769559548726
            ],
            [
              121.83661396943673,
              24.70173375086719
            ],
            [
              121.83660279999998,
              24.701291100000002
            ],
            [
              121.83659550000002,
              24.698545099999997
            ],
            [
              121.8365869,
              24.6951587
            ],
            [
              121.83661247410815,
              24.692705641512763
            ],
            [
              121.83010602830687,
              24.692741763060713
            ]
          ]
        ]
      },
      "properties": {
        "grid_id": "G043_052",
        "綠地類型": "公園／都市綠地",
        "中心經度": 121.833362,
        "中心緯度": 24.69687,
        "分析面積_km2": 0.673,
        "2020面積_ha": 13.5,
        "2024面積_ha": 13.41,
        "面積減少率_pct": 0.67,
        "2020斑塊數": 1,
        "2024斑塊數": 1,
        "斑塊數增加率_pct": 0.0,
        "2020平均斑塊面積_ha": 16.11,
        "2024平均斑塊面積_ha": 16.11,
        "平均斑塊面積下降率_pct": 0.0,
        "道路切割密度_km_per_km2": 4.857,
        "建成區邊界切割密度_km_per_km2": 0.178,
        "孤立小斑塊比例_pct": 0.0,
        "距大型連續綠地平均距離_m": 0.0,
        "score_面積減少": 59.75103734439834,
        "score_斑塊增加": 42.531120331950206,
        "score_平均斑塊縮小": 26.970954356846473,
        "score_道路建成區切割": 50.829875518672196,
        "score_孤立比例": 20.539419087136928,
        "score_距大型綠地": 9.95850622406639,
        "綜合破碎化分數": 35.1,
        "破碎化等級": "低",
        "判定原因": "面積減少0.7%；斑塊增加0.0%；平均斑塊縮小0.0%；道路密度4.86 km/km²；孤立比例0.0%；距大型綠地0m",
        "2021面積_ha": 13.32,
        "2022面積_ha": 13.5,
        "2023面積_ha": 13.77
      }
    },
    {
      "type": "Feature",
      "geometry": {
        "type": "Polygon",
        "coordinates": [
          [
            [
              121.64240087851041,
              24.702690786439877
            ],
            [
              121.64244719775111,
              24.711718952812866
            ],
            [
              121.65233050094672,
              24.71167630555971
            ],
            [
              121.65228346926058,
              24.702648156811975
            ],
            [
              121.64240087851041,
              24.702690786439877
            ]
          ]
        ]
      },
      "properties": {
        "grid_id": "G044_033",
        "綠地類型": "公園／都市綠地",
        "中心經度": 121.647366,
        "中心緯度": 24.707184,
        "分析面積_km2": 1.04,
        "2020面積_ha": 0.0,
        "2024面積_ha": 0.27,
        "面積減少率_pct": 0.0,
        "2020斑塊數": 0,
        "2024斑塊數": 1,
        "斑塊數增加率_pct": 100.0,
        "2020平均斑塊面積_ha": 0.0,
        "2024平均斑塊面積_ha": 0.27,
        "平均斑塊面積下降率_pct": 0.0,
        "道路切割密度_km_per_km2": 5.94,
        "建成區邊界切割密度_km_per_km2": 0.087,
        "孤立小斑塊比例_pct": 100.0,
        "距大型連續綠地平均距離_m": 2540.4,
        "score_面積減少": 29.87551867219917,
        "score_斑塊增加": 95.0207468879668,
        "score_平均斑塊縮小": 26.970954356846473,
        "score_道路建成區切割": 49.68879668049793,
        "score_孤立比例": 80.29045643153528,
        "score_距大型綠地": 56.43153526970954,
        "綜合破碎化分數": 56.4,
        "破碎化等級": "高",
        "判定原因": "面積減少0.0%；斑塊增加100.0%；平均斑塊縮小0.0%；道路密度5.94 km/km²；孤立比例100.0%；距大型綠地2540m",
        "2021面積_ha": 0.54,
        "2022面積_ha": 0.27,
        "2023面積_ha": 0.0
      }
    },
    {
      "type": "Feature",
      "geometry": {
        "type": "Polygon",
        "coordinates": [
          [
            [
              121.65228346926058,
              24.702648156811975
            ],
            [
              121.65233050094672,
              24.71167630555971
            ],
            [
              121.66221378125002,
              24.711633007335156
            ],
            [
              121.66216603712567,
              24.7026048764817
            ],
            [
              121.65228346926058,
              24.702648156811975
            ]
          ]
        ]
      },
      "properties": {
        "grid_id": "G044_034",
        "綠地類型": "公園／都市綠地",
        "中心經度": 121.657248,
        "中心緯度": 24.707141,
        "分析面積_km2": 1.04,
        "2020面積_ha": 1.8,
        "2024面積_ha": 1.8,
        "面積減少率_pct": 0.0,
        "2020斑塊數": 1,
        "2024斑塊數": 1,
        "斑塊數增加率_pct": 0.0,
        "2020平均斑塊面積_ha": 1.8,
        "2024平均斑塊面積_ha": 1.8,
        "平均斑塊面積下降率_pct": 0.0,
        "道路切割密度_km_per_km2": 2.105,
        "建成區邊界切割密度_km_per_km2": 0.0,
        "孤立小斑塊比例_pct": 100.0,
        "距大型連續綠地平均距離_m": 2515.0,
        "score_面積減少": 29.87551867219917,
        "score_斑塊增加": 42.531120331950206,
        "score_平均斑塊縮小": 26.970954356846473,
        "score_道路建成區切割": 14.107883817427386,
        "score_孤立比例": 80.29045643153528,
        "score_距大型綠地": 56.016597510373444,
        "綜合破碎化分數": 41.6,
        "破碎化等級": "低",
        "判定原因": "面積減少0.0%；斑塊增加0.0%；平均斑塊縮小0.0%；道路密度2.10 km/km²；孤立比例100.0%；距大型綠地2515m",
        "2021面積_ha": 1.8,
        "2022面積_ha": 1.8,
        "2023面積_ha": 1.8
      }
    },
    {
      "type": "Feature",
      "geometry": {
        "type": "Polygon",
        "coordinates": [
          [
            [
              121.67204858175901,
              24.702560945455026
            ],
            [
              121.67209703831422,
              24.711589058145183
            ],
            [
              121.6819802717926,
              24.711544457995874
            ],
            [
              121.68193110281405,
              24.70251636373803
            ],
            [
              121.67204858175901,
              24.702560945455026
            ]
          ]
        ]
      },
      "properties": {
        "grid_id": "G044_036",
        "綠地類型": "公園／都市綠地",
        "中心經度": 121.677014,
        "中心緯度": 24.707053,
        "分析面積_km2": 1.04,
        "2020面積_ha": 0.18,
        "2024面積_ha": 0.0,
        "面積減少率_pct": 100.0,
        "2020斑塊數": 2,
        "2024斑塊數": 0,
        "斑塊數增加率_pct": 0.0,
        "2020平均斑塊面積_ha": 0.09,
        "2024平均斑塊面積_ha": 0.0,
        "平均斑塊面積下降率_pct": 100.0,
        "道路切割密度_km_per_km2": 3.864,
        "建成區邊界切割密度_km_per_km2": 0.0,
        "孤立小斑塊比例_pct": 0.0,
        "距大型連續綠地平均距離_m": 0.0,
        "score_面積減少": 96.6804979253112,
        "score_斑塊增加": 42.531120331950206,
        "score_平均斑塊縮小": 96.6804979253112,
        "score_道路建成區切割": 20.850622406639005,
        "score_孤立比例": 20.539419087136928,
        "score_距大型綠地": 9.95850622406639,
        "綜合破碎化分數": 47.9,
        "破碎化等級": "中",
        "判定原因": "面積減少100.0%；斑塊增加0.0%；平均斑塊縮小100.0%；道路密度3.86 km/km²；孤立比例0.0%；距大型綠地0m",
        "2021面積_ha": 0.18,
        "2022面積_ha": 0.0,
        "2023面積_ha": 0.0
      }
    },
    {
      "type": "Feature",
      "geometry": {
        "type": "Polygon",
        "coordinates": [
          [
            [
              121.721460944318,
              24.702331530091403
            ],
            [
              121.72151296291325,
              24.711359547929895
            ],
            [
              121.73139607326156,
              24.71131169307817
            ],
            [
              121.7313433422819,
              24.70228369501702
            ],
            [
              121.721460944318,
              24.702331530091403
            ]
          ]
        ]
      },
      "properties": {
        "grid_id": "G044_041",
        "綠地類型": "公園／都市綠地",
        "中心經度": 121.726428,
        "中心緯度": 24.706822,
        "分析面積_km2": 1.04,
        "2020面積_ha": 0.45,
        "2024面積_ha": 0.36,
        "面積減少率_pct": 20.0,
        "2020斑塊數": 2,
        "2024斑塊數": 2,
        "斑塊數增加率_pct": 0.0,
        "2020平均斑塊面積_ha": 0.225,
        "2024平均斑塊面積_ha": 0.18,
        "平均斑塊面積下降率_pct": 20.0,
        "道路切割密度_km_per_km2": 7.093,
        "建成區邊界切割密度_km_per_km2": 0.115,
        "孤立小斑塊比例_pct": 100.0,
        "距大型連續綠地平均距離_m": 2892.8,
        "score_面積減少": 75.10373443983403,
        "score_斑塊增加": 42.531120331950206,
        "score_平均斑塊縮小": 67.63485477178423,
        "score_道路建成區切割": 57.57261410788382,
        "score_孤立比例": 80.29045643153528,
        "score_距大型綠地": 64.31535269709543,
        "綜合破碎化分數": 64.6,
        "破碎化等級": "高",
        "判定原因": "面積減少20.0%；斑塊增加0.0%；平均斑塊縮小20.0%；道路密度7.09 km/km²；孤立比例100.0%；距大型綠地2893m",
        "2021面積_ha": 0.54,
        "2022面積_ha": 0.45,
        "2023面積_ha": 0.63
      }
    },
    {
      "type": "Feature",
      "geometry": {
        "type": "Polygon",
        "coordinates": [
          [
            [
              121.7313433422819,
              24.70228369501702
            ],
            [
              121.73139607326156,
              24.71131169307817
            ],
            [
              121.74127915794371,
              24.711263187305452
            ],
            [
              121.74122571458778,
              24.70223520929064
            ],
            [
              121.7313433422819,
              24.70228369501702
            ]
          ]
        ]
      },
      "properties": {
        "grid_id": "G044_042",
        "綠地類型": "公園／都市綠地",
        "中心經度": 121.736311,
        "中心緯度": 24.706774,
        "分析面積_km2": 1.04,
        "2020面積_ha": 2.88,
        "2024面積_ha": 0.54,
        "面積減少率_pct": 81.25,
        "2020斑塊數": 4,
        "2024斑塊數": 2,
        "斑塊數增加率_pct": 0.0,
        "2020平均斑塊面積_ha": 0.81,
        "2024平均斑塊面積_ha": 0.27,
        "平均斑塊面積下降率_pct": 66.67,
        "道路切割密度_km_per_km2": 5.565,
        "建成區邊界切割密度_km_per_km2": 0.173,
        "孤立小斑塊比例_pct": 100.0,
        "距大型連續綠地平均距離_m": 2712.6,
        "score_面積減少": 92.11618257261411,
        "score_斑塊增加": 42.531120331950206,
        "score_平均斑塊縮小": 86.92946058091286,
        "score_道路建成區切割": 52.904564315352694,
        "score_孤立比例": 80.29045643153528,
        "score_距大型綠地": 59.75103734439834,
        "綜合破碎化分數": 69.1,
        "破碎化等級": "高",
        "判定原因": "面積減少81.2%；斑塊增加0.0%；平均斑塊縮小66.7%；道路密度5.57 km/km²；孤立比例100.0%；距大型綠地2713m",
        "2021面積_ha": 3.78,
        "2022面積_ha": 1.71,
        "2023面積_ha": 2.61
      }
    },
    {
      "type": "Feature",
      "geometry": {
        "type": "Polygon",
        "coordinates": [
          [
            [
              121.74122571458778,
              24.70223520929064
            ],
            [
              121.74127915794371,
              24.711263187305452
            ],
            [
              121.75116221661297,
              24.711214030618446
            ],
            [
              121.75110806088898,
              24.702186072918966
            ],
            [
              121.74122571458778,
              24.70223520929064
            ]
          ]
        ]
      },
      "properties": {
        "grid_id": "G044_043",
        "綠地類型": "公園／都市綠地",
        "中心經度": 121.746194,
        "中心緯度": 24.706725,
        "分析面積_km2": 1.04,
        "2020面積_ha": 3.06,
        "2024面積_ha": 1.08,
        "面積減少率_pct": 64.71,
        "2020斑塊數": 3,
        "2024斑塊數": 4,
        "斑塊數增加率_pct": 33.33,
        "2020平均斑塊面積_ha": 1.47,
        "2024平均斑塊面積_ha": 0.608,
        "平均斑塊面積下降率_pct": 58.67,
        "道路切割密度_km_per_km2": 12.168,
        "建成區邊界切割密度_km_per_km2": 0.202,
        "孤立小斑塊比例_pct": 100.0,
        "距大型連續綠地平均距離_m": 2377.7,
        "score_面積減少": 87.96680497925311,
        "score_斑塊增加": 86.51452282157676,
        "score_平均斑塊縮小": 83.40248962655602,
        "score_道路建成區切割": 77.38589211618257,
        "score_孤立比例": 80.29045643153528,
        "score_距大型綠地": 53.941908713692946,
        "綜合破碎化分數": 78.3,
        "破碎化等級": "高",
        "判定原因": "面積減少64.7%；斑塊增加33.3%；平均斑塊縮小58.7%；道路密度12.17 km/km²；孤立比例100.0%；距大型綠地2378m",
        "2021面積_ha": 2.88,
        "2022面積_ha": 2.61,
        "2023面積_ha": 3.78
      }
    },
    {
      "type": "Feature",
      "geometry": {
        "type": "Polygon",
        "coordinates": [
          [
            [
              121.75110806088898,
              24.702186072918966
            ],
            [
              121.75116221661297,
              24.711214030618446
            ],
            [
              121.76104524892267,
              24.71116422302394
            ],
            [
              121.76099038083899,
              24.702136285908782
            ],
            [
              121.75110806088898,
              24.702186072918966
            ]
          ]
        ]
      },
      "properties": {
        "grid_id": "G044_044",
        "綠地類型": "公園／都市綠地",
        "中心經度": 121.756076,
        "中心緯度": 24.706675,
        "分析面積_km2": 1.04,
        "2020面積_ha": 2.34,
        "2024面積_ha": 2.34,
        "面積減少率_pct": 0.0,
        "2020斑塊數": 4,
        "2024斑塊數": 5,
        "斑塊數增加率_pct": 25.0,
        "2020平均斑塊面積_ha": 0.855,
        "2024平均斑塊面積_ha": 0.54,
        "平均斑塊面積下降率_pct": 36.84,
        "道路切割密度_km_per_km2": 8.449,
        "建成區邊界切割密度_km_per_km2": 0.346,
        "孤立小斑塊比例_pct": 100.0,
        "距大型連續綠地平均距離_m": 2274.9,
        "score_面積減少": 29.87551867219917,
        "score_斑塊增加": 85.06224066390041,
        "score_平均斑塊縮小": 73.02904564315352,
        "score_道路建成區切割": 72.30290456431536,
        "score_孤立比例": 80.29045643153528,
        "score_距大型綠地": 51.867219917012456,
        "綜合破碎化分數": 65.4,
        "破碎化等級": "高",
        "判定原因": "面積減少0.0%；斑塊增加25.0%；平均斑塊縮小36.8%；道路密度8.45 km/km²；孤立比例100.0%；距大型綠地2275m",
        "2021面積_ha": 3.6,
        "2022面積_ha": 3.15,
        "2023面積_ha": 3.24
      }
    },
    {
      "type": "Feature",
      "geometry": {
        "type": "Polygon",
        "coordinates": [
          [
            [
              121.76099038083899,
              24.702136285908782
            ],
            [
              121.76104524892267,
              24.71116422302394
            ],
            [
              121.77092825452608,
              24.71111376452882
            ],
            [
              121.77087267409115,
              24.70208584826697
            ],
            [
              121.76099038083899,
              24.702136285908782
            ]
          ]
        ]
      },
      "properties": {
        "grid_id": "G044_045",
        "綠地類型": "公園／都市綠地",
        "中心經度": 121.765959,
        "中心緯度": 24.706625,
        "分析面積_km2": 1.04,
        "2020面積_ha": 0.27,
        "2024面積_ha": 0.18,
        "面積減少率_pct": 33.33,
        "2020斑塊數": 1,
        "2024斑塊數": 1,
        "斑塊數增加率_pct": 0.0,
        "2020平均斑塊面積_ha": 2.61,
        "2024平均斑塊面積_ha": 5.76,
        "平均斑塊面積下降率_pct": 0.0,
        "道路切割密度_km_per_km2": 16.205,
        "建成區邊界切割密度_km_per_km2": 0.058,
        "孤立小斑塊比例_pct": 0.0,
        "距大型連續綠地平均距離_m": 2884.0,
        "score_面積減少": 78.42323651452283,
        "score_斑塊增加": 42.531120331950206,
        "score_平均斑塊縮小": 26.970954356846473,
        "score_道路建成區切割": 71.16182572614107,
        "score_孤立比例": 20.539419087136928,
        "score_距大型綠地": 63.48547717842323,
        "綜合破碎化分數": 50.5,
        "破碎化等級": "中",
        "判定原因": "面積減少33.3%；斑塊增加0.0%；平均斑塊縮小0.0%；道路密度16.20 km/km²；孤立比例0.0%；距大型綠地2884m",
        "2021面積_ha": 0.36,
        "2022面積_ha": 0.18,
        "2023面積_ha": 0.27
      }
    },
    {
      "type": "Feature",
      "geometry": {
        "type": "Polygon",
        "coordinates": [
          [
            [
              121.83016585354184,
              24.701769559548726
            ],
            [
              121.83022570790058,
              24.710797345042227
            ],
            [
              121.83698268886556,
              24.710759801369747
            ],
            [
              121.83720759999999,
              24.709756000000002
            ],
            [
              121.8371639,
              24.7081389
            ],
            [
              121.83678969999998,
              24.706530399999995
            ],
            [
              121.8367046,
              24.705325299999995
            ],
            [
              121.83661396943673,
              24.70173375086719
            ],
            [
              121.83016585354184,
              24.701769559548726
            ]
          ]
        ]
      },
      "properties": {
        "grid_id": "G044_052",
        "綠地類型": "公園／都市綠地",
        "中心經度": 121.83347,
        "中心緯度": 24.705946,
        "分析面積_km2": 0.698,
        "2020面積_ha": 1.8,
        "2024面積_ha": 1.8,
        "面積減少率_pct": 0.0,
        "2020斑塊數": 1,
        "2024斑塊數": 1,
        "斑塊數增加率_pct": 0.0,
        "2020平均斑塊面積_ha": 16.11,
        "2024平均斑塊面積_ha": 16.11,
        "平均斑塊面積下降率_pct": 0.0,
        "道路切割密度_km_per_km2": 0.0,
        "建成區邊界切割密度_km_per_km2": 0.0,
        "孤立小斑塊比例_pct": 0.0,
        "距大型連續綠地平均距離_m": 0.0,
        "score_面積減少": 29.87551867219917,
        "score_斑塊增加": 42.531120331950206,
        "score_平均斑塊縮小": 26.970954356846473,
        "score_道路建成區切割": 8.609958506224066,
        "score_孤立比例": 20.539419087136928,
        "score_距大型綠地": 9.95850622406639,
        "綜合破碎化分數": 23.1,
        "破碎化等級": "低",
        "判定原因": "面積減少0.0%；斑塊增加0.0%；平均斑塊縮小0.0%；道路密度0.00 km/km²；孤立比例0.0%；距大型綠地0m",
        "2021面積_ha": 1.8,
        "2022面積_ha": 1.8,
        "2023面積_ha": 1.8
      }
    },
    {
      "type": "Feature",
      "geometry": {
        "type": "Polygon",
        "coordinates": [
          [
            [
              121.64244719775111,
              24.711718952812866
            ],
            [
              121.64249353953737,
              24.720747108241746
            ],
            [
              121.65237755552519,
              24.720704443360862
            ],
            [
              121.65233050094672,
              24.71167630555971
            ],
            [
              121.64244719775111,
              24.711718952812866
            ]
          ]
        ]
      },
      "properties": {
        "grid_id": "G045_033",
        "綠地類型": "公園／都市綠地",
        "中心經度": 121.647412,
        "中心緯度": 24.716212,
        "分析面積_km2": 1.04,
        "2020面積_ha": 0.09,
        "2024面積_ha": 0.0,
        "面積減少率_pct": 100.0,
        "2020斑塊數": 1,
        "2024斑塊數": 0,
        "斑塊數增加率_pct": 0.0,
        "2020平均斑塊面積_ha": 0.09,
        "2024平均斑塊面積_ha": 0.0,
        "平均斑塊面積下降率_pct": 100.0,
        "道路切割密度_km_per_km2": 2.422,
        "建成區邊界切割密度_km_per_km2": 0.0,
        "孤立小斑塊比例_pct": 0.0,
        "距大型連續綠地平均距離_m": 0.0,
        "score_面積減少": 96.6804979253112,
        "score_斑塊增加": 42.531120331950206,
        "score_平均斑塊縮小": 96.6804979253112,
        "score_道路建成區切割": 15.767634854771783,
        "score_孤立比例": 20.539419087136928,
        "score_距大型綠地": 9.95850622406639,
        "綜合破碎化分數": 47.0,
        "破碎化等級": "中",
        "判定原因": "面積減少100.0%；斑塊增加0.0%；平均斑塊縮小100.0%；道路密度2.42 km/km²；孤立比例0.0%；距大型綠地0m",
        "2021面積_ha": 0.45,
        "2022面積_ha": 0.0,
        "2023面積_ha": 0.09
      }
    },
    {
      "type": "Feature",
      "geometry": {
        "type": "Polygon",
        "coordinates": [
          [
            [
              121.66221378125002,
              24.711633007335156
            ],
            [
              121.66226154861344,
              24.72066112723952
            ],
            [
              121.67214551845524,
              24.7206171598837
            ],
            [
              121.67209703831422,
              24.711589058145183
            ],
            [
              121.66221378125002,
              24.711633007335156
            ]
          ]
        ]
      },
      "properties": {
        "grid_id": "G045_035",
        "綠地類型": "公園／都市綠地",
        "中心經度": 121.667179,
        "中心緯度": 24.716125,
        "分析面積_km2": 1.04,
        "2020面積_ha": 1.98,
        "2024面積_ha": 2.43,
        "面積減少率_pct": 0.0,
        "2020斑塊數": 1,
        "2024斑塊數": 1,
        "斑塊數增加率_pct": 0.0,
        "2020平均斑塊面積_ha": 1.98,
        "2024平均斑塊面積_ha": 2.43,
        "平均斑塊面積下降率_pct": 0.0,
        "道路切割密度_km_per_km2": 3.374,
        "建成區邊界切割密度_km_per_km2": 0.173,
        "孤立小斑塊比例_pct": 0.0,
        "距大型連續綠地平均距離_m": 3604.9,
        "score_面積減少": 29.87551867219917,
        "score_斑塊增加": 42.531120331950206,
        "score_平均斑塊縮小": 26.970954356846473,
        "score_道路建成區切割": 43.3609958506224,
        "score_孤立比例": 20.539419087136928,
        "score_距大型綠地": 77.17842323651453,
        "綜合破碎化分數": 40.1,
        "破碎化等級": "低",
        "判定原因": "面積減少0.0%；斑塊增加0.0%；平均斑塊縮小0.0%；道路密度3.37 km/km²；孤立比例0.0%；距大型綠地3605m",
        "2021面積_ha": 2.61,
        "2022面積_ha": 2.07,
        "2023面積_ha": 2.43
      }
    },
    {
      "type": "Feature",
      "geometry": {
        "type": "Polygon",
        "coordinates": [
          [
            [
              121.6819802717926,
              24.711544457995874
            ],
            [
              121.68202946470375,
              24.720572541299493
            ],
            [
              121.69191338701212,
              24.72052727149306
            ],
            [
              121.69186348133843,
              24.71149920689339
            ],
            [
              121.6819802717926,
              24.711544457995874
            ]
          ]
        ]
      },
      "properties": {
        "grid_id": "G045_037",
        "綠地類型": "公園／都市綠地",
        "中心經度": 121.686947,
        "中心緯度": 24.716036,
        "分析面積_km2": 1.04,
        "2020面積_ha": 1.53,
        "2024面積_ha": 0.18,
        "面積減少率_pct": 88.24,
        "2020斑塊數": 2,
        "2024斑塊數": 1,
        "斑塊數增加率_pct": 0.0,
        "2020平均斑塊面積_ha": 0.765,
        "2024平均斑塊面積_ha": 0.18,
        "平均斑塊面積下降率_pct": 76.47,
        "道路切割密度_km_per_km2": 9.458,
        "建成區邊界切割密度_km_per_km2": 0.058,
        "孤立小斑塊比例_pct": 100.0,
        "距大型連續綠地平均距離_m": 3915.6,
        "score_面積減少": 92.9460580912863,
        "score_斑塊增加": 42.531120331950206,
        "score_平均斑塊縮小": 90.45643153526972,
        "score_道路建成區切割": 57.88381742738589,
        "score_孤立比例": 80.29045643153528,
        "score_距大型綠地": 80.49792531120332,
        "綜合破碎化分數": 74.1,
        "破碎化等級": "高",
        "判定原因": "面積減少88.2%；斑塊增加0.0%；平均斑塊縮小76.5%；道路密度9.46 km/km²；孤立比例100.0%；距大型綠地3916m",
        "2021面積_ha": 0.45,
        "2022面積_ha": 0.0,
        "2023面積_ha": 0.09
      }
    },
    {
      "type": "Feature",
      "geometry": {
        "type": "Polygon",
        "coordinates": [
          [
            [
              121.69186348133843,
              24.71149920689339
            ],
            [
              121.69191338701212,
              24.72052727149306
            ],
            [
              121.70179728503349,
              24.720481350470664
            ],
            [
              121.70174666660498,
              24.71145330484398
            ],
            [
              121.69186348133843,
              24.71149920689339
            ]
          ]
        ]
      },
      "properties": {
        "grid_id": "G045_038",
        "綠地類型": "公園／都市綠地",
        "中心經度": 121.69683,
        "中心緯度": 24.71599,
        "分析面積_km2": 1.04,
        "2020面積_ha": 0.27,
        "2024面積_ha": 0.18,
        "面積減少率_pct": 33.33,
        "2020斑塊數": 2,
        "2024斑塊數": 1,
        "斑塊數增加率_pct": 0.0,
        "2020平均斑塊面積_ha": 0.27,
        "2024平均斑塊面積_ha": 0.18,
        "平均斑塊面積下降率_pct": 33.33,
        "道路切割密度_km_per_km2": 12.168,
        "建成區邊界切割密度_km_per_km2": 0.058,
        "孤立小斑塊比例_pct": 100.0,
        "距大型連續綠地平均距離_m": 3728.6,
        "score_面積減少": 78.42323651452283,
        "score_斑塊增加": 42.531120331950206,
        "score_平均斑塊縮小": 70.33195020746888,
        "score_道路建成區切割": 65.87136929460581,
        "score_孤立比例": 80.29045643153528,
        "score_距大型綠地": 78.83817427385893,
        "綜合破碎化分數": 69.4,
        "破碎化等級": "高",
        "判定原因": "面積減少33.3%；斑塊增加0.0%；平均斑塊縮小33.3%；道路密度12.17 km/km²；孤立比例100.0%；距大型綠地3729m",
        "2021面積_ha": 0.45,
        "2022面積_ha": 0.09,
        "2023面積_ha": 0.18
      }
    },
    {
      "type": "Feature",
      "geometry": {
        "type": "Polygon",
        "coordinates": [
          [
            [
              121.70174666660498,
              24.71145330484398
            ],
            [
              121.70179728503349,
              24.720481350470664
            ],
            [
              121.71168115842106,
              24.720434778238648
            ],
            [
              121.71162982724549,
              24.711406751854007
            ],
            [
              121.70174666660498,
              24.71145330484398
            ]
          ]
        ]
      },
      "properties": {
        "grid_id": "G045_039",
        "綠地類型": "公園／都市綠地",
        "中心經度": 121.706714,
        "中心緯度": 24.715944,
        "分析面積_km2": 1.04,
        "2020面積_ha": 0.09,
        "2024面積_ha": 0.0,
        "面積減少率_pct": 100.0,
        "2020斑塊數": 1,
        "2024斑塊數": 0,
        "斑塊數增加率_pct": 0.0,
        "2020平均斑塊面積_ha": 0.09,
        "2024平均斑塊面積_ha": 0.0,
        "平均斑塊面積下降率_pct": 100.0,
        "道路切割密度_km_per_km2": 12.947,
        "建成區邊界切割密度_km_per_km2": 0.0,
        "孤立小斑塊比例_pct": 0.0,
        "距大型連續綠地平均距離_m": 0.0,
        "score_面積減少": 96.6804979253112,
        "score_斑塊增加": 42.531120331950206,
        "score_平均斑塊縮小": 96.6804979253112,
        "score_道路建成區切割": 53.42323651452282,
        "score_孤立比例": 20.539419087136928,
        "score_距大型綠地": 9.95850622406639,
        "綜合破碎化分數": 53.3,
        "破碎化等級": "中",
        "判定原因": "面積減少100.0%；斑塊增加0.0%；平均斑塊縮小100.0%；道路密度12.95 km/km²；孤立比例0.0%；距大型綠地0m",
        "2021面積_ha": 0.36,
        "2022面積_ha": 0.0,
        "2023面積_ha": 0.0
      }
    },
    {
      "type": "Feature",
      "geometry": {
        "type": "Polygon",
        "coordinates": [
          [
            [
              121.73139607326156,
              24.71131169307817
            ],
            [
              121.73144882990741,
              24.720339680171623
            ],
            [
              121.74133262731254,
              24.720291154349756
            ],
            [
              121.74127915794371,
              24.711263187305452
            ],
            [
              121.73139607326156,
              24.71131169307817
            ]
          ]
        ]
      },
      "properties": {
        "grid_id": "G045_042",
        "綠地類型": "公園／都市綠地",
        "中心經度": 121.736364,
        "中心緯度": 24.715802,
        "分析面積_km2": 1.04,
        "2020面積_ha": 0.63,
        "2024面積_ha": 0.18,
        "面積減少率_pct": 71.43,
        "2020斑塊數": 1,
        "2024斑塊數": 2,
        "斑塊數增加率_pct": 100.0,
        "2020平均斑塊面積_ha": 1.26,
        "2024平均斑塊面積_ha": 0.225,
        "平均斑塊面積下降率_pct": 82.14,
        "道路切割密度_km_per_km2": 12.947,
        "建成區邊界切割密度_km_per_km2": 0.058,
        "孤立小斑塊比例_pct": 100.0,
        "距大型連續綠地平均距離_m": 2967.2,
        "score_面積減少": 90.04149377593362,
        "score_斑塊增加": 95.0207468879668,
        "score_平均斑塊縮小": 92.11618257261411,
        "score_道路建成區切割": 68.15352697095436,
        "score_孤立比例": 80.29045643153528,
        "score_距大型綠地": 65.14522821576763,
        "綜合破碎化分數": 81.8,
        "破碎化等級": "高",
        "判定原因": "面積減少71.4%；斑塊增加100.0%；平均斑塊縮小82.1%；道路密度12.95 km/km²；孤立比例100.0%；距大型綠地2967m",
        "2021面積_ha": 0.09,
        "2022面積_ha": 0.0,
        "2023面積_ha": 0.9
      }
    },
    {
      "type": "Feature",
      "geometry": {
        "type": "Polygon",
        "coordinates": [
          [
            [
              121.74127915794371,
              24.711263187305452
            ],
            [
              121.74133262731254,
              24.720291154349756
            ],
            [
              121.75121639869653,
              24.720241977344568
            ],
            [
              121.75116221661297,
              24.711214030618446
            ],
            [
              121.74127915794371,
              24.711263187305452
            ]
          ]
        ]
      },
      "properties": {
        "grid_id": "G045_043",
        "綠地類型": "公園／都市綠地",
        "中心經度": 121.746248,
        "中心緯度": 24.715753,
        "分析面積_km2": 1.04,
        "2020面積_ha": 2.79,
        "2024面積_ha": 1.08,
        "面積減少率_pct": 61.29,
        "2020斑塊數": 5,
        "2024斑塊數": 5,
        "斑塊數增加率_pct": 0.0,
        "2020平均斑塊面積_ha": 1.44,
        "2024平均斑塊面積_ha": 0.522,
        "平均斑塊面積下降率_pct": 63.75,
        "道路切割密度_km_per_km2": 5.479,
        "建成區邊界切割密度_km_per_km2": 0.346,
        "孤立小斑塊比例_pct": 100.0,
        "距大型連續綠地平均距離_m": 3077.3,
        "score_面積減少": 86.72199170124482,
        "score_斑塊增加": 42.531120331950206,
        "score_平均斑塊縮小": 84.23236514522821,
        "score_道路建成區切割": 60.06224066390042,
        "score_孤立比例": 80.29045643153528,
        "score_距大型綠地": 68.46473029045643,
        "綜合破碎化分數": 70.4,
        "破碎化等級": "高",
        "判定原因": "面積減少61.3%；斑塊增加0.0%；平均斑塊縮小63.8%；道路密度5.48 km/km²；孤立比例100.0%；距大型綠地3077m",
        "2021面積_ha": 2.61,
        "2022面積_ha": 0.99,
        "2023面積_ha": 5.31
      }
    },
    {
      "type": "Feature",
      "geometry": {
        "type": "Polygon",
        "coordinates": [
          [
            [
              121.75116221661297,
              24.711214030618446
            ],
            [
              121.75121639869653,
              24.720241977344568
            ],
            [
              121.76110014371264,
              24.720192149162855
            ],
            [
              121.76104524892267,
              24.71116422302394
            ],
            [
              121.75116221661297,
              24.711214030618446
            ]
          ]
        ]
      },
      "properties": {
        "grid_id": "G045_044",
        "綠地類型": "公園／都市綠地",
        "中心經度": 121.756131,
        "中心緯度": 24.715703,
        "分析面積_km2": 1.04,
        "2020面積_ha": 4.77,
        "2024面積_ha": 4.95,
        "面積減少率_pct": 0.0,
        "2020斑塊數": 3,
        "2024斑塊數": 4,
        "斑塊數增加率_pct": 33.33,
        "2020平均斑塊面積_ha": 2.88,
        "2024平均斑塊面積_ha": 1.665,
        "平均斑塊面積下降率_pct": 42.19,
        "道路切割密度_km_per_km2": 3.46,
        "建成區邊界切割密度_km_per_km2": 0.721,
        "孤立小斑塊比例_pct": 100.0,
        "距大型連續綠地平均距離_m": 2872.0,
        "score_面積減少": 29.87551867219917,
        "score_斑塊增加": 86.51452282157676,
        "score_平均斑塊縮小": 76.34854771784232,
        "score_道路建成區切割": 57.780082987551864,
        "score_孤立比例": 80.29045643153528,
        "score_距大型綠地": 63.07053941908713,
        "綜合破碎化分數": 65.6,
        "破碎化等級": "高",
        "判定原因": "面積減少0.0%；斑塊增加33.3%；平均斑塊縮小42.2%；道路密度3.46 km/km²；孤立比例100.0%；距大型綠地2872m",
        "2021面積_ha": 5.58,
        "2022面積_ha": 1.89,
        "2023面積_ha": 6.3
      }
    },
    {
      "type": "Feature",
      "geometry": {
        "type": "Polygon",
        "coordinates": [
          [
            [
              121.76104524892267,
              24.71116422302394
            ],
            [
              121.76110014371264,
              24.720192149162855
            ],
            [
              121.77098386201398,
              24.72014166981151
            ],
            [
              121.77092825452608,
              24.71111376452882
            ],
            [
              121.76104524892267,
              24.71116422302394
            ]
          ]
        ]
      },
      "properties": {
        "grid_id": "G045_045",
        "綠地類型": "公園／都市綠地",
        "中心經度": 121.766014,
        "中心緯度": 24.715653,
        "分析面積_km2": 1.04,
        "2020面積_ha": 3.78,
        "2024面積_ha": 4.77,
        "面積減少率_pct": 0.0,
        "2020斑塊數": 4,
        "2024斑塊數": 2,
        "斑塊數增加率_pct": 0.0,
        "2020平均斑塊面積_ha": 1.125,
        "2024平均斑塊面積_ha": 2.97,
        "平均斑塊面積下降率_pct": 0.0,
        "道路切割密度_km_per_km2": 4.758,
        "建成區邊界切割密度_km_per_km2": 0.606,
        "孤立小斑塊比例_pct": 3.77,
        "距大型連續綠地平均距離_m": 3084.4,
        "score_面積減少": 29.87551867219917,
        "score_斑塊增加": 42.531120331950206,
        "score_平均斑塊縮小": 26.970954356846473,
        "score_道路建成區切割": 62.448132780082986,
        "score_孤立比例": 44.398340248962654,
        "score_距大型綠地": 68.87966804979253,
        "綜合破碎化分數": 45.9,
        "破碎化等級": "中",
        "判定原因": "面積減少0.0%；斑塊增加0.0%；平均斑塊縮小0.0%；道路密度4.76 km/km²；孤立比例3.8%；距大型綠地3084m",
        "2021面積_ha": 7.83,
        "2022面積_ha": 6.75,
        "2023面積_ha": 7.47
      }
    },
    {
      "type": "Feature",
      "geometry": {
        "type": "Polygon",
        "coordinates": [
          [
            [
              121.77092825452608,
              24.71111376452882
            ],
            [
              121.77098386201398,
              24.72014166981151
            ],
            [
              121.7808675532538,
              24.720090539297512
            ],
            [
              121.78081123307652,
              24.711062655140076
            ],
            [
              121.77092825452608,
              24.71111376452882
            ]
          ]
        ]
      },
      "properties": {
        "grid_id": "G045_046",
        "綠地類型": "公園／都市綠地",
        "中心經度": 121.775898,
        "中心緯度": 24.715602,
        "分析面積_km2": 1.04,
        "2020面積_ha": 0.9,
        "2024面積_ha": 1.8,
        "面積減少率_pct": 0.0,
        "2020斑塊數": 2,
        "2024斑塊數": 4,
        "斑塊數增加率_pct": 100.0,
        "2020平均斑塊面積_ha": 0.45,
        "2024平均斑塊面積_ha": 1.552,
        "平均斑塊面積下降率_pct": 0.0,
        "道路切割密度_km_per_km2": 5.854,
        "建成區邊界切割密度_km_per_km2": 0.346,
        "孤立小斑塊比例_pct": 25.0,
        "距大型連續綠地平均距離_m": 3351.6,
        "score_面積減少": 29.87551867219917,
        "score_斑塊增加": 95.0207468879668,
        "score_平均斑塊縮小": 26.970954356846473,
        "score_道路建成區切割": 62.03319502074689,
        "score_孤立比例": 53.11203319502075,
        "score_距大型綠地": 74.27385892116183,
        "綜合破碎化分數": 56.9,
        "破碎化等級": "高",
        "判定原因": "面積減少0.0%；斑塊增加100.0%；平均斑塊縮小0.0%；道路密度5.85 km/km²；孤立比例25.0%；距大型綠地3352m",
        "2021面積_ha": 2.25,
        "2022面積_ha": 2.16,
        "2023面積_ha": 1.89
      }
    },
    {
      "type": "Feature",
      "geometry": {
        "type": "Polygon",
        "coordinates": [
          [
            [
              121.78081123307652,
              24.711062655140076
            ],
            [
              121.7808675532538,
              24.720090539297512
            ],
            [
              121.79075121708527,
              24.720038757627933
            ],
            [
              121.79069418422732,
              24.711010894864753
            ],
            [
              121.78081123307652,
              24.711062655140076
            ]
          ]
        ]
      },
      "properties": {
        "grid_id": "G045_047",
        "綠地類型": "公園／都市綠地",
        "中心經度": 121.785781,
        "中心緯度": 24.715551,
        "分析面積_km2": 1.04,
        "2020面積_ha": 0.36,
        "2024面積_ha": 2.07,
        "面積減少率_pct": 0.0,
        "2020斑塊數": 2,
        "2024斑塊數": 3,
        "斑塊數增加率_pct": 50.0,
        "2020平均斑塊面積_ha": 0.18,
        "2024平均斑塊面積_ha": 0.72,
        "平均斑塊面積下降率_pct": 0.0,
        "道路切割密度_km_per_km2": 6.488,
        "建成區邊界切割密度_km_per_km2": 0.577,
        "孤立小斑塊比例_pct": 100.0,
        "距大型連續綠地平均距離_m": 2887.5,
        "score_面積減少": 29.87551867219917,
        "score_斑塊增加": 89.00414937759335,
        "score_平均斑塊縮小": 26.970954356846473,
        "score_道路建成區切割": 70.53941908713693,
        "score_孤立比例": 80.29045643153528,
        "score_距大型綠地": 63.90041493775933,
        "綜合破碎化分數": 60.1,
        "破碎化等級": "高",
        "判定原因": "面積減少0.0%；斑塊增加50.0%；平均斑塊縮小0.0%；道路密度6.49 km/km²；孤立比例100.0%；距大型綠地2888m",
        "2021面積_ha": 1.53,
        "2022面積_ha": 0.45,
        "2023面積_ha": 0.27
      }
    },
    {
      "type": "Feature",
      "geometry": {
        "type": "Polygon",
        "coordinates": [
          [
            [
              121.79069418422732,
              24.711010894864753
            ],
            [
              121.79075121708527,
              24.720038757627933
            ],
            [
              121.80063485316165,
              24.719986324809916
            ],
            [
              121.8005771076318,
              24.710958483710016
            ],
            [
              121.79069418422732,
              24.711010894864753
            ]
          ]
        ]
      },
      "properties": {
        "grid_id": "G045_048",
        "綠地類型": "公園／都市綠地",
        "中心經度": 121.795664,
        "中心緯度": 24.715499,
        "分析面積_km2": 1.04,
        "2020面積_ha": 1.62,
        "2024面積_ha": 1.08,
        "面積減少率_pct": 33.33,
        "2020斑塊數": 3,
        "2024斑塊數": 2,
        "斑塊數增加率_pct": 0.0,
        "2020平均斑塊面積_ha": 0.54,
        "2024平均斑塊面積_ha": 0.54,
        "平均斑塊面積下降率_pct": 0.0,
        "道路切割密度_km_per_km2": 4.325,
        "建成區邊界切割密度_km_per_km2": 0.288,
        "孤立小斑塊比例_pct": 100.0,
        "距大型連續綠地平均距離_m": 1730.5,
        "score_面積減少": 78.42323651452283,
        "score_斑塊增加": 42.531120331950206,
        "score_平均斑塊縮小": 26.970954356846473,
        "score_道路建成區切割": 53.3195020746888,
        "score_孤立比例": 80.29045643153528,
        "score_距大型綠地": 46.88796680497925,
        "綜合破碎化分數": 54.7,
        "破碎化等級": "高",
        "判定原因": "面積減少33.3%；斑塊增加0.0%；平均斑塊縮小0.0%；道路密度4.33 km/km²；孤立比例100.0%；距大型綠地1730m",
        "2021面積_ha": 4.86,
        "2022面積_ha": 2.52,
        "2023面積_ha": 2.34
      }
    },
    {
      "type": "Feature",
      "geometry": {
        "type": "Polygon",
        "coordinates": [
          [
            [
              121.8005771076318,
              24.710958483710016
            ],
            [
              121.80063485316165,
              24.719986324809916
            ],
            [
              121.81051846113616,
              24.71993324085073
            ],
            [
              121.81046000294327,
              24.710905421683115
            ],
            [
              121.8005771076318,
              24.710958483710016
            ]
          ]
        ]
      },
      "properties": {
        "grid_id": "G045_049",
        "綠地類型": "公園／都市綠地",
        "中心經度": 121.805548,
        "中心緯度": 24.715446,
        "分析面積_km2": 1.04,
        "2020面積_ha": 0.09,
        "2024面積_ha": 0.18,
        "面積減少率_pct": 0.0,
        "2020斑塊數": 1,
        "2024斑塊數": 1,
        "斑塊數增加率_pct": 0.0,
        "2020平均斑塊面積_ha": 0.09,
        "2024平均斑塊面積_ha": 0.18,
        "平均斑塊面積下降率_pct": 0.0,
        "道路切割密度_km_per_km2": 2.249,
        "建成區邊界切割密度_km_per_km2": 0.058,
        "孤立小斑塊比例_pct": 100.0,
        "距大型連續綠地平均距離_m": 656.1,
        "score_面積減少": 29.87551867219917,
        "score_斑塊增加": 42.531120331950206,
        "score_平均斑塊縮小": 26.970954356846473,
        "score_道路建成區切割": 29.87551867219917,
        "score_孤立比例": 80.29045643153528,
        "score_距大型綠地": 32.365145228215766,
        "綜合破碎化分數": 40.3,
        "破碎化等級": "低",
        "判定原因": "面積減少0.0%；斑塊增加0.0%；平均斑塊縮小0.0%；道路密度2.25 km/km²；孤立比例100.0%；距大型綠地656m",
        "2021面積_ha": 0.54,
        "2022面積_ha": 0.81,
        "2023面積_ha": 1.17
      }
    },
    {
      "type": "Feature",
      "geometry": {
        "type": "Polygon",
        "coordinates": [
          [
            [
              121.81046000294327,
              24.710905421683115
            ],
            [
              121.81051846113616,
              24.71993324085073
            ],
            [
              121.82040204066193,
              24.719879505757696
            ],
            [
              121.82034286981511,
              24.710851708791377
            ],
            [
              121.81046000294327,
              24.710905421683115
            ]
          ]
        ]
      },
      "properties": {
        "grid_id": "G045_050",
        "綠地類型": "公園／都市綠地",
        "中心經度": 121.815431,
        "中心緯度": 24.715393,
        "分析面積_km2": 1.04,
        "2020面積_ha": 3.06,
        "2024面積_ha": 4.86,
        "面積減少率_pct": 0.0,
        "2020斑塊數": 2,
        "2024斑塊數": 1,
        "斑塊數增加率_pct": 0.0,
        "2020平均斑塊面積_ha": 1.53,
        "2024平均斑塊面積_ha": 11.52,
        "平均斑塊面積下降率_pct": 0.0,
        "道路切割密度_km_per_km2": 3.604,
        "建成區邊界切割密度_km_per_km2": 0.26,
        "孤立小斑塊比例_pct": 0.0,
        "距大型連續綠地平均距離_m": 0.0,
        "score_面積減少": 29.87551867219917,
        "score_斑塊增加": 42.531120331950206,
        "score_平均斑塊縮小": 26.970954356846473,
        "score_道路建成區切割": 48.44398340248963,
        "score_孤立比例": 20.539419087136928,
        "score_距大型綠地": 9.95850622406639,
        "綜合破碎化分數": 29.7,
        "破碎化等級": "低",
        "判定原因": "面積減少0.0%；斑塊增加0.0%；平均斑塊縮小0.0%；道路密度3.60 km/km²；孤立比例0.0%；距大型綠地0m",
        "2021面積_ha": 4.59,
        "2022面積_ha": 4.86,
        "2023面積_ha": 4.86
      }
    },
    {
      "type": "Feature",
      "geometry": {
        "type": "Polygon",
        "coordinates": [
          [
            [
              121.82034286981511,
              24.710851708791377
            ],
            [
              121.82040204066193,
              24.719879505757696
            ],
            [
              121.8302855913923,
              24.719825119538257
            ],
            [
              121.83022570790058,
              24.710797345042227
            ],
            [
              121.82034286981511,
              24.710851708791377
            ]
          ]
        ]
      },
      "properties": {
        "grid_id": "G045_051",
        "綠地類型": "公園／都市綠地",
        "中心經度": 121.825314,
        "中心緯度": 24.715339,
        "分析面積_km2": 1.04,
        "2020面積_ha": 3.51,
        "2024面積_ha": 7.74,
        "面積減少率_pct": 0.0,
        "2020斑塊數": 4,
        "2024斑塊數": 3,
        "斑塊數增加率_pct": 0.0,
        "2020平均斑塊面積_ha": 1.103,
        "2024平均斑塊面積_ha": 4.44,
        "平均斑塊面積下降率_pct": 0.0,
        "道路切割密度_km_per_km2": 3.547,
        "建成區邊界切割密度_km_per_km2": 0.115,
        "孤立小斑塊比例_pct": 13.95,
        "距大型連續綠地平均距離_m": 45.8,
        "score_面積減少": 29.87551867219917,
        "score_斑塊增加": 42.531120331950206,
        "score_平均斑塊縮小": 26.970954356846473,
        "score_道路建成區切割": 40.767634854771785,
        "score_孤立比例": 49.79253112033195,
        "score_距大型綠地": 23.236514522821576,
        "綜合破碎化分數": 35.5,
        "破碎化等級": "低",
        "判定原因": "面積減少0.0%；斑塊增加0.0%；平均斑塊縮小0.0%；道路密度3.55 km/km²；孤立比例13.9%；距大型綠地46m",
        "2021面積_ha": 4.77,
        "2022面積_ha": 6.39,
        "2023面積_ha": 6.48
      }
    },
    {
      "type": "Feature",
      "geometry": {
        "type": "Polygon",
        "coordinates": [
          [
            [
              121.83022570790058,
              24.710797345042227
            ],
            [
              121.8302855913923,
              24.719825119538257
            ],
            [
              121.8329740380242,
              24.71981021314891
            ],
            [
              121.83308,
              24.719549100000002
            ],
            [
              121.83326650000001,
              24.719176899999997
            ],
            [
              121.8337725,
              24.7186072
            ],
            [
              121.83407490000002,
              24.718212799999996
            ],
            [
              121.83428809999998,
              24.7178174
            ],
            [
              121.83445420000001,
              24.717455899999997
            ],
            [
              121.8347904,
              24.716723599999995
            ],
            [
              121.83512140000002,
              24.7161779
            ],
            [
              121.83553130000001,
              24.715547800000003
            ],
            [
              121.83570200000001,
              24.7152855
            ],
            [
              121.836568,
              24.713954299999997
            ],
            [
              121.83667029999998,
              24.713788000000005
            ],
            [
              121.8366389,
              24.713019699999993
            ],
            [
              121.8367811,
              24.71165949999999
            ],
            [
              121.83698268886556,
              24.710759801369747
            ],
            [
              121.83022570790058,
              24.710797345042227
            ]
          ]
        ]
      },
      "properties": {
        "grid_id": "G045_052",
        "綠地類型": "公園／都市綠地",
        "中心經度": 121.833193,
        "中心緯度": 24.714636,
        "分析面積_km2": 0.545,
        "2020面積_ha": 1.08,
        "2024面積_ha": 0.9,
        "面積減少率_pct": 16.67,
        "2020斑塊數": 1,
        "2024斑塊數": 1,
        "斑塊數增加率_pct": 0.0,
        "2020平均斑塊面積_ha": 1.62,
        "2024平均斑塊面積_ha": 1.71,
        "平均斑塊面積下降率_pct": 0.0,
        "道路切割密度_km_per_km2": 0.825,
        "建成區邊界切割密度_km_per_km2": 0.22,
        "孤立小斑塊比例_pct": 100.0,
        "距大型連續綠地平均距離_m": 451.0,
        "score_面積減少": 73.85892116182573,
        "score_斑塊增加": 42.531120331950206,
        "score_平均斑塊縮小": 26.970954356846473,
        "score_道路建成區切割": 37.551867219917014,
        "score_孤立比例": 80.29045643153528,
        "score_距大型綠地": 30.29045643153527,
        "綜合破碎化分數": 48.6,
        "破碎化等級": "中",
        "判定原因": "面積減少16.7%；斑塊增加0.0%；平均斑塊縮小0.0%；道路密度0.82 km/km²；孤立比例100.0%；距大型綠地451m",
        "2021面積_ha": 0.9,
        "2022面積_ha": 0.54,
        "2023面積_ha": 0.9
      }
    },
    {
      "type": "Feature",
      "geometry": {
        "type": "Polygon",
        "coordinates": [
          [
            [
              121.73144882990741,
              24.720339680171623
            ],
            [
              121.73150161222753,
              24.729367656294414
            ],
            [
              121.74138612270247,
              24.729319110420587
            ],
            [
              121.74133262731254,
              24.720291154349756
            ],
            [
              121.73144882990741,
              24.720339680171623
            ]
          ]
        ]
      },
      "properties": {
        "grid_id": "G046_042",
        "綠地類型": "公園／都市綠地",
        "中心經度": 121.736417,
        "中心緯度": 24.724829,
        "分析面積_km2": 1.04,
        "2020面積_ha": 0.36,
        "2024面積_ha": 0.0,
        "面積減少率_pct": 100.0,
        "2020斑塊數": 1,
        "2024斑塊數": 0,
        "斑塊數增加率_pct": 0.0,
        "2020平均斑塊面積_ha": 0.36,
        "2024平均斑塊面積_ha": 0.0,
        "平均斑塊面積下降率_pct": 100.0,
        "道路切割密度_km_per_km2": 11.851,
        "建成區邊界切割密度_km_per_km2": 0.0,
        "孤立小斑塊比例_pct": 0.0,
        "距大型連續綠地平均距離_m": 0.0,
        "score_面積減少": 96.6804979253112,
        "score_斑塊增加": 42.531120331950206,
        "score_平均斑塊縮小": 96.6804979253112,
        "score_道路建成區切割": 49.585062240663895,
        "score_孤立比例": 20.539419087136928,
        "score_距大型綠地": 9.95850622406639,
        "綜合破碎化分數": 52.7,
        "破碎化等級": "中",
        "判定原因": "面積減少100.0%；斑塊增加0.0%；平均斑塊縮小100.0%；道路密度11.85 km/km²；孤立比例0.0%；距大型綠地0m",
        "2021面積_ha": 0.09,
        "2022面積_ha": 0.0,
        "2023面積_ha": 0.0
      }
    },
    {
      "type": "Feature",
      "geometry": {
        "type": "Polygon",
        "coordinates": [
          [
            [
              121.74133262731254,
              24.720291154349756
            ],
            [
              121.74138612270247,
              24.729319110420587
            ],
            [
              121.75127060714803,
              24.729269913094367
            ],
            [
              121.75121639869653,
              24.720241977344568
            ],
            [
              121.74133262731254,
              24.720291154349756
            ]
          ]
        ]
      },
      "properties": {
        "grid_id": "G046_043",
        "綠地類型": "公園／都市綠地",
        "中心經度": 121.746301,
        "中心緯度": 24.724781,
        "分析面積_km2": 1.04,
        "2020面積_ha": 5.4,
        "2024面積_ha": 1.08,
        "面積減少率_pct": 80.0,
        "2020斑塊數": 2,
        "2024斑塊數": 2,
        "斑塊數增加率_pct": 0.0,
        "2020平均斑塊面積_ha": 5.67,
        "2024平均斑塊面積_ha": 1.485,
        "平均斑塊面積下降率_pct": 73.81,
        "道路切割密度_km_per_km2": 12.774,
        "建成區邊界切割密度_km_per_km2": 0.288,
        "孤立小斑塊比例_pct": 66.67,
        "距大型連續綠地平均距離_m": 3086.2,
        "score_面積減少": 91.07883817427386,
        "score_斑塊增加": 42.531120331950206,
        "score_平均斑塊縮小": 89.21161825726142,
        "score_道路建成區切割": 83.7136929460581,
        "score_孤立比例": 58.921161825726145,
        "score_距大型綠地": 69.29460580912863,
        "綜合破碎化分數": 72.5,
        "破碎化等級": "高",
        "判定原因": "面積減少80.0%；斑塊增加0.0%；平均斑塊縮小73.8%；道路密度12.77 km/km²；孤立比例66.7%；距大型綠地3086m",
        "2021面積_ha": 3.96,
        "2022面積_ha": 1.8,
        "2023面積_ha": 1.26
      }
    },
    {
      "type": "Feature",
      "geometry": {
        "type": "Polygon",
        "coordinates": [
          [
            [
              121.75121639869653,
              24.720241977344568
            ],
            [
              121.75127060714803,
              24.729269913094367
            ],
            [
              121.76115506521732,
              24.729220064322565
            ],
            [
              121.76110014371264,
              24.720192149162855
            ],
            [
              121.75121639869653,
              24.720241977344568
            ]
          ]
        ]
      },
      "properties": {
        "grid_id": "G046_044",
        "綠地類型": "公園／都市綠地",
        "中心經度": 121.756186,
        "中心緯度": 24.724731,
        "分析面積_km2": 1.04,
        "2020面積_ha": 0.45,
        "2024面積_ha": 0.27,
        "面積減少率_pct": 40.0,
        "2020斑塊數": 1,
        "2024斑塊數": 1,
        "斑塊數增加率_pct": 0.0,
        "2020平均斑塊面積_ha": 0.45,
        "2024平均斑塊面積_ha": 0.27,
        "平均斑塊面積下降率_pct": 40.0,
        "道路切割密度_km_per_km2": 16.667,
        "建成區邊界切割密度_km_per_km2": 0.087,
        "孤立小斑塊比例_pct": 100.0,
        "距大型連續綠地平均距離_m": 3706.9,
        "score_面積減少": 81.74273858921161,
        "score_斑塊增加": 42.531120331950206,
        "score_平均斑塊縮小": 75.51867219917013,
        "score_道路建成區切割": 75.8298755186722,
        "score_孤立比例": 80.29045643153528,
        "score_距大型綠地": 78.42323651452283,
        "綜合破碎化分數": 72.4,
        "破碎化等級": "高",
        "判定原因": "面積減少40.0%；斑塊增加0.0%；平均斑塊縮小40.0%；道路密度16.67 km/km²；孤立比例100.0%；距大型綠地3707m",
        "2021面積_ha": 0.54,
        "2022面積_ha": 0.27,
        "2023面積_ha": 0.27
      }
    },
    {
      "type": "Feature",
      "geometry": {
        "type": "Polygon",
        "coordinates": [
          [
            [
              121.77098386201398,
              24.72014166981151
            ],
            [
              121.7710394965634,
              24.729169564112073
            ],
            [
              121.78092390083938,
              24.729118412469862
            ],
            [
              121.7808675532538,
              24.720090539297512
            ],
            [
              121.77098386201398,
              24.72014166981151
            ]
          ]
        ]
      },
      "properties": {
        "grid_id": "G046_046",
        "綠地類型": "公園／都市綠地",
        "中心經度": 121.775954,
        "中心緯度": 24.72463,
        "分析面積_km2": 1.04,
        "2020面積_ha": 0.0,
        "2024面積_ha": 0.09,
        "面積減少率_pct": 0.0,
        "2020斑塊數": 0,
        "2024斑塊數": 1,
        "斑塊數增加率_pct": 100.0,
        "2020平均斑塊面積_ha": 0.0,
        "2024平均斑塊面積_ha": 0.09,
        "平均斑塊面積下降率_pct": 0.0,
        "道路切割密度_km_per_km2": 10.409,
        "建成區邊界切割密度_km_per_km2": 0.029,
        "孤立小斑塊比例_pct": 100.0,
        "距大型連續綠地平均距離_m": 3313.6,
        "score_面積減少": 29.87551867219917,
        "score_斑塊增加": 95.0207468879668,
        "score_平均斑塊縮小": 26.970954356846473,
        "score_道路建成區切割": 56.12033195020747,
        "score_孤立比例": 80.29045643153528,
        "score_距大型綠地": 73.85892116182573,
        "綜合破碎化分數": 60.4,
        "破碎化等級": "高",
        "判定原因": "面積減少0.0%；斑塊增加100.0%；平均斑塊縮小0.0%；道路密度10.41 km/km²；孤立比例100.0%；距大型綠地3314m",
        "2021面積_ha": 0.0,
        "2022面積_ha": 0.0,
        "2023面積_ha": 0.0
      }
    },
    {
      "type": "Feature",
      "geometry": {
        "type": "Polygon",
        "coordinates": [
          [
            [
              121.7808675532538,
              24.720090539297512
            ],
            [
              121.78092390083938,
              24.729118412469862
            ],
            [
              121.79080827769835,
              24.729066609403013
            ],
            [
              121.79075121708527,
              24.720038757627933
            ],
            [
              121.7808675532538,
              24.720090539297512
            ]
          ]
        ]
      },
      "properties": {
        "grid_id": "G046_047",
        "綠地類型": "公園／都市綠地",
        "中心經度": 121.785838,
        "中心緯度": 24.724579,
        "分析面積_km2": 1.04,
        "2020面積_ha": 0.27,
        "2024面積_ha": 0.99,
        "面積減少率_pct": 0.0,
        "2020斑塊數": 1,
        "2024斑塊數": 1,
        "斑塊數增加率_pct": 0.0,
        "2020平均斑塊面積_ha": 0.27,
        "2024平均斑塊面積_ha": 1.17,
        "平均斑塊面積下降率_pct": 0.0,
        "道路切割密度_km_per_km2": 10.64,
        "建成區邊界切割密度_km_per_km2": 0.288,
        "孤立小斑塊比例_pct": 100.0,
        "距大型連續綠地平均距離_m": 3110.3,
        "score_面積減少": 29.87551867219917,
        "score_斑塊增加": 42.531120331950206,
        "score_平均斑塊縮小": 26.970954356846473,
        "score_道路建成區切割": 77.28215767634856,
        "score_孤立比例": 80.29045643153528,
        "score_距大型綠地": 70.95435684647303,
        "綜合破碎化分數": 54.7,
        "破碎化等級": "高",
        "判定原因": "面積減少0.0%；斑塊增加0.0%；平均斑塊縮小0.0%；道路密度10.64 km/km²；孤立比例100.0%；距大型綠地3110m",
        "2021面積_ha": 0.9,
        "2022面積_ha": 0.36,
        "2023面積_ha": 0.0
      }
    },
    {
      "type": "Feature",
      "geometry": {
        "type": "Polygon",
        "coordinates": [
          [
            [
              121.70184792809584,
              24.729509385134886
            ],
            [
              121.70189859579983,
              24.73853740883367
            ],
            [
              121.71178389572209,
              24.738490798109485
            ],
            [
              121.7117325145773,
              24.72946279365814
            ],
            [
              121.70184792809584,
              24.729509385134886
            ]
          ]
        ]
      },
      "properties": {
        "grid_id": "G047_039",
        "綠地類型": "公園／都市綠地",
        "中心經度": 121.706816,
        "中心緯度": 24.734,
        "分析面積_km2": 1.04,
        "2020面積_ha": 0.27,
        "2024面積_ha": 0.0,
        "面積減少率_pct": 100.0,
        "2020斑塊數": 1,
        "2024斑塊數": 0,
        "斑塊數增加率_pct": 0.0,
        "2020平均斑塊面積_ha": 0.27,
        "2024平均斑塊面積_ha": 0.0,
        "平均斑塊面積下降率_pct": 100.0,
        "道路切割密度_km_per_km2": 10.525,
        "建成區邊界切割密度_km_per_km2": 0.0,
        "孤立小斑塊比例_pct": 0.0,
        "距大型連續綠地平均距離_m": 0.0,
        "score_面積減少": 96.6804979253112,
        "score_斑塊增加": 42.531120331950206,
        "score_平均斑塊縮小": 96.6804979253112,
        "score_道路建成區切割": 46.2655601659751,
        "score_孤立比例": 20.539419087136928,
        "score_距大型綠地": 9.95850622406639,
        "綜合破碎化分數": 52.1,
        "破碎化等級": "中",
        "判定原因": "面積減少100.0%；斑塊增加0.0%；平均斑塊縮小100.0%；道路密度10.53 km/km²；孤立比例0.0%；距大型綠地0m",
        "2021面積_ha": 0.0,
        "2022面積_ha": 0.0,
        "2023面積_ha": 0.0
      }
    },
    {
      "type": "Feature",
      "geometry": {
        "type": "Polygon",
        "coordinates": [
          [
            [
              121.7117325145773,
              24.72946279365814
            ],
            [
              121.71178389572209,
              24.738490798109485
            ],
            [
              121.72166917064787,
              24.738443535643935
            ],
            [
              121.72161707607016,
              24.729415550709138
            ],
            [
              121.7117325145773,
              24.72946279365814
            ]
          ]
        ]
      },
      "properties": {
        "grid_id": "G047_040",
        "綠地類型": "公園／都市綠地",
        "中心經度": 121.716701,
        "中心緯度": 24.733953,
        "分析面積_km2": 1.04,
        "2020面積_ha": 1.8,
        "2024面積_ha": 1.62,
        "面積減少率_pct": 10.0,
        "2020斑塊數": 1,
        "2024斑塊數": 1,
        "斑塊數增加率_pct": 0.0,
        "2020平均斑塊面積_ha": 8.82,
        "2024平均斑塊面積_ha": 3.78,
        "平均斑塊面積下降率_pct": 57.14,
        "道路切割密度_km_per_km2": 12.313,
        "建成區邊界切割密度_km_per_km2": 0.173,
        "孤立小斑塊比例_pct": 0.0,
        "距大型連續綠地平均距離_m": 347.0,
        "score_面積減少": 70.74688796680498,
        "score_斑塊增加": 42.531120331950206,
        "score_平均斑塊縮小": 82.57261410788381,
        "score_道路建成區切割": 76.55601659751036,
        "score_孤立比例": 20.539419087136928,
        "score_距大型綠地": 29.045643153526974,
        "綜合破碎化分數": 53.7,
        "破碎化等級": "中",
        "判定原因": "面積減少10.0%；斑塊增加0.0%；平均斑塊縮小57.1%；道路密度12.31 km/km²；孤立比例0.0%；距大型綠地347m",
        "2021面積_ha": 1.35,
        "2022面積_ha": 0.72,
        "2023面積_ha": 1.44
      }
    },
    {
      "type": "Feature",
      "geometry": {
        "type": "Polygon",
        "coordinates": [
          [
            [
              121.74138612270247,
              24.729319110420587
            ],
            [
              121.74143964412175,
              24.73834705551495
            ],
            [
              121.7513248419758,
              24.738297837864863
            ],
            [
              121.75127060714803,
              24.729269913094367
            ],
            [
              121.74138612270247,
              24.729319110420587
            ]
          ]
        ]
      },
      "properties": {
        "grid_id": "G047_043",
        "綠地類型": "公園／都市綠地",
        "中心經度": 121.746355,
        "中心緯度": 24.733809,
        "分析面積_km2": 1.04,
        "2020面積_ha": 5.22,
        "2024面積_ha": 1.89,
        "面積減少率_pct": 63.79,
        "2020斑塊數": 2,
        "2024斑塊數": 1,
        "斑塊數增加率_pct": 0.0,
        "2020平均斑塊面積_ha": 3.87,
        "2024平均斑塊面積_ha": 2.25,
        "平均斑塊面積下降率_pct": 41.86,
        "道路切割密度_km_per_km2": 11.419,
        "建成區邊界切割密度_km_per_km2": 0.26,
        "孤立小斑塊比例_pct": 0.0,
        "距大型連續綠地平均距離_m": 3061.6,
        "score_面積減少": 87.55186721991701,
        "score_斑塊增加": 42.531120331950206,
        "score_平均斑塊縮小": 75.93360995850622,
        "score_道路建成區切割": 77.69709543568464,
        "score_孤立比例": 20.539419087136928,
        "score_距大型綠地": 67.21991701244814,
        "綜合破碎化分數": 61.9,
        "破碎化等級": "高",
        "判定原因": "面積減少63.8%；斑塊增加0.0%；平均斑塊縮小41.9%；道路密度11.42 km/km²；孤立比例0.0%；距大型綠地3062m",
        "2021面積_ha": 4.41,
        "2022面積_ha": 4.32,
        "2023面積_ha": 2.61
      }
    },
    {
      "type": "Feature",
      "geometry": {
        "type": "Polygon",
        "coordinates": [
          [
            [
              121.75127060714803,
              24.729269913094367
            ],
            [
              121.7513248419758,
              24.738297837864863
            ],
            [
              121.76121001344521,
              24.73824796850008
            ],
            [
              121.76115506521732,
              24.729220064322565
            ],
            [
              121.75127060714803,
              24.729269913094367
            ]
          ]
        ]
      },
      "properties": {
        "grid_id": "G047_044",
        "綠地類型": "公園／都市綠地",
        "中心經度": 121.75624,
        "中心緯度": 24.733759,
        "分析面積_km2": 1.04,
        "2020面積_ha": 2.61,
        "2024面積_ha": 0.9,
        "面積減少率_pct": 65.52,
        "2020斑塊數": 5,
        "2024斑塊數": 2,
        "斑塊數增加率_pct": 0.0,
        "2020平均斑塊面積_ha": 1.944,
        "2024平均斑塊面積_ha": 1.215,
        "平均斑塊面積下降率_pct": 37.5,
        "道路切割密度_km_per_km2": 15.917,
        "建成區邊界切割密度_km_per_km2": 0.231,
        "孤立小斑塊比例_pct": 40.0,
        "距大型連續綠地平均距離_m": 2623.4,
        "score_面積減少": 88.38174273858921,
        "score_斑塊增加": 42.531120331950206,
        "score_平均斑塊縮小": 73.85892116182573,
        "score_道路建成區切割": 83.71369294605809,
        "score_孤立比例": 57.26141078838174,
        "score_距大型綠地": 57.26141078838174,
        "綜合破碎化分數": 67.2,
        "破碎化等級": "高",
        "判定原因": "面積減少65.5%；斑塊增加0.0%；平均斑塊縮小37.5%；道路密度15.92 km/km²；孤立比例40.0%；距大型綠地2623m",
        "2021面積_ha": 2.52,
        "2022面積_ha": 2.43,
        "2023面積_ha": 1.44
      }
    },
    {
      "type": "Feature",
      "geometry": {
        "type": "Polygon",
        "coordinates": [
          [
            [
              121.81057694777766,
              24.728961049024136
            ],
            [
              121.81063546287689,
              24.737988846200345
            ],
            [
              121.82052046875108,
              24.737935066695393
            ],
            [
              121.82046124030424,
              24.728907291726703
            ],
            [
              121.81057694777766,
              24.728961049024136
            ]
          ]
        ]
      },
      "properties": {
        "grid_id": "G047_050",
        "綠地類型": "公園／都市綠地",
        "中心經度": 121.815549,
        "中心緯度": 24.733448,
        "分析面積_km2": 1.04,
        "2020面積_ha": 0.45,
        "2024面積_ha": 0.09,
        "面積減少率_pct": 80.0,
        "2020斑塊數": 2,
        "2024斑塊數": 1,
        "斑塊數增加率_pct": 0.0,
        "2020平均斑塊面積_ha": 0.225,
        "2024平均斑塊面積_ha": 0.09,
        "平均斑塊面積下降率_pct": 60.0,
        "道路切割密度_km_per_km2": 10.669,
        "建成區邊界切割密度_km_per_km2": 0.029,
        "孤立小斑塊比例_pct": 100.0,
        "距大型連續綠地平均距離_m": 2100.0,
        "score_面積減少": 91.07883817427386,
        "score_斑塊增加": 42.531120331950206,
        "score_平均斑塊縮小": 83.81742738589212,
        "score_道路建成區切割": 57.157676348547724,
        "score_孤立比例": 80.29045643153528,
        "score_距大型綠地": 48.96265560165975,
        "綜合破碎化分數": 67.3,
        "破碎化等級": "高",
        "判定原因": "面積減少80.0%；斑塊增加0.0%；平均斑塊縮小60.0%；道路密度10.67 km/km²；孤立比例100.0%；距大型綠地2100m",
        "2021面積_ha": 0.72,
        "2022面積_ha": 0.0,
        "2023面積_ha": 0.0
      }
    },
    {
      "type": "Feature",
      "geometry": {
        "type": "Polygon",
        "coordinates": [
          [
            [
              121.82046124030424,
              24.728907291726703
            ],
            [
              121.82052046875108,
              24.737935066695393
            ],
            [
              121.82380220186518,
              24.737917068261808
            ],
            [
              121.8238741,
              24.737704099999988
            ],
            [
              121.8239488,
              24.737296399999998
            ],
            [
              121.8243069,
              24.7365084
            ],
            [
              121.82446550000002,
              24.735939000000002
            ],
            [
              121.82486939999998,
              24.7350899
            ],
            [
              121.8251278,
              24.734546699999996
            ],
            [
              121.8259711,
              24.732327099999996
            ],
            [
              121.82606370000002,
              24.732116900000005
            ],
            [
              121.8261402,
              24.731945
            ],
            [
              121.8262949,
              24.731663
            ],
            [
              121.8264328,
              24.7314364
            ],
            [
              121.82680780000001,
              24.730696499999997
            ],
            [
              121.82697710000001,
              24.7303349
            ],
            [
              121.8271989,
              24.730010100000005
            ],
            [
              121.8276033,
              24.729411600000002
            ],
            [
              121.8277977,
              24.729007999999993
            ],
            [
              121.82790366176616,
              24.72886638494158
            ],
            [
              121.82046124030424,
              24.728907291726703
            ]
          ]
        ]
      },
      "properties": {
        "grid_id": "G047_051",
        "綠地類型": "公園／都市綠地",
        "中心經度": 121.82302,
        "中心緯度": 24.733451,
        "分析面積_km2": 0.527,
        "2020面積_ha": 0.72,
        "2024面積_ha": 0.45,
        "面積減少率_pct": 37.5,
        "2020斑塊數": 1,
        "2024斑塊數": 2,
        "斑塊數增加率_pct": 100.0,
        "2020平均斑塊面積_ha": 0.72,
        "2024平均斑塊面積_ha": 0.225,
        "平均斑塊面積下降率_pct": 68.75,
        "道路切割密度_km_per_km2": 6.655,
        "建成區邊界切割密度_km_per_km2": 0.284,
        "孤立小斑塊比例_pct": 100.0,
        "距大型連續綠地平均距離_m": 2198.4,
        "score_面積減少": 81.32780082987551,
        "score_斑塊增加": 95.0207468879668,
        "score_平均斑塊縮小": 87.96680497925311,
        "score_道路建成區切割": 64.31535269709545,
        "score_孤立比例": 80.29045643153528,
        "score_距大型綠地": 50.20746887966805,
        "綜合破碎化分數": 76.5,
        "破碎化等級": "高",
        "判定原因": "面積減少37.5%；斑塊增加100.0%；平均斑塊縮小68.8%；道路密度6.66 km/km²；孤立比例100.0%；距大型綠地2198m",
        "2021面積_ha": 0.72,
        "2022面積_ha": 0.63,
        "2023面積_ha": 0.81
      }
    },
    {
      "type": "Feature",
      "geometry": {
        "type": "Polygon",
        "coordinates": [
          [
            [
              121.66235715308699,
              24.738717334189122
            ],
            [
              121.66240499021187,
              24.74774542122844
            ],
            [
              121.67229110046799,
              24.74770139935981
            ],
            [
              121.67224254952465,
              24.73867333049398
            ],
            [
              121.66235715308699,
              24.738717334189122
            ]
          ]
        ]
      },
      "properties": {
        "grid_id": "G048_035",
        "綠地類型": "公園／都市綠地",
        "中心經度": 121.667324,
        "中心緯度": 24.743209,
        "分析面積_km2": 1.04,
        "2020面積_ha": 0.54,
        "2024面積_ha": 1.17,
        "面積減少率_pct": 0.0,
        "2020斑塊數": 1,
        "2024斑塊數": 1,
        "斑塊數增加率_pct": 0.0,
        "2020平均斑塊面積_ha": 0.63,
        "2024平均斑塊面積_ha": 1.26,
        "平均斑塊面積下降率_pct": 0.0,
        "道路切割密度_km_per_km2": 0.606,
        "建成區邊界切割密度_km_per_km2": 0.058,
        "孤立小斑塊比例_pct": 100.0,
        "距大型連續綠地平均距離_m": 4163.1,
        "score_面積減少": 29.87551867219917,
        "score_斑塊增加": 42.531120331950206,
        "score_平均斑塊縮小": 26.970954356846473,
        "score_道路建成區切割": 24.585062240663902,
        "score_孤立比例": 80.29045643153528,
        "score_距大型綠地": 81.32780082987551,
        "綜合破碎化分數": 47.6,
        "破碎化等級": "中",
        "判定原因": "面積減少0.0%；斑塊增加0.0%；平均斑塊縮小0.0%；道路密度0.61 km/km²；孤立比例100.0%；距大型綠地4163m",
        "2021面積_ha": 1.08,
        "2022面積_ha": 0.27,
        "2023面積_ha": 0.9
      }
    },
    {
      "type": "Feature",
      "geometry": {
        "type": "Polygon",
        "coordinates": [
          [
            [
              121.67224254952465,
              24.73867333049398
            ],
            [
              121.67229110046799,
              24.74770139935981
            ],
            [
              121.6821771871084,
              24.7476567254554
            ],
            [
              121.68212792235404,
              24.73862867503222
            ],
            [
              121.67224254952465,
              24.73867333049398
            ]
          ]
        ]
      },
      "properties": {
        "grid_id": "G048_036",
        "綠地類型": "公園／都市綠地",
        "中心經度": 121.67721,
        "中心緯度": 24.743165,
        "分析面積_km2": 1.04,
        "2020面積_ha": 0.09,
        "2024面積_ha": 0.09,
        "面積減少率_pct": 0.0,
        "2020斑塊數": 1,
        "2024斑塊數": 1,
        "斑塊數增加率_pct": 0.0,
        "2020平均斑塊面積_ha": 0.63,
        "2024平均斑塊面積_ha": 1.26,
        "平均斑塊面積下降率_pct": 0.0,
        "道路切割密度_km_per_km2": 4.354,
        "建成區邊界切割密度_km_per_km2": 0.0,
        "孤立小斑塊比例_pct": 100.0,
        "距大型連續綠地平均距離_m": 4095.9,
        "score_面積減少": 29.87551867219917,
        "score_斑塊增加": 42.531120331950206,
        "score_平均斑塊縮小": 26.970954356846473,
        "score_道路建成區切割": 23.029045643153527,
        "score_孤立比例": 80.29045643153528,
        "score_距大型綠地": 80.91286307053942,
        "綜合破碎化分數": 47.3,
        "破碎化等級": "中",
        "判定原因": "面積減少0.0%；斑塊增加0.0%；平均斑塊縮小0.0%；道路密度4.35 km/km²；孤立比例100.0%；距大型綠地4096m",
        "2021面積_ha": 0.09,
        "2022面積_ha": 0.0,
        "2023面積_ha": 0.09
      }
    },
    {
      "type": "Feature",
      "geometry": {
        "type": "Polygon",
        "coordinates": [
          [
            [
              121.71178389572209,
              24.738490798109485
            ],
            [
              121.71183530186339,
              24.747518791589737
            ],
            [
              121.7217212905691,
              24.747471509604893
            ],
            [
              121.72166917064787,
              24.738443535643935
            ],
            [
              121.71178389572209,
              24.738490798109485
            ]
          ]
        ]
      },
      "properties": {
        "grid_id": "G048_040",
        "綠地類型": "公園／都市綠地",
        "中心經度": 121.716752,
        "中心緯度": 24.742981,
        "分析面積_km2": 1.04,
        "2020面積_ha": 15.21,
        "2024面積_ha": 15.03,
        "面積減少率_pct": 1.18,
        "2020斑塊數": 3,
        "2024斑塊數": 3,
        "斑塊數增加率_pct": 0.0,
        "2020平均斑塊面積_ha": 6.72,
        "2024平均斑塊面積_ha": 6.66,
        "平均斑塊面積下降率_pct": 0.89,
        "道路切割密度_km_per_km2": 11.13,
        "建成區邊界切割密度_km_per_km2": 1.298,
        "孤立小斑塊比例_pct": 0.6,
        "距大型連續綠地平均距離_m": 31.2,
        "score_面積減少": 60.16597510373444,
        "score_斑塊增加": 42.531120331950206,
        "score_平均斑塊縮小": 55.18672199170125,
        "score_道路建成區切割": 89.21161825726142,
        "score_孤立比例": 41.49377593360996,
        "score_距大型綠地": 21.991701244813278,
        "綜合破碎化分數": 51.8,
        "破碎化等級": "中",
        "判定原因": "面積減少1.2%；斑塊增加0.0%；平均斑塊縮小0.9%；道路密度11.13 km/km²；孤立比例0.6%；距大型綠地31m",
        "2021面積_ha": 15.66,
        "2022面積_ha": 13.86,
        "2023面積_ha": 15.3
      }
    },
    {
      "type": "Feature",
      "geometry": {
        "type": "Polygon",
        "coordinates": [
          [
            [
              121.7513248419758,
              24.738297837864863
            ],
            [
              121.75137910318823,
              24.747325751653076
            ],
            [
              121.76126498840476,
              24.747275861692422
            ],
            [
              121.76121001344521,
              24.73824796850008
            ],
            [
              121.7513248419758,
              24.738297837864863
            ]
          ]
        ]
      },
      "properties": {
        "grid_id": "G048_044",
        "綠地類型": "公園／都市綠地",
        "中心經度": 121.756295,
        "中心緯度": 24.742787,
        "分析面積_km2": 1.04,
        "2020面積_ha": 1.35,
        "2024面積_ha": 1.89,
        "面積減少率_pct": 0.0,
        "2020斑塊數": 1,
        "2024斑塊數": 1,
        "斑塊數增加率_pct": 0.0,
        "2020平均斑塊面積_ha": 1.53,
        "2024平均斑塊面積_ha": 2.07,
        "平均斑塊面積下降率_pct": 0.0,
        "道路切割密度_km_per_km2": 21.021,
        "建成區邊界切割密度_km_per_km2": 0.346,
        "孤立小斑塊比例_pct": 0.0,
        "距大型連續綠地平均距離_m": 2298.0,
        "score_面積減少": 29.87551867219917,
        "score_斑塊增加": 42.531120331950206,
        "score_平均斑塊縮小": 26.970954356846473,
        "score_道路建成區切割": 90.14522821576764,
        "score_孤立比例": 20.539419087136928,
        "score_距大型綠地": 52.282157676348554,
        "綜合破碎化分數": 43.7,
        "破碎化等級": "低",
        "判定原因": "面積減少0.0%；斑塊增加0.0%；平均斑塊縮小0.0%；道路密度21.02 km/km²；孤立比例0.0%；距大型綠地2298m",
        "2021面積_ha": 1.44,
        "2022面積_ha": 1.62,
        "2023面積_ha": 1.71
      }
    },
    {
      "type": "Feature",
      "geometry": {
        "type": "Polygon",
        "coordinates": [
          [
            [
              121.81063546287689,
              24.737988846200345
            ],
            [
              121.81069400644282,
              24.747016632376372
            ],
            [
              121.82057972601166,
              24.746962830660788
            ],
            [
              121.82052046875108,
              24.737935066695393
            ],
            [
              121.81063546287689,
              24.737988846200345
            ]
          ]
        ]
      },
      "properties": {
        "grid_id": "G048_050",
        "綠地類型": "公園／都市綠地",
        "中心經度": 121.815607,
        "中心緯度": 24.742476,
        "分析面積_km2": 1.04,
        "2020面積_ha": 0.09,
        "2024面積_ha": 0.27,
        "面積減少率_pct": 0.0,
        "2020斑塊數": 1,
        "2024斑塊數": 1,
        "斑塊數增加率_pct": 0.0,
        "2020平均斑塊面積_ha": 0.09,
        "2024平均斑塊面積_ha": 0.54,
        "平均斑塊面積下降率_pct": 0.0,
        "道路切割密度_km_per_km2": 9.17,
        "建成區邊界切割密度_km_per_km2": 0.058,
        "孤立小斑塊比例_pct": 100.0,
        "距大型連續綠地平均距離_m": 2450.1,
        "score_面積減少": 29.87551867219917,
        "score_斑塊增加": 42.531120331950206,
        "score_平均斑塊縮小": 26.970954356846473,
        "score_道路建成區切割": 57.676348547717836,
        "score_孤立比例": 80.29045643153528,
        "score_距大型綠地": 55.18672199170125,
        "綜合破碎化分數": 48.8,
        "破碎化等級": "中",
        "判定原因": "面積減少0.0%；斑塊增加0.0%；平均斑塊縮小0.0%；道路密度9.17 km/km²；孤立比例100.0%；距大型綠地2450m",
        "2021面積_ha": 0.36,
        "2022面積_ha": 0.18,
        "2023面積_ha": 0.63
      }
    },
    {
      "type": "Feature",
      "geometry": {
        "type": "Polygon",
        "coordinates": [
          [
            [
              121.82052046875108,
              24.737935066695393
            ],
            [
              121.82057972601166,
              24.746962830660788
            ],
            [
              121.82108897420551,
              24.746960041484115
            ],
            [
              121.82114120000001,
              24.7466803
            ],
            [
              121.82138000000002,
              24.745899999999992
            ],
            [
              121.8217727,
              24.7444724
            ],
            [
              121.82216490000002,
              24.743130699999995
            ],
            [
              121.8225053,
              24.742032499999997
            ],
            [
              121.82278200000002,
              24.740991899999997
            ],
            [
              121.82310870000002,
              24.7399163
            ],
            [
              121.82338130000001,
              24.739163800000004
            ],
            [
              121.82380220186518,
              24.737917068261808
            ],
            [
              121.82052046875108,
              24.737935066695393
            ]
          ]
        ]
      },
      "properties": {
        "grid_id": "G048_051",
        "綠地類型": "公園／都市綠地",
        "中心經度": 121.821443,
        "中心緯度": 24.742586,
        "分析面積_km2": 0.19,
        "2020面積_ha": 0.36,
        "2024面積_ha": 0.36,
        "面積減少率_pct": 0.0,
        "2020斑塊數": 2,
        "2024斑塊數": 2,
        "斑塊數增加率_pct": 0.0,
        "2020平均斑塊面積_ha": 0.495,
        "2024平均斑塊面積_ha": 0.405,
        "平均斑塊面積下降率_pct": 18.18,
        "道路切割密度_km_per_km2": 1.896,
        "建成區邊界切割密度_km_per_km2": 0.632,
        "孤立小斑塊比例_pct": 100.0,
        "距大型連續綠地平均距離_m": 2348.5,
        "score_面積減少": 29.87551867219917,
        "score_斑塊增加": 42.531120331950206,
        "score_平均斑塊縮小": 67.21991701244814,
        "score_道路建成區切割": 51.037344398340245,
        "score_孤立比例": 80.29045643153528,
        "score_距大型綠地": 53.52697095435685,
        "綜合破碎化分數": 54.1,
        "破碎化等級": "高",
        "判定原因": "面積減少0.0%；斑塊增加0.0%；平均斑塊縮小18.2%；道路密度1.90 km/km²；孤立比例100.0%；距大型綠地2348m",
        "2021面積_ha": 0.45,
        "2022面積_ha": 0.36,
        "2023面積_ha": 0.54
      }
    },
    {
      "type": "Feature",
      "geometry": {
        "type": "Polygon",
        "coordinates": [
          [
            [
              121.59324444737544,
              24.75706351257975
            ],
            [
              121.5932116732207,
              24.75016040062806
            ],
            [
              121.5929836,
              24.750174499999996
            ],
            [
              121.5925024,
              24.7502564
            ],
            [
              121.592086,
              24.7503812
            ],
            [
              121.59157750000001,
              24.7506148
            ],
            [
              121.5909956,
              24.750838099999996
            ],
            [
              121.5906704,
              24.7510062
            ],
            [
              121.59052140000001,
              24.751121999999995
            ],
            [
              121.5903529,
              24.751285900000003
            ],
            [
              121.59024810000001,
              24.751447799999994
            ],
            [
              121.59003840000001,
              24.75190479999999
            ],
            [
              121.5899465,
              24.7522286
            ],
            [
              121.5898787,
              24.753029499999993
            ],
            [
              121.58975550000001,
              24.753593799999997
            ],
            [
              121.58926490000002,
              24.754776
            ],
            [
              121.58905559999998,
              24.755079
            ],
            [
              121.58904319999999,
              24.7551492
            ],
            [
              121.58940672534362,
              24.757078658901808
            ],
            [
              121.59324444737544,
              24.75706351257975
            ]
          ]
        ]
      },
      "properties": {
        "grid_id": "G049_027",
        "綠地類型": "公園／都市綠地",
        "中心經度": 121.59137,
        "中心緯度": 24.754178,
        "分析面積_km2": 0.276,
        "2020面積_ha": 6.12,
        "2024面積_ha": 6.12,
        "面積減少率_pct": 0.0,
        "2020斑塊數": 1,
        "2024斑塊數": 1,
        "斑塊數增加率_pct": 0.0,
        "2020平均斑塊面積_ha": 40.86,
        "2024平均斑塊面積_ha": 40.86,
        "平均斑塊面積下降率_pct": 0.0,
        "道路切割密度_km_per_km2": 1.737,
        "建成區邊界切割密度_km_per_km2": 0.0,
        "孤立小斑塊比例_pct": 0.0,
        "距大型連續綠地平均距離_m": 0.0,
        "score_面積減少": 29.87551867219917,
        "score_斑塊增加": 42.531120331950206,
        "score_平均斑塊縮小": 26.970954356846473,
        "score_道路建成區切割": 12.240663900414937,
        "score_孤立比例": 20.539419087136928,
        "score_距大型綠地": 9.95850622406639,
        "綜合破碎化分數": 23.7,
        "破碎化等級": "低",
        "判定原因": "面積減少0.0%；斑塊增加0.0%；平均斑塊縮小0.0%；道路密度1.74 km/km²；孤立比例0.0%；距大型綠地0m",
        "2021面積_ha": 6.12,
        "2022面積_ha": 6.12,
        "2023面積_ha": 6.12
      }
    },
    {
      "type": "Feature",
      "geometry": {
        "type": "Polygon",
        "coordinates": [
          [
            [
              121.59324444737544,
              24.75706351257975
            ],
            [
              121.60313142743541,
              24.757024038835446
            ],
            [
              121.6030878521871,
              24.74799585935428
            ],
            [
              121.59598702514793,
              24.748024265723856
            ],
            [
              121.5961564,
              24.748204099999995
            ],
            [
              121.5961539,
              24.748344699999997
            ],
            [
              121.59604940000001,
              24.748417299999993
            ],
            [
              121.5955521,
              24.74853179999999
            ],
            [
              121.59535870000002,
              24.7486461
            ],
            [
              121.59525349999998,
              24.748802699999995
            ],
            [
              121.5948044,
              24.7499298
            ],
            [
              121.5946613,
              24.750158599999992
            ],
            [
              121.5945912,
              24.7502223
            ],
            [
              121.5944684,
              24.750246200000003
            ],
            [
              121.593757,
              24.750156399999998
            ],
            [
              121.59324080000002,
              24.7501586
            ],
            [
              121.5932116732207,
              24.75016040062806
            ],
            [
              121.59324444737544,
              24.75706351257975
            ]
          ]
        ]
      },
      "properties": {
        "grid_id": "G049_028",
        "綠地類型": "公園／都市綠地",
        "中心經度": 121.598172,
        "中心緯度": 24.753638,
        "分析面積_km2": 0.981,
        "2020面積_ha": 12.06,
        "2024面積_ha": 12.06,
        "面積減少率_pct": 0.0,
        "2020斑塊數": 1,
        "2024斑塊數": 1,
        "斑塊數增加率_pct": 0.0,
        "2020平均斑塊面積_ha": 40.86,
        "2024平均斑塊面積_ha": 40.86,
        "平均斑塊面積下降率_pct": 0.0,
        "道路切割密度_km_per_km2": 2.141,
        "建成區邊界切割密度_km_per_km2": 0.0,
        "孤立小斑塊比例_pct": 0.0,
        "距大型連續綠地平均距離_m": 0.0,
        "score_面積減少": 29.87551867219917,
        "score_斑塊增加": 42.531120331950206,
        "score_平均斑塊縮小": 26.970954356846473,
        "score_道路建成區切割": 14.315352697095435,
        "score_孤立比例": 20.539419087136928,
        "score_距大型綠地": 9.95850622406639,
        "綜合破碎化分數": 24.0,
        "破碎化等級": "低",
        "判定原因": "面積減少0.0%；斑塊增加0.0%；平均斑塊縮小0.0%；道路密度2.14 km/km²；孤立比例0.0%；距大型綠地0m",
        "2021面積_ha": 12.06,
        "2022面積_ha": 11.43,
        "2023面積_ha": 12.06
      }
    },
    {
      "type": "Feature",
      "geometry": {
        "type": "Polygon",
        "coordinates": [
          [
            [
              121.70194928815324,
              24.747565421564055
            ],
            [
              121.70200000516392,
              24.756593423323075
            ],
            [
              121.7118867330091,
              24.756546774095924
            ],
            [
              121.71183530186339,
              24.747518791589737
            ],
            [
              121.70194928815324,
              24.747565421564055
            ]
          ]
        ]
      },
      "properties": {
        "grid_id": "G049_039",
        "綠地類型": "公園／都市綠地",
        "中心經度": 121.706918,
        "中心緯度": 24.752056,
        "分析面積_km2": 1.04,
        "2020面積_ha": 5.04,
        "2024面積_ha": 4.5,
        "面積減少率_pct": 10.71,
        "2020斑塊數": 1,
        "2024斑塊數": 1,
        "斑塊數增加率_pct": 0.0,
        "2020平均斑塊面積_ha": 5.04,
        "2024平均斑塊面積_ha": 4.5,
        "平均斑塊面積下降率_pct": 10.71,
        "道路切割密度_km_per_km2": 8.939,
        "建成區邊界切割密度_km_per_km2": 0.49,
        "孤立小斑塊比例_pct": 0.0,
        "距大型連續綠地平均距離_m": 528.2,
        "score_面積減少": 71.36929460580913,
        "score_斑塊增加": 42.531120331950206,
        "score_平均斑塊縮小": 65.14522821576763,
        "score_道路建成區切割": 77.59336099585062,
        "score_孤立比例": 20.539419087136928,
        "score_距大型綠地": 31.950207468879665,
        "綜合破碎化分數": 51.5,
        "破碎化等級": "中",
        "判定原因": "面積減少10.7%；斑塊增加0.0%；平均斑塊縮小10.7%；道路密度8.94 km/km²；孤立比例0.0%；距大型綠地528m",
        "2021面積_ha": 5.31,
        "2022面積_ha": 1.35,
        "2023面積_ha": 4.05
      }
    },
    {
      "type": "Feature",
      "geometry": {
        "type": "Polygon",
        "coordinates": [
          [
            [
              121.71183530186339,
              24.747518791589737
            ],
            [
              121.7118867330091,
              24.756546774095924
            ],
            [
              121.72177343584191,
              24.75649947258906
            ],
            [
              121.7217212905691,
              24.747471509604893
            ],
            [
              121.71183530186339,
              24.747518791589737
            ]
          ]
        ]
      },
      "properties": {
        "grid_id": "G049_040",
        "綠地類型": "公園／都市綠地",
        "中心經度": 121.716804,
        "中心緯度": 24.752009,
        "分析面積_km2": 1.04,
        "2020面積_ha": 10.71,
        "2024面積_ha": 11.43,
        "面積減少率_pct": 0.0,
        "2020斑塊數": 2,
        "2024斑塊數": 2,
        "斑塊數增加率_pct": 0.0,
        "2020平均斑塊面積_ha": 8.55,
        "2024平均斑塊面積_ha": 11.79,
        "平均斑塊面積下降率_pct": 0.0,
        "道路切割密度_km_per_km2": 11.505,
        "建成區邊界切割密度_km_per_km2": 1.096,
        "孤立小斑塊比例_pct": 0.0,
        "距大型連續綠地平均距離_m": 185.8,
        "score_面積減少": 29.87551867219917,
        "score_斑塊增加": 42.531120331950206,
        "score_平均斑塊縮小": 26.970954356846473,
        "score_道路建成區切割": 89.2116182572614,
        "score_孤立比例": 20.539419087136928,
        "score_距大型綠地": 26.970954356846473,
        "綜合破碎化分數": 39.3,
        "破碎化等級": "低",
        "判定原因": "面積減少0.0%；斑塊增加0.0%；平均斑塊縮小0.0%；道路密度11.51 km/km²；孤立比例0.0%；距大型綠地186m",
        "2021面積_ha": 11.52,
        "2022面積_ha": 9.81,
        "2023面積_ha": 10.89
      }
    },
    {
      "type": "Feature",
      "geometry": {
        "type": "Polygon",
        "coordinates": [
          [
            [
              121.7217212905691,
              24.747471509604893
            ],
            [
              121.72177343584191,
              24.75649947258906
            ],
            [
              121.73166011331513,
              24.756451518809023
            ],
            [
              121.73160725392324,
              24.74742357561608
            ],
            [
              121.7217212905691,
              24.747471509604893
            ]
          ]
        ]
      },
      "properties": {
        "grid_id": "G049_041",
        "綠地類型": "公園／都市綠地",
        "中心經度": 121.726691,
        "中心緯度": 24.751962,
        "分析面積_km2": 1.04,
        "2020面積_ha": 10.8,
        "2024面積_ha": 8.82,
        "面積減少率_pct": 18.33,
        "2020斑塊數": 6,
        "2024斑塊數": 5,
        "斑塊數增加率_pct": 0.0,
        "2020平均斑塊面積_ha": 2.115,
        "2024平均斑塊面積_ha": 3.546,
        "平均斑塊面積下降率_pct": 0.0,
        "道路切割密度_km_per_km2": 13.005,
        "建成區邊界切割密度_km_per_km2": 1.413,
        "孤立小斑塊比例_pct": 11.22,
        "距大型連續綠地平均距離_m": 850.8,
        "score_面積減少": 74.68879668049793,
        "score_斑塊增加": 42.531120331950206,
        "score_平均斑塊縮小": 26.970954356846473,
        "score_道路建成區切割": 95.02074688796681,
        "score_孤立比例": 49.37759336099585,
        "score_距大型綠地": 34.439834024896264,
        "綜合破碎化分數": 53.8,
        "破碎化等級": "中",
        "判定原因": "面積減少18.3%；斑塊增加0.0%；平均斑塊縮小0.0%；道路密度13.01 km/km²；孤立比例11.2%；距大型綠地851m",
        "2021面積_ha": 11.07,
        "2022面積_ha": 6.12,
        "2023面積_ha": 8.64
      }
    },
    {
      "type": "Feature",
      "geometry": {
        "type": "Polygon",
        "coordinates": [
          [
            [
              121.73160725392324,
              24.74742357561608
            ],
            [
              121.73166011331513,
              24.756451518809023
            ],
            [
              121.74154676508145,
              24.756402912762443
            ],
            [
              121.74149319157868,
              24.747374989629893
            ],
            [
              121.73160725392324,
              24.74742357561608
            ]
          ]
        ]
      },
      "properties": {
        "grid_id": "G049_042",
        "綠地類型": "公園／都市綠地",
        "中心經度": 121.736577,
        "中心緯度": 24.751913,
        "分析面積_km2": 1.04,
        "2020面積_ha": 1.26,
        "2024面積_ha": 1.08,
        "面積減少率_pct": 14.29,
        "2020斑塊數": 3,
        "2024斑塊數": 2,
        "斑塊數增加率_pct": 0.0,
        "2020平均斑塊面積_ha": 0.93,
        "2024平均斑塊面積_ha": 2.25,
        "平均斑塊面積下降率_pct": 0.0,
        "道路切割密度_km_per_km2": 20.704,
        "建成區邊界切割密度_km_per_km2": 0.26,
        "孤立小斑塊比例_pct": 25.0,
        "距大型連續綠地平均距離_m": 479.3,
        "score_面積減少": 72.19917012448133,
        "score_斑塊增加": 42.531120331950206,
        "score_平均斑塊縮小": 26.970954356846473,
        "score_道路建成區切割": 86.51452282157678,
        "score_孤立比例": 53.11203319502075,
        "score_距大型綠地": 30.70539419087137,
        "綜合破碎化分數": 52.0,
        "破碎化等級": "中",
        "判定原因": "面積減少14.3%；斑塊增加0.0%；平均斑塊縮小0.0%；道路密度20.70 km/km²；孤立比例25.0%；距大型綠地479m",
        "2021面積_ha": 0.63,
        "2022面積_ha": 0.27,
        "2023面積_ha": 0.63
      }
    },
    {
      "type": "Feature",
      "geometry": {
        "type": "Polygon",
        "coordinates": [
          [
            [
              121.75137910318823,
              24.747325751653076
            ],
            [
              121.75143339079366,
              24.756353654456042
            ],
            [
              121.7613199901045,
              24.75630374389663
            ],
            [
              121.76126498840476,
              24.747275861692422
            ],
            [
              121.75137910318823,
              24.747325751653076
            ]
          ]
        ]
      },
      "properties": {
        "grid_id": "G049_044",
        "綠地類型": "公園／都市綠地",
        "中心經度": 121.756349,
        "中心緯度": 24.751815,
        "分析面積_km2": 1.04,
        "2020面積_ha": 0.99,
        "2024面積_ha": 0.0,
        "面積減少率_pct": 100.0,
        "2020斑塊數": 1,
        "2024斑塊數": 0,
        "斑塊數增加率_pct": 0.0,
        "2020平均斑塊面積_ha": 0.99,
        "2024平均斑塊面積_ha": 0.0,
        "平均斑塊面積下降率_pct": 100.0,
        "道路切割密度_km_per_km2": 18.656,
        "建成區邊界切割密度_km_per_km2": 0.0,
        "孤立小斑塊比例_pct": 0.0,
        "距大型連續綠地平均距離_m": 0.0,
        "score_面積減少": 96.6804979253112,
        "score_斑塊增加": 42.531120331950206,
        "score_平均斑塊縮小": 96.6804979253112,
        "score_道路建成區切割": 57.46887966804979,
        "score_孤立比例": 20.539419087136928,
        "score_距大型綠地": 9.95850622406639,
        "綜合破碎化分數": 54.0,
        "破碎化等級": "高",
        "判定原因": "面積減少100.0%；斑塊增加0.0%；平均斑塊縮小100.0%；道路密度18.66 km/km²；孤立比例0.0%；距大型綠地0m",
        "2021面積_ha": 0.0,
        "2022面積_ha": 0.0,
        "2023面積_ha": 0.0
      }
    },
    {
      "type": "Feature",
      "geometry": {
        "type": "Polygon",
        "coordinates": [
          [
            [
              121.7810366782703,
              24.747174125847327
            ],
            [
              121.781093108133,
              24.756201966046504
            ],
            [
              121.79097962615621,
              24.75615009876985
            ],
            [
              121.79092248222503,
              24.74712227997695
            ],
            [
              121.7810366782703,
              24.747174125847327
            ]
          ]
        ]
      },
      "properties": {
        "grid_id": "G049_047",
        "綠地類型": "公園／都市綠地",
        "中心經度": 121.786008,
        "中心緯度": 24.751662,
        "分析面積_km2": 1.04,
        "2020面積_ha": 0.54,
        "2024面積_ha": 0.0,
        "面積減少率_pct": 100.0,
        "2020斑塊數": 1,
        "2024斑塊數": 0,
        "斑塊數增加率_pct": 0.0,
        "2020平均斑塊面積_ha": 0.54,
        "2024平均斑塊面積_ha": 0.0,
        "平均斑塊面積下降率_pct": 100.0,
        "道路切割密度_km_per_km2": 12.284,
        "建成區邊界切割密度_km_per_km2": 0.0,
        "孤立小斑塊比例_pct": 0.0,
        "距大型連續綠地平均距離_m": 0.0,
        "score_面積減少": 96.6804979253112,
        "score_斑塊增加": 42.531120331950206,
        "score_平均斑塊縮小": 96.6804979253112,
        "score_道路建成區切割": 51.6597510373444,
        "score_孤立比例": 20.539419087136928,
        "score_距大型綠地": 9.95850622406639,
        "綜合破碎化分數": 53.0,
        "破碎化等級": "中",
        "判定原因": "面積減少100.0%；斑塊增加0.0%；平均斑塊縮小100.0%；道路密度12.28 km/km²；孤立比例0.0%；距大型綠地0m",
        "2021面積_ha": 0.45,
        "2022面積_ha": 0.18,
        "2023面積_ha": 0.09
      }
    },
    {
      "type": "Feature",
      "geometry": {
        "type": "Polygon",
        "coordinates": [
          [
            [
              121.59324444737544,
              24.75706351257975
            ],
            [
              121.58940672534362,
              24.757078658901808
            ],
            [
              121.5894154,
              24.7571247
            ],
            [
              121.58957249999999,
              24.757383699999995
            ],
            [
              121.5898103,
              24.757656
            ],
            [
              121.59026279999999,
              24.758018100000005
            ],
            [
              121.59060999999998,
              24.7583972
            ],
            [
              121.59086550000002,
              24.7587766
            ],
            [
              121.59087870000002,
              24.758926399999993
            ],
            [
              121.5908084,
              24.759504499999995
            ],
            [
              121.5907242,
              24.759812699999998
            ],
            [
              121.5905811,
              24.760086299999998
            ],
            [
              121.59050670000002,
              24.760371599999996
            ],
            [
              121.5905249,
              24.760654300000002
            ],
            [
              121.59072840000002,
              24.761176599999995
            ],
            [
              121.5910674,
              24.761675499999992
            ],
            [
              121.5920881,
              24.762818799999998
            ],
            [
              121.59276130000002,
              24.763897399999998
            ],
            [
              121.59328001412344,
              24.764551909450034
            ],
            [
              121.59324444737544,
              24.75706351257975
            ]
          ]
        ]
      },
      "properties": {
        "grid_id": "G050_027",
        "綠地類型": "公園／都市綠地",
        "中心經度": 121.591945,
        "中心緯度": 24.76091,
        "分析面積_km2": 0.193,
        "2020面積_ha": 14.49,
        "2024面積_ha": 14.49,
        "面積減少率_pct": 0.0,
        "2020斑塊數": 1,
        "2024斑塊數": 1,
        "斑塊數增加率_pct": 0.0,
        "2020平均斑塊面積_ha": 40.86,
        "2024平均斑塊面積_ha": 40.86,
        "平均斑塊面積下降率_pct": 0.0,
        "道路切割密度_km_per_km2": 4.206,
        "建成區邊界切割密度_km_per_km2": 0.0,
        "孤立小斑塊比例_pct": 0.0,
        "距大型連續綠地平均距離_m": 0.0,
        "score_面積減少": 29.87551867219917,
        "score_斑塊增加": 42.531120331950206,
        "score_平均斑塊縮小": 26.970954356846473,
        "score_道路建成區切割": 22.199170124481327,
        "score_孤立比例": 20.539419087136928,
        "score_距大型綠地": 9.95850622406639,
        "綜合破碎化分數": 25.3,
        "破碎化等級": "低",
        "判定原因": "面積減少0.0%；斑塊增加0.0%；平均斑塊縮小0.0%；道路密度4.21 km/km²；孤立比例0.0%；距大型綠地0m",
        "2021面積_ha": 14.49,
        "2022面積_ha": 14.49,
        "2023面積_ha": 14.49
      }
    },
    {
      "type": "Feature",
      "geometry": {
        "type": "Polygon",
        "coordinates": [
          [
            [
              121.60317502387582,
              24.766052207367242
            ],
            [
              121.60313142743541,
              24.757024038835446
            ],
            [
              121.59324444737544,
              24.75706351257975
            ],
            [
              121.59328001412344,
              24.764551909450034
            ],
            [
              121.5934993,
              24.764828600000005
            ],
            [
              121.5942943,
              24.765550499999996
            ],
            [
              121.59466290000002,
              24.765793399999996
            ],
            [
              121.595061,
              24.766055799999997
            ],
            [
              121.59511254185146,
              24.766084456889384
            ],
            [
              121.60317502387582,
              24.766052207367242
            ]
          ]
        ]
      },
      "properties": {
        "grid_id": "G050_028",
        "綠地類型": "公園／都市綠地",
        "中心經度": 121.598206,
        "中心緯度": 24.760788,
        "分析面積_km2": 1.021,
        "2020面積_ha": 9.9,
        "2024面積_ha": 9.9,
        "面積減少率_pct": 0.0,
        "2020斑塊數": 1,
        "2024斑塊數": 1,
        "斑塊數增加率_pct": 0.0,
        "2020平均斑塊面積_ha": 40.86,
        "2024平均斑塊面積_ha": 40.86,
        "平均斑塊面積下降率_pct": 0.0,
        "道路切割密度_km_per_km2": 2.146,
        "建成區邊界切割密度_km_per_km2": 0.0,
        "孤立小斑塊比例_pct": 0.0,
        "距大型連續綠地平均距離_m": 0.0,
        "score_面積減少": 29.87551867219917,
        "score_斑塊增加": 42.531120331950206,
        "score_平均斑塊縮小": 26.970954356846473,
        "score_道路建成區切割": 14.522821576763484,
        "score_孤立比例": 20.539419087136928,
        "score_距大型綠地": 9.95850622406639,
        "綜合破碎化分數": 24.1,
        "破碎化等級": "低",
        "判定原因": "面積減少0.0%；斑塊增加0.0%；平均斑塊縮小0.0%；道路密度2.15 km/km²；孤立比例0.0%；距大型綠地0m",
        "2021面積_ha": 9.9,
        "2022面積_ha": 9.9,
        "2023面積_ha": 9.9
      }
    },
    {
      "type": "Feature",
      "geometry": {
        "type": "Polygon",
        "coordinates": [
          [
            [
              121.67233967502706,
              24.75672945726216
            ],
            [
              121.67238827320938,
              24.765757504198067
            ],
            [
              121.6822757885134,
              24.765712793400578
            ],
            [
              121.68222647582563,
              24.75668476491251
            ],
            [
              121.67233967502706,
              24.75672945726216
            ]
          ]
        ]
      },
      "properties": {
        "grid_id": "G050_036",
        "綠地類型": "公園／都市綠地",
        "中心經度": 121.677308,
        "中心緯度": 24.761221,
        "分析面積_km2": 1.04,
        "2020面積_ha": 4.86,
        "2024面積_ha": 3.78,
        "面積減少率_pct": 22.22,
        "2020斑塊數": 1,
        "2024斑塊數": 1,
        "斑塊數增加率_pct": 0.0,
        "2020平均斑塊面積_ha": 4.86,
        "2024平均斑塊面積_ha": 3.78,
        "平均斑塊面積下降率_pct": 22.22,
        "道路切割密度_km_per_km2": 6.286,
        "建成區邊界切割密度_km_per_km2": 0.49,
        "孤立小斑塊比例_pct": 0.0,
        "距大型連續綠地平均距離_m": 4309.6,
        "score_面積減少": 75.93360995850622,
        "score_斑塊增加": 42.531120331950206,
        "score_平均斑塊縮小": 68.04979253112033,
        "score_道路建成區切割": 68.15352697095436,
        "score_孤立比例": 20.539419087136928,
        "score_距大型綠地": 83.40248962655602,
        "綜合破碎化分數": 59.8,
        "破碎化等級": "高",
        "判定原因": "面積減少22.2%；斑塊增加0.0%；平均斑塊縮小22.2%；道路密度6.29 km/km²；孤立比例0.0%；距大型綠地4310m",
        "2021面積_ha": 3.33,
        "2022面積_ha": 1.17,
        "2023面積_ha": 2.16
      }
    },
    {
      "type": "Feature",
      "geometry": {
        "type": "Polygon",
        "coordinates": [
          [
            [
              121.72177343584191,
              24.75649947258906
            ],
            [
              121.72182560647433,
              24.765527424593447
            ],
            [
              121.73171299841385,
              24.765479451019413
            ],
            [
              121.73166011331513,
              24.756451518809023
            ],
            [
              121.72177343584191,
              24.75649947258906
            ]
          ]
        ]
      },
      "properties": {
        "grid_id": "G050_041",
        "綠地類型": "公園／都市綠地",
        "中心經度": 121.726743,
        "中心緯度": 24.76099,
        "分析面積_km2": 1.04,
        "2020面積_ha": 0.18,
        "2024面積_ha": 0.99,
        "面積減少率_pct": 0.0,
        "2020斑塊數": 1,
        "2024斑塊數": 2,
        "斑塊數增加率_pct": 100.0,
        "2020平均斑塊面積_ha": 2.61,
        "2024平均斑塊面積_ha": 2.97,
        "平均斑塊面積下降率_pct": 0.0,
        "道路切割密度_km_per_km2": 12.659,
        "建成區邊界切割密度_km_per_km2": 0.144,
        "孤立小斑塊比例_pct": 0.0,
        "距大型連續綠地平均距離_m": 389.2,
        "score_面積減少": 29.87551867219917,
        "score_斑塊增加": 95.0207468879668,
        "score_平均斑塊縮小": 26.970954356846473,
        "score_道路建成區切割": 75.8298755186722,
        "score_孤立比例": 20.539419087136928,
        "score_距大型綠地": 29.87551867219917,
        "綜合破碎化分數": 46.4,
        "破碎化等級": "中",
        "判定原因": "面積減少0.0%；斑塊增加100.0%；平均斑塊縮小0.0%；道路密度12.66 km/km²；孤立比例0.0%；距大型綠地389m",
        "2021面積_ha": 0.45,
        "2022面積_ha": 0.0,
        "2023面積_ha": 0.63
      }
    },
    {
      "type": "Feature",
      "geometry": {
        "type": "Polygon",
        "coordinates": [
          [
            [
              121.73166011331513,
              24.756451518809023
            ],
            [
              121.73171299841385,
              24.765479451019413
            ],
            [
              121.74160036463839,
              24.765430824909615
            ],
            [
              121.74154676508145,
              24.756402912762443
            ],
            [
              121.73166011331513,
              24.756451518809023
            ]
          ]
        ]
      },
      "properties": {
        "grid_id": "G050_042",
        "綠地類型": "公園／都市綠地",
        "中心經度": 121.73663,
        "中心緯度": 24.760941,
        "分析面積_km2": 1.04,
        "2020面積_ha": 10.44,
        "2024面積_ha": 17.55,
        "面積減少率_pct": 0.0,
        "2020斑塊數": 4,
        "2024斑塊數": 3,
        "斑塊數增加率_pct": 0.0,
        "2020平均斑塊面積_ha": 8.955,
        "2024平均斑塊面積_ha": 11.22,
        "平均斑塊面積下降率_pct": 0.0,
        "道路切割密度_km_per_km2": 11.188,
        "建成區邊界切割密度_km_per_km2": 2.336,
        "孤立小斑塊比例_pct": 6.15,
        "距大型連續綠地平均距離_m": 27.8,
        "score_面積減少": 29.87551867219917,
        "score_斑塊增加": 42.531120331950206,
        "score_平均斑塊縮小": 26.970954356846473,
        "score_道路建成區切割": 90.04149377593362,
        "score_孤立比例": 46.47302904564315,
        "score_距大型綠地": 21.57676348547718,
        "綜合破碎化分數": 42.9,
        "破碎化等級": "低",
        "判定原因": "面積減少0.0%；斑塊增加0.0%；平均斑塊縮小0.0%；道路密度11.19 km/km²；孤立比例6.2%；距大型綠地28m",
        "2021面積_ha": 9.9,
        "2022面積_ha": 12.6,
        "2023面積_ha": 13.23
      }
    },
    {
      "type": "Feature",
      "geometry": {
        "type": "Polygon",
        "coordinates": [
          [
            [
              121.74154676508145,
              24.756402912762443
            ],
            [
              121.74160036463839,
              24.765430824909615
            ],
            [
              121.75148770480047,
              24.76538154627078
            ],
            [
              121.75143339079366,
              24.756353654456042
            ],
            [
              121.74154676508145,
              24.756402912762443
            ]
          ]
        ]
      },
      "properties": {
        "grid_id": "G050_043",
        "綠地類型": "公園／都市綠地",
        "中心經度": 121.746517,
        "中心緯度": 24.760892,
        "分析面積_km2": 1.04,
        "2020面積_ha": 17.55,
        "2024面積_ha": 19.98,
        "面積減少率_pct": 0.0,
        "2020斑塊數": 3,
        "2024斑塊數": 2,
        "斑塊數增加率_pct": 0.0,
        "2020平均斑塊面積_ha": 10.5,
        "2024平均斑塊面積_ha": 21.06,
        "平均斑塊面積下降率_pct": 0.0,
        "道路切割密度_km_per_km2": 16.84,
        "建成區邊界切割密度_km_per_km2": 1.99,
        "孤立小斑塊比例_pct": 0.0,
        "距大型連續綠地平均距離_m": 0.0,
        "score_面積減少": 29.87551867219917,
        "score_斑塊增加": 42.531120331950206,
        "score_平均斑塊縮小": 26.970954356846473,
        "score_道路建成區切割": 98.34024896265561,
        "score_孤立比例": 20.539419087136928,
        "score_距大型綠地": 9.95850622406639,
        "綜合破碎化分數": 38.0,
        "破碎化等級": "低",
        "判定原因": "面積減少0.0%；斑塊增加0.0%；平均斑塊縮小0.0%；道路密度16.84 km/km²；孤立比例0.0%；距大型綠地0m",
        "2021面積_ha": 16.83,
        "2022面積_ha": 17.55,
        "2023面積_ha": 18.81
      }
    },
    {
      "type": "Feature",
      "geometry": {
        "type": "Polygon",
        "coordinates": [
          [
            [
              121.75143339079366,
              24.756353654456042
            ],
            [
              121.75148770480047,
              24.76538154627078
            ],
            [
              121.76137501855281,
              24.765331615109726
            ],
            [
              121.7613199901045,
              24.75630374389663
            ],
            [
              121.75143339079366,
              24.756353654456042
            ]
          ]
        ]
      },
      "properties": {
        "grid_id": "G050_044",
        "綠地類型": "公園／都市綠地",
        "中心經度": 121.756404,
        "中心緯度": 24.760843,
        "分析面積_km2": 1.04,
        "2020面積_ha": 11.34,
        "2024面積_ha": 11.52,
        "面積減少率_pct": 0.0,
        "2020斑塊數": 4,
        "2024斑塊數": 4,
        "斑塊數增加率_pct": 0.0,
        "2020平均斑塊面積_ha": 8.64,
        "2024平均斑塊面積_ha": 13.477,
        "平均斑塊面積下降率_pct": 0.0,
        "道路切割密度_km_per_km2": 21.223,
        "建成區邊界切割密度_km_per_km2": 1.211,
        "孤立小斑塊比例_pct": 0.0,
        "距大型連續綠地平均距離_m": 269.1,
        "score_面積減少": 29.87551867219917,
        "score_斑塊增加": 42.531120331950206,
        "score_平均斑塊縮小": 26.970954356846473,
        "score_道路建成區切割": 98.75518672199169,
        "score_孤立比例": 20.539419087136928,
        "score_距大型綠地": 27.800829875518673,
        "綜合破碎化分數": 41.1,
        "破碎化等級": "低",
        "判定原因": "面積減少0.0%；斑塊增加0.0%；平均斑塊縮小0.0%；道路密度21.22 km/km²；孤立比例0.0%；距大型綠地269m",
        "2021面積_ha": 10.71,
        "2022面積_ha": 10.35,
        "2023面積_ha": 11.07
      }
    },
    {
      "type": "Feature",
      "geometry": {
        "type": "Polygon",
        "coordinates": [
          [
            [
              121.7613199901045,
              24.75630374389663
            ],
            [
              121.76137501855281,
              24.765331615109726
            ],
            [
              121.77126230554803,
              24.76528103143335
            ],
            [
              121.77120656266668,
              24.75625318109112
            ],
            [
              121.7613199901045,
              24.75630374389663
            ]
          ]
        ]
      },
      "properties": {
        "grid_id": "G050_045",
        "綠地類型": "公園／都市綠地",
        "中心經度": 121.766291,
        "中心緯度": 24.760792,
        "分析面積_km2": 1.04,
        "2020面積_ha": 4.86,
        "2024面積_ha": 5.22,
        "面積減少率_pct": 0.0,
        "2020斑塊數": 1,
        "2024斑塊數": 1,
        "斑塊數增加率_pct": 0.0,
        "2020平均斑塊面積_ha": 5.13,
        "2024平均斑塊面積_ha": 5.49,
        "平均斑塊面積下降率_pct": 0.0,
        "道路切割密度_km_per_km2": 16.869,
        "建成區邊界切割密度_km_per_km2": 0.548,
        "孤立小斑塊比例_pct": 0.0,
        "距大型連續綠地平均距離_m": 941.1,
        "score_面積減少": 29.87551867219917,
        "score_斑塊增加": 42.531120331950206,
        "score_平均斑塊縮小": 26.970954356846473,
        "score_道路建成區切割": 93.67219917012449,
        "score_孤立比例": 20.539419087136928,
        "score_距大型綠地": 36.51452282157676,
        "綜合破碎化分數": 41.7,
        "破碎化等級": "低",
        "判定原因": "面積減少0.0%；斑塊增加0.0%；平均斑塊縮小0.0%；道路密度16.87 km/km²；孤立比例0.0%；距大型綠地941m",
        "2021面積_ha": 4.68,
        "2022面積_ha": 4.59,
        "2023面積_ha": 4.59
      }
    },
    {
      "type": "Feature",
      "geometry": {
        "type": "Polygon",
        "coordinates": [
          [
            [
              121.72182560647433,
              24.765527424593447
            ],
            [
              121.72187780247444,
              24.774555365615097
            ],
            [
              121.73176590922765,
              24.774507372244283
            ],
            [
              121.73171299841385,
              24.765479451019413
            ],
            [
              121.72182560647433,
              24.765527424593447
            ]
          ]
        ]
      },
      "properties": {
        "grid_id": "G051_041",
        "綠地類型": "公園／都市綠地",
        "中心經度": 121.726796,
        "中心緯度": 24.770017,
        "分析面積_km2": 1.04,
        "2020面積_ha": 1.89,
        "2024面積_ha": 2.52,
        "面積減少率_pct": 0.0,
        "2020斑塊數": 1,
        "2024斑塊數": 1,
        "斑塊數增加率_pct": 0.0,
        "2020平均斑塊面積_ha": 1.89,
        "2024平均斑塊面積_ha": 2.61,
        "平均斑塊面積下降率_pct": 0.0,
        "道路切割密度_km_per_km2": 14.245,
        "建成區邊界切割密度_km_per_km2": 0.202,
        "孤立小斑塊比例_pct": 0.0,
        "距大型連續綠地平均距離_m": 747.2,
        "score_面積減少": 29.87551867219917,
        "score_斑塊增加": 42.531120331950206,
        "score_平均斑塊縮小": 26.970954356846473,
        "score_道路建成區切割": 81.22406639004149,
        "score_孤立比例": 20.539419087136928,
        "score_距大型綠地": 33.60995850622407,
        "綜合破碎化分數": 39.1,
        "破碎化等級": "低",
        "判定原因": "面積減少0.0%；斑塊增加0.0%；平均斑塊縮小0.0%；道路密度14.24 km/km²；孤立比例0.0%；距大型綠地747m",
        "2021面積_ha": 2.16,
        "2022面積_ha": 0.09,
        "2023面積_ha": 1.71
      }
    },
    {
      "type": "Feature",
      "geometry": {
        "type": "Polygon",
        "coordinates": [
          [
            [
              121.74160036463839,
              24.765430824909615
            ],
            [
              121.74165399025769,
              24.774458726068456
            ],
            [
              121.75154204521705,
              24.77440942709433
            ],
            [
              121.75148770480047,
              24.76538154627078
            ],
            [
              121.74160036463839,
              24.765430824909615
            ]
          ]
        ]
      },
      "properties": {
        "grid_id": "G051_043",
        "綠地類型": "公園／都市綠地",
        "中心經度": 121.746571,
        "中心緯度": 24.76992,
        "分析面積_km2": 1.04,
        "2020面積_ha": 0.27,
        "2024面積_ha": 0.45,
        "面積減少率_pct": 0.0,
        "2020斑塊數": 1,
        "2024斑塊數": 1,
        "斑塊數增加率_pct": 0.0,
        "2020平均斑塊面積_ha": 23.22,
        "2024平均斑塊面積_ha": 29.25,
        "平均斑塊面積下降率_pct": 0.0,
        "道路切割密度_km_per_km2": 13.206,
        "建成區邊界切割密度_km_per_km2": 0.087,
        "孤立小斑塊比例_pct": 0.0,
        "距大型連續綠地平均距離_m": 0.0,
        "score_面積減少": 29.87551867219917,
        "score_斑塊增加": 42.531120331950206,
        "score_平均斑塊縮小": 26.970954356846473,
        "score_道路建成區切割": 73.34024896265561,
        "score_孤立比例": 20.539419087136928,
        "score_距大型綠地": 9.95850622406639,
        "綜合破碎化分數": 33.9,
        "破碎化等級": "低",
        "判定原因": "面積減少0.0%；斑塊增加0.0%；平均斑塊縮小0.0%；道路密度13.21 km/km²；孤立比例0.0%；距大型綠地0m",
        "2021面積_ha": 0.45,
        "2022面積_ha": 0.27,
        "2023面積_ha": 0.54
      }
    },
    {
      "type": "Feature",
      "geometry": {
        "type": "Polygon",
        "coordinates": [
          [
            [
              121.75148770480047,
              24.76538154627078
            ],
            [
              121.75154204521705,
              24.77440942709433
            ],
            [
              121.76143007375828,
              24.774359475328726
            ],
            [
              121.76137501855281,
              24.765331615109726
            ],
            [
              121.75148770480047,
              24.76538154627078
            ]
          ]
        ]
      },
      "properties": {
        "grid_id": "G051_044",
        "綠地類型": "公園／都市綠地",
        "中心經度": 121.756459,
        "中心緯度": 24.769871,
        "分析面積_km2": 1.04,
        "2020面積_ha": 3.78,
        "2024面積_ha": 4.23,
        "面積減少率_pct": 0.0,
        "2020斑塊數": 4,
        "2024斑塊數": 4,
        "斑塊數增加率_pct": 0.0,
        "2020平均斑塊面積_ha": 7.47,
        "2024平均斑塊面積_ha": 12.195,
        "平均斑塊面積下降率_pct": 0.0,
        "道路切割密度_km_per_km2": 15.052,
        "建成區邊界切割密度_km_per_km2": 0.49,
        "孤立小斑塊比例_pct": 8.51,
        "距大型連續綠地平均距離_m": 134.7,
        "score_面積減少": 29.87551867219917,
        "score_斑塊增加": 42.531120331950206,
        "score_平均斑塊縮小": 26.970954356846473,
        "score_道路建成區切割": 91.49377593360995,
        "score_孤立比例": 47.71784232365145,
        "score_距大型綠地": 25.311203319502074,
        "綜合破碎化分數": 44.0,
        "破碎化等級": "中",
        "判定原因": "面積減少0.0%；斑塊增加0.0%；平均斑塊縮小0.0%；道路密度15.05 km/km²；孤立比例8.5%；距大型綠地135m",
        "2021面積_ha": 2.88,
        "2022面積_ha": 2.79,
        "2023面積_ha": 3.69
      }
    },
    {
      "type": "Feature",
      "geometry": {
        "type": "Polygon",
        "coordinates": [
          [
            [
              121.81081117901091,
              24.76507217171597
            ],
            [
              121.81086980803114,
              24.774099924873582
            ],
            [
              121.8180108497577,
              24.774061086485467
            ],
            [
              121.8180199,
              24.773929999999996
            ],
            [
              121.8180259,
              24.7732182
            ],
            [
              121.818036,
              24.772030399999995
            ],
            [
              121.8180463,
              24.7708162
            ],
            [
              121.81807,
              24.76801
            ],
            [
              121.81838,
              24.76544
            ],
            [
              121.81848058728148,
              24.76503046032242
            ],
            [
              121.81081117901091,
              24.76507217171597
            ]
          ]
        ]
      },
      "properties": {
        "grid_id": "G051_050",
        "綠地類型": "公園／都市綠地",
        "中心經度": 121.814449,
        "中心緯度": 24.769433,
        "分析面積_km2": 0.772,
        "2020面積_ha": 6.12,
        "2024面積_ha": 6.39,
        "面積減少率_pct": 0.0,
        "2020斑塊數": 1,
        "2024斑塊數": 1,
        "斑塊數增加率_pct": 0.0,
        "2020平均斑塊面積_ha": 14.04,
        "2024平均斑塊面積_ha": 13.59,
        "平均斑塊面積下降率_pct": 3.21,
        "道路切割密度_km_per_km2": 7.226,
        "建成區邊界切割密度_km_per_km2": 0.427,
        "孤立小斑塊比例_pct": 0.0,
        "距大型連續綠地平均距離_m": 0.0,
        "score_面積減少": 29.87551867219917,
        "score_斑塊增加": 42.531120331950206,
        "score_平均斑塊縮小": 59.128630705394194,
        "score_道路建成區切割": 71.36929460580913,
        "score_孤立比例": 20.539419087136928,
        "score_距大型綠地": 9.95850622406639,
        "綜合破碎化分數": 38.9,
        "破碎化等級": "低",
        "判定原因": "面積減少0.0%；斑塊增加0.0%；平均斑塊縮小3.2%；道路密度7.23 km/km²；孤立比例0.0%；距大型綠地0m",
        "2021面積_ha": 6.39,
        "2022面積_ha": 6.3,
        "2023面積_ha": 6.03
      }
    },
    {
      "type": "Feature",
      "geometry": {
        "type": "Polygon",
        "coordinates": [
          [
            [
              121.70210151318832,
              24.774649393915173
            ],
            [
              121.7021523042177,
              24.783677362742324
            ],
            [
              121.71204117655205,
              24.783630655740446
            ],
            [
              121.71198967034547,
              24.774602706174235
            ],
            [
              121.70210151318832,
              24.774649393915173
            ]
          ]
        ]
      },
      "properties": {
        "grid_id": "G052_039",
        "綠地類型": "公園／都市綠地",
        "中心經度": 121.707071,
        "中心緯度": 24.77914,
        "分析面積_km2": 1.04,
        "2020面積_ha": 3.24,
        "2024面積_ha": 2.34,
        "面積減少率_pct": 27.78,
        "2020斑塊數": 1,
        "2024斑塊數": 1,
        "斑塊數增加率_pct": 0.0,
        "2020平均斑塊面積_ha": 3.24,
        "2024平均斑塊面積_ha": 2.34,
        "平均斑塊面積下降率_pct": 27.78,
        "道路切割密度_km_per_km2": 7.555,
        "建成區邊界切割密度_km_per_km2": 0.433,
        "孤立小斑塊比例_pct": 0.0,
        "距大型連續綠地平均距離_m": 3548.7,
        "score_面積減少": 76.34854771784232,
        "score_斑塊增加": 42.531120331950206,
        "score_平均斑塊縮小": 69.29460580912863,
        "score_道路建成區切割": 72.19917012448133,
        "score_孤立比例": 20.539419087136928,
        "score_距大型綠地": 76.34854771784232,
        "綜合破碎化分數": 59.5,
        "破碎化等級": "高",
        "判定原因": "面積減少27.8%；斑塊增加0.0%；平均斑塊縮小27.8%；道路密度7.55 km/km²；孤立比例0.0%；距大型綠地3549m",
        "2021面積_ha": 3.24,
        "2022面積_ha": 2.61,
        "2023面積_ha": 2.52
      }
    },
    {
      "type": "Feature",
      "geometry": {
        "type": "Polygon",
        "coordinates": [
          [
            [
              121.75154204521705,
              24.77440942709433
            ],
            [
              121.75159641205175,
              24.78343729692372
            ],
            [
              121.76148515572932,
              24.78338732455068
            ],
            [
              121.76143007375828,
              24.774359475328726
            ],
            [
              121.75154204521705,
              24.77440942709433
            ]
          ]
        ]
      },
      "properties": {
        "grid_id": "G052_044",
        "綠地類型": "公園／都市綠地",
        "中心經度": 121.756513,
        "中心緯度": 24.778898,
        "分析面積_km2": 1.04,
        "2020面積_ha": 0.09,
        "2024面積_ha": 0.09,
        "面積減少率_pct": 0.0,
        "2020斑塊數": 1,
        "2024斑塊數": 1,
        "斑塊數增加率_pct": 0.0,
        "2020平均斑塊面積_ha": 0.09,
        "2024平均斑塊面積_ha": 0.09,
        "平均斑塊面積下降率_pct": 0.0,
        "道路切割密度_km_per_km2": 11.621,
        "建成區邊界切割密度_km_per_km2": 0.029,
        "孤立小斑塊比例_pct": 100.0,
        "距大型連續綠地平均距離_m": 1560.0,
        "score_面積減少": 29.87551867219917,
        "score_斑塊增加": 42.531120331950206,
        "score_平均斑塊縮小": 26.970954356846473,
        "score_道路建成區切割": 59.64730290456431,
        "score_孤立比例": 80.29045643153528,
        "score_距大型綠地": 43.983402489626556,
        "綜合破碎化分數": 47.2,
        "破碎化等級": "中",
        "判定原因": "面積減少0.0%；斑塊增加0.0%；平均斑塊縮小0.0%；道路密度11.62 km/km²；孤立比例100.0%；距大型綠地1560m",
        "2021面積_ha": 0.09,
        "2022面積_ha": 0.18,
        "2023面積_ha": 0.18
      }
    },
    {
      "type": "Feature",
      "geometry": {
        "type": "Polygon",
        "coordinates": [
          [
            [
              121.76143007375828,
              24.774359475328726
            ],
            [
              121.76148515572932,
              24.78338732455068
            ],
            [
              121.77137387263278,
              24.78333669912379
            ],
            [
              121.77131807553388,
              24.77430887077856
            ],
            [
              121.76143007375828,
              24.774359475328726
            ]
          ]
        ]
      },
      "properties": {
        "grid_id": "G052_045",
        "綠地類型": "公園／都市綠地",
        "中心經度": 121.766402,
        "中心緯度": 24.778848,
        "分析面積_km2": 1.04,
        "2020面積_ha": 0.09,
        "2024面積_ha": 0.0,
        "面積減少率_pct": 100.0,
        "2020斑塊數": 1,
        "2024斑塊數": 0,
        "斑塊數增加率_pct": 0.0,
        "2020平均斑塊面積_ha": 0.09,
        "2024平均斑塊面積_ha": 0.0,
        "平均斑塊面積下降率_pct": 100.0,
        "道路切割密度_km_per_km2": 10.698,
        "建成區邊界切割密度_km_per_km2": 0.0,
        "孤立小斑塊比例_pct": 0.0,
        "距大型連續綠地平均距離_m": 0.0,
        "score_面積減少": 96.6804979253112,
        "score_斑塊增加": 42.531120331950206,
        "score_平均斑塊縮小": 96.6804979253112,
        "score_道路建成區切割": 47.095435684647306,
        "score_孤立比例": 20.539419087136928,
        "score_距大型綠地": 9.95850622406639,
        "綜合破碎化分數": 52.2,
        "破碎化等級": "中",
        "判定原因": "面積減少100.0%；斑塊增加0.0%；平均斑塊縮小100.0%；道路密度10.70 km/km²；孤立比例0.0%；距大型綠地0m",
        "2021面積_ha": 0.0,
        "2022面積_ha": 0.0,
        "2023面積_ha": 0.09
      }
    },
    {
      "type": "Feature",
      "geometry": {
        "type": "Polygon",
        "coordinates": [
          [
            [
              121.81086980803114,
              24.774099924873582
            ],
            [
              121.81092846555424,
              24.783127667019095
            ],
            [
              121.81788706912684,
              24.78308981224442
            ],
            [
              121.8176678,
              24.779026699999996
            ],
            [
              121.8177463,
              24.777891199999996
            ],
            [
              121.8178294,
              24.7766884
            ],
            [
              121.8179089,
              24.775536899999995
            ],
            [
              121.81798809999998,
              24.774390599999993
            ],
            [
              121.8180108497577,
              24.774061086485467
            ],
            [
              121.81086980803114,
              24.774099924873582
            ]
          ]
        ]
      },
      "properties": {
        "grid_id": "G052_050",
        "綠地類型": "公園／都市綠地",
        "中心經度": 121.814303,
        "中心緯度": 24.778478,
        "分析面積_km2": 0.737,
        "2020面積_ha": 8.46,
        "2024面積_ha": 7.74,
        "面積減少率_pct": 8.51,
        "2020斑塊數": 1,
        "2024斑塊數": 1,
        "斑塊數增加率_pct": 0.0,
        "2020平均斑塊面積_ha": 14.04,
        "2024平均斑塊面積_ha": 13.59,
        "平均斑塊面積下降率_pct": 3.21,
        "道路切割密度_km_per_km2": 7.733,
        "建成區邊界切割密度_km_per_km2": 0.611,
        "孤立小斑塊比例_pct": 0.0,
        "距大型連續綠地平均距離_m": 0.0,
        "score_面積減少": 69.29460580912863,
        "score_斑塊增加": 42.531120331950206,
        "score_平均斑塊縮小": 59.128630705394194,
        "score_道路建成區切割": 75.51867219917013,
        "score_孤立比例": 20.539419087136928,
        "score_距大型綠地": 9.95850622406639,
        "綜合破碎化分數": 46.2,
        "破碎化等級": "中",
        "判定原因": "面積減少8.5%；斑塊增加0.0%；平均斑塊縮小3.2%；道路密度7.73 km/km²；孤立比例0.0%；距大型綠地0m",
        "2021面積_ha": 8.37,
        "2022面積_ha": 8.64,
        "2023面積_ha": 8.82
      }
    },
    {
      "type": "Feature",
      "geometry": {
        "type": "Polygon",
        "coordinates": [
          [
            [
              121.73181884576462,
              24.783535282480678
            ],
            [
              121.73187180803298,
              24.792563181725622
            ],
            [
              121.74176131971662,
              24.792514495409268
            ],
            [
              121.74170764194768,
              24.783486616236
            ],
            [
              121.73181884576462,
              24.783535282480678
            ]
          ]
        ]
      },
      "properties": {
        "grid_id": "G053_042",
        "綠地類型": "公園／都市綠地",
        "中心經度": 121.73679,
        "中心緯度": 24.788025,
        "分析面積_km2": 1.04,
        "2020面積_ha": 1.26,
        "2024面積_ha": 0.81,
        "面積減少率_pct": 35.71,
        "2020斑塊數": 1,
        "2024斑塊數": 1,
        "斑塊數增加率_pct": 0.0,
        "2020平均斑塊面積_ha": 2.34,
        "2024平均斑塊面積_ha": 0.81,
        "平均斑塊面積下降率_pct": 65.38,
        "道路切割密度_km_per_km2": 11.967,
        "建成區邊界切割密度_km_per_km2": 0.144,
        "孤立小斑塊比例_pct": 100.0,
        "距大型連續綠地平均距離_m": 3089.0,
        "score_面積減少": 80.91286307053942,
        "score_斑塊增加": 42.531120331950206,
        "score_平均斑塊縮小": 85.89211618257261,
        "score_道路建成區切割": 73.34024896265561,
        "score_孤立比例": 80.29045643153528,
        "score_距大型綠地": 69.70954356846472,
        "綜合破碎化分數": 72.1,
        "破碎化等級": "高",
        "判定原因": "面積減少35.7%；斑塊增加0.0%；平均斑塊縮小65.4%；道路密度11.97 km/km²；孤立比例100.0%；距大型綠地3089m",
        "2021面積_ha": 1.17,
        "2022面積_ha": 0.81,
        "2023面積_ha": 0.9
      }
    },
    {
      "type": "Feature",
      "geometry": {
        "type": "Polygon",
        "coordinates": [
          [
            [
              121.74170764194768,
              24.783486616236
            ],
            [
              121.74176131971662,
              24.792514495409268
            ],
            [
              121.751650805313,
              24.79246515575598
            ],
            [
              121.75159641205175,
              24.78343729692372
            ],
            [
              121.74170764194768,
              24.783486616236
            ]
          ]
        ]
      },
      "properties": {
        "grid_id": "G053_043",
        "綠地類型": "公園／都市綠地",
        "中心經度": 121.746679,
        "中心緯度": 24.787976,
        "分析面積_km2": 1.04,
        "2020面積_ha": 0.27,
        "2024面積_ha": 0.18,
        "面積減少率_pct": 33.33,
        "2020斑塊數": 2,
        "2024斑塊數": 2,
        "斑塊數增加率_pct": 0.0,
        "2020平均斑塊面積_ha": 1.44,
        "2024平均斑塊面積_ha": 0.675,
        "平均斑塊面積下降率_pct": 53.12,
        "道路切割密度_km_per_km2": 12.659,
        "建成區邊界切割密度_km_per_km2": 0.058,
        "孤立小斑塊比例_pct": 100.0,
        "距大型連續綠地平均距離_m": 3064.3,
        "score_面積減少": 78.42323651452283,
        "score_斑塊增加": 42.531120331950206,
        "score_平均斑塊縮小": 80.70539419087137,
        "score_道路建成區切割": 67.5311203319502,
        "score_孤立比例": 80.29045643153528,
        "score_距大型綠地": 67.63485477178423,
        "綜合破碎化分數": 69.5,
        "破碎化等級": "高",
        "判定原因": "面積減少33.3%；斑塊增加0.0%；平均斑塊縮小53.1%；道路密度12.66 km/km²；孤立比例100.0%；距大型綠地3064m",
        "2021面積_ha": 0.18,
        "2022面積_ha": 0.09,
        "2023面積_ha": 0.09
      }
    },
    {
      "type": "Feature",
      "geometry": {
        "type": "Polygon",
        "coordinates": [
          [
            [
              121.73187180803298,
              24.792563181725622
            ],
            [
              121.73192479604084,
              24.801591069976165
            ],
            [
              121.74181502357278,
              24.8015423635853
            ],
            [
              121.74176131971662,
              24.792514495409268
            ],
            [
              121.73187180803298,
              24.792563181725622
            ]
          ]
        ]
      },
      "properties": {
        "grid_id": "G054_042",
        "綠地類型": "公園／都市綠地",
        "中心經度": 121.736843,
        "中心緯度": 24.797053,
        "分析面積_km2": 1.04,
        "2020面積_ha": 2.61,
        "2024面積_ha": 2.61,
        "面積減少率_pct": 0.0,
        "2020斑塊數": 3,
        "2024斑塊數": 3,
        "斑塊數增加率_pct": 0.0,
        "2020平均斑塊面積_ha": 1.11,
        "2024平均斑塊面積_ha": 0.99,
        "平均斑塊面積下降率_pct": 10.81,
        "道路切割密度_km_per_km2": 6.113,
        "建成區邊界切割密度_km_per_km2": 0.26,
        "孤立小斑塊比例_pct": 100.0,
        "距大型連續綠地平均距離_m": 3665.7,
        "score_面積減少": 29.87551867219917,
        "score_斑塊增加": 42.531120331950206,
        "score_平均斑塊縮小": 65.56016597510373,
        "score_道路建成區切割": 60.06224066390042,
        "score_孤立比例": 80.29045643153528,
        "score_距大型綠地": 78.00829875518673,
        "綜合破碎化分數": 59.4,
        "破碎化等級": "高",
        "判定原因": "面積減少0.0%；斑塊增加0.0%；平均斑塊縮小10.8%；道路密度6.11 km/km²；孤立比例100.0%；距大型綠地3666m",
        "2021面積_ha": 3.06,
        "2022面積_ha": 2.52,
        "2023面積_ha": 2.7
      }
    },
    {
      "type": "Feature",
      "geometry": {
        "type": "Polygon",
        "coordinates": [
          [
            [
              121.74176131971662,
              24.792514495409268
            ],
            [
              121.74181502357278,
              24.8015423635853
            ],
            [
              121.75170522500919,
              24.80149300358815
            ],
            [
              121.751650805313,
              24.79246515575598
            ],
            [
              121.74176131971662,
              24.792514495409268
            ]
          ]
        ]
      },
      "properties": {
        "grid_id": "G054_043",
        "綠地類型": "公園／都市綠地",
        "中心經度": 121.746733,
        "中心緯度": 24.797004,
        "分析面積_km2": 1.04,
        "2020面積_ha": 0.63,
        "2024面積_ha": 0.63,
        "面積減少率_pct": 0.0,
        "2020斑塊數": 2,
        "2024斑塊數": 2,
        "斑塊數增加率_pct": 0.0,
        "2020平均斑塊面積_ha": 1.44,
        "2024平均斑塊面積_ha": 0.675,
        "平均斑塊面積下降率_pct": 53.12,
        "道路切割密度_km_per_km2": 4.729,
        "建成區邊界切割密度_km_per_km2": 0.087,
        "孤立小斑塊比例_pct": 100.0,
        "距大型連續綠地平均距離_m": 3094.7,
        "score_面積減少": 29.87551867219917,
        "score_斑塊增加": 42.531120331950206,
        "score_平均斑塊縮小": 80.70539419087137,
        "score_道路建成區切割": 44.087136929460584,
        "score_孤立比例": 80.29045643153528,
        "score_距大型綠地": 70.12448132780082,
        "綜合破碎化分數": 57.9,
        "破碎化等級": "高",
        "判定原因": "面積減少0.0%；斑塊增加0.0%；平均斑塊縮小53.1%；道路密度4.73 km/km²；孤立比例100.0%；距大型綠地3095m",
        "2021面積_ha": 0.63,
        "2022面積_ha": 0.54,
        "2023面積_ha": 0.72
      }
    },
    {
      "type": "Feature",
      "geometry": {
        "type": "Polygon",
        "coordinates": [
          [
            [
              121.751650805313,
              24.79246515575598
            ],
            [
              121.75170522500919,
              24.80149300358815
            ],
            [
              121.76159540000226,
              24.801442989991536
            ],
            [
              121.76154026447449,
              24.792415162772606
            ],
            [
              121.751650805313,
              24.79246515575598
            ]
          ]
        ]
      },
      "properties": {
        "grid_id": "G054_044",
        "綠地類型": "公園／都市綠地",
        "中心經度": 121.756623,
        "中心緯度": 24.796954,
        "分析面積_km2": 1.04,
        "2020面積_ha": 0.54,
        "2024面積_ha": 0.18,
        "面積減少率_pct": 66.67,
        "2020斑塊數": 1,
        "2024斑塊數": 1,
        "斑塊數增加率_pct": 0.0,
        "2020平均斑塊面積_ha": 0.54,
        "2024平均斑塊面積_ha": 0.18,
        "平均斑塊面積下降率_pct": 66.67,
        "道路切割密度_km_per_km2": 10.957,
        "建成區邊界切割密度_km_per_km2": 0.058,
        "孤立小斑塊比例_pct": 100.0,
        "距大型連續綠地平均距離_m": 3031.9,
        "score_面積減少": 89.21161825726142,
        "score_斑塊增加": 42.531120331950206,
        "score_平均斑塊縮小": 86.92946058091286,
        "score_道路建成區切割": 62.240663900414944,
        "score_孤立比例": 80.29045643153528,
        "score_距大型綠地": 66.80497925311202,
        "綜合破碎化分數": 71.3,
        "破碎化等級": "高",
        "判定原因": "面積減少66.7%；斑塊增加0.0%；平均斑塊縮小66.7%；道路密度10.96 km/km²；孤立比例100.0%；距大型綠地3032m",
        "2021面積_ha": 0.45,
        "2022面積_ha": 0.18,
        "2023面積_ha": 0.45
      }
    },
    {
      "type": "Feature",
      "geometry": {
        "type": "Polygon",
        "coordinates": [
          [
            [
              121.81098715158925,
              24.79215539814952
            ],
            [
              121.81104586614518,
              24.801183118261886
            ],
            [
              121.81956148629992,
              24.801136717540086
            ],
            [
              121.8194499,
              24.800700000000003
            ],
            [
              121.81945990000001,
              24.8001901
            ],
            [
              121.81919,
              24.7988999
            ],
            [
              121.81919020000001,
              24.798872299999996
            ],
            [
              121.8192,
              24.79761
            ],
            [
              121.81893,
              24.79606999999999
            ],
            [
              121.8187757,
              24.7948473
            ],
            [
              121.81872820000001,
              24.794520099999993
            ],
            [
              121.81859700000001,
              24.7931754
            ],
            [
              121.81848303048878,
              24.79211459329073
            ],
            [
              121.81098715158925,
              24.79215539814952
            ]
          ]
        ]
      },
      "properties": {
        "grid_id": "G054_050",
        "綠地類型": "公園／都市綠地",
        "中心經度": 121.815041,
        "中心緯度": 24.796862,
        "分析面積_km2": 0.842,
        "2020面積_ha": 0.0,
        "2024面積_ha": 0.18,
        "面積減少率_pct": 0.0,
        "2020斑塊數": 0,
        "2024斑塊數": 1,
        "斑塊數增加率_pct": 100.0,
        "2020平均斑塊面積_ha": 0.0,
        "2024平均斑塊面積_ha": 0.18,
        "平均斑塊面積下降率_pct": 0.0,
        "道路切割密度_km_per_km2": 9.01,
        "建成區邊界切割密度_km_per_km2": 0.071,
        "孤立小斑塊比例_pct": 100.0,
        "距大型連續綠地平均距離_m": 2495.5,
        "score_面積減少": 29.87551867219917,
        "score_斑塊增加": 95.0207468879668,
        "score_平均斑塊縮小": 26.970954356846473,
        "score_道路建成區切割": 59.75103734439834,
        "score_孤立比例": 80.29045643153528,
        "score_距大型綠地": 55.601659751037346,
        "綜合破碎化分數": 57.9,
        "破碎化等級": "高",
        "判定原因": "面積減少0.0%；斑塊增加100.0%；平均斑塊縮小0.0%；道路密度9.01 km/km²；孤立比例100.0%；距大型綠地2496m",
        "2021面積_ha": 0.09,
        "2022面積_ha": 0.09,
        "2023面積_ha": 0.18
      }
    },
    {
      "type": "Feature",
      "geometry": {
        "type": "Polygon",
        "coordinates": [
          [
            [
              121.76159540000226,
              24.801442989991536
            ],
            [
              121.76165056232117,
              24.810470806204503
            ],
            [
              121.77154142669403,
              24.81042011812981
            ],
            [
              121.77148554820423,
              24.80139232280238
            ],
            [
              121.76159540000226,
              24.801442989991536
            ]
          ]
        ]
      },
      "properties": {
        "grid_id": "G055_045",
        "綠地類型": "公園／都市綠地",
        "中心經度": 121.766568,
        "中心緯度": 24.805932,
        "分析面積_km2": 1.04,
        "2020面積_ha": 2.16,
        "2024面積_ha": 2.07,
        "面積減少率_pct": 4.17,
        "2020斑塊數": 1,
        "2024斑塊數": 2,
        "斑塊數增加率_pct": 100.0,
        "2020平均斑塊面積_ha": 2.16,
        "2024平均斑塊面積_ha": 1.035,
        "平均斑塊面積下降率_pct": 52.08,
        "道路切割密度_km_per_km2": 13.495,
        "建成區邊界切割密度_km_per_km2": 0.231,
        "孤立小斑塊比例_pct": 100.0,
        "距大型連續綠地平均距離_m": 4460.9,
        "score_面積減少": 63.90041493775933,
        "score_斑塊增加": 95.0207468879668,
        "score_平均斑塊縮小": 80.08298755186722,
        "score_道路建成區切割": 81.84647302904564,
        "score_孤立比例": 80.29045643153528,
        "score_距大型綠地": 83.81742738589212,
        "綜合破碎化分數": 80.8,
        "破碎化等級": "高",
        "判定原因": "面積減少4.2%；斑塊增加100.0%；平均斑塊縮小52.1%；道路密度13.49 km/km²；孤立比例100.0%；距大型綠地4461m",
        "2021面積_ha": 2.61,
        "2022面積_ha": 2.07,
        "2023面積_ha": 2.25
      }
    },
    {
      "type": "Feature",
      "geometry": {
        "type": "Polygon",
        "coordinates": [
          [
            [
              121.71219584542061,
              24.810714438511702
            ],
            [
              121.7122474518196,
              24.81974234411647
            ],
            [
              121.72213916327179,
              24.81969490587858
            ],
            [
              121.72208684031251,
              24.810667019815057
            ],
            [
              121.71219584542061,
              24.810714438511702
            ]
          ]
        ]
      },
      "properties": {
        "grid_id": "G056_040",
        "綠地類型": "公園／都市綠地",
        "中心經度": 121.717167,
        "中心緯度": 24.815205,
        "分析面積_km2": 1.04,
        "2020面積_ha": 0.09,
        "2024面積_ha": 0.09,
        "面積減少率_pct": 0.0,
        "2020斑塊數": 1,
        "2024斑塊數": 1,
        "斑塊數增加率_pct": 0.0,
        "2020平均斑塊面積_ha": 0.09,
        "2024平均斑塊面積_ha": 0.09,
        "平均斑塊面積下降率_pct": 0.0,
        "道路切割密度_km_per_km2": 3.72,
        "建成區邊界切割密度_km_per_km2": 0.029,
        "孤立小斑塊比例_pct": 100.0,
        "距大型連續綠地平均距離_m": 6302.9,
        "score_面積減少": 29.87551867219917,
        "score_斑塊增加": 42.531120331950206,
        "score_平均斑塊縮小": 26.970954356846473,
        "score_道路建成區切割": 30.186721991701248,
        "score_孤立比例": 80.29045643153528,
        "score_距大型綠地": 91.70124481327801,
        "綜合破碎化分數": 50.3,
        "破碎化等級": "中",
        "判定原因": "面積減少0.0%；斑塊增加0.0%；平均斑塊縮小0.0%；道路密度3.72 km/km²；孤立比例100.0%；距大型綠地6303m",
        "2021面積_ha": 0.09,
        "2022面積_ha": 0.0,
        "2023面積_ha": 0.09
      }
    },
    {
      "type": "Feature",
      "geometry": {
        "type": "Polygon",
        "coordinates": [
          [
            [
              121.72208684031251,
              24.810667019815057
            ],
            [
              121.72213916327179,
              24.81969490587858
            ],
            [
              121.73203084930792,
              24.81964681348214
            ],
            [
              121.73197780979643,
              24.81061894722932
            ],
            [
              121.72208684031251,
              24.810667019815057
            ]
          ]
        ]
      },
      "properties": {
        "grid_id": "G056_041",
        "綠地類型": "公園／都市綠地",
        "中心經度": 121.727059,
        "中心緯度": 24.815157,
        "分析面積_km2": 1.04,
        "2020面積_ha": 3.06,
        "2024面積_ha": 5.85,
        "面積減少率_pct": 0.0,
        "2020斑塊數": 10,
        "2024斑塊數": 10,
        "斑塊數增加率_pct": 0.0,
        "2020平均斑塊面積_ha": 0.324,
        "2024平均斑塊面積_ha": 0.612,
        "平均斑塊面積下降率_pct": 0.0,
        "道路切割密度_km_per_km2": 6.574,
        "建成區邊界切割密度_km_per_km2": 1.182,
        "孤立小斑塊比例_pct": 30.77,
        "距大型連續綠地平均距離_m": 5917.5,
        "score_面積減少": 29.87551867219917,
        "score_斑塊增加": 42.531120331950206,
        "score_平均斑塊縮小": 26.970954356846473,
        "score_道路建成區切割": 74.27385892116182,
        "score_孤立比例": 55.18672199170125,
        "score_距大型綠地": 90.45643153526972,
        "綜合破碎化分數": 53.2,
        "破碎化等級": "中",
        "判定原因": "面積減少0.0%；斑塊增加0.0%；平均斑塊縮小0.0%；道路密度6.57 km/km²；孤立比例30.8%；距大型綠地5918m",
        "2021面積_ha": 4.32,
        "2022面積_ha": 3.06,
        "2023面積_ha": 4.23
      }
    },
    {
      "type": "Feature",
      "geometry": {
        "type": "Polygon",
        "coordinates": [
          [
            [
              121.73197780979643,
              24.81061894722932
            ],
            [
              121.73203084930792,
              24.81964681348214
            ],
            [
              121.74192250957995,
              24.81959806693381
            ],
            [
              121.74186875352446,
              24.81057022076114
            ],
            [
              121.73197780979643,
              24.81061894722932
            ]
          ]
        ]
      },
      "properties": {
        "grid_id": "G056_042",
        "綠地類型": "公園／都市綠地",
        "中心經度": 121.73695,
        "中心緯度": 24.815109,
        "分析面積_km2": 1.04,
        "2020面積_ha": 0.18,
        "2024面積_ha": 0.27,
        "面積減少率_pct": 0.0,
        "2020斑塊數": 1,
        "2024斑塊數": 1,
        "斑塊數增加率_pct": 0.0,
        "2020平均斑塊面積_ha": 0.54,
        "2024平均斑塊面積_ha": 0.63,
        "平均斑塊面積下降率_pct": 0.0,
        "道路切割密度_km_per_km2": 8.593,
        "建成區邊界切割密度_km_per_km2": 0.029,
        "孤立小斑塊比例_pct": 100.0,
        "距大型連續綠地平均距離_m": 6095.5,
        "score_面積減少": 29.87551867219917,
        "score_斑塊增加": 42.531120331950206,
        "score_平均斑塊縮小": 26.970954356846473,
        "score_道路建成區切割": 50.933609958506224,
        "score_孤立比例": 80.29045643153528,
        "score_距大型綠地": 90.87136929460581,
        "綜合破碎化分數": 53.6,
        "破碎化等級": "中",
        "判定原因": "面積減少0.0%；斑塊增加0.0%；平均斑塊縮小0.0%；道路密度8.59 km/km²；孤立比例100.0%；距大型綠地6096m",
        "2021面積_ha": 0.27,
        "2022面積_ha": 0.18,
        "2023面積_ha": 0.27
      }
    },
    {
      "type": "Feature",
      "geometry": {
        "type": "Polygon",
        "coordinates": [
          [
            [
              121.73203084930792,
              24.81964681348214
            ],
            [
              121.73208391458348,
              24.828674668731665
            ],
            [
              121.74197629174759,
              24.828625902100356
            ],
            [
              121.74192250957995,
              24.81959806693381
            ],
            [
              121.73203084930792,
              24.81964681348214
            ]
          ]
        ]
      },
      "properties": {
        "grid_id": "G057_042",
        "綠地類型": "公園／都市綠地",
        "中心經度": 121.737003,
        "中心緯度": 24.824136,
        "分析面積_km2": 1.04,
        "2020面積_ha": 0.99,
        "2024面積_ha": 0.99,
        "面積減少率_pct": 0.0,
        "2020斑塊數": 2,
        "2024斑塊數": 2,
        "斑塊數增加率_pct": 0.0,
        "2020平均斑塊面積_ha": 0.495,
        "2024平均斑塊面積_ha": 0.495,
        "平均斑塊面積下降率_pct": 0.0,
        "道路切割密度_km_per_km2": 8.391,
        "建成區邊界切割密度_km_per_km2": 0.0,
        "孤立小斑塊比例_pct": 100.0,
        "距大型連續綠地平均距離_m": 6886.3,
        "score_面積減少": 29.87551867219917,
        "score_斑塊增加": 42.531120331950206,
        "score_平均斑塊縮小": 26.970954356846473,
        "score_道路建成區切割": 39.626556016597505,
        "score_孤立比例": 80.29045643153528,
        "score_距大型綠地": 93.3609958506224,
        "綜合破碎化分數": 52.1,
        "破碎化等級": "中",
        "判定原因": "面積減少0.0%；斑塊增加0.0%；平均斑塊縮小0.0%；道路密度8.39 km/km²；孤立比例100.0%；距大型綠地6886m",
        "2021面積_ha": 0.99,
        "2022面積_ha": 0.99,
        "2023面積_ha": 0.9
      }
    },
    {
      "type": "Feature",
      "geometry": {
        "type": "Polygon",
        "coordinates": [
          [
            [
              121.74192250957995,
              24.81959806693381
            ],
            [
              121.74197629174759,
              24.828625902100356
            ],
            [
              121.75186864279127,
              24.828576481054416
            ],
            [
              121.75181414373988,
              24.81954866624033
            ],
            [
              121.74192250957995,
              24.81959806693381
            ]
          ]
        ]
      },
      "properties": {
        "grid_id": "G057_043",
        "綠地類型": "公園／都市綠地",
        "中心經度": 121.746895,
        "中心緯度": 24.824087,
        "分析面積_km2": 1.04,
        "2020面積_ha": 0.09,
        "2024面積_ha": 0.09,
        "面積減少率_pct": 0.0,
        "2020斑塊數": 1,
        "2024斑塊數": 1,
        "斑塊數增加率_pct": 0.0,
        "2020平均斑塊面積_ha": 2.25,
        "2024平均斑塊面積_ha": 2.16,
        "平均斑塊面積下降率_pct": 4.0,
        "道路切割密度_km_per_km2": 4.585,
        "建成區邊界切割密度_km_per_km2": 0.0,
        "孤立小斑塊比例_pct": 0.0,
        "距大型連續綠地平均距離_m": 6842.4,
        "score_面積減少": 29.87551867219917,
        "score_斑塊增加": 42.531120331950206,
        "score_平均斑塊縮小": 60.788381742738586,
        "score_道路建成區切割": 24.273858921161825,
        "score_孤立比例": 20.539419087136928,
        "score_距大型綠地": 92.9460580912863,
        "綜合破碎化分數": 45.2,
        "破碎化等級": "中",
        "判定原因": "面積減少0.0%；斑塊增加0.0%；平均斑塊縮小4.0%；道路密度4.58 km/km²；孤立比例0.0%；距大型綠地6842m",
        "2021面積_ha": 0.09,
        "2022面積_ha": 0.09,
        "2023面積_ha": 0.09
      }
    },
    {
      "type": "Feature",
      "geometry": {
        "type": "Polygon",
        "coordinates": [
          [
            [
              121.75181414373988,
              24.81954866624033
            ],
            [
              121.75186864279127,
              24.828576481054416
            ],
            [
              121.76176096736638,
              24.82852640560069
            ],
            [
              121.76170575143969,
              24.819498611408545
            ],
            [
              121.75181414373988,
              24.81954866624033
            ]
          ]
        ]
      },
      "properties": {
        "grid_id": "G057_044",
        "綠地類型": "公園／都市綠地",
        "中心經度": 121.756787,
        "中心緯度": 24.824038,
        "分析面積_km2": 1.04,
        "2020面積_ha": 0.54,
        "2024面積_ha": 0.54,
        "面積減少率_pct": 0.0,
        "2020斑塊數": 1,
        "2024斑塊數": 1,
        "斑塊數增加率_pct": 0.0,
        "2020平均斑塊面積_ha": 2.25,
        "2024平均斑塊面積_ha": 2.16,
        "平均斑塊面積下降率_pct": 4.0,
        "道路切割密度_km_per_km2": 11.044,
        "建成區邊界切割密度_km_per_km2": 0.0,
        "孤立小斑塊比例_pct": 0.0,
        "距大型連續綠地平均距離_m": 6841.0,
        "score_面積減少": 29.87551867219917,
        "score_斑塊增加": 42.531120331950206,
        "score_平均斑塊縮小": 60.788381742738586,
        "score_道路建成區切割": 47.71784232365145,
        "score_孤立比例": 20.539419087136928,
        "score_距大型綠地": 92.5311203319502,
        "綜合破碎化分數": 49.0,
        "破碎化等級": "中",
        "判定原因": "面積減少0.0%；斑塊增加0.0%；平均斑塊縮小4.0%；道路密度11.04 km/km²；孤立比例0.0%；距大型綠地6841m",
        "2021面積_ha": 0.54,
        "2022面積_ha": 0.54,
        "2023面積_ha": 0.63
      }
    },
    {
      "type": "Feature",
      "geometry": {
        "type": "Polygon",
        "coordinates": [
          [
            [
              121.78148888606682,
              24.81939653935783
            ],
            [
              121.78154553571846,
              24.82842429149766
            ],
            [
              121.79143777879918,
              24.828372252862508
            ],
            [
              121.79138041229812,
              24.819344522153035
            ],
            [
              121.78148888606682,
              24.81939653935783
            ]
          ]
        ]
      },
      "properties": {
        "grid_id": "G057_047",
        "綠地類型": "公園／都市綠地",
        "中心經度": 121.786463,
        "中心緯度": 24.823884,
        "分析面積_km2": 1.04,
        "2020面積_ha": 0.54,
        "2024面積_ha": 0.0,
        "面積減少率_pct": 100.0,
        "2020斑塊數": 3,
        "2024斑塊數": 0,
        "斑塊數增加率_pct": 0.0,
        "2020平均斑塊面積_ha": 0.18,
        "2024平均斑塊面積_ha": 0.0,
        "平均斑塊面積下降率_pct": 100.0,
        "道路切割密度_km_per_km2": 13.581,
        "建成區邊界切割密度_km_per_km2": 0.0,
        "孤立小斑塊比例_pct": 0.0,
        "距大型連續綠地平均距離_m": 0.0,
        "score_面積減少": 96.6804979253112,
        "score_斑塊增加": 42.531120331950206,
        "score_平均斑塊縮小": 96.6804979253112,
        "score_道路建成區切割": 54.77178423236514,
        "score_孤立比例": 20.539419087136928,
        "score_距大型綠地": 9.95850622406639,
        "綜合破碎化分數": 53.5,
        "破碎化等級": "中",
        "判定原因": "面積減少100.0%；斑塊增加0.0%；平均斑塊縮小100.0%；道路密度13.58 km/km²；孤立比例0.0%；距大型綠地0m",
        "2021面積_ha": 0.18,
        "2022面積_ha": 0.09,
        "2023面積_ha": 0.0
      }
    },
    {
      "type": "Feature",
      "geometry": {
        "type": "Polygon",
        "coordinates": [
          [
            [
              121.74197629174759,
              24.828625902100356
            ],
            [
              121.74203010003562,
              24.83765372625782
            ],
            [
              121.75192316831117,
              24.83760428485655
            ],
            [
              121.75186864279127,
              24.828576481054416
            ],
            [
              121.74197629174759,
              24.828625902100356
            ]
          ]
        ]
      },
      "properties": {
        "grid_id": "G058_043",
        "綠地類型": "公園／都市綠地",
        "中心經度": 121.74695,
        "中心緯度": 24.833115,
        "分析面積_km2": 1.04,
        "2020面積_ha": 1.53,
        "2024面積_ha": 1.44,
        "面積減少率_pct": 5.88,
        "2020斑塊數": 3,
        "2024斑塊數": 2,
        "斑塊數增加率_pct": 0.0,
        "2020平均斑塊面積_ha": 0.9,
        "2024平均斑塊面積_ha": 1.26,
        "平均斑塊面積下降率_pct": 0.0,
        "道路切割密度_km_per_km2": 7.093,
        "建成區邊界切割密度_km_per_km2": 0.26,
        "孤立小斑塊比例_pct": 25.0,
        "距大型連續綠地平均距離_m": 6921.1,
        "score_面積減少": 65.76763485477179,
        "score_斑塊增加": 42.531120331950206,
        "score_平均斑塊縮小": 26.970954356846473,
        "score_道路建成區切割": 64.93775933609959,
        "score_孤立比例": 53.11203319502075,
        "score_距大型綠地": 94.1908713692946,
        "綜合破碎化分數": 57.9,
        "破碎化等級": "高",
        "判定原因": "面積減少5.9%；斑塊增加0.0%；平均斑塊縮小0.0%；道路密度7.09 km/km²；孤立比例25.0%；距大型綠地6921m",
        "2021面積_ha": 1.44,
        "2022面積_ha": 0.99,
        "2023面積_ha": 1.08
      }
    },
    {
      "type": "Feature",
      "geometry": {
        "type": "Polygon",
        "coordinates": [
          [
            [
              121.75186864279127,
              24.828576481054416
            ],
            [
              121.75192316831117,
              24.83760428485655
            ],
            [
              121.76181621010974,
              24.83755418877797
            ],
            [
              121.76176096736638,
              24.82852640560069
            ],
            [
              121.75186864279127,
              24.828576481054416
            ]
          ]
        ]
      },
      "properties": {
        "grid_id": "G058_044",
        "綠地類型": "公園／都市綠地",
        "中心經度": 121.756842,
        "中心緯度": 24.833065,
        "分析面積_km2": 1.04,
        "2020面積_ha": 1.89,
        "2024面積_ha": 1.98,
        "面積減少率_pct": 0.0,
        "2020斑塊數": 2,
        "2024斑塊數": 2,
        "斑塊數增加率_pct": 0.0,
        "2020平均斑塊面積_ha": 1.305,
        "2024平均斑塊面積_ha": 1.35,
        "平均斑塊面積下降率_pct": 0.0,
        "道路切割密度_km_per_km2": 6.978,
        "建成區邊界切割密度_km_per_km2": 0.346,
        "孤立小斑塊比例_pct": 27.27,
        "距大型連續綠地平均距離_m": 6916.0,
        "score_面積減少": 29.87551867219917,
        "score_斑塊增加": 42.531120331950206,
        "score_平均斑塊縮小": 26.970954356846473,
        "score_道路建成區切割": 67.5311203319502,
        "score_孤立比例": 54.356846473029044,
        "score_距大型綠地": 93.7759336099585,
        "綜合破碎化分數": 52.5,
        "破碎化等級": "中",
        "判定原因": "面積減少0.0%；斑塊增加0.0%；平均斑塊縮小0.0%；道路密度6.98 km/km²；孤立比例27.3%；距大型綠地6916m",
        "2021面積_ha": 1.71,
        "2022面積_ha": 1.17,
        "2023面積_ha": 1.89
      }
    },
    {
      "type": "Feature",
      "geometry": {
        "type": "Polygon",
        "coordinates": [
          [
            [
              121.81128100975985,
              24.8372938884713
            ],
            [
              121.81133986705665,
              24.846321553448774
            ],
            [
              121.82123346019937,
              24.846267507210108
            ],
            [
              121.82117388538379,
              24.837239864477652
            ],
            [
              121.81128100975985,
              24.8372938884713
            ]
          ]
        ]
      },
      "properties": {
        "grid_id": "G059_050",
        "綠地類型": "公園／都市綠地",
        "中心經度": 121.816257,
        "中心緯度": 24.841781,
        "分析面積_km2": 1.04,
        "2020面積_ha": 0.09,
        "2024面積_ha": 0.09,
        "面積減少率_pct": 0.0,
        "2020斑塊數": 1,
        "2024斑塊數": 1,
        "斑塊數增加率_pct": 0.0,
        "2020平均斑塊面積_ha": 0.09,
        "2024平均斑塊面積_ha": 0.09,
        "平均斑塊面積下降率_pct": 0.0,
        "道路切割密度_km_per_km2": 7.814,
        "建成區邊界切割密度_km_per_km2": 0.029,
        "孤立小斑塊比例_pct": 100.0,
        "距大型連續綠地平均距離_m": 4551.5,
        "score_面積減少": 29.87551867219917,
        "score_斑塊增加": 42.531120331950206,
        "score_平均斑塊縮小": 26.970954356846473,
        "score_道路建成區切割": 48.23651452282158,
        "score_孤立比例": 80.29045643153528,
        "score_距大型綠地": 84.64730290456431,
        "綜合破碎化分數": 52.1,
        "破碎化等級": "中",
        "判定原因": "面積減少0.0%；斑塊增加0.0%；平均斑塊縮小0.0%；道路密度7.81 km/km²；孤立比例100.0%；距大型綠地4552m",
        "2021面積_ha": 0.09,
        "2022面積_ha": 0.09,
        "2023面積_ha": 0.09
      }
    },
    {
      "type": "Feature",
      "geometry": {
        "type": "Polygon",
        "coordinates": [
          [
            [
              121.73219012245967,
              24.84673034620899
            ],
            [
              121.72229628467828,
              24.846778498054277
            ],
            [
              121.72231509615692,
              24.850018452523862
            ],
            [
              121.7227268,
              24.8501314
            ],
            [
              121.7231033,
              24.850271799999994
            ],
            [
              121.7234369,
              24.850456700000002
            ],
            [
              121.72379980000001,
              24.8505293
            ],
            [
              121.7241315,
              24.850581099999996
            ],
            [
              121.7244028,
              24.8505839
            ],
            [
              121.72485550000002,
              24.850648299999996
            ],
            [
              121.7249788,
              24.850674299999998
            ],
            [
              121.7251963,
              24.850775899999995
            ],
            [
              121.7253793,
              24.850972599999995
            ],
            [
              121.7254658,
              24.851078099999995
            ],
            [
              121.72558,
              24.8511958
            ],
            [
              121.7262767,
              24.851700599999997
            ],
            [
              121.72647359999999,
              24.851958699999997
            ],
            [
              121.726727,
              24.8524682
            ],
            [
              121.7268003,
              24.852609199999996
            ],
            [
              121.72691049999999,
              24.8527964
            ],
            [
              121.7270464,
              24.853016799999995
            ],
            [
              121.72716670000001,
              24.853146400000004
            ],
            [
              121.72731709999998,
              24.853250099999997
            ],
            [
              121.72741999999998,
              24.8532936
            ],
            [
              121.7274621,
              24.8533268
            ],
            [
              121.72756699999998,
              24.853382199999995
            ],
            [
              121.727691,
              24.853464499999998
            ],
            [
              121.72778980000001,
              24.8535338
            ],
            [
              121.728081,
              24.8537488
            ],
            [
              121.7282314,
              24.8538357
            ],
            [
              121.72835629999999,
              24.8538954
            ],
            [
              121.7284545,
              24.853934699999996
            ],
            [
              121.728699,
              24.854070299999993
            ],
            [
              121.72883360000002,
              24.8541367
            ],
            [
              121.72892009999998,
              24.854165399999996
            ],
            [
              121.7290174,
              24.854201899999996
            ],
            [
              121.7291887,
              24.8542657
            ],
            [
              121.7293979,
              24.854375
            ],
            [
              121.7294961,
              24.854447299999993
            ],
            [
              121.72968840000001,
              24.8545883
            ],
            [
              121.7297235,
              24.854620399999998
            ],
            [
              121.7299061,
              24.854804099999992
            ],
            [
              121.7299594,
              24.854899999999997
            ],
            [
              121.72998930000001,
              24.854915900000005
            ],
            [
              121.73010300000001,
              24.8550209
            ],
            [
              121.73014290000002,
              24.855069200000003
            ],
            [
              121.73021460000001,
              24.855117299999996
            ],
            [
              121.7304372,
              24.855251399999997
            ],
            [
              121.7305259,
              24.855297699999998
            ],
            [
              121.73064030000002,
              24.8553308
            ],
            [
              121.7307341,
              24.8553496
            ],
            [
              121.7308752,
              24.8553583
            ],
            [
              121.731048,
              24.8553547
            ],
            [
              121.73162110000001,
              24.8555371
            ],
            [
              121.7319516,
              24.8555479
            ],
            [
              121.7321325,
              24.855541799999997
            ],
            [
              121.73224206299818,
              24.855554008912236
            ],
            [
              121.73219012245967,
              24.84673034620899
            ]
          ]
        ]
      },
      "properties": {
        "grid_id": "G060_041",
        "綠地類型": "公園／都市綠地",
        "中心經度": 121.728869,
        "中心緯度": 24.851121,
        "分析面積_km2": 0.689,
        "2020面積_ha": 0.36,
        "2024面積_ha": 0.36,
        "面積減少率_pct": 0.0,
        "2020斑塊數": 1,
        "2024斑塊數": 1,
        "斑塊數增加率_pct": 0.0,
        "2020平均斑塊面積_ha": 0.36,
        "2024平均斑塊面積_ha": 0.36,
        "平均斑塊面積下降率_pct": 0.0,
        "道路切割密度_km_per_km2": 0.261,
        "建成區邊界切割密度_km_per_km2": 0.0,
        "孤立小斑塊比例_pct": 100.0,
        "距大型連續綠地平均距離_m": 10039.5,
        "score_面積減少": 29.87551867219917,
        "score_斑塊增加": 42.531120331950206,
        "score_平均斑塊縮小": 26.970954356846473,
        "score_道路建成區切割": 9.33609958506224,
        "score_孤立比例": 80.29045643153528,
        "score_距大型綠地": 96.6804979253112,
        "綜合破碎化分數": 47.6,
        "破碎化等級": "中",
        "判定原因": "面積減少0.0%；斑塊增加0.0%；平均斑塊縮小0.0%；道路密度0.26 km/km²；孤立比例100.0%；距大型綠地10040m",
        "2021面積_ha": 0.36,
        "2022面積_ha": 0.36,
        "2023面積_ha": 0.36
      }
    },
    {
      "type": "Feature",
      "geometry": {
        "type": "Polygon",
        "coordinates": [
          [
            [
              121.78171564978597,
              24.8555074817806
            ],
            [
              121.78177240954184,
              24.864535189819502
            ],
            [
              121.79166752350244,
              24.864483065432687
            ],
            [
              121.79161004550403,
              24.85545537883623
            ],
            [
              121.78171564978597,
              24.8555074817806
            ]
          ]
        ]
      },
      "properties": {
        "grid_id": "G061_047",
        "綠地類型": "公園／都市綠地",
        "中心經度": 121.786691,
        "中心緯度": 24.859995,
        "分析面積_km2": 1.04,
        "2020面積_ha": 0.63,
        "2024面積_ha": 0.63,
        "面積減少率_pct": 0.0,
        "2020斑塊數": 1,
        "2024斑塊數": 1,
        "斑塊數增加率_pct": 0.0,
        "2020平均斑塊面積_ha": 0.63,
        "2024平均斑塊面積_ha": 0.63,
        "平均斑塊面積下降率_pct": 0.0,
        "道路切割密度_km_per_km2": 7.151,
        "建成區邊界切割密度_km_per_km2": 0.0,
        "孤立小斑塊比例_pct": 100.0,
        "距大型連續綠地平均距離_m": 5394.4,
        "score_面積減少": 29.87551867219917,
        "score_斑塊增加": 42.531120331950206,
        "score_平均斑塊縮小": 26.970954356846473,
        "score_道路建成區切割": 36.51452282157676,
        "score_孤立比例": 80.29045643153528,
        "score_距大型綠地": 87.96680497925311,
        "綜合破碎化分數": 50.7,
        "破碎化等級": "中",
        "判定原因": "面積減少0.0%；斑塊增加0.0%；平均斑塊縮小0.0%；道路密度7.15 km/km²；孤立比例100.0%；距大型綠地5394m",
        "2021面積_ha": 0.63,
        "2022面積_ha": 0.63,
        "2023面積_ha": 0.63
      }
    },
    {
      "type": "Feature",
      "geometry": {
        "type": "Polygon",
        "coordinates": [
          [
            [
              121.78177240954184,
              24.864535189819502
            ],
            [
              121.77187726803325,
              24.864586658741327
            ],
            [
              121.77187963642147,
              24.864968085828348
            ],
            [
              121.7719098,
              24.864977200000002
            ],
            [
              121.77200810000001,
              24.865005
            ],
            [
              121.7724964,
              24.865082799999996
            ],
            [
              121.77271760000001,
              24.865074500000002
            ],
            [
              121.77303680000001,
              24.865118999999996
            ],
            [
              121.77336740000001,
              24.865117599999994
            ],
            [
              121.77350639999999,
              24.8650539
            ],
            [
              121.7737069,
              24.864933999999995
            ],
            [
              121.7738233,
              24.8648931
            ],
            [
              121.7739146,
              24.864903699999996
            ],
            [
              121.7739776,
              24.864963999999997
            ],
            [
              121.7740367,
              24.8650943
            ],
            [
              121.774109,
              24.865157500000002
            ],
            [
              121.77419789999999,
              24.865188399999997
            ],
            [
              121.77432000000002,
              24.865170999999997
            ],
            [
              121.7743973,
              24.865127899999997
            ],
            [
              121.77452970000002,
              24.865013399999995
            ],
            [
              121.7746046,
              24.864974999999998
            ],
            [
              121.7746512,
              24.864965400000006
            ],
            [
              121.774811,
              24.864950499999996
            ],
            [
              121.7749439,
              24.864951
            ],
            [
              121.77509440000001,
              24.8649987
            ],
            [
              121.7751746,
              24.8650351
            ],
            [
              121.775427,
              24.865082999999995
            ],
            [
              121.7754823,
              24.8651229
            ],
            [
              121.7756067,
              24.8654257
            ],
            [
              121.7757273,
              24.8657037
            ],
            [
              121.7757354,
              24.8659537
            ],
            [
              121.77568879999998,
              24.86604549999999
            ],
            [
              121.7756278,
              24.866109199999993
            ],
            [
              121.77556000000001,
              24.8661629
            ],
            [
              121.7753357,
              24.86638
            ],
            [
              121.7751944,
              24.866611
            ],
            [
              121.77518740000001,
              24.86667299999999
            ],
            [
              121.7751947,
              24.866717499999996
            ],
            [
              121.7752334,
              24.8668067
            ],
            [
              121.77534,
              24.866941399999998
            ],
            [
              121.7754743,
              24.867082999999994
            ],
            [
              121.77555619999998,
              24.867145099999995
            ],
            [
              121.77568159999998,
              24.8673062
            ],
            [
              121.7757483,
              24.8673906
            ],
            [
              121.77580510000001,
              24.867474699999995
            ],
            [
              121.7758491,
              24.867607200000002
            ],
            [
              121.77609040000002,
              24.868072400000003
            ],
            [
              121.7761324,
              24.8681338
            ],
            [
              121.7763877,
              24.8686634
            ],
            [
              121.7764576,
              24.8687992
            ],
            [
              121.7766174,
              24.868990200000002
            ],
            [
              121.7767148,
              24.8690334
            ],
            [
              121.7768035,
              24.869079700000004
            ],
            [
              121.7768615,
              24.869117699999997
            ],
            [
              121.7769307,
              24.8691824
            ],
            [
              121.77696410000001,
              24.869273699999994
            ],
            [
              121.7770238,
              24.869341600000006
            ],
            [
              121.7771671,
              24.869493999999996
            ],
            [
              121.7772393,
              24.869592
            ],
            [
              121.7772979,
              24.869710599999998
            ],
            [
              121.777341,
              24.8699544
            ],
            [
              121.7773566,
              24.870101
            ],
            [
              121.77731189999999,
              24.870299499999998
            ],
            [
              121.7772857,
              24.8704076
            ],
            [
              121.7772904,
              24.8706679
            ],
            [
              121.7773315,
              24.870766299999993
            ],
            [
              121.7773943,
              24.8708199
            ],
            [
              121.77763200000001,
              24.870892300000005
            ],
            [
              121.7778644,
              24.870960999999994
            ],
            [
              121.7780669,
              24.871023299999997
            ],
            [
              121.77820470000002,
              24.871061299999994
            ],
            [
              121.7783009,
              24.871104499999998
            ],
            [
              121.7783705,
              24.871124
            ],
            [
              121.7786141,
              24.8711904
            ],
            [
              121.7787809,
              24.871264399999998
            ],
            [
              121.7789469,
              24.87132
            ],
            [
              121.77914740000001,
              24.871410199999996
            ],
            [
              121.77938540000001,
              24.871537200000002
            ],
            [
              121.7797599,
              24.8717452
            ],
            [
              121.780011,
              24.8718473
            ],
            [
              121.78026170000001,
              24.8719754
            ],
            [
              121.78059290000002,
              24.8721889
            ],
            [
              121.78068869999998,
              24.8722304
            ],
            [
              121.7809048,
              24.872359099999997
            ],
            [
              121.7810254,
              24.8724932
            ],
            [
              121.78113990000001,
              24.8726417
            ],
            [
              121.7812213,
              24.872708199999998
            ],
            [
              121.78133849999999,
              24.872780899999995
            ],
            [
              121.78148010000001,
              24.872849499999997
            ],
            [
              121.78150710000001,
              24.872860399999997
            ],
            [
              121.78182545124038,
              24.872967568726672
            ],
            [
              121.78177240954184,
              24.864535189819502
            ]
          ]
        ]
      },
      "properties": {
        "grid_id": "G062_046",
        "綠地類型": "公園／都市綠地",
        "中心經度": 121.779111,
        "中心緯度": 24.868717,
        "分析面積_km2": 0.468,
        "2020面積_ha": 0.36,
        "2024面積_ha": 0.36,
        "面積減少率_pct": 0.0,
        "2020斑塊數": 1,
        "2024斑塊數": 1,
        "斑塊數增加率_pct": 0.0,
        "2020平均斑塊面積_ha": 0.36,
        "2024平均斑塊面積_ha": 0.36,
        "平均斑塊面積下降率_pct": 0.0,
        "道路切割密度_km_per_km2": 9.872,
        "建成區邊界切割密度_km_per_km2": 0.0,
        "孤立小斑塊比例_pct": 100.0,
        "距大型連續綠地平均距離_m": 6343.2,
        "score_面積減少": 29.87551867219917,
        "score_斑塊增加": 42.531120331950206,
        "score_平均斑塊縮小": 26.970954356846473,
        "score_道路建成區切割": 44.190871369294605,
        "score_孤立比例": 80.29045643153528,
        "score_距大型綠地": 92.11618257261411,
        "綜合破碎化分數": 52.7,
        "破碎化等級": "中",
        "判定原因": "面積減少0.0%；斑塊增加0.0%；平均斑塊縮小0.0%；道路密度9.87 km/km²；孤立比例100.0%；距大型綠地6343m",
        "2021面積_ha": 0.36,
        "2022面積_ha": 0.36,
        "2023面積_ha": 0.36
      }
    },
    {
      "type": "Feature",
      "geometry": {
        "type": "Polygon",
        "coordinates": [
          [
            [
              121.82141235822533,
              24.873350369161372
            ],
            [
              121.82147204879111,
              24.882377967719865
            ],
            [
              121.83136848653272,
              24.88232317649484
            ],
            [
              121.83130807706343,
              24.873295600463603
            ],
            [
              121.82141235822533,
              24.873350369161372
            ]
          ]
        ]
      },
      "properties": {
        "grid_id": "G063_051",
        "綠地類型": "公園／都市綠地",
        "中心經度": 121.82639,
        "中心緯度": 24.877837,
        "分析面積_km2": 1.04,
        "2020面積_ha": 0.45,
        "2024面積_ha": 0.63,
        "面積減少率_pct": 0.0,
        "2020斑塊數": 2,
        "2024斑塊數": 3,
        "斑塊數增加率_pct": 50.0,
        "2020平均斑塊面積_ha": 0.225,
        "2024平均斑塊面積_ha": 0.21,
        "平均斑塊面積下降率_pct": 6.67,
        "道路切割密度_km_per_km2": 8.016,
        "建成區邊界切割密度_km_per_km2": 0.202,
        "孤立小斑塊比例_pct": 100.0,
        "距大型連續綠地平均距離_m": 1219.5,
        "score_面積減少": 29.87551867219917,
        "score_斑塊增加": 89.00414937759335,
        "score_平均斑塊縮小": 63.27800829875518,
        "score_道路建成區切割": 64.93775933609959,
        "score_孤立比例": 80.29045643153528,
        "score_距大型綠地": 42.32365145228216,
        "綜合破碎化分數": 61.6,
        "破碎化等級": "高",
        "判定原因": "面積減少0.0%；斑塊增加50.0%；平均斑塊縮小6.7%；道路密度8.02 km/km²；孤立比例100.0%；距大型綠地1220m",
        "2021面積_ha": 0.18,
        "2022面積_ha": 0.09,
        "2023面積_ha": 0.9
      }
    },
    {
      "type": "Feature",
      "geometry": {
        "type": "Polygon",
        "coordinates": [
          [
            [
              121.83130807706343,
              24.873295600463603
            ],
            [
              121.83136848653272,
              24.88232317649484
            ],
            [
              121.84126489496498,
              24.8822677293025
            ],
            [
              121.84120376660154,
              24.873240176068197
            ],
            [
              121.83130807706343,
              24.873295600463603
            ]
          ]
        ]
      },
      "properties": {
        "grid_id": "G063_052",
        "綠地類型": "公園／都市綠地",
        "中心經度": 121.836286,
        "中心緯度": 24.877782,
        "分析面積_km2": 1.04,
        "2020面積_ha": 2.52,
        "2024面積_ha": 2.52,
        "面積減少率_pct": 0.0,
        "2020斑塊數": 1,
        "2024斑塊數": 1,
        "斑塊數增加率_pct": 0.0,
        "2020平均斑塊面積_ha": 25.83,
        "2024平均斑塊面積_ha": 26.28,
        "平均斑塊面積下降率_pct": 0.0,
        "道路切割密度_km_per_km2": 8.651,
        "建成區邊界切割密度_km_per_km2": 0.0,
        "孤立小斑塊比例_pct": 0.0,
        "距大型連續綠地平均距離_m": 0.0,
        "score_面積減少": 29.87551867219917,
        "score_斑塊增加": 42.531120331950206,
        "score_平均斑塊縮小": 26.970954356846473,
        "score_道路建成區切割": 41.078838174273855,
        "score_孤立比例": 20.539419087136928,
        "score_距大型綠地": 9.95850622406639,
        "綜合破碎化分數": 28.5,
        "破碎化等級": "低",
        "判定原因": "面積減少0.0%；斑塊增加0.0%；平均斑塊縮小0.0%；道路密度8.65 km/km²；孤立比例0.0%；距大型綠地0m",
        "2021面積_ha": 2.52,
        "2022面積_ha": 2.52,
        "2023面積_ha": 2.52
      }
    },
    {
      "type": "Feature",
      "geometry": {
        "type": "Polygon",
        "coordinates": [
          [
            [
              121.83136848653272,
              24.88232317649484
            ],
            [
              121.83142892531134,
              24.891350741471978
            ],
            [
              121.84132605298655,
              24.891295271479475
            ],
            [
              121.84126489496498,
              24.8822677293025
            ],
            [
              121.83136848653272,
              24.88232317649484
            ]
          ]
        ]
      },
      "properties": {
        "grid_id": "G064_052",
        "綠地類型": "公園／都市綠地",
        "中心經度": 121.836347,
        "中心緯度": 24.886809,
        "分析面積_km2": 1.04,
        "2020面積_ha": 24.03,
        "2024面積_ha": 24.57,
        "面積減少率_pct": 0.0,
        "2020斑塊數": 1,
        "2024斑塊數": 2,
        "斑塊數增加率_pct": 100.0,
        "2020平均斑塊面積_ha": 25.83,
        "2024平均斑塊面積_ha": 13.185,
        "平均斑塊面積下降率_pct": 48.95,
        "道路切割密度_km_per_km2": 6.171,
        "建成區邊界切割密度_km_per_km2": 1.153,
        "孤立小斑塊比例_pct": 0.37,
        "距大型連續綠地平均距離_m": 0.2,
        "score_面積減少": 29.87551867219917,
        "score_斑塊增加": 95.0207468879668,
        "score_平均斑塊縮小": 77.59336099585063,
        "score_道路建成區切割": 71.78423236514523,
        "score_孤立比例": 41.078838174273855,
        "score_距大型綠地": 19.91701244813278,
        "綜合破碎化分數": 55.9,
        "破碎化等級": "高",
        "判定原因": "面積減少0.0%；斑塊增加100.0%；平均斑塊縮小49.0%；道路密度6.17 km/km²；孤立比例0.4%；距大型綠地0m",
        "2021面積_ha": 25.65,
        "2022面積_ha": 24.21,
        "2023面積_ha": 26.01
      }
    },
    {
      "type": "Feature",
      "geometry": {
        "type": "Polygon",
        "coordinates": [
          [
            [
              121.84126489496498,
              24.8822677293025
            ],
            [
              121.84132605298655,
              24.891295271479475
            ],
            [
              121.85122315099417,
              24.891239145257618
            ],
            [
              121.85121907785656,
              24.890645033935545
            ],
            [
              121.8512069,
              24.890626599999994
            ],
            [
              121.85106780000001,
              24.890429400000002
            ],
            [
              121.851001,
              24.8903154
            ],
            [
              121.85067800000002,
              24.8896886
            ],
            [
              121.85024099999998,
              24.8888403
            ],
            [
              121.84976839999999,
              24.8878688
            ],
            [
              121.84970120000001,
              24.887395700000003
            ],
            [
              121.84954000000002,
              24.8863799
            ],
            [
              121.84924999999998,
              24.885860100000002
            ],
            [
              121.84888000000001,
              24.8854276
            ],
            [
              121.84868080000001,
              24.8848371
            ],
            [
              121.84823040000002,
              24.884356000000004
            ],
            [
              121.84790379999998,
              24.8840363
            ],
            [
              121.8477674,
              24.883800299999997
            ],
            [
              121.8476734,
              24.883702899999992
            ],
            [
              121.84737659999999,
              24.883345899999995
            ],
            [
              121.8470117,
              24.882886999999997
            ],
            [
              121.8466768,
              24.8824197
            ],
            [
              121.84655067949866,
              24.882237845513657
            ],
            [
              121.84126489496498,
              24.8822677293025
            ]
          ]
        ]
      },
      "properties": {
        "grid_id": "G064_053",
        "綠地類型": "公園／都市綠地",
        "中心經度": 121.845459,
        "中心緯度": 24.886911,
        "分析面積_km2": 0.841,
        "2020面積_ha": 1.26,
        "2024面積_ha": 1.26,
        "面積減少率_pct": 0.0,
        "2020斑塊數": 1,
        "2024斑塊數": 1,
        "斑塊數增加率_pct": 0.0,
        "2020平均斑塊面積_ha": 1.26,
        "2024平均斑塊面積_ha": 1.26,
        "平均斑塊面積下降率_pct": 0.0,
        "道路切割密度_km_per_km2": 7.388,
        "建成區邊界切割密度_km_per_km2": 0.0,
        "孤立小斑塊比例_pct": 100.0,
        "距大型連續綠地平均距離_m": 112.7,
        "score_面積減少": 29.87551867219917,
        "score_斑塊增加": 42.531120331950206,
        "score_平均斑塊縮小": 26.970954356846473,
        "score_道路建成區切割": 37.13692946058091,
        "score_孤立比例": 80.29045643153528,
        "score_距大型綠地": 24.896265560165975,
        "綜合破碎化分數": 40.3,
        "破碎化等級": "低",
        "判定原因": "面積減少0.0%；斑塊增加0.0%；平均斑塊縮小0.0%；道路密度7.39 km/km²；孤立比例100.0%；距大型綠地113m",
        "2021面積_ha": 1.26,
        "2022面積_ha": 1.26,
        "2023面積_ha": 1.26
      }
    },
    {
      "type": "Feature",
      "geometry": {
        "type": "Polygon",
        "coordinates": [
          [
            [
              121.8711439801497,
              24.909179835260026
            ],
            [
              121.87120738801448,
              24.91820727419881
            ],
            [
              121.88110655463313,
              24.918149107678683
            ],
            [
              121.88108062784617,
              24.914499881695622
            ],
            [
              121.87988960000001,
              24.913920499999993
            ],
            [
              121.87952000000001,
              24.913740699999998
            ],
            [
              121.878976,
              24.9132773
            ],
            [
              121.87862919999999,
              24.912874099999996
            ],
            [
              121.8787719,
              24.912654099999997
            ],
            [
              121.87863880000002,
              24.912583200000004
            ],
            [
              121.87842589999998,
              24.912581900000003
            ],
            [
              121.87816420000001,
              24.912103699999996
            ],
            [
              121.8779039,
              24.911798899999997
            ],
            [
              121.87770819999999,
              24.910812399999998
            ],
            [
              121.8776677,
              24.9107389
            ],
            [
              121.87758660000001,
              24.910746499999995
            ],
            [
              121.8775055,
              24.9105856
            ],
            [
              121.87770990000001,
              24.9104768
            ],
            [
              121.8776609,
              24.910392499999997
            ],
            [
              121.87756170000002,
              24.9103539
            ],
            [
              121.8774902,
              24.9103067
            ],
            [
              121.8773956,
              24.910348099999997
            ],
            [
              121.87740910000001,
              24.910412499999996
            ],
            [
              121.87735,
              24.910463
            ],
            [
              121.87730949999998,
              24.910400200000005
            ],
            [
              121.8771101,
              24.910472199999997
            ],
            [
              121.8769809,
              24.9104478
            ],
            [
              121.8765706,
              24.9103293
            ],
            [
              121.8757423,
              24.9096396
            ],
            [
              121.8753373,
              24.9092759
            ],
            [
              121.8751497351099,
              24.90915638492783
            ],
            [
              121.8711439801497,
              24.909179835260026
            ]
          ]
        ]
      },
      "properties": {
        "grid_id": "G067_056",
        "綠地類型": "公園／都市綠地",
        "中心經度": 121.875211,
        "中心緯度": 24.913533,
        "分析面積_km2": 0.845,
        "2020面積_ha": 3.51,
        "2024面積_ha": 3.24,
        "面積減少率_pct": 7.69,
        "2020斑塊數": 1,
        "2024斑塊數": 1,
        "斑塊數增加率_pct": 0.0,
        "2020平均斑塊面積_ha": 3.51,
        "2024平均斑塊面積_ha": 3.24,
        "平均斑塊面積下降率_pct": 7.69,
        "道路切割密度_km_per_km2": 4.473,
        "建成區邊界切割密度_km_per_km2": 0.0,
        "孤立小斑塊比例_pct": 0.0,
        "距大型連續綠地平均距離_m": 4710.2,
        "score_面積減少": 68.25726141078839,
        "score_斑塊增加": 42.531120331950206,
        "score_平均斑塊縮小": 63.90041493775933,
        "score_道路建成區切割": 23.651452282157678,
        "score_孤立比例": 20.539419087136928,
        "score_距大型綠地": 85.68464730290457,
        "綜合破碎化分數": 50.8,
        "破碎化等級": "中",
        "判定原因": "面積減少7.7%；斑塊增加0.0%；平均斑塊縮小7.7%；道路密度4.47 km/km²；孤立比例0.0%；距大型綠地4710m",
        "2021面積_ha": 3.15,
        "2022面積_ha": 3.33,
        "2023面積_ha": 2.79
      }
    },
    {
      "type": "Feature",
      "geometry": {
        "type": "Polygon",
        "coordinates": [
          [
            [
              121.89120042392236,
              24.945172390296467
            ],
            [
              121.90110169079584,
              24.945112836463466
            ],
            [
              121.90106392488724,
              24.939921402804078
            ],
            [
              121.89905040000001,
              24.939998800000005
            ],
            [
              121.8989734,
              24.940328099999995
            ],
            [
              121.8987416,
              24.9405568
            ],
            [
              121.8985477,
              24.940638099999997
            ],
            [
              121.8984775,
              24.940650599999998
            ],
            [
              121.8984952,
              24.940870299999993
            ],
            [
              121.8984238,
              24.9410487
            ],
            [
              121.8981554,
              24.941103999999992
            ],
            [
              121.8976563,
              24.941105699999998
            ],
            [
              121.8974072,
              24.9411151
            ],
            [
              121.8969642,
              24.941142899999996
            ],
            [
              121.8965045,
              24.941082999999995
            ],
            [
              121.8961061,
              24.940934899999995
            ],
            [
              121.89549930000001,
              24.9407616
            ],
            [
              121.89482060000002,
              24.940728599999996
            ],
            [
              121.89416350000002,
              24.940505699999996
            ],
            [
              121.8936711,
              24.940162899999997
            ],
            [
              121.89322000000001,
              24.939470000000004
            ],
            [
              121.89290469999999,
              24.938970399999995
            ],
            [
              121.8922397,
              24.9386239
            ],
            [
              121.8915831,
              24.9383602
            ],
            [
              121.89115008318842,
              24.938175162003674
            ],
            [
              121.89120042392236,
              24.945172390296467
            ]
          ]
        ]
      },
      "properties": {
        "grid_id": "G070_058",
        "綠地類型": "公園／都市綠地",
        "中心經度": 121.896137,
        "中心緯度": 24.943145,
        "分析面積_km2": 0.566,
        "2020面積_ha": 0.9,
        "2024面積_ha": 0.81,
        "面積減少率_pct": 10.0,
        "2020斑塊數": 1,
        "2024斑塊數": 1,
        "斑塊數增加率_pct": 0.0,
        "2020平均斑塊面積_ha": 0.9,
        "2024平均斑塊面積_ha": 0.81,
        "平均斑塊面積下降率_pct": 10.0,
        "道路切割密度_km_per_km2": 9.062,
        "建成區邊界切割密度_km_per_km2": 0.371,
        "孤立小斑塊比例_pct": 100.0,
        "距大型連續綠地平均距離_m": 8461.2,
        "score_面積減少": 70.74688796680498,
        "score_斑塊增加": 42.531120331950206,
        "score_平均斑塊縮小": 64.73029045643153,
        "score_道路建成區切割": 75.51867219917011,
        "score_孤立比例": 80.29045643153528,
        "score_距大型綠地": 96.2655601659751,
        "綜合破碎化分數": 71.7,
        "破碎化等級": "高",
        "判定原因": "面積減少10.0%；斑塊增加0.0%；平均斑塊縮小10.0%；道路密度9.06 km/km²；孤立比例100.0%；距大型綠地8461m",
        "2021面積_ha": 1.08,
        "2022面積_ha": 0.54,
        "2023面積_ha": 0.81
      }
    },
    {
      "type": "Feature",
      "geometry": {
        "type": "Polygon",
        "coordinates": [
          [
            [
              121.92103843934002,
              24.963046289080093
            ],
            [
              121.92110564345208,
              24.972073539252243
            ],
            [
              121.93100897965498,
              24.972011936275475
            ],
            [
              121.93100837871334,
              24.971932092068748
            ],
            [
              121.9309753,
              24.9719175
            ],
            [
              121.9303562,
              24.9716102
            ],
            [
              121.9301073,
              24.971403499999994
            ],
            [
              121.92982519999998,
              24.971250800000004
            ],
            [
              121.92961330000001,
              24.9711497
            ],
            [
              121.9293788,
              24.971021299999997
            ],
            [
              121.9292093,
              24.9709343
            ],
            [
              121.92907089999999,
              24.970829199999994
            ],
            [
              121.9289261,
              24.9706858
            ],
            [
              121.9286836,
              24.97044989999999
            ],
            [
              121.92842669999999,
              24.97026749999999
            ],
            [
              121.9279955,
              24.9700821
            ],
            [
              121.92750719999998,
              24.969935399999997
            ],
            [
              121.92675890000001,
              24.969647999999996
            ],
            [
              121.92646600000002,
              24.9695099
            ],
            [
              121.9257428,
              24.9688816
            ],
            [
              121.9254344,
              24.968487199999995
            ],
            [
              121.9250508,
              24.968033999999992
            ],
            [
              121.9247737,
              24.967708799999993
            ],
            [
              121.9246967,
              24.9676126
            ],
            [
              121.92444170000002,
              24.967287300000002
            ],
            [
              121.92407610000001,
              24.966780700000005
            ],
            [
              121.92374989999999,
              24.96646
            ],
            [
              121.92363890000001,
              24.966272999999997
            ],
            [
              121.923404,
              24.965947699999997
            ],
            [
              121.92325270000002,
              24.965774499999995
            ],
            [
              121.92311110000001,
              24.9654832
            ],
            [
              121.92275110000001,
              24.9649887
            ],
            [
              121.92262990000002,
              24.964649899999994
            ],
            [
              121.92251019999999,
              24.964339399999997
            ],
            [
              121.9224105,
              24.964113799999993
            ],
            [
              121.9220544,
              24.963236699999992
            ],
            [
              121.92214689999999,
              24.963123799999998
            ],
            [
              121.92220639999998,
              24.963051199999995
            ],
            [
              121.92221638570211,
              24.963038998729015
            ],
            [
              121.92103843934002,
              24.963046289080093
            ]
          ]
        ]
      },
      "properties": {
        "grid_id": "G073_061",
        "綠地類型": "公園／都市綠地",
        "中心經度": 121.92282,
        "中心緯度": 24.967461,
        "分析面積_km2": 0.436,
        "2020面積_ha": 0.27,
        "2024面積_ha": 0.36,
        "面積減少率_pct": 0.0,
        "2020斑塊數": 1,
        "2024斑塊數": 2,
        "斑塊數增加率_pct": 100.0,
        "2020平均斑塊面積_ha": 0.27,
        "2024平均斑塊面積_ha": 0.18,
        "平均斑塊面積下降率_pct": 33.33,
        "道路切割密度_km_per_km2": 14.256,
        "建成區邊界切割密度_km_per_km2": 0.275,
        "孤立小斑塊比例_pct": 100.0,
        "距大型連續綠地平均距離_m": 12616.9,
        "score_面積減少": 29.87551867219917,
        "score_斑塊增加": 95.0207468879668,
        "score_平均斑塊縮小": 70.33195020746888,
        "score_道路建成區切割": 85.06224066390041,
        "score_孤立比例": 80.29045643153528,
        "score_距大型綠地": 98.7551867219917,
        "綜合破碎化分數": 76.6,
        "破碎化等級": "高",
        "判定原因": "面積減少0.0%；斑塊增加100.0%；平均斑塊縮小33.3%；道路密度14.26 km/km²；孤立比例100.0%；距大型綠地12617m",
        "2021面積_ha": 0.27,
        "2022面積_ha": 0.18,
        "2023面積_ha": 0.27
      }
    },
    {
      "type": "Feature",
      "geometry": {
        "type": "Polygon",
        "coordinates": [
          [
            [
              121.96080780808155,
              24.983281367393204
            ],
            [
              121.96048400000001,
              24.983283700000005
            ],
            [
              121.96017940000002,
              24.983151599999992
            ],
            [
              121.9598896,
              24.9831362
            ],
            [
              121.95957849999999,
              24.983107800000003
            ],
            [
              121.959435,
              24.983066499999996
            ],
            [
              121.9592786,
              24.983061199999998
            ],
            [
              121.9591145,
              24.9829862
            ],
            [
              121.9589744,
              24.9829443
            ],
            [
              121.9587186,
              24.982926699999997
            ],
            [
              121.95833,
              24.9828643
            ],
            [
              121.95780389999999,
              24.982670399999993
            ],
            [
              121.95742890000001,
              24.982674399999997
            ],
            [
              121.95703340000001,
              24.982819799999998
            ],
            [
              121.9563759,
              24.982740599999993
            ],
            [
              121.9561281,
              24.982558999999995
            ],
            [
              121.95594,
              24.982389999999995
            ],
            [
              121.9549941,
              24.9820034
            ],
            [
              121.954774,
              24.981822499999993
            ],
            [
              121.95467,
              24.9816
            ],
            [
              121.9545959,
              24.981177200000005
            ],
            [
              121.95435357396869,
              24.980891716024566
            ],
            [
              121.95088495757928,
              24.980913917033995
            ],
            [
              121.95094233742589,
              24.988373766270424
            ],
            [
              121.95111540000002,
              24.988366899999995
            ],
            [
              121.9512725,
              24.988343599999997
            ],
            [
              121.95139290000002,
              24.988309999999995
            ],
            [
              121.9517229,
              24.988195599999994
            ],
            [
              121.95191799999999,
              24.9881427
            ],
            [
              121.95198460000002,
              24.988153299999993
            ],
            [
              121.9521521,
              24.9882375
            ],
            [
              121.95224629999998,
              24.988285499999996
            ],
            [
              121.9523914,
              24.988321299999996
            ],
            [
              121.95248840000001,
              24.9883243
            ],
            [
              121.9525413,
              24.988329999999998
            ],
            [
              121.95264310000002,
              24.988296699999996
            ],
            [
              121.95296959999999,
              24.988062
            ],
            [
              121.95304790000002,
              24.988027799999998
            ],
            [
              121.9531222,
              24.9880184
            ],
            [
              121.9532676,
              24.988031199999998
            ],
            [
              121.95334730000002,
              24.9880627
            ],
            [
              121.9534371,
              24.988119700000002
            ],
            [
              121.9535082,
              24.988197599999992
            ],
            [
              121.95370499999999,
              24.98834869999999
            ],
            [
              121.95385190000002,
              24.988354199999996
            ],
            [
              121.9539875,
              24.988345399999993
            ],
            [
              121.9543393,
              24.9882841
            ],
            [
              121.9544614,
              24.9882926
            ],
            [
              121.9547452,
              24.988364699999998
            ],
            [
              121.95485740000001,
              24.988383099999997
            ],
            [
              121.95500070000001,
              24.9883745
            ],
            [
              121.9551336,
              24.9883799
            ],
            [
              121.9553478,
              24.988358899999998
            ],
            [
              121.9555773,
              24.988326199999996
            ],
            [
              121.9558179,
              24.9882588
            ],
            [
              121.95607870000002,
              24.9880341
            ],
            [
              121.9562103,
              24.988002899999994
            ],
            [
              121.95645790000002,
              24.9880111
            ],
            [
              121.95679880000002,
              24.988022299999994
            ],
            [
              121.95691640000001,
              24.988013399999996
            ],
            [
              121.9570117,
              24.9879688
            ],
            [
              121.95729060000001,
              24.98775729999999
            ],
            [
              121.95738839999999,
              24.987697399999995
            ],
            [
              121.9574512,
              24.9876632
            ],
            [
              121.95751430000001,
              24.987625999999995
            ],
            [
              121.95756110000002,
              24.987597800000003
            ],
            [
              121.9576341,
              24.987580500000004
            ],
            [
              121.95774830000002,
              24.9875136
            ],
            [
              121.95782070000001,
              24.9874884
            ],
            [
              121.95809760000002,
              24.9873341
            ],
            [
              121.95815999999999,
              24.9873154
            ],
            [
              121.95822720000001,
              24.987329599999995
            ],
            [
              121.95831099999998,
              24.9873823
            ],
            [
              121.95844020000001,
              24.987479299999997
            ],
            [
              121.95864810000002,
              24.987633
            ],
            [
              121.95872190000001,
              24.987706499999998
            ],
            [
              121.9589045,
              24.987808899999997
            ],
            [
              121.9590453,
              24.98784549999999
            ],
            [
              121.95911700000002,
              24.9878597
            ],
            [
              121.9593141,
              24.9879232
            ],
            [
              121.95937519999998,
              24.987973899999997
            ],
            [
              121.9595238,
              24.988126899999997
            ],
            [
              121.95962830000002,
              24.988227700000003
            ],
            [
              121.95973,
              24.988299099999995
            ],
            [
              121.9598461,
              24.988396200000007
            ],
            [
              121.95994000000002,
              24.988438399999996
            ],
            [
              121.9600024,
              24.98845929999999
            ],
            [
              121.96012010000001,
              24.988455299999988
            ],
            [
              121.9604118,
              24.988283599999995
            ],
            [
              121.9605061,
              24.988236699999987
            ],
            [
              121.96061609999998,
              24.988218299999996
            ],
            [
              121.9608181,
              24.9882272
            ],
            [
              121.9608463566372,
              24.9882410240269
            ],
            [
              121.96080780808155,
              24.983281367393204
            ]
          ]
        ]
      },
      "properties": {
        "grid_id": "G075_064",
        "綠地類型": "公園／都市綠地",
        "中心經度": 121.955871,
        "中心緯度": 24.985322,
        "分析面積_km2": 0.69,
        "2020面積_ha": 4.5,
        "2024面積_ha": 4.14,
        "面積減少率_pct": 8.0,
        "2020斑塊數": 1,
        "2024斑塊數": 1,
        "斑塊數增加率_pct": 0.0,
        "2020平均斑塊面積_ha": 5.58,
        "2024平均斑塊面積_ha": 5.22,
        "平均斑塊面積下降率_pct": 6.45,
        "道路切割密度_km_per_km2": 6.432,
        "建成區邊界切割密度_km_per_km2": 0.391,
        "孤立小斑塊比例_pct": 0.0,
        "距大型連續綠地平均距離_m": 15630.4,
        "score_面積減少": 68.87966804979253,
        "score_斑塊增加": 42.531120331950206,
        "score_平均斑塊縮小": 62.655601659751035,
        "score_道路建成區切割": 67.01244813278008,
        "score_孤立比例": 20.539419087136928,
        "score_距大型綠地": 100.0,
        "綜合破碎化分數": 60.3,
        "破碎化等級": "高",
        "判定原因": "面積減少8.0%；斑塊增加0.0%；平均斑塊縮小6.5%；道路密度6.43 km/km²；孤立比例0.0%；距大型綠地15630m",
        "2021面積_ha": 4.86,
        "2022面積_ha": 2.79,
        "2023面積_ha": 3.87
      }
    }
  ],
  "metadata": {
    "task_id": "yilan-green-fragmentation-2020-2024",
    "generated_at": "2026-09-25T00:05:23.928262+00:00",
    "years": [
      2020,
      2021,
      2022,
      2023,
      2024
    ],
    "analysis_resolution_m": 30.0,
    "grid_size_m": 1000.0,
    "small_patch_ha": 2.0,
    "large_patch_ha": 10.0,
    "sources": [
      {
        "name": "OpenStreetMap Nominatim",
        "role": "宜蘭縣界",
        "url": "https://nominatim.openstreetmap.org/search"
      },
      {
        "name": "Impact Observatory 10m Annual LULC 2020",
        "role": "年度土地覆蓋",
        "url": "https://s3.us-west-2.amazonaws.com/io-10m-annual-lulc/51R_2020.tif",
        "item_id": "51R-2020"
      },
      {
        "name": "Impact Observatory 10m Annual LULC 2021",
        "role": "年度土地覆蓋",
        "url": "https://s3.us-west-2.amazonaws.com/io-10m-annual-lulc/51R_2021.tif",
        "item_id": "51R-2021"
      },
      {
        "name": "Impact Observatory 10m Annual LULC 2022",
        "role": "年度土地覆蓋",
        "url": "https://s3.us-west-2.amazonaws.com/io-10m-annual-lulc/51R_2022.tif",
        "item_id": "51R-2022"
      },
      {
        "name": "Impact Observatory 10m Annual LULC 2023",
        "role": "年度土地覆蓋",
        "url": "https://io-10m-annual-lulc.s3.us-west-2.amazonaws.com/51R_2023.tif",
        "item_id": "51R-2023"
      },
      {
        "name": "Impact Observatory 10m Annual LULC 2024",
        "role": "年度土地覆蓋",
        "url": "https://io-10m-annual-lulc.s3.us-west-2.amazonaws.com/51R_2024.tif",
        "item_id": "51R-2024"
      },
      {
        "name": "NLSC 國土利用現況調查",
        "role": "臺灣官方分類／資料可得性參考",
        "url": "https://www.nlsc.gov.tw/"
      },
      {
        "name": "OpenStreetMap Overpass",
        "role": "道路切割",
        "url": "https://overpass-api.de/api/interpreter"
      },
      {
        "name": "OpenStreetMap Overpass",
        "role": "河川沿岸範圍",
        "url": "https://overpass-api.de/api/interpreter"
      },
      {
        "name": "OpenStreetMap Overpass",
        "role": "公園／都市綠地範圍",
        "url": "https://overpass-api.de/api/interpreter"
      }
    ],
    "notes": [
      "NLSC 國土利用 WFS 與歷年比較 API 為申請／綁定服務，本次年度變化改用免申請、可重現的 Impact Observatory 年度 LULC。",
      "免費年度 LULC 完整資料目前至 2024，因此近五年採 2020、2021、2022、2023、2024 五個年度。"
    ],
    "substitutions": [],
    "screening_only": true
  }
}