schoolKey,schoolId,schoolName,sourceZone,schoolDataMonth,sensitiveAreaIds,sensitiveAreaTypes,sensitiveAreaNames,sensitiveAreaCount,longitude,latitude,analysisPredicate,analysisRole
NLSC-121-8,8,世新大學,121,202310,L0001,山崩與地滑地質敏感區,臺北市,1,121.5478594,24.9894763,school campus polygon intersects official sensitive-area polygon,SCREENING_REFERENCE
NLSC-121-5,5,中國科技大學臺北校區,121,202509,L0001,山崩與地滑地質敏感區,臺北市,1,121.5548215,24.9981471,school campus polygon intersects official sensitive-area polygon,SCREENING_REFERENCE
NLSC-121-2238,2238,中國醫藥大學,121,202508,G0005,地下水補注地質敏感區,臺中盆地,1,120.6601632,24.1806652,school campus polygon intersects official sensitive-area polygon,SCREENING_REFERENCE
NLSC-121-599,599,中國醫藥大學,121,202601,G0005,地下水補注地質敏感區,臺中盆地,1,120.6798714,24.1562506,school campus polygon intersects official sensitive-area polygon,SCREENING_REFERENCE
NLSC-121-2203,2203,中國醫藥大學1,121,202508,G0005,地下水補注地質敏感區,臺中盆地,1,120.6593602,24.1791311,school campus polygon intersects official sensitive-area polygon,SCREENING_REFERENCE
NLSC-121-589,589,中國醫藥大學1,121,202601,G0005,地下水補注地質敏感區,臺中盆地,1,120.6807407,24.1554345,school campus polygon intersects official sensitive-area polygon,SCREENING_REFERENCE
NLSC-121-408,408,中山醫學大學,121,202512,G0005,地下水補注地質敏感區,臺中盆地,1,120.6509168,24.1225546,school campus polygon intersects official sensitive-area polygon,SCREENING_REFERENCE
NLSC-121-395,395,中山醫學大學大慶校區,121,202601,G0005,地下水補注地質敏感區,臺中盆地,1,120.6513953,24.1183820,school campus polygon intersects official sensitive-area polygon,SCREENING_REFERENCE
NLSC-121-739,739,中臺科技大學,121,202601,F0001、G0005,地下水補注地質敏感區、活動斷層地質敏感區,臺中盆地、車籠埔斷層,2,120.7357798,24.1727903,school campus polygon intersects official sensitive-area polygon,SCREENING_REFERENCE
NLSC-121-1,1,中華大學,121,202308,L0012,山崩與地滑地質敏感區,新竹縣市,1,120.9530758,24.7598113,school campus polygon intersects official sensitive-area polygon,SCREENING_REFERENCE
NLSC-121-7,7,中華科技大學臺北校區,121,202310,L0001,山崩與地滑地質敏感區,臺北市,1,121.6101372,25.0323295,school campus polygon intersects official sensitive-area polygon,SCREENING_REFERENCE
NLSC-121-1048,1048,亞洲大學,121,202201,G0005,地下水補注地質敏感區,臺中盆地,1,120.6858675,24.0465029,school campus polygon intersects official sensitive-area polygon,SCREENING_REFERENCE
NLSC-121-1049,1049,亞洲大學1,121,201308,G0005,地下水補注地質敏感區,臺中盆地,1,120.6882673,24.0481660,school campus polygon intersects official sensitive-area polygon,SCREENING_REFERENCE
NLSC-121-1,1,佛光大學,121,202407,L0016,山崩與地滑地質敏感區,宜蘭縣,1,121.7261122,24.8157805,school campus polygon intersects official sensitive-area polygon,SCREENING_REFERENCE
NLSC-121-2332,2332,僑光科技大學,121,202401,G0005,地下水補注地質敏感區,臺中盆地,1,120.6438205,24.1889310,school campus polygon intersects official sensitive-area polygon,SCREENING_REFERENCE
NLSC-121-1541,1541,光華學校財團法人臺中市光華高級工業職業學校,121,202201,F0001、L0003,山崩與地滑地質敏感區、活動斷層地質敏感區,臺中市、車籠埔斷層,2,120.7376784,24.1383993,school campus polygon intersects official sensitive-area polygon,SCREENING_REFERENCE
NLSC-121-11,11,南投縣仁愛鄉力行國民小學翠巒分校,121,201901,L0002,山崩與地滑地質敏感區,南投縣-02,1,121.2002046,24.1798404,school campus polygon intersects official sensitive-area polygon,SCREENING_REFERENCE
NLSC-121-18,18,南投縣仁愛鄉南豐國民小學,121,202410,L0002,山崩與地滑地質敏感區,南投縣-02,1,121.0786293,24.0001109,school campus polygon intersects official sensitive-area polygon,SCREENING_REFERENCE
NLSC-121-28,28,南投縣仁愛鄉廬山國民小學,121,202410,L0002,山崩與地滑地質敏感區,南投縣-02,1,121.1864815,24.0349926,school campus polygon intersects official sensitive-area polygon,SCREENING_REFERENCE
NLSC-121-21,21,南投縣仁愛鄉清境國民小學,121,202410,L0002,山崩與地滑地質敏感區,南投縣-01,1,121.1585845,24.0445767,school campus polygon intersects official sensitive-area polygon,SCREENING_REFERENCE
NLSC-121-122,122,南投縣南投市僑建國民小學,121,202209,G0005,地下水補注地質敏感區,臺中盆地,1,120.6678034,23.9406546,school campus polygon intersects official sensitive-area polygon,SCREENING_REFERENCE
NLSC-121-114,114,南投縣南投市光復國民小學,121,202209,G0005,地下水補注地質敏感區,臺中盆地,1,120.7022287,23.9419351,school campus polygon intersects official sensitive-area polygon,SCREENING_REFERENCE
NLSC-121-116,116,南投縣南投市光榮國民小學,121,201901,G0005,地下水補注地質敏感區,臺中盆地,1,120.6972561,23.9462402,school campus polygon intersects official sensitive-area polygon,SCREENING_REFERENCE
NLSC-121-115,115,南投縣南投市光華國民小學,121,201901,G0005,地下水補注地質敏感區,臺中盆地,1,120.6910314,23.9530898,school campus polygon intersects official sensitive-area polygon,SCREENING_REFERENCE
NLSC-121-111,111,南投縣南投市千秋國民小學,121,201901,F0001,活動斷層地質敏感區,車籠埔斷層,1,120.7132706,23.8915709,school campus polygon intersects official sensitive-area polygon,SCREENING_REFERENCE
NLSC-121-119,119,南投縣南投市南投國民中學1,121,201712,G0005,地下水補注地質敏感區,臺中盆地,1,120.6746812,23.9131897,school campus polygon intersects official sensitive-area polygon,SCREENING_REFERENCE
NLSC-121-118,118,南投縣南投市南投國民小學,121,202209,G0005,地下水補注地質敏感區,臺中盆地,1,120.6843714,23.9059648,school campus polygon intersects official sensitive-area polygon,SCREENING_REFERENCE
NLSC-121-123,123,南投縣南投市嘉和國民小學,121,202209,G0005,地下水補注地質敏感區,臺中盆地,1,120.6844370,23.8966549,school campus polygon intersects official sensitive-area polygon,SCREENING_REFERENCE
NLSC-121-113,113,南投縣南投市平和國民小學,121,202209,G0005,地下水補注地質敏感區,臺中盆地,1,120.6915877,23.9131768,school campus polygon intersects official sensitive-area polygon,SCREENING_REFERENCE
NLSC-121-120,120,南投縣南投市康壽國民小學,121,201901,G0005,地下水補注地質敏感區,臺中盆地,1,120.6856833,23.9128436,school campus polygon intersects official sensitive-area polygon,SCREENING_REFERENCE
NLSC-121-126,126,南投縣南投市德興國民小學,121,202209,G0005,地下水補注地質敏感區,臺中盆地,1,120.6930369,23.9321371,school campus polygon intersects official sensitive-area polygon,SCREENING_REFERENCE
NLSC-121-112,112,南投縣南投市文山國民小學,121,202209,G0005,地下水補注地質敏感區,臺中盆地,1,120.6376628,23.9065110,school campus polygon intersects official sensitive-area polygon,SCREENING_REFERENCE
NLSC-121-121,121,南投縣南投市新豐國民小學,121,202209,G0005,地下水補注地質敏感區,臺中盆地,1,120.6726277,23.9287176,school campus polygon intersects official sensitive-area polygon,SCREENING_REFERENCE
NLSC-121-124,124,南投縣南投市漳和國民小學,121,202209,G0005,地下水補注地質敏感區,臺中盆地,1,120.6770481,23.9129882,school campus polygon intersects official sensitive-area polygon,SCREENING_REFERENCE
NLSC-121-125,125,南投縣南投市漳興國民小學,121,202209,G0005,地下水補注地質敏感區,臺中盆地,1,120.6809796,23.9180771,school campus polygon intersects official sensitive-area polygon,SCREENING_REFERENCE
NLSC-121-127,127,南投縣南投市營盤國民小學,121,202209,G0005,地下水補注地質敏感區,臺中盆地,1,120.6754258,23.9444524,school campus polygon intersects official sensitive-area polygon,SCREENING_REFERENCE
NLSC-121-117,117,南投縣南投市西嶺國民小學,121,201901,G0005,地下水補注地質敏感區,臺中盆地,1,120.6386897,23.9251608,school campus polygon intersects official sensitive-area polygon,SCREENING_REFERENCE
NLSC-121-68,68,南投縣名間鄉中山國民小學,121,202209,G0005,地下水補注地質敏感區,臺中盆地,1,120.6619341,23.8365096,school campus polygon intersects official sensitive-area polygon,SCREENING_REFERENCE
NLSC-121-74,74,南投縣名間鄉僑興國民小學,121,202410,G0005,地下水補注地質敏感區,臺中盆地,1,120.6942178,23.8583580,school campus polygon intersects official sensitive-area polygon,SCREENING_REFERENCE
NLSC-121-70,70,南投縣名間鄉名崗國民小學,121,202209,G0005,地下水補注地質敏感區,臺中盆地,1,120.6462974,23.8701186,school campus polygon intersects official sensitive-area polygon,SCREENING_REFERENCE
NLSC-121-71,71,南投縣名間鄉名間國民小學,121,202209,G0005,地下水補注地質敏感區,臺中盆地,1,120.6977676,23.8445470,school campus polygon intersects official sensitive-area polygon,SCREENING_REFERENCE
NLSC-121-67,67,南投縣名間鄉弓鞋國民小學,121,202209,G0005,地下水補注地質敏感區,臺中盆地,1,120.6312180,23.8421888,school campus polygon intersects official sensitive-area polygon,SCREENING_REFERENCE
NLSC-121-73,73,南投縣名間鄉新街國民小學,121,202209,G0005,地下水補注地質敏感區,臺中盆地,1,120.6922135,23.8762117,school campus polygon intersects official sensitive-area polygon,SCREENING_REFERENCE
NLSC-121-69,69,南投縣名間鄉田豐國民小學,121,202209,G0005,地下水補注地質敏感區,臺中盆地,1,120.6763877,23.8705274,school campus polygon intersects official sensitive-area polygon,SCREENING_REFERENCE
NLSC-121-89,89,南投縣私立三育高級中學,121,202408,L0002,山崩與地滑地質敏感區,南投縣-02,1,120.9353517,23.9081436,school campus polygon intersects official sensitive-area polygon,SCREENING_REFERENCE
NLSC-121-90,90,南投縣私立五育高級中學,121,202209,G0005,地下水補注地質敏感區,臺中盆地,1,120.6716061,23.8937881,school campus polygon intersects official sensitive-area polygon,SCREENING_REFERENCE
NLSC-121-92,92,南投縣私立同德高級中等學校,121,202410,F0001,活動斷層地質敏感區,車籠埔斷層,1,120.6952867,23.9985293,school campus polygon intersects official sensitive-area polygon,SCREENING_REFERENCE
NLSC-121-91,91,南投縣私立弘明實驗高級中學,121,202209,G0005,地下水補注地質敏感區,臺中盆地,1,120.6974876,23.8579976,school campus polygon intersects official sensitive-area polygon,SCREENING_REFERENCE
NLSC-121-35,35,南投縣立三光國民中學,121,202209,G0005,地下水補注地質敏感區,臺中盆地,1,120.6687283,23.8503766,school campus polygon intersects official sensitive-area polygon,SCREENING_REFERENCE
NLSC-121-38,38,南投縣立中興國民中學,121,202209,G0005,地下水補注地質敏感區,臺中盆地,1,120.6944020,23.9312042,school campus polygon intersects official sensitive-area polygon,SCREENING_REFERENCE
NLSC-121-55,55,南投縣立南崗國民中學,121,202209,G0005,地下水補注地質敏感區,臺中盆地,1,120.6841984,23.8951002,school campus polygon intersects official sensitive-area polygon,SCREENING_REFERENCE
NLSC-121-54,54,南投縣立南投國民中學,121,202209,G0005,地下水補注地質敏感區,臺中盆地,1,120.6754512,23.9124963,school campus polygon intersects official sensitive-area polygon,SCREENING_REFERENCE
NLSC-121-46,46,南投縣立名間國民中學,121,202209,G0005,地下水補注地質敏感區,臺中盆地,1,120.6950251,23.8448142,school campus polygon intersects official sensitive-area polygon,SCREENING_REFERENCE
NLSC-121-40,40,南投縣立日新國民中學,121,202209,G0005,地下水補注地質敏感區,臺中盆地,1,120.6769350,23.9956501,school campus polygon intersects official sensitive-area polygon,SCREENING_REFERENCE
NLSC-121-66,66,南投縣立營北國民中學,121,202209,G0005,地下水補注地質敏感區,臺中盆地,1,120.6865246,23.9521098,school campus polygon intersects official sensitive-area polygon,SCREENING_REFERENCE
NLSC-121-63,63,南投縣立瑞竹國民中學,121,201810,F0008,活動斷層地質敏感區,大尖山斷層,1,120.6718644,23.6675045,school campus polygon intersects official sensitive-area polygon,SCREENING_REFERENCE
NLSC-121-57,57,南投縣立草屯國民中學,121,201811,G0005,地下水補注地質敏感區,臺中盆地,1,120.6868157,23.9772503,school campus polygon intersects official sensitive-area polygon,SCREENING_REFERENCE
NLSC-121-65,65,南投縣立鳳鳴國民中學,121,202209,G0005,地下水補注地質敏感區,臺中盆地,1,120.6398800,23.9249825,school campus polygon intersects official sensitive-area polygon,SCREENING_REFERENCE
NLSC-121-75,75,南投縣竹山鎮大鞍國民小學,121,202008,L0002,山崩與地滑地質敏感區,南投縣-02,1,120.7169088,23.6989167,school campus polygon intersects official sensitive-area polygon,SCREENING_REFERENCE
NLSC-121-81,81,南投縣竹山鎮延平國民小學,121,202410,F0001,活動斷層地質敏感區,車籠埔斷層,1,120.7077715,23.7682493,school campus polygon intersects official sensitive-area polygon,SCREENING_REFERENCE
NLSC-121-153,153,南投縣草屯鎮僑光國民小學,121,202209,G0005,地下水補注地質敏感區,臺中盆地,1,120.6862335,23.9932794,school campus polygon intersects official sensitive-area polygon,SCREENING_REFERENCE
NLSC-121-144,144,南投縣草屯鎮北投國民小學,121,202209,G0005,地下水補注地質敏感區,臺中盆地,1,120.6580282,23.9867556,school campus polygon intersects official sensitive-area polygon,SCREENING_REFERENCE
NLSC-121-151,151,南投縣草屯鎮敦和國民小學,121,202209,G0005,地下水補注地質敏感區,臺中盆地,1,120.6776998,23.9819167,school campus polygon intersects official sensitive-area polygon,SCREENING_REFERENCE
NLSC-121-152,152,南投縣草屯鎮新庄國民小學,121,202209,G0005,地下水補注地質敏感區,臺中盆地,1,120.6680402,23.9957216,school campus polygon intersects official sensitive-area polygon,SCREENING_REFERENCE
NLSC-121-147,147,南投縣草屯鎮炎峰國民小學,121,202410,G0005,地下水補注地質敏感區,臺中盆地,1,120.6847615,23.9749491,school campus polygon intersects official sensitive-area polygon,SCREENING_REFERENCE
NLSC-121-154,154,南投縣草屯鎮碧峰國民小學,121,202209,G0005,地下水補注地質敏感區,臺中盆地,1,120.6656620,23.9691688,school campus polygon intersects official sensitive-area polygon,SCREENING_REFERENCE
NLSC-121-149,149,南投縣草屯鎮草屯國民小學,121,202410,F0001、G0005,地下水補注地質敏感區、活動斷層地質敏感區,臺中盆地、車籠埔斷層,2,120.6870244,23.9815700,school campus polygon intersects official sensitive-area polygon,SCREENING_REFERENCE
NLSC-121-148,148,南投縣草屯鎮虎山國民小學,121,202209,G0005,地下水補注地質敏感區,臺中盆地,1,120.6849590,23.9634045,school campus polygon intersects official sensitive-area polygon,SCREENING_REFERENCE
NLSC-121-214,214,南華大學,121,202411,F0021、L0004,山崩與地滑地質敏感區、活動斷層地質敏感區,嘉義縣市、梅山斷層,2,120.4904108,23.5708198,school campus polygon intersects official sensitive-area polygon,SCREENING_REFERENCE
NLSC-121-4,4,台灣基督長老教會聖經學院,121,202203,F0005,活動斷層地質敏感區,新竹斷層,1,120.9725249,24.7924247,school campus polygon intersects official sensitive-area polygon,SCREENING_REFERENCE
NLSC-121-131,131,嘉義市東區興安國民小學,121,202410,G0006,地下水補注地質敏感區,嘉南平原,1,120.4556265,23.4592563,school campus polygon intersects official sensitive-area polygon,SCREENING_REFERENCE
NLSC-121-286,286,嘉義市私立立仁高級中學,121,201408,G0006,地下水補注地質敏感區,嘉南平原,1,120.4601946,23.4624752,school campus polygon intersects official sensitive-area polygon,SCREENING_REFERENCE
NLSC-121-51,51,嘉義市私立輔仁高級中學,121,202410,G0006,地下水補注地質敏感區,嘉南平原,1,120.4553842,23.4606791,school campus polygon intersects official sensitive-area polygon,SCREENING_REFERENCE
NLSC-121-2,2,嘉義市立大業實驗國民中學,121,202508,G0006,地下水補注地質敏感區,嘉南平原,1,120.4532827,23.4617602,school campus polygon intersects official sensitive-area polygon,SCREENING_REFERENCE
NLSC-121-313,313,嘉義縣中埔鄉和睦國民小學,121,201205,G0006,地下水補注地質敏感區,嘉南平原,1,120.4626450,23.4521890,school campus polygon intersects official sensitive-area polygon,SCREENING_REFERENCE
NLSC-121-332,332,嘉義縣中埔鄉和興國民小學,121,201205,G0006,地下水補注地質敏感區,嘉南平原,1,120.4538009,23.4425530,school campus polygon intersects official sensitive-area polygon,SCREENING_REFERENCE
NLSC-121-605,605,嘉義縣梅山鄉太興國民小學,121,201702,L0004,山崩與地滑地質敏感區,嘉義縣市,1,120.6341143,23.5424831,school campus polygon intersects official sensitive-area polygon,SCREENING_REFERENCE
NLSC-121-586,586,嘉義縣梅山鄉梅北國民小學,121,202209,F0021,活動斷層地質敏感區,梅山斷層,1,120.5514700,23.5876425,school campus polygon intersects official sensitive-area polygon,SCREENING_REFERENCE
NLSC-121-1,1,嘉義縣梅山鄉梅山國民小學,121,202512,F0013,活動斷層地質敏感區,九芎坑斷層,1,120.5602181,23.5803668,school campus polygon intersects official sensitive-area polygon,SCREENING_REFERENCE
NLSC-121-616,616,嘉義縣梅山鄉瑞峰國民小學,121,201205,L0004,山崩與地滑地質敏感區,嘉義縣市,1,120.6687380,23.5560339,school campus polygon intersects official sensitive-area polygon,SCREENING_REFERENCE
NLSC-121-617,617,嘉義縣梅山鄉瑞里國民小學,121,202207,L0004,山崩與地滑地質敏感區,嘉義縣市,1,120.6653039,23.5396888,school campus polygon intersects official sensitive-area polygon,SCREENING_REFERENCE
NLSC-121-226,226,嘉義縣民雄鄉大崎國民小學,121,202410,G0006,地下水補注地質敏感區,嘉南平原,1,120.4722899,23.5115657,school campus polygon intersects official sensitive-area polygon,SCREENING_REFERENCE
NLSC-121-148,148,嘉義縣水上鄉忠和國民小學,121,202410,G0006,地下水補注地質敏感區,嘉南平原,1,120.4480900,23.4263090,school campus polygon intersects official sensitive-area polygon,SCREENING_REFERENCE
NLSC-121-334,334,嘉義縣水上鄉成功國民小學,121,201408,G0006,地下水補注地質敏感區,嘉南平原,1,120.4759701,23.4319459,school campus polygon intersects official sensitive-area polygon,SCREENING_REFERENCE
NLSC-121-119,119,嘉義縣水上鄉柳林國民小學,121,202412,G0006,地下水補注地質敏感區,嘉南平原,1,120.4149651,23.4354683,school campus polygon intersects official sensitive-area polygon,SCREENING_REFERENCE
NLSC-121-530,530,嘉義縣番路鄉大湖國民小學,121,201205,L0004,山崩與地滑地質敏感區,嘉義縣市,1,120.6201475,23.4750308,school campus polygon intersects official sensitive-area polygon,SCREENING_REFERENCE
NLSC-121-22,22,嘉義縣番路鄉隙頂國民小學,121,202412,L0004,山崩與地滑地質敏感區,嘉義縣市,1,120.6601101,23.4298597,school campus polygon intersects official sensitive-area polygon,SCREENING_REFERENCE
NLSC-121-517,517,嘉義縣立大吉國民中學,121,201608,G0006,地下水補注地質敏感區,嘉南平原,1,120.4876349,23.5153021,school campus polygon intersects official sensitive-area polygon,SCREENING_REFERENCE
NLSC-121-242,242,嘉義縣立竹崎高級中學,121,202411,F0013,活動斷層地質敏感區,九芎坑斷層,1,120.5533501,23.5221827,school campus polygon intersects official sensitive-area polygon,SCREENING_REFERENCE
NLSC-121-23,23,嘉義縣立阿里山國民中小學,121,202412,L0004,山崩與地滑地質敏感區,嘉義縣市,1,120.7014437,23.4686682,school campus polygon intersects official sensitive-area polygon,SCREENING_REFERENCE
NLSC-121-24,24,嘉義縣竹崎鄉中和國民小學,121,202412,L0004,山崩與地滑地質敏感區,嘉義縣市,1,120.6979553,23.5018531,school campus polygon intersects official sensitive-area polygon,SCREENING_REFERENCE
NLSC-121-25,25,嘉義縣竹崎鄉中興國民小學,121,202412,L0004,山崩與地滑地質敏感區,嘉義縣市,1,120.6972378,23.4773083,school campus polygon intersects official sensitive-area polygon,SCREENING_REFERENCE
NLSC-121-258,258,嘉義縣竹崎鄉竹崎國民小學,121,202411,F0013,活動斷層地質敏感區,九芎坑斷層,1,120.5526801,23.5200084,school campus polygon intersects official sensitive-area polygon,SCREENING_REFERENCE
NLSC-121-26,26,嘉義縣豐山實驗教育學校,121,202412,L0004,山崩與地滑地質敏感區,嘉義縣市,1,120.7501456,23.5761515,school campus polygon intersects official sensitive-area polygon,SCREENING_REFERENCE
NLSC-121-620,620,嘉義縣阿里山鄉新美國民小學,121,202008,L0004,山崩與地滑地質敏感區,嘉義縣市,1,120.6831307,23.3376840,school campus polygon intersects official sensitive-area polygon,SCREENING_REFERENCE
NLSC-121-624,624,嘉義縣阿里山鄉香林國民小學,121,201808,L0004,山崩與地滑地質敏感區,嘉義縣市,1,120.8085858,23.5162302,school campus polygon intersects official sensitive-area polygon,SCREENING_REFERENCE
NLSC-121-78,78,國家漫畫博物館,121,202512,G0005,地下水補注地質敏感區,臺中盆地,1,120.6741970,24.1338737,school campus polygon intersects official sensitive-area polygon,SCREENING_REFERENCE
NLSC-121-1445,1445,國立中山大學,121,202309,L0006,山崩與地滑地質敏感區,高雄市,1,120.2665005,22.6290486,school campus polygon intersects official sensitive-area polygon,SCREENING_REFERENCE
NLSC-121-2124,2124,國立中山大學仁武校區,121,202212,F0003,活動斷層地質敏感區,旗山斷層,1,120.3493354,22.7128564,school campus polygon intersects official sensitive-area polygon,SCREENING_REFERENCE
NLSC-121-491,491,國立中正大學,121,202207,F0021,活動斷層地質敏感區,梅山斷層,1,120.4733577,23.5632729,school campus polygon intersects official sensitive-area polygon,SCREENING_REFERENCE
NLSC-121-890,890,國立中科實驗高級中學,121,202601,G0005,地下水補注地質敏感區,臺中盆地,1,120.6250932,24.2295966,school campus polygon intersects official sensitive-area polygon,SCREENING_REFERENCE
NLSC-121-407,407,國立中興大學,121,202601,G0005,地下水補注地質敏感區,臺中盆地,1,120.6757207,24.1205088,school campus polygon intersects official sensitive-area polygon,SCREENING_REFERENCE
NLSC-121-188,188,國立中興大學南投分部,121,202508,G0005,地下水補注地質敏感區,臺中盆地,1,120.6849017,23.9573707,school campus polygon intersects official sensitive-area polygon,SCREENING_REFERENCE
NLSC-121-1081,1081,國立中興大學葡萄中心,121,201509,F0001,活動斷層地質敏感區,車籠埔斷層,1,120.7225648,24.0778735,school campus polygon intersects official sensitive-area polygon,SCREENING_REFERENCE
NLSC-121-1080,1080,國立中興大學葡萄中心1,121,201509,F0001,活動斷層地質敏感區,車籠埔斷層,1,120.7218460,24.0771701,school campus polygon intersects official sensitive-area polygon,SCREENING_REFERENCE
NLSC-121-1400,1400,國立中興大學附屬臺中高級農業職業學校,121,201710,G0005,地下水補注地質敏感區,臺中盆地,1,120.6866456,24.1277731,school campus polygon intersects official sensitive-area polygon,SCREENING_REFERENCE
NLSC-121-1224,1224,國立中興大學附屬高級中學,121,202401,G0005,地下水補注地質敏感區,臺中盆地,1,120.6830733,24.1090107,school campus polygon intersects official sensitive-area polygon,SCREENING_REFERENCE
NLSC-121-190,190,國立中興高級中學,121,201706,F0001、G0005,地下水補注地質敏感區、活動斷層地質敏感區,臺中盆地、車籠埔斷層,2,120.6950870,23.9505582,school campus polygon intersects official sensitive-area polygon,SCREENING_REFERENCE
NLSC-121-166,166,國立內埔高級農工職業學校,121,202510,G0002,地下水補注地質敏感區,屏東平原,1,120.6421690,22.7086542,school campus polygon intersects official sensitive-area polygon,SCREENING_REFERENCE
NLSC-121-566,566,國立內埔高級農工職業學校食品加工科,121,202211,G0002,地下水補注地質敏感區,屏東平原,1,120.6398701,22.7046327,school campus polygon intersects official sensitive-area polygon,SCREENING_REFERENCE
NLSC-121-521,521,國立勤益科技大學,121,202601,G0005,地下水補注地質敏感區,臺中盆地,1,120.7300613,24.1450572,school campus polygon intersects official sensitive-area polygon,SCREENING_REFERENCE
NLSC-121-194,194,國立南投特殊教育學校,121,201810,G0005,地下水補注地質敏感區,臺中盆地,1,120.6911755,23.9433350,school campus polygon intersects official sensitive-area polygon,SCREENING_REFERENCE
NLSC-121-195,195,國立南投高級中學,121,202209,G0005,地下水補注地質敏感區,臺中盆地,1,120.6806266,23.9095023,school campus polygon intersects official sensitive-area polygon,SCREENING_REFERENCE
NLSC-121-196,196,國立南投高級商業職業學校,121,202209,G0005,地下水補注地質敏感區,臺中盆地,1,120.6840009,23.9029217,school campus polygon intersects official sensitive-area polygon,SCREENING_REFERENCE
NLSC-121-3,3,國立嘉義大學,121,202508,G0006,地下水補注地質敏感區,嘉南平原,1,120.4842683,23.4690184,school campus polygon intersects official sensitive-area polygon,SCREENING_REFERENCE
NLSC-121-1,1,國立基隆女子高級中學,121,202508,L0008,山崩與地滑地質敏感區,基隆市,1,121.7594972,25.1297711,school campus polygon intersects official sensitive-area polygon,SCREENING_REFERENCE
NLSC-121-3,3,國立基隆高級中學,121,202508,L0008,山崩與地滑地質敏感區,基隆市,1,121.7325170,25.1071602,school campus polygon intersects official sensitive-area polygon,SCREENING_REFERENCE
NLSC-121-626,626,國立屏北高級中學,121,201410,G0002,地下水補注地質敏感區,屏東平原,1,120.5435975,22.7587669,school campus polygon intersects official sensitive-area polygon,SCREENING_REFERENCE
NLSC-121-19,19,國立彰化師範大學寶山校區1,121,201811,L0014,山崩與地滑地質敏感區,彰化縣,1,120.5572567,24.0673290,school campus polygon intersects official sensitive-area polygon,SCREENING_REFERENCE
NLSC-121-17,17,國立彰化師範大學進德校區,121,202410,L0014,山崩與地滑地質敏感區,彰化縣,1,120.5586661,24.0811073,school campus polygon intersects official sensitive-area polygon,SCREENING_REFERENCE
NLSC-121-20,20,國立政治大學,121,202509,L0001,山崩與地滑地質敏感區,臺北市,1,121.5753412,24.9828039,school campus polygon intersects official sensitive-area polygon,SCREENING_REFERENCE
NLSC-121-22,22,國立政治大學2,121,202310,L0001,山崩與地滑地質敏感區,臺北市,1,121.5794961,24.9880272,school campus polygon intersects official sensitive-area polygon,SCREENING_REFERENCE
NLSC-121-26,26,國立政治大學國際關係研究中心,121,202310,L0001,山崩與地滑地質敏感區,臺北市,1,121.5816491,24.9886824,school campus polygon intersects official sensitive-area polygon,SCREENING_REFERENCE
NLSC-121-16,16,國立新竹高級中學,121,202308,F0005,活動斷層地質敏感區,新竹斷層,1,120.9808326,24.7942265,school campus polygon intersects official sensitive-area polygon,SCREENING_REFERENCE
NLSC-121-17,17,國立新竹高級商業職業學校,121,202308,F0005,活動斷層地質敏感區,新竹斷層,1,120.9836308,24.7951631,school campus polygon intersects official sensitive-area polygon,SCREENING_REFERENCE
NLSC-121-200,200,國立暨南國際大學,121,201806,L0002,山崩與地滑地質敏感區,南投縣-02,1,120.9306406,23.9513022,school campus polygon intersects official sensitive-area polygon,SCREENING_REFERENCE
NLSC-121-67,67,國立東華大學美崙校區(創新研究園區),121,202601,F1011,活動斷層地質敏感區,米崙斷層,1,121.6189219,24.0092044,school campus polygon intersects official sensitive-area polygon,SCREENING_REFERENCE
NLSC-121-6,6,國立清華大學,121,202508,F0005,活動斷層地質敏感區,新竹斷層,1,120.9936681,24.7916917,school campus polygon intersects official sensitive-area polygon,SCREENING_REFERENCE
NLSC-121-9,9,國立清華大學南大校區,121,202506,F0005,活動斷層地質敏感區,新竹斷層,1,120.9649279,24.7932095,school campus polygon intersects official sensitive-area polygon,SCREENING_REFERENCE
NLSC-121-8,8,國立清華大學附設實驗國民小學T.O.S.校區,121,202508,F0005,活動斷層地質敏感區,新竹斷層,1,121.0029262,24.7997440,school campus polygon intersects official sensitive-area polygon,SCREENING_REFERENCE
NLSC-121-495,495,國立玉里高級中學,121,202410,F0024,活動斷層地質敏感區,玉里斷層,1,121.3197251,23.3451544,school campus polygon intersects official sensitive-area polygon,SCREENING_REFERENCE
NLSC-121-178,178,國立聯合大學第二(八甲)校區,121,202508,L0013,山崩與地滑地質敏感區,苗栗縣,1,120.7895639,24.5387978,school campus polygon intersects official sensitive-area polygon,SCREENING_REFERENCE
NLSC-121-1639,1639,國立臺中教育大學,121,201710,G0005,地下水補注地質敏感區,臺中盆地,1,120.6716315,24.1437134,school campus polygon intersects official sensitive-area polygon,SCREENING_REFERENCE
NLSC-121-1625,1625,國立臺中教育大學英才校區,121,201712,G0005,地下水補注地質敏感區,臺中盆地,1,120.6668936,24.1438030,school campus polygon intersects official sensitive-area polygon,SCREENING_REFERENCE
NLSC-121-1637,1637,國立臺中教育大學附設實驗國民小學,121,202508,G0005,地下水補注地質敏感區,臺中盆地,1,120.6734101,24.1443272,school campus polygon intersects official sensitive-area polygon,SCREENING_REFERENCE
NLSC-121-1767,1767,國立臺中科技大學,121,202508,G0005,地下水補注地質敏感區,臺中盆地,1,120.6833434,24.1504910,school campus polygon intersects official sensitive-area polygon,SCREENING_REFERENCE
NLSC-121-1726,1726,國立臺中科技大學南屯校區(預定地),121,202508,G0005,地下水補注地質敏感區,臺中盆地,1,120.6102020,24.1475649,school campus polygon intersects official sensitive-area polygon,SCREENING_REFERENCE
NLSC-121-1550,1550,國立臺中科技大學民生校區,121,202401,G0005,地下水補注地質敏感區,臺中盆地,1,120.6757626,24.1395278,school campus polygon intersects official sensitive-area polygon,SCREENING_REFERENCE
NLSC-121-37,37,國立臺北藝術大學,121,202006,L0001,山崩與地滑地質敏感區,臺北市,1,121.4714558,25.1345260,school campus polygon intersects official sensitive-area polygon,SCREENING_REFERENCE
NLSC-121-357,357,國立臺南藝術大學,121,202412,L0005,山崩與地滑地質敏感區,臺南市,1,120.3731630,23.1895454,school campus polygon intersects official sensitive-area polygon,SCREENING_REFERENCE
NLSC-121-8,8,國立臺灣海洋大學2,121,201805,L0008,山崩與地滑地質敏感區,基隆市,1,121.7783896,25.1504560,school campus polygon intersects official sensitive-area polygon,SCREENING_REFERENCE
NLSC-121-1023,1023,國立臺灣體育運動大學,121,202601,G0005,地下水補注地質敏感區,臺中盆地,1,120.6901053,24.1493898,school campus polygon intersects official sensitive-area polygon,SCREENING_REFERENCE
NLSC-121-198,198,國立草屯高級商工職業學校,121,202209,G0005,地下水補注地質敏感區,臺中盆地,1,120.6662138,23.9968591,school campus polygon intersects official sensitive-area polygon,SCREENING_REFERENCE
NLSC-121-199,199,國立草屯高級商工職業學校1,121,201804,G0005,地下水補注地質敏感區,臺中盆地,1,120.6661668,23.9990838,school campus polygon intersects official sensitive-area polygon,SCREENING_REFERENCE
NLSC-121-11,11,國立陽明交通大學新竹博愛校區,121,202308,F0005,活動斷層地質敏感區,新竹斷層,1,120.9819586,24.7978099,school campus polygon intersects official sensitive-area polygon,SCREENING_REFERENCE
NLSC-121-28,28,國立陽明交通大學臺北陽明校區,121,202103,L0001,山崩與地滑地質敏感區,臺北市,1,121.5125875,25.1223670,school campus polygon intersects official sensitive-area polygon,SCREENING_REFERENCE
NLSC-121-2550,2550,國立高雄師範大學燕巢校區,121,202311,F0003、L0006,山崩與地滑地質敏感區、活動斷層地質敏感區,旗山斷層、高雄市,2,120.4057486,22.7864404,school campus polygon intersects official sensitive-area polygon,SCREENING_REFERENCE
NLSC-121-15,15,基隆市七堵區復興國民小學,121,202310,L0008,山崩與地滑地質敏感區,基隆市,1,121.6653661,25.1074058,school campus polygon intersects official sensitive-area polygon,SCREENING_REFERENCE
NLSC-121-20,20,基隆市中山區中華國民小學,121,202310,L0008,山崩與地滑地質敏感區,基隆市,1,121.7387310,25.1491776,school campus polygon intersects official sensitive-area polygon,SCREENING_REFERENCE
NLSC-121-23,23,基隆市中山區德和國民小學,121,201901,L0008,山崩與地滑地質敏感區,基隆市,1,121.7300611,25.1548374,school campus polygon intersects official sensitive-area polygon,SCREENING_REFERENCE
NLSC-121-22,22,基隆市中山區港西國民小學,121,202508,L0008,山崩與地滑地質敏感區,基隆市,1,121.7397441,25.1363917,school campus polygon intersects official sensitive-area polygon,SCREENING_REFERENCE
NLSC-121-32,32,基隆市仁愛區南榮國民小學,121,202508,L0008,山崩與地滑地質敏感區,基隆市,1,121.7441663,25.1188596,school campus polygon intersects official sensitive-area polygon,SCREENING_REFERENCE
NLSC-121-53,53,基隆市安樂區建德國民小學,121,202508,L0008,山崩與地滑地質敏感區,基隆市,1,121.7217634,25.1244859,school campus polygon intersects official sensitive-area polygon,SCREENING_REFERENCE
NLSC-121-58,58,基隆市私立培德高級工業家事職業學校,121,202508,L0008,山崩與地滑地質敏感區,基隆市,1,121.7705465,25.1303789,school campus polygon intersects official sensitive-area polygon,SCREENING_REFERENCE
NLSC-121-34,34,基隆市立中山高級中學,121,202310,L0008,山崩與地滑地質敏感區,基隆市,1,121.7310139,25.1544492,school campus polygon intersects official sensitive-area polygon,SCREENING_REFERENCE
NLSC-121-43,43,基隆市立信義國民中學,121,202508,L0008,山崩與地滑地質敏感區,基隆市,1,121.7686133,25.1296272,school campus polygon intersects official sensitive-area polygon,SCREENING_REFERENCE
NLSC-121-33,33,基隆市立八斗高級中學,121,202508,L0008,山崩與地滑地質敏感區,基隆市,1,121.7877026,25.1400390,school campus polygon intersects official sensitive-area polygon,SCREENING_REFERENCE
NLSC-121-44,44,基隆市立南榮國民中學,121,202310,L0008,山崩與地滑地質敏感區,基隆市,1,121.7461399,25.1201310,school campus polygon intersects official sensitive-area polygon,SCREENING_REFERENCE
NLSC-121-45,45,基隆市立建德國民中學,121,202508,L0008,山崩與地滑地質敏感區,基隆市,1,121.7215494,25.1271151,school campus polygon intersects official sensitive-area polygon,SCREENING_REFERENCE
NLSC-121-39,39,基隆市立成功國民中學,121,202508,L0008,山崩與地滑地質敏感區,基隆市,1,121.7514155,25.1324972,school campus polygon intersects official sensitive-area polygon,SCREENING_REFERENCE
NLSC-121-46,46,基隆市立暖暖高級中學,121,202508,L0008,山崩與地滑地質敏感區,基隆市,1,121.7378082,25.1080142,school campus polygon intersects official sensitive-area polygon,SCREENING_REFERENCE
NLSC-121-92,92,大仁科技大學,121,202508,G0002,地下水補注地質敏感區,屏東平原,1,120.5446163,22.7270299,school campus polygon intersects official sensitive-area polygon,SCREENING_REFERENCE
NLSC-121-602,602,大仁科技大學1,121,201509,G0002,地下水補注地質敏感區,屏東平原,1,120.5467804,22.7286092,school campus polygon intersects official sensitive-area polygon,SCREENING_REFERENCE
NLSC-121-3,3,宜蘭縣三星鄉三星國民小學,121,202206,G0003,地下水補注地質敏感區,宜蘭平原,1,121.6505638,24.6667672,school campus polygon intersects official sensitive-area polygon,SCREENING_REFERENCE
NLSC-121-5,5,宜蘭縣三星鄉大隱國民小學,121,202206,G0003,地下水補注地質敏感區,宜蘭平原,1,121.7130030,24.6672321,school campus polygon intersects official sensitive-area polygon,SCREENING_REFERENCE
NLSC-121-7,7,宜蘭縣三星鄉憲明國民小學,121,201901,G0003,地下水補注地質敏感區,宜蘭平原,1,121.6185916,24.6608236,school campus polygon intersects official sensitive-area polygon,SCREENING_REFERENCE
NLSC-121-8,8,宜蘭縣三星鄉憲明國民小學1,121,201711,G0003,地下水補注地質敏感區,宜蘭平原,1,121.6192869,24.6604190,school campus polygon intersects official sensitive-area polygon,SCREENING_REFERENCE
NLSC-121-6,6,宜蘭縣三星鄉萬富國民小學,121,202406,G0003,地下水補注地質敏感區,宜蘭平原,1,121.6882588,24.6794969,school campus polygon intersects official sensitive-area polygon,SCREENING_REFERENCE
NLSC-121-22,22,宜蘭縣冬山鄉大進國民小學,121,202206,G0003,地下水補注地質敏感區,宜蘭平原,1,121.7160614,24.6340483,school campus polygon intersects official sensitive-area polygon,SCREENING_REFERENCE
NLSC-121-10,10,宜蘭縣大同鄉大同國民小學松羅分校,121,202206,G0003,地下水補注地質敏感區,宜蘭平原,1,121.5785333,24.6559803,school campus polygon intersects official sensitive-area polygon,SCREENING_REFERENCE
NLSC-121-16,16,宜蘭縣大同鄉寒溪國民小學,121,201901,G0003,地下水補注地質敏感區,宜蘭平原,1,121.6874766,24.6094622,school campus polygon intersects official sensitive-area polygon,SCREENING_REFERENCE
NLSC-121-32,32,宜蘭縣立三星國民中學,121,202206,G0003,地下水補注地質敏感區,宜蘭平原,1,121.6537049,24.6680783,school campus polygon intersects official sensitive-area polygon,SCREENING_REFERENCE
NLSC-121-96,96,宜蘭縣頭城鎮梗枋國民小學,121,202207,L0016,山崩與地滑地質敏感區,宜蘭縣,1,121.8624735,24.9003142,school campus polygon intersects official sensitive-area polygon,SCREENING_REFERENCE
NLSC-121-64,64,實踐大學臺北校區,121,202508,L0001,山崩與地滑地質敏感區,臺北市,1,121.5454107,25.0845712,school campus polygon intersects official sensitive-area polygon,SCREENING_REFERENCE
NLSC-121-805,805,屏東縣來義鄉文樂國民小學,121,202311,G0002,地下水補注地質敏感區,屏東平原,1,120.6235055,22.4929974,school campus polygon intersects official sensitive-area polygon,SCREENING_REFERENCE
NLSC-121-413,413,屏東縣內埔鄉榮華國民小學,121,201512,G0002,地下水補注地質敏感區,屏東平原,1,120.5646309,22.6611443,school campus polygon intersects official sensitive-area polygon,SCREENING_REFERENCE
NLSC-121-563,563,屏東縣內埔鄉隘寮國民小學,121,202211,G0002,地下水補注地質敏感區,屏東平原,1,120.6360132,22.7024900,school campus polygon intersects official sensitive-area polygon,SCREENING_REFERENCE
NLSC-121-544,544,屏東縣內埔鄉黎明國民小學,121,202311,G0002,地下水補注地質敏感區,屏東平原,1,120.5964775,22.6870225,school campus polygon intersects official sensitive-area polygon,SCREENING_REFERENCE
NLSC-121-808,808,屏東縣新埤鄉萬隆國民小學,121,202311,G0002,地下水補注地質敏感區,屏東平原,1,120.5878578,22.5080629,school campus polygon intersects official sensitive-area polygon,SCREENING_REFERENCE
NLSC-121-154,154,屏東縣新埤鄉餉潭國民小學,121,202509,G0002,地下水補注地質敏感區,屏東平原,1,120.6105130,22.4749592,school campus polygon intersects official sensitive-area polygon,SCREENING_REFERENCE
NLSC-121-784,784,屏東縣春日鄉力里國民小學,121,201711,G0002,地下水補注地質敏感區,屏東平原,1,120.6286911,22.4278871,school campus polygon intersects official sensitive-area polygon,SCREENING_REFERENCE
NLSC-121-762,762,屏東縣春日鄉古華國民小學士文分校,121,201509,L0009,山崩與地滑地質敏感區,屏東縣,1,120.6637830,22.3686835,school campus polygon intersects official sensitive-area polygon,SCREENING_REFERENCE
NLSC-121-729,729,屏東縣牡丹鄉高士國民小學,121,201709,L0009,山崩與地滑地質敏感區,屏東縣,1,120.8465759,22.1250667,school campus polygon intersects official sensitive-area polygon,SCREENING_REFERENCE
NLSC-121-568,568,屏東縣瑪家鄉北葉國民小學,121,202201,G0002,地下水補注地質敏感區,屏東平原,1,120.6460851,22.7062129,school campus polygon intersects official sensitive-area polygon,SCREENING_REFERENCE
NLSC-121-559,559,屏東縣瑪家鄉長榮百合國民小學,121,202201,G0002,地下水補注地質敏感區,屏東平原,1,120.6427918,22.6983502,school campus polygon intersects official sensitive-area polygon,SCREENING_REFERENCE
NLSC-121-510,510,屏東縣私立崇華雙語學校,121,201908,G0002,地下水補注地質敏感區,屏東平原,1,120.5473204,22.6803531,school campus polygon intersects official sensitive-area polygon,SCREENING_REFERENCE
NLSC-121-812,812,屏東縣立來義高級中學,121,201711,G0002,地下水補注地質敏感區,屏東平原,1,120.6299310,22.5256065,school campus polygon intersects official sensitive-area polygon,SCREENING_REFERENCE
NLSC-121-811,811,屏東縣立來義高級中學1,121,202311,G0002,地下水補注地質敏感區,屏東平原,1,120.6298253,22.5242319,school campus polygon intersects official sensitive-area polygon,SCREENING_REFERENCE
NLSC-121-564,564,屏東縣立瑪家國民中學,121,201908,G0002,地下水補注地質敏感區,屏東平原,1,120.6104236,22.7021806,school campus polygon intersects official sensitive-area polygon,SCREENING_REFERENCE
NLSC-121-87,87,屏東縣立長治國民中學,121,202508,G0002,地下水補注地質敏感區,屏東平原,1,120.5448389,22.6924219,school campus polygon intersects official sensitive-area polygon,SCREENING_REFERENCE
NLSC-121-644,644,屏東縣立高樹國民中學,121,201801,G0002,地下水補注地質敏感區,屏東平原,1,120.6053664,22.8173263,school campus polygon intersects official sensitive-area polygon,SCREENING_REFERENCE
NLSC-121-640,640,屏東縣立高泰國民中學,121,201711,G0002,地下水補注地質敏感區,屏東平原,1,120.6110064,22.7911707,school campus polygon intersects official sensitive-area polygon,SCREENING_REFERENCE
NLSC-121-624,624,屏東縣立鹽埔國民中學,121,202205,G0002,地下水補注地質敏感區,屏東平原,1,120.5738188,22.7540860,school campus polygon intersects official sensitive-area polygon,SCREENING_REFERENCE
NLSC-121-155,155,屏東縣萬巒鄉佳佐國民小學中興分校,121,202509,G0002,地下水補注地質敏感區,屏東平原,1,120.6124333,22.5494644,school campus polygon intersects official sensitive-area polygon,SCREENING_REFERENCE
NLSC-121-635,635,屏東縣里港鄉載興國民小學,121,201801,G0002,地下水補注地質敏感區,屏東平原,1,120.5242475,22.7783458,school campus polygon intersects official sensitive-area polygon,SCREENING_REFERENCE
NLSC-121-553,553,屏東縣長治鄉德協國民小學,121,201710,G0002,地下水補注地質敏感區,屏東平原,1,120.5411095,22.6938523,school campus polygon intersects official sensitive-area polygon,SCREENING_REFERENCE
NLSC-121-565,565,屏東縣長治鄉繁華國民小學,121,201509,G0002,地下水補注地質敏感區,屏東平原,1,120.5721837,22.7026867,school campus polygon intersects official sensitive-area polygon,SCREENING_REFERENCE
NLSC-121-551,551,屏東縣霧臺鄉霧臺國民小學勵古百合分校,121,202107,G0002,地下水補注地質敏感區,屏東平原,1,120.5805557,22.6921855,school campus polygon intersects official sensitive-area polygon,SCREENING_REFERENCE
NLSC-121-614,614,屏東縣高樹鄉大路關國民小學,121,202509,G0002,地下水補注地質敏感區,屏東平原,1,120.6207467,22.7397630,school campus polygon intersects official sensitive-area polygon,SCREENING_REFERENCE
NLSC-121-629,629,屏東縣高樹鄉大路關國民小學廣福校區,121,202509,G0002,地下水補注地質敏感區,屏東平原,1,120.6174492,22.7643514,school campus polygon intersects official sensitive-area polygon,SCREENING_REFERENCE
NLSC-121-636,636,屏東縣高樹鄉新南國民小學,121,202107,G0002,地下水補注地質敏感區,屏東平原,1,120.5596226,22.7854913,school campus polygon intersects official sensitive-area polygon,SCREENING_REFERENCE
NLSC-121-652,652,屏東縣高樹鄉新豐國民小學,121,201801,G0002,地下水補注地質敏感區,屏東平原,1,120.6345338,22.8639042,school campus polygon intersects official sensitive-area polygon,SCREENING_REFERENCE
NLSC-121-638,638,屏東縣高樹鄉泰山國民小學,121,201801,G0002,地下水補注地質敏感區,屏東平原,1,120.6145175,22.7879625,school campus polygon intersects official sensitive-area polygon,SCREENING_REFERENCE
NLSC-121-641,641,屏東縣高樹鄉田子國民小學,121,201509,G0002,地下水補注地質敏感區,屏東平原,1,120.5773179,22.8040026,school campus polygon intersects official sensitive-area polygon,SCREENING_REFERENCE
NLSC-121-650,650,屏東縣高樹鄉高樹國民小學,121,201711,G0002,地下水補注地質敏感區,屏東平原,1,120.5989361,22.8268197,school campus polygon intersects official sensitive-area polygon,SCREENING_REFERENCE
NLSC-121-625,625,屏東縣鹽埔鄉仕絨國民小學,121,202107,G0002,地下水補注地質敏感區,屏東平原,1,120.5587555,22.7582234,school campus polygon intersects official sensitive-area polygon,SCREENING_REFERENCE
NLSC-121-615,615,屏東縣鹽埔鄉彭厝國民小學,121,201509,G0002,地下水補注地質敏感區,屏東平原,1,120.5313780,22.7395934,school campus polygon intersects official sensitive-area polygon,SCREENING_REFERENCE
NLSC-121-600,600,屏東縣鹽埔鄉振興國民小學,121,202311,G0002,地下水補注地質敏感區,屏東平原,1,120.6104529,22.7262220,school campus polygon intersects official sensitive-area polygon,SCREENING_REFERENCE
NLSC-121-613,613,屏東縣鹽埔鄉新圍國民小學,121,201509,G0002,地下水補注地質敏感區,屏東平原,1,120.5537003,22.7383326,school campus polygon intersects official sensitive-area polygon,SCREENING_REFERENCE
NLSC-121-610,610,屏東縣鹽埔鄉高朗國民小學,121,201009,G0002,地下水補注地質敏感區,屏東平原,1,120.5829220,22.7354872,school campus polygon intersects official sensitive-area polygon,SCREENING_REFERENCE
NLSC-121-623,623,屏東縣鹽埔鄉鹽埔國民小學,121,202106,G0002,地下水補注地質敏感區,屏東平原,1,120.5759747,22.7533033,school campus polygon intersects official sensitive-area polygon,SCREENING_REFERENCE
NLSC-121-70,70,崇右影藝科技大學,121,202508,L0008,山崩與地滑地質敏感區,基隆市,1,121.7538904,25.1318133,school campus polygon intersects official sensitive-area polygon,SCREENING_REFERENCE
NLSC-121-466,466,嶺東科技大學,121,202601,G0005,地下水補注地質敏感區,臺中盆地,1,120.6085583,24.1372808,school campus polygon intersects official sensitive-area polygon,SCREENING_REFERENCE
NLSC-121-448,448,嶺東科技大學寶文校區,121,202601,G0005,地下水補注地質敏感區,臺中盆地,1,120.6014257,24.1345364,school campus polygon intersects official sensitive-area polygon,SCREENING_REFERENCE
NLSC-121-62,62,康寧大學臺北校區,121,202508,L0001,山崩與地滑地質敏感區,臺北市,1,121.6099231,25.0759947,school campus polygon intersects official sensitive-area polygon,SCREENING_REFERENCE
NLSC-121-23,23,彰化縣二水鄉二水國民小學,121,201901,G0001,地下水補注地質敏感區,濁水溪沖積扇,1,120.6174832,23.8110303,school campus polygon intersects official sensitive-area polygon,SCREENING_REFERENCE
NLSC-121-24,24,彰化縣二水鄉復興國民小學,121,202007,G0001,地下水補注地質敏感區,濁水溪沖積扇,1,120.6052081,23.8299129,school campus polygon intersects official sensitive-area polygon,SCREENING_REFERENCE
NLSC-121-43,43,彰化縣北斗鎮大新國民小學,121,201901,G0001,地下水補注地質敏感區,濁水溪沖積扇,1,120.5575503,23.8551603,school campus polygon intersects official sensitive-area polygon,SCREENING_REFERENCE
NLSC-121-233,233,彰化縣彰化市快官國民小學,121,201901,G0005、L0014,地下水補注地質敏感區、山崩與地滑地質敏感區,彰化縣、臺中盆地,2,120.6118334,24.0683853,school campus polygon intersects official sensitive-area polygon,SCREENING_REFERENCE
NLSC-121-210,210,彰化縣溪州鄉圳寮國民小學,121,201901,G0001,地下水補注地質敏感區,濁水溪沖積扇,1,120.5229496,23.8388011,school campus polygon intersects official sensitive-area polygon,SCREENING_REFERENCE
NLSC-121-208,208,彰化縣溪州鄉大莊國民小學,121,201901,G0001,地下水補注地質敏感區,濁水溪沖積扇,1,120.5672304,23.8162084,school campus polygon intersects official sensitive-area polygon,SCREENING_REFERENCE
NLSC-121-211,211,彰化縣溪州鄉成功國民小學,121,202410,G0001,地下水補注地質敏感區,濁水溪沖積扇,1,120.5446143,23.8259802,school campus polygon intersects official sensitive-area polygon,SCREENING_REFERENCE
NLSC-121-212,212,彰化縣溪州鄉成功國民小學西畔分校,121,201901,G0001,地下水補注地質敏感區,濁水溪沖積扇,1,120.5402955,23.8477952,school campus polygon intersects official sensitive-area polygon,SCREENING_REFERENCE
NLSC-121-216,216,彰化縣溪州鄉潮洋國民小學,121,201901,G0001,地下水補注地質敏感區,濁水溪沖積扇,1,120.5195570,23.8141787,school campus polygon intersects official sensitive-area polygon,SCREENING_REFERENCE
NLSC-121-53,53,彰化縣田中鎮三潭國民小學,121,201901,G0001,地下水補注地質敏感區,濁水溪沖積扇,1,120.5849390,23.8660552,school campus polygon intersects official sensitive-area polygon,SCREENING_REFERENCE
NLSC-121-55,55,彰化縣田中鎮內安國民小學,121,201901,G0001,地下水補注地質敏感區,濁水溪沖積扇,1,120.5997349,23.8544603,school campus polygon intersects official sensitive-area polygon,SCREENING_REFERENCE
NLSC-121-54,54,彰化縣田中鎮大安國民小學,121,202007,G0001,地下水補注地質敏感區,濁水溪沖積扇,1,120.5943653,23.8411776,school campus polygon intersects official sensitive-area polygon,SCREENING_REFERENCE
NLSC-121-59,59,彰化縣田中鎮新民國民小學,121,202007,G0001,地下水補注地質敏感區,濁水溪沖積扇,1,120.5861341,23.8545036,school campus polygon intersects official sensitive-area polygon,SCREENING_REFERENCE
NLSC-121-58,58,彰化縣田中鎮東和國民小學,121,202007,G0001,地下水補注地質敏感區,濁水溪沖積扇,1,120.6058992,23.8673893,school campus polygon intersects official sensitive-area polygon,SCREENING_REFERENCE
NLSC-121-56,56,彰化縣田中鎮田中國民小學,121,201901,G0001,地下水補注地質敏感區,濁水溪沖積扇,1,120.5877218,23.8569866,school campus polygon intersects official sensitive-area polygon,SCREENING_REFERENCE
NLSC-121-126,126,彰化縣私立文興高級中學,121,201810,G0001,地下水補注地質敏感區,濁水溪沖積扇,1,120.5861298,23.8672081,school campus polygon intersects official sensitive-area polygon,SCREENING_REFERENCE
NLSC-121-101,101,彰化縣立溪陽國民中學,121,201811,G0001,地下水補注地質敏感區,濁水溪沖積扇,1,120.5437243,23.8242615,school campus polygon intersects official sensitive-area polygon,SCREENING_REFERENCE
NLSC-121-72,72,彰化縣立田中高級中學,121,201901,G0001,地下水補注地質敏感區,濁水溪沖積扇,1,120.5884511,23.8554037,school campus polygon intersects official sensitive-area polygon,SCREENING_REFERENCE
NLSC-121-84,84,彰化縣立芬園國民中學,121,202209,G0005,地下水補注地質敏感區,臺中盆地,1,120.6257773,24.0116714,school campus polygon intersects official sensitive-area polygon,SCREENING_REFERENCE
NLSC-121-146,146,彰化縣芬園鄉同安國民小學,121,201901,G0005,地下水補注地質敏感區,臺中盆地,1,120.6210254,23.9777308,school campus polygon intersects official sensitive-area polygon,SCREENING_REFERENCE
NLSC-121-150,150,彰化縣芬園鄉富山國民小學,121,202510,G0005,地下水補注地質敏感區,臺中盆地,1,120.6197128,24.0275696,school campus polygon intersects official sensitive-area polygon,SCREENING_REFERENCE
NLSC-121-151,151,彰化縣芬園鄉寶山國民小學,121,201901,G0005,地下水補注地質敏感區,臺中盆地,1,120.6401769,23.9869179,school campus polygon intersects official sensitive-area polygon,SCREENING_REFERENCE
NLSC-121-145,145,彰化縣芬園鄉文德國民小學,121,202209,G0005,地下水補注地質敏感區,臺中盆地,1,120.6280256,23.9634268,school campus polygon intersects official sensitive-area polygon,SCREENING_REFERENCE
NLSC-121-147,147,彰化縣芬園鄉芬園國民小學,121,202209,G0005,地下水補注地質敏感區,臺中盆地,1,120.6271253,24.0124780,school campus polygon intersects official sensitive-area polygon,SCREENING_REFERENCE
NLSC-121-148,148,彰化縣芬園鄉芬園國民小學1,121,201706,G0005,地下水補注地質敏感區,臺中盆地,1,120.6277170,24.0119601,school campus polygon intersects official sensitive-area polygon,SCREENING_REFERENCE
NLSC-121-149,149,彰化縣芬園鄉茄荖國民小學,121,202209,G0005,地下水補注地質敏感區,臺中盆地,1,120.6435209,24.0149338,school campus polygon intersects official sensitive-area polygon,SCREENING_REFERENCE
NLSC-121-359,359,德明財經科技大學,121,202310,L0001,山崩與地滑地質敏感區,臺北市,1,121.5671056,25.0873079,school campus polygon intersects official sensitive-area polygon,SCREENING_REFERENCE
NLSC-121-254,254,新北市坪林區坪林國民小學,121,201901,L0007,山崩與地滑地質敏感區,新北市,1,121.7110652,24.9363564,school campus polygon intersects official sensitive-area polygon,SCREENING_REFERENCE
NLSC-121-256,256,新北市坪林區英速魔法學院闊瀨校區,121,202508,L0007,山崩與地滑地質敏感區,新北市,1,121.7708003,24.9653386,school campus polygon intersects official sensitive-area polygon,SCREENING_REFERENCE
NLSC-121-317,317,新北市新店區中正國民小學,121,201901,G0004,地下水補注地質敏感區,臺北盆地,1,121.5372161,24.9722147,school campus polygon intersects official sensitive-area polygon,SCREENING_REFERENCE
NLSC-121-316,316,新北市新店區大豐國民小學,121,201901,G0004,地下水補注地質敏感區,臺北盆地,1,121.5377914,24.9780883,school campus polygon intersects official sensitive-area polygon,SCREENING_REFERENCE
NLSC-121-324,324,新北市新店區新和國民小學,121,201901,G0004,地下水補注地質敏感區,臺北盆地,1,121.5180218,24.9853038,school campus polygon intersects official sensitive-area polygon,SCREENING_REFERENCE
NLSC-121-326,326,新北市新店區龜山國民小學,121,201901,L0007,山崩與地滑地質敏感區,新北市,1,121.5536677,24.9019081,school campus polygon intersects official sensitive-area polygon,SCREENING_REFERENCE
NLSC-121-363,363,新北市樹林區大同國民小學,121,201901,G0004,地下水補注地質敏感區,臺北盆地,1,121.4174734,24.9819450,school campus polygon intersects official sensitive-area polygon,SCREENING_REFERENCE
NLSC-121-369,369,新北市樹林區彭福國民小學,121,201901,G0004,地下水補注地質敏感區,臺北盆地,1,121.4232621,24.9812192,school campus polygon intersects official sensitive-area polygon,SCREENING_REFERENCE
NLSC-121-367,367,新北市樹林區武林國民小學,121,201311,L0007,山崩與地滑地質敏感區,新北市,1,121.4145002,25.0020946,school campus polygon intersects official sensitive-area polygon,SCREENING_REFERENCE
NLSC-121-352,352,新北市瑞芳區瑞柑國民小學,121,202508,L0007,山崩與地滑地質敏感區,新北市,1,121.8232250,25.1097404,school campus polygon intersects official sensitive-area polygon,SCREENING_REFERENCE
NLSC-121-99,99,新北市石碇區和平國民小學,121,201901,L0007,山崩與地滑地質敏感區,新北市,1,121.6416161,25.0116365,school campus polygon intersects official sensitive-area polygon,SCREENING_REFERENCE
NLSC-121-211,211,新北市私立中信高級中學,121,202508,G0004,地下水補注地質敏感區,臺北盆地,1,121.5144023,24.9669788,school campus polygon intersects official sensitive-area polygon,SCREENING_REFERENCE
NLSC-121-233,233,新北市私立崇光高級中學,121,201912,G0004,地下水補注地質敏感區,臺北盆地,1,121.5387031,24.9715101,school campus polygon intersects official sensitive-area polygon,SCREENING_REFERENCE
NLSC-121-234,234,新北市私立崇光高級中學1,121,201804,G0004,地下水補注地質敏感區,臺北盆地,1,121.5395941,24.9715422,school campus polygon intersects official sensitive-area polygon,SCREENING_REFERENCE
NLSC-121-236,236,新北市私立康橋高級中學,121,201710,L0007,山崩與地滑地質敏感區,新北市,1,121.4964834,24.9118557,school campus polygon intersects official sensitive-area polygon,SCREENING_REFERENCE
NLSC-121-253,253,新北市私立辭修高級中學,121,202510,L0007,山崩與地滑地質敏感區,新北市,1,121.4084902,24.9324899,school campus polygon intersects official sensitive-area polygon,SCREENING_REFERENCE
NLSC-121-118,118,新北市立五股國民中學,121,201901,L0007,山崩與地滑地質敏感區,新北市,1,121.4351422,25.0827101,school campus polygon intersects official sensitive-area polygon,SCREENING_REFERENCE
NLSC-121-141,141,新北市立坪林實驗國民中學,121,202508,L0007,山崩與地滑地質敏感區,新北市,1,121.7123842,24.9378250,school campus polygon intersects official sensitive-area polygon,SCREENING_REFERENCE
NLSC-121-131,131,新北市立安康高級中學,121,201804,G0004、L0007,地下水補注地質敏感區、山崩與地滑地質敏感區,新北市、臺北盆地,2,121.5145989,24.9697701,school campus polygon intersects official sensitive-area polygon,SCREENING_REFERENCE
NLSC-121-166,166,新北市立新北特殊教育學校,121,202309,L0007,山崩與地滑地質敏感區,新北市,1,121.3654448,25.0784040,school campus polygon intersects official sensitive-area polygon,SCREENING_REFERENCE
NLSC-121-171,171,新北市立新店高級中學,121,201710,G0004,地下水補注地質敏感區,臺北盆地,1,121.5327835,24.9749432,school campus polygon intersects official sensitive-area polygon,SCREENING_REFERENCE
NLSC-121-164,164,新北市立欽賢國民中學,121,202305,L0007,山崩與地滑地質敏感區,新北市,1,121.8454378,25.1047913,school campus polygon intersects official sensitive-area polygon,SCREENING_REFERENCE
NLSC-121-128,128,新北市立石碇高級中學,121,202310,L0007,山崩與地滑地質敏感區,新北市,1,121.6428568,25.0136251,school campus polygon intersects official sensitive-area polygon,SCREENING_REFERENCE
NLSC-121-297,297,新北市貢寮區福隆國民小學,121,202508,L0007,山崩與地滑地質敏感區,新北市,1,121.9489392,25.0170517,school campus polygon intersects official sensitive-area polygon,SCREENING_REFERENCE
NLSC-121-295,295,新北市貢寮區貢寮國民小學,121,201901,L0007,山崩與地滑地質敏感區,新北市,1,121.9158664,25.0222813,school campus polygon intersects official sensitive-area polygon,SCREENING_REFERENCE
NLSC-121-55,55,新竹市東區建功國民小學,121,202308,F0005,活動斷層地質敏感區,新竹斷層,1,120.9993402,24.8002587,school campus polygon intersects official sensitive-area polygon,SCREENING_REFERENCE
NLSC-121-58,58,新竹市東區陽光國民小學,121,202308,F0005,活動斷層地質敏感區,新竹斷層,1,120.9678341,24.7904016,school campus polygon intersects official sensitive-area polygon,SCREENING_REFERENCE
NLSC-121-44,44,新竹市私立光復高級中學,121,202308,F0005,活動斷層地質敏感區,新竹斷層,1,120.9935556,24.7973324,school campus polygon intersects official sensitive-area polygon,SCREENING_REFERENCE
NLSC-121-36,36,新竹市立培英國民中學,121,202308,F0005,活動斷層地質敏感區,新竹斷層,1,120.9779459,24.7938289,school campus polygon intersects official sensitive-area polygon,SCREENING_REFERENCE
NLSC-121-34,34,新竹市立建華國民中學,121,202308,F0005,活動斷層地質敏感區,新竹斷層,1,120.9763390,24.7932569,school campus polygon intersects official sensitive-area polygon,SCREENING_REFERENCE
NLSC-121-30,30,新竹市立育賢國民中學,121,202308,F0005,活動斷層地質敏感區,新竹斷層,1,120.9664409,24.7900158,school campus polygon intersects official sensitive-area polygon,SCREENING_REFERENCE
NLSC-121-35,35,新竹市立香山高級中學,121,202308,F0005,活動斷層地質敏感區,新竹斷層,1,120.9292053,24.7849850,school campus polygon intersects official sensitive-area polygon,SCREENING_REFERENCE
NLSC-121-17,17,新竹縣五峰鄉五峰國民小學,121,202508,L0012,山崩與地滑地質敏感區,新竹縣市,1,121.1180446,24.6310203,school campus polygon intersects official sensitive-area polygon,SCREENING_REFERENCE
NLSC-121-149,149,新竹縣寶山鄉寶山國民小學山湖分校,121,201901,L0012,山崩與地滑地質敏感區,新竹縣市,1,121.0391746,24.7454242,school campus polygon intersects official sensitive-area polygon,SCREENING_REFERENCE
NLSC-121-64,64,新竹縣尖石鄉新光國民小學,121,201901,L0012,山崩與地滑地質敏感區,新竹縣市,1,121.3028394,24.5797059,school campus polygon intersects official sensitive-area polygon,SCREENING_REFERENCE
NLSC-121-63,63,新竹縣尖石鄉梅花國民小學,121,202508,L0012,山崩與地滑地質敏感區,新竹縣市,1,121.2085906,24.6778962,school campus polygon intersects official sensitive-area polygon,SCREENING_REFERENCE
NLSC-121-62,62,新竹縣尖石鄉秀巒國民小學田埔分校,121,202402,L0012,山崩與地滑地質敏感區,新竹縣市,1,121.2788373,24.6413569,school campus polygon intersects official sensitive-area polygon,SCREENING_REFERENCE
NLSC-121-108,108,新竹縣峨眉鄉峨眉國民小學,121,201901,L0012,山崩與地滑地質敏感區,新竹縣市,1,121.0210685,24.6894319,school campus polygon intersects official sensitive-area polygon,SCREENING_REFERENCE
NLSC-121-117,117,新竹縣新埔鎮文山國民小學,121,202307,L0012,山崩與地滑地質敏感區,新竹縣市,1,121.0478537,24.8255421,school campus polygon intersects official sensitive-area polygon,SCREENING_REFERENCE
NLSC-121-101,101,新竹縣私立東泰高級中學,121,202402,L0012,山崩與地滑地質敏感區,新竹縣市,1,121.0988991,24.7107949,school campus polygon intersects official sensitive-area polygon,SCREENING_REFERENCE
NLSC-121-8,8,明志科技大學,121,202309,L0007,山崩與地滑地質敏感區,新北市,1,121.4208849,25.0415586,school campus polygon intersects official sensitive-area polygon,SCREENING_REFERENCE
NLSC-121-1073,1073,朝陽科技大學,121,202201,F0001,活動斷層地質敏感區,車籠埔斷層,1,120.7144135,24.0689431,school campus polygon intersects official sensitive-area polygon,SCREENING_REFERENCE
NLSC-121-1071,1071,朝陽科技大學1,121,202108,F0001、L0003,山崩與地滑地質敏感區、活動斷層地質敏感區,臺中市、車籠埔斷層,2,120.7163881,24.0688977,school campus polygon intersects official sensitive-area polygon,SCREENING_REFERENCE
NLSC-121-10,10,東南科技大學,121,202509,L0007,山崩與地滑地質敏感區,新北市,1,121.6037780,25.0039699,school campus polygon intersects official sensitive-area polygon,SCREENING_REFERENCE
NLSC-121-2277,2277,東海大學,121,202401,G0005,地下水補注地質敏感區,臺中盆地,1,120.6046664,24.1788048,school campus polygon intersects official sensitive-area polygon,SCREENING_REFERENCE
NLSC-121-209,209,桃園市復興區巴崚國民小學,121,201509,L0011,山崩與地滑地質敏感區,桃園市,1,121.3971652,24.6854441,school campus polygon intersects official sensitive-area polygon,SCREENING_REFERENCE
NLSC-121-2503,2503,樹德科技大學,121,201208,F0003,活動斷層地質敏感區,旗山斷層,1,120.3755666,22.7623880,school campus polygon intersects official sensitive-area polygon,SCREENING_REFERENCE
NLSC-121-11,11,法鼓文理學院,121,202509,L0007,山崩與地滑地質敏感區,新北市,1,121.6156979,25.2426857,school campus polygon intersects official sensitive-area polygon,SCREENING_REFERENCE
NLSC-121-131,131,淡江大學蘭陽校園,121,202207,L0016,山崩與地滑地質敏感區,宜蘭縣,1,121.7304805,24.8212487,school campus polygon intersects official sensitive-area polygon,SCREENING_REFERENCE
NLSC-121-5,5,玄奘大學,121,202108,L0012,山崩與地滑地質敏感區,新竹縣市,1,120.9411932,24.7739098,school campus polygon intersects official sensitive-area polygon,SCREENING_REFERENCE
NLSC-121-71,71,經國管理暨健康學院1,121,202508,L0008,山崩與地滑地質敏感區,基隆市,1,121.7269606,25.1509801,school campus polygon intersects official sensitive-area polygon,SCREENING_REFERENCE
NLSC-121-16,16,耕莘健康管理專科學校,121,201311,G0004,地下水補注地質敏感區,臺北盆地,1,121.5361820,24.9775438,school campus polygon intersects official sensitive-area polygon,SCREENING_REFERENCE
NLSC-121-117,117,耕莘健康管理專科學校宜蘭校區,121,202201,G0003,地下水補注地質敏感區,宜蘭平原,1,121.6852081,24.6975560,school campus polygon intersects official sensitive-area polygon,SCREENING_REFERENCE
NLSC-121-132,132,聖母醫護管理專科學校,121,202206,G0003,地下水補注地質敏感區,宜蘭平原,1,121.7022743,24.6647356,school campus polygon intersects official sensitive-area polygon,SCREENING_REFERENCE
NLSC-121-1629,1629,臺中市中區光復國民小學,121,201710,G0005,地下水補注地質敏感區,臺中盆地,1,120.6819641,24.1436963,school campus polygon intersects official sensitive-area polygon,SCREENING_REFERENCE
NLSC-121-1645,1645,臺中市中區光復國民小學1,121,202401,G0005,地下水補注地質敏感區,臺中盆地,1,120.6827408,24.1449753,school campus polygon intersects official sensitive-area polygon,SCREENING_REFERENCE
NLSC-121-2005,2005,臺中市北區中華國民小學,121,202401,G0005,地下水補注地質敏感區,臺中盆地,1,120.6659152,24.1660219,school campus polygon intersects official sensitive-area polygon,SCREENING_REFERENCE
NLSC-121-1923,1923,臺中市北區健行國民小學,121,202201,G0005,地下水補注地質敏感區,臺中盆地,1,120.6733673,24.1597430,school campus polygon intersects official sensitive-area polygon,SCREENING_REFERENCE
NLSC-121-1753,1753,臺中市北區太平國民小學,121,201708,G0005,地下水補注地質敏感區,臺中盆地,1,120.6818371,24.1500462,school campus polygon intersects official sensitive-area polygon,SCREENING_REFERENCE
NLSC-121-1921,1921,臺中市北區省三國民小學,121,201710,G0005,地下水補注地質敏感區,臺中盆地,1,120.6843093,24.1596787,school campus polygon intersects official sensitive-area polygon,SCREENING_REFERENCE
NLSC-121-2075,2075,臺中市北區立人國民小學,121,202201,G0005,地下水補注地質敏感區,臺中盆地,1,120.6688706,24.1707894,school campus polygon intersects official sensitive-area polygon,SCREENING_REFERENCE
NLSC-121-1844,1844,臺中市北區篤行國民小學,121,201710,G0005,地下水補注地質敏感區,臺中盆地,1,120.6727145,24.1548416,school campus polygon intersects official sensitive-area polygon,SCREENING_REFERENCE
NLSC-121-2008,2008,臺中市北區賴厝國民小學,121,201509,G0005,地下水補注地質敏感區,臺中盆地,1,120.6785045,24.1661782,school campus polygon intersects official sensitive-area polygon,SCREENING_REFERENCE
NLSC-121-2225,2225,臺中市北屯區仁愛國民小學,121,202201,G0005,地下水補注地質敏感區,臺中盆地,1,120.6715444,24.1806044,school campus polygon intersects official sensitive-area polygon,SCREENING_REFERENCE
NLSC-121-2347,2347,臺中市北屯區仁美國民小學,121,202401,G0005,地下水補注地質敏感區,臺中盆地,1,120.6871877,24.1919097,school campus polygon intersects official sensitive-area polygon,SCREENING_REFERENCE
NLSC-121-2184,2184,臺中市北屯區僑孝國民小學,121,202201,G0005,地下水補注地質敏感區,臺中盆地,1,120.6991004,24.1777920,school campus polygon intersects official sensitive-area polygon,SCREENING_REFERENCE
NLSC-121-1960,1960,臺中市北屯區北屯國民小學,121,202201,G0005,地下水補注地質敏感區,臺中盆地,1,120.6918674,24.1636186,school campus polygon intersects official sensitive-area polygon,SCREENING_REFERENCE
NLSC-121-2349,2349,臺中市北屯區四張犁國民小學,121,202401,G0005,地下水補注地質敏感區,臺中盆地,1,120.6780853,24.1924829,school campus polygon intersects official sensitive-area polygon,SCREENING_REFERENCE
NLSC-121-2058,2058,臺中市北屯區四維國民小學,121,201509,G0005,地下水補注地質敏感區,臺中盆地,1,120.6955863,24.1704532,school campus polygon intersects official sensitive-area polygon,SCREENING_REFERENCE
NLSC-121-685,685,臺中市北屯區廍子國民小學,121,202601,G0005,地下水補注地質敏感區,臺中盆地,1,120.7217575,24.1675994,school campus polygon intersects official sensitive-area polygon,SCREENING_REFERENCE
NLSC-121-2155,2155,臺中市北屯區建功國民小學,121,201509,G0005,地下水補注地質敏感區,臺中盆地,1,120.7159423,24.1761099,school campus polygon intersects official sensitive-area polygon,SCREENING_REFERENCE
NLSC-121-2101,2101,臺中市北屯區文心國民小學,121,202201,G0005,地下水補注地質敏感區,臺中盆地,1,120.6826466,24.1731249,school campus polygon intersects official sensitive-area polygon,SCREENING_REFERENCE
NLSC-121-2030,2030,臺中市北屯區文昌國民小學,121,201509,G0005,地下水補注地質敏感區,臺中盆地,1,120.6917311,24.1678679,school campus polygon intersects official sensitive-area polygon,SCREENING_REFERENCE
NLSC-121-2364,2364,臺中市北屯區新興國民小學,121,201509,G0005,地下水補注地質敏感區,臺中盆地,1,120.6628191,24.1946394,school campus polygon intersects official sensitive-area polygon,SCREENING_REFERENCE
NLSC-121-2086,2086,臺中市北屯區東光國民小學,121,202201,G0005,地下水補注地質敏感區,臺中盆地,1,120.7018222,24.1717538,school campus polygon intersects official sensitive-area polygon,SCREENING_REFERENCE
NLSC-121-1031,1031,臺中市北屯區松強國民小學,121,202601,G0005,地下水補注地質敏感區,臺中盆地,1,120.6915357,24.1875401,school campus polygon intersects official sensitive-area polygon,SCREENING_REFERENCE
NLSC-121-2232,2232,臺中市北屯區松竹國民小學,121,202401,G0005,地下水補注地質敏感區,臺中盆地,1,120.6901741,24.1812358,school campus polygon intersects official sensitive-area polygon,SCREENING_REFERENCE
NLSC-121-2106,2106,臺中市北屯區軍功國民小學,121,202201,G0005,地下水補注地質敏感區,臺中盆地,1,120.7198500,24.1734044,school campus polygon intersects official sensitive-area polygon,SCREENING_REFERENCE
NLSC-121-2289,2289,臺中市北屯區陳平國民小學,121,201308,G0005,地下水補注地質敏感區,臺中盆地,1,120.6679560,24.1847070,school campus polygon intersects official sensitive-area polygon,SCREENING_REFERENCE
NLSC-121-1349,1349,臺中市南區信義國民小學,121,201710,G0005,地下水補注地質敏感區,臺中盆地,1,120.6684221,24.1215829,school campus polygon intersects official sensitive-area polygon,SCREENING_REFERENCE
NLSC-121-1347,1347,臺中市南區和平國民小學,121,202401,G0005,地下水補注地質敏感區,臺中盆地,1,120.6598891,24.1207696,school campus polygon intersects official sensitive-area polygon,SCREENING_REFERENCE
NLSC-121-1383,1383,臺中市南區國光國民小學,121,202401,G0005,地下水補注地質敏感區,臺中盆地,1,120.6802663,24.1249229,school campus polygon intersects official sensitive-area polygon,SCREENING_REFERENCE
NLSC-121-1506,1506,臺中市南屯區南屯國民小學,121,201710,G0005,地下水補注地質敏感區,臺中盆地,1,120.6381313,24.1368994,school campus polygon intersects official sensitive-area polygon,SCREENING_REFERENCE
NLSC-121-1681,1681,臺中市南屯區大墩國民小學,121,201509,G0005,地下水補注地質敏感區,臺中盆地,1,120.6396496,24.1463663,school campus polygon intersects official sensitive-area polygon,SCREENING_REFERENCE
NLSC-121-1670,1670,臺中市南屯區大新國民小學,121,201509,G0005,地下水補注地質敏感區,臺中盆地,1,120.6474670,24.1458604,school campus polygon intersects official sensitive-area polygon,SCREENING_REFERENCE
NLSC-121-1801,1801,臺中市南屯區惠文國民小學,121,202401,G0005,地下水補注地質敏感區,臺中盆地,1,120.6382338,24.1522130,school campus polygon intersects official sensitive-area polygon,SCREENING_REFERENCE
NLSC-121-1737,1737,臺中市南屯區文山國民小學,121,201509,G0005,地下水補注地質敏感區,臺中盆地,1,120.6147786,24.1493494,school campus polygon intersects official sensitive-area polygon,SCREENING_REFERENCE
NLSC-121-447,447,臺中市南屯區春安國民小學,121,202601,G0005,地下水補注地質敏感區,臺中盆地,1,120.6076521,24.1348468,school campus polygon intersects official sensitive-area polygon,SCREENING_REFERENCE
NLSC-121-1858,1858,臺中市南屯區東興國民小學,121,201710,G0005,地下水補注地質敏感區,臺中盆地,1,120.6527940,24.1555470,school campus polygon intersects official sensitive-area polygon,SCREENING_REFERENCE
NLSC-121-1470,1470,臺中市南屯區永春國民小學,121,201710,G0005,地下水補注地質敏感區,臺中盆地,1,120.6482951,24.1353577,school campus polygon intersects official sensitive-area polygon,SCREENING_REFERENCE
NLSC-121-1897,1897,臺中市南屯區黎明國民小學,121,201509,G0005,地下水補注地質敏感區,臺中盆地,1,120.6323562,24.1574665,school campus polygon intersects official sensitive-area polygon,SCREENING_REFERENCE
NLSC-121-2900,2900,臺中市后里區七星國民小學,121,201712,F0019,活動斷層地質敏感區,屯子腳斷層,1,120.7113770,24.3010136,school campus polygon intersects official sensitive-area polygon,SCREENING_REFERENCE
NLSC-121-995,995,臺中市大甲區東陽國民小學,121,202601,F0012,活動斷層地質敏感區,大甲斷層,1,120.6293268,24.3412725,school campus polygon intersects official sensitive-area polygon,SCREENING_REFERENCE
NLSC-121-1964,1964,臺中市大肚區山陽國民小學,121,202404,F0012,活動斷層地質敏感區,大甲斷層,1,120.5448900,24.1636263,school campus polygon intersects official sensitive-area polygon,SCREENING_REFERENCE
NLSC-121-1253,1253,臺中市大里區內新國民小學,121,202201,G0005,地下水補注地質敏感區,臺中盆地,1,120.6957227,24.1121645,school campus polygon intersects official sensitive-area polygon,SCREENING_REFERENCE
NLSC-121-1144,1144,臺中市大里區大元國民小學,121,201509,G0005,地下水補注地質敏感區,臺中盆地,1,120.6906152,24.1001100,school campus polygon intersects official sensitive-area polygon,SCREENING_REFERENCE
NLSC-121-1275,1275,臺中市大里區崇光國民小學,121,201509,G0005,地下水補注地質敏感區,臺中盆地,1,120.6845863,24.1141112,school campus polygon intersects official sensitive-area polygon,SCREENING_REFERENCE
NLSC-121-1241,1241,臺中市大里區永隆國民小學,121,201710,G0005,地下水補注地質敏感區,臺中盆地,1,120.6773360,24.1116201,school campus polygon intersects official sensitive-area polygon,SCREENING_REFERENCE
NLSC-121-1198,1198,臺中市大里區益民國民小學,121,201509,G0005,地下水補注地質敏感區,臺中盆地,1,120.6875018,24.1074738,school campus polygon intersects official sensitive-area polygon,SCREENING_REFERENCE
NLSC-121-1176,1176,臺中市大里區立新國民小學,121,201509,G0005,地下水補注地質敏感區,臺中盆地,1,120.6991088,24.1051062,school campus polygon intersects official sensitive-area polygon,SCREENING_REFERENCE
NLSC-121-2473,2473,臺中市大雅區三和國民小學,121,201710,G0005,地下水補注地質敏感區,臺中盆地,1,120.6674315,24.2192873,school campus polygon intersects official sensitive-area polygon,SCREENING_REFERENCE
NLSC-121-2556,2556,臺中市大雅區上楓國民小學,121,202401,G0005,地下水補注地質敏感區,臺中盆地,1,120.6670650,24.2367802,school campus polygon intersects official sensitive-area polygon,SCREENING_REFERENCE
NLSC-121-2566,2566,臺中市大雅區六寶國民小學,121,202401,G0005,地下水補注地質敏感區,臺中盆地,1,120.6355492,24.2385572,school campus polygon intersects official sensitive-area polygon,SCREENING_REFERENCE
NLSC-121-2523,2523,臺中市大雅區大明國民小學,121,201710,G0005,地下水補注地質敏感區,臺中盆地,1,120.6436688,24.2290662,school campus polygon intersects official sensitive-area polygon,SCREENING_REFERENCE
NLSC-121-2488,2488,臺中市大雅區大雅國民小學,121,202401,G0005,地下水補注地質敏感區,臺中盆地,1,120.6511743,24.2224075,school campus polygon intersects official sensitive-area polygon,SCREENING_REFERENCE
NLSC-121-2476,2476,臺中市大雅區文雅國民小學,121,202401,G0005,地下水補注地質敏感區,臺中盆地,1,120.6456722,24.2199719,school campus polygon intersects official sensitive-area polygon,SCREENING_REFERENCE
NLSC-121-2529,2529,臺中市大雅區汝鎏國民小學,121,201308,G0005,地下水補注地質敏感區,臺中盆地,1,120.6268558,24.2312842,school campus polygon intersects official sensitive-area polygon,SCREENING_REFERENCE
NLSC-121-2481,2481,臺中市大雅區陽明國民小學,121,202401,G0005,地下水補注地質敏感區,臺中盆地,1,120.6327497,24.2211534,school campus polygon intersects official sensitive-area polygon,SCREENING_REFERENCE
NLSC-121-1709,1709,臺中市太平區中華國民小學,121,202401,G0005,地下水補注地質敏感區,臺中盆地,1,120.7262435,24.1480033,school campus polygon intersects official sensitive-area polygon,SCREENING_REFERENCE
NLSC-121-1655,1655,臺中市太平區坪林國民小學,121,201509,F0001、G0005,地下水補注地質敏感區、活動斷層地質敏感區,臺中盆地、車籠埔斷層,2,120.7373029,24.1456068,school campus polygon intersects official sensitive-area polygon,SCREENING_REFERENCE
NLSC-121-1633,1633,臺中市太平區坪林國民小學1,121,202401,F0001、G0005,地下水補注地質敏感區、活動斷層地質敏感區,臺中盆地、車籠埔斷層,2,120.7367658,24.1444725,school campus polygon intersects official sensitive-area polygon,SCREENING_REFERENCE
NLSC-121-1398,1398,臺中市太平區太平國民小學,121,201509,G0005,地下水補注地質敏感區,臺中盆地,1,120.7176890,24.1275359,school campus polygon intersects official sensitive-area polygon,SCREENING_REFERENCE
NLSC-121-1555,1555,臺中市太平區宜欣國民小學,121,202401,G0005,地下水補注地質敏感區,臺中盆地,1,120.7155233,24.1393283,school campus polygon intersects official sensitive-area polygon,SCREENING_REFERENCE
NLSC-121-1373,1373,臺中市太平區建平國民小學,121,201710,G0005,地下水補注地質敏感區,臺中盆地,1,120.7236911,24.1239445,school campus polygon intersects official sensitive-area polygon,SCREENING_REFERENCE
NLSC-121-1931,1931,臺中市太平區新光國民小學,121,202201,G0005,地下水補注地質敏感區,臺中盆地,1,120.7065909,24.1603607,school campus polygon intersects official sensitive-area polygon,SCREENING_REFERENCE
NLSC-121-1828,1828,臺中市太平區新平國民小學,121,201509,G0005,地下水補注地質敏感區,臺中盆地,1,120.7205395,24.1546239,school campus polygon intersects official sensitive-area polygon,SCREENING_REFERENCE
NLSC-121-1764,1764,臺中市太平區新高國民小學,121,202401,G0005,地下水補注地質敏感區,臺中盆地,1,120.7141863,24.1509328,school campus polygon intersects official sensitive-area polygon,SCREENING_REFERENCE
NLSC-121-1433,1433,臺中市太平區東平國民小學,121,201509,G0005,地下水補注地質敏感區,臺中盆地,1,120.7232642,24.1329389,school campus polygon intersects official sensitive-area polygon,SCREENING_REFERENCE
NLSC-121-1259,1259,臺中市太平區長億國民小學,121,201710,G0005,地下水補注地質敏感區,臺中盆地,1,120.7160681,24.1125877,school campus polygon intersects official sensitive-area polygon,SCREENING_REFERENCE
NLSC-121-1357,1357,臺中市太平區頭汴國民小學,121,201509,F0001,活動斷層地質敏感區,車籠埔斷層,1,120.7521399,24.1229241,school campus polygon intersects official sensitive-area polygon,SCREENING_REFERENCE
NLSC-121-1761,1761,臺中市東區力行國民小學,121,201509,G0005,地下水補注地質敏感區,臺中盆地,1,120.6933982,24.1507358,school campus polygon intersects official sensitive-area polygon,SCREENING_REFERENCE
NLSC-121-1407,1407,臺中市東區大智國民小學,121,202201,G0005,地下水補注地質敏感區,臺中盆地,1,120.6910339,24.1286084,school campus polygon intersects official sensitive-area polygon,SCREENING_REFERENCE
NLSC-121-1508,1508,臺中市東區成功國民小學,121,202401,G0005,地下水補注地質敏感區,臺中盆地,1,120.6989936,24.1373608,school campus polygon intersects official sensitive-area polygon,SCREENING_REFERENCE
NLSC-121-1522,1522,臺中市東區樂業國民小學,121,202401,G0005,地下水補注地質敏感區,臺中盆地,1,120.6943268,24.1379208,school campus polygon intersects official sensitive-area polygon,SCREENING_REFERENCE
NLSC-121-1429,1429,臺中市東區臺中國民小學,121,201710,G0005,地下水補注地質敏感區,臺中盆地,1,120.6854780,24.1318599,school campus polygon intersects official sensitive-area polygon,SCREENING_REFERENCE
NLSC-121-1659,1659,臺中市東區進德國民小學,121,201509,G0005,地下水補注地質敏感區,臺中盆地,1,120.6933999,24.1452181,school campus polygon intersects official sensitive-area polygon,SCREENING_REFERENCE
NLSC-121-2513,2513,臺中市沙鹿區文光國民小學,121,201710,F0012,活動斷層地質敏感區,大甲斷層,1,120.5566748,24.2263946,school campus polygon intersects official sensitive-area polygon,SCREENING_REFERENCE
NLSC-121-2547,2547,臺中市沙鹿區沙鹿國民小學,121,201707,F0012,活動斷層地質敏感區,大甲斷層,1,120.5614901,24.2350687,school campus polygon intersects official sensitive-area polygon,SCREENING_REFERENCE
NLSC-121-2391,2391,臺中市潭子區僑忠國民小學,121,202401,G0005,地下水補注地質敏感區,臺中盆地,1,120.7026204,24.2024928,school campus polygon intersects official sensitive-area polygon,SCREENING_REFERENCE
NLSC-121-2403,2403,臺中市潭子區新興國民小學,121,201712,F0010、G0005,地下水補注地質敏感區、活動斷層地質敏感區,三義斷層、臺中盆地,2,120.7261572,24.2045345,school campus polygon intersects official sensitive-area polygon,SCREENING_REFERENCE
NLSC-121-2394,2394,臺中市潭子區新興國民小學1,121,202201,F0010、G0005,地下水補注地質敏感區、活動斷層地質敏感區,三義斷層、臺中盆地,2,120.7256712,24.2033214,school campus polygon intersects official sensitive-area polygon,SCREENING_REFERENCE
NLSC-121-883,883,臺中市潭子區東寶國民小學,121,202601,G0005,地下水補注地質敏感區,臺中盆地,1,120.6844619,24.2171335,school campus polygon intersects official sensitive-area polygon,SCREENING_REFERENCE
NLSC-121-881,881,臺中市潭子區潭子國民小學,121,202601,G0005,地下水補注地質敏感區,臺中盆地,1,120.7042923,24.2139569,school campus polygon intersects official sensitive-area polygon,SCREENING_REFERENCE
NLSC-121-2442,2442,臺中市潭子區潭陽國民小學,121,201710,G0005,地下水補注地質敏感區,臺中盆地,1,120.7099015,24.2122709,school campus polygon intersects official sensitive-area polygon,SCREENING_REFERENCE
NLSC-121-2369,2369,臺中市潭子區頭家國民小學,121,201710,G0005,地下水補注地質敏感區,臺中盆地,1,120.6953478,24.1966861,school campus polygon intersects official sensitive-area polygon,SCREENING_REFERENCE
NLSC-121-2848,2848,臺中市石岡區石岡國民小學,121,202401,F0001,活動斷層地質敏感區,車籠埔斷層,1,120.7736199,24.2760282,school campus polygon intersects official sensitive-area polygon,SCREENING_REFERENCE
NLSC-121-2839,2839,臺中市神岡區圳堵國民小學,121,202401,G0005,地下水補注地質敏感區,臺中盆地,1,120.6586545,24.2727754,school campus polygon intersects official sensitive-area polygon,SCREENING_REFERENCE
NLSC-121-2646,2646,臺中市神岡區岸裡國民小學,121,201712,G0005,地下水補注地質敏感區,臺中盆地,1,120.6972391,24.2494214,school campus polygon intersects official sensitive-area polygon,SCREENING_REFERENCE
NLSC-121-2614,2614,臺中市神岡區社口國民小學,121,201712,G0005,地下水補注地質敏感區,臺中盆地,1,120.6851470,24.2453620,school campus polygon intersects official sensitive-area polygon,SCREENING_REFERENCE
NLSC-121-2735,2735,臺中市神岡區神岡國民小學,121,202401,G0005,地下水補注地質敏感區,臺中盆地,1,120.6598969,24.2581771,school campus polygon intersects official sensitive-area polygon,SCREENING_REFERENCE
NLSC-121-2775,2775,臺中市神岡區豐洲國民小學,121,201712,G0005,地下水補注地質敏感區,臺中盆地,1,120.7039436,24.2627774,school campus polygon intersects official sensitive-area polygon,SCREENING_REFERENCE
NLSC-121-1246,1246,臺中市私立僑泰高級中學,121,202401,G0005,地下水補注地質敏感區,臺中盆地,1,120.6676673,24.1114744,school campus polygon intersects official sensitive-area polygon,SCREENING_REFERENCE
NLSC-121-1299,1299,臺中市私立大明高級中學,121,202401,G0005,地下水補注地質敏感區,臺中盆地,1,120.6861146,24.1164896,school campus polygon intersects official sensitive-area polygon,SCREENING_REFERENCE
NLSC-121-875,875,臺中市私立大明高級中學潭子應用藝術校區,121,202601,G0005,地下水補注地質敏感區,臺中盆地,1,120.7207515,24.2053371,school campus polygon intersects official sensitive-area polygon,SCREENING_REFERENCE
NLSC-121-857,857,臺中市私立宜寧高中,121,202601,G0005,地下水補注地質敏感區,臺中盆地,1,120.6040321,24.1953789,school campus polygon intersects official sensitive-area polygon,SCREENING_REFERENCE
NLSC-121-1519,1519,臺中市私立嶺東高級中學,121,201509,G0005,地下水補注地質敏感區,臺中盆地,1,120.6106724,24.1372144,school campus polygon intersects official sensitive-area polygon,SCREENING_REFERENCE
NLSC-121-852,852,臺中市私立常春藤高級中學,121,202601,G0005,地下水補注地質敏感區,臺中盆地,1,120.7165978,24.1953195,school campus polygon intersects official sensitive-area polygon,SCREENING_REFERENCE
NLSC-121-2508,2508,臺中市私立弘文高級中學,121,202401,G0005,地下水補注地質敏感區,臺中盆地,1,120.7040958,24.2261281,school campus polygon intersects official sensitive-area polygon,SCREENING_REFERENCE
NLSC-121-2475,2475,臺中市私立惠明盲校,121,201712,G0005,地下水補注地質敏感區,臺中盆地,1,120.6612422,24.2201304,school campus polygon intersects official sensitive-area polygon,SCREENING_REFERENCE
NLSC-121-2142,2142,臺中市私立慎齋小學,121,201308,G0005,地下水補注地質敏感區,臺中盆地,1,120.6771099,24.1757638,school campus polygon intersects official sensitive-area polygon,SCREENING_REFERENCE
NLSC-121-1902,1902,臺中市私立新民高級中學,121,201509,G0005,地下水補注地質敏感區,臺中盆地,1,120.6865774,24.1579572,school campus polygon intersects official sensitive-area polygon,SCREENING_REFERENCE
NLSC-121-1061,1061,臺中市私立明台高級中學,121,202401,F0001,活動斷層地質敏感區,車籠埔斷層,1,120.7036864,24.0608801,school campus polygon intersects official sensitive-area polygon,SCREENING_REFERENCE
NLSC-121-1338,1338,臺中市私立明德高級中學,121,201910,G0005,地下水補注地質敏感區,臺中盆地,1,120.6829648,24.1203084,school campus polygon intersects official sensitive-area polygon,SCREENING_REFERENCE
NLSC-121-2167,2167,臺中市私立明道普霖斯頓國民小學,121,202508,G0005,地下水補注地質敏感區,臺中盆地,1,120.6844232,24.1771133,school campus polygon intersects official sensitive-area polygon,SCREENING_REFERENCE
NLSC-121-2032,2032,臺中市私立曉明女子高級中學,121,202401,G0005,地下水補注地質敏感區,臺中盆地,1,120.6742574,24.1679314,school campus polygon intersects official sensitive-area polygon,SCREENING_REFERENCE
NLSC-121-1025,1025,臺中市私立洛克威爾藝術實驗教育學校,121,202601,G0005,地下水補注地質敏感區,臺中盆地,1,120.7198595,24.2066155,school campus polygon intersects official sensitive-area polygon,SCREENING_REFERENCE
NLSC-121-2649,2649,臺中市私立玉山高級中學,121,202201,L0003,山崩與地滑地質敏感區,臺中市,1,120.8444382,24.2500094,school campus polygon intersects official sensitive-area polygon,SCREENING_REFERENCE
NLSC-121-1024,1024,臺中市私立磊川華德福實驗教育學校,121,202601,G0005,地下水補注地質敏感區,臺中盆地,1,120.7129527,24.1804717,school campus polygon intersects official sensitive-area polygon,SCREENING_REFERENCE
NLSC-121-1180,1180,臺中市私立立人高級中學,121,202401,G0005,地下水補注地質敏感區,臺中盆地,1,120.6911730,24.1052277,school campus polygon intersects official sensitive-area polygon,SCREENING_REFERENCE
NLSC-121-1867,1867,臺中市私立育仁國民小學,121,202508,G0005,地下水補注地質敏感區,臺中盆地,1,120.6911861,24.1567006,school campus polygon intersects official sensitive-area polygon,SCREENING_REFERENCE
NLSC-121-2372,2372,臺中市私立華盛頓國民小學,121,202508,G0005,地下水補注地質敏感區,臺中盆地,1,120.7173232,24.1973259,school campus polygon intersects official sensitive-area polygon,SCREENING_REFERENCE
NLSC-121-1904,1904,臺中市私立華盛頓高級中學,121,201509,F0001、G0005,地下水補注地質敏感區、活動斷層地質敏感區,臺中盆地、車籠埔斷層,2,120.7451894,24.1579220,school campus polygon intersects official sensitive-area polygon,SCREENING_REFERENCE
NLSC-121-2068,2068,臺中市私立葳格國際學校小學部西屯校區,121,202401,G0005,地下水補注地質敏感區,臺中盆地,1,120.6534939,24.1705098,school campus polygon intersects official sensitive-area polygon,SCREENING_REFERENCE
NLSC-121-2206,2206,臺中市私立葳格高級中學,121,201712,G0005,地下水補注地質敏感區,臺中盆地,1,120.7120684,24.1792319,school campus polygon intersects official sensitive-area polygon,SCREENING_REFERENCE
NLSC-121-2298,2298,臺中市私立衛道高級中學,121,202401,G0005,地下水補注地質敏感區,臺中盆地,1,120.6740964,24.1838318,school campus polygon intersects official sensitive-area polygon,SCREENING_REFERENCE
NLSC-121-2350,2350,臺中市私立長春藤高級中學1,121,202201,G0005,地下水補注地質敏感區,臺中盆地,1,120.7185253,24.1927598,school campus polygon intersects official sensitive-area polygon,SCREENING_REFERENCE
NLSC-121-826,826,臺中市私立馬禮遜美國學校,121,202512,G0005,地下水補注地質敏感區,臺中盆地,1,120.6805234,24.1869622,school campus polygon intersects official sensitive-area polygon,SCREENING_REFERENCE
NLSC-121-858,858,臺中市私立麗喆雙語國民中小學,121,202601,G0005,地下水補注地質敏感區,臺中盆地,1,120.6139880,24.1957097,school campus polygon intersects official sensitive-area polygon,SCREENING_REFERENCE
NLSC-121-2025,2025,臺中市立三光國民中學,121,201509,G0005,地下水補注地質敏感區,臺中盆地,1,120.6978822,24.1676278,school campus polygon intersects official sensitive-area polygon,SCREENING_REFERENCE
NLSC-121-2033,2033,臺中市立中山國民中學,121,202401,G0005,地下水補注地質敏感區,臺中盆地,1,120.6597069,24.1679386,school campus polygon intersects official sensitive-area polygon,SCREENING_REFERENCE
NLSC-121-1364,1364,臺中市立中平國民中學,121,201710,G0005,地下水補注地質敏感區,臺中盆地,1,120.7186882,24.1232835,school campus polygon intersects official sensitive-area polygon,SCREENING_REFERENCE
NLSC-121-1842,1842,臺中市立五權國民中學,121,202201,G0005,地下水補注地質敏感區,臺中盆地,1,120.6788925,24.1547488,school campus polygon intersects official sensitive-area polygon,SCREENING_REFERENCE
NLSC-121-1046,1046,臺中市立光復國民中小學,121,202401,G0005,地下水補注地質敏感區,臺中盆地,1,120.6895992,24.0440899,school campus polygon intersects official sensitive-area polygon,SCREENING_REFERENCE
NLSC-121-1043,1043,臺中市立光復國民中小學1,121,201308,G0005,地下水補注地質敏感區,臺中盆地,1,120.6899938,24.0428381,school campus polygon intersects official sensitive-area polygon,SCREENING_REFERENCE
NLSC-121-1441,1441,臺中市立光明國民中學,121,202401,G0005,地下水補注地質敏感區,臺中盆地,1,120.6731929,24.1328575,school campus polygon intersects official sensitive-area polygon,SCREENING_REFERENCE
NLSC-121-1242,1242,臺中市立光榮國民中學,121,201509,G0005,地下水補注地質敏感區,臺中盆地,1,120.6873477,24.1112250,school campus polygon intersects official sensitive-area polygon,SCREENING_REFERENCE
NLSC-121-2218,2218,臺中市立北新國民中學,121,201712,G0005,地下水補注地質敏感區,臺中盆地,1,120.6979535,24.1798101,school campus polygon intersects official sensitive-area polygon,SCREENING_REFERENCE
NLSC-121-1622,1622,臺中市立向上國民中學,121,201710,G0005,地下水補注地質敏感區,臺中盆地,1,120.6630952,24.1433041,school campus polygon intersects official sensitive-area polygon,SCREENING_REFERENCE
NLSC-121-648,648,臺中市立啟聰學校,121,202601,G0005,地下水補注地質敏感區,臺中盆地,1,120.6165702,24.1617903,school campus polygon intersects official sensitive-area polygon,SCREENING_REFERENCE
NLSC-121-2362,2362,臺中市立四張犁國民中學,121,202201,G0005,地下水補注地質敏感區,臺中盆地,1,120.6772327,24.1942705,school campus polygon intersects official sensitive-area polygon,SCREENING_REFERENCE
NLSC-121-417,417,臺中市立四育國民中學,121,202601,G0005,地下水補注地質敏感區,臺中盆地,1,120.6651262,24.1252545,school campus polygon intersects official sensitive-area polygon,SCREENING_REFERENCE
NLSC-121-1658,1658,臺中市立大墩國民中學,121,201710,G0005,地下水補注地質敏感區,臺中盆地,1,120.6398110,24.1452790,school campus polygon intersects official sensitive-area polygon,SCREENING_REFERENCE
NLSC-121-2230,2230,臺中市立大德國民中學,121,202401,G0005,地下水補注地質敏感區,臺中盆地,1,120.6692738,24.1804616,school campus polygon intersects official sensitive-area polygon,SCREENING_REFERENCE
NLSC-121-1830,1830,臺中市立大業國民中學,121,202401,G0005,地下水補注地質敏感區,臺中盆地,1,120.6521906,24.1543922,school campus polygon intersects official sensitive-area polygon,SCREENING_REFERENCE
NLSC-121-2455,2455,臺中市立大華國民中學,121,202401,G0005,地下水補注地質敏感區,臺中盆地,1,120.6506265,24.2157257,school campus polygon intersects official sensitive-area polygon,SCREENING_REFERENCE
NLSC-121-2500,2500,臺中市立大雅國民中學,121,201712,G0005,地下水補注地質敏感區,臺中盆地,1,120.6509484,24.2242167,school campus polygon intersects official sensitive-area polygon,SCREENING_REFERENCE
NLSC-121-1730,1730,臺中市立太平國民中學,121,202003,F0001、G0005,地下水補注地質敏感區、活動斷層地質敏感區,臺中盆地、車籠埔斷層,2,120.7372167,24.1486698,school campus polygon intersects official sensitive-area polygon,SCREENING_REFERENCE
NLSC-121-1705,1705,臺中市立太平國民中學1,121,202401,F0001、G0005,地下水補注地質敏感區、活動斷層地質敏感區,臺中盆地、車籠埔斷層,2,120.7384562,24.1482271,school campus polygon intersects official sensitive-area polygon,SCREENING_REFERENCE
NLSC-121-2115,2115,臺中市立安和國民中學,121,202401,G0005,地下水補注地質敏感區,臺中盆地,1,120.6163047,24.1729435,school campus polygon intersects official sensitive-area polygon,SCREENING_REFERENCE
NLSC-121-1501,1501,臺中市立居仁國民中學,121,201509,G0005,地下水補注地質敏感區,臺中盆地,1,120.6784302,24.1372576,school campus polygon intersects official sensitive-area polygon,SCREENING_REFERENCE
NLSC-121-456,456,臺中市立居仁國民中學運動場,121,202512,G0005,地下水補注地質敏感區,臺中盆地,1,120.6746759,24.1362958,school campus polygon intersects official sensitive-area polygon,SCREENING_REFERENCE
NLSC-121-430,430,臺中市立崇倫國民中學,121,202601,G0005,地下水補注地質敏感區,臺中盆地,1,120.6583115,24.1314603,school campus polygon intersects official sensitive-area polygon,SCREENING_REFERENCE
NLSC-121-2137,2137,臺中市立崇德國民中學,121,201710,G0005,地下水補注地質敏感區,臺中盆地,1,120.6846335,24.1751045,school campus polygon intersects official sensitive-area polygon,SCREENING_REFERENCE
NLSC-121-1920,1920,臺中市立忠明高級中學,121,202401,G0005,地下水補注地質敏感區,臺中盆地,1,120.6637530,24.1589402,school campus polygon intersects official sensitive-area polygon,SCREENING_REFERENCE
NLSC-121-1800,1800,臺中市立惠文高級中學,121,202401,G0005,地下水補注地質敏感區,臺中盆地,1,120.6398063,24.1520749,school campus polygon intersects official sensitive-area polygon,SCREENING_REFERENCE
NLSC-121-2070,2070,臺中市立文華高級中等學校,121,202201,G0005,地下水補注地質敏感區,臺中盆地,1,120.6606310,24.1703170,school campus polygon intersects official sensitive-area polygon,SCREENING_REFERENCE
NLSC-121-1895,1895,臺中市立新光國民中學,121,202201,G0005,地下水補注地質敏感區,臺中盆地,1,120.7088880,24.1576008,school campus polygon intersects official sensitive-area polygon,SCREENING_REFERENCE
NLSC-121-2010,2010,臺中市立東山高級中學,121,201509,G0005,地下水補注地質敏感區,臺中盆地,1,120.7128547,24.1660189,school campus polygon intersects official sensitive-area polygon,SCREENING_REFERENCE
NLSC-121-1385,1385,臺中市立東峰國民中學,121,202401,G0005,地下水補注地質敏感區,臺中盆地,1,120.6862408,24.1251727,school campus polygon intersects official sensitive-area polygon,SCREENING_REFERENCE
NLSC-121-3076,3076,臺中市立梨山國民中小學,121,202203,L0003,山崩與地滑地質敏感區,臺中市,1,121.2594392,24.2555125,school campus polygon intersects official sensitive-area polygon,SCREENING_REFERENCE
NLSC-121-2549,2549,臺中市立沙鹿國民中學,121,201707,F0012,活動斷層地質敏感區,大甲斷層,1,120.5626596,24.2349681,school campus polygon intersects official sensitive-area polygon,SCREENING_REFERENCE
NLSC-121-2791,2791,臺中市立清水高級中等學校,121,201712,F0012,活動斷層地質敏感區,大甲斷層,1,120.5746197,24.2650856,school campus polygon intersects official sensitive-area polygon,SCREENING_REFERENCE
NLSC-121-1942,1942,臺中市立漢口國民中學,121,201308,G0005,地下水補注地質敏感區,臺中盆地,1,120.6576807,24.1615141,school campus polygon intersects official sensitive-area polygon,SCREENING_REFERENCE
NLSC-121-878,878,臺中市立潭子國民中學,121,202601,G0005,地下水補注地質敏感區,臺中盆地,1,120.7080227,24.2091616,school campus polygon intersects official sensitive-area polygon,SCREENING_REFERENCE
NLSC-121-2454,2454,臺中市立潭秀國民中學,121,201308,G0005,地下水補注地質敏感區,臺中盆地,1,120.6995204,24.2153812,school campus polygon intersects official sensitive-area polygon,SCREENING_REFERENCE
NLSC-121-1196,1196,臺中市立爽文國民中學,121,202401,G0005,地下水補注地質敏感區,臺中盆地,1,120.6780545,24.1071527,school campus polygon intersects official sensitive-area polygon,SCREENING_REFERENCE
NLSC-121-2759,2759,臺中市立神圳國民中學,121,202401,G0005,地下水補注地質敏感區,臺中盆地,1,120.6579204,24.2600914,school campus polygon intersects official sensitive-area polygon,SCREENING_REFERENCE
NLSC-121-2624,2624,臺中市立神岡工業高級中等學校,121,202401,G0005,地下水補注地質敏感區,臺中盆地,1,120.6810509,24.2464660,school campus polygon intersects official sensitive-area polygon,SCREENING_REFERENCE
NLSC-121-830,830,臺中市立福科國民中學,121,202601,G0005,地下水補注地質敏感區,臺中盆地,1,120.6142109,24.1887324,school campus polygon intersects official sensitive-area polygon,SCREENING_REFERENCE
NLSC-121-2074,2074,臺中市立立人國民中學,121,201509,G0005,地下水補注地質敏感區,臺中盆地,1,120.6701911,24.1708797,school campus polygon intersects official sensitive-area polygon,SCREENING_REFERENCE
NLSC-121-1175,1175,臺中市立立新國民中學,121,201509,G0005,地下水補注地質敏感區,臺中盆地,1,120.6975429,24.1049872,school campus polygon intersects official sensitive-area polygon,SCREENING_REFERENCE
NLSC-121-1484,1484,臺中市立育英國民中學,121,202401,G0005,地下水補注地質敏感區,臺中盆地,1,120.6988380,24.1359341,school campus polygon intersects official sensitive-area polygon,SCREENING_REFERENCE
NLSC-121-2136,2136,臺中市立至善國民中學,121,202401,G0005,地下水補注地質敏感區,臺中盆地,1,120.6408278,24.1747176,school campus polygon intersects official sensitive-area polygon,SCREENING_REFERENCE
NLSC-121-1492,1492,臺中市立臺中女子高級中等學校,121,202401,G0005,地下水補注地質敏感區,臺中盆地,1,120.6771316,24.1359931,school campus polygon intersects official sensitive-area polygon,SCREENING_REFERENCE
NLSC-121-1442,1442,臺中市立臺中家事商業高級中等學校,121,201712,G0005,地下水補注地質敏感區,臺中盆地,1,120.6850586,24.1332143,school campus polygon intersects official sensitive-area polygon,SCREENING_REFERENCE
NLSC-121-1290,1290,臺中市立臺中工業高級中等學校,121,201712,G0005,地下水補注地質敏感區,臺中盆地,1,120.6622004,24.1151160,school campus polygon intersects official sensitive-area polygon,SCREENING_REFERENCE
NLSC-121-1797,1797,臺中市立臺中特殊教育學校,121,201712,G0005,地下水補注地質敏感區,臺中盆地,1,120.6417030,24.1521603,school campus polygon intersects official sensitive-area polygon,SCREENING_REFERENCE
NLSC-121-1771,1771,臺中市立臺中第一高級中等學校,121,201712,G0005,地下水補注地質敏感區,臺中盆地,1,120.6867443,24.1506175,school campus polygon intersects official sensitive-area polygon,SCREENING_REFERENCE
NLSC-121-1805,1805,臺中市立臺中第二高級中等學校,121,202401,G0005,地下水補注地質敏感區,臺中盆地,1,120.6745328,24.1533118,school campus polygon intersects official sensitive-area polygon,SCREENING_REFERENCE
NLSC-121-1804,1804,臺中市立臺中第二高級中等學校1,121,202201,G0005,地下水補注地質敏感區,臺中盆地,1,120.6760636,24.1532367,school campus polygon intersects official sensitive-area polygon,SCREENING_REFERENCE
NLSC-121-1455,1455,臺中市立萬和國民中學,121,201710,G0005,地下水補注地質敏感區,臺中盆地,1,120.6402786,24.1340155,school campus polygon intersects official sensitive-area polygon,SCREENING_REFERENCE
NLSC-121-2305,2305,臺中市立西苑高級中學,121,202401,G0005,地下水補注地質敏感區,臺中盆地,1,120.6429055,24.1862137,school campus polygon intersects official sensitive-area polygon,SCREENING_REFERENCE
NLSC-121-2575,2575,臺中市立豐南國民中學,121,201509,G0005,地下水補注地質敏感區,臺中盆地,1,120.7172063,24.2398655,school campus polygon intersects official sensitive-area polygon,SCREENING_REFERENCE
NLSC-121-2620,2620,臺中市立豐原商業高級中等學校,121,202201,G0005,地下水補注地質敏感區,臺中盆地,1,120.7136710,24.2462067,school campus polygon intersects official sensitive-area polygon,SCREENING_REFERENCE
NLSC-121-2762,2762,臺中市立豐原國民中學,121,201308,G0005,地下水補注地質敏感區,臺中盆地,1,120.7190371,24.2609475,school campus polygon intersects official sensitive-area polygon,SCREENING_REFERENCE
NLSC-121-2728,2728,臺中市立豐原高級中等學校,121,201910,G0005,地下水補注地質敏感區,臺中盆地,1,120.7420954,24.2571160,school campus polygon intersects official sensitive-area polygon,SCREENING_REFERENCE
NLSC-121-2635,2635,臺中市立豐東國民中學,121,201712,G0005,地下水補注地質敏感區,臺中盆地,1,120.7290084,24.2476491,school campus polygon intersects official sensitive-area polygon,SCREENING_REFERENCE
NLSC-121-2767,2767,臺中市立豐陽國民中學,121,201712,G0005,地下水補注地質敏感區,臺中盆地,1,120.7450401,24.2619530,school campus polygon intersects official sensitive-area polygon,SCREENING_REFERENCE
NLSC-121-1267,1267,臺中市立長億高級中學,121,201509,G0005,地下水補注地質敏感區,臺中盆地,1,120.7207889,24.1129694,school campus polygon intersects official sensitive-area polygon,SCREENING_REFERENCE
NLSC-121-1286,1286,臺中市立長億高級中學第二校區,121,202401,G0005,地下水補注地質敏感區,臺中盆地,1,120.7219627,24.1147505,school campus polygon intersects official sensitive-area polygon,SCREENING_REFERENCE
NLSC-121-1821,1821,臺中市立雙十國民中學,121,201509,G0005,地下水補注地質敏感區,臺中盆地,1,120.6917229,24.1532356,school campus polygon intersects official sensitive-area polygon,SCREENING_REFERENCE
NLSC-121-2612,2612,臺中市立鹿寮國民中學,121,201707,F0012,活動斷層地質敏感區,大甲斷層,1,120.5668323,24.2448131,school campus polygon intersects official sensitive-area polygon,SCREENING_REFERENCE
NLSC-121-1886,1886,臺中市立黎明國民中學,121,201710,G0005,地下水補注地質敏感區,臺中盆地,1,120.6326485,24.1566881,school campus polygon intersects official sensitive-area polygon,SCREENING_REFERENCE
NLSC-121-1773,1773,臺中市西區中正國民小學,121,202401,G0005,地下水補注地質敏感區,臺中盆地,1,120.6665802,24.1517554,school campus polygon intersects official sensitive-area polygon,SCREENING_REFERENCE
NLSC-121-1459,1459,臺中市西區大勇國民小學,121,202201,G0005,地下水補注地質敏感區,臺中盆地,1,120.6583712,24.1341686,school campus polygon intersects official sensitive-area polygon,SCREENING_REFERENCE
NLSC-121-1474,1474,臺中市西區大同國民小學,121,202401,G0005,地下水補注地質敏感區,臺中盆地,1,120.6785242,24.1353356,school campus polygon intersects official sensitive-area polygon,SCREENING_REFERENCE
NLSC-121-1537,1537,臺中市西區忠信國民小學,121,202401,G0005,地下水補注地質敏感區,臺中盆地,1,120.6683836,24.1387926,school campus polygon intersects official sensitive-area polygon,SCREENING_REFERENCE
NLSC-121-1525,1525,臺中市西區忠孝國民小學,121,201509,G0005,地下水補注地質敏感區,臺中盆地,1,120.6735357,24.1381247,school campus polygon intersects official sensitive-area polygon,SCREENING_REFERENCE
NLSC-121-1914,1914,臺中市西區忠明國民小學,121,201509,G0005,地下水補注地質敏感區,臺中盆地,1,120.6596410,24.1587703,school campus polygon intersects official sensitive-area polygon,SCREENING_REFERENCE
NLSC-121-2098,2098,臺中市西屯區上安國民小學,121,201509,G0005,地下水補注地質敏感區,臺中盆地,1,120.6393351,24.1725464,school campus polygon intersects official sensitive-area polygon,SCREENING_REFERENCE
NLSC-121-2105,2105,臺中市西屯區上石國民小學,121,201308,G0005,地下水補注地質敏感區,臺中盆地,1,120.6435637,24.1728861,school campus polygon intersects official sensitive-area polygon,SCREENING_REFERENCE
NLSC-121-1959,1959,臺中市西屯區何厝國民小學,121,201509,G0005,地下水補注地質敏感區,臺中盆地,1,120.6539010,24.1635433,school campus polygon intersects official sensitive-area polygon,SCREENING_REFERENCE
NLSC-121-2077,2077,臺中市西屯區協和國民小學,121,202401,G0005,地下水補注地質敏感區,臺中盆地,1,120.6193124,24.1704432,school campus polygon intersects official sensitive-area polygon,SCREENING_REFERENCE
NLSC-121-3084,3084,臺中市西屯區協和國民小學分校,121,202508,G0005,地下水補注地質敏感區,臺中盆地,1,120.5886688,24.1751790,school campus polygon intersects official sensitive-area polygon,SCREENING_REFERENCE
NLSC-121-2360,2360,臺中市西屯區國安國民小學,121,201308,G0005,地下水補注地質敏感區,臺中盆地,1,120.6082337,24.1939513,school campus polygon intersects official sensitive-area polygon,SCREENING_REFERENCE
NLSC-121-2022,2022,臺中市西屯區大仁國民小學,121,202401,G0005,地下水補注地質敏感區,臺中盆地,1,120.6586549,24.1673834,school campus polygon intersects official sensitive-area polygon,SCREENING_REFERENCE
NLSC-121-2176,2176,臺中市西屯區大鵬國民小學,121,202401,G0005,地下水補注地質敏感區,臺中盆地,1,120.6654104,24.1772828,school campus polygon intersects official sensitive-area polygon,SCREENING_REFERENCE
NLSC-121-1990,1990,臺中市西屯區惠來國民小學,121,201308,G0005,地下水補注地質敏感區,臺中盆地,1,120.6493391,24.1650359,school campus polygon intersects official sensitive-area polygon,SCREENING_REFERENCE
NLSC-121-2297,2297,臺中市西屯區東海國民小學,121,202201,G0005,地下水補注地質敏感區,臺中盆地,1,120.5928309,24.1851854,school campus polygon intersects official sensitive-area polygon,SCREENING_REFERENCE
NLSC-121-2288,2288,臺中市西屯區永安國民小學,121,202401,G0005,地下水補注地質敏感區,臺中盆地,1,120.6245987,24.1844530,school campus polygon intersects official sensitive-area polygon,SCREENING_REFERENCE
NLSC-121-862,862,臺中市西屯區泰安國民小學,121,202601,G0005,地下水補注地質敏感區,臺中盆地,1,120.6487470,24.1978386,school campus polygon intersects official sensitive-area polygon,SCREENING_REFERENCE
NLSC-121-2223,2223,臺中市西屯區西屯國民小學,121,201710,G0005,地下水補注地質敏感區,臺中盆地,1,120.6405449,24.1800102,school campus polygon intersects official sensitive-area polygon,SCREENING_REFERENCE
NLSC-121-2059,2059,臺中市西屯區重慶國民小學,121,202201,G0005,地下水補注地質敏感區,臺中盆地,1,120.6640505,24.1702156,school campus polygon intersects official sensitive-area polygon,SCREENING_REFERENCE
NLSC-121-2040,2040,臺中市西屯區長安國民小學,121,202201,G0005,地下水補注地質敏感區,臺中盆地,1,120.6536753,24.1690937,school campus polygon intersects official sensitive-area polygon,SCREENING_REFERENCE
NLSC-121-2639,2639,臺中市豐原區南陽國民小學,121,201509,G0005,地下水補注地質敏感區,臺中盆地,1,120.7236612,24.2486691,school campus polygon intersects official sensitive-area polygon,SCREENING_REFERENCE
NLSC-121-2576,2576,臺中市豐原區合作國民小學,121,202401,G0005,地下水補注地質敏感區,臺中盆地,1,120.7041074,24.2401697,school campus polygon intersects official sensitive-area polygon,SCREENING_REFERENCE
NLSC-121-2677,2677,臺中市豐原區富春國民小學,121,201712,G0005,地下水補注地質敏感區,臺中盆地,1,120.7133127,24.2523074,school campus polygon intersects official sensitive-area polygon,SCREENING_REFERENCE
NLSC-121-282,282,臺中市豐原區瑞穗國民小學,121,202601,G0005,地下水補注地質敏感區,臺中盆地,1,120.7118368,24.2498643,school campus polygon intersects official sensitive-area polygon,SCREENING_REFERENCE
NLSC-121-2592,2592,臺中市豐原區福陽國民小學,121,201712,F0001,活動斷層地質敏感區,車籠埔斷層,1,120.7359848,24.2427059,school campus polygon intersects official sensitive-area polygon,SCREENING_REFERENCE
NLSC-121-2770,2770,臺中市豐原區翁子國民小學,121,201308,G0005,地下水補注地質敏感區,臺中盆地,1,120.7432499,24.2626713,school campus polygon intersects official sensitive-area polygon,SCREENING_REFERENCE
NLSC-121-2763,2763,臺中市豐原區葫蘆墩國民小學,121,202312,G0005,地下水補注地質敏感區,臺中盆地,1,120.7142269,24.2614472,school campus polygon intersects official sensitive-area polygon,SCREENING_REFERENCE
NLSC-121-2695,2695,臺中市豐原區豐原國民小學,121,202312,G0005,地下水補注地質敏感區,臺中盆地,1,120.7201943,24.2547239,school campus polygon intersects official sensitive-area polygon,SCREENING_REFERENCE
NLSC-121-2694,2694,臺中市豐原區豐村國民小學,121,201308,G0005,地下水補注地質敏感區,臺中盆地,1,120.7363598,24.2545755,school campus polygon intersects official sensitive-area polygon,SCREENING_REFERENCE
NLSC-121-2562,2562,臺中市豐原區豐田國民小學,121,202401,G0005,地下水補注地質敏感區,臺中盆地,1,120.7214369,24.2378045,school campus polygon intersects official sensitive-area polygon,SCREENING_REFERENCE
NLSC-121-1070,1070,臺中市霧峰區僑榮國民小學,121,202401,F0001,活動斷層地質敏感區,車籠埔斷層,1,120.7033716,24.0698930,school campus polygon intersects official sensitive-area polygon,SCREENING_REFERENCE
NLSC-121-1037,1037,臺中市霧峰區光正國民小學,121,202401,G0005,地下水補注地質敏感區,臺中盆地,1,120.6684963,24.0364980,school campus polygon intersects official sensitive-area polygon,SCREENING_REFERENCE
NLSC-121-1089,1089,臺中市霧峰區吉峰國民小學,121,202201,F0001,活動斷層地質敏感區,車籠埔斷層,1,120.7199466,24.0796892,school campus polygon intersects official sensitive-area polygon,SCREENING_REFERENCE
NLSC-121-1042,1042,臺中市霧峰區復興國民小學,121,201308,F0001、G0005,地下水補注地質敏感區、活動斷層地質敏感區,臺中盆地、車籠埔斷層,2,120.6977070,24.0422289,school campus polygon intersects official sensitive-area polygon,SCREENING_REFERENCE
NLSC-121-331,331,臺中市霧峰區萬豐國民小學,121,202601,G0005,地下水補注地質敏感區,臺中盆地,1,120.6976974,24.0278686,school campus polygon intersects official sensitive-area polygon,SCREENING_REFERENCE
NLSC-121-1055,1055,臺中市霧峰區霧峰國民小學,121,202401,F0001,活動斷層地質敏感區,車籠埔斷層,1,120.6987551,24.0570997,school campus polygon intersects official sensitive-area polygon,SCREENING_REFERENCE
NLSC-121-2447,2447,臺中市龍井區龍山國民小學,121,201308,F0012,活動斷層地質敏感區,大甲斷層,1,120.5508224,24.2138591,school campus polygon intersects official sensitive-area polygon,SCREENING_REFERENCE
NLSC-121-2367,2367,臺中市龍井區龍泉國民小學,121,202401,F0012,活動斷層地質敏感區,大甲斷層,1,120.5477112,24.1958374,school campus polygon intersects official sensitive-area polygon,SCREENING_REFERENCE
NLSC-121-2519,2519,臺中日僑學校,121,202401,G0005,地下水補注地質敏感區,臺中盆地,1,120.6284817,24.2281153,school campus polygon intersects official sensitive-area polygon,SCREENING_REFERENCE
NLSC-121-129,129,臺北市內湖區碧湖國民小學,121,202310,L0001,山崩與地滑地質敏感區,臺北市,1,121.5914210,25.0842605,school campus polygon intersects official sensitive-area polygon,SCREENING_REFERENCE
NLSC-121-340,340,臺北市南港區舊莊國民小學,121,202310,L0001,山崩與地滑地質敏感區,臺北市,1,121.6195034,25.0396183,school campus polygon intersects official sensitive-area polygon,SCREENING_REFERENCE
NLSC-121-141,141,臺北市文山區指南實驗國民小學,121,202311,L0001,山崩與地滑地質敏感區,臺北市,1,121.5840314,24.9762835,school campus polygon intersects official sensitive-area polygon,SCREENING_REFERENCE
NLSC-121-136,136,臺北市文山區永建國民小學,121,202006,L0001,山崩與地滑地質敏感區,臺北市,1,121.5554414,24.9892488,school campus polygon intersects official sensitive-area polygon,SCREENING_REFERENCE
NLSC-121-280,280,臺北市私立再興高級中學,121,202310,L0001,山崩與地滑地質敏感區,臺北市,1,121.5576115,24.9899378,school campus polygon intersects official sensitive-area polygon,SCREENING_REFERENCE
NLSC-121-273,273,臺北市私立大誠高級中學,121,202509,L0001,山崩與地滑地質敏感區,臺北市,1,121.5780229,24.9908146,school campus polygon intersects official sensitive-area polygon,SCREENING_REFERENCE
NLSC-121-295,295,臺北市私立惇敍高級工商職業學校,121,202508,L0001,山崩與地滑地質敏感區,臺北市,1,121.5262568,25.1452673,school campus polygon intersects official sensitive-area polygon,SCREENING_REFERENCE
NLSC-121-168,168,臺北市立三民國民中學,121,202006,L0001,山崩與地滑地質敏感區,臺北市,1,121.5860732,25.0701238,school campus polygon intersects official sensitive-area polygon,SCREENING_REFERENCE
NLSC-121-191,191,臺北市立文山特殊教育學校,121,202006,L0001,山崩與地滑地質敏感區,臺北市,1,121.5674877,24.9916701,school campus polygon intersects official sensitive-area polygon,SCREENING_REFERENCE
NLSC-121-238,238,臺北市立桃源國民中學,121,202006,L0001,山崩與地滑地質敏感區,臺北市,1,121.4766475,25.1355680,school campus polygon intersects official sensitive-area polygon,SCREENING_REFERENCE
NLSC-121-1359,1359,臺南市六甲區嘉南國民小學,121,201702,L0005,山崩與地滑地質敏感區,臺南市,1,120.3649632,23.2171087,school campus polygon intersects official sensitive-area polygon,SCREENING_REFERENCE
NLSC-121-1374,1374,臺南市善化區大同國民小學,121,201208,G0006,地下水補注地質敏感區,嘉南平原,1,120.3076514,23.1564965,school campus polygon intersects official sensitive-area polygon,SCREENING_REFERENCE
NLSC-121-375,375,臺南市善化區小新國民小學,121,202411,G0006,地下水補注地質敏感區,嘉南平原,1,120.3105454,23.1248398,school campus polygon intersects official sensitive-area polygon,SCREENING_REFERENCE
NLSC-121-376,376,臺南市善化區茄拔國民小學,121,202412,G0006,地下水補注地質敏感區,嘉南平原,1,120.3245540,23.1381868,school campus polygon intersects official sensitive-area polygon,SCREENING_REFERENCE
NLSC-121-389,389,臺南市山上區山上國民小學,121,202412,G0006,地下水補注地質敏感區,嘉南平原,1,120.3550128,23.1009539,school campus polygon intersects official sensitive-area polygon,SCREENING_REFERENCE
NLSC-121-1413,1413,臺南市柳營區新山國民小學,121,201408,F0017,活動斷層地質敏感區,六甲斷層,1,120.3878876,23.2667066,school campus polygon intersects official sensitive-area polygon,SCREENING_REFERENCE
NLSC-121-406,406,臺南市立大內國民中學,121,202412,G0006,地下水補注地質敏感區,嘉南平原,1,120.3646960,23.1125515,school campus polygon intersects official sensitive-area polygon,SCREENING_REFERENCE
NLSC-121-1460,1460,臺南市立山上國民中學,121,202009,G0006,地下水補注地質敏感區,嘉南平原,1,120.3579137,23.1039161,school campus polygon intersects official sensitive-area polygon,SCREENING_REFERENCE
NLSC-121-1469,1469,臺南市立關廟國民中學,121,202209,L0005,山崩與地滑地質敏感區,臺南市,1,120.3232251,22.9617507,school campus polygon intersects official sensitive-area polygon,SCREENING_REFERENCE
NLSC-121-1471,1471,臺南市立龍崎國民中學,121,201705,L0005,山崩與地滑地質敏感區,臺南市,1,120.3601304,22.9691926,school campus polygon intersects official sensitive-area polygon,SCREENING_REFERENCE
NLSC-121-238,238,臺東縣池上鄉大坡國民小學,121,201006,F0002,活動斷層地質敏感區,池上斷層,1,121.2307998,23.1252053,school campus polygon intersects official sensitive-area polygon,SCREENING_REFERENCE
NLSC-121-263,263,臺東縣池上鄉萬安國民小學,121,201810,F0002,活動斷層地質敏感區,池上斷層,1,121.2188262,23.0953186,school campus polygon intersects official sensitive-area polygon,SCREENING_REFERENCE
NLSC-121-358,358,臺東縣立初鹿國民中學,121,202211,F0009,活動斷層地質敏感區,鹿野斷層,1,121.0930749,22.8496616,school campus polygon intersects official sensitive-area polygon,SCREENING_REFERENCE
NLSC-121-10,10,臺東縣立賓茂國民中學1,121,202505,L0010,山崩與地滑地質敏感區,臺東縣,1,120.9672965,22.5334952,school campus polygon intersects official sensitive-area polygon,SCREENING_REFERENCE
NLSC-121-280,280,臺東縣關山鎮電光國民小學,121,201611,F0002,活動斷層地質敏感區,池上斷層,1,121.1735454,23.0061955,school campus polygon intersects official sensitive-area polygon,SCREENING_REFERENCE
NLSC-121-491,491,花蓮縣卓溪鄉卓溪國民小學,121,202410,L0017,山崩與地滑地質敏感區,花蓮縣,1,121.3031968,23.3455433,school campus polygon intersects official sensitive-area polygon,SCREENING_REFERENCE
NLSC-121-472,472,花蓮縣卓溪鄉太平國民小學,121,202410,L0017,山崩與地滑地質敏感區,花蓮縣,1,121.3203439,23.4057589,school campus polygon intersects official sensitive-area polygon,SCREENING_REFERENCE
NLSC-121-503,503,花蓮縣富里鄉富里國民小學,121,202410,F0002,活動斷層地質敏感區,池上斷層,1,121.2487421,23.1721164,school campus polygon intersects official sensitive-area polygon,SCREENING_REFERENCE
NLSC-121-501,501,花蓮縣富里鄉東里國民小學,121,202410,F0002,活動斷層地質敏感區,池上斷層,1,121.3031446,23.2654212,school campus polygon intersects official sensitive-area polygon,SCREENING_REFERENCE
NLSC-121-555,555,花蓮縣富里鄉萬寧國民小學,121,201706,F0002,活動斷層地質敏感區,池上斷層,1,121.2981137,23.2536567,school campus polygon intersects official sensitive-area polygon,SCREENING_REFERENCE
NLSC-121-506,506,花蓮縣玉里鎮松浦國民小學,121,202411,F0002,活動斷層地質敏感區,池上斷層,1,121.3731666,23.4290648,school campus polygon intersects official sensitive-area polygon,SCREENING_REFERENCE
NLSC-121-650,650,花蓮縣瑞穗鄉鶴岡國民小學,121,201107,F0014,活動斷層地質敏感區,瑞穗斷層,1,121.3903430,23.5235674,school campus polygon intersects official sensitive-area polygon,SCREENING_REFERENCE
NLSC-121-502,502,花蓮縣立富北國民中學,121,202410,F0002,活動斷層地質敏感區,池上斷層,1,121.2801106,23.2255174,school campus polygon intersects official sensitive-area polygon,SCREENING_REFERENCE
NLSC-121-469,469,花蓮縣立富里國民中學,121,202508,F0002,活動斷層地質敏感區,池上斷層,1,121.2493838,23.1753430,school campus polygon intersects official sensitive-area polygon,SCREENING_REFERENCE
NLSC-121-500,500,花蓮縣立東里國民中學,121,202410,F0002,活動斷層地質敏感區,池上斷層,1,121.3023827,23.2632107,school campus polygon intersects official sensitive-area polygon,SCREENING_REFERENCE
NLSC-121-199,199,花蓮縣立花崗國民中學,121,202110,F1011,活動斷層地質敏感區,米崙斷層,1,121.6127992,23.9772642,school campus polygon intersects official sensitive-area polygon,SCREENING_REFERENCE
NLSC-121-329,329,花蓮縣花蓮市復興國民小學,121,201107,F1011,活動斷層地質敏感區,米崙斷層,1,121.6189666,24.0069705,school campus polygon intersects official sensitive-area polygon,SCREENING_REFERENCE
NLSC-121-217,217,花蓮縣花蓮市明禮國民小學,121,201804,F1011,活動斷層地質敏感區,米崙斷層,1,121.6109054,23.9801793,school campus polygon intersects official sensitive-area polygon,SCREENING_REFERENCE
NLSC-121-126,126,苗栗縣泰安鄉梅園國民小學,121,201901,L0013,山崩與地滑地質敏感區,苗栗縣,1,120.9712977,24.3884842,school campus polygon intersects official sensitive-area polygon,SCREENING_REFERENCE
NLSC-121-125,125,苗栗縣泰安鄉泰興國民小學,121,201901,L0013,山崩與地滑地質敏感區,苗栗縣,1,120.9209107,24.3944920,school campus polygon intersects official sensitive-area polygon,SCREENING_REFERENCE
NLSC-121-79,79,苗栗縣私立全人實驗高級中學,121,201711,L0013,山崩與地滑地質敏感區,苗栗縣,1,120.8624730,24.3058276,school campus polygon intersects official sensitive-area polygon,SCREENING_REFERENCE
NLSC-121-38,38,苗栗縣立明仁國民中學,121,202306,L0013,山崩與地滑地質敏感區,苗栗縣,1,120.8125784,24.5580247,school campus polygon intersects official sensitive-area polygon,SCREENING_REFERENCE
NLSC-121-30,30,華梵大學,121,201711,L0007,山崩與地滑地質敏感區,新北市,1,121.6915416,24.9806085,school campus polygon intersects official sensitive-area polygon,SCREENING_REFERENCE
NLSC-121-198,198,逢甲大學,121,202601,G0005,地下水補注地質敏感區,臺中盆地,1,120.6483108,24.1799685,school campus polygon intersects official sensitive-area polygon,SCREENING_REFERENCE
NLSC-121-1026,1026,逢甲大學中科校區,121,202601,G0005,地下水補注地質敏感區,臺中盆地,1,120.6091542,24.2017884,school campus polygon intersects official sensitive-area polygon,SCREENING_REFERENCE
NLSC-121-2314,2314,逢甲大學福星校區,121,202401,G0005,地下水補注地質敏感區,臺中盆地,1,120.6451873,24.1873977,school campus polygon intersects official sensitive-area polygon,SCREENING_REFERENCE
NLSC-121-308,308,銘傳大學桃園校區,121,202201,L0011,山崩與地滑地質敏感區,桃園市,1,121.3430452,24.9856474,school campus polygon intersects official sensitive-area polygon,SCREENING_REFERENCE
NLSC-121-108,108,雲林縣古坑鄉新光國民小學,121,201901,G0001,地下水補注地質敏感區,濁水溪沖積扇,1,120.5868650,23.6871303,school campus polygon intersects official sensitive-area polygon,SCREENING_REFERENCE
NLSC-121-102,102,雲林縣古坑鄉東和國民小學,121,201901,G0001,地下水補注地質敏感區,濁水溪沖積扇,1,120.5689351,23.6848909,school campus polygon intersects official sensitive-area polygon,SCREENING_REFERENCE
NLSC-121-100,100,雲林縣古坑鄉水碓國民小學,121,201901,G0001,地下水補注地質敏感區,濁水溪沖積扇,1,120.5643000,23.6627428,school campus polygon intersects official sensitive-area polygon,SCREENING_REFERENCE
NLSC-121-104,104,雲林縣古坑鄉草嶺生態地質國民小學,121,201901,L0015,山崩與地滑地質敏感區,雲林縣,1,120.6945338,23.5865254,school campus polygon intersects official sensitive-area polygon,SCREENING_REFERENCE
NLSC-121-69,69,雲林縣斗六市梅林國民小學,121,201901,G0001,地下水補注地質敏感區,濁水溪沖積扇,1,120.6014434,23.7030070,school campus polygon intersects official sensitive-area polygon,SCREENING_REFERENCE
NLSC-121-72,72,雲林縣斗六市溪洲國民小學,121,202410,G0001,地下水補注地質敏感區,濁水溪沖積扇,1,120.5548499,23.7408144,school campus polygon intersects official sensitive-area polygon,SCREENING_REFERENCE
NLSC-121-66,66,雲林縣斗六市石榴國民小學,121,202410,G0001,地下水補注地質敏感區,濁水溪沖積扇,1,120.5854032,23.7213866,school campus polygon intersects official sensitive-area polygon,SCREENING_REFERENCE
NLSC-121-187,187,雲林縣林內鄉九芎國民小學,121,202209,G0001,地下水補注地質敏感區,濁水溪沖積扇,1,120.6024185,23.7441135,school campus polygon intersects official sensitive-area polygon,SCREENING_REFERENCE
NLSC-121-189,189,雲林縣林內鄉成功國民小學,121,202410,L0015,山崩與地滑地質敏感區,雲林縣,1,120.6403619,23.7565734,school campus polygon intersects official sensitive-area polygon,SCREENING_REFERENCE
NLSC-121-191,191,雲林縣林內鄉林內國民小學,121,202008,G0001,地下水補注地質敏感區,濁水溪沖積扇,1,120.6181751,23.7596089,school campus polygon intersects official sensitive-area polygon,SCREENING_REFERENCE
NLSC-121-188,188,雲林縣林內鄉民生國民小學,121,201901,G0001,地下水補注地質敏感區,濁水溪沖積扇,1,120.5973202,23.7674005,school campus polygon intersects official sensitive-area polygon,SCREENING_REFERENCE
NLSC-121-192,192,雲林縣林內鄉重興國民小學,121,201901,G0001,地下水補注地質敏感區,濁水溪沖積扇,1,120.5790071,23.7644562,school campus polygon intersects official sensitive-area polygon,SCREENING_REFERENCE
NLSC-121-176,176,雲林縣私立淵明國民中學,121,202410,G0001,地下水補注地質敏感區,濁水溪沖積扇,1,120.6140304,23.7534711,school campus polygon intersects official sensitive-area polygon,SCREENING_REFERENCE
NLSC-121-178,178,雲林縣私立義峰高級中學,121,201811,G0001,地下水補注地質敏感區,濁水溪沖積扇,1,120.5929061,23.7588915,school campus polygon intersects official sensitive-area polygon,SCREENING_REFERENCE
NLSC-121-179,179,雲林縣私立義峰高級中學1,121,201712,G0001,地下水補注地質敏感區,濁水溪沖積扇,1,120.5947421,23.7600928,school campus polygon intersects official sensitive-area polygon,SCREENING_REFERENCE
NLSC-121-133,133,雲林縣立古坑國民中小學,121,202007,G0001,地下水補注地質敏感區,濁水溪沖積扇,1,120.5674131,23.6472945,school campus polygon intersects official sensitive-area polygon,SCREENING_REFERENCE
NLSC-121-134,134,雲林縣立古坑國民中小學1,121,202410,G0001,地下水補注地質敏感區,濁水溪沖積扇,1,120.5662527,23.6450325,school campus polygon intersects official sensitive-area polygon,SCREENING_REFERENCE
NLSC-121-143,143,雲林縣立東和國民中學,121,201001,G0001,地下水補注地質敏感區,濁水溪沖積扇,1,120.5678409,23.6862753,school campus polygon intersects official sensitive-area polygon,SCREENING_REFERENCE
NLSC-121-146,146,雲林縣立林內國民中學,121,201811,G0001,地下水補注地質敏感區,濁水溪沖積扇,1,120.5931901,23.7569510,school campus polygon intersects official sensitive-area polygon,SCREENING_REFERENCE
NLSC-121-153,153,雲林縣立梅林國民小學1,121,202007,G0001,地下水補注地質敏感區,濁水溪沖積扇,1,120.6020270,23.7025874,school campus polygon intersects official sensitive-area polygon,SCREENING_REFERENCE
NLSC-121-158,158,雲林縣立樟湖生態國民中小學,121,202210,F0008,活動斷層地質敏感區,大尖山斷層,1,120.6307369,23.6040937,school campus polygon intersects official sensitive-area polygon,SCREENING_REFERENCE
NLSC-121-137,137,雲林縣立石榴國民中學,121,202007,G0001,地下水補注地質敏感區,濁水溪沖積扇,1,120.5874550,23.7217136,school campus polygon intersects official sensitive-area polygon,SCREENING_REFERENCE
NLSC-121-219,219,雲林縣莿桐鄉六合國民小學,121,201901,G0001,地下水補注地質敏感區,濁水溪沖積扇,1,120.5630476,23.7686213,school campus polygon intersects official sensitive-area polygon,SCREENING_REFERENCE
NLSC-121-223,223,雲林縣莿桐鄉饒平國民小學,121,201901,G0001,地下水補注地質敏感區,濁水溪沖積扇,1,120.5221851,23.7777281,school campus polygon intersects official sensitive-area polygon,SCREENING_REFERENCE
NLSC-121-2527,2527,靜宜大學,121,201508,L0003,山崩與地滑地質敏感區,臺中市,1,120.5806864,24.2270402,school campus polygon intersects official sensitive-area polygon,SCREENING_REFERENCE
NLSC-121-2181,2181,高雄市大社區觀音國民小學,121,201509,F0003,活動斷層地質敏感區,旗山斷層,1,120.3556198,22.7227669,school campus polygon intersects official sensitive-area polygon,SCREENING_REFERENCE
NLSC-121-2748,2748,高雄市桃源區寶山國民小學,121,202203,L0006,山崩與地滑地質敏感區,高雄市,1,120.7218081,23.0558181,school campus polygon intersects official sensitive-area polygon,SCREENING_REFERENCE
NLSC-121-2474,2474,高雄市桃源區樟山國民小學,121,202507,L0006,山崩與地滑地質敏感區,高雄市,1,120.8194414,23.2528297,school campus polygon intersects official sensitive-area polygon,SCREENING_REFERENCE
NLSC-121-2332,2332,高雄市立南隆國民中學,121,202311,G0002,地下水補注地質敏感區,屏東平原,1,120.5342017,22.8661413,school campus polygon intersects official sensitive-area polygon,SCREENING_REFERENCE
NLSC-121-2246,2246,高雄市立大社國民中學,121,201712,F0003,活動斷層地質敏感區,旗山斷層,1,120.3566948,22.7298571,school campus polygon intersects official sensitive-area polygon,SCREENING_REFERENCE
NLSC-121-2405,2405,高雄市立燕巢國民中學,121,202506,F0023,活動斷層地質敏感區,車瓜林斷層,1,120.3636582,22.7857042,school campus polygon intersects official sensitive-area polygon,SCREENING_REFERENCE
NLSC-121-2329,2329,高雄市美濃區吉東國民小學,121,201509,G0002,地下水補注地質敏感區,屏東平原,1,120.5459776,22.8536275,school campus polygon intersects official sensitive-area polygon,SCREENING_REFERENCE
NLSC-121-2331,2331,高雄市美濃區龍山國民小學,121,201711,G0002,地下水補注地質敏感區,屏東平原,1,120.5566122,22.8642516,school campus polygon intersects official sensitive-area polygon,SCREENING_REFERENCE
NLSC-121-2480,2480,高雄馬禮遜美國學校,121,201808,F0003,活動斷層地質敏感區,旗山斷層,1,120.3730969,22.7500393,school campus polygon intersects official sensitive-area polygon,SCREENING_REFERENCE
NLSC-121-395,395,黎明技術學院,121,201803,L0007,山崩與地滑地質敏感區,新北市,1,121.4205393,25.0663846,school campus polygon intersects official sensitive-area polygon,SCREENING_REFERENCE

