{"type":"FeatureCollection","features":[{"type":"Feature","geometry":{"type":"Polygon","coordinates":[[[121.37470389154421,24.414676770513953],[121.3747305527917,24.423705658049567],[121.3845917112487,24.423680919784868],[121.38456434844326,24.41465204256393],[121.37470389154421,24.414676770513953]]]},"properties":{"grid_id":"G012_006","綠地類型":"農地","中心經度":121.379648,"中心緯度":24.419179,"分析面積_km2":1.04,"2020面積_ha":1.89,"2024面積_ha":0.36,"面積減少率_pct":80.95,"2020斑塊數":2,"2024斑塊數":2,"斑塊數增加率_pct":0.0,"2020平均斑塊面積_ha":74.385,"2024平均斑塊面積_ha":0.585,"平均斑塊面積下降率_pct":99.21,"道路切割密度_km_per_km2":4.498,"建成區邊界切割密度_km_per_km2":0.0,"孤立小斑塊比例_pct":100.0,"距大型連續綠地平均距離_m":457.6,"score_面積減少":91.19638826185101,"score_斑塊增加":24.040632054176072,"score_平均斑塊縮小":92.32505643340858,"score_道路建成區切割":9.819413092550791,"score_孤立比例":93.56659142212189,"score_距大型綠地":79.23250564334086,"綜合破碎化分數":65.0,"破碎化等級":"高","判定原因":"面積減少81.0%；斑塊增加0.0%；平均斑塊縮小99.2%；道路密度4.50 km/km²；孤立比例100.0%；距大型綠地458m","2021面積_ha":0.18,"2022面積_ha":1.89,"2023面積_ha":0.09}},{"type":"Feature","geometry":{"type":"Polygon","coordinates":[[[121.37475722708876,24.432734534787816],[121.37478391443949,24.441763400725733],[121.3846464770426,24.441738641827417],[121.38461908744709,24.43270978620702],[121.37475722708876,24.432734534787816]]]},"properties":{"grid_id":"G014_006","綠地類型":"農地","中心經度":121.379702,"中心緯度":24.437237,"分析面積_km2":1.04,"2020面積_ha":25.65,"2024面積_ha":16.47,"面積減少率_pct":35.79,"2020斑塊數":6,"2024斑塊數":8,"斑塊數增加率_pct":33.33,"2020平均斑塊面積_ha":27.06,"2024平均斑塊面積_ha":9.787,"平均斑塊面積下降率_pct":63.83,"道路切割密度_km_per_km2":8.304,"建成區邊界切割密度_km_per_km2":1.153,"孤立小斑塊比例_pct":14.21,"距大型連續綠地平均距離_m":128.7,"score_面積減少":69.75169300225733,"score_斑塊增加":55.86907449209932,"score_平均斑塊縮小":56.884875846501124,"score_道路建成區切割":41.64785553047404,"score_孤立比例":72.23476297968398,"score_距大型綠地":65.91422121896161,"綜合破碎化分數":60.4,"破碎化等級":"高","判定原因":"面積減少35.8%；斑塊增加33.3%；平均斑塊縮小63.8%；道路密度8.30 km/km²；孤立比例14.2%；距大型綠地129m","2021面積_ha":22.32,"2022面積_ha":20.61,"2023面積_ha":20.79}},{"type":"Feature","geometry":{"type":"Polygon","coordinates":[[[121.78899606123072,24.440169917333243],[121.78905226549632,24.4491981083479],[121.7989146717751,24.44914632411502],[121.79885776519035,24.440118154673343],[121.78899606123072,24.440169917333243]]]},"properties":{"grid_id":"G015_048","綠地類型":"農地","中心經度":121.793955,"中心緯度":24.444658,"分析面積_km2":1.04,"2020面積_ha":4.68,"2024面積_ha":3.96,"面積減少率_pct":15.38,"2020斑塊數":1,"2024斑塊數":2,"斑塊數增加率_pct":100.0,"2020平均斑塊面積_ha":26.91,"2024平均斑塊面積_ha":4.905,"平均斑塊面積下降率_pct":81.77,"道路切割密度_km_per_km2":5.652,"建成區邊界切割密度_km_per_km2":0.029,"孤立小斑塊比例_pct":4.55,"距大型連續綠地平均距離_m":1230.2,"score_面積減少":42.88939051918736,"score_斑塊增加":78.3295711060948,"score_平均斑塊縮小":75.39503386004515,"score_道路建成區切割":17.042889390519186,"score_孤立比例":55.98194130925508,"score_距大型綠地":91.64785553047405,"綜合破碎化分數":60.2,"破碎化等級":"高","判定原因":"面積減少15.4%；斑塊增加100.0%；平均斑塊縮小81.8%；道路密度5.65 km/km²；孤立比例4.5%；距大型綠地1230m","2021面積_ha":5.49,"2022面積_ha":3.33,"2023面積_ha":2.07}},{"type":"Feature","geometry":{"type":"Polygon","coordinates":[[[121.79885776519035,24.440118154673343],[121.7989146717751,24.44914632411502],[121.80877705021643,24.449093896794942],[121.80872368816644,24.440731442447525],[121.80821430000002,24.4404523],[121.8076965212276,24.440071214934136],[121.79885776519035,24.440118154673343]]]},"properties":{"grid_id":"G015_049","綠地類型":"農地","中心經度":121.803819,"中心緯度":24.444939,"分析面積_km2":1.034,"2020面積_ha":23.31,"2024面積_ha":9.45,"面積減少率_pct":59.46,"2020斑塊數":4,"2024斑塊數":10,"斑塊數增加率_pct":150.0,"2020平均斑塊面積_ha":7.088,"2024平均斑塊面積_ha":1.35,"平均斑塊面積下降率_pct":80.95,"道路切割密度_km_per_km2":9.225,"建成區邊界切割密度_km_per_km2":0.696,"孤立小斑塊比例_pct":40.95,"距大型連續綠地平均距離_m":936.5,"score_面積減少":86.00451467268623,"score_斑塊增加":88.48758465011286,"score_平均斑塊縮小":74.4920993227991,"score_道路建成區切割":42.776523702031604,"score_孤立比例":83.52144469525959,"score_距大型綠地":88.71331828442437,"綜合破碎化分數":77.3,"破碎化等級":"高","判定原因":"面積減少59.5%；斑塊增加150.0%；平均斑塊縮小81.0%；道路密度9.22 km/km²；孤立比例41.0%；距大型綠地936m","2021面積_ha":19.35,"2022面積_ha":12.51,"2023面積_ha":11.07}},{"type":"Feature","geometry":{"type":"Polygon","coordinates":[[[121.80877705021643,24.449093896794942],[121.80883468729255,24.458122033491577],[121.81869774019799,24.458068940979715],[121.81866188354476,24.452520621805593],[121.81861659999998,24.4524479],[121.8164909,24.449358199999995],[121.8163875,24.44917780000001],[121.81631372670472,24.449053399059935],[121.80877705021643,24.449093896794942]]]},"properties":{"grid_id":"G016_050","綠地類型":"農地","中心經度":121.813748,"中心緯度":24.455321,"分析面積_km2":0.99,"2020面積_ha":1.89,"2024面積_ha":1.98,"面積減少率_pct":0.0,"2020斑塊數":1,"2024斑塊數":5,"斑塊數增加率_pct":400.0,"2020平均斑塊面積_ha":177.03,"2024平均斑塊面積_ha":23.598,"平均斑塊面積下降率_pct":86.67,"道路切割密度_km_per_km2":4.152,"建成區邊界切割密度_km_per_km2":0.0,"孤立小斑塊比例_pct":40.91,"距大型連續綠地平均距離_m":86.3,"score_面積減少":9.255079006772009,"score_斑塊增加":97.40406320541761,"score_平均斑塊縮小":80.81264108352144,"score_道路建成區切割":9.029345372460497,"score_孤立比例":83.29571106094808,"score_距大型綠地":61.8510158013544,"綜合破碎化分數":56.9,"破碎化等級":"高","判定原因":"面積減少0.0%；斑塊增加400.0%；平均斑塊縮小86.7%；道路密度4.15 km/km²；孤立比例40.9%；距大型綠地86m","2021面積_ha":2.61,"2022面積_ha":1.62,"2023面積_ha":2.16}},{"type":"Feature","geometry":{"type":"Polygon","coordinates":[[[121.7989716061973,24.458174482655544],[121.79902856846566,24.46720263029189],[121.80889235255846,24.46715015928101],[121.80883468729255,24.458122033491577],[121.7989716061973,24.458174482655544]]]},"properties":{"grid_id":"G017_049","綠地類型":"農地","中心經度":121.803932,"中心緯度":24.462662,"分析面積_km2":1.04,"2020面積_ha":49.05,"2024面積_ha":31.41,"面積減少率_pct":35.96,"2020斑塊數":2,"2024斑塊數":8,"斑塊數增加率_pct":300.0,"2020平均斑塊面積_ha":88.695,"2024平均斑塊面積_ha":14.783,"平均斑塊面積下降率_pct":83.33,"道路切割密度_km_per_km2":14.648,"建成區邊界切割密度_km_per_km2":2.105,"孤立小斑塊比例_pct":3.44,"距大型連續綠地平均距離_m":3.9,"score_面積減少":70.42889390519187,"score_斑塊增加":95.93679458239278,"score_平均斑塊縮小":76.63656884875847,"score_道路建成區切割":74.4920993227991,"score_孤立比例":51.0158013544018,"score_距大型綠地":30.135440180586908,"綜合破碎化分數":66.4,"破碎化等級":"高","判定原因":"面積減少36.0%；斑塊增加300.0%；平均斑塊縮小83.3%；道路密度14.65 km/km²；孤立比例3.4%；距大型綠地4m","2021面積_ha":49.77,"2022面積_ha":39.06,"2023面積_ha":43.2}},{"type":"Feature","geometry":{"type":"Polygon","coordinates":[[[121.44410668236773,24.522835190469532],[121.44413844018669,24.531863870283527],[121.45400794281078,24.53183448813741],[121.45397547933814,24.522805820533566],[121.44410668236773,24.522835190469532]]]},"properties":{"grid_id":"G024_013","綠地類型":"農地","中心經度":121.449057,"中心緯度":24.527335,"分析面積_km2":1.04,"2020面積_ha":0.18,"2024面積_ha":0.09,"面積減少率_pct":50.0,"2020斑塊數":1,"2024斑塊數":1,"斑塊數增加率_pct":0.0,"2020平均斑塊面積_ha":0.18,"2024平均斑塊面積_ha":0.09,"平均斑塊面積下降率_pct":50.0,"道路切割密度_km_per_km2":3.806,"建成區邊界切割密度_km_per_km2":0.0,"孤立小斑塊比例_pct":100.0,"距大型連續綠地平均距離_m":7797.7,"score_面積減少":81.15124153498871,"score_斑塊增加":24.040632054176072,"score_平均斑塊縮小":43.340857787810386,"score_道路建成區切割":8.182844243792324,"score_孤立比例":93.56659142212189,"score_距大型綠地":100.0,"綜合破碎化分數":58.4,"破碎化等級":"高","判定原因":"面積減少50.0%；斑塊增加0.0%；平均斑塊縮小50.0%；道路密度3.81 km/km²；孤立比例100.0%；距大型綠地7798m","2021面積_ha":0.18,"2022面積_ha":0.54,"2023面積_ha":5.4}},{"type":"Feature","geometry":{"type":"Polygon","coordinates":[[[121.46394381642871,24.549861737999773],[121.46397703416753,24.558890360574885],[121.4738486237339,24.55885964878609],[121.47381469931723,24.549831038963084],[121.46394381642871,24.549861737999773]]]},"properties":{"grid_id":"G027_015","綠地類型":"農地","中心經度":121.468896,"中心緯度":24.554361,"分析面積_km2":1.04,"2020面積_ha":1.98,"2024面積_ha":1.08,"面積減少率_pct":45.45,"2020斑塊數":3,"2024斑塊數":5,"斑塊數增加率_pct":66.67,"2020平均斑塊面積_ha":0.66,"2024平均斑塊面積_ha":0.216,"平均斑塊面積下降率_pct":67.27,"道路切割密度_km_per_km2":4.7,"建成區邊界切割密度_km_per_km2":0.0,"孤立小斑塊比例_pct":100.0,"距大型連續綠地平均距離_m":6958.1,"score_面積減少":78.78103837471784,"score_斑塊增加":68.51015801354401,"score_平均斑塊縮小":60.496613995485326,"score_道路建成區切割":10.665914221218962,"score_孤立比例":93.56659142212189,"score_距大型綠地":99.77426636568849,"綜合破碎化分數":68.6,"破碎化等級":"高","判定原因":"面積減少45.5%；斑塊增加66.7%；平均斑塊縮小67.3%；道路密度4.70 km/km²；孤立比例100.0%；距大型綠地6958m","2021面積_ha":1.8,"2022面積_ha":8.46,"2023面積_ha":1.71}},{"type":"Feature","geometry":{"type":"Polygon","coordinates":[[[121.85894734082709,24.57521344747967],[121.85900891060392,24.58424131774309],[121.86888168992178,24.584184679942528],[121.86881941272563,24.575156833176095],[121.85894734082709,24.57521344747967]]]},"properties":{"grid_id":"G030_055","綠地類型":"農地","中心經度":121.863914,"中心緯度":24.579699,"分析面積_km2":1.04,"2020面積_ha":0.0,"2024面積_ha":0.27,"面積減少率_pct":0.0,"2020斑塊數":0,"2024斑塊數":2,"斑塊數增加率_pct":200.0,"2020平均斑塊面積_ha":0.0,"2024平均斑塊面積_ha":0.135,"平均斑塊面積下降率_pct":0.0,"道路切割密度_km_per_km2":12.082,"建成區邊界切割密度_km_per_km2":0.029,"孤立小斑塊比例_pct":100.0,"距大型連續綠地平均距離_m":3259.4,"score_面積減少":9.255079006772009,"score_斑塊增加":91.7607223476298,"score_平均斑塊縮小":8.91647855530474,"score_道路建成區切割":45.541760722347625,"score_孤立比例":93.56659142212189,"score_距大型綠地":97.29119638826185,"綜合破碎化分數":57.7,"破碎化等級":"高","判定原因":"面積減少0.0%；斑塊增加200.0%；平均斑塊縮小0.0%；道路密度12.08 km/km²；孤立比例100.0%；距大型綠地3259m","2021面積_ha":0.0,"2022面積_ha":0.0,"2023面積_ha":0.0}},{"type":"Feature","geometry":{"type":"Polygon","coordinates":[[[121.82944987025911,24.593435276912516],[121.8295093757396,24.60246319414227],[121.83938366007169,24.60240845216678],[121.83932344645343,24.593380557635044],[121.82944987025911,24.593435276912516]]]},"properties":{"grid_id":"G032_052","綠地類型":"農地","中心經度":121.834417,"中心緯度":24.597922,"分析面積_km2":1.04,"2020面積_ha":1.26,"2024面積_ha":1.08,"面積減少率_pct":14.29,"2020斑塊數":1,"2024斑塊數":2,"斑塊數增加率_pct":100.0,"2020平均斑塊面積_ha":3.24,"2024平均斑塊面積_ha":0.54,"平均斑塊面積下降率_pct":83.33,"道路切割密度_km_per_km2":11.419,"建成區邊界切割密度_km_per_km2":0.26,"孤立小斑塊比例_pct":100.0,"距大型連續綠地平均距離_m":992.1,"score_面積減少":41.309255079006775,"score_斑塊增加":78.3295711060948,"score_平均斑塊縮小":76.63656884875847,"score_道路建成區切割":49.04063205417607,"score_孤立比例":93.56659142212189,"score_距大型綠地":89.1647855530474,"綜合破碎化分數":71.3,"破碎化等級":"高","判定原因":"面積減少14.3%；斑塊增加100.0%；平均斑塊縮小83.3%；道路密度11.42 km/km²；孤立比例100.0%；距大型綠地992m","2021面積_ha":5.58,"2022面積_ha":0.9,"2023面積_ha":4.23}},{"type":"Feature","geometry":{"type":"Polygon","coordinates":[[[121.8295093757396,24.60246319414227],[121.82956891024284,24.611491100410486],[121.83944390305801,24.61143633573381],[121.83938366007169,24.60240845216678],[121.8295093757396,24.60246319414227]]]},"properties":{"grid_id":"G033_052","綠地類型":"農地","中心經度":121.834476,"中心緯度":24.60695,"分析面積_km2":1.04,"2020面積_ha":9.36,"2024面積_ha":8.19,"面積減少率_pct":12.5,"2020斑塊數":4,"2024斑塊數":7,"斑塊數增加率_pct":75.0,"2020平均斑塊面積_ha":32.333,"2024平均斑塊面積_ha":16.071,"平均斑塊面積下降率_pct":50.29,"道路切割密度_km_per_km2":6.747,"建成區邊界切割密度_km_per_km2":1.153,"孤立小斑塊比例_pct":28.57,"距大型連續綠地平均距離_m":392.4,"score_面積減少":38.82618510158014,"score_斑塊增加":70.20316027088036,"score_平均斑塊縮小":43.792325056433405,"score_道路建成區切割":36.90744920993228,"score_孤立比例":80.36117381489842,"score_距大型綠地":77.65237020316027,"綜合破碎化分數":58.0,"破碎化等級":"高","判定原因":"面積減少12.5%；斑塊增加75.0%；平均斑塊縮小50.3%；道路密度6.75 km/km²；孤立比例28.6%；距大型綠地392m","2021面積_ha":13.86,"2022面積_ha":9.81,"2023面積_ha":13.59}},{"type":"Feature","geometry":{"type":"Polygon","coordinates":[[[121.68144072765473,24.61223481933047],[121.68148965772359,24.621263022967224],[121.69136575869622,24.621217958760326],[121.69131611967285,24.612189773798786],[121.68144072765473,24.61223481933047]]]},"properties":{"grid_id":"G034_037","綠地類型":"農地","中心經度":121.686403,"中心緯度":24.616726,"分析面積_km2":1.04,"2020面積_ha":4.05,"2024面積_ha":0.99,"面積減少率_pct":75.56,"2020斑塊數":2,"2024斑塊數":4,"斑塊數增加率_pct":100.0,"2020平均斑塊面積_ha":2.025,"2024平均斑塊面積_ha":0.247,"平均斑塊面積下降率_pct":87.78,"道路切割密度_km_per_km2":6.257,"建成區邊界切割密度_km_per_km2":0.202,"孤立小斑塊比例_pct":100.0,"距大型連續綠地平均距離_m":4442.7,"score_面積減少":89.39051918735892,"score_斑塊增加":78.3295711060948,"score_平均斑塊縮小":81.48984198645599,"score_道路建成區切割":24.37923250564334,"score_孤立比例":93.56659142212189,"score_距大型綠地":98.87133182844244,"綜合破碎化分數":77.7,"破碎化等級":"高","判定原因":"面積減少75.6%；斑塊增加100.0%；平均斑塊縮小87.8%；道路密度6.26 km/km²；孤立比例100.0%；距大型綠地4443m","2021面積_ha":0.54,"2022面積_ha":0.0,"2023面積_ha":0.09}},{"type":"Feature","geometry":{"type":"Polygon","coordinates":[[[121.79994375898794,24.611651507050315],[121.80000119598294,24.620679468855542],[121.80987698371304,24.620626625982805],[121.80981883786235,24.61159868607617],[121.79994375898794,24.611651507050315]]]},"properties":{"grid_id":"G034_049","綠地類型":"農地","中心經度":121.80491,"中心緯度":24.616139,"分析面積_km2":1.04,"2020面積_ha":0.99,"2024面積_ha":0.72,"面積減少率_pct":27.27,"2020斑塊數":1,"2024斑塊數":1,"斑塊數增加率_pct":0.0,"2020平均斑塊面積_ha":6.75,"2024平均斑塊面積_ha":1.08,"平均斑塊面積下降率_pct":84.0,"道路切割密度_km_per_km2":6.344,"建成區邊界切割密度_km_per_km2":0.115,"孤立小斑塊比例_pct":100.0,"距大型連續綠地平均距離_m":1345.9,"score_面積減少":61.8510158013544,"score_斑塊增加":24.040632054176072,"score_平均斑塊縮小":78.21670428893906,"score_道路建成區切割":23.024830699774267,"score_孤立比例":93.56659142212189,"score_距大型綠地":93.22799097065463,"綜合破碎化分數":62.3,"破碎化等級":"高","判定原因":"面積減少27.3%；斑塊增加0.0%；平均斑塊縮小84.0%；道路密度6.34 km/km²；孤立比例100.0%；距大型綠地1346m","2021面積_ha":0.9,"2022面積_ha":0.63,"2023面積_ha":0.63}},{"type":"Feature","geometry":{"type":"Polygon","coordinates":[[[121.51359257312407,24.62192992524682],[121.51362946788409,24.630958394372286],[121.52350663682881,24.630924337329496],[121.52346903265541,24.621895882314],[121.51359257312407,24.62192992524682]]]},"properties":{"grid_id":"G035_020","綠地類型":"農地","中心經度":121.518549,"中心緯度":24.626427,"分析面積_km2":1.04,"2020面積_ha":4.23,"2024面積_ha":2.16,"面積減少率_pct":48.94,"2020斑塊數":4,"2024斑塊數":5,"斑塊數增加率_pct":25.0,"2020平均斑塊面積_ha":4.23,"2024平均斑塊面積_ha":1.044,"平均斑塊面積下降率_pct":75.32,"道路切割密度_km_per_km2":4.296,"建成區邊界切割密度_km_per_km2":0.231,"孤立小斑塊比例_pct":33.33,"距大型連續綠地平均距離_m":3074.8,"score_面積減少":80.58690744920993,"score_斑塊增加":52.934537246049665,"score_平均斑塊縮小":68.39729119638827,"score_道路建成區切割":18.623024830699773,"score_孤立比例":81.48984198645599,"score_距大型綠地":96.61399548532731,"綜合破碎化分數":66.4,"破碎化等級":"高","判定原因":"面積減少48.9%；斑塊增加25.0%；平均斑塊縮小75.3%；道路密度4.30 km/km²；孤立比例33.3%；距大型綠地3075m","2021面積_ha":6.39,"2022面積_ha":0.18,"2023面積_ha":9.81}},{"type":"Feature","geometry":{"type":"Polygon","coordinates":[[[121.770373666149,24.620834108340112],[121.77042900349194,24.629862123280184],[121.78030558342573,24.6298112038857],[121.78024953685534,24.620783210041356],[121.770373666149,24.620834108340112]]]},"properties":{"grid_id":"G035_046","綠地類型":"農地","中心經度":121.775339,"中心緯度":24.625323,"分析面積_km2":1.04,"2020面積_ha":15.21,"2024面積_ha":11.52,"面積減少率_pct":24.26,"2020斑塊數":1,"2024斑塊數":6,"斑塊數增加率_pct":500.0,"2020平均斑塊面積_ha":325.8,"2024平均斑塊面積_ha":3.03,"平均斑塊面積下降率_pct":99.07,"道路切割密度_km_per_km2":5.219,"建成區邊界切割密度_km_per_km2":0.952,"孤立小斑塊比例_pct":6.25,"距大型連續綠地平均距離_m":33.8,"score_面積減少":57.56207674943566,"score_斑塊增加":98.53273137697516,"score_平均斑塊縮小":91.7607223476298,"score_道路建成區切割":29.79683972911964,"score_孤立比例":60.270880361173816,"score_距大型綠地":49.887133182844245,"綜合破碎化分數":64.6,"破碎化等級":"高","判定原因":"面積減少24.3%；斑塊增加500.0%；平均斑塊縮小99.1%；道路密度5.22 km/km²；孤立比例6.2%；距大型綠地34m","2021面積_ha":12.24,"2022面積_ha":8.1,"2023面積_ha":12.42}},{"type":"Feature","geometry":{"type":"Polygon","coordinates":[[[121.78024953685534,24.620783210041356],[121.78030558342573,24.6298112038857],[121.79018213603773,24.629759636024104],[121.79012538024851,24.62073166354413],[121.78024953685534,24.620783210041356]]]},"properties":{"grid_id":"G035_047","綠地類型":"農地","中心經度":121.785216,"中心緯度":24.625272,"分析面積_km2":1.04,"2020面積_ha":9.09,"2024面積_ha":7.02,"面積減少率_pct":22.77,"2020斑塊數":2,"2024斑塊數":4,"斑塊數增加率_pct":100.0,"2020平均斑塊面積_ha":12.195,"2024平均斑塊面積_ha":4.838,"平均斑塊面積下降率_pct":60.33,"道路切割密度_km_per_km2":10.035,"建成區邊界切割密度_km_per_km2":0.923,"孤立小斑塊比例_pct":7.69,"距大型連續綠地平均距離_m":250.3,"score_面積減少":55.75620767494357,"score_斑塊增加":78.3295711060948,"score_平均斑塊縮小":53.72460496613996,"score_道路建成區切割":49.54853273137698,"score_孤立比例":62.97968397291196,"score_距大型綠地":72.23476297968398,"綜合破碎化分數":62.1,"破碎化等級":"高","判定原因":"面積減少22.8%；斑塊增加100.0%；平均斑塊縮小60.3%；道路密度10.04 km/km²；孤立比例7.7%；距大型綠地250m","2021面積_ha":8.28,"2022面積_ha":2.43,"2023面積_ha":6.84}},{"type":"Feature","geometry":{"type":"Polygon","coordinates":[[[121.79012538024851,24.62073166354413],[121.79018213603773,24.629759636024104],[121.80005866098227,24.629707419702505],[121.80000119598294,24.620679468855542],[121.79012538024851,24.62073166354413]]]},"properties":{"grid_id":"G035_048","綠地類型":"農地","中心經度":121.795092,"中心緯度":24.62522,"分析面積_km2":1.04,"2020面積_ha":6.3,"2024面積_ha":0.72,"面積減少率_pct":88.57,"2020斑塊數":5,"2024斑塊數":4,"斑塊數增加率_pct":0.0,"2020平均斑塊面積_ha":6.768,"2024平均斑塊面積_ha":0.18,"平均斑塊面積下降率_pct":97.34,"道路切割密度_km_per_km2":15.225,"建成區邊界切割密度_km_per_km2":0.173,"孤立小斑塊比例_pct":100.0,"距大型連續綠地平均距離_m":282.5,"score_面積減少":92.32505643340858,"score_斑塊增加":24.040632054176072,"score_平均斑塊縮小":88.26185101580135,"score_道路建成區切割":58.80361173814899,"score_孤立比例":93.56659142212189,"score_距大型綠地":74.04063205417607,"綜合破碎化分數":71.8,"破碎化等級":"高","判定原因":"面積減少88.6%；斑塊增加0.0%；平均斑塊縮小97.3%；道路密度15.22 km/km²；孤立比例100.0%；距大型綠地282m","2021面積_ha":4.14,"2022面積_ha":0.36,"2023面積_ha":4.86}},{"type":"Feature","geometry":{"type":"Polygon","coordinates":[[[121.80000119598294,24.620679468855542],[121.80005866098227,24.629707419702505],[121.80993515791363,24.629654554928138],[121.80987698371304,24.620626625982805],[121.80000119598294,24.620679468855542]]]},"properties":{"grid_id":"G035_049","綠地類型":"農地","中心經度":121.804968,"中心緯度":24.625167,"分析面積_km2":1.04,"2020面積_ha":9.72,"2024面積_ha":2.88,"面積減少率_pct":70.37,"2020斑塊數":4,"2024斑塊數":3,"斑塊數增加率_pct":0.0,"2020平均斑塊面積_ha":156.96,"2024平均斑塊面積_ha":1.62,"平均斑塊面積下降率_pct":98.97,"道路切割密度_km_per_km2":11.246,"建成區邊界切割密度_km_per_km2":0.519,"孤立小斑塊比例_pct":15.62,"距大型連續綠地平均距離_m":1194.2,"score_面積減少":88.48758465011286,"score_斑塊增加":24.040632054176072,"score_平均斑塊縮小":91.42212189616254,"score_道路建成區切割":52.144469525959366,"score_孤立比例":73.36343115124153,"score_距大型綠地":91.19638826185101,"綜合破碎化分數":70.1,"破碎化等級":"高","判定原因":"面積減少70.4%；斑塊增加0.0%；平均斑塊縮小99.0%；道路密度11.25 km/km²；孤立比例15.6%；距大型綠地1194m","2021面積_ha":6.93,"2022面積_ha":1.35,"2023面積_ha":4.14}},{"type":"Feature","geometry":{"type":"Polygon","coordinates":[[[121.71116896949113,24.630154021450096],[121.7112200761962,24.639182146387476],[121.72109752242346,24.639135098453707],[121.72104570609578,24.630106993002865],[121.71116896949113,24.630154021450096]]]},"properties":{"grid_id":"G036_040","綠地類型":"農地","中心經度":121.716133,"中心緯度":24.634645,"分析面積_km2":1.04,"2020面積_ha":3.51,"2024面積_ha":0.72,"面積減少率_pct":79.49,"2020斑塊數":5,"2024斑塊數":1,"斑塊數增加率_pct":0.0,"2020平均斑塊面積_ha":0.702,"2024平均斑塊面積_ha":0.72,"平均斑塊面積下降率_pct":0.0,"道路切割密度_km_per_km2":10.669,"建成區邊界切割密度_km_per_km2":0.144,"孤立小斑塊比例_pct":100.0,"距大型連續綠地平均距離_m":1550.1,"score_面積減少":90.74492099322799,"score_斑塊增加":24.040632054176072,"score_平均斑塊縮小":8.91647855530474,"score_道路建成區切割":42.32505643340858,"score_孤立比例":93.56659142212189,"score_距大型綠地":94.5823927765237,"綜合破碎化分數":59.0,"破碎化等級":"高","判定原因":"面積減少79.5%；斑塊增加0.0%；平均斑塊縮小0.0%；道路密度10.67 km/km²；孤立比例100.0%；距大型綠地1550m","2021面積_ha":6.66,"2022面積_ha":0.0,"2023面積_ha":2.16}},{"type":"Feature","geometry":{"type":"Polygon","coordinates":[[[121.76055239658204,24.629912394200527],[121.76060705131944,24.638940419018283],[121.77048436781098,24.638890127267953],[121.77042900349194,24.629862123280184],[121.76055239658204,24.629912394200527]]]},"properties":{"grid_id":"G036_045","綠地類型":"農地","中心經度":121.765518,"中心緯度":24.634401,"分析面積_km2":1.04,"2020面積_ha":39.42,"2024面積_ha":30.51,"面積減少率_pct":22.6,"2020斑塊數":2,"2024斑塊數":4,"斑塊數增加率_pct":100.0,"2020平均斑塊面積_ha":170.775,"2024平均斑塊面積_ha":67.32,"平均斑塊面積下降率_pct":60.58,"道路切割密度_km_per_km2":12.514,"建成區邊界切割密度_km_per_km2":3.864,"孤立小斑塊比例_pct":0.59,"距大型連續綠地平均距離_m":30.8,"score_面積減少":55.53047404063205,"score_斑塊增加":78.3295711060948,"score_平均斑塊縮小":54.401805869074494,"score_道路建成區切割":78.27313769751692,"score_孤立比例":34.08577878103837,"score_距大型綠地":47.855530474040634,"綜合破碎化分數":58.1,"破碎化等級":"高","判定原因":"面積減少22.6%；斑塊增加100.0%；平均斑塊縮小60.6%；道路密度12.51 km/km²；孤立比例0.6%；距大型綠地31m","2021面積_ha":34.47,"2022面積_ha":16.56,"2023面積_ha":27.99}},{"type":"Feature","geometry":{"type":"Polygon","coordinates":[[[121.77042900349194,24.629862123280184],[121.77048436781098,24.638890127267953],[121.78036165731791,24.638839186774796],[121.78030558342573,24.6298112038857],[121.77042900349194,24.629862123280184]]]},"properties":{"grid_id":"G036_046","綠地類型":"農地","中心經度":121.775395,"中心緯度":24.634351,"分析面積_km2":1.04,"2020面積_ha":58.23,"2024面積_ha":48.06,"面積減少率_pct":17.47,"2020斑塊數":1,"2024斑塊數":5,"斑塊數增加率_pct":400.0,"2020平均斑塊面積_ha":325.8,"2024平均斑塊面積_ha":54.342,"平均斑塊面積下降率_pct":83.32,"道路切割密度_km_per_km2":12.082,"建成區邊界切割密度_km_per_km2":4.556,"孤立小斑塊比例_pct":0.75,"距大型連續綠地平均距離_m":1.1,"score_面積減少":46.04966139954853,"score_斑塊增加":97.40406320541761,"score_平均斑塊縮小":76.2979683972912,"score_道路建成區切割":79.74040632054175,"score_孤立比例":34.988713318284425,"score_距大型綠地":23.702031602708804,"綜合破碎化分數":59.7,"破碎化等級":"高","判定原因":"面積減少17.5%；斑塊增加400.0%；平均斑塊縮小83.3%；道路密度12.08 km/km²；孤立比例0.8%；距大型綠地1m","2021面積_ha":57.69,"2022面積_ha":44.55,"2023面積_ha":50.85}},{"type":"Feature","geometry":{"type":"Polygon","coordinates":[[[121.79018213603773,24.629759636024104],[121.79023891949447,24.638787597545846],[121.80011615399475,24.638735359588225],[121.80005866098227,24.629707419702505],[121.79018213603773,24.629759636024104]]]},"properties":{"grid_id":"G036_048","綠地類型":"農地","中心經度":121.795149,"中心緯度":24.634248,"分析面積_km2":1.04,"2020面積_ha":25.83,"2024面積_ha":12.69,"面積減少率_pct":50.87,"2020斑塊數":3,"2024斑塊數":6,"斑塊數增加率_pct":100.0,"2020平均斑塊面積_ha":215.37,"2024平均斑塊面積_ha":6.555,"平均斑塊面積下降率_pct":96.96,"道路切割密度_km_per_km2":13.091,"建成區邊界切割密度_km_per_km2":1.644,"孤立小斑塊比例_pct":13.48,"距大型連續綠地平均距離_m":164.9,"score_面積減少":81.941309255079,"score_斑塊增加":78.3295711060948,"score_平均斑塊縮小":88.03611738148985,"score_道路建成區切割":68.90519187358916,"score_孤立比例":71.10609480812641,"score_距大型綠地":68.39729119638827,"綜合破碎化分數":76.1,"破碎化等級":"高","判定原因":"面積減少50.9%；斑塊增加100.0%；平均斑塊縮小97.0%；道路密度13.09 km/km²；孤立比例13.5%；距大型綠地165m","2021面積_ha":27.09,"2022面積_ha":11.88,"2023面積_ha":18.63}},{"type":"Feature","geometry":{"type":"Polygon","coordinates":[[[121.7112200761962,24.639182146387476],[121.71127120781091,24.64821026038645],[121.72114936400665,24.64816319296343],[121.72109752242346,24.639135098453707],[121.7112200761962,24.639182146387476]]]},"properties":{"grid_id":"G037_040","綠地類型":"農地","中心經度":121.716185,"中心緯度":24.643673,"分析面積_km2":1.04,"2020面積_ha":3.6,"2024面積_ha":0.18,"面積減少率_pct":95.0,"2020斑塊數":9,"2024斑塊數":1,"斑塊數增加率_pct":0.0,"2020平均斑塊面積_ha":1.17,"2024平均斑塊面積_ha":0.18,"平均斑塊面積下降率_pct":84.62,"道路切割密度_km_per_km2":5.017,"建成區邊界切割密度_km_per_km2":0.058,"孤立小斑塊比例_pct":100.0,"距大型連續綠地平均距離_m":404.1,"score_面積減少":94.01805869074492,"score_斑塊增加":24.040632054176072,"score_平均斑塊縮小":79.45823927765237,"score_道路建成區切割":16.478555304740404,"score_孤立比例":93.56659142212189,"score_距大型綠地":78.1038374717833,"綜合破碎化分數":64.3,"破碎化等級":"高","判定原因":"面積減少95.0%；斑塊增加0.0%；平均斑塊縮小84.6%；道路密度5.02 km/km²；孤立比例100.0%；距大型綠地404m","2021面積_ha":1.8,"2022面積_ha":0.18,"2023面積_ha":0.18}},{"type":"Feature","geometry":{"type":"Polygon","coordinates":[[[121.74085233876573,24.639039056262753],[121.74090560026181,24.648067110987764],[121.75078367962935,24.648018096448396],[121.75072970818907,24.63899006201884],[121.74085233876573,24.639039056262753]]]},"properties":{"grid_id":"G037_043","綠地類型":"農地","中心經度":121.745818,"中心緯度":24.643529,"分析面積_km2":1.04,"2020面積_ha":13.86,"2024面積_ha":7.65,"面積減少率_pct":44.81,"2020斑塊數":6,"2024斑塊數":7,"斑塊數增加率_pct":16.67,"2020平均斑塊面積_ha":13.095,"2024平均斑塊面積_ha":2.674,"平均斑塊面積下降率_pct":79.58,"道路切割密度_km_per_km2":5.652,"建成區邊界切割密度_km_per_km2":1.442,"孤立小斑塊比例_pct":47.06,"距大型連續綠地平均距離_m":197.3,"score_面積減少":78.3295711060948,"score_斑塊增加":49.43566591422122,"score_平均斑塊縮小":72.46049661399549,"score_道路建成區切割":34.08577878103837,"score_孤立比例":84.87584650112868,"score_距大型綠地":71.10609480812641,"綜合破碎化分數":65.0,"破碎化等級":"高","判定原因":"面積減少44.8%；斑塊增加16.7%；平均斑塊縮小79.6%；道路密度5.65 km/km²；孤立比例47.1%；距大型綠地197m","2021面積_ha":12.96,"2022面積_ha":2.25,"2023面積_ha":5.31}},{"type":"Feature","geometry":{"type":"Polygon","coordinates":[[[121.75072970818907,24.63899006201884],[121.75078367962935,24.648018096448396],[121.76066173269561,24.647968432883665],[121.76060705131944,24.638940419018283],[121.75072970818907,24.63899006201884]]]},"properties":{"grid_id":"G037_044","綠地類型":"農地","中心經度":121.755696,"中心緯度":24.643479,"分析面積_km2":1.04,"2020面積_ha":41.49,"2024面積_ha":28.35,"面積減少率_pct":31.67,"2020斑塊數":6,"2024斑塊數":10,"斑塊數增加率_pct":66.67,"2020平均斑塊面積_ha":14.1,"2024平均斑塊面積_ha":5.391,"平均斑塊面積下降率_pct":61.77,"道路切割密度_km_per_km2":9.919,"建成區邊界切割密度_km_per_km2":4.181,"孤立小斑塊比例_pct":11.43,"距大型連續綠地平均距離_m":35.9,"score_面積減少":65.68848758465012,"score_斑塊增加":68.51015801354401,"score_平均斑塊縮小":55.07900677200903,"score_道路建成區切割":66.30925507900676,"score_孤立比例":69.07449209932281,"score_距大型綠地":50.79006772009029,"綜合破碎化分數":62.6,"破碎化等級":"高","判定原因":"面積減少31.7%；斑塊增加66.7%；平均斑塊縮小61.8%；道路密度9.92 km/km²；孤立比例11.4%；距大型綠地36m","2021面積_ha":38.43,"2022面積_ha":16.47,"2023面積_ha":28.98}},{"type":"Feature","geometry":{"type":"Polygon","coordinates":[[[121.76060705131944,24.638940419018283],[121.76066173269561,24.647968432883665],[121.77053975911464,24.647918120300435],[121.77048436781098,24.638890127267953],[121.76060705131944,24.638940419018283]]]},"properties":{"grid_id":"G037_045","綠地類型":"農地","中心經度":121.765573,"中心緯度":24.643429,"分析面積_km2":1.04,"2020面積_ha":66.06,"2024面積_ha":53.82,"面積減少率_pct":18.53,"2020斑塊數":3,"2024斑塊數":7,"斑塊數增加率_pct":133.33,"2020平均斑塊面積_ha":125.55,"2024平均斑塊面積_ha":41.554,"平均斑塊面積下降率_pct":66.9,"道路切割密度_km_per_km2":10.208,"建成區邊界切割密度_km_per_km2":6.171,"孤立小斑塊比例_pct":1.0,"距大型連續綠地平均距離_m":45.8,"score_面積減少":48.645598194130926,"score_斑塊增加":87.13318284424379,"score_平均斑塊縮小":60.0451467268623,"score_道路建成區切割":78.16027088036118,"score_孤立比例":37.24604966139955,"score_距大型綠地":55.75620767494357,"綜合破碎化分數":61.2,"破碎化等級":"高","判定原因":"面積減少18.5%；斑塊增加133.3%；平均斑塊縮小66.9%；道路密度10.21 km/km²；孤立比例1.0%；距大型綠地46m","2021面積_ha":62.28,"2022面積_ha":44.82,"2023面積_ha":55.17}},{"type":"Feature","geometry":{"type":"Polygon","coordinates":[[[121.80011615399475,24.638735359588225],[121.80017367502927,24.6477632885097],[121.81005159140031,24.647710379922874],[121.80999336047306,24.638682472909156],[121.80011615399475,24.638735359588225]]]},"properties":{"grid_id":"G037_049","綠地類型":"農地","中心經度":121.805084,"中心緯度":24.643223,"分析面積_km2":1.04,"2020面積_ha":63.99,"2024面積_ha":53.37,"面積減少率_pct":16.6,"2020斑塊數":1,"2024斑塊數":4,"斑塊數增加率_pct":300.0,"2020平均斑塊面積_ha":615.06,"2024平均斑塊面積_ha":129.915,"平均斑塊面積下降率_pct":78.88,"道路切割密度_km_per_km2":9.573,"建成區邊界切割密度_km_per_km2":5.507,"孤立小斑塊比例_pct":2.7,"距大型連續綠地平均距離_m":18.4,"score_面積減少":44.46952595936794,"score_斑塊增加":95.93679458239278,"score_平均斑塊縮小":71.55756207674943,"score_道路建成區切割":71.83972911963883,"score_孤立比例":47.17832957110609,"score_距大型綠地":42.21218961625282,"綜合破碎化分數":62.2,"破碎化等級":"高","判定原因":"面積減少16.6%；斑塊增加300.0%；平均斑塊縮小78.9%；道路密度9.57 km/km²；孤立比例2.7%；距大型綠地18m","2021面積_ha":66.6,"2022面積_ha":49.32,"2023面積_ha":54.36}},{"type":"Feature","geometry":{"type":"Polygon","coordinates":[[[121.82974768798042,24.63857475341597],[121.82980733866613,24.647602615808065],[121.83968516886917,24.647547760294973],[121.83962480831792,24.638519920616734],[121.82974768798042,24.63857475341597]]]},"properties":{"grid_id":"G037_052","綠地類型":"農地","中心經度":121.834716,"中心緯度":24.643061,"分析面積_km2":1.04,"2020面積_ha":3.15,"2024面積_ha":2.25,"面積減少率_pct":28.57,"2020斑塊數":1,"2024斑塊數":2,"斑塊數增加率_pct":100.0,"2020平均斑塊面積_ha":72.54,"2024平均斑塊面積_ha":12.465,"平均斑塊面積下降率_pct":82.82,"道路切割密度_km_per_km2":17.878,"建成區邊界切割密度_km_per_km2":0.375,"孤立小斑塊比例_pct":0.0,"距大型連續綠地平均距離_m":199.3,"score_面積減少":62.75395033860045,"score_斑塊增加":78.3295711060948,"score_平均斑塊縮小":76.07223476297969,"score_道路建成區切割":63.487584650112865,"score_孤立比例":13.656884875846501,"score_距大型綠地":71.33182844243792,"綜合破碎化分數":60.9,"破碎化等級":"高","判定原因":"面積減少28.6%；斑塊增加100.0%；平均斑塊縮小82.8%；道路密度17.88 km/km²；孤立比例0.0%；距大型綠地199m","2021面積_ha":3.15,"2022面積_ha":2.97,"2023面積_ha":2.52}},{"type":"Feature","geometry":{"type":"Polygon","coordinates":[[[121.64212343612418,24.648521558541304],[121.64216962024108,24.657549790516796],[121.65204865396143,24.657507248978195],[121.65200175947726,24.648479034613178],[121.64212343612418,24.648521558541304]]]},"properties":{"grid_id":"G038_033","綠地類型":"農地","中心經度":121.647086,"中心緯度":24.653014,"分析面積_km2":1.04,"2020面積_ha":2.61,"2024面積_ha":0.99,"面積減少率_pct":62.07,"2020斑塊數":1,"2024斑塊數":2,"斑塊數增加率_pct":100.0,"2020平均斑塊面積_ha":2574.72,"2024平均斑塊面積_ha":1.395,"平均斑塊面積下降率_pct":99.95,"道路切割密度_km_per_km2":1.355,"建成區邊界切割密度_km_per_km2":0.231,"孤立小斑塊比例_pct":45.45,"距大型連續綠地平均距離_m":474.7,"score_面積減少":86.45598194130926,"score_斑塊增加":78.3295711060948,"score_平均斑塊縮小":94.5823927765237,"score_道路建成區切割":13.826185101580135,"score_孤立比例":84.42437923250564,"score_距大型綠地":80.36117381489842,"綜合破碎化分數":73.0,"破碎化等級":"高","判定原因":"面積減少62.1%；斑塊增加100.0%；平均斑塊縮小100.0%；道路密度1.35 km/km²；孤立比例45.5%；距大型綠地475m","2021面積_ha":2.88,"2022面積_ha":0.0,"2023面積_ha":3.42}},{"type":"Feature","geometry":{"type":"Polygon","coordinates":[[[121.67175833731234,24.64839203949576],[121.67180665250925,24.657420217833458],[121.68168561664456,24.65737572823934],[121.68163659110239,24.648347568318496],[121.67175833731234,24.64839203949576]]]},"properties":{"grid_id":"G038_036","綠地類型":"農地","中心經度":121.676722,"中心緯度":24.652884,"分析面積_km2":1.04,"2020面積_ha":20.25,"2024面積_ha":15.03,"面積減少率_pct":25.78,"2020斑塊數":1,"2024斑塊數":3,"斑塊數增加率_pct":200.0,"2020平均斑塊面積_ha":2574.72,"2024平均斑塊面積_ha":35.88,"平均斑塊面積下降率_pct":98.61,"道路切割密度_km_per_km2":3.143,"建成區邊界切割密度_km_per_km2":0.865,"孤立小斑塊比例_pct":7.19,"距大型連續綠地平均距離_m":33.2,"score_面積減少":59.14221218961625,"score_斑塊增加":91.7607223476298,"score_平均斑塊縮小":90.74492099322799,"score_道路建成區切割":23.081264108352144,"score_孤立比例":61.8510158013544,"score_距大型綠地":49.20993227990971,"綜合破碎化分數":62.6,"破碎化等級":"高","判定原因":"面積減少25.8%；斑塊增加200.0%；平均斑塊縮小98.6%；道路密度3.14 km/km²；孤立比例7.2%；距大型綠地33m","2021面積_ha":18.72,"2022面積_ha":12.96,"2023面積_ha":16.74}},{"type":"Feature","geometry":{"type":"Polygon","coordinates":[[[121.75078367962935,24.648018096448396],[121.75083767737088,24.65704611992546],[121.76071644071897,24.656996435793676],[121.76066173269561,24.647968432883665],[121.75078367962935,24.648018096448396]]]},"properties":{"grid_id":"G038_044","綠地類型":"農地","中心經度":121.75575,"中心緯度":24.652507,"分析面積_km2":1.04,"2020面積_ha":7.56,"2024面積_ha":0.54,"面積減少率_pct":92.86,"2020斑塊數":5,"2024斑塊數":2,"斑塊數增加率_pct":0.0,"2020平均斑塊面積_ha":8.28,"2024平均斑塊面積_ha":3.555,"平均斑塊面積下降率_pct":57.07,"道路切割密度_km_per_km2":11.275,"建成區邊界切割密度_km_per_km2":0.173,"孤立小斑塊比例_pct":83.33,"距大型連續綠地平均距離_m":332.4,"score_面積減少":93.45372460496614,"score_斑塊增加":24.040632054176072,"score_平均斑塊縮小":51.46726862302483,"score_道路建成區切割":46.783295711060944,"score_孤立比例":86.68171557562077,"score_距大型綠地":76.07223476297969,"綜合破碎化分數":63.1,"破碎化等級":"高","判定原因":"面積減少92.9%；斑塊增加0.0%；平均斑塊縮小57.1%；道路密度11.28 km/km²；孤立比例83.3%；距大型綠地332m","2021面積_ha":6.48,"2022面積_ha":0.54,"2023面積_ha":1.89}},{"type":"Feature","geometry":{"type":"Polygon","coordinates":[[[121.78041775854054,24.647867158705655],[121.78047388710222,24.656895119675287],[121.79035256944529,24.656843487702677],[121.7902957306274,24.647815548106365],[121.78041775854054,24.647867158705655]]]},"properties":{"grid_id":"G038_047","綠地類型":"農地","中心經度":121.785385,"中心緯度":24.652355,"分析面積_km2":1.04,"2020面積_ha":39.87,"2024面積_ha":32.94,"面積減少率_pct":17.38,"2020斑塊數":4,"2024斑塊數":7,"斑塊數增加率_pct":75.0,"2020平均斑塊面積_ha":119.138,"2024平均斑塊面積_ha":49.449,"平均斑塊面積下降率_pct":58.49,"道路切割密度_km_per_km2":9.112,"建成區邊界切割密度_km_per_km2":5.507,"孤立小斑塊比例_pct":5.19,"距大型連續綠地平均距離_m":42.8,"score_面積減少":45.82392776523702,"score_斑塊增加":70.20316027088036,"score_平均斑塊縮小":52.144469525959366,"score_道路建成區切割":69.41309255079007,"score_孤立比例":58.013544018058695,"score_距大型綠地":53.95033860045147,"綜合破碎化分數":58.3,"破碎化等級":"高","判定原因":"面積減少17.4%；斑塊增加75.0%；平均斑塊縮小58.5%；道路密度9.11 km/km²；孤立比例5.2%；距大型綠地43m","2021面積_ha":44.91,"2022面積_ha":31.5,"2023面積_ha":37.26}},{"type":"Feature","geometry":{"type":"Polygon","coordinates":[[[121.82980733866613,24.647602615808065],[121.82986701842042,24.656630467223636],[121.83974555883482,24.656575588993512],[121.83968516886917,24.647547760294973],[121.82980733866613,24.647602615808065]]]},"properties":{"grid_id":"G038_052","綠地類型":"農地","中心經度":121.834776,"中心緯度":24.652089,"分析面積_km2":1.04,"2020面積_ha":1.89,"2024面積_ha":0.45,"面積減少率_pct":76.19,"2020斑塊數":3,"2024斑塊數":1,"斑塊數增加率_pct":0.0,"2020平均斑塊面積_ha":0.69,"2024平均斑塊面積_ha":0.54,"平均斑塊面積下降率_pct":21.74,"道路切割密度_km_per_km2":12.14,"建成區邊界切割密度_km_per_km2":0.144,"孤立小斑塊比例_pct":100.0,"距大型連續綠地平均距離_m":464.5,"score_面積減少":89.61625282167043,"score_斑塊增加":24.040632054176072,"score_平均斑塊縮小":25.056433408577877,"score_道路建成區切割":49.77426636568848,"score_孤立比例":93.56659142212189,"score_距大型綠地":79.90970654627539,"綜合破碎化分數":60.3,"破碎化等級":"高","判定原因":"面積減少76.2%；斑塊增加0.0%；平均斑塊縮小21.7%；道路密度12.14 km/km²；孤立比例100.0%；距大型綠地464m","2021面積_ha":1.26,"2022面積_ha":0.0,"2023面積_ha":1.53}},{"type":"Feature","geometry":{"type":"Polygon","coordinates":[[[121.63229056401792,24.657591682691685],[121.63233605991721,24.66661992108493],[121.64221582686083,24.666578011565946],[121.64216962024108,24.657549790516796],[121.63229056401792,24.657591682691685]]]},"properties":{"grid_id":"G039_032","綠地類型":"農地","中心經度":121.637253,"中心緯度":24.662085,"分析面積_km2":1.04,"2020面積_ha":51.3,"2024面積_ha":37.53,"面積減少率_pct":26.84,"2020斑塊數":2,"2024斑塊數":5,"斑塊數增加率_pct":150.0,"2020平均斑塊面積_ha":1287.72,"2024平均斑塊面積_ha":323.28,"平均斑塊面積下降率_pct":74.9,"道路切割密度_km_per_km2":10.092,"建成區邊界切割密度_km_per_km2":3.777,"孤立小斑塊比例_pct":1.92,"距大型連續綠地平均距離_m":2.1,"score_面積減少":60.94808126410835,"score_斑塊增加":88.48758465011286,"score_平均斑塊縮小":67.94582392776523,"score_道路建成區切割":65.57562076749436,"score_孤立比例":43.340857787810386,"score_距大型綠地":26.975169300225733,"綜合破碎化分數":58.9,"破碎化等級":"高","判定原因":"面積減少26.8%；斑塊增加150.0%；平均斑塊縮小74.9%；道路密度10.09 km/km²；孤立比例1.9%；距大型綠地2m","2021面積_ha":47.79,"2022面積_ha":40.86,"2023面積_ha":47.97}},{"type":"Feature","geometry":{"type":"Polygon","coordinates":[[[121.64216962024108,24.657549790516796],[121.64221582686083,24.666578011565946],[121.6520955712945,24.666535452414415],[121.65204865396143,24.657507248978195],[121.64216962024108,24.657549790516796]]]},"properties":{"grid_id":"G039_033","綠地類型":"農地","中心經度":121.647132,"中心緯度":24.662043,"分析面積_km2":1.04,"2020面積_ha":54.45,"2024面積_ha":34.65,"面積減少率_pct":36.36,"2020斑塊數":1,"2024斑塊數":7,"斑塊數增加率_pct":600.0,"2020平均斑塊面積_ha":2574.72,"2024平均斑塊面積_ha":224.833,"平均斑塊面積下降率_pct":91.27,"道路切割密度_km_per_km2":12.774,"建成區邊界切割密度_km_per_km2":4.844,"孤立小斑塊比例_pct":3.38,"距大型連續綠地平均距離_m":92.7,"score_面積減少":70.99322799097065,"score_斑塊增加":99.43566591422122,"score_平均斑塊縮小":85.10158013544017,"score_道路建成區切割":86.00451467268624,"score_孤立比例":50.45146726862303,"score_距大型綠地":62.97968397291196,"綜合破碎化分數":75.8,"破碎化等級":"高","判定原因":"面積減少36.4%；斑塊增加600.0%；平均斑塊縮小91.3%；道路密度12.77 km/km²；孤立比例3.4%；距大型綠地93m","2021面積_ha":48.24,"2022面積_ha":15.3,"2023面積_ha":41.67}},{"type":"Feature","geometry":{"type":"Polygon","coordinates":[[[121.67180665250925,24.657420217833458],[121.67185499124722,24.66644838523732],[121.68173466607388,24.66640387722378],[121.68168561664456,24.65737572823934],[121.67180665250925,24.657420217833458]]]},"properties":{"grid_id":"G039_036","綠地類型":"農地","中心經度":121.67677,"中心緯度":24.661912,"分析面積_km2":1.04,"2020面積_ha":72.63,"2024面積_ha":53.28,"面積減少率_pct":26.64,"2020斑塊數":1,"2024斑塊數":4,"斑塊數增加率_pct":300.0,"2020平均斑塊面積_ha":2574.72,"2024平均斑塊面積_ha":412.853,"平均斑塊面積下降率_pct":83.97,"道路切割密度_km_per_km2":10.208,"建成區邊界切割密度_km_per_km2":4.498,"孤立小斑塊比例_pct":0.68,"距大型連續綠地平均距離_m":0.8,"score_面積減少":60.0451467268623,"score_斑塊增加":95.93679458239278,"score_平均斑塊縮小":77.87810383747178,"score_道路建成區切割":70.31602708803612,"score_孤立比例":34.76297968397291,"score_距大型綠地":23.363431151241535,"綜合破碎化分數":60.4,"破碎化等級":"高","判定原因":"面積減少26.6%；斑塊增加300.0%；平均斑塊縮小84.0%；道路密度10.21 km/km²；孤立比例0.7%；距大型綠地1m","2021面積_ha":65.07,"2022面積_ha":32.22,"2023面積_ha":62.82}},{"type":"Feature","geometry":{"type":"Polygon","coordinates":[[[121.68168561664456,24.65737572823934],[121.68173466607388,24.66640387722378],[121.69161431700579,24.666358719601753],[121.69156455689267,24.657330589305563],[121.68168561664456,24.65737572823934]]]},"properties":{"grid_id":"G039_037","綠地類型":"農地","中心經度":121.68665,"中心緯度":24.661867,"分析面積_km2":1.04,"2020面積_ha":42.84,"2024面積_ha":31.86,"面積減少率_pct":25.63,"2020斑塊數":2,"2024斑塊數":5,"斑塊數增加率_pct":150.0,"2020平均斑塊面積_ha":1289.61,"2024平均斑塊面積_ha":21.402,"平均斑塊面積下降率_pct":98.34,"道路切割密度_km_per_km2":5.681,"建成區邊界切割密度_km_per_km2":3.23,"孤立小斑塊比例_pct":3.39,"距大型連續綠地平均距離_m":16.4,"score_面積減少":58.69074492099323,"score_斑塊增加":88.48758465011286,"score_平均斑塊縮小":90.29345372460497,"score_道路建成區切割":44.300225733634306,"score_孤立比例":50.79006772009029,"score_距大型綠地":41.534988713318285,"綜合破碎化分數":62.3,"破碎化等級":"高","判定原因":"面積減少25.6%；斑塊增加150.0%；平均斑塊縮小98.3%；道路密度5.68 km/km²；孤立比例3.4%；距大型綠地16m","2021面積_ha":39.06,"2022面積_ha":23.94,"2023面積_ha":35.82}},{"type":"Feature","geometry":{"type":"Polygon","coordinates":[[[121.69156455689267,24.657330589305563],[121.69161431700579,24.666358719601753],[121.70149394369679,24.666312912377474],[121.70144347290756,24.65728480103835],[121.69156455689267,24.657330589305563]]]},"properties":{"grid_id":"G039_038","綠地類型":"農地","中心經度":121.696529,"中心緯度":24.661822,"分析面積_km2":1.04,"2020面積_ha":7.11,"2024面積_ha":3.51,"面積減少率_pct":50.63,"2020斑塊數":6,"2024斑塊數":4,"斑塊數增加率_pct":0.0,"2020平均斑塊面積_ha":469.485,"2024平均斑塊面積_ha":9.473,"平均斑塊面積下降率_pct":97.98,"道路切割密度_km_per_km2":7.18,"建成區邊界切割密度_km_per_km2":0.317,"孤立小斑塊比例_pct":38.46,"距大型連續綠地平均距離_m":71.7,"score_面積減少":81.7155756207675,"score_斑塊增加":24.040632054176072,"score_平均斑塊縮小":89.39051918735892,"score_道路建成區切割":29.627539503386004,"score_孤立比例":83.06997742663657,"score_距大型綠地":59.36794582392777,"綜合破碎化分數":61.2,"破碎化等級":"高","判定原因":"面積減少50.6%；斑塊增加0.0%；平均斑塊縮小98.0%；道路密度7.18 km/km²；孤立比例38.5%；距大型綠地72m","2021面積_ha":7.47,"2022面積_ha":3.6,"2023面積_ha":6.48}},{"type":"Feature","geometry":{"type":"Polygon","coordinates":[[[121.71132236434309,24.657238363444048],[121.71137354580071,24.66626645555728],[121.72125312297135,24.666219349147585],[121.72120123085328,24.657191276529044],[121.71132236434309,24.657238363444048]]]},"properties":{"grid_id":"G039_040","綠地類型":"農地","中心經度":121.716288,"中心緯度":24.661729,"分析面積_km2":1.04,"2020面積_ha":67.77,"2024面積_ha":51.75,"面積減少率_pct":23.64,"2020斑塊數":2,"2024斑塊數":5,"斑塊數增加率_pct":150.0,"2020平均斑塊面積_ha":124.065,"2024平均斑塊面積_ha":36.432,"平均斑塊面積下降率_pct":70.63,"道路切割密度_km_per_km2":7.958,"建成區邊界切割密度_km_per_km2":4.527,"孤立小斑塊比例_pct":2.26,"距大型連續綠地平均距離_m":22.2,"score_面積減少":56.884875846501124,"score_斑塊增加":88.48758465011286,"score_平均斑塊縮小":63.88261851015802,"score_道路建成區切割":59.08577878103837,"score_孤立比例":45.146726862302486,"score_距大型綠地":44.69525959367946,"綜合破碎化分數":59.7,"破碎化等級":"高","判定原因":"面積減少23.6%；斑塊增加150.0%；平均斑塊縮小70.6%；道路密度7.96 km/km²；孤立比例2.3%；距大型綠地22m","2021面積_ha":59.85,"2022面積_ha":41.49,"2023面積_ha":53.1}},{"type":"Feature","geometry":{"type":"Polygon","coordinates":[[[121.74095888771322,24.657095154763113],[121.7410122011282,24.666123187585818],[121.75089170142205,24.666074132447037],[121.75083767737088,24.65704611992546],[121.74095888771322,24.657095154763113]]]},"properties":{"grid_id":"G039_043","綠地類型":"農地","中心經度":121.745925,"中心緯度":24.661585,"分析面積_km2":1.04,"2020面積_ha":32.67,"2024面積_ha":24.03,"面積減少率_pct":26.45,"2020斑塊數":4,"2024斑塊數":6,"斑塊數增加率_pct":50.0,"2020平均斑塊面積_ha":9.36,"2024平均斑塊面積_ha":4.635,"平均斑塊面積下降率_pct":50.48,"道路切割密度_km_per_km2":11.044,"建成區邊界切割密度_km_per_km2":2.912,"孤立小斑塊比例_pct":2.25,"距大型連續綠地平均距離_m":88.0,"score_面積減少":59.59367945823928,"score_斑塊增加":62.75395033860045,"score_平均斑塊縮小":44.13092550790068,"score_道路建成區切割":66.13995485327314,"score_孤立比例":44.92099322799097,"score_距大型綠地":62.30248306997742,"綜合破碎化分數":56.6,"破碎化等級":"高","判定原因":"面積減少26.4%；斑塊增加50.0%；平均斑塊縮小50.5%；道路密度11.04 km/km²；孤立比例2.2%；距大型綠地88m","2021面積_ha":28.35,"2022面積_ha":16.38,"2023面積_ha":24.84}},{"type":"Feature","geometry":{"type":"Polygon","coordinates":[[[121.78047388710222,24.656895119675287],[121.78053004301158,24.665923069680705],[121.79040943595692,24.66587141633179],[121.79035256944529,24.656843487702677],[121.78047388710222,24.656895119675287]]]},"properties":{"grid_id":"G039_047","綠地類型":"農地","中心經度":121.785441,"中心緯度":24.661383,"分析面積_km2":1.04,"2020面積_ha":51.75,"2024面積_ha":30.42,"面積減少率_pct":41.22,"2020斑塊數":4,"2024斑塊數":9,"斑塊數增加率_pct":125.0,"2020平均斑塊面積_ha":40.388,"2024平均斑塊面積_ha":11.38,"平均斑塊面積下降率_pct":71.82,"道路切割密度_km_per_km2":10.006,"建成區邊界切割密度_km_per_km2":4.441,"孤立小斑塊比例_pct":9.76,"距大型連續綠地平均距離_m":82.2,"score_面積減少":75.16930022573364,"score_斑塊增加":86.23024830699775,"score_平均斑塊縮小":65.01128668171557,"score_道路建成區切割":68.62302483069978,"score_孤立比例":66.59142212189616,"score_距大型綠地":61.06094808126411,"綜合破碎化分數":70.4,"破碎化等級":"高","判定原因":"面積減少41.2%；斑塊增加125.0%；平均斑塊縮小71.8%；道路密度10.01 km/km²；孤立比例9.8%；距大型綠地82m","2021面積_ha":58.5,"2022面積_ha":39.33,"2023面積_ha":45.81}},{"type":"Feature","geometry":{"type":"Polygon","coordinates":[[[121.79035256944529,24.656843487702677],[121.79040943595692,24.66587141633179],[121.80028880119978,24.665819113447952],[121.80023122409469,24.656791206463943],[121.79035256944529,24.656843487702677]]]},"properties":{"grid_id":"G039_048","綠地類型":"農地","中心經度":121.795321,"中心緯度":24.661331,"分析面積_km2":1.04,"2020面積_ha":29.52,"2024面積_ha":13.77,"面積減少率_pct":53.35,"2020斑塊數":5,"2024斑塊數":10,"斑塊數增加率_pct":100.0,"2020平均斑塊面積_ha":37.386,"2024平均斑塊面積_ha":11.097,"平均斑塊面積下降率_pct":70.32,"道路切割密度_km_per_km2":11.419,"建成區邊界切割密度_km_per_km2":2.336,"孤立小斑塊比例_pct":15.69,"距大型連續綠地平均距離_m":34.6,"score_面積減少":83.29571106094808,"score_斑塊增加":78.3295711060948,"score_平均斑塊縮小":63.43115124153499,"score_道路建成區切割":65.29345372460497,"score_孤立比例":73.58916478555305,"score_距大型綠地":50.338600451467265,"綜合破碎化分數":69.0,"破碎化等級":"高","判定原因":"面積減少53.4%；斑塊增加100.0%；平均斑塊縮小70.3%；道路密度11.42 km/km²；孤立比例15.7%；距大型綠地35m","2021面積_ha":35.37,"2022面積_ha":17.28,"2023面積_ha":22.77}},{"type":"Feature","geometry":{"type":"Polygon","coordinates":[[[121.66197529287203,24.666492243636213],[121.66202294411359,24.675520418256404],[121.67190335353375,24.675476541704374],[121.67185499124722,24.66644838523732],[121.66197529287203,24.666492243636213]]]},"properties":{"grid_id":"G040_035","綠地類型":"農地","中心經度":121.666939,"中心緯度":24.670984,"分析面積_km2":1.04,"2020面積_ha":76.14,"2024面積_ha":52.02,"面積減少率_pct":31.68,"2020斑塊數":1,"2024斑塊數":3,"斑塊數增加率_pct":200.0,"2020平均斑塊面積_ha":2574.72,"2024平均斑塊面積_ha":516.6,"平均斑塊面積下降率_pct":79.94,"道路切割密度_km_per_km2":13.379,"建成區邊界切割密度_km_per_km2":5.998,"孤立小斑塊比例_pct":3.29,"距大型連續綠地平均距離_m":4.0,"score_面積減少":65.91422121896161,"score_斑塊增加":91.7607223476298,"score_平均斑塊縮小":73.36343115124153,"score_道路建成區切割":92.5507900677201,"score_孤立比例":49.66139954853273,"score_距大型綠地":30.474040632054177,"綜合破碎化分數":67.3,"破碎化等級":"高","判定原因":"面積減少31.7%；斑塊增加200.0%；平均斑塊縮小79.9%；道路密度13.38 km/km²；孤立比例3.3%；距大型綠地4m","2021面積_ha":66.06,"2022面積_ha":42.93,"2023面積_ha":66.42}},{"type":"Feature","geometry":{"type":"Polygon","coordinates":[[[121.67185499124722,24.66644838523732],[121.67190335353375,24.675476541704374],[121.68178373939791,24.675432015268832],[121.68173466607388,24.66640387722378],[121.67185499124722,24.66644838523732]]]},"properties":{"grid_id":"G040_036","綠地類型":"農地","中心經度":121.676819,"中心緯度":24.67094,"分析面積_km2":1.04,"2020面積_ha":67.86,"2024面積_ha":33.93,"面積減少率_pct":50.0,"2020斑塊數":3,"2024斑塊數":10,"斑塊數增加率_pct":233.33,"2020平均斑塊面積_ha":858.36,"2024平均斑塊面積_ha":170.145,"平均斑塊面積下降率_pct":80.18,"道路切割密度_km_per_km2":11.909,"建成區邊界切割密度_km_per_km2":5.017,"孤立小斑塊比例_pct":19.36,"距大型連續綠地平均距離_m":38.6,"score_面積減少":81.15124153498871,"score_斑塊增加":94.13092550790067,"score_平均斑塊縮小":73.58916478555305,"score_道路建成區切割":81.37697516930022,"score_孤立比例":76.74943566591422,"score_距大型綠地":51.91873589164786,"綜合破碎化分數":76.5,"破碎化等級":"高","判定原因":"面積減少50.0%；斑塊增加233.3%；平均斑塊縮小80.2%；道路密度11.91 km/km²；孤立比例19.4%；距大型綠地39m","2021面積_ha":55.17,"2022面積_ha":24.75,"2023面積_ha":51.66}},{"type":"Feature","geometry":{"type":"Polygon","coordinates":[[[121.68173466607388,24.66640387722378],[121.68178373939791,24.675432015268832],[121.6916641013598,24.67538683895595],[121.69161431700579,24.666358719601753],[121.68173466607388,24.66640387722378]]]},"properties":{"grid_id":"G040_037","綠地類型":"農地","中心經度":121.686699,"中心緯度":24.670895,"分析面積_km2":1.04,"2020面積_ha":68.58,"2024面積_ha":42.3,"面積減少率_pct":38.32,"2020斑塊數":3,"2024斑塊數":7,"斑塊數增加率_pct":133.33,"2020平均斑塊面積_ha":860.19,"2024平均斑塊面積_ha":34.406,"平均斑塊面積下降率_pct":96.0,"道路切割密度_km_per_km2":9.746,"建成區邊界切割密度_km_per_km2":6.2,"孤立小斑塊比例_pct":3.19,"距大型連續綠地平均距離_m":10.2,"score_面積減少":73.13769751693002,"score_斑塊增加":87.13318284424379,"score_平均斑塊縮小":87.3589164785553,"score_道路建成區切割":75.56433408577878,"score_孤立比例":49.43566591422122,"score_距大型綠地":37.92325056433409,"綜合破碎化分數":68.4,"破碎化等級":"高","判定原因":"面積減少38.3%；斑塊增加133.3%；平均斑塊縮小96.0%；道路密度9.75 km/km²；孤立比例3.2%；距大型綠地10m","2021面積_ha":70.65,"2022面積_ha":42.75,"2023面積_ha":55.8}},{"type":"Feature","geometry":{"type":"Polygon","coordinates":[[[121.70149394369679,24.666312912377474],[121.70154443907312,24.67534101277196],[121.71142475219159,24.675294536723186],[121.71137354580071,24.66626645555728],[121.70149394369679,24.666312912377474]]]},"properties":{"grid_id":"G040_039","綠地類型":"農地","中心經度":121.706459,"中心緯度":24.670804,"分析面積_km2":1.04,"2020面積_ha":32.4,"2024面積_ha":20.79,"面積減少率_pct":35.83,"2020斑塊數":7,"2024斑塊數":11,"斑塊數增加率_pct":57.14,"2020平均斑塊面積_ha":404.589,"2024平均斑塊面積_ha":14.204,"平均斑塊面積下降率_pct":96.49,"道路切割密度_km_per_km2":13.408,"建成區邊界切割密度_km_per_km2":3.95,"孤立小斑塊比例_pct":19.48,"距大型連續綠地平均距離_m":193.9,"score_面積減少":70.20316027088036,"score_斑塊增加":65.80135440180587,"score_平均斑塊縮小":87.81038374717834,"score_道路建成區切割":82.44920993227991,"score_孤立比例":76.97516930022573,"score_距大型綠地":70.8803611738149,"綜合破碎化分數":75.7,"破碎化等級":"高","判定原因":"面積減少35.8%；斑塊增加57.1%；平均斑塊縮小96.5%；道路密度13.41 km/km²；孤立比例19.5%；距大型綠地194m","2021面積_ha":35.46,"2022面積_ha":14.22,"2023面積_ha":24.12}},{"type":"Feature","geometry":{"type":"Polygon","coordinates":[[[121.78053004301158,24.665923069680705],[121.78058622627726,24.67495100871892],[121.790466330171,24.674899333990705],[121.79040943595692,24.66587141633179],[121.78053004301158,24.665923069680705]]]},"properties":{"grid_id":"G040_047","綠地類型":"農地","中心經度":121.785498,"中心緯度":24.670411,"分析面積_km2":1.04,"2020面積_ha":18.09,"2024面積_ha":10.71,"面積減少率_pct":40.8,"2020斑塊數":5,"2024斑塊數":5,"斑塊數增加率_pct":0.0,"2020平均斑塊面積_ha":14.166,"2024平均斑塊面積_ha":4.014,"平均斑塊面積下降率_pct":71.66,"道路切割密度_km_per_km2":14.072,"建成區邊界切割密度_km_per_km2":1.874,"孤立小斑塊比例_pct":13.45,"距大型連續綠地平均距離_m":624.9,"score_面積減少":74.94356659142211,"score_斑塊增加":24.040632054176072,"score_平均斑塊縮小":64.78555304740406,"score_道路建成區切割":72.40406320541761,"score_孤立比例":70.8803611738149,"score_距大型綠地":84.65011286681715,"綜合破碎化分數":65.3,"破碎化等級":"高","判定原因":"面積減少40.8%；斑塊增加0.0%；平均斑塊縮小71.7%；道路密度14.07 km/km²；孤立比例13.4%；距大型綠地625m","2021面積_ha":22.59,"2022面積_ha":12.06,"2023面積_ha":15.12}},{"type":"Feature","geometry":{"type":"Polygon","coordinates":[[[121.79040943595692,24.66587141633179],[121.790466330171,24.674899333990705],[121.80034640635351,24.67484700945876],[121.80028880119978,24.665819113447952],[121.79040943595692,24.66587141633179]]]},"properties":{"grid_id":"G040_048","綠地類型":"農地","中心經度":121.795378,"中心緯度":24.670359,"分析面積_km2":1.04,"2020面積_ha":34.83,"2024面積_ha":10.53,"面積減少率_pct":69.77,"2020斑塊數":5,"2024斑塊數":8,"斑塊數增加率_pct":60.0,"2020平均斑塊面積_ha":16.974,"2024平均斑塊面積_ha":3.127,"平均斑塊面積下降率_pct":81.57,"道路切割密度_km_per_km2":14.821,"建成區邊界切割密度_km_per_km2":2.278,"孤立小斑塊比例_pct":13.68,"距大型連續綠地平均距離_m":499.6,"score_面積減少":87.81038374717834,"score_斑塊增加":66.70428893905192,"score_平均斑塊縮小":75.05643340857789,"score_道路建成區切割":75.62076749435666,"score_孤立比例":71.55756207674943,"score_距大型綠地":81.48984198645599,"綜合破碎化分數":76.4,"破碎化等級":"高","判定原因":"面積減少69.8%；斑塊增加60.0%；平均斑塊縮小81.6%；道路密度14.82 km/km²；孤立比例13.7%；距大型綠地500m","2021面積_ha":40.77,"2022面積_ha":18.81,"2023面積_ha":22.41}},{"type":"Feature","geometry":{"type":"Polygon","coordinates":[[[121.80028880119978,24.665819113447952],[121.80034640635351,24.67484700945876],[121.81022645447858,24.67479403513029],[121.81016813839409,24.66576616103643],[121.80028880119978,24.665819113447952]]]},"properties":{"grid_id":"G040_049","綠地類型":"農地","中心經度":121.805257,"中心緯度":24.670307,"分析面積_km2":1.04,"2020面積_ha":29.34,"2024面積_ha":13.23,"面積減少率_pct":54.91,"2020斑塊數":9,"2024斑塊數":9,"斑塊數增加率_pct":0.0,"2020平均斑塊面積_ha":13.65,"2024平均斑塊面積_ha":3.3,"平均斑塊面積下降率_pct":75.82,"道路切割密度_km_per_km2":8.939,"建成區邊界切割密度_km_per_km2":2.336,"孤立小斑塊比例_pct":12.93,"距大型連續綠地平均距離_m":268.3,"score_面積減少":83.97291196388262,"score_斑塊增加":24.040632054176072,"score_平均斑塊縮小":69.07449209932281,"score_道路建成區切割":51.2979683972912,"score_孤立比例":70.20316027088036,"score_距大型綠地":73.36343115124153,"綜合破碎化分數":62.0,"破碎化等級":"高","判定原因":"面積減少54.9%；斑塊增加0.0%；平均斑塊縮小75.8%；道路密度8.94 km/km²；孤立比例12.9%；距大型綠地268m","2021面積_ha":31.95,"2022面積_ha":20.43,"2023面積_ha":17.55}},{"type":"Feature","geometry":{"type":"Polygon","coordinates":[[[121.82004744719366,24.665712559104538],[121.82010647419993,24.674740411012635],[121.82998646517136,24.674686137113202],[121.82992672725241,24.665658307659676],[121.82004744719366,24.665712559104538]]]},"properties":{"grid_id":"G040_051","綠地類型":"農地","中心經度":121.825017,"中心緯度":24.670199,"分析面積_km2":1.04,"2020面積_ha":6.03,"2024面積_ha":4.95,"面積減少率_pct":17.91,"2020斑塊數":3,"2024斑塊數":4,"斑塊數增加率_pct":33.33,"2020平均斑塊面積_ha":27.03,"2024平均斑塊面積_ha":10.238,"平均斑塊面積下降率_pct":62.13,"道路切割密度_km_per_km2":11.044,"建成區邊界切割密度_km_per_km2":0.894,"孤立小斑塊比例_pct":16.36,"距大型連續綠地平均距離_m":191.9,"score_面積減少":47.40406320541761,"score_斑塊增加":55.86907449209932,"score_平均斑塊縮小":55.75620767494357,"score_道路建成區切割":54.51467268623024,"score_孤立比例":74.2663656884876,"score_距大型綠地":70.42889390519187,"綜合破碎化分數":59.7,"破碎化等級":"高","判定原因":"面積減少17.9%；斑塊增加33.3%；平均斑塊縮小62.1%；道路密度11.04 km/km²；孤立比例16.4%；距大型綠地192m","2021面積_ha":9.72,"2022面積_ha":4.68,"2023面積_ha":5.22}},{"type":"Feature","geometry":{"type":"Polygon","coordinates":[[[121.6027400123102,24.675770029681754],[121.6027834182634,24.68479829665162],[121.61266467318062,24.6847583029826],[121.61262055579375,24.67573005255493],[121.6027400123102,24.675770029681754]]]},"properties":{"grid_id":"G041_029","綠地類型":"農地","中心經度":121.607702,"中心緯度":24.680264,"分析面積_km2":1.04,"2020面積_ha":5.4,"2024面積_ha":0.27,"面積減少率_pct":95.0,"2020斑塊數":1,"2024斑塊數":1,"斑塊數增加率_pct":0.0,"2020平均斑塊面積_ha":11.07,"2024平均斑塊面積_ha":0.27,"平均斑塊面積下降率_pct":97.56,"道路切割密度_km_per_km2":6.373,"建成區邊界切割密度_km_per_km2":0.0,"孤立小斑塊比例_pct":100.0,"距大型連續綠地平均距離_m":727.4,"score_面積減少":94.01805869074492,"score_斑塊增加":24.040632054176072,"score_平均斑塊縮小":88.93905191873588,"score_道路建成區切割":16.478555304740407,"score_孤立比例":93.56659142212189,"score_距大型綠地":86.00451467268623,"綜合破碎化分數":67.2,"破碎化等級":"高","判定原因":"面積減少95.0%；斑塊增加0.0%；平均斑塊縮小97.6%；道路密度6.37 km/km²；孤立比例100.0%；距大型綠地727m","2021面積_ha":4.5,"2022面積_ha":1.44,"2023面積_ha":0.9}},{"type":"Feature","geometry":{"type":"Polygon","coordinates":[[[121.61262055579375,24.67573005255493],[121.61266467318062,24.6847583029826],[121.62254590661297,24.684717659126136],[121.6225010777992,24.675689425509574],[121.61262055579375,24.67573005255493]]]},"properties":{"grid_id":"G041_030","綠地類型":"農地","中心經度":121.617583,"中心緯度":24.680224,"分析面積_km2":1.04,"2020面積_ha":5.4,"2024面積_ha":2.34,"面積減少率_pct":56.67,"2020斑塊數":2,"2024斑塊數":8,"斑塊數增加率_pct":300.0,"2020平均斑塊面積_ha":1292.895,"2024平均斑塊面積_ha":0.326,"平均斑塊面積下降率_pct":99.97,"道路切割密度_km_per_km2":3.864,"建成區邊界切割密度_km_per_km2":0.0,"孤立小斑塊比例_pct":100.0,"距大型連續綠地平均距離_m":415.3,"score_面積減少":84.65011286681715,"score_斑塊增加":95.93679458239278,"score_平均斑塊縮小":94.80812641083521,"score_道路建成區切割":8.521444695259593,"score_孤立比例":93.56659142212189,"score_距大型綠地":78.3295711060948,"綜合破碎化分數":76.0,"破碎化等級":"高","判定原因":"面積減少56.7%；斑塊增加300.0%；平均斑塊縮小100.0%；道路密度3.86 km/km²；孤立比例100.0%；距大型綠地415m","2021面積_ha":17.01,"2022面積_ha":4.77,"2023面積_ha":3.6}},{"type":"Feature","geometry":{"type":"Polygon","coordinates":[[[121.68178373939791,24.675432015268832],[121.68183283662425,24.68446014237155],[121.69171390996242,24.68441494736518],[121.6916641013598,24.67538683895595],[121.68178373939791,24.675432015268832]]]},"properties":{"grid_id":"G041_037","綠地類型":"農地","中心經度":121.686749,"中心緯度":24.679924,"分析面積_km2":1.04,"2020面積_ha":69.84,"2024面積_ha":53.82,"面積減少率_pct":22.94,"2020斑塊數":1,"2024斑塊數":6,"斑塊數增加率_pct":500.0,"2020平均斑塊面積_ha":2574.72,"2024平均斑塊面積_ha":282.15,"平均斑塊面積下降率_pct":89.04,"道路切割密度_km_per_km2":12.284,"建成區邊界切割密度_km_per_km2":6.863,"孤立小斑塊比例_pct":3.51,"距大型連續綠地平均距離_m":40.5,"score_面積減少":56.43340857787811,"score_斑塊增加":98.53273137697516,"score_平均斑塊縮小":83.29571106094808,"score_道路建成區切割":90.40632054176072,"score_孤立比例":51.580135440180584,"score_距大型綠地":52.595936794582386,"綜合破碎化分數":72.1,"破碎化等級":"高","判定原因":"面積減少22.9%；斑塊增加500.0%；平均斑塊縮小89.0%；道路密度12.28 km/km²；孤立比例3.5%；距大型綠地40m","2021面積_ha":72.09,"2022面積_ha":47.7,"2023面積_ha":62.91}},{"type":"Feature","geometry":{"type":"Polygon","coordinates":[[[121.70154443907312,24.67534101277196],[121.70159495904434,24.68436910221882],[121.7114759835236,24.68432260693878],[121.71142475219159,24.675294536723186],[121.70154443907312,24.67534101277196]]]},"properties":{"grid_id":"G041_039","綠地類型":"農地","中心經度":121.70651,"中心緯度":24.679832,"分析面積_km2":1.04,"2020面積_ha":44.82,"2024面積_ha":15.66,"面積減少率_pct":65.06,"2020斑塊數":8,"2024斑塊數":12,"斑塊數增加率_pct":50.0,"2020平均斑塊面積_ha":327.116,"2024平均斑塊面積_ha":1.845,"平均斑塊面積下降率_pct":99.44,"道路切割密度_km_per_km2":12.889,"建成區邊界切割密度_km_per_km2":3.46,"孤立小斑塊比例_pct":35.06,"距大型連續綠地平均距離_m":345.8,"score_面積減少":87.3589164785553,"score_斑塊增加":62.75395033860045,"score_平均斑塊縮小":93.22799097065463,"score_道路建成區切割":78.32957110609482,"score_孤立比例":81.941309255079,"score_距大型綠地":76.2979683972912,"綜合破碎化分數":80.0,"破碎化等級":"高","判定原因":"面積減少65.1%；斑塊增加50.0%；平均斑塊縮小99.4%；道路密度12.89 km/km²；孤立比例35.1%；距大型綠地346m","2021面積_ha":38.79,"2022面積_ha":13.86,"2023面積_ha":22.95}},{"type":"Feature","geometry":{"type":"Polygon","coordinates":[[[121.71142475219159,24.675294536723186],[121.7114759835236,24.68432260693878],[121.72135698305381,24.68427546153151],[121.72130504036888,24.675247410816066],[121.71142475219159,24.675294536723186]]]},"properties":{"grid_id":"G041_040","綠地類型":"農地","中心經度":121.716391,"中心緯度":24.679785,"分析面積_km2":1.04,"2020面積_ha":27.36,"2024面積_ha":17.37,"面積減少率_pct":36.51,"2020斑塊數":11,"2024斑塊數":12,"斑塊數增加率_pct":9.09,"2020平均斑塊面積_ha":237.526,"2024平均斑塊面積_ha":131.722,"平均斑塊面積下降率_pct":44.54,"道路切割密度_km_per_km2":12.659,"建成區邊界切割密度_km_per_km2":3.893,"孤立小斑塊比例_pct":18.65,"距大型連續綠地平均距離_m":147.7,"score_面積減少":71.55756207674943,"score_斑塊增加":48.081264108352144,"score_平均斑塊縮小":37.92325056433409,"score_道路建成區切割":79.28893905191873,"score_孤立比例":76.07223476297969,"score_距大型綠地":67.04288939051919,"綜合破碎化分數":63.3,"破碎化等級":"高","判定原因":"面積減少36.5%；斑塊增加9.1%；平均斑塊縮小44.5%；道路密度12.66 km/km²；孤立比例18.6%；距大型綠地148m","2021面積_ha":29.61,"2022面積_ha":6.3,"2023面積_ha":15.75}},{"type":"Feature","geometry":{"type":"Polygon","coordinates":[[[121.72130504036888,24.675247410816066],[121.72135698305381,24.68427546153151],[121.73123795728861,24.684227666003512],[121.73118530325873,24.675199635057105],[121.72130504036888,24.675247410816066]]]},"properties":{"grid_id":"G041_041","綠地類型":"農地","中心經度":121.726271,"中心緯度":24.679738,"分析面積_km2":1.04,"2020面積_ha":36.99,"2024面積_ha":30.33,"面積減少率_pct":18.0,"2020斑塊數":9,"2024斑塊數":13,"斑塊數增加率_pct":44.44,"2020平均斑塊面積_ha":8.17,"2024平均斑塊面積_ha":5.435,"平均斑塊面積下降率_pct":33.48,"道路切割密度_km_per_km2":12.284,"建成區邊界切割密度_km_per_km2":4.758,"孤立小斑塊比例_pct":21.36,"距大型連續綠地平均距離_m":69.7,"score_面積減少":47.629796839729124,"score_斑塊增加":59.932279909706544,"score_平均斑塊縮小":28.66817155756208,"score_道路建成區切割":82.84424379232506,"score_孤立比例":78.78103837471784,"score_距大型綠地":58.91647855530474,"綜合破碎化分數":59.5,"破碎化等級":"高","判定原因":"面積減少18.0%；斑塊增加44.4%；平均斑塊縮小33.5%；道路密度12.28 km/km²；孤立比例21.4%；距大型綠地70m","2021面積_ha":34.11,"2022面積_ha":11.61,"2023面積_ha":26.37}},{"type":"Feature","geometry":{"type":"Polygon","coordinates":[[[121.73118530325873,24.675199635057105],[121.73123795728861,24.684227666003512],[121.74111890588159,24.68417922036139],[121.74106554051491,24.675151209452906],[121.73118530325873,24.675199635057105]]]},"properties":{"grid_id":"G041_042","綠地類型":"農地","中心經度":121.736152,"中心緯度":24.67969,"分析面積_km2":1.04,"2020面積_ha":28.53,"2024面積_ha":14.85,"面積減少率_pct":47.95,"2020斑塊數":8,"2024斑塊數":11,"斑塊數增加率_pct":37.5,"2020平均斑塊面積_ha":7.65,"2024平均斑塊面積_ha":2.307,"平均斑塊面積下降率_pct":69.84,"道路切割密度_km_per_km2":11.073,"建成區邊界切割密度_km_per_km2":3.23,"孤立小斑塊比例_pct":44.24,"距大型連續綠地平均距離_m":127.2,"score_面積減少":79.68397291196389,"score_斑塊增加":57.90067720090294,"score_平均斑塊縮小":62.07674943566591,"score_道路建成區切割":68.39729119638827,"score_孤立比例":84.19864559819413,"score_距大型綠地":65.68848758465012,"綜合破碎化分數":69.7,"破碎化等級":"高","判定原因":"面積減少48.0%；斑塊增加37.5%；平均斑塊縮小69.8%；道路密度11.07 km/km²；孤立比例44.2%；距大型綠地127m","2021面積_ha":23.49,"2022面積_ha":3.69,"2023面積_ha":10.62}},{"type":"Feature","geometry":{"type":"Polygon","coordinates":[[[121.7509457517911,24.67510213401016],[121.7509998284864,24.684130124611848],[121.76088072475663,24.684080378761657],[121.76082593674106,24.675052408735656],[121.7509457517911,24.67510213401016]]]},"properties":{"grid_id":"G041_044","綠地類型":"農地","中心經度":121.755913,"中心緯度":24.679591,"分析面積_km2":1.04,"2020面積_ha":1.35,"2024面積_ha":0.09,"面積減少率_pct":93.33,"2020斑塊數":5,"2024斑塊數":1,"斑塊數增加率_pct":0.0,"2020平均斑塊面積_ha":0.27,"2024平均斑塊面積_ha":0.09,"平均斑塊面積下降率_pct":66.67,"道路切割密度_km_per_km2":18.051,"建成區邊界切割密度_km_per_km2":0.029,"孤立小斑塊比例_pct":100.0,"距大型連續綠地平均距離_m":1972.3,"score_面積減少":93.67945823927766,"score_斑塊增加":24.040632054176072,"score_平均斑塊縮小":59.59367945823928,"score_道路建成區切割":55.86907449209932,"score_孤立比例":93.56659142212189,"score_距大型綠地":95.48532731376976,"綜合破碎化分數":70.4,"破碎化等級":"高","判定原因":"面積減少93.3%；斑塊增加0.0%；平均斑塊縮小66.7%；道路密度18.05 km/km²；孤立比例100.0%；距大型綠地1972m","2021面積_ha":0.27,"2022面積_ha":0.0,"2023面積_ha":0.18}},{"type":"Feature","geometry":{"type":"Polygon","coordinates":[[[121.76082593674106,24.675052408735656],[121.76088072475663,24.684080378761657],[121.77076159434594,24.684029982817705],[121.77070609501854,24.675002033636254],[121.76082593674106,24.675052408735656]]]},"properties":{"grid_id":"G041_045","綠地類型":"農地","中心經度":121.765794,"中心緯度":24.679541,"分析面積_km2":1.04,"2020面積_ha":0.9,"2024面積_ha":0.27,"面積減少率_pct":70.0,"2020斑塊數":1,"2024斑塊數":1,"斑塊數增加率_pct":0.0,"2020平均斑塊面積_ha":15.75,"2024平均斑塊面積_ha":0.99,"平均斑塊面積下降率_pct":93.71,"道路切割密度_km_per_km2":24.02,"建成區邊界切割密度_km_per_km2":0.058,"孤立小斑塊比例_pct":100.0,"距大型連續綠地平均距離_m":1103.1,"score_面積減少":88.03611738148985,"score_斑塊增加":24.040632054176072,"score_平均斑塊縮小":86.23024830699775,"score_道路建成區切割":58.01354401805869,"score_孤立比例":93.56659142212189,"score_距大型綠地":89.61625282167043,"綜合破碎化分數":73.3,"破碎化等級":"高","判定原因":"面積減少70.0%；斑塊增加0.0%；平均斑塊縮小93.7%；道路密度24.02 km/km²；孤立比例100.0%；距大型綠地1103m","2021面積_ha":0.9,"2022面積_ha":0.0,"2023面積_ha":0.09}},{"type":"Feature","geometry":{"type":"Polygon","coordinates":[[[121.77070609501854,24.675002033636254],[121.77076159434594,24.684029982817705],[121.78064243690794,24.68397893678695],[121.78058622627726,24.67495100871892],[121.77070609501854,24.675002033636254]]]},"properties":{"grid_id":"G041_046","綠地類型":"農地","中心經度":121.775674,"中心緯度":24.679491,"分析面積_km2":1.04,"2020面積_ha":4.77,"2024面積_ha":2.25,"面積減少率_pct":52.83,"2020斑塊數":3,"2024斑塊數":4,"斑塊數增加率_pct":33.33,"2020平均斑塊面積_ha":17.4,"2024平均斑塊面積_ha":5.58,"平均斑塊面積下降率_pct":67.93,"道路切割密度_km_per_km2":18.108,"建成區邊界切割密度_km_per_km2":0.433,"孤立小斑塊比例_pct":36.0,"距大型連續綠地平均距離_m":321.4,"score_面積減少":83.06997742663657,"score_斑塊增加":55.86907449209932,"score_平均斑塊縮小":61.39954853273137,"score_道路建成區切割":64.61625282167043,"score_孤立比例":82.39277652370203,"score_距大型綠地":75.62076749435666,"綜合破碎化分數":70.5,"破碎化等級":"高","判定原因":"面積減少52.8%；斑塊增加33.3%；平均斑塊縮小67.9%；道路密度18.11 km/km²；孤立比例36.0%；距大型綠地321m","2021面積_ha":4.59,"2022面積_ha":3.15,"2023面積_ha":3.24}},{"type":"Feature","geometry":{"type":"Polygon","coordinates":[[[121.78058622627726,24.67495100871892],[121.78064243690794,24.68397893678695],[121.79052325209632,24.68392724067645],[121.790466330171,24.674899333990705],[121.78058622627726,24.67495100871892]]]},"properties":{"grid_id":"G041_047","綠地類型":"農地","中心經度":121.785555,"中心緯度":24.679439,"分析面積_km2":1.04,"2020面積_ha":36.63,"2024面積_ha":26.91,"面積減少率_pct":26.54,"2020斑塊數":9,"2024斑塊數":13,"斑塊數增加率_pct":44.44,"2020平均斑塊面積_ha":10.83,"2024平均斑塊面積_ha":5.047,"平均斑塊面積下降率_pct":53.4,"道路切割密度_km_per_km2":11.995,"建成區邊界切割密度_km_per_km2":4.268,"孤立小斑塊比例_pct":9.36,"距大型連續綠地平均距離_m":278.4,"score_面積減少":59.81941309255079,"score_斑塊增加":59.932279909706544,"score_平均斑塊縮小":48.081264108352144,"score_道路建成區切割":77.313769751693,"score_孤立比例":65.68848758465012,"score_距大型綠地":73.81489841986456,"綜合破碎化分數":64.1,"破碎化等級":"高","判定原因":"面積減少26.5%；斑塊增加44.4%；平均斑塊縮小53.4%；道路密度11.99 km/km²；孤立比例9.4%；距大型綠地278m","2021面積_ha":49.5,"2022面積_ha":24.3,"2023面積_ha":23.58}},{"type":"Feature","geometry":{"type":"Polygon","coordinates":[[[121.64230830763725,24.684634420873373],[121.64235458180816,24.693662609125717],[121.65223646045953,24.69361999712061],[121.65218947453634,24.68459182648859],[121.64230830763725,24.684634420873373]]]},"properties":{"grid_id":"G042_033","綠地類型":"農地","中心經度":121.647272,"中心緯度":24.689127,"分析面積_km2":1.04,"2020面積_ha":73.08,"2024面積_ha":58.59,"面積減少率_pct":19.83,"2020斑塊數":2,"2024斑塊數":7,"斑塊數增加率_pct":250.0,"2020平均斑塊面積_ha":1287.405,"2024平均斑塊面積_ha":221.709,"平均斑塊面積下降率_pct":82.78,"道路切割密度_km_per_km2":3.604,"建成區邊界切割密度_km_per_km2":2.71,"孤立小斑塊比例_pct":3.38,"距大型連續綠地平均距離_m":6.1,"score_面積減少":51.0158013544018,"score_斑塊增加":94.69525959367945,"score_平均斑塊縮小":75.84650112866818,"score_道路建成區切割":35.55304740406321,"score_孤立比例":50.45146726862303,"score_距大型綠地":32.27990970654628,"綜合破碎化分數":56.6,"破碎化等級":"高","判定原因":"面積減少19.8%；斑塊增加250.0%；平均斑塊縮小82.8%；道路密度3.60 km/km²；孤立比例3.4%；距大型綠地6m","2021面積_ha":68.13,"2022面積_ha":44.91,"2023面積_ha":60.48}},{"type":"Feature","geometry":{"type":"Polygon","coordinates":[[[121.66207061856478,24.684548581939357],[121.66211831623305,24.69357673468211],[121.67200014878219,24.69353282181619],[121.67195173937624,24.68450468723165],[121.66207061856478,24.684548581939357]]]},"properties":{"grid_id":"G042_035","綠地類型":"農地","中心經度":121.667035,"中心緯度":24.689041,"分析面積_km2":1.04,"2020面積_ha":71.37,"2024面積_ha":48.78,"面積減少率_pct":31.65,"2020斑塊數":2,"2024斑塊數":6,"斑塊數增加率_pct":200.0,"2020平均斑塊面積_ha":1287.945,"2024平均斑塊面積_ha":258.72,"平均斑塊面積下降率_pct":79.91,"道路切割密度_km_per_km2":9.977,"建成區邊界切割密度_km_per_km2":5.998,"孤立小斑塊比例_pct":3.87,"距大型連續綠地平均距離_m":11.2,"score_面積減少":65.46275395033861,"score_斑塊增加":91.7607223476298,"score_平均斑塊縮小":72.91196388261851,"score_道路建成區切割":75.95936794582393,"score_孤立比例":53.49887133182845,"score_距大型綠地":38.82618510158014,"綜合破碎化分數":66.4,"破碎化等級":"高","判定原因":"面積減少31.6%；斑塊增加200.0%；平均斑塊縮小79.9%；道路密度9.98 km/km²；孤立比例3.9%；距大型綠地11m","2021面積_ha":67.14,"2022面積_ha":49.86,"2023面積_ha":49.68}},{"type":"Feature","geometry":{"type":"Polygon","coordinates":[[[121.72135698305381,24.68427546153151],[121.7214089510342,24.69330350129094],[121.7312906369603,24.69325568599114],[121.73123795728861,24.684227666003512],[121.72135698305381,24.68427546153151]]]},"properties":{"grid_id":"G042_041","綠地類型":"農地","中心經度":121.726324,"中心緯度":24.688766,"分析面積_km2":1.04,"2020面積_ha":25.29,"2024面積_ha":13.59,"面積減少率_pct":46.26,"2020斑塊數":10,"2024斑塊數":8,"斑塊數增加率_pct":0.0,"2020平均斑塊面積_ha":7.119,"2024平均斑塊面積_ha":3.217,"平均斑塊面積下降率_pct":54.8,"道路切割密度_km_per_km2":11.967,"建成區邊界切割密度_km_per_km2":2.336,"孤立小斑塊比例_pct":37.09,"距大型連續綠地平均距離_m":185.4,"score_面積減少":79.23250564334086,"score_斑塊增加":24.040632054176072,"score_平均斑塊縮小":50.112866817155755,"score_道路建成區切割":67.32505643340858,"score_孤立比例":82.61851015801355,"score_距大型綠地":69.97742663656885,"綜合破碎化分數":62.2,"破碎化等級":"高","判定原因":"面積減少46.3%；斑塊增加0.0%；平均斑塊縮小54.8%；道路密度11.97 km/km²；孤立比例37.1%；距大型綠地185m","2021面積_ha":24.39,"2022面積_ha":7.2,"2023面積_ha":16.83}},{"type":"Feature","geometry":{"type":"Polygon","coordinates":[[[121.73123795728861,24.684227666003512],[121.7312906369603,24.69325568599114],[121.74117229723649,24.69320722030829],[121.74111890588159,24.68417922036139],[121.73123795728861,24.684227666003512]]]},"properties":{"grid_id":"G042_042","綠地類型":"農地","中心經度":121.736205,"中心緯度":24.688718,"分析面積_km2":1.04,"2020面積_ha":31.23,"2024面積_ha":5.31,"面積減少率_pct":83.0,"2020斑塊數":4,"2024斑塊數":9,"斑塊數增加率_pct":125.0,"2020平均斑塊面積_ha":10.553,"2024平均斑塊面積_ha":0.61,"平均斑塊面積下降率_pct":94.22,"道路切割密度_km_per_km2":12.457,"建成區邊界切割密度_km_per_km2":1.557,"孤立小斑塊比例_pct":61.02,"距大型連續綠地平均距離_m":760.5,"score_面積減少":91.64785553047405,"score_斑塊增加":86.23024830699775,"score_平均斑塊縮小":86.45598194130926,"score_道路建成區切割":65.63205417607224,"score_孤立比例":85.55304740406321,"score_距大型綠地":86.45598194130926,"綜合破碎化分數":83.7,"破碎化等級":"高","判定原因":"面積減少83.0%；斑塊增加125.0%；平均斑塊縮小94.2%；道路密度12.46 km/km²；孤立比例61.0%；距大型綠地760m","2021面積_ha":23.94,"2022面積_ha":0.45,"2023面積_ha":11.25}},{"type":"Feature","geometry":{"type":"Polygon","coordinates":[[[121.74111890588159,24.68417922036139],[121.74117229723649,24.69320722030829],[121.75105393151625,24.6931581042491],[121.7509998284864,24.684130124611848],[121.74111890588159,24.68417922036139]]]},"properties":{"grid_id":"G042_043","綠地類型":"農地","中心經度":121.746086,"中心緯度":24.688669,"分析面積_km2":1.04,"2020面積_ha":21.78,"2024面積_ha":9.36,"面積減少率_pct":57.02,"2020斑塊數":10,"2024斑塊數":7,"斑塊數增加率_pct":0.0,"2020平均斑塊面積_ha":5.193,"2024平均斑塊面積_ha":1.826,"平均斑塊面積下降率_pct":64.84,"道路切割密度_km_per_km2":8.737,"建成區邊界切割密度_km_per_km2":1.759,"孤立小斑塊比例_pct":17.31,"距大型連續綠地平均距離_m":1476.8,"score_面積減少":84.87584650112868,"score_斑塊增加":24.040632054176072,"score_平均斑塊縮小":58.239277652370205,"score_道路建成區切割":46.839729119638825,"score_孤立比例":74.7178329571106,"score_距大型綠地":93.90519187358916,"綜合破碎化分數":63.8,"破碎化等級":"高","判定原因":"面積減少57.0%；斑塊增加0.0%；平均斑塊縮小64.8%；道路密度8.74 km/km²；孤立比例17.3%；距大型綠地1477m","2021面積_ha":20.34,"2022面積_ha":5.4,"2023面積_ha":10.35}},{"type":"Feature","geometry":{"type":"Polygon","coordinates":[[[121.7509998284864,24.684130124611848],[121.75105393151625,24.6931581042491],[121.7609355394531,24.693108337820355],[121.76088072475663,24.684080378761657],[121.7509998284864,24.684130124611848]]]},"properties":{"grid_id":"G042_044","綠地類型":"農地","中心經度":121.755968,"中心緯度":24.688619,"分析面積_km2":1.04,"2020面積_ha":9.45,"2024面積_ha":2.7,"面積減少率_pct":71.43,"2020斑塊數":11,"2024斑塊數":5,"斑塊數增加率_pct":0.0,"2020平均斑塊面積_ha":1.677,"2024平均斑塊面積_ha":0.774,"平均斑塊面積下降率_pct":53.85,"道路切割密度_km_per_km2":12.601,"建成區邊界切割密度_km_per_km2":0.404,"孤立小斑塊比例_pct":100.0,"距大型連續綠地平均距離_m":1303.4,"score_面積減少":88.93905191873588,"score_斑塊增加":24.040632054176072,"score_平均斑塊縮小":48.75846501128668,"score_道路建成區切割":56.99774266365689,"score_孤立比例":93.56659142212189,"score_距大型綠地":92.55079006772009,"綜合破碎化分數":67.5,"破碎化等級":"高","判定原因":"面積減少71.4%；斑塊增加0.0%；平均斑塊縮小53.9%；道路密度12.60 km/km²；孤立比例100.0%；距大型綠地1303m","2021面積_ha":9.63,"2022面積_ha":0.9,"2023面積_ha":2.52}},{"type":"Feature","geometry":{"type":"Polygon","coordinates":[[[121.76088072475663,24.684080378761657],[121.7609355394531,24.693108337820355],[121.77081712070061,24.693057921028934],[121.77076159434594,24.684029982817705],[121.76088072475663,24.684080378761657]]]},"properties":{"grid_id":"G042_045","綠地類型":"農地","中心經度":121.765849,"中心緯度":24.688569,"分析面積_km2":1.04,"2020面積_ha":10.98,"2024面積_ha":2.43,"面積減少率_pct":77.87,"2020斑塊數":5,"2024斑塊數":7,"斑塊數增加率_pct":40.0,"2020平均斑塊面積_ha":3.69,"2024平均斑塊面積_ha":0.579,"平均斑塊面積下降率_pct":84.32,"道路切割密度_km_per_km2":17.532,"建成區邊界切割密度_km_per_km2":0.519,"孤立小斑塊比例_pct":100.0,"距大型連續綠地平均距離_m":770.9,"score_面積減少":90.51918735891647,"score_斑塊增加":58.80361173814899,"score_平均斑塊縮小":78.78103837471784,"score_道路建成區切割":65.51918735891648,"score_孤立比例":93.56659142212189,"score_距大型綠地":86.68171557562077,"綜合破碎化分數":79.0,"破碎化等級":"高","判定原因":"面積減少77.9%；斑塊增加40.0%；平均斑塊縮小84.3%；道路密度17.53 km/km²；孤立比例100.0%；距大型綠地771m","2021面積_ha":10.71,"2022面積_ha":1.08,"2023面積_ha":2.07}},{"type":"Feature","geometry":{"type":"Polygon","coordinates":[[[121.79052325209632,24.68392724067645],[121.79058020174163,24.692955136386026],[121.80046170084222,24.692902768548745],[121.8004040395647,24.683874894493346],[121.79052325209632,24.68392724067645]]]},"properties":{"grid_id":"G042_048","綠地類型":"農地","中心經度":121.795492,"中心緯度":24.688415,"分析面積_km2":1.04,"2020面積_ha":1.89,"2024面積_ha":0.18,"面積減少率_pct":90.48,"2020斑塊數":1,"2024斑塊數":1,"斑塊數增加率_pct":0.0,"2020平均斑塊面積_ha":1.89,"2024平均斑塊面積_ha":0.18,"平均斑塊面積下降率_pct":90.48,"道路切割密度_km_per_km2":14.591,"建成區邊界切割密度_km_per_km2":0.058,"孤立小斑塊比例_pct":100.0,"距大型連續綠地平均距離_m":525.1,"score_面積減少":92.7765237020316,"score_斑塊增加":24.040632054176072,"score_平均斑塊縮小":84.42437923250564,"score_道路建成區切割":54.74040632054176,"score_孤立比例":93.56659142212189,"score_距大型綠地":82.27990970654628,"綜合破碎化分數":72.0,"破碎化等級":"高","判定原因":"面積減少90.5%；斑塊增加0.0%；平均斑塊縮小90.5%；道路密度14.59 km/km²；孤立比例100.0%；距大型綠地525m","2021面積_ha":2.16,"2022面積_ha":0.0,"2023面積_ha":0.0}},{"type":"Feature","geometry":{"type":"Polygon","coordinates":[[[121.65223646045953,24.69361999712061],[121.65228346926058,24.702648156811975],[121.66216603712567,24.7026048764817],[121.66211831623305,24.69357673468211],[121.65223646045953,24.69361999712061]]]},"properties":{"grid_id":"G043_034","綠地類型":"農地","中心經度":121.657201,"中心緯度":24.698113,"分析面積_km2":1.04,"2020面積_ha":21.69,"2024面積_ha":9.27,"面積減少率_pct":57.26,"2020斑塊數":2,"2024斑塊數":5,"斑塊數增加率_pct":150.0,"2020平均斑塊面積_ha":1287.405,"2024平均斑塊面積_ha":311.13,"平均斑塊面積下降率_pct":75.83,"道路切割密度_km_per_km2":1.874,"建成區邊界切割密度_km_per_km2":0.692,"孤立小斑塊比例_pct":8.74,"距大型連續綠地平均距離_m":172.3,"score_面積減少":85.10158013544017,"score_斑塊增加":88.48758465011286,"score_平均斑塊縮小":69.3002257336343,"score_道路建成區切割":20.146726862302483,"score_孤立比例":64.55981941309255,"score_距大型綠地":69.07449209932281,"綜合破碎化分數":66.1,"破碎化等級":"高","判定原因":"面積減少57.3%；斑塊增加150.0%；平均斑塊縮小75.8%；道路密度1.87 km/km²；孤立比例8.7%；距大型綠地172m","2021面積_ha":16.11,"2022面積_ha":3.78,"2023面積_ha":12.87}},{"type":"Feature","geometry":{"type":"Polygon","coordinates":[[[121.71152723980465,24.6933506662011],[121.71157852104265,24.702378714507166],[121.721460944318,24.702331530091403],[121.7214089510342,24.69330350129094],[121.71152723980465,24.6933506662011]]]},"properties":{"grid_id":"G043_040","綠地類型":"農地","中心經度":121.716494,"中心緯度":24.697841,"分析面積_km2":1.04,"2020面積_ha":65.43,"2024面積_ha":28.44,"面積減少率_pct":56.53,"2020斑塊數":4,"2024斑塊數":13,"斑塊數增加率_pct":225.0,"2020平均斑塊面積_ha":648.27,"2024平均斑塊面積_ha":124.338,"平均斑塊面積下降率_pct":80.82,"道路切割密度_km_per_km2":9.977,"建成區邊界切割密度_km_per_km2":3.749,"孤立小斑塊比例_pct":14.56,"距大型連續綠地平均距離_m":61.1,"score_面積減少":84.42437923250564,"score_斑塊增加":93.90519187358916,"score_平均斑塊縮小":74.2663656884876,"score_道路建成區切割":64.50338600451467,"score_孤立比例":72.91196388261851,"score_距大型綠地":57.78781038374717,"綜合破碎化分數":74.6,"破碎化等級":"高","判定原因":"面積減少56.5%；斑塊增加225.0%；平均斑塊縮小80.8%；道路密度9.98 km/km²；孤立比例14.6%；距大型綠地61m","2021面積_ha":65.43,"2022面積_ha":35.37,"2023面積_ha":46.71}},{"type":"Feature","geometry":{"type":"Polygon","coordinates":[[[121.7214089510342,24.69330350129094],[121.721460944318,24.702331530091403],[121.7313433422819,24.70228369501702],[121.7312906369603,24.69325568599114],[121.7214089510342,24.69330350129094]]]},"properties":{"grid_id":"G043_041","綠地類型":"農地","中心經度":121.726376,"中心緯度":24.697794,"分析面積_km2":1.04,"2020面積_ha":54.36,"2024面積_ha":38.07,"面積減少率_pct":29.97,"2020斑塊數":2,"2024斑塊數":7,"斑塊數增加率_pct":250.0,"2020平均斑塊面積_ha":1296.135,"2024平均斑塊面積_ha":9.386,"平均斑塊面積下降率_pct":99.28,"道路切割密度_km_per_km2":12.486,"建成區邊界切割密度_km_per_km2":4.498,"孤立小斑塊比例_pct":1.65,"距大型連續綠地平均距離_m":3.9,"score_面積減少":65.01128668171557,"score_斑塊增加":94.69525959367945,"score_平均斑塊縮小":92.55079006772009,"score_道路建成區切割":81.99774266365688,"score_孤立比例":41.760722347629795,"score_距大型綠地":30.135440180586908,"綜合破碎化分數":67.7,"破碎化等級":"高","判定原因":"面積減少30.0%；斑塊增加250.0%；平均斑塊縮小99.3%；道路密度12.49 km/km²；孤立比例1.6%；距大型綠地4m","2021面積_ha":45.0,"2022面積_ha":33.3,"2023面積_ha":44.28}},{"type":"Feature","geometry":{"type":"Polygon","coordinates":[[[121.7312906369603,24.69325568599114],[121.7313433422819,24.70228369501702],[121.74122571458778,24.70223520929064],[121.74117229723649,24.69320722030829],[121.7312906369603,24.69325568599114]]]},"properties":{"grid_id":"G043_042","綠地類型":"農地","中心經度":121.736258,"中心緯度":24.697746,"分析面積_km2":1.04,"2020面積_ha":12.51,"2024面積_ha":4.32,"面積減少率_pct":65.47,"2020斑塊數":6,"2024斑塊數":7,"斑塊數增加率_pct":16.67,"2020平均斑塊面積_ha":431.61,"2024平均斑塊面積_ha":7.11,"平均斑塊面積下降率_pct":98.35,"道路切割密度_km_per_km2":13.552,"建成區邊界切割密度_km_per_km2":0.75,"孤立小斑塊比例_pct":31.25,"距大型連續綠地平均距離_m":208.1,"score_面積減少":87.58465011286681,"score_斑塊增加":49.43566591422122,"score_平均斑塊縮小":90.51918735891647,"score_道路建成區切割":64.39051918735892,"score_孤立比例":81.03837471783297,"score_距大型綠地":71.78329571106094,"綜合破碎化分數":74.1,"破碎化等級":"高","判定原因":"面積減少65.5%；斑塊增加16.7%；平均斑塊縮小98.3%；道路密度13.55 km/km²；孤立比例31.2%；距大型綠地208m","2021面積_ha":11.97,"2022面積_ha":1.71,"2023面積_ha":4.23}},{"type":"Feature","geometry":{"type":"Polygon","coordinates":[[[121.74117229723649,24.69320722030829],[121.74122571458778,24.70223520929064],[121.75110806088898,24.702186072918966],[121.75105393151625,24.6931581042491],[121.74117229723649,24.69320722030829]]]},"properties":{"grid_id":"G043_043","綠地類型":"農地","中心經度":121.74614,"中心緯度":24.697697,"分析面積_km2":1.04,"2020面積_ha":24.12,"2024面積_ha":7.2,"面積減少率_pct":70.15,"2020斑塊數":5,"2024斑塊數":4,"斑塊數增加率_pct":0.0,"2020平均斑塊面積_ha":10.152,"2024平均斑塊面積_ha":2.408,"平均斑塊面積下降率_pct":76.29,"道路切割密度_km_per_km2":12.313,"建成區邊界切割密度_km_per_km2":1.499,"孤立小斑塊比例_pct":10.0,"距大型連續綠地平均距離_m":1152.9,"score_面積減少":88.26185101580135,"score_斑塊增加":24.040632054176072,"score_平均斑塊縮小":69.52595936794582,"score_道路建成區切割":64.6726862302483,"score_孤立比例":66.93002257336343,"score_距大型綠地":90.51918735891647,"綜合破碎化分數":67.3,"破碎化等級":"高","判定原因":"面積減少70.2%；斑塊增加0.0%；平均斑塊縮小76.3%；道路密度12.31 km/km²；孤立比例10.0%；距大型綠地1153m","2021面積_ha":28.44,"2022面積_ha":10.26,"2023面積_ha":12.87}},{"type":"Feature","geometry":{"type":"Polygon","coordinates":[[[121.77081712070061,24.693057921028934],[121.77087267409115,24.70208584826697],[121.78075494029892,24.70203476000051],[121.78069867491227,24.693006853881805],[121.77081712070061,24.693057921028934]]]},"properties":{"grid_id":"G043_046","綠地類型":"農地","中心經度":121.775786,"中心緯度":24.697546,"分析面積_km2":1.04,"2020面積_ha":5.76,"2024面積_ha":0.45,"面積減少率_pct":92.19,"2020斑塊數":5,"2024斑塊數":1,"斑塊數增加率_pct":0.0,"2020平均斑塊面積_ha":1.152,"2024平均斑塊面積_ha":0.45,"平均斑塊面積下降率_pct":60.94,"道路切割密度_km_per_km2":11.39,"建成區邊界切割密度_km_per_km2":0.144,"孤立小斑塊比例_pct":100.0,"距大型連續綠地平均距離_m":578.9,"score_面積減少":93.22799097065463,"score_斑塊增加":24.040632054176072,"score_平均斑塊縮小":54.627539503386004,"score_道路建成區切割":46.3882618510158,"score_孤立比例":93.56659142212189,"score_距大型綠地":83.97291196388262,"綜合破碎化分數":66.0,"破碎化等級":"高","判定原因":"面積減少92.2%；斑塊增加0.0%；平均斑塊縮小60.9%；道路密度11.39 km/km²；孤立比例100.0%；距大型綠地579m","2021面積_ha":7.2,"2022面積_ha":0.72,"2023面積_ha":0.99}},{"type":"Feature","geometry":{"type":"Polygon","coordinates":[[[121.78069867491227,24.693006853881805],[121.78075494029892,24.70203476000051],[121.79063717911572,24.70198302111646],[121.79058020174163,24.692955136386026],[121.78069867491227,24.693006853881805]]]},"properties":{"grid_id":"G043_047","綠地類型":"農地","中心經度":121.785668,"中心緯度":24.697495,"分析面積_km2":1.04,"2020面積_ha":25.56,"2024面積_ha":7.38,"面積減少率_pct":71.13,"2020斑塊數":9,"2024斑塊數":5,"斑塊數增加率_pct":0.0,"2020平均斑塊面積_ha":3.87,"2024平均斑塊面積_ha":1.476,"平均斑塊面積下降率_pct":61.86,"道路切割密度_km_per_km2":12.197,"建成區邊界切割密度_km_per_km2":1.759,"孤立小斑塊比例_pct":64.63,"距大型連續綠地平均距離_m":537.2,"score_面積減少":88.71331828442437,"score_斑塊增加":24.040632054176072,"score_平均斑塊縮小":55.30474040632054,"score_道路建成區切割":65.63205417607223,"score_孤立比例":86.00451467268623,"score_距大型綠地":82.84424379232506,"綜合破碎化分數":67.1,"破碎化等級":"高","判定原因":"面積減少71.1%；斑塊增加0.0%；平均斑塊縮小61.9%；道路密度12.20 km/km²；孤立比例64.6%；距大型綠地537m","2021面積_ha":30.15,"2022面積_ha":4.68,"2023面積_ha":8.46}},{"type":"Feature","geometry":{"type":"Polygon","coordinates":[[[121.79058020174163,24.692955136386026],[121.79063717911572,24.70198302111646],[121.80051939019498,24.70193063162197],[121.80046170084222,24.692902768548745],[121.79058020174163,24.692955136386026]]]},"properties":{"grid_id":"G043_048","綠地類型":"農地","中心經度":121.79555,"中心緯度":24.697443,"分析面積_km2":1.04,"2020面積_ha":28.89,"2024面積_ha":19.35,"面積減少率_pct":33.02,"2020斑塊數":6,"2024斑塊數":5,"斑塊數增加率_pct":0.0,"2020平均斑塊面積_ha":68.07,"2024平均斑塊面積_ha":7.398,"平均斑塊面積下降率_pct":89.13,"道路切割密度_km_per_km2":13.178,"建成區邊界切割密度_km_per_km2":2.595,"孤立小斑塊比例_pct":13.49,"距大型連續綠地平均距離_m":53.2,"score_面積減少":67.72009029345372,"score_斑塊增加":24.040632054176072,"score_平均斑塊縮小":83.52144469525959,"score_道路建成區切割":75.28216704288938,"score_孤立比例":71.33182844243792,"score_距大型綠地":56.884875846501124,"綜合破碎化分數":63.1,"破碎化等級":"高","判定原因":"面積減少33.0%；斑塊增加0.0%；平均斑塊縮小89.1%；道路密度13.18 km/km²；孤立比例13.5%；距大型綠地53m","2021面積_ha":30.78,"2022面積_ha":18.45,"2023面積_ha":17.01}},{"type":"Feature","geometry":{"type":"Polygon","coordinates":[[[121.64240087851041,24.702690786439877],[121.64244719775111,24.711718952812866],[121.65233050094672,24.71167630555971],[121.65228346926058,24.702648156811975],[121.64240087851041,24.702690786439877]]]},"properties":{"grid_id":"G044_033","綠地類型":"農地","中心經度":121.647366,"中心緯度":24.707184,"分析面積_km2":1.04,"2020面積_ha":0.27,"2024面積_ha":1.17,"面積減少率_pct":0.0,"2020斑塊數":1,"2024斑塊數":5,"斑塊數增加率_pct":400.0,"2020平均斑塊面積_ha":0.27,"2024平均斑塊面積_ha":0.234,"平均斑塊面積下降率_pct":13.33,"道路切割密度_km_per_km2":5.94,"建成區邊界切割密度_km_per_km2":0.346,"孤立小斑塊比例_pct":100.0,"距大型連續綠地平均距離_m":1848.6,"score_面積減少":9.255079006772009,"score_斑塊增加":97.40406320541761,"score_平均斑塊縮小":22.573363431151243,"score_道路建成區切割":25.620767494356656,"score_孤立比例":93.56659142212189,"score_距大型綠地":95.25959367945825,"綜合破碎化分數":57.3,"破碎化等級":"高","判定原因":"面積減少0.0%；斑塊增加400.0%；平均斑塊縮小13.3%；道路密度5.94 km/km²；孤立比例100.0%；距大型綠地1849m","2021面積_ha":0.18,"2022面積_ha":0.36,"2023面積_ha":0.45}},{"type":"Feature","geometry":{"type":"Polygon","coordinates":[[[121.66216603712567,24.7026048764817],[121.66221378125002,24.711633007335156],[121.67209703831422,24.711589058145183],[121.67204858175901,24.702560945455026],[121.66216603712567,24.7026048764817]]]},"properties":{"grid_id":"G044_035","綠地類型":"農地","中心經度":121.667131,"中心緯度":24.707097,"分析面積_km2":1.04,"2020面積_ha":19.35,"2024面積_ha":0.18,"面積減少率_pct":99.07,"2020斑塊數":7,"2024斑塊數":2,"斑塊數增加率_pct":0.0,"2020平均斑塊面積_ha":3.639,"2024平均斑塊面積_ha":0.09,"平均斑塊面積下降率_pct":97.53,"道路切割密度_km_per_km2":3.72,"建成區邊界切割密度_km_per_km2":0.058,"孤立小斑塊比例_pct":100.0,"距大型連續綠地平均距離_m":1224.8,"score_面積減少":95.03386004514672,"score_斑塊增加":24.040632054176072,"score_平均斑塊縮小":88.71331828442437,"score_道路建成區切割":12.866817155756207,"score_孤立比例":93.56659142212189,"score_距大型綠地":91.42212189616254,"綜合破碎化分數":67.6,"破碎化等級":"高","判定原因":"面積減少99.1%；斑塊增加0.0%；平均斑塊縮小97.5%；道路密度3.72 km/km²；孤立比例100.0%；距大型綠地1225m","2021面積_ha":1.35,"2022面積_ha":0.18,"2023面積_ha":0.09}},{"type":"Feature","geometry":{"type":"Polygon","coordinates":[[[121.69181359994404,24.70247113133687],[121.69186348133843,24.71149920689339],[121.70174666660498,24.71145330484398],[121.70169607280246,24.702425248257807],[121.69181359994404,24.70247113133687]]]},"properties":{"grid_id":"G044_038","綠地類型":"農地","中心經度":121.69678,"中心緯度":24.706962,"分析面積_km2":1.04,"2020面積_ha":37.08,"2024面積_ha":21.6,"面積減少率_pct":41.75,"2020斑塊數":5,"2024斑塊數":11,"斑塊數增加率_pct":120.0,"2020平均斑塊面積_ha":526.662,"2024平均斑塊面積_ha":4.475,"平均斑塊面積下降率_pct":99.15,"道路切割密度_km_per_km2":6.632,"建成區邊界切割密度_km_per_km2":3.287,"孤立小斑塊比例_pct":15.83,"距大型連續綠地平均距離_m":42.0,"score_面積減少":75.39503386004515,"score_斑塊增加":85.55304740406321,"score_平均斑塊縮小":92.09932279909707,"score_道路建成區切割":48.30699774266366,"score_孤立比例":73.81489841986456,"score_距大型綠地":53.72460496613996,"綜合破碎化分數":71.5,"破碎化等級":"高","判定原因":"面積減少41.8%；斑塊增加120.0%；平均斑塊縮小99.2%；道路密度6.63 km/km²；孤立比例15.8%；距大型綠地42m","2021面積_ha":50.4,"2022面積_ha":16.29,"2023面積_ha":26.1}},{"type":"Feature","geometry":{"type":"Polygon","coordinates":[[[121.71157852104265,24.702378714507166],[121.71162982724549,24.711406751854007],[121.72151296291325,24.711359547929895],[121.721460944318,24.702331530091403],[121.71157852104265,24.702378714507166]]]},"properties":{"grid_id":"G044_040","綠地類型":"農地","中心經度":121.716546,"中心緯度":24.706869,"分析面積_km2":1.04,"2020面積_ha":10.08,"2024面積_ha":5.58,"面積減少率_pct":44.64,"2020斑塊數":7,"2024斑塊數":6,"斑塊數增加率_pct":0.0,"2020平均斑塊面積_ha":372.099,"2024平均斑塊面積_ha":1.02,"平均斑塊面積下降率_pct":99.73,"道路切割密度_km_per_km2":7.584,"建成區邊界切割密度_km_per_km2":1.182,"孤立小斑塊比例_pct":19.35,"距大型連續綠地平均距離_m":460.1,"score_面積減少":77.87810383747178,"score_斑塊增加":24.040632054176072,"score_平均斑塊縮小":93.67945823927766,"score_道路建成區切割":38.99548532731377,"score_孤立比例":76.52370203160271,"score_距大型綠地":79.68397291196389,"綜合破碎化分數":65.1,"破碎化等級":"高","判定原因":"面積減少44.6%；斑塊增加0.0%；平均斑塊縮小99.7%；道路密度7.58 km/km²；孤立比例19.4%；距大型綠地460m","2021面積_ha":16.38,"2022面積_ha":2.79,"2023面積_ha":10.89}},{"type":"Feature","geometry":{"type":"Polygon","coordinates":[[[121.721460944318,24.702331530091403],[121.72151296291325,24.711359547929895],[121.73139607326156,24.71131169307817],[121.7313433422819,24.70228369501702],[121.721460944318,24.702331530091403]]]},"properties":{"grid_id":"G044_041","綠地類型":"農地","中心經度":121.726428,"中心緯度":24.706822,"分析面積_km2":1.04,"2020面積_ha":4.68,"2024面積_ha":2.7,"面積減少率_pct":42.31,"2020斑塊數":4,"2024斑塊數":2,"斑塊數增加率_pct":0.0,"2020平均斑塊面積_ha":644.76,"2024平均斑塊面積_ha":1.485,"平均斑塊面積下降率_pct":99.77,"道路切割密度_km_per_km2":7.093,"建成區邊界切割密度_km_per_km2":0.49,"孤立小斑塊比例_pct":3.33,"距大型連續綠地平均距離_m":838.6,"score_面積減少":75.84650112866818,"score_斑塊增加":24.040632054176072,"score_平均斑塊縮小":93.90519187358916,"score_道路建成區切割":31.772009029345377,"score_孤立比例":49.887133182844245,"score_距大型綠地":87.58465011286681,"綜合破碎化分數":60.5,"破碎化等級":"高","判定原因":"面積減少42.3%；斑塊增加0.0%；平均斑塊縮小99.8%；道路密度7.09 km/km²；孤立比例3.3%；距大型綠地839m","2021面積_ha":9.9,"2022面積_ha":3.06,"2023面積_ha":2.97}},{"type":"Feature","geometry":{"type":"Polygon","coordinates":[[[121.7313433422819,24.70228369501702],[121.73139607326156,24.71131169307817],[121.74127915794371,24.711263187305452],[121.74122571458778,24.70223520929064],[121.7313433422819,24.70228369501702]]]},"properties":{"grid_id":"G044_042","綠地類型":"農地","中心經度":121.736311,"中心緯度":24.706774,"分析面積_km2":1.04,"2020面積_ha":30.78,"2024面積_ha":5.13,"面積減少率_pct":83.33,"2020斑塊數":4,"2024斑塊數":8,"斑塊數增加率_pct":100.0,"2020平均斑塊面積_ha":645.367,"2024平均斑塊面積_ha":0.934,"平均斑塊面積下降率_pct":99.86,"道路切割密度_km_per_km2":5.565,"建成區邊界切割密度_km_per_km2":0.663,"孤立小斑塊比例_pct":43.86,"距大型連續綠地平均距離_m":632.4,"score_面積減少":91.87358916478556,"score_斑塊增加":78.3295711060948,"score_平均斑塊縮小":94.13092550790067,"score_道路建成區切割":27.934537246049658,"score_孤立比例":83.97291196388262,"score_距大型綠地":85.10158013544017,"綜合破碎化分數":76.9,"破碎化等級":"高","判定原因":"面積減少83.3%；斑塊增加100.0%；平均斑塊縮小99.9%；道路密度5.57 km/km²；孤立比例43.9%；距大型綠地632m","2021面積_ha":18.18,"2022面積_ha":1.17,"2023面積_ha":5.85}},{"type":"Feature","geometry":{"type":"Polygon","coordinates":[[[121.74122571458778,24.70223520929064],[121.74127915794371,24.711263187305452],[121.75116221661297,24.711214030618446],[121.75110806088898,24.702186072918966],[121.74122571458778,24.70223520929064]]]},"properties":{"grid_id":"G044_043","綠地類型":"農地","中心經度":121.746194,"中心緯度":24.706725,"分析面積_km2":1.04,"2020面積_ha":30.15,"2024面積_ha":12.42,"面積減少率_pct":58.81,"2020斑塊數":6,"2024斑塊數":5,"斑塊數增加率_pct":0.0,"2020平均斑塊面積_ha":440.73,"2024平均斑塊面積_ha":8.118,"平均斑塊面積下降率_pct":98.16,"道路切割密度_km_per_km2":12.168,"建成區邊界切割密度_km_per_km2":2.249,"孤立小斑塊比例_pct":13.04,"距大型連續綠地平均距離_m":430.9,"score_面積減少":85.77878103837472,"score_斑塊增加":24.040632054176072,"score_平均斑塊縮小":89.84198645598194,"score_道路建成區切割":68.058690744921,"score_孤立比例":70.6546275395034,"score_距大型綠地":78.78103837471784,"綜合破碎化分數":69.5,"破碎化等級":"高","判定原因":"面積減少58.8%；斑塊增加0.0%；平均斑塊縮小98.2%；道路密度12.17 km/km²；孤立比例13.0%；距大型綠地431m","2021面積_ha":35.01,"2022面積_ha":22.23,"2023面積_ha":24.93}},{"type":"Feature","geometry":{"type":"Polygon","coordinates":[[[121.77087267409115,24.70208584826697],[121.77092825452608,24.71111376452882],[121.78081123307652,24.711062655140076],[121.78075494029892,24.70203476000051],[121.77087267409115,24.70208584826697]]]},"properties":{"grid_id":"G044_046","綠地類型":"農地","中心經度":121.775842,"中心緯度":24.706574,"分析面積_km2":1.04,"2020面積_ha":12.06,"2024面積_ha":8.1,"面積減少率_pct":32.84,"2020斑塊數":3,"2024斑塊數":4,"斑塊數增加率_pct":33.33,"2020平均斑塊面積_ha":27.87,"2024平均斑塊面積_ha":12.96,"平均斑塊面積下降率_pct":53.5,"道路切割密度_km_per_km2":12.947,"建成區邊界切割密度_km_per_km2":1.644,"孤立小斑塊比例_pct":1.11,"距大型連續綠地平均距離_m":146.4,"score_面積減少":67.04288939051919,"score_斑塊增加":55.86907449209932,"score_平均斑塊縮小":48.53273137697517,"score_道路建成區切割":68.39729119638827,"score_孤立比例":38.1489841986456,"score_距大型綠地":66.81715575620768,"綜合破碎化分數":57.5,"破碎化等級":"高","判定原因":"面積減少32.8%；斑塊增加33.3%；平均斑塊縮小53.5%；道路密度12.95 km/km²；孤立比例1.1%；距大型綠地146m","2021面積_ha":11.61,"2022面積_ha":7.38,"2023面積_ha":8.91}},{"type":"Feature","geometry":{"type":"Polygon","coordinates":[[[121.81040157319012,24.701877591524276],[121.81046000294327,24.710905421683115],[121.82034286981511,24.710851708791377],[121.82028372775457,24.70182390083072],[121.81040157319012,24.701877591524276]]]},"properties":{"grid_id":"G044_050","綠地類型":"農地","中心經度":121.815372,"中心緯度":24.706365,"分析面積_km2":1.04,"2020面積_ha":51.84,"2024面積_ha":34.74,"面積減少率_pct":32.99,"2020斑塊數":1,"2024斑塊數":3,"斑塊數增加率_pct":200.0,"2020平均斑塊面積_ha":393.75,"2024平均斑塊面積_ha":91.23,"平均斑塊面積下降率_pct":76.83,"道路切割密度_km_per_km2":9.227,"建成區邊界切割密度_km_per_km2":2.941,"孤立小斑塊比例_pct":0.26,"距大型連續綠地平均距離_m":21.7,"score_面積減少":67.2686230248307,"score_斑塊增加":91.7607223476298,"score_平均斑塊縮小":70.20316027088036,"score_道路建成區切割":56.264108352144476,"score_孤立比例":30.699774266365687,"score_距大型綠地":44.46952595936794,"綜合破碎化分數":60.1,"破碎化等級":"高","判定原因":"面積減少33.0%；斑塊增加200.0%；平均斑塊縮小76.8%；道路密度9.23 km/km²；孤立比例0.3%；距大型綠地22m","2021面積_ha":51.75,"2022面積_ha":34.38,"2023面積_ha":36.72}},{"type":"Feature","geometry":{"type":"Polygon","coordinates":[[[121.82028372775457,24.70182390083072],[121.82034286981511,24.710851708791377],[121.83022570790058,24.710797345042227],[121.83016585354184,24.701769559548726],[121.82028372775457,24.70182390083072]]]},"properties":{"grid_id":"G044_051","綠地類型":"農地","中心經度":121.825255,"中心緯度":24.706311,"分析面積_km2":1.04,"2020面積_ha":21.24,"2024面積_ha":10.89,"面積減少率_pct":48.73,"2020斑塊數":9,"2024斑塊數":14,"斑塊數增加率_pct":55.56,"2020平均斑塊面積_ha":45.42,"2024平均斑塊面積_ha":1.151,"平均斑塊面積下降率_pct":97.47,"道路切割密度_km_per_km2":5.277,"建成區邊界切割密度_km_per_km2":1.413,"孤立小斑塊比例_pct":66.12,"距大型連續綠地平均距離_m":595.0,"score_面積減少":80.1354401805869,"score_斑塊增加":65.46275395033861,"score_平均斑塊縮小":88.48758465011286,"score_道路建成區切割":32.78781038374718,"score_孤立比例":86.23024830699775,"score_距大型綠地":84.19864559819413,"綜合破碎化分數":72.9,"破碎化等級":"高","判定原因":"面積減少48.7%；斑塊增加55.6%；平均斑塊縮小97.5%；道路密度5.28 km/km²；孤立比例66.1%；距大型綠地595m","2021面積_ha":19.26,"2022面積_ha":5.76,"2023面積_ha":8.28}},{"type":"Feature","geometry":{"type":"Polygon","coordinates":[[[121.83016585354184,24.701769559548726],[121.83022570790058,24.710797345042227],[121.83698268886556,24.710759801369747],[121.83720759999999,24.709756000000002],[121.8371639,24.7081389],[121.83678969999998,24.706530399999995],[121.8367046,24.705325299999995],[121.83661396943673,24.70173375086719],[121.83016585354184,24.701769559548726]]]},"properties":{"grid_id":"G044_052","綠地類型":"農地","中心經度":121.83347,"中心緯度":24.705946,"分析面積_km2":0.698,"2020面積_ha":3.78,"2024面積_ha":1.71,"面積減少率_pct":54.76,"2020斑塊數":4,"2024斑塊數":6,"斑塊數增加率_pct":50.0,"2020平均斑塊面積_ha":1.8,"2024平均斑塊面積_ha":0.42,"平均斑塊面積下降率_pct":76.67,"道路切割密度_km_per_km2":0.0,"建成區邊界切割密度_km_per_km2":0.043,"孤立小斑塊比例_pct":100.0,"距大型連續綠地平均距離_m":1016.1,"score_面積減少":83.7471783295711,"score_斑塊增加":62.75395033860045,"score_平均斑塊縮小":69.75169300225733,"score_道路建成區切割":7.44920993227991,"score_孤立比例":93.56659142212189,"score_距大型綠地":89.39051918735892,"綜合破碎化分數":67.8,"破碎化等級":"高","判定原因":"面積減少54.8%；斑塊增加50.0%；平均斑塊縮小76.7%；道路密度0.00 km/km²；孤立比例100.0%；距大型綠地1016m","2021面積_ha":3.78,"2022面積_ha":0.09,"2023面積_ha":0.0}},{"type":"Feature","geometry":{"type":"Polygon","coordinates":[[[121.66221378125002,24.711633007335156],[121.66226154861344,24.72066112723952],[121.67214551845524,24.7206171598837],[121.67209703831422,24.711589058145183],[121.66221378125002,24.711633007335156]]]},"properties":{"grid_id":"G045_035","綠地類型":"農地","中心經度":121.667179,"中心緯度":24.716125,"分析面積_km2":1.04,"2020面積_ha":6.21,"2024面積_ha":0.81,"面積減少率_pct":86.96,"2020斑塊數":2,"2024斑塊數":4,"斑塊數增加率_pct":100.0,"2020平均斑塊面積_ha":4.095,"2024平均斑塊面積_ha":0.203,"平均斑塊面積下降率_pct":95.05,"道路切割密度_km_per_km2":3.374,"建成區邊界切割密度_km_per_km2":0.202,"孤立小斑塊比例_pct":100.0,"距大型連續綠地平均距離_m":1495.4,"score_面積減少":92.09932279909707,"score_斑塊增加":78.3295711060948,"score_平均斑塊縮小":86.90744920993228,"score_道路建成區切割":15.632054176072234,"score_孤立比例":93.56659142212189,"score_距大型綠地":94.13092550790067,"綜合破碎化分數":76.8,"破碎化等級":"高","判定原因":"面積減少87.0%；斑塊增加100.0%；平均斑塊縮小95.0%；道路密度3.37 km/km²；孤立比例100.0%；距大型綠地1495m","2021面積_ha":3.96,"2022面積_ha":1.71,"2023面積_ha":1.53}},{"type":"Feature","geometry":{"type":"Polygon","coordinates":[[[121.67209703831422,24.711589058145183],[121.67214551845524,24.7206171598837],[121.68202946470375,24.720572541299493],[121.6819802717926,24.711544457995874],[121.67209703831422,24.711589058145183]]]},"properties":{"grid_id":"G045_036","綠地類型":"農地","中心經度":121.677063,"中心緯度":24.716081,"分析面積_km2":1.04,"2020面積_ha":7.38,"2024面積_ha":11.07,"面積減少率_pct":0.0,"2020斑塊數":4,"2024斑塊數":8,"斑塊數增加率_pct":100.0,"2020平均斑塊面積_ha":21.758,"2024平均斑塊面積_ha":5.423,"平均斑塊面積下降率_pct":75.08,"道路切割密度_km_per_km2":7.958,"建成區邊界切割密度_km_per_km2":1.355,"孤立小斑塊比例_pct":16.26,"距大型連續綠地平均距離_m":293.8,"score_面積減少":9.255079006772009,"score_斑塊增加":78.3295711060948,"score_平均斑塊縮小":68.17155756207674,"score_道路建成區切割":41.64785553047404,"score_孤立比例":74.04063205417607,"score_距大型綠地":74.4920993227991,"綜合破碎化分數":57.7,"破碎化等級":"高","判定原因":"面積減少0.0%；斑塊增加100.0%；平均斑塊縮小75.1%；道路密度7.96 km/km²；孤立比例16.3%；距大型綠地294m","2021面積_ha":7.38,"2022面積_ha":6.3,"2023面積_ha":7.56}},{"type":"Feature","geometry":{"type":"Polygon","coordinates":[[[121.70174666660498,24.71145330484398],[121.70179728503349,24.720481350470664],[121.71168115842106,24.720434778238648],[121.71162982724549,24.711406751854007],[121.70174666660498,24.71145330484398]]]},"properties":{"grid_id":"G045_039","綠地類型":"農地","中心經度":121.706714,"中心緯度":24.715944,"分析面積_km2":1.04,"2020面積_ha":28.35,"2024面積_ha":15.66,"面積減少率_pct":44.76,"2020斑塊數":10,"2024斑塊數":11,"斑塊數增加率_pct":10.0,"2020平均斑塊面積_ha":7.893,"2024平均斑塊面積_ha":2.675,"平均斑塊面積下降率_pct":66.1,"道路切割密度_km_per_km2":12.947,"建成區邊界切割密度_km_per_km2":3.403,"孤立小斑塊比例_pct":14.94,"距大型連續綠地平均距離_m":276.0,"score_面積減少":78.1038374717833,"score_斑塊增加":48.306997742663654,"score_平均斑塊縮小":59.36794582392777,"score_道路建成區切割":78.38600451467269,"score_孤立比例":73.13769751693002,"score_距大型綠地":73.58916478555305,"綜合破碎化分數":68.5,"破碎化等級":"高","判定原因":"面積減少44.8%；斑塊增加10.0%；平均斑塊縮小66.1%；道路密度12.95 km/km²；孤立比例14.9%；距大型綠地276m","2021面積_ha":25.02,"2022面積_ha":6.48,"2023面積_ha":21.24}},{"type":"Feature","geometry":{"type":"Polygon","coordinates":[[[121.71162982724549,24.711406751854007],[121.71168115842106,24.720434778238648],[121.72156500682799,24.720387554803466],[121.72151296291325,24.711359547929895],[121.71162982724549,24.711406751854007]]]},"properties":{"grid_id":"G045_040","綠地類型":"農地","中心經度":121.716597,"中心緯度":24.715897,"分析面積_km2":1.04,"2020面積_ha":32.4,"2024面積_ha":6.12,"面積減少率_pct":81.11,"2020斑塊數":8,"2024斑塊數":11,"斑塊數增加率_pct":37.5,"2020平均斑塊面積_ha":8.539,"2024平均斑塊面積_ha":0.965,"平均斑塊面積下降率_pct":88.69,"道路切割密度_km_per_km2":13.062,"建成區邊界切割密度_km_per_km2":1.73,"孤立小斑塊比例_pct":88.24,"距大型連續綠地平均距離_m":557.0,"score_面積減少":91.42212189616254,"score_斑塊增加":57.90067720090294,"score_平均斑塊縮小":82.84424379232506,"score_道路建成區切割":69.52595936794583,"score_孤立比例":86.90744920993228,"score_距大型綠地":83.29571106094808,"綜合破碎化分數":78.6,"破碎化等級":"高","判定原因":"面積減少81.1%；斑塊增加37.5%；平均斑塊縮小88.7%；道路密度13.06 km/km²；孤立比例88.2%；距大型綠地557m","2021面積_ha":29.16,"2022面積_ha":4.5,"2023面積_ha":21.78}},{"type":"Feature","geometry":{"type":"Polygon","coordinates":[[[121.72151296291325,24.711359547929895],[121.72156500682799,24.720387554803466],[121.73144882990741,24.720339680171623],[121.73139607326156,24.71131169307817],[121.72151296291325,24.711359547929895]]]},"properties":{"grid_id":"G045_041","綠地類型":"農地","中心經度":121.726481,"中心緯度":24.71585,"分析面積_km2":1.04,"2020面積_ha":14.13,"2024面積_ha":0.27,"面積減少率_pct":98.09,"2020斑塊數":9,"2024斑塊數":1,"斑塊數增加率_pct":0.0,"2020平均斑塊面積_ha":1.69,"2024平均斑塊面積_ha":0.27,"平均斑塊面積下降率_pct":84.02,"道路切割密度_km_per_km2":12.745,"建成區邊界切割密度_km_per_km2":0.087,"孤立小斑塊比例_pct":100.0,"距大型連續綠地平均距離_m":1142.6,"score_面積減少":94.5823927765237,"score_斑塊增加":24.040632054176072,"score_平均斑塊縮小":78.55530474040631,"score_道路建成區切割":51.86230248306998,"score_孤立比例":93.56659142212189,"score_距大型綠地":90.29345372460497,"綜合破碎化分數":72.2,"破碎化等級":"高","判定原因":"面積減少98.1%；斑塊增加0.0%；平均斑塊縮小84.0%；道路密度12.74 km/km²；孤立比例100.0%；距大型綠地1143m","2021面積_ha":23.4,"2022面積_ha":1.89,"2023面積_ha":4.05}},{"type":"Feature","geometry":{"type":"Polygon","coordinates":[[[121.74127915794371,24.711263187305452],[121.74133262731254,24.720291154349756],[121.75121639869653,24.720241977344568],[121.75116221661297,24.711214030618446],[121.74127915794371,24.711263187305452]]]},"properties":{"grid_id":"G045_043","綠地類型":"農地","中心經度":121.746248,"中心緯度":24.715753,"分析面積_km2":1.04,"2020面積_ha":26.37,"2024面積_ha":1.17,"面積減少率_pct":95.56,"2020斑塊數":8,"2024斑塊數":4,"斑塊數增加率_pct":0.0,"2020平均斑塊面積_ha":41.49,"2024平均斑塊面積_ha":7.65,"平均斑塊面積下降率_pct":81.56,"道路切割密度_km_per_km2":5.479,"建成區邊界切割密度_km_per_km2":0.288,"孤立小斑塊比例_pct":61.54,"距大型連續綠地平均距離_m":205.2,"score_面積減少":94.35665914221218,"score_斑塊增加":24.040632054176072,"score_平均斑塊縮小":74.7178329571106,"score_道路建成區切割":23.137697516930018,"score_孤立比例":85.77878103837472,"score_距大型綠地":71.55756207674943,"綜合破碎化分數":62.3,"破碎化等級":"高","判定原因":"面積減少95.6%；斑塊增加0.0%；平均斑塊縮小81.6%；道路密度5.48 km/km²；孤立比例61.5%；距大型綠地205m","2021面積_ha":22.59,"2022面積_ha":6.39,"2023面積_ha":13.77}},{"type":"Feature","geometry":{"type":"Polygon","coordinates":[[[121.71168115842106,24.720434778238648],[121.7117325145773,24.72946279365814],[121.72161707607016,24.729415550709138],[121.72156500682799,24.720387554803466],[121.71168115842106,24.720434778238648]]]},"properties":{"grid_id":"G046_040","綠地類型":"農地","中心經度":121.716649,"中心緯度":24.724925,"分析面積_km2":1.04,"2020面積_ha":38.52,"2024面積_ha":18.81,"面積減少率_pct":51.17,"2020斑塊數":8,"2024斑塊數":8,"斑塊數增加率_pct":0.0,"2020平均斑塊面積_ha":65.126,"2024平均斑塊面積_ha":7.875,"平均斑塊面積下降率_pct":87.91,"道路切割密度_km_per_km2":13.091,"建成區邊界切割密度_km_per_km2":3.806,"孤立小斑塊比例_pct":9.09,"距大型連續綠地平均距離_m":476.9,"score_面積減少":82.16704288939052,"score_斑塊增加":24.040632054176072,"score_平均斑塊縮小":81.941309255079,"score_道路建成區切割":80.75620767494357,"score_孤立比例":65.01128668171557,"score_距大型綠地":80.58690744920993,"綜合破碎化分數":69.1,"破碎化等級":"高","判定原因":"面積減少51.2%；斑塊增加0.0%；平均斑塊縮小87.9%；道路密度13.09 km/km²；孤立比例9.1%；距大型綠地477m","2021面積_ha":34.65,"2022面積_ha":7.65,"2023面積_ha":25.74}},{"type":"Feature","geometry":{"type":"Polygon","coordinates":[[[121.72156500682799,24.720387554803466],[121.72161707607016,24.729415550709138],[121.73150161222753,24.729367656294414],[121.73144882990741,24.720339680171623],[121.72156500682799,24.720387554803466]]]},"properties":{"grid_id":"G046_041","綠地類型":"農地","中心經度":121.726533,"中心緯度":24.724878,"分析面積_km2":1.04,"2020面積_ha":18.09,"2024面積_ha":4.14,"面積減少率_pct":77.11,"2020斑塊數":7,"2024斑塊數":3,"斑塊數增加率_pct":0.0,"2020平均斑塊面積_ha":8.036,"2024平均斑塊面積_ha":4.5,"平均斑塊面積下降率_pct":44.0,"道路切割密度_km_per_km2":13.841,"建成區邊界切割密度_km_per_km2":0.894,"孤立小斑塊比例_pct":2.17,"距大型連續綠地平均距離_m":675.3,"score_面積減少":90.06772009029346,"score_斑塊增加":24.040632054176072,"score_平均斑塊縮小":37.471783295711056,"score_道路建成區切割":65.85778781038375,"score_孤立比例":44.69525959367946,"score_距大型綠地":85.55304740406321,"綜合破碎化分數":57.9,"破碎化等級":"高","判定原因":"面積減少77.1%；斑塊增加0.0%；平均斑塊縮小44.0%；道路密度13.84 km/km²；孤立比例2.2%；距大型綠地675m","2021面積_ha":21.24,"2022面積_ha":0.9,"2023面積_ha":10.98}},{"type":"Feature","geometry":{"type":"Polygon","coordinates":[[[121.73144882990741,24.720339680171623],[121.73150161222753,24.729367656294414],[121.74138612270247,24.729319110420587],[121.74133262731254,24.720291154349756],[121.73144882990741,24.720339680171623]]]},"properties":{"grid_id":"G046_042","綠地類型":"農地","中心經度":121.736417,"中心緯度":24.724829,"分析面積_km2":1.04,"2020面積_ha":39.69,"2024面積_ha":22.23,"面積減少率_pct":43.99,"2020斑塊數":8,"2024斑塊數":7,"斑塊數增加率_pct":0.0,"2020平均斑塊面積_ha":33.39,"2024平均斑塊面積_ha":11.571,"平均斑塊面積下降率_pct":65.34,"道路切割密度_km_per_km2":11.851,"建成區邊界切割密度_km_per_km2":2.768,"孤立小斑塊比例_pct":6.88,"距大型連續綠地平均距離_m":73.5,"score_面積減少":76.97516930022573,"score_斑塊增加":24.040632054176072,"score_平均斑塊縮小":58.91647855530474,"score_道路建成區切割":68.56659142212189,"score_孤立比例":61.17381489841986,"score_距大型綠地":59.59367945823928,"綜合破碎化分數":58.2,"破碎化等級":"高","判定原因":"面積減少44.0%；斑塊增加0.0%；平均斑塊縮小65.3%；道路密度11.85 km/km²；孤立比例6.9%；距大型綠地74m","2021面積_ha":39.06,"2022面積_ha":22.77,"2023面積_ha":37.35}},{"type":"Feature","geometry":{"type":"Polygon","coordinates":[[[121.74133262731254,24.720291154349756],[121.74138612270247,24.729319110420587],[121.75127060714803,24.729269913094367],[121.75121639869653,24.720241977344568],[121.74133262731254,24.720291154349756]]]},"properties":{"grid_id":"G046_043","綠地類型":"農地","中心經度":121.746301,"中心緯度":24.724781,"分析面積_km2":1.04,"2020面積_ha":59.31,"2024面積_ha":41.58,"面積減少率_pct":29.89,"2020斑塊數":2,"2024斑塊數":7,"斑塊數增加率_pct":250.0,"2020平均斑塊面積_ha":128.745,"2024平均斑塊面積_ha":15.981,"平均斑塊面積下降率_pct":87.59,"道路切割密度_km_per_km2":12.774,"建成區邊界切割密度_km_per_km2":5.046,"孤立小斑塊比例_pct":1.73,"距大型連續綠地平均距離_m":20.0,"score_面積減少":64.55981941309255,"score_斑塊增加":94.69525959367945,"score_平均斑塊縮小":81.26410835214448,"score_道路建成區切割":86.90744920993228,"score_孤立比例":42.21218961625282,"score_距大型綠地":43.340857787810386,"綜合破碎化分數":68.8,"破碎化等級":"高","判定原因":"面積減少29.9%；斑塊增加250.0%；平均斑塊縮小87.6%；道路密度12.77 km/km²；孤立比例1.7%；距大型綠地20m","2021面積_ha":58.86,"2022面積_ha":39.96,"2023面積_ha":47.61}},{"type":"Feature","geometry":{"type":"Polygon","coordinates":[[[121.75121639869653,24.720241977344568],[121.75127060714803,24.729269913094367],[121.76115506521732,24.729220064322565],[121.76110014371264,24.720192149162855],[121.75121639869653,24.720241977344568]]]},"properties":{"grid_id":"G046_044","綠地類型":"農地","中心經度":121.756186,"中心緯度":24.724731,"分析面積_km2":1.04,"2020面積_ha":37.62,"2024面積_ha":18.18,"面積減少率_pct":51.67,"2020斑塊數":3,"2024斑塊數":5,"斑塊數增加率_pct":66.67,"2020平均斑塊面積_ha":88.71,"2024平均斑塊面積_ha":10.602,"平均斑塊面積下降率_pct":88.05,"道路切割密度_km_per_km2":16.667,"建成區邊界切割密度_km_per_km2":2.999,"孤立小斑塊比例_pct":0.0,"距大型連續綠地平均距離_m":135.1,"score_面積減少":82.61851015801355,"score_斑塊增加":68.51015801354401,"score_平均斑塊縮小":82.39277652370203,"score_道路建成區切割":80.47404063205417,"score_孤立比例":13.656884875846501,"score_距大型綠地":66.59142212189616,"綜合破碎化分數":65.7,"破碎化等級":"高","判定原因":"面積減少51.7%；斑塊增加66.7%；平均斑塊縮小88.0%；道路密度16.67 km/km²；孤立比例0.0%；距大型綠地135m","2021面積_ha":38.61,"2022面積_ha":20.07,"2023面積_ha":27.27}},{"type":"Feature","geometry":{"type":"Polygon","coordinates":[[[121.76110014371264,24.720192149162855],[121.76115506521732,24.729220064322565],[121.7710394965634,24.729169564112073],[121.77098386201398,24.72014166981151],[121.76110014371264,24.720192149162855]]]},"properties":{"grid_id":"G046_045","綠地類型":"農地","中心經度":121.76607,"中心緯度":24.724681,"分析面積_km2":1.04,"2020面積_ha":15.03,"2024面積_ha":10.62,"面積減少率_pct":29.34,"2020斑塊數":11,"2024斑塊數":13,"斑塊數增加率_pct":18.18,"2020平均斑塊面積_ha":71.133,"2024平均斑塊面積_ha":43.435,"平均斑塊面積下降率_pct":38.94,"道路切割密度_km_per_km2":14.908,"建成區邊界切割密度_km_per_km2":2.422,"孤立小斑塊比例_pct":35.59,"距大型連續綠地平均距離_m":401.5,"score_面積減少":64.10835214446952,"score_斑塊增加":50.112866817155755,"score_平均斑塊縮小":32.27990970654628,"score_道路建成區切割":76.91873589164786,"score_孤立比例":82.16704288939052,"score_距大型綠地":77.87810383747178,"綜合破碎化分數":63.9,"破碎化等級":"高","判定原因":"面積減少29.3%；斑塊增加18.2%；平均斑塊縮小38.9%；道路密度14.91 km/km²；孤立比例35.6%；距大型綠地402m","2021面積_ha":20.25,"2022面積_ha":10.98,"2023面積_ha":13.95}},{"type":"Feature","geometry":{"type":"Polygon","coordinates":[[[121.77098386201398,24.72014166981151],[121.7710394965634,24.729169564112073],[121.78092390083938,24.729118412469862],[121.7808675532538,24.720090539297512],[121.77098386201398,24.72014166981151]]]},"properties":{"grid_id":"G046_046","綠地類型":"農地","中心經度":121.775954,"中心緯度":24.72463,"分析面積_km2":1.04,"2020面積_ha":52.65,"2024面積_ha":43.11,"面積減少率_pct":18.12,"2020斑塊數":5,"2024斑塊數":8,"斑塊數增加率_pct":60.0,"2020平均斑塊面積_ha":162.252,"2024平均斑塊面積_ha":78.885,"平均斑塊面積下降率_pct":51.38,"道路切割密度_km_per_km2":10.409,"建成區邊界切割密度_km_per_km2":5.594,"孤立小斑塊比例_pct":4.18,"距大型連續綠地平均距離_m":91.9,"score_面積減少":47.855530474040634,"score_斑塊增加":66.70428893905192,"score_平均斑塊縮小":44.92099322799097,"score_道路建成區切割":76.97516930022573,"score_孤立比例":54.627539503386004,"score_距大型綠地":62.75395033860045,"綜合破碎化分數":59.0,"破碎化等級":"高","判定原因":"面積減少18.1%；斑塊增加60.0%；平均斑塊縮小51.4%；道路密度10.41 km/km²；孤立比例4.2%；距大型綠地92m","2021面積_ha":51.93,"2022面積_ha":38.97,"2023面積_ha":42.75}},{"type":"Feature","geometry":{"type":"Polygon","coordinates":[[[121.6919633169728,24.72955532513294],[121.69201327122812,24.73858336781003],[121.70189859579983,24.73853740883367],[121.70184792809584,24.729509385134886],[121.6919633169728,24.72955532513294]]]},"properties":{"grid_id":"G047_038","綠地類型":"農地","中心經度":121.696931,"中心緯度":24.734046,"分析面積_km2":1.04,"2020面積_ha":42.03,"2024面積_ha":30.42,"面積減少率_pct":27.62,"2020斑塊數":1,"2024斑塊數":8,"斑塊數增加率_pct":700.0,"2020平均斑塊面積_ha":425.16,"2024平均斑塊面積_ha":39.33,"平均斑塊面積下降率_pct":90.75,"道路切割密度_km_per_km2":12.37,"建成區邊界切割密度_km_per_km2":3.979,"孤立小斑塊比例_pct":10.95,"距大型連續綠地平均距離_m":41.2,"score_面積減少":62.30248306997742,"score_斑塊增加":100.0,"score_平均斑塊縮小":84.65011286681715,"score_道路建成區切割":78.72460496613996,"score_孤立比例":68.17155756207674,"score_距大型綠地":52.934537246049665,"綜合破碎化分數":74.5,"破碎化等級":"高","判定原因":"面積減少27.6%；斑塊增加700.0%；平均斑塊縮小90.8%；道路密度12.37 km/km²；孤立比例10.9%；距大型綠地41m","2021面積_ha":36.27,"2022面積_ha":10.62,"2023面積_ha":25.02}},{"type":"Feature","geometry":{"type":"Polygon","coordinates":[[[121.7117325145773,24.72946279365814],[121.71178389572209,24.738490798109485],[121.72166917064787,24.738443535643935],[121.72161707607016,24.729415550709138],[121.7117325145773,24.72946279365814]]]},"properties":{"grid_id":"G047_040","綠地類型":"農地","中心經度":121.716701,"中心緯度":24.733953,"分析面積_km2":1.04,"2020面積_ha":49.23,"2024面積_ha":39.15,"面積減少率_pct":20.48,"2020斑塊數":3,"2024斑塊數":6,"斑塊數增加率_pct":100.0,"2020平均斑塊面積_ha":156.57,"2024平均斑塊面積_ha":61.92,"平均斑塊面積下降率_pct":60.45,"道路切割密度_km_per_km2":12.313,"建成區邊界切割密度_km_per_km2":5.392,"孤立小斑塊比例_pct":0.23,"距大型連續綠地平均距離_m":23.6,"score_面積減少":51.91873589164786,"score_斑塊增加":78.3295711060948,"score_平均斑塊縮小":54.176072234762984,"score_道路建成區切割":85.89164785553046,"score_孤立比例":29.909706546275395,"score_距大型綠地":45.48532731376975,"綜合破碎化分數":57.6,"破碎化等級":"高","判定原因":"面積減少20.5%；斑塊增加100.0%；平均斑塊縮小60.5%；道路密度12.31 km/km²；孤立比例0.2%；距大型綠地24m","2021面積_ha":45.81,"2022面積_ha":18.18,"2023面積_ha":39.24}},{"type":"Feature","geometry":{"type":"Polygon","coordinates":[[[121.72161707607016,24.729415550709138],[121.72166917064787,24.738443535643935],[121.7315544202301,24.73839562144355],[121.73150161222753,24.729367656294414],[121.72161707607016,24.729415550709138]]]},"properties":{"grid_id":"G047_041","綠地類型":"農地","中心經度":121.726586,"中心緯度":24.733906,"分析面積_km2":1.04,"2020面積_ha":36.99,"2024面積_ha":23.13,"面積減少率_pct":37.47,"2020斑塊數":6,"2024斑塊數":7,"斑塊數增加率_pct":16.67,"2020平均斑塊面積_ha":20.505,"2024平均斑塊面積_ha":9.733,"平均斑塊面積下降率_pct":52.53,"道路切割密度_km_per_km2":12.053,"建成區邊界切割密度_km_per_km2":4.585,"孤立小斑塊比例_pct":12.84,"距大型連續綠地平均距離_m":68.8,"score_面積減少":72.46049661399549,"score_斑塊增加":49.43566591422122,"score_平均斑塊縮小":46.04966139954853,"score_道路建成區切割":79.68397291196388,"score_孤立比例":69.97742663656885,"score_距大型綠地":58.69074492099323,"綜合破碎化分數":62.7,"破碎化等級":"高","判定原因":"面積減少37.5%；斑塊增加16.7%；平均斑塊縮小52.5%；道路密度12.05 km/km²；孤立比例12.8%；距大型綠地69m","2021面積_ha":38.34,"2022面積_ha":12.96,"2023面積_ha":30.24}},{"type":"Feature","geometry":{"type":"Polygon","coordinates":[[[121.73150161222753,24.729367656294414],[121.7315544202301,24.73839562144355],[121.74143964412175,24.73834705551495],[121.74138612270247,24.729319110420587],[121.73150161222753,24.729367656294414]]]},"properties":{"grid_id":"G047_042","綠地類型":"農地","中心經度":121.73647,"中心緯度":24.733857,"分析面積_km2":1.04,"2020面積_ha":36.54,"2024面積_ha":27.27,"面積減少率_pct":25.37,"2020斑塊數":4,"2024斑塊數":8,"斑塊數增加率_pct":100.0,"2020平均斑塊面積_ha":93.983,"2024平均斑塊面積_ha":13.736,"平均斑塊面積下降率_pct":85.38,"道路切割密度_km_per_km2":12.168,"建成區邊界切割密度_km_per_km2":4.469,"孤立小斑塊比例_pct":10.23,"距大型連續綠地平均距離_m":168.9,"score_面積減少":58.239277652370205,"score_斑塊增加":78.3295711060948,"score_平均斑塊縮小":79.90970654627539,"score_道路建成區切割":79.79683972911964,"score_孤立比例":67.49435665914221,"score_距大型綠地":68.62302483069978,"綜合破碎化分數":72.1,"破碎化等級":"高","判定原因":"面積減少25.4%；斑塊增加100.0%；平均斑塊縮小85.4%；道路密度12.17 km/km²；孤立比例10.2%；距大型綠地169m","2021面積_ha":36.99,"2022面積_ha":25.2,"2023面積_ha":31.23}},{"type":"Feature","geometry":{"type":"Polygon","coordinates":[[[121.74138612270247,24.729319110420587],[121.74143964412175,24.73834705551495],[121.7513248419758,24.738297837864863],[121.75127060714803,24.729269913094367],[121.74138612270247,24.729319110420587]]]},"properties":{"grid_id":"G047_043","綠地類型":"農地","中心經度":121.746355,"中心緯度":24.733809,"分析面積_km2":1.04,"2020面積_ha":78.39,"2024面積_ha":55.98,"面積減少率_pct":28.59,"2020斑塊數":1,"2024斑塊數":3,"斑塊數增加率_pct":200.0,"2020平均斑塊面積_ha":257.4,"2024平均斑塊面積_ha":23.25,"平均斑塊面積下降率_pct":90.97,"道路切割密度_km_per_km2":11.419,"建成區邊界切割密度_km_per_km2":5.392,"孤立小斑塊比例_pct":0.0,"距大型連續綠地平均距離_m":35.2,"score_面積減少":62.97968397291196,"score_斑塊增加":91.7607223476298,"score_平均斑塊縮小":84.87584650112868,"score_道路建成區切割":81.32054176072235,"score_孤立比例":13.656884875846501,"score_距大型綠地":50.56433408577878,"綜合破碎化分數":64.2,"破碎化等級":"高","判定原因":"面積減少28.6%；斑塊增加200.0%；平均斑塊縮小91.0%；道路密度11.42 km/km²；孤立比例0.0%；距大型綠地35m","2021面積_ha":70.92,"2022面積_ha":56.7,"2023面積_ha":61.47}},{"type":"Feature","geometry":{"type":"Polygon","coordinates":[[[121.75127060714803,24.729269913094367],[121.7513248419758,24.738297837864863],[121.76121001344521,24.73824796850008],[121.76115506521732,24.729220064322565],[121.75127060714803,24.729269913094367]]]},"properties":{"grid_id":"G047_044","綠地類型":"農地","中心經度":121.75624,"中心緯度":24.733759,"分析面積_km2":1.04,"2020面積_ha":33.39,"2024面積_ha":7.47,"面積減少率_pct":77.63,"2020斑塊數":12,"2024斑塊數":11,"斑塊數增加率_pct":0.0,"2020平均斑塊面積_ha":23.272,"2024平均斑塊面積_ha":1.489,"平均斑塊面積下降率_pct":93.6,"道路切割密度_km_per_km2":15.917,"建成區邊界切割密度_km_per_km2":1.788,"孤立小斑塊比例_pct":45.78,"距大型連續綠地平均距離_m":429.2,"score_面積減少":90.29345372460497,"score_斑塊增加":24.040632054176072,"score_平均斑塊縮小":85.77878103837472,"score_道路建成區切割":73.81489841986456,"score_孤立比例":84.65011286681715,"score_距大型綠地":78.55530474040631,"綜合破碎化分數":72.9,"破碎化等級":"高","判定原因":"面積減少77.6%；斑塊增加0.0%；平均斑塊縮小93.6%；道路密度15.92 km/km²；孤立比例45.8%；距大型綠地429m","2021面積_ha":29.34,"2022面積_ha":17.73,"2023面積_ha":14.31}},{"type":"Feature","geometry":{"type":"Polygon","coordinates":[[[121.81057694777766,24.728961049024136],[121.81063546287689,24.737988846200345],[121.82052046875108,24.737935066695393],[121.82046124030424,24.728907291726703],[121.81057694777766,24.728961049024136]]]},"properties":{"grid_id":"G047_050","綠地類型":"農地","中心經度":121.815549,"中心緯度":24.733448,"分析面積_km2":1.04,"2020面積_ha":52.11,"2024面積_ha":42.48,"面積減少率_pct":18.48,"2020斑塊數":4,"2024斑塊數":6,"斑塊數增加率_pct":50.0,"2020平均斑塊面積_ha":756.967,"2024平均斑塊面積_ha":215.31,"平均斑塊面積下降率_pct":71.56,"道路切割密度_km_per_km2":10.669,"建成區邊界切割密度_km_per_km2":3.316,"孤立小斑塊比例_pct":8.05,"距大型連續綠地平均距離_m":31.1,"score_面積減少":48.306997742663654,"score_斑塊增加":62.75395033860045,"score_平均斑塊縮小":64.33408577878103,"score_道路建成區切割":66.02708803611739,"score_孤立比例":63.43115124153499,"score_距大型綠地":48.306997742663654,"綜合破碎化分數":58.9,"破碎化等級":"高","判定原因":"面積減少18.5%；斑塊增加50.0%；平均斑塊縮小71.6%；道路密度10.67 km/km²；孤立比例8.1%；距大型綠地31m","2021面積_ha":51.84,"2022面積_ha":41.85,"2023面積_ha":44.73}},{"type":"Feature","geometry":{"type":"Polygon","coordinates":[[[121.68212792235404,24.73862867503222],[121.6821771871084,24.7476567254554],[121.69206324978586,24.74761139952139],[121.69201327122812,24.73858336781003],[121.68212792235404,24.73862867503222]]]},"properties":{"grid_id":"G048_037","綠地類型":"農地","中心經度":121.687095,"中心緯度":24.74312,"分析面積_km2":1.04,"2020面積_ha":16.56,"2024面積_ha":6.21,"面積減少率_pct":62.5,"2020斑塊數":4,"2024斑塊數":4,"斑塊數增加率_pct":0.0,"2020平均斑塊面積_ha":4.185,"2024平均斑塊面積_ha":1.575,"平均斑塊面積下降率_pct":62.37,"道路切割密度_km_per_km2":6.113,"建成區邊界切割密度_km_per_km2":1.067,"孤立小斑塊比例_pct":24.64,"距大型連續綠地平均距離_m":526.1,"score_面積減少":86.68171557562077,"score_斑塊增加":24.040632054176072,"score_平均斑塊縮小":56.32054176072234,"score_道路建成區切割":33.52144469525959,"score_孤立比例":79.90970654627539,"score_距大型綠地":82.61851015801355,"綜合破碎化分數":60.5,"破碎化等級":"高","判定原因":"面積減少62.5%；斑塊增加0.0%；平均斑塊縮小62.4%；道路密度6.11 km/km²；孤立比例24.6%；距大型綠地526m","2021面積_ha":19.62,"2022面積_ha":0.36,"2023面積_ha":9.09}},{"type":"Feature","geometry":{"type":"Polygon","coordinates":[[[121.69201327122812,24.73858336781003],[121.69206324978586,24.74761139952139],[121.70194928815324,24.747565421564055],[121.70189859579983,24.73853740883367],[121.69201327122812,24.73858336781003]]]},"properties":{"grid_id":"G048_038","綠地類型":"農地","中心經度":121.696981,"中心緯度":24.743074,"分析面積_km2":1.04,"2020面積_ha":40.23,"2024面積_ha":27.27,"面積減少率_pct":32.21,"2020斑塊數":4,"2024斑塊數":6,"斑塊數增加率_pct":50.0,"2020平均斑塊面積_ha":118.44,"2024平均斑塊面積_ha":57.72,"平均斑塊面積下降率_pct":51.27,"道路切割密度_km_per_km2":14.331,"建成區邊界切割密度_km_per_km2":3.604,"孤立小斑塊比例_pct":0.66,"距大型連續綠地平均距離_m":83.5,"score_面積減少":66.13995485327314,"score_斑塊增加":62.75395033860045,"score_平均斑塊縮小":44.69525959367946,"score_道路建成區切割":81.941309255079,"score_孤立比例":34.537246049661405,"score_距大型綠地":61.6252821670429,"綜合破碎化分數":58.6,"破碎化等級":"高","判定原因":"面積減少32.2%；斑塊增加50.0%；平均斑塊縮小51.3%；道路密度14.33 km/km²；孤立比例0.7%；距大型綠地84m","2021面積_ha":36.36,"2022面積_ha":12.33,"2023面積_ha":30.42}},{"type":"Feature","geometry":{"type":"Polygon","coordinates":[[[121.72166917064787,24.738443535643935],[121.7217212905691,24.747471509604893],[121.73160725392324,24.74742357561608],[121.7315544202301,24.73839562144355],[121.72166917064787,24.738443535643935]]]},"properties":{"grid_id":"G048_041","綠地類型":"農地","中心經度":121.726638,"中心緯度":24.742934,"分析面積_km2":1.04,"2020面積_ha":32.22,"2024面積_ha":25.38,"面積減少率_pct":21.23,"2020斑塊數":2,"2024斑塊數":4,"斑塊數增加率_pct":100.0,"2020平均斑塊面積_ha":260.865,"2024平均斑塊面積_ha":84.825,"平均斑塊面積下降率_pct":67.48,"道路切割密度_km_per_km2":17.993,"建成區邊界切割密度_km_per_km2":3.287,"孤立小斑塊比例_pct":1.42,"距大型連續綠地平均距離_m":1.8,"score_面積減少":53.27313769751692,"score_斑塊增加":78.3295711060948,"score_平均斑塊縮小":60.94808126410835,"score_道路建成區切割":83.0135440180587,"score_孤立比例":40.63205417607224,"score_距大型綠地":25.95936794582393,"綜合破碎化分數":57.0,"破碎化等級":"高","判定原因":"面積減少21.2%；斑塊增加100.0%；平均斑塊縮小67.5%；道路密度17.99 km/km²；孤立比例1.4%；距大型綠地2m","2021面積_ha":30.15,"2022面積_ha":20.07,"2023面積_ha":25.47}},{"type":"Feature","geometry":{"type":"Polygon","coordinates":[[[121.7315544202301,24.73839562144355],[121.73160725392324,24.74742357561608],[121.74149319157868,24.747374989629893],[121.74143964412175,24.73834705551495],[121.7315544202301,24.73839562144355]]]},"properties":{"grid_id":"G048_042","綠地類型":"農地","中心經度":121.736524,"中心緯度":24.742885,"分析面積_km2":1.04,"2020面積_ha":37.35,"2024面積_ha":24.39,"面積減少率_pct":34.7,"2020斑塊數":4,"2024斑塊數":9,"斑塊數增加率_pct":125.0,"2020平均斑塊面積_ha":30.488,"2024平均斑塊面積_ha":8.73,"平均斑塊面積下降率_pct":71.37,"道路切割密度_km_per_km2":14.216,"建成區邊界切割密度_km_per_km2":4.037,"孤立小斑塊比例_pct":20.3,"距大型連續綠地平均距離_m":127.1,"score_面積減少":68.84875846501129,"score_斑塊增加":86.23024830699775,"score_平均斑塊縮小":64.10835214446952,"score_道路建成區切割":83.97291196388261,"score_孤立比例":78.1038374717833,"score_距大型綠地":65.46275395033861,"綜合破碎化分數":74.5,"破碎化等級":"高","判定原因":"面積減少34.7%；斑塊增加125.0%；平均斑塊縮小71.4%；道路密度14.22 km/km²；孤立比例20.3%；距大型綠地127m","2021面積_ha":34.56,"2022面積_ha":25.29,"2023面積_ha":29.16}},{"type":"Feature","geometry":{"type":"Polygon","coordinates":[[[121.7513248419758,24.738297837864863],[121.75137910318823,24.747325751653076],[121.76126498840476,24.747275861692422],[121.76121001344521,24.73824796850008],[121.7513248419758,24.738297837864863]]]},"properties":{"grid_id":"G048_044","綠地類型":"農地","中心經度":121.756295,"中心緯度":24.742787,"分析面積_km2":1.04,"2020面積_ha":1.62,"2024面積_ha":0.9,"面積減少率_pct":44.44,"2020斑塊數":5,"2024斑塊數":2,"斑塊數增加率_pct":0.0,"2020平均斑塊面積_ha":51.822,"2024平均斑塊面積_ha":0.54,"平均斑塊面積下降率_pct":98.96,"道路切割密度_km_per_km2":21.021,"建成區邊界切割密度_km_per_km2":0.26,"孤立小斑塊比例_pct":100.0,"距大型連續綠地平均距離_m":193.2,"score_面積減少":77.65237020316027,"score_斑塊增加":24.040632054176072,"score_平均斑塊縮小":91.19638826185101,"score_道路建成區切割":62.81038374717833,"score_孤立比例":93.56659142212189,"score_距大型綠地":70.6546275395034,"綜合破碎化分數":70.0,"破碎化等級":"高","判定原因":"面積減少44.4%；斑塊增加0.0%；平均斑塊縮小99.0%；道路密度21.02 km/km²；孤立比例100.0%；距大型綠地193m","2021面積_ha":1.35,"2022面積_ha":0.45,"2023面積_ha":1.08}},{"type":"Feature","geometry":{"type":"Polygon","coordinates":[[[121.76121001344521,24.73824796850008],[121.76126498840476,24.747275861692422],[121.77115084688118,24.747225319754847],[121.77109515818294,24.738197447427503],[121.76121001344521,24.73824796850008]]]},"properties":{"grid_id":"G048_045","綠地類型":"農地","中心經度":121.76618,"中心緯度":24.742737,"分析面積_km2":1.04,"2020面積_ha":39.6,"2024面積_ha":36.63,"面積減少率_pct":7.5,"2020斑塊數":7,"2024斑塊數":11,"斑塊數增加率_pct":57.14,"2020平均斑塊面積_ha":120.793,"2024平均斑塊面積_ha":7.724,"平均斑塊面積下降率_pct":93.61,"道路切割密度_km_per_km2":11.909,"建成區邊界切割密度_km_per_km2":6.2,"孤立小斑塊比例_pct":13.02,"距大型連續綠地平均距離_m":43.8,"score_面積減少":28.442437923250562,"score_斑塊增加":65.80135440180587,"score_平均斑塊縮小":86.00451467268623,"score_道路建成區切割":86.56884875846501,"score_孤立比例":70.42889390519187,"score_距大型綠地":54.627539503386004,"綜合破碎化分數":65.3,"破碎化等級":"高","判定原因":"面積減少7.5%；斑塊增加57.1%；平均斑塊縮小93.6%；道路密度11.91 km/km²；孤立比例13.0%；距大型綠地44m","2021面積_ha":50.22,"2022面積_ha":32.13,"2023面積_ha":37.62}},{"type":"Feature","geometry":{"type":"Polygon","coordinates":[[[121.6327465212209,24.747873574559243],[121.63279223907348,24.756901703550493],[121.64267913228117,24.756859620456954],[121.64263270024111,24.747831508834107],[121.6327465212209,24.747873574559243]]]},"properties":{"grid_id":"G049_032","綠地類型":"農地","中心經度":121.637713,"中心緯度":24.752367,"分析面積_km2":1.04,"2020面積_ha":10.35,"2024面積_ha":0.99,"面積減少率_pct":90.43,"2020斑塊數":4,"2024斑塊數":4,"斑塊數增加率_pct":0.0,"2020平均斑塊面積_ha":3.015,"2024平均斑塊面積_ha":0.585,"平均斑塊面積下降率_pct":80.6,"道路切割密度_km_per_km2":4.931,"建成區邊界切割密度_km_per_km2":0.231,"孤立小斑塊比例_pct":100.0,"距大型連續綠地平均距離_m":4395.8,"score_面積減少":92.55079006772009,"score_斑塊增加":24.040632054176072,"score_平均斑塊縮小":74.04063205417607,"score_道路建成區切割":20.71106094808126,"score_孤立比例":93.56659142212189,"score_距大型綠地":98.64559819413093,"綜合破碎化分數":67.3,"破碎化等級":"高","判定原因":"面積減少90.4%；斑塊增加0.0%；平均斑塊縮小80.6%；道路密度4.93 km/km²；孤立比例100.0%；距大型綠地4396m","2021面積_ha":9.81,"2022面積_ha":0.54,"2023面積_ha":2.16}},{"type":"Feature","geometry":{"type":"Polygon","coordinates":[[[121.7217212905691,24.747471509604893],[121.72177343584191,24.75649947258906],[121.73166011331513,24.756451518809023],[121.73160725392324,24.74742357561608],[121.7217212905691,24.747471509604893]]]},"properties":{"grid_id":"G049_041","綠地類型":"農地","中心經度":121.726691,"中心緯度":24.751962,"分析面積_km2":1.04,"2020面積_ha":30.15,"2024面積_ha":14.67,"面積減少率_pct":51.34,"2020斑塊數":7,"2024斑塊數":13,"斑塊數增加率_pct":85.71,"2020平均斑塊面積_ha":5.066,"2024平均斑塊面積_ha":1.655,"平均斑塊面積下降率_pct":67.34,"道路切割密度_km_per_km2":13.005,"建成區邊界切割密度_km_per_km2":3.431,"孤立小斑塊比例_pct":52.76,"距大型連續綠地平均距離_m":807.5,"score_面積減少":82.39277652370203,"score_斑塊增加":71.10609480812641,"score_平均斑塊縮小":60.722347629796836,"score_道路建成區切割":78.78103837471784,"score_孤立比例":85.10158013544017,"score_距大型綠地":87.13318284424379,"綜合破碎化分數":77.5,"破碎化等級":"高","判定原因":"面積減少51.3%；斑塊增加85.7%；平均斑塊縮小67.3%；道路密度13.01 km/km²；孤立比例52.8%；距大型綠地808m","2021面積_ha":30.69,"2022面積_ha":4.05,"2023面積_ha":17.28}},{"type":"Feature","geometry":{"type":"Polygon","coordinates":[[[121.73160725392324,24.74742357561608],[121.73166011331513,24.756451518809023],[121.74154676508145,24.756402912762443],[121.74149319157868,24.747374989629893],[121.73160725392324,24.74742357561608]]]},"properties":{"grid_id":"G049_042","綠地類型":"農地","中心經度":121.736577,"中心緯度":24.751913,"分析面積_km2":1.04,"2020面積_ha":2.34,"2024面積_ha":1.26,"面積減少率_pct":46.15,"2020斑塊數":3,"2024斑塊數":3,"斑塊數增加率_pct":0.0,"2020平均斑塊面積_ha":7.23,"2024平均斑塊面積_ha":4.95,"平均斑塊面積下降率_pct":31.54,"道路切割密度_km_per_km2":20.704,"建成區邊界切割密度_km_per_km2":0.317,"孤立小斑塊比例_pct":21.43,"距大型連續綠地平均距離_m":928.8,"score_面積減少":79.00677200902935,"score_斑塊增加":24.040632054176072,"score_平均斑塊縮小":28.216704288939056,"score_道路建成區切割":63.431151241534984,"score_孤立比例":79.00677200902935,"score_距大型綠地":88.48758465011286,"綜合破碎化分數":60.4,"破碎化等級":"高","判定原因":"面積減少46.1%；斑塊增加0.0%；平均斑塊縮小31.5%；道路密度20.70 km/km²；孤立比例21.4%；距大型綠地929m","2021面積_ha":1.17,"2022面積_ha":0.09,"2023面積_ha":0.45}},{"type":"Feature","geometry":{"type":"Polygon","coordinates":[[[121.77115084688118,24.747225319754847],[121.77120656266668,24.75625318109112],[121.781093108133,24.756201966046504],[121.7810366782703,24.747174125847327],[121.77115084688118,24.747225319754847]]]},"properties":{"grid_id":"G049_046","綠地類型":"農地","中心經度":121.776122,"中心緯度":24.751714,"分析面積_km2":1.04,"2020面積_ha":46.08,"2024面積_ha":30.87,"面積減少率_pct":33.01,"2020斑塊數":6,"2024斑塊數":7,"斑塊數增加率_pct":16.67,"2020平均斑塊面積_ha":387.12,"2024平均斑塊面積_ha":20.764,"平均斑塊面積下降率_pct":94.64,"道路切割密度_km_per_km2":13.899,"建成區邊界切割密度_km_per_km2":3.893,"孤立小斑塊比例_pct":1.46,"距大型連續綠地平均距離_m":23.6,"score_面積減少":67.49435665914221,"score_斑塊增加":49.43566591422122,"score_平均斑塊縮小":86.68171557562077,"score_道路建成區切割":82.78781038374717,"score_孤立比例":41.08352144469526,"score_距大型綠地":45.48532731376975,"綜合破碎化分數":62.2,"破碎化等級":"高","判定原因":"面積減少33.0%；斑塊增加16.7%；平均斑塊縮小94.6%；道路密度13.90 km/km²；孤立比例1.5%；距大型綠地24m","2021面積_ha":45.72,"2022面積_ha":37.35,"2023面積_ha":38.07}},{"type":"Feature","geometry":{"type":"Polygon","coordinates":[[[121.79092248222503,24.74712227997695],[121.79097962615621,24.75615009876985],[121.80086611638913,24.75609757926835],[121.80080825839823,24.747069782150877],[121.79092248222503,24.74712227997695]]]},"properties":{"grid_id":"G049_048","綠地類型":"農地","中心經度":121.795894,"中心緯度":24.75161,"分析面積_km2":1.04,"2020面積_ha":58.5,"2024面積_ha":36.0,"面積減少率_pct":38.46,"2020斑塊數":4,"2024斑塊數":9,"斑塊數增加率_pct":125.0,"2020平均斑塊面積_ha":757.08,"2024平均斑塊面積_ha":207.11,"平均斑塊面積下降率_pct":72.64,"道路切割密度_km_per_km2":8.91,"建成區邊界切割密度_km_per_km2":4.469,"孤立小斑塊比例_pct":19.75,"距大型連續綠地平均距離_m":39.9,"score_面積減少":73.36343115124153,"score_斑塊增加":86.23024830699775,"score_平均斑塊縮小":65.91422121896161,"score_道路建成區切割":61.90744920993228,"score_孤立比例":77.20090293453724,"score_距大型綠地":52.370203160270876,"綜合破碎化分數":69.5,"破碎化等級":"高","判定原因":"面積減少38.5%；斑塊增加125.0%；平均斑塊縮小72.6%；道路密度8.91 km/km²；孤立比例19.8%；距大型綠地40m","2021面積_ha":52.2,"2022面積_ha":47.34,"2023面積_ha":39.78}},{"type":"Feature","geometry":{"type":"Polygon","coordinates":[[[121.7118867330091,24.756546774095924],[121.71193818916714,24.765574745625077],[121.72182560647433,24.765527424593447],[121.72177343584191,24.75649947258906],[121.7118867330091,24.756546774095924]]]},"properties":{"grid_id":"G050_040","綠地類型":"農地","中心經度":121.716856,"中心緯度":24.761037,"分析面積_km2":1.04,"2020面積_ha":0.9,"2024面積_ha":0.9,"面積減少率_pct":0.0,"2020斑塊數":1,"2024斑塊數":2,"斑塊數增加率_pct":100.0,"2020平均斑塊面積_ha":0.9,"2024平均斑塊面積_ha":0.495,"平均斑塊面積下降率_pct":45.0,"道路切割密度_km_per_km2":12.428,"建成區邊界切割密度_km_per_km2":0.26,"孤立小斑塊比例_pct":100.0,"距大型連續綠地平均距離_m":448.9,"score_面積減少":9.255079006772009,"score_斑塊增加":78.3295711060948,"score_平均斑塊縮小":38.71331828442438,"score_道路建成區切割":54.119638826185096,"score_孤立比例":93.56659142212189,"score_距大型綠地":79.00677200902935,"綜合破碎化分數":58.8,"破碎化等級":"高","判定原因":"面積減少0.0%；斑塊增加100.0%；平均斑塊縮小45.0%；道路密度12.43 km/km²；孤立比例100.0%；距大型綠地449m","2021面積_ha":1.98,"2022面積_ha":0.0,"2023面積_ha":1.62}},{"type":"Feature","geometry":{"type":"Polygon","coordinates":[[[121.7613199901045,24.75630374389663],[121.76137501855281,24.765331615109726],[121.77126230554803,24.76528103143335],[121.77120656266668,24.75625318109112],[121.7613199901045,24.75630374389663]]]},"properties":{"grid_id":"G050_045","綠地類型":"農地","中心經度":121.766291,"中心緯度":24.760792,"分析面積_km2":1.04,"2020面積_ha":33.21,"2024面積_ha":23.49,"面積減少率_pct":29.27,"2020斑塊數":1,"2024斑塊數":6,"斑塊數增加率_pct":500.0,"2020平均斑塊面積_ha":2265.39,"2024平均斑塊面積_ha":13.5,"平均斑塊面積下降率_pct":99.4,"道路切割密度_km_per_km2":16.869,"建成區邊界切割密度_km_per_km2":2.826,"孤立小斑塊比例_pct":5.36,"距大型連續綠地平均距離_m":41.7,"score_面積減少":63.6568848758465,"score_斑塊增加":98.53273137697516,"score_平均斑塊縮小":93.00225733634312,"score_道路建成區切割":80.02257336343115,"score_孤立比例":59.14221218961625,"score_距大型綠地":53.49887133182845,"綜合破碎化分數":74.6,"破碎化等級":"高","判定原因":"面積減少29.3%；斑塊增加500.0%；平均斑塊縮小99.4%；道路密度16.87 km/km²；孤立比例5.4%；距大型綠地42m","2021面積_ha":26.73,"2022面積_ha":20.7,"2023面積_ha":18.9}},{"type":"Feature","geometry":{"type":"Polygon","coordinates":[[[121.781093108133,24.756201966046504],[121.78114956543881,24.76522979524866],[121.79103679787777,24.76517790656273],[121.79097962615621,24.75615009876985],[121.781093108133,24.756201966046504]]]},"properties":{"grid_id":"G050_047","綠地類型":"農地","中心經度":121.786065,"中心緯度":24.76069,"分析面積_km2":1.04,"2020面積_ha":54.45,"2024面積_ha":46.17,"面積減少率_pct":15.21,"2020斑塊數":1,"2024斑塊數":5,"斑塊數增加率_pct":400.0,"2020平均斑塊面積_ha":2265.39,"2024平均斑塊面積_ha":272.34,"平均斑塊面積下降率_pct":87.98,"道路切割密度_km_per_km2":11.044,"建成區邊界切割密度_km_per_km2":6.084,"孤立小斑塊比例_pct":0.0,"距大型連續綠地平均距離_m":33.6,"score_面積減少":42.21218961625282,"score_斑塊增加":97.40406320541761,"score_平均斑塊縮小":82.16704288939052,"score_道路建成區切割":82.33634311512415,"score_孤立比例":13.656884875846501,"score_距大型綠地":49.43566591422122,"綜合破碎化分數":61.2,"破碎化等級":"高","判定原因":"面積減少15.2%；斑塊增加400.0%；平均斑塊縮小88.0%；道路密度11.04 km/km²；孤立比例0.0%；距大型綠地34m","2021面積_ha":52.47,"2022面積_ha":45.54,"2023面積_ha":46.53}},{"type":"Feature","geometry":{"type":"Polygon","coordinates":[[[121.79097962615621,24.75615009876985],[121.79103679787777,24.76517790656273],[121.80092400251758,24.765125365382747],[121.80086611638913,24.75609757926835],[121.79097962615621,24.75615009876985]]]},"properties":{"grid_id":"G050_048","綠地類型":"農地","中心經度":121.795952,"中心緯度":24.760638,"分析面積_km2":1.04,"2020面積_ha":73.08,"2024面積_ha":56.61,"面積減少率_pct":22.54,"2020斑塊數":1,"2024斑塊數":4,"斑塊數增加率_pct":300.0,"2020平均斑塊面積_ha":2265.39,"2024平均斑塊面積_ha":320.647,"平均斑塊面積下降率_pct":85.85,"道路切割密度_km_per_km2":9.4,"建成區邊界切割密度_km_per_km2":6.747,"孤立小斑塊比例_pct":0.48,"距大型連續綠地平均距離_m":31.3,"score_面積減少":55.30474040632054,"score_斑塊增加":95.93679458239278,"score_平均斑塊縮小":80.1354401805869,"score_道路建成區切割":74.94356659142213,"score_孤立比例":32.731376975169304,"score_距大型綠地":48.53273137697517,"綜合破碎化分數":64.6,"破碎化等級":"高","判定原因":"面積減少22.5%；斑塊增加300.0%；平均斑塊縮小85.8%；道路密度9.40 km/km²；孤立比例0.5%；距大型綠地31m","2021面積_ha":70.38,"2022面積_ha":59.4,"2023面積_ha":60.48}},{"type":"Feature","geometry":{"type":"Polygon","coordinates":[[[121.73171299841385,24.765479451019413],[121.73176590922765,24.774507372244283],[121.74165399025769,24.774458726068456],[121.74160036463839,24.765430824909615],[121.73171299841385,24.765479451019413]]]},"properties":{"grid_id":"G051_042","綠地類型":"農地","中心經度":121.736683,"中心緯度":24.769969,"分析面積_km2":1.04,"2020面積_ha":50.58,"2024面積_ha":38.61,"面積減少率_pct":23.67,"2020斑塊數":4,"2024斑塊數":6,"斑塊數增加率_pct":50.0,"2020平均斑塊面積_ha":26.392,"2024平均斑塊面積_ha":16.035,"平均斑塊面積下降率_pct":39.24,"道路切割密度_km_per_km2":11.736,"建成區邊界切割密度_km_per_km2":4.873,"孤立小斑塊比例_pct":5.59,"距大型連續綠地平均距離_m":43.0,"score_面積減少":57.11060948081265,"score_斑塊增加":62.75395033860045,"score_平均斑塊縮小":32.731376975169304,"score_道路建成區切割":79.96613995485328,"score_孤立比例":59.36794582392777,"score_距大型綠地":54.176072234762984,"綜合破碎化分數":57.7,"破碎化等級":"高","判定原因":"面積減少23.7%；斑塊增加50.0%；平均斑塊縮小39.2%；道路密度11.74 km/km²；孤立比例5.6%；距大型綠地43m","2021面積_ha":62.82,"2022面積_ha":15.39,"2023面積_ha":44.46}},{"type":"Feature","geometry":{"type":"Polygon","coordinates":[[[121.74160036463839,24.765430824909615],[121.74165399025769,24.774458726068456],[121.75154204521705,24.77440942709433],[121.75148770480047,24.76538154627078],[121.74160036463839,24.765430824909615]]]},"properties":{"grid_id":"G051_043","綠地類型":"農地","中心經度":121.746571,"中心緯度":24.76992,"分析面積_km2":1.04,"2020面積_ha":48.69,"2024面積_ha":36.18,"面積減少率_pct":25.69,"2020斑塊數":5,"2024斑塊數":6,"斑塊數增加率_pct":20.0,"2020平均斑塊面積_ha":80.316,"2024平均斑塊面積_ha":31.785,"平均斑塊面積下降率_pct":60.43,"道路切割密度_km_per_km2":13.206,"建成區邊界切割密度_km_per_km2":5.709,"孤立小斑塊比例_pct":2.74,"距大型連續綠地平均距離_m":30.9,"score_面積減少":58.91647855530474,"score_斑塊增加":51.24153498871332,"score_平均斑塊縮小":53.95033860045147,"score_道路建成區切割":91.25282167042889,"score_孤立比例":47.629796839729124,"score_距大型綠地":48.081264108352144,"綜合破碎化分數":58.5,"破碎化等級":"高","判定原因":"面積減少25.7%；斑塊增加20.0%；平均斑塊縮小60.4%；道路密度13.21 km/km²；孤立比例2.7%；距大型綠地31m","2021面積_ha":53.82,"2022面積_ha":28.35,"2023面積_ha":45.09}},{"type":"Feature","geometry":{"type":"Polygon","coordinates":[[[121.76137501855281,24.765331615109726],[121.76143007375828,24.774359475328726],[121.77131807553388,24.77430887077856],[121.77126230554803,24.76528103143335],[121.76137501855281,24.765331615109726]]]},"properties":{"grid_id":"G051_045","綠地類型":"農地","中心經度":121.766346,"中心緯度":24.76982,"分析面積_km2":1.04,"2020面積_ha":44.37,"2024面積_ha":31.14,"面積減少率_pct":29.82,"2020斑塊數":6,"2024斑塊數":8,"斑塊數增加率_pct":33.33,"2020平均斑塊面積_ha":382.575,"2024平均斑塊面積_ha":59.49,"平均斑塊面積下降率_pct":84.45,"道路切割密度_km_per_km2":12.716,"建成區邊界切割密度_km_per_km2":4.614,"孤立小斑塊比例_pct":6.94,"距大型連續綠地平均距離_m":162.6,"score_面積減少":64.33408577878103,"score_斑塊增加":55.86907449209932,"score_平均斑塊縮小":79.23250564334086,"score_道路建成區切割":83.7471783295711,"score_孤立比例":61.51241534988713,"score_距大型綠地":67.94582392776523,"綜合破碎化分數":68.8,"破碎化等級":"高","判定原因":"面積減少29.8%；斑塊增加33.3%；平均斑塊縮小84.5%；道路密度12.72 km/km²；孤立比例6.9%；距大型綠地163m","2021面積_ha":46.44,"2022面積_ha":26.1,"2023面積_ha":30.96}},{"type":"Feature","geometry":{"type":"Polygon","coordinates":[[[121.77126230554803,24.76528103143335],[121.77131807553388,24.77430887077856],[121.78120605019642,24.774257613450825],[121.78114956543881,24.76522979524866],[121.77126230554803,24.76528103143335]]]},"properties":{"grid_id":"G051_046","綠地類型":"農地","中心經度":121.776234,"中心緯度":24.769769,"分析面積_km2":1.04,"2020面積_ha":50.76,"2024面積_ha":30.6,"面積減少率_pct":39.72,"2020斑塊數":7,"2024斑塊數":8,"斑塊數增加率_pct":14.29,"2020平均斑塊面積_ha":333.013,"2024平均斑塊面積_ha":5.58,"平均斑塊面積下降率_pct":98.32,"道路切割密度_km_per_km2":13.552,"建成區邊界切割密度_km_per_km2":4.758,"孤立小斑塊比例_pct":5.0,"距大型連續綠地平均距離_m":76.0,"score_面積減少":74.2663656884876,"score_斑塊增加":48.75846501128668,"score_平均斑塊縮小":90.06772009029346,"score_道路建成區切割":87.75395033860045,"score_孤立比例":57.33634311512416,"score_距大型綠地":59.81941309255079,"綜合破碎化分數":69.7,"破碎化等級":"高","判定原因":"面積減少39.7%；斑塊增加14.3%；平均斑塊縮小98.3%；道路密度13.55 km/km²；孤立比例5.0%；距大型綠地76m","2021面積_ha":51.93,"2022面積_ha":35.01,"2023面積_ha":32.31}},{"type":"Feature","geometry":{"type":"Polygon","coordinates":[[[121.78114956543881,24.76522979524866],[121.78120605019642,24.774257613450825],[121.79109399739846,24.774205703352617],[121.79103679787777,24.76517790656273],[121.78114956543881,24.76522979524866]]]},"properties":{"grid_id":"G051_047","綠地類型":"農地","中心經度":121.786122,"中心緯度":24.769718,"分析面積_km2":1.04,"2020面積_ha":60.66,"2024面積_ha":40.95,"面積減少率_pct":32.49,"2020斑塊數":3,"2024斑塊數":8,"斑塊數增加率_pct":166.67,"2020平均斑塊面積_ha":760.74,"2024平均斑塊面積_ha":7.099,"平均斑塊面積下降率_pct":99.07,"道路切割密度_km_per_km2":10.092,"建成區邊界切割密度_km_per_km2":6.2,"孤立小斑塊比例_pct":0.0,"距大型連續綠地平均距離_m":159.6,"score_面積減少":66.59142212189616,"score_斑塊增加":89.61625282167043,"score_平均斑塊縮小":91.7607223476298,"score_道路建成區切割":78.04740406320542,"score_孤立比例":13.656884875846501,"score_距大型綠地":67.72009029345372,"綜合破碎化分數":67.9,"破碎化等級":"高","判定原因":"面積減少32.5%；斑塊增加166.7%；平均斑塊縮小99.1%；道路密度10.09 km/km²；孤立比例0.0%；距大型綠地160m","2021面積_ha":57.78,"2022面積_ha":43.92,"2023面積_ha":42.57}},{"type":"Feature","geometry":{"type":"Polygon","coordinates":[[[121.79103679787777,24.76517790656273],[121.79109399739846,24.774205703352617],[121.80098191679251,24.774153140491112],[121.80092400251758,24.765125365382747],[121.79103679787777,24.76517790656273]]]},"properties":{"grid_id":"G051_048","綠地類型":"農地","中心經度":121.796009,"中心緯度":24.769666,"分析面積_km2":1.04,"2020面積_ha":50.76,"2024面積_ha":38.52,"面積減少率_pct":24.11,"2020斑塊數":1,"2024斑塊數":7,"斑塊數增加率_pct":600.0,"2020平均斑塊面積_ha":2265.39,"2024平均斑塊面積_ha":187.997,"平均斑塊面積下降率_pct":91.7,"道路切割密度_km_per_km2":11.015,"建成區邊界切割密度_km_per_km2":6.171,"孤立小斑塊比例_pct":6.07,"距大型連續綠地平均距離_m":52.0,"score_面積減少":57.33634311512416,"score_斑塊增加":99.43566591422122,"score_平均斑塊縮小":85.32731376975168,"score_道路建成區切割":82.50564334085779,"score_孤立比例":60.0451467268623,"score_距大型綠地":56.659142212189614,"綜合破碎化分數":73.6,"破碎化等級":"高","判定原因":"面積減少24.1%；斑塊增加600.0%；平均斑塊縮小91.7%；道路密度11.02 km/km²；孤立比例6.1%；距大型綠地52m","2021面積_ha":52.2,"2022面積_ha":40.86,"2023面積_ha":39.87}},{"type":"Feature","geometry":{"type":"Polygon","coordinates":[[[121.70210151318832,24.774649393915173],[121.7021523042177,24.783677362742324],[121.71204117655205,24.783630655740446],[121.71198967034547,24.774602706174235],[121.70210151318832,24.774649393915173]]]},"properties":{"grid_id":"G052_039","綠地類型":"農地","中心經度":121.707071,"中心緯度":24.77914,"分析面積_km2":1.04,"2020面積_ha":1.35,"2024面積_ha":0.27,"面積減少率_pct":80.0,"2020斑塊數":3,"2024斑塊數":1,"斑塊數增加率_pct":0.0,"2020平均斑塊面積_ha":0.48,"2024平均斑塊面積_ha":0.27,"平均斑塊面積下降率_pct":43.75,"道路切割密度_km_per_km2":7.555,"建成區邊界切割密度_km_per_km2":0.087,"孤立小斑塊比例_pct":100.0,"距大型連續綠地平均距離_m":2224.1,"score_面積減少":90.9706546275395,"score_斑塊增加":24.040632054176072,"score_平均斑塊縮小":37.020316027088036,"score_道路建成區切割":25.62076749435666,"score_孤立比例":93.56659142212189,"score_距大型綠地":96.16252821670429,"綜合破碎化分數":61.2,"破碎化等級":"高","判定原因":"面積減少80.0%；斑塊增加0.0%；平均斑塊縮小43.8%；道路密度7.55 km/km²；孤立比例100.0%；距大型綠地2224m","2021面積_ha":1.44,"2022面積_ha":0.0,"2023面積_ha":0.0}},{"type":"Feature","geometry":{"type":"Polygon","coordinates":[[[121.77131807553388,24.77430887077856],[121.77137387263278,24.78333669912379],[121.78126256241457,24.78328542065004],[121.78120605019642,24.774257613450825],[121.77131807553388,24.77430887077856]]]},"properties":{"grid_id":"G052_046","綠地類型":"農地","中心經度":121.77629,"中心緯度":24.778797,"分析面積_km2":1.04,"2020面積_ha":56.43,"2024面積_ha":45.18,"面積減少率_pct":19.94,"2020斑塊數":3,"2024斑塊數":5,"斑塊數增加率_pct":66.67,"2020平均斑塊面積_ha":764.46,"2024平均斑塊面積_ha":93.06,"平均斑塊面積下降率_pct":87.83,"道路切割密度_km_per_km2":12.341,"建成區邊界切割密度_km_per_km2":5.709,"孤立小斑塊比例_pct":1.79,"距大型連續綠地平均距離_m":9.5,"score_面積減少":51.24153498871332,"score_斑塊增加":68.51015801354401,"score_平均斑塊縮小":81.7155756207675,"score_道路建成區切割":87.41534988713317,"score_孤立比例":42.66365688487584,"score_距大型綠地":37.24604966139955,"綜合破碎化分數":61.5,"破碎化等級":"高","判定原因":"面積減少19.9%；斑塊增加66.7%；平均斑塊縮小87.8%；道路密度12.34 km/km²；孤立比例1.8%；距大型綠地10m","2021面積_ha":61.65,"2022面積_ha":49.14,"2023面積_ha":46.35}},{"type":"Feature","geometry":{"type":"Polygon","coordinates":[[[121.78120605019642,24.774257613450825],[121.78126256241457,24.78328542065004],[121.7911512247271,24.783233489136535],[121.79109399739846,24.774205703352617],[121.78120605019642,24.774257613450825]]]},"properties":{"grid_id":"G052_047","綠地類型":"農地","中心經度":121.786178,"中心緯度":24.778746,"分析面積_km2":1.04,"2020面積_ha":49.86,"2024面積_ha":33.12,"面積減少率_pct":33.57,"2020斑塊數":3,"2024斑塊數":7,"斑塊數增加率_pct":133.33,"2020平均斑塊面積_ha":759.51,"2024平均斑塊面積_ha":244.067,"平均斑塊面積下降率_pct":67.87,"道路切割密度_km_per_km2":10.755,"建成區邊界切割密度_km_per_km2":5.45,"孤立小斑塊比例_pct":7.61,"距大型連續綠地平均距離_m":51.7,"score_面積減少":68.39729119638827,"score_斑塊增加":87.13318284424379,"score_平均斑塊縮小":61.17381489841986,"score_道路建成區切割":78.16027088036118,"score_孤立比例":62.75395033860045,"score_距大型綠地":56.43340857787811,"綜合破碎化分數":69.0,"破碎化等級":"高","判定原因":"面積減少33.6%；斑塊增加133.3%；平均斑塊縮小67.9%；道路密度10.76 km/km²；孤立比例7.6%；距大型綠地52m","2021面積_ha":46.71,"2022面積_ha":39.15,"2023面積_ha":39.24}},{"type":"Feature","geometry":{"type":"Polygon","coordinates":[[[121.81086980803114,24.774099924873582],[121.81092846555424,24.783127667019095],[121.81788706912684,24.78308981224442],[121.8176678,24.779026699999996],[121.8177463,24.777891199999996],[121.8178294,24.7766884],[121.8179089,24.775536899999995],[121.81798809999998,24.774390599999993],[121.8180108497577,24.774061086485467],[121.81086980803114,24.774099924873582]]]},"properties":{"grid_id":"G052_050","綠地類型":"農地","中心經度":121.814303,"中心緯度":24.778478,"分析面積_km2":0.737,"2020面積_ha":23.49,"2024面積_ha":19.98,"面積減少率_pct":14.94,"2020斑塊數":1,"2024斑塊數":3,"斑塊數增加率_pct":200.0,"2020平均斑塊面積_ha":2265.39,"2024平均斑塊面積_ha":411.3,"平均斑塊面積下降率_pct":81.84,"道路切割密度_km_per_km2":7.733,"建成區邊界切割密度_km_per_km2":2.198,"孤立小斑塊比例_pct":11.71,"距大型連續綠地平均距離_m":14.7,"score_面積減少":41.98645598194131,"score_斑塊增加":91.7607223476298,"score_平均斑塊縮小":75.62076749435666,"score_道路建成區切割":45.372460496613996,"score_孤立比例":69.52595936794582,"score_距大型綠地":41.309255079006775,"綜合破碎化分數":60.9,"破碎化等級":"高","判定原因":"面積減少14.9%；斑塊增加200.0%；平均斑塊縮小81.8%；道路密度7.73 km/km²；孤立比例11.7%；距大型綠地15m","2021面積_ha":23.31,"2022面積_ha":18.81,"2023面積_ha":19.35}},{"type":"Feature","geometry":{"type":"Polygon","coordinates":[[[121.77137387263278,24.78333669912379],[121.77142969685336,24.792364516466048],[121.78131910210195,24.79231321684332],[121.78126256241457,24.78328542065004],[121.77137387263278,24.78333669912379]]]},"properties":{"grid_id":"G053_046","綠地類型":"農地","中心經度":121.776346,"中心緯度":24.787825,"分析面積_km2":1.04,"2020面積_ha":78.3,"2024面積_ha":68.31,"面積減少率_pct":12.76,"2020斑塊數":1,"2024斑塊數":2,"斑塊數增加率_pct":100.0,"2020平均斑塊面積_ha":2265.39,"2024平均斑塊面積_ha":222.705,"平均斑塊面積下降率_pct":90.17,"道路切割密度_km_per_km2":10.842,"建成區邊界切割密度_km_per_km2":6.2,"孤立小斑塊比例_pct":1.45,"距大型連續綠地平均距離_m":1.8,"score_面積減少":39.27765237020316,"score_斑塊增加":78.3295711060948,"score_平均斑塊縮小":84.19864559819413,"score_道路建成區切割":82.05417607223475,"score_孤立比例":40.85778781038375,"score_距大型綠地":25.95936794582393,"綜合破碎化分數":58.4,"破碎化等級":"高","判定原因":"面積減少12.8%；斑塊增加100.0%；平均斑塊縮小90.2%；道路密度10.84 km/km²；孤立比例1.4%；距大型綠地2m","2021面積_ha":77.49,"2022面積_ha":70.02,"2023面積_ha":68.13}},{"type":"Feature","geometry":{"type":"Polygon","coordinates":[[[121.78126256241457,24.78328542065004],[121.78131910210195,24.79231321684332],[121.79120847987258,24.792261263911513],[121.7911512247271,24.783233489136535],[121.78126256241457,24.78328542065004]]]},"properties":{"grid_id":"G053_047","綠地類型":"農地","中心經度":121.786235,"中心緯度":24.787773,"分析面積_km2":1.04,"2020面積_ha":74.16,"2024面積_ha":54.36,"面積減少率_pct":26.7,"2020斑塊數":1,"2024斑塊數":3,"斑塊數增加率_pct":200.0,"2020平均斑塊面積_ha":2265.39,"2024平均斑塊面積_ha":558.57,"平均斑塊面積下降率_pct":75.34,"道路切割密度_km_per_km2":9.775,"建成區邊界切割密度_km_per_km2":6.2,"孤立小斑塊比例_pct":0.17,"距大型連續綠地平均距離_m":0.2,"score_面積減少":60.270880361173816,"score_斑塊增加":91.7607223476298,"score_平均斑塊縮小":68.62302483069978,"score_道路建成區切割":75.79006772009029,"score_孤立比例":29.232505643340858,"score_距大型綠地":19.63882618510158,"綜合破碎化分數":57.6,"破碎化等級":"高","判定原因":"面積減少26.7%；斑塊增加200.0%；平均斑塊縮小75.3%；道路密度9.78 km/km²；孤立比例0.2%；距大型綠地0m","2021面積_ha":70.11,"2022面積_ha":62.19,"2023面積_ha":59.49}},{"type":"Feature","geometry":{"type":"Polygon","coordinates":[[[121.7911512247271,24.783233489136535],[121.79120847987258,24.792261263911513],[121.80109782981755,24.792208657677822],[121.80103985922284,24.783180904590463],[121.7911512247271,24.783233489136535]]]},"properties":{"grid_id":"G053_048","綠地類型":"農地","中心經度":121.796124,"中心緯度":24.787721,"分析面積_km2":1.04,"2020面積_ha":65.25,"2024面積_ha":42.75,"面積減少率_pct":34.48,"2020斑塊數":2,"2024斑塊數":5,"斑塊數增加率_pct":150.0,"2020平均斑塊面積_ha":1132.875,"2024平均斑塊面積_ha":335.286,"平均斑塊面積下降率_pct":70.4,"道路切割密度_km_per_km2":10.784,"建成區邊界切割密度_km_per_km2":4.642,"孤立小斑塊比例_pct":1.68,"距大型連續綠地平均距離_m":2.0,"score_面積減少":68.62302483069978,"score_斑塊增加":88.48758465011286,"score_平均斑塊縮小":63.6568848758465,"score_道路建成區切割":74.04063205417607,"score_孤立比例":41.98645598194131,"score_距大型綠地":26.63656884875846,"綜合破碎化分數":60.6,"破碎化等級":"高","判定原因":"面積減少34.5%；斑塊增加150.0%；平均斑塊縮小70.4%；道路密度10.78 km/km²；孤立比例1.7%；距大型綠地2m","2021面積_ha":61.65,"2022面積_ha":55.89,"2023面積_ha":45.09}},{"type":"Feature","geometry":{"type":"Polygon","coordinates":[[[121.7219822706098,24.792611214698333],[121.7220345427612,24.801639122753986],[121.73192479604084,24.801591069976165],[121.73187180803298,24.792563181725622],[121.7219822706098,24.792611214698333]]]},"properties":{"grid_id":"G054_041","綠地類型":"農地","中心經度":121.726953,"中心緯度":24.797101,"分析面積_km2":1.04,"2020面積_ha":4.05,"2024面積_ha":8.1,"面積減少率_pct":0.0,"2020斑塊數":1,"2024斑塊數":7,"斑塊數增加率_pct":600.0,"2020平均斑塊面積_ha":4.05,"2024平均斑塊面積_ha":1.26,"平均斑塊面積下降率_pct":68.89,"道路切割密度_km_per_km2":8.939,"建成區邊界切割密度_km_per_km2":1.038,"孤立小斑塊比例_pct":17.78,"距大型連續綠地平均距離_m":1176.4,"score_面積減少":9.255079006772009,"score_斑塊增加":99.43566591422122,"score_平均斑塊縮小":61.8510158013544,"score_道路建成區切割":43.39729119638826,"score_孤立比例":75.39503386004515,"score_距大型綠地":90.9706546275395,"綜合破碎化分數":63.4,"破碎化等級":"高","判定原因":"面積減少0.0%；斑塊增加600.0%；平均斑塊縮小68.9%；道路密度8.94 km/km²；孤立比例17.8%；距大型綠地1176m","2021面積_ha":4.77,"2022面積_ha":0.0,"2023面積_ha":7.83}},{"type":"Feature","geometry":{"type":"Polygon","coordinates":[[[121.751650805313,24.79246515575598],[121.75170522500919,24.80149300358815],[121.76159540000226,24.801442989991536],[121.76154026447449,24.792415162772606],[121.751650805313,24.79246515575598]]]},"properties":{"grid_id":"G054_044","綠地類型":"農地","中心經度":121.756623,"中心緯度":24.796954,"分析面積_km2":1.04,"2020面積_ha":57.15,"2024面積_ha":47.34,"面積減少率_pct":17.17,"2020斑塊數":1,"2024斑塊數":5,"斑塊數增加率_pct":400.0,"2020平均斑塊面積_ha":294.12,"2024平均斑塊面積_ha":48.744,"平均斑塊面積下降率_pct":83.43,"道路切割密度_km_per_km2":10.957,"建成區邊界切割密度_km_per_km2":5.248,"孤立小斑塊比例_pct":0.38,"距大型連續綠地平均距離_m":0.3,"score_面積減少":45.372460496613996,"score_斑塊增加":97.40406320541761,"score_平均斑塊縮小":77.20090293453724,"score_道路建成區切割":78.16027088036117,"score_孤立比例":31.82844243792325,"score_距大型綠地":20.654627539503387,"綜合破碎化分數":58.4,"破碎化等級":"高","判定原因":"面積減少17.2%；斑塊增加400.0%；平均斑塊縮小83.4%；道路密度10.96 km/km²；孤立比例0.4%；距大型綠地0m","2021面積_ha":61.38,"2022面積_ha":42.12,"2023面積_ha":51.48}},{"type":"Feature","geometry":{"type":"Polygon","coordinates":[[[121.78131910210195,24.79231321684332],[121.7813756692673,24.80134100202769],[121.79126576284366,24.80128902767457],[121.79120847987258,24.792261263911513],[121.78131910210195,24.79231321684332]]]},"properties":{"grid_id":"G054_047","綠地類型":"農地","中心經度":121.786292,"中心緯度":24.796801,"分析面積_km2":1.04,"2020面積_ha":61.02,"2024面積_ha":41.22,"面積減少率_pct":32.45,"2020斑塊數":1,"2024斑塊數":7,"斑塊數增加率_pct":600.0,"2020平均斑塊面積_ha":2265.39,"2024平均斑塊面積_ha":242.537,"平均斑塊面積下降率_pct":89.29,"道路切割密度_km_per_km2":10.755,"建成區邊界切割密度_km_per_km2":6.603,"孤立小斑塊比例_pct":7.21,"距大型連續綠地平均距離_m":88.8,"score_面積減少":66.36568848758465,"score_斑塊增加":99.43566591422122,"score_平均斑塊縮小":83.7471783295711,"score_道路建成區切割":82.11060948081264,"score_孤立比例":62.07674943566591,"score_距大型綠地":62.528216704288944,"綜合破碎化分數":76.0,"破碎化等級":"高","判定原因":"面積減少32.5%；斑塊增加600.0%；平均斑塊縮小89.3%；道路密度10.76 km/km²；孤立比例7.2%；距大型綠地89m","2021面積_ha":57.96,"2022面積_ha":53.64,"2023面積_ha":47.52}},{"type":"Feature","geometry":{"type":"Polygon","coordinates":[[[121.77148554820423,24.80139232280238],[121.77154142669403,24.81042011812981],[121.78143226391934,24.810368776200182],[121.7813756692673,24.80134100202769],[121.77148554820423,24.80139232280238]]]},"properties":{"grid_id":"G055_046","綠地類型":"農地","中心經度":121.776459,"中心緯度":24.805881,"分析面積_km2":1.04,"2020面積_ha":56.52,"2024面積_ha":45.36,"面積減少率_pct":19.75,"2020斑塊數":4,"2024斑塊數":10,"斑塊數增加率_pct":150.0,"2020平均斑塊面積_ha":647.707,"2024平均斑塊面積_ha":181.242,"平均斑塊面積下降率_pct":72.02,"道路切割密度_km_per_km2":13.149,"建成區邊界切割密度_km_per_km2":4.642,"孤立小斑塊比例_pct":1.98,"距大型連續綠地平均距離_m":12.8,"score_面積減少":50.79006772009029,"score_斑塊增加":88.48758465011286,"score_平均斑塊縮小":65.46275395033861,"score_道路建成區切割":85.72234762979684,"score_孤立比例":43.792325056433405,"score_距大型綠地":39.954853273137694,"綜合破碎化分數":62.4,"破碎化等級":"高","判定原因":"面積減少19.8%；斑塊增加150.0%；平均斑塊縮小72.0%；道路密度13.15 km/km²；孤立比例2.0%；距大型綠地13m","2021面積_ha":52.29,"2022面積_ha":45.54,"2023面積_ha":49.05}},{"type":"Feature","geometry":{"type":"Polygon","coordinates":[[[121.81104586614518,24.801183118261886],[121.81110460923115,24.81021082735323],[121.82090864158017,24.81015734585561],[121.82078009999998,24.809210100000005],[121.82051000000001,24.808169999999993],[121.8203826,24.807288499999995],[121.8199709,24.804427999999998],[121.8198191,24.803026599999995],[121.81972000000002,24.8019679],[121.8195855,24.8012307],[121.81956148629992,24.801136717540086],[121.81104586614518,24.801183118261886]]]},"properties":{"grid_id":"G055_050","綠地類型":"農地","中心經度":121.815627,"中心緯度":24.805883,"分析面積_km2":0.959,"2020面積_ha":6.75,"2024面積_ha":8.64,"面積減少率_pct":0.0,"2020斑塊數":2,"2024斑塊數":7,"斑塊數增加率_pct":250.0,"2020平均斑塊面積_ha":1137.6,"2024平均斑塊面積_ha":177.763,"平均斑塊面積下降率_pct":84.37,"道路切割密度_km_per_km2":8.881,"建成區邊界切割密度_km_per_km2":1.282,"孤立小斑塊比例_pct":21.88,"距大型連續綠地平均距離_m":190.5,"score_面積減少":9.255079006772009,"score_斑塊增加":94.69525959367945,"score_平均斑塊縮小":79.00677200902935,"score_道路建成區切割":44.41309255079007,"score_孤立比例":79.23250564334086,"score_距大型綠地":70.20316027088036,"綜合破碎化分數":62.8,"破碎化等級":"高","判定原因":"面積減少0.0%；斑塊增加250.0%；平均斑塊縮小84.4%；道路密度8.88 km/km²；孤立比例21.9%；距大型綠地190m","2021面積_ha":6.48,"2022面積_ha":5.04,"2023面積_ha":6.57}},{"type":"Feature","geometry":{"type":"Polygon","coordinates":[[[121.77154142669403,24.81042011812981],[121.77159733233134,24.81944790244537],[121.78148888606682,24.81939653935783],[121.78143226391934,24.810368776200182],[121.77154142669403,24.81042011812981]]]},"properties":{"grid_id":"G056_046","綠地類型":"農地","中心經度":121.776515,"中心緯度":24.814908,"分析面積_km2":1.04,"2020面積_ha":61.11,"2024面積_ha":47.79,"面積減少率_pct":21.8,"2020斑塊數":2,"2024斑塊數":6,"斑塊數增加率_pct":200.0,"2020平均斑塊面積_ha":162.45,"2024平均斑塊面積_ha":32.805,"平均斑塊面積下降率_pct":79.81,"道路切割密度_km_per_km2":12.514,"建成區邊界切割密度_km_per_km2":5.19,"孤立小斑塊比例_pct":5.27,"距大型連續綠地平均距離_m":6.1,"score_面積減少":54.176072234762984,"score_斑塊增加":91.7607223476298,"score_平均斑塊縮小":72.686230248307,"score_道路建成區切割":86.00451467268623,"score_孤立比例":58.69074492099323,"score_距大型綠地":32.27990970654628,"綜合破碎化分數":65.9,"破碎化等級":"高","判定原因":"面積減少21.8%；斑塊增加200.0%；平均斑塊縮小79.8%；道路密度12.51 km/km²；孤立比例5.3%；距大型綠地6m","2021面積_ha":58.32,"2022面積_ha":50.85,"2023面積_ha":53.73}},{"type":"Feature","geometry":{"type":"Polygon","coordinates":[[[121.78143226391934,24.810368776200182],[121.78148888606682,24.81939653935783],[121.79138041229812,24.819344522153035],[121.79132307364922,24.810316780422735],[121.78143226391934,24.810368776200182]]]},"properties":{"grid_id":"G056_047","綠地類型":"農地","中心經度":121.786406,"中心緯度":24.814857,"分析面積_km2":1.04,"2020面積_ha":77.94,"2024面積_ha":60.57,"面積減少率_pct":22.29,"2020斑塊數":1,"2024斑塊數":6,"斑塊數增加率_pct":500.0,"2020平均斑塊面積_ha":291.87,"2024平均斑塊面積_ha":32.7,"平均斑塊面積下降率_pct":88.8,"道路切割密度_km_per_km2":9.573,"建成區邊界切割密度_km_per_km2":5.652,"孤立小斑塊比例_pct":2.97,"距大型連續綠地平均距離_m":3.3,"score_面積減少":54.627539503386004,"score_斑塊增加":98.53273137697516,"score_平均斑塊縮小":83.06997742663657,"score_道路建成區切割":72.17832957110609,"score_孤立比例":48.306997742663654,"score_距大型綠地":29.571106094808126,"綜合破碎化分數":64.4,"破碎化等級":"高","判定原因":"面積減少22.3%；斑塊增加500.0%；平均斑塊縮小88.8%；道路密度9.57 km/km²；孤立比例3.0%；距大型綠地3m","2021面積_ha":72.81,"2022面積_ha":64.53,"2023面積_ha":61.83}},{"type":"Feature","geometry":{"type":"Polygon","coordinates":[[[121.79132307364922,24.810316780422735],[121.79138041229812,24.819344522153035],[121.80127191067724,24.819291850838184],[121.80121385553579,24.81026413080465],[121.79132307364922,24.810316780422735]]]},"properties":{"grid_id":"G056_048","綠地類型":"農地","中心經度":121.796297,"中心緯度":24.814804,"分析面積_km2":1.04,"2020面積_ha":29.88,"2024面積_ha":19.08,"面積減少率_pct":36.14,"2020斑塊數":5,"2024斑塊數":7,"斑塊數增加率_pct":40.0,"2020平均斑塊面積_ha":511.542,"2024平均斑塊面積_ha":193.564,"平均斑塊面積下降率_pct":62.16,"道路切割密度_km_per_km2":10.582,"建成區邊界切割密度_km_per_km2":2.595,"孤立小斑塊比例_pct":3.77,"距大型連續綠地平均距離_m":99.8,"score_面積減少":70.6546275395034,"score_斑塊增加":58.80361173814899,"score_平均斑塊縮小":55.98194130925508,"score_道路建成區切割":61.963882618510155,"score_孤立比例":53.04740406320542,"score_距大型綠地":63.88261851015802,"綜合破碎化分數":60.7,"破碎化等級":"高","判定原因":"面積減少36.1%；斑塊增加40.0%；平均斑塊縮小62.2%；道路密度10.58 km/km²；孤立比例3.8%；距大型綠地100m","2021面積_ha":26.37,"2022面積_ha":24.75,"2023面積_ha":14.85}},{"type":"Feature","geometry":{"type":"Polygon","coordinates":[[[121.77159733233134,24.81944790244537],[121.77165326512484,24.8284756757461],[121.78154553571846,24.82842429149766],[121.78148888606682,24.81939653935783],[121.77159733233134,24.81944790244537]]]},"properties":{"grid_id":"G057_046","綠地類型":"農地","中心經度":121.776571,"中心緯度":24.823936,"分析面積_km2":1.04,"2020面積_ha":48.69,"2024面積_ha":35.46,"面積減少率_pct":27.17,"2020斑塊數":1,"2024斑塊數":5,"斑塊數增加率_pct":400.0,"2020平均斑塊面積_ha":291.87,"2024平均斑塊面積_ha":37.548,"平均斑塊面積下降率_pct":87.14,"道路切割密度_km_per_km2":10.986,"建成區邊界切割密度_km_per_km2":2.48,"孤立小斑塊比例_pct":1.02,"距大型連續綠地平均距離_m":19.0,"score_面積減少":61.6252821670429,"score_斑塊增加":97.40406320541761,"score_平均斑塊縮小":81.03837471783297,"score_道路建成區切割":63.93905191873589,"score_孤立比例":37.471783295711056,"score_距大型綠地":42.66365688487584,"綜合破碎化分數":64.0,"破碎化等級":"高","判定原因":"面積減少27.2%；斑塊增加400.0%；平均斑塊縮小87.1%；道路密度10.99 km/km²；孤立比例1.0%；距大型綠地19m","2021面積_ha":46.44,"2022面積_ha":36.45,"2023面積_ha":42.03}},{"type":"Feature","geometry":{"type":"Polygon","coordinates":[[[121.78148888606682,24.81939653935783],[121.78154553571846,24.82842429149766],[121.79143777879918,24.828372252862508],[121.79138041229812,24.819344522153035],[121.78148888606682,24.81939653935783]]]},"properties":{"grid_id":"G057_047","綠地類型":"農地","中心經度":121.786463,"中心緯度":24.823884,"分析面積_km2":1.04,"2020面積_ha":50.13,"2024面積_ha":30.42,"面積減少率_pct":39.32,"2020斑塊數":2,"2024斑塊數":6,"斑塊數增加率_pct":200.0,"2020平均斑塊面積_ha":146.43,"2024平均斑塊面積_ha":31.515,"平均斑塊面積下降率_pct":78.48,"道路切割密度_km_per_km2":13.581,"建成區邊界切割密度_km_per_km2":4.296,"孤立小斑塊比例_pct":4.44,"距大型連續綠地平均距離_m":11.5,"score_面積減少":73.81489841986456,"score_斑塊增加":91.7607223476298,"score_平均斑塊縮小":71.33182844243792,"score_道路建成區切割":84.59367945823928,"score_孤立比例":55.53047404063205,"score_距大型綠地":39.05191873589165,"綜合破碎化分數":69.3,"破碎化等級":"高","判定原因":"面積減少39.3%；斑塊增加200.0%；平均斑塊縮小78.5%；道路密度13.58 km/km²；孤立比例4.4%；距大型綠地12m","2021面積_ha":38.79,"2022面積_ha":28.26,"2023面積_ha":35.37}},{"type":"Feature","geometry":{"type":"Polygon","coordinates":[[[121.78154553571846,24.82842429149766],[121.78160221288303,24.837452032616714],[121.79149517316127,24.837399972548173],[121.79143777879918,24.828372252862508],[121.78154553571846,24.82842429149766]]]},"properties":{"grid_id":"G058_047","綠地類型":"農地","中心經度":121.78652,"中心緯度":24.832912,"分析面積_km2":1.04,"2020面積_ha":24.03,"2024面積_ha":19.8,"面積減少率_pct":17.6,"2020斑塊數":3,"2024斑塊數":4,"斑塊數增加率_pct":33.33,"2020平均斑塊面積_ha":97.41,"2024平均斑塊面積_ha":19.98,"平均斑塊面積下降率_pct":79.49,"道路切割密度_km_per_km2":16.926,"建成區邊界切割密度_km_per_km2":2.509,"孤立小斑塊比例_pct":4.55,"距大型連續綠地平均距離_m":8.3,"score_面積減少":46.72686230248307,"score_斑塊增加":55.86907449209932,"score_平均斑塊縮小":72.00902934537245,"score_道路建成區切割":78.95033860045146,"score_孤立比例":55.98194130925508,"score_距大型綠地":34.537246049661405,"綜合破碎化分數":57.3,"破碎化等級":"高","判定原因":"面積減少17.6%；斑塊增加33.3%；平均斑塊縮小79.5%；道路密度16.93 km/km²；孤立比例4.5%；距大型綠地8m","2021面積_ha":21.6,"2022面積_ha":13.95,"2023面積_ha":19.35}},{"type":"Feature","geometry":{"type":"Polygon","coordinates":[[[121.82117388538379,24.837239864477652],[121.82123346019937,24.846267507210108],[121.82868639022603,24.846226361112848],[121.82828090000001,24.845040999999995],[121.8279381,24.844035499999997],[121.82783170000002,24.843795799999995],[121.82755240000002,24.8433237],[121.82727529999998,24.842408499999998],[121.82721130000002,24.8421733],[121.8272059,24.842147699999995],[121.82716119999999,24.842014799999994],[121.827014,24.8415051],[121.8267623,24.840633],[121.826738,24.840521999999993],[121.8265313,24.839579599999997],[121.8262922,24.8386937],[121.8261779,24.8378381],[121.82608283458072,24.8372128141336],[121.82117388538379,24.837239864477652]]]},"properties":{"grid_id":"G059_051","綠地類型":"農地","中心經度":121.824146,"中心緯度":24.841776,"分析面積_km2":0.621,"2020面積_ha":0.18,"2024面積_ha":0.27,"面積減少率_pct":0.0,"2020斑塊數":1,"2024斑塊數":2,"斑塊數增加率_pct":100.0,"2020平均斑塊面積_ha":21.42,"2024平均斑塊面積_ha":0.135,"平均斑塊面積下降率_pct":99.37,"道路切割密度_km_per_km2":8.019,"建成區邊界切割密度_km_per_km2":0.0,"孤立小斑塊比例_pct":100.0,"距大型連續綠地平均距離_m":250.5,"score_面積減少":9.255079006772009,"score_斑塊增加":78.3295711060948,"score_平均斑塊縮小":92.7765237020316,"score_道路建成區切割":21.557562076749434,"score_孤立比例":93.56659142212189,"score_距大型綠地":72.46049661399549,"綜合破碎化分數":61.3,"破碎化等級":"高","判定原因":"面積減少0.0%；斑塊增加100.0%；平均斑塊縮小99.4%；道路密度8.02 km/km²；孤立比例100.0%；距大型綠地250m","2021面積_ha":0.18,"2022面積_ha":0.36,"2023面積_ha":0.18}}]}