{"type":"FeatureCollection","features":[{"type":"Feature","geometry":{"type":"Polygon","coordinates":[[[121.36486938128515,24.423729753804004],[121.36489535367681,24.43275864059042],[121.37475722708876,24.432734534787816],[121.3747305527917,24.423705658049567],[121.36486938128515,24.423729753804004]]]},"properties":{"grid_id":"G013_005","綠地類型":"農地","中心經度":121.369813,"中心緯度":24.428232,"分析面積_km2":1.04,"2020面積_ha":51.12,"2024面積_ha":39.69,"面積減少率_pct":22.36,"2020斑塊數":3,"2024斑塊數":6,"斑塊數增加率_pct":100.0,"2020平均斑塊面積_ha":49.26,"2024平均斑塊面積_ha":17.145,"平均斑塊面積下降率_pct":65.19,"道路切割密度_km_per_km2":9.112,"建成區邊界切割密度_km_per_km2":0.865,"孤立小斑塊比例_pct":1.13,"距大型連續綠地平均距離_m":1.6,"score_面積減少":55.07900677200903,"score_斑塊增加":78.3295711060948,"score_平均斑塊縮小":58.69074492099323,"score_道路建成區切割":43.17155756207675,"score_孤立比例":38.93905191873589,"score_距大型綠地":25.28216704288939,"綜合破碎化分數":49.9,"破碎化等級":"中","判定原因":"面積減少22.4%；斑塊增加100.0%；平均斑塊縮小65.2%；道路密度9.11 km/km²；孤立比例1.1%；距大型綠地2m","2021面積_ha":53.01,"2022面積_ha":50.04,"2023面積_ha":50.94}},{"type":"Feature","geometry":{"type":"Polygon","coordinates":[[[121.79880088643435,24.43108997433353],[121.79885776519035,24.440118154673343],[121.8076965212276,24.440071214934136],[121.80481249999998,24.437948499999997],[121.80422289999998,24.437424600000003],[121.80232459999999,24.435614299999997],[121.8004289,24.433182999999996],[121.7993433,24.43141689999999],[121.79921099967166,24.43108780853163],[121.79880088643435,24.43108997433353]]]},"properties":{"grid_id":"G014_049","綠地類型":"農地","中心經度":121.800099,"中心緯度":24.434405,"分析面積_km2":0.426,"2020面積_ha":1.35,"2024面積_ha":0.9,"面積減少率_pct":33.33,"2020斑塊數":2,"2024斑塊數":1,"斑塊數增加率_pct":0.0,"2020平均斑塊面積_ha":13.5,"2024平均斑塊面積_ha":9.63,"平均斑塊面積下降率_pct":28.67,"道路切割密度_km_per_km2":9.796,"建成區邊界切割密度_km_per_km2":0.352,"孤立小斑塊比例_pct":0.0,"距大型連續綠地平均距離_m":1242.7,"score_面積減少":68.058690744921,"score_斑塊增加":24.040632054176072,"score_平均斑塊縮小":27.088036117381492,"score_道路建成區切割":41.42212189616253,"score_孤立比例":13.656884875846501,"score_距大型綠地":91.87358916478556,"綜合破碎化分數":44.4,"破碎化等級":"中","判定原因":"面積減少33.3%；斑塊增加0.0%；平均斑塊縮小28.7%；道路密度9.80 km/km²；孤立比例0.0%；距大型綠地1243m","2021面積_ha":1.08,"2022面積_ha":0.27,"2023面積_ha":0.81}},{"type":"Feature","geometry":{"type":"Polygon","coordinates":[[[121.38467388003941,24.45076748664309],[121.38470129644179,24.459796320651087],[121.39456525115564,24.459770897534668],[121.3945371318254,24.45074207411509],[121.38467388003941,24.45076748664309]]]},"properties":{"grid_id":"G016_007","綠地類型":"農地","中心經度":121.389619,"中心緯度":24.455269,"分析面積_km2":1.04,"2020面積_ha":18.9,"2024面積_ha":16.65,"面積減少率_pct":11.9,"2020斑塊數":7,"2024斑塊數":10,"斑塊數增加率_pct":42.86,"2020平均斑塊面積_ha":7.714,"2024平均斑塊面積_ha":3.69,"平均斑塊面積下降率_pct":52.17,"道路切割密度_km_per_km2":7.468,"建成區邊界切割密度_km_per_km2":0.346,"孤立小斑塊比例_pct":9.19,"距大型連續綠地平均距離_m":148.6,"score_面積減少":37.69751693002257,"score_斑塊增加":59.59367945823928,"score_平均斑塊縮小":45.82392776523702,"score_道路建成區切割":30.4176072234763,"score_孤立比例":65.46275395033861,"score_距大型綠地":67.2686230248307,"綜合破碎化分數":51.0,"破碎化等級":"中","判定原因":"面積減少11.9%；斑塊增加42.9%；平均斑塊縮小52.2%；道路密度7.47 km/km²；孤立比例9.2%；距大型綠地149m","2021面積_ha":17.19,"2022面積_ha":18.99,"2023面積_ha":21.06}},{"type":"Feature","geometry":{"type":"Polygon","coordinates":[[[121.3945371318254,24.45074207411509],[121.39456525115564,24.459770897534668],[121.40442919211597,24.45974483084298],[121.40440036986217,24.450716018279856],[121.3945371318254,24.45074207411509]]]},"properties":{"grid_id":"G016_008","綠地類型":"農地","中心經度":121.399483,"中心緯度":24.455244,"分析面積_km2":1.04,"2020面積_ha":0.99,"2024面積_ha":1.35,"面積減少率_pct":0.0,"2020斑塊數":2,"2024斑塊數":5,"斑塊數增加率_pct":150.0,"2020平均斑塊面積_ha":1.08,"2024平均斑塊面積_ha":0.594,"平均斑塊面積下降率_pct":45.0,"道路切割密度_km_per_km2":4.787,"建成區邊界切割密度_km_per_km2":0.0,"孤立小斑塊比例_pct":100.0,"距大型連續綠地平均距離_m":569.1,"score_面積減少":9.255079006772009,"score_斑塊增加":88.48758465011286,"score_平均斑塊縮小":38.71331828442438,"score_道路建成區切割":11.173814898419865,"score_孤立比例":93.56659142212189,"score_距大型綠地":83.7471783295711,"綜合破碎化分數":54.2,"破碎化等級":"中","判定原因":"面積減少0.0%；斑塊增加150.0%；平均斑塊縮小45.0%；道路密度4.79 km/km²；孤立比例100.0%；距大型綠地569m","2021面積_ha":0.0,"2022面積_ha":6.3,"2023面積_ha":3.96}},{"type":"Feature","geometry":{"type":"Polygon","coordinates":[[[121.78905226549632,24.4491981083479],[121.78910849725585,24.45822628846438],[121.7989716061973,24.458174482655544],[121.7989146717751,24.44914632411502],[121.78905226549632,24.4491981083479]]]},"properties":{"grid_id":"G016_048","綠地類型":"農地","中心經度":121.794012,"中心緯度":24.453686,"分析面積_km2":1.04,"2020面積_ha":9.81,"2024面積_ha":7.11,"面積減少率_pct":27.52,"2020斑塊數":1,"2024斑塊數":3,"斑塊數增加率_pct":200.0,"2020平均斑塊面積_ha":177.03,"2024平均斑塊面積_ha":39.18,"平均斑塊面積下降率_pct":77.87,"道路切割密度_km_per_km2":4.7,"建成區邊界切割密度_km_per_km2":0.288,"孤立小斑塊比例_pct":5.06,"距大型連續綠地平均距離_m":3.5,"score_面積減少":62.07674943566591,"score_斑塊增加":91.7607223476298,"score_平均斑塊縮小":71.10609480812641,"score_道路建成區切割":20.936794582392775,"score_孤立比例":57.56207674943566,"score_距大型綠地":29.79683972911964,"綜合破碎化分數":55.5,"破碎化等級":"中","判定原因":"面積減少27.5%；斑塊增加200.0%；平均斑塊縮小77.9%；道路密度4.70 km/km²；孤立比例5.1%；距大型綠地4m","2021面積_ha":11.43,"2022面積_ha":6.75,"2023面積_ha":8.55}},{"type":"Feature","geometry":{"type":"Polygon","coordinates":[[[121.78910849725585,24.45822628846438],[121.78916475651795,24.467254457679676],[121.79902856846566,24.46720263029189],[121.7989716061973,24.458174482655544],[121.78910849725585,24.45822628846438]]]},"properties":{"grid_id":"G017_048","綠地類型":"農地","中心經度":121.794068,"中心緯度":24.462715,"分析面積_km2":1.04,"2020面積_ha":29.07,"2024面積_ha":0.45,"面積減少率_pct":98.45,"2020斑塊數":3,"2024斑塊數":2,"斑塊數增加率_pct":0.0,"2020平均斑塊面積_ha":59.25,"2024平均斑塊面積_ha":58.635,"平均斑塊面積下降率_pct":1.04,"道路切割密度_km_per_km2":9.977,"建成區邊界切割密度_km_per_km2":0.058,"孤立小斑塊比例_pct":20.0,"距大型連續綠地平均距離_m":21.6,"score_面積減少":94.80812641083521,"score_斑塊增加":24.040632054176072,"score_平均斑塊縮小":18.284424379232505,"score_道路建成區切割":36.3431151241535,"score_孤立比例":77.65237020316027,"score_距大型綠地":44.24379232505643,"綜合破碎化分數":49.2,"破碎化等級":"中","判定原因":"面積減少98.5%；斑塊增加0.0%；平均斑塊縮小1.0%；道路密度9.98 km/km²；孤立比例20.0%；距大型綠地22m","2021面積_ha":15.21,"2022面積_ha":2.79,"2023面積_ha":4.59}},{"type":"Feature","geometry":{"type":"Polygon","coordinates":[[[121.80883468729255,24.458122033491577],[121.80889235255846,24.46715015928101],[121.81875610845262,24.467097044654277],[121.81869774019799,24.458068940979715],[121.80883468729255,24.458122033491577]]]},"properties":{"grid_id":"G017_050","綠地類型":"農地","中心經度":121.813795,"中心緯度":24.46261,"分析面積_km2":1.04,"2020面積_ha":30.87,"2024面積_ha":24.57,"面積減少率_pct":20.41,"2020斑塊數":1,"2024斑塊數":2,"斑塊數增加率_pct":100.0,"2020平均斑塊面積_ha":177.03,"2024平均斑塊面積_ha":58.635,"平均斑塊面積下降率_pct":66.88,"道路切割密度_km_per_km2":9.689,"建成區邊界切割密度_km_per_km2":0.49,"孤立小斑塊比例_pct":0.37,"距大型連續綠地平均距離_m":0.7,"score_面積減少":51.69300225733634,"score_斑塊增加":78.3295711060948,"score_平均斑塊縮小":59.81941309255079,"score_道路建成區切割":42.38148984198645,"score_孤立比例":31.60270880361174,"score_距大型綠地":22.91196388261851,"綜合破碎化分數":47.8,"破碎化等級":"中","判定原因":"面積減少20.4%；斑塊增加100.0%；平均斑塊縮小66.9%；道路密度9.69 km/km²；孤立比例0.4%；距大型綠地1m","2021面積_ha":32.31,"2022面積_ha":33.48,"2023面積_ha":32.49}},{"type":"Feature","geometry":{"type":"Polygon","coordinates":[[[121.4044580284671,24.468773632592484],[121.40448687892001,24.477802423525414],[121.41435221265279,24.477775691008443],[121.41432265859305,24.468746911203084],[121.4044580284671,24.468773632592484]]]},"properties":{"grid_id":"G018_009","綠地類型":"農地","中心經度":121.409405,"中心緯度":24.473275,"分析面積_km2":1.04,"2020面積_ha":15.84,"2024面積_ha":9.63,"面積減少率_pct":39.2,"2020斑塊數":1,"2024斑塊數":1,"斑塊數增加率_pct":0.0,"2020平均斑塊面積_ha":60.57,"2024平均斑塊面積_ha":9.9,"平均斑塊面積下降率_pct":83.66,"道路切割密度_km_per_km2":6.603,"建成區邊界切割密度_km_per_km2":0.404,"孤立小斑塊比例_pct":0.0,"距大型連續綠地平均距離_m":286.1,"score_面積減少":73.58916478555305,"score_斑塊增加":24.040632054176072,"score_平均斑塊縮小":77.42663656884876,"score_道路建成區切割":29.06320541760722,"score_孤立比例":13.656884875846501,"score_距大型綠地":74.2663656884876,"綜合破碎化分數":48.7,"破碎化等級":"中","判定原因":"面積減少39.2%；斑塊增加0.0%；平均斑塊縮小83.7%；道路密度6.60 km/km²；孤立比例0.0%；距大型綠地286m","2021面積_ha":13.23,"2022面積_ha":13.5,"2023面積_ha":12.24}},{"type":"Feature","geometry":{"type":"Polygon","coordinates":[[[121.8391429817145,24.56629680828175],[121.8392031072841,24.575324735689527],[121.84907523889824,24.57526941498672],[121.84901440623551,24.566241510535882],[121.8391429817145,24.56629680828175]]]},"properties":{"grid_id":"G029_053","綠地類型":"農地","中心經度":121.844109,"中心緯度":24.570783,"分析面積_km2":1.04,"2020面積_ha":0.0,"2024面積_ha":0.27,"面積減少率_pct":0.0,"2020斑塊數":0,"2024斑塊數":3,"斑塊數增加率_pct":300.0,"2020平均斑塊面積_ha":0.0,"2024平均斑塊面積_ha":0.09,"平均斑塊面積下降率_pct":0.0,"道路切割密度_km_per_km2":9.17,"建成區邊界切割密度_km_per_km2":0.058,"孤立小斑塊比例_pct":100.0,"距大型連續綠地平均距離_m":4290.9,"score_面積減少":9.255079006772009,"score_斑塊增加":95.93679458239278,"score_平均斑塊縮小":8.91647855530474,"score_道路建成區切割":31.997742663656886,"score_孤立比例":93.56659142212189,"score_距大型綠地":98.41986455981942,"綜合破碎化分數":56.3,"破碎化等級":"中","判定原因":"面積減少0.0%；斑塊增加300.0%；平均斑塊縮小0.0%；道路密度9.17 km/km²；孤立比例100.0%；距大型綠地4291m","2021面積_ha":0.0,"2022面積_ha":0.0,"2023面積_ha":0.0}},{"type":"Feature","geometry":{"type":"Polygon","coordinates":[[[121.84901440623551,24.566241510535882],[121.84907523889824,24.57526941498672],[121.85894734082709,24.57521344747967],[121.85888580108055,24.566185566254156],[121.84901440623551,24.566241510535882]]]},"properties":{"grid_id":"G029_054","綠地類型":"農地","中心經度":121.853981,"中心緯度":24.570728,"分析面積_km2":1.04,"2020面積_ha":0.0,"2024面積_ha":0.18,"面積減少率_pct":0.0,"2020斑塊數":0,"2024斑塊數":1,"斑塊數增加率_pct":100.0,"2020平均斑塊面積_ha":0.0,"2024平均斑塊面積_ha":0.18,"平均斑塊面積下降率_pct":0.0,"道路切割密度_km_per_km2":4.671,"建成區邊界切割密度_km_per_km2":0.058,"孤立小斑塊比例_pct":100.0,"距大型連續綠地平均距離_m":3951.4,"score_面積減少":9.255079006772009,"score_斑塊增加":78.3295711060948,"score_平均斑塊縮小":8.91647855530474,"score_道路建成區切割":15.349887133182843,"score_孤立比例":93.56659142212189,"score_距大型綠地":98.1941309255079,"綜合破碎化分數":50.6,"破碎化等級":"中","判定原因":"面積減少0.0%；斑塊增加100.0%；平均斑塊縮小0.0%；道路密度4.67 km/km²；孤立比例100.0%；距大型綠地3951m","2021面積_ha":0.0,"2022面積_ha":0.0,"2023面積_ha":0.0}},{"type":"Feature","geometry":{"type":"Polygon","coordinates":[[[121.84907523889824,24.57526941498672],[121.84913610124629,24.584297308478696],[121.85900891060392,24.58424131774309],[121.85894734082709,24.57521344747967],[121.84907523889824,24.57526941498672]]]},"properties":{"grid_id":"G030_054","綠地類型":"農地","中心經度":121.854042,"中心緯度":24.579755,"分析面積_km2":1.04,"2020面積_ha":0.0,"2024面積_ha":0.18,"面積減少率_pct":0.0,"2020斑塊數":0,"2024斑塊數":1,"斑塊數增加率_pct":100.0,"2020平均斑塊面積_ha":0.0,"2024平均斑塊面積_ha":0.18,"平均斑塊面積下降率_pct":0.0,"道路切割密度_km_per_km2":6.603,"建成區邊界切割密度_km_per_km2":0.0,"孤立小斑塊比例_pct":100.0,"距大型連續綠地平均距離_m":3669.6,"score_面積減少":9.255079006772009,"score_斑塊增加":78.3295711060948,"score_平均斑塊縮小":8.91647855530474,"score_道路建成區切割":17.099322799097063,"score_孤立比例":93.56659142212189,"score_距大型綠地":97.74266365688487,"綜合破碎化分數":50.8,"破碎化等級":"中","判定原因":"面積減少0.0%；斑塊增加100.0%；平均斑塊縮小0.0%；道路密度6.60 km/km²；孤立比例100.0%；距大型綠地3670m","2021面積_ha":0.0,"2022面積_ha":0.0,"2023面積_ha":0.0}},{"type":"Feature","geometry":{"type":"Polygon","coordinates":[[[121.50357153054019,24.585849279145332],[121.50360764537552,24.594877805630393],[121.51348199670413,24.594844452566548],[121.51344517383198,24.585815939915015],[121.50357153054019,24.585849279145332]]]},"properties":{"grid_id":"G031_019","綠地類型":"農地","中心經度":121.508527,"中心緯度":24.590347,"分析面積_km2":1.04,"2020面積_ha":0.0,"2024面積_ha":0.09,"面積減少率_pct":0.0,"2020斑塊數":0,"2024斑塊數":1,"斑塊數增加率_pct":100.0,"2020平均斑塊面積_ha":0.0,"2024平均斑塊面積_ha":0.09,"平均斑塊面積下降率_pct":0.0,"道路切割密度_km_per_km2":1.586,"建成區邊界切割密度_km_per_km2":0.0,"孤立小斑塊比例_pct":100.0,"距大型連續綠地平均距離_m":1320.0,"score_面積減少":9.255079006772009,"score_斑塊增加":78.3295711060948,"score_平均斑塊縮小":8.91647855530474,"score_道路建成區切割":4.6275395033860045,"score_孤立比例":93.56659142212189,"score_距大型綠地":92.7765237020316,"綜合破碎化分數":47.9,"破碎化等級":"中","判定原因":"面積減少0.0%；斑塊增加100.0%；平均斑塊縮小0.0%；道路密度1.59 km/km²；孤立比例100.0%；距大型綠地1320m","2021面積_ha":0.09,"2022面積_ha":0.09,"2023面積_ha":0.09}},{"type":"Feature","geometry":{"type":"Polygon","coordinates":[[[121.85900891060392,24.58424131774309],[121.85907051042052,24.593269177041385],[121.86894399750281,24.593212515740575],[121.86888168992178,24.584184679942528],[121.85900891060392,24.58424131774309]]]},"properties":{"grid_id":"G031_055","綠地類型":"農地","中心經度":121.863976,"中心緯度":24.588727,"分析面積_km2":1.04,"2020面積_ha":0.0,"2024面積_ha":0.09,"面積減少率_pct":0.0,"2020斑塊數":0,"2024斑塊數":1,"斑塊數增加率_pct":100.0,"2020平均斑塊面積_ha":0.0,"2024平均斑塊面積_ha":0.18,"平均斑塊面積下降率_pct":0.0,"道路切割密度_km_per_km2":8.074,"建成區邊界切割密度_km_per_km2":0.0,"孤立小斑塊比例_pct":100.0,"距大型連續綠地平均距離_m":3195.4,"score_面積減少":9.255079006772009,"score_斑塊增加":78.3295711060948,"score_平均斑塊縮小":8.91647855530474,"score_道路建成區切割":21.670428893905193,"score_孤立比例":93.56659142212189,"score_距大型綠地":97.06546275395034,"綜合破碎化分數":51.5,"破碎化等級":"中","判定原因":"面積減少0.0%；斑塊增加100.0%；平均斑塊縮小0.0%；道路密度8.07 km/km²；孤立比例100.0%；距大型綠地3195m","2021面積_ha":0.0,"2022面積_ha":0.0,"2023面積_ha":0.0}},{"type":"Feature","geometry":{"type":"Polygon","coordinates":[[[121.51351883753975,24.603872954341],[121.51355569634453,24.612901445235405],[121.52343144680825,24.612867416410573],[121.52339387928144,24.603838939622182],[121.51351883753975,24.603872954341]]]},"properties":{"grid_id":"G033_020","綠地類型":"農地","中心經度":121.518475,"中心緯度":24.60837,"分析面積_km2":1.04,"2020面積_ha":2.07,"2024面積_ha":1.17,"面積減少率_pct":43.48,"2020斑塊數":4,"2024斑塊數":3,"斑塊數增加率_pct":0.0,"2020平均斑塊面積_ha":0.9,"2024平均斑塊面積_ha":0.75,"平均斑塊面積下降率_pct":16.67,"道路切割密度_km_per_km2":5.363,"建成區邊界切割密度_km_per_km2":0.0,"孤立小斑塊比例_pct":100.0,"距大型連續綠地平均距離_m":794.5,"score_面積減少":76.2979683972912,"score_斑塊增加":24.040632054176072,"score_平均斑塊縮小":23.702031602708804,"score_道路建成區切割":12.641083521444695,"score_孤立比例":93.56659142212189,"score_距大型綠地":86.90744920993228,"綜合破碎化分數":52.9,"破碎化等級":"中","判定原因":"面積減少43.5%；斑塊增加0.0%；平均斑塊縮小16.7%；道路密度5.36 km/km²；孤立比例100.0%；距大型綠地794m","2021面積_ha":1.53,"2022面積_ha":1.44,"2023面積_ha":1.44}},{"type":"Feature","geometry":{"type":"Polygon","coordinates":[[[121.52339387928144,24.603838939622182],[121.52343144680825,24.612867416410573],[121.53330717895153,24.612832739502252],[121.53326890270851,24.603804277088535],[121.52339387928144,24.603838939622182]]]},"properties":{"grid_id":"G033_021","綠地類型":"農地","中心經度":121.52835,"中心緯度":24.608336,"分析面積_km2":1.04,"2020面積_ha":4.41,"2024面積_ha":1.62,"面積減少率_pct":63.27,"2020斑塊數":11,"2024斑塊數":5,"斑塊數增加率_pct":0.0,"2020平均斑塊面積_ha":0.54,"2024平均斑塊面積_ha":0.504,"平均斑塊面積下降率_pct":6.67,"道路切割密度_km_per_km2":5.046,"建成區邊界切割密度_km_per_km2":0.0,"孤立小斑塊比例_pct":100.0,"距大型連續綠地平均距離_m":909.9,"score_面積減少":86.90744920993228,"score_斑塊增加":24.040632054176072,"score_平均斑塊縮小":20.54176072234763,"score_道路建成區切割":11.68171557562077,"score_孤立比例":93.56659142212189,"score_距大型綠地":88.26185101580135,"綜合破碎化分數":54.2,"破碎化等級":"中","判定原因":"面積減少63.3%；斑塊增加0.0%；平均斑塊縮小6.7%；道路密度5.05 km/km²；孤立比例100.0%；距大型綠地910m","2021面積_ha":5.31,"2022面積_ha":1.98,"2023面積_ha":1.89}},{"type":"Feature","geometry":{"type":"Polygon","coordinates":[[[121.53326890270851,24.603804277088535],[121.53330717895153,24.612832739502252],[121.54318289242885,24.612797414515267],[121.54314390747544,24.60376896674485],[121.53326890270851,24.603804277088535]]]},"properties":{"grid_id":"G033_022","綠地類型":"農地","中心經度":121.538226,"中心緯度":24.608301,"分析面積_km2":1.04,"2020面積_ha":2.61,"2024面積_ha":1.62,"面積減少率_pct":37.93,"2020斑塊數":4,"2024斑塊數":2,"斑塊數增加率_pct":0.0,"2020平均斑塊面積_ha":0.743,"2024平均斑塊面積_ha":0.81,"平均斑塊面積下降率_pct":0.0,"道路切割密度_km_per_km2":5.738,"建成區邊界切割密度_km_per_km2":0.173,"孤立小斑塊比例_pct":100.0,"距大型連續綠地平均距離_m":1131.7,"score_面積減少":72.91196388261851,"score_斑塊增加":24.040632054176072,"score_平均斑塊縮小":8.91647855530474,"score_道路建成區切割":21.896162528216706,"score_孤立比例":93.56659142212189,"score_距大型綠地":89.84198645598194,"綜合破碎化分數":51.9,"破碎化等級":"中","判定原因":"面積減少37.9%；斑塊增加0.0%；平均斑塊縮小0.0%；道路密度5.74 km/km²；孤立比例100.0%；距大型綠地1132m","2021面積_ha":1.44,"2022面積_ha":0.54,"2023面積_ha":0.36}},{"type":"Feature","geometry":{"type":"Polygon","coordinates":[[[121.68139182143538,24.603206604772186],[121.68144072765473,24.61223481933047],[121.69131611967285,24.612189773798786],[121.69126650484452,24.6031615779131],[121.68139182143538,24.603206604772186]]]},"properties":{"grid_id":"G033_037","綠地類型":"農地","中心經度":121.686354,"中心緯度":24.607698,"分析面積_km2":1.04,"2020面積_ha":0.0,"2024面積_ha":0.18,"面積減少率_pct":0.0,"2020斑塊數":0,"2024斑塊數":1,"斑塊數增加率_pct":100.0,"2020平均斑塊面積_ha":0.0,"2024平均斑塊面積_ha":0.18,"平均斑塊面積下降率_pct":0.0,"道路切割密度_km_per_km2":7.843,"建成區邊界切割密度_km_per_km2":0.0,"孤立小斑塊比例_pct":100.0,"距大型連續綠地平均距離_m":5723.2,"score_面積減少":9.255079006772009,"score_斑塊增加":78.3295711060948,"score_平均斑塊縮小":8.91647855530474,"score_道路建成區切割":20.767494356659142,"score_孤立比例":93.56659142212189,"score_距大型綠地":99.32279909706546,"綜合破碎化分數":51.7,"破碎化等級":"中","判定原因":"面積減少0.0%；斑塊增加100.0%；平均斑塊縮小0.0%；道路密度7.84 km/km²；孤立比例100.0%；距大型綠地5723m","2021面積_ha":0.0,"2022面積_ha":0.0,"2023面積_ha":0.0}},{"type":"Feature","geometry":{"type":"Polygon","coordinates":[[[121.84925791503572,24.602353062573993],[121.84931886649585,24.611380923171296],[121.8591938002109,24.611324862730598],[121.85913214028636,24.602297025371566],[121.84925791503572,24.602353062573993]]]},"properties":{"grid_id":"G033_054","綠地類型":"農地","中心經度":121.854226,"中心緯度":24.606839,"分析面積_km2":1.04,"2020面積_ha":2.34,"2024面積_ha":0.0,"面積減少率_pct":100.0,"2020斑塊數":2,"2024斑塊數":0,"斑塊數增加率_pct":0.0,"2020平均斑塊面積_ha":1.17,"2024平均斑塊面積_ha":0.0,"平均斑塊面積下降率_pct":100.0,"道路切割密度_km_per_km2":8.304,"建成區邊界切割密度_km_per_km2":0.0,"孤立小斑塊比例_pct":0.0,"距大型連續綠地平均距離_m":0.0,"score_面積減少":97.62979683972912,"score_斑塊增加":24.040632054176072,"score_平均斑塊縮小":97.62979683972912,"score_道路建成區切割":22.629796839729117,"score_孤立比例":13.656884875846501,"score_距大型綠地":8.803611738148984,"綜合破碎化分數":44.1,"破碎化等級":"中","判定原因":"面積減少100.0%；斑塊增加0.0%；平均斑塊縮小100.0%；道路密度8.30 km/km²；孤立比例0.0%；距大型綠地0m","2021面積_ha":0.54,"2022面積_ha":0.99,"2023面積_ha":1.53}},{"type":"Feature","geometry":{"type":"Polygon","coordinates":[[[121.53330717895153,24.612832739502252],[121.5333454738606,24.621861191029012],[121.54322189639387,24.621825851396668],[121.54318289242885,24.612797414515267],[121.53330717895153,24.612832739502252]]]},"properties":{"grid_id":"G034_022","綠地類型":"農地","中心經度":121.538264,"中心緯度":24.617329,"分析面積_km2":1.04,"2020面積_ha":0.0,"2024面積_ha":0.09,"面積減少率_pct":0.0,"2020斑塊數":0,"2024斑塊數":1,"斑塊數增加率_pct":100.0,"2020平均斑塊面積_ha":0.0,"2024平均斑塊面積_ha":0.09,"平均斑塊面積下降率_pct":0.0,"道路切割密度_km_per_km2":1.038,"建成區邊界切割密度_km_per_km2":0.0,"孤立小斑塊比例_pct":100.0,"距大型連續綠地平均距離_m":1710.3,"score_面積減少":9.255079006772009,"score_斑塊增加":78.3295711060948,"score_平均斑塊縮小":8.91647855530474,"score_道路建成區切割":4.063205417607223,"score_孤立比例":93.56659142212189,"score_距大型綠地":95.03386004514672,"綜合破碎化分數":48.2,"破碎化等級":"中","判定原因":"面積減少0.0%；斑塊增加100.0%；平均斑塊縮小0.0%；道路密度1.04 km/km²；孤立比例100.0%；距大型綠地1710m","2021面積_ha":0.27,"2022面積_ha":0.09,"2023面積_ha":0.09}},{"type":"Feature","geometry":{"type":"Polygon","coordinates":[[[121.74069270992769,24.611954826419595],[121.74074589360687,24.620982913975684],[121.75062184417915,24.620933960314176],[121.75056795159291,24.61190589304504],[121.74069270992769,24.611954826419595]]]},"properties":{"grid_id":"G034_043","綠地類型":"農地","中心經度":121.745657,"中心緯度":24.616444,"分析面積_km2":1.04,"2020面積_ha":0.0,"2024面積_ha":0.27,"面積減少率_pct":0.0,"2020斑塊數":0,"2024斑塊數":1,"斑塊數增加率_pct":100.0,"2020平均斑塊面積_ha":0.0,"2024平均斑塊面積_ha":0.27,"平均斑塊面積下降率_pct":0.0,"道路切割密度_km_per_km2":3.085,"建成區邊界切割密度_km_per_km2":0.087,"孤立小斑塊比例_pct":100.0,"距大型連續綠地平均距離_m":2184.1,"score_面積減少":9.255079006772009,"score_斑塊增加":78.3295711060948,"score_平均斑塊縮小":8.91647855530474,"score_道路建成區切割":12.24604966139955,"score_孤立比例":93.56659142212189,"score_距大型綠地":95.93679458239278,"綜合破碎化分數":49.7,"破碎化等級":"中","判定原因":"面積減少0.0%；斑塊增加100.0%；平均斑塊縮小0.0%；道路密度3.08 km/km²；孤立比例100.0%；距大型綠地2184m","2021面積_ha":0.0,"2022面積_ha":0.0,"2023面積_ha":0.0}},{"type":"Feature","geometry":{"type":"Polygon","coordinates":[[[121.75062184417915,24.620933960314176],[121.7506757630418,24.629962016639773],[121.76055239658204,24.629912394200527],[121.76049776847508,24.620884358433365],[121.75062184417915,24.620933960314176]]]},"properties":{"grid_id":"G035_044","綠地類型":"農地","中心經度":121.755587,"中心緯度":24.625423,"分析面積_km2":1.04,"2020面積_ha":0.27,"2024面積_ha":0.0,"面積減少率_pct":100.0,"2020斑塊數":2,"2024斑塊數":0,"斑塊數增加率_pct":0.0,"2020平均斑塊面積_ha":0.315,"2024平均斑塊面積_ha":0.0,"平均斑塊面積下降率_pct":100.0,"道路切割密度_km_per_km2":8.997,"建成區邊界切割密度_km_per_km2":0.0,"孤立小斑塊比例_pct":0.0,"距大型連續綠地平均距離_m":0.0,"score_面積減少":97.62979683972912,"score_斑塊增加":24.040632054176072,"score_平均斑塊縮小":97.62979683972912,"score_道路建成區切割":25.62076749435666,"score_孤立比例":13.656884875846501,"score_距大型綠地":8.803611738148984,"綜合破碎化分數":44.6,"破碎化等級":"中","判定原因":"面積減少100.0%；斑塊增加0.0%；平均斑塊縮小100.0%；道路密度9.00 km/km²；孤立比例0.0%；距大型綠地0m","2021面積_ha":0.0,"2022面積_ha":0.0,"2023面積_ha":0.0}},{"type":"Feature","geometry":{"type":"Polygon","coordinates":[[[121.76049776847508,24.620884358433365],[121.76055239658204,24.629912394200527],[121.77042900349194,24.629862123280184],[121.770373666149,24.620834108340112],[121.76049776847508,24.620884358433365]]]},"properties":{"grid_id":"G035_045","綠地類型":"農地","中心經度":121.765463,"中心緯度":24.625373,"分析面積_km2":1.04,"2020面積_ha":2.07,"2024面積_ha":1.62,"面積減少率_pct":21.74,"2020斑塊數":1,"2024斑塊數":2,"斑塊數增加率_pct":100.0,"2020平均斑塊面積_ha":325.8,"2024平均斑塊面積_ha":129.6,"平均斑塊面積下降率_pct":60.22,"道路切割密度_km_per_km2":6.69,"建成區邊界切割密度_km_per_km2":0.317,"孤立小斑塊比例_pct":11.11,"距大型連續綠地平均距離_m":8.4,"score_面積減少":53.95033860045147,"score_斑塊增加":78.3295711060948,"score_平均斑塊縮小":53.27313769751692,"score_道路建成區切割":28.32957110609481,"score_孤立比例":68.73589164785552,"score_距大型綠地":34.76297968397291,"綜合破碎化分數":52.9,"破碎化等級":"中","判定原因":"面積減少21.7%；斑塊增加100.0%；平均斑塊縮小60.2%；道路密度6.69 km/km²；孤立比例11.1%；距大型綠地8m","2021面積_ha":1.26,"2022面積_ha":0.9,"2023面積_ha":0.63}},{"type":"Feature","geometry":{"type":"Polygon","coordinates":[[[121.83950417542161,24.620464208333154],[121.83956447717183,24.629492069961795],[121.84944085859371,24.629436611450217],[121.8493798476787,24.620408772797706],[121.83950417542161,24.620464208333154]]]},"properties":{"grid_id":"G035_053","綠地類型":"農地","中心經度":121.844472,"中心緯度":24.62495,"分析面積_km2":1.04,"2020面積_ha":53.55,"2024面積_ha":46.89,"面積減少率_pct":12.44,"2020斑塊數":3,"2024斑塊數":5,"斑塊數增加率_pct":66.67,"2020平均斑塊面積_ha":60.36,"2024平均斑塊面積_ha":31.59,"平均斑塊面積下降率_pct":47.66,"道路切割密度_km_per_km2":10.611,"建成區邊界切割密度_km_per_km2":4.239,"孤立小斑塊比例_pct":3.07,"距大型連續綠地平均距離_m":12.0,"score_面積減少":38.60045146726862,"score_斑塊增加":68.51015801354401,"score_平均斑塊縮小":41.309255079006775,"score_道路建成區切割":70.0902934537246,"score_孤立比例":48.75846501128668,"score_距大型綠地":39.27765237020316,"綜合破碎化分數":51.1,"破碎化等級":"中","判定原因":"面積減少12.4%；斑塊增加66.7%；平均斑塊縮小47.7%；道路密度10.61 km/km²；孤立比例3.1%；距大型綠地12m","2021面積_ha":59.04,"2022面積_ha":46.08,"2023面積_ha":55.53}},{"type":"Feature","geometry":{"type":"Polygon","coordinates":[[[121.56301512582975,24.630781622998022],[121.56305558731279,24.639810007987403],[121.57293337086864,24.63977269243341],[121.57289219965645,24.63074432289971],[121.56301512582975,24.630781622998022]]]},"properties":{"grid_id":"G036_025","綠地類型":"農地","中心經度":121.567974,"中心緯度":24.635277,"分析面積_km2":1.04,"2020面積_ha":2.79,"2024面積_ha":3.87,"面積減少率_pct":0.0,"2020斑塊數":3,"2024斑塊數":4,"斑塊數增加率_pct":33.33,"2020平均斑塊面積_ha":1.14,"2024平均斑塊面積_ha":1.282,"平均斑塊面積下降率_pct":0.0,"道路切割密度_km_per_km2":5.133,"建成區邊界切割密度_km_per_km2":0.548,"孤立小斑塊比例_pct":100.0,"距大型連續綠地平均距離_m":525.1,"score_面積減少":9.255079006772009,"score_斑塊增加":55.86907449209932,"score_平均斑塊縮小":8.91647855530474,"score_道路建成區切割":26.072234762979683,"score_孤立比例":93.56659142212189,"score_距大型綠地":82.27990970654628,"綜合破碎化分數":46.0,"破碎化等級":"中","判定原因":"面積減少0.0%；斑塊增加33.3%；平均斑塊縮小0.0%；道路密度5.13 km/km²；孤立比例100.0%；距大型綠地525m","2021面積_ha":1.17,"2022面積_ha":0.09,"2023面積_ha":1.26}},{"type":"Feature","geometry":{"type":"Polygon","coordinates":[[[121.57289219965645,24.63074432289971],[121.57293337086864,24.63977269243341],[121.58281113435713,24.639734728014666],[121.58276925342214,24.630706374205396],[121.57289219965645,24.63074432289971]]]},"properties":{"grid_id":"G036_026","綠地類型":"農地","中心經度":121.577851,"中心緯度":24.63524,"分析面積_km2":1.04,"2020面積_ha":6.93,"2024面積_ha":1.62,"面積減少率_pct":76.62,"2020斑塊數":3,"2024斑塊數":2,"斑塊數增加率_pct":0.0,"2020平均斑塊面積_ha":23.52,"2024平均斑塊面積_ha":48.825,"平均斑塊面積下降率_pct":0.0,"道路切割密度_km_per_km2":6.027,"建成區邊界切割密度_km_per_km2":0.375,"孤立小斑塊比例_pct":11.11,"距大型連續綠地平均距離_m":34.1,"score_面積減少":89.84198645598194,"score_斑塊增加":24.040632054176072,"score_平均斑塊縮小":8.91647855530474,"score_道路建成區切割":26.46726862302483,"score_孤立比例":68.73589164785552,"score_距大型綠地":50.112866817155755,"綜合破碎化分數":44.7,"破碎化等級":"中","判定原因":"面積減少76.6%；斑塊增加0.0%；平均斑塊縮小0.0%；道路密度6.03 km/km²；孤立比例11.1%；距大型綠地34m","2021面積_ha":7.92,"2022面積_ha":0.9,"2023面積_ha":3.42}},{"type":"Feature","geometry":{"type":"Polygon","coordinates":[[[121.60252329938726,24.630628531049794],[121.60256659974839,24.639656852604],[121.61244430095937,24.639616941622833],[121.6124002908951,24.630588636599263],[121.60252329938726,24.630628531049794]]]},"properties":{"grid_id":"G036_029","綠地類型":"農地","中心經度":121.607484,"中心緯度":24.635123,"分析面積_km2":1.04,"2020面積_ha":8.46,"2024面積_ha":6.57,"面積減少率_pct":22.34,"2020斑塊數":13,"2024斑塊數":7,"斑塊數增加率_pct":0.0,"2020平均斑塊面積_ha":0.99,"2024平均斑塊面積_ha":1.684,"平均斑塊面積下降率_pct":0.0,"道路切割密度_km_per_km2":6.113,"建成區邊界切割密度_km_per_km2":0.029,"孤立小斑塊比例_pct":12.33,"距大型連續綠地平均距離_m":1537.8,"score_面積減少":54.85327313769752,"score_斑塊增加":24.040632054176072,"score_平均斑塊縮小":8.91647855530474,"score_道路建成區切割":18.67945823927765,"score_孤立比例":69.75169300225733,"score_距大型綠地":94.35665914221218,"綜合破碎化分數":45.1,"破碎化等級":"中","判定原因":"面積減少22.3%；斑塊增加0.0%；平均斑塊縮小0.0%；道路密度6.11 km/km²；孤立比例12.3%；距大型綠地1538m","2021面積_ha":25.47,"2022面積_ha":6.21,"2023面積_ha":0.54}},{"type":"Feature","geometry":{"type":"Polygon","coordinates":[[[121.74079910321683,24.63001099059107],[121.74085233876573,24.639039056262753],[121.75072970818907,24.63899006201884],[121.7506757630418,24.629962016639773],[121.74079910321683,24.63001099059107]]]},"properties":{"grid_id":"G036_043","綠地類型":"農地","中心經度":121.745764,"中心緯度":24.634501,"分析面積_km2":1.04,"2020面積_ha":1.89,"2024面積_ha":1.71,"面積減少率_pct":9.52,"2020斑塊數":1,"2024斑塊數":2,"斑塊數增加率_pct":100.0,"2020平均斑塊面積_ha":10.71,"2024平均斑塊面積_ha":5.355,"平均斑塊面積下降率_pct":50.0,"道路切割密度_km_per_km2":8.506,"建成區邊界切割密度_km_per_km2":0.087,"孤立小斑塊比例_pct":10.53,"距大型連續綠地平均距離_m":94.0,"score_面積減少":31.60270880361174,"score_斑塊增加":78.3295711060948,"score_平均斑塊縮小":43.340857787810386,"score_道路建成區切割":29.68397291196388,"score_孤立比例":67.72009029345372,"score_距大型綠地":63.20541760722348,"綜合破碎化分數":52.3,"破碎化等級":"中","判定原因":"面積減少9.5%；斑塊增加100.0%；平均斑塊縮小50.0%；道路密度8.51 km/km²；孤立比例10.5%；距大型綠地94m","2021面積_ha":1.62,"2022面積_ha":1.26,"2023面積_ha":1.62}},{"type":"Feature","geometry":{"type":"Polygon","coordinates":[[[121.80005866098227,24.629707419702505],[121.80011615399475,24.638735359588225],[121.80999336047306,24.638682472909156],[121.80993515791363,24.629654554928138],[121.80005866098227,24.629707419702505]]]},"properties":{"grid_id":"G036_049","綠地類型":"農地","中心經度":121.805026,"中心緯度":24.634195,"分析面積_km2":1.04,"2020面積_ha":73.98,"2024面積_ha":55.35,"面積減少率_pct":25.18,"2020斑塊數":2,"2024斑塊數":3,"斑塊數增加率_pct":50.0,"2020平均斑塊面積_ha":309.96,"2024平均斑塊面積_ha":173.82,"平均斑塊面積下降率_pct":43.92,"道路切割密度_km_per_km2":12.197,"建成區邊界切割密度_km_per_km2":4.729,"孤立小斑塊比例_pct":2.44,"距大型連續綠地平均距離_m":26.9,"score_面積減少":58.013544018058695,"score_斑塊增加":62.75395033860045,"score_平均斑塊縮小":37.24604966139955,"score_道路建成區切割":81.88487584650113,"score_孤立比例":45.598194130925506,"score_距大型綠地":46.50112866817156,"綜合破碎化分數":55.3,"破碎化等級":"中","判定原因":"面積減少25.2%；斑塊增加50.0%；平均斑塊縮小43.9%；道路密度12.20 km/km²；孤立比例2.4%；距大型綠地27m","2021面積_ha":75.06,"2022面積_ha":56.25,"2023面積_ha":61.38}},{"type":"Feature","geometry":{"type":"Polygon","coordinates":[[[121.60256659974839,24.639656852604],[121.60260992121457,24.648685163247258],[121.61248833247456,24.64864523573315],[121.61244430095937,24.639616941622833],[121.60256659974839,24.639656852604]]]},"properties":{"grid_id":"G037_029","綠地類型":"農地","中心經度":121.607527,"中心緯度":24.644151,"分析面積_km2":1.04,"2020面積_ha":9.72,"2024面積_ha":12.15,"面積減少率_pct":0.0,"2020斑塊數":6,"2024斑塊數":10,"斑塊數增加率_pct":66.67,"2020平均斑塊面積_ha":2.97,"2024平均斑塊面積_ha":2.7,"平均斑塊面積下降率_pct":9.09,"道路切割密度_km_per_km2":6.315,"建成區邊界切割密度_km_per_km2":0.115,"孤立小斑塊比例_pct":9.63,"距大型連續綠地平均距離_m":1170.3,"score_面積減少":9.255079006772009,"score_斑塊增加":68.51015801354401,"score_平均斑塊縮小":20.993227990970656,"score_道路建成區切割":22.799097065462753,"score_孤立比例":66.13995485327314,"score_距大型綠地":90.74492099322799,"綜合破碎化分數":46.4,"破碎化等級":"中","判定原因":"面積減少0.0%；斑塊增加66.7%；平均斑塊縮小9.1%；道路密度6.32 km/km²；孤立比例9.6%；距大型綠地1170m","2021面積_ha":13.05,"2022面積_ha":5.13,"2023面積_ha":7.2}},{"type":"Feature","geometry":{"type":"Polygon","coordinates":[[[121.72109752242346,24.639135098453707],[121.72114936400665,24.64816319296343],[121.73102749493894,24.648115476495004],[121.73097494339525,24.63908740174327],[121.72109752242346,24.639135098453707]]]},"properties":{"grid_id":"G037_041","綠地類型":"農地","中心經度":121.726062,"中心緯度":24.643625,"分析面積_km2":1.04,"2020面積_ha":4.05,"2024面積_ha":0.36,"面積減少率_pct":91.11,"2020斑塊數":5,"2024斑塊數":1,"斑塊數增加率_pct":0.0,"2020平均斑塊面積_ha":1.53,"2024平均斑塊面積_ha":1.98,"平均斑塊面積下降率_pct":0.0,"道路切割密度_km_per_km2":5.882,"建成區邊界切割密度_km_per_km2":0.0,"孤立小斑塊比例_pct":100.0,"距大型連續綠地平均距離_m":323.0,"score_面積減少":93.00225733634312,"score_斑塊增加":24.040632054176072,"score_平均斑塊縮小":8.91647855530474,"score_道路建成區切割":14.446952595936795,"score_孤立比例":93.56659142212189,"score_距大型綠地":75.84650112866818,"綜合破碎化分數":51.6,"破碎化等級":"中","判定原因":"面積減少91.1%；斑塊增加0.0%；平均斑塊縮小0.0%；道路密度5.88 km/km²；孤立比例100.0%；距大型綠地323m","2021面積_ha":6.93,"2022面積_ha":1.35,"2023面積_ha":0.45}},{"type":"Feature","geometry":{"type":"Polygon","coordinates":[[[121.73097494339525,24.63908740174327],[121.73102749493894,24.648115476495004],[121.74090560026181,24.648067110987764],[121.74085233876573,24.639039056262753],[121.73097494339525,24.63908740174327]]]},"properties":{"grid_id":"G037_042","綠地類型":"農地","中心經度":121.73594,"中心緯度":24.643577,"分析面積_km2":1.04,"2020面積_ha":0.54,"2024面積_ha":0.54,"面積減少率_pct":0.0,"2020斑塊數":1,"2024斑塊數":1,"斑塊數增加率_pct":0.0,"2020平均斑塊面積_ha":62.01,"2024平均斑塊面積_ha":0.72,"平均斑塊面積下降率_pct":98.84,"道路切割密度_km_per_km2":2.566,"建成區邊界切割密度_km_per_km2":0.087,"孤立小斑塊比例_pct":100.0,"距大型連續綠地平均距離_m":359.9,"score_面積減少":9.255079006772009,"score_斑塊增加":24.040632054176072,"score_平均斑塊縮小":90.9706546275395,"score_道路建成區切割":11.681715575620768,"score_孤立比例":93.56659142212189,"score_距大型綠地":76.74943566591422,"綜合破碎化分數":51.0,"破碎化等級":"中","判定原因":"面積減少0.0%；斑塊增加0.0%；平均斑塊縮小98.8%；道路密度2.57 km/km²；孤立比例100.0%；距大型綠地360m","2021面積_ha":0.63,"2022面積_ha":0.0,"2023面積_ha":0.54}},{"type":"Feature","geometry":{"type":"Polygon","coordinates":[[[121.79023891949447,24.638787597545846],[121.7902957306274,24.647815548106365],[121.80017367502927,24.6477632885097],[121.80011615399475,24.638735359588225],[121.79023891949447,24.638787597545846]]]},"properties":{"grid_id":"G037_048","綠地類型":"農地","中心經度":121.795206,"中心緯度":24.643276,"分析面積_km2":1.04,"2020面積_ha":31.59,"2024面積_ha":29.25,"面積減少率_pct":7.41,"2020斑塊數":5,"2024斑塊數":6,"斑塊數增加率_pct":20.0,"2020平均斑塊面積_ha":159.318,"2024平均斑塊面積_ha":103.725,"平均斑塊面積下降率_pct":34.89,"道路切割密度_km_per_km2":10.438,"建成區邊界切割密度_km_per_km2":3.143,"孤立小斑塊比例_pct":5.85,"距大型連續綠地平均距離_m":29.3,"score_面積減少":27.765237020316025,"score_斑塊增加":51.24153498871332,"score_平均斑塊縮小":30.02257336343115,"score_道路建成區切割":63.99548532731376,"score_孤立比例":59.81941309255079,"score_距大型綠地":46.95259593679458,"綜合破碎化分數":46.6,"破碎化等級":"中","判定原因":"面積減少7.4%；斑塊增加20.0%；平均斑塊縮小34.9%；道路密度10.44 km/km²；孤立比例5.8%；距大型綠地29m","2021面積_ha":34.2,"2022面積_ha":26.37,"2023面積_ha":29.16}},{"type":"Feature","geometry":{"type":"Polygon","coordinates":[[[121.80999336047306,24.638682472909156],[121.81005159140031,24.647710379922874],[121.81992947939456,24.647656822353195],[121.81987053858353,24.638628937515936],[121.80999336047306,24.638682472909156]]]},"properties":{"grid_id":"G037_050","綠地類型":"農地","中心經度":121.814961,"中心緯度":24.64317,"分析面積_km2":1.04,"2020面積_ha":82.8,"2024面積_ha":73.89,"面積減少率_pct":10.76,"2020斑塊數":1,"2024斑塊數":3,"斑塊數增加率_pct":200.0,"2020平均斑塊面積_ha":615.06,"2024平均斑塊面積_ha":172.17,"平均斑塊面積下降率_pct":72.01,"道路切割密度_km_per_km2":8.939,"建成區邊界切割密度_km_per_km2":4.383,"孤立小斑塊比例_pct":2.07,"距大型連續綠地平均距離_m":8.6,"score_面積減少":35.44018058690745,"score_斑塊增加":91.7607223476298,"score_平均斑塊縮小":65.23702031602708,"score_道路建成區切割":61.681715575620764,"score_孤立比例":44.46952595936794,"score_距大型綠地":35.44018058690745,"綜合破碎化分數":55.7,"破碎化等級":"中","判定原因":"面積減少10.8%；斑塊增加200.0%；平均斑塊縮小72.0%；道路密度8.94 km/km²；孤立比例2.1%；距大型綠地9m","2021面積_ha":83.79,"2022面積_ha":74.61,"2023面積_ha":80.73}},{"type":"Feature","geometry":{"type":"Polygon","coordinates":[[[121.62236672227682,24.648604659107033],[121.62241148563804,24.65763292549706],[121.63229056401792,24.657591682691685],[121.63224509027538,24.64856343337452],[121.62236672227682,24.648604659107033]]]},"properties":{"grid_id":"G038_031","綠地類型":"農地","中心經度":121.627328,"中心緯度":24.653098,"分析面積_km2":1.04,"2020面積_ha":11.34,"2024面積_ha":11.07,"面積減少率_pct":2.38,"2020斑塊數":4,"2024斑塊數":2,"斑塊數增加率_pct":0.0,"2020平均斑塊面積_ha":644.175,"2024平均斑塊面積_ha":28.44,"平均斑塊面積下降率_pct":95.59,"道路切割密度_km_per_km2":6.228,"建成區邊界切割密度_km_per_km2":0.894,"孤立小斑塊比例_pct":13.82,"距大型連續綠地平均距離_m":20.3,"score_面積減少":20.090293453724605,"score_斑塊增加":24.040632054176072,"score_平均斑塊縮小":87.13318284424379,"score_道路建成區切割":32.61851015801354,"score_孤立比例":71.78329571106094,"score_距大型綠地":43.566591422121896,"綜合破碎化分數":46.5,"破碎化等級":"中","判定原因":"面積減少2.4%；斑塊增加0.0%；平均斑塊縮小95.6%；道路密度6.23 km/km²；孤立比例13.8%；距大型綠地20m","2021面積_ha":11.16,"2022面積_ha":8.28,"2023面積_ha":9.45}},{"type":"Feature","geometry":{"type":"Polygon","coordinates":[[[121.65200175947726,24.648479034613178],[121.65204865396143,24.657507248978195],[121.66192766483285,24.657464058081768],[121.66188005998866,24.64843586159601],[121.65200175947726,24.648479034613178]]]},"properties":{"grid_id":"G038_034","綠地類型":"農地","中心經度":121.656965,"中心緯度":24.652972,"分析面積_km2":1.04,"2020面積_ha":0.09,"2024面積_ha":0.09,"面積減少率_pct":0.0,"2020斑塊數":1,"2024斑塊數":1,"斑塊數增加率_pct":0.0,"2020平均斑塊面積_ha":2574.72,"2024平均斑塊面積_ha":0.54,"平均斑塊面積下降率_pct":99.98,"道路切割密度_km_per_km2":4.729,"建成區邊界切割密度_km_per_km2":0.029,"孤立小斑塊比例_pct":100.0,"距大型連續綠地平均距離_m":458.9,"score_面積減少":9.255079006772009,"score_斑塊增加":24.040632054176072,"score_平均斑塊縮小":95.03386004514672,"score_道路建成區切割":14.50338600451467,"score_孤立比例":93.56659142212189,"score_距大型綠地":79.45823927765237,"綜合破碎化分數":52.6,"破碎化等級":"中","判定原因":"面積減少0.0%；斑塊增加0.0%；平均斑塊縮小100.0%；道路密度4.73 km/km²；孤立比例100.0%；距大型綠地459m","2021面積_ha":0.09,"2022面積_ha":0.0,"2023面積_ha":0.18}},{"type":"Feature","geometry":{"type":"Polygon","coordinates":[[[121.66188005998866,24.64843586159601],[121.66192766483285,24.657464058081768],[121.67180665250925,24.657420217833458],[121.67175833731234,24.64839203949576],[121.66188005998866,24.64843586159601]]]},"properties":{"grid_id":"G038_035","綠地類型":"農地","中心經度":121.666843,"中心緯度":24.652928,"分析面積_km2":1.04,"2020面積_ha":2.79,"2024面積_ha":3.6,"面積減少率_pct":0.0,"2020斑塊數":1,"2024斑塊數":2,"斑塊數增加率_pct":100.0,"2020平均斑塊面積_ha":2574.72,"2024平均斑塊面積_ha":2.34,"平均斑塊面積下降率_pct":99.91,"道路切割密度_km_per_km2":2.739,"建成區邊界切割密度_km_per_km2":0.144,"孤立小斑塊比例_pct":7.5,"距大型連續綠地平均距離_m":380.7,"score_面積減少":9.255079006772009,"score_斑塊增加":78.3295711060948,"score_平均斑塊縮小":94.35665914221218,"score_道路建成區切割":13.261851015801355,"score_孤立比例":62.528216704288944,"score_距大型綠地":77.20090293453724,"綜合破碎化分數":55.8,"破碎化等級":"中","判定原因":"面積減少0.0%；斑塊增加100.0%；平均斑塊縮小99.9%；道路密度2.74 km/km²；孤立比例7.5%；距大型綠地381m","2021面積_ha":2.61,"2022面積_ha":2.52,"2023面積_ha":3.06}},{"type":"Feature","geometry":{"type":"Polygon","coordinates":[[[121.68163659110239,24.648347568318496],[121.68168561664456,24.65737572823934],[121.69156455689267,24.657330589305563],[121.6915148210128,24.64830244807035],[121.68163659110239,24.648347568318496]]]},"properties":{"grid_id":"G038_037","綠地類型":"農地","中心經度":121.6866,"中心緯度":24.652839,"分析面積_km2":1.04,"2020面積_ha":6.66,"2024面積_ha":3.51,"面積減少率_pct":47.3,"2020斑塊數":1,"2024斑塊數":2,"斑塊數增加率_pct":100.0,"2020平均斑塊面積_ha":2574.72,"2024平均斑塊面積_ha":51.12,"平均斑塊面積下降率_pct":98.01,"道路切割密度_km_per_km2":2.739,"建成區邊界切割密度_km_per_km2":0.115,"孤立小斑塊比例_pct":2.56,"距大型連續綠地平均距離_m":2.8,"score_面積減少":79.45823927765237,"score_斑塊增加":78.3295711060948,"score_平均斑塊縮小":89.61625282167043,"score_道路建成區切割":12.584650112866816,"score_孤立比例":46.27539503386004,"score_距大型綠地":28.442437923250562,"綜合破碎化分數":55.8,"破碎化等級":"中","判定原因":"面積減少47.3%；斑塊增加100.0%；平均斑塊縮小98.0%；道路密度2.74 km/km²；孤立比例2.6%；距大型綠地3m","2021面積_ha":3.6,"2022面積_ha":3.87,"2023面積_ha":4.32}},{"type":"Feature","geometry":{"type":"Polygon","coordinates":[[[121.70139302669763,24.64825667875756],[121.70144347290756,24.65728480103835],[121.71132236434309,24.657238363444048],[121.71127120781091,24.64821026038645],[121.70139302669763,24.64825667875756]]]},"properties":{"grid_id":"G038_039","綠地類型":"農地","中心經度":121.706358,"中心緯度":24.652748,"分析面積_km2":1.04,"2020面積_ha":4.05,"2024面積_ha":2.52,"面積減少率_pct":37.78,"2020斑塊數":4,"2024斑塊數":3,"斑塊數增加率_pct":0.0,"2020平均斑塊面積_ha":59.242,"2024平均斑塊面積_ha":57.69,"平均斑塊面積下降率_pct":2.62,"道路切割密度_km_per_km2":6.834,"建成區邊界切割密度_km_per_km2":0.346,"孤立小斑塊比例_pct":17.86,"距大型連續綠地平均距離_m":41.3,"score_面積減少":72.686230248307,"score_斑塊增加":24.040632054176072,"score_平均斑塊縮小":18.961625282167045,"score_道路建成區切割":29.06320541760722,"score_孤立比例":75.62076749435666,"score_距大型綠地":53.27313769751692,"綜合破碎化分數":45.6,"破碎化等級":"中","判定原因":"面積減少37.8%；斑塊增加0.0%；平均斑塊縮小2.6%；道路密度6.83 km/km²；孤立比例17.9%；距大型綠地41m","2021面積_ha":4.05,"2022面積_ha":1.71,"2023面積_ha":4.23}},{"type":"Feature","geometry":{"type":"Polygon","coordinates":[[[121.73102749493894,24.648115476495004],[121.73108007209198,24.65714354029987],[121.74095888771322,24.657095154763113],[121.74090560026181,24.648067110987764],[121.73102749493894,24.648115476495004]]]},"properties":{"grid_id":"G038_042","綠地類型":"農地","中心經度":121.735993,"中心緯度":24.652605,"分析面積_km2":1.04,"2020面積_ha":31.23,"2024面積_ha":14.49,"面積減少率_pct":53.6,"2020斑塊數":4,"2024斑塊數":4,"斑塊數增加率_pct":0.0,"2020平均斑塊面積_ha":17.843,"2024平均斑塊面積_ha":8.977,"平均斑塊面積下降率_pct":49.68,"道路切割密度_km_per_km2":9.833,"建成區邊界切割密度_km_per_km2":2.22,"孤立小斑塊比例_pct":3.73,"距大型連續綠地平均距離_m":6.6,"score_面積減少":83.52144469525959,"score_斑塊增加":24.040632054176072,"score_平均斑塊縮小":42.88939051918736,"score_道路建成區切割":55.58690744920993,"score_孤立比例":52.708803611738155,"score_距大型綠地":33.521444695259596,"綜合破碎化分數":48.7,"破碎化等級":"中","判定原因":"面積減少53.6%；斑塊增加0.0%；平均斑塊縮小49.7%；道路密度9.83 km/km²；孤立比例3.7%；距大型綠地7m","2021面積_ha":19.08,"2022面積_ha":1.35,"2023面積_ha":12.06}},{"type":"Feature","geometry":{"type":"Polygon","coordinates":[[[121.74090560026181,24.648067110987764],[121.74095888771322,24.657095154763113],[121.75083767737088,24.65704611992546],[121.75078367962935,24.648018096448396],[121.74090560026181,24.648067110987764]]]},"properties":{"grid_id":"G038_043","綠地類型":"農地","中心經度":121.745871,"中心緯度":24.652557,"分析面積_km2":1.04,"2020面積_ha":41.58,"2024面積_ha":27.09,"面積減少率_pct":34.85,"2020斑塊數":7,"2024斑塊數":5,"斑塊數增加率_pct":0.0,"2020平均斑塊面積_ha":9.656,"2024平均斑塊面積_ha":8.334,"平均斑塊面積下降率_pct":13.69,"道路切割密度_km_per_km2":10.179,"建成區邊界切割密度_km_per_km2":4.095,"孤立小斑塊比例_pct":3.99,"距大型連續綠地平均距離_m":33.7,"score_面積減少":69.07449209932281,"score_斑塊增加":24.040632054176072,"score_平均斑塊縮小":22.799097065462753,"score_道路建成區切割":67.49435665914221,"score_孤立比例":54.06320541760722,"score_距大型綠地":49.66139954853273,"綜合破碎化分數":47.9,"破碎化等級":"中","判定原因":"面積減少34.9%；斑塊增加0.0%；平均斑塊縮小13.7%；道路密度10.18 km/km²；孤立比例4.0%；距大型綠地34m","2021面積_ha":43.38,"2022面積_ha":13.59,"2023面積_ha":23.94}},{"type":"Feature","geometry":{"type":"Polygon","coordinates":[[[121.76066173269561,24.647968432883665],[121.76071644071897,24.656996435793676],[121.77059517741144,24.656946102374636],[121.77053975911464,24.647918120300435],[121.76066173269561,24.647968432883665]]]},"properties":{"grid_id":"G038_045","綠地類型":"農地","中心經度":121.765628,"中心緯度":24.652457,"分析面積_km2":1.04,"2020面積_ha":30.15,"2024面積_ha":17.01,"面積減少率_pct":43.58,"2020斑塊數":7,"2024斑塊數":5,"斑塊數增加率_pct":0.0,"2020平均斑塊面積_ha":57.163,"2024平均斑塊面積_ha":56.988,"平均斑塊面積下降率_pct":0.31,"道路切割密度_km_per_km2":9.862,"建成區邊界切割密度_km_per_km2":2.451,"孤立小斑塊比例_pct":4.23,"距大型連續綠地平均距離_m":48.4,"score_面積減少":76.52370203160271,"score_斑塊增加":24.040632054176072,"score_平均斑塊縮小":17.83295711060948,"score_道路建成區切割":57.33634311512415,"score_孤立比例":55.07900677200903,"score_距大型綠地":56.20767494356659,"綜合破碎化分數":47.8,"破碎化等級":"中","判定原因":"面積減少43.6%；斑塊增加0.0%；平均斑塊縮小0.3%；道路密度9.86 km/km²；孤立比例4.2%；距大型綠地48m","2021面積_ha":25.56,"2022面積_ha":18.27,"2023面積_ha":19.53}},{"type":"Feature","geometry":{"type":"Polygon","coordinates":[[[121.77053975911464,24.647918120300435],[121.77059517741144,24.656946102374636],[121.78047388710222,24.656895119675287],[121.78041775854054,24.647867158705655],[121.77053975911464,24.647918120300435]]]},"properties":{"grid_id":"G038_046","綠地類型":"農地","中心經度":121.775507,"中心緯度":24.652407,"分析面積_km2":1.04,"2020面積_ha":30.69,"2024面積_ha":18.27,"面積減少率_pct":40.47,"2020斑塊數":5,"2024斑塊數":6,"斑塊數增加率_pct":20.0,"2020平均斑塊面積_ha":72.36,"2024平均斑塊面積_ha":45.105,"平均斑塊面積下降率_pct":37.67,"道路切割密度_km_per_km2":10.409,"建成區邊界切割密度_km_per_km2":2.509,"孤立小斑塊比例_pct":3.45,"距大型連續綠地平均距離_m":5.8,"score_面積減少":74.4920993227991,"score_斑塊增加":51.24153498871332,"score_平均斑塊縮小":31.376975169300223,"score_道路建成區切割":61.00451467268623,"score_孤立比例":51.24153498871332,"score_距大型綠地":31.82844243792325,"綜合破碎化分數":50.2,"破碎化等級":"中","判定原因":"面積減少40.5%；斑塊增加20.0%；平均斑塊縮小37.7%；道路密度10.41 km/km²；孤立比例3.5%；距大型綠地6m","2021面積_ha":29.07,"2022面積_ha":18.36,"2023面積_ha":19.26}},{"type":"Feature","geometry":{"type":"Polygon","coordinates":[[[121.7902957306274,24.647815548106365],[121.79035256944529,24.656843487702677],[121.80023122409469,24.656791206463943],[121.80017367502927,24.6477632885097],[121.7902957306274,24.647815548106365]]]},"properties":{"grid_id":"G038_048","綠地類型":"農地","中心經度":121.795263,"中心緯度":24.652303,"分析面積_km2":1.04,"2020面積_ha":51.93,"2024面積_ha":44.01,"面積減少率_pct":15.25,"2020斑塊數":3,"2024斑塊數":4,"斑塊數增加率_pct":33.33,"2020平均斑塊面積_ha":255.21,"2024平均斑塊面積_ha":149.085,"平均斑塊面積下降率_pct":41.58,"道路切割密度_km_per_km2":9.602,"建成區邊界切割密度_km_per_km2":4.152,"孤立小斑塊比例_pct":2.04,"距大型連續綠地平均距離_m":29.7,"score_面積減少":42.43792325056434,"score_斑塊增加":55.86907449209932,"score_平均斑塊縮小":36.11738148984199,"score_道路建成區切割":64.4469525959368,"score_孤立比例":44.24379232505643,"score_距大型綠地":47.17832957110609,"綜合破碎化分數":48.4,"破碎化等級":"中","判定原因":"面積減少15.2%；斑塊增加33.3%；平均斑塊縮小41.6%；道路密度9.60 km/km²；孤立比例2.0%；距大型綠地30m","2021面積_ha":49.86,"2022面積_ha":48.24,"2023面積_ha":44.37}},{"type":"Feature","geometry":{"type":"Polygon","coordinates":[[[121.80017367502927,24.6477632885097],[121.80023122409469,24.656791206463943],[121.81010985070434,24.656738275966298],[121.81005159140031,24.647710379922874],[121.80017367502927,24.6477632885097]]]},"properties":{"grid_id":"G038_049","綠地類型":"農地","中心經度":121.805142,"中心緯度":24.652251,"分析面積_km2":1.04,"2020面積_ha":85.5,"2024面積_ha":74.25,"面積減少率_pct":13.16,"2020斑塊數":1,"2024斑塊數":2,"斑塊數增加率_pct":100.0,"2020平均斑塊面積_ha":615.06,"2024平均斑塊面積_ha":255.42,"平均斑塊面積下降率_pct":58.47,"道路切割密度_km_per_km2":11.073,"建成區邊界切割密度_km_per_km2":5.017,"孤立小斑塊比例_pct":0.12,"距大型連續綠地平均距離_m":0.1,"score_面積減少":39.954853273137694,"score_斑塊增加":78.3295711060948,"score_平均斑塊縮小":51.91873589164786,"score_道路建成區切割":78.38600451467269,"score_孤立比例":27.65237020316027,"score_距大型綠地":18.17155756207675,"綜合破碎化分數":49.1,"破碎化等級":"中","判定原因":"面積減少13.2%；斑塊增加100.0%；平均斑塊縮小58.5%；道路密度11.07 km/km²；孤立比例0.1%；距大型綠地0m","2021面積_ha":86.58,"2022面積_ha":75.69,"2023面積_ha":76.77}},{"type":"Feature","geometry":{"type":"Polygon","coordinates":[[[121.81992947939456,24.647656822353195],[121.81998844892823,24.65668469621706],[121.82986701842042,24.656630467223636],[121.82980733866613,24.647602615808065],[121.81992947939456,24.647656822353195]]]},"properties":{"grid_id":"G038_051","綠地類型":"農地","中心經度":121.824898,"中心緯度":24.652144,"分析面積_km2":1.04,"2020面積_ha":35.1,"2024面積_ha":27.81,"面積減少率_pct":20.77,"2020斑塊數":5,"2024斑塊數":8,"斑塊數增加率_pct":60.0,"2020平均斑塊面積_ha":137.88,"2024平均斑塊面積_ha":71.179,"平均斑塊面積下降率_pct":48.38,"道路切割密度_km_per_km2":8.766,"建成區邊界切割密度_km_per_km2":3.085,"孤立小斑塊比例_pct":4.21,"距大型連續綠地平均距離_m":12.2,"score_面積減少":52.595936794582386,"score_斑塊增加":66.70428893905192,"score_平均斑塊縮小":41.760722347629795,"score_道路建成區切割":54.00677200902935,"score_孤立比例":54.85327313769752,"score_距大型綠地":39.503386004514674,"綜合破碎化分數":51.6,"破碎化等級":"中","判定原因":"面積減少20.8%；斑塊增加60.0%；平均斑塊縮小48.4%；道路密度8.77 km/km²；孤立比例4.2%；距大型綠地12m","2021面積_ha":26.28,"2022面積_ha":23.49,"2023面積_ha":26.19}},{"type":"Feature","geometry":{"type":"Polygon","coordinates":[[[121.57301577350141,24.657829398785122],[121.5730570049347,24.666857735597215],[121.58293689966744,24.66681972399201],[121.58289495747333,24.657791402910934],[121.57301577350141,24.657829398785122]]]},"properties":{"grid_id":"G039_026","綠地類型":"農地","中心經度":121.577976,"中心緯度":24.662325,"分析面積_km2":1.04,"2020面積_ha":0.0,"2024面積_ha":0.81,"面積減少率_pct":0.0,"2020斑塊數":0,"2024斑塊數":1,"斑塊數增加率_pct":100.0,"2020平均斑塊面積_ha":0.0,"2024平均斑塊面積_ha":0.81,"平均斑塊面積下降率_pct":0.0,"道路切割密度_km_per_km2":5.248,"建成區邊界切割密度_km_per_km2":0.058,"孤立小斑塊比例_pct":100.0,"距大型連續綠地平均距離_m":2041.3,"score_面積減少":9.255079006772009,"score_斑塊增加":78.3295711060948,"score_平均斑塊縮小":8.91647855530474,"score_道路建成區切割":17.15575620767494,"score_孤立比例":93.56659142212189,"score_距大型綠地":95.71106094808127,"綜合破碎化分數":50.5,"破碎化等級":"中","判定原因":"面積減少0.0%；斑塊增加100.0%；平均斑塊縮小0.0%；道路密度5.25 km/km²；孤立比例100.0%；距大型綠地2041m","2021面積_ha":0.0,"2022面積_ha":1.17,"2023面積_ha":1.26}},{"type":"Feature","geometry":{"type":"Polygon","coordinates":[[[121.58289495747333,24.657791402910934],[121.58293689966744,24.66681972399201],[121.59281677396756,24.666781062720858],[121.59277412101903,24.657752757639653],[121.58289495747333,24.657791402910934]]]},"properties":{"grid_id":"G039_027","綠地類型":"農地","中心經度":121.587856,"中心緯度":24.662286,"分析面積_km2":1.04,"2020面積_ha":1.8,"2024面積_ha":0.81,"面積減少率_pct":55.0,"2020斑塊數":3,"2024斑塊數":3,"斑塊數增加率_pct":0.0,"2020平均斑塊面積_ha":1.77,"2024平均斑塊面積_ha":2.07,"平均斑塊面積下降率_pct":0.0,"道路切割密度_km_per_km2":5.854,"建成區邊界切割密度_km_per_km2":0.0,"孤立小斑塊比例_pct":22.22,"距大型連續綠地平均距離_m":1297.6,"score_面積減少":84.19864559819413,"score_斑塊增加":24.040632054176072,"score_平均斑塊縮小":8.91647855530474,"score_道路建成區切割":14.27765237020316,"score_孤立比例":79.45823927765237,"score_距大型綠地":92.09932279909707,"綜合破碎化分數":50.5,"破碎化等級":"中","判定原因":"面積減少55.0%；斑塊增加0.0%；平均斑塊縮小0.0%；道路密度5.85 km/km²；孤立比例22.2%；距大型綠地1298m","2021面積_ha":0.9,"2022面積_ha":0.81,"2023面積_ha":8.37}},{"type":"Feature","geometry":{"type":"Polygon","coordinates":[[[121.59277412101903,24.657752757639653],[121.59281677396756,24.666781062720858],[121.6026966274888,24.666741751789097],[121.60265326379248,24.657713462976616],[121.59277412101903,24.657752757639653]]]},"properties":{"grid_id":"G039_028","綠地類型":"農地","中心經度":121.597735,"中心緯度":24.662247,"分析面積_km2":1.04,"2020面積_ha":3.96,"2024面積_ha":6.75,"面積減少率_pct":0.0,"2020斑塊數":5,"2024斑塊數":9,"斑塊數增加率_pct":80.0,"2020平均斑塊面積_ha":1.098,"2024平均斑塊面積_ha":0.81,"平均斑塊面積下降率_pct":26.23,"道路切割密度_km_per_km2":1.932,"建成區邊界切割密度_km_per_km2":0.029,"孤立小斑塊比例_pct":18.67,"距大型連續綠地平均距離_m":1299.3,"score_面積減少":9.255079006772009,"score_斑塊增加":70.8803611738149,"score_平均斑塊縮小":25.733634311512414,"score_道路建成區切割":8.63431151241535,"score_孤立比例":76.2979683972912,"score_距大型綠地":92.32505643340858,"綜合破碎化分數":47.2,"破碎化等級":"中","判定原因":"面積減少0.0%；斑塊增加80.0%；平均斑塊縮小26.2%；道路密度1.93 km/km²；孤立比例18.7%；距大型綠地1299m","2021面積_ha":5.49,"2022面積_ha":3.15,"2023面積_ha":9.63}},{"type":"Feature","geometry":{"type":"Polygon","coordinates":[[[121.61253238544751,24.65767351892724],[121.61257645988498,24.666701791202158],[121.62245627080986,24.666661180965566],[121.62241148563804,24.65763292549706],[121.61253238544751,24.65767351892724]]]},"properties":{"grid_id":"G039_030","綠地類型":"農地","中心經度":121.617494,"中心緯度":24.662167,"分析面積_km2":1.04,"2020面積_ha":48.69,"2024面積_ha":42.75,"面積減少率_pct":12.2,"2020斑塊數":3,"2024斑塊數":4,"斑塊數增加率_pct":33.33,"2020平均斑塊面積_ha":859.74,"2024平均斑塊面積_ha":401.332,"平均斑塊面積下降率_pct":53.32,"道路切割密度_km_per_km2":8.103,"建成區邊界切割密度_km_per_km2":2.595,"孤立小斑塊比例_pct":4.42,"距大型連續綠地平均距離_m":9.6,"score_面積減少":38.37471783295711,"score_斑塊增加":55.86907449209932,"score_平均斑塊縮小":47.855530474040634,"score_道路建成區切割":49.43566591422122,"score_孤立比例":55.30474040632054,"score_距大型綠地":37.471783295711056,"綜合破碎化分數":47.4,"破碎化等級":"中","判定原因":"面積減少12.2%；斑塊增加33.3%；平均斑塊縮小53.3%；道路密度8.10 km/km²；孤立比例4.4%；距大型綠地10m","2021面積_ha":46.89,"2022面積_ha":38.79,"2023面積_ha":41.58}},{"type":"Feature","geometry":{"type":"Polygon","coordinates":[[[121.62241148563804,24.65763292549706],[121.62245627080986,24.666661180965566],[121.63233605991721,24.66661992108493],[121.63229056401792,24.657591682691685],[121.62241148563804,24.65763292549706]]]},"properties":{"grid_id":"G039_031","綠地類型":"農地","中心經度":121.627374,"中心緯度":24.662127,"分析面積_km2":1.04,"2020面積_ha":55.08,"2024面積_ha":45.63,"面積減少率_pct":17.16,"2020斑塊數":2,"2024斑塊數":4,"斑塊數增加率_pct":100.0,"2020平均斑塊面積_ha":1287.72,"2024平均斑塊面積_ha":401.265,"平均斑塊面積下降率_pct":68.84,"道路切割密度_km_per_km2":9.083,"建成區邊界切割密度_km_per_km2":5.334,"孤立小斑塊比例_pct":2.76,"距大型連續綠地平均距離_m":2.9,"score_面積減少":45.03386004514673,"score_斑塊增加":78.3295711060948,"score_平均斑塊縮小":61.6252821670429,"score_道路建成區切割":67.94582392776523,"score_孤立比例":47.855530474040634,"score_距大型綠地":28.78103837471783,"綜合破碎化分數":54.9,"破碎化等級":"中","判定原因":"面積減少17.2%；斑塊增加100.0%；平均斑塊縮小68.8%；道路密度9.08 km/km²；孤立比例2.8%；距大型綠地3m","2021面積_ha":51.84,"2022面積_ha":45.27,"2023面積_ha":58.59}},{"type":"Feature","geometry":{"type":"Polygon","coordinates":[[[121.65204865396143,24.657507248978195],[121.6520955712945,24.666535452414415],[121.66197529287203,24.666492243636213],[121.66192766483285,24.657464058081768],[121.65204865396143,24.657507248978195]]]},"properties":{"grid_id":"G039_034","綠地類型":"農地","中心經度":121.657012,"中心緯度":24.662,"分析面積_km2":1.04,"2020面積_ha":31.77,"2024面積_ha":26.82,"面積減少率_pct":15.58,"2020斑塊數":3,"2024斑塊數":4,"斑塊數增加率_pct":33.33,"2020平均斑塊面積_ha":860.7,"2024平均斑塊面積_ha":389.115,"平均斑塊面積下降率_pct":54.79,"道路切割密度_km_per_km2":9.717,"建成區邊界切割密度_km_per_km2":3.201,"孤立小斑塊比例_pct":2.01,"距大型連續綠地平均距離_m":80.3,"score_面積減少":43.566591422121896,"score_斑塊增加":55.86907449209932,"score_平均斑塊縮小":49.887133182844245,"score_道路建成區切割":59.87584650112867,"score_孤立比例":44.01805869074492,"score_距大型綠地":60.496613995485326,"綜合破碎化分數":52.3,"破碎化等級":"中","判定原因":"面積減少15.6%；斑塊增加33.3%；平均斑塊縮小54.8%；道路密度9.72 km/km²；孤立比例2.0%；距大型綠地80m","2021面積_ha":30.15,"2022面積_ha":10.26,"2023面積_ha":28.26}},{"type":"Feature","geometry":{"type":"Polygon","coordinates":[[[121.66192766483285,24.657464058081768],[121.66197529287203,24.666492243636213],[121.67185499124722,24.66644838523732],[121.67180665250925,24.657420217833458],[121.66192766483285,24.657464058081768]]]},"properties":{"grid_id":"G039_035","綠地類型":"農地","中心經度":121.666891,"中心緯度":24.661956,"分析面積_km2":1.04,"2020面積_ha":54.99,"2024面積_ha":39.51,"面積減少率_pct":28.15,"2020斑塊數":1,"2024斑塊數":2,"斑塊數增加率_pct":100.0,"2020平均斑塊面積_ha":2574.72,"2024平均斑塊面積_ha":774.09,"平均斑塊面積下降率_pct":69.93,"道路切割密度_km_per_km2":5.652,"建成區邊界切割密度_km_per_km2":3.201,"孤立小斑塊比例_pct":0.23,"距大型連續綠地平均距離_m":0.3,"score_面積減少":62.528216704288944,"score_斑塊增加":78.3295711060948,"score_平均斑塊縮小":62.8668171557562,"score_道路建成區切割":43.84875846501129,"score_孤立比例":29.909706546275395,"score_距大型綠地":20.654627539503387,"綜合破碎化分數":49.7,"破碎化等級":"中","判定原因":"面積減少28.1%；斑塊增加100.0%；平均斑塊縮小69.9%；道路密度5.65 km/km²；孤立比例0.2%；距大型綠地0m","2021面積_ha":49.14,"2022面積_ha":31.23,"2023面積_ha":48.15}},{"type":"Feature","geometry":{"type":"Polygon","coordinates":[[[121.70144347290756,24.65728480103835],[121.70149394369679,24.666312912377474],[121.71137354580071,24.66626645555728],[121.71132236434309,24.657238363444048],[121.70144347290756,24.65728480103835]]]},"properties":{"grid_id":"G039_039","綠地類型":"農地","中心經度":121.706408,"中心緯度":24.661776,"分析面積_km2":1.04,"2020面積_ha":44.82,"2024面積_ha":41.85,"面積減少率_pct":6.63,"2020斑塊數":3,"2024斑塊數":4,"斑塊數增加率_pct":33.33,"2020平均斑塊面積_ha":83.01,"2024平均斑塊面積_ha":15.3,"平均斑塊面積下降率_pct":81.57,"道路切割密度_km_per_km2":7.872,"建成區邊界切割密度_km_per_km2":3.172,"孤立小斑塊比例_pct":0.43,"距大型連續綠地平均距離_m":9.2,"score_面積減少":26.185101580135438,"score_斑塊增加":55.86907449209932,"score_平均斑塊縮小":75.05643340857789,"score_道路建成區切割":51.128668171557564,"score_孤立比例":32.05417607223476,"score_距大型綠地":36.56884875846501,"綜合破碎化分數":46.1,"破碎化等級":"中","判定原因":"面積減少6.6%；斑塊增加33.3%；平均斑塊縮小81.6%；道路密度7.87 km/km²；孤立比例0.4%；距大型綠地9m","2021面積_ha":44.82,"2022面積_ha":30.42,"2023面積_ha":42.39}},{"type":"Feature","geometry":{"type":"Polygon","coordinates":[[[121.73108007209198,24.65714354029987],[121.73113267486256,24.666171593154893],[121.7410122011282,24.666123187585818],[121.74095888771322,24.657095154763113],[121.73108007209198,24.65714354029987]]]},"properties":{"grid_id":"G039_042","綠地類型":"農地","中心經度":121.736046,"中心緯度":24.661633,"分析面積_km2":1.04,"2020面積_ha":12.69,"2024面積_ha":7.38,"面積減少率_pct":41.84,"2020斑塊數":13,"2024斑塊數":8,"斑塊數增加率_pct":0.0,"2020平均斑塊面積_ha":4.902,"2024平均斑塊面積_ha":4.072,"平均斑塊面積下降率_pct":16.91,"道路切割密度_km_per_km2":9.083,"建成區邊界切割密度_km_per_km2":1.701,"孤立小斑塊比例_pct":41.46,"距大型連續綠地平均距離_m":311.7,"score_面積減少":75.62076749435666,"score_斑塊增加":24.040632054176072,"score_平均斑塊縮小":23.927765237020317,"score_道路建成區切割":48.363431151241535,"score_孤立比例":83.7471783295711,"score_距大型綠地":75.39503386004515,"綜合破碎化分數":55.2,"破碎化等級":"中","判定原因":"面積減少41.8%；斑塊增加0.0%；平均斑塊縮小16.9%；道路密度9.08 km/km²；孤立比例41.5%；距大型綠地312m","2021面積_ha":5.22,"2022面積_ha":0.0,"2023面積_ha":6.84}},{"type":"Feature","geometry":{"type":"Polygon","coordinates":[[[121.75083767737088,24.65704611992546],[121.75089170142205,24.666074132447037],[121.76077117539798,24.666024427745334],[121.76071644071897,24.656996435793676],[121.75083767737088,24.65704611992546]]]},"properties":{"grid_id":"G039_044","綠地類型":"農地","中心經度":121.755804,"中心緯度":24.661535,"分析面積_km2":1.04,"2020面積_ha":3.51,"2024面積_ha":0.0,"面積減少率_pct":100.0,"2020斑塊數":2,"2024斑塊數":0,"斑塊數增加率_pct":0.0,"2020平均斑塊面積_ha":2.025,"2024平均斑塊面積_ha":0.0,"平均斑塊面積下降率_pct":100.0,"道路切割密度_km_per_km2":12.37,"建成區邊界切割密度_km_per_km2":0.0,"孤立小斑塊比例_pct":0.0,"距大型連續綠地平均距離_m":0.0,"score_面積減少":97.62979683972912,"score_斑塊增加":24.040632054176072,"score_平均斑塊縮小":97.62979683972912,"score_道路建成區切割":44.0744920993228,"score_孤立比例":13.656884875846501,"score_距大型綠地":8.803611738148984,"綜合破碎化分數":47.6,"破碎化等級":"中","判定原因":"面積減少100.0%；斑塊增加0.0%；平均斑塊縮小100.0%；道路密度12.37 km/km²；孤立比例0.0%；距大型綠地0m","2021面積_ha":0.81,"2022面積_ha":0.0,"2023面積_ha":0.0}},{"type":"Feature","geometry":{"type":"Polygon","coordinates":[[[121.76071644071897,24.656996435793676],[121.76077117539798,24.666024427745334],[121.77065062270987,24.66597407348757],[121.77059517741144,24.656946102374636],[121.76071644071897,24.656996435793676]]]},"properties":{"grid_id":"G039_045","綠地類型":"農地","中心經度":121.765683,"中心緯度":24.661485,"分析面積_km2":1.04,"2020面積_ha":13.23,"2024面積_ha":7.38,"面積減少率_pct":44.22,"2020斑塊數":1,"2024斑塊數":1,"斑塊數增加率_pct":0.0,"2020平均斑塊面積_ha":14.67,"2024平均斑塊面積_ha":7.56,"平均斑塊面積下降率_pct":48.47,"道路切割密度_km_per_km2":15.686,"建成區邊界切割密度_km_per_km2":1.182,"孤立小斑塊比例_pct":0.0,"距大型連續綠地平均距離_m":562.2,"score_面積減少":77.42663656884876,"score_斑塊增加":24.040632054176072,"score_平均斑塊縮小":41.98645598194131,"score_道路建成區切割":70.14672686230249,"score_孤立比例":13.656884875846501,"score_距大型綠地":83.52144469525959,"綜合破碎化分數":51.8,"破碎化等級":"中","判定原因":"面積減少44.2%；斑塊增加0.0%；平均斑塊縮小48.5%；道路密度15.69 km/km²；孤立比例0.0%；距大型綠地562m","2021面積_ha":12.51,"2022面積_ha":4.32,"2023面積_ha":6.03}},{"type":"Feature","geometry":{"type":"Polygon","coordinates":[[[121.77059517741144,24.656946102374636],[121.77065062270987,24.66597407348757],[121.78053004301158,24.665923069680705],[121.78047388710222,24.656895119675287],[121.77059517741144,24.656946102374636]]]},"properties":{"grid_id":"G039_046","綠地類型":"農地","中心經度":121.775562,"中心緯度":24.661435,"分析面積_km2":1.04,"2020面積_ha":2.43,"2024面積_ha":0.0,"面積減少率_pct":100.0,"2020斑塊數":4,"2024斑塊數":0,"斑塊數增加率_pct":0.0,"2020平均斑塊面積_ha":41.468,"2024平均斑塊面積_ha":0.0,"平均斑塊面積下降率_pct":100.0,"道路切割密度_km_per_km2":14.36,"建成區邊界切割密度_km_per_km2":0.0,"孤立小斑塊比例_pct":0.0,"距大型連續綠地平均距離_m":0.0,"score_面積減少":97.62979683972912,"score_斑塊增加":24.040632054176072,"score_平均斑塊縮小":97.62979683972912,"score_道路建成區切割":49.661399548532735,"score_孤立比例":13.656884875846501,"score_距大型綠地":8.803611738148984,"綜合破碎化分數":48.6,"破碎化等級":"中","判定原因":"面積減少100.0%；斑塊增加0.0%；平均斑塊縮小100.0%；道路密度14.36 km/km²；孤立比例0.0%；距大型綠地0m","2021面積_ha":5.67,"2022面積_ha":0.0,"2023面積_ha":0.81}},{"type":"Feature","geometry":{"type":"Polygon","coordinates":[[[121.81010985070434,24.656738275966298],[121.81016813839409,24.66576616103643],[121.82004744719366,24.665712559104538],[121.81998844892823,24.65668469621706],[121.81010985070434,24.656738275966298]]]},"properties":{"grid_id":"G039_050","綠地類型":"農地","中心經度":121.815078,"中心緯度":24.661226,"分析面積_km2":1.04,"2020面積_ha":47.16,"2024面積_ha":42.21,"面積減少率_pct":10.5,"2020斑塊數":4,"2024斑塊數":7,"斑塊數增加率_pct":75.0,"2020平均斑塊面積_ha":177.278,"2024平均斑塊面積_ha":80.37,"平均斑塊面積下降率_pct":54.66,"道路切割密度_km_per_km2":8.131,"建成區邊界切割密度_km_per_km2":2.047,"孤立小斑塊比例_pct":1.49,"距大型連續綠地平均距離_m":1.4,"score_面積減少":34.537246049661405,"score_斑塊增加":70.20316027088036,"score_平均斑塊縮小":49.66139954853273,"score_道路建成區切割":46.16252821670429,"score_孤立比例":41.534988713318285,"score_距大型綠地":24.266365688487586,"綜合破碎化分數":44.4,"破碎化等級":"中","判定原因":"面積減少10.5%；斑塊增加75.0%；平均斑塊縮小54.7%；道路密度8.13 km/km²；孤立比例1.5%；距大型綠地1m","2021面積_ha":33.3,"2022面積_ha":33.66,"2023面積_ha":28.08}},{"type":"Feature","geometry":{"type":"Polygon","coordinates":[[[121.81998844892823,24.65668469621706],[121.82004744719366,24.665712559104538],[121.82992672725241,24.665658307659676],[121.82986701842042,24.656630467223636],[121.81998844892823,24.65668469621706]]]},"properties":{"grid_id":"G039_051","綠地類型":"農地","中心經度":121.824957,"中心緯度":24.661172,"分析面積_km2":1.04,"2020面積_ha":25.56,"2024面積_ha":23.13,"面積減少率_pct":9.51,"2020斑塊數":1,"2024斑塊數":3,"斑塊數增加率_pct":200.0,"2020平均斑塊面積_ha":72.54,"2024平均斑塊面積_ha":11.61,"平均斑塊面積下降率_pct":84.0,"道路切割密度_km_per_km2":9.689,"建成區邊界切割密度_km_per_km2":1.672,"孤立小斑塊比例_pct":0.78,"距大型連續綠地平均距離_m":0.5,"score_面積減少":31.376975169300223,"score_斑塊增加":91.7607223476298,"score_平均斑塊縮小":78.21670428893906,"score_道路建成區切割":51.29796839729119,"score_孤立比例":35.66591422121896,"score_距大型綠地":21.896162528216703,"綜合破碎化分數":51.7,"破碎化等級":"中","判定原因":"面積減少9.5%；斑塊增加200.0%；平均斑塊縮小84.0%；道路密度9.69 km/km²；孤立比例0.8%；距大型綠地0m","2021面積_ha":22.05,"2022面積_ha":17.1,"2023面積_ha":22.86}},{"type":"Feature","geometry":{"type":"Polygon","coordinates":[[[121.83974555883482,24.656575588993512],[121.82986701842042,24.656630467223636],[121.82992672725241,24.665658307659676],[121.83935524158322,24.665605925686112],[121.839362,24.665555200000004],[121.8396679,24.663288599999994],[121.8397776,24.662799900000003],[121.83978695615768,24.662761619878516],[121.83974555883482,24.656575588993512]]]},"properties":{"grid_id":"G039_052","綠地類型":"農地","中心經度":121.834827,"中心緯度":24.659696,"分析面積_km2":1.029,"2020面積_ha":0.36,"2024面積_ha":0.0,"面積減少率_pct":100.0,"2020斑塊數":2,"2024斑塊數":0,"斑塊數增加率_pct":0.0,"2020平均斑塊面積_ha":0.36,"2024平均斑塊面積_ha":0.0,"平均斑塊面積下降率_pct":100.0,"道路切割密度_km_per_km2":8.428,"建成區邊界切割密度_km_per_km2":0.0,"孤立小斑塊比例_pct":0.0,"距大型連續綠地平均距離_m":0.0,"score_面積減少":97.62979683972912,"score_斑塊增加":24.040632054176072,"score_平均斑塊縮小":97.62979683972912,"score_道路建成區切割":23.13769751693002,"score_孤立比例":13.656884875846501,"score_距大型綠地":8.803611738148984,"綜合破碎化分數":44.1,"破碎化等級":"中","判定原因":"面積減少100.0%；斑塊增加0.0%；平均斑塊縮小100.0%；道路密度8.43 km/km²；孤立比例0.0%；距大型綠地0m","2021面積_ha":0.0,"2022面積_ha":0.0,"2023面積_ha":0.0}},{"type":"Feature","geometry":{"type":"Polygon","coordinates":[[[121.61257645988498,24.666701791202158],[121.61262055579375,24.67573005255493],[121.6225010777992,24.675689425509574],[121.62245627080986,24.666661180965566],[121.61257645988498,24.666701791202158]]]},"properties":{"grid_id":"G040_030","綠地類型":"農地","中心經度":121.617539,"中心緯度":24.671196,"分析面積_km2":1.04,"2020面積_ha":58.95,"2024面積_ha":54.09,"面積減少率_pct":8.24,"2020斑塊數":4,"2024斑塊數":9,"斑塊數增加率_pct":125.0,"2020平均斑塊面積_ha":646.492,"2024平均斑塊面積_ha":172.45,"平均斑塊面積下降率_pct":73.33,"道路切割密度_km_per_km2":6.401,"建成區邊界切割密度_km_per_km2":0.548,"孤立小斑塊比例_pct":2.66,"距大型連續綠地平均距離_m":13.7,"score_面積減少":30.02257336343115,"score_斑塊增加":86.23024830699775,"score_平均斑塊縮小":67.49435665914221,"score_道路建成區切割":30.756207674943568,"score_孤立比例":46.72686230248307,"score_距大型綠地":40.63205417607224,"綜合破碎化分數":50.3,"破碎化等級":"中","判定原因":"面積減少8.2%；斑塊增加125.0%；平均斑塊縮小73.3%；道路密度6.40 km/km²；孤立比例2.7%；距大型綠地14m","2021面積_ha":68.4,"2022面積_ha":63.0,"2023面積_ha":58.23}},{"type":"Feature","geometry":{"type":"Polygon","coordinates":[[[121.69161431700579,24.666358719601753],[121.6916641013598,24.67538683895595],[121.70154443907312,24.67534101277196],[121.70149394369679,24.666312912377474],[121.69161431700579,24.666358719601753]]]},"properties":{"grid_id":"G040_038","綠地類型":"農地","中心經度":121.696579,"中心緯度":24.67085,"分析面積_km2":1.04,"2020面積_ha":65.34,"2024面積_ha":51.66,"面積減少率_pct":20.94,"2020斑塊數":7,"2024斑塊數":7,"斑塊數增加率_pct":0.0,"2020平均斑塊面積_ha":369.154,"2024平均斑塊面積_ha":14.709,"平均斑塊面積下降率_pct":96.02,"道路切割密度_km_per_km2":9.948,"建成區邊界切割密度_km_per_km2":5.767,"孤立小斑塊比例_pct":4.7,"距大型連續綠地平均距離_m":7.3,"score_面積減少":52.82167042889391,"score_斑塊增加":24.040632054176072,"score_平均斑塊縮小":87.58465011286681,"score_道路建成區切割":74.66139954853273,"score_孤立比例":56.659142212189614,"score_距大型綠地":33.86004514672686,"綜合破碎化分數":54.9,"破碎化等級":"中","判定原因":"面積減少20.9%；斑塊增加0.0%；平均斑塊縮小96.0%；道路密度9.95 km/km²；孤立比例4.7%；距大型綠地7m","2021面積_ha":66.06,"2022面積_ha":50.22,"2023面積_ha":55.8}},{"type":"Feature","geometry":{"type":"Polygon","coordinates":[[[121.71137354580071,24.66626645555728],[121.71142475219159,24.675294536723186],[121.72130504036888,24.675247410816066],[121.72125312297135,24.666219349147585],[121.71137354580071,24.66626645555728]]]},"properties":{"grid_id":"G040_040","綠地類型":"農地","中心經度":121.716339,"中心緯度":24.670757,"分析面積_km2":1.04,"2020面積_ha":34.38,"2024面積_ha":28.8,"面積減少率_pct":16.23,"2020斑塊數":11,"2024斑塊數":11,"斑塊數增加率_pct":0.0,"2020平均斑塊面積_ha":25.421,"2024平均斑塊面積_ha":16.732,"平均斑塊面積下降率_pct":34.18,"道路切割密度_km_per_km2":10.9,"建成區邊界切割密度_km_per_km2":4.671,"孤立小斑塊比例_pct":14.06,"距大型連續綠地平均距離_m":53.7,"score_面積減少":44.24379232505643,"score_斑塊增加":24.040632054176072,"score_平均斑塊縮小":29.571106094808126,"score_道路建成區切割":74.77426636568849,"score_孤立比例":72.00902934537245,"score_距大型綠地":57.11060948081265,"綜合破碎化分數":50.3,"破碎化等級":"中","判定原因":"面積減少16.2%；斑塊增加0.0%；平均斑塊縮小34.2%；道路密度10.90 km/km²；孤立比例14.1%；距大型綠地54m","2021面積_ha":35.1,"2022面積_ha":15.12,"2023面積_ha":28.71}},{"type":"Feature","geometry":{"type":"Polygon","coordinates":[[[121.72125312297135,24.666219349147585],[121.72130504036888,24.675247410816066],[121.73118530325873,24.675199635057105],[121.73113267486256,24.666171593154893],[121.72125312297135,24.666219349147585]]]},"properties":{"grid_id":"G040_041","綠地類型":"農地","中心經度":121.726219,"中心緯度":24.67071,"分析面積_km2":1.04,"2020面積_ha":34.74,"2024面積_ha":29.34,"面積減少率_pct":15.54,"2020斑塊數":10,"2024斑塊數":13,"斑塊數增加率_pct":30.0,"2020平均斑塊面積_ha":31.041,"2024平均斑塊面積_ha":16.698,"平均斑塊面積下降率_pct":46.21,"道路切割密度_km_per_km2":10.409,"建成區邊界切割密度_km_per_km2":5.45,"孤立小斑塊比例_pct":6.75,"距大型連續綠地平均距離_m":19.9,"score_面積減少":43.340857787810386,"score_斑塊增加":53.95033860045147,"score_平均斑塊縮小":40.85778781038375,"score_道路建成區切割":76.41083521444696,"score_孤立比例":60.722347629796836,"score_距大型綠地":43.115124153498876,"綜合破碎化分數":53.1,"破碎化等級":"中","判定原因":"面積減少15.5%；斑塊增加30.0%；平均斑塊縮小46.2%；道路密度10.41 km/km²；孤立比例6.8%；距大型綠地20m","2021面積_ha":38.61,"2022面積_ha":11.34,"2023面積_ha":23.22}},{"type":"Feature","geometry":{"type":"Polygon","coordinates":[[[121.73113267486256,24.666171593154893],[121.73118530325873,24.675199635057105],[121.74106554051491,24.675151209452906],[121.7410122011282,24.666123187585818],[121.73113267486256,24.666171593154893]]]},"properties":{"grid_id":"G040_042","綠地類型":"農地","中心經度":121.736099,"中心緯度":24.670661,"分析面積_km2":1.04,"2020面積_ha":27.9,"2024面積_ha":17.91,"面積減少率_pct":35.81,"2020斑塊數":11,"2024斑塊數":6,"斑塊數增加率_pct":0.0,"2020平均斑塊面積_ha":3.796,"2024平均斑塊面積_ha":4.68,"平均斑塊面積下降率_pct":0.0,"道路切割密度_km_per_km2":7.18,"建成區邊界切割密度_km_per_km2":3.114,"孤立小斑塊比例_pct":11.56,"距大型連續綠地平均距離_m":305.1,"score_面積減少":69.97742663656885,"score_斑塊增加":24.040632054176072,"score_平均斑塊縮小":8.91647855530474,"score_道路建成區切割":48.81489841986456,"score_孤立比例":69.3002257336343,"score_距大型綠地":74.94356659142211,"綜合破碎化分數":49.3,"破碎化等級":"中","判定原因":"面積減少35.8%；斑塊增加0.0%；平均斑塊縮小0.0%；道路密度7.18 km/km²；孤立比例11.6%；距大型綠地305m","2021面積_ha":24.39,"2022面積_ha":7.83,"2023面積_ha":14.67}},{"type":"Feature","geometry":{"type":"Polygon","coordinates":[[[121.7410122011282,24.666123187585818],[121.74106554051491,24.675151209452906],[121.7509457517911,24.67510213401016],[121.75089170142205,24.666074132447037],[121.7410122011282,24.666123187585818]]]},"properties":{"grid_id":"G040_043","綠地類型":"農地","中心經度":121.745979,"中心緯度":24.670613,"分析面積_km2":1.04,"2020面積_ha":5.94,"2024面積_ha":3.6,"面積減少率_pct":39.39,"2020斑塊數":2,"2024斑塊數":2,"斑塊數增加率_pct":0.0,"2020平均斑塊面積_ha":27.045,"2024平均斑塊面積_ha":8.91,"平均斑塊面積下降率_pct":67.05,"道路切割密度_km_per_km2":15.138,"建成區邊界切割密度_km_per_km2":0.634,"孤立小斑塊比例_pct":0.0,"距大型連續綠地平均距離_m":540.9,"score_面積減少":74.04063205417607,"score_斑塊增加":24.040632054176072,"score_平均斑塊縮小":60.270880361173816,"score_道路建成區切割":65.18058690744921,"score_孤立比例":13.656884875846501,"score_距大型綠地":83.06997742663657,"綜合破碎化分數":53.4,"破碎化等級":"中","判定原因":"面積減少39.4%；斑塊增加0.0%；平均斑塊縮小67.0%；道路密度15.14 km/km²；孤立比例0.0%；距大型綠地541m","2021面積_ha":5.22,"2022面積_ha":2.25,"2023面積_ha":3.51}},{"type":"Feature","geometry":{"type":"Polygon","coordinates":[[[121.6225010777992,24.675689425509574],[121.62254590661297,24.684717659126136],[121.63242711821398,24.684676365087824],[121.63238157798024,24.675648148551293],[121.6225010777992,24.675689425509574]]]},"properties":{"grid_id":"G041_031","綠地類型":"農地","中心經度":121.627464,"中心緯度":24.680183,"分析面積_km2":1.04,"2020面積_ha":40.05,"2024面積_ha":39.06,"面積減少率_pct":2.47,"2020斑塊數":4,"2024斑塊數":8,"斑塊數增加率_pct":100.0,"2020平均斑塊面積_ha":651.555,"2024平均斑塊面積_ha":194.558,"平均斑塊面積下降率_pct":70.14,"道路切割密度_km_per_km2":2.797,"建成區邊界切割密度_km_per_km2":0.0,"孤立小斑塊比例_pct":5.3,"距大型連續綠地平均距離_m":30.7,"score_面積減少":20.31602708803612,"score_斑塊增加":78.3295711060948,"score_平均斑塊縮小":63.20541760722348,"score_道路建成區切割":5.981941309255079,"score_孤立比例":58.91647855530474,"score_距大型綠地":47.629796839729124,"綜合破碎化分數":45.7,"破碎化等級":"中","判定原因":"面積減少2.5%；斑塊增加100.0%；平均斑塊縮小70.1%；道路密度2.80 km/km²；孤立比例5.3%；距大型綠地31m","2021面積_ha":68.04,"2022面積_ha":44.1,"2023面積_ha":41.31}},{"type":"Feature","geometry":{"type":"Polygon","coordinates":[[[121.63238157798024,24.675648148551293],[121.63242711821398,24.684676365087824],[121.64230830763725,24.684634420873373],[121.64226205599051,24.67560622168579],[121.63238157798024,24.675648148551293]]]},"properties":{"grid_id":"G041_032","綠地類型":"農地","中心經度":121.637345,"中心緯度":24.680141,"分析面積_km2":1.04,"2020面積_ha":83.52,"2024面積_ha":72.09,"面積減少率_pct":13.69,"2020斑塊數":1,"2024斑塊數":3,"斑塊數增加率_pct":200.0,"2020平均斑塊面積_ha":2574.72,"2024平均斑塊面積_ha":517.11,"平均斑塊面積下降率_pct":79.92,"道路切割密度_km_per_km2":9.112,"建成區邊界切割密度_km_per_km2":2.191,"孤立小斑塊比例_pct":1.25,"距大型連續綠地平均距離_m":2.3,"score_面積減少":40.63205417607224,"score_斑塊增加":91.7607223476298,"score_平均斑塊縮小":73.13769751693002,"score_道路建成區切割":51.2979683972912,"score_孤立比例":39.61625282167043,"score_距大型綠地":27.42663656884876,"綜合破碎化分數":54.0,"破碎化等級":"中","判定原因":"面積減少13.7%；斑塊增加200.0%；平均斑塊縮小79.9%；道路密度9.11 km/km²；孤立比例1.2%；距大型綠地2m","2021面積_ha":86.94,"2022面積_ha":74.43,"2023面積_ha":75.87}},{"type":"Feature","geometry":{"type":"Polygon","coordinates":[[[121.64226205599051,24.67560622168579],[121.64230830763725,24.684634420873373],[121.65218947453634,24.68459182648859],[121.65214251148373,24.675563644918867],[121.64226205599051,24.67560622168579]]]},"properties":{"grid_id":"G041_033","綠地類型":"農地","中心經度":121.647226,"中心緯度":24.680099,"分析面積_km2":1.04,"2020面積_ha":86.85,"2024面積_ha":74.88,"面積減少率_pct":13.78,"2020斑塊數":1,"2024斑塊數":2,"斑塊數增加率_pct":100.0,"2020平均斑塊面積_ha":2574.72,"2024平均斑塊面積_ha":774.765,"平均斑塊面積下降率_pct":69.91,"道路切割密度_km_per_km2":9.141,"建成區邊界切割密度_km_per_km2":4.7,"孤立小斑塊比例_pct":1.8,"距大型連續綠地平均距離_m":2.3,"score_面積減少":40.85778781038375,"score_斑塊增加":78.3295711060948,"score_平均斑塊縮小":62.30248306997742,"score_道路建成區切割":65.34988713318285,"score_孤立比例":42.88939051918736,"score_距大型綠地":27.42663656884876,"綜合破碎化分數":52.9,"破碎化等級":"中","判定原因":"面積減少13.8%；斑塊增加100.0%；平均斑塊縮小69.9%；道路密度9.14 km/km²；孤立比例1.8%；距大型綠地2m","2021面積_ha":86.94,"2022面積_ha":71.73,"2023面積_ha":82.26}},{"type":"Feature","geometry":{"type":"Polygon","coordinates":[[[121.67190335353375,24.675476541704374],[121.67195173937624,24.68450468723165],[121.68183283662425,24.68446014237155],[121.68178373939791,24.675432015268832],[121.67190335353375,24.675476541704374]]]},"properties":{"grid_id":"G041_036","綠地類型":"農地","中心經度":121.676868,"中心緯度":24.679968,"分析面積_km2":1.04,"2020面積_ha":72.99,"2024面積_ha":63.27,"面積減少率_pct":13.32,"2020斑塊數":1,"2024斑塊數":3,"斑塊數增加率_pct":200.0,"2020平均斑塊面積_ha":2574.72,"2024平均斑塊面積_ha":527.55,"平均斑塊面積下降率_pct":79.51,"道路切割密度_km_per_km2":11.794,"建成區邊界切割密度_km_per_km2":6.257,"孤立小斑塊比例_pct":0.14,"距大型連續綠地平均距離_m":0.1,"score_面積減少":40.18058690744921,"score_斑塊增加":91.7607223476298,"score_平均斑塊縮小":72.23476297968398,"score_道路建成區切割":86.23024830699774,"score_孤立比例":28.103837471783294,"score_距大型綠地":18.17155756207675,"綜合破碎化分數":56.1,"破碎化等級":"中","判定原因":"面積減少13.3%；斑塊增加200.0%；平均斑塊縮小79.5%；道路密度11.79 km/km²；孤立比例0.1%；距大型綠地0m","2021面積_ha":70.47,"2022面積_ha":58.86,"2023面積_ha":73.98}},{"type":"Feature","geometry":{"type":"Polygon","coordinates":[[[121.6916641013598,24.67538683895595],[121.69171390996242,24.68441494736518],[121.70159495904434,24.68436910221882],[121.70154443907312,24.67534101277196],[121.6916641013598,24.67538683895595]]]},"properties":{"grid_id":"G041_038","綠地類型":"農地","中心經度":121.696629,"中心緯度":24.679878,"分析面積_km2":1.04,"2020面積_ha":54.36,"2024面積_ha":30.6,"面積減少率_pct":43.71,"2020斑塊數":7,"2024斑塊數":7,"斑塊數增加率_pct":0.0,"2020平均斑塊面積_ha":372.883,"2024平均斑塊面積_ha":237.304,"平均斑塊面積下降率_pct":36.36,"道路切割密度_km_per_km2":11.88,"建成區邊界切割密度_km_per_km2":4.268,"孤立小斑塊比例_pct":1.76,"距大型連續綠地平均距離_m":55.2,"score_面積減少":76.74943566591422,"score_斑塊增加":24.040632054176072,"score_平均斑塊縮小":30.699774266365687,"score_道路建成區切割":76.29796839729119,"score_孤立比例":42.43792325056434,"score_距大型綠地":57.33634311512416,"綜合破碎化分數":51.3,"破碎化等級":"中","判定原因":"面積減少43.7%；斑塊增加0.0%；平均斑塊縮小36.4%；道路密度11.88 km/km²；孤立比例1.8%；距大型綠地55m","2021面積_ha":50.4,"2022面積_ha":28.71,"2023面積_ha":37.8}},{"type":"Feature","geometry":{"type":"Polygon","coordinates":[[[121.74106554051491,24.675151209452906],[121.74111890588159,24.68417922036139],[121.7509998284864,24.684130124611848],[121.7509457517911,24.67510213401016],[121.74106554051491,24.675151209452906]]]},"properties":{"grid_id":"G041_043","綠地類型":"農地","中心經度":121.746033,"中心緯度":24.679641,"分析面積_km2":1.04,"2020面積_ha":1.26,"2024面積_ha":0.0,"面積減少率_pct":100.0,"2020斑塊數":1,"2024斑塊數":0,"斑塊數增加率_pct":0.0,"2020平均斑塊面積_ha":1.26,"2024平均斑塊面積_ha":0.0,"平均斑塊面積下降率_pct":100.0,"道路切割密度_km_per_km2":10.352,"建成區邊界切割密度_km_per_km2":0.0,"孤立小斑塊比例_pct":0.0,"距大型連續綠地平均距離_m":0.0,"score_面積減少":97.62979683972912,"score_斑塊增加":24.040632054176072,"score_平均斑塊縮小":97.62979683972912,"score_道路建成區切割":33.239277652370205,"score_孤立比例":13.656884875846501,"score_距大型綠地":8.803611738148984,"綜合破碎化分數":45.8,"破碎化等級":"中","判定原因":"面積減少100.0%；斑塊增加0.0%；平均斑塊縮小100.0%；道路密度10.35 km/km²；孤立比例0.0%；距大型綠地0m","2021面積_ha":1.62,"2022面積_ha":0.0,"2023面積_ha":0.0}},{"type":"Feature","geometry":{"type":"Polygon","coordinates":[[[121.790466330171,24.674899333990705],[121.79052325209632,24.68392724067645],[121.8004040395647,24.683874894493346],[121.80034640635351,24.67484700945876],[121.790466330171,24.674899333990705]]]},"properties":{"grid_id":"G041_048","綠地類型":"農地","中心經度":121.795435,"中心緯度":24.679387,"分析面積_km2":1.04,"2020面積_ha":32.22,"2024面積_ha":26.1,"面積減少率_pct":18.99,"2020斑塊數":4,"2024斑塊數":6,"斑塊數增加率_pct":50.0,"2020平均斑塊面積_ha":12.217,"2024平均斑塊面積_ha":7.185,"平均斑塊面積下降率_pct":41.19,"道路切割密度_km_per_km2":11.765,"建成區邊界切割密度_km_per_km2":3.258,"孤立小斑塊比例_pct":5.17,"距大型連續綠地平均距離_m":82.7,"score_面積減少":50.112866817155755,"score_斑塊增加":62.75395033860045,"score_平均斑塊縮小":35.66591422121896,"score_道路建成區切割":70.71106094808127,"score_孤立比例":57.78781038374717,"score_距大型綠地":61.39954853273137,"綜合破碎化分數":56.4,"破碎化等級":"中","判定原因":"面積減少19.0%；斑塊增加50.0%；平均斑塊縮小41.2%；道路密度11.77 km/km²；孤立比例5.2%；距大型綠地83m","2021面積_ha":36.63,"2022面積_ha":22.86,"2023面積_ha":11.34}},{"type":"Feature","geometry":{"type":"Polygon","coordinates":[[[121.80034640635351,24.67484700945876],[121.8004040395647,24.683874894493346],[121.81028479896675,24.68382189824488],[121.81022645447858,24.67479403513029],[121.80034640635351,24.67484700945876]]]},"properties":{"grid_id":"G041_049","綠地類型":"農地","中心經度":121.805315,"中心緯度":24.679335,"分析面積_km2":1.04,"2020面積_ha":37.44,"2024面積_ha":19.35,"面積減少率_pct":48.32,"2020斑塊數":9,"2024斑塊數":4,"斑塊數增加率_pct":0.0,"2020平均斑塊面積_ha":5.88,"2024平均斑塊面積_ha":6.165,"平均斑塊面積下降率_pct":0.0,"道路切割密度_km_per_km2":10.64,"建成區邊界切割密度_km_per_km2":3.172,"孤立小斑塊比例_pct":0.93,"距大型連續綠地平均距離_m":109.6,"score_面積減少":79.90970654627539,"score_斑塊增加":24.040632054176072,"score_平均斑塊縮小":8.91647855530474,"score_道路建成區切割":64.72911963882619,"score_孤立比例":37.020316027088036,"score_距大型綠地":64.33408577878103,"綜合破碎化分數":46.5,"破碎化等級":"中","判定原因":"面積減少48.3%；斑塊增加0.0%；平均斑塊縮小0.0%；道路密度10.64 km/km²；孤立比例0.9%；距大型綠地110m","2021面積_ha":45.45,"2022面積_ha":19.8,"2023面積_ha":18.54}},{"type":"Feature","geometry":{"type":"Polygon","coordinates":[[[121.81022645447858,24.67479403513029],[121.81028479896675,24.68382189824488],[121.8201655299561,24.68376825193836],[121.82010647419993,24.674740411012635],[121.81022645447858,24.67479403513029]]]},"properties":{"grid_id":"G041_050","綠地類型":"農地","中心經度":121.815196,"中心緯度":24.679281,"分析面積_km2":1.04,"2020面積_ha":33.93,"2024面積_ha":30.6,"面積減少率_pct":9.81,"2020斑塊數":5,"2024斑塊數":8,"斑塊數增加率_pct":60.0,"2020平均斑塊面積_ha":8.514,"2024平均斑塊面積_ha":37.316,"平均斑塊面積下降率_pct":0.0,"道路切割密度_km_per_km2":11.217,"建成區邊界切割密度_km_per_km2":3.489,"孤立小斑塊比例_pct":0.88,"距大型連續綠地平均距離_m":87.1,"score_面積減少":32.95711060948081,"score_斑塊增加":66.70428893905192,"score_平均斑塊縮小":8.91647855530474,"score_道路建成區切割":70.372460496614,"score_孤立比例":36.455981941309254,"score_距大型綠地":62.07674943566591,"綜合破碎化分數":46.2,"破碎化等級":"中","判定原因":"面積減少9.8%；斑塊增加60.0%；平均斑塊縮小0.0%；道路密度11.22 km/km²；孤立比例0.9%；距大型綠地87m","2021面積_ha":34.2,"2022面積_ha":27.27,"2023面積_ha":30.69}},{"type":"Feature","geometry":{"type":"Polygon","coordinates":[[[121.82010647419993,24.674740411012635],[121.8201655299561,24.68376825193836],[121.83004623218645,24.68371395558122],[121.82998646517136,24.674686137113202],[121.82010647419993,24.674740411012635]]]},"properties":{"grid_id":"G041_051","綠地類型":"農地","中心經度":121.825076,"中心緯度":24.679227,"分析面積_km2":1.04,"2020面積_ha":5.13,"2024面積_ha":2.43,"面積減少率_pct":52.63,"2020斑塊數":4,"2024斑塊數":2,"斑塊數增加率_pct":0.0,"2020平均斑塊面積_ha":6.48,"2024平均斑塊面積_ha":3.015,"平均斑塊面積下降率_pct":53.47,"道路切割密度_km_per_km2":12.111,"建成區邊界切割密度_km_per_km2":0.202,"孤立小斑塊比例_pct":0.0,"距大型連續綠地平均距離_m":501.7,"score_面積減少":82.84424379232506,"score_斑塊增加":24.040632054176072,"score_平均斑塊縮小":48.306997742663654,"score_道路建成區切割":50.79006772009029,"score_孤立比例":13.656884875846501,"score_距大型綠地":81.7155756207675,"綜合破碎化分數":50.2,"破碎化等級":"中","判定原因":"面積減少52.6%；斑塊增加0.0%；平均斑塊縮小53.5%；道路密度12.11 km/km²；孤立比例0.0%；距大型綠地502m","2021面積_ha":3.78,"2022面積_ha":3.51,"2023面積_ha":1.35}},{"type":"Feature","geometry":{"type":"Polygon","coordinates":[[[121.62254590661297,24.684717659126136],[121.62259075725807,24.693745881812273],[121.63247268062551,24.693704570691537],[121.63242711821398,24.684676365087824],[121.62254590661297,24.684717659126136]]]},"properties":{"grid_id":"G042_031","綠地類型":"農地","中心經度":121.627509,"中心緯度":24.689211,"分析面積_km2":1.04,"2020面積_ha":19.26,"2024面積_ha":17.91,"面積減少率_pct":7.01,"2020斑塊數":2,"2024斑塊數":5,"斑塊數增加率_pct":150.0,"2020平均斑塊面積_ha":15.66,"2024平均斑塊面積_ha":7.128,"平均斑塊面積下降率_pct":54.48,"道路切割密度_km_per_km2":3.777,"建成區邊界切割密度_km_per_km2":0.519,"孤立小斑塊比例_pct":3.52,"距大型連續綠地平均距離_m":10.6,"score_面積減少":27.313769751693002,"score_斑塊增加":88.48758465011286,"score_平均斑塊縮小":49.20993227990971,"score_道路建成區切割":21.72686230248307,"score_孤立比例":51.91873589164786,"score_距大型綠地":38.1489841986456,"綜合破碎化分數":46.1,"破碎化等級":"中","判定原因":"面積減少7.0%；斑塊增加150.0%；平均斑塊縮小54.5%；道路密度3.78 km/km²；孤立比例3.5%；距大型綠地11m","2021面積_ha":26.37,"2022面積_ha":9.72,"2023面積_ha":17.91}},{"type":"Feature","geometry":{"type":"Polygon","coordinates":[[[121.63242711821398,24.684676365087824],[121.63247268062551,24.693704570691537],[121.64235458180816,24.693662609125717],[121.64230830763725,24.684634420873373],[121.63242711821398,24.684676365087824]]]},"properties":{"grid_id":"G042_032","綠地類型":"農地","中心經度":121.637391,"中心緯度":24.68917,"分析面積_km2":1.04,"2020面積_ha":27.45,"2024面積_ha":26.82,"面積減少率_pct":2.3,"2020斑塊數":5,"2024斑塊數":8,"斑塊數增加率_pct":60.0,"2020平均斑塊面積_ha":525.294,"2024平均斑塊面積_ha":197.685,"平均斑塊面積下降率_pct":62.37,"道路切割密度_km_per_km2":1.298,"建成區邊界切割密度_km_per_km2":0.49,"孤立小斑塊比例_pct":7.38,"距大型連續綠地平均距離_m":17.1,"score_面積減少":19.864559819413092,"score_斑塊增加":66.70428893905192,"score_平均斑塊縮小":56.32054176072234,"score_道路建成區切割":17.381489841986458,"score_孤立比例":62.30248306997742,"score_距大型綠地":41.760722347629795,"綜合破碎化分數":44.1,"破碎化等級":"中","判定原因":"面積減少2.3%；斑塊增加60.0%；平均斑塊縮小62.4%；道路密度1.30 km/km²；孤立比例7.4%；距大型綠地17m","2021面積_ha":38.79,"2022面積_ha":20.34,"2023面積_ha":28.08}},{"type":"Feature","geometry":{"type":"Polygon","coordinates":[[[121.65218947453634,24.68459182648859],[121.65223646045953,24.69361999712061],[121.66211831623305,24.69357673468211],[121.66207061856478,24.684548581939357],[121.65218947453634,24.68459182648859]]]},"properties":{"grid_id":"G042_034","綠地類型":"農地","中心經度":121.657154,"中心緯度":24.689084,"分析面積_km2":1.04,"2020面積_ha":74.07,"2024面積_ha":71.28,"面積減少率_pct":3.77,"2020斑塊數":1,"2024斑塊數":2,"斑塊數增加率_pct":100.0,"2020平均斑塊面積_ha":2574.72,"2024平均斑塊面積_ha":774.495,"平均斑塊面積下降率_pct":69.92,"道路切割密度_km_per_km2":5.825,"建成區邊界切割密度_km_per_km2":3.057,"孤立小斑塊比例_pct":0.88,"距大型連續綠地平均距離_m":1.8,"score_面積減少":22.23476297968397,"score_斑塊增加":78.3295711060948,"score_平均斑塊縮小":62.528216704288944,"score_道路建成區切割":43.51015801354402,"score_孤立比例":36.455981941309254,"score_距大型綠地":25.95936794582393,"綜合破碎化分數":44.8,"破碎化等級":"中","判定原因":"面積減少3.8%；斑塊增加100.0%；平均斑塊縮小69.9%；道路密度5.83 km/km²；孤立比例0.9%；距大型綠地2m","2021面積_ha":74.7,"2022面積_ha":66.78,"2023面積_ha":76.23}},{"type":"Feature","geometry":{"type":"Polygon","coordinates":[[[121.70159495904434,24.68436910221882],[121.70164550361817,24.69339718071509],[121.71152723980465,24.6933506662011],[121.7114759835236,24.68432260693878],[121.70159495904434,24.68436910221882]]]},"properties":{"grid_id":"G042_039","綠地類型":"農地","中心經度":121.706561,"中心緯度":24.68886,"分析面積_km2":1.04,"2020面積_ha":59.94,"2024面積_ha":51.3,"面積減少率_pct":14.41,"2020斑塊數":2,"2024斑塊數":3,"斑塊數增加率_pct":50.0,"2020平均斑塊面積_ha":1296.0,"2024平均斑塊面積_ha":518.73,"平均斑塊面積下降率_pct":59.97,"道路切割密度_km_per_km2":8.506,"建成區邊界切割密度_km_per_km2":5.392,"孤立小斑塊比例_pct":1.23,"距大型連續綠地平均距離_m":4.4,"score_面積減少":41.64785553047404,"score_斑塊增加":62.75395033860045,"score_平均斑塊縮小":53.04740406320542,"score_道路建成區切割":65.80135440180587,"score_孤立比例":39.27765237020316,"score_距大型綠地":30.9255079006772,"綜合破碎化分數":48.9,"破碎化等級":"中","判定原因":"面積減少14.4%；斑塊增加50.0%；平均斑塊縮小60.0%；道路密度8.51 km/km²；孤立比例1.2%；距大型綠地4m","2021面積_ha":52.47,"2022面積_ha":40.14,"2023面積_ha":48.24}},{"type":"Feature","geometry":{"type":"Polygon","coordinates":[[[121.7114759835236,24.68432260693878],[121.71152723980465,24.6933506662011],[121.7214089510342,24.69330350129094],[121.72135698305381,24.68427546153151],[121.7114759835236,24.68432260693878]]]},"properties":{"grid_id":"G042_040","綠地類型":"農地","中心經度":121.716442,"中心緯度":24.688813,"分析面積_km2":1.04,"2020面積_ha":55.89,"2024面積_ha":46.08,"面積減少率_pct":17.55,"2020斑塊數":4,"2024斑塊數":5,"斑塊數增加率_pct":25.0,"2020平均斑塊面積_ha":651.015,"2024平均斑塊面積_ha":314.172,"平均斑塊面積下降率_pct":51.74,"道路切割密度_km_per_km2":12.197,"建成區邊界切割密度_km_per_km2":5.969,"孤立小斑塊比例_pct":2.73,"距大型連續綠地平均距離_m":38.1,"score_面積減少":46.27539503386004,"score_斑塊增加":52.934537246049665,"score_平均斑塊縮小":45.372460496613996,"score_道路建成區切割":87.30248306997743,"score_孤立比例":47.40406320541761,"score_距大型綠地":51.69300225733634,"綜合破碎化分數":55.2,"破碎化等級":"中","判定原因":"面積減少17.6%；斑塊增加25.0%；平均斑塊縮小51.7%；道路密度12.20 km/km²；孤立比例2.7%；距大型綠地38m","2021面積_ha":57.6,"2022面積_ha":31.05,"2023面積_ha":46.71}},{"type":"Feature","geometry":{"type":"Polygon","coordinates":[[[121.77076159434594,24.684029982817705],[121.77081712070061,24.693057921028934],[121.78069867491227,24.693006853881805],[121.78064243690794,24.68397893678695],[121.77076159434594,24.684029982817705]]]},"properties":{"grid_id":"G042_046","綠地類型":"農地","中心經度":121.77573,"中心緯度":24.688519,"分析面積_km2":1.04,"2020面積_ha":27.09,"2024面積_ha":21.96,"面積減少率_pct":18.94,"2020斑塊數":2,"2024斑塊數":3,"斑塊數增加率_pct":50.0,"2020平均斑塊面積_ha":18.405,"2024平均斑塊面積_ha":9.84,"平均斑塊面積下降率_pct":46.54,"道路切割密度_km_per_km2":11.909,"建成區邊界切割密度_km_per_km2":3.72,"孤立小斑塊比例_pct":8.61,"距大型連續綠地平均距離_m":13.0,"score_面積減少":49.43566591422122,"score_斑塊增加":62.75395033860045,"score_平均斑塊縮小":41.08352144469526,"score_道路建成區切割":73.7020316027088,"score_孤立比例":64.10835214446952,"score_距大型綠地":40.18058690744921,"綜合破碎化分數":55.2,"破碎化等級":"中","判定原因":"面積減少18.9%；斑塊增加50.0%；平均斑塊縮小46.5%；道路密度11.91 km/km²；孤立比例8.6%；距大型綠地13m","2021面積_ha":26.01,"2022面積_ha":6.66,"2023面積_ha":16.47}},{"type":"Feature","geometry":{"type":"Polygon","coordinates":[[[121.78064243690794,24.68397893678695],[121.78069867491227,24.693006853881805],[121.79058020174163,24.692955136386026],[121.79052325209632,24.68392724067645],[121.78064243690794,24.68397893678695]]]},"properties":{"grid_id":"G042_047","綠地類型":"農地","中心經度":121.785611,"中心緯度":24.688467,"分析面積_km2":1.04,"2020面積_ha":15.84,"2024面積_ha":8.1,"面積減少率_pct":48.86,"2020斑塊數":6,"2024斑塊數":4,"斑塊數增加率_pct":0.0,"2020平均斑塊面積_ha":7.935,"2024平均斑塊面積_ha":7.56,"平均斑塊面積下降率_pct":4.73,"道路切割密度_km_per_km2":11.851,"建成區邊界切割密度_km_per_km2":1.269,"孤立小斑塊比例_pct":10.0,"距大型連續綠地平均距離_m":44.5,"score_面積減少":80.36117381489842,"score_斑塊增加":24.040632054176072,"score_平均斑塊縮小":19.187358916478555,"score_道路建成區切割":59.988713318284425,"score_孤立比例":66.93002257336343,"score_距大型綠地":55.07900677200903,"綜合破碎化分數":50.9,"破碎化等級":"中","判定原因":"面積減少48.9%；斑塊增加0.0%；平均斑塊縮小4.7%；道路密度11.85 km/km²；孤立比例10.0%；距大型綠地44m","2021面積_ha":21.42,"2022面積_ha":2.34,"2023面積_ha":6.57}},{"type":"Feature","geometry":{"type":"Polygon","coordinates":[[[121.8004040395647,24.683874894493346],[121.80046170084222,24.692902768548745],[121.8103431718676,24.6928497503772],[121.81028479896675,24.68382189824488],[121.8004040395647,24.683874894493346]]]},"properties":{"grid_id":"G042_049","綠地類型":"農地","中心經度":121.805373,"中心緯度":24.688362,"分析面積_km2":1.04,"2020面積_ha":18.36,"2024面積_ha":10.44,"面積減少率_pct":43.14,"2020斑塊數":9,"2024斑塊數":5,"斑塊數增加率_pct":0.0,"2020平均斑塊面積_ha":50.19,"2024平均斑塊面積_ha":55.422,"平均斑塊面積下降率_pct":0.0,"道路切割密度_km_per_km2":11.967,"建成區邊界切割密度_km_per_km2":1.557,"孤立小斑塊比例_pct":18.1,"距大型連續綠地平均距離_m":100.4,"score_面積減少":76.07223476297969,"score_斑塊增加":24.040632054176072,"score_平均斑塊縮小":8.91647855530474,"score_道路建成區切割":62.47178329571106,"score_孤立比例":75.84650112866818,"score_距大型綠地":64.10835214446952,"綜合破碎化分數":51.9,"破碎化等級":"中","判定原因":"面積減少43.1%；斑塊增加0.0%；平均斑塊縮小0.0%；道路密度11.97 km/km²；孤立比例18.1%；距大型綠地100m","2021面積_ha":23.49,"2022面積_ha":11.52,"2023面積_ha":11.7}},{"type":"Feature","geometry":{"type":"Polygon","coordinates":[[[121.63247268062551,24.693704570691537],[121.63251826522179,24.7027327653595],[121.64240087851041,24.702690786439877],[121.64235458180816,24.693662609125717],[121.63247268062551,24.693704570691537]]]},"properties":{"grid_id":"G043_032","綠地類型":"農地","中心經度":121.637437,"中心緯度":24.698198,"分析面積_km2":1.04,"2020面積_ha":15.75,"2024面積_ha":4.14,"面積減少率_pct":73.71,"2020斑塊數":5,"2024斑塊數":5,"斑塊數增加率_pct":0.0,"2020平均斑塊面積_ha":11.232,"2024平均斑塊面積_ha":6.84,"平均斑塊面積下降率_pct":39.1,"道路切割密度_km_per_km2":3.922,"建成區邊界切割密度_km_per_km2":0.346,"孤立小斑塊比例_pct":8.7,"距大型連續綠地平均距離_m":262.9,"score_面積減少":89.1647855530474,"score_斑塊增加":24.040632054176072,"score_平均斑塊縮小":32.50564334085779,"score_道路建成區切割":19.69525959367946,"score_孤立比例":64.33408577878103,"score_距大型綠地":73.13769751693002,"綜合破碎化分數":50.5,"破碎化等級":"中","判定原因":"面積減少73.7%；斑塊增加0.0%；平均斑塊縮小39.1%；道路密度3.92 km/km²；孤立比例8.7%；距大型綠地263m","2021面積_ha":4.23,"2022面積_ha":0.09,"2023面積_ha":3.87}},{"type":"Feature","geometry":{"type":"Polygon","coordinates":[[[121.64235458180816,24.693662609125717],[121.64240087851041,24.702690786439877],[121.65228346926058,24.702648156811975],[121.65223646045953,24.69361999712061],[121.64235458180816,24.693662609125717]]]},"properties":{"grid_id":"G043_033","綠地類型":"農地","中心經度":121.647319,"中心緯度":24.698155,"分析面積_km2":1.04,"2020面積_ha":13.05,"2024面積_ha":14.67,"面積減少率_pct":0.0,"2020斑塊數":8,"2024斑塊數":9,"斑塊數增加率_pct":12.5,"2020平均斑塊面積_ha":324.551,"2024平均斑塊面積_ha":1.63,"平均斑塊面積下降率_pct":99.5,"道路切割密度_km_per_km2":1.932,"建成區邊界切割密度_km_per_km2":0.461,"孤立小斑塊比例_pct":30.06,"距大型連續綠地平均距離_m":689.5,"score_面積減少":9.255079006772009,"score_斑塊增加":48.53273137697517,"score_平均斑塊縮小":93.45372460496614,"score_道路建成區切割":17.60722347629797,"score_孤立比例":80.58690744920993,"score_距大型綠地":85.77878103837472,"綜合破碎化分數":55.9,"破碎化等級":"中","判定原因":"面積減少0.0%；斑塊增加12.5%；平均斑塊縮小99.5%；道路密度1.93 km/km²；孤立比例30.1%；距大型綠地690m","2021面積_ha":36.54,"2022面積_ha":12.96,"2023面積_ha":15.93}},{"type":"Feature","geometry":{"type":"Polygon","coordinates":[[[121.69176374282128,24.693443044826477],[121.69181359994404,24.70247113133687],[121.70169607280246,24.702425248257807],[121.70164550361817,24.69339718071509],[121.69176374282128,24.693443044826477]]]},"properties":{"grid_id":"G043_038","綠地類型":"農地","中心經度":121.69673,"中心緯度":24.697934,"分析面積_km2":1.04,"2020面積_ha":55.08,"2024面積_ha":39.06,"面積減少率_pct":29.08,"2020斑塊數":3,"2024斑塊數":5,"斑塊數增加率_pct":66.67,"2020平均斑塊面積_ha":858.36,"2024平均斑塊面積_ha":309.69,"平均斑塊面積下降率_pct":63.92,"道路切割密度_km_per_km2":6.344,"建成區邊界切割密度_km_per_km2":4.383,"孤立小斑塊比例_pct":0.92,"距大型連續綠地平均距離_m":0.8,"score_面積減少":63.43115124153499,"score_斑塊增加":68.51015801354401,"score_平均斑塊縮小":57.11060948081265,"score_道路建成區切割":52.76523702031602,"score_孤立比例":36.794582392776526,"score_距大型綠地":23.363431151241535,"綜合破碎化分數":50.3,"破碎化等級":"中","判定原因":"面積減少29.1%；斑塊增加66.7%；平均斑塊縮小63.9%；道路密度6.34 km/km²；孤立比例0.9%；距大型綠地1m","2021面積_ha":70.29,"2022面積_ha":40.68,"2023面積_ha":44.46}},{"type":"Feature","geometry":{"type":"Polygon","coordinates":[[[121.75105393151625,24.6931581042491],[121.75110806088898,24.702186072918966],[121.76099038083899,24.702136285908782],[121.7609355394531,24.693108337820355],[121.75105393151625,24.6931581042491]]]},"properties":{"grid_id":"G043_044","綠地類型":"農地","中心經度":121.756022,"中心緯度":24.697647,"分析面積_km2":1.04,"2020面積_ha":7.47,"2024面積_ha":6.21,"面積減少率_pct":16.87,"2020斑塊數":10,"2024斑塊數":5,"斑塊數增加率_pct":0.0,"2020平均斑塊面積_ha":0.756,"2024平均斑塊面積_ha":1.458,"平均斑塊面積下降率_pct":0.0,"道路切割密度_km_per_km2":10.006,"建成區邊界切割密度_km_per_km2":1.326,"孤立小斑塊比例_pct":20.29,"距大型連續綠地平均距離_m":601.1,"score_面積減少":44.69525959367946,"score_斑塊增加":24.040632054176072,"score_平均斑塊縮小":8.91647855530474,"score_道路建成區切割":51.918735891647856,"score_孤立比例":77.87810383747178,"score_距大型綠地":84.42437923250564,"綜合破碎化分數":48.6,"破碎化等級":"中","判定原因":"面積減少16.9%；斑塊增加0.0%；平均斑塊縮小0.0%；道路密度10.01 km/km²；孤立比例20.3%；距大型綠地601m","2021面積_ha":15.48,"2022面積_ha":1.53,"2023面積_ha":5.4}},{"type":"Feature","geometry":{"type":"Polygon","coordinates":[[[121.82022461447129,24.69279608187872],[121.82028372775457,24.70182390083072],[121.83016585354184,24.701769559548726],[121.83010602830687,24.692741763060713],[121.82022461447129,24.69279608187872]]]},"properties":{"grid_id":"G043_051","綠地類型":"農地","中心經度":121.825195,"中心緯度":24.697283,"分析面積_km2":1.04,"2020面積_ha":14.49,"2024面積_ha":12.96,"面積減少率_pct":10.56,"2020斑塊數":6,"2024斑塊數":9,"斑塊數增加率_pct":50.0,"2020平均斑塊面積_ha":66.93,"2024平均斑塊面積_ha":30.61,"平均斑塊面積下降率_pct":54.27,"道路切割密度_km_per_km2":8.16,"建成區邊界切割密度_km_per_km2":2.163,"孤立小斑塊比例_pct":6.94,"距大型連續綠地平均距離_m":132.2,"score_面積減少":34.76297968397291,"score_斑塊增加":62.75395033860045,"score_平均斑塊縮小":48.98419864559819,"score_道路建成區切割":46.839729119638825,"score_孤立比例":61.51241534988713,"score_距大型綠地":66.36568848758465,"綜合破碎化分數":53.5,"破碎化等級":"中","判定原因":"面積減少10.6%；斑塊增加50.0%；平均斑塊縮小54.3%；道路密度8.16 km/km²；孤立比例6.9%；距大型綠地132m","2021面積_ha":14.04,"2022面積_ha":12.15,"2023面積_ha":13.32}},{"type":"Feature","geometry":{"type":"Polygon","coordinates":[[[121.65228346926058,24.702648156811975],[121.65233050094672,24.71167630555971],[121.66221378125002,24.711633007335156],[121.66216603712567,24.7026048764817],[121.65228346926058,24.702648156811975]]]},"properties":{"grid_id":"G044_034","綠地類型":"農地","中心經度":121.657248,"中心緯度":24.707141,"分析面積_km2":1.04,"2020面積_ha":0.0,"2024面積_ha":0.81,"面積減少率_pct":0.0,"2020斑塊數":0,"2024斑塊數":1,"斑塊數增加率_pct":100.0,"2020平均斑塊面積_ha":0.0,"2024平均斑塊面積_ha":0.81,"平均斑塊面積下降率_pct":0.0,"道路切割密度_km_per_km2":2.105,"建成區邊界切割密度_km_per_km2":0.144,"孤立小斑塊比例_pct":100.0,"距大型連續綠地平均距離_m":1631.4,"score_面積減少":9.255079006772009,"score_斑塊增加":78.3295711060948,"score_平均斑塊縮小":8.91647855530474,"score_道路建成區切割":12.641083521444695,"score_孤立比例":93.56659142212189,"score_距大型綠地":94.80812641083521,"綜合破碎化分數":49.6,"破碎化等級":"中","判定原因":"面積減少0.0%；斑塊增加100.0%；平均斑塊縮小0.0%；道路密度2.10 km/km²；孤立比例100.0%；距大型綠地1631m","2021面積_ha":0.0,"2022面積_ha":0.0,"2023面積_ha":0.99}},{"type":"Feature","geometry":{"type":"Polygon","coordinates":[[[121.68193110281405,24.70251636373803],[121.6819802717926,24.711544457995874],[121.69186348133843,24.71149920689339],[121.69181359994404,24.70247113133687],[121.68193110281405,24.70251636373803]]]},"properties":{"grid_id":"G044_037","綠地類型":"農地","中心經度":121.686897,"中心緯度":24.707008,"分析面積_km2":1.04,"2020面積_ha":29.25,"2024面積_ha":23.76,"面積減少率_pct":18.77,"2020斑塊數":5,"2024斑塊數":6,"斑塊數增加率_pct":20.0,"2020平均斑塊面積_ha":27.054,"2024平均斑塊面積_ha":13.86,"平均斑塊面積下降率_pct":48.77,"道路切割密度_km_per_km2":5.94,"建成區邊界切割密度_km_per_km2":2.537,"孤立小斑塊比例_pct":17.42,"距大型連續綠地平均距離_m":43.5,"score_面積減少":49.09706546275395,"score_斑塊增加":51.24153498871332,"score_平均斑塊縮小":42.21218961625282,"score_道路建成區切割":42.042889390519186,"score_孤立比例":74.94356659142211,"score_距大型綠地":54.401805869074494,"綜合破碎化分數":52.3,"破碎化等級":"中","判定原因":"面積減少18.8%；斑塊增加20.0%；平均斑塊縮小48.8%；道路密度5.94 km/km²；孤立比例17.4%；距大型綠地44m","2021面積_ha":38.43,"2022面積_ha":19.8,"2023面積_ha":23.76}},{"type":"Feature","geometry":{"type":"Polygon","coordinates":[[[121.70169607280246,24.702425248257807],[121.70174666660498,24.71145330484398],[121.71162982724549,24.711406751854007],[121.71157852104265,24.702378714507166],[121.70169607280246,24.702425248257807]]]},"properties":{"grid_id":"G044_039","綠地類型":"農地","中心經度":121.706663,"中心緯度":24.706916,"分析面積_km2":1.04,"2020面積_ha":22.5,"2024面積_ha":16.47,"面積減少率_pct":26.8,"2020斑塊數":15,"2024斑塊數":12,"斑塊數增加率_pct":0.0,"2020平均斑塊面積_ha":4.62,"2024平均斑塊面積_ha":1.65,"平均斑塊面積下降率_pct":64.29,"道路切割密度_km_per_km2":6.228,"建成區邊界切割密度_km_per_km2":2.912,"孤立小斑塊比例_pct":32.79,"距大型連續綠地平均距離_m":126.1,"score_面積減少":60.722347629796836,"score_斑塊增加":24.040632054176072,"score_平均斑塊縮小":57.56207674943566,"score_道路建成區切割":44.24379232505643,"score_孤立比例":81.26410835214448,"score_距大型綠地":65.23702031602708,"綜合破碎化分數":55.5,"破碎化等級":"中","判定原因":"面積減少26.8%；斑塊增加0.0%；平均斑塊縮小64.3%；道路密度6.23 km/km²；孤立比例32.8%；距大型綠地126m","2021面積_ha":41.58,"2022面積_ha":6.12,"2023面積_ha":21.6}},{"type":"Feature","geometry":{"type":"Polygon","coordinates":[[[121.75110806088898,24.702186072918966],[121.75116221661297,24.711214030618446],[121.76104524892267,24.71116422302394],[121.76099038083899,24.702136285908782],[121.75110806088898,24.702186072918966]]]},"properties":{"grid_id":"G044_044","綠地類型":"農地","中心經度":121.756076,"中心緯度":24.706675,"分析面積_km2":1.04,"2020面積_ha":30.42,"2024面積_ha":28.53,"面積減少率_pct":6.21,"2020斑塊數":8,"2024斑塊數":12,"斑塊數增加率_pct":50.0,"2020平均斑塊面積_ha":10.057,"2024平均斑塊面積_ha":5.61,"平均斑塊面積下降率_pct":44.22,"道路切割密度_km_per_km2":8.449,"建成區邊界切割密度_km_per_km2":2.855,"孤立小斑塊比例_pct":17.67,"距大型連續綠地平均距離_m":25.4,"score_面積減少":25.5079006772009,"score_斑塊增加":62.75395033860045,"score_平均斑塊縮小":37.69751693002257,"score_道路建成區切割":51.8058690744921,"score_孤立比例":75.16930022573364,"score_距大型綠地":46.04966139954853,"綜合破碎化分數":49.8,"破碎化等級":"中","判定原因":"面積減少6.2%；斑塊增加50.0%；平均斑塊縮小44.2%；道路密度8.45 km/km²；孤立比例17.7%；距大型綠地25m","2021面積_ha":33.12,"2022面積_ha":22.41,"2023面積_ha":26.46}},{"type":"Feature","geometry":{"type":"Polygon","coordinates":[[[121.76099038083899,24.702136285908782],[121.76104524892267,24.71116422302394],[121.77092825452608,24.71111376452882],[121.77087267409115,24.70208584826697],[121.76099038083899,24.702136285908782]]]},"properties":{"grid_id":"G044_045","綠地類型":"農地","中心經度":121.765959,"中心緯度":24.706625,"分析面積_km2":1.04,"2020面積_ha":14.13,"2024面積_ha":9.9,"面積減少率_pct":29.94,"2020斑塊數":3,"2024斑塊數":2,"斑塊數增加率_pct":0.0,"2020平均斑塊面積_ha":11.73,"2024平均斑塊面積_ha":11.16,"平均斑塊面積下降率_pct":4.86,"道路切割密度_km_per_km2":16.205,"建成區邊界切割密度_km_per_km2":0.779,"孤立小斑塊比例_pct":4.55,"距大型連續綠地平均距離_m":9.3,"score_面積減少":64.78555304740406,"score_斑塊增加":24.040632054176072,"score_平均斑塊縮小":19.41309255079007,"score_道路建成區切割":67.49435665914221,"score_孤立比例":55.98194130925508,"score_距大型綠地":36.90744920993228,"綜合破碎化分數":44.8,"破碎化等級":"中","判定原因":"面積減少29.9%；斑塊增加0.0%；平均斑塊縮小4.9%；道路密度16.20 km/km²；孤立比例4.5%；距大型綠地9m","2021面積_ha":9.09,"2022面積_ha":7.83,"2023面積_ha":9.27}},{"type":"Feature","geometry":{"type":"Polygon","coordinates":[[[121.78075494029892,24.70203476000051],[121.78081123307652,24.711062655140076],[121.79069418422732,24.711010894864753],[121.79063717911572,24.70198302111646],[121.78075494029892,24.70203476000051]]]},"properties":{"grid_id":"G044_047","綠地類型":"農地","中心經度":121.785724,"中心緯度":24.706523,"分析面積_km2":1.04,"2020面積_ha":47.25,"2024面積_ha":32.85,"面積減少率_pct":30.48,"2020斑塊數":6,"2024斑塊數":5,"斑塊數增加率_pct":0.0,"2020平均斑塊面積_ha":79.065,"2024平均斑塊面積_ha":8.982,"平均斑塊面積下降率_pct":88.64,"道路切割密度_km_per_km2":12.14,"建成區邊界切割密度_km_per_km2":3.172,"孤立小斑塊比例_pct":5.21,"距大型連續綠地平均距離_m":8.7,"score_面積減少":65.23702031602708,"score_斑塊增加":24.040632054176072,"score_平均斑塊縮小":82.61851015801355,"score_道路建成區切割":72.46049661399547,"score_孤立比例":58.239277652370205,"score_距大型綠地":36.11738148984199,"綜合破碎化分數":56.5,"破碎化等級":"中","判定原因":"面積減少30.5%；斑塊增加0.0%；平均斑塊縮小88.6%；道路密度12.14 km/km²；孤立比例5.2%；距大型綠地9m","2021面積_ha":49.68,"2022面積_ha":31.68,"2023面積_ha":34.65}},{"type":"Feature","geometry":{"type":"Polygon","coordinates":[[[121.80051939019498,24.70193063162197],[121.8005771076318,24.710958483710016],[121.81046000294327,24.710905421683115],[121.81040157319012,24.701877591524276],[121.80051939019498,24.70193063162197]]]},"properties":{"grid_id":"G044_049","綠地類型":"農地","中心經度":121.80549,"中心緯度":24.706418,"分析面積_km2":1.04,"2020面積_ha":76.68,"2024面積_ha":60.48,"面積減少率_pct":21.13,"2020斑塊數":2,"2024斑塊數":3,"斑塊數增加率_pct":50.0,"2020平均斑塊面積_ha":200.115,"2024平均斑塊面積_ha":93.48,"平均斑塊面積下降率_pct":53.29,"道路切割密度_km_per_km2":10.813,"建成區邊界切割密度_km_per_km2":5.969,"孤立小斑塊比例_pct":0.0,"距大型連續綠地平均距離_m":1.8,"score_面積減少":53.04740406320542,"score_斑塊增加":62.75395033860045,"score_平均斑塊縮小":47.17832957110609,"score_道路建成區切割":80.4176072234763,"score_孤立比例":13.656884875846501,"score_距大型綠地":25.95936794582393,"綜合破碎化分數":47.2,"破碎化等級":"中","判定原因":"面積減少21.1%；斑塊增加50.0%；平均斑塊縮小53.3%；道路密度10.81 km/km²；孤立比例0.0%；距大型綠地2m","2021面積_ha":76.77,"2022面積_ha":68.49,"2023面積_ha":64.53}},{"type":"Feature","geometry":{"type":"Polygon","coordinates":[[[121.6819802717926,24.711544457995874],[121.68202946470375,24.720572541299493],[121.69191338701212,24.72052727149306],[121.69186348133843,24.71149920689339],[121.6819802717926,24.711544457995874]]]},"properties":{"grid_id":"G045_037","綠地類型":"農地","中心經度":121.686947,"中心緯度":24.716036,"分析面積_km2":1.04,"2020面積_ha":52.74,"2024面積_ha":48.51,"面積減少率_pct":8.02,"2020斑塊數":4,"2024斑塊數":7,"斑塊數增加率_pct":75.0,"2020平均斑塊面積_ha":33.975,"2024平均斑塊面積_ha":17.396,"平均斑塊面積下降率_pct":48.8,"道路切割密度_km_per_km2":9.458,"建成區邊界切割密度_km_per_km2":4.7,"孤立小斑塊比例_pct":1.11,"距大型連續綠地平均距離_m":45.3,"score_面積減少":29.006772009029348,"score_斑塊增加":70.20316027088036,"score_平均斑塊縮小":42.43792325056434,"score_道路建成區切割":66.81715575620767,"score_孤立比例":38.1489841986456,"score_距大型綠地":55.30474040632054,"綜合破碎化分數":50.3,"破碎化等級":"中","判定原因":"面積減少8.0%；斑塊增加75.0%；平均斑塊縮小48.8%；道路密度9.46 km/km²；孤立比例1.1%；距大型綠地45m","2021面積_ha":49.86,"2022面積_ha":38.79,"2023面積_ha":47.79}},{"type":"Feature","geometry":{"type":"Polygon","coordinates":[[[121.73139607326156,24.71131169307817],[121.73144882990741,24.720339680171623],[121.74133262731254,24.720291154349756],[121.74127915794371,24.711263187305452],[121.73139607326156,24.71131169307817]]]},"properties":{"grid_id":"G045_042","綠地類型":"農地","中心經度":121.736364,"中心緯度":24.715802,"分析面積_km2":1.04,"2020面積_ha":9.45,"2024面積_ha":0.0,"面積減少率_pct":100.0,"2020斑塊數":10,"2024斑塊數":0,"斑塊數增加率_pct":0.0,"2020平均斑塊面積_ha":27.0,"2024平均斑塊面積_ha":0.0,"平均斑塊面積下降率_pct":100.0,"道路切割密度_km_per_km2":12.947,"建成區邊界切割密度_km_per_km2":0.0,"孤立小斑塊比例_pct":0.0,"距大型連續綠地平均距離_m":0.0,"score_面積減少":97.62979683972912,"score_斑塊增加":24.040632054176072,"score_平均斑塊縮小":97.62979683972912,"score_道路建成區切割":46.72686230248307,"score_孤立比例":13.656884875846501,"score_距大型綠地":8.803611738148984,"綜合破碎化分數":48.1,"破碎化等級":"中","判定原因":"面積減少100.0%；斑塊增加0.0%；平均斑塊縮小100.0%；道路密度12.95 km/km²；孤立比例0.0%；距大型綠地0m","2021面積_ha":8.55,"2022面積_ha":0.09,"2023面積_ha":0.54}},{"type":"Feature","geometry":{"type":"Polygon","coordinates":[[[121.76104524892267,24.71116422302394],[121.76110014371264,24.720192149162855],[121.77098386201398,24.72014166981151],[121.77092825452608,24.71111376452882],[121.76104524892267,24.71116422302394]]]},"properties":{"grid_id":"G045_045","綠地類型":"農地","中心經度":121.766014,"中心緯度":24.715653,"分析面積_km2":1.04,"2020面積_ha":25.38,"2024面積_ha":9.18,"面積減少率_pct":63.83,"2020斑塊數":7,"2024斑塊數":7,"斑塊數增加率_pct":0.0,"2020平均斑塊面積_ha":6.519,"2024平均斑塊面積_ha":3.587,"平均斑塊面積下降率_pct":44.97,"道路切割密度_km_per_km2":4.758,"建成區邊界切割密度_km_per_km2":0.692,"孤立小斑塊比例_pct":30.39,"距大型連續綠地平均距離_m":178.1,"score_面積減少":87.13318284424379,"score_斑塊增加":24.040632054176072,"score_平均斑塊縮小":38.37471783295711,"score_道路建成區切割":26.46726862302483,"score_孤立比例":80.81264108352144,"score_距大型綠地":69.52595936794582,"綜合破碎化分數":54.4,"破碎化等級":"中","判定原因":"面積減少63.8%；斑塊增加0.0%；平均斑塊縮小45.0%；道路密度4.76 km/km²；孤立比例30.4%；距大型綠地178m","2021面積_ha":33.84,"2022面積_ha":12.42,"2023面積_ha":12.78}},{"type":"Feature","geometry":{"type":"Polygon","coordinates":[[[121.78081123307652,24.711062655140076],[121.7808675532538,24.720090539297512],[121.79075121708527,24.720038757627933],[121.79069418422732,24.711010894864753],[121.78081123307652,24.711062655140076]]]},"properties":{"grid_id":"G045_047","綠地類型":"農地","中心經度":121.785781,"中心緯度":24.715551,"分析面積_km2":1.04,"2020面積_ha":43.29,"2024面積_ha":30.6,"面積減少率_pct":29.31,"2020斑塊數":8,"2024斑塊數":7,"斑塊數增加率_pct":0.0,"2020平均斑塊面積_ha":66.004,"2024平均斑塊面積_ha":18.746,"平均斑塊面積下降率_pct":71.6,"道路切割密度_km_per_km2":6.488,"建成區邊界切割密度_km_per_km2":3.403,"孤立小斑塊比例_pct":4.71,"距大型連續綠地平均距離_m":8.9,"score_面積減少":63.88261851015802,"score_斑塊增加":24.040632054176072,"score_平均斑塊縮小":64.55981941309255,"score_道路建成區切割":48.363431151241535,"score_孤立比例":56.884875846501124,"score_距大型綠地":36.3431151241535,"綜合破碎化分數":49.0,"破碎化等級":"中","判定原因":"面積減少29.3%；斑塊增加0.0%；平均斑塊縮小71.6%；道路密度6.49 km/km²；孤立比例4.7%；距大型綠地9m","2021面積_ha":54.18,"2022面積_ha":23.67,"2023面積_ha":30.6}},{"type":"Feature","geometry":{"type":"Polygon","coordinates":[[[121.79069418422732,24.711010894864753],[121.79075121708527,24.720038757627933],[121.80063485316165,24.719986324809916],[121.8005771076318,24.710958483710016],[121.79069418422732,24.711010894864753]]]},"properties":{"grid_id":"G045_048","綠地類型":"農地","中心經度":121.795664,"中心緯度":24.715499,"分析面積_km2":1.04,"2020面積_ha":48.33,"2024面積_ha":30.51,"面積減少率_pct":36.87,"2020斑塊數":5,"2024斑塊數":8,"斑塊數增加率_pct":60.0,"2020平均斑塊面積_ha":230.436,"2024平均斑塊面積_ha":103.084,"平均斑塊面積下降率_pct":55.27,"道路切割密度_km_per_km2":4.325,"建成區邊界切割密度_km_per_km2":2.48,"孤立小斑塊比例_pct":3.54,"距大型連續綠地平均距離_m":58.9,"score_面積減少":72.00902934537245,"score_斑塊增加":66.70428893905192,"score_平均斑塊縮小":50.338600451467265,"score_道路建成區切割":36.455981941309254,"score_孤立比例":52.144469525959366,"score_距大型綠地":57.56207674943566,"綜合破碎化分數":55.9,"破碎化等級":"中","判定原因":"面積減少36.9%；斑塊增加60.0%；平均斑塊縮小55.3%；道路密度4.33 km/km²；孤立比例3.5%；距大型綠地59m","2021面積_ha":60.3,"2022面積_ha":52.2,"2023面積_ha":45.36}},{"type":"Feature","geometry":{"type":"Polygon","coordinates":[[[121.69191338701212,24.72052727149306],[121.6919633169728,24.72955532513294],[121.70184792809584,24.729509385134886],[121.70179728503349,24.720481350470664],[121.69191338701212,24.72052727149306]]]},"properties":{"grid_id":"G046_038","綠地類型":"農地","中心經度":121.69688,"中心緯度":24.725018,"分析面積_km2":1.04,"2020面積_ha":67.14,"2024面積_ha":72.45,"面積減少率_pct":0.0,"2020斑塊數":1,"2024斑塊數":2,"斑塊數增加率_pct":100.0,"2020平均斑塊面積_ha":425.16,"2024平均斑塊面積_ha":151.47,"平均斑塊面積下降率_pct":64.37,"道路切割密度_km_per_km2":8.247,"建成區邊界切割密度_km_per_km2":4.844,"孤立小斑塊比例_pct":1.12,"距大型連續綠地平均距離_m":1.5,"score_面積減少":9.255079006772009,"score_斑塊增加":78.3295711060948,"score_平均斑塊縮小":57.78781038374717,"score_道路建成區切割":62.3589164785553,"score_孤立比例":38.60045146726862,"score_距大型綠地":24.830699774266364,"綜合破碎化分數":45.2,"破碎化等級":"中","判定原因":"面積減少0.0%；斑塊增加100.0%；平均斑塊縮小64.4%；道路密度8.25 km/km²；孤立比例1.1%；距大型綠地2m","2021面積_ha":71.82,"2022面積_ha":55.62,"2023面積_ha":72.0}},{"type":"Feature","geometry":{"type":"Polygon","coordinates":[[[121.70179728503349,24.720481350470664],[121.70184792809584,24.729509385134886],[121.7117325145773,24.72946279365814],[121.71168115842106,24.720434778238648],[121.70179728503349,24.720481350470664]]]},"properties":{"grid_id":"G046_039","綠地類型":"農地","中心經度":121.706765,"中心緯度":24.724972,"分析面積_km2":1.04,"2020面積_ha":43.47,"2024面積_ha":35.01,"面積減少率_pct":19.46,"2020斑塊數":5,"2024斑塊數":7,"斑塊數增加率_pct":40.0,"2020平均斑塊面積_ha":87.606,"2024平均斑塊面積_ha":51.724,"平均斑塊面積下降率_pct":40.96,"道路切割密度_km_per_km2":9.141,"建成區邊界切割密度_km_per_km2":4.469,"孤立小斑塊比例_pct":0.77,"距大型連續綠地平均距離_m":94.6,"score_面積減少":50.56433408577878,"score_斑塊增加":58.80361173814899,"score_平均斑塊縮小":35.214446952595935,"score_道路建成區切割":63.88261851015801,"score_孤立比例":35.3273137697517,"score_距大型綠地":63.43115124153499,"綜合破碎化分數":51.2,"破碎化等級":"中","判定原因":"面積減少19.5%；斑塊增加40.0%；平均斑塊縮小41.0%；道路密度9.14 km/km²；孤立比例0.8%；距大型綠地95m","2021面積_ha":39.06,"2022面積_ha":19.17,"2023面積_ha":33.39}},{"type":"Feature","geometry":{"type":"Polygon","coordinates":[[[121.7808675532538,24.720090539297512],[121.78092390083938,24.729118412469862],[121.79080827769835,24.729066609403013],[121.79075121708527,24.720038757627933],[121.7808675532538,24.720090539297512]]]},"properties":{"grid_id":"G046_047","綠地類型":"農地","中心經度":121.785838,"中心緯度":24.724579,"分析面積_km2":1.04,"2020面積_ha":63.63,"2024面積_ha":57.33,"面積減少率_pct":9.9,"2020斑塊數":4,"2024斑塊數":5,"斑塊數增加率_pct":25.0,"2020平均斑塊面積_ha":216.023,"2024平均斑塊面積_ha":126.936,"平均斑塊面積下降率_pct":41.24,"道路切割密度_km_per_km2":10.64,"建成區邊界切割密度_km_per_km2":5.507,"孤立小斑塊比例_pct":2.98,"距大型連續綠地平均距離_m":13.4,"score_面積減少":33.182844243792324,"score_斑塊增加":52.934537246049665,"score_平均斑塊縮小":35.89164785553047,"score_道路建成區切割":77.5959367945824,"score_孤立比例":48.53273137697517,"score_距大型綠地":40.40632054176072,"綜合破碎化分數":48.1,"破碎化等級":"中","判定原因":"面積減少9.9%；斑塊增加25.0%；平均斑塊縮小41.2%；道路密度10.64 km/km²；孤立比例3.0%；距大型綠地13m","2021面積_ha":65.61,"2022面積_ha":57.6,"2023面積_ha":57.51}},{"type":"Feature","geometry":{"type":"Polygon","coordinates":[[[121.80063485316165,24.719986324809916],[121.8006926267934,24.729014154918687],[121.81057694777766,24.728961049024136],[121.81051846113616,24.71993324085073],[121.80063485316165,24.719986324809916]]]},"properties":{"grid_id":"G046_049","綠地類型":"農地","中心經度":121.805606,"中心緯度":24.724474,"分析面積_km2":1.04,"2020面積_ha":72.54,"2024面積_ha":67.14,"面積減少率_pct":7.44,"2020斑塊數":1,"2024斑塊數":3,"斑塊數增加率_pct":200.0,"2020平均斑塊面積_ha":757.89,"2024平均斑塊面積_ha":202.5,"平均斑塊面積下降率_pct":73.28,"道路切割密度_km_per_km2":10.409,"建成區邊界切割密度_km_per_km2":4.296,"孤立小斑塊比例_pct":0.0,"距大型連續綠地平均距離_m":14.5,"score_面積減少":27.99097065462754,"score_斑塊增加":91.7607223476298,"score_平均斑塊縮小":67.2686230248307,"score_道路建成區切割":69.80812641083521,"score_孤立比例":13.656884875846501,"score_距大型綠地":41.08352144469526,"綜合破碎化分數":51.9,"破碎化等級":"中","判定原因":"面積減少7.4%；斑塊增加200.0%；平均斑塊縮小73.3%；道路密度10.41 km/km²；孤立比例0.0%；距大型綠地14m","2021面積_ha":70.29,"2022面積_ha":67.23,"2023面積_ha":65.97}},{"type":"Feature","geometry":{"type":"Polygon","coordinates":[[[121.67219402218957,24.729645250667627],[121.67224254952465,24.73867333049398],[121.68212792235404,24.73862867503222],[121.68207868155504,24.729600613645935],[121.67219402218957,24.729645250667627]]]},"properties":{"grid_id":"G047_036","綠地類型":"農地","中心經度":121.677161,"中心緯度":24.734137,"分析面積_km2":1.04,"2020面積_ha":0.54,"2024面積_ha":0.27,"面積減少率_pct":50.0,"2020斑塊數":1,"2024斑塊數":1,"斑塊數增加率_pct":0.0,"2020平均斑塊面積_ha":0.54,"2024平均斑塊面積_ha":0.27,"平均斑塊面積下降率_pct":50.0,"道路切割密度_km_per_km2":2.422,"建成區邊界切割密度_km_per_km2":0.0,"孤立小斑塊比例_pct":100.0,"距大型連續綠地平均距離_m":830.3,"score_面積減少":81.15124153498871,"score_斑塊增加":24.040632054176072,"score_平均斑塊縮小":43.340857787810386,"score_道路建成區切割":5.530474040632054,"score_孤立比例":93.56659142212189,"score_距大型綠地":87.3589164785553,"綜合破碎化分數":55.8,"破碎化等級":"中","判定原因":"面積減少50.0%；斑塊增加0.0%；平均斑塊縮小50.0%；道路密度2.42 km/km²；孤立比例100.0%；距大型綠地830m","2021面積_ha":0.0,"2022面積_ha":0.09,"2023面積_ha":0.0}},{"type":"Feature","geometry":{"type":"Polygon","coordinates":[[[121.68207868155504,24.729600613645935],[121.68212792235404,24.73862867503222],[121.69201327122812,24.73858336781003],[121.6919633169728,24.72955532513294],[121.68207868155504,24.729600613645935]]]},"properties":{"grid_id":"G047_037","綠地類型":"農地","中心經度":121.687046,"中心緯度":24.734092,"分析面積_km2":1.04,"2020面積_ha":0.0,"2024面積_ha":0.45,"面積減少率_pct":0.0,"2020斑塊數":0,"2024斑塊數":1,"斑塊數增加率_pct":100.0,"2020平均斑塊面積_ha":0.0,"2024平均斑塊面積_ha":0.45,"平均斑塊面積下降率_pct":0.0,"道路切割密度_km_per_km2":3.633,"建成區邊界切割密度_km_per_km2":0.0,"孤立小斑塊比例_pct":100.0,"距大型連續綠地平均距離_m":523.8,"score_面積減少":9.255079006772009,"score_斑塊增加":78.3295711060948,"score_平均斑塊縮小":8.91647855530474,"score_道路建成區切割":7.787810383747178,"score_孤立比例":93.56659142212189,"score_距大型綠地":81.941309255079,"綜合破碎化分數":46.6,"破碎化等級":"中","判定原因":"面積減少0.0%；斑塊增加100.0%；平均斑塊縮小0.0%；道路密度3.63 km/km²；孤立比例100.0%；距大型綠地524m","2021面積_ha":0.0,"2022面積_ha":0.0,"2023面積_ha":0.0}},{"type":"Feature","geometry":{"type":"Polygon","coordinates":[[[121.70184792809584,24.729509385134886],[121.70189859579983,24.73853740883367],[121.71178389572209,24.738490798109485],[121.7117325145773,24.72946279365814],[121.70184792809584,24.729509385134886]]]},"properties":{"grid_id":"G047_039","綠地類型":"農地","中心經度":121.706816,"中心緯度":24.734,"分析面積_km2":1.04,"2020面積_ha":60.75,"2024面積_ha":54.63,"面積減少率_pct":10.07,"2020斑塊數":1,"2024斑塊數":2,"斑塊數增加率_pct":100.0,"2020平均斑塊面積_ha":425.16,"2024平均斑塊面積_ha":171.54,"平均斑塊面積下降率_pct":59.65,"道路切割密度_km_per_km2":10.525,"建成區邊界切割密度_km_per_km2":6.344,"孤立小斑塊比例_pct":0.0,"距大型連續綠地平均距離_m":0.0,"score_面積減少":33.63431151241535,"score_斑塊增加":78.3295711060948,"score_平均斑塊縮小":52.82167042889391,"score_道路建成區切割":80.47404063205417,"score_孤立比例":13.656884875846501,"score_距大型綠地":8.803611738148984,"綜合破碎化分數":44.6,"破碎化等級":"中","判定原因":"面積減少10.1%；斑塊增加100.0%；平均斑塊縮小59.6%；道路密度10.53 km/km²；孤立比例0.0%；距大型綠地0m","2021面積_ha":51.66,"2022面積_ha":17.55,"2023面積_ha":51.39}},{"type":"Feature","geometry":{"type":"Polygon","coordinates":[[[121.7710394965634,24.729169564112073],[121.77109515818294,24.738197447427503],[121.780980275842,24.738146274654124],[121.78092390083938,24.729118412469862],[121.7710394965634,24.729169564112073]]]},"properties":{"grid_id":"G047_046","綠地類型":"農地","中心經度":121.77601,"中心緯度":24.733658,"分析面積_km2":1.04,"2020面積_ha":75.33,"2024面積_ha":67.32,"面積減少率_pct":10.63,"2020斑塊數":1,"2024斑塊數":3,"斑塊數增加率_pct":200.0,"2020平均斑塊面積_ha":757.89,"2024平均斑塊面積_ha":191.28,"平均斑塊面積下降率_pct":74.76,"道路切割密度_km_per_km2":10.179,"建成區邊界切割密度_km_per_km2":5.075,"孤立小斑塊比例_pct":0.27,"距大型連續綠地平均距離_m":0.2,"score_面積減少":35.10158013544018,"score_斑塊增加":91.7607223476298,"score_平均斑塊縮小":67.72009029345372,"score_道路建成區切割":73.64559819413093,"score_孤立比例":30.9255079006772,"score_距大型綠地":19.63882618510158,"綜合破碎化分數":53.1,"破碎化等級":"中","判定原因":"面積減少10.6%；斑塊增加200.0%；平均斑塊縮小74.8%；道路密度10.18 km/km²；孤立比例0.3%；距大型綠地0m","2021面積_ha":75.69,"2022面積_ha":66.96,"2023面積_ha":63.18}},{"type":"Feature","geometry":{"type":"Polygon","coordinates":[[[121.78092390083938,24.729118412469862],[121.780980275842,24.738146274654124],[121.79086536607532,24.738094450187013],[121.79080827769835,24.729066609403013],[121.78092390083938,24.729118412469862]]]},"properties":{"grid_id":"G047_047","綠地類型":"農地","中心經度":121.785894,"中心緯度":24.733607,"分析面積_km2":1.04,"2020面積_ha":75.51,"2024面積_ha":62.55,"面積減少率_pct":17.16,"2020斑塊數":2,"2024斑塊數":3,"斑塊數增加率_pct":50.0,"2020平均斑塊面積_ha":381.33,"2024平均斑塊面積_ha":182.88,"平均斑塊面積下降率_pct":52.04,"道路切割密度_km_per_km2":11.995,"建成區邊界切割密度_km_per_km2":3.893,"孤立小斑塊比例_pct":0.14,"距大型連續綠地平均距離_m":7.4,"score_面積減少":45.03386004514673,"score_斑塊增加":62.75395033860045,"score_平均斑塊縮小":45.598194130925506,"score_道路建成區切割":75.39503386004515,"score_孤立比例":28.103837471783294,"score_距大型綠地":34.08577878103837,"綜合破碎化分數":48.5,"破碎化等級":"中","判定原因":"面積減少17.2%；斑塊增加50.0%；平均斑塊縮小52.0%；道路密度11.99 km/km²；孤立比例0.1%；距大型綠地7m","2021面積_ha":68.67,"2022面積_ha":66.15,"2023面積_ha":54.81}},{"type":"Feature","geometry":{"type":"Polygon","coordinates":[[[121.67224254952465,24.73867333049398],[121.67229110046799,24.74770139935981],[121.6821771871084,24.7476567254554],[121.68212792235404,24.73862867503222],[121.67224254952465,24.73867333049398]]]},"properties":{"grid_id":"G048_036","綠地類型":"農地","中心經度":121.67721,"中心緯度":24.743165,"分析面積_km2":1.04,"2020面積_ha":13.77,"2024面積_ha":10.8,"面積減少率_pct":21.57,"2020斑塊數":2,"2024斑塊數":4,"斑塊數增加率_pct":100.0,"2020平均斑塊面積_ha":8.415,"2024平均斑塊面積_ha":5.94,"平均斑塊面積下降率_pct":29.41,"道路切割密度_km_per_km2":4.354,"建成區邊界切割密度_km_per_km2":0.519,"孤立小斑塊比例_pct":9.17,"距大型連續綠地平均距離_m":31.7,"score_面積減少":53.72460496613996,"score_斑塊增加":78.3295711060948,"score_平均斑塊縮小":27.539503386004515,"score_道路建成區切割":23.306997742663658,"score_孤立比例":65.23702031602708,"score_距大型綠地":48.98419864559819,"綜合破碎化分數":49.5,"破碎化等級":"中","判定原因":"面積減少21.6%；斑塊增加100.0%；平均斑塊縮小29.4%；道路密度4.35 km/km²；孤立比例9.2%；距大型綠地32m","2021面積_ha":18.36,"2022面積_ha":0.45,"2023面積_ha":15.12}},{"type":"Feature","geometry":{"type":"Polygon","coordinates":[[[121.70189859579983,24.73853740883367],[121.70194928815324,24.747565421564055],[121.71183530186339,24.747518791589737],[121.71178389572209,24.738490798109485],[121.70189859579983,24.73853740883367]]]},"properties":{"grid_id":"G048_039","綠地類型":"農地","中心經度":121.706867,"中心緯度":24.743028,"分析面積_km2":1.04,"2020面積_ha":60.21,"2024面積_ha":55.08,"面積減少率_pct":8.52,"2020斑塊數":2,"2024斑塊數":3,"斑塊數增加率_pct":50.0,"2020平均斑塊面積_ha":236.565,"2024平均斑塊面積_ha":110.52,"平均斑塊面積下降率_pct":53.28,"道路切割密度_km_per_km2":12.86,"建成區邊界切割密度_km_per_km2":5.421,"孤立小斑塊比例_pct":0.16,"距大型連續綠地平均距離_m":0.2,"score_面積減少":30.248306997742663,"score_斑塊增加":62.75395033860045,"score_平均斑塊縮小":46.95259593679458,"score_道路建成區切割":88.71331828442439,"score_孤立比例":28.78103837471783,"score_距大型綠地":19.63882618510158,"綜合破碎化分數":46.2,"破碎化等級":"中","判定原因":"面積減少8.5%；斑塊增加50.0%；平均斑塊縮小53.3%；道路密度12.86 km/km²；孤立比例0.2%；距大型綠地0m","2021面積_ha":59.94,"2022面積_ha":34.83,"2023面積_ha":55.71}},{"type":"Feature","geometry":{"type":"Polygon","coordinates":[[[121.71178389572209,24.738490798109485],[121.71183530186339,24.747518791589737],[121.7217212905691,24.747471509604893],[121.72166917064787,24.738443535643935],[121.71178389572209,24.738490798109485]]]},"properties":{"grid_id":"G048_040","綠地類型":"農地","中心經度":121.716752,"中心緯度":24.742981,"分析面積_km2":1.04,"2020面積_ha":58.41,"2024面積_ha":52.2,"面積減少率_pct":10.63,"2020斑塊數":1,"2024斑塊數":3,"斑塊數增加率_pct":200.0,"2020平均斑塊面積_ha":425.16,"2024平均斑塊面積_ha":104.61,"平均斑塊面積下降率_pct":75.4,"道路切割密度_km_per_km2":11.13,"建成區邊界切割密度_km_per_km2":5.046,"孤立小斑塊比例_pct":0.17,"距大型連續綠地平均距離_m":0.1,"score_面積減少":35.10158013544018,"score_斑塊增加":91.7607223476298,"score_平均斑塊縮小":68.84875846501129,"score_道路建成區切割":78.89390519187359,"score_孤立比例":29.232505643340858,"score_距大型綠地":18.17155756207675,"綜合破碎化分數":53.7,"破碎化等級":"中","判定原因":"面積減少10.6%；斑塊增加200.0%；平均斑塊縮小75.4%；道路密度11.13 km/km²；孤立比例0.2%；距大型綠地0m","2021面積_ha":57.51,"2022面積_ha":39.87,"2023面積_ha":55.26}},{"type":"Feature","geometry":{"type":"Polygon","coordinates":[[[121.77109515818294,24.738197447427503],[121.77115084688118,24.747225319754847],[121.7810366782703,24.747174125847327],[121.780980275842,24.738146274654124],[121.77109515818294,24.738197447427503]]]},"properties":{"grid_id":"G048_046","綠地類型":"農地","中心經度":121.776066,"中心緯度":24.742686,"分析面積_km2":1.04,"2020面積_ha":70.29,"2024面積_ha":56.88,"面積減少率_pct":19.08,"2020斑塊數":3,"2024斑塊數":4,"斑塊數增加率_pct":33.33,"2020平均斑塊面積_ha":273.81,"2024平均斑塊面積_ha":22.59,"平均斑塊面積下降率_pct":91.75,"道路切割密度_km_per_km2":10.986,"建成區邊界切割密度_km_per_km2":6.459,"孤立小斑塊比例_pct":0.0,"距大型連續綠地平均距離_m":2.6,"score_面積減少":50.338600451467265,"score_斑塊增加":55.86907449209932,"score_平均斑塊縮小":85.55304740406321,"score_道路建成區切割":83.35214446952597,"score_孤立比例":13.656884875846501,"score_距大型綠地":27.99097065462754,"綜合破碎化分數":52.8,"破碎化等級":"中","判定原因":"面積減少19.1%；斑塊增加33.3%；平均斑塊縮小91.8%；道路密度10.99 km/km²；孤立比例0.0%；距大型綠地3m","2021面積_ha":73.08,"2022面積_ha":57.51,"2023面積_ha":57.06}},{"type":"Feature","geometry":{"type":"Polygon","coordinates":[[[121.780980275842,24.738146274654124],[121.7810366782703,24.747174125847327],[121.79092248222503,24.74712227997695],[121.79086536607532,24.738094450187013],[121.780980275842,24.738146274654124]]]},"properties":{"grid_id":"G048_047","綠地類型":"農地","中心經度":121.785951,"中心緯度":24.742634,"分析面積_km2":1.04,"2020面積_ha":52.92,"2024面積_ha":33.66,"面積減少率_pct":36.39,"2020斑塊數":2,"2024斑塊數":4,"斑塊數增加率_pct":100.0,"2020平均斑塊面積_ha":402.39,"2024平均斑塊面積_ha":165.262,"平均斑塊面積下降率_pct":58.93,"道路切割密度_km_per_km2":12.543,"建成區邊界切割密度_km_per_km2":3.633,"孤立小斑塊比例_pct":0.53,"距大型連續綠地平均距離_m":0.5,"score_面積減少":71.33182844243792,"score_斑塊增加":78.3295711060948,"score_平均斑塊縮小":52.595936794582386,"score_道路建成區切割":77.37020316027088,"score_孤立比例":33.40857787810384,"score_距大型綠地":21.896162528216703,"綜合破碎化分數":55.8,"破碎化等級":"中","判定原因":"面積減少36.4%；斑塊增加100.0%；平均斑塊縮小58.9%；道路密度12.54 km/km²；孤立比例0.5%；距大型綠地0m","2021面積_ha":52.83,"2022面積_ha":37.98,"2023面積_ha":35.01}},{"type":"Feature","geometry":{"type":"Polygon","coordinates":[[[121.79086536607532,24.738094450187013],[121.79092248222503,24.74712227997695],[121.80080825839823,24.747069782150877],[121.80075042853598,24.738041974033333],[121.79086536607532,24.738094450187013]]]},"properties":{"grid_id":"G048_048","綠地類型":"農地","中心經度":121.795837,"中心緯度":24.742582,"分析面積_km2":1.04,"2020面積_ha":66.78,"2024面積_ha":60.03,"面積減少率_pct":10.11,"2020斑塊數":3,"2024斑塊數":5,"斑塊數增加率_pct":66.67,"2020平均斑塊面積_ha":1009.17,"2024平均斑塊面積_ha":382.464,"平均斑塊面積下降率_pct":62.1,"道路切割密度_km_per_km2":9.804,"建成區邊界切割密度_km_per_km2":4.383,"孤立小斑塊比例_pct":0.0,"距大型連續綠地平均距離_m":8.6,"score_面積減少":33.86004514672686,"score_斑塊增加":68.51015801354401,"score_平均斑塊縮小":55.53047404063205,"score_道路建成區切割":66.7607223476298,"score_孤立比例":13.656884875846501,"score_距大型綠地":35.44018058690745,"綜合破碎化分數":45.6,"破碎化等級":"中","判定原因":"面積減少10.1%；斑塊增加66.7%；平均斑塊縮小62.1%；道路密度9.80 km/km²；孤立比例0.0%；距大型綠地9m","2021面積_ha":63.81,"2022面積_ha":58.32,"2023面積_ha":57.51}},{"type":"Feature","geometry":{"type":"Polygon","coordinates":[[[121.62286031997365,24.747914988224785],[121.62290532363174,24.756943134315225],[121.63279223907348,24.756901703550493],[121.6327465212209,24.747873574559243],[121.62286031997365,24.747914988224785]]]},"properties":{"grid_id":"G049_031","綠地類型":"農地","中心經度":121.627826,"中心緯度":24.752408,"分析面積_km2":1.04,"2020面積_ha":4.32,"2024面積_ha":4.41,"面積減少率_pct":0.0,"2020斑塊數":3,"2024斑塊數":5,"斑塊數增加率_pct":66.67,"2020平均斑塊面積_ha":1.89,"2024平均斑塊面積_ha":0.936,"平均斑塊面積下降率_pct":50.48,"道路切割密度_km_per_km2":4.095,"建成區邊界切割密度_km_per_km2":0.231,"孤立小斑塊比例_pct":100.0,"距大型連續綠地平均距離_m":4808.4,"score_面積減少":9.255079006772009,"score_斑塊增加":68.51015801354401,"score_平均斑塊縮小":44.13092550790068,"score_道路建成區切割":18.17155756207675,"score_孤立比例":93.56659142212189,"score_距大型綠地":99.09706546275395,"綜合破碎化分數":55.5,"破碎化等級":"中","判定原因":"面積減少0.0%；斑塊增加66.7%；平均斑塊縮小50.5%；道路密度4.09 km/km²；孤立比例100.0%；距大型綠地4808m","2021面積_ha":5.49,"2022面積_ha":3.51,"2023面積_ha":2.52}},{"type":"Feature","geometry":{"type":"Polygon","coordinates":[[[121.71183530186339,24.747518791589737],[121.7118867330091,24.756546774095924],[121.72177343584191,24.75649947258906],[121.7217212905691,24.747471509604893],[121.71183530186339,24.747518791589737]]]},"properties":{"grid_id":"G049_040","綠地類型":"農地","中心經度":121.716804,"中心緯度":24.752009,"分析面積_km2":1.04,"2020面積_ha":17.28,"2024面積_ha":18.18,"面積減少率_pct":0.0,"2020斑塊數":7,"2024斑塊數":9,"斑塊數增加率_pct":28.57,"2020平均斑塊面積_ha":63.386,"2024平均斑塊面積_ha":35.82,"平均斑塊面積下降率_pct":43.49,"道路切割密度_km_per_km2":11.505,"建成區邊界切割密度_km_per_km2":1.99,"孤立小斑塊比例_pct":6.44,"距大型連續綠地平均距離_m":21.1,"score_面積減少":9.255079006772009,"score_斑塊增加":53.72460496613996,"score_平均斑塊縮小":36.794582392776526,"score_道路建成區切割":63.37471783295711,"score_孤立比例":60.496613995485326,"score_距大型綠地":44.01805869074492,"綜合破碎化分數":44.6,"破碎化等級":"中","判定原因":"面積減少0.0%；斑塊增加28.6%；平均斑塊縮小43.5%；道路密度11.51 km/km²；孤立比例6.4%；距大型綠地21m","2021面積_ha":27.54,"2022面積_ha":6.21,"2023面積_ha":18.99}},{"type":"Feature","geometry":{"type":"Polygon","coordinates":[[[121.67233967502706,24.75672945726216],[121.67238827320938,24.765757504198067],[121.6822757885134,24.765712793400578],[121.68222647582563,24.75668476491251],[121.67233967502706,24.75672945726216]]]},"properties":{"grid_id":"G050_036","綠地類型":"農地","中心經度":121.677308,"中心緯度":24.761221,"分析面積_km2":1.04,"2020面積_ha":0.0,"2024面積_ha":0.36,"面積減少率_pct":0.0,"2020斑塊數":0,"2024斑塊數":1,"斑塊數增加率_pct":100.0,"2020平均斑塊面積_ha":0.0,"2024平均斑塊面積_ha":0.36,"平均斑塊面積下降率_pct":0.0,"道路切割密度_km_per_km2":6.286,"建成區邊界切割密度_km_per_km2":0.115,"孤立小斑塊比例_pct":100.0,"距大型連續綠地平均距離_m":983.0,"score_面積減少":9.255079006772009,"score_斑塊增加":78.3295711060948,"score_平均斑塊縮小":8.91647855530474,"score_道路建成區切割":22.629796839729117,"score_孤立比例":93.56659142212189,"score_距大型綠地":88.93905191873588,"綜合破碎化分數":50.3,"破碎化等級":"中","判定原因":"面積減少0.0%；斑塊增加100.0%；平均斑塊縮小0.0%；道路密度6.29 km/km²；孤立比例100.0%；距大型綠地983m","2021面積_ha":0.0,"2022面積_ha":0.0,"2023面積_ha":0.0}},{"type":"Feature","geometry":{"type":"Polygon","coordinates":[[[121.72177343584191,24.75649947258906],[121.72182560647433,24.765527424593447],[121.73171299841385,24.765479451019413],[121.73166011331513,24.756451518809023],[121.72177343584191,24.75649947258906]]]},"properties":{"grid_id":"G050_041","綠地類型":"農地","中心經度":121.726743,"中心緯度":24.76099,"分析面積_km2":1.04,"2020面積_ha":7.02,"2024面積_ha":6.84,"面積減少率_pct":2.56,"2020斑塊數":8,"2024斑塊數":7,"斑塊數增加率_pct":0.0,"2020平均斑塊面積_ha":14.389,"2024平均斑塊面積_ha":9.103,"平均斑塊面積下降率_pct":36.74,"道路切割密度_km_per_km2":12.659,"建成區邊界切割密度_km_per_km2":1.038,"孤立小斑塊比例_pct":14.47,"距大型連續綠地平均距離_m":632.1,"score_面積減少":20.767494356659142,"score_斑塊增加":24.040632054176072,"score_平均斑塊縮小":30.9255079006772,"score_道路建成區切割":63.60045146726862,"score_孤立比例":72.686230248307,"score_距大型綠地":84.87584650112868,"綜合破碎化分數":49.5,"破碎化等級":"中","判定原因":"面積減少2.6%；斑塊增加0.0%；平均斑塊縮小36.7%；道路密度12.66 km/km²；孤立比例14.5%；距大型綠地632m","2021面積_ha":10.53,"2022面積_ha":0.54,"2023面積_ha":4.32}},{"type":"Feature","geometry":{"type":"Polygon","coordinates":[[[121.73166011331513,24.756451518809023],[121.73171299841385,24.765479451019413],[121.74160036463839,24.765430824909615],[121.74154676508145,24.756402912762443],[121.73166011331513,24.756451518809023]]]},"properties":{"grid_id":"G050_042","綠地類型":"農地","中心經度":121.73663,"中心緯度":24.760941,"分析面積_km2":1.04,"2020面積_ha":8.73,"2024面積_ha":8.91,"面積減少率_pct":0.0,"2020斑塊數":6,"2024斑塊數":10,"斑塊數增加率_pct":66.67,"2020平均斑塊面積_ha":17.46,"2024平均斑塊面積_ha":10.278,"平均斑塊面積下降率_pct":41.13,"道路切割密度_km_per_km2":11.188,"建成區邊界切割密度_km_per_km2":1.845,"孤立小斑塊比例_pct":28.28,"距大型連續綠地平均距離_m":295.3,"score_面積減少":9.255079006772009,"score_斑塊增加":68.51015801354401,"score_平均斑塊縮小":35.44018058690745,"score_道路建成區切割":61.23024830699774,"score_孤立比例":80.1354401805869,"score_距大型綠地":74.7178329571106,"綜合破碎化分數":54.9,"破碎化等級":"中","判定原因":"面積減少0.0%；斑塊增加66.7%；平均斑塊縮小41.1%；道路密度11.19 km/km²；孤立比例28.3%；距大型綠地295m","2021面積_ha":10.08,"2022面積_ha":1.08,"2023面積_ha":6.12}},{"type":"Feature","geometry":{"type":"Polygon","coordinates":[[[121.74154676508145,24.756402912762443],[121.74160036463839,24.765430824909615],[121.75148770480047,24.76538154627078],[121.75143339079366,24.756353654456042],[121.74154676508145,24.756402912762443]]]},"properties":{"grid_id":"G050_043","綠地類型":"農地","中心經度":121.746517,"中心緯度":24.760892,"分析面積_km2":1.04,"2020面積_ha":6.48,"2024面積_ha":4.32,"面積減少率_pct":33.33,"2020斑塊數":4,"2024斑塊數":1,"斑塊數增加率_pct":0.0,"2020平均斑塊面積_ha":24.615,"2024平均斑塊面積_ha":5.58,"平均斑塊面積下降率_pct":77.33,"道路切割密度_km_per_km2":16.84,"建成區邊界切割密度_km_per_km2":0.779,"孤立小斑塊比例_pct":0.0,"距大型連續綠地平均距離_m":185.1,"score_面積減少":68.058690744921,"score_斑塊增加":24.040632054176072,"score_平均斑塊縮小":70.54176072234763,"score_道路建成區切割":67.83295711060948,"score_孤立比例":13.656884875846501,"score_距大型綠地":69.75169300225733,"綜合破碎化分數":52.3,"破碎化等級":"中","判定原因":"面積減少33.3%；斑塊增加0.0%；平均斑塊縮小77.3%；道路密度16.84 km/km²；孤立比例0.0%；距大型綠地185m","2021面積_ha":6.93,"2022面積_ha":3.06,"2023面積_ha":4.86}},{"type":"Feature","geometry":{"type":"Polygon","coordinates":[[[121.77120656266668,24.75625318109112],[121.77126230554803,24.76528103143335],[121.78114956543881,24.76522979524866],[121.781093108133,24.756201966046504],[121.77120656266668,24.75625318109112]]]},"properties":{"grid_id":"G050_046","綠地類型":"農地","中心經度":121.776178,"中心緯度":24.760742,"分析面積_km2":1.04,"2020面積_ha":42.12,"2024面積_ha":32.49,"面積減少率_pct":22.86,"2020斑塊數":5,"2024斑塊數":6,"斑塊數增加率_pct":20.0,"2020平均斑塊面積_ha":457.776,"2024平均斑塊面積_ha":221.46,"平均斑塊面積下降率_pct":51.62,"道路切割密度_km_per_km2":12.63,"建成區邊界切割密度_km_per_km2":2.278,"孤立小斑塊比例_pct":1.94,"距大型連續綠地平均距離_m":6.2,"score_面積減少":56.09480812641083,"score_斑塊增加":51.24153498871332,"score_平均斑塊縮小":45.146726862302486,"score_道路建成區切割":70.76749435665914,"score_孤立比例":43.566591422121896,"score_距大型綠地":32.731376975169304,"綜合破碎化分數":49.9,"破碎化等級":"中","判定原因":"面積減少22.9%；斑塊增加20.0%；平均斑塊縮小51.6%；道路密度12.63 km/km²；孤立比例1.9%；距大型綠地6m","2021面積_ha":39.78,"2022面積_ha":32.49,"2023面積_ha":33.93}},{"type":"Feature","geometry":{"type":"Polygon","coordinates":[[[121.80086611638913,24.75609757926835],[121.80092400251758,24.765125365382747],[121.81081117901091,24.76507217171597],[121.81075257848448,24.756044407549247],[121.80086611638913,24.75609757926835]]]},"properties":{"grid_id":"G050_049","綠地類型":"農地","中心經度":121.805838,"中心緯度":24.760585,"分析面積_km2":1.04,"2020面積_ha":77.31,"2024面積_ha":70.56,"面積減少率_pct":8.73,"2020斑塊數":1,"2024斑塊數":2,"斑塊數增加率_pct":100.0,"2020平均斑塊面積_ha":2265.39,"2024平均斑塊面積_ha":620.64,"平均斑塊面積下降率_pct":72.6,"道路切割密度_km_per_km2":7.728,"建成區邊界切割密度_km_per_km2":3.893,"孤立小斑塊比例_pct":0.0,"距大型連續綠地平均距離_m":1.5,"score_面積減少":30.474040632054177,"score_斑塊增加":78.3295711060948,"score_平均斑塊縮小":65.68848758465012,"score_道路建成區切割":54.119638826185096,"score_孤立比例":13.656884875846501,"score_距大型綠地":24.830699774266364,"綜合破碎化分數":44.5,"破碎化等級":"中","判定原因":"面積減少8.7%；斑塊增加100.0%；平均斑塊縮小72.6%；道路密度7.73 km/km²；孤立比例0.0%；距大型綠地2m","2021面積_ha":75.15,"2022面積_ha":72.27,"2023面積_ha":73.62}},{"type":"Feature","geometry":{"type":"Polygon","coordinates":[[[121.72182560647433,24.765527424593447],[121.72187780247444,24.774555365615097],[121.73176590922765,24.774507372244283],[121.73171299841385,24.765479451019413],[121.72182560647433,24.765527424593447]]]},"properties":{"grid_id":"G051_041","綠地類型":"農地","中心經度":121.726796,"中心緯度":24.770017,"分析面積_km2":1.04,"2020面積_ha":4.77,"2024面積_ha":6.84,"面積減少率_pct":0.0,"2020斑塊數":2,"2024斑塊數":4,"斑塊數增加率_pct":100.0,"2020平均斑塊面積_ha":48.375,"2024平均斑塊面積_ha":13.207,"平均斑塊面積下降率_pct":72.7,"道路切割密度_km_per_km2":14.245,"建成區邊界切割密度_km_per_km2":0.807,"孤立小斑塊比例_pct":3.95,"距大型連續綠地平均距離_m":8.6,"score_面積減少":9.255079006772009,"score_斑塊增加":78.3295711060948,"score_平均斑塊縮小":66.13995485327314,"score_道路建成區切割":65.91422121896161,"score_孤立比例":53.72460496613996,"score_距大型綠地":35.44018058690745,"綜合破碎化分數":51.5,"破碎化等級":"中","判定原因":"面積減少0.0%；斑塊增加100.0%；平均斑塊縮小72.7%；道路密度14.24 km/km²；孤立比例4.0%；距大型綠地9m","2021面積_ha":5.76,"2022面積_ha":0.18,"2023面積_ha":5.04}},{"type":"Feature","geometry":{"type":"Polygon","coordinates":[[[121.75148770480047,24.76538154627078],[121.75154204521705,24.77440942709433],[121.76143007375828,24.774359475328726],[121.76137501855281,24.765331615109726],[121.75148770480047,24.76538154627078]]]},"properties":{"grid_id":"G051_044","綠地類型":"農地","中心經度":121.756459,"中心緯度":24.769871,"分析面積_km2":1.04,"2020面積_ha":12.96,"2024面積_ha":10.08,"面積減少率_pct":22.22,"2020斑塊數":5,"2024斑塊數":4,"斑塊數增加率_pct":0.0,"2020平均斑塊面積_ha":512.28,"2024平均斑塊面積_ha":114.255,"平均斑塊面積下降率_pct":77.7,"道路切割密度_km_per_km2":15.052,"建成區邊界切割密度_km_per_km2":1.211,"孤立小斑塊比例_pct":8.04,"距大型連續綠地平均距離_m":8.6,"score_面積減少":54.401805869074494,"score_斑塊增加":24.040632054176072,"score_平均斑塊縮小":70.8803611738149,"score_道路建成區切割":69.86455981941309,"score_孤立比例":63.20541760722348,"score_距大型綠地":35.44018058690745,"綜合破碎化分數":53.0,"破碎化等級":"中","判定原因":"面積減少22.2%；斑塊增加0.0%；平均斑塊縮小77.7%；道路密度15.05 km/km²；孤立比例8.0%；距大型綠地9m","2021面積_ha":15.03,"2022面積_ha":7.92,"2023面積_ha":12.87}},{"type":"Feature","geometry":{"type":"Polygon","coordinates":[[[121.80092400251758,24.765125365382747],[121.80098191679251,24.774153140491112],[121.81086980803114,24.774099924873582],[121.81081117901091,24.76507217171597],[121.80092400251758,24.765125365382747]]]},"properties":{"grid_id":"G051_049","綠地類型":"農地","中心經度":121.805897,"中心緯度":24.769613,"分析面積_km2":1.04,"2020面積_ha":79.65,"2024面積_ha":73.26,"面積減少率_pct":8.02,"2020斑塊數":1,"2024斑塊數":2,"斑塊數增加率_pct":100.0,"2020平均斑塊面積_ha":2265.39,"2024平均斑塊面積_ha":615.87,"平均斑塊面積下降率_pct":72.81,"道路切割密度_km_per_km2":8.391,"建成區邊界切割密度_km_per_km2":6.055,"孤立小斑塊比例_pct":0.25,"距大型連續綠地平均距離_m":0.2,"score_面積減少":29.006772009029348,"score_斑塊增加":78.3295711060948,"score_平均斑塊縮小":66.47855530474041,"score_道路建成區切割":67.83295711060948,"score_孤立比例":30.361173814898418,"score_距大型綠地":19.63882618510158,"綜合破碎化分數":48.6,"破碎化等級":"中","判定原因":"面積減少8.0%；斑塊增加100.0%；平均斑塊縮小72.8%；道路密度8.39 km/km²；孤立比例0.2%；距大型綠地0m","2021面積_ha":78.12,"2022面積_ha":71.28,"2023面積_ha":73.35}},{"type":"Feature","geometry":{"type":"Polygon","coordinates":[[[121.69221333135043,24.774695428831436],[121.69226340719479,24.78372341665023],[121.7021523042177,24.783677362742324],[121.70210151318832,24.774649393915173],[121.69221333135043,24.774695428831436]]]},"properties":{"grid_id":"G052_038","綠地類型":"農地","中心經度":121.697183,"中心緯度":24.779186,"分析面積_km2":1.04,"2020面積_ha":0.27,"2024面積_ha":0.0,"面積減少率_pct":100.0,"2020斑塊數":3,"2024斑塊數":0,"斑塊數增加率_pct":0.0,"2020平均斑塊面積_ha":0.36,"2024平均斑塊面積_ha":0.0,"平均斑塊面積下降率_pct":100.0,"道路切割密度_km_per_km2":9.314,"建成區邊界切割密度_km_per_km2":0.0,"孤立小斑塊比例_pct":0.0,"距大型連續綠地平均距離_m":0.0,"score_面積減少":97.62979683972912,"score_斑塊增加":24.040632054176072,"score_平均斑塊縮小":97.62979683972912,"score_道路建成區切割":27.765237020316025,"score_孤立比例":13.656884875846501,"score_距大型綠地":8.803611738148984,"綜合破碎化分數":44.9,"破碎化等級":"中","判定原因":"面積減少100.0%；斑塊增加0.0%；平均斑塊縮小100.0%；道路密度9.31 km/km²；孤立比例0.0%；距大型綠地0m","2021面積_ha":0.18,"2022面積_ha":0.0,"2023面積_ha":0.0}},{"type":"Feature","geometry":{"type":"Polygon","coordinates":[[[121.74165399025769,24.774458726068456],[121.74170764194768,24.783486616236],[121.75159641205175,24.78343729692372],[121.75154204521705,24.77440942709433],[121.74165399025769,24.774458726068456]]]},"properties":{"grid_id":"G052_043","綠地類型":"農地","中心經度":121.746625,"中心緯度":24.778948,"分析面積_km2":1.04,"2020面積_ha":45.09,"2024面積_ha":37.08,"面積減少率_pct":17.76,"2020斑塊數":3,"2024斑塊數":4,"斑塊數增加率_pct":33.33,"2020平均斑塊面積_ha":100.83,"2024平均斑塊面積_ha":37.822,"平均斑塊面積下降率_pct":62.49,"道路切割密度_km_per_km2":14.85,"建成區邊界切割密度_km_per_km2":3.691,"孤立小斑塊比例_pct":2.67,"距大型連續綠地平均距離_m":5.0,"score_面積減少":47.17832957110609,"score_斑塊增加":55.86907449209932,"score_平均斑塊縮小":56.659142212189614,"score_道路建成區切割":82.95711060948081,"score_孤立比例":46.95259593679458,"score_距大型綠地":31.15124153498871,"綜合破碎化分數":53.5,"破碎化等級":"中","判定原因":"面積減少17.8%；斑塊增加33.3%；平均斑塊縮小62.5%；道路密度14.85 km/km²；孤立比例2.7%；距大型綠地5m","2021面積_ha":47.34,"2022面積_ha":33.93,"2023面積_ha":42.48}},{"type":"Feature","geometry":{"type":"Polygon","coordinates":[[[121.76143007375828,24.774359475328726],[121.76148515572932,24.78338732455068],[121.77137387263278,24.78333669912379],[121.77131807553388,24.77430887077856],[121.76143007375828,24.774359475328726]]]},"properties":{"grid_id":"G052_045","綠地類型":"農地","中心經度":121.766402,"中心緯度":24.778848,"分析面積_km2":1.04,"2020面積_ha":68.85,"2024面積_ha":64.26,"面積減少率_pct":6.67,"2020斑塊數":3,"2024斑塊數":4,"斑塊數增加率_pct":33.33,"2020平均斑塊面積_ha":764.73,"2024平均斑塊面積_ha":115.942,"平均斑塊面積下降率_pct":84.84,"道路切割密度_km_per_km2":10.698,"建成區邊界切割密度_km_per_km2":5.133,"孤立小斑塊比例_pct":3.64,"距大型連續綠地平均距離_m":5.2,"score_面積減少":26.52370203160271,"score_斑塊增加":55.86907449209932,"score_平均斑塊縮小":79.68397291196389,"score_道路建成區切割":76.29796839729119,"score_孤立比例":52.370203160270876,"score_距大型綠地":31.376975169300223,"綜合破碎化分數":53.7,"破碎化等級":"中","判定原因":"面積減少6.7%；斑塊增加33.3%；平均斑塊縮小84.8%；道路密度10.70 km/km²；孤立比例3.6%；距大型綠地5m","2021面積_ha":70.47,"2022面積_ha":60.75,"2023面積_ha":64.71}},{"type":"Feature","geometry":{"type":"Polygon","coordinates":[[[121.79109399739846,24.774205703352617],[121.7911512247271,24.783233489136535],[121.80103985922284,24.783180904590463],[121.80098191679251,24.774153140491112],[121.79109399739846,24.774205703352617]]]},"properties":{"grid_id":"G052_048","綠地類型":"農地","中心經度":121.796067,"中心緯度":24.778693,"分析面積_km2":1.04,"2020面積_ha":86.49,"2024面積_ha":73.17,"面積減少率_pct":15.4,"2020斑塊數":1,"2024斑塊數":4,"斑塊數增加率_pct":300.0,"2020平均斑塊面積_ha":2265.39,"2024平均斑塊面積_ha":313.965,"平均斑塊面積下降率_pct":86.14,"道路切割密度_km_per_km2":8.881,"建成區邊界切割密度_km_per_km2":4.758,"孤立小斑塊比例_pct":0.25,"距大型連續綠地平均距離_m":0.2,"score_面積減少":43.115124153498876,"score_斑塊增加":95.93679458239278,"score_平均斑塊縮小":80.36117381489842,"score_道路建成區切割":63.9390519187359,"score_孤立比例":30.361173814898418,"score_距大型綠地":19.63882618510158,"綜合破碎化分數":55.6,"破碎化等級":"中","判定原因":"面積減少15.4%；斑塊增加300.0%；平均斑塊縮小86.1%；道路密度8.88 km/km²；孤立比例0.2%；距大型綠地0m","2021面積_ha":81.9,"2022面積_ha":80.1,"2023面積_ha":76.05}},{"type":"Feature","geometry":{"type":"Polygon","coordinates":[[[121.72193002385022,24.783583295651045],[121.7219822706098,24.792611214698333],[121.73187180803298,24.792563181725622],[121.73181884576462,24.783535282480678],[121.72193002385022,24.783583295651045]]]},"properties":{"grid_id":"G053_041","綠地類型":"農地","中心經度":121.726901,"中心緯度":24.788073,"分析面積_km2":1.04,"2020面積_ha":0.54,"2024面積_ha":10.44,"面積減少率_pct":0.0,"2020斑塊數":4,"2024斑塊數":7,"斑塊數增加率_pct":75.0,"2020平均斑塊面積_ha":0.135,"2024平均斑塊面積_ha":3.047,"平均斑塊面積下降率_pct":0.0,"道路切割密度_km_per_km2":9.371,"建成區邊界切割密度_km_per_km2":1.125,"孤立小斑塊比例_pct":19.83,"距大型連續綠地平均距離_m":259.4,"score_面積減少":9.255079006772009,"score_斑塊增加":70.20316027088036,"score_平均斑塊縮小":8.91647855530474,"score_道路建成區切割":46.72686230248307,"score_孤立比例":77.42663656884876,"score_距大型綠地":72.686230248307,"綜合破碎化分數":47.5,"破碎化等級":"中","判定原因":"面積減少0.0%；斑塊增加75.0%；平均斑塊縮小0.0%；道路密度9.37 km/km²；孤立比例19.8%；距大型綠地259m","2021面積_ha":1.17,"2022面積_ha":0.0,"2023面積_ha":0.45}},{"type":"Feature","geometry":{"type":"Polygon","coordinates":[[[121.73181884576462,24.783535282480678],[121.73187180803298,24.792563181725622],[121.74176131971662,24.792514495409268],[121.74170764194768,24.783486616236],[121.73181884576462,24.783535282480678]]]},"properties":{"grid_id":"G053_042","綠地類型":"農地","中心經度":121.73679,"中心緯度":24.788025,"分析面積_km2":1.04,"2020面積_ha":4.05,"2024面積_ha":4.5,"面積減少率_pct":0.0,"2020斑塊數":5,"2024斑塊數":6,"斑塊數增加率_pct":20.0,"2020平均斑塊面積_ha":0.882,"2024平均斑塊面積_ha":3.42,"平均斑塊面積下降率_pct":0.0,"道路切割密度_km_per_km2":11.967,"建成區邊界切割密度_km_per_km2":0.923,"孤立小斑塊比例_pct":70.0,"距大型連續綠地平均距離_m":478.7,"score_面積減少":9.255079006772009,"score_斑塊增加":51.24153498871332,"score_平均斑塊縮小":8.91647855530474,"score_道路建成區切割":58.690744920993225,"score_孤立比例":86.45598194130926,"score_距大型綠地":80.81264108352144,"綜合破碎化分數":49.2,"破碎化等級":"中","判定原因":"面積減少0.0%；斑塊增加20.0%；平均斑塊縮小0.0%；道路密度11.97 km/km²；孤立比例70.0%；距大型綠地479m","2021面積_ha":10.53,"2022面積_ha":0.54,"2023面積_ha":9.63}},{"type":"Feature","geometry":{"type":"Polygon","coordinates":[[[121.74170764194768,24.783486616236],[121.74176131971662,24.792514495409268],[121.751650805313,24.79246515575598],[121.75159641205175,24.78343729692372],[121.74170764194768,24.783486616236]]]},"properties":{"grid_id":"G053_043","綠地類型":"農地","中心經度":121.746679,"中心緯度":24.787976,"分析面積_km2":1.04,"2020面積_ha":13.14,"2024面積_ha":13.86,"面積減少率_pct":0.0,"2020斑塊數":3,"2024斑塊數":3,"斑塊數增加率_pct":0.0,"2020平均斑塊面積_ha":98.55,"2024平均斑塊面積_ha":46.74,"平均斑塊面積下降率_pct":52.57,"道路切割密度_km_per_km2":12.659,"建成區邊界切割密度_km_per_km2":2.307,"孤立小斑塊比例_pct":5.84,"距大型連續綠地平均距離_m":82.2,"score_面積減少":9.255079006772009,"score_斑塊增加":24.040632054176072,"score_平均斑塊縮小":46.27539503386004,"score_道路建成區切割":71.21896162528216,"score_孤立比例":59.59367945823928,"score_距大型綠地":61.06094808126411,"綜合破碎化分數":45.2,"破碎化等級":"中","判定原因":"面積減少0.0%；斑塊增加0.0%；平均斑塊縮小52.6%；道路密度12.66 km/km²；孤立比例5.8%；距大型綠地82m","2021面積_ha":16.56,"2022面積_ha":8.82,"2023面積_ha":13.95}},{"type":"Feature","geometry":{"type":"Polygon","coordinates":[[[121.76154026447449,24.792415162772606],[121.76159540000226,24.801442989991536],[121.77148554820423,24.80139232280238],[121.77142969685336,24.792364516466048],[121.76154026447449,24.792415162772606]]]},"properties":{"grid_id":"G054_045","綠地類型":"農地","中心經度":121.766513,"中心緯度":24.796904,"分析面積_km2":1.04,"2020面積_ha":61.47,"2024面積_ha":55.53,"面積減少率_pct":9.66,"2020斑塊數":2,"2024斑塊數":4,"斑塊數增加率_pct":100.0,"2020平均斑塊面積_ha":1279.755,"2024平均斑塊面積_ha":171.9,"平均斑塊面積下降率_pct":86.57,"道路切割密度_km_per_km2":9.948,"建成區邊界切割密度_km_per_km2":4.729,"孤立小斑塊比例_pct":0.0,"距大型連續綠地平均距離_m":0.0,"score_面積減少":32.50564334085779,"score_斑塊增加":78.3295711060948,"score_平均斑塊縮小":80.58690744920993,"score_道路建成區切割":69.86455981941309,"score_孤立比例":13.656884875846501,"score_距大型綠地":8.803611738148984,"綜合破碎化分數":47.3,"破碎化等級":"中","判定原因":"面積減少9.7%；斑塊增加100.0%；平均斑塊縮小86.6%；道路密度9.95 km/km²；孤立比例0.0%；距大型綠地0m","2021面積_ha":63.0,"2022面積_ha":53.55,"2023面積_ha":57.24}},{"type":"Feature","geometry":{"type":"Polygon","coordinates":[[[121.77142969685336,24.792364516466048],[121.77148554820423,24.80139232280238],[121.7813756692673,24.80134100202769],[121.78131910210195,24.79231321684332],[121.77142969685336,24.792364516466048]]]},"properties":{"grid_id":"G054_046","綠地類型":"農地","中心經度":121.776403,"中心緯度":24.796853,"分析面積_km2":1.04,"2020面積_ha":77.49,"2024面積_ha":65.61,"面積減少率_pct":15.33,"2020斑塊數":1,"2024斑塊數":2,"斑塊數增加率_pct":100.0,"2020平均斑塊面積_ha":2265.39,"2024平均斑塊面積_ha":224.73,"平均斑塊面積下降率_pct":90.08,"道路切割密度_km_per_km2":9.746,"建成區邊界切割密度_km_per_km2":5.19,"孤立小斑塊比例_pct":0.0,"距大型連續綠地平均距離_m":6.6,"score_面積減少":42.66365688487584,"score_斑塊增加":78.3295711060948,"score_平均斑塊縮小":83.97291196388262,"score_道路建成區切割":71.10609480812641,"score_孤立比例":13.656884875846501,"score_距大型綠地":33.521444695259596,"綜合破碎化分數":53.9,"破碎化等級":"中","判定原因":"面積減少15.3%；斑塊增加100.0%；平均斑塊縮小90.1%；道路密度9.75 km/km²；孤立比例0.0%；距大型綠地7m","2021面積_ha":74.34,"2022面積_ha":66.33,"2023面積_ha":66.06}},{"type":"Feature","geometry":{"type":"Polygon","coordinates":[[[121.81098715158925,24.79215539814952],[121.81104586614518,24.801183118261886],[121.81956148629992,24.801136717540086],[121.8194499,24.800700000000003],[121.81945990000001,24.8001901],[121.81919,24.7988999],[121.81919020000001,24.798872299999996],[121.8192,24.79761],[121.81893,24.79606999999999],[121.8187757,24.7948473],[121.81872820000001,24.794520099999993],[121.81859700000001,24.7931754],[121.81848303048878,24.79211459329073],[121.81098715158925,24.79215539814952]]]},"properties":{"grid_id":"G054_050","綠地類型":"農地","中心經度":121.815041,"中心緯度":24.796862,"分析面積_km2":0.842,"2020面積_ha":3.87,"2024面積_ha":5.22,"面積減少率_pct":0.0,"2020斑塊數":5,"2024斑塊數":6,"斑塊數增加率_pct":20.0,"2020平均斑塊面積_ha":455.202,"2024平均斑塊面積_ha":207.12,"平均斑塊面積下降率_pct":54.5,"道路切割密度_km_per_km2":9.01,"建成區邊界切割密度_km_per_km2":1.246,"孤立小斑塊比例_pct":34.48,"距大型連續綠地平均距離_m":310.2,"score_面積減少":9.255079006772009,"score_斑塊增加":51.24153498871332,"score_平均斑塊縮小":49.43566591422122,"score_道路建成區切割":45.372460496613996,"score_孤立比例":81.7155756207675,"score_距大型綠地":75.16930022573364,"綜合破碎化分數":52.0,"破碎化等級":"中","判定原因":"面積減少0.0%；斑塊增加20.0%；平均斑塊縮小54.5%；道路密度9.01 km/km²；孤立比例34.5%；距大型綠地310m","2021面積_ha":3.96,"2022面積_ha":2.43,"2023面積_ha":4.23}},{"type":"Feature","geometry":{"type":"Polygon","coordinates":[[[121.76159540000226,24.801442989991536],[121.76165056232117,24.810470806204503],[121.77154142669403,24.81042011812981],[121.77148554820423,24.80139232280238],[121.76159540000226,24.801442989991536]]]},"properties":{"grid_id":"G055_045","綠地類型":"農地","中心經度":121.766568,"中心緯度":24.805932,"分析面積_km2":1.04,"2020面積_ha":48.69,"2024面積_ha":45.27,"面積減少率_pct":7.02,"2020斑塊數":4,"2024斑塊數":5,"斑塊數增加率_pct":25.0,"2020平均斑塊面積_ha":648.945,"2024平均斑塊面積_ha":104.778,"平均斑塊面積下降率_pct":83.85,"道路切割密度_km_per_km2":13.495,"建成區邊界切割密度_km_per_km2":4.123,"孤立小斑塊比例_pct":0.2,"距大型連續綠地平均距離_m":0.4,"score_面積減少":27.539503386004515,"score_斑塊增加":52.934537246049665,"score_平均斑塊縮小":77.65237020316027,"score_道路建成區切割":83.35214446952597,"score_孤立比例":29.571106094808126,"score_距大型綠地":21.21896162528217,"綜合破碎化分數":48.7,"破碎化等級":"中","判定原因":"面積減少7.0%；斑塊增加25.0%；平均斑塊縮小83.8%；道路密度13.49 km/km²；孤立比例0.2%；距大型綠地0m","2021面積_ha":46.8,"2022面積_ha":42.03,"2023面積_ha":47.43}},{"type":"Feature","geometry":{"type":"Polygon","coordinates":[[[121.7813756692673,24.80134100202769],[121.78143226391934,24.810368776200182],[121.79132307364922,24.810316780422735],[121.79126576284366,24.80128902767457],[121.7813756692673,24.80134100202769]]]},"properties":{"grid_id":"G055_047","綠地類型":"農地","中心經度":121.786349,"中心緯度":24.805829,"分析面積_km2":1.04,"2020面積_ha":69.03,"2024面積_ha":60.39,"面積減少率_pct":12.52,"2020斑塊數":2,"2024斑塊數":3,"斑塊數增加率_pct":50.0,"2020平均斑塊面積_ha":1278.63,"2024平均斑塊面積_ha":447.21,"平均斑塊面積下降率_pct":65.02,"道路切割密度_km_per_km2":12.024,"建成區邊界切割密度_km_per_km2":4.758,"孤立小斑塊比例_pct":0.0,"距大型連續綠地平均距離_m":2.5,"score_面積減少":39.05191873589165,"score_斑塊增加":62.75395033860045,"score_平均斑塊縮小":58.465011286681715,"score_道路建成區切割":81.03837471783297,"score_孤立比例":13.656884875846501,"score_距大型綠地":27.765237020316025,"綜合破碎化分數":47.1,"破碎化等級":"中","判定原因":"面積減少12.5%；斑塊增加50.0%；平均斑塊縮小65.0%；道路密度12.02 km/km²；孤立比例0.0%；距大型綠地2m","2021面積_ha":68.67,"2022面積_ha":61.92,"2023面積_ha":63.27}},{"type":"Feature","geometry":{"type":"Polygon","coordinates":[[[121.75175967114868,24.81052084041725],[121.75181414373988,24.81954866624033],[121.76170575143969,24.819498611408545],[121.76165056232117,24.810470806204503],[121.75175967114868,24.81052084041725]]]},"properties":{"grid_id":"G056_044","綠地類型":"農地","中心經度":121.756733,"中心緯度":24.81501,"分析面積_km2":1.04,"2020面積_ha":26.73,"2024面積_ha":20.97,"面積減少率_pct":21.55,"2020斑塊數":4,"2024斑塊數":3,"斑塊數增加率_pct":0.0,"2020平均斑塊面積_ha":83.79,"2024平均斑塊面積_ha":13.89,"平均斑塊面積下降率_pct":83.42,"道路切割密度_km_per_km2":12.687,"建成區邊界切割密度_km_per_km2":2.739,"孤立小斑塊比例_pct":0.86,"距大型連續綠地平均距離_m":175.7,"score_面積減少":53.49887133182845,"score_斑塊增加":24.040632054176072,"score_平均斑塊縮小":76.97516930022573,"score_道路建成區切割":73.75846501128669,"score_孤立比例":35.89164785553047,"score_距大型綠地":69.3002257336343,"綜合破碎化分數":55.6,"破碎化等級":"中","判定原因":"面積減少21.6%；斑塊增加0.0%；平均斑塊縮小83.4%；道路密度12.69 km/km²；孤立比例0.9%；距大型綠地176m","2021面積_ha":26.1,"2022面積_ha":5.67,"2023面積_ha":18.18}},{"type":"Feature","geometry":{"type":"Polygon","coordinates":[[[121.76165056232117,24.810470806204503],[121.76170575143969,24.819498611408545],[121.77159733233134,24.81944790244537],[121.77154142669403,24.81042011812981],[121.76165056232117,24.810470806204503]]]},"properties":{"grid_id":"G056_045","綠地類型":"農地","中心經度":121.766624,"中心緯度":24.814959,"分析面積_km2":1.04,"2020面積_ha":18.9,"2024面積_ha":12.24,"面積減少率_pct":35.24,"2020斑塊數":7,"2024斑塊數":6,"斑塊數增加率_pct":0.0,"2020平均斑塊面積_ha":12.034,"2024平均斑塊面積_ha":8.865,"平均斑塊面積下降率_pct":26.34,"道路切割密度_km_per_km2":14.302,"建成區邊界切割密度_km_per_km2":2.278,"孤立小斑塊比例_pct":11.03,"距大型連續綠地平均距離_m":213.7,"score_面積減少":69.52595936794582,"score_斑塊增加":24.040632054176072,"score_平均斑塊縮小":26.185101580135438,"score_道路建成區切割":75.05643340857787,"score_孤立比例":68.39729119638827,"score_距大型綠地":72.00902934537245,"綜合破碎化分數":55.9,"破碎化等級":"中","判定原因":"面積減少35.2%；斑塊增加0.0%；平均斑塊縮小26.3%；道路密度14.30 km/km²；孤立比例11.0%；距大型綠地214m","2021面積_ha":15.84,"2022面積_ha":8.55,"2023面積_ha":11.25}},{"type":"Feature","geometry":{"type":"Polygon","coordinates":[[[121.76170575143969,24.819498611408545],[121.76176096736638,24.82852640560069],[121.77165326512484,24.8284756757461],[121.77159733233134,24.81944790244537],[121.76170575143969,24.819498611408545]]]},"properties":{"grid_id":"G057_045","綠地類型":"農地","中心經度":121.766679,"中心緯度":24.823987,"分析面積_km2":1.04,"2020面積_ha":2.79,"2024面積_ha":6.12,"面積減少率_pct":0.0,"2020斑塊數":2,"2024斑塊數":3,"斑塊數增加率_pct":50.0,"2020平均斑塊面積_ha":18.18,"2024平均斑塊面積_ha":12.06,"平均斑塊面積下降率_pct":33.66,"道路切割密度_km_per_km2":16.58,"建成區邊界切割密度_km_per_km2":0.779,"孤立小斑塊比例_pct":1.47,"距大型連續綠地平均距離_m":63.6,"score_面積減少":9.255079006772009,"score_斑塊增加":62.75395033860045,"score_平均斑塊縮小":28.893905191873586,"score_道路建成區切割":67.60722347629797,"score_孤立比例":41.309255079006775,"score_距大型綠地":58.013544018058695,"綜合破碎化分數":44.6,"破碎化等級":"中","判定原因":"面積減少0.0%；斑塊增加50.0%；平均斑塊縮小33.7%；道路密度16.58 km/km²；孤立比例1.5%；距大型綠地64m","2021面積_ha":0.18,"2022面積_ha":0.0,"2023面積_ha":0.0}},{"type":"Feature","geometry":{"type":"Polygon","coordinates":[[[121.79138041229812,24.819344522153035],[121.79143777879918,24.828372252862508],[121.80132999401887,24.828319559847824],[121.80127191067724,24.819291850838184],[121.79138041229812,24.819344522153035]]]},"properties":{"grid_id":"G057_048","綠地類型":"農地","中心經度":121.796355,"中心緯度":24.823832,"分析面積_km2":1.04,"2020面積_ha":17.55,"2024面積_ha":11.07,"面積減少率_pct":36.92,"2020斑塊數":2,"2024斑塊數":2,"斑塊數增加率_pct":0.0,"2020平均斑塊面積_ha":209.025,"2024平均斑塊面積_ha":56.295,"平均斑塊面積下降率_pct":73.07,"道路切割密度_km_per_km2":9.054,"建成區邊界切割密度_km_per_km2":1.24,"孤立小斑塊比例_pct":0.0,"距大型連續綠地平均距離_m":81.8,"score_面積減少":72.23476297968398,"score_斑塊增加":24.040632054176072,"score_平均斑塊縮小":67.04288939051919,"score_道路建成區切割":45.42889390519188,"score_孤立比例":13.656884875846501,"score_距大型綠地":60.722347629796836,"綜合破碎化分數":47.2,"破碎化等級":"中","判定原因":"面積減少36.9%；斑塊增加0.0%；平均斑塊縮小73.1%；道路密度9.05 km/km²；孤立比例0.0%；距大型綠地82m","2021面積_ha":12.87,"2022面積_ha":7.02,"2023面積_ha":12.24}},{"type":"Feature","geometry":{"type":"Polygon","coordinates":[[[121.80127191067724,24.819291850838184],[121.80132999401887,24.828319559847824],[121.81122218102942,24.82826621246091],[121.8111633808562,24.819238525420563],[121.80127191067724,24.819291850838184]]]},"properties":{"grid_id":"G057_049","綠地類型":"農地","中心經度":121.806247,"中心緯度":24.823779,"分析面積_km2":1.04,"2020面積_ha":0.0,"2024面積_ha":0.09,"面積減少率_pct":0.0,"2020斑塊數":0,"2024斑塊數":1,"斑塊數增加率_pct":100.0,"2020平均斑塊面積_ha":0.0,"2024平均斑塊面積_ha":0.09,"平均斑塊面積下降率_pct":0.0,"道路切割密度_km_per_km2":9.775,"建成區邊界切割密度_km_per_km2":0.029,"孤立小斑塊比例_pct":100.0,"距大型連續綠地平均距離_m":844.8,"score_面積減少":9.255079006772009,"score_斑塊增加":78.3295711060948,"score_平均斑塊縮小":8.91647855530474,"score_道路建成區切割":33.57787810383747,"score_孤立比例":93.56659142212189,"score_距大型綠地":87.81038374717834,"綜合破碎化分數":51.9,"破碎化等級":"中","判定原因":"面積減少0.0%；斑塊增加100.0%；平均斑塊縮小0.0%；道路密度9.78 km/km²；孤立比例100.0%；距大型綠地845m","2021面積_ha":0.0,"2022面積_ha":0.0,"2023面積_ha":0.0}},{"type":"Feature","geometry":{"type":"Polygon","coordinates":[[[121.8111633808562,24.819238525420563],[121.81122218102942,24.82826621246091],[121.82111433948272,24.828212210709143],[121.82105482248701,24.819184545907547],[121.8111633808562,24.819238525420563]]]},"properties":{"grid_id":"G057_050","綠地類型":"農地","中心經度":121.816139,"中心緯度":24.823725,"分析面積_km2":1.04,"2020面積_ha":0.9,"2024面積_ha":1.71,"面積減少率_pct":0.0,"2020斑塊數":2,"2024斑塊數":3,"斑塊數增加率_pct":50.0,"2020平均斑塊面積_ha":0.45,"2024平均斑塊面積_ha":0.57,"平均斑塊面積下降率_pct":0.0,"道路切割密度_km_per_km2":11.88,"建成區邊界切割密度_km_per_km2":0.404,"孤立小斑塊比例_pct":100.0,"距大型連續綠地平均距離_m":882.7,"score_面積減少":9.255079006772009,"score_斑塊增加":62.75395033860045,"score_平均斑塊縮小":8.91647855530474,"score_道路建成區切割":52.42663656884876,"score_孤立比例":93.56659142212189,"score_距大型綠地":88.03611738148985,"綜合破碎化分數":52.5,"破碎化等級":"中","判定原因":"面積減少0.0%；斑塊增加50.0%；平均斑塊縮小0.0%；道路密度11.88 km/km²；孤立比例100.0%；距大型綠地883m","2021面積_ha":1.62,"2022面積_ha":1.44,"2023面積_ha":1.71}},{"type":"Feature","geometry":{"type":"Polygon","coordinates":[[[121.79143777879918,24.828372252862508],[121.79149517316127,24.837399972548173],[121.80138810556963,24.837347257830604],[121.80132999401887,24.828319559847824],[121.79143777879918,24.828372252862508]]]},"properties":{"grid_id":"G058_048","綠地類型":"農地","中心經度":121.796413,"中心緯度":24.83286,"分析面積_km2":1.04,"2020面積_ha":73.53,"2024面積_ha":68.49,"面積減少率_pct":6.85,"2020斑塊數":1,"2024斑塊數":2,"斑塊數增加率_pct":100.0,"2020平均斑塊面積_ha":126.18,"2024平均斑塊面積_ha":55.17,"平均斑塊面積下降率_pct":56.28,"道路切割密度_km_per_km2":12.14,"建成區邊界切割密度_km_per_km2":3.95,"孤立小斑塊比例_pct":2.63,"距大型連續綠地平均距離_m":3.2,"score_面積減少":26.86230248306998,"score_斑塊增加":78.3295711060948,"score_平均斑塊縮小":50.79006772009029,"score_道路建成區切割":76.69300225733633,"score_孤立比例":46.50112866817156,"score_距大型綠地":29.232505643340858,"綜合破碎化分數":51.4,"破碎化等級":"中","判定原因":"面積減少6.8%；斑塊增加100.0%；平均斑塊縮小56.3%；道路密度12.14 km/km²；孤立比例2.6%；距大型綠地3m","2021面積_ha":71.28,"2022面積_ha":65.34,"2023面積_ha":69.03}},{"type":"Feature","geometry":{"type":"Polygon","coordinates":[[[121.80132999401887,24.828319559847824],[121.80138810556963,24.837347257830604],[121.81128100975985,24.8372938884713],[121.81122218102942,24.82826621246091],[121.80132999401887,24.828319559847824]]]},"properties":{"grid_id":"G058_049","綠地類型":"農地","中心經度":121.806305,"中心緯度":24.832807,"分析面積_km2":1.04,"2020面積_ha":18.81,"2024面積_ha":17.28,"面積減少率_pct":8.13,"2020斑塊數":3,"2024斑塊數":4,"斑塊數增加率_pct":33.33,"2020平均斑塊面積_ha":44.43,"2024平均斑塊面積_ha":29.205,"平均斑塊面積下降率_pct":34.27,"道路切割密度_km_per_km2":9.141,"建成區邊界切割密度_km_per_km2":1.701,"孤立小斑塊比例_pct":6.77,"距大型連續綠地平均距離_m":96.8,"score_面積減少":29.571106094808126,"score_斑塊增加":55.86907449209932,"score_平均斑塊縮小":29.79683972911964,"score_道路建成區切割":48.9841986455982,"score_孤立比例":60.94808126410835,"score_距大型綠地":63.6568848758465,"綜合破碎化分數":48.1,"破碎化等級":"中","判定原因":"面積減少8.1%；斑塊增加33.3%；平均斑塊縮小34.3%；道路密度9.14 km/km²；孤立比例6.8%；距大型綠地97m","2021面積_ha":17.64,"2022面積_ha":16.2,"2023面積_ha":17.19}},{"type":"Feature","geometry":{"type":"Polygon","coordinates":[[[121.82129306393867,24.85529513890353],[121.82135269661092,24.864322759554934],[121.83124769689415,24.864268013381245],[121.83118734601558,24.855240415250737],[121.82129306393867,24.85529513890353]]]},"properties":{"grid_id":"G061_051","綠地類型":"農地","中心經度":121.82627,"中心緯度":24.859782,"分析面積_km2":1.04,"2020面積_ha":0.18,"2024面積_ha":0.0,"面積減少率_pct":100.0,"2020斑塊數":2,"2024斑塊數":0,"斑塊數增加率_pct":0.0,"2020平均斑塊面積_ha":0.09,"2024平均斑塊面積_ha":0.0,"平均斑塊面積下降率_pct":100.0,"道路切割密度_km_per_km2":20.617,"建成區邊界切割密度_km_per_km2":0.0,"孤立小斑塊比例_pct":0.0,"距大型連續綠地平均距離_m":0.0,"score_面積減少":97.62979683972912,"score_斑塊增加":24.040632054176072,"score_平均斑塊縮小":97.62979683972912,"score_道路建成區切割":52.70880361173815,"score_孤立比例":13.656884875846501,"score_距大型綠地":8.803611738148984,"綜合破碎化分數":49.1,"破碎化等級":"中","判定原因":"面積減少100.0%；斑塊增加0.0%；平均斑塊縮小100.0%；道路密度20.62 km/km²；孤立比例0.0%；距大型綠地0m","2021面積_ha":0.09,"2022面積_ha":0.0,"2023面積_ha":0.0}}]}