{"type":"FeatureCollection","features":[{"type":"Feature","geometry":{"type":"Polygon","coordinates":[[[121.35498293895296,24.414724299683595],[121.35500819707242,24.423753207044875],[121.36486938128515,24.423729753804004],[121.36484342159967,24.414700856221614],[121.35498293895296,24.414724299683595]]]},"properties":{"grid_id":"G012_004","綠地類型":"農地","中心經度":121.359926,"中心緯度":24.419227,"分析面積_km2":1.04,"2020面積_ha":0.0,"2024面積_ha":2.43,"面積減少率_pct":0.0,"2020斑塊數":0,"2024斑塊數":1,"斑塊數增加率_pct":100.0,"2020平均斑塊面積_ha":0.0,"2024平均斑塊面積_ha":20.16,"平均斑塊面積下降率_pct":0.0,"道路切割密度_km_per_km2":1.211,"建成區邊界切割密度_km_per_km2":0.029,"孤立小斑塊比例_pct":0.0,"距大型連續綠地平均距離_m":0.0,"score_面積減少":9.255079006772009,"score_斑塊增加":78.3295711060948,"score_平均斑塊縮小":8.91647855530474,"score_道路建成區切割":7.7878103837471775,"score_孤立比例":13.656884875846501,"score_距大型綠地":8.803611738148984,"綜合破碎化分數":21.1,"破碎化等級":"低","判定原因":"面積減少0.0%；斑塊增加100.0%；平均斑塊縮小0.0%；道路密度1.21 km/km²；孤立比例0.0%；距大型綠地0m","2021面積_ha":1.08,"2022面積_ha":2.97,"2023面積_ha":3.42}},{"type":"Feature","geometry":{"type":"Polygon","coordinates":[[[121.36484342159967,24.414700856221614],[121.36486938128515,24.423729753804004],[121.3747305527917,24.423705658049567],[121.37470389154421,24.414676770513953],[121.36484342159967,24.414700856221614]]]},"properties":{"grid_id":"G012_005","綠地類型":"農地","中心經度":121.369787,"中心緯度":24.419203,"分析面積_km2":1.04,"2020面積_ha":26.01,"2024面積_ha":24.84,"面積減少率_pct":4.5,"2020斑塊數":4,"2024斑塊數":4,"斑塊數增加率_pct":0.0,"2020平均斑塊面積_ha":37.35,"2024平均斑塊面積_ha":12.69,"平均斑塊面積下降率_pct":66.02,"道路切割密度_km_per_km2":8.333,"建成區邊界切割密度_km_per_km2":0.634,"孤立小斑塊比例_pct":3.99,"距大型連續綠地平均距離_m":6.4,"score_面積減少":23.024830699774267,"score_斑塊增加":24.040632054176072,"score_平均斑塊縮小":59.14221218961625,"score_道路建成區切割":37.41534988713319,"score_孤立比例":54.06320541760722,"score_距大型綠地":33.182844243792324,"綜合破碎化分數":38.5,"破碎化等級":"低","判定原因":"面積減少4.5%；斑塊增加0.0%；平均斑塊縮小66.0%；道路密度8.33 km/km²；孤立比例4.0%；距大型綠地6m","2021面積_ha":21.87,"2022面積_ha":27.81,"2023面積_ha":35.19}},{"type":"Feature","geometry":{"type":"Polygon","coordinates":[[[121.3747305527917,24.423705658049567],[121.37475722708876,24.432734534787816],[121.38461908744709,24.43270978620702],[121.3845917112487,24.423680919784868],[121.3747305527917,24.423705658049567]]]},"properties":{"grid_id":"G013_006","綠地類型":"農地","中心經度":121.379675,"中心緯度":24.428208,"分析面積_km2":1.04,"2020面積_ha":57.87,"2024面積_ha":45.99,"面積減少率_pct":20.53,"2020斑塊數":3,"2024斑塊數":1,"斑塊數增加率_pct":0.0,"2020平均斑塊面積_ha":49.44,"2024平均斑塊面積_ha":72.9,"平均斑塊面積下降率_pct":0.0,"道路切割密度_km_per_km2":10.727,"建成區邊界切割密度_km_per_km2":0.923,"孤立小斑塊比例_pct":0.0,"距大型連續綠地平均距離_m":0.0,"score_面積減少":52.370203160270876,"score_斑塊增加":24.040632054176072,"score_平均斑塊縮小":8.91647855530474,"score_道路建成區切割":52.76523702031602,"score_孤立比例":13.656884875846501,"score_距大型綠地":8.803611738148984,"綜合破碎化分數":26.8,"破碎化等級":"低","判定原因":"面積減少20.5%；斑塊增加0.0%；平均斑塊縮小0.0%；道路密度10.73 km/km²；孤立比例0.0%；距大型綠地0m","2021面積_ha":56.61,"2022面積_ha":57.42,"2023面積_ha":51.39}},{"type":"Feature","geometry":{"type":"Polygon","coordinates":[[[121.74944226249194,24.422313957735327],[121.74949560518088,24.431342254127102],[121.7593567150117,24.43129308331349],[121.7593026706566,24.422264807417424],[121.74944226249194,24.422313957735327]]]},"properties":{"grid_id":"G013_044","綠地類型":"農地","中心經度":121.754399,"中心緯度":24.426804,"分析面積_km2":1.04,"2020面積_ha":0.81,"2024面積_ha":0.0,"面積減少率_pct":100.0,"2020斑塊數":3,"2024斑塊數":0,"斑塊數增加率_pct":0.0,"2020平均斑塊面積_ha":0.27,"2024平均斑塊面積_ha":0.0,"平均斑塊面積下降率_pct":100.0,"道路切割密度_km_per_km2":3.806,"建成區邊界切割密度_km_per_km2":0.0,"孤立小斑塊比例_pct":0.0,"距大型連續綠地平均距離_m":0.0,"score_面積減少":97.62979683972912,"score_斑塊增加":24.040632054176072,"score_平均斑塊縮小":97.62979683972912,"score_道路建成區切割":8.182844243792324,"score_孤立比例":13.656884875846501,"score_距大型綠地":8.803611738148984,"綜合破碎化分數":41.7,"破碎化等級":"低","判定原因":"面積減少100.0%；斑塊增加0.0%；平均斑塊縮小100.0%；道路密度3.81 km/km²；孤立比例0.0%；距大型綠地0m","2021面積_ha":0.36,"2022面積_ha":0.45,"2023面積_ha":0.0}},{"type":"Feature","geometry":{"type":"Polygon","coordinates":[[[121.36489535367681,24.43275864059042],[121.36492133877861,24.441787516577904],[121.37478391443949,24.441763400725733],[121.37475722708876,24.432734534787816],[121.36489535367681,24.43275864059042]]]},"properties":{"grid_id":"G014_005","綠地類型":"農地","中心經度":121.369839,"中心緯度":24.437261,"分析面積_km2":1.04,"2020面積_ha":0.72,"2024面積_ha":0.72,"面積減少率_pct":0.0,"2020斑塊數":1,"2024斑塊數":1,"斑塊數增加率_pct":0.0,"2020平均斑塊面積_ha":147.6,"2024平均斑塊面積_ha":72.9,"平均斑塊面積下降率_pct":50.61,"道路切割密度_km_per_km2":0.75,"建成區邊界切割密度_km_per_km2":0.0,"孤立小斑塊比例_pct":0.0,"距大型連續綠地平均距離_m":0.0,"score_面積減少":9.255079006772009,"score_斑塊增加":24.040632054176072,"score_平均斑塊縮小":44.46952595936794,"score_道路建成區切割":3.724604966139955,"score_孤立比例":13.656884875846501,"score_距大型綠地":8.803611738148984,"綜合破碎化分數":17.3,"破碎化等級":"低","判定原因":"面積減少0.0%；斑塊增加0.0%；平均斑塊縮小50.6%；道路密度0.75 km/km²；孤立比例0.0%；距大型綠地0m","2021面積_ha":0.63,"2022面積_ha":0.72,"2023面積_ha":0.72}},{"type":"Feature","geometry":{"type":"Polygon","coordinates":[[[121.38461908744709,24.43270978620702],[121.3846464770426,24.441738641827417],[121.39450902624438,24.44171323988637],[121.39448093440828,24.432684394851464],[121.38461908744709,24.43270978620702]]]},"properties":{"grid_id":"G014_007","綠地類型":"農地","中心經度":121.389564,"中心緯度":24.437212,"分析面積_km2":1.04,"2020面積_ha":4.77,"2024面積_ha":4.86,"面積減少率_pct":0.0,"2020斑塊數":5,"2024斑塊數":4,"斑塊數增加率_pct":0.0,"2020平均斑塊面積_ha":1.998,"2024平均斑塊面積_ha":1.282,"平均斑塊面積下降率_pct":35.81,"道路切割密度_km_per_km2":5.334,"建成區邊界切割密度_km_per_km2":0.0,"孤立小斑塊比例_pct":55.56,"距大型連續綠地平均距離_m":472.2,"score_面積減少":9.255079006772009,"score_斑塊增加":24.040632054176072,"score_平均斑塊縮小":30.474040632054177,"score_道路建成區切割":12.471783295711061,"score_孤立比例":85.32731376975168,"score_距大型綠地":80.1354401805869,"綜合破碎化分數":40.3,"破碎化等級":"低","判定原因":"面積減少0.0%；斑塊增加0.0%；平均斑塊縮小35.8%；道路密度5.33 km/km²；孤立比例55.6%；距大型綠地472m","2021面積_ha":0.63,"2022面積_ha":13.14,"2023面積_ha":9.99}},{"type":"Feature","geometry":{"type":"Polygon","coordinates":[[[121.78893988445044,24.431141715423436],[121.78899606123072,24.440169917333243],[121.79885776519035,24.440118154673343],[121.79880088643435,24.43108997433353],[121.78893988445044,24.431141715423436]]]},"properties":{"grid_id":"G014_048","綠地類型":"農地","中心經度":121.793899,"中心緯度":24.43563,"分析面積_km2":1.04,"2020面積_ha":1.71,"2024面積_ha":1.26,"面積減少率_pct":26.32,"2020斑塊數":1,"2024斑塊數":1,"斑塊數增加率_pct":0.0,"2020平均斑塊面積_ha":26.91,"2024平均斑塊面積_ha":9.63,"平均斑塊面積下降率_pct":64.21,"道路切割密度_km_per_km2":3.374,"建成區邊界切割密度_km_per_km2":0.0,"孤立小斑塊比例_pct":0.0,"距大型連續綠地平均距離_m":1384.0,"score_面積減少":59.36794582392777,"score_斑塊增加":24.040632054176072,"score_平均斑塊縮小":57.33634311512416,"score_道路建成區切割":6.941309255079006,"score_孤立比例":13.656884875846501,"score_距大型綠地":93.67945823927766,"綜合破碎化分數":42.5,"破碎化等級":"低","判定原因":"面積減少26.3%；斑塊增加0.0%；平均斑塊縮小64.2%；道路密度3.37 km/km²；孤立比例0.0%；距大型綠地1384m","2021面積_ha":1.62,"2022面積_ha":0.27,"2023面積_ha":1.17}},{"type":"Feature","geometry":{"type":"Polygon","coordinates":[[[121.37478391443949,24.441763400725733],[121.3748106148479,24.45079225586036],[121.38467388003941,24.45076748664309],[121.3846464770426,24.441738641827417],[121.37478391443949,24.441763400725733]]]},"properties":{"grid_id":"G015_006","綠地類型":"農地","中心經度":121.379729,"中心緯度":24.446266,"分析面積_km2":1.04,"2020面積_ha":5.94,"2024面積_ha":2.34,"面積減少率_pct":60.61,"2020斑塊數":4,"2024斑塊數":1,"斑塊數增加率_pct":0.0,"2020平均斑塊面積_ha":3.938,"2024平均斑塊面積_ha":11.07,"平均斑塊面積下降率_pct":0.0,"道路切割密度_km_per_km2":4.527,"建成區邊界切割密度_km_per_km2":0.0,"孤立小斑塊比例_pct":0.0,"距大型連續綠地平均距離_m":0.0,"score_面積減少":86.23024830699775,"score_斑塊增加":24.040632054176072,"score_平均斑塊縮小":8.91647855530474,"score_道路建成區切割":9.932279909706546,"score_孤立比例":13.656884875846501,"score_距大型綠地":8.803611738148984,"綜合破碎化分數":25.3,"破碎化等級":"低","判定原因":"面積減少60.6%；斑塊增加0.0%；平均斑塊縮小0.0%；道路密度4.53 km/km²；孤立比例0.0%；距大型綠地0m","2021面積_ha":5.49,"2022面積_ha":2.43,"2023面積_ha":4.68}},{"type":"Feature","geometry":{"type":"Polygon","coordinates":[[[121.3846464770426,24.441738641827417],[121.38467388003941,24.45076748664309],[121.3945371318254,24.45074207411509],[121.39450902624438,24.44171323988637],[121.3846464770426,24.441738641827417]]]},"properties":{"grid_id":"G015_007","綠地類型":"農地","中心經度":121.389592,"中心緯度":24.44624,"分析面積_km2":1.04,"2020面積_ha":13.95,"2024面積_ha":13.77,"面積減少率_pct":1.29,"2020斑塊數":6,"2024斑塊數":5,"斑塊數增加率_pct":0.0,"2020平均斑塊面積_ha":4.89,"2024平均斑塊面積_ha":6.192,"平均斑塊面積下降率_pct":0.0,"道路切割密度_km_per_km2":10.957,"建成區邊界切割密度_km_per_km2":0.029,"孤立小斑塊比例_pct":5.23,"距大型連續綠地平均距離_m":28.5,"score_面積減少":18.961625282167045,"score_斑塊增加":24.040632054176072,"score_平均斑塊縮小":8.91647855530474,"score_道路建成區切割":40.237020316027085,"score_孤立比例":58.465011286681715,"score_距大型綠地":46.72686230248307,"綜合破碎化分數":32.9,"破碎化等級":"低","判定原因":"面積減少1.3%；斑塊增加0.0%；平均斑塊縮小0.0%；道路密度10.96 km/km²；孤立比例5.2%；距大型綠地28m","2021面積_ha":15.39,"2022面積_ha":33.3,"2023面積_ha":26.28}},{"type":"Feature","geometry":{"type":"Polygon","coordinates":[[[121.39450902624438,24.44171323988637],[121.3945371318254,24.45074207411509],[121.40440036986217,24.450716018279856],[121.40437156170125,24.441687194906088],[121.39450902624438,24.44171323988637]]]},"properties":{"grid_id":"G015_008","綠地類型":"農地","中心經度":121.399455,"中心緯度":24.446215,"分析面積_km2":1.04,"2020面積_ha":3.78,"2024面積_ha":5.58,"面積減少率_pct":0.0,"2020斑塊數":2,"2024斑塊數":3,"斑塊數增加率_pct":50.0,"2020平均斑塊面積_ha":2.295,"2024平均斑塊面積_ha":5.97,"平均斑塊面積下降率_pct":0.0,"道路切割密度_km_per_km2":3.258,"建成區邊界切割密度_km_per_km2":0.0,"孤立小斑塊比例_pct":22.58,"距大型連續綠地平均距離_m":31.5,"score_面積減少":9.255079006772009,"score_斑塊增加":62.75395033860045,"score_平均斑塊縮小":8.91647855530474,"score_道路建成區切割":6.5462753950338595,"score_孤立比例":79.68397291196389,"score_距大型綠地":48.75846501128668,"綜合破碎化分數":36.0,"破碎化等級":"低","判定原因":"面積減少0.0%；斑塊增加50.0%；平均斑塊縮小0.0%；道路密度3.26 km/km²；孤立比例22.6%；距大型綠地32m","2021面積_ha":3.42,"2022面積_ha":7.92,"2023面積_ha":7.65}},{"type":"Feature","geometry":{"type":"Polygon","coordinates":[[[121.3748106148479,24.45079225586036],[121.37483732831818,24.459821100188737],[121.38470129644179,24.459796320651087],[121.38467388003941,24.45076748664309],[121.3748106148479,24.45079225586036]]]},"properties":{"grid_id":"G016_006","綠地類型":"農地","中心經度":121.379756,"中心緯度":24.455294,"分析面積_km2":1.04,"2020面積_ha":26.46,"2024面積_ha":19.35,"面積減少率_pct":26.87,"2020斑塊數":4,"2024斑塊數":4,"斑塊數增加率_pct":0.0,"2020平均斑塊面積_ha":8.19,"2024平均斑塊面積_ha":6.277,"平均斑塊面積下降率_pct":23.35,"道路切割密度_km_per_km2":6.142,"建成區邊界切割密度_km_per_km2":0.721,"孤立小斑塊比例_pct":1.4,"距大型連續綠地平均距離_m":163.1,"score_面積減少":61.17381489841986,"score_斑塊增加":24.040632054176072,"score_平均斑塊縮小":25.28216704288939,"score_道路建成區切割":30.981941309255077,"score_孤立比例":40.293453724604966,"score_距大型綠地":68.17155756207674,"綜合破碎化分數":41.7,"破碎化等級":"低","判定原因":"面積減少26.9%；斑塊增加0.0%；平均斑塊縮小23.4%；道路密度6.14 km/km²；孤立比例1.4%；距大型綠地163m","2021面積_ha":25.56,"2022面積_ha":21.33,"2023面積_ha":26.46}},{"type":"Feature","geometry":{"type":"Polygon","coordinates":[[[121.7989146717751,24.44914632411502],[121.7989716061973,24.458174482655544],[121.80883468729255,24.458122033491577],[121.80877705021643,24.449093896794942],[121.7989146717751,24.44914632411502]]]},"properties":{"grid_id":"G016_049","綠地類型":"農地","中心經度":121.803875,"中心緯度":24.453634,"分析面積_km2":1.04,"2020面積_ha":63.63,"2024面積_ha":56.97,"面積減少率_pct":10.47,"2020斑塊數":1,"2024斑塊數":1,"斑塊數增加率_pct":0.0,"2020平均斑塊面積_ha":177.03,"2024平均斑塊面積_ha":117.18,"平均斑塊面積下降率_pct":33.81,"道路切割密度_km_per_km2":10.323,"建成區邊界切割密度_km_per_km2":2.22,"孤立小斑塊比例_pct":0.0,"距大型連續綠地平均距離_m":0.0,"score_面積減少":34.31151241534989,"score_斑塊增加":24.040632054176072,"score_平均斑塊縮小":29.345372460496616,"score_道路建成區切割":58.29571106094808,"score_孤立比例":13.656884875846501,"score_距大型綠地":8.803611738148984,"綜合破碎化分數":28.1,"破碎化等級":"低","判定原因":"面積減少10.5%；斑塊增加0.0%；平均斑塊縮小33.8%；道路密度10.32 km/km²；孤立比例0.0%；距大型綠地0m","2021面積_ha":66.42,"2022面積_ha":56.16,"2023面積_ha":62.73}},{"type":"Feature","geometry":{"type":"Polygon","coordinates":[[[121.37483732831818,24.459821100188737],[121.3748640548544,24.468849933707897],[121.38472872625385,24.468825143848438],[121.38470129644179,24.459796320651087],[121.37483732831818,24.459821100188737]]]},"properties":{"grid_id":"G017_006","綠地類型":"農地","中心經度":121.379783,"中心緯度":24.464323,"分析面積_km2":1.04,"2020面積_ha":0.45,"2024面積_ha":0.45,"面積減少率_pct":0.0,"2020斑塊數":1,"2024斑塊數":1,"斑塊數增加率_pct":0.0,"2020平均斑塊面積_ha":9.99,"2024平均斑塊面積_ha":10.26,"平均斑塊面積下降率_pct":0.0,"道路切割密度_km_per_km2":0.26,"建成區邊界切割密度_km_per_km2":0.058,"孤立小斑塊比例_pct":0.0,"距大型連續綠地平均距離_m":0.0,"score_面積減少":9.255079006772009,"score_斑塊增加":24.040632054176072,"score_平均斑塊縮小":8.91647855530474,"score_道路建成區切割":8.408577878103836,"score_孤立比例":13.656884875846501,"score_距大型綠地":8.803611738148984,"綜合破碎化分數":12.2,"破碎化等級":"低","判定原因":"面積減少0.0%；斑塊增加0.0%；平均斑塊縮小0.0%；道路密度0.26 km/km²；孤立比例0.0%；距大型綠地0m","2021面積_ha":0.27,"2022面積_ha":0.36,"2023面積_ha":0.45}},{"type":"Feature","geometry":{"type":"Polygon","coordinates":[[[121.38470129644179,24.459796320651087],[121.38472872625385,24.468825143848438],[121.39459338423943,24.46879971014213],[121.39456525115564,24.459770897534668],[121.38470129644179,24.459796320651087]]]},"properties":{"grid_id":"G017_007","綠地類型":"農地","中心經度":121.389647,"中心緯度":24.464298,"分析面積_km2":1.04,"2020面積_ha":9.18,"2024面積_ha":11.88,"面積減少率_pct":0.0,"2020斑塊數":5,"2024斑塊數":6,"斑塊數增加率_pct":20.0,"2020平均斑塊面積_ha":3.618,"2024平均斑塊面積_ha":3.435,"平均斑塊面積下降率_pct":5.06,"道路切割密度_km_per_km2":3.345,"建成區邊界切割密度_km_per_km2":0.144,"孤立小斑塊比例_pct":10.61,"距大型連續綠地平均距離_m":158.8,"score_面積減少":9.255079006772009,"score_斑塊增加":51.24153498871332,"score_平均斑塊縮小":19.63882618510158,"score_道路建成區切割":14.221218961625283,"score_孤立比例":67.94582392776523,"score_距大型綠地":67.49435665914221,"綜合破碎化分數":38.3,"破碎化等級":"低","判定原因":"面積減少0.0%；斑塊增加20.0%；平均斑塊縮小5.1%；道路密度3.35 km/km²；孤立比例10.6%；距大型綠地159m","2021面積_ha":8.01,"2022面積_ha":10.08,"2023面積_ha":13.23}},{"type":"Feature","geometry":{"type":"Polygon","coordinates":[[[121.39456525115564,24.459770897534668],[121.39459338423943,24.46879971014213],[121.4044580284671,24.468773632592484],[121.40442919211597,24.45974483084298],[121.39456525115564,24.459770897534668]]]},"properties":{"grid_id":"G017_008","綠地類型":"農地","中心經度":121.399511,"中心緯度":24.464272,"分析面積_km2":1.04,"2020面積_ha":33.75,"2024面積_ha":34.2,"面積減少率_pct":0.0,"2020斑塊數":7,"2024斑塊數":4,"斑塊數增加率_pct":0.0,"2020平均斑塊面積_ha":9.99,"2024平均斑塊面積_ha":12.51,"平均斑塊面積下降率_pct":0.0,"道路切割密度_km_per_km2":7.872,"建成區邊界切割密度_km_per_km2":0.721,"孤立小斑塊比例_pct":3.16,"距大型連續綠地平均距離_m":37.9,"score_面積減少":9.255079006772009,"score_斑塊增加":24.040632054176072,"score_平均斑塊縮小":8.91647855530474,"score_道路建成區切割":36.738148984198645,"score_孤立比例":49.20993227990971,"score_距大型綠地":51.46726862302483,"綜合破碎化分數":29.9,"破碎化等級":"低","判定原因":"面積減少0.0%；斑塊增加0.0%；平均斑塊縮小0.0%；道路密度7.87 km/km²；孤立比例3.2%；距大型綠地38m","2021面積_ha":27.18,"2022面積_ha":38.61,"2023面積_ha":43.83}},{"type":"Feature","geometry":{"type":"Polygon","coordinates":[[[121.40442919211597,24.45974483084298],[121.4044580284671,24.468773632592484],[121.41432265859305,24.468746911203084],[121.41429311897896,24.459718120579613],[121.40442919211597,24.45974483084298]]]},"properties":{"grid_id":"G017_009","綠地類型":"農地","中心經度":121.409376,"中心緯度":24.464246,"分析面積_km2":1.04,"2020面積_ha":8.73,"2024面積_ha":4.77,"面積減少率_pct":45.36,"2020斑塊數":3,"2024斑塊數":2,"斑塊數增加率_pct":0.0,"2020平均斑塊面積_ha":20.28,"2024平均斑塊面積_ha":26.28,"平均斑塊面積下降率_pct":0.0,"道路切割密度_km_per_km2":6.92,"建成區邊界切割密度_km_per_km2":0.49,"孤立小斑塊比例_pct":0.0,"距大型連續綠地平均距離_m":24.2,"score_面積減少":78.55530474040631,"score_斑塊增加":24.040632054176072,"score_平均斑塊縮小":8.91647855530474,"score_道路建成區切割":31.32054176072235,"score_孤立比例":13.656884875846501,"score_距大型綠地":45.82392776523702,"綜合破碎化分數":33.7,"破碎化等級":"低","判定原因":"面積減少45.4%；斑塊增加0.0%；平均斑塊縮小0.0%；道路密度6.92 km/km²；孤立比例0.0%；距大型綠地24m","2021面積_ha":4.32,"2022面積_ha":9.63,"2023面積_ha":3.06}},{"type":"Feature","geometry":{"type":"Polygon","coordinates":[[[121.38472872625385,24.468825143848438],[121.38475616947991,24.477853956232185],[121.39462153108104,24.47782851193453],[121.39459338423943,24.46879971014213],[121.38472872625385,24.468825143848438]]]},"properties":{"grid_id":"G018_007","綠地類型":"農地","中心經度":121.389675,"中心緯度":24.473327,"分析面積_km2":1.04,"2020面積_ha":0.09,"2024面積_ha":0.0,"面積減少率_pct":100.0,"2020斑塊數":1,"2024斑塊數":0,"斑塊數增加率_pct":0.0,"2020平均斑塊面積_ha":0.09,"2024平均斑塊面積_ha":0.0,"平均斑塊面積下降率_pct":100.0,"道路切割密度_km_per_km2":1.355,"建成區邊界切割密度_km_per_km2":0.0,"孤立小斑塊比例_pct":0.0,"距大型連續綠地平均距離_m":0.0,"score_面積減少":97.62979683972912,"score_斑塊增加":24.040632054176072,"score_平均斑塊縮小":97.62979683972912,"score_道路建成區切割":4.45823927765237,"score_孤立比例":13.656884875846501,"score_距大型綠地":8.803611738148984,"綜合破碎化分數":41.0,"破碎化等級":"低","判定原因":"面積減少100.0%；斑塊增加0.0%；平均斑塊縮小100.0%；道路密度1.35 km/km²；孤立比例0.0%；距大型綠地0m","2021面積_ha":0.0,"2022面積_ha":0.0,"2023面積_ha":0.09}},{"type":"Feature","geometry":{"type":"Polygon","coordinates":[[[121.39459338423943,24.46879971014213],[121.39462153108104,24.47782851193453],[121.40448687892001,24.477802423525414],[121.4044580284671,24.468773632592484],[121.39459338423943,24.46879971014213]]]},"properties":{"grid_id":"G018_008","綠地類型":"農地","中心經度":121.39954,"中心緯度":24.473301,"分析面積_km2":1.04,"2020面積_ha":12.15,"2024面積_ha":11.34,"面積減少率_pct":6.67,"2020斑塊數":1,"2024斑塊數":1,"斑塊數增加率_pct":0.0,"2020平均斑塊面積_ha":60.57,"2024平均斑塊面積_ha":42.66,"平均斑塊面積下降率_pct":29.57,"道路切割密度_km_per_km2":2.249,"建成區邊界切割密度_km_per_km2":0.029,"孤立小斑塊比例_pct":0.0,"距大型連續綠地平均距離_m":0.0,"score_面積減少":26.52370203160271,"score_斑塊增加":24.040632054176072,"score_平均斑塊縮小":27.765237020316025,"score_道路建成區切割":8.972911963882618,"score_孤立比例":13.656884875846501,"score_距大型綠地":8.803611738148984,"綜合破碎化分數":18.3,"破碎化等級":"低","判定原因":"面積減少6.7%；斑塊增加0.0%；平均斑塊縮小29.6%；道路密度2.25 km/km²；孤立比例0.0%；距大型綠地0m","2021面積_ha":12.42,"2022面積_ha":11.16,"2023面積_ha":11.88}},{"type":"Feature","geometry":{"type":"Polygon","coordinates":[[[121.41438178116276,24.486804459992715],[121.41441136412742,24.49583321815296],[121.4242780916468,24.495805818735718],[121.42424780439164,24.486777071974327],[121.41438178116276,24.486804459992715]]]},"properties":{"grid_id":"G020_010","綠地類型":"農地","中心經度":121.41933,"中心緯度":24.491305,"分析面積_km2":1.04,"2020面積_ha":6.21,"2024面積_ha":7.11,"面積減少率_pct":0.0,"2020斑塊數":3,"2024斑塊數":4,"斑塊數增加率_pct":33.33,"2020平均斑塊面積_ha":2.07,"2024平均斑塊面積_ha":2.025,"平均斑塊面積下降率_pct":2.17,"道路切割密度_km_per_km2":1.903,"建成區邊界切割密度_km_per_km2":0.0,"孤立小斑塊比例_pct":10.13,"距大型連續綠地平均距離_m":3151.2,"score_面積減少":9.255079006772009,"score_斑塊增加":55.86907449209932,"score_平均斑塊縮小":18.735891647855528,"score_道路建成區切割":4.853273137697517,"score_孤立比例":67.2686230248307,"score_距大型綠地":96.83972911963883,"綜合破碎化分數":42.1,"破碎化等級":"低","判定原因":"面積減少0.0%；斑塊增加33.3%；平均斑塊縮小2.2%；道路密度1.90 km/km²；孤立比例10.1%；距大型綠地3151m","2021面積_ha":6.93,"2022面積_ha":9.0,"2023面積_ha":7.74}},{"type":"Feature","geometry":{"type":"Polygon","coordinates":[[[121.42424780439164,24.486777071974327],[121.4242780916468,24.495805818735718],[121.43414480436262,24.49577777468177],[121.43411381282169,24.486749039587394],[121.42424780439164,24.486777071974327]]]},"properties":{"grid_id":"G020_011","綠地類型":"農地","中心經度":121.429196,"中心緯度":24.491278,"分析面積_km2":1.04,"2020面積_ha":5.58,"2024面積_ha":7.74,"面積減少率_pct":0.0,"2020斑塊數":1,"2024斑塊數":2,"斑塊數增加率_pct":100.0,"2020平均斑塊面積_ha":5.58,"2024平均斑塊面積_ha":6.795,"平均斑塊面積下降率_pct":0.0,"道路切割密度_km_per_km2":4.671,"建成區邊界切割密度_km_per_km2":0.202,"孤立小斑塊比例_pct":0.0,"距大型連續綠地平均距離_m":3349.1,"score_面積減少":9.255079006772009,"score_斑塊增加":78.3295711060948,"score_平均斑塊縮小":8.91647855530474,"score_道路建成區切割":19.0744920993228,"score_孤立比例":13.656884875846501,"score_距大型綠地":97.51693002257336,"綜合破碎化分數":37.8,"破碎化等級":"低","判定原因":"面積減少0.0%；斑塊增加100.0%；平均斑塊縮小0.0%；道路密度4.67 km/km²；孤立比例0.0%；距大型綠地3349m","2021面積_ha":2.61,"2022面積_ha":6.66,"2023面積_ha":6.3}},{"type":"Feature","geometry":{"type":"Polygon","coordinates":[[[121.46391061490083,24.540833104571625],[121.46394381642871,24.549861737999773],[121.47381469931723,24.549831038963084],[121.47378079145636,24.540802418285267],[121.46391061490083,24.540833104571625]]]},"properties":{"grid_id":"G026_015","綠地類型":"農地","中心經度":121.468862,"中心緯度":24.545332,"分析面積_km2":1.04,"2020面積_ha":0.09,"2024面積_ha":0.0,"面積減少率_pct":100.0,"2020斑塊數":1,"2024斑塊數":0,"斑塊數增加率_pct":0.0,"2020平均斑塊面積_ha":1.8,"2024平均斑塊面積_ha":0.0,"平均斑塊面積下降率_pct":100.0,"道路切割密度_km_per_km2":5.133,"建成區邊界切割密度_km_per_km2":0.0,"孤立小斑塊比例_pct":0.0,"距大型連續綠地平均距離_m":0.0,"score_面積減少":97.62979683972912,"score_斑塊增加":24.040632054176072,"score_平均斑塊縮小":97.62979683972912,"score_道路建成區切割":11.907449209932281,"score_孤立比例":13.656884875846501,"score_距大型綠地":8.803611738148984,"綜合破碎化分數":42.3,"破碎化等級":"低","判定原因":"面積減少100.0%；斑塊增加0.0%；平均斑塊縮小100.0%；道路密度5.13 km/km²；孤立比例0.0%；距大型綠地0m","2021面積_ha":0.18,"2022面積_ha":0.09,"2023面積_ha":0.09}},{"type":"Feature","geometry":{"type":"Polygon","coordinates":[[[121.47381469931723,24.549831038963084],[121.4738486237339,24.55885964878609],[121.48372019673927,24.558828290502575],[121.48368556564996,24.549799693700113],[121.47381469931723,24.549831038963084]]]},"properties":{"grid_id":"G027_016","綠地類型":"農地","中心經度":121.478767,"中心緯度":24.55433,"分析面積_km2":1.04,"2020面積_ha":0.09,"2024面積_ha":0.09,"面積減少率_pct":0.0,"2020斑塊數":1,"2024斑塊數":1,"斑塊數增加率_pct":0.0,"2020平均斑塊面積_ha":0.09,"2024平均斑塊面積_ha":0.09,"平均斑塊面積下降率_pct":0.0,"道路切割密度_km_per_km2":3.287,"建成區邊界切割密度_km_per_km2":0.0,"孤立小斑塊比例_pct":100.0,"距大型連續綠地平均距離_m":6260.8,"score_面積減少":9.255079006772009,"score_斑塊增加":24.040632054176072,"score_平均斑塊縮小":8.91647855530474,"score_道路建成區切割":6.659142212189616,"score_孤立比例":93.56659142212189,"score_距大型綠地":99.54853273137697,"綜合破碎化分數":40.3,"破碎化等級":"低","判定原因":"面積減少0.0%；斑塊增加0.0%；平均斑塊縮小0.0%；道路密度3.29 km/km²；孤立比例100.0%；距大型綠地6261m","2021面積_ha":0.0,"2022面積_ha":1.71,"2023面積_ha":0.18}},{"type":"Feature","geometry":{"type":"Polygon","coordinates":[[[121.82927152786243,24.566351459484125],[121.82933094632965,24.575379409580435],[121.8392031072841,24.575324735689527],[121.8391429817145,24.56629680828175],[121.82927152786243,24.566351459484125]]]},"properties":{"grid_id":"G029_052","綠地類型":"農地","中心經度":121.834237,"中心緯度":24.570838,"分析面積_km2":1.04,"2020面積_ha":0.27,"2024面積_ha":0.45,"面積減少率_pct":0.0,"2020斑塊數":1,"2024斑塊數":1,"斑塊數增加率_pct":0.0,"2020平均斑塊面積_ha":0.27,"2024平均斑塊面積_ha":0.45,"平均斑塊面積下降率_pct":0.0,"道路切割密度_km_per_km2":8.16,"建成區邊界切割密度_km_per_km2":0.144,"孤立小斑塊比例_pct":100.0,"距大型連續綠地平均距離_m":3888.7,"score_面積減少":9.255079006772009,"score_斑塊增加":24.040632054176072,"score_平均斑塊縮小":8.91647855530474,"score_道路建成區切割":29.57110609480813,"score_孤立比例":93.56659142212189,"score_距大型綠地":97.96839729119638,"綜合破碎化分數":43.9,"破碎化等級":"低","判定原因":"面積減少0.0%；斑塊增加0.0%；平均斑塊縮小0.0%；道路密度8.16 km/km²；孤立比例100.0%；距大型綠地3889m","2021面積_ha":0.18,"2022面積_ha":0.0,"2023面積_ha":0.09}},{"type":"Feature","geometry":{"type":"Polygon","coordinates":[[[121.51344517383198,24.585815939915015],[121.51348199670413,24.594844452566548],[121.52335633006928,24.594810451951787],[121.52331879916598,24.585781953402346],[121.51344517383198,24.585815939915015]]]},"properties":{"grid_id":"G031_020","綠地類型":"農地","中心經度":121.518401,"中心緯度":24.590313,"分析面積_km2":1.04,"2020面積_ha":3.6,"2024面積_ha":2.7,"面積減少率_pct":25.0,"2020斑塊數":1,"2024斑塊數":1,"斑塊數增加率_pct":0.0,"2020平均斑塊面積_ha":30.69,"2024平均斑塊面積_ha":25.83,"平均斑塊面積下降率_pct":15.84,"道路切割密度_km_per_km2":6.2,"建成區邊界切割密度_km_per_km2":0.058,"孤立小斑塊比例_pct":0.0,"距大型連續綠地平均距離_m":0.0,"score_面積減少":57.78781038374717,"score_斑塊增加":24.040632054176072,"score_平均斑塊縮小":23.25056433408578,"score_道路建成區切割":20.316027088036115,"score_孤立比例":13.656884875846501,"score_距大型綠地":8.803611738148984,"綜合破碎化分數":24.6,"破碎化等級":"低","判定原因":"面積減少25.0%；斑塊增加0.0%；平均斑塊縮小15.8%；道路密度6.20 km/km²；孤立比例0.0%；距大型綠地0m","2021面積_ha":3.24,"2022面積_ha":1.89,"2023面積_ha":2.16}},{"type":"Feature","geometry":{"type":"Polygon","coordinates":[[[121.52331879916598,24.585781953402346],[121.52335633006928,24.594810451951787],[121.53323064512557,24.59477580379081],[121.53319240619687,24.585747319612018],[121.52331879916598,24.585781953402346]]]},"properties":{"grid_id":"G031_021","綠地類型":"農地","中心經度":121.528275,"中心緯度":24.590279,"分析面積_km2":1.04,"2020面積_ha":3.96,"2024面積_ha":3.78,"面積減少率_pct":4.55,"2020斑塊數":1,"2024斑塊數":1,"斑塊數增加率_pct":0.0,"2020平均斑塊面積_ha":30.69,"2024平均斑塊面積_ha":25.83,"平均斑塊面積下降率_pct":15.84,"道路切割密度_km_per_km2":0.836,"建成區邊界切割密度_km_per_km2":0.115,"孤立小斑塊比例_pct":0.0,"距大型連續綠地平均距離_m":0.0,"score_面積減少":23.363431151241535,"score_斑塊增加":24.040632054176072,"score_平均斑塊縮小":23.25056433408578,"score_道路建成區切割":10.72234762979684,"score_孤立比例":13.656884875846501,"score_距大型綠地":8.803611738148984,"綜合破碎化分數":17.3,"破碎化等級":"低","判定原因":"面積減少4.5%；斑塊增加0.0%；平均斑塊縮小15.8%；道路密度0.84 km/km²；孤立比例0.0%；距大型綠地0m","2021面積_ha":4.14,"2022面積_ha":2.61,"2023面積_ha":3.6}},{"type":"Feature","geometry":{"type":"Polygon","coordinates":[[[121.51348199670413,24.594844452566548],[121.51351883753975,24.603872954341],[121.52339387928144,24.603838939622182],[121.52335633006928,24.594810451951787],[121.51348199670413,24.594844452566548]]]},"properties":{"grid_id":"G032_020","綠地類型":"農地","中心經度":121.518438,"中心緯度":24.599342,"分析面積_km2":1.04,"2020面積_ha":1.17,"2024面積_ha":0.9,"面積減少率_pct":23.08,"2020斑塊數":1,"2024斑塊數":1,"斑塊數增加率_pct":0.0,"2020平均斑塊面積_ha":30.69,"2024平均斑塊面積_ha":25.83,"平均斑塊面積下降率_pct":15.84,"道路切割密度_km_per_km2":3.403,"建成區邊界切割密度_km_per_km2":0.029,"孤立小斑塊比例_pct":0.0,"距大型連續綠地平均距離_m":0.0,"score_面積減少":56.659142212189614,"score_斑塊增加":24.040632054176072,"score_平均斑塊縮小":23.25056433408578,"score_道路建成區切割":10.72234762979684,"score_孤立比例":13.656884875846501,"score_距大型綠地":8.803611738148984,"綜合破碎化分數":22.9,"破碎化等級":"低","判定原因":"面積減少23.1%；斑塊增加0.0%；平均斑塊縮小15.8%；道路密度3.40 km/km²；孤立比例0.0%；距大型綠地0m","2021面積_ha":2.25,"2022面積_ha":0.0,"2023面積_ha":1.62}},{"type":"Feature","geometry":{"type":"Polygon","coordinates":[[[121.52335633006928,24.594810451951787],[121.52339387928144,24.603838939622182],[121.53326890270851,24.603804277088535],[121.53323064512557,24.59477580379081],[121.52335633006928,24.594810451951787]]]},"properties":{"grid_id":"G032_021","綠地類型":"農地","中心經度":121.528312,"中心緯度":24.599307,"分析面積_km2":1.04,"2020面積_ha":23.49,"2024面積_ha":19.35,"面積減少率_pct":17.62,"2020斑塊數":5,"2024斑塊數":4,"斑塊數增加率_pct":0.0,"2020平均斑塊面積_ha":6.588,"2024平均斑塊面積_ha":6.683,"平均斑塊面積下降率_pct":0.0,"道路切割密度_km_per_km2":6.286,"建成區邊界切割密度_km_per_km2":0.173,"孤立小斑塊比例_pct":4.65,"距大型連續綠地平均距離_m":17.7,"score_面積減少":46.95259593679458,"score_斑塊增加":24.040632054176072,"score_平均斑塊縮小":8.91647855530474,"score_道路建成區切割":23.984198645598195,"score_孤立比例":56.43340857787811,"score_距大型綠地":41.98645598194131,"綜合破碎化分數":33.7,"破碎化等級":"低","判定原因":"面積減少17.6%；斑塊增加0.0%；平均斑塊縮小0.0%；道路密度6.29 km/km²；孤立比例4.7%；距大型綠地18m","2021面積_ha":29.61,"2022面積_ha":15.48,"2023面積_ha":17.28}},{"type":"Feature","geometry":{"type":"Polygon","coordinates":[[[121.83938366007169,24.60240845216678],[121.83944390305801,24.61143633573381],[121.84931886649585,24.611380923171296],[121.84925791503572,24.602353062573993],[121.83938366007169,24.60240845216678]]]},"properties":{"grid_id":"G033_053","綠地類型":"農地","中心經度":121.844351,"中心緯度":24.606895,"分析面積_km2":1.04,"2020面積_ha":12.78,"2024面積_ha":12.69,"面積減少率_pct":0.7,"2020斑塊數":1,"2024斑塊數":1,"斑塊數增加率_pct":0.0,"2020平均斑塊面積_ha":121.59,"2024平均斑塊面積_ha":106.74,"平均斑塊面積下降率_pct":12.21,"道路切割密度_km_per_km2":4.556,"建成區邊界切割密度_km_per_km2":0.288,"孤立小斑塊比例_pct":0.0,"距大型連續綠地平均距離_m":0.0,"score_面積減少":18.735891647855528,"score_斑塊增加":24.040632054176072,"score_平均斑塊縮小":21.783295711060948,"score_道路建成區切割":20.372460496613996,"score_孤立比例":13.656884875846501,"score_距大型綠地":8.803611738148984,"綜合破碎化分數":17.9,"破碎化等級":"低","判定原因":"面積減少0.7%；斑塊增加0.0%；平均斑塊縮小12.2%；道路密度4.56 km/km²；孤立比例0.0%；距大型綠地0m","2021面積_ha":12.87,"2022面積_ha":12.51,"2023面積_ha":12.33}},{"type":"Feature","geometry":{"type":"Polygon","coordinates":[[[121.52343144680825,24.612867416410573],[121.52346903265541,24.621895882314],[121.5333454738606,24.621861191029012],[121.53330717895153,24.612832739502252],[121.52343144680825,24.612867416410573]]]},"properties":{"grid_id":"G034_021","綠地類型":"農地","中心經度":121.528388,"中心緯度":24.617364,"分析面積_km2":1.04,"2020面積_ha":1.35,"2024面積_ha":0.0,"面積減少率_pct":100.0,"2020斑塊數":3,"2024斑塊數":0,"斑塊數增加率_pct":0.0,"2020平均斑塊面積_ha":0.45,"2024平均斑塊面積_ha":0.0,"平均斑塊面積下降率_pct":100.0,"道路切割密度_km_per_km2":7.093,"建成區邊界切割密度_km_per_km2":0.0,"孤立小斑塊比例_pct":0.0,"距大型連續綠地平均距離_m":0.0,"score_面積減少":97.62979683972912,"score_斑塊增加":24.040632054176072,"score_平均斑塊縮小":97.62979683972912,"score_道路建成區切割":18.679458239277654,"score_孤立比例":13.656884875846501,"score_距大型綠地":8.803611738148984,"綜合破碎化分數":43.4,"破碎化等級":"低","判定原因":"面積減少100.0%；斑塊增加0.0%；平均斑塊縮小100.0%；道路密度7.09 km/km²；孤立比例0.0%；距大型綠地0m","2021面積_ha":0.36,"2022面積_ha":0.18,"2023面積_ha":0.0}},{"type":"Feature","geometry":{"type":"Polygon","coordinates":[[[121.67156531178712,24.61227921686606],[121.67161353289396,24.621307438909376],[121.68148965772359,24.621263022967224],[121.68144072765473,24.61223481933047],[121.67156531178712,24.61227921686606]]]},"properties":{"grid_id":"G034_036","綠地類型":"農地","中心經度":121.676527,"中心緯度":24.616771,"分析面積_km2":1.04,"2020面積_ha":0.18,"2024面積_ha":0.0,"面積減少率_pct":100.0,"2020斑塊數":2,"2024斑塊數":0,"斑塊數增加率_pct":0.0,"2020平均斑塊面積_ha":0.09,"2024平均斑塊面積_ha":0.0,"平均斑塊面積下降率_pct":100.0,"道路切割密度_km_per_km2":3.172,"建成區邊界切割密度_km_per_km2":0.0,"孤立小斑塊比例_pct":0.0,"距大型連續綠地平均距離_m":0.0,"score_面積減少":97.62979683972912,"score_斑塊增加":24.040632054176072,"score_平均斑塊縮小":97.62979683972912,"score_道路建成區切割":6.4334085778781045,"score_孤立比例":13.656884875846501,"score_距大型綠地":8.803611738148984,"綜合破碎化分數":41.4,"破碎化等級":"低","判定原因":"面積減少100.0%；斑塊增加0.0%；平均斑塊縮小100.0%；道路密度3.17 km/km²；孤立比例0.0%；距大型綠地0m","2021面積_ha":0.0,"2022面積_ha":0.0,"2023面積_ha":0.0}},{"type":"Feature","geometry":{"type":"Polygon","coordinates":[[[121.82956891024284,24.611491100410486],[121.82962847377793,24.620518995714182],[121.83950417542161,24.620464208333154],[121.83944390305801,24.61143633573381],[121.82956891024284,24.611491100410486]]]},"properties":{"grid_id":"G034_052","綠地類型":"農地","中心經度":121.834536,"中心緯度":24.615978,"分析面積_km2":1.04,"2020面積_ha":1.08,"2024面積_ha":1.17,"面積減少率_pct":0.0,"2020斑塊數":1,"2024斑塊數":1,"斑塊數增加率_pct":0.0,"2020平均斑塊面積_ha":121.59,"2024平均斑塊面積_ha":106.74,"平均斑塊面積下降率_pct":12.21,"道路切割密度_km_per_km2":18.022,"建成區邊界切割密度_km_per_km2":0.231,"孤立小斑塊比例_pct":0.0,"距大型連續綠地平均距離_m":0.0,"score_面積減少":9.255079006772009,"score_斑塊增加":24.040632054176072,"score_平均斑塊縮小":21.783295711060948,"score_道路建成區切割":61.512415349887135,"score_孤立比例":13.656884875846501,"score_距大型綠地":8.803611738148984,"綜合破碎化分數":23.2,"破碎化等級":"低","判定原因":"面積減少0.0%；斑塊增加0.0%；平均斑塊縮小12.2%；道路密度18.02 km/km²；孤立比例0.0%；距大型綠地0m","2021面積_ha":1.17,"2022面積_ha":1.08,"2023面積_ha":1.35}},{"type":"Feature","geometry":{"type":"Polygon","coordinates":[[[121.83944390305801,24.61143633573381],[121.83950417542161,24.620464208333154],[121.8493798476787,24.620408772797706],[121.84931886649585,24.611380923171296],[121.83944390305801,24.61143633573381]]]},"properties":{"grid_id":"G034_053","綠地類型":"農地","中心經度":121.844412,"中心緯度":24.615923,"分析面積_km2":1.04,"2020面積_ha":58.77,"2024面積_ha":54.9,"面積減少率_pct":6.58,"2020斑塊數":1,"2024斑塊數":1,"斑塊數增加率_pct":0.0,"2020平均斑塊面積_ha":121.59,"2024平均斑塊面積_ha":106.74,"平均斑塊面積下降率_pct":12.21,"道路切割密度_km_per_km2":11.275,"建成區邊界切割密度_km_per_km2":4.123,"孤立小斑塊比例_pct":0.0,"距大型連續綠地平均距離_m":0.0,"score_面積減少":25.95936794582393,"score_斑塊增加":24.040632054176072,"score_平均斑塊縮小":21.783295711060948,"score_道路建成區切割":73.81489841986456,"score_孤立比例":13.656884875846501,"score_距大型綠地":8.803611738148984,"綜合破碎化分數":28.0,"破碎化等級":"低","判定原因":"面積減少6.6%；斑塊增加0.0%；平均斑塊縮小12.2%；道路密度11.28 km/km²；孤立比例0.0%；距大型綠地0m","2021面積_ha":62.28,"2022面積_ha":59.76,"2023面積_ha":59.67}},{"type":"Feature","geometry":{"type":"Polygon","coordinates":[[[121.8591938002109,24.611324862730598],[121.84931886649585,24.611380923171296],[121.8493798476787,24.620408772797706],[121.85612879521351,24.620370515724034],[121.85639800000001,24.6199286],[121.85699690000001,24.619006399999993],[121.85725790000001,24.6186486],[121.8575478,24.6181187],[121.8577438,24.6178439],[121.8578077,24.617758099999996],[121.8580644,24.6174138],[121.85834070000001,24.617095199999998],[121.8586879,24.616598600000003],[121.8589298,24.6163317],[121.85922540539896,24.61595057491267],[121.8591938002109,24.611324862730598]]]},"properties":{"grid_id":"G034_054","綠地類型":"農地","中心經度":121.854272,"中心緯度":24.613666,"分析面積_km2":0.95,"2020面積_ha":3.06,"2024面積_ha":3.69,"面積減少率_pct":0.0,"2020斑塊數":3,"2024斑塊數":2,"斑塊數增加率_pct":0.0,"2020平均斑塊面積_ha":41.01,"2024平均斑塊面積_ha":54.45,"平均斑塊面積下降率_pct":0.0,"道路切割密度_km_per_km2":9.51,"建成區邊界切割密度_km_per_km2":0.474,"孤立小斑塊比例_pct":0.0,"距大型連續綠地平均距離_m":131.4,"score_面積減少":9.255079006772009,"score_斑塊增加":24.040632054176072,"score_平均斑塊縮小":8.91647855530474,"score_道路建成區切割":41.19638826185101,"score_孤立比例":13.656884875846501,"score_距大型綠地":66.13995485327314,"綜合破碎化分數":27.2,"破碎化等級":"低","判定原因":"面積減少0.0%；斑塊增加0.0%；平均斑塊縮小0.0%；道路密度9.51 km/km²；孤立比例0.0%；距大型綠地131m","2021面積_ha":1.8,"2022面積_ha":0.9,"2023面積_ha":3.24}},{"type":"Feature","geometry":{"type":"Polygon","coordinates":[[[121.52346903265541,24.621895882314],[121.52350663682881,24.630924337329496],[121.53338378744154,24.63088963166584],[121.5333454738606,24.621861191029012],[121.52346903265541,24.621895882314]]]},"properties":{"grid_id":"G035_021","綠地類型":"農地","中心經度":121.528426,"中心緯度":24.626393,"分析面積_km2":1.04,"2020面積_ha":12.87,"2024面積_ha":7.65,"面積減少率_pct":40.56,"2020斑塊數":2,"2024斑塊數":2,"斑塊數增加率_pct":0.0,"2020平均斑塊面積_ha":7.335,"2024平均斑塊面積_ha":4.545,"平均斑塊面積下降率_pct":38.04,"道路切割密度_km_per_km2":6.344,"建成區邊界切割密度_km_per_km2":0.058,"孤立小斑塊比例_pct":0.0,"距大型連續綠地平均距離_m":2880.5,"score_面積減少":74.7178329571106,"score_斑塊增加":24.040632054176072,"score_平均斑塊縮小":31.82844243792325,"score_道路建成區切割":21.21896162528217,"score_孤立比例":13.656884875846501,"score_距大型綠地":96.3882618510158,"綜合破碎化分數":43.6,"破碎化等級":"低","判定原因":"面積減少40.6%；斑塊增加0.0%；平均斑塊縮小38.0%；道路密度6.34 km/km²；孤立比例0.0%；距大型綠地2880m","2021面積_ha":10.71,"2022面積_ha":6.12,"2023面積_ha":12.78}},{"type":"Feature","geometry":{"type":"Polygon","coordinates":[[[121.5333454738606,24.621861191029012],[121.53338378744154,24.63088963166584],[121.5432609193765,24.630854277386106],[121.54322189639387,24.621825851396668],[121.5333454738606,24.621861191029012]]]},"properties":{"grid_id":"G035_022","綠地類型":"農地","中心經度":121.538303,"中心緯度":24.626358,"分析面積_km2":1.04,"2020面積_ha":0.09,"2024面積_ha":0.0,"面積減少率_pct":100.0,"2020斑塊數":1,"2024斑塊數":0,"斑塊數增加率_pct":0.0,"2020平均斑塊面積_ha":0.09,"2024平均斑塊面積_ha":0.0,"平均斑塊面積下降率_pct":100.0,"道路切割密度_km_per_km2":7.439,"建成區邊界切割密度_km_per_km2":0.0,"孤立小斑塊比例_pct":0.0,"距大型連續綠地平均距離_m":0.0,"score_面積減少":97.62979683972912,"score_斑塊增加":24.040632054176072,"score_平均斑塊縮小":97.62979683972912,"score_道路建成區切割":19.30022573363431,"score_孤立比例":13.656884875846501,"score_距大型綠地":8.803611738148984,"綜合破碎化分數":43.5,"破碎化等級":"低","判定原因":"面積減少100.0%；斑塊增加0.0%；平均斑塊縮小100.0%；道路密度7.44 km/km²；孤立比例0.0%；距大型綠地0m","2021面積_ha":0.0,"2022面積_ha":0.09,"2023面積_ha":0.0}},{"type":"Feature","geometry":{"type":"Polygon","coordinates":[[[121.82962847377793,24.620518995714182],[121.82968806635407,24.62954688005034],[121.83956447717183,24.629492069961795],[121.83950417542161,24.620464208333154],[121.82962847377793,24.620518995714182]]]},"properties":{"grid_id":"G035_052","綠地類型":"農地","中心經度":121.834596,"中心緯度":24.625006,"分析面積_km2":1.04,"2020面積_ha":24.03,"2024面積_ha":20.16,"面積減少率_pct":16.1,"2020斑塊數":5,"2024斑塊數":2,"斑塊數增加率_pct":0.0,"2020平均斑塊面積_ha":11.97,"2024平均斑塊面積_ha":23.58,"平均斑塊面積下降率_pct":0.0,"道路切割密度_km_per_km2":12.832,"建成區邊界切割密度_km_per_km2":1.067,"孤立小斑塊比例_pct":0.45,"距大型連續綠地平均距離_m":0.4,"score_面積減少":44.01805869074492,"score_斑塊增加":24.040632054176072,"score_平均斑塊縮小":8.91647855530474,"score_道路建成區切割":64.61625282167043,"score_孤立比例":32.27990970654628,"score_距大型綠地":21.21896162528217,"綜合破碎化分數":32.5,"破碎化等級":"低","判定原因":"面積減少16.1%；斑塊增加0.0%；平均斑塊縮小0.0%；道路密度12.83 km/km²；孤立比例0.5%；距大型綠地0m","2021面積_ha":26.46,"2022面積_ha":19.44,"2023面積_ha":23.76}},{"type":"Feature","geometry":{"type":"Polygon","coordinates":[[[121.8493798476787,24.620408772797706],[121.84944085859371,24.629436611450217],[121.85121401097153,24.629426586052876],[121.8512536,24.629354699999997],[121.8512827,24.629301899999998],[121.8515378,24.628908499999994],[121.8522386,24.6275597],[121.85268789999999,24.626848599999995],[121.8530577,24.626123300000003],[121.8535378,24.6250486],[121.8538279,24.624278599999997],[121.85468789999999,24.6227486],[121.8555378,24.6214685],[121.8558279,24.620948599999995],[121.8559971,24.6205867],[121.85612879521351,24.620370515724034],[121.8493798476787,24.620408772797706]]]},"properties":{"grid_id":"G035_054","綠地類型":"農地","中心經度":121.851546,"中心緯度":24.624676,"分析面積_km2":0.431,"2020面積_ha":2.7,"2024面積_ha":1.35,"面積減少率_pct":50.0,"2020斑塊數":1,"2024斑塊數":1,"斑塊數增加率_pct":0.0,"2020平均斑塊面積_ha":121.59,"2024平均斑塊面積_ha":106.74,"平均斑塊面積下降率_pct":12.21,"道路切割密度_km_per_km2":5.637,"建成區邊界切割密度_km_per_km2":0.209,"孤立小斑塊比例_pct":0.0,"距大型連續綠地平均距離_m":0.0,"score_面積減少":81.15124153498871,"score_斑塊增加":24.040632054176072,"score_平均斑塊縮小":21.783295711060948,"score_道路建成區切割":22.23476297968397,"score_孤立比例":13.656884875846501,"score_距大型綠地":8.803611738148984,"綜合破碎化分數":28.6,"破碎化等級":"低","判定原因":"面積減少50.0%；斑塊增加0.0%；平均斑塊縮小12.2%；道路密度5.64 km/km²；孤立比例0.0%；距大型綠地0m","2021面積_ha":3.06,"2022面積_ha":1.62,"2023面積_ha":0.9}},{"type":"Feature","geometry":{"type":"Polygon","coordinates":[[[121.59264628678099,24.63066777692031],[121.59268887743232,24.639696114736417],[121.60256659974839,24.639656852604],[121.60252329938726,24.630628531049794],[121.59264628678099,24.63066777692031]]]},"properties":{"grid_id":"G036_028","綠地類型":"農地","中心經度":121.597606,"中心緯度":24.635162,"分析面積_km2":1.04,"2020面積_ha":1.08,"2024面積_ha":1.17,"面積減少率_pct":0.0,"2020斑塊數":1,"2024斑塊數":1,"斑塊數增加率_pct":0.0,"2020平均斑塊面積_ha":5.94,"2024平均斑塊面積_ha":5.58,"平均斑塊面積下降率_pct":6.06,"道路切割密度_km_per_km2":4.671,"建成區邊界切割密度_km_per_km2":0.0,"孤立小斑塊比例_pct":0.0,"距大型連續綠地平均距離_m":1139.5,"score_面積減少":9.255079006772009,"score_斑塊增加":24.040632054176072,"score_平均斑塊縮小":19.864559819413092,"score_道路建成區切割":10.383747178329571,"score_孤立比例":13.656884875846501,"score_距大型綠地":90.06772009029346,"綜合破碎化分數":27.9,"破碎化等級":"低","判定原因":"面積減少0.0%；斑塊增加0.0%；平均斑塊縮小6.1%；道路密度4.67 km/km²；孤立比例0.0%；距大型綠地1140m","2021面積_ha":1.35,"2022面積_ha":1.26,"2023面積_ha":1.08}},{"type":"Feature","geometry":{"type":"Polygon","coordinates":[[[121.6124002908951,24.630588636599263],[121.61244430095937,24.639616941622833],[121.62232198071939,24.639576381798438],[121.62227726095877,24.63054809357424],[121.6124002908951,24.630588636599263]]]},"properties":{"grid_id":"G036_030","綠地類型":"農地","中心經度":121.617361,"中心緯度":24.635083,"分析面積_km2":1.04,"2020面積_ha":0.09,"2024面積_ha":0.0,"面積減少率_pct":100.0,"2020斑塊數":1,"2024斑塊數":0,"斑塊數增加率_pct":0.0,"2020平均斑塊面積_ha":0.09,"2024平均斑塊面積_ha":0.0,"平均斑塊面積下降率_pct":100.0,"道路切割密度_km_per_km2":3.835,"建成區邊界切割密度_km_per_km2":0.0,"孤立小斑塊比例_pct":0.0,"距大型連續綠地平均距離_m":0.0,"score_面積減少":97.62979683972912,"score_斑塊增加":24.040632054176072,"score_平均斑塊縮小":97.62979683972912,"score_道路建成區切割":8.35214446952596,"score_孤立比例":13.656884875846501,"score_距大型綠地":8.803611738148984,"綜合破碎化分數":41.7,"破碎化等級":"低","判定原因":"面積減少100.0%；斑塊增加0.0%；平均斑塊縮小100.0%；道路密度3.83 km/km²；孤立比例0.0%；距大型綠地0m","2021面積_ha":0.0,"2022面積_ha":0.09,"2023面積_ha":0.0}},{"type":"Feature","geometry":{"type":"Polygon","coordinates":[[[121.72104570609578,24.630106993002865],[121.72109752242346,24.639135098453707],[121.73097494339525,24.63908740174327],[121.73092241745293,24.630059316047664],[121.72104570609578,24.630106993002865]]]},"properties":{"grid_id":"G036_041","綠地類型":"農地","中心經度":121.72601,"中心緯度":24.634597,"分析面積_km2":1.04,"2020面積_ha":0.09,"2024面積_ha":0.0,"面積減少率_pct":100.0,"2020斑塊數":1,"2024斑塊數":0,"斑塊數增加率_pct":0.0,"2020平均斑塊面積_ha":0.09,"2024平均斑塊面積_ha":0.0,"平均斑塊面積下降率_pct":100.0,"道路切割密度_km_per_km2":5.45,"建成區邊界切割密度_km_per_km2":0.0,"孤立小斑塊比例_pct":0.0,"距大型連續綠地平均距離_m":0.0,"score_面積減少":97.62979683972912,"score_斑塊增加":24.040632054176072,"score_平均斑塊縮小":97.62979683972912,"score_道路建成區切割":12.753950338600452,"score_孤立比例":13.656884875846501,"score_距大型綠地":8.803611738148984,"綜合破碎化分數":42.4,"破碎化等級":"低","判定原因":"面積減少100.0%；斑塊增加0.0%；平均斑塊縮小100.0%；道路密度5.45 km/km²；孤立比例0.0%；距大型綠地0m","2021面積_ha":0.18,"2022面積_ha":0.0,"2023面積_ha":0.0}},{"type":"Feature","geometry":{"type":"Polygon","coordinates":[[[121.7506757630418,24.629962016639773],[121.75072970818907,24.63899006201884],[121.76060705131944,24.638940419018283],[121.76055239658204,24.629912394200527],[121.7506757630418,24.629962016639773]]]},"properties":{"grid_id":"G036_044","綠地類型":"農地","中心經度":121.755641,"中心緯度":24.634451,"分析面積_km2":1.04,"2020面積_ha":8.46,"2024面積_ha":3.6,"面積減少率_pct":57.45,"2020斑塊數":11,"2024斑塊數":2,"斑塊數增加率_pct":0.0,"2020平均斑塊面積_ha":4.852,"2024平均斑塊面積_ha":8.46,"平均斑塊面積下降率_pct":0.0,"道路切割密度_km_per_km2":11.332,"建成區邊界切割密度_km_per_km2":0.577,"孤立小斑塊比例_pct":0.0,"距大型連續綠地平均距離_m":64.3,"score_面積減少":85.32731376975168,"score_斑塊增加":24.040632054176072,"score_平均斑塊縮小":8.91647855530474,"score_道路建成區切割":53.16027088036117,"score_孤立比例":13.656884875846501,"score_距大型綠地":58.239277652370205,"綜合破碎化分數":40.6,"破碎化等級":"低","判定原因":"面積減少57.5%；斑塊增加0.0%；平均斑塊縮小0.0%；道路密度11.33 km/km²；孤立比例0.0%；距大型綠地64m","2021面積_ha":4.05,"2022面積_ha":0.09,"2023面積_ha":2.16}},{"type":"Feature","geometry":{"type":"Polygon","coordinates":[[[121.78030558342573,24.6298112038857],[121.78036165731791,24.638839186774796],[121.79023891949447,24.638787597545846],[121.79018213603773,24.629759636024104],[121.78030558342573,24.6298112038857]]]},"properties":{"grid_id":"G036_047","綠地類型":"農地","中心經度":121.785272,"中心緯度":24.634299,"分析面積_km2":1.04,"2020面積_ha":38.79,"2024面積_ha":39.42,"面積減少率_pct":0.0,"2020斑塊數":5,"2024斑塊數":7,"斑塊數增加率_pct":40.0,"2020平均斑塊面積_ha":75.546,"2024平均斑塊面積_ha":43.727,"平均斑塊面積下降率_pct":42.12,"道路切割密度_km_per_km2":11.938,"建成區邊界切割密度_km_per_km2":2.97,"孤立小斑塊比例_pct":2.51,"距大型連續綠地平均距離_m":9.7,"score_面積減少":9.255079006772009,"score_斑塊增加":58.80361173814899,"score_平均斑塊縮小":36.3431151241535,"score_道路建成區切割":69.97742663656885,"score_孤立比例":46.04966139954853,"score_距大型綠地":37.69751693002257,"綜合破碎化分數":43.0,"破碎化等級":"低","判定原因":"面積減少0.0%；斑塊增加40.0%；平均斑塊縮小42.1%；道路密度11.94 km/km²；孤立比例2.5%；距大型綠地10m","2021面積_ha":39.96,"2022面積_ha":34.56,"2023面積_ha":34.65}},{"type":"Feature","geometry":{"type":"Polygon","coordinates":[[[121.80993515791363,24.629654554928138],[121.80999336047306,24.638682472909156],[121.81987053858353,24.638628937515936],[121.81981162648611,24.629601041708284],[121.80993515791363,24.629654554928138]]]},"properties":{"grid_id":"G036_050","綠地類型":"農地","中心經度":121.814903,"中心緯度":24.634142,"分析面積_km2":1.04,"2020面積_ha":40.32,"2024面積_ha":30.06,"面積減少率_pct":25.45,"2020斑塊數":1,"2024斑塊數":1,"斑塊數增加率_pct":0.0,"2020平均斑塊面積_ha":615.06,"2024平均斑塊面積_ha":510.75,"平均斑塊面積下降率_pct":16.96,"道路切割密度_km_per_km2":10.784,"建成區邊界切割密度_km_per_km2":2.336,"孤立小斑塊比例_pct":0.0,"距大型連續綠地平均距離_m":0.0,"score_面積減少":58.465011286681715,"score_斑塊增加":24.040632054176072,"score_平均斑塊縮小":24.153498871331827,"score_道路建成區切割":61.963882618510155,"score_孤立比例":13.656884875846501,"score_距大型綠地":8.803611738148984,"綜合破碎化分數":31.8,"破碎化等級":"低","判定原因":"面積減少25.4%；斑塊增加0.0%；平均斑塊縮小17.0%；道路密度10.78 km/km²；孤立比例0.0%；距大型綠地0m","2021面積_ha":36.72,"2022面積_ha":31.86,"2023面積_ha":32.49}},{"type":"Feature","geometry":{"type":"Polygon","coordinates":[[[121.81981162648611,24.629601041708284],[121.81987053858353,24.638628937515936],[121.82974768798042,24.63857475341597],[121.82968806635407,24.62954688005034],[121.81981162648611,24.629601041708284]]]},"properties":{"grid_id":"G036_051","綠地類型":"農地","中心經度":121.824779,"中心緯度":24.634088,"分析面積_km2":1.04,"2020面積_ha":27.27,"2024面積_ha":24.66,"面積減少率_pct":9.57,"2020斑塊數":2,"2024斑塊數":1,"斑塊數增加率_pct":0.0,"2020平均斑塊面積_ha":343.8,"2024平均斑塊面積_ha":510.75,"平均斑塊面積下降率_pct":0.0,"道路切割密度_km_per_km2":13.12,"建成區邊界切割密度_km_per_km2":1.471,"孤立小斑塊比例_pct":0.0,"距大型連續綠地平均距離_m":0.0,"score_面積減少":32.27990970654628,"score_斑塊增加":24.040632054176072,"score_平均斑塊縮小":8.91647855530474,"score_道路建成區切割":68.17155756207674,"score_孤立比例":13.656884875846501,"score_距大型綠地":8.803611738148984,"綜合破碎化分數":26.0,"破碎化等級":"低","判定原因":"面積減少9.6%；斑塊增加0.0%；平均斑塊縮小0.0%；道路密度13.12 km/km²；孤立比例0.0%；距大型綠地0m","2021面積_ha":26.55,"2022面積_ha":25.65,"2023面積_ha":26.19}},{"type":"Feature","geometry":{"type":"Polygon","coordinates":[[[121.82968806635407,24.62954688005034],[121.82974768798042,24.63857475341597],[121.83962480831792,24.638519920616734],[121.83956447717183,24.629492069961795],[121.82968806635407,24.62954688005034]]]},"properties":{"grid_id":"G036_052","綠地類型":"農地","中心經度":121.834656,"中心緯度":24.634033,"分析面積_km2":1.04,"2020面積_ha":19.35,"2024面積_ha":8.1,"面積減少率_pct":58.14,"2020斑塊數":5,"2024斑塊數":3,"斑塊數增加率_pct":0.0,"2020平均斑塊面積_ha":26.424,"2024平均斑塊面積_ha":16.53,"平均斑塊面積下降率_pct":37.44,"道路切割密度_km_per_km2":8.737,"建成區邊界切割密度_km_per_km2":0.75,"孤立小斑塊比例_pct":1.11,"距大型連續綠地平均距離_m":12.4,"score_面積減少":85.55304740406321,"score_斑塊增加":24.040632054176072,"score_平均斑塊縮小":31.15124153498871,"score_道路建成區切割":40.237020316027085,"score_孤立比例":38.1489841986456,"score_距大型綠地":39.729119638826184,"綜合破碎化分數":43.1,"破碎化等級":"低","判定原因":"面積減少58.1%；斑塊增加0.0%；平均斑塊縮小37.4%；道路密度8.74 km/km²；孤立比例1.1%；距大型綠地12m","2021面積_ha":20.25,"2022面積_ha":12.42,"2023面積_ha":14.49}},{"type":"Feature","geometry":{"type":"Polygon","coordinates":[[[121.84944085859371,24.629436611450217],[121.83956447717183,24.629492069961795],[121.83962480831792,24.638519920616734],[121.84733666446543,24.638476657189166],[121.84750799999999,24.6378786],[121.8476939,24.637401100000005],[121.8479269,24.636885899999996],[121.8480878,24.6365885],[121.84838679999999,24.635909099999996],[121.84855380000002,24.635405199999997],[121.8486578,24.635048600000005],[121.849118,24.6340978],[121.84928050000002,24.633355099999996],[121.8494643368071,24.63290952832115],[121.84944085859371,24.629436611450217]]]},"properties":{"grid_id":"G036_053","綠地類型":"農地","中心經度":121.844396,"中心緯度":24.633753,"分析面積_km2":0.971,"2020面積_ha":18.63,"2024面積_ha":21.69,"面積減少率_pct":0.0,"2020斑塊數":5,"2024斑塊數":6,"斑塊數增加率_pct":20.0,"2020平均斑塊面積_ha":12.204,"2024平均斑塊面積_ha":26.175,"平均斑塊面積下降率_pct":0.0,"道路切割密度_km_per_km2":7.6,"建成區邊界切割密度_km_per_km2":1.977,"孤立小斑塊比例_pct":4.15,"距大型連續綠地平均距離_m":29.9,"score_面積減少":9.255079006772009,"score_斑塊增加":51.24153498871332,"score_平均斑塊縮小":8.91647855530474,"score_道路建成區切割":43.5665914221219,"score_孤立比例":54.401805869074494,"score_距大型綠地":47.40406320541761,"綜合破碎化分數":35.8,"破碎化等級":"低","判定原因":"面積減少0.0%；斑塊增加20.0%；平均斑塊縮小0.0%；道路密度7.60 km/km²；孤立比例4.2%；距大型綠地30m","2021面積_ha":18.27,"2022面積_ha":13.86,"2023面積_ha":23.04}},{"type":"Feature","geometry":{"type":"Polygon","coordinates":[[[121.56305558731279,24.639810007987403],[121.56309606851731,24.6488383820747],[121.57297456214818,24.648801051062865],[121.57293337086864,24.63977269243341],[121.56305558731279,24.639810007987403]]]},"properties":{"grid_id":"G037_025","綠地類型":"農地","中心經度":121.568015,"中心緯度":24.644306,"分析面積_km2":1.04,"2020面積_ha":0.81,"2024面積_ha":3.87,"面積減少率_pct":0.0,"2020斑塊數":1,"2024斑塊數":2,"斑塊數增加率_pct":100.0,"2020平均斑塊面積_ha":0.81,"2024平均斑塊面積_ha":49.455,"平均斑塊面積下降率_pct":0.0,"道路切割密度_km_per_km2":4.412,"建成區邊界切割密度_km_per_km2":0.606,"孤立小斑塊比例_pct":37.21,"距大型連續綠地平均距離_m":45.7,"score_面積減少":9.255079006772009,"score_斑塊增加":78.3295711060948,"score_平均斑塊縮小":8.91647855530474,"score_道路建成區切割":24.153498871331827,"score_孤立比例":82.84424379232506,"score_距大型綠地":55.53047404063205,"綜合破碎化分數":43.2,"破碎化等級":"低","判定原因":"面積減少0.0%；斑塊增加100.0%；平均斑塊縮小0.0%；道路密度4.41 km/km²；孤立比例37.2%；距大型綠地46m","2021面積_ha":2.16,"2022面積_ha":0.0,"2023面積_ha":0.72}},{"type":"Feature","geometry":{"type":"Polygon","coordinates":[[[121.57293337086864,24.63977269243341],[121.57297456214818,24.648801051062865],[121.58285303570537,24.648763070917504],[121.58281113435713,24.639734728014666],[121.57293337086864,24.63977269243341]]]},"properties":{"grid_id":"G037_026","綠地類型":"農地","中心經度":121.577893,"中心緯度":24.644268,"分析面積_km2":1.04,"2020面積_ha":35.55,"2024面積_ha":34.11,"面積減少率_pct":4.05,"2020斑塊數":3,"2024斑塊數":6,"斑塊數增加率_pct":100.0,"2020平均斑塊面積_ha":22.53,"2024平均斑塊面積_ha":16.32,"平均斑塊面積下降率_pct":27.56,"道路切割密度_km_per_km2":4.556,"建成區邊界切割密度_km_per_km2":1.413,"孤立小斑塊比例_pct":1.32,"距大型連續綠地平均距離_m":2.9,"score_面積減少":22.799097065462753,"score_斑塊增加":78.3295711060948,"score_平均斑塊縮小":26.86230248306998,"score_道路建成區切割":30.58690744920993,"score_孤立比例":39.954853273137694,"score_距大型綠地":28.78103837471783,"綜合破碎化分數":37.9,"破碎化等級":"低","判定原因":"面積減少4.0%；斑塊增加100.0%；平均斑塊縮小27.6%；道路密度4.56 km/km²；孤立比例1.3%；距大型綠地3m","2021面積_ha":41.31,"2022面積_ha":11.79,"2023面積_ha":24.21}},{"type":"Feature","geometry":{"type":"Polygon","coordinates":[[[121.58281113435713,24.639734728014666],[121.58285303570537,24.648763070917504],[121.59273148884283,24.64872444164385],[121.59268887743232,24.639696114736417],[121.58281113435713,24.639734728014666]]]},"properties":{"grid_id":"G037_027","綠地類型":"農地","中心經度":121.587771,"中心緯度":24.64423,"分析面積_km2":1.04,"2020面積_ha":31.86,"2024面積_ha":58.41,"面積減少率_pct":0.0,"2020斑塊數":4,"2024斑塊數":2,"斑塊數增加率_pct":0.0,"2020平均斑塊面積_ha":17.392,"2024平均斑塊面積_ha":48.78,"平均斑塊面積下降率_pct":0.0,"道路切割密度_km_per_km2":4.123,"建成區邊界切割密度_km_per_km2":0.375,"孤立小斑塊比例_pct":0.15,"距大型連續綠地平均距離_m":0.2,"score_面積減少":9.255079006772009,"score_斑塊增加":24.040632054176072,"score_平均斑塊縮小":8.91647855530474,"score_道路建成區切割":20.48532731376975,"score_孤立比例":28.442437923250562,"score_距大型綠地":19.63882618510158,"綜合破碎化分數":18.5,"破碎化等級":"低","判定原因":"面積減少0.0%；斑塊增加0.0%；平均斑塊縮小0.0%；道路密度4.12 km/km²；孤立比例0.1%；距大型綠地0m","2021面積_ha":51.21,"2022面積_ha":27.54,"2023面積_ha":54.09}},{"type":"Feature","geometry":{"type":"Polygon","coordinates":[[[121.59268887743232,24.639696114736417],[121.59273148884283,24.64872444164385],[121.60260992121457,24.648685163247258],[121.60256659974839,24.639656852604],[121.59268887743232,24.639696114736417]]]},"properties":{"grid_id":"G037_028","綠地類型":"農地","中心經度":121.597649,"中心緯度":24.644191,"分析面積_km2":1.04,"2020面積_ha":7.92,"2024面積_ha":13.14,"面積減少率_pct":0.0,"2020斑塊數":8,"2024斑塊數":6,"斑塊數增加率_pct":0.0,"2020平均斑塊面積_ha":2.385,"2024平均斑塊面積_ha":18.825,"平均斑塊面積下降率_pct":0.0,"道路切割密度_km_per_km2":2.884,"建成區邊界切割密度_km_per_km2":0.173,"孤立小斑塊比例_pct":4.79,"距大型連續綠地平均距離_m":730.5,"score_面積減少":9.255079006772009,"score_斑塊增加":24.040632054176072,"score_平均斑塊縮小":8.91647855530474,"score_道路建成區切割":14.221218961625283,"score_孤立比例":57.11060948081265,"score_距大型綠地":86.23024830699775,"綜合破碎化分數":33.3,"破碎化等級":"低","判定原因":"面積減少0.0%；斑塊增加0.0%；平均斑塊縮小0.0%；道路密度2.88 km/km²；孤立比例4.8%；距大型綠地730m","2021面積_ha":11.07,"2022面積_ha":12.6,"2023面積_ha":6.84}},{"type":"Feature","geometry":{"type":"Polygon","coordinates":[[[121.70134260505925,24.63922854553807],[121.70139302669763,24.64825667875756],[121.71127120781091,24.64821026038645],[121.7112200761962,24.639182146387476],[121.70134260505925,24.63922854553807]]]},"properties":{"grid_id":"G037_039","綠地類型":"農地","中心經度":121.706307,"中心緯度":24.643719,"分析面積_km2":1.04,"2020面積_ha":4.14,"2024面積_ha":0.0,"面積減少率_pct":100.0,"2020斑塊數":5,"2024斑塊數":0,"斑塊數增加率_pct":0.0,"2020平均斑塊面積_ha":0.846,"2024平均斑塊面積_ha":0.0,"平均斑塊面積下降率_pct":100.0,"道路切割密度_km_per_km2":5.796,"建成區邊界切割密度_km_per_km2":0.0,"孤立小斑塊比例_pct":0.0,"距大型連續綠地平均距離_m":0.0,"score_面積減少":97.62979683972912,"score_斑塊增加":24.040632054176072,"score_平均斑塊縮小":97.62979683972912,"score_道路建成區切割":13.939051918735892,"score_孤立比例":13.656884875846501,"score_距大型綠地":8.803611738148984,"綜合破碎化分數":42.6,"破碎化等級":"低","判定原因":"面積減少100.0%；斑塊增加0.0%；平均斑塊縮小100.0%；道路密度5.80 km/km²；孤立比例0.0%；距大型綠地0m","2021面積_ha":0.0,"2022面積_ha":0.0,"2023面積_ha":0.0}},{"type":"Feature","geometry":{"type":"Polygon","coordinates":[[[121.77048436781098,24.638890127267953],[121.77053975911464,24.647918120300435],[121.78041775854054,24.647867158705655],[121.78036165731791,24.638839186774796],[121.77048436781098,24.638890127267953]]]},"properties":{"grid_id":"G037_046","綠地類型":"農地","中心經度":121.775451,"中心緯度":24.643379,"分析面積_km2":1.04,"2020面積_ha":90.54,"2024面積_ha":77.49,"面積減少率_pct":14.41,"2020斑塊數":1,"2024斑塊數":1,"斑塊數增加率_pct":0.0,"2020平均斑塊面積_ha":325.8,"2024平均斑塊面積_ha":259.02,"平均斑塊面積下降率_pct":20.5,"道路切割密度_km_per_km2":7.757,"建成區邊界切割密度_km_per_km2":5.882,"孤立小斑塊比例_pct":0.0,"距大型連續綠地平均距離_m":0.0,"score_面積減少":41.64785553047404,"score_斑塊增加":24.040632054176072,"score_平均斑塊縮小":24.830699774266364,"score_道路建成區切割":64.22121896162528,"score_孤立比例":13.656884875846501,"score_距大型綠地":8.803611738148984,"綜合破碎化分數":29.5,"破碎化等級":"低","判定原因":"面積減少14.4%；斑塊增加0.0%；平均斑塊縮小20.5%；道路密度7.76 km/km²；孤立比例0.0%；距大型綠地0m","2021面積_ha":88.56,"2022面積_ha":78.39,"2023面積_ha":81.18}},{"type":"Feature","geometry":{"type":"Polygon","coordinates":[[[121.78036165731791,24.638839186774796],[121.78041775854054,24.647867158705655],[121.7902957306274,24.647815548106365],[121.79023891949447,24.638787597545846],[121.78036165731791,24.638839186774796]]]},"properties":{"grid_id":"G037_047","綠地類型":"農地","中心經度":121.785329,"中心緯度":24.643327,"分析面積_km2":1.04,"2020面積_ha":61.38,"2024面積_ha":58.59,"面積減少率_pct":4.55,"2020斑塊數":9,"2024斑塊數":7,"斑塊數增加率_pct":0.0,"2020平均斑塊面積_ha":56.11,"2024平均斑塊面積_ha":52.483,"平均斑塊面積下降率_pct":6.46,"道路切割密度_km_per_km2":8.506,"建成區邊界切割密度_km_per_km2":4.469,"孤立小斑塊比例_pct":2.92,"距大型連續綠地平均距離_m":4.2,"score_面積減少":23.363431151241535,"score_斑塊增加":24.040632054176072,"score_平均斑塊縮小":20.31602708803612,"score_道路建成區切割":60.77878103837472,"score_孤立比例":48.081264108352144,"score_距大型綠地":30.699774266365687,"綜合破碎化分數":34.5,"破碎化等級":"低","判定原因":"面積減少4.5%；斑塊增加0.0%；平均斑塊縮小6.5%；道路密度8.51 km/km²；孤立比例2.9%；距大型綠地4m","2021面積_ha":64.44,"2022面積_ha":57.87,"2023面積_ha":60.93}},{"type":"Feature","geometry":{"type":"Polygon","coordinates":[[[121.81987053858353,24.638628937515936],[121.81992947939456,24.647656822353195],[121.82980733866613,24.647602615808065],[121.82974768798042,24.63857475341597],[121.81987053858353,24.638628937515936]]]},"properties":{"grid_id":"G037_051","綠地類型":"農地","中心經度":121.824839,"中心緯度":24.643116,"分析面積_km2":1.04,"2020面積_ha":70.74,"2024面積_ha":66.51,"面積減少率_pct":5.98,"2020斑塊數":2,"2024斑塊數":3,"斑塊數增加率_pct":50.0,"2020平均斑塊面積_ha":343.8,"2024平均斑塊面積_ha":178.56,"平均斑塊面積下降率_pct":48.06,"道路切割密度_km_per_km2":7.555,"建成區邊界切割密度_km_per_km2":4.758,"孤立小斑塊比例_pct":0.0,"距大型連續綠地平均距離_m":1.8,"score_面積減少":25.28216704288939,"score_斑塊增加":62.75395033860045,"score_平均斑塊縮小":41.534988713318285,"score_道路建成區切割":58.97291196388262,"score_孤立比例":13.656884875846501,"score_距大型綠地":25.95936794582393,"綜合破碎化分數":38.0,"破碎化等級":"低","判定原因":"面積減少6.0%；斑塊增加50.0%；平均斑塊縮小48.1%；道路密度7.55 km/km²；孤立比例0.0%；距大型綠地2m","2021面積_ha":69.84,"2022面積_ha":68.76,"2023面積_ha":67.86}},{"type":"Feature","geometry":{"type":"Polygon","coordinates":[[[121.58285303570537,24.648763070917504],[121.58289495747333,24.657791402910934],[121.59277412101903,24.657752757639653],[121.59273148884283,24.64872444164385],[121.58285303570537,24.648763070917504]]]},"properties":{"grid_id":"G038_027","綠地類型":"農地","中心經度":121.587813,"中心緯度":24.653258,"分析面積_km2":1.04,"2020面積_ha":0.0,"2024面積_ha":0.99,"面積減少率_pct":0.0,"2020斑塊數":0,"2024斑塊數":1,"斑塊數增加率_pct":100.0,"2020平均斑塊面積_ha":0.0,"2024平均斑塊面積_ha":97.47,"平均斑塊面積下降率_pct":0.0,"道路切割密度_km_per_km2":0.779,"建成區邊界切割密度_km_per_km2":0.0,"孤立小斑塊比例_pct":0.0,"距大型連續綠地平均距離_m":0.0,"score_面積減少":9.255079006772009,"score_斑塊增加":78.3295711060948,"score_平均斑塊縮小":8.91647855530474,"score_道路建成區切割":3.837471783295711,"score_孤立比例":13.656884875846501,"score_距大型綠地":8.803611738148984,"綜合破碎化分數":20.5,"破碎化等級":"低","判定原因":"面積減少0.0%；斑塊增加100.0%；平均斑塊縮小0.0%；道路密度0.78 km/km²；孤立比例0.0%；距大型綠地0m","2021面積_ha":0.0,"2022面積_ha":0.0,"2023面積_ha":0.63}},{"type":"Feature","geometry":{"type":"Polygon","coordinates":[[[121.59273148884283,24.64872444164385],[121.59277412101903,24.657752757639653],[121.60265326379248,24.657713462976616],[121.60260992121457,24.648685163247258],[121.59273148884283,24.64872444164385]]]},"properties":{"grid_id":"G038_028","綠地類型":"農地","中心經度":121.597692,"中心緯度":24.653219,"分析面積_km2":1.04,"2020面積_ha":0.0,"2024面積_ha":0.27,"面積減少率_pct":0.0,"2020斑塊數":0,"2024斑塊數":1,"斑塊數增加率_pct":100.0,"2020平均斑塊面積_ha":0.0,"2024平均斑塊面積_ha":97.47,"平均斑塊面積下降率_pct":0.0,"道路切割密度_km_per_km2":0.173,"建成區邊界切割密度_km_per_km2":0.0,"孤立小斑塊比例_pct":0.0,"距大型連續綠地平均距離_m":0.0,"score_面積減少":9.255079006772009,"score_斑塊增加":78.3295711060948,"score_平均斑塊縮小":8.91647855530474,"score_道路建成區切割":3.2731376975169297,"score_孤立比例":13.656884875846501,"score_距大型綠地":8.803611738148984,"綜合破碎化分數":20.4,"破碎化等級":"低","判定原因":"面積減少0.0%；斑塊增加100.0%；平均斑塊縮小0.0%；道路密度0.17 km/km²；孤立比例0.0%；距大型綠地0m","2021面積_ha":0.0,"2022面積_ha":0.18,"2023面積_ha":0.09}},{"type":"Feature","geometry":{"type":"Polygon","coordinates":[[[121.61248833247456,24.64864523573315],[121.61253238544751,24.65767351892724],[121.62241148563804,24.65763292549706],[121.62236672227682,24.648604659107033],[121.61248833247456,24.64864523573315]]]},"properties":{"grid_id":"G038_030","綠地類型":"農地","中心經度":121.61745,"中心緯度":24.653139,"分析面積_km2":1.04,"2020面積_ha":9.63,"2024面積_ha":8.91,"面積減少率_pct":7.48,"2020斑塊數":1,"2024斑塊數":1,"斑塊數增加率_pct":0.0,"2020平均斑塊面積_ha":2574.72,"2024平均斑塊面積_ha":55.35,"平均斑塊面積下降率_pct":97.85,"道路切割密度_km_per_km2":5.623,"建成區邊界切割密度_km_per_km2":0.663,"孤立小斑塊比例_pct":0.0,"距大型連續綠地平均距離_m":0.0,"score_面積減少":28.216704288939056,"score_斑塊增加":24.040632054176072,"score_平均斑塊縮小":89.1647855530474,"score_道路建成區切割":28.047404063205416,"score_孤立比例":13.656884875846501,"score_距大型綠地":8.803611738148984,"綜合破碎化分數":32.0,"破碎化等級":"低","判定原因":"面積減少7.5%；斑塊增加0.0%；平均斑塊縮小97.8%；道路密度5.62 km/km²；孤立比例0.0%；距大型綠地0m","2021面積_ha":10.08,"2022面積_ha":9.09,"2023面積_ha":9.18}},{"type":"Feature","geometry":{"type":"Polygon","coordinates":[[[121.71127120781091,24.64821026038645],[121.71132236434309,24.657238363444048],[121.72120123085328,24.657191276529044],[121.72114936400665,24.64816319296343],[121.71127120781091,24.64821026038645]]]},"properties":{"grid_id":"G038_040","綠地類型":"農地","中心經度":121.716236,"中心緯度":24.652701,"分析面積_km2":1.04,"2020面積_ha":53.64,"2024面積_ha":47.25,"面積減少率_pct":11.91,"2020斑塊數":2,"2024斑塊數":2,"斑塊數增加率_pct":0.0,"2020平均斑塊面積_ha":117.945,"2024平均斑塊面積_ha":78.12,"平均斑塊面積下降率_pct":33.77,"道路切割密度_km_per_km2":9.227,"建成區邊界切割密度_km_per_km2":3.057,"孤立小斑塊比例_pct":0.57,"距大型連續綠地平均距離_m":0.5,"score_面積減少":37.92325056433409,"score_斑塊增加":24.040632054176072,"score_平均斑塊縮小":29.119638826185103,"score_道路建成區切割":56.77200902934538,"score_孤立比例":33.747178329571106,"score_距大型綠地":21.896162528216703,"綜合破碎化分數":33.9,"破碎化等級":"低","判定原因":"面積減少11.9%；斑塊增加0.0%；平均斑塊縮小33.8%；道路密度9.23 km/km²；孤立比例0.6%；距大型綠地0m","2021面積_ha":51.93,"2022面積_ha":39.6,"2023面積_ha":53.73}},{"type":"Feature","geometry":{"type":"Polygon","coordinates":[[[121.72114936400665,24.64816319296343],[121.72120123085328,24.657191276529044],[121.73108007209198,24.65714354029987],[121.73102749493894,24.648115476495004],[121.72114936400665,24.64816319296343]]]},"properties":{"grid_id":"G038_041","綠地類型":"農地","中心經度":121.726115,"中心緯度":24.652653,"分析面積_km2":1.04,"2020面積_ha":24.93,"2024面積_ha":20.25,"面積減少率_pct":18.77,"2020斑塊數":13,"2024斑塊數":6,"斑塊數增加率_pct":0.0,"2020平均斑塊面積_ha":19.108,"2024平均斑塊面積_ha":27.24,"平均斑塊面積下降率_pct":0.0,"道路切割密度_km_per_km2":7.699,"建成區邊界切割密度_km_per_km2":1.298,"孤立小斑塊比例_pct":8.89,"距大型連續綠地平均距離_m":169.2,"score_面積減少":49.09706546275395,"score_斑塊增加":24.040632054176072,"score_平均斑塊縮小":8.91647855530474,"score_道路建成區切割":40.06772009029345,"score_孤立比例":64.78555304740406,"score_距大型綠地":68.84875846501129,"綜合破碎化分數":42.6,"破碎化等級":"低","判定原因":"面積減少18.8%；斑塊增加0.0%；平均斑塊縮小0.0%；道路密度7.70 km/km²；孤立比例8.9%；距大型綠地169m","2021面積_ha":22.23,"2022面積_ha":13.23,"2023面積_ha":14.94}},{"type":"Feature","geometry":{"type":"Polygon","coordinates":[[[121.81005159140031,24.647710379922874],[121.81010985070434,24.656738275966298],[121.81998844892823,24.65668469621706],[121.81992947939456,24.647656822353195],[121.81005159140031,24.647710379922874]]]},"properties":{"grid_id":"G038_050","綠地類型":"農地","中心經度":121.81502,"中心緯度":24.652198,"分析面積_km2":1.04,"2020面積_ha":78.66,"2024面積_ha":77.4,"面積減少率_pct":1.6,"2020斑塊數":2,"2024斑塊數":2,"斑塊數增加率_pct":0.0,"2020平均斑塊面積_ha":307.62,"2024平均斑塊面積_ha":255.42,"平均斑塊面積下降率_pct":16.97,"道路切割密度_km_per_km2":5.334,"建成區邊界切割密度_km_per_km2":2.191,"孤立小斑塊比例_pct":0.12,"距大型連續綠地平均距離_m":0.1,"score_面積減少":19.187358916478555,"score_斑塊增加":24.040632054176072,"score_平均斑塊縮小":24.37923250564334,"score_道路建成區切割":37.3589164785553,"score_孤立比例":27.65237020316027,"score_距大型綠地":18.17155756207675,"綜合破碎化分數":25.1,"破碎化等級":"低","判定原因":"面積減少1.6%；斑塊增加0.0%；平均斑塊縮小17.0%；道路密度5.33 km/km²；孤立比例0.1%；距大型綠地0m","2021面積_ha":79.83,"2022面積_ha":74.97,"2023面積_ha":76.86}},{"type":"Feature","geometry":{"type":"Polygon","coordinates":[[[121.60265326379248,24.657713462976616],[121.6026966274888,24.666741751789097],[121.61257645988498,24.666701791202158],[121.61253238544751,24.65767351892724],[121.60265326379248,24.657713462976616]]]},"properties":{"grid_id":"G039_029","綠地類型":"農地","中心經度":121.607615,"中心緯度":24.662208,"分析面積_km2":1.04,"2020面積_ha":14.4,"2024面積_ha":15.3,"面積減少率_pct":0.0,"2020斑塊數":1,"2024斑塊數":1,"斑塊數增加率_pct":0.0,"2020平均斑塊面積_ha":2574.72,"2024平均斑塊面積_ha":1548.09,"平均斑塊面積下降率_pct":39.87,"道路切割密度_km_per_km2":4.325,"建成區邊界切割密度_km_per_km2":0.519,"孤立小斑塊比例_pct":0.0,"距大型連續綠地平均距離_m":0.0,"score_面積減少":9.255079006772009,"score_斑塊增加":24.040632054176072,"score_平均斑塊縮小":34.08577878103837,"score_道路建成區切割":23.137697516930025,"score_孤立比例":13.656884875846501,"score_距大型綠地":8.803611738148984,"綜合破碎化分數":18.8,"破碎化等級":"低","判定原因":"面積減少0.0%；斑塊增加0.0%；平均斑塊縮小39.9%；道路密度4.33 km/km²；孤立比例0.0%；距大型綠地0m","2021面積_ha":17.1,"2022面積_ha":10.89,"2023面積_ha":14.76}},{"type":"Feature","geometry":{"type":"Polygon","coordinates":[[[121.72120123085328,24.657191276529044],[121.72125312297135,24.666219349147585],[121.73113267486256,24.666171593154893],[121.73108007209198,24.65714354029987],[121.72120123085328,24.657191276529044]]]},"properties":{"grid_id":"G039_041","綠地類型":"農地","中心經度":121.726167,"中心緯度":24.661682,"分析面積_km2":1.04,"2020面積_ha":45.27,"2024面積_ha":40.14,"面積減少率_pct":11.33,"2020斑塊數":6,"2024斑塊數":7,"斑塊數增加率_pct":16.67,"2020平均斑塊面積_ha":40.8,"2024平均斑塊面積_ha":22.461,"平均斑塊面積下降率_pct":44.95,"道路切割密度_km_per_km2":6.661,"建成區邊界切割密度_km_per_km2":1.644,"孤立小斑塊比例_pct":3.14,"距大型連續綠地平均距離_m":8.0,"score_面積減少":36.56884875846501,"score_斑塊增加":49.43566591422122,"score_平均斑塊縮小":38.1489841986456,"score_道路建成區切割":39.27765237020316,"score_孤立比例":48.98419864559819,"score_距大型綠地":34.31151241534989,"綜合破碎化分數":41.1,"破碎化等級":"低","判定原因":"面積減少11.3%；斑塊增加16.7%；平均斑塊縮小45.0%；道路密度6.66 km/km²；孤立比例3.1%；距大型綠地8m","2021面積_ha":41.4,"2022面積_ha":29.61,"2023面積_ha":36.09}},{"type":"Feature","geometry":{"type":"Polygon","coordinates":[[[121.80023122409469,24.656791206463943],[121.80028880119978,24.665819113447952],[121.81016813839409,24.66576616103643],[121.81010985070434,24.656738275966298],[121.80023122409469,24.656791206463943]]]},"properties":{"grid_id":"G039_049","綠地類型":"農地","中心經度":121.8052,"中心緯度":24.661279,"分析面積_km2":1.04,"2020面積_ha":59.22,"2024面積_ha":52.02,"面積減少率_pct":12.16,"2020斑塊數":4,"2024斑塊數":5,"斑塊數增加率_pct":25.0,"2020平均斑塊面積_ha":162.833,"2024平均斑塊面積_ha":105.48,"平均斑塊面積下降率_pct":35.22,"道路切割密度_km_per_km2":9.285,"建成區邊界切割密度_km_per_km2":2.364,"孤立小斑塊比例_pct":0.52,"距大型連續綠地平均距離_m":13.8,"score_面積減少":38.1489841986456,"score_斑塊增加":52.934537246049665,"score_平均斑塊縮小":30.248306997742663,"score_道路建成區切割":54.1196388261851,"score_孤立比例":33.182844243792324,"score_距大型綠地":40.85778781038375,"綜合破碎化分數":41.6,"破碎化等級":"低","判定原因":"面積減少12.2%；斑塊增加25.0%；平均斑塊縮小35.2%；道路密度9.29 km/km²；孤立比例0.5%；距大型綠地14m","2021面積_ha":58.5,"2022面積_ha":55.53,"2023面積_ha":48.6}},{"type":"Feature","geometry":{"type":"Polygon","coordinates":[[[121.6026966274888,24.666741751789097],[121.6027400123102,24.675770029681754],[121.61262055579375,24.67573005255493],[121.61257645988498,24.666701791202158],[121.6026966274888,24.666741751789097]]]},"properties":{"grid_id":"G040_029","綠地類型":"農地","中心經度":121.607658,"中心緯度":24.671236,"分析面積_km2":1.04,"2020面積_ha":1.26,"2024面積_ha":1.44,"面積減少率_pct":0.0,"2020斑塊數":3,"2024斑塊數":1,"斑塊數增加率_pct":0.0,"2020平均斑塊面積_ha":3.9,"2024平均斑塊面積_ha":2.43,"平均斑塊面積下降率_pct":37.69,"道路切割密度_km_per_km2":5.998,"建成區邊界切割密度_km_per_km2":0.0,"孤立小斑塊比例_pct":0.0,"距大型連續綠地平均距離_m":498.2,"score_面積減少":9.255079006772009,"score_斑塊增加":24.040632054176072,"score_平均斑塊縮小":31.60270880361174,"score_道路建成區切割":14.785553047404063,"score_孤立比例":13.656884875846501,"score_距大型綠地":81.26410835214448,"綜合破碎化分數":29.1,"破碎化等級":"低","判定原因":"面積減少0.0%；斑塊增加0.0%；平均斑塊縮小37.7%；道路密度6.00 km/km²；孤立比例0.0%；距大型綠地498m","2021面積_ha":3.24,"2022面積_ha":1.44,"2023面積_ha":1.62}},{"type":"Feature","geometry":{"type":"Polygon","coordinates":[[[121.62245627080986,24.666661180965566],[121.6225010777992,24.675689425509574],[121.63238157798024,24.675648148551293],[121.63233605991721,24.66661992108493],[121.62245627080986,24.666661180965566]]]},"properties":{"grid_id":"G040_031","綠地類型":"農地","中心經度":121.627419,"中心緯度":24.671155,"分析面積_km2":1.04,"2020面積_ha":82.44,"2024面積_ha":78.3,"面積減少率_pct":5.02,"2020斑塊數":1,"2024斑塊數":2,"斑塊數增加率_pct":100.0,"2020平均斑塊面積_ha":2574.72,"2024平均斑塊面積_ha":774.09,"平均斑塊面積下降率_pct":69.93,"道路切割密度_km_per_km2":6.747,"建成區邊界切割密度_km_per_km2":3.633,"孤立小斑塊比例_pct":0.11,"距大型連續綠地平均距離_m":0.1,"score_面積減少":24.266365688487586,"score_斑塊增加":78.3295711060948,"score_平均斑塊縮小":62.8668171557562,"score_道路建成區切割":50.45146726862302,"score_孤立比例":27.313769751693002,"score_距大型綠地":18.17155756207675,"綜合破碎化分數":43.6,"破碎化等級":"低","判定原因":"面積減少5.0%；斑塊增加100.0%；平均斑塊縮小69.9%；道路密度6.75 km/km²；孤立比例0.1%；距大型綠地0m","2021面積_ha":78.57,"2022面積_ha":80.91,"2023面積_ha":84.78}},{"type":"Feature","geometry":{"type":"Polygon","coordinates":[[[121.63233605991721,24.66661992108493],[121.63238157798024,24.675648148551293],[121.64226205599051,24.67560622168579],[121.64221582686083,24.666578011565946],[121.63233605991721,24.66661992108493]]]},"properties":{"grid_id":"G040_032","綠地類型":"農地","中心經度":121.637299,"中心緯度":24.671113,"分析面積_km2":1.04,"2020面積_ha":87.93,"2024面積_ha":71.64,"面積減少率_pct":18.53,"2020斑塊數":1,"2024斑塊數":1,"斑塊數增加率_pct":0.0,"2020平均斑塊面積_ha":2574.72,"2024平均斑塊面積_ha":1548.09,"平均斑塊面積下降率_pct":39.87,"道路切割密度_km_per_km2":9.544,"建成區邊界切割密度_km_per_km2":6.113,"孤立小斑塊比例_pct":0.0,"距大型連續綠地平均距離_m":0.0,"score_面積減少":48.645598194130926,"score_斑塊增加":24.040632054176072,"score_平均斑塊縮小":34.08577878103837,"score_道路建成區切割":73.64559819413093,"score_孤立比例":13.656884875846501,"score_距大型綠地":8.803611738148984,"綜合破碎化分數":33.8,"破碎化等級":"低","判定原因":"面積減少18.5%；斑塊增加0.0%；平均斑塊縮小39.9%；道路密度9.54 km/km²；孤立比例0.0%；距大型綠地0m","2021面積_ha":84.69,"2022面積_ha":77.94,"2023面積_ha":82.89}},{"type":"Feature","geometry":{"type":"Polygon","coordinates":[[[121.64221582686083,24.666578011565946],[121.64226205599051,24.67560622168579],[121.65214251148373,24.675563644918867],[121.6520955712945,24.666535452414415],[121.64221582686083,24.666578011565946]]]},"properties":{"grid_id":"G040_033","綠地類型":"農地","中心經度":121.647179,"中心緯度":24.671071,"分析面積_km2":1.04,"2020面積_ha":80.1,"2024面積_ha":56.97,"面積減少率_pct":28.88,"2020斑塊數":1,"2024斑塊數":1,"斑塊數增加率_pct":0.0,"2020平均斑塊面積_ha":2574.72,"2024平均斑塊面積_ha":1548.09,"平均斑塊面積下降率_pct":39.87,"道路切割密度_km_per_km2":10.784,"建成區邊界切割密度_km_per_km2":6.171,"孤立小斑塊比例_pct":0.0,"距大型連續綠地平均距離_m":0.0,"score_面積減少":63.20541760722348,"score_斑塊增加":24.040632054176072,"score_平均斑塊縮小":34.08577878103837,"score_道路建成區切割":81.20767494356659,"score_孤立比例":13.656884875846501,"score_距大型綠地":8.803611738148984,"綜合破碎化分數":37.5,"破碎化等級":"低","判定原因":"面積減少28.9%；斑塊增加0.0%；平均斑塊縮小39.9%；道路密度10.78 km/km²；孤立比例0.0%；距大型綠地0m","2021面積_ha":77.4,"2022面積_ha":58.14,"2023面積_ha":64.62}},{"type":"Feature","geometry":{"type":"Polygon","coordinates":[[[121.6520955712945,24.666535452414415],[121.65214251148373,24.675563644918867],[121.66202294411359,24.675520418256404],[121.66197529287203,24.666492243636213],[121.6520955712945,24.666535452414415]]]},"properties":{"grid_id":"G040_034","綠地類型":"農地","中心經度":121.657059,"中心緯度":24.671028,"分析面積_km2":1.04,"2020面積_ha":56.16,"2024面積_ha":49.95,"面積減少率_pct":11.06,"2020斑塊數":1,"2024斑塊數":1,"斑塊數增加率_pct":0.0,"2020平均斑塊面積_ha":2574.72,"2024平均斑塊面積_ha":1548.09,"平均斑塊面積下降率_pct":39.87,"道路切割密度_km_per_km2":11.246,"建成區邊界切割密度_km_per_km2":4.383,"孤立小斑塊比例_pct":0.0,"距大型連續綠地平均距離_m":0.0,"score_面積減少":35.89164785553047,"score_斑塊增加":24.040632054176072,"score_平均斑塊縮小":34.08577878103837,"score_道路建成區切割":74.94356659142213,"score_孤立比例":13.656884875846501,"score_距大型綠地":8.803611738148984,"綜合破碎化分數":31.9,"破碎化等級":"低","判定原因":"面積減少11.1%；斑塊增加0.0%；平均斑塊縮小39.9%；道路密度11.25 km/km²；孤立比例0.0%；距大型綠地0m","2021面積_ha":53.01,"2022面積_ha":43.56,"2023面積_ha":54.36}},{"type":"Feature","geometry":{"type":"Polygon","coordinates":[[[121.81016813839409,24.66576616103643],[121.81022645447858,24.67479403513029],[121.82010647419993,24.674740411012635],[121.82004744719366,24.665712559104538],[121.81016813839409,24.66576616103643]]]},"properties":{"grid_id":"G040_050","綠地類型":"農地","中心經度":121.815137,"中心緯度":24.670253,"分析面積_km2":1.04,"2020面積_ha":22.23,"2024面積_ha":16.29,"面積減少率_pct":26.72,"2020斑塊數":5,"2024斑塊數":4,"斑塊數增加率_pct":0.0,"2020平均斑塊面積_ha":23.058,"2024平均斑塊面積_ha":15.682,"平均斑塊面積下降率_pct":31.99,"道路切割密度_km_per_km2":7.007,"建成區邊界切割密度_km_per_km2":1.009,"孤立小斑塊比例_pct":0.0,"距大型連續綠地平均距離_m":79.2,"score_面積減少":60.496613995485326,"score_斑塊增加":24.040632054176072,"score_平均斑塊縮小":28.442437923250562,"score_道路建成區切割":36.3431151241535,"score_孤立比例":13.656884875846501,"score_距大型綠地":60.270880361173816,"綜合破碎化分數":37.2,"破碎化等級":"低","判定原因":"面積減少26.7%；斑塊增加0.0%；平均斑塊縮小32.0%；道路密度7.01 km/km²；孤立比例0.0%；距大型綠地79m","2021面積_ha":19.35,"2022面積_ha":12.96,"2023面積_ha":10.71}},{"type":"Feature","geometry":{"type":"Polygon","coordinates":[[[121.65214251148373,24.675563644918867],[121.65218947453634,24.68459182648859],[121.66207061856478,24.684548581939357],[121.66202294411359,24.675520418256404],[121.65214251148373,24.675563644918867]]]},"properties":{"grid_id":"G041_034","綠地類型":"農地","中心經度":121.657106,"中心緯度":24.680056,"分析面積_km2":1.04,"2020面積_ha":66.96,"2024面積_ha":55.35,"面積減少率_pct":17.34,"2020斑塊數":2,"2024斑塊數":2,"斑塊數增加率_pct":0.0,"2020平均斑塊面積_ha":1287.405,"2024平均斑塊面積_ha":774.225,"平均斑塊面積下降率_pct":39.86,"道路切割密度_km_per_km2":10.9,"建成區邊界切割密度_km_per_km2":5.334,"孤立小斑塊比例_pct":0.65,"距大型連續綠地平均距離_m":0.6,"score_面積減少":45.598194130925506,"score_斑塊增加":24.040632054176072,"score_平均斑塊縮小":33.182844243792324,"score_道路建成區切割":78.21670428893904,"score_孤立比例":34.31151241534989,"score_距大型綠地":22.460496613995485,"綜合破碎化分數":39.6,"破碎化等級":"低","判定原因":"面積減少17.3%；斑塊增加0.0%；平均斑塊縮小39.9%；道路密度10.90 km/km²；孤立比例0.7%；距大型綠地1m","2021面積_ha":69.93,"2022面積_ha":50.49,"2023面積_ha":60.66}},{"type":"Feature","geometry":{"type":"Polygon","coordinates":[[[121.66202294411359,24.675520418256404],[121.66207061856478,24.684548581939357],[121.67195173937624,24.68450468723165],[121.67190335353375,24.675476541704374],[121.66202294411359,24.675520418256404]]]},"properties":{"grid_id":"G041_035","綠地類型":"農地","中心經度":121.666987,"中心緯度":24.680013,"分析面積_km2":1.04,"2020面積_ha":82.08,"2024面積_ha":66.51,"面積減少率_pct":18.97,"2020斑塊數":2,"2024斑塊數":1,"斑塊數增加率_pct":0.0,"2020平均斑塊面積_ha":1287.405,"2024平均斑塊面積_ha":1548.09,"平均斑塊面積下降率_pct":0.0,"道路切割密度_km_per_km2":11.765,"建成區邊界切割密度_km_per_km2":6.632,"孤立小斑塊比例_pct":0.0,"距大型連續綠地平均距離_m":0.0,"score_面積減少":49.887133182844245,"score_斑塊增加":24.040632054176072,"score_平均斑塊縮小":8.91647855530474,"score_道路建成區切割":86.62528216704288,"score_孤立比例":13.656884875846501,"score_距大型綠地":8.803611738148984,"綜合破碎化分數":32.0,"破碎化等級":"低","判定原因":"面積減少19.0%；斑塊增加0.0%；平均斑塊縮小0.0%；道路密度11.77 km/km²；孤立比例0.0%；距大型綠地0m","2021面積_ha":81.45,"2022面積_ha":65.16,"2023面積_ha":78.48}},{"type":"Feature","geometry":{"type":"Polygon","coordinates":[[[121.67195173937624,24.68450468723165],[121.67200014878219,24.69353282181619],[121.68188195776042,24.69348825852893],[121.68183283662425,24.68446014237155],[121.67195173937624,24.68450468723165]]]},"properties":{"grid_id":"G042_036","綠地類型":"農地","中心經度":121.676917,"中心緯度":24.688997,"分析面積_km2":1.04,"2020面積_ha":73.71,"2024面積_ha":75.42,"面積減少率_pct":0.0,"2020斑塊數":1,"2024斑塊數":1,"斑塊數增加率_pct":0.0,"2020平均斑塊面積_ha":2574.72,"2024平均斑塊面積_ha":1548.09,"平均斑塊面積下降率_pct":39.87,"道路切割密度_km_per_km2":10.265,"建成區邊界切割密度_km_per_km2":4.96,"孤立小斑塊比例_pct":0.0,"距大型連續綠地平均距離_m":0.0,"score_面積減少":9.255079006772009,"score_斑塊增加":24.040632054176072,"score_平均斑塊縮小":34.08577878103837,"score_道路建成區切割":73.36343115124154,"score_孤立比例":13.656884875846501,"score_距大型綠地":8.803611738148984,"綜合破碎化分數":27.2,"破碎化等級":"低","判定原因":"面積減少0.0%；斑塊增加0.0%；平均斑塊縮小39.9%；道路密度10.27 km/km²；孤立比例0.0%；距大型綠地0m","2021面積_ha":72.9,"2022面積_ha":66.33,"2023面積_ha":80.55}},{"type":"Feature","geometry":{"type":"Polygon","coordinates":[[[121.68183283662425,24.68446014237155],[121.68188195776042,24.69348825852893],[121.69176374282128,24.693443044826477],[121.69171390996242,24.68441494736518],[121.68183283662425,24.68446014237155]]]},"properties":{"grid_id":"G042_037","綠地類型":"農地","中心經度":121.686798,"中心緯度":24.688952,"分析面積_km2":1.04,"2020面積_ha":86.76,"2024面積_ha":76.59,"面積減少率_pct":11.72,"2020斑塊數":1,"2024斑塊數":1,"斑塊數增加率_pct":0.0,"2020平均斑塊面積_ha":2574.72,"2024平均斑塊面積_ha":1548.09,"平均斑塊面積下降率_pct":39.87,"道路切割密度_km_per_km2":9.602,"建成區邊界切割密度_km_per_km2":5.94,"孤立小斑塊比例_pct":0.0,"距大型連續綠地平均距離_m":0.0,"score_面積減少":37.020316027088036,"score_斑塊增加":24.040632054176072,"score_平均斑塊縮小":34.08577878103837,"score_道路建成區切割":73.08126410835214,"score_孤立比例":13.656884875846501,"score_距大型綠地":8.803611738148984,"綜合破碎化分數":31.8,"破碎化等級":"低","判定原因":"面積減少11.7%；斑塊增加0.0%；平均斑塊縮小39.9%；道路密度9.60 km/km²；孤立比例0.0%；距大型綠地0m","2021面積_ha":81.9,"2022面積_ha":75.51,"2023面積_ha":80.46}},{"type":"Feature","geometry":{"type":"Polygon","coordinates":[[[121.69171390996242,24.68441494736518],[121.69176374282128,24.693443044826477],[121.70164550361817,24.69339718071509],[121.70159495904434,24.68436910221882],[121.69171390996242,24.68441494736518]]]},"properties":{"grid_id":"G042_038","綠地類型":"農地","中心經度":121.69668,"中心緯度":24.688906,"分析面積_km2":1.04,"2020面積_ha":63.45,"2024面積_ha":51.84,"面積減少率_pct":18.3,"2020斑塊數":2,"2024斑塊數":2,"斑塊數增加率_pct":0.0,"2020平均斑塊面積_ha":1287.585,"2024平均斑塊面積_ha":774.27,"平均斑塊面積下降率_pct":39.87,"道路切割密度_km_per_km2":8.968,"建成區邊界切割密度_km_per_km2":5.94,"孤立小斑塊比例_pct":0.87,"距大型連續綠地平均距離_m":1.5,"score_面積減少":48.081264108352144,"score_斑塊增加":24.040632054176072,"score_平均斑塊縮小":34.08577878103837,"score_道路建成區切割":69.52595936794582,"score_孤立比例":36.11738148984199,"score_距大型綠地":24.830699774266364,"綜合破碎化分數":39.4,"破碎化等級":"低","判定原因":"面積減少18.3%；斑塊增加0.0%；平均斑塊縮小39.9%；道路密度8.97 km/km²；孤立比例0.9%；距大型綠地2m","2021面積_ha":53.01,"2022面積_ha":50.49,"2023面積_ha":52.74}},{"type":"Feature","geometry":{"type":"Polygon","coordinates":[[[121.81028479896675,24.68382189824488],[121.8103431718676,24.6928497503772],[121.82022461447129,24.69279608187872],[121.8201655299561,24.68376825193836],[121.81028479896675,24.68382189824488]]]},"properties":{"grid_id":"G042_050","綠地類型":"農地","中心經度":121.815255,"中心緯度":24.688309,"分析面積_km2":1.04,"2020面積_ha":44.1,"2024面積_ha":38.88,"面積減少率_pct":11.84,"2020斑塊數":7,"2024斑塊數":7,"斑塊數增加率_pct":0.0,"2020平均斑塊面積_ha":63.553,"2024平均斑塊面積_ha":39.266,"平均斑塊面積下降率_pct":38.22,"道路切割密度_km_per_km2":7.901,"建成區邊界切割密度_km_per_km2":3.345,"孤立小斑塊比例_pct":8.33,"距大型連續綠地平均距離_m":19.1,"score_面積減少":37.471783295711056,"score_斑塊增加":24.040632054176072,"score_平均斑塊縮小":32.05417607223476,"score_道路建成區切割":52.48306997742664,"score_孤立比例":63.6568848758465,"score_距大型綠地":42.88939051918736,"綜合破碎化分數":42.1,"破碎化等級":"低","判定原因":"面積減少11.8%；斑塊增加0.0%；平均斑塊縮小38.2%；道路密度7.90 km/km²；孤立比例8.3%；距大型綠地19m","2021面積_ha":42.48,"2022面積_ha":43.47,"2023面積_ha":33.93}},{"type":"Feature","geometry":{"type":"Polygon","coordinates":[[[121.8201655299561,24.68376825193836],[121.82022461447129,24.69279608187872],[121.83010602830687,24.692741763060713],[121.83004623218645,24.68371395558122],[121.8201655299561,24.68376825193836]]]},"properties":{"grid_id":"G042_051","綠地類型":"農地","中心經度":121.825136,"中心緯度":24.688255,"分析面積_km2":1.04,"2020面積_ha":0.18,"2024面積_ha":0.0,"面積減少率_pct":100.0,"2020斑塊數":2,"2024斑塊數":0,"斑塊數增加率_pct":0.0,"2020平均斑塊面積_ha":0.09,"2024平均斑塊面積_ha":0.0,"平均斑塊面積下降率_pct":100.0,"道路切割密度_km_per_km2":6.574,"建成區邊界切割密度_km_per_km2":0.0,"孤立小斑塊比例_pct":0.0,"距大型連續綠地平均距離_m":0.0,"score_面積減少":97.62979683972912,"score_斑塊增加":24.040632054176072,"score_平均斑塊縮小":97.62979683972912,"score_道路建成區切割":16.93002257336343,"score_孤立比例":13.656884875846501,"score_距大型綠地":8.803611738148984,"綜合破碎化分數":43.1,"破碎化等級":"低","判定原因":"面積減少100.0%；斑塊增加0.0%；平均斑塊縮小100.0%；道路密度6.57 km/km²；孤立比例0.0%；距大型綠地0m","2021面積_ha":0.27,"2022面積_ha":0.0,"2023面積_ha":0.0}},{"type":"Feature","geometry":{"type":"Polygon","coordinates":[[[121.62259075725807,24.693745881812273],[121.62263562974138,24.702774093565044],[121.63251826522179,24.7027327653595],[121.63247268062551,24.693704570691537],[121.62259075725807,24.693745881812273]]]},"properties":{"grid_id":"G043_031","綠地類型":"農地","中心經度":121.627554,"中心緯度":24.698239,"分析面積_km2":1.04,"2020面積_ha":0.36,"2024面積_ha":0.72,"面積減少率_pct":0.0,"2020斑塊數":1,"2024斑塊數":1,"斑塊數增加率_pct":0.0,"2020平均斑塊面積_ha":31.23,"2024平均斑塊面積_ha":30.96,"平均斑塊面積下降率_pct":0.86,"道路切割密度_km_per_km2":0.721,"建成區邊界切割密度_km_per_km2":0.087,"孤立小斑塊比例_pct":0.0,"距大型連續綠地平均距離_m":0.0,"score_面積減少":9.255079006772009,"score_斑塊增加":24.040632054176072,"score_平均斑塊縮小":18.058690744920995,"score_道路建成區切割":9.650112866817157,"score_孤立比例":13.656884875846501,"score_距大型綠地":8.803611738148984,"綜合破碎化分數":13.9,"破碎化等級":"低","判定原因":"面積減少0.0%；斑塊增加0.0%；平均斑塊縮小0.9%；道路密度0.72 km/km²；孤立比例0.0%；距大型綠地0m","2021面積_ha":0.72,"2022面積_ha":0.0,"2023面積_ha":0.63}},{"type":"Feature","geometry":{"type":"Polygon","coordinates":[[[121.66211831623305,24.69357673468211],[121.66216603712567,24.7026048764817],[121.67204858175901,24.702560945455026],[121.67200014878219,24.69353282181619],[121.66211831623305,24.69357673468211]]]},"properties":{"grid_id":"G043_035","綠地類型":"農地","中心經度":121.667083,"中心緯度":24.698069,"分析面積_km2":1.04,"2020面積_ha":28.71,"2024面積_ha":27.09,"面積減少率_pct":5.64,"2020斑塊數":5,"2024斑塊數":7,"斑塊數增加率_pct":40.0,"2020平均斑塊面積_ha":515.322,"2024平均斑塊面積_ha":222.21,"平均斑塊面積下降率_pct":56.88,"道路切割密度_km_per_km2":5.796,"建成區邊界切割密度_km_per_km2":0.75,"孤立小斑塊比例_pct":2.33,"距大型連續綠地平均距離_m":18.6,"score_面積減少":24.830699774266364,"score_斑塊增加":58.80361173814899,"score_平均斑塊縮小":51.24153498871332,"score_道路建成區切割":29.966139954853276,"score_孤立比例":45.372460496613996,"score_距大型綠地":42.43792325056434,"綜合破碎化分數":42.1,"破碎化等級":"低","判定原因":"面積減少5.6%；斑塊增加40.0%；平均斑塊縮小56.9%；道路密度5.80 km/km²；孤立比例2.3%；距大型綠地19m","2021面積_ha":23.49,"2022面積_ha":17.28,"2023面積_ha":21.15}},{"type":"Feature","geometry":{"type":"Polygon","coordinates":[[[121.67200014878219,24.69353282181619],[121.67204858175901,24.702560945455026],[121.68193110281405,24.70251636373803],[121.68188195776042,24.69348825852893],[121.67200014878219,24.69353282181619]]]},"properties":{"grid_id":"G043_036","綠地類型":"農地","中心經度":121.676965,"中心緯度":24.698025,"分析面積_km2":1.04,"2020面積_ha":68.58,"2024面積_ha":60.93,"面積減少率_pct":11.15,"2020斑塊數":3,"2024斑塊數":2,"斑塊數增加率_pct":0.0,"2020平均斑塊面積_ha":859.08,"2024平均斑塊面積_ha":774.135,"平均斑塊面積下降率_pct":9.89,"道路切割密度_km_per_km2":5.046,"建成區邊界切割密度_km_per_km2":1.644,"孤立小斑塊比例_pct":0.3,"距大型連續綠地平均距離_m":0.4,"score_面積減少":36.11738148984199,"score_斑塊增加":24.040632054176072,"score_平均斑塊縮小":21.21896162528217,"score_道路建成區切割":33.35214446952596,"score_孤立比例":31.15124153498871,"score_距大型綠地":21.21896162528217,"綜合破碎化分數":27.8,"破碎化等級":"低","判定原因":"面積減少11.2%；斑塊增加0.0%；平均斑塊縮小9.9%；道路密度5.05 km/km²；孤立比例0.3%；距大型綠地0m","2021面積_ha":68.13,"2022面積_ha":66.78,"2023面積_ha":62.46}},{"type":"Feature","geometry":{"type":"Polygon","coordinates":[[[121.68188195776042,24.69348825852893],[121.68193110281405,24.70251636373803],[121.69181359994404,24.70247113133687],[121.69176374282128,24.693443044826477],[121.68188195776042,24.69348825852893]]]},"properties":{"grid_id":"G043_037","綠地類型":"農地","中心經度":121.686848,"中心緯度":24.69798,"分析面積_km2":1.04,"2020面積_ha":64.53,"2024面積_ha":62.1,"面積減少率_pct":3.77,"2020斑塊數":2,"2024斑塊數":1,"斑塊數增加率_pct":0.0,"2020平均斑塊面積_ha":1287.405,"2024平均斑塊面積_ha":1548.09,"平均斑塊面積下降率_pct":0.0,"道路切割密度_km_per_km2":7.872,"建成區邊界切割密度_km_per_km2":4.758,"孤立小斑塊比例_pct":0.0,"距大型連續綠地平均距離_m":0.0,"score_面積減少":22.23476297968397,"score_斑塊增加":24.040632054176072,"score_平均斑塊縮小":8.91647855530474,"score_道路建成區切割":60.38374717832957,"score_孤立比例":13.656884875846501,"score_距大型綠地":8.803611738148984,"綜合破碎化分數":23.0,"破碎化等級":"低","判定原因":"面積減少3.8%；斑塊增加0.0%；平均斑塊縮小0.0%；道路密度7.87 km/km²；孤立比例0.0%；距大型綠地0m","2021面積_ha":76.05,"2022面積_ha":60.57,"2023面積_ha":54.9}},{"type":"Feature","geometry":{"type":"Polygon","coordinates":[[[121.70164550361817,24.69339718071509],[121.70169607280246,24.702425248257807],[121.71157852104265,24.702378714507166],[121.71152723980465,24.6933506662011],[121.70164550361817,24.69339718071509]]]},"properties":{"grid_id":"G043_039","綠地類型":"農地","中心經度":121.706612,"中心緯度":24.697888,"分析面積_km2":1.04,"2020面積_ha":43.56,"2024面積_ha":31.77,"面積減少率_pct":27.07,"2020斑塊數":9,"2024斑塊數":3,"斑塊數增加率_pct":0.0,"2020平均斑塊面積_ha":286.38,"2024平均斑塊面積_ha":517.02,"平均斑塊面積下降率_pct":0.0,"道路切割密度_km_per_km2":7.036,"建成區邊界切割密度_km_per_km2":3.662,"孤立小斑塊比例_pct":1.13,"距大型連續綠地平均距離_m":20.7,"score_面積減少":61.39954853273137,"score_斑塊增加":24.040632054176072,"score_平均斑塊縮小":8.91647855530474,"score_道路建成區切割":51.24153498871332,"score_孤立比例":38.93905191873589,"score_距大型綠地":43.792325056433405,"綜合破碎化分數":38.1,"破碎化等級":"低","判定原因":"面積減少27.1%；斑塊增加0.0%；平均斑塊縮小0.0%；道路密度7.04 km/km²；孤立比例1.1%；距大型綠地21m","2021面積_ha":49.86,"2022面積_ha":35.64,"2023面積_ha":39.24}},{"type":"Feature","geometry":{"type":"Polygon","coordinates":[[[121.80046170084222,24.692902768548745],[121.80051939019498,24.70193063162197],[121.81040157319012,24.701877591524276],[121.8103431718676,24.6928497503772],[121.80046170084222,24.692902768548745]]]},"properties":{"grid_id":"G043_049","綠地類型":"農地","中心經度":121.805431,"中心緯度":24.69739,"分析面積_km2":1.04,"2020面積_ha":38.88,"2024面積_ha":34.29,"面積減少率_pct":11.81,"2020斑塊數":5,"2024斑塊數":3,"斑塊數增加率_pct":0.0,"2020平均斑塊面積_ha":80.352,"2024平均斑塊面積_ha":95.61,"平均斑塊面積下降率_pct":0.0,"道路切割密度_km_per_km2":10.727,"建成區邊界切割密度_km_per_km2":4.152,"孤立小斑塊比例_pct":0.0,"距大型連續綠地平均距離_m":1.3,"score_面積減少":37.24604966139955,"score_斑塊增加":24.040632054176072,"score_平均斑塊縮小":8.91647855530474,"score_道路建成區切割":70.6546275395034,"score_孤立比例":13.656884875846501,"score_距大型綠地":23.927765237020317,"綜合破碎化分數":29.7,"破碎化等級":"低","判定原因":"面積減少11.8%；斑塊增加0.0%；平均斑塊縮小0.0%；道路密度10.73 km/km²；孤立比例0.0%；距大型綠地1m","2021面積_ha":43.2,"2022面積_ha":28.35,"2023面積_ha":27.99}},{"type":"Feature","geometry":{"type":"Polygon","coordinates":[[[121.8103431718676,24.6928497503772],[121.81040157319012,24.701877591524276],[121.82028372775457,24.70182390083072],[121.82022461447129,24.69279608187872],[121.8103431718676,24.6928497503772]]]},"properties":{"grid_id":"G043_050","綠地類型":"農地","中心經度":121.815313,"中心緯度":24.697337,"分析面積_km2":1.04,"2020面積_ha":51.21,"2024面積_ha":46.35,"面積減少率_pct":9.49,"2020斑塊數":2,"2024斑塊數":3,"斑塊數增加率_pct":50.0,"2020平均斑塊面積_ha":218.025,"2024平均斑塊面積_ha":94.89,"平均斑塊面積下降率_pct":56.48,"道路切割密度_km_per_km2":8.276,"建成區邊界切割密度_km_per_km2":4.815,"孤立小斑塊比例_pct":0.0,"距大型連續綠地平均距離_m":2.1,"score_面積減少":31.15124153498871,"score_斑塊增加":62.75395033860045,"score_平均斑塊縮小":51.0158013544018,"score_道路建成區切割":62.30248306997743,"score_孤立比例":13.656884875846501,"score_距大型綠地":26.975169300225733,"綜合破碎化分數":41.3,"破碎化等級":"低","判定原因":"面積減少9.5%；斑塊增加50.0%；平均斑塊縮小56.5%；道路密度8.28 km/km²；孤立比例0.0%；距大型綠地2m","2021面積_ha":51.3,"2022面積_ha":47.52,"2023面積_ha":42.84}},{"type":"Feature","geometry":{"type":"Polygon","coordinates":[[[121.67204858175901,24.702560945455026],[121.67209703831422,24.711589058145183],[121.6819802717926,24.711544457995874],[121.68193110281405,24.70251636373803],[121.67204858175901,24.702560945455026]]]},"properties":{"grid_id":"G044_036","綠地類型":"農地","中心經度":121.677014,"中心緯度":24.707053,"分析面積_km2":1.04,"2020面積_ha":3.69,"2024面積_ha":4.77,"面積減少率_pct":0.0,"2020斑塊數":4,"2024斑塊數":3,"斑塊數增加率_pct":0.0,"2020平均斑塊面積_ha":3.397,"2024平均斑塊面積_ha":2.01,"平均斑塊面積下降率_pct":40.84,"道路切割密度_km_per_km2":3.864,"建成區邊界切割密度_km_per_km2":0.49,"孤立小斑塊比例_pct":20.75,"距大型連續綠地平均距離_m":358.9,"score_面積減少":9.255079006772009,"score_斑塊增加":24.040632054176072,"score_平均斑塊縮小":34.988713318284425,"score_道路建成區切割":21.613995485327315,"score_孤立比例":78.55530474040631,"score_距大型綠地":76.52370203160271,"綜合破碎化分數":40.8,"破碎化等級":"低","判定原因":"面積減少0.0%；斑塊增加0.0%；平均斑塊縮小40.8%；道路密度3.86 km/km²；孤立比例20.8%；距大型綠地359m","2021面積_ha":3.33,"2022面積_ha":2.61,"2023面積_ha":2.61}},{"type":"Feature","geometry":{"type":"Polygon","coordinates":[[[121.79063717911572,24.70198302111646],[121.79069418422732,24.711010894864753],[121.8005771076318,24.710958483710016],[121.80051939019498,24.70193063162197],[121.79063717911572,24.70198302111646]]]},"properties":{"grid_id":"G044_048","綠地類型":"農地","中心經度":121.795607,"中心緯度":24.706471,"分析面積_km2":1.04,"2020面積_ha":57.15,"2024面積_ha":36.09,"面積減少率_pct":36.85,"2020斑塊數":6,"2024斑塊數":6,"斑塊數增加率_pct":0.0,"2020平均斑塊面積_ha":68.01,"2024平均斑塊面積_ha":50.115,"平均斑塊面積下降率_pct":26.31,"道路切割密度_km_per_km2":8.362,"建成區邊界切割密度_km_per_km2":5.94,"孤立小斑塊比例_pct":0.0,"距大型連續綠地平均距離_m":78.4,"score_面積減少":71.78329571106094,"score_斑塊增加":24.040632054176072,"score_平均斑塊縮小":25.95936794582393,"score_道路建成區切割":66.93002257336343,"score_孤立比例":13.656884875846501,"score_距大型綠地":60.0451467268623,"綜合破碎化分數":43.7,"破碎化等級":"低","判定原因":"面積減少36.9%；斑塊增加0.0%；平均斑塊縮小26.3%；道路密度8.36 km/km²；孤立比例0.0%；距大型綠地78m","2021面積_ha":55.71,"2022面積_ha":40.23,"2023面積_ha":39.96}},{"type":"Feature","geometry":{"type":"Polygon","coordinates":[[[121.65233050094672,24.71167630555971],[121.65237755552519,24.720704443360862],[121.66226154861344,24.72066112723952],[121.66221378125002,24.711633007335156],[121.65233050094672,24.71167630555971]]]},"properties":{"grid_id":"G045_034","綠地類型":"農地","中心經度":121.657296,"中心緯度":24.716169,"分析面積_km2":1.04,"2020面積_ha":0.27,"2024面積_ha":0.0,"面積減少率_pct":100.0,"2020斑塊數":2,"2024斑塊數":0,"斑塊數增加率_pct":0.0,"2020平均斑塊面積_ha":2.745,"2024平均斑塊面積_ha":0.0,"平均斑塊面積下降率_pct":100.0,"道路切割密度_km_per_km2":0.26,"建成區邊界切割密度_km_per_km2":0.0,"孤立小斑塊比例_pct":0.0,"距大型連續綠地平均距離_m":0.0,"score_面積減少":97.62979683972912,"score_斑塊增加":24.040632054176072,"score_平均斑塊縮小":97.62979683972912,"score_道路建成區切割":3.4424379232505644,"score_孤立比例":13.656884875846501,"score_距大型綠地":8.803611738148984,"綜合破碎化分數":40.9,"破碎化等級":"低","判定原因":"面積減少100.0%；斑塊增加0.0%；平均斑塊縮小100.0%；道路密度0.26 km/km²；孤立比例0.0%；距大型綠地0m","2021面積_ha":0.27,"2022面積_ha":0.09,"2023面積_ha":0.27}},{"type":"Feature","geometry":{"type":"Polygon","coordinates":[[[121.69186348133843,24.71149920689339],[121.69191338701212,24.72052727149306],[121.70179728503349,24.720481350470664],[121.70174666660498,24.71145330484398],[121.69186348133843,24.71149920689339]]]},"properties":{"grid_id":"G045_038","綠地類型":"農地","中心經度":121.69683,"中心緯度":24.71599,"分析面積_km2":1.04,"2020面積_ha":47.7,"2024面積_ha":48.24,"面積減少率_pct":0.0,"2020斑塊數":4,"2024斑塊數":2,"斑塊數增加率_pct":0.0,"2020平均斑塊面積_ha":140.13,"2024平均斑塊面積_ha":173.475,"平均斑塊面積下降率_pct":0.0,"道路切割密度_km_per_km2":12.168,"建成區邊界切割密度_km_per_km2":5.306,"孤立小斑塊比例_pct":0.0,"距大型連續綠地平均距離_m":0.0,"score_面積減少":9.255079006772009,"score_斑塊增加":24.040632054176072,"score_平均斑塊縮小":8.91647855530474,"score_道路建成區切割":84.31151241534988,"score_孤立比例":13.656884875846501,"score_距大型綠地":8.803611738148984,"綜合破碎化分數":24.8,"破碎化等級":"低","判定原因":"面積減少0.0%；斑塊增加0.0%；平均斑塊縮小0.0%；道路密度12.17 km/km²；孤立比例0.0%；距大型綠地0m","2021面積_ha":47.61,"2022面積_ha":34.29,"2023面積_ha":48.24}},{"type":"Feature","geometry":{"type":"Polygon","coordinates":[[[121.75116221661297,24.711214030618446],[121.75121639869653,24.720241977344568],[121.76110014371264,24.720192149162855],[121.76104524892267,24.71116422302394],[121.75116221661297,24.711214030618446]]]},"properties":{"grid_id":"G045_044","綠地類型":"農地","中心經度":121.756131,"中心緯度":24.715703,"分析面積_km2":1.04,"2020面積_ha":32.31,"2024面積_ha":28.8,"面積減少率_pct":10.86,"2020斑塊數":5,"2024斑塊數":4,"斑塊數增加率_pct":0.0,"2020平均斑塊面積_ha":67.14,"2024平均斑塊面積_ha":14.107,"平均斑塊面積下降率_pct":78.99,"道路切割密度_km_per_km2":3.46,"建成區邊界切割密度_km_per_km2":1.903,"孤立小斑塊比例_pct":1.25,"距大型連續綠地平均距離_m":48.2,"score_面積減少":35.66591422121896,"score_斑塊增加":24.040632054176072,"score_平均斑塊縮小":71.78329571106094,"score_道路建成區切割":30.69977426636569,"score_孤立比例":39.61625282167043,"score_距大型綠地":55.98194130925508,"綜合破碎化分數":43.0,"破碎化等級":"低","判定原因":"面積減少10.9%；斑塊增加0.0%；平均斑塊縮小79.0%；道路密度3.46 km/km²；孤立比例1.2%；距大型綠地48m","2021面積_ha":45.18,"2022面積_ha":18.9,"2023面積_ha":28.8}},{"type":"Feature","geometry":{"type":"Polygon","coordinates":[[[121.77092825452608,24.71111376452882],[121.77098386201398,24.72014166981151],[121.7808675532538,24.720090539297512],[121.78081123307652,24.711062655140076],[121.77092825452608,24.71111376452882]]]},"properties":{"grid_id":"G045_046","綠地類型":"農地","中心經度":121.775898,"中心緯度":24.715602,"分析面積_km2":1.04,"2020面積_ha":37.62,"2024面積_ha":24.39,"面積減少率_pct":35.17,"2020斑塊數":8,"2024斑塊數":6,"斑塊數增加率_pct":0.0,"2020平均斑塊面積_ha":17.325,"2024平均斑塊面積_ha":11.91,"平均斑塊面積下降率_pct":31.26,"道路切割密度_km_per_km2":5.854,"建成區邊界切割密度_km_per_km2":1.817,"孤立小斑塊比例_pct":1.85,"距大型連續綠地平均距離_m":70.9,"score_面積減少":69.3002257336343,"score_斑塊增加":24.040632054176072,"score_平均斑塊縮小":27.99097065462754,"score_道路建成區切割":37.18961625282167,"score_孤立比例":43.115124153498876,"score_距大型綠地":59.14221218961625,"綜合破碎化分數":43.5,"破碎化等級":"低","判定原因":"面積減少35.2%；斑塊增加0.0%；平均斑塊縮小31.3%；道路密度5.85 km/km²；孤立比例1.9%；距大型綠地71m","2021面積_ha":44.82,"2022面積_ha":31.32,"2023面積_ha":32.76}},{"type":"Feature","geometry":{"type":"Polygon","coordinates":[[[121.8005771076318,24.710958483710016],[121.80063485316165,24.719986324809916],[121.81051846113616,24.71993324085073],[121.81046000294327,24.710905421683115],[121.8005771076318,24.710958483710016]]]},"properties":{"grid_id":"G045_049","綠地類型":"農地","中心經度":121.805548,"中心緯度":24.715446,"分析面積_km2":1.04,"2020面積_ha":60.21,"2024面積_ha":56.88,"面積減少率_pct":5.53,"2020斑塊數":2,"2024斑塊數":3,"斑塊數增加率_pct":50.0,"2020平均斑塊面積_ha":575.82,"2024平均斑塊面積_ha":271.74,"平均斑塊面積下降率_pct":52.81,"道路切割密度_km_per_km2":2.249,"建成區邊界切割密度_km_per_km2":1.874,"孤立小斑塊比例_pct":0.16,"距大型連續綠地平均距離_m":0.1,"score_面積減少":24.604966139954854,"score_斑塊增加":62.75395033860045,"score_平均斑塊縮小":46.50112866817156,"score_道路建成區切割":28.66817155756208,"score_孤立比例":28.78103837471783,"score_距大型綠地":18.17155756207675,"綜合破碎化分數":34.9,"破碎化等級":"低","判定原因":"面積減少5.5%；斑塊增加50.0%；平均斑塊縮小52.8%；道路密度2.25 km/km²；孤立比例0.2%；距大型綠地0m","2021面積_ha":60.57,"2022面積_ha":56.16,"2023面積_ha":62.28}},{"type":"Feature","geometry":{"type":"Polygon","coordinates":[[[121.81046000294327,24.710905421683115],[121.81051846113616,24.71993324085073],[121.82040204066193,24.719879505757696],[121.82034286981511,24.710851708791377],[121.81046000294327,24.710905421683115]]]},"properties":{"grid_id":"G045_050","綠地類型":"農地","中心經度":121.815431,"中心緯度":24.715393,"分析面積_km2":1.04,"2020面積_ha":48.51,"2024面積_ha":46.98,"面積減少率_pct":3.15,"2020斑塊數":2,"2024斑塊數":4,"斑塊數增加率_pct":100.0,"2020平均斑塊面積_ha":575.82,"2024平均斑塊面積_ha":203.85,"平均斑塊面積下降率_pct":64.6,"道路切割密度_km_per_km2":3.604,"建成區邊界切割密度_km_per_km2":1.009,"孤立小斑塊比例_pct":0.57,"距大型連續綠地平均距離_m":0.7,"score_面積減少":21.670428893905193,"score_斑塊增加":78.3295711060948,"score_平均斑塊縮小":58.013544018058695,"score_道路建成區切割":25.507900677200904,"score_孤立比例":33.747178329571106,"score_距大型綠地":22.91196388261851,"綜合破碎化分數":40.0,"破碎化等級":"低","判定原因":"面積減少3.1%；斑塊增加100.0%；平均斑塊縮小64.6%；道路密度3.60 km/km²；孤立比例0.6%；距大型綠地1m","2021面積_ha":51.12,"2022面積_ha":43.83,"2023面積_ha":53.46}},{"type":"Feature","geometry":{"type":"Polygon","coordinates":[[[121.82034286981511,24.710851708791377],[121.82040204066193,24.719879505757696],[121.8302855913923,24.719825119538257],[121.83022570790058,24.710797345042227],[121.82034286981511,24.710851708791377]]]},"properties":{"grid_id":"G045_051","綠地類型":"農地","中心經度":121.825314,"中心緯度":24.715339,"分析面積_km2":1.04,"2020面積_ha":3.33,"2024面積_ha":3.69,"面積減少率_pct":0.0,"2020斑塊數":2,"2024斑塊數":3,"斑塊數增加率_pct":50.0,"2020平均斑塊面積_ha":386.28,"2024平均斑塊面積_ha":182.22,"平均斑塊面積下降率_pct":52.83,"道路切割密度_km_per_km2":3.547,"建成區邊界切割密度_km_per_km2":0.202,"孤立小斑塊比例_pct":17.07,"距大型連續綠地平均距離_m":36.2,"score_面積減少":9.255079006772009,"score_斑塊增加":62.75395033860045,"score_平均斑塊縮小":46.72686230248307,"score_道路建成區切割":16.02708803611738,"score_孤立比例":74.4920993227991,"score_距大型綠地":51.0158013544018,"綜合破碎化分數":43.4,"破碎化等級":"低","判定原因":"面積減少0.0%；斑塊增加50.0%；平均斑塊縮小52.8%；道路密度3.55 km/km²；孤立比例17.1%；距大型綠地36m","2021面積_ha":4.5,"2022面積_ha":2.7,"2023面積_ha":1.8}},{"type":"Feature","geometry":{"type":"Polygon","coordinates":[[[121.67214551845524,24.7206171598837],[121.67219402218957,24.729645250667627],[121.68207868155504,24.729600613645935],[121.68202946470375,24.720572541299493],[121.67214551845524,24.7206171598837]]]},"properties":{"grid_id":"G046_036","綠地類型":"農地","中心經度":121.677112,"中心緯度":24.725109,"分析面積_km2":1.04,"2020面積_ha":17.19,"2024面積_ha":17.37,"面積減少率_pct":0.0,"2020斑塊數":1,"2024斑塊數":1,"斑塊數增加率_pct":0.0,"2020平均斑塊面積_ha":78.57,"2024平均斑塊面積_ha":32.49,"平均斑塊面積下降率_pct":58.65,"道路切割密度_km_per_km2":4.181,"建成區邊界切割密度_km_per_km2":0.663,"孤立小斑塊比例_pct":0.0,"距大型連續綠地平均距離_m":0.0,"score_面積減少":9.255079006772009,"score_斑塊增加":24.040632054176072,"score_平均斑塊縮小":52.370203160270876,"score_道路建成區切割":24.09706546275395,"score_孤立比例":13.656884875846501,"score_距大型綠地":8.803611738148984,"綜合破碎化分數":22.0,"破碎化等級":"低","判定原因":"面積減少0.0%；斑塊增加0.0%；平均斑塊縮小58.6%；道路密度4.18 km/km²；孤立比例0.0%；距大型綠地0m","2021面積_ha":16.11,"2022面積_ha":13.5,"2023面積_ha":11.97}},{"type":"Feature","geometry":{"type":"Polygon","coordinates":[[[121.68202946470375,24.720572541299493],[121.68207868155504,24.729600613645935],[121.6919633169728,24.72955532513294],[121.69191338701212,24.72052727149306],[121.68202946470375,24.720572541299493]]]},"properties":{"grid_id":"G046_037","綠地類型":"農地","中心經度":121.686996,"中心緯度":24.725064,"分析面積_km2":1.04,"2020面積_ha":20.43,"2024面積_ha":21.33,"面積減少率_pct":0.0,"2020斑塊數":6,"2024斑塊數":4,"斑塊數增加率_pct":0.0,"2020平均斑塊面積_ha":85.635,"2024平均斑塊面積_ha":84.105,"平均斑塊面積下降率_pct":1.79,"道路切割密度_km_per_km2":9.544,"建成區邊界切割密度_km_per_km2":2.682,"孤立小斑塊比例_pct":8.44,"距大型連續綠地平均距離_m":10.9,"score_面積減少":9.255079006772009,"score_斑塊增加":24.040632054176072,"score_平均斑塊縮小":18.510158013544018,"score_道路建成區切割":56.489841986455986,"score_孤立比例":63.88261851015802,"score_距大型綠地":38.60045146726862,"綜合破碎化分數":35.1,"破碎化等級":"低","判定原因":"面積減少0.0%；斑塊增加0.0%；平均斑塊縮小1.8%；道路密度9.54 km/km²；孤立比例8.4%；距大型綠地11m","2021面積_ha":23.85,"2022面積_ha":11.52,"2023面積_ha":22.59}},{"type":"Feature","geometry":{"type":"Polygon","coordinates":[[[121.79075121708527,24.720038757627933],[121.79080827769835,24.729066609403013],[121.8006926267934,24.729014154918687],[121.80063485316165,24.719986324809916],[121.79075121708527,24.720038757627933]]]},"properties":{"grid_id":"G046_048","綠地類型":"農地","中心經度":121.795722,"中心緯度":24.724527,"分析面積_km2":1.04,"2020面積_ha":73.71,"2024面積_ha":68.13,"面積減少率_pct":7.57,"2020斑塊數":2,"2024斑塊數":2,"斑塊數增加率_pct":0.0,"2020平均斑塊面積_ha":389.52,"2024平均斑塊面積_ha":282.645,"平均斑塊面積下降率_pct":27.44,"道路切割密度_km_per_km2":8.939,"建成區邊界切割密度_km_per_km2":3.547,"孤立小斑塊比例_pct":0.0,"距大型連續綠地平均距離_m":0.0,"score_面積減少":28.66817155756208,"score_斑塊增加":24.040632054176072,"score_平均斑塊縮小":26.63656884875846,"score_道路建成區切割":57.44920993227991,"score_孤立比例":13.656884875846501,"score_距大型綠地":8.803611738148984,"綜合破碎化分數":26.5,"破碎化等級":"低","判定原因":"面積減少7.6%；斑塊增加0.0%；平均斑塊縮小27.4%；道路密度8.94 km/km²；孤立比例0.0%；距大型綠地0m","2021面積_ha":71.73,"2022面積_ha":69.3,"2023面積_ha":67.32}},{"type":"Feature","geometry":{"type":"Polygon","coordinates":[[[121.81051846113616,24.71993324085073],[121.81057694777766,24.728961049024136],[121.82046124030424,24.728907291726703],[121.82040204066193,24.719879505757696],[121.81051846113616,24.71993324085073]]]},"properties":{"grid_id":"G046_050","綠地類型":"農地","中心經度":121.81549,"中心緯度":24.72442,"分析面積_km2":1.04,"2020面積_ha":57.42,"2024面積_ha":54.54,"面積減少率_pct":5.02,"2020斑塊數":6,"2024斑塊數":5,"斑塊數增加率_pct":0.0,"2020平均斑塊面積_ha":503.985,"2024平均斑塊面積_ha":366.66,"平均斑塊面積下降率_pct":27.25,"道路切割密度_km_per_km2":12.226,"建成區邊界切割密度_km_per_km2":1.99,"孤立小斑塊比例_pct":0.5,"距大型連續綠地平均距離_m":0.6,"score_面積減少":24.266365688487586,"score_斑塊增加":24.040632054176072,"score_平均斑塊縮小":26.410835214446955,"score_道路建成區切割":67.21218961625283,"score_孤立比例":32.95711060948081,"score_距大型綠地":22.460496613995485,"綜合破碎化分數":32.9,"破碎化等級":"低","判定原因":"面積減少5.0%；斑塊增加0.0%；平均斑塊縮小27.2%；道路密度12.23 km/km²；孤立比例0.5%；距大型綠地1m","2021面積_ha":56.97,"2022面積_ha":50.67,"2023面積_ha":51.39}},{"type":"Feature","geometry":{"type":"Polygon","coordinates":[[[121.8302855913923,24.719825119538257],[121.82040204066193,24.719879505757696],[121.82046124030424,24.728907291726703],[121.82790366176616,24.72886638494158],[121.82812640000002,24.728568700000004],[121.82832470000001,24.728239000000002],[121.8286693,24.7275468],[121.82900249999999,24.72697679999999],[121.82974,24.7256299],[121.8301883,24.7247279],[121.83031625702075,24.724446431907815],[121.8302855913923,24.719825119538257]]]},"properties":{"grid_id":"G046_051","綠地類型":"農地","中心經度":121.825359,"中心緯度":24.722163,"分析面積_km2":0.974,"2020面積_ha":14.58,"2024面積_ha":18.81,"面積減少率_pct":0.0,"2020斑塊數":4,"2024斑塊數":5,"斑塊數增加率_pct":25.0,"2020平均斑塊面積_ha":570.195,"2024平均斑塊面積_ha":250.182,"平均斑塊面積下降率_pct":56.12,"道路切割密度_km_per_km2":6.562,"建成區邊界切割密度_km_per_km2":2.064,"孤立小斑塊比例_pct":3.35,"距大型連續綠地平均距離_m":6.3,"score_面積減少":9.255079006772009,"score_斑塊增加":52.934537246049665,"score_平均斑塊縮小":50.56433408577878,"score_道路建成區切割":41.19638826185102,"score_孤立比例":50.112866817155755,"score_距大型綠地":32.95711060948081,"綜合破碎化分數":39.5,"破碎化等級":"低","判定原因":"面積減少0.0%；斑塊增加25.0%；平均斑塊縮小56.1%；道路密度6.56 km/km²；孤立比例3.4%；距大型綠地6m","2021面積_ha":19.26,"2022面積_ha":10.26,"2023面積_ha":14.67}},{"type":"Feature","geometry":{"type":"Polygon","coordinates":[[[121.76115506521732,24.729220064322565],[121.76121001344521,24.73824796850008],[121.77109515818294,24.738197447427503],[121.7710394965634,24.729169564112073],[121.76115506521732,24.729220064322565]]]},"properties":{"grid_id":"G047_045","綠地類型":"農地","中心經度":121.766125,"中心緯度":24.733709,"分析面積_km2":1.04,"2020面積_ha":48.06,"2024面積_ha":43.47,"面積減少率_pct":9.55,"2020斑塊數":7,"2024斑塊數":7,"斑塊數增加率_pct":0.0,"2020平均斑塊面積_ha":113.747,"2024平均斑塊面積_ha":84.613,"平均斑塊面積下降率_pct":25.61,"道路切割密度_km_per_km2":10.986,"建成區邊界切割密度_km_per_km2":4.7,"孤立小斑塊比例_pct":3.73,"距大型連續綠地平均距離_m":8.6,"score_面積減少":31.82844243792325,"score_斑塊增加":24.040632054176072,"score_平均斑塊縮小":25.5079006772009,"score_道路建成區切割":75.5079006772009,"score_孤立比例":52.708803611738155,"score_距大型綠地":35.44018058690745,"綜合破碎化分數":40.8,"破碎化等級":"低","判定原因":"面積減少9.6%；斑塊增加0.0%；平均斑塊縮小25.6%；道路密度10.99 km/km²；孤立比例3.7%；距大型綠地9m","2021面積_ha":50.58,"2022面積_ha":41.04,"2023面積_ha":45.27}},{"type":"Feature","geometry":{"type":"Polygon","coordinates":[[[121.79080827769835,24.729066609403013],[121.79086536607532,24.738094450187013],[121.80075042853598,24.738041974033333],[121.8006926267934,24.729014154918687],[121.79080827769835,24.729066609403013]]]},"properties":{"grid_id":"G047_048","綠地類型":"農地","中心經度":121.795779,"中心緯度":24.733554,"分析面積_km2":1.04,"2020面積_ha":70.38,"2024面積_ha":68.49,"面積減少率_pct":2.69,"2020斑塊數":1,"2024斑塊數":2,"斑塊數增加率_pct":100.0,"2020平均斑塊面積_ha":757.89,"2024平均斑塊面積_ha":300.735,"平均斑塊面積下降率_pct":60.32,"道路切割密度_km_per_km2":9.89,"建成區邊界切割密度_km_per_km2":5.392,"孤立小斑塊比例_pct":0.0,"距大型連續綠地平均距離_m":0.0,"score_面積減少":20.993227990970656,"score_斑塊增加":78.3295711060948,"score_平均斑塊縮小":53.49887133182845,"score_道路建成區切割":72.74266365688487,"score_孤立比例":13.656884875846501,"score_距大型綠地":8.803611738148984,"綜合破碎化分數":41.3,"破碎化等級":"低","判定原因":"面積減少2.7%；斑塊增加100.0%；平均斑塊縮小60.3%；道路密度9.89 km/km²；孤立比例0.0%；距大型綠地0m","2021面積_ha":73.8,"2022面積_ha":71.64,"2023面積_ha":68.76}},{"type":"Feature","geometry":{"type":"Polygon","coordinates":[[[121.8006926267934,24.729014154918687],[121.80075042853598,24.738041974033333],[121.81063546287689,24.737988846200345],[121.81057694777766,24.728961049024136],[121.8006926267934,24.729014154918687]]]},"properties":{"grid_id":"G047_049","綠地類型":"農地","中心經度":121.805664,"中心緯度":24.733502,"分析面積_km2":1.04,"2020面積_ha":72.0,"2024面積_ha":68.58,"面積減少率_pct":4.75,"2020斑塊數":3,"2024斑塊數":3,"斑塊數增加率_pct":0.0,"2020平均斑塊面積_ha":1007.88,"2024平均斑塊面積_ha":611.01,"平均斑塊面積下降率_pct":39.38,"道路切割密度_km_per_km2":10.669,"建成區邊界切割密度_km_per_km2":3.749,"孤立小斑塊比例_pct":0.0,"距大型連續綠地平均距離_m":0.0,"score_面積減少":23.702031602708804,"score_斑塊增加":24.040632054176072,"score_平均斑塊縮小":32.95711060948081,"score_道路建成區切割":68.00225733634312,"score_孤立比例":13.656884875846501,"score_距大型綠地":8.803611738148984,"綜合破碎化分數":28.5,"破碎化等級":"低","判定原因":"面積減少4.8%；斑塊增加0.0%；平均斑塊縮小39.4%；道路密度10.67 km/km²；孤立比例0.0%；距大型綠地0m","2021面積_ha":74.52,"2022面積_ha":67.77,"2023面積_ha":65.7}},{"type":"Feature","geometry":{"type":"Polygon","coordinates":[[[121.82046124030424,24.728907291726703],[121.82052046875108,24.737935066695393],[121.82380220186518,24.737917068261808],[121.8238741,24.737704099999988],[121.8239488,24.737296399999998],[121.8243069,24.7365084],[121.82446550000002,24.735939000000002],[121.82486939999998,24.7350899],[121.8251278,24.734546699999996],[121.8259711,24.732327099999996],[121.82606370000002,24.732116900000005],[121.8261402,24.731945],[121.8262949,24.731663],[121.8264328,24.7314364],[121.82680780000001,24.730696499999997],[121.82697710000001,24.7303349],[121.8271989,24.730010100000005],[121.8276033,24.729411600000002],[121.8277977,24.729007999999993],[121.82790366176616,24.72886638494158],[121.82046124030424,24.728907291726703]]]},"properties":{"grid_id":"G047_051","綠地類型":"農地","中心經度":121.82302,"中心緯度":24.733451,"分析面積_km2":0.527,"2020面積_ha":0.9,"2024面積_ha":2.16,"面積減少率_pct":0.0,"2020斑塊數":4,"2024斑塊數":4,"斑塊數增加率_pct":0.0,"2020平均斑塊面積_ha":0.698,"2024平均斑塊面積_ha":1.103,"平均斑塊面積下降率_pct":0.0,"道路切割密度_km_per_km2":6.655,"建成區邊界切割密度_km_per_km2":0.683,"孤立小斑塊比例_pct":100.0,"距大型連續綠地平均距離_m":391.8,"score_面積減少":9.255079006772009,"score_斑塊增加":24.040632054176072,"score_平均斑塊縮小":8.91647855530474,"score_道路建成區切割":32.7313769751693,"score_孤立比例":93.56659142212189,"score_距大型綠地":77.42663656884876,"綜合破碎化分數":41.0,"破碎化等級":"低","判定原因":"面積減少0.0%；斑塊增加0.0%；平均斑塊縮小0.0%；道路密度6.66 km/km²；孤立比例100.0%；距大型綠地392m","2021面積_ha":1.53,"2022面積_ha":0.27,"2023面積_ha":1.89}},{"type":"Feature","geometry":{"type":"Polygon","coordinates":[[[121.74143964412175,24.73834705551495],[121.74149319157868,24.747374989629893],[121.75137910318823,24.747325751653076],[121.7513248419758,24.738297837864863],[121.74143964412175,24.73834705551495]]]},"properties":{"grid_id":"G048_043","綠地類型":"農地","中心經度":121.746409,"中心緯度":24.742836,"分析面積_km2":1.04,"2020面積_ha":20.61,"2024面積_ha":16.38,"面積減少率_pct":20.52,"2020斑塊數":3,"2024斑塊數":2,"斑塊數增加率_pct":0.0,"2020平均斑塊面積_ha":93.69,"2024平均斑塊面積_ha":36.225,"平均斑塊面積下降率_pct":61.34,"道路切割密度_km_per_km2":18.31,"建成區邊界切割密度_km_per_km2":2.422,"孤立小斑塊比例_pct":0.0,"距大型連續綠地平均距離_m":0.0,"score_面積減少":52.144469525959366,"score_斑塊增加":24.040632054176072,"score_平均斑塊縮小":54.85327313769752,"score_道路建成區切割":79.17607223476298,"score_孤立比例":13.656884875846501,"score_距大型綠地":8.803611738148984,"綜合破碎化分數":38.8,"破碎化等級":"低","判定原因":"面積減少20.5%；斑塊增加0.0%；平均斑塊縮小61.3%；道路密度18.31 km/km²；孤立比例0.0%；距大型綠地0m","2021面積_ha":19.98,"2022面積_ha":14.67,"2023面積_ha":17.37}},{"type":"Feature","geometry":{"type":"Polygon","coordinates":[[[121.80075042853598,24.738041974033333],[121.80080825839823,24.747069782150877],[121.81069400644282,24.747016632376372],[121.81063546287689,24.737988846200345],[121.80075042853598,24.738041974033333]]]},"properties":{"grid_id":"G048_049","綠地類型":"農地","中心經度":121.805722,"中心緯度":24.742529,"分析面積_km2":1.04,"2020面積_ha":72.99,"2024面積_ha":70.74,"面積減少率_pct":3.08,"2020斑塊數":3,"2024斑塊數":3,"斑塊數增加率_pct":0.0,"2020平均斑塊面積_ha":1007.82,"2024平均斑塊面積_ha":429.33,"平均斑塊面積下降率_pct":57.4,"道路切割密度_km_per_km2":8.679,"建成區邊界切割密度_km_per_km2":4.873,"孤立小斑塊比例_pct":1.4,"距大型連續綠地平均距離_m":1.4,"score_面積減少":21.44469525959368,"score_斑塊增加":24.040632054176072,"score_平均斑塊縮小":51.69300225733634,"score_道路建成區切割":64.27765237020316,"score_孤立比例":40.293453724604966,"score_距大型綠地":24.266365688487586,"綜合破碎化分數":37.7,"破碎化等級":"低","判定原因":"面積減少3.1%；斑塊增加0.0%；平均斑塊縮小57.4%；道路密度8.68 km/km²；孤立比例1.4%；距大型綠地1m","2021面積_ha":75.87,"2022面積_ha":70.56,"2023面積_ha":69.84}},{"type":"Feature","geometry":{"type":"Polygon","coordinates":[[[121.81063546287689,24.737988846200345],[121.81069400644282,24.747016632376372],[121.82057972601166,24.746962830660788],[121.82052046875108,24.737935066695393],[121.81063546287689,24.737988846200345]]]},"properties":{"grid_id":"G048_050","綠地類型":"農地","中心經度":121.815607,"中心緯度":24.742476,"分析面積_km2":1.04,"2020面積_ha":39.87,"2024面積_ha":40.32,"面積減少率_pct":0.0,"2020斑塊數":1,"2024斑塊數":1,"斑塊數增加率_pct":0.0,"2020平均斑塊面積_ha":2265.39,"2024平均斑塊面積_ha":1231.56,"平均斑塊面積下降率_pct":45.64,"道路切割密度_km_per_km2":9.17,"建成區邊界切割密度_km_per_km2":1.845,"孤立小斑塊比例_pct":0.0,"距大型連續綠地平均距離_m":0.0,"score_面積減少":9.255079006772009,"score_斑塊增加":24.040632054176072,"score_平均斑塊縮小":40.06772009029345,"score_道路建成區切割":50.112866817155755,"score_孤立比例":13.656884875846501,"score_距大型綠地":8.803611738148984,"綜合破碎化分數":24.3,"破碎化等級":"低","判定原因":"面積減少0.0%；斑塊增加0.0%；平均斑塊縮小45.6%；道路密度9.17 km/km²；孤立比例0.0%；距大型綠地0m","2021面積_ha":42.3,"2022面積_ha":40.32,"2023面積_ha":39.6}},{"type":"Feature","geometry":{"type":"Polygon","coordinates":[[[121.67229110046799,24.74770139935981],[121.67233967502706,24.75672945726216],[121.68222647582563,24.75668476491251],[121.6821771871084,24.7476567254554],[121.67229110046799,24.74770139935981]]]},"properties":{"grid_id":"G049_036","綠地類型":"農地","中心經度":121.677259,"中心緯度":24.752193,"分析面積_km2":1.04,"2020面積_ha":15.21,"2024面積_ha":10.26,"面積減少率_pct":32.54,"2020斑塊數":7,"2024斑塊數":2,"斑塊數增加率_pct":0.0,"2020平均斑塊面積_ha":4.307,"2024平均斑塊面積_ha":11.7,"平均斑塊面積下降率_pct":0.0,"道路切割密度_km_per_km2":7.612,"建成區邊界切割密度_km_per_km2":1.355,"孤立小斑塊比例_pct":9.65,"距大型連續綠地平均距離_m":43.9,"score_面積減少":66.81715575620768,"score_斑塊增加":24.040632054176072,"score_平均斑塊縮小":8.91647855530474,"score_道路建成區切割":40.237020316027085,"score_孤立比例":66.36568848758465,"score_距大型綠地":54.85327313769752,"綜合破碎化分數":43.5,"破碎化等級":"低","判定原因":"面積減少32.5%；斑塊增加0.0%；平均斑塊縮小0.0%；道路密度7.61 km/km²；孤立比例9.7%；距大型綠地44m","2021面積_ha":22.14,"2022面積_ha":0.54,"2023面積_ha":17.73}},{"type":"Feature","geometry":{"type":"Polygon","coordinates":[[[121.6821771871084,24.7476567254554],[121.68222647582563,24.75668476491251],[121.69211325265367,24.756639420264058],[121.69206324978586,24.74761139952139],[121.6821771871084,24.7476567254554]]]},"properties":{"grid_id":"G049_037","綠地類型":"農地","中心經度":121.687145,"中心緯度":24.752148,"分析面積_km2":1.04,"2020面積_ha":5.58,"2024面積_ha":5.13,"面積減少率_pct":8.06,"2020斑塊數":10,"2024斑塊數":2,"斑塊數增加率_pct":0.0,"2020平均斑塊面積_ha":2.079,"2024平均斑塊面積_ha":11.34,"平均斑塊面積下降率_pct":0.0,"道路切割密度_km_per_km2":8.16,"建成區邊界切割密度_km_per_km2":0.519,"孤立小斑塊比例_pct":3.51,"距大型連續綠地平均距離_m":9.3,"score_面積減少":29.345372460496616,"score_斑塊增加":24.040632054176072,"score_平均斑塊縮小":8.91647855530474,"score_道路建成區切割":35.8352144469526,"score_孤立比例":51.580135440180584,"score_距大型綠地":36.90744920993228,"綜合破碎化分數":31.1,"破碎化等級":"低","判定原因":"面積減少8.1%；斑塊增加0.0%；平均斑塊縮小0.0%；道路密度8.16 km/km²；孤立比例3.5%；距大型綠地9m","2021面積_ha":11.34,"2022面積_ha":0.09,"2023面積_ha":4.41}},{"type":"Feature","geometry":{"type":"Polygon","coordinates":[[[121.69206324978586,24.74761139952139],[121.69211325265367,24.756639420264058],[121.70200000516392,24.756593423323075],[121.70194928815324,24.747565421564055],[121.69206324978586,24.74761139952139]]]},"properties":{"grid_id":"G049_038","綠地類型":"農地","中心經度":121.697031,"中心緯度":24.752102,"分析面積_km2":1.04,"2020面積_ha":39.24,"2024面積_ha":21.96,"面積減少率_pct":44.04,"2020斑塊數":5,"2024斑塊數":2,"斑塊數增加率_pct":0.0,"2020平均斑塊面積_ha":10.998,"2024平均斑塊面積_ha":16.785,"平均斑塊面積下降率_pct":0.0,"道路切割密度_km_per_km2":10.006,"建成區邊界切割密度_km_per_km2":2.018,"孤立小斑塊比例_pct":0.0,"距大型連續綠地平均距離_m":117.6,"score_面積減少":77.20090293453724,"score_斑塊增加":24.040632054176072,"score_平均斑塊縮小":8.91647855530474,"score_道路建成區切割":55.98194130925508,"score_孤立比例":13.656884875846501,"score_距大型綠地":64.78555304740406,"綜合破碎化分數":40.8,"破碎化等級":"低","判定原因":"面積減少44.0%；斑塊增加0.0%；平均斑塊縮小0.0%；道路密度10.01 km/km²；孤立比例0.0%；距大型綠地118m","2021面積_ha":31.41,"2022面積_ha":11.25,"2023面積_ha":20.34}},{"type":"Feature","geometry":{"type":"Polygon","coordinates":[[[121.70194928815324,24.747565421564055],[121.70200000516392,24.756593423323075],[121.7118867330091,24.756546774095924],[121.71183530186339,24.747518791589737],[121.70194928815324,24.747565421564055]]]},"properties":{"grid_id":"G049_039","綠地類型":"農地","中心經度":121.706918,"中心緯度":24.752056,"分析面積_km2":1.04,"2020面積_ha":17.1,"2024面積_ha":13.86,"面積減少率_pct":18.95,"2020斑塊數":6,"2024斑塊數":3,"斑塊數增加率_pct":0.0,"2020平均斑塊面積_ha":9.885,"2024平均斑塊面積_ha":13.05,"平均斑塊面積下降率_pct":0.0,"道路切割密度_km_per_km2":8.939,"建成區邊界切割密度_km_per_km2":1.499,"孤立小斑塊比例_pct":0.0,"距大型連續綠地平均距離_m":262.4,"score_面積減少":49.66139954853273,"score_斑塊增加":24.040632054176072,"score_平均斑塊縮小":8.91647855530474,"score_道路建成區切割":46.106094808126414,"score_孤立比例":13.656884875846501,"score_距大型綠地":72.91196388261851,"綜合破碎化分數":35.9,"破碎化等級":"低","判定原因":"面積減少18.9%；斑塊增加0.0%；平均斑塊縮小0.0%；道路密度8.94 km/km²；孤立比例0.0%；距大型綠地262m","2021面積_ha":17.46,"2022面積_ha":5.67,"2023面積_ha":12.69}},{"type":"Feature","geometry":{"type":"Polygon","coordinates":[[[121.76126498840476,24.747275861692422],[121.7613199901045,24.75630374389663],[121.77120656266668,24.75625318109112],[121.77115084688118,24.747225319754847],[121.76126498840476,24.747275861692422]]]},"properties":{"grid_id":"G049_045","綠地類型":"農地","中心經度":121.766236,"中心緯度":24.751765,"分析面積_km2":1.04,"2020面積_ha":16.65,"2024面積_ha":16.29,"面積減少率_pct":2.16,"2020斑塊數":2,"2024斑塊數":2,"斑塊數增加率_pct":0.0,"2020平均斑塊面積_ha":27.27,"2024平均斑塊面積_ha":13.905,"平均斑塊面積下降率_pct":49.01,"道路切割密度_km_per_km2":19.435,"建成區邊界切割密度_km_per_km2":1.701,"孤立小斑塊比例_pct":0.0,"距大型連續綠地平均距離_m":117.7,"score_面積減少":19.63882618510158,"score_斑塊增加":24.040632054176072,"score_平均斑塊縮小":42.66365688487584,"score_道路建成區切割":74.83069977426636,"score_孤立比例":13.656884875846501,"score_距大型綠地":65.01128668171557,"綜合破碎化分數":40.0,"破碎化等級":"低","判定原因":"面積減少2.2%；斑塊增加0.0%；平均斑塊縮小49.0%；道路密度19.43 km/km²；孤立比例0.0%；距大型綠地118m","2021面積_ha":16.74,"2022面積_ha":14.49,"2023面積_ha":15.66}},{"type":"Feature","geometry":{"type":"Polygon","coordinates":[[[121.7810366782703,24.747174125847327],[121.781093108133,24.756201966046504],[121.79097962615621,24.75615009876985],[121.79092248222503,24.74712227997695],[121.7810366782703,24.747174125847327]]]},"properties":{"grid_id":"G049_047","綠地類型":"農地","中心經度":121.786008,"中心緯度":24.751662,"分析面積_km2":1.04,"2020面積_ha":62.01,"2024面積_ha":53.91,"面積減少率_pct":13.06,"2020斑塊數":4,"2024斑塊數":3,"斑塊數增加率_pct":0.0,"2020平均斑塊面積_ha":767.768,"2024平均斑塊面積_ha":435.69,"平均斑塊面積下降率_pct":43.25,"道路切割密度_km_per_km2":12.284,"建成區邊界切割密度_km_per_km2":2.739,"孤立小斑塊比例_pct":0.33,"距大型連續綠地平均距離_m":0.2,"score_面積減少":39.729119638826184,"score_斑塊增加":24.040632054176072,"score_平均斑塊縮小":36.56884875846501,"score_道路建成區切割":71.61399548532731,"score_孤立比例":31.376975169300223,"score_距大型綠地":19.63882618510158,"綜合破碎化分數":37.2,"破碎化等級":"低","判定原因":"面積減少13.1%；斑塊增加0.0%；平均斑塊縮小43.2%；道路密度12.28 km/km²；孤立比例0.3%；距大型綠地0m","2021面積_ha":60.57,"2022面積_ha":53.73,"2023面積_ha":55.53}},{"type":"Feature","geometry":{"type":"Polygon","coordinates":[[[121.80080825839823,24.747069782150877],[121.80086611638913,24.75609757926835],[121.81075257848448,24.756044407549247],[121.81069400644282,24.747016632376372],[121.80080825839823,24.747069782150877]]]},"properties":{"grid_id":"G049_049","綠地類型":"農地","中心經度":121.80578,"中心緯度":24.751557,"分析面積_km2":1.04,"2020面積_ha":87.57,"2024面積_ha":79.2,"面積減少率_pct":9.56,"2020斑塊數":1,"2024斑塊數":1,"斑塊數增加率_pct":0.0,"2020平均斑塊面積_ha":2265.39,"2024平均斑塊面積_ha":1231.56,"平均斑塊面積下降率_pct":45.64,"道路切割密度_km_per_km2":6.632,"建成區邊界切割密度_km_per_km2":4.469,"孤立小斑塊比例_pct":0.0,"距大型連續綠地平均距離_m":0.0,"score_面積減少":32.05417607223476,"score_斑塊增加":24.040632054176072,"score_平均斑塊縮小":40.06772009029345,"score_道路建成區切割":54.458239277652375,"score_孤立比例":13.656884875846501,"score_距大型綠地":8.803611738148984,"綜合破碎化分數":28.8,"破碎化等級":"低","判定原因":"面積減少9.6%；斑塊增加0.0%；平均斑塊縮小45.6%；道路密度6.63 km/km²；孤立比例0.0%；距大型綠地0m","2021面積_ha":90.63,"2022面積_ha":83.07,"2023面積_ha":83.88}},{"type":"Feature","geometry":{"type":"Polygon","coordinates":[[[121.82057972601166,24.746962830660788],[121.81069400644282,24.747016632376372],[121.81075257848448,24.756044407549247],[121.81949462492135,24.75599684730269],[121.8196,24.75515],[121.8198999,24.7536],[121.82006500000001,24.752385299999993],[121.82020000000001,24.751810000000006],[121.8203043,24.7511255],[121.82060130602638,24.750249423931578],[121.8205988939767,24.74988210252101],[121.8205569,24.7495053],[121.82059532943536,24.749339259418395],[121.82057972601166,24.746962830660788]]]},"properties":{"grid_id":"G049_050","綠地類型":"農地","中心經度":121.815488,"中心緯度":24.751494,"分析面積_km2":0.998,"2020面積_ha":27.45,"2024面積_ha":26.37,"面積減少率_pct":3.93,"2020斑塊數":2,"2024斑塊數":2,"斑塊數增加率_pct":0.0,"2020平均斑塊面積_ha":1134.0,"2024平均斑塊面積_ha":617.76,"平均斑塊面積下降率_pct":45.52,"道路切割密度_km_per_km2":9.739,"建成區邊界切割密度_km_per_km2":1.984,"孤立小斑塊比例_pct":0.0,"距大型連續綠地平均距離_m":67.0,"score_面積減少":22.573363431151243,"score_斑塊增加":24.040632054176072,"score_平均斑塊縮小":39.27765237020316,"score_道路建成區切割":53.38600451467269,"score_孤立比例":13.656884875846501,"score_距大型綠地":58.465011286681715,"綜合破碎化分數":35.2,"破碎化等級":"低","判定原因":"面積減少3.9%；斑塊增加0.0%；平均斑塊縮小45.5%；道路密度9.74 km/km²；孤立比例0.0%；距大型綠地67m","2021面積_ha":29.97,"2022面積_ha":25.2,"2023面積_ha":27.36}},{"type":"Feature","geometry":{"type":"Polygon","coordinates":[[[121.81075257848448,24.756044407549247],[121.81081117901091,24.76507217171597],[121.81848058728148,24.76503046032242],[121.81871,24.764096399999996],[121.8187,24.7613199],[121.8190001,24.75926],[121.81906920000002,24.75850959999999],[121.81919289999999,24.757945399999997],[121.81930000000001,24.757209899999996],[121.81947670000001,24.7561409],[121.81949462492135,24.75599684730269],[121.81075257848448,24.756044407549247]]]},"properties":{"grid_id":"G050_050","綠地類型":"農地","中心經度":121.814815,"中心緯度":24.760312,"分析面積_km2":0.856,"2020面積_ha":35.55,"2024面積_ha":35.37,"面積減少率_pct":0.51,"2020斑塊數":1,"2024斑塊數":1,"斑塊數增加率_pct":0.0,"2020平均斑塊面積_ha":2265.39,"2024平均斑塊面積_ha":1231.56,"平均斑塊面積下降率_pct":45.64,"道路切割密度_km_per_km2":10.095,"建成區邊界切割密度_km_per_km2":1.122,"孤立小斑塊比例_pct":0.0,"距大型連續綠地平均距離_m":0.0,"score_面積減少":18.510158013544018,"score_斑塊增加":24.040632054176072,"score_平均斑塊縮小":40.06772009029345,"score_道路建成區切割":51.01580135440181,"score_孤立比例":13.656884875846501,"score_距大型綠地":8.803611738148984,"綜合破碎化分數":26.0,"破碎化等級":"低","判定原因":"面積減少0.5%；斑塊增加0.0%；平均斑塊縮小45.6%；道路密度10.10 km/km²；孤立比例0.0%；距大型綠地0m","2021面積_ha":35.46,"2022面積_ha":34.38,"2023面積_ha":33.12}},{"type":"Feature","geometry":{"type":"Polygon","coordinates":[[[121.81081117901091,24.76507217171597],[121.81086980803114,24.774099924873582],[121.8180108497577,24.774061086485467],[121.8180199,24.773929999999996],[121.8180259,24.7732182],[121.818036,24.772030399999995],[121.8180463,24.7708162],[121.81807,24.76801],[121.81838,24.76544],[121.81848058728148,24.76503046032242],[121.81081117901091,24.76507217171597]]]},"properties":{"grid_id":"G051_050","綠地類型":"農地","中心經度":121.814449,"中心緯度":24.769433,"分析面積_km2":0.772,"2020面積_ha":36.36,"2024面積_ha":32.94,"面積減少率_pct":9.41,"2020斑塊數":2,"2024斑塊數":1,"斑塊數增加率_pct":0.0,"2020平均斑塊面積_ha":1132.785,"2024平均斑塊面積_ha":1231.56,"平均斑塊面積下降率_pct":0.0,"道路切割密度_km_per_km2":7.226,"建成區邊界切割密度_km_per_km2":3.963,"孤立小斑塊比例_pct":0.0,"距大型連續綠地平均距離_m":0.0,"score_面積減少":30.9255079006772,"score_斑塊增加":24.040632054176072,"score_平均斑塊縮小":8.91647855530474,"score_道路建成區切割":53.72460496613996,"score_孤立比例":13.656884875846501,"score_距大型綠地":8.803611738148984,"綜合破碎化分數":23.3,"破碎化等級":"低","判定原因":"面積減少9.4%；斑塊增加0.0%；平均斑塊縮小0.0%；道路密度7.23 km/km²；孤立比例0.0%；距大型綠地0m","2021面積_ha":37.53,"2022面積_ha":32.94,"2023面積_ha":33.39}},{"type":"Feature","geometry":{"type":"Polygon","coordinates":[[[121.72187780247444,24.774555365615097],[121.72193002385022,24.783583295651045],[121.73181884576462,24.783535282480678],[121.73176590922765,24.774507372244283],[121.72187780247444,24.774555365615097]]]},"properties":{"grid_id":"G052_041","綠地類型":"農地","中心經度":121.726848,"中心緯度":24.779045,"分析面積_km2":1.04,"2020面積_ha":1.26,"2024面積_ha":23.4,"面積減少率_pct":0.0,"2020斑塊數":5,"2024斑塊數":7,"斑塊數增加率_pct":40.0,"2020平均斑塊面積_ha":0.45,"2024平均斑塊面積_ha":10.016,"平均斑塊面積下降率_pct":0.0,"道路切割密度_km_per_km2":6.92,"建成區邊界切割密度_km_per_km2":3.085,"孤立小斑塊比例_pct":9.62,"距大型連續綠地平均距離_m":22.3,"score_面積減少":9.255079006772009,"score_斑塊增加":58.80361173814899,"score_平均斑塊縮小":8.91647855530474,"score_道路建成區切割":47.855530474040634,"score_孤立比例":65.91422121896161,"score_距大型綠地":45.03386004514673,"綜合破碎化分數":39.3,"破碎化等級":"低","判定原因":"面積減少0.0%；斑塊增加40.0%；平均斑塊縮小0.0%；道路密度6.92 km/km²；孤立比例9.6%；距大型綠地22m","2021面積_ha":6.84,"2022面積_ha":0.0,"2023面積_ha":0.0}},{"type":"Feature","geometry":{"type":"Polygon","coordinates":[[[121.73176590922765,24.774507372244283],[121.73181884576462,24.783535282480678],[121.74170764194768,24.783486616236],[121.74165399025769,24.774458726068456],[121.73176590922765,24.774507372244283]]]},"properties":{"grid_id":"G052_042","綠地類型":"農地","中心經度":121.736737,"中心緯度":24.778997,"分析面積_km2":1.04,"2020面積_ha":4.59,"2024面積_ha":7.02,"面積減少率_pct":0.0,"2020斑塊數":9,"2024斑塊數":5,"斑塊數增加率_pct":0.0,"2020平均斑塊面積_ha":1.48,"2024平均斑塊面積_ha":13.86,"平均斑塊面積下降率_pct":0.0,"道路切割密度_km_per_km2":12.572,"建成區邊界切割密度_km_per_km2":0.894,"孤立小斑塊比例_pct":20.51,"距大型連續綠地平均距離_m":112.6,"score_面積減少":9.255079006772009,"score_斑塊增加":24.040632054176072,"score_平均斑塊縮小":8.91647855530474,"score_道路建成區切割":62.02031602708803,"score_孤立比例":78.3295711060948,"score_距大型綠地":64.55981941309255,"綜合破碎化分數":41.2,"破碎化等級":"低","判定原因":"面積減少0.0%；斑塊增加0.0%；平均斑塊縮小0.0%；道路密度12.57 km/km²；孤立比例20.5%；距大型綠地113m","2021面積_ha":8.91,"2022面積_ha":0.27,"2023面積_ha":2.16}},{"type":"Feature","geometry":{"type":"Polygon","coordinates":[[[121.75154204521705,24.77440942709433],[121.75159641205175,24.78343729692372],[121.76148515572932,24.78338732455068],[121.76143007375828,24.774359475328726],[121.75154204521705,24.77440942709433]]]},"properties":{"grid_id":"G052_044","綠地類型":"農地","中心經度":121.756513,"中心緯度":24.778898,"分析面積_km2":1.04,"2020面積_ha":54.72,"2024面積_ha":48.51,"面積減少率_pct":11.35,"2020斑塊數":3,"2024斑塊數":3,"斑塊數增加率_pct":0.0,"2020平均斑塊面積_ha":853.2,"2024平均斑塊面積_ha":197.85,"平均斑塊面積下降率_pct":76.81,"道路切割密度_km_per_km2":11.621,"建成區邊界切割密度_km_per_km2":5.998,"孤立小斑塊比例_pct":0.0,"距大型連續綠地平均距離_m":0.0,"score_面積減少":36.794582392776526,"score_斑塊增加":24.040632054176072,"score_平均斑塊縮小":69.97742663656885,"score_道路建成區切割":84.19864559819413,"score_孤立比例":13.656884875846501,"score_距大型綠地":8.803611738148984,"綜合破碎化分數":39.6,"破碎化等級":"低","判定原因":"面積減少11.3%；斑塊增加0.0%；平均斑塊縮小76.8%；道路密度11.62 km/km²；孤立比例0.0%；距大型綠地0m","2021面積_ha":57.33,"2022面積_ha":39.78,"2023面積_ha":46.98}},{"type":"Feature","geometry":{"type":"Polygon","coordinates":[[[121.80098191679251,24.774153140491112],[121.80103985922284,24.783180904590463],[121.81092846555424,24.783127667019095],[121.81086980803114,24.774099924873582],[121.80098191679251,24.774153140491112]]]},"properties":{"grid_id":"G052_049","綠地類型":"農地","中心經度":121.805955,"中心緯度":24.77864,"分析面積_km2":1.04,"2020面積_ha":79.56,"2024面積_ha":70.56,"面積減少率_pct":11.31,"2020斑塊數":1,"2024斑塊數":1,"斑塊數增加率_pct":0.0,"2020平均斑塊面積_ha":2265.39,"2024平均斑塊面積_ha":1231.56,"平均斑塊面積下降率_pct":45.64,"道路切割密度_km_per_km2":9.977,"建成區邊界切割密度_km_per_km2":5.45,"孤立小斑塊比例_pct":0.0,"距大型連續綠地平均距離_m":0.0,"score_面積減少":36.3431151241535,"score_斑塊增加":24.040632054176072,"score_平均斑塊縮小":40.06772009029345,"score_道路建成區切割":74.04063205417607,"score_孤立比例":13.656884875846501,"score_距大型綠地":8.803611738148984,"綜合破碎化分數":32.8,"破碎化等級":"低","判定原因":"面積減少11.3%；斑塊增加0.0%；平均斑塊縮小45.6%；道路密度9.98 km/km²；孤立比例0.0%；距大型綠地0m","2021面積_ha":75.96,"2022面積_ha":67.5,"2023面積_ha":71.19}},{"type":"Feature","geometry":{"type":"Polygon","coordinates":[[[121.75159641205175,24.78343729692372],[121.751650805313,24.79246515575598],[121.76154026447449,24.792415162772606],[121.76148515572932,24.78338732455068],[121.75159641205175,24.78343729692372]]]},"properties":{"grid_id":"G053_044","綠地類型":"農地","中心經度":121.756568,"中心緯度":24.787926,"分析面積_km2":1.04,"2020面積_ha":56.61,"2024面積_ha":47.61,"面積減少率_pct":15.9,"2020斑塊數":1,"2024斑塊數":1,"斑塊數增加率_pct":0.0,"2020平均斑塊面積_ha":294.12,"2024平均斑塊面積_ha":137.34,"平均斑塊面積下降率_pct":53.3,"道路切割密度_km_per_km2":12.918,"建成區邊界切割密度_km_per_km2":5.017,"孤立小斑塊比例_pct":0.0,"距大型連續綠地平均距離_m":0.0,"score_面積減少":43.792325056433405,"score_斑塊增加":24.040632054176072,"score_平均斑塊縮小":47.51693002257336,"score_道路建成區切割":87.13318284424379,"score_孤立比例":13.656884875846501,"score_距大型綠地":8.803611738148984,"綜合破碎化分數":37.5,"破碎化等級":"低","判定原因":"面積減少15.9%；斑塊增加0.0%；平均斑塊縮小53.3%；道路密度12.92 km/km²；孤立比例0.0%；距大型綠地0m","2021面積_ha":61.11,"2022面積_ha":45.72,"2023面積_ha":50.04}},{"type":"Feature","geometry":{"type":"Polygon","coordinates":[[[121.76148515572932,24.78338732455068],[121.76154026447449,24.792415162772606],[121.77142969685336,24.792364516466048],[121.77137387263278,24.78333669912379],[121.76148515572932,24.78338732455068]]]},"properties":{"grid_id":"G053_045","綠地類型":"農地","中心經度":121.766457,"中心緯度":24.787876,"分析面積_km2":1.04,"2020面積_ha":67.32,"2024面積_ha":63.45,"面積減少率_pct":5.75,"2020斑塊數":1,"2024斑塊數":1,"斑塊數增加率_pct":0.0,"2020平均斑塊面積_ha":2265.39,"2024平均斑塊面積_ha":444.06,"平均斑塊面積下降率_pct":80.4,"道路切割密度_km_per_km2":9.919,"建成區邊界切割密度_km_per_km2":6.142,"孤立小斑塊比例_pct":0.0,"距大型連續綠地平均距離_m":0.0,"score_面積減少":25.056433408577877,"score_斑塊增加":24.040632054176072,"score_平均斑塊縮小":73.81489841986456,"score_道路建成區切割":75.90293453724604,"score_孤立比例":13.656884875846501,"score_距大型綠地":8.803611738148984,"綜合破碎化分數":36.9,"破碎化等級":"低","判定原因":"面積減少5.8%；斑塊增加0.0%；平均斑塊縮小80.4%；道路密度9.92 km/km²；孤立比例0.0%；距大型綠地0m","2021面積_ha":68.67,"2022面積_ha":62.37,"2023面積_ha":66.42}},{"type":"Feature","geometry":{"type":"Polygon","coordinates":[[[121.80103985922284,24.783180904590463],[121.80109782981755,24.792208657677822],[121.81098715158925,24.79215539814952],[121.81092846555424,24.783127667019095],[121.80103985922284,24.783180904590463]]]},"properties":{"grid_id":"G053_049","綠地類型":"農地","中心經度":121.806013,"中心緯度":24.787668,"分析面積_km2":1.04,"2020面積_ha":83.7,"2024面積_ha":76.23,"面積減少率_pct":8.92,"2020斑塊數":1,"2024斑塊數":1,"斑塊數增加率_pct":0.0,"2020平均斑塊面積_ha":2265.39,"2024平均斑塊面積_ha":1231.56,"平均斑塊面積下降率_pct":45.64,"道路切割密度_km_per_km2":9.371,"建成區邊界切割密度_km_per_km2":4.758,"孤立小斑塊比例_pct":0.0,"距大型連續綠地平均距離_m":0.0,"score_面積減少":30.699774266365687,"score_斑塊增加":24.040632054176072,"score_平均斑塊縮小":40.06772009029345,"score_道路建成區切割":67.32505643340858,"score_孤立比例":13.656884875846501,"score_距大型綠地":8.803611738148984,"綜合破碎化分數":30.8,"破碎化等級":"低","判定原因":"面積減少8.9%；斑塊增加0.0%；平均斑塊縮小45.6%；道路密度9.37 km/km²；孤立比例0.0%；距大型綠地0m","2021面積_ha":79.47,"2022面積_ha":73.17,"2023面積_ha":73.26}},{"type":"Feature","geometry":{"type":"Polygon","coordinates":[[[121.81092846555424,24.783127667019095],[121.81098715158925,24.79215539814952],[121.81848303048878,24.79211459329073],[121.81841769999998,24.791506500000004],[121.81836099999998,24.790887099999996],[121.81843,24.789926100000002],[121.8182987,24.789431900000004],[121.8182147,24.7891189],[121.81821050000002,24.788358],[121.81809899999999,24.787565199999996],[121.81804,24.78679],[121.8179649,24.7859019],[121.81792,24.783700000000003],[121.81788706912684,24.78308981224442],[121.81092846555424,24.783127667019095]]]},"properties":{"grid_id":"G053_050","綠地類型":"農地","中心經度":121.814557,"中心緯度":24.787981,"分析面積_km2":0.762,"2020面積_ha":20.79,"2024面積_ha":18.72,"面積減少率_pct":9.96,"2020斑塊數":2,"2024斑塊數":1,"斑塊數增加率_pct":0.0,"2020平均斑塊面積_ha":1132.785,"2024平均斑塊面積_ha":1231.56,"平均斑塊面積下降率_pct":0.0,"道路切割密度_km_per_km2":8.658,"建成區邊界切割密度_km_per_km2":2.086,"孤立小斑塊比例_pct":0.0,"距大型連續綠地平均距離_m":0.0,"score_面積減少":33.40857787810384,"score_斑塊增加":24.040632054176072,"score_平均斑塊縮小":8.91647855530474,"score_道路建成區切割":48.419864559819416,"score_孤立比例":13.656884875846501,"score_距大型綠地":8.803611738148984,"綜合破碎化分數":22.9,"破碎化等級":"低","判定原因":"面積減少10.0%；斑塊增加0.0%；平均斑塊縮小0.0%；道路密度8.66 km/km²；孤立比例0.0%；距大型綠地0m","2021面積_ha":18.36,"2022面積_ha":12.96,"2023面積_ha":12.96}},{"type":"Feature","geometry":{"type":"Polygon","coordinates":[[[121.71209270779478,24.792658594320727],[121.71214426408164,24.80168652191214],[121.7220345427612,24.801639122753986],[121.7219822706098,24.792611214698333],[121.71209270779478,24.792658594320727]]]},"properties":{"grid_id":"G054_040","綠地類型":"農地","中心經度":121.717063,"中心緯度":24.797149,"分析面積_km2":1.04,"2020面積_ha":0.18,"2024面積_ha":0.0,"面積減少率_pct":100.0,"2020斑塊數":1,"2024斑塊數":0,"斑塊數增加率_pct":0.0,"2020平均斑塊面積_ha":0.18,"2024平均斑塊面積_ha":0.0,"平均斑塊面積下降率_pct":100.0,"道路切割密度_km_per_km2":3.604,"建成區邊界切割密度_km_per_km2":0.0,"孤立小斑塊比例_pct":0.0,"距大型連續綠地平均距離_m":0.0,"score_面積減少":97.62979683972912,"score_斑塊增加":24.040632054176072,"score_平均斑塊縮小":97.62979683972912,"score_道路建成區切割":7.562076749435667,"score_孤立比例":13.656884875846501,"score_距大型綠地":8.803611738148984,"綜合破碎化分數":41.6,"破碎化等級":"低","判定原因":"面積減少100.0%；斑塊增加0.0%；平均斑塊縮小100.0%；道路密度3.60 km/km²；孤立比例0.0%；距大型綠地0m","2021面積_ha":0.0,"2022面積_ha":0.0,"2023面積_ha":0.0}},{"type":"Feature","geometry":{"type":"Polygon","coordinates":[[[121.74176131971662,24.792514495409268],[121.74181502357278,24.8015423635853],[121.75170522500919,24.80149300358815],[121.751650805313,24.79246515575598],[121.74176131971662,24.792514495409268]]]},"properties":{"grid_id":"G054_043","綠地類型":"農地","中心經度":121.746733,"中心緯度":24.797004,"分析面積_km2":1.04,"2020面積_ha":1.98,"2024面積_ha":1.26,"面積減少率_pct":36.36,"2020斑塊數":1,"2024斑塊數":1,"斑塊數增加率_pct":0.0,"2020平均斑塊面積_ha":294.12,"2024平均斑塊面積_ha":137.34,"平均斑塊面積下降率_pct":53.3,"道路切割密度_km_per_km2":4.729,"建成區邊界切割密度_km_per_km2":0.26,"孤立小斑塊比例_pct":0.0,"距大型連續綠地平均距離_m":0.0,"score_面積減少":70.99322799097065,"score_斑塊增加":24.040632054176072,"score_平均斑塊縮小":47.51693002257336,"score_道路建成區切割":20.767494356659142,"score_孤立比例":13.656884875846501,"score_距大型綠地":8.803611738148984,"綜合破碎化分數":31.0,"破碎化等級":"低","判定原因":"面積減少36.4%；斑塊增加0.0%；平均斑塊縮小53.3%；道路密度4.73 km/km²；孤立比例0.0%；距大型綠地0m","2021面積_ha":2.61,"2022面積_ha":1.17,"2023面積_ha":2.25}},{"type":"Feature","geometry":{"type":"Polygon","coordinates":[[[121.79120847987258,24.792261263911513],[121.79126576284366,24.80128902767457],[121.80115582858555,24.801236399750213],[121.80109782981755,24.792208657677822],[121.79120847987258,24.792261263911513]]]},"properties":{"grid_id":"G054_048","綠地類型":"農地","中心經度":121.796182,"中心緯度":24.796749,"分析面積_km2":1.04,"2020面積_ha":73.98,"2024面積_ha":59.22,"面積減少率_pct":19.95,"2020斑塊數":1,"2024斑塊數":1,"斑塊數增加率_pct":0.0,"2020平均斑塊面積_ha":2265.39,"2024平均斑塊面積_ha":1231.56,"平均斑塊面積下降率_pct":45.64,"道路切割密度_km_per_km2":9.487,"建成區邊界切割密度_km_per_km2":6.459,"孤立小斑塊比例_pct":0.0,"距大型連續綠地平均距離_m":0.0,"score_面積減少":51.46726862302483,"score_斑塊增加":24.040632054176072,"score_平均斑塊縮小":40.06772009029345,"score_道路建成區切割":74.77426636568849,"score_孤立比例":13.656884875846501,"score_距大型綠地":8.803611738148984,"綜合破碎化分數":35.5,"破碎化等級":"低","判定原因":"面積減少19.9%；斑塊增加0.0%；平均斑塊縮小45.6%；道路密度9.49 km/km²；孤立比例0.0%；距大型綠地0m","2021面積_ha":75.42,"2022面積_ha":67.23,"2023面積_ha":63.18}},{"type":"Feature","geometry":{"type":"Polygon","coordinates":[[[121.80109782981755,24.792208657677822],[121.80115582858555,24.801236399750213],[121.81104586614518,24.801183118261886],[121.81098715158925,24.79215539814952],[121.80109782981755,24.792208657677822]]]},"properties":{"grid_id":"G054_049","綠地類型":"農地","中心經度":121.806072,"中心緯度":24.796696,"分析面積_km2":1.04,"2020面積_ha":53.55,"2024面積_ha":48.06,"面積減少率_pct":10.25,"2020斑塊數":3,"2024斑塊數":2,"斑塊數增加率_pct":0.0,"2020平均斑塊面積_ha":758.58,"2024平均斑塊面積_ha":620.46,"平均斑塊面積下降率_pct":18.21,"道路切割密度_km_per_km2":10.409,"建成區邊界切割密度_km_per_km2":4.354,"孤立小斑塊比例_pct":0.0,"距大型連續綠地平均距離_m":37.3,"score_面積減少":34.08577878103837,"score_斑塊增加":24.040632054176072,"score_平均斑塊縮小":24.604966139954854,"score_道路建成區切割":69.97742663656885,"score_孤立比例":13.656884875846501,"score_距大型綠地":51.24153498871332,"綜合破碎化分數":36.3,"破碎化等級":"低","判定原因":"面積減少10.2%；斑塊增加0.0%；平均斑塊縮小18.2%；道路密度10.41 km/km²；孤立比例0.0%；距大型綠地37m","2021面積_ha":52.02,"2022面積_ha":49.14,"2023面積_ha":48.42}},{"type":"Feature","geometry":{"type":"Polygon","coordinates":[[[121.71214426408164,24.80168652191214],[121.71219584542061,24.810714438511702],[121.72208684031251,24.810667019815057],[121.7220345427612,24.801639122753986],[121.71214426408164,24.80168652191214]]]},"properties":{"grid_id":"G055_040","綠地類型":"農地","中心經度":121.717115,"中心緯度":24.806177,"分析面積_km2":1.04,"2020面積_ha":0.09,"2024面積_ha":0.0,"面積減少率_pct":100.0,"2020斑塊數":1,"2024斑塊數":0,"斑塊數增加率_pct":0.0,"2020平均斑塊面積_ha":0.18,"2024平均斑塊面積_ha":0.0,"平均斑塊面積下降率_pct":100.0,"道路切割密度_km_per_km2":4.931,"建成區邊界切割密度_km_per_km2":0.0,"孤立小斑塊比例_pct":0.0,"距大型連續綠地平均距離_m":0.0,"score_面積減少":97.62979683972912,"score_斑塊增加":24.040632054176072,"score_平均斑塊縮小":97.62979683972912,"score_道路建成區切割":11.343115124153499,"score_孤立比例":13.656884875846501,"score_距大型綠地":8.803611738148984,"綜合破碎化分數":42.2,"破碎化等級":"低","判定原因":"面積減少100.0%；斑塊增加0.0%；平均斑塊縮小100.0%；道路密度4.93 km/km²；孤立比例0.0%；距大型綠地0m","2021面積_ha":0.0,"2022面積_ha":0.0,"2023面積_ha":0.0}},{"type":"Feature","geometry":{"type":"Polygon","coordinates":[[[121.75170522500919,24.80149300358815],[121.75175967114868,24.81052084041725],[121.76165056232117,24.810470806204503],[121.76159540000226,24.801442989991536],[121.75170522500919,24.80149300358815]]]},"properties":{"grid_id":"G055_044","綠地類型":"農地","中心經度":121.756678,"中心緯度":24.805982,"分析面積_km2":1.04,"2020面積_ha":44.1,"2024面積_ha":38.43,"面積減少率_pct":12.86,"2020斑塊數":1,"2024斑塊數":1,"斑塊數增加率_pct":0.0,"2020平均斑塊面積_ha":294.12,"2024平均斑塊面積_ha":66.69,"平均斑塊面積下降率_pct":77.33,"道路切割密度_km_per_km2":8.91,"建成區邊界切割密度_km_per_km2":4.095,"孤立小斑塊比例_pct":0.0,"距大型連續綠地平均距離_m":0.0,"score_面積減少":39.503386004514674,"score_斑塊增加":24.040632054176072,"score_平均斑塊縮小":70.54176072234763,"score_道路建成區切割":59.706546275395034,"score_孤立比例":13.656884875846501,"score_距大型綠地":8.803611738148984,"綜合破碎化分數":36.0,"破碎化等級":"低","判定原因":"面積減少12.9%；斑塊增加0.0%；平均斑塊縮小77.3%；道路密度8.91 km/km²；孤立比例0.0%；距大型綠地0m","2021面積_ha":43.38,"2022面積_ha":36.09,"2023面積_ha":44.28}},{"type":"Feature","geometry":{"type":"Polygon","coordinates":[[[121.79126576284366,24.80128902767457],[121.79132307364922,24.810316780422735],[121.80121385553579,24.81026413080465],[121.80115582858555,24.801236399750213],[121.79126576284366,24.80128902767457]]]},"properties":{"grid_id":"G055_048","綠地類型":"農地","中心經度":121.79624,"中心緯度":24.805777,"分析面積_km2":1.04,"2020面積_ha":69.12,"2024面積_ha":59.76,"面積減少率_pct":13.54,"2020斑塊數":4,"2024斑塊數":1,"斑塊數增加率_pct":0.0,"2020平均斑塊面積_ha":639.472,"2024平均斑塊面積_ha":1231.56,"平均斑塊面積下降率_pct":0.0,"道路切割密度_km_per_km2":8.506,"建成區邊界切割密度_km_per_km2":3.922,"孤立小斑塊比例_pct":0.0,"距大型連續綠地平均距離_m":0.0,"score_面積減少":40.40632054176072,"score_斑塊增加":24.040632054176072,"score_平均斑塊縮小":8.91647855530474,"score_道路建成區切割":57.84424379232506,"score_孤立比例":13.656884875846501,"score_距大型綠地":8.803611738148984,"綜合破碎化分數":25.6,"破碎化等級":"低","判定原因":"面積減少13.5%；斑塊增加0.0%；平均斑塊縮小0.0%；道路密度8.51 km/km²；孤立比例0.0%；距大型綠地0m","2021面積_ha":66.6,"2022面積_ha":63.0,"2023面積_ha":61.92}},{"type":"Feature","geometry":{"type":"Polygon","coordinates":[[[121.80115582858555,24.801236399750213],[121.80121385553579,24.81026413080465],[121.81110460923115,24.81021082735323],[121.81104586614518,24.801183118261886],[121.80115582858555,24.801236399750213]]]},"properties":{"grid_id":"G055_049","綠地類型":"農地","中心經度":121.80613,"中心緯度":24.805724,"分析面積_km2":1.04,"2020面積_ha":68.13,"2024面積_ha":58.68,"面積減少率_pct":13.87,"2020斑塊數":4,"2024斑塊數":4,"斑塊數增加率_pct":0.0,"2020平均斑塊面積_ha":568.89,"2024平均斑塊面積_ha":310.59,"平均斑塊面積下降率_pct":45.4,"道路切割密度_km_per_km2":10.784,"建成區邊界切割密度_km_per_km2":3.489,"孤立小斑塊比例_pct":2.45,"距大型連續綠地平均距離_m":10.8,"score_面積減少":41.08352144469526,"score_斑塊增加":24.040632054176072,"score_平均斑塊縮小":39.05191873589165,"score_道路建成區切割":67.94582392776523,"score_孤立比例":45.82392776523702,"score_距大型綠地":38.37471783295711,"綜合破碎化分數":42.7,"破碎化等級":"低","判定原因":"面積減少13.9%；斑塊增加0.0%；平均斑塊縮小45.4%；道路密度10.78 km/km²；孤立比例2.5%；距大型綠地11m","2021面積_ha":64.89,"2022面積_ha":56.16,"2023面積_ha":56.79}},{"type":"Feature","geometry":{"type":"Polygon","coordinates":[[[121.74186875352446,24.81057022076114],[121.74192250957995,24.81959806693381],[121.75181414373988,24.81954866624033],[121.75175967114868,24.81052084041725],[121.74186875352446,24.81057022076114]]]},"properties":{"grid_id":"G056_043","綠地類型":"農地","中心經度":121.746841,"中心緯度":24.81506,"分析面積_km2":1.04,"2020面積_ha":0.0,"2024面積_ha":0.36,"面積減少率_pct":0.0,"2020斑塊數":0,"2024斑塊數":1,"斑塊數增加率_pct":100.0,"2020平均斑塊面積_ha":0.0,"2024平均斑塊面積_ha":7.56,"平均斑塊面積下降率_pct":0.0,"道路切割密度_km_per_km2":8.478,"建成區邊界切割密度_km_per_km2":0.087,"孤立小斑塊比例_pct":0.0,"距大型連續綠地平均距離_m":662.4,"score_面積減少":9.255079006772009,"score_斑塊增加":78.3295711060948,"score_平均斑塊縮小":8.91647855530474,"score_道路建成區切割":29.401805869074494,"score_孤立比例":13.656884875846501,"score_距大型綠地":85.32731376975168,"綜合破碎化分數":37.5,"破碎化等級":"低","判定原因":"面積減少0.0%；斑塊增加100.0%；平均斑塊縮小0.0%；道路密度8.48 km/km²；孤立比例0.0%；距大型綠地662m","2021面積_ha":0.0,"2022面積_ha":0.0,"2023面積_ha":0.0}},{"type":"Feature","geometry":{"type":"Polygon","coordinates":[[[121.80121385553579,24.81026413080465],[121.80127191067724,24.819291850838184],[121.8111633808562,24.819238525420563],[121.81110460923115,24.81021082735323],[121.80121385553579,24.81026413080465]]]},"properties":{"grid_id":"G056_049","綠地類型":"農地","中心經度":121.806188,"中心緯度":24.814751,"分析面積_km2":1.04,"2020面積_ha":33.93,"2024面積_ha":35.19,"面積減少率_pct":0.0,"2020斑塊數":2,"2024斑塊數":4,"斑塊數增加率_pct":100.0,"2020平均斑塊面積_ha":1132.785,"2024平均斑塊面積_ha":307.98,"平均斑塊面積下降率_pct":72.81,"道路切割密度_km_per_km2":10.381,"建成區邊界切割密度_km_per_km2":0.461,"孤立小斑塊比例_pct":0.77,"距大型連續綠地平均距離_m":2.7,"score_面積減少":9.255079006772009,"score_斑塊增加":78.3295711060948,"score_平均斑塊縮小":66.47855530474041,"score_道路建成區切割":45.99322799097065,"score_孤立比例":35.3273137697517,"score_距大型綠地":28.216704288939056,"綜合破碎化分數":43.9,"破碎化等級":"低","判定原因":"面積減少0.0%；斑塊增加100.0%；平均斑塊縮小72.8%；道路密度10.38 km/km²；孤立比例0.8%；距大型綠地3m","2021面積_ha":33.03,"2022面積_ha":32.13,"2023面積_ha":26.91}},{"type":"Feature","geometry":{"type":"Polygon","coordinates":[[[121.81110460923115,24.81021082735323],[121.8111633808562,24.819238525420563],[121.82105482248701,24.819184545907547],[121.82099976117163,24.810828812521834],[121.82090864158017,24.81015734585561],[121.81110460923115,24.81021082735323]]]},"properties":{"grid_id":"G056_050","綠地類型":"農地","中心經度":121.816082,"中心緯度":24.815034,"分析面積_km2":1.04,"2020面積_ha":17.01,"2024面積_ha":22.14,"面積減少率_pct":0.0,"2020斑塊數":8,"2024斑塊數":5,"斑塊數增加率_pct":0.0,"2020平均斑塊面積_ha":283.489,"2024平均斑塊面積_ha":246.942,"平均斑塊面積下降率_pct":12.89,"道路切割密度_km_per_km2":9.054,"建成區邊界切割密度_km_per_km2":1.932,"孤立小斑塊比例_pct":14.23,"距大型連續綠地平均距離_m":41.2,"score_面積減少":9.255079006772009,"score_斑塊增加":24.040632054176072,"score_平均斑塊縮小":22.34762979683973,"score_道路建成區切割":49.49209932279909,"score_孤立比例":72.46049661399549,"score_距大型綠地":52.934537246049665,"綜合破碎化分數":38.4,"破碎化等級":"低","判定原因":"面積減少0.0%；斑塊增加0.0%；平均斑塊縮小12.9%；道路密度9.05 km/km²；孤立比例14.2%；距大型綠地41m","2021面積_ha":15.66,"2022面積_ha":15.39,"2023面積_ha":18.36}},{"type":"Feature","geometry":{"type":"Polygon","coordinates":[[[121.75181414373988,24.81954866624033],[121.75186864279127,24.828576481054416],[121.76176096736638,24.82852640560069],[121.76170575143969,24.819498611408545],[121.75181414373988,24.81954866624033]]]},"properties":{"grid_id":"G057_044","綠地類型":"農地","中心經度":121.756787,"中心緯度":24.824038,"分析面積_km2":1.04,"2020面積_ha":10.62,"2024面積_ha":14.85,"面積減少率_pct":0.0,"2020斑塊數":3,"2024斑塊數":1,"斑塊數增加率_pct":0.0,"2020平均斑塊面積_ha":12.3,"2024平均斑塊面積_ha":33.93,"平均斑塊面積下降率_pct":0.0,"道路切割密度_km_per_km2":11.044,"建成區邊界切割密度_km_per_km2":1.644,"孤立小斑塊比例_pct":0.0,"距大型連續綠地平均距離_m":0.0,"score_面積減少":9.255079006772009,"score_斑塊增加":24.040632054176072,"score_平均斑塊縮小":8.91647855530474,"score_道路建成區切割":59.08577878103837,"score_孤立比例":13.656884875846501,"score_距大型綠地":8.803611738148984,"綜合破碎化分數":20.6,"破碎化等級":"低","判定原因":"面積減少0.0%；斑塊增加0.0%；平均斑塊縮小0.0%；道路密度11.04 km/km²；孤立比例0.0%；距大型綠地0m","2021面積_ha":6.03,"2022面積_ha":0.18,"2023面積_ha":1.35}},{"type":"Feature","geometry":{"type":"Polygon","coordinates":[[[121.77165326512484,24.8284756757461],[121.77170922508311,24.837503438029017],[121.78160221288303,24.837452032616714],[121.78154553571846,24.82842429149766],[121.77165326512484,24.8284756757461]]]},"properties":{"grid_id":"G058_046","綠地類型":"農地","中心經度":121.776628,"中心緯度":24.832964,"分析面積_km2":1.04,"2020面積_ha":8.91,"2024面積_ha":8.73,"面積減少率_pct":2.02,"2020斑塊數":1,"2024斑塊數":1,"斑塊數增加率_pct":0.0,"2020平均斑塊面積_ha":291.87,"2024平均斑塊面積_ha":79.02,"平均斑塊面積下降率_pct":72.93,"道路切割密度_km_per_km2":15.513,"建成區邊界切割密度_km_per_km2":0.663,"孤立小斑塊比例_pct":0.0,"距大型連續綠地平均距離_m":0.0,"score_面積減少":19.41309255079007,"score_斑塊增加":24.040632054176072,"score_平均斑塊縮小":66.81715575620768,"score_道路建成區切割":65.74492099322799,"score_孤立比例":13.656884875846501,"score_距大型綠地":8.803611738148984,"綜合破碎化分數":33.1,"破碎化等級":"低","判定原因":"面積減少2.0%；斑塊增加0.0%；平均斑塊縮小72.9%；道路密度15.51 km/km²；孤立比例0.0%；距大型綠地0m","2021面積_ha":9.45,"2022面積_ha":8.01,"2023面積_ha":8.64}},{"type":"Feature","geometry":{"type":"Polygon","coordinates":[[[121.81122218102942,24.82826621246091],[121.81128100975985,24.8372938884713],[121.82117388538379,24.837239864477652],[121.82111433948272,24.828212210709143],[121.81122218102942,24.82826621246091]]]},"properties":{"grid_id":"G058_050","綠地類型":"農地","中心經度":121.816198,"中心緯度":24.832753,"分析面積_km2":1.04,"2020面積_ha":0.09,"2024面積_ha":0.45,"面積減少率_pct":0.0,"2020斑塊數":1,"2024斑塊數":1,"斑塊數增加率_pct":0.0,"2020平均斑塊面積_ha":0.09,"2024平均斑塊面積_ha":0.45,"平均斑塊面積下降率_pct":0.0,"道路切割密度_km_per_km2":7.814,"建成區邊界切割密度_km_per_km2":0.087,"孤立小斑塊比例_pct":100.0,"距大型連續綠地平均距離_m":1377.8,"score_面積減少":9.255079006772009,"score_斑塊增加":24.040632054176072,"score_平均斑塊縮小":8.91647855530474,"score_道路建成區切割":26.636568848758465,"score_孤立比例":93.56659142212189,"score_距大型綠地":93.45372460496614,"綜合破碎化分數":42.6,"破碎化等級":"低","判定原因":"面積減少0.0%；斑塊增加0.0%；平均斑塊縮小0.0%；道路密度7.81 km/km²；孤立比例100.0%；距大型綠地1378m","2021面積_ha":0.18,"2022面積_ha":0.0,"2023面積_ha":0.27}},{"type":"Feature","geometry":{"type":"Polygon","coordinates":[[[121.82111433948272,24.828212210709143],[121.82117388538379,24.837239864477652],[121.82608283458072,24.8372128141336],[121.8260378,24.836916600000002],[121.82583180000002,24.8360234],[121.82562939999998,24.835138499999996],[121.82546939999999,24.834243800000003],[121.82531090000002,24.833394299999995],[121.8252187,24.832941899999998],[121.82510640000001,24.8324793],[121.8248377,24.831614999999996],[121.8246499,24.830691199999997],[121.8244482,24.829827299999994],[121.82423840000001,24.828942699999995],[121.82410065099849,24.828195779675983],[121.82111433948272,24.828212210709143]]]},"properties":{"grid_id":"G058_051","綠地類型":"農地","中心經度":121.823153,"中心緯度":24.832722,"分析面積_km2":0.406,"2020面積_ha":0.45,"2024面積_ha":0.54,"面積減少率_pct":0.0,"2020斑塊數":1,"2024斑塊數":1,"斑塊數增加率_pct":0.0,"2020平均斑塊面積_ha":0.45,"2024平均斑塊面積_ha":0.54,"平均斑塊面積下降率_pct":0.0,"道路切割密度_km_per_km2":7.095,"建成區邊界切割密度_km_per_km2":0.443,"孤立小斑塊比例_pct":100.0,"距大型連續綠地平均距離_m":1345.6,"score_面積減少":9.255079006772009,"score_斑塊增加":24.040632054176072,"score_平均斑塊縮小":8.91647855530474,"score_道路建成區切割":31.26410835214447,"score_孤立比例":93.56659142212189,"score_距大型綠地":93.00225733634312,"綜合破碎化分數":43.3,"破碎化等級":"低","判定原因":"面積減少0.0%；斑塊增加0.0%；平均斑塊縮小0.0%；道路密度7.09 km/km²；孤立比例100.0%；距大型綠地1346m","2021面積_ha":0.63,"2022面積_ha":0.36,"2023面積_ha":0.63}},{"type":"Feature","geometry":{"type":"Polygon","coordinates":[[[121.79149517316127,24.837399972548173],[121.79155259539328,24.84642768120707],[121.8014462453385,24.846374944783562],[121.80138810556963,24.837347257830604],[121.79149517316127,24.837399972548173]]]},"properties":{"grid_id":"G059_048","綠地類型":"農地","中心經度":121.796471,"中心緯度":24.841888,"分析面積_km2":1.04,"2020面積_ha":55.08,"2024面積_ha":53.55,"面積減少率_pct":2.78,"2020斑塊數":2,"2024斑塊數":2,"斑塊數增加率_pct":0.0,"2020平均斑塊面積_ha":149.58,"2024平均斑塊面積_ha":136.305,"平均斑塊面積下降率_pct":8.87,"道路切割密度_km_per_km2":11.563,"建成區邊界切割密度_km_per_km2":3.028,"孤立小斑塊比例_pct":0.0,"距大型連續綠地平均距離_m":0.0,"score_面積減少":21.21896162528217,"score_斑塊增加":24.040632054176072,"score_平均斑塊縮小":20.767494356659142,"score_道路建成區切割":68.73589164785554,"score_孤立比例":13.656884875846501,"score_距大型綠地":8.803611738148984,"綜合破碎化分數":26.2,"破碎化等級":"低","判定原因":"面積減少2.8%；斑塊增加0.0%；平均斑塊縮小8.9%；道路密度11.56 km/km²；孤立比例0.0%；距大型綠地0m","2021面積_ha":54.54,"2022面積_ha":52.38,"2023面積_ha":55.26}},{"type":"Feature","geometry":{"type":"Polygon","coordinates":[[[121.80138810556963,24.837347257830604],[121.8014462453385,24.846374944783562],[121.81133986705665,24.846321553448774],[121.81128100975985,24.8372938884713],[121.80138810556963,24.837347257830604]]]},"properties":{"grid_id":"G059_049","綠地類型":"農地","中心經度":121.806364,"中心緯度":24.841834,"分析面積_km2":1.04,"2020面積_ha":41.67,"2024面積_ha":38.79,"面積減少率_pct":6.91,"2020斑塊數":6,"2024斑塊數":4,"斑塊數增加率_pct":0.0,"2020平均斑塊面積_ha":51.075,"2024平均斑塊面積_ha":69.48,"平均斑塊面積下降率_pct":0.0,"道路切割密度_km_per_km2":9.977,"建成區邊界切割密度_km_per_km2":3.374,"孤立小斑塊比例_pct":0.46,"距大型連續綠地平均距離_m":26.0,"score_面積減少":27.088036117381492,"score_斑塊增加":24.040632054176072,"score_平均斑塊縮小":8.91647855530474,"score_道路建成區切割":62.81038374717832,"score_孤立比例":32.50564334085779,"score_距大型綠地":46.27539503386004,"綜合破碎化分數":33.6,"破碎化等級":"低","判定原因":"面積減少6.9%；斑塊增加0.0%；平均斑塊縮小0.0%；道路密度9.98 km/km²；孤立比例0.5%；距大型綠地26m","2021面積_ha":42.48,"2022面積_ha":36.81,"2023面積_ha":37.26}},{"type":"Feature","geometry":{"type":"Polygon","coordinates":[[[121.81128100975985,24.8372938884713],[121.81133986705665,24.846321553448774],[121.82123346019937,24.846267507210108],[121.82117388538379,24.837239864477652],[121.81128100975985,24.8372938884713]]]},"properties":{"grid_id":"G059_050","綠地類型":"農地","中心經度":121.816257,"中心緯度":24.841781,"分析面積_km2":1.04,"2020面積_ha":9.9,"2024面積_ha":9.09,"面積減少率_pct":8.18,"2020斑塊數":2,"2024斑塊數":1,"斑塊數增加率_pct":0.0,"2020平均斑塊面積_ha":4.95,"2024平均斑塊面積_ha":9.09,"平均斑塊面積下降率_pct":0.0,"道路切割密度_km_per_km2":7.814,"建成區邊界切割密度_km_per_km2":0.433,"孤立小斑塊比例_pct":0.0,"距大型連續綠地平均距離_m":487.6,"score_面積減少":29.79683972911964,"score_斑塊增加":24.040632054176072,"score_平均斑塊縮小":8.91647855530474,"score_道路建成區切割":32.84424379232506,"score_孤立比例":13.656884875846501,"score_距大型綠地":81.03837471783297,"綜合破碎化分數":31.7,"破碎化等級":"低","判定原因":"面積減少8.2%；斑塊增加0.0%；平均斑塊縮小0.0%；道路密度7.81 km/km²；孤立比例0.0%；距大型綠地488m","2021面積_ha":8.73,"2022面積_ha":4.77,"2023面積_ha":5.49}},{"type":"Feature","geometry":{"type":"Polygon","coordinates":[[[121.79155259539328,24.84642768120707],[121.79161004550403,24.85545537883623],[121.80150441333448,24.855402620703718],[121.8014462453385,24.846374944783562],[121.79155259539328,24.84642768120707]]]},"properties":{"grid_id":"G060_048","綠地類型":"農地","中心經度":121.796528,"中心緯度":24.850915,"分析面積_km2":1.04,"2020面積_ha":21.33,"2024面積_ha":19.26,"面積減少率_pct":9.7,"2020斑塊數":3,"2024斑塊數":2,"斑塊數增加率_pct":0.0,"2020平均斑塊面積_ha":60.15,"2024平均斑塊面積_ha":84.645,"平均斑塊面積下降率_pct":0.0,"道路切割密度_km_per_km2":13.264,"建成區邊界切割密度_km_per_km2":1.125,"孤立小斑塊比例_pct":0.0,"距大型連續綠地平均距離_m":6.1,"score_面積減少":32.731376975169304,"score_斑塊增加":24.040632054176072,"score_平均斑塊縮小":8.91647855530474,"score_道路建成區切割":66.64785553047403,"score_孤立比例":13.656884875846501,"score_距大型綠地":32.27990970654628,"綜合破碎化分數":29.7,"破碎化等級":"低","判定原因":"面積減少9.7%；斑塊增加0.0%；平均斑塊縮小0.0%；道路密度13.26 km/km²；孤立比例0.0%；距大型綠地6m","2021面積_ha":21.06,"2022面積_ha":19.62,"2023面積_ha":21.15}},{"type":"Feature","geometry":{"type":"Polygon","coordinates":[[[121.8014462453385,24.846374944783562],[121.80150441333448,24.855402620703718],[121.81139875292882,24.855349207390343],[121.81133986705665,24.846321553448774],[121.8014462453385,24.846374944783562]]]},"properties":{"grid_id":"G060_049","綠地類型":"農地","中心經度":121.806422,"中心緯度":24.850862,"分析面積_km2":1.04,"2020面積_ha":52.74,"2024面積_ha":50.13,"面積減少率_pct":4.95,"2020斑塊數":3,"2024斑塊數":2,"斑塊數增加率_pct":0.0,"2020平均斑塊面積_ha":60.78,"2024平均斑塊面積_ha":82.305,"平均斑塊面積下降率_pct":0.0,"道路切割密度_km_per_km2":11.13,"建成區邊界切割密度_km_per_km2":3.777,"孤立小斑塊比例_pct":1.08,"距大型連續綠地平均距離_m":3.2,"score_面積減少":23.927765237020317,"score_斑塊增加":24.040632054176072,"score_平均斑塊縮小":8.91647855530474,"score_道路建成區切割":71.33182844243794,"score_孤立比例":37.69751693002257,"score_距大型綠地":29.232505643340858,"綜合破碎化分數":32.5,"破碎化等級":"低","判定原因":"面積減少5.0%；斑塊增加0.0%；平均斑塊縮小0.0%；道路密度11.13 km/km²；孤立比例1.1%；距大型綠地3m","2021面積_ha":54.54,"2022面積_ha":49.14,"2023面積_ha":53.64}},{"type":"Feature","geometry":{"type":"Polygon","coordinates":[[[121.81133986705665,24.846321553448774],[121.81139875292882,24.855349207390343],[121.82129306393867,24.85529513890353],[121.82123346019937,24.846267507210108],[121.81133986705665,24.846321553448774]]]},"properties":{"grid_id":"G060_050","綠地類型":"農地","中心經度":121.816316,"中心緯度":24.850808,"分析面積_km2":1.04,"2020面積_ha":25.92,"2024面積_ha":25.02,"面積減少率_pct":3.47,"2020斑塊數":4,"2024斑塊數":3,"斑塊數增加率_pct":0.0,"2020平均斑塊面積_ha":50.13,"2024平均斑塊面積_ha":65.34,"平均斑塊面積下降率_pct":0.0,"道路切割密度_km_per_km2":14.043,"建成區邊界切割密度_km_per_km2":2.364,"孤立小斑塊比例_pct":0.0,"距大型連續綠地平均距離_m":39.4,"score_面積減少":21.896162528216703,"score_斑塊增加":24.040632054176072,"score_平均斑塊縮小":8.91647855530474,"score_道路建成區切割":75.45146726862302,"score_孤立比例":13.656884875846501,"score_距大型綠地":52.144469525959366,"綜合破碎化分數":32.7,"破碎化等級":"低","判定原因":"面積減少3.5%；斑塊增加0.0%；平均斑塊縮小0.0%；道路密度14.04 km/km²；孤立比例0.0%；距大型綠地39m","2021面積_ha":25.38,"2022面積_ha":23.4,"2023面積_ha":23.49}},{"type":"Feature","geometry":{"type":"Polygon","coordinates":[[[121.82123346019937,24.846267507210108],[121.82129306393867,24.85529513890353],[121.83118734601558,24.855240415250737],[121.83117179275021,24.852913165003606],[121.83115190000001,24.852842700000004],[121.8306701,24.852259899999996],[121.8304575,24.8517434],[121.83015490000001,24.850657],[121.8296677,24.8490949],[121.82868639022603,24.846226361112848],[121.82123346019937,24.846267507210108]]]},"properties":{"grid_id":"G060_051","綠地類型":"農地","中心經度":121.825786,"中心緯度":24.851225,"分析面積_km2":0.922,"2020面積_ha":10.89,"2024面積_ha":10.62,"面積減少率_pct":2.48,"2020斑塊數":2,"2024斑塊數":1,"斑塊數增加率_pct":0.0,"2020平均斑塊面積_ha":13.86,"2024平均斑塊面積_ha":26.91,"平均斑塊面積下降率_pct":0.0,"道路切割密度_km_per_km2":13.672,"建成區邊界切割密度_km_per_km2":1.53,"孤立小斑塊比例_pct":0.0,"距大型連續綠地平均距離_m":0.0,"score_面積減少":20.54176072234763,"score_斑塊增加":24.040632054176072,"score_平均斑塊縮小":8.91647855530474,"score_道路建成區切割":69.75169300225733,"score_孤立比例":13.656884875846501,"score_距大型綠地":8.803611738148984,"綜合破碎化分數":24.3,"破碎化等級":"低","判定原因":"面積減少2.5%；斑塊增加0.0%；平均斑塊縮小0.0%；道路密度13.67 km/km²；孤立比例0.0%；距大型綠地0m","2021面積_ha":10.08,"2022面積_ha":3.96,"2023面積_ha":7.2}},{"type":"Feature","geometry":{"type":"Polygon","coordinates":[[[121.79161004550403,24.85545537883623],[121.79166752350244,24.864483065432687],[121.8015626095665,24.8644302855881],[121.80150441333448,24.855402620703718],[121.79161004550403,24.85545537883623]]]},"properties":{"grid_id":"G061_048","綠地類型":"農地","中心經度":121.796586,"中心緯度":24.859943,"分析面積_km2":1.04,"2020面積_ha":3.15,"2024面積_ha":2.43,"面積減少率_pct":22.86,"2020斑塊數":1,"2024斑塊數":1,"斑塊數增加率_pct":0.0,"2020平均斑塊面積_ha":7.38,"2024平均斑塊面積_ha":5.22,"平均斑塊面積下降率_pct":29.27,"道路切割密度_km_per_km2":9.256,"建成區邊界切割密度_km_per_km2":0.375,"孤立小斑塊比例_pct":0.0,"距大型連續綠地平均距離_m":367.8,"score_面積減少":56.09480812641083,"score_斑塊增加":24.040632054176072,"score_平均斑塊縮小":27.313769751693002,"score_道路建成區切割":39.10835214446952,"score_孤立比例":13.656884875846501,"score_距大型綠地":76.97516930022573,"綜合破碎化分數":39.5,"破碎化等級":"低","判定原因":"面積減少22.9%；斑塊增加0.0%；平均斑塊縮小29.3%；道路密度9.26 km/km²；孤立比例0.0%；距大型綠地368m","2021面積_ha":2.97,"2022面積_ha":1.98,"2023面積_ha":2.88}},{"type":"Feature","geometry":{"type":"Polygon","coordinates":[[[121.80150441333448,24.855402620703718],[121.8015626095665,24.8644302855881],[121.81145766738553,24.864376850293052],[121.81139875292882,24.855349207390343],[121.80150441333448,24.855402620703718]]]},"properties":{"grid_id":"G061_049","綠地類型":"農地","中心經度":121.806481,"中心緯度":24.85989,"分析面積_km2":1.04,"2020面積_ha":43.02,"2024面積_ha":35.46,"面積減少率_pct":17.57,"2020斑塊數":2,"2024斑塊數":2,"斑塊數增加率_pct":0.0,"2020平均斑塊面積_ha":90.18,"2024平均斑塊面積_ha":84.645,"平均斑塊面積下降率_pct":6.14,"道路切割密度_km_per_km2":10.352,"建成區邊界切割密度_km_per_km2":3.374,"孤立小斑塊比例_pct":0.0,"距大型連續綠地平均距離_m":22.3,"score_面積減少":46.50112866817156,"score_斑塊增加":24.040632054176072,"score_平均斑塊縮小":20.090293453724605,"score_道路建成區切割":64.6726862302483,"score_孤立比例":13.656884875846501,"score_距大型綠地":45.03386004514673,"綜合破碎化分數":35.7,"破碎化等級":"低","判定原因":"面積減少17.6%；斑塊增加0.0%；平均斑塊縮小6.1%；道路密度10.35 km/km²；孤立比例0.0%；距大型綠地22m","2021面積_ha":45.09,"2022面積_ha":37.44,"2023面積_ha":43.92}},{"type":"Feature","geometry":{"type":"Polygon","coordinates":[[[121.81139875292882,24.855349207390343],[121.81145766738553,24.864376850293052],[121.82135269661092,24.864322759554934],[121.82129306393867,24.85529513890353],[121.81139875292882,24.855349207390343]]]},"properties":{"grid_id":"G061_050","綠地類型":"農地","中心經度":121.816376,"中心緯度":24.859836,"分析面積_km2":1.04,"2020面積_ha":9.99,"2024面積_ha":9.36,"面積減少率_pct":6.31,"2020斑塊數":3,"2024斑塊數":2,"斑塊數增加率_pct":0.0,"2020平均斑塊面積_ha":58.17,"2024平均斑塊面積_ha":82.215,"平均斑塊面積下降率_pct":0.0,"道路切割密度_km_per_km2":14.937,"建成區邊界切割密度_km_per_km2":1.009,"孤立小斑塊比例_pct":3.85,"距大型連續綠地平均距離_m":5.7,"score_面積減少":25.733634311512414,"score_斑塊增加":24.040632054176072,"score_平均斑塊縮小":8.91647855530474,"score_道路建成區切割":68.2844243792325,"score_孤立比例":53.27313769751692,"score_距大型綠地":31.60270880361174,"綜合破碎化分數":35.3,"破碎化等級":"低","判定原因":"面積減少6.3%；斑塊增加0.0%；平均斑塊縮小0.0%；道路密度14.94 km/km²；孤立比例3.9%；距大型綠地6m","2021面積_ha":8.37,"2022面積_ha":6.48,"2023面積_ha":7.29}}]}