{"type":"FeatureCollection","features":[{"type":"Feature","geometry":{"type":"Polygon","coordinates":[[[121.60578455481722,24.314611496137953],[121.60593,24.31444],[121.60649000000001,24.31388],[121.60668,24.31362],[121.60683,24.313259999999996],[121.60692,24.31302],[121.60694000000001,24.312659999999994],[121.60689,24.312379999999997],[121.60663999999998,24.311740000000004],[121.60659,24.311519999999998],[121.60659,24.31101],[121.60653,24.310639999999996],[121.60638,24.31036],[121.60597000000001,24.309799999999996],[121.60584,24.309499999999996],[121.60573000000001,24.309459999999994],[121.60566999999999,24.309500000000007],[121.60533,24.310319999999997],[121.60472999999999,24.31107],[121.60393,24.31186],[121.60376,24.31212],[121.60337000000001,24.31283],[121.60315999999999,24.31309],[121.60295,24.313280000000002],[121.60264,24.313469999999995],[121.60209000000002,24.313970000000005],[121.60136,24.31455],[121.60124511118701,24.314629538734806],[121.60578455481722,24.314611496137953]]]},"properties":{"grid_id":"G000_029","綠地類型":"森林","中心經度":121.605289,"中心緯度":24.311984,"分析面積_km2":0.165,"2020面積_ha":16.47,"2024面積_ha":16.47,"面積減少率_pct":0.0,"2020斑塊數":1,"2024斑塊數":1,"斑塊數增加率_pct":0.0,"2020平均斑塊面積_ha":172555.65,"2024平均斑塊面積_ha":172145.43,"平均斑塊面積下降率_pct":0.24,"道路切割密度_km_per_km2":0.0,"建成區邊界切割密度_km_per_km2":0.0,"孤立小斑塊比例_pct":0.0,"距大型連續綠地平均距離_m":0.0,"score_面積減少":36.827195467422094,"score_斑塊增加":46.81303116147309,"score_平均斑塊縮小":50.63739376770538,"score_道路建成區切割":27.47875354107649,"score_孤立比例":45.34938621340888,"score_距大型綠地":44.66477809254013,"綜合破碎化分數":42.0,"破碎化等級":"低","判定原因":"面積減少0.0%；斑塊增加0.0%；平均斑塊縮小0.2%；道路密度0.00 km/km²；孤立比例0.0%；距大型綠地0m","2021面積_ha":16.47,"2022面積_ha":16.47,"2023面積_ha":16.47}},{"type":"Feature","geometry":{"type":"Polygon","coordinates":[[[121.56165112544727,24.32381006780369],[121.57150427352506,24.32377329192298],[121.57147886816854,24.31810633752688],[121.57134,24.318090000000005],[121.57052000000002,24.317980000000002],[121.56988,24.317980000000002],[121.56949000000002,24.318000000000005],[121.56924,24.31804],[121.56885,24.31817],[121.56838,24.31845],[121.56801000000002,24.31899],[121.56775,24.31918],[121.5676,24.319219999999998],[121.56748,24.31922],[121.56681,24.31916],[121.56649000000002,24.3192],[121.56625,24.319329999999994],[121.56585,24.319719999999997],[121.56503,24.320640000000004],[121.56415,24.32154],[121.56342000000001,24.322210000000002],[121.56331,24.32227],[121.56297,24.322360000000003],[121.56164588752891,24.32262133891816],[121.56165112544727,24.32381006780369]]]},"properties":{"grid_id":"G001_025","綠地類型":"森林","中心經度":121.568041,"中心緯度":24.321077,"分析面積_km2":0.44,"2020面積_ha":44.01,"2024面積_ha":44.01,"面積減少率_pct":0.0,"2020斑塊數":1,"2024斑塊數":1,"斑塊數增加率_pct":0.0,"2020平均斑塊面積_ha":172555.65,"2024平均斑塊面積_ha":172145.43,"平均斑塊面積下降率_pct":0.24,"道路切割密度_km_per_km2":0.0,"建成區邊界切割密度_km_per_km2":0.0,"孤立小斑塊比例_pct":0.0,"距大型連續綠地平均距離_m":0.0,"score_面積減少":36.827195467422094,"score_斑塊增加":46.81303116147309,"score_平均斑塊縮小":50.63739376770538,"score_道路建成區切割":27.47875354107649,"score_孤立比例":45.34938621340888,"score_距大型綠地":44.66477809254013,"綜合破碎化分數":42.0,"破碎化等級":"低","判定原因":"面積減少0.0%；斑塊增加0.0%；平均斑塊縮小0.2%；道路密度0.00 km/km²；孤立比例0.0%；距大型綠地0m","2021面積_ha":44.01,"2022面積_ha":44.01,"2023面積_ha":44.01}},{"type":"Feature","geometry":{"type":"Polygon","coordinates":[[[121.57150427352506,24.32377329192298],[121.58135740175483,24.323735876561358],[121.58133058701567,24.317855880378293],[121.57977,24.31787],[121.57883,24.31807],[121.57844000000001,24.31822],[121.57825,24.31834],[121.57808000000001,24.318469999999998],[121.57773,24.31886],[121.57741000000001,24.319120000000005],[121.57681,24.31942],[121.57636000000001,24.31959],[121.5758,24.319670000000002],[121.57526,24.319699999999997],[121.57454000000001,24.319609999999994],[121.57396,24.31948],[121.5734,24.319290000000002],[121.57318,24.319179999999992],[121.57266999999999,24.318820000000002],[121.57228,24.318469999999994],[121.57181,24.31819],[121.57168,24.318130000000004],[121.57147886816854,24.31810633752688],[121.57150427352506,24.32377329192298]]]},"properties":{"grid_id":"G001_026","綠地類型":"森林","中心經度":121.576422,"中心緯度":24.321725,"分析面積_km2":0.562,"2020面積_ha":56.25,"2024面積_ha":56.25,"面積減少率_pct":0.0,"2020斑塊數":1,"2024斑塊數":1,"斑塊數增加率_pct":0.0,"2020平均斑塊面積_ha":172555.65,"2024平均斑塊面積_ha":172145.43,"平均斑塊面積下降率_pct":0.24,"道路切割密度_km_per_km2":0.0,"建成區邊界切割密度_km_per_km2":0.0,"孤立小斑塊比例_pct":0.0,"距大型連續綠地平均距離_m":0.0,"score_面積減少":36.827195467422094,"score_斑塊增加":46.81303116147309,"score_平均斑塊縮小":50.63739376770538,"score_道路建成區切割":27.47875354107649,"score_孤立比例":45.34938621340888,"score_距大型綠地":44.66477809254013,"綜合破碎化分數":42.0,"破碎化等級":"低","判定原因":"面積減少0.0%；斑塊增加0.0%；平均斑塊縮小0.2%；道路密度0.00 km/km²；孤立比例0.0%；距大型綠地0m","2021面積_ha":56.25,"2022面積_ha":56.25,"2023面積_ha":56.25}},{"type":"Feature","geometry":{"type":"Polygon","coordinates":[[[121.58135740175483,24.323735876561358],[121.59121050979441,24.32369782172398],[121.59117055567917,24.31508196160607],[121.59074,24.31493],[121.59051999999998,24.31478],[121.59039940235144,24.3146720969224],[121.5887903617728,24.314678344751712],[121.58868,24.31498],[121.58831,24.315559999999994],[121.58809999999998,24.31573],[121.5876,24.316050000000004],[121.58721999999999,24.316199999999995],[121.58668,24.31633],[121.58565,24.316410000000005],[121.58451,24.31661],[121.58408,24.31682],[121.58344000000001,24.317379999999996],[121.58310000000002,24.317570000000003],[121.58258,24.317739999999997],[121.58198000000002,24.31785],[121.58133058701567,24.317855880378293],[121.58135740175483,24.323735876561358]]]},"properties":{"grid_id":"G001_027","綠地類型":"森林","中心經度":121.58627,"中心緯度":24.320777,"分析面積_km2":0.853,"2020面積_ha":85.32,"2024面積_ha":85.32,"面積減少率_pct":0.0,"2020斑塊數":1,"2024斑塊數":1,"斑塊數增加率_pct":0.0,"2020平均斑塊面積_ha":172555.65,"2024平均斑塊面積_ha":172145.43,"平均斑塊面積下降率_pct":0.24,"道路切割密度_km_per_km2":0.0,"建成區邊界切割密度_km_per_km2":0.0,"孤立小斑塊比例_pct":0.0,"距大型連續綠地平均距離_m":0.0,"score_面積減少":36.827195467422094,"score_斑塊增加":46.81303116147309,"score_平均斑塊縮小":50.63739376770538,"score_道路建成區切割":27.47875354107649,"score_孤立比例":45.34938621340888,"score_距大型綠地":44.66477809254013,"綜合破碎化分數":42.0,"破碎化等級":"低","判定原因":"面積減少0.0%；斑塊增加0.0%；平均斑塊縮小0.2%；道路密度0.00 km/km²；孤立比例0.0%；距大型綠地0m","2021面積_ha":85.32,"2022面積_ha":85.32,"2023面積_ha":85.32}},{"type":"Feature","geometry":{"type":"Polygon","coordinates":[[[121.74885721340483,24.32300198016873],[121.74884229980314,24.320463372510407],[121.74768,24.32126],[121.7459,24.3221],[121.74555,24.32229],[121.74525000000001,24.32253],[121.74452,24.32292],[121.74394,24.32302],[121.74389281861279,24.32302638929374],[121.74885721340483,24.32300198016873]]]},"properties":{"grid_id":"G001_043","綠地類型":"森林","中心經度":121.74782,"中心緯度":24.321675,"分析面積_km2":0.066,"2020面積_ha":0.09,"2024面積_ha":0.36,"面積減少率_pct":0.0,"2020斑塊數":1,"2024斑塊數":1,"斑塊數增加率_pct":0.0,"2020平均斑塊面積_ha":172555.65,"2024平均斑塊面積_ha":172145.43,"平均斑塊面積下降率_pct":0.24,"道路切割密度_km_per_km2":0.0,"建成區邊界切割密度_km_per_km2":0.0,"孤立小斑塊比例_pct":0.0,"距大型連續綠地平均距離_m":0.0,"score_面積減少":36.827195467422094,"score_斑塊增加":46.81303116147309,"score_平均斑塊縮小":50.63739376770538,"score_道路建成區切割":27.47875354107649,"score_孤立比例":45.34938621340888,"score_距大型綠地":44.66477809254013,"綜合破碎化分數":42.0,"破碎化等級":"低","判定原因":"面積減少0.0%；斑塊增加0.0%；平均斑塊縮小0.2%；道路密度0.00 km/km²；孤立比例0.0%；距大型綠地0m","2021面積_ha":0.27,"2022面積_ha":0.36,"2023面積_ha":0.45}},{"type":"Feature","geometry":{"type":"Polygon","coordinates":[[[121.5616909200795,24.332838821696747],[121.56165112544727,24.32381006780369],[121.55908550216476,24.323819538786488],[121.55885,24.324179999999995],[121.55844,24.3248],[121.55827,24.325170000000004],[121.55778,24.32594],[121.55765,24.326259999999994],[121.5572,24.327679999999997],[121.55715,24.32789],[121.55713,24.32822],[121.55718000000002,24.328729999999993],[121.55696000000002,24.32959],[121.55658000000001,24.33045],[121.55632,24.330849999999998],[121.55611999999999,24.33111],[121.55600000000001,24.331219999999995],[121.55574,24.33139],[121.55497000000001,24.33165],[121.55419,24.331950000000003],[121.55355000000002,24.33229],[121.55268113527521,24.332871901529796],[121.5616909200795,24.332838821696747]]]},"properties":{"grid_id":"G002_024","綠地類型":"森林","中心經度":121.559413,"中心緯度":24.328467,"分析面積_km2":0.527,"2020面積_ha":52.74,"2024面積_ha":52.74,"面積減少率_pct":0.0,"2020斑塊數":1,"2024斑塊數":1,"斑塊數增加率_pct":0.0,"2020平均斑塊面積_ha":172555.65,"2024平均斑塊面積_ha":172145.43,"平均斑塊面積下降率_pct":0.24,"道路切割密度_km_per_km2":0.0,"建成區邊界切割密度_km_per_km2":0.0,"孤立小斑塊比例_pct":0.0,"距大型連續綠地平均距離_m":0.0,"score_面積減少":36.827195467422094,"score_斑塊增加":46.81303116147309,"score_平均斑塊縮小":50.63739376770538,"score_道路建成區切割":27.47875354107649,"score_孤立比例":45.34938621340888,"score_距大型綠地":44.66477809254013,"綜合破碎化分數":42.0,"破碎化等級":"低","判定原因":"面積減少0.0%；斑塊增加0.0%；平均斑塊縮小0.2%；道路密度0.00 km/km²；孤立比例0.0%；距大型綠地0m","2021面積_ha":52.74,"2022面積_ha":52.74,"2023面積_ha":52.74}},{"type":"Feature","geometry":{"type":"Polygon","coordinates":[[[121.56165112544727,24.32381006780369],[121.5616909200795,24.332838821696747],[121.57154476618997,24.33280203043301],[121.57150427352506,24.32377329192298],[121.56165112544727,24.32381006780369]]]},"properties":{"grid_id":"G002_025","綠地類型":"森林","中心經度":121.566598,"中心緯度":24.328306,"分析面積_km2":1.04,"2020面積_ha":104.04,"2024面積_ha":104.04,"面積減少率_pct":0.0,"2020斑塊數":1,"2024斑塊數":1,"斑塊數增加率_pct":0.0,"2020平均斑塊面積_ha":172555.65,"2024平均斑塊面積_ha":172145.43,"平均斑塊面積下降率_pct":0.24,"道路切割密度_km_per_km2":0.0,"建成區邊界切割密度_km_per_km2":0.0,"孤立小斑塊比例_pct":0.0,"距大型連續綠地平均距離_m":0.0,"score_面積減少":36.827195467422094,"score_斑塊增加":46.81303116147309,"score_平均斑塊縮小":50.63739376770538,"score_道路建成區切割":27.47875354107649,"score_孤立比例":45.34938621340888,"score_距大型綠地":44.66477809254013,"綜合破碎化分數":42.0,"破碎化等級":"低","判定原因":"面積減少0.0%；斑塊增加0.0%；平均斑塊縮小0.2%；道路密度0.00 km/km²；孤立比例0.0%；距大型綠地0m","2021面積_ha":104.04,"2022面積_ha":104.04,"2023面積_ha":104.04}},{"type":"Feature","geometry":{"type":"Polygon","coordinates":[[[121.58135740175483,24.323735876561358],[121.58139859244619,24.33276459942089],[121.59125239850593,24.332726528665535],[121.59121050979441,24.32369782172398],[121.58135740175483,24.323735876561358]]]},"properties":{"grid_id":"G002_027","綠地類型":"森林","中心經度":121.586305,"中心緯度":24.328231,"分析面積_km2":1.04,"2020面積_ha":101.7,"2024面積_ha":103.23,"面積減少率_pct":0.0,"2020斑塊數":1,"2024斑塊數":1,"斑塊數增加率_pct":0.0,"2020平均斑塊面積_ha":172555.65,"2024平均斑塊面積_ha":172145.43,"平均斑塊面積下降率_pct":0.24,"道路切割密度_km_per_km2":0.0,"建成區邊界切割密度_km_per_km2":0.0,"孤立小斑塊比例_pct":0.0,"距大型連續綠地平均距離_m":0.0,"score_面積減少":36.827195467422094,"score_斑塊增加":46.81303116147309,"score_平均斑塊縮小":50.63739376770538,"score_道路建成區切割":27.47875354107649,"score_孤立比例":45.34938621340888,"score_距大型綠地":44.66477809254013,"綜合破碎化分數":42.0,"破碎化等級":"低","判定原因":"面積減少0.0%；斑塊增加0.0%；平均斑塊縮小0.2%；道路密度0.00 km/km²；孤立比例0.0%；距大型綠地0m","2021面積_ha":102.69,"2022面積_ha":102.96,"2023面積_ha":103.32}},{"type":"Feature","geometry":{"type":"MultiPolygon","coordinates":[[[[121.60110618402699,24.332687818172193],[121.60109688551276,24.330716845155397],[121.60093,24.33079],[121.60063,24.330999999999996],[121.60050000000001,24.33115],[121.60039,24.331349999999997],[121.6002,24.33193],[121.60001000000001,24.332309999999996],[121.59979623198747,24.332693001179695],[121.60110618402699,24.332687818172193]]],[[[121.59121050979441,24.32369782172398],[121.59125239850593,24.332726528665535],[121.59641341016724,24.33270633348171],[121.59634,24.33257],[121.59612,24.332179999999997],[121.5958,24.331840000000003],[121.59567,24.33161],[121.59565000000002,24.3315],[121.59569,24.331280000000003],[121.59582,24.330939999999995],[121.59591,24.330529999999996],[121.59591,24.330169999999992],[121.59582,24.329719999999995],[121.59586000000002,24.329479999999997],[121.59631,24.328789999999998],[121.59644000000002,24.328469999999992],[121.59644000000002,24.32832],[121.59655,24.328149999999997],[121.59685,24.327889999999996],[121.59827,24.326879999999996],[121.59853000000001,24.326629999999998],[121.59863,24.326500000000003],[121.5987,24.326409999999996],[121.59873999999999,24.326220000000003],[121.5987,24.3256],[121.59878,24.32536],[121.59951,24.324929999999995],[121.59968,24.324780000000004],[121.60013,24.32427],[121.60069,24.324009999999998],[121.60089,24.32388],[121.60106255364441,24.323659131548517],[121.59121050979441,24.32369782172398]]]]},"properties":{"grid_id":"G002_028","綠地類型":"森林","中心經度":121.593863,"中心緯度":24.328245,"分析面積_km2":0.668,"2020面積_ha":65.25,"2024面積_ha":65.52,"面積減少率_pct":0.0,"2020斑塊數":1,"2024斑塊數":1,"斑塊數增加率_pct":0.0,"2020平均斑塊面積_ha":172555.65,"2024平均斑塊面積_ha":172145.43,"平均斑塊面積下降率_pct":0.24,"道路切割密度_km_per_km2":0.0,"建成區邊界切割密度_km_per_km2":0.0,"孤立小斑塊比例_pct":0.0,"距大型連續綠地平均距離_m":0.0,"score_面積減少":36.827195467422094,"score_斑塊增加":46.81303116147309,"score_平均斑塊縮小":50.63739376770538,"score_道路建成區切割":27.47875354107649,"score_孤立比例":45.34938621340888,"score_距大型綠地":44.66477809254013,"綜合破碎化分數":42.0,"破碎化等級":"低","判定原因":"面積減少0.0%；斑塊增加0.0%；平均斑塊縮小0.2%；道路密度0.00 km/km²；孤立比例0.0%；距大型綠地0m","2021面積_ha":65.7,"2022面積_ha":65.7,"2023面積_ha":65.97}},{"type":"Feature","geometry":{"type":"Polygon","coordinates":[[[121.49274839549109,24.34210729047082],[121.50260306941371,24.342074964070317],[121.50260159018106,24.341700141442253],[121.50259000000001,24.341689999999993],[121.50229,24.341579999999997],[121.50145,24.34128],[121.50115,24.34109],[121.50094,24.340879999999995],[121.50010000000002,24.33989],[121.49986000000001,24.339649999999995],[121.49967,24.339520000000004],[121.49939,24.339440000000003],[121.49874999999999,24.339309999999998],[121.49827,24.33924],[121.49814999999998,24.33927],[121.49765,24.33947999999999],[121.49692,24.33985],[121.49649,24.339999999999996],[121.49523000000002,24.34038],[121.49432999999999,24.34077],[121.49368,24.341129999999996],[121.49332,24.34148],[121.4927471124681,24.341775684032154],[121.49274839549109,24.34210729047082]]]},"properties":{"grid_id":"G003_018","綠地類型":"森林","中心經度":121.497722,"中心緯度":24.340565,"分析面積_km2":0.201,"2020面積_ha":20.07,"2024面積_ha":20.07,"面積減少率_pct":0.0,"2020斑塊數":1,"2024斑塊數":1,"斑塊數增加率_pct":0.0,"2020平均斑塊面積_ha":172555.65,"2024平均斑塊面積_ha":172145.43,"平均斑塊面積下降率_pct":0.24,"道路切割密度_km_per_km2":0.0,"建成區邊界切割密度_km_per_km2":0.0,"孤立小斑塊比例_pct":0.0,"距大型連續綠地平均距離_m":0.0,"score_面積減少":36.827195467422094,"score_斑塊增加":46.81303116147309,"score_平均斑塊縮小":50.63739376770538,"score_道路建成區切割":27.47875354107649,"score_孤立比例":45.34938621340888,"score_距大型綠地":44.66477809254013,"綜合破碎化分數":42.0,"破碎化等級":"低","判定原因":"面積減少0.0%；斑塊增加0.0%；平均斑塊縮小0.2%；道路密度0.00 km/km²；孤立比例0.0%；距大型綠地0m","2021面積_ha":20.07,"2022面積_ha":20.07,"2023面積_ha":20.07}},{"type":"Feature","geometry":{"type":"Polygon","coordinates":[[[121.51245772587237,24.342041997620267],[121.51972135283769,24.342017289071848],[121.51943000000001,24.34178],[121.51898000000001,24.34148],[121.51857,24.341240000000003],[121.51807999999998,24.341050000000003],[121.51752000000002,24.340979999999995],[121.51699,24.341109999999993],[121.51649000000002,24.341299999999997],[121.51576,24.341689999999993],[121.51546,24.3418],[121.51533,24.341779999999993],[121.51490000000001,24.34145],[121.51441000000001,24.34118],[121.51381,24.34084999999999],[121.51349,24.340810000000005],[121.51245409305565,24.341139166836403],[121.51245772587237,24.342041997620267]]]},"properties":{"grid_id":"G003_020","綠地類型":"森林","中心經度":121.517568,"中心緯度":24.341369,"分析面積_km2":0.073,"2020面積_ha":7.29,"2024面積_ha":7.29,"面積減少率_pct":0.0,"2020斑塊數":1,"2024斑塊數":1,"斑塊數增加率_pct":0.0,"2020平均斑塊面積_ha":172555.65,"2024平均斑塊面積_ha":172145.43,"平均斑塊面積下降率_pct":0.24,"道路切割密度_km_per_km2":0.0,"建成區邊界切割密度_km_per_km2":0.0,"孤立小斑塊比例_pct":0.0,"距大型連續綠地平均距離_m":0.0,"score_面積減少":36.827195467422094,"score_斑塊增加":46.81303116147309,"score_平均斑塊縮小":50.63739376770538,"score_道路建成區切割":27.47875354107649,"score_孤立比例":45.34938621340888,"score_距大型綠地":44.66477809254013,"綜合破碎化分數":42.0,"破碎化等級":"低","判定原因":"面積減少0.0%；斑塊增加0.0%；平均斑塊縮小0.2%；道路密度0.00 km/km²；孤立比例0.0%；距大型綠地0m","2021面積_ha":7.29,"2022面積_ha":7.29,"2023面積_ha":7.29}},{"type":"Feature","geometry":{"type":"Polygon","coordinates":[[[121.53216698502838,24.3419741445898],[121.542021587041,24.341939258018716],[121.54199973129096,24.336803308435297],[121.54154999999999,24.336500000000004],[121.54103999999998,24.3362],[121.54042,24.33596],[121.54003000000002,24.3359],[121.53941,24.33594],[121.53885000000001,24.336029999999997],[121.53846000000001,24.336129999999997],[121.53795000000001,24.336350000000003],[121.53666,24.337080000000004],[121.53618999999999,24.33725],[121.53592999999998,24.337310000000002],[121.53555000000001,24.337359999999997],[121.5346,24.33733],[121.53415,24.337250000000004],[121.53362000000001,24.337079999999997],[121.53336,24.337030000000002],[121.53312,24.33708],[121.53289,24.337140000000005],[121.53265000000002,24.337269999999997],[121.53214894169353,24.337655667606132],[121.53216698502838,24.3419741445898]]]},"properties":{"grid_id":"G003_022","綠地類型":"森林","中心經度":121.537085,"中心緯度":24.339798,"分析面積_km2":0.598,"2020面積_ha":59.76,"2024面積_ha":59.76,"面積減少率_pct":0.0,"2020斑塊數":1,"2024斑塊數":1,"斑塊數增加率_pct":0.0,"2020平均斑塊面積_ha":172555.65,"2024平均斑塊面積_ha":172145.43,"平均斑塊面積下降率_pct":0.24,"道路切割密度_km_per_km2":0.0,"建成區邊界切割密度_km_per_km2":0.0,"孤立小斑塊比例_pct":0.0,"距大型連續綠地平均距離_m":0.0,"score_面積減少":36.827195467422094,"score_斑塊增加":46.81303116147309,"score_平均斑塊縮小":50.63739376770538,"score_道路建成區切割":27.47875354107649,"score_孤立比例":45.34938621340888,"score_距大型綠地":44.66477809254013,"綜合破碎化分數":42.0,"破碎化等級":"低","判定原因":"面積減少0.0%；斑塊增加0.0%；平均斑塊縮小0.2%；道路密度0.00 km/km²；孤立比例0.0%；距大型綠地0m","2021面積_ha":59.76,"2022面積_ha":59.76,"2023面積_ha":58.77}},{"type":"Feature","geometry":{"type":"Polygon","coordinates":[[[121.542021587041,24.341939258018716],[121.55187617022024,24.34190373141678],[121.55183961502566,24.333466143160997],[121.5512669,24.333878],[121.551,24.33407],[121.55070000000002,24.33428999999999],[121.55025000000002,24.334759999999992],[121.54932000000001,24.33568],[121.5492122,24.335759899999996],[121.54874,24.33611],[121.54827,24.336430000000004],[121.54746,24.336779999999994],[121.54713,24.336969999999997],[121.54658,24.33723],[121.5452,24.337719999999997],[121.54467,24.337830000000004],[121.54445000000001,24.33785],[121.54417,24.337809999999998],[121.54334,24.33742],[121.54260999999998,24.337180000000004],[121.54241,24.337080000000004],[121.54199973129096,24.336803308435297],[121.542021587041,24.341939258018716]]]},"properties":{"grid_id":"G003_023","綠地類型":"森林","中心經度":121.548747,"中心緯度":24.337554,"分析面積_km2":0.627,"2020面積_ha":62.73,"2024面積_ha":62.73,"面積減少率_pct":0.0,"2020斑塊數":1,"2024斑塊數":1,"斑塊數增加率_pct":0.0,"2020平均斑塊面積_ha":172555.65,"2024平均斑塊面積_ha":172145.43,"平均斑塊面積下降率_pct":0.24,"道路切割密度_km_per_km2":0.0,"建成區邊界切割密度_km_per_km2":0.0,"孤立小斑塊比例_pct":0.0,"距大型連續綠地平均距離_m":0.0,"score_面積減少":36.827195467422094,"score_斑塊增加":46.81303116147309,"score_平均斑塊縮小":50.63739376770538,"score_道路建成區切割":27.47875354107649,"score_孤立比例":45.34938621340888,"score_距大型綠地":44.66477809254013,"綜合破碎化分數":42.0,"破碎化等級":"低","判定原因":"面積減少0.0%；斑塊增加0.0%；平均斑塊縮小0.2%；道路密度0.00 km/km²；孤立比例0.0%；距大型綠地0m","2021面積_ha":62.73,"2022面積_ha":62.73,"2023面積_ha":62.73}},{"type":"Feature","geometry":{"type":"Polygon","coordinates":[[[121.57154476618997,24.33280203043301],[121.57158527870911,24.34183075814003],[121.58143980333404,24.34179331147526],[121.58139859244619,24.33276459942089],[121.57154476618997,24.33280203043301]]]},"properties":{"grid_id":"G003_026","綠地類型":"森林","中心經度":121.576492,"中心緯度":24.337298,"分析面積_km2":1.04,"2020面積_ha":104.04,"2024面積_ha":104.04,"面積減少率_pct":0.0,"2020斑塊數":1,"2024斑塊數":1,"斑塊數增加率_pct":0.0,"2020平均斑塊面積_ha":172555.65,"2024平均斑塊面積_ha":172145.43,"平均斑塊面積下降率_pct":0.24,"道路切割密度_km_per_km2":0.0,"建成區邊界切割密度_km_per_km2":0.0,"孤立小斑塊比例_pct":0.0,"距大型連續綠地平均距離_m":0.0,"score_面積減少":36.827195467422094,"score_斑塊增加":46.81303116147309,"score_平均斑塊縮小":50.63739376770538,"score_道路建成區切割":27.47875354107649,"score_孤立比例":45.34938621340888,"score_距大型綠地":44.66477809254013,"綜合破碎化分數":42.0,"破碎化等級":"低","判定原因":"面積減少0.0%；斑塊增加0.0%；平均斑塊縮小0.2%；道路密度0.00 km/km²；孤立比例0.0%；距大型綠地0m","2021面積_ha":103.86,"2022面積_ha":103.77,"2023面積_ha":103.68}},{"type":"Feature","geometry":{"type":"Polygon","coordinates":[[[121.58139859244619,24.33276459942089],[121.58143980333404,24.34179331147526],[121.59129430775617,24.341755224799737],[121.59125239850593,24.332726528665535],[121.58139859244619,24.33276459942089]]]},"properties":{"grid_id":"G003_027","綠地類型":"森林","中心經度":121.586346,"中心緯度":24.33726,"分析面積_km2":1.04,"2020面積_ha":104.04,"2024面積_ha":104.04,"面積減少率_pct":0.0,"2020斑塊數":1,"2024斑塊數":1,"斑塊數增加率_pct":0.0,"2020平均斑塊面積_ha":172555.65,"2024平均斑塊面積_ha":172145.43,"平均斑塊面積下降率_pct":0.24,"道路切割密度_km_per_km2":0.0,"建成區邊界切割密度_km_per_km2":0.0,"孤立小斑塊比例_pct":0.0,"距大型連續綠地平均距離_m":0.0,"score_面積減少":36.827195467422094,"score_斑塊增加":46.81303116147309,"score_平均斑塊縮小":50.63739376770538,"score_道路建成區切割":27.47875354107649,"score_孤立比例":45.34938621340888,"score_距大型綠地":44.66477809254013,"綜合破碎化分數":42.0,"破碎化等級":"低","判定原因":"面積減少0.0%；斑塊增加0.0%；平均斑塊縮小0.2%；道路密度0.00 km/km²；孤立比例0.0%；距大型綠地0m","2021面積_ha":104.04,"2022面積_ha":104.04,"2023面積_ha":104.04}},{"type":"Feature","geometry":{"type":"Polygon","coordinates":[[[121.59125239850593,24.332726528665535],[121.59129430775617,24.341755224799737],[121.6011487916332,24.34171649811872],[121.60110618402699,24.332687818172193],[121.59979623198747,24.332693001179695],[121.59977,24.332739999999998],[121.59952999999999,24.333239999999996],[121.59940000000002,24.333449999999996],[121.59923,24.33358],[121.59906,24.333639999999995],[121.59859000000002,24.33373],[121.59782,24.33371],[121.59713000000002,24.33358],[121.59698000000002,24.333519999999996],[121.59674,24.333299999999998],[121.59655,24.33296],[121.59641341016724,24.33270633348171],[121.59125239850593,24.332726528665535]]]},"properties":{"grid_id":"G003_028","綠地類型":"森林","中心經度":121.596203,"中心緯度":24.337738,"分析面積_km2":1.006,"2020面積_ha":100.35,"2024面積_ha":100.35,"面積減少率_pct":0.0,"2020斑塊數":1,"2024斑塊數":1,"斑塊數增加率_pct":0.0,"2020平均斑塊面積_ha":172555.65,"2024平均斑塊面積_ha":172145.43,"平均斑塊面積下降率_pct":0.24,"道路切割密度_km_per_km2":0.0,"建成區邊界切割密度_km_per_km2":0.0,"孤立小斑塊比例_pct":0.0,"距大型連續綠地平均距離_m":0.0,"score_面積減少":36.827195467422094,"score_斑塊增加":46.81303116147309,"score_平均斑塊縮小":50.63739376770538,"score_道路建成區切割":27.47875354107649,"score_孤立比例":45.34938621340888,"score_距大型綠地":44.66477809254013,"綜合破碎化分數":42.0,"破碎化等級":"低","判定原因":"面積減少0.0%；斑塊增加0.0%；平均斑塊縮小0.2%；道路密度0.00 km/km²；孤立比例0.0%；距大型綠地0m","2021面積_ha":100.35,"2022面積_ha":100.08,"2023面積_ha":99.9}},{"type":"Feature","geometry":{"type":"Polygon","coordinates":[[[121.60110618402699,24.332687818172193],[121.6011487916332,24.34171649811872],[121.61100325462276,24.341677131437525],[121.61097602179704,24.336000000086685],[121.61087999999998,24.335999999999995],[121.60990000000001,24.33551],[121.60960000000001,24.335400000000003],[121.60923,24.335339999999995],[121.60844,24.335420000000003],[121.60782,24.33545],[121.60771,24.3354],[121.60756000000002,24.33527],[121.60737,24.334929999999996],[121.60704,24.334180000000003],[121.60674,24.333259999999996],[121.60654999999998,24.332719999999995],[121.60652896418841,24.332666241897105],[121.60110618402699,24.332687818172193]]]},"properties":{"grid_id":"G003_029","綠地類型":"森林","中心經度":121.606063,"中心緯度":24.338858,"分析面積_km2":0.908,"2020面積_ha":90.63,"2024面積_ha":90.63,"面積減少率_pct":0.0,"2020斑塊數":1,"2024斑塊數":1,"斑塊數增加率_pct":0.0,"2020平均斑塊面積_ha":172555.65,"2024平均斑塊面積_ha":172145.43,"平均斑塊面積下降率_pct":0.24,"道路切割密度_km_per_km2":0.0,"建成區邊界切割密度_km_per_km2":0.0,"孤立小斑塊比例_pct":0.0,"距大型連續綠地平均距離_m":0.0,"score_面積減少":36.827195467422094,"score_斑塊增加":46.81303116147309,"score_平均斑塊縮小":50.63739376770538,"score_道路建成區切割":27.47875354107649,"score_孤立比例":45.34938621340888,"score_距大型綠地":44.66477809254013,"綜合破碎化分數":42.0,"破碎化等級":"低","判定原因":"面積減少0.0%；斑塊增加0.0%；平均斑塊縮小0.2%；道路密度0.00 km/km²；孤立比例0.0%；距大型綠地0m","2021面積_ha":90.72,"2022面積_ha":90.54,"2023面積_ha":90.0}},{"type":"Feature","geometry":{"type":"Polygon","coordinates":[[[121.68983816551241,24.341339158651103],[121.69969242511064,24.341294032222976],[121.69964489290562,24.332640403241356],[121.69888000000002,24.33334],[121.69764000000002,24.334159999999997],[121.69709999999999,24.334369999999996],[121.69521,24.334869999999995],[121.69474,24.33493],[121.69389999999999,24.33493],[121.69358,24.33489],[121.6927,24.33455],[121.69169000000001,24.33422],[121.68996000000001,24.33369],[121.68979662163498,24.33366792195909],[121.68983816551241,24.341339158651103]]]},"properties":{"grid_id":"G003_038","綠地類型":"森林","中心經度":121.694748,"中心緯度":24.338123,"分析面積_km2":0.807,"2020面積_ha":69.03,"2024面積_ha":69.12,"面積減少率_pct":0.0,"2020斑塊數":2,"2024斑塊數":1,"斑塊數增加率_pct":0.0,"2020平均斑塊面積_ha":86277.96,"2024平均斑塊面積_ha":172145.43,"平均斑塊面積下降率_pct":0.0,"道路切割密度_km_per_km2":1.821,"建成區邊界切割密度_km_per_km2":0.0,"孤立小斑塊比例_pct":0.0,"距大型連續綠地平均距離_m":0.0,"score_面積減少":36.827195467422094,"score_斑塊增加":46.81303116147309,"score_平均斑塊縮小":3.7535410764872523,"score_道路建成區切割":48.477337110481585,"score_孤立比例":45.34938621340888,"score_距大型綠地":44.66477809254013,"綜合破碎化分數":37.6,"破碎化等級":"低","判定原因":"面積減少0.0%；斑塊增加0.0%；平均斑塊縮小0.0%；道路密度1.82 km/km²；孤立比例0.0%；距大型綠地0m","2021面積_ha":72.18,"2022面積_ha":67.41,"2023面積_ha":68.04}},{"type":"Feature","geometry":{"type":"Polygon","coordinates":[[[121.70949637133022,24.33221978162575],[121.70954666039833,24.34124826585286],[121.7194008710332,24.34120185954707],[121.71934988369443,24.332173394717547],[121.70949637133022,24.33221978162575]]]},"properties":{"grid_id":"G003_040","綠地類型":"森林","中心經度":121.714448,"中心緯度":24.336711,"分析面積_km2":1.04,"2020面積_ha":104.04,"2024面積_ha":104.04,"面積減少率_pct":0.0,"2020斑塊數":1,"2024斑塊數":1,"斑塊數增加率_pct":0.0,"2020平均斑塊面積_ha":172555.65,"2024平均斑塊面積_ha":172145.43,"平均斑塊面積下降率_pct":0.24,"道路切割密度_km_per_km2":0.0,"建成區邊界切割密度_km_per_km2":0.0,"孤立小斑塊比例_pct":0.0,"距大型連續綠地平均距離_m":0.0,"score_面積減少":36.827195467422094,"score_斑塊增加":46.81303116147309,"score_平均斑塊縮小":50.63739376770538,"score_道路建成區切割":27.47875354107649,"score_孤立比例":45.34938621340888,"score_距大型綠地":44.66477809254013,"綜合破碎化分數":42.0,"破碎化等級":"低","判定原因":"面積減少0.0%；斑塊增加0.0%；平均斑塊縮小0.2%；道路密度0.00 km/km²；孤立比例0.0%；距大型綠地0m","2021面積_ha":104.04,"2022面積_ha":104.04,"2023面積_ha":104.04}},{"type":"Feature","geometry":{"type":"Polygon","coordinates":[[[121.72920337107134,24.332126368147534],[121.72925505667297,24.341154813311988],[121.73910921697538,24.341107127154103],[121.73905683311878,24.332078701922185],[121.72920337107134,24.332126368147534]]]},"properties":{"grid_id":"G003_042","綠地類型":"森林","中心經度":121.734156,"中心緯度":24.336617,"分析面積_km2":1.04,"2020面積_ha":103.86,"2024面積_ha":104.04,"面積減少率_pct":0.0,"2020斑塊數":1,"2024斑塊數":1,"斑塊數增加率_pct":0.0,"2020平均斑塊面積_ha":172555.65,"2024平均斑塊面積_ha":172145.43,"平均斑塊面積下降率_pct":0.24,"道路切割密度_km_per_km2":0.634,"建成區邊界切割密度_km_per_km2":0.0,"孤立小斑塊比例_pct":0.0,"距大型連續綠地平均距離_m":0.0,"score_面積減少":36.827195467422094,"score_斑塊增加":46.81303116147309,"score_平均斑塊縮小":50.63739376770538,"score_道路建成區切割":39.78989612842304,"score_孤立比例":45.34938621340888,"score_距大型綠地":44.66477809254013,"綜合破碎化分數":44.0,"破碎化等級":"低","判定原因":"面積減少0.0%；斑塊增加0.0%；平均斑塊縮小0.2%；道路密度0.63 km/km²；孤立比例0.0%；距大型綠地0m","2021面積_ha":104.04,"2022面積_ha":104.04,"2023面積_ha":104.04}},{"type":"Feature","geometry":{"type":"Polygon","coordinates":[[[121.50260306941371,24.342074964070317],[121.50263871064826,24.35110378306332],[121.51249406585914,24.35107080283139],[121.51245772587237,24.342041997620267],[121.50852881184447,24.342055217612018],[121.50836,24.342250000000003],[121.50797000000001,24.342480000000002],[121.50789,24.34266],[121.50774,24.343189999999996],[121.50766999999999,24.34326],[121.50751999999999,24.343320000000002],[121.50733,24.343320000000002],[121.50703000000001,24.3433],[121.5063,24.34311],[121.50583,24.34302],[121.50495000000001,24.34302],[121.5043,24.34298],[121.5039,24.34285],[121.5036,24.342659999999995],[121.50301360281458,24.34207360350437],[121.50260306941371,24.342074964070317]]]},"properties":{"grid_id":"G004_019","綠地類型":"森林","中心經度":121.507551,"中心緯度":24.347204,"分析面積_km2":0.977,"2020面積_ha":97.74,"2024面積_ha":97.74,"面積減少率_pct":0.0,"2020斑塊數":1,"2024斑塊數":1,"斑塊數增加率_pct":0.0,"2020平均斑塊面積_ha":172555.65,"2024平均斑塊面積_ha":172145.43,"平均斑塊面積下降率_pct":0.24,"道路切割密度_km_per_km2":0.0,"建成區邊界切割密度_km_per_km2":0.0,"孤立小斑塊比例_pct":0.0,"距大型連續綠地平均距離_m":0.0,"score_面積減少":36.827195467422094,"score_斑塊增加":46.81303116147309,"score_平均斑塊縮小":50.63739376770538,"score_道路建成區切割":27.47875354107649,"score_孤立比例":45.34938621340888,"score_距大型綠地":44.66477809254013,"綜合破碎化分數":42.0,"破碎化等級":"低","判定原因":"面積減少0.0%；斑塊增加0.0%；平均斑塊縮小0.2%；道路密度0.00 km/km²；孤立比例0.0%；距大型綠地0m","2021面積_ha":97.74,"2022面積_ha":97.74,"2023面積_ha":97.74}},{"type":"Feature","geometry":{"type":"Polygon","coordinates":[[[121.53216698502838,24.3419741445898],[121.53220472250283,24.35100292143446],[121.54206002325067,24.350968020278803],[121.542021587041,24.341939258018716],[121.53216698502838,24.3419741445898]]]},"properties":{"grid_id":"G004_022","綠地類型":"森林","中心經度":121.537113,"中心緯度":24.346471,"分析面積_km2":1.04,"2020面積_ha":104.04,"2024面積_ha":104.04,"面積減少率_pct":0.0,"2020斑塊數":1,"2024斑塊數":1,"斑塊數增加率_pct":0.0,"2020平均斑塊面積_ha":172555.65,"2024平均斑塊面積_ha":172145.43,"平均斑塊面積下降率_pct":0.24,"道路切割密度_km_per_km2":0.0,"建成區邊界切割密度_km_per_km2":0.0,"孤立小斑塊比例_pct":0.0,"距大型連續綠地平均距離_m":0.0,"score_面積減少":36.827195467422094,"score_斑塊增加":46.81303116147309,"score_平均斑塊縮小":50.63739376770538,"score_道路建成區切割":27.47875354107649,"score_孤立比例":45.34938621340888,"score_距大型綠地":44.66477809254013,"綜合破碎化分數":42.0,"破碎化等級":"低","判定原因":"面積減少0.0%；斑塊增加0.0%；平均斑塊縮小0.2%；道路密度0.00 km/km²；孤立比例0.0%；距大型綠地0m","2021面積_ha":104.04,"2022面積_ha":104.04,"2023面積_ha":103.5}},{"type":"Feature","geometry":{"type":"Polygon","coordinates":[[[121.542021587041,24.341939258018716],[121.54206002325067,24.350968020278803],[121.55191530515924,24.35093247882474],[121.55187617022024,24.34190373141678],[121.542021587041,24.341939258018716]]]},"properties":{"grid_id":"G004_023","綠地類型":"森林","中心經度":121.546968,"中心緯度":24.346436,"分析面積_km2":1.04,"2020面積_ha":104.04,"2024面積_ha":104.04,"面積減少率_pct":0.0,"2020斑塊數":1,"2024斑塊數":1,"斑塊數增加率_pct":0.0,"2020平均斑塊面積_ha":172555.65,"2024平均斑塊面積_ha":172145.43,"平均斑塊面積下降率_pct":0.24,"道路切割密度_km_per_km2":0.0,"建成區邊界切割密度_km_per_km2":0.0,"孤立小斑塊比例_pct":0.0,"距大型連續綠地平均距離_m":0.0,"score_面積減少":36.827195467422094,"score_斑塊增加":46.81303116147309,"score_平均斑塊縮小":50.63739376770538,"score_道路建成區切割":27.47875354107649,"score_孤立比例":45.34938621340888,"score_距大型綠地":44.66477809254013,"綜合破碎化分數":42.0,"破碎化等級":"低","判定原因":"面積減少0.0%；斑塊增加0.0%；平均斑塊縮小0.2%；道路密度0.00 km/km²；孤立比例0.0%；距大型綠地0m","2021面積_ha":104.04,"2022面積_ha":104.04,"2023面積_ha":104.04}},{"type":"Feature","geometry":{"type":"Polygon","coordinates":[[[121.55187617022024,24.34190373141678],[121.55191530515924,24.35093247882474],[121.56177056788606,24.350896297077153],[121.56173073422372,24.341867564788892],[121.55187617022024,24.34190373141678]]]},"properties":{"grid_id":"G004_024","綠地類型":"森林","中心經度":121.556823,"中心緯度":24.3464,"分析面積_km2":1.04,"2020面積_ha":102.78,"2024面積_ha":102.96,"面積減少率_pct":0.0,"2020斑塊數":1,"2024斑塊數":1,"斑塊數增加率_pct":0.0,"2020平均斑塊面積_ha":172555.65,"2024平均斑塊面積_ha":172145.43,"平均斑塊面積下降率_pct":0.24,"道路切割密度_km_per_km2":0.0,"建成區邊界切割密度_km_per_km2":0.0,"孤立小斑塊比例_pct":0.0,"距大型連續綠地平均距離_m":0.0,"score_面積減少":36.827195467422094,"score_斑塊增加":46.81303116147309,"score_平均斑塊縮小":50.63739376770538,"score_道路建成區切割":27.47875354107649,"score_孤立比例":45.34938621340888,"score_距大型綠地":44.66477809254013,"綜合破碎化分數":42.0,"破碎化等級":"低","判定原因":"面積減少0.0%；斑塊增加0.0%；平均斑塊縮小0.2%；道路密度0.00 km/km²；孤立比例0.0%；距大型綠地0m","2021面積_ha":102.51,"2022面積_ha":102.42,"2023面積_ha":102.15}},{"type":"Feature","geometry":{"type":"Polygon","coordinates":[[[121.56173073422372,24.341867564788892],[121.56177056788606,24.350896297077153],[121.57162581108868,24.350859475041034],[121.57158527870911,24.34183075814003],[121.56173073422372,24.341867564788892]]]},"properties":{"grid_id":"G004_025","綠地類型":"森林","中心經度":121.566678,"中心緯度":24.346364,"分析面積_km2":1.04,"2020面積_ha":104.04,"2024面積_ha":104.04,"面積減少率_pct":0.0,"2020斑塊數":1,"2024斑塊數":1,"斑塊數增加率_pct":0.0,"2020平均斑塊面積_ha":172555.65,"2024平均斑塊面積_ha":172145.43,"平均斑塊面積下降率_pct":0.24,"道路切割密度_km_per_km2":0.0,"建成區邊界切割密度_km_per_km2":0.0,"孤立小斑塊比例_pct":0.0,"距大型連續綠地平均距離_m":0.0,"score_面積減少":36.827195467422094,"score_斑塊增加":46.81303116147309,"score_平均斑塊縮小":50.63739376770538,"score_道路建成區切割":27.47875354107649,"score_孤立比例":45.34938621340888,"score_距大型綠地":44.66477809254013,"綜合破碎化分數":42.0,"破碎化等級":"低","判定原因":"面積減少0.0%；斑塊增加0.0%；平均斑塊縮小0.2%；道路密度0.00 km/km²；孤立比例0.0%；距大型綠地0m","2021面積_ha":104.04,"2022面積_ha":104.04,"2023面積_ha":104.04}},{"type":"Feature","geometry":{"type":"Polygon","coordinates":[[[121.57158527870911,24.34183075814003],[121.57162581108868,24.350859475041034],[121.58148103442467,24.350822012721455],[121.58143980333404,24.34179331147526],[121.57158527870911,24.34183075814003]]]},"properties":{"grid_id":"G004_026","綠地類型":"森林","中心經度":121.576533,"中心緯度":24.346326,"分析面積_km2":1.04,"2020面積_ha":102.96,"2024面積_ha":103.95,"面積減少率_pct":0.0,"2020斑塊數":1,"2024斑塊數":1,"斑塊數增加率_pct":0.0,"2020平均斑塊面積_ha":172555.65,"2024平均斑塊面積_ha":172145.43,"平均斑塊面積下降率_pct":0.24,"道路切割密度_km_per_km2":0.0,"建成區邊界切割密度_km_per_km2":0.0,"孤立小斑塊比例_pct":0.0,"距大型連續綠地平均距離_m":0.0,"score_面積減少":36.827195467422094,"score_斑塊增加":46.81303116147309,"score_平均斑塊縮小":50.63739376770538,"score_道路建成區切割":27.47875354107649,"score_孤立比例":45.34938621340888,"score_距大型綠地":44.66477809254013,"綜合破碎化分數":42.0,"破碎化等級":"低","判定原因":"面積減少0.0%；斑塊增加0.0%；平均斑塊縮小0.2%；道路密度0.00 km/km²；孤立比例0.0%；距大型綠地0m","2021面積_ha":103.23,"2022面積_ha":103.14,"2023面積_ha":103.05}},{"type":"Feature","geometry":{"type":"Polygon","coordinates":[[[121.58143980333404,24.34179331147526],[121.58148103442467,24.350822012721455],[121.59133623755154,24.350783910123575],[121.59129430775617,24.341755224799737],[121.58143980333404,24.34179331147526]]]},"properties":{"grid_id":"G004_027","綠地類型":"森林","中心經度":121.586388,"中心緯度":24.346289,"分析面積_km2":1.04,"2020面積_ha":104.04,"2024面積_ha":104.04,"面積減少率_pct":0.0,"2020斑塊數":1,"2024斑塊數":1,"斑塊數增加率_pct":0.0,"2020平均斑塊面積_ha":172555.65,"2024平均斑塊面積_ha":172145.43,"平均斑塊面積下降率_pct":0.24,"道路切割密度_km_per_km2":0.0,"建成區邊界切割密度_km_per_km2":0.0,"孤立小斑塊比例_pct":0.0,"距大型連續綠地平均距離_m":0.0,"score_面積減少":36.827195467422094,"score_斑塊增加":46.81303116147309,"score_平均斑塊縮小":50.63739376770538,"score_道路建成區切割":27.47875354107649,"score_孤立比例":45.34938621340888,"score_距大型綠地":44.66477809254013,"綜合破碎化分數":42.0,"破碎化等級":"低","判定原因":"面積減少0.0%；斑塊增加0.0%；平均斑塊縮小0.2%；道路密度0.00 km/km²；孤立比例0.0%；距大型綠地0m","2021面積_ha":104.04,"2022面積_ha":104.04,"2023面積_ha":104.04}},{"type":"Feature","geometry":{"type":"Polygon","coordinates":[[[121.6011487916332,24.34171649811872],[121.60119142012687,24.35074516725265],[121.61104658180821,24.350705784114],[121.61100325462276,24.341677131437525],[121.6011487916332,24.34171649811872]]]},"properties":{"grid_id":"G004_029","綠地類型":"森林","中心經度":121.606098,"中心緯度":24.346211,"分析面積_km2":1.04,"2020面積_ha":104.04,"2024面積_ha":104.04,"面積減少率_pct":0.0,"2020斑塊數":1,"2024斑塊數":1,"斑塊數增加率_pct":0.0,"2020平均斑塊面積_ha":172555.65,"2024平均斑塊面積_ha":172145.43,"平均斑塊面積下降率_pct":0.24,"道路切割密度_km_per_km2":0.0,"建成區邊界切割密度_km_per_km2":0.0,"孤立小斑塊比例_pct":0.0,"距大型連續綠地平均距離_m":0.0,"score_面積減少":36.827195467422094,"score_斑塊增加":46.81303116147309,"score_平均斑塊縮小":50.63739376770538,"score_道路建成區切割":27.47875354107649,"score_孤立比例":45.34938621340888,"score_距大型綠地":44.66477809254013,"綜合破碎化分數":42.0,"破碎化等級":"低","判定原因":"面積減少0.0%；斑塊增加0.0%；平均斑塊縮小0.2%；道路密度0.00 km/km²；孤立比例0.0%；距大型綠地0m","2021面積_ha":104.04,"2022面積_ha":104.04,"2023面積_ha":104.04}},{"type":"Feature","geometry":{"type":"Polygon","coordinates":[[[121.67017709394666,24.350456039970123],[121.68003209978221,24.350412175114318],[121.67998388194593,24.341383645131046],[121.67376305619054,24.34141139905217],[121.67395,24.341839999999994],[121.67405999999998,24.34229],[121.67408000000002,24.342569999999995],[121.67405999999998,24.343169999999997],[121.67395,24.34339],[121.67369,24.343579999999992],[121.67328,24.343769999999996],[121.67308999999999,24.343789999999995],[121.67292,24.343789999999995],[121.67255,24.343689999999995],[121.67202000000002,24.34347],[121.67112000000002,24.34326],[121.67057999999999,24.34298],[121.67013703068831,24.342844397234202],[121.67017709394666,24.350456039970123]]]},"properties":{"grid_id":"G004_036","綠地類型":"森林","中心經度":121.675087,"中心緯度":24.347108,"分析面積_km2":0.949,"2020面積_ha":83.88,"2024面積_ha":84.24,"面積減少率_pct":0.0,"2020斑塊數":1,"2024斑塊數":1,"斑塊數增加率_pct":0.0,"2020平均斑塊面積_ha":172555.65,"2024平均斑塊面積_ha":172145.43,"平均斑塊面積下降率_pct":0.24,"道路切割密度_km_per_km2":0.569,"建成區邊界切割密度_km_per_km2":0.0,"孤立小斑塊比例_pct":0.0,"距大型連續綠地平均距離_m":0.0,"score_面積減少":36.827195467422094,"score_斑塊增加":46.81303116147309,"score_平均斑塊縮小":50.63739376770538,"score_道路建成區切割":39.246931067044386,"score_孤立比例":45.34938621340888,"score_距大型綠地":44.66477809254013,"綜合破碎化分數":43.9,"破碎化等級":"低","判定原因":"面積減少0.0%；斑塊增加0.0%；平均斑塊縮小0.2%；道路密度0.57 km/km²；孤立比例0.0%；距大型綠地0m","2021面積_ha":85.14,"2022面積_ha":86.04,"2023面積_ha":86.58}},{"type":"Feature","geometry":{"type":"Polygon","coordinates":[[[121.68983816551241,24.341339158651103],[121.68988708198442,24.350367670036665],[121.6997420402109,24.350322524743294],[121.69969242511064,24.341294032222976],[121.68983816551241,24.341339158651103]]]},"properties":{"grid_id":"G004_038","綠地類型":"森林","中心經度":121.69479,"中心緯度":24.345831,"分析面積_km2":1.04,"2020面積_ha":104.04,"2024面積_ha":104.04,"面積減少率_pct":0.0,"2020斑塊數":1,"2024斑塊數":1,"斑塊數增加率_pct":0.0,"2020平均斑塊面積_ha":172555.65,"2024平均斑塊面積_ha":172145.43,"平均斑塊面積下降率_pct":0.24,"道路切割密度_km_per_km2":0.0,"建成區邊界切割密度_km_per_km2":0.0,"孤立小斑塊比例_pct":0.0,"距大型連續綠地平均距離_m":0.0,"score_面積減少":36.827195467422094,"score_斑塊增加":46.81303116147309,"score_平均斑塊縮小":50.63739376770538,"score_道路建成區切割":27.47875354107649,"score_孤立比例":45.34938621340888,"score_距大型綠地":44.66477809254013,"綜合破碎化分數":42.0,"破碎化等級":"低","判定原因":"面積減少0.0%；斑塊增加0.0%；平均斑塊縮小0.2%；道路密度0.00 km/km²；孤立比例0.0%；距大型綠地0m","2021面積_ha":104.04,"2022面積_ha":104.04,"2023面積_ha":104.04}},{"type":"Feature","geometry":{"type":"Polygon","coordinates":[[[121.69969242511064,24.341294032222976],[121.6997420402109,24.350322524743294],[121.70959697411924,24.35027673924043],[121.70954666039833,24.34124826585286],[121.69969242511064,24.341294032222976]]]},"properties":{"grid_id":"G004_039","綠地類型":"森林","中心經度":121.704645,"中心緯度":24.345785,"分析面積_km2":1.04,"2020面積_ha":104.04,"2024面積_ha":104.04,"面積減少率_pct":0.0,"2020斑塊數":1,"2024斑塊數":1,"斑塊數增加率_pct":0.0,"2020平均斑塊面積_ha":172555.65,"2024平均斑塊面積_ha":172145.43,"平均斑塊面積下降率_pct":0.24,"道路切割密度_km_per_km2":0.0,"建成區邊界切割密度_km_per_km2":0.0,"孤立小斑塊比例_pct":0.0,"距大型連續綠地平均距離_m":0.0,"score_面積減少":36.827195467422094,"score_斑塊增加":46.81303116147309,"score_平均斑塊縮小":50.63739376770538,"score_道路建成區切割":27.47875354107649,"score_孤立比例":45.34938621340888,"score_距大型綠地":44.66477809254013,"綜合破碎化分數":42.0,"破碎化等級":"低","判定原因":"面積減少0.0%；斑塊增加0.0%；平均斑塊縮小0.2%；道路密度0.00 km/km²；孤立比例0.0%；距大型綠地0m","2021面積_ha":104.04,"2022面積_ha":104.04,"2023面積_ha":104.04}},{"type":"Feature","geometry":{"type":"Polygon","coordinates":[[[121.70954666039833,24.34124826585286],[121.70959697411924,24.35027673924043],[121.71945188336706,24.35023031353437],[121.7194008710332,24.34120185954707],[121.70954666039833,24.34124826585286]]]},"properties":{"grid_id":"G004_040","綠地類型":"森林","中心經度":121.714499,"中心緯度":24.345739,"分析面積_km2":1.04,"2020面積_ha":104.04,"2024面積_ha":104.04,"面積減少率_pct":0.0,"2020斑塊數":1,"2024斑塊數":1,"斑塊數增加率_pct":0.0,"2020平均斑塊面積_ha":172555.65,"2024平均斑塊面積_ha":172145.43,"平均斑塊面積下降率_pct":0.24,"道路切割密度_km_per_km2":0.0,"建成區邊界切割密度_km_per_km2":0.0,"孤立小斑塊比例_pct":0.0,"距大型連續綠地平均距離_m":0.0,"score_面積減少":36.827195467422094,"score_斑塊增加":46.81303116147309,"score_平均斑塊縮小":50.63739376770538,"score_道路建成區切割":27.47875354107649,"score_孤立比例":45.34938621340888,"score_距大型綠地":44.66477809254013,"綜合破碎化分數":42.0,"破碎化等級":"低","判定原因":"面積減少0.0%；斑塊增加0.0%；平均斑塊縮小0.2%；道路密度0.00 km/km²；孤立比例0.0%；距大型綠地0m","2021面積_ha":104.04,"2022面積_ha":104.04,"2023面積_ha":104.04}},{"type":"Feature","geometry":{"type":"Polygon","coordinates":[[[121.7194008710332,24.34120185954707],[121.71945188336706,24.35023031353437],[121.72930676761197,24.350183247631524],[121.72925505667297,24.341154813311988],[121.7194008710332,24.34120185954707]]]},"properties":{"grid_id":"G004_041","綠地類型":"森林","中心經度":121.724354,"中心緯度":24.345693,"分析面積_km2":1.04,"2020面積_ha":103.95,"2024面積_ha":104.04,"面積減少率_pct":0.0,"2020斑塊數":1,"2024斑塊數":1,"斑塊數增加率_pct":0.0,"2020平均斑塊面積_ha":172555.65,"2024平均斑塊面積_ha":172145.43,"平均斑塊面積下降率_pct":0.24,"道路切割密度_km_per_km2":0.0,"建成區邊界切割密度_km_per_km2":0.0,"孤立小斑塊比例_pct":0.0,"距大型連續綠地平均距離_m":0.0,"score_面積減少":36.827195467422094,"score_斑塊增加":46.81303116147309,"score_平均斑塊縮小":50.63739376770538,"score_道路建成區切割":27.47875354107649,"score_孤立比例":45.34938621340888,"score_距大型綠地":44.66477809254013,"綜合破碎化分數":42.0,"破碎化等級":"低","判定原因":"面積減少0.0%；斑塊增加0.0%；平均斑塊縮小0.2%；道路密度0.00 km/km²；孤立比例0.0%；距大型綠地0m","2021面積_ha":104.04,"2022面積_ha":102.87,"2023面積_ha":104.04}},{"type":"Feature","geometry":{"type":"Polygon","coordinates":[[[121.47310610295656,24.360227729782427],[121.48296220865898,24.36019665753417],[121.48292794816072,24.351167822571377],[121.47965559294754,24.351178206397808],[121.47917999999999,24.35158],[121.47888,24.35188],[121.47877,24.351949999999995],[121.47848999999998,24.35199],[121.47820999999999,24.351970000000005],[121.47763000000002,24.351710000000004],[121.47643000000001,24.351519999999997],[121.47559,24.351299999999995],[121.47544,24.351279999999996],[121.47521000000002,24.3513],[121.47509999999998,24.35133],[121.47475999999999,24.351539999999996],[121.47424,24.351970000000005],[121.47307815172857,24.35270846302022],[121.47310610295656,24.360227729782427]]]},"properties":{"grid_id":"G005_016","綠地類型":"森林","中心經度":121.47802,"中心緯度":24.356453,"分析面積_km2":0.998,"2020面積_ha":88.29,"2024面積_ha":89.1,"面積減少率_pct":0.0,"2020斑塊數":1,"2024斑塊數":1,"斑塊數增加率_pct":0.0,"2020平均斑塊面積_ha":172555.65,"2024平均斑塊面積_ha":172145.43,"平均斑塊面積下降率_pct":0.24,"道路切割密度_km_per_km2":0.24,"建成區邊界切割密度_km_per_km2":0.0,"孤立小斑塊比例_pct":0.0,"距大型連續綠地平均距離_m":0.0,"score_面積減少":36.827195467422094,"score_斑塊增加":46.81303116147309,"score_平均斑塊縮小":50.63739376770538,"score_道路建成區切割":37.405571293673276,"score_孤立比例":45.34938621340888,"score_距大型綠地":44.66477809254013,"綜合破碎化分數":43.6,"破碎化等級":"低","判定原因":"面積減少0.0%；斑塊增加0.0%；平均斑塊縮小0.2%；道路密度0.24 km/km²；孤立比例0.0%；距大型綠地0m","2021面積_ha":88.29,"2022面積_ha":88.74,"2023面積_ha":89.19}},{"type":"Feature","geometry":{"type":"Polygon","coordinates":[[[121.48292794816072,24.351167822571377],[121.48296220865898,24.36019665753417],[121.49281829757173,24.360164944692364],[121.49278333796794,24.351136122978133],[121.48292794816072,24.351167822571377]]]},"properties":{"grid_id":"G005_017","綠地類型":"森林","中心經度":121.487873,"中心緯度":24.355666,"分析面積_km2":1.04,"2020面積_ha":94.86,"2024面積_ha":94.86,"面積減少率_pct":0.0,"2020斑塊數":1,"2024斑塊數":1,"斑塊數增加率_pct":0.0,"2020平均斑塊面積_ha":172555.65,"2024平均斑塊面積_ha":172145.43,"平均斑塊面積下降率_pct":0.24,"道路切割密度_km_per_km2":0.0,"建成區邊界切割密度_km_per_km2":0.0,"孤立小斑塊比例_pct":0.0,"距大型連續綠地平均距離_m":0.0,"score_面積減少":36.827195467422094,"score_斑塊增加":46.81303116147309,"score_平均斑塊縮小":50.63739376770538,"score_道路建成區切割":27.47875354107649,"score_孤立比例":45.34938621340888,"score_距大型綠地":44.66477809254013,"綜合破碎化分數":42.0,"破碎化等級":"低","判定原因":"面積減少0.0%；斑塊增加0.0%；平均斑塊縮小0.2%；道路密度0.00 km/km²；孤立比例0.0%；距大型綠地0m","2021面積_ha":94.86,"2022面積_ha":94.68,"2023面積_ha":94.77}},{"type":"Feature","geometry":{"type":"Polygon","coordinates":[[[121.49278333796794,24.351136122978133],[121.49281829757173,24.360164944692364],[121.5026743693522,24.360132591261387],[121.50263871064826,24.35110378306332],[121.49278333796794,24.351136122978133]]]},"properties":{"grid_id":"G005_018","綠地類型":"森林","中心經度":121.497729,"中心緯度":24.355634,"分析面積_km2":1.04,"2020面積_ha":101.79,"2024面積_ha":102.78,"面積減少率_pct":0.0,"2020斑塊數":1,"2024斑塊數":1,"斑塊數增加率_pct":0.0,"2020平均斑塊面積_ha":172555.65,"2024平均斑塊面積_ha":172145.43,"平均斑塊面積下降率_pct":0.24,"道路切割密度_km_per_km2":0.433,"建成區邊界切割密度_km_per_km2":0.0,"孤立小斑塊比例_pct":0.0,"距大型連續綠地平均距離_m":0.0,"score_面積減少":36.827195467422094,"score_斑塊增加":46.81303116147309,"score_平均斑塊縮小":50.63739376770538,"score_道路建成區切割":38.57412653446648,"score_孤立比例":45.34938621340888,"score_距大型綠地":44.66477809254013,"綜合破碎化分數":43.8,"破碎化等級":"低","判定原因":"面積減少0.0%；斑塊增加0.0%；平均斑塊縮小0.2%；道路密度0.43 km/km²；孤立比例0.0%；距大型綠地0m","2021面積_ha":102.24,"2022面積_ha":101.97,"2023面積_ha":102.15}},{"type":"Feature","geometry":{"type":"Polygon","coordinates":[[[121.51249406585914,24.35107080283139],[121.5125304236578,24.360099597245682],[121.52238646014595,24.360065962649806],[121.52234940325815,24.3510371822869],[121.51249406585914,24.35107080283139]]]},"properties":{"grid_id":"G005_020","綠地類型":"森林","中心經度":121.51744,"中心緯度":24.355568,"分析面積_km2":1.04,"2020面積_ha":104.04,"2024面積_ha":104.04,"面積減少率_pct":0.0,"2020斑塊數":1,"2024斑塊數":1,"斑塊數增加率_pct":0.0,"2020平均斑塊面積_ha":172555.65,"2024平均斑塊面積_ha":172145.43,"平均斑塊面積下降率_pct":0.24,"道路切割密度_km_per_km2":0.0,"建成區邊界切割密度_km_per_km2":0.0,"孤立小斑塊比例_pct":0.0,"距大型連續綠地平均距離_m":0.0,"score_面積減少":36.827195467422094,"score_斑塊增加":46.81303116147309,"score_平均斑塊縮小":50.63739376770538,"score_道路建成區切割":27.47875354107649,"score_孤立比例":45.34938621340888,"score_距大型綠地":44.66477809254013,"綜合破碎化分數":42.0,"破碎化等級":"低","判定原因":"面積減少0.0%；斑塊增加0.0%；平均斑塊縮小0.2%；道路密度0.00 km/km²；孤立比例0.0%；距大型綠地0m","2021面積_ha":104.04,"2022面積_ha":104.04,"2023面積_ha":104.04}},{"type":"Feature","geometry":{"type":"Polygon","coordinates":[[[121.52234940325815,24.3510371822869],[121.52238646014595,24.360065962649806],[121.53224247847407,24.360031687478386],[121.53220472250283,24.35100292143446],[121.52234940325815,24.3510371822869]]]},"properties":{"grid_id":"G005_021","綠地類型":"森林","中心經度":121.527296,"中心緯度":24.355535,"分析面積_km2":1.04,"2020面積_ha":104.04,"2024面積_ha":104.04,"面積減少率_pct":0.0,"2020斑塊數":1,"2024斑塊數":1,"斑塊數增加率_pct":0.0,"2020平均斑塊面積_ha":172555.65,"2024平均斑塊面積_ha":172145.43,"平均斑塊面積下降率_pct":0.24,"道路切割密度_km_per_km2":0.0,"建成區邊界切割密度_km_per_km2":0.0,"孤立小斑塊比例_pct":0.0,"距大型連續綠地平均距離_m":0.0,"score_面積減少":36.827195467422094,"score_斑塊增加":46.81303116147309,"score_平均斑塊縮小":50.63739376770538,"score_道路建成區切割":27.47875354107649,"score_孤立比例":45.34938621340888,"score_距大型綠地":44.66477809254013,"綜合破碎化分數":42.0,"破碎化等級":"低","判定原因":"面積減少0.0%；斑塊增加0.0%；平均斑塊縮小0.2%；道路密度0.00 km/km²；孤立比例0.0%；距大型綠地0m","2021面積_ha":104.04,"2022面積_ha":104.04,"2023面積_ha":104.04}},{"type":"Feature","geometry":{"type":"Polygon","coordinates":[[[121.53220472250283,24.35100292143446],[121.53224247847407,24.360031687478386],[121.54209847829962,24.359996771736146],[121.54206002325067,24.350968020278803],[121.53220472250283,24.35100292143446]]]},"properties":{"grid_id":"G005_022","綠地類型":"森林","中心經度":121.537151,"中心緯度":24.3555,"分析面積_km2":1.04,"2020面積_ha":104.04,"2024面積_ha":104.04,"面積減少率_pct":0.0,"2020斑塊數":1,"2024斑塊數":1,"斑塊數增加率_pct":0.0,"2020平均斑塊面積_ha":172555.65,"2024平均斑塊面積_ha":172145.43,"平均斑塊面積下降率_pct":0.24,"道路切割密度_km_per_km2":0.0,"建成區邊界切割密度_km_per_km2":0.0,"孤立小斑塊比例_pct":0.0,"距大型連續綠地平均距離_m":0.0,"score_面積減少":36.827195467422094,"score_斑塊增加":46.81303116147309,"score_平均斑塊縮小":50.63739376770538,"score_道路建成區切割":27.47875354107649,"score_孤立比例":45.34938621340888,"score_距大型綠地":44.66477809254013,"綜合破碎化分數":42.0,"破碎化等級":"低","判定原因":"面積減少0.0%；斑塊增加0.0%；平均斑塊縮小0.2%；道路密度0.00 km/km²；孤立比例0.0%；距大型綠地0m","2021面積_ha":104.04,"2022面積_ha":104.04,"2023面積_ha":95.67}},{"type":"Feature","geometry":{"type":"Polygon","coordinates":[[[121.54206002325067,24.350968020278803],[121.54209847829962,24.359996771736146],[121.55195445927997,24.35996121542789],[121.55191530515924,24.35093247882474],[121.54206002325067,24.350968020278803]]]},"properties":{"grid_id":"G005_023","綠地類型":"森林","中心經度":121.547007,"中心緯度":24.355465,"分析面積_km2":1.04,"2020面積_ha":104.04,"2024面積_ha":104.04,"面積減少率_pct":0.0,"2020斑塊數":1,"2024斑塊數":1,"斑塊數增加率_pct":0.0,"2020平均斑塊面積_ha":172555.65,"2024平均斑塊面積_ha":172145.43,"平均斑塊面積下降率_pct":0.24,"道路切割密度_km_per_km2":0.0,"建成區邊界切割密度_km_per_km2":0.0,"孤立小斑塊比例_pct":0.0,"距大型連續綠地平均距離_m":0.0,"score_面積減少":36.827195467422094,"score_斑塊增加":46.81303116147309,"score_平均斑塊縮小":50.63739376770538,"score_道路建成區切割":27.47875354107649,"score_孤立比例":45.34938621340888,"score_距大型綠地":44.66477809254013,"綜合破碎化分數":42.0,"破碎化等級":"低","判定原因":"面積減少0.0%；斑塊增加0.0%；平均斑塊縮小0.2%；道路密度0.00 km/km²；孤立比例0.0%；距大型綠地0m","2021面積_ha":104.04,"2022面積_ha":104.04,"2023面積_ha":102.24}},{"type":"Feature","geometry":{"type":"Polygon","coordinates":[[[121.56177056788606,24.350896297077153],[121.5618104210726,24.359925018558524],[121.5716663633349,24.359888181133037],[121.57162581108868,24.350859475041034],[121.56177056788606,24.350896297077153]]]},"properties":{"grid_id":"G005_025","綠地類型":"森林","中心經度":121.566718,"中心緯度":24.355392,"分析面積_km2":1.04,"2020面積_ha":104.04,"2024面積_ha":104.04,"面積減少率_pct":0.0,"2020斑塊數":1,"2024斑塊數":1,"斑塊數增加率_pct":0.0,"2020平均斑塊面積_ha":172555.65,"2024平均斑塊面積_ha":172145.43,"平均斑塊面積下降率_pct":0.24,"道路切割密度_km_per_km2":0.0,"建成區邊界切割密度_km_per_km2":0.0,"孤立小斑塊比例_pct":0.0,"距大型連續綠地平均距離_m":0.0,"score_面積減少":36.827195467422094,"score_斑塊增加":46.81303116147309,"score_平均斑塊縮小":50.63739376770538,"score_道路建成區切割":27.47875354107649,"score_孤立比例":45.34938621340888,"score_距大型綠地":44.66477809254013,"綜合破碎化分數":42.0,"破碎化等級":"低","判定原因":"面積減少0.0%；斑塊增加0.0%；平均斑塊縮小0.2%；道路密度0.00 km/km²；孤立比例0.0%；距大型綠地0m","2021面積_ha":104.04,"2022面積_ha":104.04,"2023面積_ha":104.04}},{"type":"Feature","geometry":{"type":"Polygon","coordinates":[[[121.57162581108868,24.350859475041034],[121.5716663633349,24.359888181133037],[121.58152228572438,24.359850703156496],[121.58148103442467,24.350822012721455],[121.57162581108868,24.350859475041034]]]},"properties":{"grid_id":"G005_026","綠地類型":"森林","中心經度":121.576574,"中心緯度":24.355355,"分析面積_km2":1.04,"2020面積_ha":104.04,"2024面積_ha":104.04,"面積減少率_pct":0.0,"2020斑塊數":1,"2024斑塊數":1,"斑塊數增加率_pct":0.0,"2020平均斑塊面積_ha":172555.65,"2024平均斑塊面積_ha":172145.43,"平均斑塊面積下降率_pct":0.24,"道路切割密度_km_per_km2":0.0,"建成區邊界切割密度_km_per_km2":0.0,"孤立小斑塊比例_pct":0.0,"距大型連續綠地平均距離_m":0.0,"score_面積減少":36.827195467422094,"score_斑塊增加":46.81303116147309,"score_平均斑塊縮小":50.63739376770538,"score_道路建成區切割":27.47875354107649,"score_孤立比例":45.34938621340888,"score_距大型綠地":44.66477809254013,"綜合破碎化分數":42.0,"破碎化等級":"低","判定原因":"面積減少0.0%；斑塊增加0.0%；平均斑塊縮小0.2%；道路密度0.00 km/km²；孤立比例0.0%；距大型綠地0m","2021面積_ha":104.04,"2022面積_ha":104.04,"2023面積_ha":104.04}},{"type":"Feature","geometry":{"type":"Polygon","coordinates":[[[121.58148103442467,24.350822012721455],[121.58152228572438,24.359850703156496],[121.59137818789844,24.359812584634067],[121.59133623755154,24.350783910123575],[121.58148103442467,24.350822012721455]]]},"properties":{"grid_id":"G005_027","綠地類型":"森林","中心經度":121.586429,"中心緯度":24.355317,"分析面積_km2":1.04,"2020面積_ha":104.04,"2024面積_ha":104.04,"面積減少率_pct":0.0,"2020斑塊數":1,"2024斑塊數":1,"斑塊數增加率_pct":0.0,"2020平均斑塊面積_ha":172555.65,"2024平均斑塊面積_ha":172145.43,"平均斑塊面積下降率_pct":0.24,"道路切割密度_km_per_km2":0.0,"建成區邊界切割密度_km_per_km2":0.0,"孤立小斑塊比例_pct":0.0,"距大型連續綠地平均距離_m":0.0,"score_面積減少":36.827195467422094,"score_斑塊增加":46.81303116147309,"score_平均斑塊縮小":50.63739376770538,"score_道路建成區切割":27.47875354107649,"score_孤立比例":45.34938621340888,"score_距大型綠地":44.66477809254013,"綜合破碎化分數":42.0,"破碎化等級":"低","判定原因":"面積減少0.0%；斑塊增加0.0%；平均斑塊縮小0.2%；道路密度0.00 km/km²；孤立比例0.0%；距大型綠地0m","2021面積_ha":104.04,"2022面積_ha":104.04,"2023面積_ha":104.04}},{"type":"Feature","geometry":{"type":"Polygon","coordinates":[[[121.65046701274517,24.35054184899212],[121.64791467584816,24.350552773430213],[121.6476,24.350960000000004],[121.6467,24.351799999999997],[121.6464,24.352029999999996],[121.64627,24.35212],[121.64610000000002,24.35218],[121.64539,24.35225],[121.64509,24.35236],[121.64464,24.352699999999995],[121.64417000000002,24.353129999999997],[121.64378,24.353579999999994],[121.64309,24.354539999999997],[121.64279,24.355019999999996],[121.64241,24.35585],[121.64219,24.356109999999997],[121.64183,24.35639],[121.64088000000001,24.35678],[121.64064403500052,24.35696090661818],[121.64065738354834,24.359612384020494],[121.64930609336278,24.35957559592367],[121.64919000000002,24.3595],[121.64882,24.359179999999995],[121.64804999999998,24.358279999999997],[121.64788,24.357999999999997],[121.64781,24.357829999999996],[121.64779,24.357350000000004],[121.6479,24.35686],[121.64801000000001,24.3566],[121.64813999999998,24.35645],[121.64859000000001,24.356110000000005],[121.64936,24.3556],[121.64964000000002,24.355379999999997],[121.64977,24.35525],[121.65000000000002,24.354910000000004],[121.65009000000002,24.35465],[121.65017,24.3542],[121.65026,24.352929999999997],[121.65037000000001,24.352400000000003],[121.65045000000002,24.351929999999992],[121.65047368246346,24.351847111914218],[121.65046701274517,24.35054184899212]]]},"properties":{"grid_id":"G005_033","綠地類型":"森林","中心經度":121.646294,"中心緯度":24.355135,"分析面積_km2":0.653,"2020面積_ha":60.84,"2024面積_ha":59.67,"面積減少率_pct":1.92,"2020斑塊數":2,"2024斑塊數":1,"斑塊數增加率_pct":0.0,"2020平均斑塊面積_ha":86277.915,"2024平均斑塊面積_ha":172145.43,"平均斑塊面積下降率_pct":0.0,"道路切割密度_km_per_km2":0.0,"建成區邊界切割密度_km_per_km2":0.0,"孤立小斑塊比例_pct":0.0,"距大型連續綠地平均距離_m":0.0,"score_面積減少":89.61284230406044,"score_斑塊增加":46.81303116147309,"score_平均斑塊縮小":3.7535410764872523,"score_道路建成區切割":27.47875354107649,"score_孤立比例":45.34938621340888,"score_距大型綠地":44.66477809254013,"綜合破碎化分數":42.9,"破碎化等級":"低","判定原因":"面積減少1.9%；斑塊增加0.0%；平均斑塊縮小0.0%；道路密度0.00 km/km²；孤立比例0.0%；距大型綠地0m","2021面積_ha":62.1,"2022面積_ha":59.31,"2023面積_ha":58.95}},{"type":"Feature","geometry":{"type":"Polygon","coordinates":[[[121.67017709394666,24.350456039970123],[121.67022463643076,24.35948457745136],[121.68008034125184,24.359440694262837],[121.68003209978221,24.350412175114318],[121.67017709394666,24.350456039970123]]]},"properties":{"grid_id":"G005_036","綠地類型":"森林","中心經度":121.675129,"中心緯度":24.354948,"分析面積_km2":1.04,"2020面積_ha":95.49,"2024面積_ha":97.11,"面積減少率_pct":0.0,"2020斑塊數":1,"2024斑塊數":1,"斑塊數增加率_pct":0.0,"2020平均斑塊面積_ha":172555.65,"2024平均斑塊面積_ha":172145.43,"平均斑塊面積下降率_pct":0.24,"道路切割密度_km_per_km2":0.0,"建成區邊界切割密度_km_per_km2":0.0,"孤立小斑塊比例_pct":0.0,"距大型連續綠地平均距離_m":0.0,"score_面積減少":36.827195467422094,"score_斑塊增加":46.81303116147309,"score_平均斑塊縮小":50.63739376770538,"score_道路建成區切割":27.47875354107649,"score_孤立比例":45.34938621340888,"score_距大型綠地":44.66477809254013,"綜合破碎化分數":42.0,"破碎化等級":"低","判定原因":"面積減少0.0%；斑塊增加0.0%；平均斑塊縮小0.2%；道路密度0.00 km/km²；孤立比例0.0%；距大型綠地0m","2021面積_ha":96.03,"2022面積_ha":97.65,"2023面積_ha":98.55}},{"type":"Feature","geometry":{"type":"Polygon","coordinates":[[[121.68003209978221,24.350412175114318],[121.68008034125184,24.359440694262837],[121.68993602243219,24.359396170584912],[121.68988708198442,24.350367670036665],[121.68003209978221,24.350412175114318]]]},"properties":{"grid_id":"G005_037","綠地類型":"森林","中心經度":121.684984,"中心緯度":24.354904,"分析面積_km2":1.04,"2020面積_ha":104.04,"2024面積_ha":104.04,"面積減少率_pct":0.0,"2020斑塊數":1,"2024斑塊數":1,"斑塊數增加率_pct":0.0,"2020平均斑塊面積_ha":172555.65,"2024平均斑塊面積_ha":172145.43,"平均斑塊面積下降率_pct":0.24,"道路切割密度_km_per_km2":0.0,"建成區邊界切割密度_km_per_km2":0.0,"孤立小斑塊比例_pct":0.0,"距大型連續綠地平均距離_m":0.0,"score_面積減少":36.827195467422094,"score_斑塊增加":46.81303116147309,"score_平均斑塊縮小":50.63739376770538,"score_道路建成區切割":27.47875354107649,"score_孤立比例":45.34938621340888,"score_距大型綠地":44.66477809254013,"綜合破碎化分數":42.0,"破碎化等級":"低","判定原因":"面積減少0.0%；斑塊增加0.0%；平均斑塊縮小0.2%；道路密度0.00 km/km²；孤立比例0.0%；距大型綠地0m","2021面積_ha":104.04,"2022面積_ha":104.04,"2023面積_ha":104.04}},{"type":"Feature","geometry":{"type":"Polygon","coordinates":[[[121.68988708198442,24.350367670036665],[121.68993602243219,24.359396170584912],[121.6997916796293,24.35935100642371],[121.6997420402109,24.350322524743294],[121.68988708198442,24.350367670036665]]]},"properties":{"grid_id":"G005_038","綠地類型":"森林","中心經度":121.694839,"中心緯度":24.354859,"分析面積_km2":1.04,"2020面積_ha":100.71,"2024面積_ha":101.52,"面積減少率_pct":0.0,"2020斑塊數":1,"2024斑塊數":1,"斑塊數增加率_pct":0.0,"2020平均斑塊面積_ha":172555.65,"2024平均斑塊面積_ha":172145.43,"平均斑塊面積下降率_pct":0.24,"道路切割密度_km_per_km2":0.0,"建成區邊界切割密度_km_per_km2":0.0,"孤立小斑塊比例_pct":0.0,"距大型連續綠地平均距離_m":0.0,"score_面積減少":36.827195467422094,"score_斑塊增加":46.81303116147309,"score_平均斑塊縮小":50.63739376770538,"score_道路建成區切割":27.47875354107649,"score_孤立比例":45.34938621340888,"score_距大型綠地":44.66477809254013,"綜合破碎化分數":42.0,"破碎化等級":"低","判定原因":"面積減少0.0%；斑塊增加0.0%；平均斑塊縮小0.2%；道路密度0.00 km/km²；孤立比例0.0%；距大型綠地0m","2021面積_ha":101.34,"2022面積_ha":101.79,"2023面積_ha":102.06}},{"type":"Feature","geometry":{"type":"Polygon","coordinates":[[[121.6997420402109,24.350322524743294],[121.6997916796293,24.35935100642371],[121.70964731250068,24.35930520178546],[121.70959697411924,24.35027673924043],[121.6997420402109,24.350322524743294]]]},"properties":{"grid_id":"G005_039","綠地類型":"森林","中心經度":121.704695,"中心緯度":24.354814,"分析面積_km2":1.04,"2020面積_ha":104.04,"2024面積_ha":104.04,"面積減少率_pct":0.0,"2020斑塊數":1,"2024斑塊數":1,"斑塊數增加率_pct":0.0,"2020平均斑塊面積_ha":172555.65,"2024平均斑塊面積_ha":172145.43,"平均斑塊面積下降率_pct":0.24,"道路切割密度_km_per_km2":0.0,"建成區邊界切割密度_km_per_km2":0.0,"孤立小斑塊比例_pct":0.0,"距大型連續綠地平均距離_m":0.0,"score_面積減少":36.827195467422094,"score_斑塊增加":46.81303116147309,"score_平均斑塊縮小":50.63739376770538,"score_道路建成區切割":27.47875354107649,"score_孤立比例":45.34938621340888,"score_距大型綠地":44.66477809254013,"綜合破碎化分數":42.0,"破碎化等級":"低","判定原因":"面積減少0.0%；斑塊增加0.0%；平均斑塊縮小0.2%；道路密度0.00 km/km²；孤立比例0.0%；距大型綠地0m","2021面積_ha":104.04,"2022面積_ha":104.04,"2023面積_ha":104.04}},{"type":"Feature","geometry":{"type":"Polygon","coordinates":[[[121.70959697411924,24.35027673924043],[121.70964731250068,24.35930520178546],[121.71950292070385,24.359258756676468],[121.71945188336706,24.35023031353437],[121.70959697411924,24.35027673924043]]]},"properties":{"grid_id":"G005_040","綠地類型":"森林","中心經度":121.71455,"中心緯度":24.354768,"分析面積_km2":1.04,"2020面積_ha":104.04,"2024面積_ha":104.04,"面積減少率_pct":0.0,"2020斑塊數":1,"2024斑塊數":1,"斑塊數增加率_pct":0.0,"2020平均斑塊面積_ha":172555.65,"2024平均斑塊面積_ha":172145.43,"平均斑塊面積下降率_pct":0.24,"道路切割密度_km_per_km2":0.0,"建成區邊界切割密度_km_per_km2":0.0,"孤立小斑塊比例_pct":0.0,"距大型連續綠地平均距離_m":0.0,"score_面積減少":36.827195467422094,"score_斑塊增加":46.81303116147309,"score_平均斑塊縮小":50.63739376770538,"score_道路建成區切割":27.47875354107649,"score_孤立比例":45.34938621340888,"score_距大型綠地":44.66477809254013,"綜合破碎化分數":42.0,"破碎化等級":"低","判定原因":"面積減少0.0%；斑塊增加0.0%；平均斑塊縮小0.2%；道路密度0.00 km/km²；孤立比例0.0%；距大型綠地0m","2021面積_ha":104.04,"2022面積_ha":104.04,"2023面積_ha":104.04}},{"type":"Feature","geometry":{"type":"Polygon","coordinates":[[[121.71945188336706,24.35023031353437],[121.71950292070385,24.359258756676468],[121.7293585038963,24.359211671103132],[121.72930676761197,24.350183247631524],[121.71945188336706,24.35023031353437]]]},"properties":{"grid_id":"G005_041","綠地類型":"森林","中心經度":121.724405,"中心緯度":24.354721,"分析面積_km2":1.04,"2020面積_ha":104.04,"2024面積_ha":104.04,"面積減少率_pct":0.0,"2020斑塊數":1,"2024斑塊數":1,"斑塊數增加率_pct":0.0,"2020平均斑塊面積_ha":172555.65,"2024平均斑塊面積_ha":172145.43,"平均斑塊面積下降率_pct":0.24,"道路切割密度_km_per_km2":0.0,"建成區邊界切割密度_km_per_km2":0.0,"孤立小斑塊比例_pct":0.0,"距大型連續綠地平均距離_m":0.0,"score_面積減少":36.827195467422094,"score_斑塊增加":46.81303116147309,"score_平均斑塊縮小":50.63739376770538,"score_道路建成區切割":27.47875354107649,"score_孤立比例":45.34938621340888,"score_距大型綠地":44.66477809254013,"綜合破碎化分數":42.0,"破碎化等級":"低","判定原因":"面積減少0.0%；斑塊增加0.0%；平均斑塊縮小0.2%；道路密度0.00 km/km²；孤立比例0.0%；距大型綠地0m","2021面積_ha":104.04,"2022面積_ha":104.04,"2023面積_ha":104.04}},{"type":"Feature","geometry":{"type":"Polygon","coordinates":[[[121.73916162651162,24.35013554153836],[121.73921406173551,24.359163945071938],[121.74906959387909,24.35911557858947],[121.74901645972362,24.350087195261455],[121.73916162651162,24.35013554153836]]]},"properties":{"grid_id":"G005_043","綠地類型":"森林","中心經度":121.744115,"中心緯度":24.354626,"分析面積_km2":1.04,"2020面積_ha":104.04,"2024面積_ha":104.04,"面積減少率_pct":0.0,"2020斑塊數":1,"2024斑塊數":1,"斑塊數增加率_pct":0.0,"2020平均斑塊面積_ha":172555.65,"2024平均斑塊面積_ha":172145.43,"平均斑塊面積下降率_pct":0.24,"道路切割密度_km_per_km2":0.202,"建成區邊界切割密度_km_per_km2":0.0,"孤立小斑塊比例_pct":0.0,"距大型連續綠地平均距離_m":0.0,"score_面積減少":36.827195467422094,"score_斑塊增加":46.81303116147309,"score_平均斑塊縮小":50.63739376770538,"score_道路建成區切割":37.08687440982059,"score_孤立比例":45.34938621340888,"score_距大型綠地":44.66477809254013,"綜合破碎化分數":43.6,"破碎化等級":"低","判定原因":"面積減少0.0%；斑塊增加0.0%；平均斑塊縮小0.2%；道路密度0.20 km/km²；孤立比例0.0%；距大型綠地0m","2021面積_ha":104.04,"2022面積_ha":104.04,"2023面積_ha":104.04}},{"type":"Feature","geometry":{"type":"Polygon","coordinates":[[[121.74901645972362,24.350087195261455],[121.74906959387909,24.35911557858947],[121.75892509998448,24.359066571662378],[121.75887126690559,24.350038208807465],[121.74901645972362,24.350087195261455]]]},"properties":{"grid_id":"G005_044","綠地類型":"森林","中心經度":121.753971,"中心緯度":24.354577,"分析面積_km2":1.04,"2020面積_ha":104.04,"2024面積_ha":104.04,"面積減少率_pct":0.0,"2020斑塊數":1,"2024斑塊數":1,"斑塊數增加率_pct":0.0,"2020平均斑塊面積_ha":172555.65,"2024平均斑塊面積_ha":172145.43,"平均斑塊面積下降率_pct":0.24,"道路切割密度_km_per_km2":0.0,"建成區邊界切割密度_km_per_km2":0.0,"孤立小斑塊比例_pct":0.0,"距大型連續綠地平均距離_m":0.0,"score_面積減少":36.827195467422094,"score_斑塊增加":46.81303116147309,"score_平均斑塊縮小":50.63739376770538,"score_道路建成區切割":27.47875354107649,"score_孤立比例":45.34938621340888,"score_距大型綠地":44.66477809254013,"綜合破碎化分數":42.0,"破碎化等級":"低","判定原因":"面積減少0.0%；斑塊增加0.0%；平均斑塊縮小0.2%；道路密度0.00 km/km²；孤立比例0.0%；距大型綠地0m","2021面積_ha":104.04,"2022面積_ha":104.04,"2023面積_ha":104.04}},{"type":"Feature","geometry":{"type":"Polygon","coordinates":[[[121.75887126690559,24.350038208807465],[121.75892509998448,24.359066571662378],[121.76878057970926,24.359016924297414],[121.76872604771515,24.34998858218314],[121.75887126690559,24.350038208807465]]]},"properties":{"grid_id":"G005_045","綠地類型":"森林","中心經度":121.763826,"中心緯度":24.354528,"分析面積_km2":1.04,"2020面積_ha":104.04,"2024面積_ha":104.04,"面積減少率_pct":0.0,"2020斑塊數":1,"2024斑塊數":1,"斑塊數增加率_pct":0.0,"2020平均斑塊面積_ha":172555.65,"2024平均斑塊面積_ha":172145.43,"平均斑塊面積下降率_pct":0.24,"道路切割密度_km_per_km2":0.663,"建成區邊界切割密度_km_per_km2":0.0,"孤立小斑塊比例_pct":0.0,"距大型連續綠地平均距離_m":0.0,"score_面積減少":36.827195467422094,"score_斑塊增加":46.81303116147309,"score_平均斑塊縮小":50.63739376770538,"score_道路建成區切割":39.978753541076486,"score_孤立比例":45.34938621340888,"score_距大型綠地":44.66477809254013,"綜合破碎化分數":44.0,"破碎化等級":"低","判定原因":"面積減少0.0%；斑塊增加0.0%；平均斑塊縮小0.2%；道路密度0.66 km/km²；孤立比例0.0%；距大型綠地0m","2021面積_ha":104.04,"2022面積_ha":104.04,"2023面積_ha":104.04}},{"type":"Feature","geometry":{"type":"Polygon","coordinates":[[[121.463249980807,24.360258161432846],[121.46328285918311,24.36928701129922],[121.47313968079114,24.369256566933718],[121.47310610295656,24.360227729782427],[121.463249980807,24.360258161432846]]]},"properties":{"grid_id":"G006_015","綠地類型":"森林","中心經度":121.468195,"中心緯度":24.364757,"分析面積_km2":1.04,"2020面積_ha":103.95,"2024面積_ha":103.95,"面積減少率_pct":0.0,"2020斑塊數":1,"2024斑塊數":1,"斑塊數增加率_pct":0.0,"2020平均斑塊面積_ha":172555.65,"2024平均斑塊面積_ha":172145.43,"平均斑塊面積下降率_pct":0.24,"道路切割密度_km_per_km2":0.0,"建成區邊界切割密度_km_per_km2":0.0,"孤立小斑塊比例_pct":0.0,"距大型連續綠地平均距離_m":0.0,"score_面積減少":36.827195467422094,"score_斑塊增加":46.81303116147309,"score_平均斑塊縮小":50.63739376770538,"score_道路建成區切割":27.47875354107649,"score_孤立比例":45.34938621340888,"score_距大型綠地":44.66477809254013,"綜合破碎化分數":42.0,"破碎化等級":"低","判定原因":"面積減少0.0%；斑塊增加0.0%；平均斑塊縮小0.2%；道路密度0.00 km/km²；孤立比例0.0%；距大型綠地0m","2021面積_ha":103.95,"2022面積_ha":103.95,"2023面積_ha":103.95}},{"type":"Feature","geometry":{"type":"Polygon","coordinates":[[[121.47310610295656,24.360227729782427],[121.47313968079114,24.369256566933718],[121.48299648594694,24.369225481702724],[121.48296220865898,24.36019665753417],[121.47310610295656,24.360227729782427]]]},"properties":{"grid_id":"G006_016","綠地類型":"森林","中心經度":121.478051,"中心緯度":24.364727,"分析面積_km2":1.04,"2020面積_ha":73.35,"2024面積_ha":74.97,"面積減少率_pct":0.0,"2020斑塊數":1,"2024斑塊數":1,"斑塊數增加率_pct":0.0,"2020平均斑塊面積_ha":172555.65,"2024平均斑塊面積_ha":172145.43,"平均斑塊面積下降率_pct":0.24,"道路切割密度_km_per_km2":0.0,"建成區邊界切割密度_km_per_km2":0.0,"孤立小斑塊比例_pct":0.0,"距大型連續綠地平均距離_m":0.0,"score_面積減少":36.827195467422094,"score_斑塊增加":46.81303116147309,"score_平均斑塊縮小":50.63739376770538,"score_道路建成區切割":27.47875354107649,"score_孤立比例":45.34938621340888,"score_距大型綠地":44.66477809254013,"綜合破碎化分數":42.0,"破碎化等級":"低","判定原因":"面積減少0.0%；斑塊增加0.0%；平均斑塊縮小0.2%；道路密度0.00 km/km²；孤立比例0.0%；距大型綠地0m","2021面積_ha":73.89,"2022面積_ha":73.62,"2023面積_ha":73.35}},{"type":"Feature","geometry":{"type":"Polygon","coordinates":[[[121.48296220865898,24.36019665753417],[121.48299648594694,24.369225481702724],[121.49285327430779,24.369193755610535],[121.49281829757173,24.360164944692364],[121.48296220865898,24.36019665753417]]]},"properties":{"grid_id":"G006_017","綠地類型":"森林","中心經度":121.487908,"中心緯度":24.364695,"分析面積_km2":1.04,"2020面積_ha":103.95,"2024面積_ha":104.04,"面積減少率_pct":0.0,"2020斑塊數":1,"2024斑塊數":1,"斑塊數增加率_pct":0.0,"2020平均斑塊面積_ha":172555.65,"2024平均斑塊面積_ha":172145.43,"平均斑塊面積下降率_pct":0.24,"道路切割密度_km_per_km2":0.0,"建成區邊界切割密度_km_per_km2":0.0,"孤立小斑塊比例_pct":0.0,"距大型連續綠地平均距離_m":0.0,"score_面積減少":36.827195467422094,"score_斑塊增加":46.81303116147309,"score_平均斑塊縮小":50.63739376770538,"score_道路建成區切割":27.47875354107649,"score_孤立比例":45.34938621340888,"score_距大型綠地":44.66477809254013,"綜合破碎化分數":42.0,"破碎化等級":"低","判定原因":"面積減少0.0%；斑塊增加0.0%；平均斑塊縮小0.2%；道路密度0.00 km/km²；孤立比例0.0%；距大型綠地0m","2021面積_ha":104.04,"2022面積_ha":104.04,"2023面積_ha":104.04}},{"type":"Feature","geometry":{"type":"Polygon","coordinates":[[[121.49281829757173,24.360164944692364],[121.49285327430779,24.369193755610535],[121.50271004553102,24.369161388661528],[121.5026743693522,24.360132591261387],[121.49281829757173,24.360164944692364]]]},"properties":{"grid_id":"G006_018","綠地類型":"森林","中心經度":121.497764,"中心緯度":24.364663,"分析面積_km2":1.04,"2020面積_ha":104.04,"2024面積_ha":104.04,"面積減少率_pct":0.0,"2020斑塊數":1,"2024斑塊數":1,"斑塊數增加率_pct":0.0,"2020平均斑塊面積_ha":172555.65,"2024平均斑塊面積_ha":172145.43,"平均斑塊面積下降率_pct":0.24,"道路切割密度_km_per_km2":0.0,"建成區邊界切割密度_km_per_km2":0.0,"孤立小斑塊比例_pct":0.0,"距大型連續綠地平均距離_m":0.0,"score_面積減少":36.827195467422094,"score_斑塊增加":46.81303116147309,"score_平均斑塊縮小":50.63739376770538,"score_道路建成區切割":27.47875354107649,"score_孤立比例":45.34938621340888,"score_距大型綠地":44.66477809254013,"綜合破碎化分數":42.0,"破碎化等級":"低","判定原因":"面積減少0.0%；斑塊增加0.0%；平均斑塊縮小0.2%；道路密度0.00 km/km²；孤立比例0.0%；距大型綠地0m","2021面積_ha":104.04,"2022面積_ha":104.04,"2023面積_ha":104.04}},{"type":"Feature","geometry":{"type":"Polygon","coordinates":[[[121.5026743693522,24.360132591261387],[121.50271004553102,24.369161388661528],[121.5125667992739,24.36912838086015],[121.5125304236578,24.360099597245682],[121.5026743693522,24.360132591261387]]]},"properties":{"grid_id":"G006_019","綠地類型":"森林","中心經度":121.50762,"中心緯度":24.364631,"分析面積_km2":1.04,"2020面積_ha":104.04,"2024面積_ha":104.04,"面積減少率_pct":0.0,"2020斑塊數":1,"2024斑塊數":1,"斑塊數增加率_pct":0.0,"2020平均斑塊面積_ha":172555.65,"2024平均斑塊面積_ha":172145.43,"平均斑塊面積下降率_pct":0.24,"道路切割密度_km_per_km2":0.577,"建成區邊界切割密度_km_per_km2":0.0,"孤立小斑塊比例_pct":0.0,"距大型連續綠地平均距離_m":0.0,"score_面積減少":36.827195467422094,"score_斑塊增加":46.81303116147309,"score_平均斑塊縮小":50.63739376770538,"score_道路建成區切割":39.388574126534465,"score_孤立比例":45.34938621340888,"score_距大型綠地":44.66477809254013,"綜合破碎化分數":43.9,"破碎化等級":"低","判定原因":"面積減少0.0%；斑塊增加0.0%；平均斑塊縮小0.2%；道路密度0.58 km/km²；孤立比例0.0%；距大型綠地0m","2021面積_ha":104.04,"2022面積_ha":104.04,"2023面積_ha":104.04}},{"type":"Feature","geometry":{"type":"Polygon","coordinates":[[[121.52238646014595,24.360065962649806],[121.52242353519375,24.369094732210954],[121.53228025294794,24.36906044271857],[121.53224247847407,24.360031687478386],[121.52238646014595,24.360065962649806]]]},"properties":{"grid_id":"G006_021","綠地類型":"森林","中心經度":121.527333,"中心緯度":24.364563,"分析面積_km2":1.04,"2020面積_ha":101.07,"2024面積_ha":101.97,"面積減少率_pct":0.0,"2020斑塊數":1,"2024斑塊數":1,"斑塊數增加率_pct":0.0,"2020平均斑塊面積_ha":172555.65,"2024平均斑塊面積_ha":172145.43,"平均斑塊面積下降率_pct":0.24,"道路切割密度_km_per_km2":0.0,"建成區邊界切割密度_km_per_km2":0.0,"孤立小斑塊比例_pct":0.0,"距大型連續綠地平均距離_m":0.0,"score_面積減少":36.827195467422094,"score_斑塊增加":46.81303116147309,"score_平均斑塊縮小":50.63739376770538,"score_道路建成區切割":27.47875354107649,"score_孤立比例":45.34938621340888,"score_距大型綠地":44.66477809254013,"綜合破碎化分數":42.0,"破碎化等級":"低","判定原因":"面積減少0.0%；斑塊增加0.0%；平均斑塊縮小0.2%；道路密度0.00 km/km²；孤立比例0.0%；距大型綠地0m","2021面積_ha":101.43,"2022面積_ha":102.42,"2023面積_ha":99.36}},{"type":"Feature","geometry":{"type":"Polygon","coordinates":[[[121.53224247847407,24.360031687478386],[121.53228025294794,24.36906044271857],[121.54213695219372,24.369025512387733],[121.54209847829962,24.359996771736146],[121.53224247847407,24.360031687478386]]]},"properties":{"grid_id":"G006_022","綠地類型":"森林","中心經度":121.53719,"中心緯度":24.364529,"分析面積_km2":1.04,"2020面積_ha":101.16,"2024面積_ha":101.43,"面積減少率_pct":0.0,"2020斑塊數":1,"2024斑塊數":1,"斑塊數增加率_pct":0.0,"2020平均斑塊面積_ha":172555.65,"2024平均斑塊面積_ha":172145.43,"平均斑塊面積下降率_pct":0.24,"道路切割密度_km_per_km2":0.0,"建成區邊界切割密度_km_per_km2":0.0,"孤立小斑塊比例_pct":0.0,"距大型連續綠地平均距離_m":0.0,"score_面積減少":36.827195467422094,"score_斑塊增加":46.81303116147309,"score_平均斑塊縮小":50.63739376770538,"score_道路建成區切割":27.47875354107649,"score_孤立比例":45.34938621340888,"score_距大型綠地":44.66477809254013,"綜合破碎化分數":42.0,"破碎化等級":"低","判定原因":"面積減少0.0%；斑塊增加0.0%；平均斑塊縮小0.2%；道路密度0.00 km/km²；孤立比例0.0%；距大型綠地0m","2021面積_ha":101.61,"2022面積_ha":102.06,"2023面積_ha":91.71}},{"type":"Feature","geometry":{"type":"Polygon","coordinates":[[[121.55195445927997,24.35996121542789],[121.55199363258845,24.36898994122325],[121.56185029378942,24.36895372923002],[121.5618104210726,24.359925018558524],[121.55195445927997,24.35996121542789]]]},"properties":{"grid_id":"G006_024","綠地類型":"森林","中心經度":121.556902,"中心緯度":24.364458,"分析面積_km2":1.04,"2020面積_ha":104.04,"2024面積_ha":104.04,"面積減少率_pct":0.0,"2020斑塊數":1,"2024斑塊數":1,"斑塊數增加率_pct":0.0,"2020平均斑塊面積_ha":172555.65,"2024平均斑塊面積_ha":172145.43,"平均斑塊面積下降率_pct":0.24,"道路切割密度_km_per_km2":0.0,"建成區邊界切割密度_km_per_km2":0.0,"孤立小斑塊比例_pct":0.0,"距大型連續綠地平均距離_m":0.0,"score_面積減少":36.827195467422094,"score_斑塊增加":46.81303116147309,"score_平均斑塊縮小":50.63739376770538,"score_道路建成區切割":27.47875354107649,"score_孤立比例":45.34938621340888,"score_距大型綠地":44.66477809254013,"綜合破碎化分數":42.0,"破碎化等級":"低","判定原因":"面積減少0.0%；斑塊增加0.0%；平均斑塊縮小0.2%；道路密度0.00 km/km²；孤立比例0.0%；距大型綠地0m","2021面積_ha":104.04,"2022面積_ha":104.04,"2023面積_ha":103.86}},{"type":"Feature","geometry":{"type":"Polygon","coordinates":[[[121.5618104210726,24.359925018558524],[121.56185029378942,24.36895372923002],[121.571706935454,24.368916876413042],[121.5716663633349,24.359888181133037],[121.5618104210726,24.359925018558524]]]},"properties":{"grid_id":"G006_025","綠地類型":"森林","中心經度":121.566759,"中心緯度":24.364421,"分析面積_km2":1.04,"2020面積_ha":104.04,"2024面積_ha":104.04,"面積減少率_pct":0.0,"2020斑塊數":1,"2024斑塊數":1,"斑塊數增加率_pct":0.0,"2020平均斑塊面積_ha":172555.65,"2024平均斑塊面積_ha":172145.43,"平均斑塊面積下降率_pct":0.24,"道路切割密度_km_per_km2":0.0,"建成區邊界切割密度_km_per_km2":0.0,"孤立小斑塊比例_pct":0.0,"距大型連續綠地平均距離_m":0.0,"score_面積減少":36.827195467422094,"score_斑塊增加":46.81303116147309,"score_平均斑塊縮小":50.63739376770538,"score_道路建成區切割":27.47875354107649,"score_孤立比例":45.34938621340888,"score_距大型綠地":44.66477809254013,"綜合破碎化分數":42.0,"破碎化等級":"低","判定原因":"面積減少0.0%；斑塊增加0.0%；平均斑塊縮小0.2%；道路密度0.00 km/km²；孤立比例0.0%；距大型綠地0m","2021面積_ha":104.04,"2022面積_ha":104.04,"2023面積_ha":104.04}},{"type":"Feature","geometry":{"type":"Polygon","coordinates":[[[121.5716663633349,24.359888181133037],[121.571706935454,24.368916876413042],[121.58156355723953,24.36887938277738],[121.58152228572438,24.359850703156496],[121.5716663633349,24.359888181133037]]]},"properties":{"grid_id":"G006_026","綠地類型":"森林","中心經度":121.576615,"中心緯度":24.364384,"分析面積_km2":1.04,"2020面積_ha":104.04,"2024面積_ha":104.04,"面積減少率_pct":0.0,"2020斑塊數":1,"2024斑塊數":1,"斑塊數增加率_pct":0.0,"2020平均斑塊面積_ha":172555.65,"2024平均斑塊面積_ha":172145.43,"平均斑塊面積下降率_pct":0.24,"道路切割密度_km_per_km2":0.0,"建成區邊界切割密度_km_per_km2":0.0,"孤立小斑塊比例_pct":0.0,"距大型連續綠地平均距離_m":0.0,"score_面積減少":36.827195467422094,"score_斑塊增加":46.81303116147309,"score_平均斑塊縮小":50.63739376770538,"score_道路建成區切割":27.47875354107649,"score_孤立比例":45.34938621340888,"score_距大型綠地":44.66477809254013,"綜合破碎化分數":42.0,"破碎化等級":"低","判定原因":"面積減少0.0%；斑塊增加0.0%；平均斑塊縮小0.2%；道路密度0.00 km/km²；孤立比例0.0%；距大型綠地0m","2021面積_ha":104.04,"2022面積_ha":104.04,"2023面積_ha":104.04}},{"type":"Feature","geometry":{"type":"Polygon","coordinates":[[[121.58152228572438,24.359850703156496],[121.58156355723953,24.36887938277738],[121.5914201588033,24.368841248328206],[121.59137818789844,24.359812584634067],[121.58152228572438,24.359850703156496]]]},"properties":{"grid_id":"G006_027","綠地類型":"森林","中心經度":121.586471,"中心緯度":24.364346,"分析面積_km2":1.04,"2020面積_ha":104.04,"2024面積_ha":104.04,"面積減少率_pct":0.0,"2020斑塊數":1,"2024斑塊數":1,"斑塊數增加率_pct":0.0,"2020平均斑塊面積_ha":172555.65,"2024平均斑塊面積_ha":172145.43,"平均斑塊面積下降率_pct":0.24,"道路切割密度_km_per_km2":0.0,"建成區邊界切割密度_km_per_km2":0.0,"孤立小斑塊比例_pct":0.0,"距大型連續綠地平均距離_m":0.0,"score_面積減少":36.827195467422094,"score_斑塊增加":46.81303116147309,"score_平均斑塊縮小":50.63739376770538,"score_道路建成區切割":27.47875354107649,"score_孤立比例":45.34938621340888,"score_距大型綠地":44.66477809254013,"綜合破碎化分數":42.0,"破碎化等級":"低","判定原因":"面積減少0.0%；斑塊增加0.0%；平均斑塊縮小0.2%；道路密度0.00 km/km²；孤立比例0.0%；距大型綠地0m","2021面積_ha":104.04,"2022面積_ha":104.04,"2023面積_ha":104.04}},{"type":"Feature","geometry":{"type":"Polygon","coordinates":[[[121.59137818789844,24.359812584634067],[121.5914201588033,24.368841248328206],[121.6012767398027,24.36880247307077],[121.60123406951452,24.359773825571],[121.59137818789844,24.359812584634067]]]},"properties":{"grid_id":"G006_028","綠地類型":"森林","中心經度":121.596327,"中心緯度":24.364308,"分析面積_km2":1.04,"2020面積_ha":104.04,"2024面積_ha":104.04,"面積減少率_pct":0.0,"2020斑塊數":1,"2024斑塊數":1,"斑塊數增加率_pct":0.0,"2020平均斑塊面積_ha":172555.65,"2024平均斑塊面積_ha":172145.43,"平均斑塊面積下降率_pct":0.24,"道路切割密度_km_per_km2":0.0,"建成區邊界切割密度_km_per_km2":0.0,"孤立小斑塊比例_pct":0.0,"距大型連續綠地平均距離_m":0.0,"score_面積減少":36.827195467422094,"score_斑塊增加":46.81303116147309,"score_平均斑塊縮小":50.63739376770538,"score_道路建成區切割":27.47875354107649,"score_孤立比例":45.34938621340888,"score_距大型綠地":44.66477809254013,"綜合破碎化分數":42.0,"破碎化等級":"低","判定原因":"面積減少0.0%；斑塊增加0.0%；平均斑塊縮小0.2%；道路密度0.00 km/km²；孤立比例0.0%；距大型綠地0m","2021面積_ha":104.04,"2022面積_ha":104.04,"2023面積_ha":104.04}},{"type":"Feature","geometry":{"type":"Polygon","coordinates":[[[121.64070285130332,24.36864096406662],[121.64065738354834,24.359612384020494],[121.64021489464018,24.359614252923624],[121.6402,24.35965],[121.63996000000002,24.35991],[121.63949000000001,24.36025],[121.63894999999998,24.360619999999994],[121.63865,24.36092],[121.63854000000002,24.36126],[121.63841,24.362049999999996],[121.63829,24.36233],[121.63808999999999,24.362569999999998],[121.6379,24.36274],[121.6373,24.363129999999995],[121.63651,24.363359999999997],[121.63545000000002,24.363529999999997],[121.63526,24.36358],[121.63511,24.36364],[121.6349,24.36381],[121.63481,24.364009999999997],[121.63479,24.36435],[121.63487,24.364989999999995],[121.63505,24.365719999999996],[121.63507000000001,24.366049999999998],[121.63496,24.36632],[121.63477,24.366520000000005],[121.63449000000001,24.36658],[121.63412,24.366539999999997],[121.63382,24.366430000000005],[121.63273,24.366],[121.63226,24.365920000000003],[121.63166,24.36592],[121.63116,24.365979999999997],[121.63084,24.366109999999992],[121.6308336383927,24.366117952032017],[121.63084347335156,24.368101084809645],[121.63112,24.368559999999995],[121.63121265083181,24.368680777717078],[121.64070285130332,24.36864096406662]]]},"properties":{"grid_id":"G006_032","綠地類型":"森林","中心經度":121.63774,"中心緯度":24.364168,"分析面積_km2":0.555,"2020面積_ha":50.85,"2024面積_ha":50.94,"面積減少率_pct":0.0,"2020斑塊數":1,"2024斑塊數":1,"斑塊數增加率_pct":0.0,"2020平均斑塊面積_ha":172555.65,"2024平均斑塊面積_ha":172145.43,"平均斑塊面積下降率_pct":0.24,"道路切割密度_km_per_km2":0.0,"建成區邊界切割密度_km_per_km2":0.0,"孤立小斑塊比例_pct":0.0,"距大型連續綠地平均距離_m":0.0,"score_面積減少":36.827195467422094,"score_斑塊增加":46.81303116147309,"score_平均斑塊縮小":50.63739376770538,"score_道路建成區切割":27.47875354107649,"score_孤立比例":45.34938621340888,"score_距大型綠地":44.66477809254013,"綜合破碎化分數":42.0,"破碎化等級":"低","判定原因":"面積減少0.0%；斑塊增加0.0%；平均斑塊縮小0.2%；道路密度0.00 km/km²；孤立比例0.0%；距大型綠地0m","2021面積_ha":51.21,"2022面積_ha":50.31,"2023面積_ha":52.11}},{"type":"Feature","geometry":{"type":"Polygon","coordinates":[[[121.6603689083115,24.359527820144436],[121.66041577475849,24.368556364858087],[121.67027220221307,24.36851310409737],[121.67022463643076,24.35948457745136],[121.6603689083115,24.359527820144436]]]},"properties":{"grid_id":"G006_035","綠地類型":"森林","中心經度":121.66532,"中心緯度":24.364021,"分析面積_km2":1.04,"2020面積_ha":104.04,"2024面積_ha":104.04,"面積減少率_pct":0.0,"2020斑塊數":1,"2024斑塊數":1,"斑塊數增加率_pct":0.0,"2020平均斑塊面積_ha":172555.65,"2024平均斑塊面積_ha":172145.43,"平均斑塊面積下降率_pct":0.24,"道路切割密度_km_per_km2":0.0,"建成區邊界切割密度_km_per_km2":0.0,"孤立小斑塊比例_pct":0.0,"距大型連續綠地平均距離_m":0.0,"score_面積減少":36.827195467422094,"score_斑塊增加":46.81303116147309,"score_平均斑塊縮小":50.63739376770538,"score_道路建成區切割":27.47875354107649,"score_孤立比例":45.34938621340888,"score_距大型綠地":44.66477809254013,"綜合破碎化分數":42.0,"破碎化等級":"低","判定原因":"面積減少0.0%；斑塊增加0.0%；平均斑塊縮小0.2%；道路密度0.00 km/km²；孤立比例0.0%；距大型綠地0m","2021面積_ha":104.04,"2022面積_ha":104.04,"2023面積_ha":104.04}},{"type":"Feature","geometry":{"type":"Polygon","coordinates":[[[121.67022463643076,24.35948457745136],[121.67027220221307,24.36851310409737],[121.68012860636217,24.3684692025736],[121.68008034125184,24.359440694262837],[121.67022463643076,24.35948457745136]]]},"properties":{"grid_id":"G006_036","綠地類型":"森林","中心經度":121.675176,"中心緯度":24.363977,"分析面積_km2":1.04,"2020面積_ha":104.04,"2024面積_ha":104.04,"面積減少率_pct":0.0,"2020斑塊數":1,"2024斑塊數":1,"斑塊數增加率_pct":0.0,"2020平均斑塊面積_ha":172555.65,"2024平均斑塊面積_ha":172145.43,"平均斑塊面積下降率_pct":0.24,"道路切割密度_km_per_km2":0.0,"建成區邊界切割密度_km_per_km2":0.0,"孤立小斑塊比例_pct":0.0,"距大型連續綠地平均距離_m":0.0,"score_面積減少":36.827195467422094,"score_斑塊增加":46.81303116147309,"score_平均斑塊縮小":50.63739376770538,"score_道路建成區切割":27.47875354107649,"score_孤立比例":45.34938621340888,"score_距大型綠地":44.66477809254013,"綜合破碎化分數":42.0,"破碎化等級":"低","判定原因":"面積減少0.0%；斑塊增加0.0%；平均斑塊縮小0.2%；道路密度0.00 km/km²；孤立比例0.0%；距大型綠地0m","2021面積_ha":104.04,"2022面積_ha":104.04,"2023面積_ha":104.04}},{"type":"Feature","geometry":{"type":"Polygon","coordinates":[[[121.68008034125184,24.359440694262837],[121.68012860636217,24.3684692025736],[121.68998498686317,24.368424660292835],[121.68993602243219,24.359396170584912],[121.68008034125184,24.359440694262837]]]},"properties":{"grid_id":"G006_037","綠地類型":"森林","中心經度":121.685032,"中心緯度":24.363933,"分析面積_km2":1.04,"2020面積_ha":104.04,"2024面積_ha":104.04,"面積減少率_pct":0.0,"2020斑塊數":1,"2024斑塊數":1,"斑塊數增加率_pct":0.0,"2020平均斑塊面積_ha":172555.65,"2024平均斑塊面積_ha":172145.43,"平均斑塊面積下降率_pct":0.24,"道路切割密度_km_per_km2":0.0,"建成區邊界切割密度_km_per_km2":0.0,"孤立小斑塊比例_pct":0.0,"距大型連續綠地平均距離_m":0.0,"score_面積減少":36.827195467422094,"score_斑塊增加":46.81303116147309,"score_平均斑塊縮小":50.63739376770538,"score_道路建成區切割":27.47875354107649,"score_孤立比例":45.34938621340888,"score_距大型綠地":44.66477809254013,"綜合破碎化分數":42.0,"破碎化等級":"低","判定原因":"面積減少0.0%；斑塊增加0.0%；平均斑塊縮小0.2%；道路密度0.00 km/km²；孤立比例0.0%；距大型綠地0m","2021面積_ha":104.04,"2022面積_ha":104.04,"2023面積_ha":104.04}},{"type":"Feature","geometry":{"type":"Polygon","coordinates":[[[121.68993602243219,24.359396170584912],[121.68998498686317,24.368424660292835],[121.69984134337342,24.368379477261197],[121.6997916796293,24.35935100642371],[121.68993602243219,24.359396170584912]]]},"properties":{"grid_id":"G006_038","綠地類型":"森林","中心經度":121.694889,"中心緯度":24.363888,"分析面積_km2":1.04,"2020面積_ha":104.04,"2024面積_ha":104.04,"面積減少率_pct":0.0,"2020斑塊數":1,"2024斑塊數":1,"斑塊數增加率_pct":0.0,"2020平均斑塊面積_ha":172555.65,"2024平均斑塊面積_ha":172145.43,"平均斑塊面積下降率_pct":0.24,"道路切割密度_km_per_km2":0.0,"建成區邊界切割密度_km_per_km2":0.0,"孤立小斑塊比例_pct":0.0,"距大型連續綠地平均距離_m":0.0,"score_面積減少":36.827195467422094,"score_斑塊增加":46.81303116147309,"score_平均斑塊縮小":50.63739376770538,"score_道路建成區切割":27.47875354107649,"score_孤立比例":45.34938621340888,"score_距大型綠地":44.66477809254013,"綜合破碎化分數":42.0,"破碎化等級":"低","判定原因":"面積減少0.0%；斑塊增加0.0%；平均斑塊縮小0.2%；道路密度0.00 km/km²；孤立比例0.0%；距大型綠地0m","2021面積_ha":104.04,"2022面積_ha":104.04,"2023面積_ha":104.04}},{"type":"Feature","geometry":{"type":"Polygon","coordinates":[[[121.6997916796293,24.35935100642371],[121.69984134337342,24.368379477261197],[121.70969767555033,24.368333653484925],[121.70964731250068,24.35930520178546],[121.6997916796293,24.35935100642371]]]},"properties":{"grid_id":"G006_039","綠地類型":"森林","中心經度":121.704745,"中心緯度":24.363842,"分析面積_km2":1.04,"2020面積_ha":104.04,"2024面積_ha":104.04,"面積減少率_pct":0.0,"2020斑塊數":1,"2024斑塊數":1,"斑塊數增加率_pct":0.0,"2020平均斑塊面積_ha":172555.65,"2024平均斑塊面積_ha":172145.43,"平均斑塊面積下降率_pct":0.24,"道路切割密度_km_per_km2":0.0,"建成區邊界切割密度_km_per_km2":0.0,"孤立小斑塊比例_pct":0.0,"距大型連續綠地平均距離_m":0.0,"score_面積減少":36.827195467422094,"score_斑塊增加":46.81303116147309,"score_平均斑塊縮小":50.63739376770538,"score_道路建成區切割":27.47875354107649,"score_孤立比例":45.34938621340888,"score_距大型綠地":44.66477809254013,"綜合破碎化分數":42.0,"破碎化等級":"低","判定原因":"面積減少0.0%；斑塊增加0.0%；平均斑塊縮小0.2%；道路密度0.00 km/km²；孤立比例0.0%；距大型綠地0m","2021面積_ha":104.04,"2022面積_ha":104.04,"2023面積_ha":104.04}},{"type":"Feature","geometry":{"type":"Polygon","coordinates":[[[121.7293585038963,24.359211671103132],[121.72941026553377,24.368240083723798],[121.73926652265509,24.36819233775183],[121.73921406173551,24.359163945071938],[121.7293585038963,24.359211671103132]]]},"properties":{"grid_id":"G006_042","綠地類型":"森林","中心經度":121.734312,"中心緯度":24.363702,"分析面積_km2":1.04,"2020面積_ha":104.04,"2024面積_ha":104.04,"面積減少率_pct":0.0,"2020斑塊數":1,"2024斑塊數":1,"斑塊數增加率_pct":0.0,"2020平均斑塊面積_ha":172555.65,"2024平均斑塊面積_ha":172145.43,"平均斑塊面積下降率_pct":0.24,"道路切割密度_km_per_km2":0.0,"建成區邊界切割密度_km_per_km2":0.0,"孤立小斑塊比例_pct":0.0,"距大型連續綠地平均距離_m":0.0,"score_面積減少":36.827195467422094,"score_斑塊增加":46.81303116147309,"score_平均斑塊縮小":50.63739376770538,"score_道路建成區切割":27.47875354107649,"score_孤立比例":45.34938621340888,"score_距大型綠地":44.66477809254013,"綜合破碎化分數":42.0,"破碎化等級":"低","判定原因":"面積減少0.0%；斑塊增加0.0%；平均斑塊縮小0.2%；道路密度0.00 km/km²；孤立比例0.0%；距大型綠地0m","2021面積_ha":104.04,"2022面積_ha":104.04,"2023面積_ha":104.04}},{"type":"Feature","geometry":{"type":"Polygon","coordinates":[[[121.73921406173551,24.359163945071938],[121.73926652265509,24.36819233775183],[121.7491227540727,24.368143951061008],[121.74906959387909,24.35911557858947],[121.73921406173551,24.359163945071938]]]},"properties":{"grid_id":"G006_043","綠地類型":"森林","中心經度":121.744168,"中心緯度":24.363654,"分析面積_km2":1.04,"2020面積_ha":104.04,"2024面積_ha":104.04,"面積減少率_pct":0.0,"2020斑塊數":1,"2024斑塊數":1,"斑塊數增加率_pct":0.0,"2020平均斑塊面積_ha":172555.65,"2024平均斑塊面積_ha":172145.43,"平均斑塊面積下降率_pct":0.24,"道路切割密度_km_per_km2":0.0,"建成區邊界切割密度_km_per_km2":0.0,"孤立小斑塊比例_pct":0.0,"距大型連續綠地平均距離_m":0.0,"score_面積減少":36.827195467422094,"score_斑塊增加":46.81303116147309,"score_平均斑塊縮小":50.63739376770538,"score_道路建成區切割":27.47875354107649,"score_孤立比例":45.34938621340888,"score_距大型綠地":44.66477809254013,"綜合破碎化分數":42.0,"破碎化等級":"低","判定原因":"面積減少0.0%；斑塊增加0.0%；平均斑塊縮小0.2%；道路密度0.00 km/km²；孤立比例0.0%；距大型綠地0m","2021面積_ha":104.04,"2022面積_ha":104.04,"2023面積_ha":104.04}},{"type":"Feature","geometry":{"type":"Polygon","coordinates":[[[121.74906959387909,24.35911557858947],[121.7491227540727,24.368143951061008],[121.75897895944402,24.368094923657996],[121.75892509998448,24.359066571662378],[121.74906959387909,24.35911557858947]]]},"properties":{"grid_id":"G006_044","綠地類型":"森林","中心經度":121.754024,"中心緯度":24.363605,"分析面積_km2":1.04,"2020面積_ha":104.04,"2024面積_ha":104.04,"面積減少率_pct":0.0,"2020斑塊數":1,"2024斑塊數":1,"斑塊數增加率_pct":0.0,"2020平均斑塊面積_ha":172555.65,"2024平均斑塊面積_ha":172145.43,"平均斑塊面積下降率_pct":0.24,"道路切割密度_km_per_km2":0.0,"建成區邊界切割密度_km_per_km2":0.0,"孤立小斑塊比例_pct":0.0,"距大型連續綠地平均距離_m":0.0,"score_面積減少":36.827195467422094,"score_斑塊增加":46.81303116147309,"score_平均斑塊縮小":50.63739376770538,"score_道路建成區切割":27.47875354107649,"score_孤立比例":45.34938621340888,"score_距大型綠地":44.66477809254013,"綜合破碎化分數":42.0,"破碎化等級":"低","判定原因":"面積減少0.0%；斑塊增加0.0%；平均斑塊縮小0.2%；道路密度0.00 km/km²；孤立比例0.0%；距大型綠地0m","2021面積_ha":104.04,"2022面積_ha":104.04,"2023面積_ha":104.04}},{"type":"Feature","geometry":{"type":"Polygon","coordinates":[[[121.75892509998448,24.359066571662378],[121.75897895944402,24.368094923657996],[121.76883513842647,24.36804525554954],[121.76878057970926,24.359016924297414],[121.75892509998448,24.359066571662378]]]},"properties":{"grid_id":"G006_045","綠地類型":"森林","中心經度":121.76388,"中心緯度":24.363556,"分析面積_km2":1.04,"2020面積_ha":104.04,"2024面積_ha":104.04,"面積減少率_pct":0.0,"2020斑塊數":1,"2024斑塊數":1,"斑塊數增加率_pct":0.0,"2020平均斑塊面積_ha":172555.65,"2024平均斑塊面積_ha":172145.43,"平均斑塊面積下降率_pct":0.24,"道路切割密度_km_per_km2":0.0,"建成區邊界切割密度_km_per_km2":0.0,"孤立小斑塊比例_pct":0.0,"距大型連續綠地平均距離_m":0.0,"score_面積減少":36.827195467422094,"score_斑塊增加":46.81303116147309,"score_平均斑塊縮小":50.63739376770538,"score_道路建成區切割":27.47875354107649,"score_孤立比例":45.34938621340888,"score_距大型綠地":44.66477809254013,"綜合破碎化分數":42.0,"破碎化等級":"低","判定原因":"面積減少0.0%；斑塊增加0.0%；平均斑塊縮小0.2%；道路密度0.00 km/km²；孤立比例0.0%；距大型綠地0m","2021面積_ha":104.04,"2022面積_ha":104.04,"2023面積_ha":104.04}},{"type":"Feature","geometry":{"type":"Polygon","coordinates":[[[121.45342602146555,24.36931681479506],[121.45345821614497,24.378345666316903],[121.46331575366875,24.378315850371923],[121.46328285918311,24.36928701129922],[121.45342602146555,24.36931681479506]]]},"properties":{"grid_id":"G007_014","綠地類型":"森林","中心經度":121.458371,"中心緯度":24.373816,"分析面積_km2":1.04,"2020面積_ha":104.04,"2024面積_ha":104.04,"面積減少率_pct":0.0,"2020斑塊數":1,"2024斑塊數":1,"斑塊數增加率_pct":0.0,"2020平均斑塊面積_ha":172555.65,"2024平均斑塊面積_ha":172145.43,"平均斑塊面積下降率_pct":0.24,"道路切割密度_km_per_km2":0.0,"建成區邊界切割密度_km_per_km2":0.0,"孤立小斑塊比例_pct":0.0,"距大型連續綠地平均距離_m":0.0,"score_面積減少":36.827195467422094,"score_斑塊增加":46.81303116147309,"score_平均斑塊縮小":50.63739376770538,"score_道路建成區切割":27.47875354107649,"score_孤立比例":45.34938621340888,"score_距大型綠地":44.66477809254013,"綜合破碎化分數":42.0,"破碎化等級":"低","判定原因":"面積減少0.0%；斑塊增加0.0%；平均斑塊縮小0.2%；道路密度0.00 km/km²；孤立比例0.0%；距大型綠地0m","2021面積_ha":104.04,"2022面積_ha":104.04,"2023面積_ha":103.95}},{"type":"Feature","geometry":{"type":"Polygon","coordinates":[[[121.46328285918311,24.36928701129922],[121.46331575366875,24.378315850371923],[121.47317327507798,24.378285393289573],[121.47313968079114,24.369256566933718],[121.46328285918311,24.36928701129922]]]},"properties":{"grid_id":"G007_015","綠地類型":"森林","中心經度":121.468228,"中心緯度":24.373786,"分析面積_km2":1.04,"2020面積_ha":104.04,"2024面積_ha":104.04,"面積減少率_pct":0.0,"2020斑塊數":1,"2024斑塊數":1,"斑塊數增加率_pct":0.0,"2020平均斑塊面積_ha":172555.65,"2024平均斑塊面積_ha":172145.43,"平均斑塊面積下降率_pct":0.24,"道路切割密度_km_per_km2":0.0,"建成區邊界切割密度_km_per_km2":0.0,"孤立小斑塊比例_pct":0.0,"距大型連續綠地平均距離_m":0.0,"score_面積減少":36.827195467422094,"score_斑塊增加":46.81303116147309,"score_平均斑塊縮小":50.63739376770538,"score_道路建成區切割":27.47875354107649,"score_孤立比例":45.34938621340888,"score_距大型綠地":44.66477809254013,"綜合破碎化分數":42.0,"破碎化等級":"低","判定原因":"面積減少0.0%；斑塊增加0.0%；平均斑塊縮小0.2%；道路密度0.00 km/km²；孤立比例0.0%；距大型綠地0m","2021面積_ha":104.04,"2022面積_ha":104.04,"2023面積_ha":104.04}},{"type":"Feature","geometry":{"type":"Polygon","coordinates":[[[121.47313968079114,24.369256566933718],[121.47317327507798,24.378285393289573],[121.48303078002984,24.378254295074058],[121.48299648594694,24.369225481702724],[121.47313968079114,24.369256566933718]]]},"properties":{"grid_id":"G007_016","綠地類型":"森林","中心經度":121.478085,"中心緯度":24.373756,"分析面積_km2":1.04,"2020面積_ha":104.04,"2024面積_ha":104.04,"面積減少率_pct":0.0,"2020斑塊數":1,"2024斑塊數":1,"斑塊數增加率_pct":0.0,"2020平均斑塊面積_ha":172555.65,"2024平均斑塊面積_ha":172145.43,"平均斑塊面積下降率_pct":0.24,"道路切割密度_km_per_km2":0.0,"建成區邊界切割密度_km_per_km2":0.0,"孤立小斑塊比例_pct":0.0,"距大型連續綠地平均距離_m":0.0,"score_面積減少":36.827195467422094,"score_斑塊增加":46.81303116147309,"score_平均斑塊縮小":50.63739376770538,"score_道路建成區切割":27.47875354107649,"score_孤立比例":45.34938621340888,"score_距大型綠地":44.66477809254013,"綜合破碎化分數":42.0,"破碎化等級":"低","判定原因":"面積減少0.0%；斑塊增加0.0%；平均斑塊縮小0.2%；道路密度0.00 km/km²；孤立比例0.0%；距大型綠地0m","2021面積_ha":104.04,"2022面積_ha":104.04,"2023面積_ha":104.04}},{"type":"Feature","geometry":{"type":"Polygon","coordinates":[[[121.48299648594694,24.369225481702724],[121.48303078002984,24.378254295074058],[121.49288826818149,24.37822255572966],[121.49285327430779,24.369193755610535],[121.48299648594694,24.369225481702724]]]},"properties":{"grid_id":"G007_017","綠地類型":"森林","中心經度":121.487942,"中心緯度":24.373724,"分析面積_km2":1.04,"2020面積_ha":104.04,"2024面積_ha":104.04,"面積減少率_pct":0.0,"2020斑塊數":1,"2024斑塊數":1,"斑塊數增加率_pct":0.0,"2020平均斑塊面積_ha":172555.65,"2024平均斑塊面積_ha":172145.43,"平均斑塊面積下降率_pct":0.24,"道路切割密度_km_per_km2":0.0,"建成區邊界切割密度_km_per_km2":0.0,"孤立小斑塊比例_pct":0.0,"距大型連續綠地平均距離_m":0.0,"score_面積減少":36.827195467422094,"score_斑塊增加":46.81303116147309,"score_平均斑塊縮小":50.63739376770538,"score_道路建成區切割":27.47875354107649,"score_孤立比例":45.34938621340888,"score_距大型綠地":44.66477809254013,"綜合破碎化分數":42.0,"破碎化等級":"低","判定原因":"面積減少0.0%；斑塊增加0.0%；平均斑塊縮小0.2%；道路密度0.00 km/km²；孤立比例0.0%；距大型綠地0m","2021面積_ha":104.04,"2022面積_ha":104.04,"2023面積_ha":104.04}},{"type":"Feature","geometry":{"type":"Polygon","coordinates":[[[121.52242353519375,24.369094732210954],[121.52246062840729,24.378123490967347],[121.53231804593017,24.37808918715203],[121.53228025294794,24.36906044271857],[121.52242353519375,24.369094732210954]]]},"properties":{"grid_id":"G007_021","綠地類型":"森林","中心經度":121.527371,"中心緯度":24.373592,"分析面積_km2":1.04,"2020面積_ha":104.04,"2024面積_ha":104.04,"面積減少率_pct":0.0,"2020斑塊數":1,"2024斑塊數":1,"斑塊數增加率_pct":0.0,"2020平均斑塊面積_ha":172555.65,"2024平均斑塊面積_ha":172145.43,"平均斑塊面積下降率_pct":0.24,"道路切割密度_km_per_km2":0.0,"建成區邊界切割密度_km_per_km2":0.0,"孤立小斑塊比例_pct":0.0,"距大型連續綠地平均距離_m":0.0,"score_面積減少":36.827195467422094,"score_斑塊增加":46.81303116147309,"score_平均斑塊縮小":50.63739376770538,"score_道路建成區切割":27.47875354107649,"score_孤立比例":45.34938621340888,"score_距大型綠地":44.66477809254013,"綜合破碎化分數":42.0,"破碎化等級":"低","判定原因":"面積減少0.0%；斑塊增加0.0%；平均斑塊縮小0.2%；道路密度0.00 km/km²；孤立比例0.0%；距大型綠地0m","2021面積_ha":104.04,"2022面積_ha":104.04,"2023面積_ha":103.77}},{"type":"Feature","geometry":{"type":"Polygon","coordinates":[[[121.54213695219372,24.369025512387733],[121.54217544493889,24.378054242230593],[121.55203282509066,24.378018656207825],[121.55199363258845,24.36898994122325],[121.54213695219372,24.369025512387733]]]},"properties":{"grid_id":"G007_023","綠地類型":"森林","中心經度":121.547085,"中心緯度":24.373522,"分析面積_km2":1.04,"2020面積_ha":104.04,"2024面積_ha":104.04,"面積減少率_pct":0.0,"2020斑塊數":1,"2024斑塊數":1,"斑塊數增加率_pct":0.0,"2020平均斑塊面積_ha":172555.65,"2024平均斑塊面積_ha":172145.43,"平均斑塊面積下降率_pct":0.24,"道路切割密度_km_per_km2":0.0,"建成區邊界切割密度_km_per_km2":0.0,"孤立小斑塊比例_pct":0.0,"距大型連續綠地平均距離_m":0.0,"score_面積減少":36.827195467422094,"score_斑塊增加":46.81303116147309,"score_平均斑塊縮小":50.63739376770538,"score_道路建成區切割":27.47875354107649,"score_孤立比例":45.34938621340888,"score_距大型綠地":44.66477809254013,"綜合破碎化分數":42.0,"破碎化等級":"低","判定原因":"面積減少0.0%；斑塊增加0.0%；平均斑塊縮小0.2%；道路密度0.00 km/km²；孤立比例0.0%；距大型綠地0m","2021面積_ha":104.04,"2022面積_ha":104.04,"2023面積_ha":102.15}},{"type":"Feature","geometry":{"type":"Polygon","coordinates":[[[121.55199363258845,24.36898994122325],[121.55203282509066,24.378018656207825],[121.56189018604266,24.37798242908865],[121.56185029378942,24.36895372923002],[121.55199363258845,24.36898994122325]]]},"properties":{"grid_id":"G007_024","綠地類型":"森林","中心經度":121.556942,"中心緯度":24.373486,"分析面積_km2":1.04,"2020面積_ha":104.04,"2024面積_ha":104.04,"面積減少率_pct":0.0,"2020斑塊數":1,"2024斑塊數":1,"斑塊數增加率_pct":0.0,"2020平均斑塊面積_ha":172555.65,"2024平均斑塊面積_ha":172145.43,"平均斑塊面積下降率_pct":0.24,"道路切割密度_km_per_km2":0.0,"建成區邊界切割密度_km_per_km2":0.0,"孤立小斑塊比例_pct":0.0,"距大型連續綠地平均距離_m":0.0,"score_面積減少":36.827195467422094,"score_斑塊增加":46.81303116147309,"score_平均斑塊縮小":50.63739376770538,"score_道路建成區切割":27.47875354107649,"score_孤立比例":45.34938621340888,"score_距大型綠地":44.66477809254013,"綜合破碎化分數":42.0,"破碎化等級":"低","判定原因":"面積減少0.0%；斑塊增加0.0%；平均斑塊縮小0.2%；道路密度0.00 km/km²；孤立比例0.0%；距大型綠地0m","2021面積_ha":104.04,"2022面積_ha":104.04,"2023面積_ha":104.04}},{"type":"Feature","geometry":{"type":"Polygon","coordinates":[[[121.56185029378942,24.36895372923002],[121.56189018604266,24.37798242908865],[121.57174752745217,24.377945560878054],[121.571706935454,24.368916876413042],[121.56185029378942,24.36895372923002]]]},"properties":{"grid_id":"G007_025","綠地類型":"森林","中心經度":121.566799,"中心緯度":24.37345,"分析面積_km2":1.04,"2020面積_ha":104.04,"2024面積_ha":104.04,"面積減少率_pct":0.0,"2020斑塊數":1,"2024斑塊數":1,"斑塊數增加率_pct":0.0,"2020平均斑塊面積_ha":172555.65,"2024平均斑塊面積_ha":172145.43,"平均斑塊面積下降率_pct":0.24,"道路切割密度_km_per_km2":0.0,"建成區邊界切割密度_km_per_km2":0.0,"孤立小斑塊比例_pct":0.0,"距大型連續綠地平均距離_m":0.0,"score_面積減少":36.827195467422094,"score_斑塊增加":46.81303116147309,"score_平均斑塊縮小":50.63739376770538,"score_道路建成區切割":27.47875354107649,"score_孤立比例":45.34938621340888,"score_距大型綠地":44.66477809254013,"綜合破碎化分數":42.0,"破碎化等級":"低","判定原因":"面積減少0.0%；斑塊增加0.0%；平均斑塊縮小0.2%；道路密度0.00 km/km²；孤立比例0.0%；距大型綠地0m","2021面積_ha":104.04,"2022面積_ha":104.04,"2023面積_ha":104.04}},{"type":"Feature","geometry":{"type":"Polygon","coordinates":[[[121.571706935454,24.368916876413042],[121.57174752745217,24.377945560878054],[121.5816048489764,24.377908051581112],[121.58156355723953,24.36887938277738],[121.571706935454,24.368916876413042]]]},"properties":{"grid_id":"G007_026","綠地類型":"森林","中心經度":121.576656,"中心緯度":24.373413,"分析面積_km2":1.04,"2020面積_ha":104.04,"2024面積_ha":104.04,"面積減少率_pct":0.0,"2020斑塊數":1,"2024斑塊數":1,"斑塊數增加率_pct":0.0,"2020平均斑塊面積_ha":172555.65,"2024平均斑塊面積_ha":172145.43,"平均斑塊面積下降率_pct":0.24,"道路切割密度_km_per_km2":0.0,"建成區邊界切割密度_km_per_km2":0.0,"孤立小斑塊比例_pct":0.0,"距大型連續綠地平均距離_m":0.0,"score_面積減少":36.827195467422094,"score_斑塊增加":46.81303116147309,"score_平均斑塊縮小":50.63739376770538,"score_道路建成區切割":27.47875354107649,"score_孤立比例":45.34938621340888,"score_距大型綠地":44.66477809254013,"綜合破碎化分數":42.0,"破碎化等級":"低","判定原因":"面積減少0.0%；斑塊增加0.0%；平均斑塊縮小0.2%；道路密度0.00 km/km²；孤立比例0.0%；距大型綠地0m","2021面積_ha":104.04,"2022面積_ha":104.04,"2023面積_ha":104.04}},{"type":"Feature","geometry":{"type":"Polygon","coordinates":[[[121.58156355723953,24.36887938277738],[121.5816048489764,24.377908051581112],[121.59146215027256,24.377869901202995],[121.5914201588033,24.368841248328206],[121.58156355723953,24.36887938277738]]]},"properties":{"grid_id":"G007_027","綠地類型":"森林","中心經度":121.586513,"中心緯度":24.373375,"分析面積_km2":1.04,"2020面積_ha":104.04,"2024面積_ha":104.04,"面積減少率_pct":0.0,"2020斑塊數":1,"2024斑塊數":1,"斑塊數增加率_pct":0.0,"2020平均斑塊面積_ha":172555.65,"2024平均斑塊面積_ha":172145.43,"平均斑塊面積下降率_pct":0.24,"道路切割密度_km_per_km2":0.0,"建成區邊界切割密度_km_per_km2":0.0,"孤立小斑塊比例_pct":0.0,"距大型連續綠地平均距離_m":0.0,"score_面積減少":36.827195467422094,"score_斑塊增加":46.81303116147309,"score_平均斑塊縮小":50.63739376770538,"score_道路建成區切割":27.47875354107649,"score_孤立比例":45.34938621340888,"score_距大型綠地":44.66477809254013,"綜合破碎化分數":42.0,"破碎化等級":"低","判定原因":"面積減少0.0%；斑塊增加0.0%；平均斑塊縮小0.2%；道路密度0.00 km/km²；孤立比例0.0%；距大型綠地0m","2021面積_ha":104.04,"2022面積_ha":104.04,"2023面積_ha":104.04}},{"type":"Feature","geometry":{"type":"Polygon","coordinates":[[[121.5914201588033,24.368841248328206],[121.59146215027256,24.377869901202995],[121.6013194309979,24.37783110974896],[121.6012767398027,24.36880247307077],[121.5914201588033,24.368841248328206]]]},"properties":{"grid_id":"G007_028","綠地類型":"森林","中心經度":121.59637,"中心緯度":24.373336,"分析面積_km2":1.04,"2020面積_ha":104.04,"2024面積_ha":104.04,"面積減少率_pct":0.0,"2020斑塊數":1,"2024斑塊數":1,"斑塊數增加率_pct":0.0,"2020平均斑塊面積_ha":172555.65,"2024平均斑塊面積_ha":172145.43,"平均斑塊面積下降率_pct":0.24,"道路切割密度_km_per_km2":0.0,"建成區邊界切割密度_km_per_km2":0.0,"孤立小斑塊比例_pct":0.0,"距大型連續綠地平均距離_m":0.0,"score_面積減少":36.827195467422094,"score_斑塊增加":46.81303116147309,"score_平均斑塊縮小":50.63739376770538,"score_道路建成區切割":27.47875354107649,"score_孤立比例":45.34938621340888,"score_距大型綠地":44.66477809254013,"綜合破碎化分數":42.0,"破碎化等級":"低","判定原因":"面積減少0.0%；斑塊增加0.0%；平均斑塊縮小0.2%；道路密度0.00 km/km²；孤立比例0.0%；距大型綠地0m","2021面積_ha":104.04,"2022面積_ha":104.04,"2023面積_ha":104.04}},{"type":"Feature","geometry":{"type":"Polygon","coordinates":[[[121.6012767398027,24.36880247307077],[121.6013194309979,24.37783110974896],[121.61117669080964,24.377791677224355],[121.61113329989503,24.368763057010423],[121.6012767398027,24.36880247307077]]]},"properties":{"grid_id":"G007_029","綠地類型":"森林","中心經度":121.606227,"中心緯度":24.373297,"分析面積_km2":1.04,"2020面積_ha":89.91,"2024面積_ha":90.0,"面積減少率_pct":0.0,"2020斑塊數":1,"2024斑塊數":1,"斑塊數增加率_pct":0.0,"2020平均斑塊面積_ha":172555.65,"2024平均斑塊面積_ha":172145.43,"平均斑塊面積下降率_pct":0.24,"道路切割密度_km_per_km2":0.0,"建成區邊界切割密度_km_per_km2":0.0,"孤立小斑塊比例_pct":0.0,"距大型連續綠地平均距離_m":0.0,"score_面積減少":36.827195467422094,"score_斑塊增加":46.81303116147309,"score_平均斑塊縮小":50.63739376770538,"score_道路建成區切割":27.47875354107649,"score_孤立比例":45.34938621340888,"score_距大型綠地":44.66477809254013,"綜合破碎化分數":42.0,"破碎化等級":"低","判定原因":"面積減少0.0%；斑塊增加0.0%；平均斑塊縮小0.2%；道路密度0.00 km/km²；孤立比例0.0%；距大型綠地0m","2021面積_ha":89.55,"2022面積_ha":90.63,"2023面積_ha":89.1}},{"type":"Feature","geometry":{"type":"Polygon","coordinates":[[[121.61113329989503,24.368763057010423],[121.61117669080964,24.377791677224355],[121.62103392936505,24.37775160363461],[121.62098983873767,24.36872300015259],[121.61113329989503,24.368763057010423]]]},"properties":{"grid_id":"G007_030","綠地類型":"森林","中心經度":121.616083,"中心緯度":24.373257,"分析面積_km2":1.04,"2020面積_ha":104.04,"2024面積_ha":104.04,"面積減少率_pct":0.0,"2020斑塊數":1,"2024斑塊數":1,"斑塊數增加率_pct":0.0,"2020平均斑塊面積_ha":172555.65,"2024平均斑塊面積_ha":172145.43,"平均斑塊面積下降率_pct":0.24,"道路切割密度_km_per_km2":0.0,"建成區邊界切割密度_km_per_km2":0.0,"孤立小斑塊比例_pct":0.0,"距大型連續綠地平均距離_m":0.0,"score_面積減少":36.827195467422094,"score_斑塊增加":46.81303116147309,"score_平均斑塊縮小":50.63739376770538,"score_道路建成區切割":27.47875354107649,"score_孤立比例":45.34938621340888,"score_距大型綠地":44.66477809254013,"綜合破碎化分數":42.0,"破碎化等級":"低","判定原因":"面積減少0.0%；斑塊增加0.0%；平均斑塊縮小0.2%；道路密度0.00 km/km²；孤立比例0.0%；距大型綠地0m","2021面積_ha":104.04,"2022面積_ha":103.95,"2023面積_ha":104.04}},{"type":"Feature","geometry":{"type":"Polygon","coordinates":[[[121.66041577475849,24.368556364858087],[121.66046266416835,24.377584898735986],[121.67031979130088,24.377541619905134],[121.67027220221307,24.36851310409737],[121.66041577475849,24.368556364858087]]]},"properties":{"grid_id":"G007_035","綠地類型":"森林","中心經度":121.665368,"中心緯度":24.373049,"分析面積_km2":1.04,"2020面積_ha":104.04,"2024面積_ha":104.04,"面積減少率_pct":0.0,"2020斑塊數":1,"2024斑塊數":1,"斑塊數增加率_pct":0.0,"2020平均斑塊面積_ha":172555.65,"2024平均斑塊面積_ha":172145.43,"平均斑塊面積下降率_pct":0.24,"道路切割密度_km_per_km2":0.0,"建成區邊界切割密度_km_per_km2":0.0,"孤立小斑塊比例_pct":0.0,"距大型連續綠地平均距離_m":0.0,"score_面積減少":36.827195467422094,"score_斑塊增加":46.81303116147309,"score_平均斑塊縮小":50.63739376770538,"score_道路建成區切割":27.47875354107649,"score_孤立比例":45.34938621340888,"score_距大型綠地":44.66477809254013,"綜合破碎化分數":42.0,"破碎化等級":"低","判定原因":"面積減少0.0%；斑塊增加0.0%；平均斑塊縮小0.2%；道路密度0.00 km/km²；孤立比例0.0%；距大型綠地0m","2021面積_ha":104.04,"2022面積_ha":104.04,"2023面積_ha":104.04}},{"type":"Feature","geometry":{"type":"Polygon","coordinates":[[[121.67027220221307,24.36851310409737],[121.67031979130088,24.377541619905134],[121.68017689512062,24.377497700043595],[121.68012860636217,24.3684692025736],[121.67027220221307,24.36851310409737]]]},"properties":{"grid_id":"G007_036","綠地類型":"森林","中心經度":121.675224,"中心緯度":24.373005,"分析面積_km2":1.04,"2020面積_ha":103.95,"2024面積_ha":104.04,"面積減少率_pct":0.0,"2020斑塊數":1,"2024斑塊數":1,"斑塊數增加率_pct":0.0,"2020平均斑塊面積_ha":172555.65,"2024平均斑塊面積_ha":172145.43,"平均斑塊面積下降率_pct":0.24,"道路切割密度_km_per_km2":0.0,"建成區邊界切割密度_km_per_km2":0.0,"孤立小斑塊比例_pct":0.0,"距大型連續綠地平均距離_m":0.0,"score_面積減少":36.827195467422094,"score_斑塊增加":46.81303116147309,"score_平均斑塊縮小":50.63739376770538,"score_道路建成區切割":27.47875354107649,"score_孤立比例":45.34938621340888,"score_距大型綠地":44.66477809254013,"綜合破碎化分數":42.0,"破碎化等級":"低","判定原因":"面積減少0.0%；斑塊增加0.0%；平均斑塊縮小0.2%；道路密度0.00 km/km²；孤立比例0.0%；距大型綠地0m","2021面積_ha":104.04,"2022面積_ha":104.04,"2023面積_ha":104.04}},{"type":"Feature","geometry":{"type":"Polygon","coordinates":[[[121.68012860636217,24.3684692025736],[121.68017689512062,24.377497700043595],[121.69003397528488,24.377453139157417],[121.68998498686317,24.368424660292835],[121.68012860636217,24.3684692025736]]]},"properties":{"grid_id":"G007_037","綠地類型":"森林","中心經度":121.685081,"中心緯度":24.372961,"分析面積_km2":1.04,"2020面積_ha":104.04,"2024面積_ha":104.04,"面積減少率_pct":0.0,"2020斑塊數":1,"2024斑塊數":1,"斑塊數增加率_pct":0.0,"2020平均斑塊面積_ha":172555.65,"2024平均斑塊面積_ha":172145.43,"平均斑塊面積下降率_pct":0.24,"道路切割密度_km_per_km2":0.0,"建成區邊界切割密度_km_per_km2":0.0,"孤立小斑塊比例_pct":0.0,"距大型連續綠地平均距離_m":0.0,"score_面積減少":36.827195467422094,"score_斑塊增加":46.81303116147309,"score_平均斑塊縮小":50.63739376770538,"score_道路建成區切割":27.47875354107649,"score_孤立比例":45.34938621340888,"score_距大型綠地":44.66477809254013,"綜合破碎化分數":42.0,"破碎化等級":"低","判定原因":"面積減少0.0%；斑塊增加0.0%；平均斑塊縮小0.2%；道路密度0.00 km/km²；孤立比例0.0%；距大型綠地0m","2021面積_ha":104.04,"2022面積_ha":104.04,"2023面積_ha":104.04}},{"type":"Feature","geometry":{"type":"Polygon","coordinates":[[[121.68998498686317,24.368424660292835],[121.69003397528488,24.377453139157417],[121.69989103145086,24.377407937252748],[121.69984134337342,24.368379477261197],[121.68998498686317,24.368424660292835]]]},"properties":{"grid_id":"G007_038","綠地類型":"森林","中心經度":121.694938,"中心緯度":24.372916,"分析面積_km2":1.04,"2020面積_ha":104.04,"2024面積_ha":104.04,"面積減少率_pct":0.0,"2020斑塊數":1,"2024斑塊數":1,"斑塊數增加率_pct":0.0,"2020平均斑塊面積_ha":172555.65,"2024平均斑塊面積_ha":172145.43,"平均斑塊面積下降率_pct":0.24,"道路切割密度_km_per_km2":0.0,"建成區邊界切割密度_km_per_km2":0.0,"孤立小斑塊比例_pct":0.0,"距大型連續綠地平均距離_m":0.0,"score_面積減少":36.827195467422094,"score_斑塊增加":46.81303116147309,"score_平均斑塊縮小":50.63739376770538,"score_道路建成區切割":27.47875354107649,"score_孤立比例":45.34938621340888,"score_距大型綠地":44.66477809254013,"綜合破碎化分數":42.0,"破碎化等級":"低","判定原因":"面積減少0.0%；斑塊增加0.0%；平均斑塊縮小0.2%；道路密度0.00 km/km²；孤立比例0.0%；距大型綠地0m","2021面積_ha":104.04,"2022面積_ha":104.04,"2023面積_ha":104.04}},{"type":"Feature","geometry":{"type":"Polygon","coordinates":[[[121.69984134337342,24.368379477261197],[121.69989103145086,24.377407937252748],[121.70974806327592,24.377362094335815],[121.70969767555033,24.368333653484925],[121.69984134337342,24.368379477261197]]]},"properties":{"grid_id":"G007_039","綠地類型":"森林","中心經度":121.704795,"中心緯度":24.372871,"分析面積_km2":1.04,"2020面積_ha":104.04,"2024面積_ha":104.04,"面積減少率_pct":0.0,"2020斑塊數":1,"2024斑塊數":1,"斑塊數增加率_pct":0.0,"2020平均斑塊面積_ha":172555.65,"2024平均斑塊面積_ha":172145.43,"平均斑塊面積下降率_pct":0.24,"道路切割密度_km_per_km2":0.0,"建成區邊界切割密度_km_per_km2":0.0,"孤立小斑塊比例_pct":0.0,"距大型連續綠地平均距離_m":0.0,"score_面積減少":36.827195467422094,"score_斑塊增加":46.81303116147309,"score_平均斑塊縮小":50.63739376770538,"score_道路建成區切割":27.47875354107649,"score_孤立比例":45.34938621340888,"score_距大型綠地":44.66477809254013,"綜合破碎化分數":42.0,"破碎化等級":"低","判定原因":"面積減少0.0%；斑塊增加0.0%；平均斑塊縮小0.2%；道路密度0.00 km/km²；孤立比例0.0%；距大型綠地0m","2021面積_ha":104.04,"2022面積_ha":104.04,"2023面積_ha":104.04}},{"type":"Feature","geometry":{"type":"Polygon","coordinates":[[[121.70969767555033,24.368333653484925],[121.70974806327592,24.377362094335815],[121.71960507041733,24.37731561041293],[121.71955398305131,24.36828718897032],[121.70969767555033,24.368333653484925]]]},"properties":{"grid_id":"G007_040","綠地類型":"森林","中心經度":121.714651,"中心緯度":24.372825,"分析面積_km2":1.04,"2020面積_ha":104.04,"2024面積_ha":104.04,"面積減少率_pct":0.0,"2020斑塊數":1,"2024斑塊數":1,"斑塊數增加率_pct":0.0,"2020平均斑塊面積_ha":172555.65,"2024平均斑塊面積_ha":172145.43,"平均斑塊面積下降率_pct":0.24,"道路切割密度_km_per_km2":0.0,"建成區邊界切割密度_km_per_km2":0.0,"孤立小斑塊比例_pct":0.0,"距大型連續綠地平均距離_m":0.0,"score_面積減少":36.827195467422094,"score_斑塊增加":46.81303116147309,"score_平均斑塊縮小":50.63739376770538,"score_道路建成區切割":27.47875354107649,"score_孤立比例":45.34938621340888,"score_距大型綠地":44.66477809254013,"綜合破碎化分數":42.0,"破碎化等級":"低","判定原因":"面積減少0.0%；斑塊增加0.0%；平均斑塊縮小0.2%；道路密度0.00 km/km²；孤立比例0.0%；距大型綠地0m","2021面積_ha":104.04,"2022面積_ha":104.04,"2023面積_ha":104.04}},{"type":"Feature","geometry":{"type":"Polygon","coordinates":[[[121.71955398305131,24.36828718897032],[121.71960507041733,24.37731561041293],[121.7294620525324,24.377268485490497],[121.72941026553377,24.368240083723798],[121.71955398305131,24.36828718897032]]]},"properties":{"grid_id":"G007_041","綠地類型":"森林","中心經度":121.724508,"中心緯度":24.372778,"分析面積_km2":1.04,"2020面積_ha":104.04,"2024面積_ha":104.04,"面積減少率_pct":0.0,"2020斑塊數":1,"2024斑塊數":1,"斑塊數增加率_pct":0.0,"2020平均斑塊面積_ha":172555.65,"2024平均斑塊面積_ha":172145.43,"平均斑塊面積下降率_pct":0.24,"道路切割密度_km_per_km2":0.0,"建成區邊界切割密度_km_per_km2":0.0,"孤立小斑塊比例_pct":0.0,"距大型連續綠地平均距離_m":0.0,"score_面積減少":36.827195467422094,"score_斑塊增加":46.81303116147309,"score_平均斑塊縮小":50.63739376770538,"score_道路建成區切割":27.47875354107649,"score_孤立比例":45.34938621340888,"score_距大型綠地":44.66477809254013,"綜合破碎化分數":42.0,"破碎化等級":"低","判定原因":"面積減少0.0%；斑塊增加0.0%；平均斑塊縮小0.2%；道路密度0.00 km/km²；孤立比例0.0%；距大型綠地0m","2021面積_ha":104.04,"2022面積_ha":104.04,"2023面積_ha":104.04}},{"type":"Feature","geometry":{"type":"Polygon","coordinates":[[[121.72941026553377,24.368240083723798],[121.7294620525324,24.377268485490497],[121.73931900927838,24.377220719575003],[121.73926652265509,24.36819233775183],[121.72941026553377,24.368240083723798]]]},"properties":{"grid_id":"G007_042","綠地類型":"森林","中心經度":121.734364,"中心緯度":24.37273,"分析面積_km2":1.04,"2020面積_ha":104.04,"2024面積_ha":104.04,"面積減少率_pct":0.0,"2020斑塊數":1,"2024斑塊數":1,"斑塊數增加率_pct":0.0,"2020平均斑塊面積_ha":172555.65,"2024平均斑塊面積_ha":172145.43,"平均斑塊面積下降率_pct":0.24,"道路切割密度_km_per_km2":0.577,"建成區邊界切割密度_km_per_km2":0.0,"孤立小斑塊比例_pct":0.0,"距大型連續綠地平均距離_m":0.0,"score_面積減少":36.827195467422094,"score_斑塊增加":46.81303116147309,"score_平均斑塊縮小":50.63739376770538,"score_道路建成區切割":39.388574126534465,"score_孤立比例":45.34938621340888,"score_距大型綠地":44.66477809254013,"綜合破碎化分數":43.9,"破碎化等級":"低","判定原因":"面積減少0.0%；斑塊增加0.0%；平均斑塊縮小0.2%；道路密度0.58 km/km²；孤立比例0.0%；距大型綠地0m","2021面積_ha":104.04,"2022面積_ha":104.04,"2023面積_ha":104.04}},{"type":"Feature","geometry":{"type":"Polygon","coordinates":[[[121.73926652265509,24.36819233775183],[121.73931900927838,24.377220719575003],[121.74917594031263,24.377172312673046],[121.7491227540727,24.368143951061008],[121.73926652265509,24.36819233775183]]]},"properties":{"grid_id":"G007_043","綠地類型":"森林","中心經度":121.744221,"中心緯度":24.372682,"分析面積_km2":1.04,"2020面積_ha":104.04,"2024面積_ha":104.04,"面積減少率_pct":0.0,"2020斑塊數":1,"2024斑塊數":1,"斑塊數增加率_pct":0.0,"2020平均斑塊面積_ha":172555.65,"2024平均斑塊面積_ha":172145.43,"平均斑塊面積下降率_pct":0.24,"道路切割密度_km_per_km2":0.606,"建成區邊界切割密度_km_per_km2":0.0,"孤立小斑塊比例_pct":0.0,"距大型連續綠地平均距離_m":0.0,"score_面積減少":36.827195467422094,"score_斑塊增加":46.81303116147309,"score_平均斑塊縮小":50.63739376770538,"score_道路建成區切割":39.612842304060436,"score_孤立比例":45.34938621340888,"score_距大型綠地":44.66477809254013,"綜合破碎化分數":44.0,"破碎化等級":"低","判定原因":"面積減少0.0%；斑塊增加0.0%；平均斑塊縮小0.2%；道路密度0.61 km/km²；孤立比例0.0%；距大型綠地0m","2021面積_ha":104.04,"2022面積_ha":104.04,"2023面積_ha":104.04}},{"type":"Feature","geometry":{"type":"Polygon","coordinates":[[[121.7491227540727,24.368143951061008],[121.74917594031263,24.377172312673046],[121.75903284529242,24.377123264791283],[121.75897895944402,24.368094923657996],[121.7491227540727,24.368143951061008]]]},"properties":{"grid_id":"G007_044","綠地類型":"森林","中心經度":121.754078,"中心緯度":24.372634,"分析面積_km2":1.04,"2020面積_ha":104.04,"2024面積_ha":104.04,"面積減少率_pct":0.0,"2020斑塊數":1,"2024斑塊數":1,"斑塊數增加率_pct":0.0,"2020平均斑塊面積_ha":172555.65,"2024平均斑塊面積_ha":172145.43,"平均斑塊面積下降率_pct":0.24,"道路切割密度_km_per_km2":0.663,"建成區邊界切割密度_km_per_km2":0.0,"孤立小斑塊比例_pct":0.0,"距大型連續綠地平均距離_m":0.0,"score_面積減少":36.827195467422094,"score_斑塊增加":46.81303116147309,"score_平均斑塊縮小":50.63739376770538,"score_道路建成區切割":39.978753541076486,"score_孤立比例":45.34938621340888,"score_距大型綠地":44.66477809254013,"綜合破碎化分數":44.0,"破碎化等級":"低","判定原因":"面積減少0.0%；斑塊增加0.0%；平均斑塊縮小0.2%；道路密度0.66 km/km²；孤立比例0.0%；距大型綠地0m","2021面積_ha":104.04,"2022面積_ha":104.04,"2023面積_ha":104.04}},{"type":"Feature","geometry":{"type":"Polygon","coordinates":[[[121.75897895944402,24.368094923657996],[121.75903284529242,24.377123264791283],[121.7688897238751,24.37707357593648],[121.76883513842647,24.36804525554954],[121.75897895944402,24.368094923657996]]]},"properties":{"grid_id":"G007_045","綠地類型":"森林","中心經度":121.763934,"中心緯度":24.372584,"分析面積_km2":1.04,"2020面積_ha":104.04,"2024面積_ha":104.04,"面積減少率_pct":0.0,"2020斑塊數":1,"2024斑塊數":1,"斑塊數增加率_pct":0.0,"2020平均斑塊面積_ha":172555.65,"2024平均斑塊面積_ha":172145.43,"平均斑塊面積下降率_pct":0.24,"道路切割密度_km_per_km2":0.0,"建成區邊界切割密度_km_per_km2":0.0,"孤立小斑塊比例_pct":0.0,"距大型連續綠地平均距離_m":0.0,"score_面積減少":36.827195467422094,"score_斑塊增加":46.81303116147309,"score_平均斑塊縮小":50.63739376770538,"score_道路建成區切割":27.47875354107649,"score_孤立比例":45.34938621340888,"score_距大型綠地":44.66477809254013,"綜合破碎化分數":42.0,"破碎化等級":"低","判定原因":"面積減少0.0%；斑塊增加0.0%；平均斑塊縮小0.2%；道路密度0.00 km/km²；孤立比例0.0%；距大型綠地0m","2021面積_ha":104.04,"2022面積_ha":104.04,"2023面積_ha":104.04}},{"type":"Feature","geometry":{"type":"Polygon","coordinates":[[[121.37459737696804,24.378561112457167],[121.37462398605815,24.387590043152574],[121.38448234034254,24.387565346138018],[121.3844550310669,24.378536425751587],[121.37459737696804,24.378561112457167]]]},"properties":{"grid_id":"G008_006","綠地類型":"森林","中心經度":121.37954,"中心緯度":24.383063,"分析面積_km2":1.04,"2020面積_ha":103.41,"2024面積_ha":103.5,"面積減少率_pct":0.0,"2020斑塊數":1,"2024斑塊數":1,"斑塊數增加率_pct":0.0,"2020平均斑塊面積_ha":172555.65,"2024平均斑塊面積_ha":172145.43,"平均斑塊面積下降率_pct":0.24,"道路切割密度_km_per_km2":0.0,"建成區邊界切割密度_km_per_km2":0.0,"孤立小斑塊比例_pct":0.0,"距大型連續綠地平均距離_m":0.0,"score_面積減少":36.827195467422094,"score_斑塊增加":46.81303116147309,"score_平均斑塊縮小":50.63739376770538,"score_道路建成區切割":27.47875354107649,"score_孤立比例":45.34938621340888,"score_距大型綠地":44.66477809254013,"綜合破碎化分數":42.0,"破碎化等級":"低","判定原因":"面積減少0.0%；斑塊增加0.0%；平均斑塊縮小0.2%；道路密度0.00 km/km²；孤立比例0.0%；距大型綠地0m","2021面積_ha":104.04,"2022面積_ha":104.04,"2023面積_ha":103.59}},{"type":"Feature","geometry":{"type":"Polygon","coordinates":[[[121.3844550310669,24.378536425751587],[121.38448234034254,24.387565346138018],[121.39434068125078,24.387540007687964],[121.39431267179378,24.378511097878246],[121.3844550310669,24.378536425751587]]]},"properties":{"grid_id":"G008_007","綠地類型":"森林","中心經度":121.389398,"中心緯度":24.383038,"分析面積_km2":1.04,"2020面積_ha":104.04,"2024面積_ha":104.04,"面積減少率_pct":0.0,"2020斑塊數":1,"2024斑塊數":1,"斑塊數增加率_pct":0.0,"2020平均斑塊面積_ha":172555.65,"2024平均斑塊面積_ha":172145.43,"平均斑塊面積下降率_pct":0.24,"道路切割密度_km_per_km2":0.0,"建成區邊界切割密度_km_per_km2":0.0,"孤立小斑塊比例_pct":0.0,"距大型連續綠地平均距離_m":0.0,"score_面積減少":36.827195467422094,"score_斑塊增加":46.81303116147309,"score_平均斑塊縮小":50.63739376770538,"score_道路建成區切割":27.47875354107649,"score_孤立比例":45.34938621340888,"score_距大型綠地":44.66477809254013,"綜合破碎化分數":42.0,"破碎化等級":"低","判定原因":"面積減少0.0%；斑塊增加0.0%；平均斑塊縮小0.2%；道路密度0.00 km/km²；孤立比例0.0%；距大型綠地0m","2021面積_ha":104.04,"2022面積_ha":104.04,"2023面積_ha":104.04}},{"type":"Feature","geometry":{"type":"Polygon","coordinates":[[[121.39431267179378,24.378511097878246],[121.39434068125078,24.387540007687964],[121.40419900843992,24.387514027805892],[121.40417029880587,24.378485128840644],[121.4030899307484,24.37848800625967],[121.40204,24.379429999999996],[121.40159000000001,24.379780000000004],[121.40124,24.379989999999996],[121.40092,24.380139999999994],[121.40049,24.38021],[121.40014999999998,24.380190000000002],[121.39983,24.38012],[121.39955,24.379990000000003],[121.39883999999999,24.37952],[121.3976497446911,24.378502378448577],[121.3951337556638,24.378508959285956],[121.39512999999998,24.37851],[121.39500000000001,24.37850999999999],[121.39499811045295,24.37850931289377],[121.39431267179378,24.378511097878246]]]},"properties":{"grid_id":"G008_008","綠地類型":"森林","中心經度":121.399258,"中心緯度":24.38387,"分析面積_km2":0.976,"2020面積_ha":97.56,"2024面積_ha":97.56,"面積減少率_pct":0.0,"2020斑塊數":1,"2024斑塊數":1,"斑塊數增加率_pct":0.0,"2020平均斑塊面積_ha":172555.65,"2024平均斑塊面積_ha":172145.43,"平均斑塊面積下降率_pct":0.24,"道路切割密度_km_per_km2":0.185,"建成區邊界切割密度_km_per_km2":0.0,"孤立小斑塊比例_pct":0.0,"距大型連續綠地平均距離_m":0.0,"score_面積減少":36.827195467422094,"score_斑塊增加":46.81303116147309,"score_平均斑塊縮小":50.63739376770538,"score_道路建成區切割":36.93342776203966,"score_孤立比例":45.34938621340888,"score_距大型綠地":44.66477809254013,"綜合破碎化分數":43.5,"破碎化等級":"低","判定原因":"面積減少0.0%；斑塊增加0.0%；平均斑塊縮小0.2%；道路密度0.18 km/km²；孤立比例0.0%；距大型綠地0m","2021面積_ha":97.56,"2022面積_ha":97.56,"2023面積_ha":97.56}},{"type":"Feature","geometry":{"type":"Polygon","coordinates":[[[121.54217544493889,24.378054242230593],[121.54221395654103,24.387082961261726],[121.5520720367926,24.387047360378638],[121.55203282509066,24.378018656207825],[121.54217544493889,24.378054242230593]]]},"properties":{"grid_id":"G008_023","綠地類型":"森林","中心經度":121.547124,"中心緯度":24.382551,"分析面積_km2":1.04,"2020面積_ha":104.04,"2024面積_ha":104.04,"面積減少率_pct":0.0,"2020斑塊數":1,"2024斑塊數":1,"斑塊數增加率_pct":0.0,"2020平均斑塊面積_ha":172555.65,"2024平均斑塊面積_ha":172145.43,"平均斑塊面積下降率_pct":0.24,"道路切割密度_km_per_km2":0.0,"建成區邊界切割密度_km_per_km2":0.0,"孤立小斑塊比例_pct":0.0,"距大型連續綠地平均距離_m":0.0,"score_面積減少":36.827195467422094,"score_斑塊增加":46.81303116147309,"score_平均斑塊縮小":50.63739376770538,"score_道路建成區切割":27.47875354107649,"score_孤立比例":45.34938621340888,"score_距大型綠地":44.66477809254013,"綜合破碎化分數":42.0,"破碎化等級":"低","判定原因":"面積減少0.0%；斑塊增加0.0%；平均斑塊縮小0.2%；道路密度0.00 km/km²；孤立比例0.0%；距大型綠地0m","2021面積_ha":104.04,"2022面積_ha":104.04,"2023面積_ha":104.04}},{"type":"Feature","geometry":{"type":"Polygon","coordinates":[[[121.55203282509066,24.378018656207825],[121.5520720367926,24.387047360378638],[121.56193009783844,24.387011118131426],[121.56189018604266,24.37798242908865],[121.55203282509066,24.378018656207825]]]},"properties":{"grid_id":"G008_024","綠地類型":"森林","中心經度":121.556981,"中心緯度":24.382515,"分析面積_km2":1.04,"2020面積_ha":104.04,"2024面積_ha":104.04,"面積減少率_pct":0.0,"2020斑塊數":1,"2024斑塊數":1,"斑塊數增加率_pct":0.0,"2020平均斑塊面積_ha":172555.65,"2024平均斑塊面積_ha":172145.43,"平均斑塊面積下降率_pct":0.24,"道路切割密度_km_per_km2":0.0,"建成區邊界切割密度_km_per_km2":0.0,"孤立小斑塊比例_pct":0.0,"距大型連續綠地平均距離_m":0.0,"score_面積減少":36.827195467422094,"score_斑塊增加":46.81303116147309,"score_平均斑塊縮小":50.63739376770538,"score_道路建成區切割":27.47875354107649,"score_孤立比例":45.34938621340888,"score_距大型綠地":44.66477809254013,"綜合破碎化分數":42.0,"破碎化等級":"低","判定原因":"面積減少0.0%；斑塊增加0.0%；平均斑塊縮小0.2%；道路密度0.00 km/km²；孤立比例0.0%；距大型綠地0m","2021面積_ha":104.04,"2022面積_ha":104.04,"2023面積_ha":104.04}},{"type":"Feature","geometry":{"type":"Polygon","coordinates":[[[121.56189018604266,24.37798242908865],[121.56193009783844,24.387011118131426],[121.57178813933564,24.386974234525084],[121.57174752745217,24.377945560878054],[121.56189018604266,24.37798242908865]]]},"properties":{"grid_id":"G008_025","綠地類型":"森林","中心經度":121.566839,"中心緯度":24.382478,"分析面積_km2":1.04,"2020面積_ha":104.04,"2024面積_ha":104.04,"面積減少率_pct":0.0,"2020斑塊數":1,"2024斑塊數":1,"斑塊數增加率_pct":0.0,"2020平均斑塊面積_ha":172555.65,"2024平均斑塊面積_ha":172145.43,"平均斑塊面積下降率_pct":0.24,"道路切割密度_km_per_km2":0.0,"建成區邊界切割密度_km_per_km2":0.0,"孤立小斑塊比例_pct":0.0,"距大型連續綠地平均距離_m":0.0,"score_面積減少":36.827195467422094,"score_斑塊增加":46.81303116147309,"score_平均斑塊縮小":50.63739376770538,"score_道路建成區切割":27.47875354107649,"score_孤立比例":45.34938621340888,"score_距大型綠地":44.66477809254013,"綜合破碎化分數":42.0,"破碎化等級":"低","判定原因":"面積減少0.0%；斑塊增加0.0%；平均斑塊縮小0.2%；道路密度0.00 km/km²；孤立比例0.0%；距大型綠地0m","2021面積_ha":104.04,"2022面積_ha":104.04,"2023面積_ha":104.04}},{"type":"Feature","geometry":{"type":"Polygon","coordinates":[[[121.57174752745217,24.377945560878054],[121.57178813933564,24.386974234525084],[121.58164616094132,24.386936709564708],[121.5816048489764,24.377908051581112],[121.57174752745217,24.377945560878054]]]},"properties":{"grid_id":"G008_026","綠地類型":"森林","中心經度":121.576697,"中心緯度":24.382441,"分析面積_km2":1.04,"2020面積_ha":104.04,"2024面積_ha":104.04,"面積減少率_pct":0.0,"2020斑塊數":1,"2024斑塊數":1,"斑塊數增加率_pct":0.0,"2020平均斑塊面積_ha":172555.65,"2024平均斑塊面積_ha":172145.43,"平均斑塊面積下降率_pct":0.24,"道路切割密度_km_per_km2":0.0,"建成區邊界切割密度_km_per_km2":0.0,"孤立小斑塊比例_pct":0.0,"距大型連續綠地平均距離_m":0.0,"score_面積減少":36.827195467422094,"score_斑塊增加":46.81303116147309,"score_平均斑塊縮小":50.63739376770538,"score_道路建成區切割":27.47875354107649,"score_孤立比例":45.34938621340888,"score_距大型綠地":44.66477809254013,"綜合破碎化分數":42.0,"破碎化等級":"低","判定原因":"面積減少0.0%；斑塊增加0.0%；平均斑塊縮小0.2%；道路密度0.00 km/km²；孤立比例0.0%；距大型綠地0m","2021面積_ha":104.04,"2022面積_ha":104.04,"2023面積_ha":104.04}},{"type":"Feature","geometry":{"type":"Polygon","coordinates":[[[121.5816048489764,24.377908051581112],[121.58164616094132,24.386936709564708],[121.59150416231265,24.38689854325545],[121.59146215027256,24.377869901202995],[121.5816048489764,24.377908051581112]]]},"properties":{"grid_id":"G008_027","綠地類型":"森林","中心經度":121.586554,"中心緯度":24.382403,"分析面積_km2":1.04,"2020面積_ha":104.04,"2024面積_ha":104.04,"面積減少率_pct":0.0,"2020斑塊數":1,"2024斑塊數":1,"斑塊數增加率_pct":0.0,"2020平均斑塊面積_ha":172555.65,"2024平均斑塊面積_ha":172145.43,"平均斑塊面積下降率_pct":0.24,"道路切割密度_km_per_km2":0.0,"建成區邊界切割密度_km_per_km2":0.0,"孤立小斑塊比例_pct":0.0,"距大型連續綠地平均距離_m":0.0,"score_面積減少":36.827195467422094,"score_斑塊增加":46.81303116147309,"score_平均斑塊縮小":50.63739376770538,"score_道路建成區切割":27.47875354107649,"score_孤立比例":45.34938621340888,"score_距大型綠地":44.66477809254013,"綜合破碎化分數":42.0,"破碎化等級":"低","判定原因":"面積減少0.0%；斑塊增加0.0%；平均斑塊縮小0.2%；道路密度0.00 km/km²；孤立比例0.0%；距大型綠地0m","2021面積_ha":104.04,"2022面積_ha":104.04,"2023面積_ha":104.04}},{"type":"Feature","geometry":{"type":"Polygon","coordinates":[[[121.61117669080964,24.377791677224355],[121.61122010298062,24.38682028661145],[121.62107804159156,24.386780196287482],[121.62103392936505,24.37775160363461],[121.61117669080964,24.377791677224355]]]},"properties":{"grid_id":"G008_030","綠地類型":"森林","中心經度":121.616127,"中心緯度":24.382286,"分析面積_km2":1.04,"2020面積_ha":104.04,"2024面積_ha":104.04,"面積減少率_pct":0.0,"2020斑塊數":1,"2024斑塊數":1,"斑塊數增加率_pct":0.0,"2020平均斑塊面積_ha":172555.65,"2024平均斑塊面積_ha":172145.43,"平均斑塊面積下降率_pct":0.24,"道路切割密度_km_per_km2":0.0,"建成區邊界切割密度_km_per_km2":0.0,"孤立小斑塊比例_pct":0.0,"距大型連續綠地平均距離_m":0.0,"score_面積減少":36.827195467422094,"score_斑塊增加":46.81303116147309,"score_平均斑塊縮小":50.63739376770538,"score_道路建成區切割":27.47875354107649,"score_孤立比例":45.34938621340888,"score_距大型綠地":44.66477809254013,"綜合破碎化分數":42.0,"破碎化等級":"低","判定原因":"面積減少0.0%；斑塊增加0.0%；平均斑塊縮小0.2%；道路密度0.00 km/km²；孤立比例0.0%；距大型綠地0m","2021面積_ha":104.04,"2022面積_ha":104.04,"2023面積_ha":104.04}},{"type":"Feature","geometry":{"type":"Polygon","coordinates":[[[121.65060551406577,24.377627536530195],[121.65065172641788,24.3866560773743],[121.6605095765483,24.386613421775138],[121.66046266416835,24.377584898735986],[121.65060551406577,24.377627536530195]]]},"properties":{"grid_id":"G008_034","綠地類型":"森林","中心經度":121.655557,"中心緯度":24.382121,"分析面積_km2":1.04,"2020面積_ha":104.04,"2024面積_ha":104.04,"面積減少率_pct":0.0,"2020斑塊數":1,"2024斑塊數":1,"斑塊數增加率_pct":0.0,"2020平均斑塊面積_ha":172555.65,"2024平均斑塊面積_ha":172145.43,"平均斑塊面積下降率_pct":0.24,"道路切割密度_km_per_km2":0.0,"建成區邊界切割密度_km_per_km2":0.0,"孤立小斑塊比例_pct":0.0,"距大型連續綠地平均距離_m":0.0,"score_面積減少":36.827195467422094,"score_斑塊增加":46.81303116147309,"score_平均斑塊縮小":50.63739376770538,"score_道路建成區切割":27.47875354107649,"score_孤立比例":45.34938621340888,"score_距大型綠地":44.66477809254013,"綜合破碎化分數":42.0,"破碎化等級":"低","判定原因":"面積減少0.0%；斑塊增加0.0%；平均斑塊縮小0.2%；道路密度0.00 km/km²；孤立比例0.0%；距大型綠地0m","2021面積_ha":104.04,"2022面積_ha":104.04,"2023面積_ha":104.04}},{"type":"Feature","geometry":{"type":"Polygon","coordinates":[[[121.66046266416835,24.377584898735986],[121.6605095765483,24.386613421775138],[121.67036740370149,24.386570124871657],[121.67031979130088,24.377541619905134],[121.66046266416835,24.377584898735986]]]},"properties":{"grid_id":"G008_035","綠地類型":"森林","中心經度":121.665415,"中心緯度":24.382078,"分析面積_km2":1.04,"2020面積_ha":104.04,"2024面積_ha":104.04,"面積減少率_pct":0.0,"2020斑塊數":1,"2024斑塊數":1,"斑塊數增加率_pct":0.0,"2020平均斑塊面積_ha":172555.65,"2024平均斑塊面積_ha":172145.43,"平均斑塊面積下降率_pct":0.24,"道路切割密度_km_per_km2":0.0,"建成區邊界切割密度_km_per_km2":0.0,"孤立小斑塊比例_pct":0.0,"距大型連續綠地平均距離_m":0.0,"score_面積減少":36.827195467422094,"score_斑塊增加":46.81303116147309,"score_平均斑塊縮小":50.63739376770538,"score_道路建成區切割":27.47875354107649,"score_孤立比例":45.34938621340888,"score_距大型綠地":44.66477809254013,"綜合破碎化分數":42.0,"破碎化等級":"低","判定原因":"面積減少0.0%；斑塊增加0.0%；平均斑塊縮小0.2%；道路密度0.00 km/km²；孤立比例0.0%；距大型綠地0m","2021面積_ha":104.04,"2022面積_ha":104.04,"2023面積_ha":104.04}},{"type":"Feature","geometry":{"type":"Polygon","coordinates":[[[121.67031979130088,24.377541619905134],[121.67036740370149,24.386570124871657],[121.68022520753459,24.386526186669823],[121.68017689512062,24.377497700043595],[121.67031979130088,24.377541619905134]]]},"properties":{"grid_id":"G008_036","綠地類型":"森林","中心經度":121.675272,"中心緯度":24.382034,"分析面積_km2":1.04,"2020面積_ha":104.04,"2024面積_ha":104.04,"面積減少率_pct":0.0,"2020斑塊數":1,"2024斑塊數":1,"斑塊數增加率_pct":0.0,"2020平均斑塊面積_ha":172555.65,"2024平均斑塊面積_ha":172145.43,"平均斑塊面積下降率_pct":0.24,"道路切割密度_km_per_km2":0.0,"建成區邊界切割密度_km_per_km2":0.0,"孤立小斑塊比例_pct":0.0,"距大型連續綠地平均距離_m":0.0,"score_面積減少":36.827195467422094,"score_斑塊增加":46.81303116147309,"score_平均斑塊縮小":50.63739376770538,"score_道路建成區切割":27.47875354107649,"score_孤立比例":45.34938621340888,"score_距大型綠地":44.66477809254013,"綜合破碎化分數":42.0,"破碎化等級":"低","判定原因":"面積減少0.0%；斑塊增加0.0%；平均斑塊縮小0.2%；道路密度0.00 km/km²；孤立比例0.0%；距大型綠地0m","2021面積_ha":104.04,"2022面積_ha":104.04,"2023面積_ha":104.04}},{"type":"Feature","geometry":{"type":"Polygon","coordinates":[[[121.68017689512062,24.377497700043595],[121.68022520753459,24.386526186669823],[121.6900829877048,24.38648160717567],[121.69003397528488,24.377453139157417],[121.68017689512062,24.377497700043595]]]},"properties":{"grid_id":"G008_037","綠地類型":"森林","中心經度":121.68513,"中心緯度":24.38199,"分析面積_km2":1.04,"2020面積_ha":104.04,"2024面積_ha":104.04,"面積減少率_pct":0.0,"2020斑塊數":1,"2024斑塊數":1,"斑塊數增加率_pct":0.0,"2020平均斑塊面積_ha":172555.65,"2024平均斑塊面積_ha":172145.43,"平均斑塊面積下降率_pct":0.24,"道路切割密度_km_per_km2":0.0,"建成區邊界切割密度_km_per_km2":0.0,"孤立小斑塊比例_pct":0.0,"距大型連續綠地平均距離_m":0.0,"score_面積減少":36.827195467422094,"score_斑塊增加":46.81303116147309,"score_平均斑塊縮小":50.63739376770538,"score_道路建成區切割":27.47875354107649,"score_孤立比例":45.34938621340888,"score_距大型綠地":44.66477809254013,"綜合破碎化分數":42.0,"破碎化等級":"低","判定原因":"面積減少0.0%；斑塊增加0.0%；平均斑塊縮小0.2%；道路密度0.00 km/km²；孤立比例0.0%；距大型綠地0m","2021面積_ha":104.04,"2022面積_ha":104.04,"2023面積_ha":103.95}},{"type":"Feature","geometry":{"type":"Polygon","coordinates":[[[121.69003397528488,24.377453139157417],[121.6900829877048,24.38648160717567],[121.69994074386928,24.386436386395367],[121.69989103145086,24.377407937252748],[121.69003397528488,24.377453139157417]]]},"properties":{"grid_id":"G008_038","綠地類型":"森林","中心經度":121.694987,"中心緯度":24.381945,"分析面積_km2":1.04,"2020面積_ha":104.04,"2024面積_ha":104.04,"面積減少率_pct":0.0,"2020斑塊數":1,"2024斑塊數":1,"斑塊數增加率_pct":0.0,"2020平均斑塊面積_ha":172555.65,"2024平均斑塊面積_ha":172145.43,"平均斑塊面積下降率_pct":0.24,"道路切割密度_km_per_km2":0.0,"建成區邊界切割密度_km_per_km2":0.0,"孤立小斑塊比例_pct":0.0,"距大型連續綠地平均距離_m":0.0,"score_面積減少":36.827195467422094,"score_斑塊增加":46.81303116147309,"score_平均斑塊縮小":50.63739376770538,"score_道路建成區切割":27.47875354107649,"score_孤立比例":45.34938621340888,"score_距大型綠地":44.66477809254013,"綜合破碎化分數":42.0,"破碎化等級":"低","判定原因":"面積減少0.0%；斑塊增加0.0%；平均斑塊縮小0.2%；道路密度0.00 km/km²；孤立比例0.0%；距大型綠地0m","2021面積_ha":104.04,"2022面積_ha":104.04,"2023面積_ha":104.04}},{"type":"Feature","geometry":{"type":"Polygon","coordinates":[[[121.69989103145086,24.377407937252748],[121.69994074386928,24.386436386395367],[121.70979847568519,24.386390524335127],[121.70974806327592,24.377362094335815],[121.69989103145086,24.377407937252748]]]},"properties":{"grid_id":"G008_039","綠地類型":"森林","中心經度":121.704845,"中心緯度":24.381899,"分析面積_km2":1.04,"2020面積_ha":104.04,"2024面積_ha":104.04,"面積減少率_pct":0.0,"2020斑塊數":1,"2024斑塊數":1,"斑塊數增加率_pct":0.0,"2020平均斑塊面積_ha":172555.65,"2024平均斑塊面積_ha":172145.43,"平均斑塊面積下降率_pct":0.24,"道路切割密度_km_per_km2":0.0,"建成區邊界切割密度_km_per_km2":0.0,"孤立小斑塊比例_pct":0.0,"距大型連續綠地平均距離_m":0.0,"score_面積減少":36.827195467422094,"score_斑塊增加":46.81303116147309,"score_平均斑塊縮小":50.63739376770538,"score_道路建成區切割":27.47875354107649,"score_孤立比例":45.34938621340888,"score_距大型綠地":44.66477809254013,"綜合破碎化分數":42.0,"破碎化等級":"低","判定原因":"面積減少0.0%；斑塊增加0.0%；平均斑塊縮小0.2%；道路密度0.00 km/km²；孤立比例0.0%；距大型綠地0m","2021面積_ha":104.04,"2022面積_ha":104.04,"2023面積_ha":104.04}},{"type":"Feature","geometry":{"type":"Polygon","coordinates":[[[121.70974806327592,24.377362094335815],[121.70979847568519,24.386390524335127],[121.71965618280971,24.38634402100128],[121.71960507041733,24.37731561041293],[121.70974806327592,24.377362094335815]]]},"properties":{"grid_id":"G008_040","綠地類型":"森林","中心經度":121.714702,"中心緯度":24.381853,"分析面積_km2":1.04,"2020面積_ha":104.04,"2024面積_ha":104.04,"面積減少率_pct":0.0,"2020斑塊數":1,"2024斑塊數":1,"斑塊數增加率_pct":0.0,"2020平均斑塊面積_ha":172555.65,"2024平均斑塊面積_ha":172145.43,"平均斑塊面積下降率_pct":0.24,"道路切割密度_km_per_km2":0.0,"建成區邊界切割密度_km_per_km2":0.0,"孤立小斑塊比例_pct":0.0,"距大型連續綠地平均距離_m":0.0,"score_面積減少":36.827195467422094,"score_斑塊增加":46.81303116147309,"score_平均斑塊縮小":50.63739376770538,"score_道路建成區切割":27.47875354107649,"score_孤立比例":45.34938621340888,"score_距大型綠地":44.66477809254013,"綜合破碎化分數":42.0,"破碎化等級":"低","判定原因":"面積減少0.0%；斑塊增加0.0%；平均斑塊縮小0.2%；道路密度0.00 km/km²；孤立比例0.0%；距大型綠地0m","2021面積_ha":104.04,"2022面積_ha":104.04,"2023面積_ha":104.04}},{"type":"Feature","geometry":{"type":"Polygon","coordinates":[[[121.74917594031263,24.377172312673046],[121.749229152607,24.386200663422578],[121.75908675753796,24.386151595059243],[121.75903284529242,24.377123264791283],[121.74917594031263,24.377172312673046]]]},"properties":{"grid_id":"G008_044","綠地類型":"森林","中心經度":121.754131,"中心緯度":24.381662,"分析面積_km2":1.04,"2020面積_ha":104.04,"2024面積_ha":104.04,"面積減少率_pct":0.0,"2020斑塊數":1,"2024斑塊數":1,"斑塊數增加率_pct":0.0,"2020平均斑塊面積_ha":172555.65,"2024平均斑塊面積_ha":172145.43,"平均斑塊面積下降率_pct":0.24,"道路切割密度_km_per_km2":0.519,"建成區邊界切割密度_km_per_km2":0.0,"孤立小斑塊比例_pct":0.0,"距大型連續綠地平均距離_m":0.0,"score_面積減少":36.827195467422094,"score_斑塊增加":46.81303116147309,"score_平均斑塊縮小":50.63739376770538,"score_道路建成區切割":38.99905571293674,"score_孤立比例":45.34938621340888,"score_距大型綠地":44.66477809254013,"綜合破碎化分數":43.9,"破碎化等級":"低","判定原因":"面積減少0.0%；斑塊增加0.0%；平均斑塊縮小0.2%；道路密度0.52 km/km²；孤立比例0.0%；距大型綠地0m","2021面積_ha":104.04,"2022面積_ha":104.04,"2023面積_ha":104.04}},{"type":"Feature","geometry":{"type":"Polygon","coordinates":[[[121.75903284529242,24.377123264791283],[121.75908675753796,24.386151595059243],[121.76894433606354,24.386101885455226],[121.7688897238751,24.37707357593648],[121.75903284529242,24.377123264791283]]]},"properties":{"grid_id":"G008_045","綠地類型":"森林","中心經度":121.763988,"中心緯度":24.381613,"分析面積_km2":1.04,"2020面積_ha":104.04,"2024面積_ha":104.04,"面積減少率_pct":0.0,"2020斑塊數":1,"2024斑塊數":1,"斑塊數增加率_pct":0.0,"2020平均斑塊面積_ha":172555.65,"2024平均斑塊面積_ha":172145.43,"平均斑塊面積下降率_pct":0.24,"道路切割密度_km_per_km2":0.0,"建成區邊界切割密度_km_per_km2":0.0,"孤立小斑塊比例_pct":0.0,"距大型連續綠地平均距離_m":0.0,"score_面積減少":36.827195467422094,"score_斑塊增加":46.81303116147309,"score_平均斑塊縮小":50.63739376770538,"score_道路建成區切割":27.47875354107649,"score_孤立比例":45.34938621340888,"score_距大型綠地":44.66477809254013,"綜合破碎化分數":42.0,"破碎化等級":"低","判定原因":"面積減少0.0%；斑塊增加0.0%；平均斑塊縮小0.2%；道路密度0.00 km/km²；孤立比例0.0%；距大型綠地0m","2021面積_ha":104.04,"2022面積_ha":104.04,"2023面積_ha":104.04}},{"type":"Feature","geometry":{"type":"Polygon","coordinates":[[[121.33521426198762,24.39671137526272],[121.33520485218877,24.393145120962338],[121.33515,24.39319],[121.33477000000002,24.39345],[121.33451000000001,24.393699999999995],[121.33427,24.39403],[121.33404,24.39428],[121.3338,24.394499999999997],[121.33335,24.39478],[121.33303000000001,24.39502999999999],[121.33260000000001,24.395509999999998],[121.33220999999999,24.396],[121.33200000000001,24.39643],[121.33189575333449,24.396718683242806],[121.33521426198762,24.39671137526272]]]},"properties":{"grid_id":"G009_001","綠地類型":"森林","中心經度":121.3342,"中心緯度":24.394903,"分析面積_km2":0.084,"2020面積_ha":8.37,"2024面積_ha":8.37,"面積減少率_pct":0.0,"2020斑塊數":1,"2024斑塊數":1,"斑塊數增加率_pct":0.0,"2020平均斑塊面積_ha":172555.65,"2024平均斑塊面積_ha":172145.43,"平均斑塊面積下降率_pct":0.24,"道路切割密度_km_per_km2":0.0,"建成區邊界切割密度_km_per_km2":0.0,"孤立小斑塊比例_pct":0.0,"距大型連續綠地平均距離_m":0.0,"score_面積減少":36.827195467422094,"score_斑塊增加":46.81303116147309,"score_平均斑塊縮小":50.63739376770538,"score_道路建成區切割":27.47875354107649,"score_孤立比例":45.34938621340888,"score_距大型綠地":44.66477809254013,"綜合破碎化分數":42.0,"破碎化等級":"低","判定原因":"面積減少0.0%；斑塊增加0.0%；平均斑塊縮小0.2%；道路密度0.00 km/km²；孤立比例0.0%；距大型綠地0m","2021面積_ha":8.37,"2022面積_ha":8.37,"2023面積_ha":8.37}},{"type":"Feature","geometry":{"type":"Polygon","coordinates":[[[121.37462398605815,24.387590043152574],[121.37465060818151,24.396618963062487],[121.38450966299439,24.396594255737536],[121.38448234034254,24.387565346138018],[121.37462398605815,24.387590043152574]]]},"properties":{"grid_id":"G009_006","綠地類型":"森林","中心經度":121.379567,"中心緯度":24.392092,"分析面積_km2":1.04,"2020面積_ha":96.93,"2024面積_ha":100.62,"面積減少率_pct":0.0,"2020斑塊數":1,"2024斑塊數":1,"斑塊數增加率_pct":0.0,"2020平均斑塊面積_ha":172555.65,"2024平均斑塊面積_ha":172145.43,"平均斑塊面積下降率_pct":0.24,"道路切割密度_km_per_km2":0.0,"建成區邊界切割密度_km_per_km2":0.0,"孤立小斑塊比例_pct":0.0,"距大型連續綠地平均距離_m":0.0,"score_面積減少":36.827195467422094,"score_斑塊增加":46.81303116147309,"score_平均斑塊縮小":50.63739376770538,"score_道路建成區切割":27.47875354107649,"score_孤立比例":45.34938621340888,"score_距大型綠地":44.66477809254013,"綜合破碎化分數":42.0,"破碎化等級":"低","判定原因":"面積減少0.0%；斑塊增加0.0%；平均斑塊縮小0.2%；道路密度0.00 km/km²；孤立比例0.0%；距大型綠地0m","2021面積_ha":101.88,"2022面積_ha":102.96,"2023面積_ha":100.17}},{"type":"Feature","geometry":{"type":"Polygon","coordinates":[[[121.53235585742658,24.38711792077579],[121.53239368744298,24.39614664358685],[121.542252487006,24.39611166947816],[121.54221395654103,24.387082961261726],[121.53235585742658,24.38711792077579]]]},"properties":{"grid_id":"G009_022","綠地類型":"森林","中心經度":121.537304,"中心緯度":24.391615,"分析面積_km2":1.04,"2020面積_ha":103.86,"2024面積_ha":103.86,"面積減少率_pct":0.0,"2020斑塊數":1,"2024斑塊數":1,"斑塊數增加率_pct":0.0,"2020平均斑塊面積_ha":172555.65,"2024平均斑塊面積_ha":172145.43,"平均斑塊面積下降率_pct":0.24,"道路切割密度_km_per_km2":0.0,"建成區邊界切割密度_km_per_km2":0.0,"孤立小斑塊比例_pct":0.0,"距大型連續綠地平均距離_m":0.0,"score_面積減少":36.827195467422094,"score_斑塊增加":46.81303116147309,"score_平均斑塊縮小":50.63739376770538,"score_道路建成區切割":27.47875354107649,"score_孤立比例":45.34938621340888,"score_距大型綠地":44.66477809254013,"綜合破碎化分數":42.0,"破碎化等級":"低","判定原因":"面積減少0.0%；斑塊增加0.0%；平均斑塊縮小0.2%；道路密度0.00 km/km²；孤立比例0.0%；距大型綠地0m","2021面積_ha":103.77,"2022面積_ha":103.77,"2023面積_ha":103.68}},{"type":"Feature","geometry":{"type":"Polygon","coordinates":[[[121.54221395654103,24.387082961261726],[121.542252487006,24.39611166947816],[121.55211126770028,24.39607605373269],[121.5520720367926,24.387047360378638],[121.54221395654103,24.387082961261726]]]},"properties":{"grid_id":"G009_023","綠地類型":"森林","中心經度":121.547162,"中心緯度":24.39158,"分析面積_km2":1.04,"2020面積_ha":104.04,"2024面積_ha":104.04,"面積減少率_pct":0.0,"2020斑塊數":1,"2024斑塊數":1,"斑塊數增加率_pct":0.0,"2020平均斑塊面積_ha":172555.65,"2024平均斑塊面積_ha":172145.43,"平均斑塊面積下降率_pct":0.24,"道路切割密度_km_per_km2":0.0,"建成區邊界切割密度_km_per_km2":0.0,"孤立小斑塊比例_pct":0.0,"距大型連續綠地平均距離_m":0.0,"score_面積減少":36.827195467422094,"score_斑塊增加":46.81303116147309,"score_平均斑塊縮小":50.63739376770538,"score_道路建成區切割":27.47875354107649,"score_孤立比例":45.34938621340888,"score_距大型綠地":44.66477809254013,"綜合破碎化分數":42.0,"破碎化等級":"低","判定原因":"面積減少0.0%；斑塊增加0.0%；平均斑塊縮小0.2%；道路密度0.00 km/km²；孤立比例0.0%；距大型綠地0m","2021面積_ha":104.04,"2022面積_ha":104.04,"2023面積_ha":104.04}},{"type":"Feature","geometry":{"type":"Polygon","coordinates":[[[121.5520720367926,24.387047360378638],[121.55211126770028,24.39607605373269],[121.56197002918282,24.396039796355357],[121.56193009783844,24.387011118131426],[121.5520720367926,24.387047360378638]]]},"properties":{"grid_id":"G009_024","綠地類型":"森林","中心經度":121.557021,"中心緯度":24.391544,"分析面積_km2":1.04,"2020面積_ha":103.5,"2024面積_ha":103.77,"面積減少率_pct":0.0,"2020斑塊數":1,"2024斑塊數":1,"斑塊數增加率_pct":0.0,"2020平均斑塊面積_ha":172555.65,"2024平均斑塊面積_ha":172145.43,"平均斑塊面積下降率_pct":0.24,"道路切割密度_km_per_km2":0.0,"建成區邊界切割密度_km_per_km2":0.0,"孤立小斑塊比例_pct":0.0,"距大型連續綠地平均距離_m":0.0,"score_面積減少":36.827195467422094,"score_斑塊增加":46.81303116147309,"score_平均斑塊縮小":50.63739376770538,"score_道路建成區切割":27.47875354107649,"score_孤立比例":45.34938621340888,"score_距大型綠地":44.66477809254013,"綜合破碎化分數":42.0,"破碎化等級":"低","判定原因":"面積減少0.0%；斑塊增加0.0%；平均斑塊縮小0.2%；道路密度0.00 km/km²；孤立比例0.0%；距大型綠地0m","2021面積_ha":103.77,"2022面積_ha":103.77,"2023面積_ha":103.23}},{"type":"Feature","geometry":{"type":"Polygon","coordinates":[[[121.61122010298062,24.38682028661145],[121.61126353641457,24.395848885168704],[121.62112217542388,24.395808778108215],[121.62107804159156,24.386780196287482],[121.61122010298062,24.38682028661145]]]},"properties":{"grid_id":"G009_030","綠地類型":"森林","中心經度":121.616171,"中心緯度":24.391315,"分析面積_km2":1.04,"2020面積_ha":104.04,"2024面積_ha":104.04,"面積減少率_pct":0.0,"2020斑塊數":1,"2024斑塊數":1,"斑塊數增加率_pct":0.0,"2020平均斑塊面積_ha":172555.65,"2024平均斑塊面積_ha":172145.43,"平均斑塊面積下降率_pct":0.24,"道路切割密度_km_per_km2":0.0,"建成區邊界切割密度_km_per_km2":0.0,"孤立小斑塊比例_pct":0.0,"距大型連續綠地平均距離_m":0.0,"score_面積減少":36.827195467422094,"score_斑塊增加":46.81303116147309,"score_平均斑塊縮小":50.63739376770538,"score_道路建成區切割":27.47875354107649,"score_孤立比例":45.34938621340888,"score_距大型綠地":44.66477809254013,"綜合破碎化分數":42.0,"破碎化等級":"低","判定原因":"面積減少0.0%；斑塊增加0.0%；平均斑塊縮小0.2%；道路密度0.00 km/km²；孤立比例0.0%；距大型綠地0m","2021面積_ha":104.04,"2022面積_ha":104.04,"2023面積_ha":104.04}},{"type":"Feature","geometry":{"type":"Polygon","coordinates":[[[121.64079385365304,24.386698091663252],[121.64083938826174,24.39572663920775],[121.65069796140433,24.395684607379103],[121.65065172641788,24.3866560773743],[121.64079385365304,24.386698091663252]]]},"properties":{"grid_id":"G009_033","綠地類型":"森林","中心經度":121.645746,"中心緯度":24.391191,"分析面積_km2":1.04,"2020面積_ha":104.04,"2024面積_ha":104.04,"面積減少率_pct":0.0,"2020斑塊數":1,"2024斑塊數":1,"斑塊數增加率_pct":0.0,"2020平均斑塊面積_ha":172555.65,"2024平均斑塊面積_ha":172145.43,"平均斑塊面積下降率_pct":0.24,"道路切割密度_km_per_km2":0.0,"建成區邊界切割密度_km_per_km2":0.0,"孤立小斑塊比例_pct":0.0,"距大型連續綠地平均距離_m":0.0,"score_面積減少":36.827195467422094,"score_斑塊增加":46.81303116147309,"score_平均斑塊縮小":50.63739376770538,"score_道路建成區切割":27.47875354107649,"score_孤立比例":45.34938621340888,"score_距大型綠地":44.66477809254013,"綜合破碎化分數":42.0,"破碎化等級":"低","判定原因":"面積減少0.0%；斑塊增加0.0%；平均斑塊縮小0.2%；道路密度0.00 km/km²；孤立比例0.0%；距大型綠地0m","2021面積_ha":104.04,"2022面積_ha":104.04,"2023面積_ha":104.04}},{"type":"Feature","geometry":{"type":"Polygon","coordinates":[[[121.65065172641788,24.3866560773743],[121.65069796140433,24.395684607379103],[121.66055651190547,24.395641933972538],[121.6605095765483,24.386613421775138],[121.65065172641788,24.3866560773743]]]},"properties":{"grid_id":"G009_034","綠地類型":"森林","中心經度":121.655604,"中心緯度":24.391149,"分析面積_km2":1.04,"2020面積_ha":104.04,"2024面積_ha":104.04,"面積減少率_pct":0.0,"2020斑塊數":1,"2024斑塊數":1,"斑塊數增加率_pct":0.0,"2020平均斑塊面積_ha":172555.65,"2024平均斑塊面積_ha":172145.43,"平均斑塊面積下降率_pct":0.24,"道路切割密度_km_per_km2":0.0,"建成區邊界切割密度_km_per_km2":0.0,"孤立小斑塊比例_pct":0.0,"距大型連續綠地平均距離_m":0.0,"score_面積減少":36.827195467422094,"score_斑塊增加":46.81303116147309,"score_平均斑塊縮小":50.63739376770538,"score_道路建成區切割":27.47875354107649,"score_孤立比例":45.34938621340888,"score_距大型綠地":44.66477809254013,"綜合破碎化分數":42.0,"破碎化等級":"低","判定原因":"面積減少0.0%；斑塊增加0.0%；平均斑塊縮小0.2%；道路密度0.00 km/km²；孤立比例0.0%；距大型綠地0m","2021面積_ha":104.04,"2022面積_ha":104.04,"2023面積_ha":104.04}},{"type":"Feature","geometry":{"type":"Polygon","coordinates":[[[121.6605095765483,24.386613421775138],[121.66055651190547,24.395641933972538],[121.67041503942217,24.395598618993937],[121.67036740370149,24.386570124871657],[121.6605095765483,24.386613421775138]]]},"properties":{"grid_id":"G009_035","綠地類型":"森林","中心經度":121.665462,"中心緯度":24.391106,"分析面積_km2":1.04,"2020面積_ha":104.04,"2024面積_ha":104.04,"面積減少率_pct":0.0,"2020斑塊數":1,"2024斑塊數":1,"斑塊數增加率_pct":0.0,"2020平均斑塊面積_ha":172555.65,"2024平均斑塊面積_ha":172145.43,"平均斑塊面積下降率_pct":0.24,"道路切割密度_km_per_km2":0.0,"建成區邊界切割密度_km_per_km2":0.0,"孤立小斑塊比例_pct":0.0,"距大型連續綠地平均距離_m":0.0,"score_面積減少":36.827195467422094,"score_斑塊增加":46.81303116147309,"score_平均斑塊縮小":50.63739376770538,"score_道路建成區切割":27.47875354107649,"score_孤立比例":45.34938621340888,"score_距大型綠地":44.66477809254013,"綜合破碎化分數":42.0,"破碎化等級":"低","判定原因":"面積減少0.0%；斑塊增加0.0%；平均斑塊縮小0.2%；道路密度0.00 km/km²；孤立比例0.0%；距大型綠地0m","2021面積_ha":104.04,"2022面積_ha":104.04,"2023面積_ha":104.04}},{"type":"Feature","geometry":{"type":"Polygon","coordinates":[[[121.67036740370149,24.386570124871657],[121.67041503942217,24.395598618993937],[121.68027354361148,24.39555466244926],[121.68022520753459,24.386526186669823],[121.67036740370149,24.386570124871657]]]},"properties":{"grid_id":"G009_036","綠地類型":"森林","中心經度":121.67532,"中心緯度":24.391062,"分析面積_km2":1.04,"2020面積_ha":104.04,"2024面積_ha":104.04,"面積減少率_pct":0.0,"2020斑塊數":1,"2024斑塊數":1,"斑塊數增加率_pct":0.0,"2020平均斑塊面積_ha":172555.65,"2024平均斑塊面積_ha":172145.43,"平均斑塊面積下降率_pct":0.24,"道路切割密度_km_per_km2":0.0,"建成區邊界切割密度_km_per_km2":0.0,"孤立小斑塊比例_pct":0.0,"距大型連續綠地平均距離_m":0.0,"score_面積減少":36.827195467422094,"score_斑塊增加":46.81303116147309,"score_平均斑塊縮小":50.63739376770538,"score_道路建成區切割":27.47875354107649,"score_孤立比例":45.34938621340888,"score_距大型綠地":44.66477809254013,"綜合破碎化分數":42.0,"破碎化等級":"低","判定原因":"面積減少0.0%；斑塊增加0.0%；平均斑塊縮小0.2%；道路密度0.00 km/km²；孤立比例0.0%；距大型綠地0m","2021面積_ha":104.04,"2022面積_ha":104.04,"2023面積_ha":104.04}},{"type":"Feature","geometry":{"type":"Polygon","coordinates":[[[121.6900829877048,24.38648160717567],[121.69013202413046,24.395510064344577],[121.69999048063623,24.395464824686027],[121.69994074386928,24.386436386395367],[121.6900829877048,24.38648160717567]]]},"properties":{"grid_id":"G009_038","綠地類型":"森林","中心經度":121.695037,"中心緯度":24.390973,"分析面積_km2":1.04,"2020面積_ha":104.04,"2024面積_ha":104.04,"面積減少率_pct":0.0,"2020斑塊數":1,"2024斑塊數":1,"斑塊數增加率_pct":0.0,"2020平均斑塊面積_ha":172555.65,"2024平均斑塊面積_ha":172145.43,"平均斑塊面積下降率_pct":0.24,"道路切割密度_km_per_km2":0.231,"建成區邊界切割密度_km_per_km2":0.0,"孤立小斑塊比例_pct":0.0,"距大型連續綠地平均距離_m":0.0,"score_面積減少":36.827195467422094,"score_斑塊增加":46.81303116147309,"score_平均斑塊縮小":50.63739376770538,"score_道路建成區切割":37.31114258734655,"score_孤立比例":45.34938621340888,"score_距大型綠地":44.66477809254013,"綜合破碎化分數":43.6,"破碎化等級":"低","判定原因":"面積減少0.0%；斑塊增加0.0%；平均斑塊縮小0.2%；道路密度0.23 km/km²；孤立比例0.0%；距大型綠地0m","2021面積_ha":104.04,"2022面積_ha":104.04,"2023面積_ha":104.04}},{"type":"Feature","geometry":{"type":"Polygon","coordinates":[[[121.69994074386928,24.386436386395367],[121.69999048063623,24.395464824686027],[121.7098489127858,24.39541894347985],[121.70979847568519,24.386390524335127],[121.69994074386928,24.386436386395367]]]},"properties":{"grid_id":"G009_039","綠地類型":"森林","中心經度":121.704895,"中心緯度":24.390928,"分析面積_km2":1.04,"2020面積_ha":104.04,"2024面積_ha":104.04,"面積減少率_pct":0.0,"2020斑塊數":1,"2024斑塊數":1,"斑塊數增加率_pct":0.0,"2020平均斑塊面積_ha":172555.65,"2024平均斑塊面積_ha":172145.43,"平均斑塊面積下降率_pct":0.24,"道路切割密度_km_per_km2":0.0,"建成區邊界切割密度_km_per_km2":0.0,"孤立小斑塊比例_pct":0.0,"距大型連續綠地平均距離_m":0.0,"score_面積減少":36.827195467422094,"score_斑塊增加":46.81303116147309,"score_平均斑塊縮小":50.63739376770538,"score_道路建成區切割":27.47875354107649,"score_孤立比例":45.34938621340888,"score_距大型綠地":44.66477809254013,"綜合破碎化分數":42.0,"破碎化等級":"低","判定原因":"面積減少0.0%；斑塊增加0.0%；平均斑塊縮小0.2%；道路密度0.00 km/km²；孤立比例0.0%；距大型綠地0m","2021面積_ha":104.04,"2022面積_ha":104.04,"2023面積_ha":104.04}},{"type":"Feature","geometry":{"type":"Polygon","coordinates":[[[121.70979847568519,24.386390524335127],[121.7098489127858,24.39541894347985],[121.71970732023628,24.395372420732357],[121.71965618280971,24.38634402100128],[121.70979847568519,24.386390524335127]]]},"properties":{"grid_id":"G009_040","綠地類型":"森林","中心經度":121.714753,"中心緯度":24.390882,"分析面積_km2":1.04,"2020面積_ha":104.04,"2024面積_ha":104.04,"面積減少率_pct":0.0,"2020斑塊數":1,"2024斑塊數":1,"斑塊數增加率_pct":0.0,"2020平均斑塊面積_ha":172555.65,"2024平均斑塊面積_ha":172145.43,"平均斑塊面積下降率_pct":0.24,"道路切割密度_km_per_km2":0.0,"建成區邊界切割密度_km_per_km2":0.0,"孤立小斑塊比例_pct":0.0,"距大型連續綠地平均距離_m":0.0,"score_面積減少":36.827195467422094,"score_斑塊增加":46.81303116147309,"score_平均斑塊縮小":50.63739376770538,"score_道路建成區切割":27.47875354107649,"score_孤立比例":45.34938621340888,"score_距大型綠地":44.66477809254013,"綜合破碎化分數":42.0,"破碎化等級":"低","判定原因":"面積減少0.0%；斑塊增加0.0%；平均斑塊縮小0.2%；道路密度0.00 km/km²；孤立比例0.0%；距大型綠地0m","2021面積_ha":104.04,"2022面積_ha":104.04,"2023面積_ha":104.04}},{"type":"Feature","geometry":{"type":"Polygon","coordinates":[[[121.71965618280971,24.38634402100128],[121.71970732023628,24.395372420732357],[121.72956570264475,24.39532525644997],[121.72951386490006,24.386296876400223],[121.71965618280971,24.38634402100128]]]},"properties":{"grid_id":"G009_041","綠地類型":"森林","中心經度":121.724611,"中心緯度":24.390835,"分析面積_km2":1.04,"2020面積_ha":104.04,"2024面積_ha":104.04,"面積減少率_pct":0.0,"2020斑塊數":1,"2024斑塊數":1,"斑塊數增加率_pct":0.0,"2020平均斑塊面積_ha":172555.65,"2024平均斑塊面積_ha":172145.43,"平均斑塊面積下降率_pct":0.24,"道路切割密度_km_per_km2":0.0,"建成區邊界切割密度_km_per_km2":0.0,"孤立小斑塊比例_pct":0.0,"距大型連續綠地平均距離_m":0.0,"score_面積減少":36.827195467422094,"score_斑塊增加":46.81303116147309,"score_平均斑塊縮小":50.63739376770538,"score_道路建成區切割":27.47875354107649,"score_孤立比例":45.34938621340888,"score_距大型綠地":44.66477809254013,"綜合破碎化分數":42.0,"破碎化等級":"低","判定原因":"面積減少0.0%；斑塊增加0.0%；平均斑塊縮小0.2%；道路密度0.00 km/km²；孤立比例0.0%；距大型綠地0m","2021面積_ha":104.04,"2022面積_ha":104.04,"2023面積_ha":104.04}},{"type":"Feature","geometry":{"type":"Polygon","coordinates":[[[121.72951386490006,24.386296876400223],[121.72956570264475,24.39532525644997],[121.73942405966827,24.39527745063919],[121.73937152161342,24.386249090538463],[121.72951386490006,24.386296876400223]]]},"properties":{"grid_id":"G009_042","綠地類型":"森林","中心經度":121.734469,"中心緯度":24.390787,"分析面積_km2":1.04,"2020面積_ha":104.04,"2024面積_ha":104.04,"面積減少率_pct":0.0,"2020斑塊數":1,"2024斑塊數":1,"斑塊數增加率_pct":0.0,"2020平均斑塊面積_ha":172555.65,"2024平均斑塊面積_ha":172145.43,"平均斑塊面積下降率_pct":0.24,"道路切割密度_km_per_km2":0.0,"建成區邊界切割密度_km_per_km2":0.0,"孤立小斑塊比例_pct":0.0,"距大型連續綠地平均距離_m":0.0,"score_面積減少":36.827195467422094,"score_斑塊增加":46.81303116147309,"score_平均斑塊縮小":50.63739376770538,"score_道路建成區切割":27.47875354107649,"score_孤立比例":45.34938621340888,"score_距大型綠地":44.66477809254013,"綜合破碎化分數":42.0,"破碎化等級":"低","判定原因":"面積減少0.0%；斑塊增加0.0%；平均斑塊縮小0.2%；道路密度0.00 km/km²；孤立比例0.0%；距大型綠地0m","2021面積_ha":104.04,"2022面積_ha":104.04,"2023面積_ha":104.04}},{"type":"Feature","geometry":{"type":"Polygon","coordinates":[[[121.749229152607,24.386200663422578],[121.74928239096396,24.395229003306586],[121.75914069618888,24.395179914458858],[121.75908675753796,24.386151595059243],[121.749229152607,24.386200663422578]]]},"properties":{"grid_id":"G009_044","綠地類型":"森林","中心經度":121.754185,"中心緯度":24.39069,"分析面積_km2":1.04,"2020面積_ha":104.04,"2024面積_ha":104.04,"面積減少率_pct":0.0,"2020斑塊數":1,"2024斑塊數":1,"斑塊數增加率_pct":0.0,"2020平均斑塊面積_ha":172555.65,"2024平均斑塊面積_ha":172145.43,"平均斑塊面積下降率_pct":0.24,"道路切割密度_km_per_km2":0.0,"建成區邊界切割密度_km_per_km2":0.0,"孤立小斑塊比例_pct":0.0,"距大型連續綠地平均距離_m":0.0,"score_面積減少":36.827195467422094,"score_斑塊增加":46.81303116147309,"score_平均斑塊縮小":50.63739376770538,"score_道路建成區切割":27.47875354107649,"score_孤立比例":45.34938621340888,"score_距大型綠地":44.66477809254013,"綜合破碎化分數":42.0,"破碎化等級":"低","判定原因":"面積減少0.0%；斑塊增加0.0%；平均斑塊縮小0.2%；道路密度0.00 km/km²；孤立比例0.0%；距大型綠地0m","2021面積_ha":104.04,"2022面積_ha":104.04,"2023面積_ha":104.04}},{"type":"Feature","geometry":{"type":"Polygon","coordinates":[[[121.75908675753796,24.386151595059243],[121.75914069618888,24.395179914458858],[121.76899897500017,24.395130184102758],[121.76894433606354,24.386101885455226],[121.75908675753796,24.386151595059243]]]},"properties":{"grid_id":"G009_045","綠地類型":"森林","中心經度":121.764043,"中心緯度":24.390641,"分析面積_km2":1.04,"2020面積_ha":104.04,"2024面積_ha":104.04,"面積減少率_pct":0.0,"2020斑塊數":1,"2024斑塊數":1,"斑塊數增加率_pct":0.0,"2020平均斑塊面積_ha":172555.65,"2024平均斑塊面積_ha":172145.43,"平均斑塊面積下降率_pct":0.24,"道路切割密度_km_per_km2":0.0,"建成區邊界切割密度_km_per_km2":0.0,"孤立小斑塊比例_pct":0.0,"距大型連續綠地平均距離_m":0.0,"score_面積減少":36.827195467422094,"score_斑塊增加":46.81303116147309,"score_平均斑塊縮小":50.63739376770538,"score_道路建成區切割":27.47875354107649,"score_孤立比例":45.34938621340888,"score_距大型綠地":44.66477809254013,"綜合破碎化分數":42.0,"破碎化等級":"低","判定原因":"面積減少0.0%；斑塊增加0.0%；平均斑塊縮小0.2%；道路密度0.00 km/km²；孤立比例0.0%；距大型綠地0m","2021面積_ha":104.04,"2022面積_ha":104.04,"2023面積_ha":104.04}},{"type":"Feature","geometry":{"type":"Polygon","coordinates":[[[121.76894433606354,24.386101885455226],[121.76899897500017,24.395130184102758],[121.7788572270549,24.39507981224514],[121.77880188784097,24.386051534617362],[121.76894433606354,24.386101885455226]]]},"properties":{"grid_id":"G009_046","綠地類型":"森林","中心經度":121.773901,"中心緯度":24.390591,"分析面積_km2":1.04,"2020面積_ha":94.5,"2024面積_ha":101.97,"面積減少率_pct":0.0,"2020斑塊數":2,"2024斑塊數":1,"斑塊數增加率_pct":0.0,"2020平均斑塊面積_ha":86277.915,"2024平均斑塊面積_ha":172145.43,"平均斑塊面積下降率_pct":0.0,"道路切割密度_km_per_km2":5.017,"建成區邊界切割密度_km_per_km2":0.0,"孤立小斑塊比例_pct":0.0,"距大型連續綠地平均距離_m":0.0,"score_面積減少":36.827195467422094,"score_斑塊增加":46.81303116147309,"score_平均斑塊縮小":3.7535410764872523,"score_道路建成區切割":60.245514636449485,"score_孤立比例":45.34938621340888,"score_距大型綠地":44.66477809254013,"綜合破碎化分數":39.6,"破碎化等級":"低","判定原因":"面積減少0.0%；斑塊增加0.0%；平均斑塊縮小0.0%；道路密度5.02 km/km²；孤立比例0.0%；距大型綠地0m","2021面積_ha":99.18,"2022面積_ha":97.11,"2023面積_ha":100.26}},{"type":"Feature","geometry":{"type":"Polygon","coordinates":[[[121.32537827616281,24.405761830685215],[121.33523809362246,24.405740322953257],[121.33521426198762,24.39671137526272],[121.33189575333449,24.396718683242806],[121.33187,24.396789999999996],[121.33166000000001,24.397740000000002],[121.33148000000001,24.398120000000002],[121.33131,24.398319999999995],[121.33084,24.398599999999995],[121.33054000000001,24.398729999999997],[121.33026,24.398769999999992],[121.32987,24.398810000000005],[121.32775,24.398619999999998],[121.32709,24.39862],[121.32689,24.398639999999993],[121.32670000000002,24.39877],[121.32661000000002,24.398849999999992],[121.32633,24.399260000000005],[121.32569,24.40006],[121.32539,24.400589999999998],[121.32536519482363,24.40065614740669],[121.32537827616281,24.405761830685215]]]},"properties":{"grid_id":"G010_001","綠地類型":"森林","中心經度":121.330302,"中心緯度":24.403198,"分析面積_km2":0.868,"2020面積_ha":86.85,"2024面積_ha":86.85,"面積減少率_pct":0.0,"2020斑塊數":1,"2024斑塊數":1,"斑塊數增加率_pct":0.0,"2020平均斑塊面積_ha":172555.65,"2024平均斑塊面積_ha":172145.43,"平均斑塊面積下降率_pct":0.24,"道路切割密度_km_per_km2":0.38,"建成區邊界切割密度_km_per_km2":0.0,"孤立小斑塊比例_pct":0.0,"距大型連續綠地平均距離_m":0.0,"score_面積減少":36.827195467422094,"score_斑塊增加":46.81303116147309,"score_平均斑塊縮小":50.63739376770538,"score_道路建成區切割":38.37346553352219,"score_孤立比例":45.34938621340888,"score_距大型綠地":44.66477809254013,"綜合破碎化分數":43.8,"破碎化等級":"低","判定原因":"面積減少0.0%；斑塊增加0.0%；平均斑塊縮小0.2%；道路密度0.38 km/km²；孤立比例0.0%；距大型綠地0m","2021面積_ha":86.85,"2022面積_ha":86.85,"2023面積_ha":86.85}},{"type":"Feature","geometry":{"type":"Polygon","coordinates":[[[121.34507336689136,24.396689234784056],[121.34509789941337,24.405718173234053],[121.35495769319242,24.405695381530656],[121.35493245978694,24.396666452589024],[121.34507336689136,24.396689234784056]]]},"properties":{"grid_id":"G010_003","綠地類型":"森林","中心經度":121.350015,"中心緯度":24.401192,"分析面積_km2":1.04,"2020面積_ha":104.04,"2024面積_ha":104.04,"面積減少率_pct":0.0,"2020斑塊數":1,"2024斑塊數":1,"斑塊數增加率_pct":0.0,"2020平均斑塊面積_ha":172555.65,"2024平均斑塊面積_ha":172145.43,"平均斑塊面積下降率_pct":0.24,"道路切割密度_km_per_km2":0.519,"建成區邊界切割密度_km_per_km2":0.0,"孤立小斑塊比例_pct":0.0,"距大型連續綠地平均距離_m":0.0,"score_面積減少":36.827195467422094,"score_斑塊增加":46.81303116147309,"score_平均斑塊縮小":50.63739376770538,"score_道路建成區切割":38.99905571293674,"score_孤立比例":45.34938621340888,"score_距大型綠地":44.66477809254013,"綜合破碎化分數":43.9,"破碎化等級":"低","判定原因":"面積減少0.0%；斑塊增加0.0%；平均斑塊縮小0.2%；道路密度0.52 km/km²；孤立比例0.0%；距大型綠地0m","2021面積_ha":104.04,"2022面積_ha":104.04,"2023面積_ha":104.04}},{"type":"Feature","geometry":{"type":"Polygon","coordinates":[[[121.44366369887751,24.396432536144278],[121.44369524004708,24.405461367458887],[121.45355489483347,24.40543215610092],[121.45352265282398,24.396403336972817],[121.44366369887751,24.396432536144278]]]},"properties":{"grid_id":"G010_013","綠地類型":"森林","中心經度":121.448609,"中心緯度":24.400932,"分析面積_km2":1.04,"2020面積_ha":94.14,"2024面積_ha":94.59,"面積減少率_pct":0.0,"2020斑塊數":1,"2024斑塊數":1,"斑塊數增加率_pct":0.0,"2020平均斑塊面積_ha":172555.65,"2024平均斑塊面積_ha":172145.43,"平均斑塊面積下降率_pct":0.24,"道路切割密度_km_per_km2":0.346,"建成區邊界切割密度_km_per_km2":0.0,"孤立小斑塊比例_pct":0.0,"距大型連續綠地平均距離_m":0.0,"score_面積減少":36.827195467422094,"score_斑塊增加":46.81303116147309,"score_平均斑塊縮小":50.63739376770538,"score_道路建成區切割":38.03116147308782,"score_孤立比例":45.34938621340888,"score_距大型綠地":44.66477809254013,"綜合破碎化分數":43.7,"破碎化等級":"低","判定原因":"面積減少0.0%；斑塊增加0.0%；平均斑塊縮小0.2%；道路密度0.35 km/km²；孤立比例0.0%；距大型綠地0m","2021面積_ha":94.95,"2022面積_ha":94.95,"2023面積_ha":94.32}},{"type":"Feature","geometry":{"type":"Polygon","coordinates":[[[121.45352265282398,24.396403336972817],[121.45355489483347,24.40543215610092],[121.46341453383332,24.405402302798198],[121.4633815909888,24.396373496124383],[121.45352265282398,24.396403336972817]]]},"properties":{"grid_id":"G010_014","綠地類型":"森林","中心經度":121.458468,"中心緯度":24.400903,"分析面積_km2":1.04,"2020面積_ha":82.89,"2024面積_ha":80.46,"面積減少率_pct":2.93,"2020斑塊數":2,"2024斑塊數":1,"斑塊數增加率_pct":0.0,"2020平均斑塊面積_ha":86278.095,"2024平均斑塊面積_ha":172145.43,"平均斑塊面積下降率_pct":0.0,"道路切割密度_km_per_km2":0.0,"建成區邊界切割密度_km_per_km2":0.0,"孤立小斑塊比例_pct":0.0,"距大型連續綠地平均距離_m":0.0,"score_面積減少":91.8791312559018,"score_斑塊增加":46.81303116147309,"score_平均斑塊縮小":3.7535410764872523,"score_道路建成區切割":27.47875354107649,"score_孤立比例":45.34938621340888,"score_距大型綠地":44.66477809254013,"綜合破碎化分數":43.3,"破碎化等級":"低","判定原因":"面積減少2.9%；斑塊增加0.0%；平均斑塊縮小0.0%；道路密度0.00 km/km²；孤立比例0.0%；距大型綠地0m","2021面積_ha":79.56,"2022面積_ha":98.46,"2023面積_ha":83.07}},{"type":"Feature","geometry":{"type":"Polygon","coordinates":[[[121.542252487006,24.39611166947816],[121.54229103633975,24.405140366876896],[121.55215051781974,24.405104736266996],[121.55211126770028,24.39607605373269],[121.542252487006,24.39611166947816]]]},"properties":{"grid_id":"G010_023","綠地類型":"森林","中心經度":121.547201,"中心緯度":24.400608,"分析面積_km2":1.04,"2020面積_ha":103.95,"2024面積_ha":103.95,"面積減少率_pct":0.0,"2020斑塊數":1,"2024斑塊數":1,"斑塊數增加率_pct":0.0,"2020平均斑塊面積_ha":172555.65,"2024平均斑塊面積_ha":172145.43,"平均斑塊面積下降率_pct":0.24,"道路切割密度_km_per_km2":0.0,"建成區邊界切割密度_km_per_km2":0.0,"孤立小斑塊比例_pct":0.0,"距大型連續綠地平均距離_m":0.0,"score_面積減少":36.827195467422094,"score_斑塊增加":46.81303116147309,"score_平均斑塊縮小":50.63739376770538,"score_道路建成區切割":27.47875354107649,"score_孤立比例":45.34938621340888,"score_距大型綠地":44.66477809254013,"綜合破碎化分數":42.0,"破碎化等級":"低","判定原因":"面積減少0.0%；斑塊增加0.0%；平均斑塊縮小0.2%；道路密度0.00 km/km²；孤立比例0.0%；距大型綠地0m","2021面積_ha":103.95,"2022面積_ha":103.95,"2023面積_ha":103.95}},{"type":"Feature","geometry":{"type":"Polygon","coordinates":[[[121.61126353641457,24.395848885168704],[121.61130699111818,24.40487747289313],[121.62116633086883,24.4048373490938],[121.62112217542388,24.395808778108215],[121.61126353641457,24.395848885168704]]]},"properties":{"grid_id":"G010_030","綠地類型":"森林","中心經度":121.616215,"中心緯度":24.400343,"分析面積_km2":1.04,"2020面積_ha":91.89,"2024面積_ha":92.52,"面積減少率_pct":0.0,"2020斑塊數":1,"2024斑塊數":1,"斑塊數增加率_pct":0.0,"2020平均斑塊面積_ha":172555.65,"2024平均斑塊面積_ha":172145.43,"平均斑塊面積下降率_pct":0.24,"道路切割密度_km_per_km2":0.202,"建成區邊界切割密度_km_per_km2":0.0,"孤立小斑塊比例_pct":0.0,"距大型連續綠地平均距離_m":0.0,"score_面積減少":36.827195467422094,"score_斑塊增加":46.81303116147309,"score_平均斑塊縮小":50.63739376770538,"score_道路建成區切割":37.08687440982059,"score_孤立比例":45.34938621340888,"score_距大型綠地":44.66477809254013,"綜合破碎化分數":43.6,"破碎化等級":"低","判定原因":"面積減少0.0%；斑塊增加0.0%；平均斑塊縮小0.2%；道路密度0.20 km/km²；孤立比例0.0%；距大型綠地0m","2021面積_ha":93.42,"2022面積_ha":92.7,"2023面積_ha":92.97}},{"type":"Feature","geometry":{"type":"Polygon","coordinates":[[[121.63098079282061,24.39576802945269],[121.63102564900012,24.404796583431676],[121.64088494516898,24.40475517591238],[121.64083938826174,24.39572663920775],[121.63098079282061,24.39576802945269]]]},"properties":{"grid_id":"G010_032","綠地類型":"森林","中心經度":121.635933,"中心緯度":24.400262,"分析面積_km2":1.04,"2020面積_ha":104.04,"2024面積_ha":104.04,"面積減少率_pct":0.0,"2020斑塊數":1,"2024斑塊數":1,"斑塊數增加率_pct":0.0,"2020平均斑塊面積_ha":172555.65,"2024平均斑塊面積_ha":172145.43,"平均斑塊面積下降率_pct":0.24,"道路切割密度_km_per_km2":0.0,"建成區邊界切割密度_km_per_km2":0.0,"孤立小斑塊比例_pct":0.0,"距大型連續綠地平均距離_m":0.0,"score_面積減少":36.827195467422094,"score_斑塊增加":46.81303116147309,"score_平均斑塊縮小":50.63739376770538,"score_道路建成區切割":27.47875354107649,"score_孤立比例":45.34938621340888,"score_距大型綠地":44.66477809254013,"綜合破碎化分數":42.0,"破碎化等級":"低","判定原因":"面積減少0.0%；斑塊增加0.0%；平均斑塊縮小0.2%；道路密度0.00 km/km²；孤立比例0.0%；距大型綠地0m","2021面積_ha":104.04,"2022面積_ha":104.04,"2023面積_ha":104.04}},{"type":"Feature","geometry":{"type":"Polygon","coordinates":[[[121.64083938826174,24.39572663920775],[121.64088494516898,24.40475517591238],[121.65074421903229,24.40471312654162],[121.65069796140433,24.395684607379103],[121.64083938826174,24.39572663920775]]]},"properties":{"grid_id":"G010_033","綠地類型":"森林","中心經度":121.645792,"中心緯度":24.40022,"分析面積_km2":1.04,"2020面積_ha":104.04,"2024面積_ha":104.04,"面積減少率_pct":0.0,"2020斑塊數":1,"2024斑塊數":1,"斑塊數增加率_pct":0.0,"2020平均斑塊面積_ha":172555.65,"2024平均斑塊面積_ha":172145.43,"平均斑塊面積下降率_pct":0.24,"道路切割密度_km_per_km2":0.0,"建成區邊界切割密度_km_per_km2":0.0,"孤立小斑塊比例_pct":0.0,"距大型連續綠地平均距離_m":0.0,"score_面積減少":36.827195467422094,"score_斑塊增加":46.81303116147309,"score_平均斑塊縮小":50.63739376770538,"score_道路建成區切割":27.47875354107649,"score_孤立比例":45.34938621340888,"score_距大型綠地":44.66477809254013,"綜合破碎化分數":42.0,"破碎化等級":"低","判定原因":"面積減少0.0%；斑塊增加0.0%；平均斑塊縮小0.2%；道路密度0.00 km/km²；孤立比例0.0%；距大型綠地0m","2021面積_ha":104.04,"2022面積_ha":104.04,"2023面積_ha":104.04}},{"type":"Feature","geometry":{"type":"Polygon","coordinates":[[[121.65069796140433,24.395684607379103],[121.65074421903229,24.40471312654162],[121.66060347024705,24.404670435325187],[121.66055651190547,24.395641933972538],[121.65069796140433,24.395684607379103]]]},"properties":{"grid_id":"G010_034","綠地類型":"森林","中心經度":121.655651,"中心緯度":24.400178,"分析面積_km2":1.04,"2020面積_ha":104.04,"2024面積_ha":104.04,"面積減少率_pct":0.0,"2020斑塊數":1,"2024斑塊數":1,"斑塊數增加率_pct":0.0,"2020平均斑塊面積_ha":172555.65,"2024平均斑塊面積_ha":172145.43,"平均斑塊面積下降率_pct":0.24,"道路切割密度_km_per_km2":0.0,"建成區邊界切割密度_km_per_km2":0.0,"孤立小斑塊比例_pct":0.0,"距大型連續綠地平均距離_m":0.0,"score_面積減少":36.827195467422094,"score_斑塊增加":46.81303116147309,"score_平均斑塊縮小":50.63739376770538,"score_道路建成區切割":27.47875354107649,"score_孤立比例":45.34938621340888,"score_距大型綠地":44.66477809254013,"綜合破碎化分數":42.0,"破碎化等級":"低","判定原因":"面積減少0.0%；斑塊增加0.0%；平均斑塊縮小0.2%；道路密度0.00 km/km²；孤立比例0.0%；距大型綠地0m","2021面積_ha":104.04,"2022面積_ha":104.04,"2023面積_ha":104.04}},{"type":"Feature","geometry":{"type":"Polygon","coordinates":[[[121.66055651190547,24.395641933972538],[121.66060347024705,24.404670435325187],[121.6704626984702,24.404627102268964],[121.67041503942217,24.395598618993937],[121.66055651190547,24.395641933972538]]]},"properties":{"grid_id":"G010_035","綠地類型":"森林","中心經度":121.665509,"中心緯度":24.400135,"分析面積_km2":1.04,"2020面積_ha":104.04,"2024面積_ha":104.04,"面積減少率_pct":0.0,"2020斑塊數":1,"2024斑塊數":1,"斑塊數增加率_pct":0.0,"2020平均斑塊面積_ha":172555.65,"2024平均斑塊面積_ha":172145.43,"平均斑塊面積下降率_pct":0.24,"道路切割密度_km_per_km2":0.0,"建成區邊界切割密度_km_per_km2":0.0,"孤立小斑塊比例_pct":0.0,"距大型連續綠地平均距離_m":0.0,"score_面積減少":36.827195467422094,"score_斑塊增加":46.81303116147309,"score_平均斑塊縮小":50.63739376770538,"score_道路建成區切割":27.47875354107649,"score_孤立比例":45.34938621340888,"score_距大型綠地":44.66477809254013,"綜合破碎化分數":42.0,"破碎化等級":"低","判定原因":"面積減少0.0%；斑塊增加0.0%；平均斑塊縮小0.2%；道路密度0.00 km/km²；孤立比例0.0%；距大型綠地0m","2021面積_ha":104.04,"2022面積_ha":104.04,"2023面積_ha":104.04}},{"type":"Feature","geometry":{"type":"Polygon","coordinates":[[[121.69999048063623,24.395464824686027],[121.70004024175937,24.40449325212174],[121.70989937458555,24.404447351766972],[121.7098489127858,24.39541894347985],[121.69999048063623,24.395464824686027]]]},"properties":{"grid_id":"G010_039","綠地類型":"森林","中心經度":121.704945,"中心緯度":24.399956,"分析面積_km2":1.04,"2020面積_ha":104.04,"2024面積_ha":104.04,"面積減少率_pct":0.0,"2020斑塊數":1,"2024斑塊數":1,"斑塊數增加率_pct":0.0,"2020平均斑塊面積_ha":172555.65,"2024平均斑塊面積_ha":172145.43,"平均斑塊面積下降率_pct":0.24,"道路切割密度_km_per_km2":0.0,"建成區邊界切割密度_km_per_km2":0.0,"孤立小斑塊比例_pct":0.0,"距大型連續綠地平均距離_m":0.0,"score_面積減少":36.827195467422094,"score_斑塊增加":46.81303116147309,"score_平均斑塊縮小":50.63739376770538,"score_道路建成區切割":27.47875354107649,"score_孤立比例":45.34938621340888,"score_距大型綠地":44.66477809254013,"綜合破碎化分數":42.0,"破碎化等級":"低","判定原因":"面積減少0.0%；斑塊增加0.0%；平均斑塊縮小0.2%；道路密度0.00 km/km²；孤立比例0.0%；距大型綠地0m","2021面積_ha":104.04,"2022面積_ha":104.04,"2023面積_ha":104.04}},{"type":"Feature","geometry":{"type":"Polygon","coordinates":[[[121.7098489127858,24.39541894347985],[121.70989937458555,24.404447351766972],[121.71975848270486,24.404400809603157],[121.71970732023628,24.395372420732357],[121.7098489127858,24.39541894347985]]]},"properties":{"grid_id":"G010_040","綠地類型":"森林","中心經度":121.714804,"中心緯度":24.39991,"分析面積_km2":1.04,"2020面積_ha":104.04,"2024面積_ha":104.04,"面積減少率_pct":0.0,"2020斑塊數":1,"2024斑塊數":1,"斑塊數增加率_pct":0.0,"2020平均斑塊面積_ha":172555.65,"2024平均斑塊面積_ha":172145.43,"平均斑塊面積下降率_pct":0.24,"道路切割密度_km_per_km2":0.0,"建成區邊界切割密度_km_per_km2":0.0,"孤立小斑塊比例_pct":0.0,"距大型連續綠地平均距離_m":0.0,"score_面積減少":36.827195467422094,"score_斑塊增加":46.81303116147309,"score_平均斑塊縮小":50.63739376770538,"score_道路建成區切割":27.47875354107649,"score_孤立比例":45.34938621340888,"score_距大型綠地":44.66477809254013,"綜合破碎化分數":42.0,"破碎化等級":"低","判定原因":"面積減少0.0%；斑塊增加0.0%；平均斑塊縮小0.2%；道路密度0.00 km/km²；孤立比例0.0%；距大型綠地0m","2021面積_ha":104.04,"2022面積_ha":104.04,"2023面積_ha":104.04}},{"type":"Feature","geometry":{"type":"Polygon","coordinates":[[[121.71970732023628,24.395372420732357],[121.71975848270486,24.404400809603157],[121.72961756577435,24.404353625636723],[121.72956570264475,24.39532525644997],[121.71970732023628,24.395372420732357]]]},"properties":{"grid_id":"G010_041","綠地類型":"森林","中心經度":121.724662,"中心緯度":24.399863,"分析面積_km2":1.04,"2020面積_ha":104.04,"2024面積_ha":104.04,"面積減少率_pct":0.0,"2020斑塊數":1,"2024斑塊數":1,"斑塊數增加率_pct":0.0,"2020平均斑塊面積_ha":172555.65,"2024平均斑塊面積_ha":172145.43,"平均斑塊面積下降率_pct":0.24,"道路切割密度_km_per_km2":0.0,"建成區邊界切割密度_km_per_km2":0.0,"孤立小斑塊比例_pct":0.0,"距大型連續綠地平均距離_m":0.0,"score_面積減少":36.827195467422094,"score_斑塊增加":46.81303116147309,"score_平均斑塊縮小":50.63739376770538,"score_道路建成區切割":27.47875354107649,"score_孤立比例":45.34938621340888,"score_距大型綠地":44.66477809254013,"綜合破碎化分數":42.0,"破碎化等級":"低","判定原因":"面積減少0.0%；斑塊增加0.0%；平均斑塊縮小0.2%；道路密度0.00 km/km²；孤立比例0.0%；距大型綠地0m","2021面積_ha":104.04,"2022面積_ha":104.04,"2023面積_ha":103.86}},{"type":"Feature","geometry":{"type":"Polygon","coordinates":[[[121.39439674132639,24.405597794939286],[121.39442479195358,24.414626672374947],[121.40428522173191,24.41460065995052],[121.40425646989853,24.405571793363812],[121.39439674132639,24.405597794939286]]]},"properties":{"grid_id":"G011_008","綠地類型":"森林","中心經度":121.399341,"中心緯度":24.410099,"分析面積_km2":1.04,"2020面積_ha":101.25,"2024面積_ha":101.79,"面積減少率_pct":0.0,"2020斑塊數":1,"2024斑塊數":1,"斑塊數增加率_pct":0.0,"2020平均斑塊面積_ha":172555.65,"2024平均斑塊面積_ha":172145.43,"平均斑塊面積下降率_pct":0.24,"道路切割密度_km_per_km2":0.433,"建成區邊界切割密度_km_per_km2":0.0,"孤立小斑塊比例_pct":0.0,"距大型連續綠地平均距離_m":0.0,"score_面積減少":36.827195467422094,"score_斑塊增加":46.81303116147309,"score_平均斑塊縮小":50.63739376770538,"score_道路建成區切割":38.57412653446648,"score_孤立比例":45.34938621340888,"score_距大型綠地":44.66477809254013,"綜合破碎化分數":43.8,"破碎化等級":"低","判定原因":"面積減少0.0%；斑塊增加0.0%；平均斑塊縮小0.2%；道路密度0.43 km/km²；孤立比例0.0%；距大型綠地0m","2021面積_ha":100.08,"2022面積_ha":102.6,"2023面積_ha":100.98}},{"type":"Feature","geometry":{"type":"Polygon","coordinates":[[[121.48313376310071,24.40534067037497],[121.48316812441593,24.41436944052763],[121.4930284151599,24.414337648156096],[121.49299335268202,24.40530889126296],[121.48313376310071,24.40534067037497]]]},"properties":{"grid_id":"G011_017","綠地類型":"森林","中心經度":121.488081,"中心緯度":24.409839,"分析面積_km2":1.04,"2020面積_ha":91.08,"2024面積_ha":94.05,"面積減少率_pct":0.0,"2020斑塊數":1,"2024斑塊數":1,"斑塊數增加率_pct":0.0,"2020平均斑塊面積_ha":172555.65,"2024平均斑塊面積_ha":172145.43,"平均斑塊面積下降率_pct":0.24,"道路切割密度_km_per_km2":0.0,"建成區邊界切割密度_km_per_km2":0.0,"孤立小斑塊比例_pct":0.0,"距大型連續綠地平均距離_m":0.0,"score_面積減少":36.827195467422094,"score_斑塊增加":46.81303116147309,"score_平均斑塊縮小":50.63739376770538,"score_道路建成區切割":27.47875354107649,"score_孤立比例":45.34938621340888,"score_距大型綠地":44.66477809254013,"綜合破碎化分數":42.0,"破碎化等級":"低","判定原因":"面積減少0.0%；斑塊增加0.0%；平均斑塊縮小0.2%；道路密度0.00 km/km²；孤立比例0.0%；距大型綠地0m","2021面積_ha":94.14,"2022面積_ha":95.49,"2023面積_ha":93.6}},{"type":"Feature","geometry":{"type":"Polygon","coordinates":[[[121.49299335268202,24.40530889126296],[121.4930284151599,24.414337648156096],[121.50288868873939,24.414305213588946],[121.50285292510424,24.40527647022317],[121.49299335268202,24.40530889126296]]]},"properties":{"grid_id":"G011_018","綠地類型":"森林","中心經度":121.497941,"中心緯度":24.409807,"分析面積_km2":1.04,"2020面積_ha":92.34,"2024面積_ha":94.23,"面積減少率_pct":0.0,"2020斑塊數":1,"2024斑塊數":1,"斑塊數增加率_pct":0.0,"2020平均斑塊面積_ha":172555.65,"2024平均斑塊面積_ha":172145.43,"平均斑塊面積下降率_pct":0.24,"道路切割密度_km_per_km2":0.0,"建成區邊界切割密度_km_per_km2":0.0,"孤立小斑塊比例_pct":0.0,"距大型連續綠地平均距離_m":0.0,"score_面積減少":36.827195467422094,"score_斑塊增加":46.81303116147309,"score_平均斑塊縮小":50.63739376770538,"score_道路建成區切割":27.47875354107649,"score_孤立比例":45.34938621340888,"score_距大型綠地":44.66477809254013,"綜合破碎化分數":42.0,"破碎化等級":"低","判定原因":"面積減少0.0%；斑塊增加0.0%；平均斑塊縮小0.2%；道路密度0.00 km/km²；孤立比例0.0%；距大型綠地0m","2021面積_ha":95.04,"2022面積_ha":94.86,"2023面積_ha":93.51}},{"type":"Feature","geometry":{"type":"Polygon","coordinates":[[[121.50285292510424,24.40527647022317],[121.50288868873939,24.414305213588946],[121.5127489448112,24.414272136830647],[121.51271248002423,24.40524340726007],[121.50285292510424,24.40527647022317]]]},"properties":{"grid_id":"G011_019","綠地類型":"森林","中心經度":121.507801,"中心緯度":24.409774,"分析面積_km2":1.04,"2020面積_ha":102.69,"2024面積_ha":102.96,"面積減少率_pct":0.0,"2020斑塊數":1,"2024斑塊數":1,"斑塊數增加率_pct":0.0,"2020平均斑塊面積_ha":172555.65,"2024平均斑塊面積_ha":172145.43,"平均斑塊面積下降率_pct":0.24,"道路切割密度_km_per_km2":0.0,"建成區邊界切割密度_km_per_km2":0.0,"孤立小斑塊比例_pct":0.0,"距大型連續綠地平均距離_m":0.0,"score_面積減少":36.827195467422094,"score_斑塊增加":46.81303116147309,"score_平均斑塊縮小":50.63739376770538,"score_道路建成區切割":27.47875354107649,"score_孤立比例":45.34938621340888,"score_距大型綠地":44.66477809254013,"綜合破碎化分數":42.0,"破碎化等級":"低","判定原因":"面積減少0.0%；斑塊增加0.0%；平均斑塊縮小0.2%；道路密度0.00 km/km²；孤立比例0.0%；距大型綠地0m","2021面積_ha":102.87,"2022面積_ha":102.96,"2023面積_ha":102.96}},{"type":"Feature","geometry":{"type":"Polygon","coordinates":[[[121.51271248002423,24.40524340726007],[121.5127489448112,24.414272136830647],[121.52260918303205,24.414238417885777],[121.52257201709888,24.40520970237821],[121.51271248002423,24.40524340726007]]]},"properties":{"grid_id":"G011_020","綠地類型":"森林","中心經度":121.517661,"中心緯度":24.409741,"分析面積_km2":1.04,"2020面積_ha":97.92,"2024面積_ha":98.28,"面積減少率_pct":0.0,"2020斑塊數":1,"2024斑塊數":1,"斑塊數增加率_pct":0.0,"2020平均斑塊面積_ha":172555.65,"2024平均斑塊面積_ha":172145.43,"平均斑塊面積下降率_pct":0.24,"道路切割密度_km_per_km2":0.0,"建成區邊界切割密度_km_per_km2":0.0,"孤立小斑塊比例_pct":0.0,"距大型連續綠地平均距離_m":0.0,"score_面積減少":36.827195467422094,"score_斑塊增加":46.81303116147309,"score_平均斑塊縮小":50.63739376770538,"score_道路建成區切割":27.47875354107649,"score_孤立比例":45.34938621340888,"score_距大型綠地":44.66477809254013,"綜合破碎化分數":42.0,"破碎化等級":"低","判定原因":"面積減少0.0%；斑塊增加0.0%；平均斑塊縮小0.2%；道路密度0.00 km/km²；孤立比例0.0%；距大型綠地0m","2021面積_ha":98.91,"2022面積_ha":98.28,"2023面積_ha":98.19}},{"type":"Feature","geometry":{"type":"Polygon","coordinates":[[[121.55215051781974,24.405104736266996],[121.55218978715695,24.414133407978568],[121.56204995054195,24.414097120334716],[121.56200998008195,24.405068463757445],[121.55215051781974,24.405104736266996]]]},"properties":{"grid_id":"G011_024","綠地類型":"森林","中心經度":121.5571,"中心緯度":24.409601,"分析面積_km2":1.04,"2020面積_ha":98.55,"2024面積_ha":98.01,"面積減少率_pct":0.55,"2020斑塊數":2,"2024斑塊數":1,"斑塊數增加率_pct":0.0,"2020平均斑塊面積_ha":86277.87,"2024平均斑塊面積_ha":172145.43,"平均斑塊面積下降率_pct":0.0,"道路切割密度_km_per_km2":0.0,"建成區邊界切割密度_km_per_km2":0.0,"孤立小斑塊比例_pct":0.0,"距大型連續綠地平均距離_m":0.0,"score_面積減少":82.01133144475921,"score_斑塊增加":46.81303116147309,"score_平均斑塊縮小":3.7535410764872523,"score_道路建成區切割":27.47875354107649,"score_孤立比例":45.34938621340888,"score_距大型綠地":44.66477809254013,"綜合破碎化分數":41.7,"破碎化等級":"低","判定原因":"面積減少0.6%；斑塊增加0.0%；平均斑塊縮小0.0%；道路密度0.00 km/km²；孤立比例0.0%；距大型綠地0m","2021面積_ha":98.73,"2022面積_ha":98.55,"2023面積_ha":98.1}},{"type":"Feature","geometry":{"type":"Polygon","coordinates":[[[121.56200998008195,24.405068463757445],[121.56204995054195,24.414097120334716],[121.57191009435998,24.414060190528414],[121.57186942278331,24.405031549353254],[121.56200998008195,24.405068463757445]]]},"properties":{"grid_id":"G011_025","綠地類型":"森林","中心經度":121.56696,"中心緯度":24.409564,"分析面積_km2":1.04,"2020面積_ha":104.04,"2024面積_ha":104.04,"面積減少率_pct":0.0,"2020斑塊數":1,"2024斑塊數":1,"斑塊數增加率_pct":0.0,"2020平均斑塊面積_ha":172555.65,"2024平均斑塊面積_ha":172145.43,"平均斑塊面積下降率_pct":0.24,"道路切割密度_km_per_km2":0.0,"建成區邊界切割密度_km_per_km2":0.0,"孤立小斑塊比例_pct":0.0,"距大型連續綠地平均距離_m":0.0,"score_面積減少":36.827195467422094,"score_斑塊增加":46.81303116147309,"score_平均斑塊縮小":50.63739376770538,"score_道路建成區切割":27.47875354107649,"score_孤立比例":45.34938621340888,"score_距大型綠地":44.66477809254013,"綜合破碎化分數":42.0,"破碎化等級":"低","判定原因":"面積減少0.0%；斑塊增加0.0%；平均斑塊縮小0.2%；道路密度0.00 km/km²；孤立比例0.0%；距大型綠地0m","2021面積_ha":104.04,"2022面積_ha":104.04,"2023面積_ha":104.04}},{"type":"Feature","geometry":{"type":"Polygon","coordinates":[[[121.57186942278331,24.405031549353254],[121.57191009435998,24.414060190528414],[121.58177021826778,24.41402261856474],[121.58172884558067,24.404993993059513],[121.57186942278331,24.405031549353254]]]},"properties":{"grid_id":"G011_026","綠地類型":"森林","中心經度":121.57682,"中心緯度":24.409527,"分析面積_km2":1.04,"2020面積_ha":104.04,"2024面積_ha":104.04,"面積減少率_pct":0.0,"2020斑塊數":1,"2024斑塊數":1,"斑塊數增加率_pct":0.0,"2020平均斑塊面積_ha":172555.65,"2024平均斑塊面積_ha":172145.43,"平均斑塊面積下降率_pct":0.24,"道路切割密度_km_per_km2":0.0,"建成區邊界切割密度_km_per_km2":0.0,"孤立小斑塊比例_pct":0.0,"距大型連續綠地平均距離_m":0.0,"score_面積減少":36.827195467422094,"score_斑塊增加":46.81303116147309,"score_平均斑塊縮小":50.63739376770538,"score_道路建成區切割":27.47875354107649,"score_孤立比例":45.34938621340888,"score_距大型綠地":44.66477809254013,"綜合破碎化分數":42.0,"破碎化等級":"低","判定原因":"面積減少0.0%；斑塊增加0.0%；平均斑塊縮小0.2%；道路密度0.00 km/km²；孤立比例0.0%；距大型綠地0m","2021面積_ha":104.04,"2022面積_ha":104.04,"2023面積_ha":104.04}},{"type":"Feature","geometry":{"type":"Polygon","coordinates":[[[121.6014476300912,24.404916954824138],[121.60149040498001,24.413945548186085],[121.61135046709808,24.413906049781723],[121.61130699111818,24.40487747289313],[121.6014476300912,24.404916954824138]]]},"properties":{"grid_id":"G011_029","綠地類型":"森林","中心經度":121.606399,"中心緯度":24.409412,"分析面積_km2":1.04,"2020面積_ha":81.63,"2024面積_ha":83.88,"面積減少率_pct":0.0,"2020斑塊數":1,"2024斑塊數":1,"斑塊數增加率_pct":0.0,"2020平均斑塊面積_ha":172555.65,"2024平均斑塊面積_ha":172145.43,"平均斑塊面積下降率_pct":0.24,"道路切割密度_km_per_km2":0.375,"建成區邊界切割密度_km_per_km2":0.0,"孤立小斑塊比例_pct":0.0,"距大型連續綠地平均距離_m":0.0,"score_面積減少":36.827195467422094,"score_斑塊增加":46.81303116147309,"score_平均斑塊縮小":50.63739376770538,"score_道路建成區切割":38.26723323890462,"score_孤立比例":45.34938621340888,"score_距大型綠地":44.66477809254013,"綜合破碎化分數":43.8,"破碎化等級":"低","判定原因":"面積減少0.0%；斑塊增加0.0%；平均斑塊縮小0.2%；道路密度0.38 km/km²；孤立比例0.0%；距大型綠地0m","2021面積_ha":83.07,"2022面積_ha":84.06,"2023面積_ha":83.43}},{"type":"Feature","geometry":{"type":"Polygon","coordinates":[[[121.63102564900012,24.404796583431676],[121.6310705271421,24.413825126570178],[121.64093052438172,24.41378370177414],[121.64088494516898,24.40475517591238],[121.63102564900012,24.404796583431676]]]},"properties":{"grid_id":"G011_032","綠地類型":"森林","中心經度":121.635978,"中心緯度":24.40929,"分析面積_km2":1.04,"2020面積_ha":104.04,"2024面積_ha":104.04,"面積減少率_pct":0.0,"2020斑塊數":1,"2024斑塊數":1,"斑塊數增加率_pct":0.0,"2020平均斑塊面積_ha":172555.65,"2024平均斑塊面積_ha":172145.43,"平均斑塊面積下降率_pct":0.24,"道路切割密度_km_per_km2":0.0,"建成區邊界切割密度_km_per_km2":0.0,"孤立小斑塊比例_pct":0.0,"距大型連續綠地平均距離_m":0.0,"score_面積減少":36.827195467422094,"score_斑塊增加":46.81303116147309,"score_平均斑塊縮小":50.63739376770538,"score_道路建成區切割":27.47875354107649,"score_孤立比例":45.34938621340888,"score_距大型綠地":44.66477809254013,"綜合破碎化分數":42.0,"破碎化等級":"低","判定原因":"面積減少0.0%；斑塊增加0.0%；平均斑塊縮小0.2%；道路密度0.00 km/km²；孤立比例0.0%；距大型綠地0m","2021面積_ha":104.04,"2022面積_ha":104.04,"2023面積_ha":104.04}},{"type":"Feature","geometry":{"type":"Polygon","coordinates":[[[121.64088494516898,24.40475517591238],[121.64093052438172,24.41378370177414],[121.65079049930883,24.413741634858837],[121.65074421903229,24.40471312654162],[121.64088494516898,24.40475517591238]]]},"properties":{"grid_id":"G011_033","綠地類型":"森林","中心經度":121.645838,"中心緯度":24.409248,"分析面積_km2":1.04,"2020面積_ha":104.04,"2024面積_ha":104.04,"面積減少率_pct":0.0,"2020斑塊數":1,"2024斑塊數":1,"斑塊數增加率_pct":0.0,"2020平均斑塊面積_ha":172555.65,"2024平均斑塊面積_ha":172145.43,"平均斑塊面積下降率_pct":0.24,"道路切割密度_km_per_km2":0.0,"建成區邊界切割密度_km_per_km2":0.0,"孤立小斑塊比例_pct":0.0,"距大型連續綠地平均距離_m":0.0,"score_面積減少":36.827195467422094,"score_斑塊增加":46.81303116147309,"score_平均斑塊縮小":50.63739376770538,"score_道路建成區切割":27.47875354107649,"score_孤立比例":45.34938621340888,"score_距大型綠地":44.66477809254013,"綜合破碎化分數":42.0,"破碎化等級":"低","判定原因":"面積減少0.0%；斑塊增加0.0%；平均斑塊縮小0.2%；道路密度0.00 km/km²；孤立比例0.0%；距大型綠地0m","2021面積_ha":104.04,"2022面積_ha":104.04,"2023面積_ha":104.04}},{"type":"Feature","geometry":{"type":"Polygon","coordinates":[[[121.65074421903229,24.40471312654162],[121.65079049930883,24.413741634858837],[121.66065045158028,24.413698925830072],[121.66060347024705,24.404670435325187],[121.65074421903229,24.40471312654162]]]},"properties":{"grid_id":"G011_034","綠地類型":"森林","中心經度":121.655697,"中心緯度":24.409206,"分析面積_km2":1.04,"2020面積_ha":104.04,"2024面積_ha":104.04,"面積減少率_pct":0.0,"2020斑塊數":1,"2024斑塊數":1,"斑塊數增加率_pct":0.0,"2020平均斑塊面積_ha":172555.65,"2024平均斑塊面積_ha":172145.43,"平均斑塊面積下降率_pct":0.24,"道路切割密度_km_per_km2":0.0,"建成區邊界切割密度_km_per_km2":0.0,"孤立小斑塊比例_pct":0.0,"距大型連續綠地平均距離_m":0.0,"score_面積減少":36.827195467422094,"score_斑塊增加":46.81303116147309,"score_平均斑塊縮小":50.63739376770538,"score_道路建成區切割":27.47875354107649,"score_孤立比例":45.34938621340888,"score_距大型綠地":44.66477809254013,"綜合破碎化分數":42.0,"破碎化等級":"低","判定原因":"面積減少0.0%；斑塊增加0.0%；平均斑塊縮小0.2%；道路密度0.00 km/km²；孤立比例0.0%；距大型綠地0m","2021面積_ha":104.04,"2022面積_ha":104.04,"2023面積_ha":104.04}},{"type":"Feature","geometry":{"type":"Polygon","coordinates":[[[121.68032190335866,24.404583127378928],[121.68037028678357,24.41361158145581],[121.69023016902908,24.413566946122334],[121.69018108456939,24.404538510661137],[121.68032190335866,24.404583127378928]]]},"properties":{"grid_id":"G011_037","綠地類型":"森林","中心經度":121.685276,"中心緯度":24.409075,"分析面積_km2":1.04,"2020面積_ha":104.04,"2024面積_ha":104.04,"面積減少率_pct":0.0,"2020斑塊數":1,"2024斑塊數":1,"斑塊數增加率_pct":0.0,"2020平均斑塊面積_ha":172555.65,"2024平均斑塊面積_ha":172145.43,"平均斑塊面積下降率_pct":0.24,"道路切割密度_km_per_km2":0.0,"建成區邊界切割密度_km_per_km2":0.0,"孤立小斑塊比例_pct":0.0,"距大型連續綠地平均距離_m":0.0,"score_面積減少":36.827195467422094,"score_斑塊增加":46.81303116147309,"score_平均斑塊縮小":50.63739376770538,"score_道路建成區切割":27.47875354107649,"score_孤立比例":45.34938621340888,"score_距大型綠地":44.66477809254013,"綜合破碎化分數":42.0,"破碎化等級":"低","判定原因":"面積減少0.0%；斑塊增加0.0%；平均斑塊縮小0.2%；道路密度0.00 km/km²；孤立比例0.0%；距大型綠地0m","2021面積_ha":104.04,"2022面積_ha":104.04,"2023面積_ha":104.04}},{"type":"Feature","geometry":{"type":"Polygon","coordinates":[[[121.69018108456939,24.404538510661137],[121.69023016902908,24.413566946122334],[121.7000900272463,24.413521668699484],[121.70004024175937,24.40449325212174],[121.69018108456939,24.404538510661137]]]},"properties":{"grid_id":"G011_038","綠地類型":"森林","中心經度":121.695135,"中心緯度":24.40903,"分析面積_km2":1.04,"2020面積_ha":104.04,"2024面積_ha":104.04,"面積減少率_pct":0.0,"2020斑塊數":1,"2024斑塊數":1,"斑塊數增加率_pct":0.0,"2020平均斑塊面積_ha":172555.65,"2024平均斑塊面積_ha":172145.43,"平均斑塊面積下降率_pct":0.24,"道路切割密度_km_per_km2":0.0,"建成區邊界切割密度_km_per_km2":0.0,"孤立小斑塊比例_pct":0.0,"距大型連續綠地平均距離_m":0.0,"score_面積減少":36.827195467422094,"score_斑塊增加":46.81303116147309,"score_平均斑塊縮小":50.63739376770538,"score_道路建成區切割":27.47875354107649,"score_孤立比例":45.34938621340888,"score_距大型綠地":44.66477809254013,"綜合破碎化分數":42.0,"破碎化等級":"低","判定原因":"面積減少0.0%；斑塊增加0.0%；平均斑塊縮小0.2%；道路密度0.00 km/km²；孤立比例0.0%；距大型綠地0m","2021面積_ha":104.04,"2022面積_ha":104.04,"2023面積_ha":104.04}},{"type":"Feature","geometry":{"type":"Polygon","coordinates":[[[121.70004024175937,24.40449325212174],[121.7000900272463,24.413521668699484],[121.70994986109208,24.413475749193488],[121.70989937458555,24.404447351766972],[121.70004024175937,24.40449325212174]]]},"properties":{"grid_id":"G011_039","綠地類型":"森林","中心經度":121.704995,"中心緯度":24.408985,"分析面積_km2":1.04,"2020面積_ha":104.04,"2024面積_ha":104.04,"面積減少率_pct":0.0,"2020斑塊數":1,"2024斑塊數":1,"斑塊數增加率_pct":0.0,"2020平均斑塊面積_ha":172555.65,"2024平均斑塊面積_ha":172145.43,"平均斑塊面積下降率_pct":0.24,"道路切割密度_km_per_km2":0.0,"建成區邊界切割密度_km_per_km2":0.0,"孤立小斑塊比例_pct":0.0,"距大型連續綠地平均距離_m":0.0,"score_面積減少":36.827195467422094,"score_斑塊增加":46.81303116147309,"score_平均斑塊縮小":50.63739376770538,"score_道路建成區切割":27.47875354107649,"score_孤立比例":45.34938621340888,"score_距大型綠地":44.66477809254013,"綜合破碎化分數":42.0,"破碎化等級":"低","判定原因":"面積減少0.0%；斑塊增加0.0%；平均斑塊縮小0.2%；道路密度0.00 km/km²；孤立比例0.0%；距大型綠地0m","2021面積_ha":104.04,"2022面積_ha":104.04,"2023面積_ha":104.04}},{"type":"Feature","geometry":{"type":"Polygon","coordinates":[[[121.70989937458555,24.404447351766972],[121.70994986109208,24.413475749193488],[121.71980967022333,24.41342918761067],[121.71975848270486,24.404400809603157],[121.70989937458555,24.404447351766972]]]},"properties":{"grid_id":"G011_040","綠地類型":"森林","中心經度":121.714854,"中心緯度":24.408938,"分析面積_km2":1.04,"2020面積_ha":104.04,"2024面積_ha":104.04,"面積減少率_pct":0.0,"2020斑塊數":1,"2024斑塊數":1,"斑塊數增加率_pct":0.0,"2020平均斑塊面積_ha":172555.65,"2024平均斑塊面積_ha":172145.43,"平均斑塊面積下降率_pct":0.24,"道路切割密度_km_per_km2":0.029,"建成區邊界切割密度_km_per_km2":0.0,"孤立小斑塊比例_pct":0.0,"距大型連續綠地平均距離_m":0.0,"score_面積減少":36.827195467422094,"score_斑塊增加":46.81303116147309,"score_平均斑塊縮小":50.63739376770538,"score_道路建成區切割":35.87110481586403,"score_孤立比例":45.34938621340888,"score_距大型綠地":44.66477809254013,"綜合破碎化分數":43.4,"破碎化等級":"低","判定原因":"面積減少0.0%；斑塊增加0.0%；平均斑塊縮小0.2%；道路密度0.03 km/km²；孤立比例0.0%；距大型綠地0m","2021面積_ha":104.04,"2022面積_ha":104.04,"2023面積_ha":104.04}},{"type":"Feature","geometry":{"type":"Polygon","coordinates":[[[121.71975848270486,24.404400809603157],[121.71980967022333,24.41342918761067],[121.72966945429684,24.413381983957464],[121.72961756577435,24.404353625636723],[121.71975848270486,24.404400809603157]]]},"properties":{"grid_id":"G011_041","綠地類型":"森林","中心經度":121.724714,"中心緯度":24.408891,"分析面積_km2":1.04,"2020面積_ha":104.04,"2024面積_ha":104.04,"面積減少率_pct":0.0,"2020斑塊數":1,"2024斑塊數":1,"斑塊數增加率_pct":0.0,"2020平均斑塊面積_ha":172555.65,"2024平均斑塊面積_ha":172145.43,"平均斑塊面積下降率_pct":0.24,"道路切割密度_km_per_km2":0.0,"建成區邊界切割密度_km_per_km2":0.0,"孤立小斑塊比例_pct":0.0,"距大型連續綠地平均距離_m":0.0,"score_面積減少":36.827195467422094,"score_斑塊增加":46.81303116147309,"score_平均斑塊縮小":50.63739376770538,"score_道路建成區切割":27.47875354107649,"score_孤立比例":45.34938621340888,"score_距大型綠地":44.66477809254013,"綜合破碎化分數":42.0,"破碎化等級":"低","判定原因":"面積減少0.0%；斑塊增加0.0%；平均斑塊縮小0.2%；道路密度0.00 km/km²；孤立比例0.0%；距大型綠地0m","2021面積_ha":104.04,"2022面積_ha":104.04,"2023面積_ha":104.04}},{"type":"Feature","geometry":{"type":"Polygon","coordinates":[[[121.33526193692602,24.414769259857685],[121.33528579190195,24.423798185973048],[121.34514700049688,24.423776017768933],[121.3451224439473,24.414747100896665],[121.33526193692602,24.414769259857685]]]},"properties":{"grid_id":"G012_002","綠地類型":"森林","中心經度":121.340204,"中心緯度":24.419273,"分析面積_km2":1.04,"2020面積_ha":93.51,"2024面積_ha":96.57,"面積減少率_pct":0.0,"2020斑塊數":1,"2024斑塊數":1,"斑塊數增加率_pct":0.0,"2020平均斑塊面積_ha":172555.65,"2024平均斑塊面積_ha":172145.43,"平均斑塊面積下降率_pct":0.24,"道路切割密度_km_per_km2":0.0,"建成區邊界切割密度_km_per_km2":0.0,"孤立小斑塊比例_pct":0.0,"距大型連續綠地平均距離_m":0.0,"score_面積減少":36.827195467422094,"score_斑塊增加":46.81303116147309,"score_平均斑塊縮小":50.63739376770538,"score_道路建成區切割":27.47875354107649,"score_孤立比例":45.34938621340888,"score_距大型綠地":44.66477809254013,"綜合破碎化分數":42.0,"破碎化等級":"低","判定原因":"面積減少0.0%；斑塊增加0.0%；平均斑塊縮小0.2%；道路密度0.00 km/km²；孤立比例0.0%；距大型綠地0m","2021面積_ha":89.01,"2022面積_ha":102.87,"2023面積_ha":89.28}},{"type":"Feature","geometry":{"type":"Polygon","coordinates":[[[121.37470389154421,24.414676770513953],[121.3747305527917,24.423705658049567],[121.3845917112487,24.423680919784868],[121.38456434844326,24.41465204256393],[121.37470389154421,24.414676770513953]]]},"properties":{"grid_id":"G012_006","綠地類型":"森林","中心經度":121.379648,"中心緯度":24.419179,"分析面積_km2":1.04,"2020面積_ha":68.58,"2024面積_ha":74.16,"面積減少率_pct":0.0,"2020斑塊數":2,"2024斑塊數":1,"斑塊數增加率_pct":0.0,"2020平均斑塊面積_ha":86277.915,"2024平均斑塊面積_ha":172145.43,"平均斑塊面積下降率_pct":0.0,"道路切割密度_km_per_km2":4.498,"建成區邊界切割密度_km_per_km2":0.346,"孤立小斑塊比例_pct":0.0,"距大型連續綠地平均距離_m":0.0,"score_面積減少":36.827195467422094,"score_斑塊增加":46.81303116147309,"score_平均斑塊縮小":3.7535410764872523,"score_道路建成區切割":81.61000944287062,"score_孤立比例":45.34938621340888,"score_距大型綠地":44.66477809254013,"綜合破碎化分數":43.2,"破碎化等級":"低","判定原因":"面積減少0.0%；斑塊增加0.0%；平均斑塊縮小0.0%；道路密度4.50 km/km²；孤立比例0.0%；距大型綠地0m","2021面積_ha":68.85,"2022面積_ha":74.7,"2023面積_ha":73.17}},{"type":"Feature","geometry":{"type":"Polygon","coordinates":[[[121.41414563743497,24.414574005294224],[121.41417510488866,24.42360284996382],[121.42403620771374,24.42357554169311],[121.42400603871953,24.41454670840973],[121.41414563743497,24.414574005294224]]]},"properties":{"grid_id":"G012_010","綠地類型":"森林","中心經度":121.419091,"中心緯度":24.419075,"分析面積_km2":1.04,"2020面積_ha":104.04,"2024面積_ha":104.04,"面積減少率_pct":0.0,"2020斑塊數":1,"2024斑塊數":1,"斑塊數增加率_pct":0.0,"2020平均斑塊面積_ha":172555.65,"2024平均斑塊面積_ha":172145.43,"平均斑塊面積下降率_pct":0.24,"道路切割密度_km_per_km2":0.0,"建成區邊界切割密度_km_per_km2":0.0,"孤立小斑塊比例_pct":0.0,"距大型連續綠地平均距離_m":0.0,"score_面積減少":36.827195467422094,"score_斑塊增加":46.81303116147309,"score_平均斑塊縮小":50.63739376770538,"score_道路建成區切割":27.47875354107649,"score_孤立比例":45.34938621340888,"score_距大型綠地":44.66477809254013,"綜合破碎化分數":42.0,"破碎化等級":"低","判定原因":"面積減少0.0%；斑塊增加0.0%；平均斑塊縮小0.2%；道路密度0.00 km/km²；孤立比例0.0%；距大型綠地0m","2021面積_ha":104.04,"2022面積_ha":104.04,"2023面積_ha":104.04}},{"type":"Feature","geometry":{"type":"Polygon","coordinates":[[[121.44372679666007,24.41449018797131],[121.44375836872132,24.423518997678592],[121.45361942621714,24.42348976194258],[121.45358715262957,24.41446096442517],[121.44372679666007,24.41449018797131]]]},"properties":{"grid_id":"G012_013","綠地類型":"森林","中心經度":121.448673,"中心緯度":24.41899,"分析面積_km2":1.04,"2020面積_ha":104.04,"2024面積_ha":104.04,"面積減少率_pct":0.0,"2020斑塊數":1,"2024斑塊數":1,"斑塊數增加率_pct":0.0,"2020平均斑塊面積_ha":172555.65,"2024平均斑塊面積_ha":172145.43,"平均斑塊面積下降率_pct":0.24,"道路切割密度_km_per_km2":0.0,"建成區邊界切割密度_km_per_km2":0.0,"孤立小斑塊比例_pct":0.0,"距大型連續綠地平均距離_m":0.0,"score_面積減少":36.827195467422094,"score_斑塊增加":46.81303116147309,"score_平均斑塊縮小":50.63739376770538,"score_道路建成區切割":27.47875354107649,"score_孤立比例":45.34938621340888,"score_距大型綠地":44.66477809254013,"綜合破碎化分數":42.0,"破碎化等級":"低","判定原因":"面積減少0.0%；斑塊增加0.0%；平均斑塊縮小0.2%；道路密度0.00 km/km²；孤立比例0.0%；距大型綠地0m","2021面積_ha":104.04,"2022面積_ha":104.04,"2023面積_ha":104.04}},{"type":"Feature","geometry":{"type":"Polygon","coordinates":[[[121.50288868873939,24.414305213588946],[121.50292446988226,24.42333394613891],[121.51278542744909,24.42330085558352],[121.5127489448112,24.414272136830647],[121.50288868873939,24.414305213588946]]]},"properties":{"grid_id":"G012_019","綠地類型":"森林","中心經度":121.507837,"中心緯度":24.418803,"分析面積_km2":1.04,"2020面積_ha":55.35,"2024面積_ha":58.95,"面積減少率_pct":0.0,"2020斑塊數":2,"2024斑塊數":1,"斑塊數增加率_pct":0.0,"2020平均斑塊面積_ha":86278.635,"2024平均斑塊面積_ha":172145.43,"平均斑塊面積下降率_pct":0.0,"道路切割密度_km_per_km2":0.0,"建成區邊界切割密度_km_per_km2":0.0,"孤立小斑塊比例_pct":0.0,"距大型連續綠地平均距離_m":0.0,"score_面積減少":36.827195467422094,"score_斑塊增加":46.81303116147309,"score_平均斑塊縮小":3.7535410764872523,"score_道路建成區切割":27.47875354107649,"score_孤立比例":45.34938621340888,"score_距大型綠地":44.66477809254013,"綜合破碎化分數":34.1,"破碎化等級":"低","判定原因":"面積減少0.0%；斑塊增加0.0%；平均斑塊縮小0.0%；道路密度0.00 km/km²；孤立比例0.0%；距大型綠地0m","2021面積_ha":57.51,"2022面積_ha":61.29,"2023面積_ha":58.14}},{"type":"Feature","geometry":{"type":"Polygon","coordinates":[[[121.55218978715695,24.414133407978568],[121.55222907571797,24.423162068864436],[121.56208994056895,24.423125766084198],[121.56204995054195,24.414097120334716],[121.55218978715695,24.414133407978568]]]},"properties":{"grid_id":"G012_024","綠地類型":"森林","中心經度":121.55714,"中心緯度":24.41863,"分析面積_km2":1.04,"2020面積_ha":104.04,"2024面積_ha":104.04,"面積減少率_pct":0.0,"2020斑塊數":1,"2024斑塊數":1,"斑塊數增加率_pct":0.0,"2020平均斑塊面積_ha":172555.65,"2024平均斑塊面積_ha":172145.43,"平均斑塊面積下降率_pct":0.24,"道路切割密度_km_per_km2":0.0,"建成區邊界切割密度_km_per_km2":0.0,"孤立小斑塊比例_pct":0.0,"距大型連續綠地平均距離_m":0.0,"score_面積減少":36.827195467422094,"score_斑塊增加":46.81303116147309,"score_平均斑塊縮小":50.63739376770538,"score_道路建成區切割":27.47875354107649,"score_孤立比例":45.34938621340888,"score_距大型綠地":44.66477809254013,"綜合破碎化分數":42.0,"破碎化等級":"低","判定原因":"面積減少0.0%；斑塊增加0.0%；平均斑塊縮小0.2%；道路密度0.00 km/km²；孤立比例0.0%；距大型綠地0m","2021面積_ha":104.04,"2022面積_ha":104.04,"2023面積_ha":104.04}},{"type":"Feature","geometry":{"type":"Polygon","coordinates":[[[121.56204995054195,24.414097120334716],[121.56208994056895,24.423125766084198],[121.57195078584681,24.423088820873645],[121.57191009435998,24.414060190528414],[121.56204995054195,24.414097120334716]]]},"properties":{"grid_id":"G012_025","綠地類型":"森林","中心經度":121.567,"中心緯度":24.418593,"分析面積_km2":1.04,"2020面積_ha":104.04,"2024面積_ha":104.04,"面積減少率_pct":0.0,"2020斑塊數":1,"2024斑塊數":1,"斑塊數增加率_pct":0.0,"2020平均斑塊面積_ha":172555.65,"2024平均斑塊面積_ha":172145.43,"平均斑塊面積下降率_pct":0.24,"道路切割密度_km_per_km2":0.0,"建成區邊界切割密度_km_per_km2":0.0,"孤立小斑塊比例_pct":0.0,"距大型連續綠地平均距離_m":0.0,"score_面積減少":36.827195467422094,"score_斑塊增加":46.81303116147309,"score_平均斑塊縮小":50.63739376770538,"score_道路建成區切割":27.47875354107649,"score_孤立比例":45.34938621340888,"score_距大型綠地":44.66477809254013,"綜合破碎化分數":42.0,"破碎化等級":"低","判定原因":"面積減少0.0%；斑塊增加0.0%；平均斑塊縮小0.2%；道路密度0.00 km/km²；孤立比例0.0%；距大型綠地0m","2021面積_ha":104.04,"2022面積_ha":104.04,"2023面積_ha":104.04}},{"type":"Feature","geometry":{"type":"Polygon","coordinates":[[[121.57191009435998,24.414060190528414],[121.57195078584681,24.423088820873645],[121.58181161120827,24.42305123323787],[121.58177021826778,24.41402261856474],[121.57191009435998,24.414060190528414]]]},"properties":{"grid_id":"G012_026","綠地類型":"森林","中心經度":121.576861,"中心緯度":24.418556,"分析面積_km2":1.04,"2020面積_ha":104.04,"2024面積_ha":104.04,"面積減少率_pct":0.0,"2020斑塊數":1,"2024斑塊數":1,"斑塊數增加率_pct":0.0,"2020平均斑塊面積_ha":172555.65,"2024平均斑塊面積_ha":172145.43,"平均斑塊面積下降率_pct":0.24,"道路切割密度_km_per_km2":0.029,"建成區邊界切割密度_km_per_km2":0.0,"孤立小斑塊比例_pct":0.0,"距大型連續綠地平均距離_m":0.0,"score_面積減少":36.827195467422094,"score_斑塊增加":46.81303116147309,"score_平均斑塊縮小":50.63739376770538,"score_道路建成區切割":35.87110481586403,"score_孤立比例":45.34938621340888,"score_距大型綠地":44.66477809254013,"綜合破碎化分數":43.4,"破碎化等級":"低","判定原因":"面積減少0.0%；斑塊增加0.0%；平均斑塊縮小0.2%；道路密度0.03 km/km²；孤立比例0.0%；距大型綠地0m","2021面積_ha":104.04,"2022面積_ha":104.04,"2023面積_ha":104.04}},{"type":"Feature","geometry":{"type":"Polygon","coordinates":[[[121.67051038085292,24.413655574693742],[121.67055808657763,24.422684036265274],[121.68041869389361,24.42264002467691],[121.68037028678357,24.41361158145581],[121.67051038085292,24.413655574693742]]]},"properties":{"grid_id":"G012_036","綠地類型":"森林","中心經度":121.675464,"中心緯度":24.418148,"分析面積_km2":1.04,"2020面積_ha":104.04,"2024面積_ha":104.04,"面積減少率_pct":0.0,"2020斑塊數":1,"2024斑塊數":1,"斑塊數增加率_pct":0.0,"2020平均斑塊面積_ha":172555.65,"2024平均斑塊面積_ha":172145.43,"平均斑塊面積下降率_pct":0.24,"道路切割密度_km_per_km2":0.0,"建成區邊界切割密度_km_per_km2":0.0,"孤立小斑塊比例_pct":0.0,"距大型連續綠地平均距離_m":0.0,"score_面積減少":36.827195467422094,"score_斑塊增加":46.81303116147309,"score_平均斑塊縮小":50.63739376770538,"score_道路建成區切割":27.47875354107649,"score_孤立比例":45.34938621340888,"score_距大型綠地":44.66477809254013,"綜合破碎化分數":42.0,"破碎化等級":"低","判定原因":"面積減少0.0%；斑塊增加0.0%；平均斑塊縮小0.2%；道路密度0.00 km/km²；孤立比例0.0%；距大型綠地0m","2021面積_ha":104.04,"2022面積_ha":104.04,"2023面積_ha":104.04}},{"type":"Feature","geometry":{"type":"Polygon","coordinates":[[[121.68037028678357,24.41361158145581],[121.68041869389361,24.42264002467691],[121.69027927751705,24.422595370725187],[121.69023016902908,24.413566946122334],[121.68037028678357,24.41361158145581]]]},"properties":{"grid_id":"G012_037","綠地類型":"森林","中心經度":121.685325,"中心緯度":24.418104,"分析面積_km2":1.04,"2020面積_ha":104.04,"2024面積_ha":104.04,"面積減少率_pct":0.0,"2020斑塊數":1,"2024斑塊數":1,"斑塊數增加率_pct":0.0,"2020平均斑塊面積_ha":172555.65,"2024平均斑塊面積_ha":172145.43,"平均斑塊面積下降率_pct":0.24,"道路切割密度_km_per_km2":0.0,"建成區邊界切割密度_km_per_km2":0.0,"孤立小斑塊比例_pct":0.0,"距大型連續綠地平均距離_m":0.0,"score_面積減少":36.827195467422094,"score_斑塊增加":46.81303116147309,"score_平均斑塊縮小":50.63739376770538,"score_道路建成區切割":27.47875354107649,"score_孤立比例":45.34938621340888,"score_距大型綠地":44.66477809254013,"綜合破碎化分數":42.0,"破碎化等級":"低","判定原因":"面積減少0.0%；斑塊增加0.0%；平均斑塊縮小0.2%；道路密度0.00 km/km²；孤立比例0.0%；距大型綠地0m","2021面積_ha":104.04,"2022面積_ha":104.04,"2023面積_ha":104.04}},{"type":"Feature","geometry":{"type":"Polygon","coordinates":[[[121.69023016902908,24.413566946122334],[121.69027927751705,24.422595370725187],[121.70013983710467,24.42255007441627],[121.7000900272463,24.413521668699484],[121.69023016902908,24.413566946122334]]]},"properties":{"grid_id":"G012_038","綠地類型":"森林","中心經度":121.695185,"中心緯度":24.418059,"分析面積_km2":1.04,"2020面積_ha":104.04,"2024面積_ha":104.04,"面積減少率_pct":0.0,"2020斑塊數":1,"2024斑塊數":1,"斑塊數增加率_pct":0.0,"2020平均斑塊面積_ha":172555.65,"2024平均斑塊面積_ha":172145.43,"平均斑塊面積下降率_pct":0.24,"道路切割密度_km_per_km2":0.231,"建成區邊界切割密度_km_per_km2":0.0,"孤立小斑塊比例_pct":0.0,"距大型連續綠地平均距離_m":0.0,"score_面積減少":36.827195467422094,"score_斑塊增加":46.81303116147309,"score_平均斑塊縮小":50.63739376770538,"score_道路建成區切割":37.31114258734655,"score_孤立比例":45.34938621340888,"score_距大型綠地":44.66477809254013,"綜合破碎化分數":43.6,"破碎化等級":"低","判定原因":"面積減少0.0%；斑塊增加0.0%；平均斑塊縮小0.2%；道路密度0.23 km/km²；孤立比例0.0%；距大型綠地0m","2021面積_ha":104.04,"2022面積_ha":104.04,"2023面積_ha":104.04}},{"type":"Feature","geometry":{"type":"Polygon","coordinates":[[[121.7000900272463,24.413521668699484],[121.70013983710467,24.42255007441627],[121.71000037231322,24.422504135756395],[121.70994986109208,24.413475749193488],[121.7000900272463,24.413521668699484]]]},"properties":{"grid_id":"G012_039","綠地類型":"森林","中心經度":121.705045,"中心緯度":24.418013,"分析面積_km2":1.04,"2020面積_ha":104.04,"2024面積_ha":104.04,"面積減少率_pct":0.0,"2020斑塊數":1,"2024斑塊數":1,"斑塊數增加率_pct":0.0,"2020平均斑塊面積_ha":172555.65,"2024平均斑塊面積_ha":172145.43,"平均斑塊面積下降率_pct":0.24,"道路切割密度_km_per_km2":0.0,"建成區邊界切割密度_km_per_km2":0.0,"孤立小斑塊比例_pct":0.0,"距大型連續綠地平均距離_m":0.0,"score_面積減少":36.827195467422094,"score_斑塊增加":46.81303116147309,"score_平均斑塊縮小":50.63739376770538,"score_道路建成區切割":27.47875354107649,"score_孤立比例":45.34938621340888,"score_距大型綠地":44.66477809254013,"綜合破碎化分數":42.0,"破碎化等級":"低","判定原因":"面積減少0.0%；斑塊增加0.0%；平均斑塊縮小0.2%；道路密度0.00 km/km²；孤立比例0.0%；距大型綠地0m","2021面積_ha":104.04,"2022面積_ha":104.04,"2023面積_ha":104.04}},{"type":"Feature","geometry":{"type":"Polygon","coordinates":[[[121.42403620771374,24.42357554169311],[121.42406639147435,24.432604364171613],[121.43392818141227,24.43257640175287],[121.43389729577243,24.423547590930077],[121.42403620771374,24.42357554169311]]]},"properties":{"grid_id":"G013_011","綠地類型":"森林","中心經度":121.428982,"中心緯度":24.428076,"分析面積_km2":1.04,"2020面積_ha":104.04,"2024面積_ha":104.04,"面積減少率_pct":0.0,"2020斑塊數":1,"2024斑塊數":1,"斑塊數增加率_pct":0.0,"2020平均斑塊面積_ha":172555.65,"2024平均斑塊面積_ha":172145.43,"平均斑塊面積下降率_pct":0.24,"道路切割密度_km_per_km2":0.0,"建成區邊界切割密度_km_per_km2":0.0,"孤立小斑塊比例_pct":0.0,"距大型連續綠地平均距離_m":0.0,"score_面積減少":36.827195467422094,"score_斑塊增加":46.81303116147309,"score_平均斑塊縮小":50.63739376770538,"score_道路建成區切割":27.47875354107649,"score_孤立比例":45.34938621340888,"score_距大型綠地":44.66477809254013,"綜合破碎化分數":42.0,"破碎化等級":"低","判定原因":"面積減少0.0%；斑塊增加0.0%；平均斑塊縮小0.2%；道路密度0.00 km/km²；孤立比例0.0%；距大型綠地0m","2021面積_ha":104.04,"2022面積_ha":104.04,"2023面積_ha":104.04}},{"type":"Feature","geometry":{"type":"Polygon","coordinates":[[[121.44375836872132,24.423518997678592],[121.44378995623572,24.432547796577744],[121.4536517156012,24.432518548650183],[121.45361942621714,24.42348976194258],[121.44375836872132,24.423518997678592]]]},"properties":{"grid_id":"G013_013","綠地類型":"森林","中心經度":121.448705,"中心緯度":24.428019,"分析面積_km2":1.04,"2020面積_ha":104.04,"2024面積_ha":104.04,"面積減少率_pct":0.0,"2020斑塊數":1,"2024斑塊數":1,"斑塊數增加率_pct":0.0,"2020平均斑塊面積_ha":172555.65,"2024平均斑塊面積_ha":172145.43,"平均斑塊面積下降率_pct":0.24,"道路切割密度_km_per_km2":0.0,"建成區邊界切割密度_km_per_km2":0.0,"孤立小斑塊比例_pct":0.0,"距大型連續綠地平均距離_m":0.0,"score_面積減少":36.827195467422094,"score_斑塊增加":46.81303116147309,"score_平均斑塊縮小":50.63739376770538,"score_道路建成區切割":27.47875354107649,"score_孤立比例":45.34938621340888,"score_距大型綠地":44.66477809254013,"綜合破碎化分數":42.0,"破碎化等級":"低","判定原因":"面積減少0.0%；斑塊增加0.0%；平均斑塊縮小0.2%；道路密度0.00 km/km²；孤立比例0.0%；距大型綠地0m","2021面積_ha":104.04,"2022面積_ha":104.04,"2023面積_ha":104.04}},{"type":"Feature","geometry":{"type":"Polygon","coordinates":[[[121.47334149347601,24.423429363033215],[121.47337518658448,24.432458124553975],[121.48323689751533,24.43242694839366],[121.48320250255239,24.423398199868185],[121.47334149347601,24.423429363033215]]]},"properties":{"grid_id":"G013_016","綠地類型":"森林","中心經度":121.478289,"中心緯度":24.427928,"分析面積_km2":1.04,"2020面積_ha":104.04,"2024面積_ha":104.04,"面積減少率_pct":0.0,"2020斑塊數":1,"2024斑塊數":1,"斑塊數增加率_pct":0.0,"2020平均斑塊面積_ha":172555.65,"2024平均斑塊面積_ha":172145.43,"平均斑塊面積下降率_pct":0.24,"道路切割密度_km_per_km2":0.0,"建成區邊界切割密度_km_per_km2":0.0,"孤立小斑塊比例_pct":0.0,"距大型連續綠地平均距離_m":0.0,"score_面積減少":36.827195467422094,"score_斑塊增加":46.81303116147309,"score_平均斑塊縮小":50.63739376770538,"score_道路建成區切割":27.47875354107649,"score_孤立比例":45.34938621340888,"score_距大型綠地":44.66477809254013,"綜合破碎化分數":42.0,"破碎化等級":"低","判定原因":"面積減少0.0%；斑塊增加0.0%；平均斑塊縮小0.2%；道路密度0.00 km/km²；孤立比例0.0%；距大型綠地0m","2021面積_ha":104.04,"2022面積_ha":104.04,"2023面積_ha":104.04}},{"type":"Feature","geometry":{"type":"Polygon","coordinates":[[[121.48320250255239,24.423398199868185],[121.48323689751533,24.43242694839366],[121.49309859161443,24.432395129497564],[121.49306349480223,24.423366394235295],[121.48320250255239,24.423398199868185]]]},"properties":{"grid_id":"G013_017","綠地類型":"森林","中心經度":121.48815,"中心緯度":24.427897,"分析面積_km2":1.04,"2020面積_ha":104.04,"2024面積_ha":104.04,"面積減少率_pct":0.0,"2020斑塊數":1,"2024斑塊數":1,"斑塊數增加率_pct":0.0,"2020平均斑塊面積_ha":172555.65,"2024平均斑塊面積_ha":172145.43,"平均斑塊面積下降率_pct":0.24,"道路切割密度_km_per_km2":0.0,"建成區邊界切割密度_km_per_km2":0.0,"孤立小斑塊比例_pct":0.0,"距大型連續綠地平均距離_m":0.0,"score_面積減少":36.827195467422094,"score_斑塊增加":46.81303116147309,"score_平均斑塊縮小":50.63739376770538,"score_道路建成區切割":27.47875354107649,"score_孤立比例":45.34938621340888,"score_距大型綠地":44.66477809254013,"綜合破碎化分數":42.0,"破碎化等級":"低","判定原因":"面積減少0.0%；斑塊增加0.0%；平均斑塊縮小0.2%；道路密度0.00 km/km²；孤立比例0.0%；距大型綠地0m","2021面積_ha":104.04,"2022面積_ha":104.04,"2023面積_ha":104.04}},{"type":"Feature","geometry":{"type":"Polygon","coordinates":[[[121.49306349480223,24.423366394235295],[121.49309859161443,24.432395129497564],[121.50296026853827,24.432362667870088],[121.50292446988226,24.42333394613891],[121.49306349480223,24.423366394235295]]]},"properties":{"grid_id":"G013_018","綠地類型":"森林","中心經度":121.498012,"中心緯度":24.427865,"分析面積_km2":1.04,"2020面積_ha":104.04,"2024面積_ha":104.04,"面積減少率_pct":0.0,"2020斑塊數":1,"2024斑塊數":1,"斑塊數增加率_pct":0.0,"2020平均斑塊面積_ha":172555.65,"2024平均斑塊面積_ha":172145.43,"平均斑塊面積下降率_pct":0.24,"道路切割密度_km_per_km2":0.0,"建成區邊界切割密度_km_per_km2":0.0,"孤立小斑塊比例_pct":0.0,"距大型連續綠地平均距離_m":0.0,"score_面積減少":36.827195467422094,"score_斑塊增加":46.81303116147309,"score_平均斑塊縮小":50.63739376770538,"score_道路建成區切割":27.47875354107649,"score_孤立比例":45.34938621340888,"score_距大型綠地":44.66477809254013,"綜合破碎化分數":42.0,"破碎化等級":"低","判定原因":"面積減少0.0%；斑塊增加0.0%；平均斑塊縮小0.2%；道路密度0.00 km/km²；孤立比例0.0%；距大型綠地0m","2021面積_ha":104.04,"2022面積_ha":104.04,"2023面積_ha":104.04}},{"type":"Feature","geometry":{"type":"Polygon","coordinates":[[[121.50292446988226,24.42333394613891],[121.50296026853827,24.432362667870088],[121.51282192794348,24.432329563515694],[121.51278542744909,24.42330085558352],[121.50292446988226,24.42333394613891]]]},"properties":{"grid_id":"G013_019","綠地類型":"森林","中心經度":121.507873,"中心緯度":24.427832,"分析面積_km2":1.04,"2020面積_ha":103.95,"2024面積_ha":103.95,"面積減少率_pct":0.0,"2020斑塊數":1,"2024斑塊數":1,"斑塊數增加率_pct":0.0,"2020平均斑塊面積_ha":172555.65,"2024平均斑塊面積_ha":172145.43,"平均斑塊面積下降率_pct":0.24,"道路切割密度_km_per_km2":0.0,"建成區邊界切割密度_km_per_km2":0.0,"孤立小斑塊比例_pct":0.0,"距大型連續綠地平均距離_m":0.0,"score_面積減少":36.827195467422094,"score_斑塊增加":46.81303116147309,"score_平均斑塊縮小":50.63739376770538,"score_道路建成區切割":27.47875354107649,"score_孤立比例":45.34938621340888,"score_距大型綠地":44.66477809254013,"綜合破碎化分數":42.0,"破碎化等級":"低","判定原因":"面積減少0.0%；斑塊增加0.0%；平均斑塊縮小0.2%；道路密度0.00 km/km²；孤立比例0.0%；距大型綠地0m","2021面積_ha":103.95,"2022面積_ha":103.95,"2023面積_ha":103.95}},{"type":"Feature","geometry":{"type":"Polygon","coordinates":[[[121.55222907571797,24.423162068864436],[121.55226838350877,24.432190718921603],[121.56212995016908,24.432154401002876],[121.56208994056895,24.423125766084198],[121.55222907571797,24.423162068864436]]]},"properties":{"grid_id":"G013_024","綠地類型":"森林","中心經度":121.557179,"中心緯度":24.427658,"分析面積_km2":1.04,"2020面積_ha":104.04,"2024面積_ha":104.04,"面積減少率_pct":0.0,"2020斑塊數":1,"2024斑塊數":1,"斑塊數增加率_pct":0.0,"2020平均斑塊面積_ha":172555.65,"2024平均斑塊面積_ha":172145.43,"平均斑塊面積下降率_pct":0.24,"道路切割密度_km_per_km2":0.0,"建成區邊界切割密度_km_per_km2":0.0,"孤立小斑塊比例_pct":0.0,"距大型連續綠地平均距離_m":0.0,"score_面積減少":36.827195467422094,"score_斑塊增加":46.81303116147309,"score_平均斑塊縮小":50.63739376770538,"score_道路建成區切割":27.47875354107649,"score_孤立比例":45.34938621340888,"score_距大型綠地":44.66477809254013,"綜合破碎化分數":42.0,"破碎化等級":"低","判定原因":"面積減少0.0%；斑塊增加0.0%；平均斑塊縮小0.2%；道路密度0.00 km/km²；孤立比例0.0%；距大型綠地0m","2021面積_ha":104.04,"2022面積_ha":104.04,"2023面積_ha":104.04}},{"type":"Feature","geometry":{"type":"Polygon","coordinates":[[[121.56208994056895,24.423125766084198],[121.56212995016908,24.432154401002876],[121.57199149725011,24.432117440385955],[121.57195078584681,24.423088820873645],[121.56208994056895,24.423125766084198]]]},"properties":{"grid_id":"G013_025","綠地類型":"森林","中心經度":121.567041,"中心緯度":24.427622,"分析面積_km2":1.04,"2020面積_ha":104.04,"2024面積_ha":104.04,"面積減少率_pct":0.0,"2020斑塊數":1,"2024斑塊數":1,"斑塊數增加率_pct":0.0,"2020平均斑塊面積_ha":172555.65,"2024平均斑塊面積_ha":172145.43,"平均斑塊面積下降率_pct":0.24,"道路切割密度_km_per_km2":0.461,"建成區邊界切割密度_km_per_km2":0.0,"孤立小斑塊比例_pct":0.0,"距大型連續綠地平均距離_m":0.0,"score_面積減少":36.827195467422094,"score_斑塊增加":46.81303116147309,"score_平均斑塊縮小":50.63739376770538,"score_道路建成區切割":38.715769593956566,"score_孤立比例":45.34938621340888,"score_距大型綠地":44.66477809254013,"綜合破碎化分數":43.8,"破碎化等級":"低","判定原因":"面積減少0.0%；斑塊增加0.0%；平均斑塊縮小0.2%；道路密度0.46 km/km²；孤立比例0.0%；距大型綠地0m","2021面積_ha":104.04,"2022面積_ha":104.04,"2023面積_ha":104.04}},{"type":"Feature","geometry":{"type":"Polygon","coordinates":[[[121.64097612590695,24.42281221679003],[121.64102174975167,24.431840720957066],[121.65088312783598,24.431798618945425],[121.65083680224105,24.42277013232777],[121.64097612590695,24.42281221679003]]]},"properties":{"grid_id":"G013_033","綠地類型":"森林","中心經度":121.645929,"中心緯度":24.427306,"分析面積_km2":1.04,"2020面積_ha":104.04,"2024面積_ha":104.04,"面積減少率_pct":0.0,"2020斑塊數":1,"2024斑塊數":1,"斑塊數增加率_pct":0.0,"2020平均斑塊面積_ha":172555.65,"2024平均斑塊面積_ha":172145.43,"平均斑塊面積下降率_pct":0.24,"道路切割密度_km_per_km2":0.375,"建成區邊界切割密度_km_per_km2":0.0,"孤立小斑塊比例_pct":0.0,"距大型連續綠地平均距離_m":0.0,"score_面積減少":36.827195467422094,"score_斑塊增加":46.81303116147309,"score_平均斑塊縮小":50.63739376770538,"score_道路建成區切割":38.26723323890462,"score_孤立比例":45.34938621340888,"score_距大型綠地":44.66477809254013,"綜合破碎化分數":43.8,"破碎化等級":"低","判定原因":"面積減少0.0%；斑塊增加0.0%；平均斑塊縮小0.2%；道路密度0.38 km/km²；孤立比例0.0%；距大型綠地0m","2021面積_ha":104.04,"2022面積_ha":104.04,"2023面積_ha":104.04}},{"type":"Feature","geometry":{"type":"Polygon","coordinates":[[[121.38461908744709,24.43270978620702],[121.3846464770426,24.441738641827417],[121.39450902624438,24.44171323988637],[121.39448093440828,24.432684394851464],[121.38461908744709,24.43270978620702]]]},"properties":{"grid_id":"G014_007","綠地類型":"森林","中心經度":121.389564,"中心緯度":24.437212,"分析面積_km2":1.04,"2020面積_ha":65.79,"2024面積_ha":66.24,"面積減少率_pct":0.0,"2020斑塊數":2,"2024斑塊數":1,"斑塊數增加率_pct":0.0,"2020平均斑塊面積_ha":86286.78,"2024平均斑塊面積_ha":172145.43,"平均斑塊面積下降率_pct":0.0,"道路切割密度_km_per_km2":5.334,"建成區邊界切割密度_km_per_km2":0.058,"孤立小斑塊比例_pct":0.0,"距大型連續綠地平均距離_m":0.0,"score_面積減少":36.827195467422094,"score_斑塊增加":46.81303116147309,"score_平均斑塊縮小":3.7535410764872523,"score_道路建成區切割":80.64211520302172,"score_孤立比例":45.34938621340888,"score_距大型綠地":44.66477809254013,"綜合破碎化分數":43.0,"破碎化等級":"低","判定原因":"面積減少0.0%；斑塊增加0.0%；平均斑塊縮小0.0%；道路密度5.33 km/km²；孤立比例0.0%；距大型綠地0m","2021面積_ha":66.51,"2022面積_ha":66.87,"2023面積_ha":67.5}},{"type":"Feature","geometry":{"type":"Polygon","coordinates":[[[121.41420458676538,24.43263168383012],[121.41423408306966,24.441660506890162],[121.42409659000596,24.44163317584228],[121.42406639147435,24.432604364171613],[121.41420458676538,24.43263168383012]]]},"properties":{"grid_id":"G014_010","綠地類型":"森林","中心經度":121.41915,"中心緯度":24.437133,"分析面積_km2":1.04,"2020面積_ha":104.04,"2024面積_ha":104.04,"面積減少率_pct":0.0,"2020斑塊數":1,"2024斑塊數":1,"斑塊數增加率_pct":0.0,"2020平均斑塊面積_ha":172555.65,"2024平均斑塊面積_ha":172145.43,"平均斑塊面積下降率_pct":0.24,"道路切割密度_km_per_km2":0.26,"建成區邊界切割密度_km_per_km2":0.0,"孤立小斑塊比例_pct":0.0,"距大型連續綠地平均距離_m":0.0,"score_面積減少":36.827195467422094,"score_斑塊增加":46.81303116147309,"score_平均斑塊縮小":50.63739376770538,"score_道路建成區切割":37.5,"score_孤立比例":45.34938621340888,"score_距大型綠地":44.66477809254013,"綜合破碎化分數":43.6,"破碎化等級":"低","判定原因":"面積減少0.0%；斑塊增加0.0%；平均斑塊縮小0.2%；道路密度0.26 km/km²；孤立比例0.0%；距大型綠地0m","2021面積_ha":104.04,"2022面積_ha":104.04,"2023面積_ha":104.04}},{"type":"Feature","geometry":{"type":"Polygon","coordinates":[[[121.42406639147435,24.432604364171613],[121.42409659000596,24.44163317584228],[121.43395908216664,24.441605201766208],[121.43392818141227,24.43257640175287],[121.42406639147435,24.432604364171613]]]},"properties":{"grid_id":"G014_011","綠地類型":"森林","中心經度":121.429013,"中心緯度":24.437105,"分析面積_km2":1.04,"2020面積_ha":104.04,"2024面積_ha":104.04,"面積減少率_pct":0.0,"2020斑塊數":1,"2024斑塊數":1,"斑塊數增加率_pct":0.0,"2020平均斑塊面積_ha":172555.65,"2024平均斑塊面積_ha":172145.43,"平均斑塊面積下降率_pct":0.24,"道路切割密度_km_per_km2":0.0,"建成區邊界切割密度_km_per_km2":0.0,"孤立小斑塊比例_pct":0.0,"距大型連續綠地平均距離_m":0.0,"score_面積減少":36.827195467422094,"score_斑塊增加":46.81303116147309,"score_平均斑塊縮小":50.63739376770538,"score_道路建成區切割":27.47875354107649,"score_孤立比例":45.34938621340888,"score_距大型綠地":44.66477809254013,"綜合破碎化分數":42.0,"破碎化等級":"低","判定原因":"面積減少0.0%；斑塊增加0.0%；平均斑塊縮小0.2%；道路密度0.00 km/km²；孤立比例0.0%；距大型綠地0m","2021面積_ha":104.04,"2022面積_ha":104.04,"2023面積_ha":104.04}},{"type":"Feature","geometry":{"type":"Polygon","coordinates":[[[121.44378995623572,24.432547796577744],[121.44382155920805,24.441576584665796],[121.45368402078667,24.441547324545006],[121.4536517156012,24.432518548650183],[121.44378995623572,24.432547796577744]]]},"properties":{"grid_id":"G014_013","綠地類型":"森林","中心經度":121.448737,"中心緯度":24.437048,"分析面積_km2":1.04,"2020面積_ha":104.04,"2024面積_ha":104.04,"面積減少率_pct":0.0,"2020斑塊數":1,"2024斑塊數":1,"斑塊數增加率_pct":0.0,"2020平均斑塊面積_ha":172555.65,"2024平均斑塊面積_ha":172145.43,"平均斑塊面積下降率_pct":0.24,"道路切割密度_km_per_km2":0.0,"建成區邊界切割密度_km_per_km2":0.0,"孤立小斑塊比例_pct":0.0,"距大型連續綠地平均距離_m":0.0,"score_面積減少":36.827195467422094,"score_斑塊增加":46.81303116147309,"score_平均斑塊縮小":50.63739376770538,"score_道路建成區切割":27.47875354107649,"score_孤立比例":45.34938621340888,"score_距大型綠地":44.66477809254013,"綜合破碎化分數":42.0,"破碎化等級":"低","判定原因":"面積減少0.0%；斑塊增加0.0%；平均斑塊縮小0.2%；道路密度0.00 km/km²；孤立比例0.0%；距大型綠地0m","2021面積_ha":104.04,"2022面積_ha":104.04,"2023面積_ha":104.04}},{"type":"Feature","geometry":{"type":"Polygon","coordinates":[[[121.4536517156012,24.432518548650183],[121.45368402078667,24.441547324545006],[121.46354646655892,24.44151742140785],[121.46351345916528,24.432488657974222],[121.4536517156012,24.432518548650183]]]},"properties":{"grid_id":"G014_014","綠地類型":"森林","中心經度":121.458599,"中心緯度":24.437018,"分析面積_km2":1.04,"2020面積_ha":104.04,"2024面積_ha":104.04,"面積減少率_pct":0.0,"2020斑塊數":1,"2024斑塊數":1,"斑塊數增加率_pct":0.0,"2020平均斑塊面積_ha":172555.65,"2024平均斑塊面積_ha":172145.43,"平均斑塊面積下降率_pct":0.24,"道路切割密度_km_per_km2":0.202,"建成區邊界切割密度_km_per_km2":0.0,"孤立小斑塊比例_pct":0.0,"距大型連續綠地平均距離_m":0.0,"score_面積減少":36.827195467422094,"score_斑塊增加":46.81303116147309,"score_平均斑塊縮小":50.63739376770538,"score_道路建成區切割":37.08687440982059,"score_孤立比例":45.34938621340888,"score_距大型綠地":44.66477809254013,"綜合破碎化分數":43.6,"破碎化等級":"低","判定原因":"面積減少0.0%；斑塊增加0.0%；平均斑塊縮小0.2%；道路密度0.20 km/km²；孤立比例0.0%；距大型綠地0m","2021面積_ha":104.04,"2022面積_ha":104.04,"2023面積_ha":104.04}},{"type":"Feature","geometry":{"type":"Polygon","coordinates":[[[121.47337518658448,24.432458124553975],[121.47340889618124,24.44148687525847],[121.48327130931007,24.441455686101065],[121.48323689751533,24.43242694839366],[121.47337518658448,24.432458124553975]]]},"properties":{"grid_id":"G014_016","綠地類型":"森林","中心經度":121.478323,"中心緯度":24.436957,"分析面積_km2":1.04,"2020面積_ha":104.04,"2024面積_ha":104.04,"面積減少率_pct":0.0,"2020斑塊數":1,"2024斑塊數":1,"斑塊數增加率_pct":0.0,"2020平均斑塊面積_ha":172555.65,"2024平均斑塊面積_ha":172145.43,"平均斑塊面積下降率_pct":0.24,"道路切割密度_km_per_km2":0.0,"建成區邊界切割密度_km_per_km2":0.0,"孤立小斑塊比例_pct":0.0,"距大型連續綠地平均距離_m":0.0,"score_面積減少":36.827195467422094,"score_斑塊增加":46.81303116147309,"score_平均斑塊縮小":50.63739376770538,"score_道路建成區切割":27.47875354107649,"score_孤立比例":45.34938621340888,"score_距大型綠地":44.66477809254013,"綜合破碎化分數":42.0,"破碎化等級":"低","判定原因":"面積減少0.0%；斑塊增加0.0%；平均斑塊縮小0.2%；道路密度0.00 km/km²；孤立比例0.0%；距大型綠地0m","2021面積_ha":104.04,"2022面積_ha":104.04,"2023面積_ha":104.04}},{"type":"Feature","geometry":{"type":"Polygon","coordinates":[[[121.48323689751533,24.43242694839366],[121.48327130931007,24.441455686101065],[121.49313370560185,24.44142385393994],[121.49309859161443,24.432395129497564],[121.48323689751533,24.43242694839366]]]},"properties":{"grid_id":"G014_017","綠地類型":"森林","中心經度":121.488185,"中心緯度":24.436925,"分析面積_km2":1.04,"2020面積_ha":104.04,"2024面積_ha":104.04,"面積減少率_pct":0.0,"2020斑塊數":1,"2024斑塊數":1,"斑塊數增加率_pct":0.0,"2020平均斑塊面積_ha":172555.65,"2024平均斑塊面積_ha":172145.43,"平均斑塊面積下降率_pct":0.24,"道路切割密度_km_per_km2":0.0,"建成區邊界切割密度_km_per_km2":0.0,"孤立小斑塊比例_pct":0.0,"距大型連續綠地平均距離_m":0.0,"score_面積減少":36.827195467422094,"score_斑塊增加":46.81303116147309,"score_平均斑塊縮小":50.63739376770538,"score_道路建成區切割":27.47875354107649,"score_孤立比例":45.34938621340888,"score_距大型綠地":44.66477809254013,"綜合破碎化分數":42.0,"破碎化等級":"低","判定原因":"面積減少0.0%；斑塊增加0.0%；平均斑塊縮小0.2%；道路密度0.00 km/km²；孤立比例0.0%；距大型綠地0m","2021面積_ha":104.04,"2022面積_ha":104.04,"2023面積_ha":104.04}},{"type":"Feature","geometry":{"type":"Polygon","coordinates":[[[121.49309859161443,24.432395129497564],[121.49313370560185,24.44142385393994],[121.50299608471299,24.44139137877949],[121.50296026853827,24.432362667870088],[121.49309859161443,24.432395129497564]]]},"properties":{"grid_id":"G014_018","綠地類型":"森林","中心經度":121.498047,"中心緯度":24.436893,"分析面積_km2":1.04,"2020面積_ha":101.43,"2024面積_ha":102.6,"面積減少率_pct":0.0,"2020斑塊數":1,"2024斑塊數":1,"斑塊數增加率_pct":0.0,"2020平均斑塊面積_ha":172555.65,"2024平均斑塊面積_ha":172145.43,"平均斑塊面積下降率_pct":0.24,"道路切割密度_km_per_km2":0.0,"建成區邊界切割密度_km_per_km2":0.0,"孤立小斑塊比例_pct":0.0,"距大型連續綠地平均距離_m":0.0,"score_面積減少":36.827195467422094,"score_斑塊增加":46.81303116147309,"score_平均斑塊縮小":50.63739376770538,"score_道路建成區切割":27.47875354107649,"score_孤立比例":45.34938621340888,"score_距大型綠地":44.66477809254013,"綜合破碎化分數":42.0,"破碎化等級":"低","判定原因":"面積減少0.0%；斑塊增加0.0%；平均斑塊縮小0.2%；道路密度0.00 km/km²；孤立比例0.0%；距大型綠地0m","2021面積_ha":102.42,"2022面積_ha":101.79,"2023面積_ha":101.97}},{"type":"Feature","geometry":{"type":"Polygon","coordinates":[[[121.50296026853827,24.432362667870088],[121.50299608471299,24.44139137877949],[121.51285844629999,24.441358260624185],[121.51282192794348,24.432329563515694],[121.50296026853827,24.432362667870088]]]},"properties":{"grid_id":"G014_019","綠地類型":"森林","中心經度":121.507909,"中心緯度":24.436861,"分析面積_km2":1.04,"2020面積_ha":73.62,"2024面積_ha":79.83,"面積減少率_pct":0.0,"2020斑塊數":1,"2024斑塊數":1,"斑塊數增加率_pct":0.0,"2020平均斑塊面積_ha":172555.65,"2024平均斑塊面積_ha":172145.43,"平均斑塊面積下降率_pct":0.24,"道路切割密度_km_per_km2":0.0,"建成區邊界切割密度_km_per_km2":0.0,"孤立小斑塊比例_pct":0.0,"距大型連續綠地平均距離_m":0.0,"score_面積減少":36.827195467422094,"score_斑塊增加":46.81303116147309,"score_平均斑塊縮小":50.63739376770538,"score_道路建成區切割":27.47875354107649,"score_孤立比例":45.34938621340888,"score_距大型綠地":44.66477809254013,"綜合破碎化分數":42.0,"破碎化等級":"低","判定原因":"面積減少0.0%；斑塊增加0.0%；平均斑塊縮小0.2%；道路密度0.00 km/km²；孤立比例0.0%；距大型綠地0m","2021面積_ha":76.05,"2022面積_ha":78.48,"2023面積_ha":77.13}},{"type":"Feature","geometry":{"type":"Polygon","coordinates":[[[121.55226838350877,24.432190718921603],[121.55230771053542,24.44121935814709],[121.56216997934845,24.44118302508779],[121.56212995016908,24.432154401002876],[121.55226838350877,24.432190718921603]]]},"properties":{"grid_id":"G014_024","綠地類型":"森林","中心經度":121.557219,"中心緯度":24.436687,"分析面積_km2":1.04,"2020面積_ha":104.04,"2024面積_ha":104.04,"面積減少率_pct":0.0,"2020斑塊數":1,"2024斑塊數":1,"斑塊數增加率_pct":0.0,"2020平均斑塊面積_ha":172555.65,"2024平均斑塊面積_ha":172145.43,"平均斑塊面積下降率_pct":0.24,"道路切割密度_km_per_km2":0.0,"建成區邊界切割密度_km_per_km2":0.0,"孤立小斑塊比例_pct":0.0,"距大型連續綠地平均距離_m":0.0,"score_面積減少":36.827195467422094,"score_斑塊增加":46.81303116147309,"score_平均斑塊縮小":50.63739376770538,"score_道路建成區切割":27.47875354107649,"score_孤立比例":45.34938621340888,"score_距大型綠地":44.66477809254013,"綜合破碎化分數":42.0,"破碎化等級":"低","判定原因":"面積減少0.0%；斑塊增加0.0%；平均斑塊縮小0.2%；道路密度0.00 km/km²；孤立比例0.0%；距大型綠地0m","2021面積_ha":104.04,"2022面積_ha":104.04,"2023面積_ha":104.04}},{"type":"Feature","geometry":{"type":"Polygon","coordinates":[[[121.57199149725011,24.432117440385955],[121.57203222857609,24.44114604906236],[121.58189445787482,24.4411084300759],[121.58185302440849,24.432079837075925],[121.57199149725011,24.432117440385955]]]},"properties":{"grid_id":"G014_026","綠地類型":"森林","中心經度":121.576943,"中心緯度":24.436613,"分析面積_km2":1.04,"2020面積_ha":104.04,"2024面積_ha":104.04,"面積減少率_pct":0.0,"2020斑塊數":1,"2024斑塊數":1,"斑塊數增加率_pct":0.0,"2020平均斑塊面積_ha":172555.65,"2024平均斑塊面積_ha":172145.43,"平均斑塊面積下降率_pct":0.24,"道路切割密度_km_per_km2":0.0,"建成區邊界切割密度_km_per_km2":0.0,"孤立小斑塊比例_pct":0.0,"距大型連續綠地平均距離_m":0.0,"score_面積減少":36.827195467422094,"score_斑塊增加":46.81303116147309,"score_平均斑塊縮小":50.63739376770538,"score_道路建成區切割":27.47875354107649,"score_孤立比例":45.34938621340888,"score_距大型綠地":44.66477809254013,"綜合破碎化分數":42.0,"破碎化等級":"低","判定原因":"面積減少0.0%；斑塊增加0.0%；平均斑塊縮小0.2%；道路密度0.00 km/km²；孤立比例0.0%；距大型綠地0m","2021面積_ha":104.04,"2022面積_ha":104.04,"2023面積_ha":104.04}},{"type":"Feature","geometry":{"type":"Polygon","coordinates":[[[121.59171453130077,24.432041591077972],[121.59175666690109,24.441070168133606],[121.60161885531139,24.441031263240745],[121.60157601758355,24.43200270239738],[121.59171453130077,24.432041591077972]]]},"properties":{"grid_id":"G014_028","綠地類型":"森林","中心經度":121.596667,"中心緯度":24.436537,"分析面積_km2":1.04,"2020面積_ha":104.04,"2024面積_ha":104.04,"面積減少率_pct":0.0,"2020斑塊數":1,"2024斑塊數":1,"斑塊數增加率_pct":0.0,"2020平均斑塊面積_ha":172555.65,"2024平均斑塊面積_ha":172145.43,"平均斑塊面積下降率_pct":0.24,"道路切割密度_km_per_km2":0.0,"建成區邊界切割密度_km_per_km2":0.0,"孤立小斑塊比例_pct":0.0,"距大型連續綠地平均距離_m":0.0,"score_面積減少":36.827195467422094,"score_斑塊增加":46.81303116147309,"score_平均斑塊縮小":50.63739376770538,"score_道路建成區切割":27.47875354107649,"score_孤立比例":45.34938621340888,"score_距大型綠地":44.66477809254013,"綜合破碎化分數":42.0,"破碎化等級":"低","判定原因":"面積減少0.0%；斑塊增加0.0%；平均斑塊縮小0.2%；道路密度0.00 km/km²；孤立比例0.0%；距大型綠地0m","2021面積_ha":104.04,"2022面積_ha":104.04,"2023面積_ha":104.04}},{"type":"Feature","geometry":{"type":"Polygon","coordinates":[[[121.61143748291344,24.431963171039495],[121.61148102276223,24.440991715402678],[121.62134316891012,24.440951524624865],[121.62129892694702,24.43192299700977],[121.61143748291344,24.431963171039495]]]},"properties":{"grid_id":"G014_030","綠地類型":"森林","中心經度":121.61639,"中心緯度":24.436457,"分析面積_km2":1.04,"2020面積_ha":102.15,"2024面積_ha":102.6,"面積減少率_pct":0.0,"2020斑塊數":1,"2024斑塊數":1,"斑塊數增加率_pct":0.0,"2020平均斑塊面積_ha":172555.65,"2024平均斑塊面積_ha":172145.43,"平均斑塊面積下降率_pct":0.24,"道路切割密度_km_per_km2":0.0,"建成區邊界切割密度_km_per_km2":0.0,"孤立小斑塊比例_pct":0.0,"距大型連續綠地平均距離_m":0.0,"score_面積減少":36.827195467422094,"score_斑塊增加":46.81303116147309,"score_平均斑塊縮小":50.63739376770538,"score_道路建成區切割":27.47875354107649,"score_孤立比例":45.34938621340888,"score_距大型綠地":44.66477809254013,"綜合破碎化分數":42.0,"破碎化等級":"低","判定原因":"面積減少0.0%；斑塊增加0.0%；平均斑塊縮小0.2%；道路密度0.00 km/km²；孤立比例0.0%；距大型綠地0m","2021面積_ha":102.96,"2022面積_ha":102.51,"2023面積_ha":103.32}},{"type":"Feature","geometry":{"type":"Polygon","coordinates":[[[121.65088312783598,24.431798618945425],[121.65092947610081,24.440827094708787],[121.66079153360177,24.440784332228272],[121.66074448325043,24.43175587428462],[121.65088312783598,24.431798618945425]]]},"properties":{"grid_id":"G014_034","綠地類型":"森林","中心經度":121.655837,"中心緯度":24.436292,"分析面積_km2":1.04,"2020面積_ha":104.04,"2024面積_ha":104.04,"面積減少率_pct":0.0,"2020斑塊數":1,"2024斑塊數":1,"斑塊數增加率_pct":0.0,"2020平均斑塊面積_ha":172555.65,"2024平均斑塊面積_ha":172145.43,"平均斑塊面積下降率_pct":0.24,"道路切割密度_km_per_km2":0.0,"建成區邊界切割密度_km_per_km2":0.0,"孤立小斑塊比例_pct":0.0,"距大型連續綠地平均距離_m":0.0,"score_面積減少":36.827195467422094,"score_斑塊增加":46.81303116147309,"score_平均斑塊縮小":50.63739376770538,"score_道路建成區切割":27.47875354107649,"score_孤立比例":45.34938621340888,"score_距大型綠地":44.66477809254013,"綜合破碎化分數":42.0,"破碎化等級":"低","判定原因":"面積減少0.0%；斑塊增加0.0%；平均斑塊縮小0.2%；道路密度0.00 km/km²；孤立比例0.0%；距大型綠地0m","2021面積_ha":104.04,"2022面積_ha":104.04,"2023面積_ha":104.04}},{"type":"Feature","geometry":{"type":"Polygon","coordinates":[[[121.71005090825668,24.431532511452687],[121.71010146893018,24.440560876279363],[121.7199633831563,24.440514256423445],[121.7199121204412,24.431485911023824],[121.71005090825668,24.431532511452687]]]},"properties":{"grid_id":"G014_040","綠地類型":"森林","中心經度":121.715007,"中心緯度":24.436023,"分析面積_km2":1.04,"2020面積_ha":104.04,"2024面積_ha":104.04,"面積減少率_pct":0.0,"2020斑塊數":1,"2024斑塊數":1,"斑塊數增加率_pct":0.0,"2020平均斑塊面積_ha":172555.65,"2024平均斑塊面積_ha":172145.43,"平均斑塊面積下降率_pct":0.24,"道路切割密度_km_per_km2":0.058,"建成區邊界切割密度_km_per_km2":0.0,"孤立小斑塊比例_pct":0.0,"距大型連續綠地平均距離_m":0.0,"score_面積減少":36.827195467422094,"score_斑塊增加":46.81303116147309,"score_平均斑塊縮小":50.63739376770538,"score_道路建成區切割":36.17799811142588,"score_孤立比例":45.34938621340888,"score_距大型綠地":44.66477809254013,"綜合破碎化分數":43.4,"破碎化等級":"低","判定原因":"面積減少0.0%；斑塊增加0.0%；平均斑塊縮小0.2%；道路密度0.06 km/km²；孤立比例0.0%；距大型綠地0m","2021面積_ha":104.04,"2022面積_ha":104.04,"2023面積_ha":104.04}},{"type":"Feature","geometry":{"type":"Polygon","coordinates":[[[121.7199121204412,24.431485911023824],[121.7199633831563,24.440514256423445],[121.72982527230113,24.440466993693597],[121.72977330755226,24.431438667988918],[121.7199121204412,24.431485911023824]]]},"properties":{"grid_id":"G014_041","綠地類型":"森林","中心經度":121.724869,"中心緯度":24.435977,"分析面積_km2":1.04,"2020面積_ha":104.04,"2024面積_ha":104.04,"面積減少率_pct":0.0,"2020斑塊數":1,"2024斑塊數":1,"斑塊數增加率_pct":0.0,"2020平均斑塊面積_ha":172555.65,"2024平均斑塊面積_ha":172145.43,"平均斑塊面積下降率_pct":0.24,"道路切割密度_km_per_km2":0.0,"建成區邊界切割密度_km_per_km2":0.0,"孤立小斑塊比例_pct":0.0,"距大型連續綠地平均距離_m":0.0,"score_面積減少":36.827195467422094,"score_斑塊增加":46.81303116147309,"score_平均斑塊縮小":50.63739376770538,"score_道路建成區切割":27.47875354107649,"score_孤立比例":45.34938621340888,"score_距大型綠地":44.66477809254013,"綜合破碎化分數":42.0,"破碎化等級":"低","判定原因":"面積減少0.0%；斑塊增加0.0%；平均斑塊縮小0.2%；道路密度0.00 km/km²；孤立比例0.0%；距大型綠地0m","2021面積_ha":104.04,"2022面積_ha":104.04,"2023面積_ha":104.04}},{"type":"Feature","geometry":{"type":"Polygon","coordinates":[[[121.72977330755226,24.431438667988918],[121.72982527230113,24.440466993693597],[121.73968713602127,24.44041908809634],[121.73963446924661,24.431390782354473],[121.72977330755226,24.431438667988918]]]},"properties":{"grid_id":"G014_042","綠地類型":"森林","中心經度":121.73473,"中心緯度":24.435929,"分析面積_km2":1.04,"2020面積_ha":104.04,"2024面積_ha":104.04,"面積減少率_pct":0.0,"2020斑塊數":1,"2024斑塊數":1,"斑塊數增加率_pct":0.0,"2020平均斑塊面積_ha":172555.65,"2024平均斑塊面積_ha":172145.43,"平均斑塊面積下降率_pct":0.24,"道路切割密度_km_per_km2":0.0,"建成區邊界切割密度_km_per_km2":0.0,"孤立小斑塊比例_pct":0.0,"距大型連續綠地平均距離_m":0.0,"score_面積減少":36.827195467422094,"score_斑塊增加":46.81303116147309,"score_平均斑塊縮小":50.63739376770538,"score_道路建成區切割":27.47875354107649,"score_孤立比例":45.34938621340888,"score_距大型綠地":44.66477809254013,"綜合破碎化分數":42.0,"破碎化等級":"低","判定原因":"面積減少0.0%；斑塊增加0.0%；平均斑塊縮小0.2%；道路密度0.00 km/km²；孤立比例0.0%；距大型綠地0m","2021面積_ha":104.04,"2022面積_ha":104.04,"2023面積_ha":104.04}},{"type":"Feature","geometry":{"type":"Polygon","coordinates":[[[121.32549409983693,24.450906452169235],[121.32547091242971,24.441877549459928],[121.31793623808126,24.44189357467605],[121.3181456,24.4423643],[121.31859850000001,24.443693399999997],[121.3187607,24.444087099999997],[121.3190919,24.444560899999992],[121.319592,24.4450778],[121.3196799,24.445422300000004],[121.319619,24.4457915],[121.3196934,24.446166799999993],[121.32008540000001,24.447557299999996],[121.32017330000001,24.4478711],[121.3203963,24.4484803],[121.32070100000001,24.449070099999997],[121.32091170000001,24.4493988],[121.32166386040446,24.450914648299218],[121.32549409983693,24.450906452169235]]]},"properties":{"grid_id":"G015_000","綠地類型":"森林","中心經度":121.322687,"中心緯度":24.446856,"分析面積_km2":0.611,"2020面積_ha":59.67,"2024面積_ha":60.12,"面積減少率_pct":0.0,"2020斑塊數":1,"2024斑塊數":1,"斑塊數增加率_pct":0.0,"2020平均斑塊面積_ha":172555.65,"2024平均斑塊面積_ha":172145.43,"平均斑塊面積下降率_pct":0.24,"道路切割密度_km_per_km2":0.589,"建成區邊界切割密度_km_per_km2":0.0,"孤立小斑塊比例_pct":0.0,"距大型連續綠地平均距離_m":0.0,"score_面積減少":36.827195467422094,"score_斑塊增加":46.81303116147309,"score_平均斑塊縮小":50.63739376770538,"score_道路建成區切割":39.53021718602456,"score_孤立比例":45.34938621340888,"score_距大型綠地":44.66477809254013,"綜合破碎化分數":44.0,"破碎化等級":"低","判定原因":"面積減少0.0%；斑塊增加0.0%；平均斑塊縮小0.2%；道路密度0.59 km/km²；孤立比例0.0%；距大型綠地0m","2021面積_ha":59.94,"2022面積_ha":60.12,"2023面積_ha":59.67}},{"type":"Feature","geometry":{"type":"Polygon","coordinates":[[[121.32547091242971,24.441877549459928],[121.32549409983693,24.450906452169235],[121.33535742690056,24.450884899555103],[121.33533353688557,24.441856005824718],[121.32547091242971,24.441877549459928]]]},"properties":{"grid_id":"G015_001","綠地類型":"森林","中心經度":121.330414,"中心緯度":24.446381,"分析面積_km2":1.04,"2020面積_ha":98.46,"2024面積_ha":101.07,"面積減少率_pct":0.0,"2020斑塊數":1,"2024斑塊數":1,"斑塊數增加率_pct":0.0,"2020平均斑塊面積_ha":172555.65,"2024平均斑塊面積_ha":172145.43,"平均斑塊面積下降率_pct":0.24,"道路切割密度_km_per_km2":0.0,"建成區邊界切割密度_km_per_km2":0.0,"孤立小斑塊比例_pct":0.0,"距大型連續綠地平均距離_m":0.0,"score_面積減少":36.827195467422094,"score_斑塊增加":46.81303116147309,"score_平均斑塊縮小":50.63739376770538,"score_道路建成區切割":27.47875354107649,"score_孤立比例":45.34938621340888,"score_距大型綠地":44.66477809254013,"綜合破碎化分數":42.0,"破碎化等級":"低","判定原因":"面積減少0.0%；斑塊增加0.0%；平均斑塊縮小0.2%；道路密度0.00 km/km²；孤立比例0.0%；距大型綠地0m","2021面積_ha":99.81,"2022面積_ha":100.26,"2023面積_ha":98.64}},{"type":"Feature","geometry":{"type":"Polygon","coordinates":[[[121.34519614965807,24.441833819130586],[121.3452207422772,24.450862703614046],[121.3550840456231,24.450839864349124],[121.35505875040361,24.441810989380603],[121.34519614965807,24.441833819130586]]]},"properties":{"grid_id":"G015_003","綠地類型":"森林","中心經度":121.35014,"中心緯度":24.446337,"分析面積_km2":1.04,"2020面積_ha":77.04,"2024面積_ha":79.38,"面積減少率_pct":0.0,"2020斑塊數":2,"2024斑塊數":1,"斑塊數增加率_pct":0.0,"2020平均斑塊面積_ha":86279.625,"2024平均斑塊面積_ha":172145.43,"平均斑塊面積下降率_pct":0.0,"道路切割密度_km_per_km2":0.029,"建成區邊界切割密度_km_per_km2":0.0,"孤立小斑塊比例_pct":0.0,"距大型連續綠地平均距離_m":0.0,"score_面積減少":36.827195467422094,"score_斑塊增加":46.81303116147309,"score_平均斑塊縮小":3.7535410764872523,"score_道路建成區切割":35.87110481586403,"score_孤立比例":45.34938621340888,"score_距大型綠地":44.66477809254013,"綜合破碎化分數":35.5,"破碎化等級":"低","判定原因":"面積減少0.0%；斑塊增加0.0%；平均斑塊縮小0.0%；道路密度0.03 km/km²；孤立比例0.0%；距大型綠地0m","2021面積_ha":76.23,"2022面積_ha":81.54,"2023面積_ha":79.38}},{"type":"Feature","geometry":{"type":"Polygon","coordinates":[[[121.36492133877861,24.441787516577904],[121.36494733659457,24.45081638176348],[121.3748106148479,24.45079225586036],[121.37478391443949,24.441763400725733],[121.36492133877861,24.441787516577904]]]},"properties":{"grid_id":"G015_005","綠地類型":"森林","中心經度":121.369866,"中心緯度":24.44629,"分析面積_km2":1.04,"2020面積_ha":104.04,"2024面積_ha":104.04,"面積減少率_pct":0.0,"2020斑塊數":1,"2024斑塊數":1,"斑塊數增加率_pct":0.0,"2020平均斑塊面積_ha":172555.65,"2024平均斑塊面積_ha":172145.43,"平均斑塊面積下降率_pct":0.24,"道路切割密度_km_per_km2":0.0,"建成區邊界切割密度_km_per_km2":0.0,"孤立小斑塊比例_pct":0.0,"距大型連續綠地平均距離_m":0.0,"score_面積減少":36.827195467422094,"score_斑塊增加":46.81303116147309,"score_平均斑塊縮小":50.63739376770538,"score_道路建成區切割":27.47875354107649,"score_孤立比例":45.34938621340888,"score_距大型綠地":44.66477809254013,"綜合破碎化分數":42.0,"破碎化等級":"低","判定原因":"面積減少0.0%；斑塊增加0.0%；平均斑塊縮小0.2%；道路密度0.00 km/km²；孤立比例0.0%；距大型綠地0m","2021面積_ha":104.04,"2022面積_ha":104.04,"2023面積_ha":104.04}},{"type":"Feature","geometry":{"type":"Polygon","coordinates":[[[121.41423408306966,24.441660506890162],[121.41426359380601,24.450689319140984],[121.42412680331327,24.45066197670215],[121.42409659000596,24.44163317584228],[121.41423408306966,24.441660506890162]]]},"properties":{"grid_id":"G015_010","綠地類型":"森林","中心經度":121.41918,"中心緯度":24.446161,"分析面積_km2":1.04,"2020面積_ha":102.15,"2024面積_ha":102.33,"面積減少率_pct":0.0,"2020斑塊數":1,"2024斑塊數":1,"斑塊數增加率_pct":0.0,"2020平均斑塊面積_ha":172555.65,"2024平均斑塊面積_ha":172145.43,"平均斑塊面積下降率_pct":0.24,"道路切割密度_km_per_km2":0.0,"建成區邊界切割密度_km_per_km2":0.0,"孤立小斑塊比例_pct":0.0,"距大型連續綠地平均距離_m":0.0,"score_面積減少":36.827195467422094,"score_斑塊增加":46.81303116147309,"score_平均斑塊縮小":50.63739376770538,"score_道路建成區切割":27.47875354107649,"score_孤立比例":45.34938621340888,"score_距大型綠地":44.66477809254013,"綜合破碎化分數":42.0,"破碎化等級":"低","判定原因":"面積減少0.0%；斑塊增加0.0%；平均斑塊縮小0.2%；道路密度0.00 km/km²；孤立比例0.0%；距大型綠地0m","2021面積_ha":101.97,"2022面積_ha":103.05,"2023面積_ha":102.15}},{"type":"Feature","geometry":{"type":"Polygon","coordinates":[[[121.42409659000596,24.44163317584228],[121.42412680331327,24.45066197670215],[121.4339899980402,24.450633990967134],[121.43395908216664,24.441605201766208],[121.42409659000596,24.44163317584228]]]},"properties":{"grid_id":"G015_011","綠地類型":"森林","中心經度":121.429043,"中心緯度":24.446134,"分析面積_km2":1.04,"2020面積_ha":104.04,"2024面積_ha":104.04,"面積減少率_pct":0.0,"2020斑塊數":1,"2024斑塊數":1,"斑塊數增加率_pct":0.0,"2020平均斑塊面積_ha":172555.65,"2024平均斑塊面積_ha":172145.43,"平均斑塊面積下降率_pct":0.24,"道路切割密度_km_per_km2":0.0,"建成區邊界切割密度_km_per_km2":0.0,"孤立小斑塊比例_pct":0.0,"距大型連續綠地平均距離_m":0.0,"score_面積減少":36.827195467422094,"score_斑塊增加":46.81303116147309,"score_平均斑塊縮小":50.63739376770538,"score_道路建成區切割":27.47875354107649,"score_孤立比例":45.34938621340888,"score_距大型綠地":44.66477809254013,"綜合破碎化分數":42.0,"破碎化等級":"低","判定原因":"面積減少0.0%；斑塊增加0.0%；平均斑塊縮小0.2%；道路密度0.00 km/km²；孤立比例0.0%；距大型綠地0m","2021面積_ha":104.04,"2022面積_ha":104.04,"2023面積_ha":104.04}},{"type":"Feature","geometry":{"type":"Polygon","coordinates":[[[121.44382155920805,24.441576584665796],[121.44385317764319,24.450605361939793],[121.45371634177853,24.45057608962407],[121.45368402078667,24.441547324545006],[121.44382155920805,24.441576584665796]]]},"properties":{"grid_id":"G015_013","綠地類型":"森林","中心經度":121.448769,"中心緯度":24.446076,"分析面積_km2":1.04,"2020面積_ha":104.04,"2024面積_ha":104.04,"面積減少率_pct":0.0,"2020斑塊數":1,"2024斑塊數":1,"斑塊數增加率_pct":0.0,"2020平均斑塊面積_ha":172555.65,"2024平均斑塊面積_ha":172145.43,"平均斑塊面積下降率_pct":0.24,"道路切割密度_km_per_km2":0.0,"建成區邊界切割密度_km_per_km2":0.0,"孤立小斑塊比例_pct":0.0,"距大型連續綠地平均距離_m":0.0,"score_面積減少":36.827195467422094,"score_斑塊增加":46.81303116147309,"score_平均斑塊縮小":50.63739376770538,"score_道路建成區切割":27.47875354107649,"score_孤立比例":45.34938621340888,"score_距大型綠地":44.66477809254013,"綜合破碎化分數":42.0,"破碎化等級":"低","判定原因":"面積減少0.0%；斑塊增加0.0%；平均斑塊縮小0.2%；道路密度0.00 km/km²；孤立比例0.0%；距大型綠地0m","2021面積_ha":104.04,"2022面積_ha":104.04,"2023面積_ha":104.04}},{"type":"Feature","geometry":{"type":"Polygon","coordinates":[[[121.45368402078667,24.441547324545006],[121.45371634177853,24.45057608962407],[121.46357949010255,24.450546174024012],[121.46354646655892,24.44151742140785],[121.45368402078667,24.441547324545006]]]},"properties":{"grid_id":"G015_014","綠地類型":"森林","中心經度":121.458632,"中心緯度":24.446047,"分析面積_km2":1.04,"2020面積_ha":104.04,"2024面積_ha":104.04,"面積減少率_pct":0.0,"2020斑塊數":1,"2024斑塊數":1,"斑塊數增加率_pct":0.0,"2020平均斑塊面積_ha":172555.65,"2024平均斑塊面積_ha":172145.43,"平均斑塊面積下降率_pct":0.24,"道路切割密度_km_per_km2":0.0,"建成區邊界切割密度_km_per_km2":0.0,"孤立小斑塊比例_pct":0.0,"距大型連續綠地平均距離_m":0.0,"score_面積減少":36.827195467422094,"score_斑塊增加":46.81303116147309,"score_平均斑塊縮小":50.63739376770538,"score_道路建成區切割":27.47875354107649,"score_孤立比例":45.34938621340888,"score_距大型綠地":44.66477809254013,"綜合破碎化分數":42.0,"破碎化等級":"低","判定原因":"面積減少0.0%；斑塊增加0.0%；平均斑塊縮小0.2%；道路密度0.00 km/km²；孤立比例0.0%；距大型綠地0m","2021面積_ha":104.04,"2022面積_ha":104.04,"2023面積_ha":104.04}},{"type":"Feature","geometry":{"type":"Polygon","coordinates":[[[121.49313370560185,24.44142385393994],[121.49316883676987,24.450452567559456],[121.50303191841188,24.45042007886416],[121.50299608471299,24.44139137877949],[121.49313370560185,24.44142385393994]]]},"properties":{"grid_id":"G015_018","綠地類型":"森林","中心經度":121.498083,"中心緯度":24.445922,"分析面積_km2":1.04,"2020面積_ha":99.36,"2024面積_ha":100.98,"面積減少率_pct":0.0,"2020斑塊數":1,"2024斑塊數":1,"斑塊數增加率_pct":0.0,"2020平均斑塊面積_ha":172555.65,"2024平均斑塊面積_ha":172145.43,"平均斑塊面積下降率_pct":0.24,"道路切割密度_km_per_km2":0.0,"建成區邊界切割密度_km_per_km2":0.0,"孤立小斑塊比例_pct":0.0,"距大型連續綠地平均距離_m":0.0,"score_面積減少":36.827195467422094,"score_斑塊增加":46.81303116147309,"score_平均斑塊縮小":50.63739376770538,"score_道路建成區切割":27.47875354107649,"score_孤立比例":45.34938621340888,"score_距大型綠地":44.66477809254013,"綜合破碎化分數":42.0,"破碎化等級":"低","判定原因":"面積減少0.0%；斑塊增加0.0%；平均斑塊縮小0.2%；道路密度0.00 km/km²；孤立比例0.0%；距大型綠地0m","2021面積_ha":100.26,"2022面積_ha":100.62,"2023面積_ha":100.17}},{"type":"Feature","geometry":{"type":"Polygon","coordinates":[[[121.50299608471299,24.44139137877949],[121.50303191841188,24.45042007886416],[121.51289498252422,24.45038694690603],[121.51285844629999,24.441358260624185],[121.50299608471299,24.44139137877949]]]},"properties":{"grid_id":"G015_019","綠地類型":"森林","中心經度":121.507945,"中心緯度":24.445889,"分析面積_km2":1.04,"2020面積_ha":92.52,"2024面積_ha":93.42,"面積減少率_pct":0.0,"2020斑塊數":1,"2024斑塊數":1,"斑塊數增加率_pct":0.0,"2020平均斑塊面積_ha":172555.65,"2024平均斑塊面積_ha":172145.43,"平均斑塊面積下降率_pct":0.24,"道路切割密度_km_per_km2":0.0,"建成區邊界切割密度_km_per_km2":0.0,"孤立小斑塊比例_pct":0.0,"距大型連續綠地平均距離_m":0.0,"score_面積減少":36.827195467422094,"score_斑塊增加":46.81303116147309,"score_平均斑塊縮小":50.63739376770538,"score_道路建成區切割":27.47875354107649,"score_孤立比例":45.34938621340888,"score_距大型綠地":44.66477809254013,"綜合破碎化分數":42.0,"破碎化等級":"低","判定原因":"面積減少0.0%；斑塊增加0.0%；平均斑塊縮小0.2%；道路密度0.00 km/km²；孤立比例0.0%；距大型綠地0m","2021面積_ha":92.61,"2022面積_ha":93.78,"2023面積_ha":92.79}},{"type":"Feature","geometry":{"type":"Polygon","coordinates":[[[121.52272079001926,24.44132449947859],[121.52275802876325,24.45035317168964],[121.53262105678532,24.450318753219648],[121.5325831155273,24.441290095347373],[121.52272079001926,24.44132449947859]]]},"properties":{"grid_id":"G015_021","綠地類型":"森林","中心經度":121.527671,"中心緯度":24.445822,"分析面積_km2":1.04,"2020面積_ha":92.16,"2024面積_ha":99.09,"面積減少率_pct":0.0,"2020斑塊數":1,"2024斑塊數":1,"斑塊數增加率_pct":0.0,"2020平均斑塊面積_ha":172555.65,"2024平均斑塊面積_ha":172145.43,"平均斑塊面積下降率_pct":0.24,"道路切割密度_km_per_km2":0.0,"建成區邊界切割密度_km_per_km2":0.0,"孤立小斑塊比例_pct":0.0,"距大型連續綠地平均距離_m":0.0,"score_面積減少":36.827195467422094,"score_斑塊增加":46.81303116147309,"score_平均斑塊縮小":50.63739376770538,"score_道路建成區切割":27.47875354107649,"score_孤立比例":45.34938621340888,"score_距大型綠地":44.66477809254013,"綜合破碎化分數":42.0,"破碎化等級":"低","判定原因":"面積減少0.0%；斑塊增加0.0%；平均斑塊縮小0.2%；道路密度0.00 km/km²；孤立比例0.0%；距大型綠地0m","2021面積_ha":92.97,"2022面積_ha":96.3,"2023面積_ha":93.24}},{"type":"Feature","geometry":{"type":"Polygon","coordinates":[[[121.5325831155273,24.441290095347373],[121.53262105678532,24.450318753219648],[121.54248406624676,24.4502836915008],[121.54244542248053,24.44125504823526],[121.5325831155273,24.441290095347373]]]},"properties":{"grid_id":"G015_022","綠地類型":"森林","中心經度":121.537533,"中心緯度":24.445787,"分析面積_km2":1.04,"2020面積_ha":101.97,"2024面積_ha":103.41,"面積減少率_pct":0.0,"2020斑塊數":1,"2024斑塊數":1,"斑塊數增加率_pct":0.0,"2020平均斑塊面積_ha":172555.65,"2024平均斑塊面積_ha":172145.43,"平均斑塊面積下降率_pct":0.24,"道路切割密度_km_per_km2":0.0,"建成區邊界切割密度_km_per_km2":0.0,"孤立小斑塊比例_pct":0.0,"距大型連續綠地平均距離_m":0.0,"score_面積減少":36.827195467422094,"score_斑塊增加":46.81303116147309,"score_平均斑塊縮小":50.63739376770538,"score_道路建成區切割":27.47875354107649,"score_孤立比例":45.34938621340888,"score_距大型綠地":44.66477809254013,"綜合破碎化分數":42.0,"破碎化等級":"低","判定原因":"面積減少0.0%；斑塊增加0.0%；平均斑塊縮小0.2%；道路密度0.00 km/km²；孤立比例0.0%；距大型綠地0m","2021面積_ha":102.33,"2022面積_ha":103.41,"2023面積_ha":102.78}},{"type":"Feature","geometry":{"type":"Polygon","coordinates":[[[121.56216997934845,24.44118302508779],[121.56221002811324,24.450211638335944],[121.57207297983098,24.450174646899878],[121.57203222857609,24.44114604906236],[121.56216997934845,24.44118302508779]]]},"properties":{"grid_id":"G015_025","綠地類型":"森林","中心經度":121.567121,"中心緯度":24.445679,"分析面積_km2":1.04,"2020面積_ha":104.04,"2024面積_ha":104.04,"面積減少率_pct":0.0,"2020斑塊數":1,"2024斑塊數":1,"斑塊數增加率_pct":0.0,"2020平均斑塊面積_ha":172555.65,"2024平均斑塊面積_ha":172145.43,"平均斑塊面積下降率_pct":0.24,"道路切割密度_km_per_km2":0.317,"建成區邊界切割密度_km_per_km2":0.0,"孤立小斑塊比例_pct":0.0,"距大型連續綠地平均距離_m":0.0,"score_面積減少":36.827195467422094,"score_斑塊增加":46.81303116147309,"score_平均斑塊縮小":50.63739376770538,"score_道路建成區切割":37.79508970727102,"score_孤立比例":45.34938621340888,"score_距大型綠地":44.66477809254013,"綜合破碎化分數":43.7,"破碎化等級":"低","判定原因":"面積減少0.0%；斑塊增加0.0%；平均斑塊縮小0.2%；道路密度0.32 km/km²；孤立比例0.0%；距大型綠地0m","2021面積_ha":104.04,"2022面積_ha":104.04,"2023面積_ha":104.04}},{"type":"Feature","geometry":{"type":"Polygon","coordinates":[[[121.64106739592289,24.44086921427224],[121.64111306442757,24.449897696732577],[121.6509758470426,24.44985555961488],[121.65092947610081,24.440827094708787],[121.64106739592289,24.44086921427224]]]},"properties":{"grid_id":"G015_033","綠地類型":"森林","中心經度":121.646021,"中心緯度":24.445362,"分析面積_km2":1.04,"2020面積_ha":104.04,"2024面積_ha":104.04,"面積減少率_pct":0.0,"2020斑塊數":1,"2024斑塊數":1,"斑塊數增加率_pct":0.0,"2020平均斑塊面積_ha":172555.65,"2024平均斑塊面積_ha":172145.43,"平均斑塊面積下降率_pct":0.24,"道路切割密度_km_per_km2":0.663,"建成區邊界切割密度_km_per_km2":0.0,"孤立小斑塊比例_pct":0.0,"距大型連續綠地平均距離_m":0.0,"score_面積減少":36.827195467422094,"score_斑塊增加":46.81303116147309,"score_平均斑塊縮小":50.63739376770538,"score_道路建成區切割":39.978753541076486,"score_孤立比例":45.34938621340888,"score_距大型綠地":44.66477809254013,"綜合破碎化分數":44.0,"破碎化等級":"低","判定原因":"面積減少0.0%；斑塊增加0.0%；平均斑塊縮小0.2%；道路密度0.66 km/km²；孤立比例0.0%；距大型綠地0m","2021面積_ha":104.04,"2022面積_ha":104.04,"2023面積_ha":104.04}},{"type":"Feature","geometry":{"type":"Polygon","coordinates":[[[121.66079153360177,24.440784332228272],[121.66083860697354,24.44981277931219],[121.67070134387683,24.4497693558304],[121.67065356808226,24.440740926836597],[121.66079153360177,24.440784332228272]]]},"properties":{"grid_id":"G015_035","綠地類型":"森林","中心經度":121.665746,"中心緯度":24.445277,"分析面積_km2":1.04,"2020面積_ha":104.04,"2024面積_ha":104.04,"面積減少率_pct":0.0,"2020斑塊數":1,"2024斑塊數":1,"斑塊數增加率_pct":0.0,"2020平均斑塊面積_ha":172555.65,"2024平均斑塊面積_ha":172145.43,"平均斑塊面積下降率_pct":0.24,"道路切割密度_km_per_km2":0.173,"建成區邊界切割密度_km_per_km2":0.0,"孤立小斑塊比例_pct":0.0,"距大型連續綠地平均距離_m":0.0,"score_面積減少":36.827195467422094,"score_斑塊增加":46.81303116147309,"score_平均斑塊縮小":50.63739376770538,"score_道路建成區切割":36.80358829084042,"score_孤立比例":45.34938621340888,"score_距大型綠地":44.66477809254013,"綜合破碎化分數":43.5,"破碎化等級":"低","判定原因":"面積減少0.0%；斑塊增加0.0%；平均斑塊縮小0.2%；道路密度0.17 km/km²；孤立比例0.0%；距大型綠地0m","2021面積_ha":104.04,"2022面積_ha":104.04,"2023面積_ha":104.04}},{"type":"Feature","geometry":{"type":"Polygon","coordinates":[[[121.68051557919881,24.440696878539757],[121.68056405740884,24.449725289175515],[121.690426747226,24.449680579353597],[121.69037756660798,24.440652187343815],[121.68051557919881,24.440696878539757]]]},"properties":{"grid_id":"G015_037","綠地類型":"森林","中心經度":121.685471,"中心緯度":24.445189,"分析面積_km2":1.04,"2020面積_ha":104.04,"2024面積_ha":104.04,"面積減少率_pct":0.0,"2020斑塊數":1,"2024斑塊數":1,"斑塊數增加率_pct":0.0,"2020平均斑塊面積_ha":172555.65,"2024平均斑塊面積_ha":172145.43,"平均斑塊面積下降率_pct":0.24,"道路切割密度_km_per_km2":0.519,"建成區邊界切割密度_km_per_km2":0.0,"孤立小斑塊比例_pct":0.0,"距大型連續綠地平均距離_m":0.0,"score_面積減少":36.827195467422094,"score_斑塊增加":46.81303116147309,"score_平均斑塊縮小":50.63739376770538,"score_道路建成區切割":38.99905571293674,"score_孤立比例":45.34938621340888,"score_距大型綠地":44.66477809254013,"綜合破碎化分數":43.9,"破碎化等級":"低","判定原因":"面積減少0.0%；斑塊增加0.0%；平均斑塊縮小0.2%；道路密度0.52 km/km²；孤立比例0.0%；距大型綠地0m","2021面積_ha":104.04,"2022面積_ha":104.04,"2023面積_ha":104.04}},{"type":"Feature","geometry":{"type":"Polygon","coordinates":[[[121.69037756660798,24.440652187343815],[121.690426747226,24.449680579353597],[121.70028941298476,24.449635226370816],[121.70023952996625,24.440606853254934],[121.69037756660798,24.440652187343815]]]},"properties":{"grid_id":"G015_038","綠地類型":"森林","中心經度":121.695333,"中心緯度":24.445144,"分析面積_km2":1.04,"2020面積_ha":104.04,"2024面積_ha":104.04,"面積減少率_pct":0.0,"2020斑塊數":1,"2024斑塊數":1,"斑塊數增加率_pct":0.0,"2020平均斑塊面積_ha":172555.65,"2024平均斑塊面積_ha":172145.43,"平均斑塊面積下降率_pct":0.24,"道路切割密度_km_per_km2":0.0,"建成區邊界切割密度_km_per_km2":0.0,"孤立小斑塊比例_pct":0.0,"距大型連續綠地平均距離_m":0.0,"score_面積減少":36.827195467422094,"score_斑塊增加":46.81303116147309,"score_平均斑塊縮小":50.63739376770538,"score_道路建成區切割":27.47875354107649,"score_孤立比例":45.34938621340888,"score_距大型綠地":44.66477809254013,"綜合破碎化分數":42.0,"破碎化等級":"低","判定原因":"面積減少0.0%；斑塊增加0.0%；平均斑塊縮小0.2%；道路密度0.00 km/km²；孤立比例0.0%；距大型綠地0m","2021面積_ha":104.04,"2022面積_ha":104.04,"2023面積_ha":104.04}},{"type":"Feature","geometry":{"type":"Polygon","coordinates":[[[121.70023952996625,24.440606853254934],[121.70028941298476,24.449635226370816],[121.71015205434148,24.449589230233418],[121.71010146893018,24.440560876279363],[121.70023952996625,24.440606853254934]]]},"properties":{"grid_id":"G015_039","綠地類型":"森林","中心經度":121.705196,"中心緯度":24.445098,"分析面積_km2":1.04,"2020面積_ha":104.04,"2024面積_ha":104.04,"面積減少率_pct":0.0,"2020斑塊數":1,"2024斑塊數":1,"斑塊數增加率_pct":0.0,"2020平均斑塊面積_ha":172555.65,"2024平均斑塊面積_ha":172145.43,"平均斑塊面積下降率_pct":0.24,"道路切割密度_km_per_km2":0.0,"建成區邊界切割密度_km_per_km2":0.0,"孤立小斑塊比例_pct":0.0,"距大型連續綠地平均距離_m":0.0,"score_面積減少":36.827195467422094,"score_斑塊增加":46.81303116147309,"score_平均斑塊縮小":50.63739376770538,"score_道路建成區切割":27.47875354107649,"score_孤立比例":45.34938621340888,"score_距大型綠地":44.66477809254013,"綜合破碎化分數":42.0,"破碎化等級":"低","判定原因":"面積減少0.0%；斑塊增加0.0%；平均斑塊縮小0.2%；道路密度0.00 km/km²；孤立比例0.0%；距大型綠地0m","2021面積_ha":104.04,"2022面積_ha":104.04,"2023面積_ha":104.04}},{"type":"Feature","geometry":{"type":"Polygon","coordinates":[[[121.71010146893018,24.440560876279363],[121.71015205434148,24.449589230233418],[121.72001467095268,24.44954259094775],[121.7199633831563,24.440514256423445],[121.71010146893018,24.440560876279363]]]},"properties":{"grid_id":"G015_040","綠地類型":"森林","中心經度":121.715058,"中心緯度":24.445052,"分析面積_km2":1.04,"2020面積_ha":104.04,"2024面積_ha":104.04,"面積減少率_pct":0.0,"2020斑塊數":1,"2024斑塊數":1,"斑塊數增加率_pct":0.0,"2020平均斑塊面積_ha":172555.65,"2024平均斑塊面積_ha":172145.43,"平均斑塊面積下降率_pct":0.24,"道路切割密度_km_per_km2":0.0,"建成區邊界切割密度_km_per_km2":0.0,"孤立小斑塊比例_pct":0.0,"距大型連續綠地平均距離_m":0.0,"score_面積減少":36.827195467422094,"score_斑塊增加":46.81303116147309,"score_平均斑塊縮小":50.63739376770538,"score_道路建成區切割":27.47875354107649,"score_孤立比例":45.34938621340888,"score_距大型綠地":44.66477809254013,"綜合破碎化分數":42.0,"破碎化等級":"低","判定原因":"面積減少0.0%；斑塊增加0.0%；平均斑塊縮小0.2%；道路密度0.00 km/km²；孤立比例0.0%；距大型綠地0m","2021面積_ha":104.04,"2022面積_ha":104.04,"2023面積_ha":104.04}},{"type":"Feature","geometry":{"type":"Polygon","coordinates":[[[121.72982527230113,24.440466993693597],[121.72987726247473,24.44949530852025],[121.73973982856408,24.449447382957434],[121.73968713602127,24.44041908809634],[121.72982527230113,24.440466993693597]]]},"properties":{"grid_id":"G015_042","綠地類型":"森林","中心經度":121.734782,"中心緯度":24.444957,"分析面積_km2":1.04,"2020面積_ha":104.04,"2024面積_ha":104.04,"面積減少率_pct":0.0,"2020斑塊數":1,"2024斑塊數":1,"斑塊數增加率_pct":0.0,"2020平均斑塊面積_ha":172555.65,"2024平均斑塊面積_ha":172145.43,"平均斑塊面積下降率_pct":0.24,"道路切割密度_km_per_km2":0.0,"建成區邊界切割密度_km_per_km2":0.0,"孤立小斑塊比例_pct":0.0,"距大型連續綠地平均距離_m":0.0,"score_面積減少":36.827195467422094,"score_斑塊增加":46.81303116147309,"score_平均斑塊縮小":50.63739376770538,"score_道路建成區切割":27.47875354107649,"score_孤立比例":45.34938621340888,"score_距大型綠地":44.66477809254013,"綜合破碎化分數":42.0,"破碎化等級":"低","判定原因":"面積減少0.0%；斑塊增加0.0%；平均斑塊縮小0.2%；道路密度0.00 km/km²；孤立比例0.0%；距大型綠地0m","2021面積_ha":104.04,"2022面積_ha":104.04,"2023面積_ha":104.04}},{"type":"Feature","geometry":{"type":"Polygon","coordinates":[[[121.73968713602127,24.44041908809634],[121.73973982856408,24.449447382957434],[121.74960236887718,24.449398814265898],[121.74954897397322,24.440370539638295],[121.73968713602127,24.44041908809634]]]},"properties":{"grid_id":"G015_043","綠地類型":"森林","中心經度":121.744645,"中心緯度":24.444909,"分析面積_km2":1.04,"2020面積_ha":104.04,"2024面積_ha":104.04,"面積減少率_pct":0.0,"2020斑塊數":1,"2024斑塊數":1,"斑塊數增加率_pct":0.0,"2020平均斑塊面積_ha":172555.65,"2024平均斑塊面積_ha":172145.43,"平均斑塊面積下降率_pct":0.24,"道路切割密度_km_per_km2":0.0,"建成區邊界切割密度_km_per_km2":0.0,"孤立小斑塊比例_pct":0.0,"距大型連續綠地平均距離_m":0.0,"score_面積減少":36.827195467422094,"score_斑塊增加":46.81303116147309,"score_平均斑塊縮小":50.63739376770538,"score_道路建成區切割":27.47875354107649,"score_孤立比例":45.34938621340888,"score_距大型綠地":44.66477809254013,"綜合破碎化分數":42.0,"破碎化等級":"低","判定原因":"面積減少0.0%；斑塊增加0.0%；平均斑塊縮小0.2%；道路密度0.00 km/km²；孤立比例0.0%；距大型綠地0m","2021面積_ha":104.04,"2022面積_ha":104.04,"2023面積_ha":103.95}},{"type":"Feature","geometry":{"type":"Polygon","coordinates":[[[121.33538132860261,24.45991378248458],[121.33535742690056,24.450884899555103],[121.32549409983693,24.450906452169235],[121.32551554395631,24.45925260101823],[121.32605300332426,24.459934189620178],[121.33538132860261,24.45991378248458]]]},"properties":{"grid_id":"G016_001","綠地類型":"森林","中心經度":121.330437,"中心緯度":24.455069,"分析面積_km2":1.038,"2020面積_ha":90.99,"2024面積_ha":92.34,"面積減少率_pct":0.0,"2020斑塊數":1,"2024斑塊數":1,"斑塊數增加率_pct":0.0,"2020平均斑塊面積_ha":172555.65,"2024平均斑塊面積_ha":172145.43,"平均斑塊面積下降率_pct":0.24,"道路切割密度_km_per_km2":0.347,"建成區邊界切割密度_km_per_km2":0.0,"孤立小斑塊比例_pct":0.0,"距大型連續綠地平均距離_m":0.0,"score_面積減少":36.827195467422094,"score_斑塊增加":46.81303116147309,"score_平均斑塊縮小":50.63739376770538,"score_道路建成區切割":38.16100094428707,"score_孤立比例":45.34938621340888,"score_距大型綠地":44.66477809254013,"綜合破碎化分數":43.7,"破碎化等級":"低","判定原因":"面積減少0.0%；斑塊增加0.0%；平均斑塊縮小0.2%；道路密度0.35 km/km²；孤立比例0.0%；距大型綠地0m","2021面積_ha":92.79,"2022面積_ha":100.35,"2023面積_ha":90.9}},{"type":"Feature","geometry":{"type":"Polygon","coordinates":[[[121.33535742690056,24.450884899555103],[121.33538132860261,24.45991378248458],[121.34524534692706,24.459891577295313],[121.3452207422772,24.450862703614046],[121.33535742690056,24.450884899555103]]]},"properties":{"grid_id":"G016_002","綠地類型":"森林","中心經度":121.340301,"中心緯度":24.455388,"分析面積_km2":1.04,"2020面積_ha":95.22,"2024面積_ha":102.33,"面積減少率_pct":0.0,"2020斑塊數":1,"2024斑塊數":1,"斑塊數增加率_pct":0.0,"2020平均斑塊面積_ha":172555.65,"2024平均斑塊面積_ha":172145.43,"平均斑塊面積下降率_pct":0.24,"道路切割密度_km_per_km2":0.0,"建成區邊界切割密度_km_per_km2":0.0,"孤立小斑塊比例_pct":0.0,"距大型連續綠地平均距離_m":0.0,"score_面積減少":36.827195467422094,"score_斑塊增加":46.81303116147309,"score_平均斑塊縮小":50.63739376770538,"score_道路建成區切割":27.47875354107649,"score_孤立比例":45.34938621340888,"score_距大型綠地":44.66477809254013,"綜合破碎化分數":42.0,"破碎化等級":"低","判定原因":"面積減少0.0%；斑塊增加0.0%；平均斑塊縮小0.2%；道路密度0.00 km/km²；孤立比例0.0%；距大型綠地0m","2021面積_ha":93.42,"2022面積_ha":103.05,"2023面積_ha":92.52}},{"type":"Feature","geometry":{"type":"Polygon","coordinates":[[[121.3452207422772,24.450862703614046],[121.34524534692706,24.459891577295313],[121.35510935321702,24.459868728514135],[121.3550840456231,24.450839864349124],[121.3452207422772,24.450862703614046]]]},"properties":{"grid_id":"G016_003","綠地類型":"森林","中心經度":121.350165,"中心緯度":24.455366,"分析面積_km2":1.04,"2020面積_ha":86.4,"2024面積_ha":93.06,"面積減少率_pct":0.0,"2020斑塊數":1,"2024斑塊數":1,"斑塊數增加率_pct":0.0,"2020平均斑塊面積_ha":172555.65,"2024平均斑塊面積_ha":172145.43,"平均斑塊面積下降率_pct":0.24,"道路切割密度_km_per_km2":0.0,"建成區邊界切割密度_km_per_km2":0.0,"孤立小斑塊比例_pct":0.0,"距大型連續綠地平均距離_m":0.0,"score_面積減少":36.827195467422094,"score_斑塊增加":46.81303116147309,"score_平均斑塊縮小":50.63739376770538,"score_道路建成區切割":27.47875354107649,"score_孤立比例":45.34938621340888,"score_距大型綠地":44.66477809254013,"綜合破碎化分數":42.0,"破碎化等級":"低","判定原因":"面積減少0.0%；斑塊增加0.0%；平均斑塊縮小0.2%；道路密度0.00 km/km²；孤立比例0.0%；距大型綠地0m","2021面積_ha":87.57,"2022面積_ha":94.59,"2023面積_ha":87.75}},{"type":"Feature","geometry":{"type":"Polygon","coordinates":[[[121.41426359380601,24.450689319140984],[121.41429311897896,24.459718120579613],[121.42415703140084,24.459690766748256],[121.42412680331327,24.45066197670215],[121.41426359380601,24.450689319140984]]]},"properties":{"grid_id":"G016_010","綠地類型":"森林","中心經度":121.41921,"中心緯度":24.45519,"分析面積_km2":1.04,"2020面積_ha":103.77,"2024面積_ha":104.04,"面積減少率_pct":0.0,"2020斑塊數":1,"2024斑塊數":1,"斑塊數增加率_pct":0.0,"2020平均斑塊面積_ha":172555.65,"2024平均斑塊面積_ha":172145.43,"平均斑塊面積下降率_pct":0.24,"道路切割密度_km_per_km2":0.0,"建成區邊界切割密度_km_per_km2":0.0,"孤立小斑塊比例_pct":0.0,"距大型連續綠地平均距離_m":0.0,"score_面積減少":36.827195467422094,"score_斑塊增加":46.81303116147309,"score_平均斑塊縮小":50.63739376770538,"score_道路建成區切割":27.47875354107649,"score_孤立比例":45.34938621340888,"score_距大型綠地":44.66477809254013,"綜合破碎化分數":42.0,"破碎化等級":"低","判定原因":"面積減少0.0%；斑塊增加0.0%；平均斑塊縮小0.2%；道路密度0.00 km/km²；孤立比例0.0%；距大型綠地0m","2021面積_ha":103.95,"2022面積_ha":104.04,"2023面積_ha":104.04}},{"type":"Feature","geometry":{"type":"Polygon","coordinates":[[[121.42412680331327,24.45066197670215],[121.42415703140084,24.459690766748256],[121.43402092903776,24.45966276935269],[121.4339899980402,24.450633990967134],[121.42412680331327,24.45066197670215]]]},"properties":{"grid_id":"G016_011","綠地類型":"森林","中心經度":121.429074,"中心緯度":24.455162,"分析面積_km2":1.04,"2020面積_ha":97.65,"2024面積_ha":98.46,"面積減少率_pct":0.0,"2020斑塊數":1,"2024斑塊數":1,"斑塊數增加率_pct":0.0,"2020平均斑塊面積_ha":172555.65,"2024平均斑塊面積_ha":172145.43,"平均斑塊面積下降率_pct":0.24,"道路切割密度_km_per_km2":0.346,"建成區邊界切割密度_km_per_km2":0.0,"孤立小斑塊比例_pct":0.0,"距大型連續綠地平均距離_m":0.0,"score_面積減少":36.827195467422094,"score_斑塊增加":46.81303116147309,"score_平均斑塊縮小":50.63739376770538,"score_道路建成區切割":38.03116147308782,"score_孤立比例":45.34938621340888,"score_距大型綠地":44.66477809254013,"綜合破碎化分數":43.7,"破碎化等級":"低","判定原因":"面積減少0.0%；斑塊增加0.0%；平均斑塊縮小0.2%；道路密度0.35 km/km²；孤立比例0.0%；距大型綠地0m","2021面積_ha":98.46,"2022面積_ha":97.65,"2023面積_ha":98.37}},{"type":"Feature","geometry":{"type":"Polygon","coordinates":[[[121.44385317764319,24.450605361939793],[121.44388481154597,24.459634128396758],[121.4537486785817,24.459604843884424],[121.45371634177853,24.45057608962407],[121.44385317764319,24.450605361939793]]]},"properties":{"grid_id":"G016_013","綠地類型":"森林","中心經度":121.448801,"中心緯度":24.455105,"分析面積_km2":1.04,"2020面積_ha":104.04,"2024面積_ha":104.04,"面積減少率_pct":0.0,"2020斑塊數":1,"2024斑塊數":1,"斑塊數增加率_pct":0.0,"2020平均斑塊面積_ha":172555.65,"2024平均斑塊面積_ha":172145.43,"平均斑塊面積下降率_pct":0.24,"道路切割密度_km_per_km2":0.0,"建成區邊界切割密度_km_per_km2":0.0,"孤立小斑塊比例_pct":0.0,"距大型連續綠地平均距離_m":0.0,"score_面積減少":36.827195467422094,"score_斑塊增加":46.81303116147309,"score_平均斑塊縮小":50.63739376770538,"score_道路建成區切割":27.47875354107649,"score_孤立比例":45.34938621340888,"score_距大型綠地":44.66477809254013,"綜合破碎化分數":42.0,"破碎化等級":"低","判定原因":"面積減少0.0%；斑塊增加0.0%；平均斑塊縮小0.2%；道路密度0.00 km/km²；孤立比例0.0%；距大型綠地0m","2021面積_ha":104.04,"2022面積_ha":104.04,"2023面積_ha":104.04}},{"type":"Feature","geometry":{"type":"Polygon","coordinates":[[[121.45371634177853,24.45057608962407],[121.4537486785817,24.459604843884424],[121.46361252980114,24.459574915819722],[121.46357949010255,24.450546174024012],[121.45371634177853,24.45057608962407]]]},"properties":{"grid_id":"G016_014","綠地類型":"森林","中心經度":121.458664,"中心緯度":24.455076,"分析面積_km2":1.04,"2020面積_ha":104.04,"2024面積_ha":104.04,"面積減少率_pct":0.0,"2020斑塊數":1,"2024斑塊數":1,"斑塊數增加率_pct":0.0,"2020平均斑塊面積_ha":172555.65,"2024平均斑塊面積_ha":172145.43,"平均斑塊面積下降率_pct":0.24,"道路切割密度_km_per_km2":0.0,"建成區邊界切割密度_km_per_km2":0.0,"孤立小斑塊比例_pct":0.0,"距大型連續綠地平均距離_m":0.0,"score_面積減少":36.827195467422094,"score_斑塊增加":46.81303116147309,"score_平均斑塊縮小":50.63739376770538,"score_道路建成區切割":27.47875354107649,"score_孤立比例":45.34938621340888,"score_距大型綠地":44.66477809254013,"綜合破碎化分數":42.0,"破碎化等級":"低","判定原因":"面積減少0.0%；斑塊增加0.0%；平均斑塊縮小0.2%；道路密度0.00 km/km²；孤立比例0.0%；距大型綠地0m","2021面積_ha":104.04,"2022面積_ha":104.04,"2023面積_ha":104.04}},{"type":"Feature","geometry":{"type":"Polygon","coordinates":[[[121.53262105678532,24.450318753219648],[121.53265901660394,24.459347400258366],[121.54252272891725,24.459312323930757],[121.54248406624676,24.4502836915008],[121.53262105678532,24.450318753219648]]]},"properties":{"grid_id":"G016_022","綠地類型":"森林","中心經度":121.537572,"中心緯度":24.454816,"分析面積_km2":1.04,"2020面積_ha":103.95,"2024面積_ha":104.04,"面積減少率_pct":0.0,"2020斑塊數":1,"2024斑塊數":1,"斑塊數增加率_pct":0.0,"2020平均斑塊面積_ha":172555.65,"2024平均斑塊面積_ha":172145.43,"平均斑塊面積下降率_pct":0.24,"道路切割密度_km_per_km2":0.577,"建成區邊界切割密度_km_per_km2":0.0,"孤立小斑塊比例_pct":0.0,"距大型連續綠地平均距離_m":0.0,"score_面積減少":36.827195467422094,"score_斑塊增加":46.81303116147309,"score_平均斑塊縮小":50.63739376770538,"score_道路建成區切割":39.388574126534465,"score_孤立比例":45.34938621340888,"score_距大型綠地":44.66477809254013,"綜合破碎化分數":43.9,"破碎化等級":"低","判定原因":"面積減少0.0%；斑塊增加0.0%；平均斑塊縮小0.2%；道路密度0.58 km/km²；孤立比例0.0%；距大型綠地0m","2021面積_ha":104.04,"2022面積_ha":104.04,"2023面積_ha":103.95}},{"type":"Feature","geometry":{"type":"Polygon","coordinates":[[[121.56221002811324,24.450211638335944],[121.56225009646954,24.45924024074437],[121.57211375102105,24.459203233895536],[121.57207297983098,24.450174646899878],[121.56221002811324,24.450211638335944]]]},"properties":{"grid_id":"G016_025","綠地類型":"森林","中心經度":121.567162,"中心緯度":24.454708,"分析面積_km2":1.04,"2020面積_ha":104.04,"2024面積_ha":104.04,"面積減少率_pct":0.0,"2020斑塊數":1,"2024斑塊數":1,"斑塊數增加率_pct":0.0,"2020平均斑塊面積_ha":172555.65,"2024平均斑塊面積_ha":172145.43,"平均斑塊面積下降率_pct":0.24,"道路切割密度_km_per_km2":0.0,"建成區邊界切割密度_km_per_km2":0.0,"孤立小斑塊比例_pct":0.0,"距大型連續綠地平均距離_m":0.0,"score_面積減少":36.827195467422094,"score_斑塊增加":46.81303116147309,"score_平均斑塊縮小":50.63739376770538,"score_道路建成區切割":27.47875354107649,"score_孤立比例":45.34938621340888,"score_距大型綠地":44.66477809254013,"綜合破碎化分數":42.0,"破碎化等級":"低","判定原因":"面積減少0.0%；斑塊增加0.0%；平均斑塊縮小0.2%；道路密度0.00 km/km²；孤立比例0.0%；距大型綠地0m","2021面積_ha":103.95,"2022面積_ha":103.95,"2023面積_ha":104.04}},{"type":"Feature","geometry":{"type":"Polygon","coordinates":[[[121.57207297983098,24.450174646899878],[121.57211375102105,24.459203233895536],[121.58197738563113,24.45916558354972],[121.58193591161357,24.45013701223483],[121.57207297983098,24.450174646899878]]]},"properties":{"grid_id":"G016_026","綠地類型":"森林","中心經度":121.577025,"中心緯度":24.45467,"分析面積_km2":1.04,"2020面積_ha":104.04,"2024面積_ha":104.04,"面積減少率_pct":0.0,"2020斑塊數":1,"2024斑塊數":1,"斑塊數增加率_pct":0.0,"2020平均斑塊面積_ha":172555.65,"2024平均斑塊面積_ha":172145.43,"平均斑塊面積下降率_pct":0.24,"道路切割密度_km_per_km2":0.0,"建成區邊界切割密度_km_per_km2":0.0,"孤立小斑塊比例_pct":0.0,"距大型連續綠地平均距離_m":0.0,"score_面積減少":36.827195467422094,"score_斑塊增加":46.81303116147309,"score_平均斑塊縮小":50.63739376770538,"score_道路建成區切割":27.47875354107649,"score_孤立比例":45.34938621340888,"score_距大型綠地":44.66477809254013,"綜合破碎化分數":42.0,"破碎化等級":"低","判定原因":"面積減少0.0%；斑塊增加0.0%；平均斑塊縮小0.2%；道路密度0.00 km/km²；孤立比例0.0%；距大型綠地0m","2021面積_ha":104.04,"2022面積_ha":104.04,"2023面積_ha":104.04}},{"type":"Feature","geometry":{"type":"Polygon","coordinates":[[[121.58193591161357,24.45013701223483],[121.58197738563113,24.45916558354972],[121.59184099995603,24.459127289712107],[121.59179882311736,24.45009873434598],[121.58193591161357,24.45013701223483]]]},"properties":{"grid_id":"G016_027","綠地類型":"森林","中心經度":121.586888,"中心緯度":24.454632,"分析面積_km2":1.04,"2020面積_ha":102.6,"2024面積_ha":103.23,"面積減少率_pct":0.0,"2020斑塊數":1,"2024斑塊數":1,"斑塊數增加率_pct":0.0,"2020平均斑塊面積_ha":172555.65,"2024平均斑塊面積_ha":172145.43,"平均斑塊面積下降率_pct":0.24,"道路切割密度_km_per_km2":0.0,"建成區邊界切割密度_km_per_km2":0.0,"孤立小斑塊比例_pct":0.0,"距大型連續綠地平均距離_m":0.0,"score_面積減少":36.827195467422094,"score_斑塊增加":46.81303116147309,"score_平均斑塊縮小":50.63739376770538,"score_道路建成區切割":27.47875354107649,"score_孤立比例":45.34938621340888,"score_距大型綠地":44.66477809254013,"綜合破碎化分數":42.0,"破碎化等級":"低","判定原因":"面積減少0.0%；斑塊增加0.0%；平均斑塊縮小0.2%；道路密度0.00 km/km²；孤立比例0.0%；距大型綠地0m","2021面積_ha":102.87,"2022面積_ha":102.6,"2023面積_ha":102.87}},{"type":"Feature","geometry":{"type":"Polygon","coordinates":[[[121.61152458391403,24.450020248918083],[121.61156816637546,24.459048771582715],[121.62143171778251,24.459008547301767],[121.62138743251967,24.44998004138986],[121.61152458391403,24.450020248918083]]]},"properties":{"grid_id":"G016_030","綠地類型":"森林","中心經度":121.616478,"中心緯度":24.454514,"分析面積_km2":1.04,"2020面積_ha":103.68,"2024面積_ha":103.77,"面積減少率_pct":0.0,"2020斑塊數":1,"2024斑塊數":1,"斑塊數增加率_pct":0.0,"2020平均斑塊面積_ha":172555.65,"2024平均斑塊面積_ha":172145.43,"平均斑塊面積下降率_pct":0.24,"道路切割密度_km_per_km2":0.26,"建成區邊界切割密度_km_per_km2":0.0,"孤立小斑塊比例_pct":0.0,"距大型連續綠地平均距離_m":0.0,"score_面積減少":36.827195467422094,"score_斑塊增加":46.81303116147309,"score_平均斑塊縮小":50.63739376770538,"score_道路建成區切割":37.5,"score_孤立比例":45.34938621340888,"score_距大型綠地":44.66477809254013,"綜合破碎化分數":43.6,"破碎化等級":"低","判定原因":"面積減少0.0%；斑塊增加0.0%；平均斑塊縮小0.2%；道路密度0.26 km/km²；孤立比例0.0%；距大型綠地0m","2021面積_ha":103.86,"2022面積_ha":103.95,"2023面積_ha":103.59}},{"type":"Feature","geometry":{"type":"Polygon","coordinates":[[[121.62138743251967,24.44998004138986],[121.62143171778251,24.459008547301767],[121.63129524752952,24.458967679550675],[121.63125025947207,24.449939190659478],[121.62138743251967,24.44998004138986]]]},"properties":{"grid_id":"G016_031","綠地類型":"森林","中心經度":121.626341,"中心緯度":24.454474,"分析面積_km2":1.04,"2020面積_ha":104.04,"2024面積_ha":104.04,"面積減少率_pct":0.0,"2020斑塊數":1,"2024斑塊數":1,"斑塊數增加率_pct":0.0,"2020平均斑塊面積_ha":172555.65,"2024平均斑塊面積_ha":172145.43,"平均斑塊面積下降率_pct":0.24,"道路切割密度_km_per_km2":0.0,"建成區邊界切割密度_km_per_km2":0.0,"孤立小斑塊比例_pct":0.0,"距大型連續綠地平均距離_m":0.0,"score_面積減少":36.827195467422094,"score_斑塊增加":46.81303116147309,"score_平均斑塊縮小":50.63739376770538,"score_道路建成區切割":27.47875354107649,"score_孤立比例":45.34938621340888,"score_距大型綠地":44.66477809254013,"綜合破碎化分數":42.0,"破碎化等級":"低","判定原因":"面積減少0.0%；斑塊增加0.0%；平均斑塊縮小0.2%；道路密度0.00 km/km²；孤立比例0.0%；距大型綠地0m","2021面積_ha":104.04,"2022面積_ha":104.04,"2023面積_ha":104.04}},{"type":"Feature","geometry":{"type":"Polygon","coordinates":[[[121.68056405740884,24.449725289175515],[121.68061255933368,24.458753688943492],[121.69047595190244,24.45870896049302],[121.690426747226,24.449680579353597],[121.68056405740884,24.449725289175515]]]},"properties":{"grid_id":"G016_037","綠地類型":"森林","中心經度":121.68552,"中心緯度":24.454217,"分析面積_km2":1.04,"2020面積_ha":102.87,"2024面積_ha":103.05,"面積減少率_pct":0.0,"2020斑塊數":1,"2024斑塊數":1,"斑塊數增加率_pct":0.0,"2020平均斑塊面積_ha":172555.65,"2024平均斑塊面積_ha":172145.43,"平均斑塊面積下降率_pct":0.24,"道路切割密度_km_per_km2":0.0,"建成區邊界切割密度_km_per_km2":0.0,"孤立小斑塊比例_pct":0.0,"距大型連續綠地平均距離_m":0.0,"score_面積減少":36.827195467422094,"score_斑塊增加":46.81303116147309,"score_平均斑塊縮小":50.63739376770538,"score_道路建成區切割":27.47875354107649,"score_孤立比例":45.34938621340888,"score_距大型綠地":44.66477809254013,"綜合破碎化分數":42.0,"破碎化等級":"低","判定原因":"面積減少0.0%；斑塊增加0.0%；平均斑塊縮小0.2%；道路密度0.00 km/km²；孤立比例0.0%；距大型綠地0m","2021面積_ha":104.04,"2022面積_ha":103.23,"2023面積_ha":103.68}},{"type":"Feature","geometry":{"type":"Polygon","coordinates":[[[121.690426747226,24.449680579353597],[121.69047595190244,24.45870896049302],[121.70033932040523,24.458663588613724],[121.70028941298476,24.449635226370816],[121.690426747226,24.449680579353597]]]},"properties":{"grid_id":"G016_038","綠地類型":"森林","中心經度":121.695383,"中心緯度":24.454172,"分析面積_km2":1.04,"2020面積_ha":104.04,"2024面積_ha":104.04,"面積減少率_pct":0.0,"2020斑塊數":1,"2024斑塊數":1,"斑塊數增加率_pct":0.0,"2020平均斑塊面積_ha":172555.65,"2024平均斑塊面積_ha":172145.43,"平均斑塊面積下降率_pct":0.24,"道路切割密度_km_per_km2":0.0,"建成區邊界切割密度_km_per_km2":0.0,"孤立小斑塊比例_pct":0.0,"距大型連續綠地平均距離_m":0.0,"score_面積減少":36.827195467422094,"score_斑塊增加":46.81303116147309,"score_平均斑塊縮小":50.63739376770538,"score_道路建成區切割":27.47875354107649,"score_孤立比例":45.34938621340888,"score_距大型綠地":44.66477809254013,"綜合破碎化分數":42.0,"破碎化等級":"低","判定原因":"面積減少0.0%；斑塊增加0.0%；平均斑塊縮小0.2%；道路密度0.00 km/km²；孤立比例0.0%；距大型綠地0m","2021面積_ha":104.04,"2022面積_ha":104.04,"2023面積_ha":104.04}},{"type":"Feature","geometry":{"type":"Polygon","coordinates":[[[121.70028941298476,24.449635226370816],[121.70033932040523,24.458663588613724],[121.71020266449838,24.458617573311855],[121.71015205434148,24.449589230233418],[121.70028941298476,24.449635226370816]]]},"properties":{"grid_id":"G016_039","綠地類型":"森林","中心經度":121.705246,"中心緯度":24.454126,"分析面積_km2":1.04,"2020面積_ha":104.04,"2024面積_ha":104.04,"面積減少率_pct":0.0,"2020斑塊數":1,"2024斑塊數":1,"斑塊數增加率_pct":0.0,"2020平均斑塊面積_ha":172555.65,"2024平均斑塊面積_ha":172145.43,"平均斑塊面積下降率_pct":0.24,"道路切割密度_km_per_km2":0.0,"建成區邊界切割密度_km_per_km2":0.0,"孤立小斑塊比例_pct":0.0,"距大型連續綠地平均距離_m":0.0,"score_面積減少":36.827195467422094,"score_斑塊增加":46.81303116147309,"score_平均斑塊縮小":50.63739376770538,"score_道路建成區切割":27.47875354107649,"score_孤立比例":45.34938621340888,"score_距大型綠地":44.66477809254013,"綜合破碎化分數":42.0,"破碎化等級":"低","判定原因":"面積減少0.0%；斑塊增加0.0%；平均斑塊縮小0.2%；道路密度0.00 km/km²；孤立比例0.0%；距大型綠地0m","2021面積_ha":104.04,"2022面積_ha":104.04,"2023面積_ha":104.04}},{"type":"Feature","geometry":{"type":"Polygon","coordinates":[[[121.72987726247473,24.44949530852025],[121.72992927808099,24.458523612465875],[121.73979254688312,24.458475666934714],[121.73973982856408,24.449447382957434],[121.72987726247473,24.44949530852025]]]},"properties":{"grid_id":"G016_042","綠地類型":"森林","中心經度":121.734835,"中心緯度":24.453986,"分析面積_km2":1.04,"2020面積_ha":104.04,"2024面積_ha":104.04,"面積減少率_pct":0.0,"2020斑塊數":1,"2024斑塊數":1,"斑塊數增加率_pct":0.0,"2020平均斑塊面積_ha":172555.65,"2024平均斑塊面積_ha":172145.43,"平均斑塊面積下降率_pct":0.24,"道路切割密度_km_per_km2":0.202,"建成區邊界切割密度_km_per_km2":0.0,"孤立小斑塊比例_pct":0.0,"距大型連續綠地平均距離_m":0.0,"score_面積減少":36.827195467422094,"score_斑塊增加":46.81303116147309,"score_平均斑塊縮小":50.63739376770538,"score_道路建成區切割":37.08687440982059,"score_孤立比例":45.34938621340888,"score_距大型綠地":44.66477809254013,"綜合破碎化分數":43.6,"破碎化等級":"低","判定原因":"面積減少0.0%；斑塊增加0.0%；平均斑塊縮小0.2%；道路密度0.20 km/km²；孤立比例0.0%；距大型綠地0m","2021面積_ha":104.04,"2022面積_ha":104.04,"2023面積_ha":104.04}},{"type":"Feature","geometry":{"type":"Polygon","coordinates":[[[121.76932737080051,24.449299747523572],[121.76938219720896,24.458327969988183],[121.77924536081187,24.458277450910945],[121.7791898317236,24.449249249486428],[121.76932737080051,24.449299747523572]]]},"properties":{"grid_id":"G016_046","綠地類型":"森林","中心經度":121.774286,"中心緯度":24.453789,"分析面積_km2":1.04,"2020面積_ha":86.49,"2024面積_ha":94.95,"面積減少率_pct":0.0,"2020斑塊數":2,"2024斑塊數":1,"斑塊數增加率_pct":0.0,"2020平均斑塊面積_ha":86277.87,"2024平均斑塊面積_ha":172145.43,"平均斑塊面積下降率_pct":0.0,"道路切割密度_km_per_km2":3.922,"建成區邊界切割密度_km_per_km2":0.779,"孤立小斑塊比例_pct":0.0,"距大型連續綠地平均距離_m":0.0,"score_面積減少":36.827195467422094,"score_斑塊增加":46.81303116147309,"score_平均斑塊縮小":3.7535410764872523,"score_道路建成區切割":82.95561850802645,"score_孤立比例":45.34938621340888,"score_距大型綠地":44.66477809254013,"綜合破碎化分數":43.4,"破碎化等級":"低","判定原因":"面積減少0.0%；斑塊增加0.0%；平均斑塊縮小0.0%；道路密度3.92 km/km²；孤立比例0.0%；距大型綠地0m","2021面積_ha":90.81,"2022面積_ha":92.25,"2023面積_ha":94.14}},{"type":"Feature","geometry":{"type":"Polygon","coordinates":[[[121.80877705021643,24.449093896794942],[121.80883468729255,24.458122033491577],[121.81869774019799,24.458068940979715],[121.81866188354476,24.452520621805593],[121.81861659999998,24.4524479],[121.8164909,24.449358199999995],[121.8163875,24.44917780000001],[121.81631372670472,24.449053399059935],[121.80877705021643,24.449093896794942]]]},"properties":{"grid_id":"G016_050","綠地類型":"森林","中心經度":121.813748,"中心緯度":24.455321,"分析面積_km2":0.99,"2020面積_ha":76.41,"2024面積_ha":77.58,"面積減少率_pct":0.0,"2020斑塊數":1,"2024斑塊數":1,"斑塊數增加率_pct":0.0,"2020平均斑塊面積_ha":117.63,"2024平均斑塊面積_ha":117.63,"平均斑塊面積下降率_pct":0.0,"道路切割密度_km_per_km2":4.152,"建成區邊界切割密度_km_per_km2":0.182,"孤立小斑塊比例_pct":0.0,"距大型連續綠地平均距離_m":0.0,"score_面積減少":36.827195467422094,"score_斑塊增加":46.81303116147309,"score_平均斑塊縮小":3.7535410764872523,"score_道路建成區切割":79.62700661000943,"score_孤立比例":45.34938621340888,"score_距大型綠地":44.66477809254013,"綜合破碎化分數":42.8,"破碎化等級":"低","判定原因":"面積減少0.0%；斑塊增加0.0%；平均斑塊縮小0.0%；道路密度4.15 km/km²；孤立比例0.0%；距大型綠地0m","2021面積_ha":77.58,"2022面積_ha":76.05,"2023面積_ha":78.03}},{"type":"Feature","geometry":{"type":"Polygon","coordinates":[[[121.81869774019799,24.458068940979715],[121.82026548174224,24.458060442603646],[121.8204408,24.4577549],[121.820775,24.457494899999997],[121.8212653,24.456880599999998],[121.82160759999998,24.456317499999997],[121.821351,24.45546029999999],[121.82111160000001,24.4549936],[121.821261,24.454878699999995],[121.8213509,24.4548457],[121.82139650000002,24.4548286],[121.8213522,24.4547554],[121.8212812,24.454758999999996],[121.8212704,24.454785899999994],[121.82121950000001,24.4547651],[121.82121410000002,24.4547407],[121.82130659999999,24.454699199999997],[121.8213187,24.454662599999995],[121.8212275,24.454660099999998],[121.8212128,24.454604],[121.82125950000001,24.454542599999996],[121.8210706,24.454339100000002],[121.82108570000001,24.454278399999993],[121.8209888,24.454259699999998],[121.8209439,24.454035700000002],[121.8208614,24.4540192],[121.8208078,24.453977699999996],[121.82074340000001,24.4539801],[121.8206884,24.4539118],[121.82060930000002,24.453856800000004],[121.8195872,24.4537014],[121.8192294,24.453432000000003],[121.81866188354476,24.452520621805593],[121.81869774019799,24.458068940979715]]]},"properties":{"grid_id":"G016_051","綠地類型":"森林","中心經度":121.819955,"中心緯度":24.455234,"分析面積_km2":0.125,"2020面積_ha":9.36,"2024面積_ha":9.36,"面積減少率_pct":0.0,"2020斑塊數":1,"2024斑塊數":1,"斑塊數增加率_pct":0.0,"2020平均斑塊面積_ha":117.63,"2024平均斑塊面積_ha":117.63,"平均斑塊面積下降率_pct":0.0,"道路切割密度_km_per_km2":0.959,"建成區邊界切割密度_km_per_km2":0.0,"孤立小斑塊比例_pct":0.0,"距大型連續綠地平均距離_m":0.0,"score_面積減少":36.827195467422094,"score_斑塊增加":46.81303116147309,"score_平均斑塊縮小":3.7535410764872523,"score_道路建成區切割":41.86732766761095,"score_孤立比例":45.34938621340888,"score_距大型綠地":44.66477809254013,"綜合破碎化分數":36.5,"破碎化等級":"低","判定原因":"面積減少0.0%；斑塊增加0.0%；平均斑塊縮小0.0%；道路密度0.96 km/km²；孤立比例0.0%；距大型綠地0m","2021面積_ha":9.54,"2022面積_ha":9.45,"2023面積_ha":9.09}},{"type":"Feature","geometry":{"type":"Polygon","coordinates":[[[121.34526996361141,24.46892044017143],[121.34524534692706,24.459891577295313],[121.33538132860261,24.45991378248458],[121.33539973444724,24.46686358666486],[121.3356967,24.4670462],[121.3360567,24.467411099999996],[121.33625010000002,24.467786],[121.33627620000001,24.4679838],[121.3362469,24.468095699999996],[121.33605350000002,24.468459499999998],[121.33598600000002,24.4687303],[121.33598327275638,24.46894137069766],[121.34526996361141,24.46892044017143]]]},"properties":{"grid_id":"G017_002","綠地類型":"森林","中心經度":121.340323,"中心緯度":24.463378,"分析面積_km2":1.019,"2020面積_ha":74.61,"2024面積_ha":95.58,"面積減少率_pct":0.0,"2020斑塊數":2,"2024斑塊數":1,"斑塊數增加率_pct":0.0,"2020平均斑塊面積_ha":86277.87,"2024平均斑塊面積_ha":172145.43,"平均斑塊面積下降率_pct":0.0,"道路切割密度_km_per_km2":0.265,"建成區邊界切割密度_km_per_km2":0.0,"孤立小斑塊比例_pct":0.0,"距大型連續綠地平均距離_m":0.0,"score_面積減少":36.827195467422094,"score_斑塊增加":46.81303116147309,"score_平均斑塊縮小":3.7535410764872523,"score_道路建成區切割":37.6180358829084,"score_孤立比例":45.34938621340888,"score_距大型綠地":44.66477809254013,"綜合破碎化分數":35.8,"破碎化等級":"低","判定原因":"面積減少0.0%；斑塊增加0.0%；平均斑塊縮小0.0%；道路密度0.27 km/km²；孤立比例0.0%；距大型綠地0m","2021面積_ha":82.8,"2022面積_ha":100.35,"2023面積_ha":77.04}},{"type":"Feature","geometry":{"type":"Polygon","coordinates":[[[121.34524534692706,24.459891577295313],[121.34526996361141,24.46892044017143],[121.35513467318924,24.46889758187268],[121.35510935321702,24.459868728514135],[121.34524534692706,24.459891577295313]]]},"properties":{"grid_id":"G017_003","綠地類型":"森林","中心經度":121.35019,"中心緯度":24.464395,"分析面積_km2":1.04,"2020面積_ha":89.91,"2024面積_ha":99.36,"面積減少率_pct":0.0,"2020斑塊數":1,"2024斑塊數":1,"斑塊數增加率_pct":0.0,"2020平均斑塊面積_ha":172555.65,"2024平均斑塊面積_ha":172145.43,"平均斑塊面積下降率_pct":0.24,"道路切割密度_km_per_km2":0.577,"建成區邊界切割密度_km_per_km2":0.0,"孤立小斑塊比例_pct":0.0,"距大型連續綠地平均距離_m":0.0,"score_面積減少":36.827195467422094,"score_斑塊增加":46.81303116147309,"score_平均斑塊縮小":50.63739376770538,"score_道路建成區切割":39.388574126534465,"score_孤立比例":45.34938621340888,"score_距大型綠地":44.66477809254013,"綜合破碎化分數":43.9,"破碎化等級":"低","判定原因":"面積減少0.0%；斑塊增加0.0%；平均斑塊縮小0.2%；道路密度0.58 km/km²；孤立比例0.0%；距大型綠地0m","2021面積_ha":89.19,"2022面積_ha":102.69,"2023面積_ha":86.4}},{"type":"Feature","geometry":{"type":"Polygon","coordinates":[[[121.40442919211597,24.45974483084298],[121.4044580284671,24.468773632592484],[121.41432265859305,24.468746911203084],[121.41429311897896,24.459718120579613],[121.40442919211597,24.45974483084298]]]},"properties":{"grid_id":"G017_009","綠地類型":"森林","中心經度":121.409376,"中心緯度":24.464246,"分析面積_km2":1.04,"2020面積_ha":64.89,"2024面積_ha":66.87,"面積減少率_pct":0.0,"2020斑塊數":4,"2024斑塊數":2,"斑塊數增加率_pct":0.0,"2020平均斑塊面積_ha":43140.42,"2024平均斑塊面積_ha":86078.79,"平均斑塊面積下降率_pct":0.0,"道路切割密度_km_per_km2":6.92,"建成區邊界切割密度_km_per_km2":0.0,"孤立小斑塊比例_pct":0.0,"距大型連續綠地平均距離_m":0.0,"score_面積減少":36.827195467422094,"score_斑塊增加":46.81303116147309,"score_平均斑塊縮小":3.7535410764872523,"score_道路建成區切割":63.881019830028336,"score_孤立比例":45.34938621340888,"score_距大型綠地":44.66477809254013,"綜合破碎化分數":40.2,"破碎化等級":"低","判定原因":"面積減少0.0%；斑塊增加0.0%；平均斑塊縮小0.0%；道路密度6.92 km/km²；孤立比例0.0%；距大型綠地0m","2021面積_ha":65.79,"2022面積_ha":67.05,"2023面積_ha":67.95}},{"type":"Feature","geometry":{"type":"Polygon","coordinates":[[[121.43402092903776,24.45966276935269],[121.43405187516404,24.46869153691989],[121.44391646092127,24.468662884033723],[121.44388481154597,24.459634128396758],[121.43402092903776,24.45966276935269]]]},"properties":{"grid_id":"G017_012","綠地類型":"森林","中心經度":121.438969,"中心緯度":24.464163,"分析面積_km2":1.04,"2020面積_ha":102.87,"2024面積_ha":103.41,"面積減少率_pct":0.0,"2020斑塊數":1,"2024斑塊數":1,"斑塊數增加率_pct":0.0,"2020平均斑塊面積_ha":172555.65,"2024平均斑塊面積_ha":172145.43,"平均斑塊面積下降率_pct":0.24,"道路切割密度_km_per_km2":0.0,"建成區邊界切割密度_km_per_km2":0.0,"孤立小斑塊比例_pct":0.0,"距大型連續綠地平均距離_m":0.0,"score_面積減少":36.827195467422094,"score_斑塊增加":46.81303116147309,"score_平均斑塊縮小":50.63739376770538,"score_道路建成區切割":27.47875354107649,"score_孤立比例":45.34938621340888,"score_距大型綠地":44.66477809254013,"綜合破碎化分數":42.0,"破碎化等級":"低","判定原因":"面積減少0.0%；斑塊增加0.0%；平均斑塊縮小0.2%；道路密度0.00 km/km²；孤立比例0.0%；距大型綠地0m","2021面積_ha":102.69,"2022面積_ha":102.51,"2023面積_ha":102.78}},{"type":"Feature","geometry":{"type":"Polygon","coordinates":[[[121.4537486785817,24.459604843884424],[121.45378103120116,24.468633587323087],[121.46364558565979,24.468603646792022],[121.46361252980114,24.459574915819722],[121.4537486785817,24.459604843884424]]]},"properties":{"grid_id":"G017_014","綠地類型":"森林","中心經度":121.458697,"中心緯度":24.464104,"分析面積_km2":1.04,"2020面積_ha":104.04,"2024面積_ha":104.04,"面積減少率_pct":0.0,"2020斑塊數":1,"2024斑塊數":1,"斑塊數增加率_pct":0.0,"2020平均斑塊面積_ha":172555.65,"2024平均斑塊面積_ha":172145.43,"平均斑塊面積下降率_pct":0.24,"道路切割密度_km_per_km2":0.0,"建成區邊界切割密度_km_per_km2":0.0,"孤立小斑塊比例_pct":0.0,"距大型連續綠地平均距離_m":0.0,"score_面積減少":36.827195467422094,"score_斑塊增加":46.81303116147309,"score_平均斑塊縮小":50.63739376770538,"score_道路建成區切割":27.47875354107649,"score_孤立比例":45.34938621340888,"score_距大型綠地":44.66477809254013,"綜合破碎化分數":42.0,"破碎化等級":"低","判定原因":"面積減少0.0%；斑塊增加0.0%；平均斑塊縮小0.2%；道路密度0.00 km/km²；孤立比例0.0%；距大型綠地0m","2021面積_ha":104.04,"2022面積_ha":104.04,"2023面積_ha":104.04}},{"type":"Feature","geometry":{"type":"Polygon","coordinates":[[[121.483340183416,24.45951312904981],[121.48337464573777,24.4685418342852],[121.49323915066932,24.468509962317977],[121.49320398512391,24.459481270353123],[121.483340183416,24.45951312904981]]]},"properties":{"grid_id":"G017_017","綠地類型":"森林","中心經度":121.488289,"中心緯度":24.464012,"分析面積_km2":1.04,"2020面積_ha":102.96,"2024面積_ha":103.41,"面積減少率_pct":0.0,"2020斑塊數":1,"2024斑塊數":1,"斑塊數增加率_pct":0.0,"2020平均斑塊面積_ha":172555.65,"2024平均斑塊面積_ha":172145.43,"平均斑塊面積下降率_pct":0.24,"道路切割密度_km_per_km2":0.0,"建成區邊界切割密度_km_per_km2":0.0,"孤立小斑塊比例_pct":0.0,"距大型連續綠地平均距離_m":0.0,"score_面積減少":36.827195467422094,"score_斑塊增加":46.81303116147309,"score_平均斑塊縮小":50.63739376770538,"score_道路建成區切割":27.47875354107649,"score_孤立比例":45.34938621340888,"score_距大型綠地":44.66477809254013,"綜合破碎化分數":42.0,"破碎化等級":"低","判定原因":"面積減少0.0%；斑塊增加0.0%；平均斑塊縮小0.2%；道路密度0.00 km/km²；孤立比例0.0%；距大型綠地0m","2021面積_ha":101.97,"2022面積_ha":104.04,"2023面積_ha":103.68}},{"type":"Feature","geometry":{"type":"Polygon","coordinates":[[[121.50306776964041,24.45944876812111],[121.50310363840413,24.46847744654737],[121.51296810859824,24.468444286977864],[121.51293153662178,24.45941562235825],[121.50306776964041,24.45944876812111]]]},"properties":{"grid_id":"G017_019","綠地類型":"森林","中心經度":121.508018,"中心緯度":24.463947,"分析面積_km2":1.04,"2020面積_ha":104.04,"2024面積_ha":104.04,"面積減少率_pct":0.0,"2020斑塊數":1,"2024斑塊數":1,"斑塊數增加率_pct":0.0,"2020平均斑塊面積_ha":172555.65,"2024平均斑塊面積_ha":172145.43,"平均斑塊面積下降率_pct":0.24,"道路切割密度_km_per_km2":0.0,"建成區邊界切割密度_km_per_km2":0.0,"孤立小斑塊比例_pct":0.0,"距大型連續綠地平均距離_m":0.0,"score_面積減少":36.827195467422094,"score_斑塊增加":46.81303116147309,"score_平均斑塊縮小":50.63739376770538,"score_道路建成區切割":27.47875354107649,"score_孤立比例":45.34938621340888,"score_距大型綠地":44.66477809254013,"綜合破碎化分數":42.0,"破碎化等級":"低","判定原因":"面積減少0.0%；斑塊增加0.0%；平均斑塊縮小0.2%；道路密度0.00 km/km²；孤立比例0.0%；距大型綠地0m","2021面積_ha":104.04,"2022面積_ha":104.04,"2023面積_ha":104.04}},{"type":"Feature","geometry":{"type":"Polygon","coordinates":[[[121.51293153662178,24.45941562235825],[121.51296810859824,24.468444286977864],[121.52283256090782,24.46841048361404],[121.5227952857242,24.45938183306912],[121.51293153662178,24.45941562235825]]]},"properties":{"grid_id":"G017_020","綠地類型":"森林","中心經度":121.517882,"中心緯度":24.463913,"分析面積_km2":1.04,"2020面積_ha":104.04,"2024面積_ha":104.04,"面積減少率_pct":0.0,"2020斑塊數":1,"2024斑塊數":1,"斑塊數增加率_pct":0.0,"2020平均斑塊面積_ha":172555.65,"2024平均斑塊面積_ha":172145.43,"平均斑塊面積下降率_pct":0.24,"道路切割密度_km_per_km2":0.0,"建成區邊界切割密度_km_per_km2":0.0,"孤立小斑塊比例_pct":0.0,"距大型連續綠地平均距離_m":0.0,"score_面積減少":36.827195467422094,"score_斑塊增加":46.81303116147309,"score_平均斑塊縮小":50.63739376770538,"score_道路建成區切割":27.47875354107649,"score_孤立比例":45.34938621340888,"score_距大型綠地":44.66477809254013,"綜合破碎化分數":42.0,"破碎化等級":"低","判定原因":"面積減少0.0%；斑塊增加0.0%；平均斑塊縮小0.2%；道路密度0.00 km/km²；孤立比例0.0%；距大型綠地0m","2021面積_ha":104.04,"2022面積_ha":104.04,"2023面積_ha":104.04}},{"type":"Feature","geometry":{"type":"Polygon","coordinates":[[[121.5227952857242,24.45938183306912],[121.52283256090782,24.46841048361404],[121.532696994989,24.468376036460555],[121.53265901660394,24.459347400258366],[121.5227952857242,24.45938183306912]]]},"properties":{"grid_id":"G017_021","綠地類型":"森林","中心經度":121.527746,"中心緯度":24.463879,"分析面積_km2":1.04,"2020面積_ha":104.04,"2024面積_ha":104.04,"面積減少率_pct":0.0,"2020斑塊數":1,"2024斑塊數":1,"斑塊數增加率_pct":0.0,"2020平均斑塊面積_ha":172555.65,"2024平均斑塊面積_ha":172145.43,"平均斑塊面積下降率_pct":0.24,"道路切割密度_km_per_km2":0.375,"建成區邊界切割密度_km_per_km2":0.0,"孤立小斑塊比例_pct":0.0,"距大型連續綠地平均距離_m":0.0,"score_面積減少":36.827195467422094,"score_斑塊增加":46.81303116147309,"score_平均斑塊縮小":50.63739376770538,"score_道路建成區切割":38.26723323890462,"score_孤立比例":45.34938621340888,"score_距大型綠地":44.66477809254013,"綜合破碎化分數":43.8,"破碎化等級":"低","判定原因":"面積減少0.0%；斑塊增加0.0%；平均斑塊縮小0.2%；道路密度0.38 km/km²；孤立比例0.0%；距大型綠地0m","2021面積_ha":104.04,"2022面積_ha":104.04,"2023面積_ha":104.04}},{"type":"Feature","geometry":{"type":"Polygon","coordinates":[[[121.54252272891725,24.459312323930757],[121.54256141049792,24.468340945522154],[121.55242580709073,24.46830521080369],[121.55238642232038,24.459276604091116],[121.54252272891725,24.459312323930757]]]},"properties":{"grid_id":"G017_023","綠地類型":"森林","中心經度":121.547474,"中心緯度":24.463809,"分析面積_km2":1.04,"2020面積_ha":104.04,"2024面積_ha":104.04,"面積減少率_pct":0.0,"2020斑塊數":1,"2024斑塊數":1,"斑塊數增加率_pct":0.0,"2020平均斑塊面積_ha":172555.65,"2024平均斑塊面積_ha":172145.43,"平均斑塊面積下降率_pct":0.24,"道路切割密度_km_per_km2":0.0,"建成區邊界切割密度_km_per_km2":0.0,"孤立小斑塊比例_pct":0.0,"距大型連續綠地平均距離_m":0.0,"score_面積減少":36.827195467422094,"score_斑塊增加":46.81303116147309,"score_平均斑塊縮小":50.63739376770538,"score_道路建成區切割":27.47875354107649,"score_孤立比例":45.34938621340888,"score_距大型綠地":44.66477809254013,"綜合破碎化分數":42.0,"破碎化等級":"低","判定原因":"面積減少0.0%；斑塊增加0.0%；平均斑塊縮小0.2%；道路密度0.00 km/km²；孤立比例0.0%；距大型綠地0m","2021面積_ha":104.04,"2022面積_ha":104.04,"2023面積_ha":104.04}},{"type":"Feature","geometry":{"type":"Polygon","coordinates":[[[121.55238642232038,24.459276604091116],[121.55242580709073,24.46830521080369],[121.56229018442355,24.468268832310077],[121.56225009646954,24.45924024074437],[121.55238642232038,24.459276604091116]]]},"properties":{"grid_id":"G017_024","綠地類型":"森林","中心經度":121.557338,"中心緯度":24.463773,"分析面積_km2":1.04,"2020面積_ha":104.04,"2024面積_ha":104.04,"面積減少率_pct":0.0,"2020斑塊數":1,"2024斑塊數":1,"斑塊數增加率_pct":0.0,"2020平均斑塊面積_ha":172555.65,"2024平均斑塊面積_ha":172145.43,"平均斑塊面積下降率_pct":0.24,"道路切割密度_km_per_km2":0.0,"建成區邊界切割密度_km_per_km2":0.0,"孤立小斑塊比例_pct":0.0,"距大型連續綠地平均距離_m":0.0,"score_面積減少":36.827195467422094,"score_斑塊增加":46.81303116147309,"score_平均斑塊縮小":50.63739376770538,"score_道路建成區切割":27.47875354107649,"score_孤立比例":45.34938621340888,"score_距大型綠地":44.66477809254013,"綜合破碎化分數":42.0,"破碎化等級":"低","判定原因":"面積減少0.0%；斑塊增加0.0%；平均斑塊縮小0.2%；道路密度0.00 km/km²；孤立比例0.0%；距大型綠地0m","2021面積_ha":104.04,"2022面積_ha":104.04,"2023面積_ha":104.04}},{"type":"Feature","geometry":{"type":"Polygon","coordinates":[[[121.56225009646954,24.45924024074437],[121.56229018442355,24.468268832310077],[121.57215454215253,24.46823181004634],[121.57211375102105,24.459203233895536],[121.56225009646954,24.45924024074437]]]},"properties":{"grid_id":"G017_025","綠地類型":"森林","中心經度":121.567202,"中心緯度":24.463736,"分析面積_km2":1.04,"2020面積_ha":100.71,"2024面積_ha":100.71,"面積減少率_pct":0.0,"2020斑塊數":1,"2024斑塊數":1,"斑塊數增加率_pct":0.0,"2020平均斑塊面積_ha":172555.65,"2024平均斑塊面積_ha":172145.43,"平均斑塊面積下降率_pct":0.24,"道路切割密度_km_per_km2":0.0,"建成區邊界切割密度_km_per_km2":0.0,"孤立小斑塊比例_pct":0.0,"距大型連續綠地平均距離_m":0.0,"score_面積減少":36.827195467422094,"score_斑塊增加":46.81303116147309,"score_平均斑塊縮小":50.63739376770538,"score_道路建成區切割":27.47875354107649,"score_孤立比例":45.34938621340888,"score_距大型綠地":44.66477809254013,"綜合破碎化分數":42.0,"破碎化等級":"低","判定原因":"面積減少0.0%；斑塊增加0.0%；平均斑塊縮小0.2%；道路密度0.00 km/km²；孤立比例0.0%；距大型綠地0m","2021面積_ha":101.34,"2022面積_ha":100.44,"2023面積_ha":100.08}},{"type":"Feature","geometry":{"type":"Polygon","coordinates":[[[121.57211375102105,24.459203233895536],[121.57215454215253,24.46823181004634],[121.58201887993384,24.468194144017588],[121.58197738563113,24.45916558354972],[121.57211375102105,24.459203233895536]]]},"properties":{"grid_id":"G017_026","綠地類型":"森林","中心經度":121.577066,"中心緯度":24.463699,"分析面積_km2":1.04,"2020面積_ha":93.87,"2024面積_ha":95.4,"面積減少率_pct":0.0,"2020斑塊數":1,"2024斑塊數":1,"斑塊數增加率_pct":0.0,"2020平均斑塊面積_ha":172555.65,"2024平均斑塊面積_ha":172145.43,"平均斑塊面積下降率_pct":0.24,"道路切割密度_km_per_km2":0.0,"建成區邊界切割密度_km_per_km2":0.0,"孤立小斑塊比例_pct":0.0,"距大型連續綠地平均距離_m":0.0,"score_面積減少":36.827195467422094,"score_斑塊增加":46.81303116147309,"score_平均斑塊縮小":50.63739376770538,"score_道路建成區切割":27.47875354107649,"score_孤立比例":45.34938621340888,"score_距大型綠地":44.66477809254013,"綜合破碎化分數":42.0,"破碎化等級":"低","判定原因":"面積減少0.0%；斑塊增加0.0%；平均斑塊縮小0.2%；道路密度0.00 km/km²；孤立比例0.0%；距大型綠地0m","2021面積_ha":96.57,"2022面積_ha":94.5,"2023面積_ha":95.58}},{"type":"Feature","geometry":{"type":"Polygon","coordinates":[[[121.58197738563113,24.45916558354972],[121.58201887993384,24.468194144017588],[121.59188319742363,24.468155834229],[121.59184099995603,24.459127289712107],[121.58197738563113,24.45916558354972]]]},"properties":{"grid_id":"G017_027","綠地類型":"森林","中心經度":121.58693,"中心緯度":24.463661,"分析面積_km2":1.04,"2020面積_ha":103.32,"2024面積_ha":103.68,"面積減少率_pct":0.0,"2020斑塊數":1,"2024斑塊數":1,"斑塊數增加率_pct":0.0,"2020平均斑塊面積_ha":172555.65,"2024平均斑塊面積_ha":172145.43,"平均斑塊面積下降率_pct":0.24,"道路切割密度_km_per_km2":0.029,"建成區邊界切割密度_km_per_km2":0.0,"孤立小斑塊比例_pct":0.0,"距大型連續綠地平均距離_m":0.0,"score_面積減少":36.827195467422094,"score_斑塊增加":46.81303116147309,"score_平均斑塊縮小":50.63739376770538,"score_道路建成區切割":35.87110481586403,"score_孤立比例":45.34938621340888,"score_距大型綠地":44.66477809254013,"綜合破碎化分數":43.4,"破碎化等級":"低","判定原因":"面積減少0.0%；斑塊增加0.0%；平均斑塊縮小0.2%；道路密度0.03 km/km²；孤立比例0.0%；距大型綠地0m","2021面積_ha":103.5,"2022面積_ha":103.77,"2023面積_ha":103.68}},{"type":"Feature","geometry":{"type":"Polygon","coordinates":[[[121.61156816637546,24.459048771582715],[121.61161177015325,24.468077283393594],[121.62147602470543,24.468037042357587],[121.62143171778251,24.459008547301767],[121.61156816637546,24.459048771582715]]]},"properties":{"grid_id":"G017_030","綠地類型":"森林","中心經度":121.616522,"中心緯度":24.463543,"分析面積_km2":1.04,"2020面積_ha":101.16,"2024面積_ha":103.05,"面積減少率_pct":0.0,"2020斑塊數":1,"2024斑塊數":1,"斑塊數增加率_pct":0.0,"2020平均斑塊面積_ha":172555.65,"2024平均斑塊面積_ha":172145.43,"平均斑塊面積下降率_pct":0.24,"道路切割密度_km_per_km2":0.0,"建成區邊界切割密度_km_per_km2":0.0,"孤立小斑塊比例_pct":0.0,"距大型連續綠地平均距離_m":0.0,"score_面積減少":36.827195467422094,"score_斑塊增加":46.81303116147309,"score_平均斑塊縮小":50.63739376770538,"score_道路建成區切割":27.47875354107649,"score_孤立比例":45.34938621340888,"score_距大型綠地":44.66477809254013,"綜合破碎化分數":42.0,"破碎化等級":"低","判定原因":"面積減少0.0%；斑塊增加0.0%；平均斑塊縮小0.2%；道路密度0.00 km/km²；孤立比例0.0%；距大型綠地0m","2021面積_ha":101.97,"2022面積_ha":101.97,"2023面積_ha":102.78}},{"type":"Feature","geometry":{"type":"Polygon","coordinates":[[[121.62143171778251,24.459008547301767],[121.62147602470543,24.468037042357587],[121.63134025759075,24.467996157583432],[121.63129524752952,24.458967679550675],[121.62143171778251,24.459008547301767]]]},"properties":{"grid_id":"G017_031","綠地類型":"森林","中心經度":121.626386,"中心緯度":24.463502,"分析面積_km2":1.04,"2020面積_ha":104.04,"2024面積_ha":104.04,"面積減少率_pct":0.0,"2020斑塊數":1,"2024斑塊數":1,"斑塊數增加率_pct":0.0,"2020平均斑塊面積_ha":172555.65,"2024平均斑塊面積_ha":172145.43,"平均斑塊面積下降率_pct":0.24,"道路切割密度_km_per_km2":0.0,"建成區邊界切割密度_km_per_km2":0.0,"孤立小斑塊比例_pct":0.0,"距大型連續綠地平均距離_m":0.0,"score_面積減少":36.827195467422094,"score_斑塊增加":46.81303116147309,"score_平均斑塊縮小":50.63739376770538,"score_道路建成區切割":27.47875354107649,"score_孤立比例":45.34938621340888,"score_距大型綠地":44.66477809254013,"綜合破碎化分數":42.0,"破碎化等級":"低","判定原因":"面積減少0.0%；斑塊增加0.0%；平均斑塊縮小0.2%；道路密度0.00 km/km²；孤立比例0.0%；距大型綠地0m","2021面積_ha":104.04,"2022面積_ha":104.04,"2023面積_ha":104.04}},{"type":"Feature","geometry":{"type":"Polygon","coordinates":[[[121.64115875527274,24.458926168335086],[121.64120446846539,24.467954629076747],[121.65106865698554,24.467912456843273],[121.65102224066847,24.458884013660708],[121.64115875527274,24.458926168335086]]]},"properties":{"grid_id":"G017_033","綠地類型":"森林","中心經度":121.646114,"中心緯度":24.463419,"分析面積_km2":1.04,"2020面積_ha":104.04,"2024面積_ha":104.04,"面積減少率_pct":0.0,"2020斑塊數":1,"2024斑塊數":1,"斑塊數增加率_pct":0.0,"2020平均斑塊面積_ha":172555.65,"2024平均斑塊面積_ha":172145.43,"平均斑塊面積下降率_pct":0.24,"道路切割密度_km_per_km2":0.144,"建成區邊界切割密度_km_per_km2":0.0,"孤立小斑塊比例_pct":0.0,"距大型連續綠地平均距離_m":0.0,"score_面積減少":36.827195467422094,"score_斑塊增加":46.81303116147309,"score_平均斑塊縮小":50.63739376770538,"score_道路建成區切割":36.60292728989613,"score_孤立比例":45.34938621340888,"score_距大型綠地":44.66477809254013,"綜合破碎化分數":43.5,"破碎化等級":"低","判定原因":"面積減少0.0%；斑塊增加0.0%；平均斑塊縮小0.2%；道路密度0.14 km/km²；孤立比例0.0%；距大型綠地0m","2021面積_ha":104.04,"2022面積_ha":104.04,"2023面積_ha":104.04}},{"type":"Feature","geometry":{"type":"Polygon","coordinates":[[[121.65102224066847,24.458884013660708],[121.65106865698554,24.467912456843273],[121.66093282280734,24.467869640888825],[121.660885703373,24.45884121553337],[121.65102224066847,24.458884013660708]]]},"properties":{"grid_id":"G017_034","綠地類型":"森林","中心經度":121.655977,"中心緯度":24.463377,"分析面積_km2":1.04,"2020面積_ha":104.04,"2024面積_ha":104.04,"面積減少率_pct":0.0,"2020斑塊數":1,"2024斑塊數":1,"斑塊數增加率_pct":0.0,"2020平均斑塊面積_ha":172555.65,"2024平均斑塊面積_ha":172145.43,"平均斑塊面積下降率_pct":0.24,"道路切割密度_km_per_km2":0.0,"建成區邊界切割密度_km_per_km2":0.0,"孤立小斑塊比例_pct":0.0,"距大型連續綠地平均距離_m":0.0,"score_面積減少":36.827195467422094,"score_斑塊增加":46.81303116147309,"score_平均斑塊縮小":50.63739376770538,"score_道路建成區切割":27.47875354107649,"score_孤立比例":45.34938621340888,"score_距大型綠地":44.66477809254013,"綜合破碎化分數":42.0,"破碎化等級":"低","判定原因":"面積減少0.0%；斑塊增加0.0%；平均斑塊縮小0.2%；道路密度0.00 km/km²；孤立比例0.0%；距大型綠地0m","2021面積_ha":104.04,"2022面積_ha":104.04,"2023面積_ha":104.04}},{"type":"Feature","geometry":{"type":"Polygon","coordinates":[[[121.660885703373,24.45884121553337],[121.66093282280734,24.467869640888825],[121.67079696558704,24.467826181219298],[121.67074914304264,24.458797773958967],[121.660885703373,24.45884121553337]]]},"properties":{"grid_id":"G017_035","綠地類型":"森林","中心經度":121.665841,"中心緯度":24.463334,"分析面積_km2":1.04,"2020面積_ha":104.04,"2024面積_ha":104.04,"面積減少率_pct":0.0,"2020斑塊數":1,"2024斑塊數":1,"斑塊數增加率_pct":0.0,"2020平均斑塊面積_ha":172555.65,"2024平均斑塊面積_ha":172145.43,"平均斑塊面積下降率_pct":0.24,"道路切割密度_km_per_km2":0.0,"建成區邊界切割密度_km_per_km2":0.0,"孤立小斑塊比例_pct":0.0,"距大型連續綠地平均距離_m":0.0,"score_面積減少":36.827195467422094,"score_斑塊增加":46.81303116147309,"score_平均斑塊縮小":50.63739376770538,"score_道路建成區切割":27.47875354107649,"score_孤立比例":45.34938621340888,"score_距大型綠地":44.66477809254013,"綜合破碎化分數":42.0,"破碎化等級":"低","判定原因":"面積減少0.0%；斑塊增加0.0%；平均斑塊縮小0.2%；道路密度0.00 km/km²；孤立比例0.0%；距大型綠地0m","2021面積_ha":104.04,"2022面積_ha":104.04,"2023面積_ha":104.04}},{"type":"Feature","geometry":{"type":"Polygon","coordinates":[[[121.67074914304264,24.458797773958967],[121.67079696558704,24.467826181219298],[121.68066108498081,24.467782077840692],[121.68061255933368,24.458753688943492],[121.67074914304264,24.458797773958967]]]},"properties":{"grid_id":"G017_036","綠地類型":"森林","中心經度":121.675705,"中心緯度":24.46329,"分析面積_km2":1.04,"2020面積_ha":103.86,"2024面積_ha":104.04,"面積減少率_pct":0.0,"2020斑塊數":1,"2024斑塊數":1,"斑塊數增加率_pct":0.0,"2020平均斑塊面積_ha":172555.65,"2024平均斑塊面積_ha":172145.43,"平均斑塊面積下降率_pct":0.24,"道路切割密度_km_per_km2":0.0,"建成區邊界切割密度_km_per_km2":0.0,"孤立小斑塊比例_pct":0.0,"距大型連續綠地平均距離_m":0.0,"score_面積減少":36.827195467422094,"score_斑塊增加":46.81303116147309,"score_平均斑塊縮小":50.63739376770538,"score_道路建成區切割":27.47875354107649,"score_孤立比例":45.34938621340888,"score_距大型綠地":44.66477809254013,"綜合破碎化分數":42.0,"破碎化等級":"低","判定原因":"面積減少0.0%；斑塊增加0.0%；平均斑塊縮小0.2%；道路密度0.00 km/km²；孤立比例0.0%；距大型綠地0m","2021面積_ha":104.04,"2022面積_ha":103.95,"2023面積_ha":104.04}},{"type":"Feature","geometry":{"type":"Polygon","coordinates":[[[121.68061255933368,24.458753688943492],[121.68066108498081,24.467782077840692],[121.69052518064487,24.467737330759093],[121.69047595190244,24.45870896049302],[121.68061255933368,24.458753688943492]]]},"properties":{"grid_id":"G017_037","綠地類型":"森林","中心經度":121.685569,"中心緯度":24.463246,"分析面積_km2":1.04,"2020面積_ha":103.77,"2024面積_ha":104.04,"面積減少率_pct":0.0,"2020斑塊數":1,"2024斑塊數":1,"斑塊數增加率_pct":0.0,"2020平均斑塊面積_ha":172555.65,"2024平均斑塊面積_ha":172145.43,"平均斑塊面積下降率_pct":0.24,"道路切割密度_km_per_km2":0.0,"建成區邊界切割密度_km_per_km2":0.0,"孤立小斑塊比例_pct":0.0,"距大型連續綠地平均距離_m":0.0,"score_面積減少":36.827195467422094,"score_斑塊增加":46.81303116147309,"score_平均斑塊縮小":50.63739376770538,"score_道路建成區切割":27.47875354107649,"score_孤立比例":45.34938621340888,"score_距大型綠地":44.66477809254013,"綜合破碎化分數":42.0,"破碎化等級":"低","判定原因":"面積減少0.0%；斑塊增加0.0%；平均斑塊縮小0.2%；道路密度0.00 km/km²；孤立比例0.0%；距大型綠地0m","2021面積_ha":104.04,"2022面積_ha":104.04,"2023面積_ha":104.04}},{"type":"Feature","geometry":{"type":"Polygon","coordinates":[[[121.69047595190244,24.45870896049302],[121.69052518064487,24.467737330759093],[121.70038925223538,24.46769193998066],[121.70033932040523,24.458663588613724],[121.69047595190244,24.45870896049302]]]},"properties":{"grid_id":"G017_038","綠地類型":"森林","中心經度":121.695432,"中心緯度":24.463201,"分析面積_km2":1.04,"2020面積_ha":104.04,"2024面積_ha":104.04,"面積減少率_pct":0.0,"2020斑塊數":1,"2024斑塊數":1,"斑塊數增加率_pct":0.0,"2020平均斑塊面積_ha":172555.65,"2024平均斑塊面積_ha":172145.43,"平均斑塊面積下降率_pct":0.24,"道路切割密度_km_per_km2":0.0,"建成區邊界切割密度_km_per_km2":0.0,"孤立小斑塊比例_pct":0.0,"距大型連續綠地平均距離_m":0.0,"score_面積減少":36.827195467422094,"score_斑塊增加":46.81303116147309,"score_平均斑塊縮小":50.63739376770538,"score_道路建成區切割":27.47875354107649,"score_孤立比例":45.34938621340888,"score_距大型綠地":44.66477809254013,"綜合破碎化分數":42.0,"破碎化等級":"低","判定原因":"面積減少0.0%；斑塊增加0.0%；平均斑塊縮小0.2%；道路密度0.00 km/km²；孤立比例0.0%；距大型綠地0m","2021面積_ha":104.04,"2022面積_ha":104.04,"2023面積_ha":104.04}},{"type":"Feature","geometry":{"type":"Polygon","coordinates":[[[121.70033932040523,24.458663588613724],[121.70038925223538,24.46769193998066],[121.71025329940858,24.46764590551166],[121.71020266449838,24.458617573311855],[121.70033932040523,24.458663588613724]]]},"properties":{"grid_id":"G017_039","綠地類型":"森林","中心經度":121.705296,"中心緯度":24.463155,"分析面積_km2":1.04,"2020面積_ha":104.04,"2024面積_ha":104.04,"面積減少率_pct":0.0,"2020斑塊數":1,"2024斑塊數":1,"斑塊數增加率_pct":0.0,"2020平均斑塊面積_ha":172555.65,"2024平均斑塊面積_ha":172145.43,"平均斑塊面積下降率_pct":0.24,"道路切割密度_km_per_km2":0.0,"建成區邊界切割密度_km_per_km2":0.0,"孤立小斑塊比例_pct":0.0,"距大型連續綠地平均距離_m":0.0,"score_面積減少":36.827195467422094,"score_斑塊增加":46.81303116147309,"score_平均斑塊縮小":50.63739376770538,"score_道路建成區切割":27.47875354107649,"score_孤立比例":45.34938621340888,"score_距大型綠地":44.66477809254013,"綜合破碎化分數":42.0,"破碎化等級":"低","判定原因":"面積減少0.0%；斑塊增加0.0%；平均斑塊縮小0.2%；道路密度0.00 km/km²；孤立比例0.0%；距大型綠地0m","2021面積_ha":104.04,"2022面積_ha":104.04,"2023面積_ha":104.04}},{"type":"Feature","geometry":{"type":"Polygon","coordinates":[[[121.71020266449838,24.458617573311855],[121.71025329940858,24.46764590551166],[121.7201173218207,24.467599227358445],[121.7200659838382,24.458570914593757],[121.71020266449838,24.458617573311855]]]},"properties":{"grid_id":"G017_040","綠地類型":"森林","中心經度":121.71516,"中心緯度":24.463108,"分析面積_km2":1.04,"2020面積_ha":104.04,"2024面積_ha":104.04,"面積減少率_pct":0.0,"2020斑塊數":1,"2024斑塊數":1,"斑塊數增加率_pct":0.0,"2020平均斑塊面積_ha":172555.65,"2024平均斑塊面積_ha":172145.43,"平均斑塊面積下降率_pct":0.24,"道路切割密度_km_per_km2":0.058,"建成區邊界切割密度_km_per_km2":0.0,"孤立小斑塊比例_pct":0.0,"距大型連續綠地平均距離_m":0.0,"score_面積減少":36.827195467422094,"score_斑塊增加":46.81303116147309,"score_平均斑塊縮小":50.63739376770538,"score_道路建成區切割":36.17799811142588,"score_孤立比例":45.34938621340888,"score_距大型綠地":44.66477809254013,"綜合破碎化分數":43.4,"破碎化等級":"低","判定原因":"面積減少0.0%；斑塊增加0.0%；平均斑塊縮小0.2%；道路密度0.06 km/km²；孤立比例0.0%；距大型綠地0m","2021面積_ha":104.04,"2022面積_ha":104.04,"2023面積_ha":104.04}},{"type":"Feature","geometry":{"type":"Polygon","coordinates":[[[121.36499937038487,24.468874079717086],[121.36502540636718,24.4779029124792],[121.37489079446061,24.477878756414885],[121.3748640548544,24.468849933707897],[121.36499937038487,24.468874079717086]]]},"properties":{"grid_id":"G018_005","綠地類型":"森林","中心經度":121.369945,"中心緯度":24.473377,"分析面積_km2":1.04,"2020面積_ha":104.04,"2024面積_ha":104.04,"面積減少率_pct":0.0,"2020斑塊數":1,"2024斑塊數":1,"斑塊數增加率_pct":0.0,"2020平均斑塊面積_ha":172555.65,"2024平均斑塊面積_ha":172145.43,"平均斑塊面積下降率_pct":0.24,"道路切割密度_km_per_km2":0.0,"建成區邊界切割密度_km_per_km2":0.0,"孤立小斑塊比例_pct":0.0,"距大型連續綠地平均距離_m":0.0,"score_面積減少":36.827195467422094,"score_斑塊增加":46.81303116147309,"score_平均斑塊縮小":50.63739376770538,"score_道路建成區切割":27.47875354107649,"score_孤立比例":45.34938621340888,"score_距大型綠地":44.66477809254013,"綜合破碎化分數":42.0,"破碎化等級":"低","判定原因":"面積減少0.0%；斑塊增加0.0%；平均斑塊縮小0.2%；道路密度0.00 km/km²；孤立比例0.0%；距大型綠地0m","2021面積_ha":104.04,"2022面積_ha":103.77,"2023面積_ha":104.04}},{"type":"Feature","geometry":{"type":"Polygon","coordinates":[[[121.3748640548544,24.468849933707897],[121.37489079446061,24.477878756414885],[121.38475616947991,24.477853956232185],[121.38472872625385,24.468825143848438],[121.3748640548544,24.468849933707897]]]},"properties":{"grid_id":"G018_006","綠地類型":"森林","中心經度":121.37981,"中心緯度":24.473352,"分析面積_km2":1.04,"2020面積_ha":104.04,"2024面積_ha":104.04,"面積減少率_pct":0.0,"2020斑塊數":1,"2024斑塊數":1,"斑塊數增加率_pct":0.0,"2020平均斑塊面積_ha":172555.65,"2024平均斑塊面積_ha":172145.43,"平均斑塊面積下降率_pct":0.24,"道路切割密度_km_per_km2":0.0,"建成區邊界切割密度_km_per_km2":0.0,"孤立小斑塊比例_pct":0.0,"距大型連續綠地平均距離_m":0.0,"score_面積減少":36.827195467422094,"score_斑塊增加":46.81303116147309,"score_平均斑塊縮小":50.63739376770538,"score_道路建成區切割":27.47875354107649,"score_孤立比例":45.34938621340888,"score_距大型綠地":44.66477809254013,"綜合破碎化分數":42.0,"破碎化等級":"低","判定原因":"面積減少0.0%；斑塊增加0.0%；平均斑塊縮小0.2%；道路密度0.00 km/km²；孤立比例0.0%；距大型綠地0m","2021面積_ha":104.04,"2022面積_ha":103.95,"2023面積_ha":104.04}},{"type":"Feature","geometry":{"type":"Polygon","coordinates":[[[121.42418727427332,24.46871954597763],[121.4242175319354,24.47774831438731],[121.43408283642376,24.47772029366578],[121.43405187516404,24.46869153691989],[121.42418727427332,24.46871954597763]]]},"properties":{"grid_id":"G018_011","綠地類型":"森林","中心經度":121.429135,"中心緯度":24.47322,"分析面積_km2":1.04,"2020面積_ha":104.04,"2024面積_ha":104.04,"面積減少率_pct":0.0,"2020斑塊數":1,"2024斑塊數":1,"斑塊數增加率_pct":0.0,"2020平均斑塊面積_ha":172555.65,"2024平均斑塊面積_ha":172145.43,"平均斑塊面積下降率_pct":0.24,"道路切割密度_km_per_km2":0.0,"建成區邊界切割密度_km_per_km2":0.0,"孤立小斑塊比例_pct":0.0,"距大型連續綠地平均距離_m":0.0,"score_面積減少":36.827195467422094,"score_斑塊增加":46.81303116147309,"score_平均斑塊縮小":50.63739376770538,"score_道路建成區切割":27.47875354107649,"score_孤立比例":45.34938621340888,"score_距大型綠地":44.66477809254013,"綜合破碎化分數":42.0,"破碎化等級":"低","判定原因":"面積減少0.0%；斑塊增加0.0%；平均斑塊縮小0.2%；道路密度0.00 km/km²；孤立比例0.0%；距大型綠地0m","2021面積_ha":104.04,"2022面積_ha":104.04,"2023面積_ha":104.04}},{"type":"Feature","geometry":{"type":"Polygon","coordinates":[[[121.43405187516404,24.46869153691989],[121.43408283642376,24.47772029366578],[121.44394812577393,24.477691628847726],[121.44391646092127,24.468662884033723],[121.43405187516404,24.46869153691989]]]},"properties":{"grid_id":"G018_012","綠地類型":"森林","中心經度":121.439,"中心緯度":24.473192,"分析面積_km2":1.04,"2020面積_ha":104.04,"2024面積_ha":104.04,"面積減少率_pct":0.0,"2020斑塊數":1,"2024斑塊數":1,"斑塊數增加率_pct":0.0,"2020平均斑塊面積_ha":172555.65,"2024平均斑塊面積_ha":172145.43,"平均斑塊面積下降率_pct":0.24,"道路切割密度_km_per_km2":0.0,"建成區邊界切割密度_km_per_km2":0.0,"孤立小斑塊比例_pct":0.0,"距大型連續綠地平均距離_m":0.0,"score_面積減少":36.827195467422094,"score_斑塊增加":46.81303116147309,"score_平均斑塊縮小":50.63739376770538,"score_道路建成區切割":27.47875354107649,"score_孤立比例":45.34938621340888,"score_距大型綠地":44.66477809254013,"綜合破碎化分數":42.0,"破碎化等級":"低","判定原因":"面積減少0.0%；斑塊增加0.0%；平均斑塊縮小0.2%；道路密度0.00 km/km²；孤立比例0.0%；距大型綠地0m","2021面積_ha":104.04,"2022面積_ha":104.04,"2023面積_ha":104.04}},{"type":"Feature","geometry":{"type":"Polygon","coordinates":[[[121.44391646092127,24.468662884033723],[121.44394812577393,24.477691628847726],[121.45381339964187,24.4776623199371],[121.45378103120116,24.468633587323087],[121.44391646092127,24.468662884033723]]]},"properties":{"grid_id":"G018_013","綠地類型":"森林","中心經度":121.448865,"中心緯度":24.473163,"分析面積_km2":1.04,"2020面積_ha":103.32,"2024面積_ha":104.04,"面積減少率_pct":0.0,"2020斑塊數":1,"2024斑塊數":1,"斑塊數增加率_pct":0.0,"2020平均斑塊面積_ha":172555.65,"2024平均斑塊面積_ha":172145.43,"平均斑塊面積下降率_pct":0.24,"道路切割密度_km_per_km2":0.0,"建成區邊界切割密度_km_per_km2":0.0,"孤立小斑塊比例_pct":0.0,"距大型連續綠地平均距離_m":0.0,"score_面積減少":36.827195467422094,"score_斑塊增加":46.81303116147309,"score_平均斑塊縮小":50.63739376770538,"score_道路建成區切割":27.47875354107649,"score_孤立比例":45.34938621340888,"score_距大型綠地":44.66477809254013,"綜合破碎化分數":42.0,"破碎化等級":"低","判定原因":"面積減少0.0%；斑塊增加0.0%；平均斑塊縮小0.2%；道路密度0.00 km/km²；孤立比例0.0%；距大型綠地0m","2021面積_ha":103.68,"2022面積_ha":102.24,"2023面積_ha":103.77}},{"type":"Feature","geometry":{"type":"Polygon","coordinates":[[[121.51296810859824,24.468444286977864],[121.51300469845921,24.47747294076191],[121.52286985431984,24.477439123321446],[121.52283256090782,24.46841048361404],[121.51296810859824,24.468444286977864]]]},"properties":{"grid_id":"G018_020","綠地類型":"森林","中心經度":121.517919,"中心緯度":24.472942,"分析面積_km2":1.04,"2020面積_ha":104.04,"2024面積_ha":104.04,"面積減少率_pct":0.0,"2020斑塊數":1,"2024斑塊數":1,"斑塊數增加率_pct":0.0,"2020平均斑塊面積_ha":172555.65,"2024平均斑塊面積_ha":172145.43,"平均斑塊面積下降率_pct":0.24,"道路切割密度_km_per_km2":0.0,"建成區邊界切割密度_km_per_km2":0.0,"孤立小斑塊比例_pct":0.0,"距大型連續綠地平均距離_m":0.0,"score_面積減少":36.827195467422094,"score_斑塊增加":46.81303116147309,"score_平均斑塊縮小":50.63739376770538,"score_道路建成區切割":27.47875354107649,"score_孤立比例":45.34938621340888,"score_距大型綠地":44.66477809254013,"綜合破碎化分數":42.0,"破碎化等級":"低","判定原因":"面積減少0.0%；斑塊增加0.0%；平均斑塊縮小0.2%；道路密度0.00 km/km²；孤立比例0.0%；距大型綠地0m","2021面積_ha":104.04,"2022面積_ha":104.04,"2023面積_ha":104.04}},{"type":"Feature","geometry":{"type":"Polygon","coordinates":[[[121.52283256090782,24.46841048361404],[121.52286985431984,24.477439123321446],[121.53273499194633,24.47740466182323],[121.532696994989,24.468376036460555],[121.52283256090782,24.46841048361404]]]},"properties":{"grid_id":"G018_021","綠地類型":"森林","中心經度":121.527784,"中心緯度":24.472908,"分析面積_km2":1.04,"2020面積_ha":104.04,"2024面積_ha":104.04,"面積減少率_pct":0.0,"2020斑塊數":1,"2024斑塊數":1,"斑塊數增加率_pct":0.0,"2020平均斑塊面積_ha":172555.65,"2024平均斑塊面積_ha":172145.43,"平均斑塊面積下降率_pct":0.24,"道路切割密度_km_per_km2":0.0,"建成區邊界切割密度_km_per_km2":0.0,"孤立小斑塊比例_pct":0.0,"距大型連續綠地平均距離_m":0.0,"score_面積減少":36.827195467422094,"score_斑塊增加":46.81303116147309,"score_平均斑塊縮小":50.63739376770538,"score_道路建成區切割":27.47875354107649,"score_孤立比例":45.34938621340888,"score_距大型綠地":44.66477809254013,"綜合破碎化分數":42.0,"破碎化等級":"低","判定原因":"面積減少0.0%；斑塊增加0.0%；平均斑塊縮小0.2%；道路密度0.00 km/km²；孤立比例0.0%；距大型綠地0m","2021面積_ha":104.04,"2022面積_ha":104.04,"2023面積_ha":104.04}},{"type":"Feature","geometry":{"type":"Polygon","coordinates":[[[121.54256141049792,24.468340945522154],[121.54260011099474,24.477369556272023],[121.55246521112107,24.477333806672668],[121.55242580709073,24.46830521080369],[121.54256141049792,24.468340945522154]]]},"properties":{"grid_id":"G018_023","綠地類型":"森林","中心經度":121.547513,"中心緯度":24.472837,"分析面積_km2":1.04,"2020面積_ha":102.6,"2024面積_ha":104.04,"面積減少率_pct":0.0,"2020斑塊數":1,"2024斑塊數":1,"斑塊數增加率_pct":0.0,"2020平均斑塊面積_ha":172555.65,"2024平均斑塊面積_ha":172145.43,"平均斑塊面積下降率_pct":0.24,"道路切割密度_km_per_km2":0.0,"建成區邊界切割密度_km_per_km2":0.0,"孤立小斑塊比例_pct":0.0,"距大型連續綠地平均距離_m":0.0,"score_面積減少":36.827195467422094,"score_斑塊增加":46.81303116147309,"score_平均斑塊縮小":50.63739376770538,"score_道路建成區切割":27.47875354107649,"score_孤立比例":45.34938621340888,"score_距大型綠地":44.66477809254013,"綜合破碎化分數":42.0,"破碎化等級":"低","判定原因":"面積減少0.0%；斑塊增加0.0%；平均斑塊縮小0.2%；道路密度0.00 km/km²；孤立比例0.0%；距大型綠地0m","2021面積_ha":103.23,"2022面積_ha":103.95,"2023面積_ha":104.04}},{"type":"Feature","geometry":{"type":"Polygon","coordinates":[[[121.55242580709073,24.46830521080369],[121.55246521112107,24.477333806672668],[121.56233029198138,24.47729741303009],[121.56229018442355,24.468268832310077],[121.55242580709073,24.46830521080369]]]},"properties":{"grid_id":"G018_024","綠地類型":"森林","中心經度":121.557378,"中心緯度":24.472801,"分析面積_km2":1.04,"2020面積_ha":91.62,"2024面積_ha":93.06,"面積減少率_pct":0.0,"2020斑塊數":1,"2024斑塊數":1,"斑塊數增加率_pct":0.0,"2020平均斑塊面積_ha":172555.65,"2024平均斑塊面積_ha":172145.43,"平均斑塊面積下降率_pct":0.24,"道路切割密度_km_per_km2":0.0,"建成區邊界切割密度_km_per_km2":0.0,"孤立小斑塊比例_pct":0.0,"距大型連續綠地平均距離_m":0.0,"score_面積減少":36.827195467422094,"score_斑塊增加":46.81303116147309,"score_平均斑塊縮小":50.63739376770538,"score_道路建成區切割":27.47875354107649,"score_孤立比例":45.34938621340888,"score_距大型綠地":44.66477809254013,"綜合破碎化分數":42.0,"破碎化等級":"低","判定原因":"面積減少0.0%；斑塊增加0.0%；平均斑塊縮小0.2%；道路密度0.00 km/km²；孤立比例0.0%；距大型綠地0m","2021面積_ha":92.25,"2022面積_ha":93.6,"2023面積_ha":91.26}},{"type":"Feature","geometry":{"type":"Polygon","coordinates":[[[121.56229018442355,24.468268832310077],[121.56233029198138,24.47729741303009],[121.57219535323172,24.477260375349317],[121.57215454215253,24.46823181004634],[121.56229018442355,24.468268832310077]]]},"properties":{"grid_id":"G018_025","綠地類型":"森林","中心經度":121.567243,"中心緯度":24.472765,"分析面積_km2":1.04,"2020面積_ha":96.12,"2024面積_ha":97.56,"面積減少率_pct":0.0,"2020斑塊數":1,"2024斑塊數":1,"斑塊數增加率_pct":0.0,"2020平均斑塊面積_ha":172555.65,"2024平均斑塊面積_ha":172145.43,"平均斑塊面積下降率_pct":0.24,"道路切割密度_km_per_km2":0.0,"建成區邊界切割密度_km_per_km2":0.0,"孤立小斑塊比例_pct":0.0,"距大型連續綠地平均距離_m":0.0,"score_面積減少":36.827195467422094,"score_斑塊增加":46.81303116147309,"score_平均斑塊縮小":50.63739376770538,"score_道路建成區切割":27.47875354107649,"score_孤立比例":45.34938621340888,"score_距大型綠地":44.66477809254013,"綜合破碎化分數":42.0,"破碎化等級":"低","判定原因":"面積減少0.0%；斑塊增加0.0%；平均斑塊縮小0.2%；道路密度0.00 km/km²；孤立比例0.0%；距大型綠地0m","2021面積_ha":96.93,"2022面積_ha":97.11,"2023面積_ha":95.76}},{"type":"Feature","geometry":{"type":"Polygon","coordinates":[[[121.57215454215253,24.46823181004634],[121.57219535323172,24.477260375349317],[121.58206039452809,24.47722269363545],[121.58201887993384,24.468194144017588],[121.57215454215253,24.46823181004634]]]},"properties":{"grid_id":"G018_026","綠地類型":"森林","中心經度":121.577107,"中心緯度":24.472727,"分析面積_km2":1.04,"2020面積_ha":86.94,"2024面積_ha":93.6,"面積減少率_pct":0.0,"2020斑塊數":1,"2024斑塊數":1,"斑塊數增加率_pct":0.0,"2020平均斑塊面積_ha":172555.65,"2024平均斑塊面積_ha":172145.43,"平均斑塊面積下降率_pct":0.24,"道路切割密度_km_per_km2":0.0,"建成區邊界切割密度_km_per_km2":0.0,"孤立小斑塊比例_pct":0.0,"距大型連續綠地平均距離_m":0.0,"score_面積減少":36.827195467422094,"score_斑塊增加":46.81303116147309,"score_平均斑塊縮小":50.63739376770538,"score_道路建成區切割":27.47875354107649,"score_孤立比例":45.34938621340888,"score_距大型綠地":44.66477809254013,"綜合破碎化分數":42.0,"破碎化等級":"低","判定原因":"面積減少0.0%；斑塊增加0.0%；平均斑塊縮小0.2%；道路密度0.00 km/km²；孤立比例0.0%；距大型綠地0m","2021面積_ha":88.02,"2022面積_ha":94.41,"2023面積_ha":88.74}},{"type":"Feature","geometry":{"type":"Polygon","coordinates":[[[121.59188319742363,24.468155834229],[121.59192541552656,24.477184367893692],[121.60179041588322,24.477145398129327],[121.60174749427804,24.468116880685884],[121.59188319742363,24.468155834229]]]},"properties":{"grid_id":"G018_028","綠地類型":"森林","中心經度":121.596837,"中心緯度":24.472651,"分析面積_km2":1.04,"2020面積_ha":104.04,"2024面積_ha":104.04,"面積減少率_pct":0.0,"2020斑塊數":1,"2024斑塊數":1,"斑塊數增加率_pct":0.0,"2020平均斑塊面積_ha":172555.65,"2024平均斑塊面積_ha":172145.43,"平均斑塊面積下降率_pct":0.24,"道路切割密度_km_per_km2":0.231,"建成區邊界切割密度_km_per_km2":0.0,"孤立小斑塊比例_pct":0.0,"距大型連續綠地平均距離_m":0.0,"score_面積減少":36.827195467422094,"score_斑塊增加":46.81303116147309,"score_平均斑塊縮小":50.63739376770538,"score_道路建成區切割":37.31114258734655,"score_孤立比例":45.34938621340888,"score_距大型綠地":44.66477809254013,"綜合破碎化分數":43.6,"破碎化等級":"低","判定原因":"面積減少0.0%；斑塊增加0.0%；平均斑塊縮小0.2%；道路密度0.23 km/km²；孤立比例0.0%；距大型綠地0m","2021面積_ha":104.04,"2022面積_ha":104.04,"2023面積_ha":104.04}},{"type":"Feature","geometry":{"type":"Polygon","coordinates":[[[121.60174749427804,24.468116880685884],[121.60179041588322,24.477145398129327],[121.61165539525406,24.477105784347724],[121.61161177015325,24.468077283393594],[121.60174749427804,24.468116880685884]]]},"properties":{"grid_id":"G018_029","綠地類型":"森林","中心經度":121.606701,"中心緯度":24.472611,"分析面積_km2":1.04,"2020面積_ha":104.04,"2024面積_ha":104.04,"面積減少率_pct":0.0,"2020斑塊數":1,"2024斑塊數":1,"斑塊數增加率_pct":0.0,"2020平均斑塊面積_ha":172555.65,"2024平均斑塊面積_ha":172145.43,"平均斑塊面積下降率_pct":0.24,"道路切割密度_km_per_km2":0.0,"建成區邊界切割密度_km_per_km2":0.0,"孤立小斑塊比例_pct":0.0,"距大型連續綠地平均距離_m":0.0,"score_面積減少":36.827195467422094,"score_斑塊增加":46.81303116147309,"score_平均斑塊縮小":50.63739376770538,"score_道路建成區切割":27.47875354107649,"score_孤立比例":45.34938621340888,"score_距大型綠地":44.66477809254013,"綜合破碎化分數":42.0,"破碎化等級":"低","判定原因":"面積減少0.0%；斑塊增加0.0%；平均斑塊縮小0.2%；道路密度0.00 km/km²；孤立比例0.0%；距大型綠地0m","2021面積_ha":104.04,"2022面積_ha":104.04,"2023面積_ha":104.04}},{"type":"Feature","geometry":{"type":"Polygon","coordinates":[[[121.61161177015325,24.468077283393594],[121.61165539525406,24.477105784347724],[121.6215203532952,24.477065526554355],[121.62147602470543,24.468037042357587],[121.61161177015325,24.468077283393594]]]},"properties":{"grid_id":"G018_030","綠地類型":"森林","中心經度":121.616566,"中心緯度":24.472571,"分析面積_km2":1.04,"2020面積_ha":98.28,"2024面積_ha":98.73,"面積減少率_pct":0.0,"2020斑塊數":1,"2024斑塊數":1,"斑塊數增加率_pct":0.0,"2020平均斑塊面積_ha":172555.65,"2024平均斑塊面積_ha":172145.43,"平均斑塊面積下降率_pct":0.24,"道路切割密度_km_per_km2":0.0,"建成區邊界切割密度_km_per_km2":0.0,"孤立小斑塊比例_pct":0.0,"距大型連續綠地平均距離_m":0.0,"score_面積減少":36.827195467422094,"score_斑塊增加":46.81303116147309,"score_平均斑塊縮小":50.63739376770538,"score_道路建成區切割":27.47875354107649,"score_孤立比例":45.34938621340888,"score_距大型綠地":44.66477809254013,"綜合破碎化分數":42.0,"破碎化等級":"低","判定原因":"面積減少0.0%；斑塊增加0.0%；平均斑塊縮小0.2%；道路密度0.00 km/km²；孤立比例0.0%；距大型綠地0m","2021面積_ha":98.82,"2022面積_ha":98.19,"2023面積_ha":98.64}},{"type":"Feature","geometry":{"type":"Polygon","coordinates":[[[121.62147602470543,24.468037042357587],[121.6215203532952,24.477065526554355],[121.63138528966267,24.477024624754772],[121.63134025759075,24.467996157583432],[121.62147602470543,24.468037042357587]]]},"properties":{"grid_id":"G018_031","綠地類型":"森林","中心經度":121.62643,"中心緯度":24.472531,"分析面積_km2":1.04,"2020面積_ha":104.04,"2024面積_ha":104.04,"面積減少率_pct":0.0,"2020斑塊數":1,"2024斑塊數":1,"斑塊數增加率_pct":0.0,"2020平均斑塊面積_ha":172555.65,"2024平均斑塊面積_ha":172145.43,"平均斑塊面積下降率_pct":0.24,"道路切割密度_km_per_km2":0.0,"建成區邊界切割密度_km_per_km2":0.0,"孤立小斑塊比例_pct":0.0,"距大型連續綠地平均距離_m":0.0,"score_面積減少":36.827195467422094,"score_斑塊增加":46.81303116147309,"score_平均斑塊縮小":50.63739376770538,"score_道路建成區切割":27.47875354107649,"score_孤立比例":45.34938621340888,"score_距大型綠地":44.66477809254013,"綜合破碎化分數":42.0,"破碎化等級":"低","判定原因":"面積減少0.0%；斑塊增加0.0%；平均斑塊縮小0.2%；道路密度0.00 km/km²；孤立比例0.0%；距大型綠地0m","2021面積_ha":104.04,"2022面積_ha":104.04,"2023面積_ha":104.04}},{"type":"Feature","geometry":{"type":"Polygon","coordinates":[[[121.64120446846539,24.467954629076747],[121.64125020401255,24.47698307895461],[121.65111509600092,24.476940889159597],[121.65106865698554,24.467912456843273],[121.64120446846539,24.467954629076747]]]},"properties":{"grid_id":"G018_033","綠地類型":"森林","中心經度":121.64616,"中心緯度":24.472448,"分析面積_km2":1.04,"2020面積_ha":104.04,"2024面積_ha":104.04,"面積減少率_pct":0.0,"2020斑塊數":1,"2024斑塊數":1,"斑塊數增加率_pct":0.0,"2020平均斑塊面積_ha":172555.65,"2024平均斑塊面積_ha":172145.43,"平均斑塊面積下降率_pct":0.24,"道路切割密度_km_per_km2":0.0,"建成區邊界切割密度_km_per_km2":0.0,"孤立小斑塊比例_pct":0.0,"距大型連續綠地平均距離_m":0.0,"score_面積減少":36.827195467422094,"score_斑塊增加":46.81303116147309,"score_平均斑塊縮小":50.63739376770538,"score_道路建成區切割":27.47875354107649,"score_孤立比例":45.34938621340888,"score_距大型綠地":44.66477809254013,"綜合破碎化分數":42.0,"破碎化等級":"低","判定原因":"面積減少0.0%；斑塊增加0.0%；平均斑塊縮小0.2%；道路密度0.00 km/km²；孤立比例0.0%；距大型綠地0m","2021面積_ha":104.04,"2022面積_ha":104.04,"2023面積_ha":104.04}},{"type":"Feature","geometry":{"type":"Polygon","coordinates":[[[121.65106865698554,24.467912456843273],[121.65111509600092,24.476940889159597],[121.66097996528383,24.47689805537556],[121.66093282280734,24.467869640888825],[121.65106865698554,24.467912456843273]]]},"properties":{"grid_id":"G018_034","綠地類型":"森林","中心經度":121.656024,"中心緯度":24.472405,"分析面積_km2":1.04,"2020面積_ha":104.04,"2024面積_ha":104.04,"面積減少率_pct":0.0,"2020斑塊數":1,"2024斑塊數":1,"斑塊數增加率_pct":0.0,"2020平均斑塊面積_ha":172555.65,"2024平均斑塊面積_ha":172145.43,"平均斑塊面積下降率_pct":0.24,"道路切割密度_km_per_km2":0.0,"建成區邊界切割密度_km_per_km2":0.0,"孤立小斑塊比例_pct":0.0,"距大型連續綠地平均距離_m":0.0,"score_面積減少":36.827195467422094,"score_斑塊增加":46.81303116147309,"score_平均斑塊縮小":50.63739376770538,"score_道路建成區切割":27.47875354107649,"score_孤立比例":45.34938621340888,"score_距大型綠地":44.66477809254013,"綜合破碎化分數":42.0,"破碎化等級":"低","判定原因":"面積減少0.0%；斑塊增加0.0%；平均斑塊縮小0.2%；道路密度0.00 km/km²；孤立比例0.0%；距大型綠地0m","2021面積_ha":104.04,"2022面積_ha":104.04,"2023面積_ha":104.04}},{"type":"Feature","geometry":{"type":"Polygon","coordinates":[[[121.66093282280734,24.467869640888825],[121.66097996528383,24.47689805537556],[121.6708448115174,24.47685457760841],[121.67079696558704,24.467826181219298],[121.66093282280734,24.467869640888825]]]},"properties":{"grid_id":"G018_035","綠地類型":"森林","中心經度":121.665889,"中心緯度":24.472362,"分析面積_km2":1.04,"2020面積_ha":99.81,"2024面積_ha":99.99,"面積減少率_pct":0.0,"2020斑塊數":1,"2024斑塊數":1,"斑塊數增加率_pct":0.0,"2020平均斑塊面積_ha":172555.65,"2024平均斑塊面積_ha":172145.43,"平均斑塊面積下降率_pct":0.24,"道路切割密度_km_per_km2":0.0,"建成區邊界切割密度_km_per_km2":0.0,"孤立小斑塊比例_pct":0.0,"距大型連續綠地平均距離_m":0.0,"score_面積減少":36.827195467422094,"score_斑塊增加":46.81303116147309,"score_平均斑塊縮小":50.63739376770538,"score_道路建成區切割":27.47875354107649,"score_孤立比例":45.34938621340888,"score_距大型綠地":44.66477809254013,"綜合破碎化分數":42.0,"破碎化等級":"低","判定原因":"面積減少0.0%；斑塊增加0.0%；平均斑塊縮小0.2%；道路密度0.00 km/km²；孤立比例0.0%；距大型綠地0m","2021面積_ha":100.08,"2022面積_ha":99.9,"2023面積_ha":99.72}},{"type":"Feature","geometry":{"type":"Polygon","coordinates":[[[121.67079696558704,24.467826181219298],[121.6708448115174,24.47685457760841],[121.68070963435768,24.47681045586413],[121.68066108498081,24.467782077840692],[121.67079696558704,24.467826181219298]]]},"properties":{"grid_id":"G018_036","綠地類型":"森林","中心經度":121.675753,"中心緯度":24.472318,"分析面積_km2":1.04,"2020面積_ha":101.16,"2024面積_ha":102.42,"面積減少率_pct":0.0,"2020斑塊數":1,"2024斑塊數":1,"斑塊數增加率_pct":0.0,"2020平均斑塊面積_ha":172555.65,"2024平均斑塊面積_ha":172145.43,"平均斑塊面積下降率_pct":0.24,"道路切割密度_km_per_km2":0.0,"建成區邊界切割密度_km_per_km2":0.0,"孤立小斑塊比例_pct":0.0,"距大型連續綠地平均距離_m":0.0,"score_面積減少":36.827195467422094,"score_斑塊增加":46.81303116147309,"score_平均斑塊縮小":50.63739376770538,"score_道路建成區切割":27.47875354107649,"score_孤立比例":45.34938621340888,"score_距大型綠地":44.66477809254013,"綜合破碎化分數":42.0,"破碎化等級":"低","判定原因":"面積減少0.0%；斑塊增加0.0%；平均斑塊縮小0.2%；道路密度0.00 km/km²；孤立比例0.0%；距大型綠地0m","2021面積_ha":101.7,"2022面積_ha":101.43,"2023面積_ha":102.33}},{"type":"Feature","geometry":{"type":"Polygon","coordinates":[[[121.68066108498081,24.467782077840692],[121.68070963435768,24.47681045586413],[121.6905744334608,24.476765690148817],[121.69052518064487,24.467737330759093],[121.68066108498081,24.467782077840692]]]},"properties":{"grid_id":"G018_037","綠地類型":"森林","中心經度":121.685618,"中心緯度":24.472274,"分析面積_km2":1.04,"2020面積_ha":103.95,"2024面積_ha":103.95,"面積減少率_pct":0.0,"2020斑塊數":1,"2024斑塊數":1,"斑塊數增加率_pct":0.0,"2020平均斑塊面積_ha":172555.65,"2024平均斑塊面積_ha":172145.43,"平均斑塊面積下降率_pct":0.24,"道路切割密度_km_per_km2":0.0,"建成區邊界切割密度_km_per_km2":0.0,"孤立小斑塊比例_pct":0.0,"距大型連續綠地平均距離_m":0.0,"score_面積減少":36.827195467422094,"score_斑塊增加":46.81303116147309,"score_平均斑塊縮小":50.63739376770538,"score_道路建成區切割":27.47875354107649,"score_孤立比例":45.34938621340888,"score_距大型綠地":44.66477809254013,"綜合破碎化分數":42.0,"破碎化等級":"低","判定原因":"面積減少0.0%；斑塊增加0.0%；平均斑塊縮小0.2%；道路密度0.00 km/km²；孤立比例0.0%；距大型綠地0m","2021面積_ha":104.04,"2022面積_ha":104.04,"2023面積_ha":104.04}},{"type":"Feature","geometry":{"type":"Polygon","coordinates":[[[121.69052518064487,24.467737330759093],[121.6905744334608,24.476765690148817],[121.70043920848283,24.476720280468637],[121.70038925223538,24.46769193998066],[121.69052518064487,24.467737330759093]]]},"properties":{"grid_id":"G018_038","綠地類型":"森林","中心經度":121.695482,"中心緯度":24.472229,"分析面積_km2":1.04,"2020面積_ha":104.04,"2024面積_ha":104.04,"面積減少率_pct":0.0,"2020斑塊數":1,"2024斑塊數":1,"斑塊數增加率_pct":0.0,"2020平均斑塊面積_ha":172555.65,"2024平均斑塊面積_ha":172145.43,"平均斑塊面積下降率_pct":0.24,"道路切割密度_km_per_km2":0.0,"建成區邊界切割密度_km_per_km2":0.0,"孤立小斑塊比例_pct":0.0,"距大型連續綠地平均距離_m":0.0,"score_面積減少":36.827195467422094,"score_斑塊增加":46.81303116147309,"score_平均斑塊縮小":50.63739376770538,"score_道路建成區切割":27.47875354107649,"score_孤立比例":45.34938621340888,"score_距大型綠地":44.66477809254013,"綜合破碎化分數":42.0,"破碎化等級":"低","判定原因":"面積減少0.0%；斑塊增加0.0%；平均斑塊縮小0.2%；道路密度0.00 km/km²；孤立比例0.0%；距大型綠地0m","2021面積_ha":104.04,"2022面積_ha":104.04,"2023面積_ha":104.04}},{"type":"Feature","geometry":{"type":"Polygon","coordinates":[[[121.70038925223538,24.46769193998066],[121.70043920848283,24.476720280468637],[121.7103039590799,24.476674226829857],[121.71025329940858,24.46764590551166],[121.70038925223538,24.46769193998066]]]},"properties":{"grid_id":"G018_039","綠地類型":"森林","中心經度":121.705346,"中心緯度":24.472183,"分析面積_km2":1.04,"2020面積_ha":104.04,"2024面積_ha":104.04,"面積減少率_pct":0.0,"2020斑塊數":1,"2024斑塊數":1,"斑塊數增加率_pct":0.0,"2020平均斑塊面積_ha":172555.65,"2024平均斑塊面積_ha":172145.43,"平均斑塊面積下降率_pct":0.24,"道路切割密度_km_per_km2":0.0,"建成區邊界切割密度_km_per_km2":0.0,"孤立小斑塊比例_pct":0.0,"距大型連續綠地平均距離_m":0.0,"score_面積減少":36.827195467422094,"score_斑塊增加":46.81303116147309,"score_平均斑塊縮小":50.63739376770538,"score_道路建成區切割":27.47875354107649,"score_孤立比例":45.34938621340888,"score_距大型綠地":44.66477809254013,"綜合破碎化分數":42.0,"破碎化等級":"低","判定原因":"面積減少0.0%；斑塊增加0.0%；平均斑塊縮小0.2%；道路密度0.00 km/km²；孤立比例0.0%；距大型綠地0m","2021面積_ha":104.04,"2022面積_ha":104.04,"2023面積_ha":104.04}},{"type":"Feature","geometry":{"type":"Polygon","coordinates":[[[121.71025329940858,24.46764590551166],[121.7103039590799,24.476674226829857],[121.72016868490809,24.476627529238822],[121.7201173218207,24.467599227358445],[121.71025329940858,24.46764590551166]]]},"properties":{"grid_id":"G018_040","綠地類型":"森林","中心經度":121.715211,"中心緯度":24.472137,"分析面積_km2":1.04,"2020面積_ha":101.79,"2024面積_ha":104.04,"面積減少率_pct":0.0,"2020斑塊數":1,"2024斑塊數":1,"斑塊數增加率_pct":0.0,"2020平均斑塊面積_ha":172555.65,"2024平均斑塊面積_ha":172145.43,"平均斑塊面積下降率_pct":0.24,"道路切割密度_km_per_km2":0.0,"建成區邊界切割密度_km_per_km2":0.0,"孤立小斑塊比例_pct":0.0,"距大型連續綠地平均距離_m":0.0,"score_面積減少":36.827195467422094,"score_斑塊增加":46.81303116147309,"score_平均斑塊縮小":50.63739376770538,"score_道路建成區切割":27.47875354107649,"score_孤立比例":45.34938621340888,"score_距大型綠地":44.66477809254013,"綜合破碎化分數":42.0,"破碎化等級":"低","判定原因":"面積減少0.0%；斑塊增加0.0%；平均斑塊縮小0.2%；道路密度0.00 km/km²；孤立比例0.0%；距大型綠地0m","2021面積_ha":104.04,"2022面積_ha":104.04,"2023面積_ha":104.04}},{"type":"Feature","geometry":{"type":"Polygon","coordinates":[[[121.7201173218207,24.467599227358445],[121.72016868490809,24.476627529238822],[121.73003338562351,24.47658018770198],[121.72998131912794,24.46755190552745],[121.7201173218207,24.467599227358445]]]},"properties":{"grid_id":"G018_041","綠地類型":"森林","中心經度":121.725075,"中心緯度":24.47209,"分析面積_km2":1.04,"2020面積_ha":104.04,"2024面積_ha":104.04,"面積減少率_pct":0.0,"2020斑塊數":1,"2024斑塊數":1,"斑塊數增加率_pct":0.0,"2020平均斑塊面積_ha":172555.65,"2024平均斑塊面積_ha":172145.43,"平均斑塊面積下降率_pct":0.24,"道路切割密度_km_per_km2":0.0,"建成區邊界切割密度_km_per_km2":0.0,"孤立小斑塊比例_pct":0.0,"距大型連續綠地平均距離_m":0.0,"score_面積減少":36.827195467422094,"score_斑塊增加":46.81303116147309,"score_平均斑塊縮小":50.63739376770538,"score_道路建成區切割":27.47875354107649,"score_孤立比例":45.34938621340888,"score_距大型綠地":44.66477809254013,"綜合破碎化分數":42.0,"破碎化等級":"低","判定原因":"面積減少0.0%；斑塊增加0.0%；平均斑塊縮小0.2%；道路密度0.00 km/km²；孤立比例0.0%；距大型綠地0m","2021面積_ha":104.04,"2022面積_ha":104.04,"2023面積_ha":104.04}},{"type":"Feature","geometry":{"type":"Polygon","coordinates":[[[121.72998131912794,24.46755190552745],[121.73003338562351,24.47658018770198],[121.73989806088233,24.47653220222586],[121.73984529098651,24.46750394002519],[121.72998131912794,24.46755190552745]]]},"properties":{"grid_id":"G018_042","綠地類型":"森林","中心經度":121.73494,"中心緯度":24.472042,"分析面積_km2":1.04,"2020面積_ha":104.04,"2024面積_ha":104.04,"面積減少率_pct":0.0,"2020斑塊數":1,"2024斑塊數":1,"斑塊數增加率_pct":0.0,"2020平均斑塊面積_ha":172555.65,"2024平均斑塊面積_ha":172145.43,"平均斑塊面積下降率_pct":0.24,"道路切割密度_km_per_km2":0.0,"建成區邊界切割密度_km_per_km2":0.0,"孤立小斑塊比例_pct":0.0,"距大型連續綠地平均距離_m":0.0,"score_面積減少":36.827195467422094,"score_斑塊增加":46.81303116147309,"score_平均斑塊縮小":50.63739376770538,"score_道路建成區切割":27.47875354107649,"score_孤立比例":45.34938621340888,"score_距大型綠地":44.66477809254013,"綜合破碎化分數":42.0,"破碎化等級":"低","判定原因":"面積減少0.0%；斑塊增加0.0%；平均斑塊縮小0.2%；道路密度0.00 km/km²；孤立比例0.0%；距大型綠地0m","2021面積_ha":104.04,"2022面積_ha":104.04,"2023面積_ha":104.04}},{"type":"Feature","geometry":{"type":"Polygon","coordinates":[[[121.36505145507962,24.486931734427568],[121.36502540636718,24.4779029124792],[121.35516000554367,24.477926424421796],[121.35518241233713,24.48590886608074],[121.3556528,24.485950300000002],[121.35659030000001,24.4861113],[121.357198,24.486269899999996],[121.35756090000001,24.486434999999997],[121.3578184,24.486648099999993],[121.3580564626854,24.48694847763308],[121.36505145507962,24.486931734427568]]]},"properties":{"grid_id":"G019_004","綠地類型":"森林","中心經度":121.360104,"中心緯度":24.481906,"分析面積_km2":1.014,"2020面積_ha":81.99,"2024面積_ha":93.69,"面積減少率_pct":0.0,"2020斑塊數":2,"2024斑塊數":1,"斑塊數增加率_pct":0.0,"2020平均斑塊面積_ha":86277.87,"2024平均斑塊面積_ha":172145.43,"平均斑塊面積下降率_pct":0.0,"道路切割密度_km_per_km2":0.473,"建成區邊界切割密度_km_per_km2":0.0,"孤立小斑塊比例_pct":0.0,"距大型連續綠地平均距離_m":0.0,"score_面積減少":36.827195467422094,"score_斑塊增加":46.81303116147309,"score_平均斑塊縮小":3.7535410764872523,"score_道路建成區切割":38.798394711992444,"score_孤立比例":45.34938621340888,"score_距大型綠地":44.66477809254013,"綜合破碎化分數":36.0,"破碎化等級":"低","判定原因":"面積減少0.0%；斑塊增加0.0%；平均斑塊縮小0.0%；道路密度0.47 km/km²；孤立比例0.0%；距大型綠地0m","2021面積_ha":81.45,"2022面積_ha":101.43,"2023面積_ha":74.88}},{"type":"Feature","geometry":{"type":"Polygon","coordinates":[[[121.36502540636718,24.4779029124792],[121.36505145507962,24.486931734427568],[121.37491754714098,24.486907568306737],[121.37489079446061,24.477878756414885],[121.36502540636718,24.4779029124792]]]},"properties":{"grid_id":"G019_005","綠地類型":"森林","中心經度":121.369971,"中心緯度":24.482405,"分析面積_km2":1.04,"2020面積_ha":98.64,"2024面積_ha":104.04,"面積減少率_pct":0.0,"2020斑塊數":1,"2024斑塊數":1,"斑塊數增加率_pct":0.0,"2020平均斑塊面積_ha":172555.65,"2024平均斑塊面積_ha":172145.43,"平均斑塊面積下降率_pct":0.24,"道路切割密度_km_per_km2":0.346,"建成區邊界切割密度_km_per_km2":0.0,"孤立小斑塊比例_pct":0.0,"距大型連續綠地平均距離_m":0.0,"score_面積減少":36.827195467422094,"score_斑塊增加":46.81303116147309,"score_平均斑塊縮小":50.63739376770538,"score_道路建成區切割":38.03116147308782,"score_孤立比例":45.34938621340888,"score_距大型綠地":44.66477809254013,"綜合破碎化分數":43.7,"破碎化等級":"低","判定原因":"面積減少0.0%；斑塊增加0.0%；平均斑塊縮小0.2%；道路密度0.35 km/km²；孤立比例0.0%；距大型綠地0m","2021面積_ha":97.92,"2022面積_ha":104.04,"2023面積_ha":92.79}},{"type":"Feature","geometry":{"type":"Polygon","coordinates":[[[121.39462153108104,24.47782851193453],[121.39464969168483,24.486857302908888],[121.40451574347911,24.486831203638808],[121.40448687892001,24.477802423525414],[121.39462153108104,24.47782851193453]]]},"properties":{"grid_id":"G019_008","綠地類型":"森林","中心經度":121.399568,"中心緯度":24.48233,"分析面積_km2":1.04,"2020面積_ha":104.04,"2024面積_ha":104.04,"面積減少率_pct":0.0,"2020斑塊數":1,"2024斑塊數":1,"斑塊數增加率_pct":0.0,"2020平均斑塊面積_ha":172555.65,"2024平均斑塊面積_ha":172145.43,"平均斑塊面積下降率_pct":0.24,"道路切割密度_km_per_km2":0.173,"建成區邊界切割密度_km_per_km2":0.0,"孤立小斑塊比例_pct":0.0,"距大型連續綠地平均距離_m":0.0,"score_面積減少":36.827195467422094,"score_斑塊增加":46.81303116147309,"score_平均斑塊縮小":50.63739376770538,"score_道路建成區切割":36.80358829084042,"score_孤立比例":45.34938621340888,"score_距大型綠地":44.66477809254013,"綜合破碎化分數":43.5,"破碎化等級":"低","判定原因":"面積減少0.0%；斑塊增加0.0%；平均斑塊縮小0.2%；道路密度0.17 km/km²；孤立比例0.0%；距大型綠地0m","2021面積_ha":104.04,"2022面積_ha":104.04,"2023面積_ha":104.04}},{"type":"Feature","geometry":{"type":"Polygon","coordinates":[[[121.40448687892001,24.477802423525414],[121.40451574347911,24.486831203638808],[121.41438178116276,24.486804459992715],[121.41435221265279,24.477775691008443],[121.40448687892001,24.477802423525414]]]},"properties":{"grid_id":"G019_009","綠地類型":"森林","中心經度":121.409434,"中心緯度":24.482304,"分析面積_km2":1.04,"2020面積_ha":102.87,"2024面積_ha":103.05,"面積減少率_pct":0.0,"2020斑塊數":1,"2024斑塊數":1,"斑塊數增加率_pct":0.0,"2020平均斑塊面積_ha":172555.65,"2024平均斑塊面積_ha":172145.43,"平均斑塊面積下降率_pct":0.24,"道路切割密度_km_per_km2":0.404,"建成區邊界切割密度_km_per_km2":0.0,"孤立小斑塊比例_pct":0.0,"距大型連續綠地平均距離_m":0.0,"score_面積減少":36.827195467422094,"score_斑塊增加":46.81303116147309,"score_平均斑塊縮小":50.63739376770538,"score_道路建成區切割":38.432483474976394,"score_孤立比例":45.34938621340888,"score_距大型綠地":44.66477809254013,"綜合破碎化分數":43.8,"破碎化等級":"低","判定原因":"面積減少0.0%；斑塊增加0.0%；平均斑塊縮小0.2%；道路密度0.40 km/km²；孤立比例0.0%；距大型綠地0m","2021面積_ha":103.05,"2022面積_ha":103.05,"2023面積_ha":103.05}},{"type":"Feature","geometry":{"type":"Polygon","coordinates":[[[121.44394812577393,24.477691628847726],[121.4439798061088,24.486720362835793],[121.4538457839088,24.486691041723493],[121.45381339964187,24.4776623199371],[121.44394812577393,24.477691628847726]]]},"properties":{"grid_id":"G019_013","綠地類型":"森林","中心經度":121.448897,"中心緯度":24.482191,"分析面積_km2":1.04,"2020面積_ha":104.04,"2024面積_ha":104.04,"面積減少率_pct":0.0,"2020斑塊數":1,"2024斑塊數":1,"斑塊數增加率_pct":0.0,"2020平均斑塊面積_ha":172555.65,"2024平均斑塊面積_ha":172145.43,"平均斑塊面積下降率_pct":0.24,"道路切割密度_km_per_km2":0.144,"建成區邊界切割密度_km_per_km2":0.0,"孤立小斑塊比例_pct":0.0,"距大型連續綠地平均距離_m":0.0,"score_面積減少":36.827195467422094,"score_斑塊增加":46.81303116147309,"score_平均斑塊縮小":50.63739376770538,"score_道路建成區切割":36.60292728989613,"score_孤立比例":45.34938621340888,"score_距大型綠地":44.66477809254013,"綜合破碎化分數":43.5,"破碎化等級":"低","判定原因":"面積減少0.0%；斑塊增加0.0%；平均斑塊縮小0.2%；道路密度0.14 km/km²；孤立比例0.0%；距大型綠地0m","2021面積_ha":104.04,"2022面積_ha":104.04,"2023面積_ha":104.04}},{"type":"Feature","geometry":{"type":"Polygon","coordinates":[[[121.49327433341153,24.477538643451048],[121.49330953335593,24.486567313749365],[121.50317542855899,24.486534770895947],[121.50313952470846,24.477506114139974],[121.49327433341153,24.477538643451048]]]},"properties":{"grid_id":"G019_018","綠地類型":"森林","中心經度":121.498225,"中心緯度":24.482037,"分析面積_km2":1.04,"2020面積_ha":104.04,"2024面積_ha":104.04,"面積減少率_pct":0.0,"2020斑塊數":1,"2024斑塊數":1,"斑塊數增加率_pct":0.0,"2020平均斑塊面積_ha":172555.65,"2024平均斑塊面積_ha":172145.43,"平均斑塊面積下降率_pct":0.24,"道路切割密度_km_per_km2":0.0,"建成區邊界切割密度_km_per_km2":0.0,"孤立小斑塊比例_pct":0.0,"距大型連續綠地平均距離_m":0.0,"score_面積減少":36.827195467422094,"score_斑塊增加":46.81303116147309,"score_平均斑塊縮小":50.63739376770538,"score_道路建成區切割":27.47875354107649,"score_孤立比例":45.34938621340888,"score_距大型綠地":44.66477809254013,"綜合破碎化分數":42.0,"破碎化等級":"低","判定原因":"面積減少0.0%；斑塊增加0.0%；平均斑塊縮小0.2%；道路密度0.00 km/km²；孤立比例0.0%；距大型綠地0m","2021面積_ha":104.04,"2022面積_ha":104.04,"2023面積_ha":104.04}},{"type":"Feature","geometry":{"type":"Polygon","coordinates":[[[121.52286985431984,24.477439123321446],[121.52290716596599,24.48646775218835],[121.53277300748175,24.486433276343423],[121.53273499194633,24.47740466182323],[121.52286985431984,24.477439123321446]]]},"properties":{"grid_id":"G019_021","綠地類型":"森林","中心經度":121.527821,"中心緯度":24.481936,"分析面積_km2":1.04,"2020面積_ha":104.04,"2024面積_ha":104.04,"面積減少率_pct":0.0,"2020斑塊數":1,"2024斑塊數":1,"斑塊數增加率_pct":0.0,"2020平均斑塊面積_ha":172555.65,"2024平均斑塊面積_ha":172145.43,"平均斑塊面積下降率_pct":0.24,"道路切割密度_km_per_km2":0.0,"建成區邊界切割密度_km_per_km2":0.0,"孤立小斑塊比例_pct":0.0,"距大型連續綠地平均距離_m":0.0,"score_面積減少":36.827195467422094,"score_斑塊增加":46.81303116147309,"score_平均斑塊縮小":50.63739376770538,"score_道路建成區切割":27.47875354107649,"score_孤立比例":45.34938621340888,"score_距大型綠地":44.66477809254013,"綜合破碎化分數":42.0,"破碎化等級":"低","判定原因":"面積減少0.0%；斑塊增加0.0%；平均斑塊縮小0.2%；道路密度0.00 km/km²；孤立比例0.0%；距大型綠地0m","2021面積_ha":104.04,"2022面積_ha":104.04,"2023面積_ha":104.04}},{"type":"Feature","geometry":{"type":"Polygon","coordinates":[[[121.53273499194633,24.47740466182323],[121.53277300748175,24.486433276343423],[121.54263883041361,24.486398156177383],[121.54260011099474,24.477369556272023],[121.53273499194633,24.47740466182323]]]},"properties":{"grid_id":"G019_022","綠地類型":"森林","中心經度":121.537687,"中心緯度":24.481901,"分析面積_km2":1.04,"2020面積_ha":104.04,"2024面積_ha":104.04,"面積減少率_pct":0.0,"2020斑塊數":1,"2024斑塊數":1,"斑塊數增加率_pct":0.0,"2020平均斑塊面積_ha":172555.65,"2024平均斑塊面積_ha":172145.43,"平均斑塊面積下降率_pct":0.24,"道路切割密度_km_per_km2":0.26,"建成區邊界切割密度_km_per_km2":0.0,"孤立小斑塊比例_pct":0.0,"距大型連續綠地平均距離_m":0.0,"score_面積減少":36.827195467422094,"score_斑塊增加":46.81303116147309,"score_平均斑塊縮小":50.63739376770538,"score_道路建成區切割":37.5,"score_孤立比例":45.34938621340888,"score_距大型綠地":44.66477809254013,"綜合破碎化分數":43.6,"破碎化等級":"低","判定原因":"面積減少0.0%；斑塊增加0.0%；平均斑塊縮小0.2%；道路密度0.26 km/km²；孤立比例0.0%；距大型綠地0m","2021面積_ha":104.04,"2022面積_ha":104.04,"2023面積_ha":104.04}},{"type":"Feature","geometry":{"type":"Polygon","coordinates":[[[121.54260011099474,24.477369556272023],[121.54263883041361,24.486398156177383],[121.55250463441743,24.486362391695078],[121.55246521112107,24.477333806672668],[121.54260011099474,24.477369556272023]]]},"properties":{"grid_id":"G019_023","綠地類型":"森林","中心經度":121.547552,"中心緯度":24.481866,"分析面積_km2":1.04,"2020面積_ha":101.43,"2024面積_ha":103.23,"面積減少率_pct":0.0,"2020斑塊數":1,"2024斑塊數":1,"斑塊數增加率_pct":0.0,"2020平均斑塊面積_ha":172555.65,"2024平均斑塊面積_ha":172145.43,"平均斑塊面積下降率_pct":0.24,"道路切割密度_km_per_km2":0.0,"建成區邊界切割密度_km_per_km2":0.0,"孤立小斑塊比例_pct":0.0,"距大型連續綠地平均距離_m":0.0,"score_面積減少":36.827195467422094,"score_斑塊增加":46.81303116147309,"score_平均斑塊縮小":50.63739376770538,"score_道路建成區切割":27.47875354107649,"score_孤立比例":45.34938621340888,"score_距大型綠地":44.66477809254013,"綜合破碎化分數":42.0,"破碎化等級":"低","判定原因":"面積減少0.0%；斑塊增加0.0%；平均斑塊縮小0.2%；道路密度0.00 km/km²；孤立比例0.0%；距大型綠地0m","2021面積_ha":103.41,"2022面積_ha":103.5,"2023面積_ha":103.14}},{"type":"Feature","geometry":{"type":"Polygon","coordinates":[[[121.55246521112107,24.477333806672668],[121.55250463441743,24.486362391695078],[121.5623704191492,24.486325982901437],[121.56233029198138,24.47729741303009],[121.55246521112107,24.477333806672668]]]},"properties":{"grid_id":"G019_024","綠地類型":"森林","中心經度":121.557418,"中心緯度":24.48183,"分析面積_km2":1.04,"2020面積_ha":90.0,"2024面積_ha":90.45,"面積減少率_pct":0.0,"2020斑塊數":1,"2024斑塊數":1,"斑塊數增加率_pct":0.0,"2020平均斑塊面積_ha":172555.65,"2024平均斑塊面積_ha":172145.43,"平均斑塊面積下降率_pct":0.24,"道路切割密度_km_per_km2":0.0,"建成區邊界切割密度_km_per_km2":0.0,"孤立小斑塊比例_pct":0.0,"距大型連續綠地平均距離_m":0.0,"score_面積減少":36.827195467422094,"score_斑塊增加":46.81303116147309,"score_平均斑塊縮小":50.63739376770538,"score_道路建成區切割":27.47875354107649,"score_孤立比例":45.34938621340888,"score_距大型綠地":44.66477809254013,"綜合破碎化分數":42.0,"破碎化等級":"低","判定原因":"面積減少0.0%；斑塊增加0.0%；平均斑塊縮小0.2%；道路密度0.00 km/km²；孤立比例0.0%；距大型綠地0m","2021面積_ha":90.18,"2022面積_ha":90.36,"2023面積_ha":90.18}},{"type":"Feature","geometry":{"type":"Polygon","coordinates":[[[121.56233029198138,24.47729741303009],[121.5623704191492,24.486325982901437],[121.57223618426484,24.486288929801493],[121.57219535323172,24.477260375349317],[121.56233029198138,24.47729741303009]]]},"properties":{"grid_id":"G019_025","綠地類型":"森林","中心經度":121.567283,"中心緯度":24.481793,"分析面積_km2":1.04,"2020面積_ha":97.29,"2024面積_ha":99.72,"面積減少率_pct":0.0,"2020斑塊數":1,"2024斑塊數":1,"斑塊數增加率_pct":0.0,"2020平均斑塊面積_ha":172555.65,"2024平均斑塊面積_ha":172145.43,"平均斑塊面積下降率_pct":0.24,"道路切割密度_km_per_km2":0.0,"建成區邊界切割密度_km_per_km2":0.0,"孤立小斑塊比例_pct":0.0,"距大型連續綠地平均距離_m":0.0,"score_面積減少":36.827195467422094,"score_斑塊增加":46.81303116147309,"score_平均斑塊縮小":50.63739376770538,"score_道路建成區切割":27.47875354107649,"score_孤立比例":45.34938621340888,"score_距大型綠地":44.66477809254013,"綜合破碎化分數":42.0,"破碎化等級":"低","判定原因":"面積減少0.0%；斑塊增加0.0%；平均斑塊縮小0.2%；道路密度0.00 km/km²；孤立比例0.0%；距大型綠地0m","2021面積_ha":99.0,"2022面積_ha":99.09,"2023面積_ha":99.27}},{"type":"Feature","geometry":{"type":"Polygon","coordinates":[[[121.57219535323172,24.477260375349317],[121.57223618426484,24.486288929801493],[121.58210192942022,24.486251232400342],[121.58206039452809,24.47722269363545],[121.57219535323172,24.477260375349317]]]},"properties":{"grid_id":"G019_026","綠地類型":"森林","中心經度":121.577148,"中心緯度":24.481756,"分析面積_km2":1.04,"2020面積_ha":101.16,"2024面積_ha":104.04,"面積減少率_pct":0.0,"2020斑塊數":1,"2024斑塊數":1,"斑塊數增加率_pct":0.0,"2020平均斑塊面積_ha":172555.65,"2024平均斑塊面積_ha":172145.43,"平均斑塊面積下降率_pct":0.24,"道路切割密度_km_per_km2":0.0,"建成區邊界切割密度_km_per_km2":0.0,"孤立小斑塊比例_pct":0.0,"距大型連續綠地平均距離_m":0.0,"score_面積減少":36.827195467422094,"score_斑塊增加":46.81303116147309,"score_平均斑塊縮小":50.63739376770538,"score_道路建成區切割":27.47875354107649,"score_孤立比例":45.34938621340888,"score_距大型綠地":44.66477809254013,"綜合破碎化分數":42.0,"破碎化等級":"低","判定原因":"面積減少0.0%；斑塊增加0.0%；平均斑塊縮小0.2%；道路密度0.00 km/km²；孤立比例0.0%；距大型綠地0m","2021面積_ha":103.05,"2022面積_ha":104.04,"2023面積_ha":103.05}},{"type":"Feature","geometry":{"type":"Polygon","coordinates":[[[121.59192541552656,24.477184367893692],[121.59196765427139,24.486212890703193],[121.60183335847418,24.486173904715333],[121.60179041588322,24.477145398129327],[121.59192541552656,24.477184367893692]]]},"properties":{"grid_id":"G019_028","綠地類型":"森林","中心經度":121.596879,"中心緯度":24.481679,"分析面積_km2":1.04,"2020面積_ha":104.04,"2024面積_ha":104.04,"面積減少率_pct":0.0,"2020斑塊數":1,"2024斑塊數":1,"斑塊數增加率_pct":0.0,"2020平均斑塊面積_ha":172555.65,"2024平均斑塊面積_ha":172145.43,"平均斑塊面積下降率_pct":0.24,"道路切割密度_km_per_km2":0.0,"建成區邊界切割密度_km_per_km2":0.0,"孤立小斑塊比例_pct":0.0,"距大型連續綠地平均距離_m":0.0,"score_面積減少":36.827195467422094,"score_斑塊增加":46.81303116147309,"score_平均斑塊縮小":50.63739376770538,"score_道路建成區切割":27.47875354107649,"score_孤立比例":45.34938621340888,"score_距大型綠地":44.66477809254013,"綜合破碎化分數":42.0,"破碎化等級":"低","判定原因":"面積減少0.0%；斑塊增加0.0%；平均斑塊縮小0.2%；道路密度0.00 km/km²；孤立比例0.0%；距大型綠地0m","2021面積_ha":104.04,"2022面積_ha":104.04,"2023面積_ha":104.04}},{"type":"Feature","geometry":{"type":"Polygon","coordinates":[[[121.60179041588322,24.477145398129327],[121.60183335847418,24.486173904715333],[121.61169904168462,24.48613427444214],[121.61165539525406,24.477105784347724],[121.60179041588322,24.477145398129327]]]},"properties":{"grid_id":"G019_029","綠地類型":"森林","中心經度":121.606745,"中心緯度":24.48164,"分析面積_km2":1.04,"2020面積_ha":103.86,"2024面積_ha":104.04,"面積減少率_pct":0.0,"2020斑塊數":1,"2024斑塊數":1,"斑塊數增加率_pct":0.0,"2020平均斑塊面積_ha":172555.65,"2024平均斑塊面積_ha":172145.43,"平均斑塊面積下降率_pct":0.24,"道路切割密度_km_per_km2":0.0,"建成區邊界切割密度_km_per_km2":0.0,"孤立小斑塊比例_pct":0.0,"距大型連續綠地平均距離_m":0.0,"score_面積減少":36.827195467422094,"score_斑塊增加":46.81303116147309,"score_平均斑塊縮小":50.63739376770538,"score_道路建成區切割":27.47875354107649,"score_孤立比例":45.34938621340888,"score_距大型綠地":44.66477809254013,"綜合破碎化分數":42.0,"破碎化等級":"低","判定原因":"面積減少0.0%；斑塊增加0.0%；平均斑塊縮小0.2%；道路密度0.00 km/km²；孤立比例0.0%；距大型綠地0m","2021面積_ha":104.04,"2022面積_ha":104.04,"2023面積_ha":104.04}},{"type":"Feature","geometry":{"type":"Polygon","coordinates":[[[121.61165539525406,24.477105784347724],[121.61169904168462,24.48613427444214],[121.62156470355863,24.486093999889075],[121.6215203532952,24.477065526554355],[121.61165539525406,24.477105784347724]]]},"properties":{"grid_id":"G019_030","綠地類型":"森林","中心經度":121.61661,"中心緯度":24.4816,"分析面積_km2":1.04,"2020面積_ha":102.42,"2024面積_ha":103.59,"面積減少率_pct":0.0,"2020斑塊數":1,"2024斑塊數":1,"斑塊數增加率_pct":0.0,"2020平均斑塊面積_ha":172555.65,"2024平均斑塊面積_ha":172145.43,"平均斑塊面積下降率_pct":0.24,"道路切割密度_km_per_km2":0.0,"建成區邊界切割密度_km_per_km2":0.0,"孤立小斑塊比例_pct":0.0,"距大型連續綠地平均距離_m":0.0,"score_面積減少":36.827195467422094,"score_斑塊增加":46.81303116147309,"score_平均斑塊縮小":50.63739376770538,"score_道路建成區切割":27.47875354107649,"score_孤立比例":45.34938621340888,"score_距大型綠地":44.66477809254013,"綜合破碎化分數":42.0,"破碎化等級":"低","判定原因":"面積減少0.0%；斑塊增加0.0%；平均斑塊縮小0.2%；道路密度0.00 km/km²；孤立比例0.0%；距大型綠地0m","2021面積_ha":102.6,"2022面積_ha":103.23,"2023面積_ha":102.69}},{"type":"Feature","geometry":{"type":"Polygon","coordinates":[[[121.6215203532952,24.477065526554355],[121.62156470355863,24.486093999889075],[121.63143034375219,24.4860530810617],[121.63138528966267,24.477024624754772],[121.6215203532952,24.477065526554355]]]},"properties":{"grid_id":"G019_031","綠地類型":"森林","中心經度":121.626475,"中心緯度":24.481559,"分析面積_km2":1.04,"2020面積_ha":104.04,"2024面積_ha":104.04,"面積減少率_pct":0.0,"2020斑塊數":1,"2024斑塊數":1,"斑塊數增加率_pct":0.0,"2020平均斑塊面積_ha":172555.65,"2024平均斑塊面積_ha":172145.43,"平均斑塊面積下降率_pct":0.24,"道路切割密度_km_per_km2":0.0,"建成區邊界切割密度_km_per_km2":0.0,"孤立小斑塊比例_pct":0.0,"距大型連續綠地平均距離_m":0.0,"score_面積減少":36.827195467422094,"score_斑塊增加":46.81303116147309,"score_平均斑塊縮小":50.63739376770538,"score_道路建成區切割":27.47875354107649,"score_孤立比例":45.34938621340888,"score_距大型綠地":44.66477809254013,"綜合破碎化分數":42.0,"破碎化等級":"低","判定原因":"面積減少0.0%；斑塊增加0.0%；平均斑塊縮小0.2%；道路密度0.00 km/km²；孤立比例0.0%；距大型綠地0m","2021面積_ha":104.04,"2022面積_ha":104.04,"2023面積_ha":104.04}},{"type":"Feature","geometry":{"type":"Polygon","coordinates":[[[121.64125020401255,24.47698307895461],[121.64129596192123,24.48601151796566],[121.65116155772174,24.485969310606684],[121.65111509600092,24.476940889159597],[121.64125020401255,24.47698307895461]]]},"properties":{"grid_id":"G019_033","綠地類型":"森林","中心經度":121.646206,"中心緯度":24.481476,"分析面積_km2":1.04,"2020面積_ha":104.04,"2024面積_ha":104.04,"面積減少率_pct":0.0,"2020斑塊數":1,"2024斑塊數":1,"斑塊數增加率_pct":0.0,"2020平均斑塊面積_ha":172555.65,"2024平均斑塊面積_ha":172145.43,"平均斑塊面積下降率_pct":0.24,"道路切割密度_km_per_km2":0.288,"建成區邊界切割密度_km_per_km2":0.0,"孤立小斑塊比例_pct":0.0,"距大型連續綠地平均距離_m":0.0,"score_面積減少":36.827195467422094,"score_斑塊增加":46.81303116147309,"score_平均斑塊縮小":50.63739376770538,"score_道路建成區切割":37.66525023607177,"score_孤立比例":45.34938621340888,"score_距大型綠地":44.66477809254013,"綜合破碎化分數":43.7,"破碎化等級":"低","判定原因":"面積減少0.0%；斑塊增加0.0%；平均斑塊縮小0.2%；道路密度0.29 km/km²；孤立比例0.0%；距大型綠地0m","2021面積_ha":104.04,"2022面積_ha":104.04,"2023面積_ha":104.04}},{"type":"Feature","geometry":{"type":"Polygon","coordinates":[[[121.65111509600092,24.476940889159597],[121.65116155772174,24.485969310606684],[121.66102713080966,24.485926458990598],[121.66097996528383,24.47689805537556],[121.65111509600092,24.476940889159597]]]},"properties":{"grid_id":"G019_034","綠地類型":"森林","中心經度":121.656071,"中心緯度":24.481434,"分析面積_km2":1.04,"2020面積_ha":104.04,"2024面積_ha":104.04,"面積減少率_pct":0.0,"2020斑塊數":1,"2024斑塊數":1,"斑塊數增加率_pct":0.0,"2020平均斑塊面積_ha":172555.65,"2024平均斑塊面積_ha":172145.43,"平均斑塊面積下降率_pct":0.24,"道路切割密度_km_per_km2":0.0,"建成區邊界切割密度_km_per_km2":0.0,"孤立小斑塊比例_pct":0.0,"距大型連續綠地平均距離_m":0.0,"score_面積減少":36.827195467422094,"score_斑塊增加":46.81303116147309,"score_平均斑塊縮小":50.63739376770538,"score_道路建成區切割":27.47875354107649,"score_孤立比例":45.34938621340888,"score_距大型綠地":44.66477809254013,"綜合破碎化分數":42.0,"破碎化等級":"低","判定原因":"面積減少0.0%；斑塊增加0.0%；平均斑塊縮小0.2%；道路密度0.00 km/km²；孤立比例0.0%；距大型綠地0m","2021面積_ha":104.04,"2022面積_ha":104.04,"2023面積_ha":104.04}},{"type":"Feature","geometry":{"type":"Polygon","coordinates":[[[121.66097996528383,24.47689805537556],[121.66102713080966,24.485926458990598],[121.67089268084099,24.485882963123302],[121.6708448115174,24.47685457760841],[121.66097996528383,24.47689805537556]]]},"properties":{"grid_id":"G019_035","綠地類型":"森林","中心經度":121.665936,"中心緯度":24.481391,"分析面積_km2":1.04,"2020面積_ha":104.04,"2024面積_ha":104.04,"面積減少率_pct":0.0,"2020斑塊數":1,"2024斑塊數":1,"斑塊數增加率_pct":0.0,"2020平均斑塊面積_ha":172555.65,"2024平均斑塊面積_ha":172145.43,"平均斑塊面積下降率_pct":0.24,"道路切割密度_km_per_km2":0.0,"建成區邊界切割密度_km_per_km2":0.0,"孤立小斑塊比例_pct":0.0,"距大型連續綠地平均距離_m":0.0,"score_面積減少":36.827195467422094,"score_斑塊增加":46.81303116147309,"score_平均斑塊縮小":50.63739376770538,"score_道路建成區切割":27.47875354107649,"score_孤立比例":45.34938621340888,"score_距大型綠地":44.66477809254013,"綜合破碎化分數":42.0,"破碎化等級":"低","判定原因":"面積減少0.0%；斑塊增加0.0%；平均斑塊縮小0.2%；道路密度0.00 km/km²；孤立比例0.0%；距大型綠地0m","2021面積_ha":104.04,"2022面積_ha":104.04,"2023面積_ha":104.04}},{"type":"Feature","geometry":{"type":"Polygon","coordinates":[[[121.6708448115174,24.47685457760841],[121.67089268084099,24.485882963123302],[121.68075820747171,24.48583882301081],[121.68070963435768,24.47681045586413],[121.6708448115174,24.47685457760841]]]},"properties":{"grid_id":"G019_036","綠地類型":"森林","中心經度":121.675801,"中心緯度":24.481347,"分析面積_km2":1.04,"2020面積_ha":101.25,"2024面積_ha":101.61,"面積減少率_pct":0.0,"2020斑塊數":1,"2024斑塊數":1,"斑塊數增加率_pct":0.0,"2020平均斑塊面積_ha":172555.65,"2024平均斑塊面積_ha":172145.43,"平均斑塊面積下降率_pct":0.24,"道路切割密度_km_per_km2":0.0,"建成區邊界切割密度_km_per_km2":0.0,"孤立小斑塊比例_pct":0.0,"距大型連續綠地平均距離_m":0.0,"score_面積減少":36.827195467422094,"score_斑塊增加":46.81303116147309,"score_平均斑塊縮小":50.63739376770538,"score_道路建成區切割":27.47875354107649,"score_孤立比例":45.34938621340888,"score_距大型綠地":44.66477809254013,"綜合破碎化分數":42.0,"破碎化等級":"低","判定原因":"面積減少0.0%；斑塊增加0.0%；平均斑塊縮小0.2%；道路密度0.00 km/km²；孤立比例0.0%；距大型綠地0m","2021面積_ha":100.53,"2022面積_ha":99.81,"2023面積_ha":100.53}},{"type":"Feature","geometry":{"type":"Polygon","coordinates":[[[121.6905744334608,24.476765690148817],[121.69062371035781,24.4857940386592],[121.70048918915526,24.485748610074648],[121.70043920848283,24.476720280468637],[121.6905744334608,24.476765690148817]]]},"properties":{"grid_id":"G019_038","綠地類型":"森林","中心經度":121.695532,"中心緯度":24.481257,"分析面積_km2":1.04,"2020面積_ha":104.04,"2024面積_ha":104.04,"面積減少率_pct":0.0,"2020斑塊數":1,"2024斑塊數":1,"斑塊數增加率_pct":0.0,"2020平均斑塊面積_ha":172555.65,"2024平均斑塊面積_ha":172145.43,"平均斑塊面積下降率_pct":0.24,"道路切割密度_km_per_km2":0.0,"建成區邊界切割密度_km_per_km2":0.0,"孤立小斑塊比例_pct":0.0,"距大型連續綠地平均距離_m":0.0,"score_面積減少":36.827195467422094,"score_斑塊增加":46.81303116147309,"score_平均斑塊縮小":50.63739376770538,"score_道路建成區切割":27.47875354107649,"score_孤立比例":45.34938621340888,"score_距大型綠地":44.66477809254013,"綜合破碎化分數":42.0,"破碎化等級":"低","判定原因":"面積減少0.0%；斑塊增加0.0%；平均斑塊縮小0.2%；道路密度0.00 km/km²；孤立比例0.0%；距大型綠地0m","2021面積_ha":104.04,"2022面積_ha":104.04,"2023面積_ha":104.04}},{"type":"Feature","geometry":{"type":"Polygon","coordinates":[[[121.70043920848283,24.476720280468637],[121.70048918915526,24.485748610074648],[121.71035464352009,24.48570253726342],[121.7103039590799,24.476674226829857],[121.70043920848283,24.476720280468637]]]},"properties":{"grid_id":"G019_039","綠地類型":"森林","中心經度":121.705397,"中心緯度":24.481211,"分析面積_km2":1.04,"2020面積_ha":104.04,"2024面積_ha":104.04,"面積減少率_pct":0.0,"2020斑塊數":1,"2024斑塊數":1,"斑塊數增加率_pct":0.0,"2020平均斑塊面積_ha":172555.65,"2024平均斑塊面積_ha":172145.43,"平均斑塊面積下降率_pct":0.24,"道路切割密度_km_per_km2":0.0,"建成區邊界切割密度_km_per_km2":0.0,"孤立小斑塊比例_pct":0.0,"距大型連續綠地平均距離_m":0.0,"score_面積減少":36.827195467422094,"score_斑塊增加":46.81303116147309,"score_平均斑塊縮小":50.63739376770538,"score_道路建成區切割":27.47875354107649,"score_孤立比例":45.34938621340888,"score_距大型綠地":44.66477809254013,"綜合破碎化分數":42.0,"破碎化等級":"低","判定原因":"面積減少0.0%；斑塊增加0.0%；平均斑塊縮小0.2%；道路密度0.00 km/km²；孤立比例0.0%；距大型綠地0m","2021面積_ha":104.04,"2022面積_ha":104.04,"2023面積_ha":104.04}},{"type":"Feature","geometry":{"type":"Polygon","coordinates":[[[121.7103039590799,24.476674226829857],[121.71035464352009,24.48570253726342],[121.72022007310825,24.485655820231894],[121.72016868490809,24.476627529238822],[121.7103039590799,24.476674226829857]]]},"properties":{"grid_id":"G019_040","綠地類型":"森林","中心經度":121.715262,"中心緯度":24.481165,"分析面積_km2":1.04,"2020面積_ha":103.14,"2024面積_ha":104.04,"面積減少率_pct":0.0,"2020斑塊數":1,"2024斑塊數":1,"斑塊數增加率_pct":0.0,"2020平均斑塊面積_ha":172555.65,"2024平均斑塊面積_ha":172145.43,"平均斑塊面積下降率_pct":0.24,"道路切割密度_km_per_km2":0.0,"建成區邊界切割密度_km_per_km2":0.0,"孤立小斑塊比例_pct":0.0,"距大型連續綠地平均距離_m":0.0,"score_面積減少":36.827195467422094,"score_斑塊增加":46.81303116147309,"score_平均斑塊縮小":50.63739376770538,"score_道路建成區切割":27.47875354107649,"score_孤立比例":45.34938621340888,"score_距大型綠地":44.66477809254013,"綜合破碎化分數":42.0,"破碎化等級":"低","判定原因":"面積減少0.0%；斑塊增加0.0%；平均斑塊縮小0.2%；道路密度0.00 km/km²；孤立比例0.0%；距大型綠地0m","2021面積_ha":104.04,"2022面積_ha":104.04,"2023面積_ha":104.04}},{"type":"Feature","geometry":{"type":"Polygon","coordinates":[[[121.72016868490809,24.476627529238822],[121.72022007310825,24.485655820231894],[121.73008547757577,24.485608458986476],[121.73003338562351,24.47658018770198],[121.72016868490809,24.476627529238822]]]},"properties":{"grid_id":"G019_041","綠地類型":"森林","中心經度":121.725127,"中心緯度":24.481118,"分析面積_km2":1.04,"2020面積_ha":104.04,"2024面積_ha":104.04,"面積減少率_pct":0.0,"2020斑塊數":1,"2024斑塊數":1,"斑塊數增加率_pct":0.0,"2020平均斑塊面積_ha":172555.65,"2024平均斑塊面積_ha":172145.43,"平均斑塊面積下降率_pct":0.24,"道路切割密度_km_per_km2":0.0,"建成區邊界切割密度_km_per_km2":0.0,"孤立小斑塊比例_pct":0.0,"距大型連續綠地平均距離_m":0.0,"score_面積減少":36.827195467422094,"score_斑塊增加":46.81303116147309,"score_平均斑塊縮小":50.63739376770538,"score_道路建成區切割":27.47875354107649,"score_孤立比例":45.34938621340888,"score_距大型綠地":44.66477809254013,"綜合破碎化分數":42.0,"破碎化等級":"低","判定原因":"面積減少0.0%；斑塊增加0.0%；平均斑塊縮小0.2%；道路密度0.00 km/km²；孤立比例0.0%；距大型綠地0m","2021面積_ha":104.04,"2022面積_ha":104.04,"2023面積_ha":104.04}},{"type":"Feature","geometry":{"type":"Polygon","coordinates":[[[121.73003338562351,24.47658018770198],[121.73008547757577,24.485608458986476],[121.73995085657866,24.48556045353372],[121.73989806088233,24.47653220222586],[121.73003338562351,24.47658018770198]]]},"properties":{"grid_id":"G019_042","綠地類型":"森林","中心經度":121.734992,"中心緯度":24.48107,"分析面積_km2":1.04,"2020面積_ha":104.04,"2024面積_ha":104.04,"面積減少率_pct":0.0,"2020斑塊數":1,"2024斑塊數":1,"斑塊數增加率_pct":0.0,"2020平均斑塊面積_ha":172555.65,"2024平均斑塊面積_ha":172145.43,"平均斑塊面積下降率_pct":0.24,"道路切割密度_km_per_km2":0.0,"建成區邊界切割密度_km_per_km2":0.0,"孤立小斑塊比例_pct":0.0,"距大型連續綠地平均距離_m":0.0,"score_面積減少":36.827195467422094,"score_斑塊增加":46.81303116147309,"score_平均斑塊縮小":50.63739376770538,"score_道路建成區切割":27.47875354107649,"score_孤立比例":45.34938621340888,"score_距大型綠地":44.66477809254013,"綜合破碎化分數":42.0,"破碎化等級":"低","判定原因":"面積減少0.0%；斑塊增加0.0%；平均斑塊縮小0.2%；道路密度0.00 km/km²；孤立比例0.0%；距大型綠地0m","2021面積_ha":104.04,"2022面積_ha":104.04,"2023面積_ha":104.04}},{"type":"Feature","geometry":{"type":"Polygon","coordinates":[[[121.74976271034062,24.476483572817077],[121.74981620977292,24.485511803880247],[121.7596815368146,24.48546251003276],[121.75962733365449,24.476434299482335],[121.74976271034062,24.476483572817077]]]},"properties":{"grid_id":"G019_044","綠地類型":"森林","中心經度":121.754722,"中心緯度":24.480973,"分析面積_km2":1.04,"2020面積_ha":104.04,"2024面積_ha":104.04,"面積減少率_pct":0.0,"2020斑塊數":1,"2024斑塊數":1,"斑塊數增加率_pct":0.0,"2020平均斑塊面積_ha":172555.65,"2024平均斑塊面積_ha":172145.43,"平均斑塊面積下降率_pct":0.24,"道路切割密度_km_per_km2":0.49,"建成區邊界切割密度_km_per_km2":0.0,"孤立小斑塊比例_pct":0.0,"距大型連續綠地平均距離_m":0.0,"score_面積減少":36.827195467422094,"score_斑塊增加":46.81303116147309,"score_平均斑塊縮小":50.63739376770538,"score_道路建成區切割":38.85741265344665,"score_孤立比例":45.34938621340888,"score_距大型綠地":44.66477809254013,"綜合破碎化分數":43.9,"破碎化等級":"低","判定原因":"面積減少0.0%；斑塊增加0.0%；平均斑塊縮小0.2%；道路密度0.49 km/km²；孤立比例0.0%；距大型綠地0m","2021面積_ha":104.04,"2022面積_ha":104.04,"2023面積_ha":104.04}},{"type":"Feature","geometry":{"type":"Polygon","coordinates":[[[121.75962733365449,24.476434299482335],[121.7596815368146,24.48546251003276],[121.76954683735971,24.485412571998065],[121.76949193048016,24.476384382228435],[121.75962733365449,24.476434299482335]]]},"properties":{"grid_id":"G019_045","綠地類型":"森林","中心經度":121.764587,"中心緯度":24.480924,"分析面積_km2":1.04,"2020面積_ha":104.04,"2024面積_ha":104.04,"面積減少率_pct":0.0,"2020斑塊數":1,"2024斑塊數":1,"斑塊數增加率_pct":0.0,"2020平均斑塊面積_ha":172555.65,"2024平均斑塊面積_ha":172145.43,"平均斑塊面積下降率_pct":0.24,"道路切割密度_km_per_km2":0.0,"建成區邊界切割密度_km_per_km2":0.0,"孤立小斑塊比例_pct":0.0,"距大型連續綠地平均距離_m":0.0,"score_面積減少":36.827195467422094,"score_斑塊增加":46.81303116147309,"score_平均斑塊縮小":50.63739376770538,"score_道路建成區切割":27.47875354107649,"score_孤立比例":45.34938621340888,"score_距大型綠地":44.66477809254013,"綜合破碎化分數":42.0,"破碎化等級":"低","判定原因":"面積減少0.0%；斑塊增加0.0%；平均斑塊縮小0.2%；道路密度0.00 km/km²；孤立比例0.0%；距大型綠地0m","2021面積_ha":104.04,"2022面積_ha":104.04,"2023面積_ha":104.04}},{"type":"Feature","geometry":{"type":"Polygon","coordinates":[[[121.76949193048016,24.476384382228435],[121.76954683735971,24.485412571998065],[121.77941211106427,24.48536198978304],[121.77935650047367,24.47633382106226],[121.76949193048016,24.476384382228435]]]},"properties":{"grid_id":"G019_046","綠地類型":"森林","中心經度":121.774452,"中心緯度":24.480873,"分析面積_km2":1.04,"2020面積_ha":103.68,"2024面積_ha":103.77,"面積減少率_pct":0.0,"2020斑塊數":1,"2024斑塊數":1,"斑塊數增加率_pct":0.0,"2020平均斑塊面積_ha":172555.65,"2024平均斑塊面積_ha":172145.43,"平均斑塊面積下降率_pct":0.24,"道路切割密度_km_per_km2":0.202,"建成區邊界切割密度_km_per_km2":0.0,"孤立小斑塊比例_pct":0.0,"距大型連續綠地平均距離_m":0.0,"score_面積減少":36.827195467422094,"score_斑塊增加":46.81303116147309,"score_平均斑塊縮小":50.63739376770538,"score_道路建成區切割":37.08687440982059,"score_孤立比例":45.34938621340888,"score_距大型綠地":44.66477809254013,"綜合破碎化分數":43.6,"破碎化等級":"低","判定原因":"面積減少0.0%；斑塊增加0.0%；平均斑塊縮小0.2%；道路密度0.20 km/km²；孤立比例0.0%；距大型綠地0m","2021面積_ha":103.68,"2022面積_ha":103.77,"2023面積_ha":103.68}},{"type":"Feature","geometry":{"type":"Polygon","coordinates":[[[121.79908555858896,24.476230767021057],[121.79914257657593,24.485258892840022],[121.8090077676951,24.485206378126243],[121.80895004602303,24.47617827416024],[121.79908555858896,24.476230767021057]]]},"properties":{"grid_id":"G019_049","綠地類型":"森林","中心經度":121.804046,"中心緯度":24.480719,"分析面積_km2":1.04,"2020面積_ha":104.04,"2024面積_ha":104.04,"面積減少率_pct":0.0,"2020斑塊數":1,"2024斑塊數":1,"斑塊數增加率_pct":0.0,"2020平均斑塊面積_ha":172555.65,"2024平均斑塊面積_ha":172145.43,"平均斑塊面積下降率_pct":0.24,"道路切割密度_km_per_km2":0.519,"建成區邊界切割密度_km_per_km2":0.0,"孤立小斑塊比例_pct":0.0,"距大型連續綠地平均距離_m":0.0,"score_面積減少":36.827195467422094,"score_斑塊增加":46.81303116147309,"score_平均斑塊縮小":50.63739376770538,"score_道路建成區切割":38.99905571293674,"score_孤立比例":45.34938621340888,"score_距大型綠地":44.66477809254013,"綜合破碎化分數":43.9,"破碎化等級":"低","判定原因":"面積減少0.0%；斑塊增加0.0%；平均斑塊縮小0.2%；道路密度0.52 km/km²；孤立比例0.0%；距大型綠地0m","2021面積_ha":104.04,"2022面積_ha":104.04,"2023面積_ha":104.04}},{"type":"Feature","geometry":{"type":"Polygon","coordinates":[[[121.80895004602303,24.47617827416024],[121.8090077676951,24.485206378126243],[121.81887293059796,24.485153219260578],[121.8188145052496,24.476125137415575],[121.80895004602303,24.47617827416024]]]},"properties":{"grid_id":"G019_050","綠地類型":"森林","中心經度":121.813911,"中心緯度":24.480666,"分析面積_km2":1.04,"2020面積_ha":103.59,"2024面積_ha":103.59,"面積減少率_pct":0.0,"2020斑塊數":1,"2024斑塊數":1,"斑塊數增加率_pct":0.0,"2020平均斑塊面積_ha":172555.65,"2024平均斑塊面積_ha":172145.43,"平均斑塊面積下降率_pct":0.24,"道路切割密度_km_per_km2":0.433,"建成區邊界切割密度_km_per_km2":0.0,"孤立小斑塊比例_pct":0.0,"距大型連續綠地平均距離_m":0.0,"score_面積減少":36.827195467422094,"score_斑塊增加":46.81303116147309,"score_平均斑塊縮小":50.63739376770538,"score_道路建成區切割":38.57412653446648,"score_孤立比例":45.34938621340888,"score_距大型綠地":44.66477809254013,"綜合破碎化分數":43.8,"破碎化等級":"低","判定原因":"面積減少0.0%；斑塊增加0.0%；平均斑塊縮小0.2%；道路密度0.43 km/km²；孤立比例0.0%；距大型綠地0m","2021面積_ha":103.77,"2022面積_ha":104.04,"2023面積_ha":103.68}},{"type":"Feature","geometry":{"type":"Polygon","coordinates":[[[121.85829652069854,24.47951367852323],[121.85798780000002,24.479484700000004],[121.85739650000001,24.4795722],[121.8571164,24.479995199999994],[121.8570544,24.480132999999995],[121.8566361,24.480368500000004],[121.8563888,24.48062669999999],[121.85607789999999,24.4808565],[121.8557804,24.480976899999998],[121.855367,24.4809463],[121.854901,24.480952000000002],[121.85435670000001,24.480913599999997],[121.85396240000001,24.480806399999995],[121.85361200000001,24.48078359999999],[121.85292370000002,24.480780199999995],[121.85261410000001,24.480729999999998],[121.85235399999999,24.480583299999996],[121.85205219999999,24.4803795],[121.85142279999998,24.4802614],[121.8506681,24.4799452],[121.84955360000001,24.47995],[121.8490628,24.479725999999996],[121.84849830000002,24.4793964],[121.84843054527033,24.479367858263952],[121.84846824656891,24.48498987782603],[121.85062692695895,24.48497773681112],[121.85079620000002,24.484652],[121.85118009999998,24.484247099999997],[121.8518819,24.483920499999996],[121.85228830000001,24.483752],[121.8523307,24.483803400000003],[121.85435510000002,24.4835],[121.85541880000001,24.483412800000004],[121.85606370000002,24.4833208],[121.8568443,24.483440499999997],[121.85744000000001,24.483558399999996],[121.85789300000002,24.483688499999996],[121.85832530626685,24.483756965010425],[121.85829652069854,24.47951367852323]]]},"properties":{"grid_id":"G019_054","綠地類型":"森林","中心經度":121.853382,"中心緯度":24.482163,"分析面積_km2":0.415,"2020面積_ha":33.75,"2024面積_ha":33.93,"面積減少率_pct":0.0,"2020斑塊數":1,"2024斑塊數":1,"斑塊數增加率_pct":0.0,"2020平均斑塊面積_ha":172555.65,"2024平均斑塊面積_ha":172145.43,"平均斑塊面積下降率_pct":0.24,"道路切割密度_km_per_km2":0.0,"建成區邊界切割密度_km_per_km2":0.0,"孤立小斑塊比例_pct":0.0,"距大型連續綠地平均距離_m":0.0,"score_面積減少":36.827195467422094,"score_斑塊增加":46.81303116147309,"score_平均斑塊縮小":50.63739376770538,"score_道路建成區切割":27.47875354107649,"score_孤立比例":45.34938621340888,"score_距大型綠地":44.66477809254013,"綜合破碎化分數":42.0,"破碎化等級":"低","判定原因":"面積減少0.0%；斑塊增加0.0%；平均斑塊縮小0.2%；道路密度0.00 km/km²；孤立比例0.0%；距大型綠地0m","2021面積_ha":33.84,"2022面積_ha":33.84,"2023面積_ha":33.66}},{"type":"Feature","geometry":{"type":"Polygon","coordinates":[[[121.37491754714098,24.486907568306737],[121.37494431289957,24.49593636938049],[121.38481109619066,24.495911548547028],[121.38478362612409,24.486882757799368],[121.37491754714098,24.486907568306737]]]},"properties":{"grid_id":"G020_006","綠地類型":"森林","中心經度":121.379864,"中心緯度":24.49141,"分析面積_km2":1.04,"2020面積_ha":104.04,"2024面積_ha":104.04,"面積減少率_pct":0.0,"2020斑塊數":1,"2024斑塊數":1,"斑塊數增加率_pct":0.0,"2020平均斑塊面積_ha":172555.65,"2024平均斑塊面積_ha":172145.43,"平均斑塊面積下降率_pct":0.24,"道路切割密度_km_per_km2":0.375,"建成區邊界切割密度_km_per_km2":0.0,"孤立小斑塊比例_pct":0.0,"距大型連續綠地平均距離_m":0.0,"score_面積減少":36.827195467422094,"score_斑塊增加":46.81303116147309,"score_平均斑塊縮小":50.63739376770538,"score_道路建成區切割":38.26723323890462,"score_孤立比例":45.34938621340888,"score_距大型綠地":44.66477809254013,"綜合破碎化分數":43.8,"破碎化等級":"低","判定原因":"面積減少0.0%；斑塊增加0.0%；平均斑塊縮小0.2%；道路密度0.38 km/km²；孤立比例0.0%；距大型綠地0m","2021面積_ha":103.77,"2022面積_ha":104.04,"2023面積_ha":103.86}},{"type":"Feature","geometry":{"type":"Polygon","coordinates":[[[121.38478362612409,24.486882757799368],[121.38481109619066,24.495911548547028],[121.39467786605515,24.495886083062253],[121.39464969168483,24.486857302908888],[121.38478362612409,24.486882757799368]]]},"properties":{"grid_id":"G020_007","綠地類型":"森林","中心經度":121.389731,"中心緯度":24.491385,"分析面積_km2":1.04,"2020面積_ha":104.04,"2024面積_ha":104.04,"面積減少率_pct":0.0,"2020斑塊數":1,"2024斑塊數":1,"斑塊數增加率_pct":0.0,"2020平均斑塊面積_ha":172555.65,"2024平均斑塊面積_ha":172145.43,"平均斑塊面積下降率_pct":0.24,"道路切割密度_km_per_km2":0.0,"建成區邊界切割密度_km_per_km2":0.0,"孤立小斑塊比例_pct":0.0,"距大型連續綠地平均距離_m":0.0,"score_面積減少":36.827195467422094,"score_斑塊增加":46.81303116147309,"score_平均斑塊縮小":50.63739376770538,"score_道路建成區切割":27.47875354107649,"score_孤立比例":45.34938621340888,"score_距大型綠地":44.66477809254013,"綜合破碎化分數":42.0,"破碎化等級":"低","判定原因":"面積減少0.0%；斑塊增加0.0%；平均斑塊縮小0.2%；道路密度0.00 km/km²；孤立比例0.0%；距大型綠地0m","2021面積_ha":104.04,"2022面積_ha":104.04,"2023面積_ha":103.95}},{"type":"Feature","geometry":{"type":"Polygon","coordinates":[[[121.39464969168483,24.486857302908888],[121.39467786605515,24.495886083062253],[121.40454462214882,24.4958599729297],[121.40451574347911,24.486831203638808],[121.39464969168483,24.486857302908888]]]},"properties":{"grid_id":"G020_008","綠地類型":"森林","中心經度":121.399597,"中心緯度":24.491359,"分析面積_km2":1.04,"2020面積_ha":104.04,"2024面積_ha":104.04,"面積減少率_pct":0.0,"2020斑塊數":1,"2024斑塊數":1,"斑塊數增加率_pct":0.0,"2020平均斑塊面積_ha":172555.65,"2024平均斑塊面積_ha":172145.43,"平均斑塊面積下降率_pct":0.24,"道路切割密度_km_per_km2":0.0,"建成區邊界切割密度_km_per_km2":0.0,"孤立小斑塊比例_pct":0.0,"距大型連續綠地平均距離_m":0.0,"score_面積減少":36.827195467422094,"score_斑塊增加":46.81303116147309,"score_平均斑塊縮小":50.63739376770538,"score_道路建成區切割":27.47875354107649,"score_孤立比例":45.34938621340888,"score_距大型綠地":44.66477809254013,"綜合破碎化分數":42.0,"破碎化等級":"低","判定原因":"面積減少0.0%；斑塊增加0.0%；平均斑塊縮小0.2%；道路密度0.00 km/km²；孤立比例0.0%；距大型綠地0m","2021面積_ha":103.95,"2022面積_ha":104.04,"2023面積_ha":104.04}},{"type":"Feature","geometry":{"type":"Polygon","coordinates":[[[121.40451574347911,24.486831203638808],[121.40454462214882,24.4958599729297],[121.41441136412742,24.49583321815296],[121.41438178116276,24.486804459992715],[121.40451574347911,24.486831203638808]]]},"properties":{"grid_id":"G020_009","綠地類型":"森林","中心經度":121.409463,"中心緯度":24.491332,"分析面積_km2":1.04,"2020面積_ha":104.04,"2024面積_ha":104.04,"面積減少率_pct":0.0,"2020斑塊數":1,"2024斑塊數":1,"斑塊數增加率_pct":0.0,"2020平均斑塊面積_ha":172555.65,"2024平均斑塊面積_ha":172145.43,"平均斑塊面積下降率_pct":0.24,"道路切割密度_km_per_km2":0.0,"建成區邊界切割密度_km_per_km2":0.0,"孤立小斑塊比例_pct":0.0,"距大型連續綠地平均距離_m":0.0,"score_面積減少":36.827195467422094,"score_斑塊增加":46.81303116147309,"score_平均斑塊縮小":50.63739376770538,"score_道路建成區切割":27.47875354107649,"score_孤立比例":45.34938621340888,"score_距大型綠地":44.66477809254013,"綜合破碎化分數":42.0,"破碎化等級":"低","判定原因":"面積減少0.0%；斑塊增加0.0%；平均斑塊縮小0.2%；道路密度0.00 km/km²；孤立比例0.0%；距大型綠地0m","2021面積_ha":104.04,"2022面積_ha":104.04,"2023面積_ha":104.04}},{"type":"Feature","geometry":{"type":"Polygon","coordinates":[[[121.49330953335593,24.486567313749365],[121.4933447505079,24.495595973209955],[121.50321134996119,24.49556341681231],[121.50317542855899,24.486534770895947],[121.49330953335593,24.486567313749365]]]},"properties":{"grid_id":"G020_018","綠地類型":"森林","中心經度":121.49826,"中心緯度":24.491065,"分析面積_km2":1.04,"2020面積_ha":104.04,"2024面積_ha":104.04,"面積減少率_pct":0.0,"2020斑塊數":1,"2024斑塊數":1,"斑塊數增加率_pct":0.0,"2020平均斑塊面積_ha":172555.65,"2024平均斑塊面積_ha":172145.43,"平均斑塊面積下降率_pct":0.24,"道路切割密度_km_per_km2":0.087,"建成區邊界切割密度_km_per_km2":0.0,"孤立小斑塊比例_pct":0.0,"距大型連續綠地平均距離_m":0.0,"score_面積減少":36.827195467422094,"score_斑塊增加":46.81303116147309,"score_平均斑塊縮小":50.63739376770538,"score_道路建成區切割":36.36685552407933,"score_孤立比例":45.34938621340888,"score_距大型綠地":44.66477809254013,"綜合破碎化分數":43.4,"破碎化等級":"低","判定原因":"面積減少0.0%；斑塊增加0.0%；平均斑塊縮小0.2%；道路密度0.09 km/km²；孤立比例0.0%；距大型綠地0m","2021面積_ha":104.04,"2022面積_ha":104.04,"2023面積_ha":104.04}},{"type":"Feature","geometry":{"type":"Polygon","coordinates":[[[121.50317542855899,24.486534770895947],[121.50321134996119,24.49556341681231],[121.51307793185728,24.495530215811396],[121.51304130621035,24.486501583707415],[121.50317542855899,24.486534770895947]]]},"properties":{"grid_id":"G020_019","綠地類型":"森林","中心經度":121.508127,"中心緯度":24.491033,"分析面積_km2":1.04,"2020面積_ha":104.04,"2024面積_ha":104.04,"面積減少率_pct":0.0,"2020斑塊數":1,"2024斑塊數":1,"斑塊數增加率_pct":0.0,"2020平均斑塊面積_ha":172555.65,"2024平均斑塊面積_ha":172145.43,"平均斑塊面積下降率_pct":0.24,"道路切割密度_km_per_km2":0.0,"建成區邊界切割密度_km_per_km2":0.0,"孤立小斑塊比例_pct":0.0,"距大型連續綠地平均距離_m":0.0,"score_面積減少":36.827195467422094,"score_斑塊增加":46.81303116147309,"score_平均斑塊縮小":50.63739376770538,"score_道路建成區切割":27.47875354107649,"score_孤立比例":45.34938621340888,"score_距大型綠地":44.66477809254013,"綜合破碎化分數":42.0,"破碎化等級":"低","判定原因":"面積減少0.0%；斑塊增加0.0%；平均斑塊縮小0.2%；道路密度0.00 km/km²；孤立比例0.0%；距大型綠地0m","2021面積_ha":104.04,"2022面積_ha":104.04,"2023面積_ha":104.04}},{"type":"Feature","geometry":{"type":"Polygon","coordinates":[[[121.51304130621035,24.486501583707415],[121.51307793185728,24.495530215811396],[121.52294449585197,24.49549637021179],[121.52290716596599,24.48646775218835],[121.51304130621035,24.486501583707415]]]},"properties":{"grid_id":"G020_020","綠地類型":"森林","中心經度":121.517993,"中心緯度":24.490999,"分析面積_km2":1.04,"2020面積_ha":104.04,"2024面積_ha":104.04,"面積減少率_pct":0.0,"2020斑塊數":1,"2024斑塊數":1,"斑塊數增加率_pct":0.0,"2020平均斑塊面積_ha":172555.65,"2024平均斑塊面積_ha":172145.43,"平均斑塊面積下降率_pct":0.24,"道路切割密度_km_per_km2":0.577,"建成區邊界切割密度_km_per_km2":0.0,"孤立小斑塊比例_pct":0.0,"距大型連續綠地平均距離_m":0.0,"score_面積減少":36.827195467422094,"score_斑塊增加":46.81303116147309,"score_平均斑塊縮小":50.63739376770538,"score_道路建成區切割":39.388574126534465,"score_孤立比例":45.34938621340888,"score_距大型綠地":44.66477809254013,"綜合破碎化分數":43.9,"破碎化等級":"低","判定原因":"面積減少0.0%；斑塊增加0.0%；平均斑塊縮小0.2%；道路密度0.58 km/km²；孤立比例0.0%；距大型綠地0m","2021面積_ha":104.04,"2022面積_ha":104.04,"2023面積_ha":104.04}},{"type":"Feature","geometry":{"type":"Polygon","coordinates":[[[121.55250463441743,24.486362391695078],[121.5525440769859,24.495390965867937],[121.56241056593318,24.49535454192113],[121.5623704191492,24.486325982901437],[121.55250463441743,24.486362391695078]]]},"properties":{"grid_id":"G020_024","綠地類型":"森林","中心經度":121.557457,"中心緯度":24.490859,"分析面積_km2":1.04,"2020面積_ha":103.68,"2024面積_ha":104.04,"面積減少率_pct":0.0,"2020斑塊數":1,"2024斑塊數":1,"斑塊數增加率_pct":0.0,"2020平均斑塊面積_ha":172555.65,"2024平均斑塊面積_ha":172145.43,"平均斑塊面積下降率_pct":0.24,"道路切割密度_km_per_km2":0.0,"建成區邊界切割密度_km_per_km2":0.0,"孤立小斑塊比例_pct":0.0,"距大型連續綠地平均距離_m":0.0,"score_面積減少":36.827195467422094,"score_斑塊增加":46.81303116147309,"score_平均斑塊縮小":50.63739376770538,"score_道路建成區切割":27.47875354107649,"score_孤立比例":45.34938621340888,"score_距大型綠地":44.66477809254013,"綜合破碎化分數":42.0,"破碎化等級":"低","判定原因":"面積減少0.0%；斑塊增加0.0%；平均斑塊縮小0.2%；道路密度0.00 km/km²；孤立比例0.0%；距大型綠地0m","2021面積_ha":104.04,"2022面積_ha":103.68,"2023面積_ha":103.59}},{"type":"Feature","geometry":{"type":"Polygon","coordinates":[[[121.5623704191492,24.486325982901437],[121.56241056593318,24.49535454192113],[121.57227703525814,24.495317473399876],[121.57223618426484,24.486288929801493],[121.5623704191492,24.486325982901437]]]},"properties":{"grid_id":"G020_025","綠地類型":"森林","中心經度":121.567324,"中心緯度":24.490822,"分析面積_km2":1.04,"2020面積_ha":102.42,"2024面積_ha":104.04,"面積減少率_pct":0.0,"2020斑塊數":1,"2024斑塊數":1,"斑塊數增加率_pct":0.0,"2020平均斑塊面積_ha":172555.65,"2024平均斑塊面積_ha":172145.43,"平均斑塊面積下降率_pct":0.24,"道路切割密度_km_per_km2":0.0,"建成區邊界切割密度_km_per_km2":0.0,"孤立小斑塊比例_pct":0.0,"距大型連續綠地平均距離_m":0.0,"score_面積減少":36.827195467422094,"score_斑塊增加":46.81303116147309,"score_平均斑塊縮小":50.63739376770538,"score_道路建成區切割":27.47875354107649,"score_孤立比例":45.34938621340888,"score_距大型綠地":44.66477809254013,"綜合破碎化分數":42.0,"破碎化等級":"低","判定原因":"面積減少0.0%；斑塊增加0.0%；平均斑塊縮小0.2%；道路密度0.00 km/km²；孤立比例0.0%；距大型綠地0m","2021面積_ha":103.05,"2022面積_ha":103.77,"2023面積_ha":103.14}},{"type":"Feature","geometry":{"type":"Polygon","coordinates":[[[121.57223618426484,24.486288929801493],[121.57227703525814,24.495317473399876],[121.58214348461664,24.495279760309266],[121.58210192942022,24.486251232400342],[121.57223618426484,24.486288929801493]]]},"properties":{"grid_id":"G020_026","綠地類型":"森林","中心經度":121.57719,"中心緯度":24.490784,"分析面積_km2":1.04,"2020面積_ha":99.0,"2024面積_ha":100.98,"面積減少率_pct":0.0,"2020斑塊數":1,"2024斑塊數":1,"斑塊數增加率_pct":0.0,"2020平均斑塊面積_ha":172555.65,"2024平均斑塊面積_ha":172145.43,"平均斑塊面積下降率_pct":0.24,"道路切割密度_km_per_km2":0.0,"建成區邊界切割密度_km_per_km2":0.0,"孤立小斑塊比例_pct":0.0,"距大型連續綠地平均距離_m":0.0,"score_面積減少":36.827195467422094,"score_斑塊增加":46.81303116147309,"score_平均斑塊縮小":50.63739376770538,"score_道路建成區切割":27.47875354107649,"score_孤立比例":45.34938621340888,"score_距大型綠地":44.66477809254013,"綜合破碎化分數":42.0,"破碎化等級":"低","判定原因":"面積減少0.0%；斑塊增加0.0%；平均斑塊縮小0.2%；道路密度0.00 km/km²；孤立比例0.0%；距大型綠地0m","2021面積_ha":100.08,"2022面積_ha":100.89,"2023面積_ha":99.72}},{"type":"Feature","geometry":{"type":"Polygon","coordinates":[[[121.59196765427139,24.486212890703193],[121.59200991366448,24.495241402654514],[121.60187632205754,24.495202400440913],[121.60183335847418,24.486173904715333],[121.59196765427139,24.486212890703193]]]},"properties":{"grid_id":"G020_028","綠地類型":"森林","中心經度":121.596922,"中心緯度":24.490708,"分析面積_km2":1.04,"2020面積_ha":103.59,"2024面積_ha":104.04,"面積減少率_pct":0.0,"2020斑塊數":1,"2024斑塊數":1,"斑塊數增加率_pct":0.0,"2020平均斑塊面積_ha":172555.65,"2024平均斑塊面積_ha":172145.43,"平均斑塊面積下降率_pct":0.24,"道路切割密度_km_per_km2":0.0,"建成區邊界切割密度_km_per_km2":0.0,"孤立小斑塊比例_pct":0.0,"距大型連續綠地平均距離_m":0.0,"score_面積減少":36.827195467422094,"score_斑塊增加":46.81303116147309,"score_平均斑塊縮小":50.63739376770538,"score_道路建成區切割":27.47875354107649,"score_孤立比例":45.34938621340888,"score_距大型綠地":44.66477809254013,"綜合破碎化分數":42.0,"破碎化等級":"低","判定原因":"面積減少0.0%；斑塊增加0.0%；平均斑塊縮小0.2%；道路密度0.00 km/km²；孤立比例0.0%；距大型綠地0m","2021面積_ha":104.04,"2022面積_ha":103.86,"2023面積_ha":103.95}},{"type":"Feature","geometry":{"type":"Polygon","coordinates":[[[121.60183335847418,24.486173904715333],[121.60187632205754,24.495202400440913],[121.61174270945159,24.495162753673835],[121.61169904168462,24.48613427444214],[121.60183335847418,24.486173904715333]]]},"properties":{"grid_id":"G020_029","綠地類型":"森林","中心經度":121.606788,"中心緯度":24.490668,"分析面積_km2":1.04,"2020面積_ha":100.8,"2024面積_ha":102.51,"面積減少率_pct":0.0,"2020斑塊數":1,"2024斑塊數":1,"斑塊數增加率_pct":0.0,"2020平均斑塊面積_ha":172555.65,"2024平均斑塊面積_ha":172145.43,"平均斑塊面積下降率_pct":0.24,"道路切割密度_km_per_km2":0.0,"建成區邊界切割密度_km_per_km2":0.0,"孤立小斑塊比例_pct":0.0,"距大型連續綠地平均距離_m":0.0,"score_面積減少":36.827195467422094,"score_斑塊增加":46.81303116147309,"score_平均斑塊縮小":50.63739376770538,"score_道路建成區切割":27.47875354107649,"score_孤立比例":45.34938621340888,"score_距大型綠地":44.66477809254013,"綜合破碎化分數":42.0,"破碎化等級":"低","判定原因":"面積減少0.0%；斑塊增加0.0%；平均斑塊縮小0.2%；道路密度0.00 km/km²；孤立比例0.0%；距大型綠地0m","2021面積_ha":101.34,"2022面積_ha":101.88,"2023面積_ha":101.43}},{"type":"Feature","geometry":{"type":"Polygon","coordinates":[[[121.61169904168462,24.48613427444214],[121.61174270945159,24.495162753673835],[121.62160907550255,24.495122462358758],[121.62156470355863,24.486093999889075],[121.61169904168462,24.48613427444214]]]},"properties":{"grid_id":"G020_030","綠地類型":"森林","中心經度":121.616654,"中心緯度":24.490628,"分析面積_km2":1.04,"2020面積_ha":104.04,"2024面積_ha":104.04,"面積減少率_pct":0.0,"2020斑塊數":1,"2024斑塊數":1,"斑塊數增加率_pct":0.0,"2020平均斑塊面積_ha":172555.65,"2024平均斑塊面積_ha":172145.43,"平均斑塊面積下降率_pct":0.24,"道路切割密度_km_per_km2":0.0,"建成區邊界切割密度_km_per_km2":0.0,"孤立小斑塊比例_pct":0.0,"距大型連續綠地平均距離_m":0.0,"score_面積減少":36.827195467422094,"score_斑塊增加":46.81303116147309,"score_平均斑塊縮小":50.63739376770538,"score_道路建成區切割":27.47875354107649,"score_孤立比例":45.34938621340888,"score_距大型綠地":44.66477809254013,"綜合破碎化分數":42.0,"破碎化等級":"低","判定原因":"面積減少0.0%；斑塊增加0.0%；平均斑塊縮小0.2%；道路密度0.00 km/km²；孤立比例0.0%；距大型綠地0m","2021面積_ha":104.04,"2022面積_ha":104.04,"2023面積_ha":104.04}},{"type":"Feature","geometry":{"type":"Polygon","coordinates":[[[121.62156470355863,24.486093999889075],[121.62160907550255,24.495122462358758],[121.63147541986622,24.495081526501245],[121.63143034375219,24.4860530810617],[121.62156470355863,24.486093999889075]]]},"properties":{"grid_id":"G020_031","綠地類型":"森林","中心經度":121.62652,"中心緯度":24.490588,"分析面積_km2":1.04,"2020面積_ha":104.04,"2024面積_ha":104.04,"面積減少率_pct":0.0,"2020斑塊數":1,"2024斑塊數":1,"斑塊數增加率_pct":0.0,"2020平均斑塊面積_ha":172555.65,"2024平均斑塊面積_ha":172145.43,"平均斑塊面積下降率_pct":0.24,"道路切割密度_km_per_km2":0.0,"建成區邊界切割密度_km_per_km2":0.0,"孤立小斑塊比例_pct":0.0,"距大型連續綠地平均距離_m":0.0,"score_面積減少":36.827195467422094,"score_斑塊增加":46.81303116147309,"score_平均斑塊縮小":50.63739376770538,"score_道路建成區切割":27.47875354107649,"score_孤立比例":45.34938621340888,"score_距大型綠地":44.66477809254013,"綜合破碎化分數":42.0,"破碎化等級":"低","判定原因":"面積減少0.0%；斑塊增加0.0%；平均斑塊縮小0.2%；道路密度0.00 km/km²；孤立比例0.0%；距大型綠地0m","2021面積_ha":104.04,"2022面積_ha":104.04,"2023面積_ha":104.04}},{"type":"Feature","geometry":{"type":"Polygon","coordinates":[[[121.64129596192123,24.48601151796566],[121.64134174219843,24.49503994610692],[121.65120804215513,24.49499772118154],[121.65116155772174,24.485969310606684],[121.64129596192123,24.48601151796566]]]},"properties":{"grid_id":"G020_033","綠地類型":"森林","中心經度":121.646252,"中心緯度":24.490505,"分析面積_km2":1.04,"2020面積_ha":103.95,"2024面積_ha":104.04,"面積減少率_pct":0.0,"2020斑塊數":1,"2024斑塊數":1,"斑塊數增加率_pct":0.0,"2020平均斑塊面積_ha":172555.65,"2024平均斑塊面積_ha":172145.43,"平均斑塊面積下降率_pct":0.24,"道路切割密度_km_per_km2":0.0,"建成區邊界切割密度_km_per_km2":0.0,"孤立小斑塊比例_pct":0.0,"距大型連續綠地平均距離_m":0.0,"score_面積減少":36.827195467422094,"score_斑塊增加":46.81303116147309,"score_平均斑塊縮小":50.63739376770538,"score_道路建成區切割":27.47875354107649,"score_孤立比例":45.34938621340888,"score_距大型綠地":44.66477809254013,"綜合破碎化分數":42.0,"破碎化等級":"低","判定原因":"面積減少0.0%；斑塊增加0.0%；平均斑塊縮小0.2%；道路密度0.00 km/km²；孤立比例0.0%；距大型綠地0m","2021面積_ha":103.86,"2022面積_ha":104.04,"2023面積_ha":104.04}},{"type":"Feature","geometry":{"type":"Polygon","coordinates":[[[121.65116155772174,24.485969310606684],[121.65120804215513,24.49499772118154],[121.6610743193921,24.494954851730924],[121.66102713080966,24.485926458990598],[121.65116155772174,24.485969310606684]]]},"properties":{"grid_id":"G020_034","綠地類型":"森林","中心經度":121.656118,"中心緯度":24.490462,"分析面積_km2":1.04,"2020面積_ha":104.04,"2024面積_ha":104.04,"面積減少率_pct":0.0,"2020斑塊數":1,"2024斑塊數":1,"斑塊數增加率_pct":0.0,"2020平均斑塊面積_ha":172555.65,"2024平均斑塊面積_ha":172145.43,"平均斑塊面積下降率_pct":0.24,"道路切割密度_km_per_km2":0.0,"建成區邊界切割密度_km_per_km2":0.0,"孤立小斑塊比例_pct":0.0,"距大型連續綠地平均距離_m":0.0,"score_面積減少":36.827195467422094,"score_斑塊增加":46.81303116147309,"score_平均斑塊縮小":50.63739376770538,"score_道路建成區切割":27.47875354107649,"score_孤立比例":45.34938621340888,"score_距大型綠地":44.66477809254013,"綜合破碎化分數":42.0,"破碎化等級":"低","判定原因":"面積減少0.0%；斑塊增加0.0%；平均斑塊縮小0.2%；道路密度0.00 km/km²；孤立比例0.0%；距大型綠地0m","2021面積_ha":104.04,"2022面積_ha":104.04,"2023面積_ha":104.04}},{"type":"Feature","geometry":{"type":"Polygon","coordinates":[[[121.66102713080966,24.485926458990598],[121.6610743193921,24.494954851730924],[121.67094057356522,24.49491133776099],[121.67089268084099,24.485882963123302],[121.66102713080966,24.485926458990598]]]},"properties":{"grid_id":"G020_035","綠地類型":"森林","中心經度":121.665984,"中心緯度":24.490419,"分析面積_km2":1.04,"2020面積_ha":104.04,"2024面積_ha":104.04,"面積減少率_pct":0.0,"2020斑塊數":1,"2024斑塊數":1,"斑塊數增加率_pct":0.0,"2020平均斑塊面積_ha":172555.65,"2024平均斑塊面積_ha":172145.43,"平均斑塊面積下降率_pct":0.24,"道路切割密度_km_per_km2":0.0,"建成區邊界切割密度_km_per_km2":0.0,"孤立小斑塊比例_pct":0.0,"距大型連續綠地平均距離_m":0.0,"score_面積減少":36.827195467422094,"score_斑塊增加":46.81303116147309,"score_平均斑塊縮小":50.63739376770538,"score_道路建成區切割":27.47875354107649,"score_孤立比例":45.34938621340888,"score_距大型綠地":44.66477809254013,"綜合破碎化分數":42.0,"破碎化等級":"低","判定原因":"面積減少0.0%；斑塊增加0.0%；平均斑塊縮小0.2%；道路密度0.00 km/km²；孤立比例0.0%；距大型綠地0m","2021面積_ha":104.04,"2022面積_ha":104.04,"2023面積_ha":103.32}},{"type":"Feature","geometry":{"type":"Polygon","coordinates":[[[121.67089268084099,24.485882963123302],[121.67094057356522,24.49491133776099],[121.68080680433039,24.49486717927773],[121.68075820747171,24.48583882301081],[121.67089268084099,24.485882963123302]]]},"properties":{"grid_id":"G020_036","綠地類型":"森林","中心經度":121.67585,"中心緯度":24.490375,"分析面積_km2":1.04,"2020面積_ha":103.95,"2024面積_ha":104.04,"面積減少率_pct":0.0,"2020斑塊數":1,"2024斑塊數":1,"斑塊數增加率_pct":0.0,"2020平均斑塊面積_ha":172555.65,"2024平均斑塊面積_ha":172145.43,"平均斑塊面積下降率_pct":0.24,"道路切割密度_km_per_km2":0.0,"建成區邊界切割密度_km_per_km2":0.0,"孤立小斑塊比例_pct":0.0,"距大型連續綠地平均距離_m":0.0,"score_面積減少":36.827195467422094,"score_斑塊增加":46.81303116147309,"score_平均斑塊縮小":50.63739376770538,"score_道路建成區切割":27.47875354107649,"score_孤立比例":45.34938621340888,"score_距大型綠地":44.66477809254013,"綜合破碎化分數":42.0,"破碎化等級":"低","判定原因":"面積減少0.0%；斑塊增加0.0%；平均斑塊縮小0.2%；道路密度0.00 km/km²；孤立比例0.0%；距大型綠地0m","2021面積_ha":104.04,"2022面積_ha":104.04,"2023面積_ha":103.95}},{"type":"Feature","geometry":{"type":"Polygon","coordinates":[[[121.68075820747171,24.48583882301081],[121.68080680433039,24.49486717927773],[121.69067301134346,24.494822376287242],[121.69062371035781,24.4857940386592],[121.68075820747171,24.48583882301081]]]},"properties":{"grid_id":"G020_037","綠地類型":"森林","中心經度":121.685715,"中心緯度":24.490331,"分析面積_km2":1.04,"2020面積_ha":104.04,"2024面積_ha":104.04,"面積減少率_pct":0.0,"2020斑塊數":1,"2024斑塊數":1,"斑塊數增加率_pct":0.0,"2020平均斑塊面積_ha":172555.65,"2024平均斑塊面積_ha":172145.43,"平均斑塊面積下降率_pct":0.24,"道路切割密度_km_per_km2":0.0,"建成區邊界切割密度_km_per_km2":0.0,"孤立小斑塊比例_pct":0.0,"距大型連續綠地平均距離_m":0.0,"score_面積減少":36.827195467422094,"score_斑塊增加":46.81303116147309,"score_平均斑塊縮小":50.63739376770538,"score_道路建成區切割":27.47875354107649,"score_孤立比例":45.34938621340888,"score_距大型綠地":44.66477809254013,"綜合破碎化分數":42.0,"破碎化等級":"低","判定原因":"面積減少0.0%；斑塊增加0.0%；平均斑塊縮小0.2%；道路密度0.00 km/km²；孤立比例0.0%；距大型綠地0m","2021面積_ha":104.04,"2022面積_ha":104.04,"2023面積_ha":104.04}},{"type":"Feature","geometry":{"type":"Polygon","coordinates":[[[121.69062371035781,24.4857940386592],[121.69067301134346,24.494822376287242],[121.70053919426034,24.4947769287957],[121.70048918915526,24.485748610074648],[121.69062371035781,24.4857940386592]]]},"properties":{"grid_id":"G020_038","綠地類型":"森林","中心經度":121.695581,"中心緯度":24.490286,"分析面積_km2":1.04,"2020面積_ha":104.04,"2024面積_ha":104.04,"面積減少率_pct":0.0,"2020斑塊數":1,"2024斑塊數":1,"斑塊數增加率_pct":0.0,"2020平均斑塊面積_ha":172555.65,"2024平均斑塊面積_ha":172145.43,"平均斑塊面積下降率_pct":0.24,"道路切割密度_km_per_km2":0.0,"建成區邊界切割密度_km_per_km2":0.0,"孤立小斑塊比例_pct":0.0,"距大型連續綠地平均距離_m":0.0,"score_面積減少":36.827195467422094,"score_斑塊增加":46.81303116147309,"score_平均斑塊縮小":50.63739376770538,"score_道路建成區切割":27.47875354107649,"score_孤立比例":45.34938621340888,"score_距大型綠地":44.66477809254013,"綜合破碎化分數":42.0,"破碎化等級":"低","判定原因":"面積減少0.0%；斑塊增加0.0%；平均斑塊縮小0.2%；道路密度0.00 km/km²；孤立比例0.0%；距大型綠地0m","2021面積_ha":104.04,"2022面積_ha":104.04,"2023面積_ha":104.04}},{"type":"Feature","geometry":{"type":"Polygon","coordinates":[[[121.70048918915526,24.485748610074648],[121.70053919426034,24.4947769287957],[121.71040535273691,24.494730836809378],[121.71035464352009,24.48570253726342],[121.70048918915526,24.485748610074648]]]},"properties":{"grid_id":"G020_039","綠地類型":"森林","中心經度":121.705447,"中心緯度":24.49024,"分析面積_km2":1.04,"2020面積_ha":104.04,"2024面積_ha":104.04,"面積減少率_pct":0.0,"2020斑塊數":1,"2024斑塊數":1,"斑塊數增加率_pct":0.0,"2020平均斑塊面積_ha":172555.65,"2024平均斑塊面積_ha":172145.43,"平均斑塊面積下降率_pct":0.24,"道路切割密度_km_per_km2":0.0,"建成區邊界切割密度_km_per_km2":0.0,"孤立小斑塊比例_pct":0.0,"距大型連續綠地平均距離_m":0.0,"score_面積減少":36.827195467422094,"score_斑塊增加":46.81303116147309,"score_平均斑塊縮小":50.63739376770538,"score_道路建成區切割":27.47875354107649,"score_孤立比例":45.34938621340888,"score_距大型綠地":44.66477809254013,"綜合破碎化分數":42.0,"破碎化等級":"低","判定原因":"面積減少0.0%；斑塊增加0.0%；平均斑塊縮小0.2%；道路密度0.00 km/km²；孤立比例0.0%；距大型綠地0m","2021面積_ha":104.04,"2022面積_ha":104.04,"2023面積_ha":104.04}},{"type":"Feature","geometry":{"type":"Polygon","coordinates":[[[121.71035464352009,24.48570253726342],[121.71040535273691,24.494730836809378],[121.72027148642904,24.49468410033464],[121.72022007310825,24.485655820231894],[121.71035464352009,24.48570253726342]]]},"properties":{"grid_id":"G020_040","綠地類型":"森林","中心經度":121.715313,"中心緯度":24.490193,"分析面積_km2":1.04,"2020面積_ha":104.04,"2024面積_ha":104.04,"面積減少率_pct":0.0,"2020斑塊數":1,"2024斑塊數":1,"斑塊數增加率_pct":0.0,"2020平均斑塊面積_ha":172555.65,"2024平均斑塊面積_ha":172145.43,"平均斑塊面積下降率_pct":0.24,"道路切割密度_km_per_km2":0.0,"建成區邊界切割密度_km_per_km2":0.0,"孤立小斑塊比例_pct":0.0,"距大型連續綠地平均距離_m":0.0,"score_面積減少":36.827195467422094,"score_斑塊增加":46.81303116147309,"score_平均斑塊縮小":50.63739376770538,"score_道路建成區切割":27.47875354107649,"score_孤立比例":45.34938621340888,"score_距大型綠地":44.66477809254013,"綜合破碎化分數":42.0,"破碎化等級":"低","判定原因":"面積減少0.0%；斑塊增加0.0%；平均斑塊縮小0.2%；道路密度0.00 km/km²；孤立比例0.0%；距大型綠地0m","2021面積_ha":104.04,"2022面積_ha":104.04,"2023面積_ha":104.04}},{"type":"Feature","geometry":{"type":"Polygon","coordinates":[[[121.72022007310825,24.485655820231894],[121.72027148642904,24.49468410033464],[121.73013759499261,24.49463671937792],[121.73008547757577,24.485608458986476],[121.72022007310825,24.485655820231894]]]},"properties":{"grid_id":"G020_041","綠地類型":"森林","中心經度":121.725179,"中心緯度":24.490146,"分析面積_km2":1.04,"2020面積_ha":104.04,"2024面積_ha":104.04,"面積減少率_pct":0.0,"2020斑塊數":1,"2024斑塊數":1,"斑塊數增加率_pct":0.0,"2020平均斑塊面積_ha":172555.65,"2024平均斑塊面積_ha":172145.43,"平均斑塊面積下降率_pct":0.24,"道路切割密度_km_per_km2":0.0,"建成區邊界切割密度_km_per_km2":0.0,"孤立小斑塊比例_pct":0.0,"距大型連續綠地平均距離_m":0.0,"score_面積減少":36.827195467422094,"score_斑塊增加":46.81303116147309,"score_平均斑塊縮小":50.63739376770538,"score_道路建成區切割":27.47875354107649,"score_孤立比例":45.34938621340888,"score_距大型綠地":44.66477809254013,"綜合破碎化分數":42.0,"破碎化等級":"低","判定原因":"面積減少0.0%；斑塊增加0.0%；平均斑塊縮小0.2%；道路密度0.00 km/km²；孤立比例0.0%；距大型綠地0m","2021面積_ha":104.04,"2022面積_ha":104.04,"2023面積_ha":104.04}},{"type":"Feature","geometry":{"type":"Polygon","coordinates":[[[121.73008547757577,24.485608458986476],[121.73013759499261,24.49463671937792],[121.7400036780836,24.494588693945765],[121.73995085657866,24.48556045353372],[121.73008547757577,24.485608458986476]]]},"properties":{"grid_id":"G020_042","綠地類型":"森林","中心經度":121.735044,"中心緯度":24.490099,"分析面積_km2":1.04,"2020面積_ha":104.04,"2024面積_ha":104.04,"面積減少率_pct":0.0,"2020斑塊數":1,"2024斑塊數":1,"斑塊數增加率_pct":0.0,"2020平均斑塊面積_ha":172555.65,"2024平均斑塊面積_ha":172145.43,"平均斑塊面積下降率_pct":0.24,"道路切割密度_km_per_km2":0.0,"建成區邊界切割密度_km_per_km2":0.0,"孤立小斑塊比例_pct":0.0,"距大型連續綠地平均距離_m":0.0,"score_面積減少":36.827195467422094,"score_斑塊增加":46.81303116147309,"score_平均斑塊縮小":50.63739376770538,"score_道路建成區切割":27.47875354107649,"score_孤立比例":45.34938621340888,"score_距大型綠地":44.66477809254013,"綜合破碎化分數":42.0,"破碎化等級":"低","判定原因":"面積減少0.0%；斑塊增加0.0%；平均斑塊縮小0.2%；道路密度0.00 km/km²；孤立比例0.0%；距大型綠地0m","2021面積_ha":104.04,"2022面積_ha":104.04,"2023面積_ha":104.04}},{"type":"Feature","geometry":{"type":"Polygon","coordinates":[[[121.78927735758434,24.485310763394676],[121.7893336994059,24.494338899888348],[121.79919962243531,24.49428700774578],[121.79914257657593,24.485258892840022],[121.78927735758434,24.485310763394676]]]},"properties":{"grid_id":"G020_048","綠地類型":"森林","中心經度":121.794238,"中心緯度":24.489799,"分析面積_km2":1.04,"2020面積_ha":104.04,"2024面積_ha":104.04,"面積減少率_pct":0.0,"2020斑塊數":1,"2024斑塊數":1,"斑塊數增加率_pct":0.0,"2020平均斑塊面積_ha":172555.65,"2024平均斑塊面積_ha":172145.43,"平均斑塊面積下降率_pct":0.24,"道路切割密度_km_per_km2":0.0,"建成區邊界切割密度_km_per_km2":0.0,"孤立小斑塊比例_pct":0.0,"距大型連續綠地平均距離_m":0.0,"score_面積減少":36.827195467422094,"score_斑塊增加":46.81303116147309,"score_平均斑塊縮小":50.63739376770538,"score_道路建成區切割":27.47875354107649,"score_孤立比例":45.34938621340888,"score_距大型綠地":44.66477809254013,"綜合破碎化分數":42.0,"破碎化等級":"低","判定原因":"面積減少0.0%；斑塊增加0.0%；平均斑塊縮小0.2%；道路密度0.00 km/km²；孤立比例0.0%；距大型綠地0m","2021面積_ha":104.04,"2022面積_ha":104.04,"2023面積_ha":104.04}},{"type":"Feature","geometry":{"type":"Polygon","coordinates":[[[121.8090077676951,24.485206378126243],[121.80906551758358,24.494234471176004],[121.8189313845066,24.494181290186276],[121.81887293059796,24.485153219260578],[121.8090077676951,24.485206378126243]]]},"properties":{"grid_id":"G020_050","綠地類型":"森林","中心經度":121.813969,"中心緯度":24.489694,"分析面積_km2":1.04,"2020面積_ha":101.25,"2024面積_ha":101.79,"面積減少率_pct":0.0,"2020斑塊數":1,"2024斑塊數":1,"斑塊數增加率_pct":0.0,"2020平均斑塊面積_ha":172555.65,"2024平均斑塊面積_ha":172145.43,"平均斑塊面積下降率_pct":0.24,"道路切割密度_km_per_km2":0.26,"建成區邊界切割密度_km_per_km2":0.0,"孤立小斑塊比例_pct":0.0,"距大型連續綠地平均距離_m":0.0,"score_面積減少":36.827195467422094,"score_斑塊增加":46.81303116147309,"score_平均斑塊縮小":50.63739376770538,"score_道路建成區切割":37.5,"score_孤立比例":45.34938621340888,"score_距大型綠地":44.66477809254013,"綜合破碎化分數":43.6,"破碎化等級":"低","判定原因":"面積減少0.0%；斑塊增加0.0%；平均斑塊縮小0.2%；道路密度0.26 km/km²；孤立比例0.0%；距大型綠地0m","2021面積_ha":103.14,"2022面積_ha":101.43,"2023面積_ha":101.79}},{"type":"Feature","geometry":{"type":"Polygon","coordinates":[[[121.37497109174052,24.504965159633212],[121.37494431289957,24.49593636938049],[121.3652794498106,24.49596005723302],[121.3658401,24.496163599999992],[121.3669551,24.496404900000005],[121.3674705,24.496555499999996],[121.3683106,24.4969812],[121.3691384,24.4974407],[121.36961019999998,24.497606399999995],[121.37029720000001,24.497779599999998],[121.3706531,24.4978851],[121.3710256,24.4981111],[121.37124910000001,24.498314400000005],[121.3715809,24.4989222],[121.37186539999999,24.499579699999998],[121.37224820000002,24.500963299999995],[121.37239970000002,24.501711399999998],[121.3725073,24.5020504],[121.372654,24.503740899999997],[121.37275559999999,24.504151799999995],[121.3728209,24.504821599999996],[121.37282924209596,24.50497046432595],[121.37497109174052,24.504965159633212]]]},"properties":{"grid_id":"G021_005","綠地類型":"森林","中心經度":121.373507,"中心緯度":24.500268,"分析面積_km2":0.381,"2020面積_ha":38.07,"2024面積_ha":38.07,"面積減少率_pct":0.0,"2020斑塊數":1,"2024斑塊數":1,"斑塊數增加率_pct":0.0,"2020平均斑塊面積_ha":172555.65,"2024平均斑塊面積_ha":172145.43,"平均斑塊面積下降率_pct":0.24,"道路切割密度_km_per_km2":0.0,"建成區邊界切割密度_km_per_km2":0.0,"孤立小斑塊比例_pct":0.0,"距大型連續綠地平均距離_m":0.0,"score_面積減少":36.827195467422094,"score_斑塊增加":46.81303116147309,"score_平均斑塊縮小":50.63739376770538,"score_道路建成區切割":27.47875354107649,"score_孤立比例":45.34938621340888,"score_距大型綠地":44.66477809254013,"綜合破碎化分數":42.0,"破碎化等級":"低","判定原因":"面積減少0.0%；斑塊增加0.0%；平均斑塊縮小0.2%；道路密度0.00 km/km²；孤立比例0.0%；距大型綠地0m","2021面積_ha":38.07,"2022面積_ha":38.07,"2023面積_ha":38.07}},{"type":"Feature","geometry":{"type":"Polygon","coordinates":[[[121.37494431289957,24.49593636938049],[121.37497109174052,24.504965159633212],[121.38483857968377,24.504940328472205],[121.38481109619066,24.495911548547028],[121.37494431289957,24.49593636938049]]]},"properties":{"grid_id":"G021_006","綠地類型":"森林","中心經度":121.379891,"中心緯度":24.500438,"分析面積_km2":1.04,"2020面積_ha":104.04,"2024面積_ha":104.04,"面積減少率_pct":0.0,"2020斑塊數":1,"2024斑塊數":1,"斑塊數增加率_pct":0.0,"2020平均斑塊面積_ha":172555.65,"2024平均斑塊面積_ha":172145.43,"平均斑塊面積下降率_pct":0.24,"道路切割密度_km_per_km2":0.0,"建成區邊界切割密度_km_per_km2":0.0,"孤立小斑塊比例_pct":0.0,"距大型連續綠地平均距離_m":0.0,"score_面積減少":36.827195467422094,"score_斑塊增加":46.81303116147309,"score_平均斑塊縮小":50.63739376770538,"score_道路建成區切割":27.47875354107649,"score_孤立比例":45.34938621340888,"score_距大型綠地":44.66477809254013,"綜合破碎化分數":42.0,"破碎化等級":"低","判定原因":"面積減少0.0%；斑塊增加0.0%；平均斑塊縮小0.2%；道路密度0.00 km/km²；孤立比例0.0%；距大型綠地0m","2021面積_ha":104.04,"2022面積_ha":104.04,"2023面積_ha":104.04}},{"type":"Feature","geometry":{"type":"Polygon","coordinates":[[[121.38481109619066,24.495911548547028],[121.38483857968377,24.504940328472205],[121.39470605419626,24.50491485239168],[121.39467786605515,24.495886083062253],[121.38481109619066,24.495911548547028]]]},"properties":{"grid_id":"G021_007","綠地類型":"森林","中心經度":121.389758,"中心緯度":24.500413,"分析面積_km2":1.04,"2020面積_ha":104.04,"2024面積_ha":104.04,"面積減少率_pct":0.0,"2020斑塊數":1,"2024斑塊數":1,"斑塊數增加率_pct":0.0,"2020平均斑塊面積_ha":172555.65,"2024平均斑塊面積_ha":172145.43,"平均斑塊面積下降率_pct":0.24,"道路切割密度_km_per_km2":0.0,"建成區邊界切割密度_km_per_km2":0.0,"孤立小斑塊比例_pct":0.0,"距大型連續綠地平均距離_m":0.0,"score_面積減少":36.827195467422094,"score_斑塊增加":46.81303116147309,"score_平均斑塊縮小":50.63739376770538,"score_道路建成區切割":27.47875354107649,"score_孤立比例":45.34938621340888,"score_距大型綠地":44.66477809254013,"綜合破碎化分數":42.0,"破碎化等級":"低","判定原因":"面積減少0.0%；斑塊增加0.0%；平均斑塊縮小0.2%；道路密度0.00 km/km²；孤立比例0.0%；距大型綠地0m","2021面積_ha":104.04,"2022面積_ha":103.68,"2023面積_ha":103.95}},{"type":"Feature","geometry":{"type":"Polygon","coordinates":[[[121.39467786605515,24.495886083062253],[121.39470605419626,24.50491485239168],[121.40457351493356,24.50488873139514],[121.40454462214882,24.4958599729297],[121.39467786605515,24.495886083062253]]]},"properties":{"grid_id":"G021_008","綠地類型":"森林","中心經度":121.399626,"中心緯度":24.500387,"分析面積_km2":1.04,"2020面積_ha":104.04,"2024面積_ha":104.04,"面積減少率_pct":0.0,"2020斑塊數":1,"2024斑塊數":1,"斑塊數增加率_pct":0.0,"2020平均斑塊面積_ha":172555.65,"2024平均斑塊面積_ha":172145.43,"平均斑塊面積下降率_pct":0.24,"道路切割密度_km_per_km2":0.0,"建成區邊界切割密度_km_per_km2":0.0,"孤立小斑塊比例_pct":0.0,"距大型連續綠地平均距離_m":0.0,"score_面積減少":36.827195467422094,"score_斑塊增加":46.81303116147309,"score_平均斑塊縮小":50.63739376770538,"score_道路建成區切割":27.47875354107649,"score_孤立比例":45.34938621340888,"score_距大型綠地":44.66477809254013,"綜合破碎化分數":42.0,"破碎化等級":"低","判定原因":"面積減少0.0%；斑塊增加0.0%；平均斑塊縮小0.2%；道路密度0.00 km/km²；孤立比例0.0%；距大型綠地0m","2021面積_ha":104.04,"2022面積_ha":104.04,"2023面積_ha":104.04}},{"type":"Feature","geometry":{"type":"Polygon","coordinates":[[[121.40454462214882,24.4958599729297],[121.40457351493356,24.50488873139514],[121.4144409615514,24.5048619654862],[121.41441136412742,24.49583321815296],[121.40454462214882,24.4958599729297]]]},"properties":{"grid_id":"G021_009","綠地類型":"森林","中心經度":121.409493,"中心緯度":24.500361,"分析面積_km2":1.04,"2020面積_ha":104.04,"2024面積_ha":104.04,"面積減少率_pct":0.0,"2020斑塊數":1,"2024斑塊數":1,"斑塊數增加率_pct":0.0,"2020平均斑塊面積_ha":172555.65,"2024平均斑塊面積_ha":172145.43,"平均斑塊面積下降率_pct":0.24,"道路切割密度_km_per_km2":0.0,"建成區邊界切割密度_km_per_km2":0.0,"孤立小斑塊比例_pct":0.0,"距大型連續綠地平均距離_m":0.0,"score_面積減少":36.827195467422094,"score_斑塊增加":46.81303116147309,"score_平均斑塊縮小":50.63739376770538,"score_道路建成區切割":27.47875354107649,"score_孤立比例":45.34938621340888,"score_距大型綠地":44.66477809254013,"綜合破碎化分數":42.0,"破碎化等級":"低","判定原因":"面積減少0.0%；斑塊增加0.0%；平均斑塊縮小0.2%；道路密度0.00 km/km²；孤立比例0.0%；距大型綠地0m","2021面積_ha":104.04,"2022面積_ha":104.04,"2023面積_ha":104.04}},{"type":"Feature","geometry":{"type":"Polygon","coordinates":[[[121.41441136412742,24.49583321815296],[121.4144409615514,24.5048619654862],[121.42430839370542,24.504834554668538],[121.4242780916468,24.495805818735718],[121.41441136412742,24.49583321815296]]]},"properties":{"grid_id":"G021_010","綠地類型":"森林","中心經度":121.41936,"中心緯度":24.500334,"分析面積_km2":1.04,"2020面積_ha":104.04,"2024面積_ha":104.04,"面積減少率_pct":0.0,"2020斑塊數":1,"2024斑塊數":1,"斑塊數增加率_pct":0.0,"2020平均斑塊面積_ha":172555.65,"2024平均斑塊面積_ha":172145.43,"平均斑塊面積下降率_pct":0.24,"道路切割密度_km_per_km2":0.0,"建成區邊界切割密度_km_per_km2":0.0,"孤立小斑塊比例_pct":0.0,"距大型連續綠地平均距離_m":0.0,"score_面積減少":36.827195467422094,"score_斑塊增加":46.81303116147309,"score_平均斑塊縮小":50.63739376770538,"score_道路建成區切割":27.47875354107649,"score_孤立比例":45.34938621340888,"score_距大型綠地":44.66477809254013,"綜合破碎化分數":42.0,"破碎化等級":"低","判定原因":"面積減少0.0%；斑塊增加0.0%；平均斑塊縮小0.2%；道路密度0.00 km/km²；孤立比例0.0%；距大型綠地0m","2021面積_ha":104.04,"2022面積_ha":104.04,"2023面積_ha":104.04}},{"type":"Feature","geometry":{"type":"Polygon","coordinates":[[[121.4242780916468,24.495805818735718],[121.42430839370542,24.504834554668538],[121.43417581105126,24.504806498945953],[121.43414480436262,24.49577777468177],[121.4242780916468,24.495805818735718]]]},"properties":{"grid_id":"G021_011","綠地類型":"森林","中心經度":121.429227,"中心緯度":24.500306,"分析面積_km2":1.04,"2020面積_ha":58.05,"2024面積_ha":59.49,"面積減少率_pct":0.0,"2020斑塊數":1,"2024斑塊數":1,"斑塊數增加率_pct":0.0,"2020平均斑塊面積_ha":172555.65,"2024平均斑塊面積_ha":172145.43,"平均斑塊面積下降率_pct":0.24,"道路切割密度_km_per_km2":0.606,"建成區邊界切割密度_km_per_km2":0.0,"孤立小斑塊比例_pct":0.0,"距大型連續綠地平均距離_m":0.0,"score_面積減少":36.827195467422094,"score_斑塊增加":46.81303116147309,"score_平均斑塊縮小":50.63739376770538,"score_道路建成區切割":39.612842304060436,"score_孤立比例":45.34938621340888,"score_距大型綠地":44.66477809254013,"綜合破碎化分數":44.0,"破碎化等級":"低","判定原因":"面積減少0.0%；斑塊增加0.0%；平均斑塊縮小0.2%；道路密度0.61 km/km²；孤立比例0.0%；距大型綠地0m","2021面積_ha":59.04,"2022面積_ha":60.12,"2023面積_ha":59.94}},{"type":"Feature","geometry":{"type":"Polygon","coordinates":[[[121.4933447505079,24.495595973209955],[121.49337998487289,24.504624621829855],[121.50324728892059,24.50459205188612],[121.50321134996119,24.49556341681231],[121.4933447505079,24.495595973209955]]]},"properties":{"grid_id":"G021_018","綠地類型":"森林","中心經度":121.498296,"中心緯度":24.500094,"分析面積_km2":1.04,"2020面積_ha":104.04,"2024面積_ha":104.04,"面積減少率_pct":0.0,"2020斑塊數":1,"2024斑塊數":1,"斑塊數增加率_pct":0.0,"2020平均斑塊面積_ha":172555.65,"2024平均斑塊面積_ha":172145.43,"平均斑塊面積下降率_pct":0.24,"道路切割密度_km_per_km2":0.029,"建成區邊界切割密度_km_per_km2":0.0,"孤立小斑塊比例_pct":0.0,"距大型連續綠地平均距離_m":0.0,"score_面積減少":36.827195467422094,"score_斑塊增加":46.81303116147309,"score_平均斑塊縮小":50.63739376770538,"score_道路建成區切割":35.87110481586403,"score_孤立比例":45.34938621340888,"score_距大型綠地":44.66477809254013,"綜合破碎化分數":43.4,"破碎化等級":"低","判定原因":"面積減少0.0%；斑塊增加0.0%；平均斑塊縮小0.2%；道路密度0.03 km/km²；孤立比例0.0%；距大型綠地0m","2021面積_ha":104.04,"2022面積_ha":104.04,"2023面積_ha":104.04}},{"type":"Feature","geometry":{"type":"Polygon","coordinates":[[[121.50321134996119,24.49556341681231],[121.50324728892059,24.50459205188612],[121.51311457540557,24.5045588370709],[121.51307793185728,24.495530215811396],[121.50321134996119,24.49556341681231]]]},"properties":{"grid_id":"G021_019","綠地類型":"森林","中心經度":121.508163,"中心緯度":24.500061,"分析面積_km2":1.04,"2020面積_ha":104.04,"2024面積_ha":104.04,"面積減少率_pct":0.0,"2020斑塊數":1,"2024斑塊數":1,"斑塊數增加率_pct":0.0,"2020平均斑塊面積_ha":172555.65,"2024平均斑塊面積_ha":172145.43,"平均斑塊面積下降率_pct":0.24,"道路切割密度_km_per_km2":0.0,"建成區邊界切割密度_km_per_km2":0.0,"孤立小斑塊比例_pct":0.0,"距大型連續綠地平均距離_m":0.0,"score_面積減少":36.827195467422094,"score_斑塊增加":46.81303116147309,"score_平均斑塊縮小":50.63739376770538,"score_道路建成區切割":27.47875354107649,"score_孤立比例":45.34938621340888,"score_距大型綠地":44.66477809254013,"綜合破碎化分數":42.0,"破碎化等級":"低","判定原因":"面積減少0.0%；斑塊增加0.0%；平均斑塊縮小0.2%；道路密度0.00 km/km²；孤立比例0.0%；距大型綠地0m","2021面積_ha":104.04,"2022面積_ha":104.04,"2023面積_ha":104.04}},{"type":"Feature","geometry":{"type":"Polygon","coordinates":[[[121.51307793185728,24.495530215811396],[121.51311457540557,24.5045588370709],[121.52298184398354,24.50452497738879],[121.52294449585197,24.49549637021179],[121.51307793185728,24.495530215811396]]]},"properties":{"grid_id":"G021_020","綠地類型":"森林","中心經度":121.51803,"中心緯度":24.500028,"分析面積_km2":1.04,"2020面積_ha":104.04,"2024面積_ha":104.04,"面積減少率_pct":0.0,"2020斑塊數":1,"2024斑塊數":1,"斑塊數增加率_pct":0.0,"2020平均斑塊面積_ha":172555.65,"2024平均斑塊面積_ha":172145.43,"平均斑塊面積下降率_pct":0.24,"道路切割密度_km_per_km2":0.0,"建成區邊界切割密度_km_per_km2":0.0,"孤立小斑塊比例_pct":0.0,"距大型連續綠地平均距離_m":0.0,"score_面積減少":36.827195467422094,"score_斑塊增加":46.81303116147309,"score_平均斑塊縮小":50.63739376770538,"score_道路建成區切割":27.47875354107649,"score_孤立比例":45.34938621340888,"score_距大型綠地":44.66477809254013,"綜合破碎化分數":42.0,"破碎化等級":"低","判定原因":"面積減少0.0%；斑塊增加0.0%；平均斑塊縮小0.2%；道路密度0.00 km/km²；孤立比例0.0%；距大型綠地0m","2021面積_ha":104.04,"2022面積_ha":104.04,"2023面積_ha":104.04}},{"type":"Feature","geometry":{"type":"Polygon","coordinates":[[[121.57227703525814,24.495317473399876],[121.57231790621793,24.5043460061415],[121.58218506012369,24.504308277359257],[121.58214348461664,24.495279760309266],[121.57227703525814,24.495317473399876]]]},"properties":{"grid_id":"G021_026","綠地類型":"森林","中心經度":121.577231,"中心緯度":24.499813,"分析面積_km2":1.04,"2020面積_ha":103.95,"2024面積_ha":103.95,"面積減少率_pct":0.0,"2020斑塊數":1,"2024斑塊數":1,"斑塊數增加率_pct":0.0,"2020平均斑塊面積_ha":172555.65,"2024平均斑塊面積_ha":172145.43,"平均斑塊面積下降率_pct":0.24,"道路切割密度_km_per_km2":0.0,"建成區邊界切割密度_km_per_km2":0.0,"孤立小斑塊比例_pct":0.0,"距大型連續綠地平均距離_m":0.0,"score_面積減少":36.827195467422094,"score_斑塊增加":46.81303116147309,"score_平均斑塊縮小":50.63739376770538,"score_道路建成區切割":27.47875354107649,"score_孤立比例":45.34938621340888,"score_距大型綠地":44.66477809254013,"綜合破碎化分數":42.0,"破碎化等級":"低","判定原因":"面積減少0.0%；斑塊增加0.0%；平均斑塊縮小0.2%；道路密度0.00 km/km²；孤立比例0.0%；距大型綠地0m","2021面積_ha":104.04,"2022面積_ha":104.04,"2023面積_ha":103.77}},{"type":"Feature","geometry":{"type":"Polygon","coordinates":[[[121.59200991366448,24.495241402654514],[121.5920521937124,24.504269903744692],[121.60191930663984,24.504230885303095],[121.60187632205754,24.495202400440913],[121.59200991366448,24.495241402654514]]]},"properties":{"grid_id":"G021_028","綠地類型":"森林","中心經度":121.596964,"中心緯度":24.499736,"分析面積_km2":1.04,"2020面積_ha":100.98,"2024面積_ha":103.59,"面積減少率_pct":0.0,"2020斑塊數":1,"2024斑塊數":1,"斑塊數增加率_pct":0.0,"2020平均斑塊面積_ha":172555.65,"2024平均斑塊面積_ha":172145.43,"平均斑塊面積下降率_pct":0.24,"道路切割密度_km_per_km2":0.0,"建成區邊界切割密度_km_per_km2":0.0,"孤立小斑塊比例_pct":0.0,"距大型連續綠地平均距離_m":0.0,"score_面積減少":36.827195467422094,"score_斑塊增加":46.81303116147309,"score_平均斑塊縮小":50.63739376770538,"score_道路建成區切割":27.47875354107649,"score_孤立比例":45.34938621340888,"score_距大型綠地":44.66477809254013,"綜合破碎化分數":42.0,"破碎化等級":"低","判定原因":"面積減少0.0%；斑塊增加0.0%；平均斑塊縮小0.2%；道路密度0.00 km/km²；孤立比例0.0%；距大型綠地0m","2021面積_ha":102.51,"2022面積_ha":103.41,"2023面積_ha":103.5}},{"type":"Feature","geometry":{"type":"Polygon","coordinates":[[[121.60187632205754,24.495202400440913],[121.60191930663984,24.504230885303095],[121.6117863985617,24.50419122203985],[121.61174270945159,24.495162753673835],[121.60187632205754,24.495202400440913]]]},"properties":{"grid_id":"G021_029","綠地類型":"森林","中心經度":121.606831,"中心緯度":24.499697,"分析面積_km2":1.04,"2020面積_ha":103.68,"2024面積_ha":103.77,"面積減少率_pct":0.0,"2020斑塊數":1,"2024斑塊數":1,"斑塊數增加率_pct":0.0,"2020平均斑塊面積_ha":172555.65,"2024平均斑塊面積_ha":172145.43,"平均斑塊面積下降率_pct":0.24,"道路切割密度_km_per_km2":0.0,"建成區邊界切割密度_km_per_km2":0.0,"孤立小斑塊比例_pct":0.0,"距大型連續綠地平均距離_m":0.0,"score_面積減少":36.827195467422094,"score_斑塊增加":46.81303116147309,"score_平均斑塊縮小":50.63739376770538,"score_道路建成區切割":27.47875354107649,"score_孤立比例":45.34938621340888,"score_距大型綠地":44.66477809254013,"綜合破碎化分數":42.0,"破碎化等級":"低","判定原因":"面積減少0.0%；斑塊增加0.0%；平均斑塊縮小0.2%；道路密度0.00 km/km²；孤立比例0.0%；距大型綠地0m","2021面積_ha":103.77,"2022面積_ha":104.04,"2023面積_ha":103.23}},{"type":"Feature","geometry":{"type":"Polygon","coordinates":[[[121.62160907550255,24.495122462358758],[121.62165346913372,24.50415091396044],[121.63152051801164,24.50410996107041],[121.63147541986622,24.495081526501245],[121.62160907550255,24.495122462358758]]]},"properties":{"grid_id":"G021_031","綠地類型":"森林","中心經度":121.626565,"中心緯度":24.499616,"分析面積_km2":1.04,"2020面積_ha":104.04,"2024面積_ha":104.04,"面積減少率_pct":0.0,"2020斑塊數":1,"2024斑塊數":1,"斑塊數增加率_pct":0.0,"2020平均斑塊面積_ha":172555.65,"2024平均斑塊面積_ha":172145.43,"平均斑塊面積下降率_pct":0.24,"道路切割密度_km_per_km2":0.0,"建成區邊界切割密度_km_per_km2":0.0,"孤立小斑塊比例_pct":0.0,"距大型連續綠地平均距離_m":0.0,"score_面積減少":36.827195467422094,"score_斑塊增加":46.81303116147309,"score_平均斑塊縮小":50.63739376770538,"score_道路建成區切割":27.47875354107649,"score_孤立比例":45.34938621340888,"score_距大型綠地":44.66477809254013,"綜合破碎化分數":42.0,"破碎化等級":"低","判定原因":"面積減少0.0%；斑塊增加0.0%；平均斑塊縮小0.2%；道路密度0.00 km/km²；孤立比例0.0%；距大型綠地0m","2021面積_ha":104.04,"2022面積_ha":104.04,"2023面積_ha":104.04}},{"type":"Feature","geometry":{"type":"Polygon","coordinates":[[[121.65120804215513,24.49499772118154],[121.65125454930822,24.504026120881196],[121.66112153103836,24.50398323359358],[121.6610743193921,24.494954851730924],[121.65120804215513,24.49499772118154]]]},"properties":{"grid_id":"G021_034","綠地類型":"森林","中心經度":121.656165,"中心緯度":24.499491,"分析面積_km2":1.04,"2020面積_ha":104.04,"2024面積_ha":104.04,"面積減少率_pct":0.0,"2020斑塊數":1,"2024斑塊數":1,"斑塊數增加率_pct":0.0,"2020平均斑塊面積_ha":172555.65,"2024平均斑塊面積_ha":172145.43,"平均斑塊面積下降率_pct":0.24,"道路切割密度_km_per_km2":0.0,"建成區邊界切割密度_km_per_km2":0.0,"孤立小斑塊比例_pct":0.0,"距大型連續綠地平均距離_m":0.0,"score_面積減少":36.827195467422094,"score_斑塊增加":46.81303116147309,"score_平均斑塊縮小":50.63739376770538,"score_道路建成區切割":27.47875354107649,"score_孤立比例":45.34938621340888,"score_距大型綠地":44.66477809254013,"綜合破碎化分數":42.0,"破碎化等級":"低","判定原因":"面積減少0.0%；斑塊增加0.0%；平均斑塊縮小0.2%；道路密度0.00 km/km²；孤立比例0.0%；距大型綠地0m","2021面積_ha":104.04,"2022面積_ha":104.04,"2023面積_ha":104.04}},{"type":"Feature","geometry":{"type":"Polygon","coordinates":[[[121.6610743193921,24.494954851730924],[121.66112153103836,24.50398323359358],[121.67098848969741,24.503939701518483],[121.67094057356522,24.49491133776099],[121.6610743193921,24.494954851730924]]]},"properties":{"grid_id":"G021_035","綠地類型":"森林","中心經度":121.666031,"中心緯度":24.499447,"分析面積_km2":1.04,"2020面積_ha":104.04,"2024面積_ha":104.04,"面積減少率_pct":0.0,"2020斑塊數":1,"2024斑塊數":1,"斑塊數增加率_pct":0.0,"2020平均斑塊面積_ha":172555.65,"2024平均斑塊面積_ha":172145.43,"平均斑塊面積下降率_pct":0.24,"道路切割密度_km_per_km2":0.0,"建成區邊界切割密度_km_per_km2":0.0,"孤立小斑塊比例_pct":0.0,"距大型連續綠地平均距離_m":0.0,"score_面積減少":36.827195467422094,"score_斑塊增加":46.81303116147309,"score_平均斑塊縮小":50.63739376770538,"score_道路建成區切割":27.47875354107649,"score_孤立比例":45.34938621340888,"score_距大型綠地":44.66477809254013,"綜合破碎化分數":42.0,"破碎化等級":"低","判定原因":"面積減少0.0%；斑塊增加0.0%；平均斑塊縮小0.2%；道路密度0.00 km/km²；孤立比例0.0%；距大型綠地0m","2021面積_ha":104.04,"2022面積_ha":104.04,"2023面積_ha":104.04}},{"type":"Feature","geometry":{"type":"Polygon","coordinates":[[[121.68080680433039,24.49486717927773],[121.68085542494114,24.50389552466191],[121.69072233642535,24.503850703029954],[121.69067301134346,24.494822376287242],[121.68080680433039,24.49486717927773]]]},"properties":{"grid_id":"G021_037","綠地類型":"森林","中心經度":121.685764,"中心緯度":24.499359,"分析面積_km2":1.04,"2020面積_ha":104.04,"2024面積_ha":104.04,"面積減少率_pct":0.0,"2020斑塊數":1,"2024斑塊數":1,"斑塊數增加率_pct":0.0,"2020平均斑塊面積_ha":172555.65,"2024平均斑塊面積_ha":172145.43,"平均斑塊面積下降率_pct":0.24,"道路切割密度_km_per_km2":0.634,"建成區邊界切割密度_km_per_km2":0.0,"孤立小斑塊比例_pct":0.0,"距大型連續綠地平均距離_m":0.0,"score_面積減少":36.827195467422094,"score_斑塊增加":46.81303116147309,"score_平均斑塊縮小":50.63739376770538,"score_道路建成區切割":39.78989612842304,"score_孤立比例":45.34938621340888,"score_距大型綠地":44.66477809254013,"綜合破碎化分數":44.0,"破碎化等級":"低","判定原因":"面積減少0.0%；斑塊增加0.0%；平均斑塊縮小0.2%；道路密度0.63 km/km²；孤立比例0.0%；距大型綠地0m","2021面積_ha":104.04,"2022面積_ha":104.04,"2023面積_ha":104.04}},{"type":"Feature","geometry":{"type":"Polygon","coordinates":[[[121.69067301134346,24.494822376287242],[121.69072233642535,24.503850703029954],[121.70058922380576,24.503805236628807],[121.70053919426034,24.4947769287957],[121.69067301134346,24.494822376287242]]]},"properties":{"grid_id":"G021_038","綠地類型":"森林","中心經度":121.695631,"中心緯度":24.499314,"分析面積_km2":1.04,"2020面積_ha":104.04,"2024面積_ha":104.04,"面積減少率_pct":0.0,"2020斑塊數":1,"2024斑塊數":1,"斑塊數增加率_pct":0.0,"2020平均斑塊面積_ha":172555.65,"2024平均斑塊面積_ha":172145.43,"平均斑塊面積下降率_pct":0.24,"道路切割密度_km_per_km2":0.0,"建成區邊界切割密度_km_per_km2":0.0,"孤立小斑塊比例_pct":0.0,"距大型連續綠地平均距離_m":0.0,"score_面積減少":36.827195467422094,"score_斑塊增加":46.81303116147309,"score_平均斑塊縮小":50.63739376770538,"score_道路建成區切割":27.47875354107649,"score_孤立比例":45.34938621340888,"score_距大型綠地":44.66477809254013,"綜合破碎化分數":42.0,"破碎化等級":"低","判定原因":"面積減少0.0%；斑塊增加0.0%；平均斑塊縮小0.2%；道路密度0.00 km/km²；孤立比例0.0%；距大型綠地0m","2021面積_ha":104.04,"2022面積_ha":104.04,"2023面積_ha":104.04}},{"type":"Feature","geometry":{"type":"Polygon","coordinates":[[[121.70053919426034,24.4947769287957],[121.70058922380576,24.503805236628807],[121.71045608673816,24.50375912546473],[121.71040535273691,24.494730836809378],[121.70053919426034,24.4947769287957]]]},"properties":{"grid_id":"G021_039","綠地類型":"森林","中心經度":121.705497,"中心緯度":24.499268,"分析面積_km2":1.04,"2020面積_ha":104.04,"2024面積_ha":104.04,"面積減少率_pct":0.0,"2020斑塊數":1,"2024斑塊數":1,"斑塊數增加率_pct":0.0,"2020平均斑塊面積_ha":172555.65,"2024平均斑塊面積_ha":172145.43,"平均斑塊面積下降率_pct":0.24,"道路切割密度_km_per_km2":0.0,"建成區邊界切割密度_km_per_km2":0.0,"孤立小斑塊比例_pct":0.0,"距大型連續綠地平均距離_m":0.0,"score_面積減少":36.827195467422094,"score_斑塊增加":46.81303116147309,"score_平均斑塊縮小":50.63739376770538,"score_道路建成區切割":27.47875354107649,"score_孤立比例":45.34938621340888,"score_距大型綠地":44.66477809254013,"綜合破碎化分數":42.0,"破碎化等級":"低","判定原因":"面積減少0.0%；斑塊增加0.0%；平均斑塊縮小0.2%；道路密度0.00 km/km²；孤立比例0.0%；距大型綠地0m","2021面積_ha":104.04,"2022面積_ha":104.04,"2023面積_ha":104.04}},{"type":"Feature","geometry":{"type":"Polygon","coordinates":[[[121.71040535273691,24.494730836809378],[121.71045608673816,24.50375912546473],[121.72032292487837,24.503712369544086],[121.72027148642904,24.49468410033464],[121.71040535273691,24.494730836809378]]]},"properties":{"grid_id":"G021_040","綠地類型":"森林","中心經度":121.715364,"中心緯度":24.499222,"分析面積_km2":1.04,"2020面積_ha":104.04,"2024面積_ha":104.04,"面積減少率_pct":0.0,"2020斑塊數":1,"2024斑塊數":1,"斑塊數增加率_pct":0.0,"2020平均斑塊面積_ha":172555.65,"2024平均斑塊面積_ha":172145.43,"平均斑塊面積下降率_pct":0.24,"道路切割密度_km_per_km2":0.0,"建成區邊界切割密度_km_per_km2":0.0,"孤立小斑塊比例_pct":0.0,"距大型連續綠地平均距離_m":0.0,"score_面積減少":36.827195467422094,"score_斑塊增加":46.81303116147309,"score_平均斑塊縮小":50.63739376770538,"score_道路建成區切割":27.47875354107649,"score_孤立比例":45.34938621340888,"score_距大型綠地":44.66477809254013,"綜合破碎化分數":42.0,"破碎化等級":"低","判定原因":"面積減少0.0%；斑塊增加0.0%；平均斑塊縮小0.2%；道路密度0.00 km/km²；孤立比例0.0%；距大型綠地0m","2021面積_ha":104.04,"2022面積_ha":104.04,"2023面積_ha":104.04}},{"type":"Feature","geometry":{"type":"Polygon","coordinates":[[[121.72027148642904,24.49468410033464],[121.72032292487837,24.503712369544086],[121.73018973788211,24.503664968873334],[121.73013759499261,24.49463671937792],[121.72027148642904,24.49468410033464]]]},"properties":{"grid_id":"G021_041","綠地類型":"森林","中心經度":121.72523,"中心緯度":24.499175,"分析面積_km2":1.04,"2020面積_ha":104.04,"2024面積_ha":104.04,"面積減少率_pct":0.0,"2020斑塊數":1,"2024斑塊數":1,"斑塊數增加率_pct":0.0,"2020平均斑塊面積_ha":172555.65,"2024平均斑塊面積_ha":172145.43,"平均斑塊面積下降率_pct":0.24,"道路切割密度_km_per_km2":0.0,"建成區邊界切割密度_km_per_km2":0.0,"孤立小斑塊比例_pct":0.0,"距大型連續綠地平均距離_m":0.0,"score_面積減少":36.827195467422094,"score_斑塊增加":46.81303116147309,"score_平均斑塊縮小":50.63739376770538,"score_道路建成區切割":27.47875354107649,"score_孤立比例":45.34938621340888,"score_距大型綠地":44.66477809254013,"綜合破碎化分數":42.0,"破碎化等級":"低","判定原因":"面積減少0.0%；斑塊增加0.0%；平均斑塊縮小0.2%；道路密度0.00 km/km²；孤立比例0.0%；距大型綠地0m","2021面積_ha":104.04,"2022面積_ha":104.04,"2023面積_ha":104.04}},{"type":"Feature","geometry":{"type":"Polygon","coordinates":[[[121.77946774883938,24.494390147596558],[121.7795234138075,24.503418294499816],[121.78939006876458,24.50336702546881],[121.7893336994059,24.494338899888348],[121.77946774883938,24.494390147596558]]]},"properties":{"grid_id":"G021_047","綠地類型":"森林","中心經度":121.784429,"中心緯度":24.498879,"分析面積_km2":1.04,"2020面積_ha":104.04,"2024面積_ha":104.04,"面積減少率_pct":0.0,"2020斑塊數":1,"2024斑塊數":1,"斑塊數增加率_pct":0.0,"2020平均斑塊面積_ha":172555.65,"2024平均斑塊面積_ha":172145.43,"平均斑塊面積下降率_pct":0.24,"道路切割密度_km_per_km2":0.0,"建成區邊界切割密度_km_per_km2":0.0,"孤立小斑塊比例_pct":0.0,"距大型連續綠地平均距離_m":0.0,"score_面積減少":36.827195467422094,"score_斑塊增加":46.81303116147309,"score_平均斑塊縮小":50.63739376770538,"score_道路建成區切割":27.47875354107649,"score_孤立比例":45.34938621340888,"score_距大型綠地":44.66477809254013,"綜合破碎化分數":42.0,"破碎化等級":"低","判定原因":"面積減少0.0%；斑塊增加0.0%；平均斑塊縮小0.2%；道路密度0.00 km/km²；孤立比例0.0%；距大型綠地0m","2021面積_ha":104.04,"2022面積_ha":104.04,"2023面積_ha":104.04}},{"type":"Feature","geometry":{"type":"Polygon","coordinates":[[[121.79919962243531,24.49428700774578],[121.79925669617586,24.503315111735322],[121.80912329569723,24.50326255330652],[121.80906551758358,24.494234471176004],[121.79919962243531,24.49428700774578]]]},"properties":{"grid_id":"G021_049","綠地類型":"森林","中心經度":121.804161,"中心緯度":24.498775,"分析面積_km2":1.04,"2020面積_ha":104.04,"2024面積_ha":104.04,"面積減少率_pct":0.0,"2020斑塊數":1,"2024斑塊數":1,"斑塊數增加率_pct":0.0,"2020平均斑塊面積_ha":172555.65,"2024平均斑塊面積_ha":172145.43,"平均斑塊面積下降率_pct":0.24,"道路切割密度_km_per_km2":0.0,"建成區邊界切割密度_km_per_km2":0.0,"孤立小斑塊比例_pct":0.0,"距大型連續綠地平均距離_m":0.0,"score_面積減少":36.827195467422094,"score_斑塊增加":46.81303116147309,"score_平均斑塊縮小":50.63739376770538,"score_道路建成區切割":27.47875354107649,"score_孤立比例":45.34938621340888,"score_距大型綠地":44.66477809254013,"綜合破碎化分數":42.0,"破碎化等級":"低","判定原因":"面積減少0.0%；斑塊增加0.0%；平均斑塊縮小0.2%；道路密度0.00 km/km²；孤立比例0.0%；距大型綠地0m","2021面積_ha":104.04,"2022面積_ha":104.04,"2023面積_ha":104.04}},{"type":"Feature","geometry":{"type":"Polygon","coordinates":[[[121.80906551758358,24.494234471176004],[121.80912329569723,24.50326255330652],[121.81898986698451,24.503209350189664],[121.8189313845066,24.494181290186276],[121.80906551758358,24.494234471176004]]]},"properties":{"grid_id":"G021_050","綠地類型":"森林","中心經度":121.814028,"中心緯度":24.498722,"分析面積_km2":1.04,"2020面積_ha":104.04,"2024面積_ha":104.04,"面積減少率_pct":0.0,"2020斑塊數":1,"2024斑塊數":1,"斑塊數增加率_pct":0.0,"2020平均斑塊面積_ha":172555.65,"2024平均斑塊面積_ha":172145.43,"平均斑塊面積下降率_pct":0.24,"道路切割密度_km_per_km2":0.461,"建成區邊界切割密度_km_per_km2":0.0,"孤立小斑塊比例_pct":0.0,"距大型連續綠地平均距離_m":0.0,"score_面積減少":36.827195467422094,"score_斑塊增加":46.81303116147309,"score_平均斑塊縮小":50.63739376770538,"score_道路建成區切割":38.715769593956566,"score_孤立比例":45.34938621340888,"score_距大型綠地":44.66477809254013,"綜合破碎化分數":43.8,"破碎化等級":"低","判定原因":"面積減少0.0%；斑塊增加0.0%；平均斑塊縮小0.2%；道路密度0.46 km/km²；孤立比例0.0%；距大型綠地0m","2021面積_ha":104.04,"2022面積_ha":104.04,"2023面積_ha":104.04}},{"type":"Feature","geometry":{"type":"Polygon","coordinates":[[[121.8189313845066,24.494181290186276],[121.81898986698451,24.503209350189664],[121.82885640969354,24.503155502392072],[121.82879722286036,24.494127464783922],[121.8189313845066,24.494181290186276]]]},"properties":{"grid_id":"G021_051","綠地類型":"森林","中心經度":121.823894,"中心緯度":24.498668,"分析面積_km2":1.04,"2020面積_ha":104.04,"2024面積_ha":104.04,"面積減少率_pct":0.0,"2020斑塊數":1,"2024斑塊數":1,"斑塊數增加率_pct":0.0,"2020平均斑塊面積_ha":172555.65,"2024平均斑塊面積_ha":172145.43,"平均斑塊面積下降率_pct":0.24,"道路切割密度_km_per_km2":0.144,"建成區邊界切割密度_km_per_km2":0.0,"孤立小斑塊比例_pct":0.0,"距大型連續綠地平均距離_m":0.0,"score_面積減少":36.827195467422094,"score_斑塊增加":46.81303116147309,"score_平均斑塊縮小":50.63739376770538,"score_道路建成區切割":36.60292728989613,"score_孤立比例":45.34938621340888,"score_距大型綠地":44.66477809254013,"綜合破碎化分數":43.5,"破碎化等級":"低","判定原因":"面積減少0.0%；斑塊增加0.0%；平均斑塊縮小0.2%；道路密度0.14 km/km²；孤立比例0.0%；距大型綠地0m","2021面積_ha":104.04,"2022面積_ha":104.04,"2023面積_ha":104.04}},{"type":"Feature","geometry":{"type":"Polygon","coordinates":[[[121.37497109174052,24.504965159633212],[121.37282924209596,24.50497046432595],[121.37285700000001,24.5054658],[121.3728053,24.5063737],[121.3728301,24.506976199999997],[121.37300340000002,24.5081914],[121.37324400000001,24.5095295],[121.37333499999998,24.509830700000002],[121.37342190000001,24.509933900000004],[121.3736165,24.510035599999995],[121.3737434,24.510058699999995],[121.37493140000001,24.510029899999996],[121.37498612056295,24.510030361111628],[121.37497109174052,24.504965159633212]]]},"properties":{"grid_id":"G022_005","綠地類型":"森林","中心經度":121.373948,"中心緯度":24.507581,"分析面積_km2":0.115,"2020面積_ha":11.52,"2024面積_ha":11.52,"面積減少率_pct":0.0,"2020斑塊數":1,"2024斑塊數":1,"斑塊數增加率_pct":0.0,"2020平均斑塊面積_ha":172555.65,"2024平均斑塊面積_ha":172145.43,"平均斑塊面積下降率_pct":0.24,"道路切割密度_km_per_km2":0.0,"建成區邊界切割密度_km_per_km2":0.0,"孤立小斑塊比例_pct":0.0,"距大型連續綠地平均距離_m":0.0,"score_面積減少":36.827195467422094,"score_斑塊增加":46.81303116147309,"score_平均斑塊縮小":50.63739376770538,"score_道路建成區切割":27.47875354107649,"score_孤立比例":45.34938621340888,"score_距大型綠地":44.66477809254013,"綜合破碎化分數":42.0,"破碎化等級":"低","判定原因":"面積減少0.0%；斑塊增加0.0%；平均斑塊縮小0.2%；道路密度0.00 km/km²；孤立比例0.0%；距大型綠地0m","2021面積_ha":11.52,"2022面積_ha":11.52,"2023面積_ha":11.52}},{"type":"Feature","geometry":{"type":"Polygon","coordinates":[[[121.38483857968377,24.504940328472205],[121.37497109174052,24.504965159633212],[121.37498612056295,24.510030361111628],[121.3758336,24.5100375],[121.3764937,24.509945599999995],[121.3779296,24.509611599999996],[121.37855650000002,24.5095215],[121.3792447,24.509499799999993],[121.3797343,24.509584600000004],[121.38024929999999,24.509829599999996],[121.3805911,24.5098907],[121.3808054,24.509882900000004],[121.3812092,24.5097817],[121.3816424,24.5097231],[121.38240100000002,24.509744799999996],[121.3829521,24.509882799999996],[121.38348,24.510126099999997],[121.3837121,24.510307299999997],[121.38387900000001,24.510552700000005],[121.384195,24.511534799999996],[121.38450390000001,24.511965],[121.38471879999999,24.5122644],[121.38486162323242,24.512507106856667],[121.38483857968377,24.504940328472205]]]},"properties":{"grid_id":"G022_006","綠地類型":"森林","中心經度":121.379912,"中心緯度":24.507225,"分析面積_km2":0.596,"2020面積_ha":59.58,"2024面積_ha":59.58,"面積減少率_pct":0.0,"2020斑塊數":1,"2024斑塊數":1,"斑塊數增加率_pct":0.0,"2020平均斑塊面積_ha":172555.65,"2024平均斑塊面積_ha":172145.43,"平均斑塊面積下降率_pct":0.24,"道路切割密度_km_per_km2":0.201,"建成區邊界切割密度_km_per_km2":0.0,"孤立小斑塊比例_pct":0.0,"距大型連續綠地平均距離_m":0.0,"score_面積減少":36.827195467422094,"score_斑塊增加":46.81303116147309,"score_平均斑塊縮小":50.63739376770538,"score_道路建成區切割":36.95703493862135,"score_孤立比例":45.34938621340888,"score_距大型綠地":44.66477809254013,"綜合破碎化分數":43.5,"破碎化等級":"低","判定原因":"面積減少0.0%；斑塊增加0.0%；平均斑塊縮小0.2%；道路密度0.20 km/km²；孤立比例0.0%；距大型綠地0m","2021面積_ha":59.58,"2022面積_ha":59.58,"2023面積_ha":59.58}},{"type":"Feature","geometry":{"type":"Polygon","coordinates":[[[121.39473425611251,24.51394361089419],[121.39470605419626,24.50491485239168],[121.38483857968377,24.504940328472205],[121.38486162323242,24.512507106856667],[121.384934,24.5126301],[121.3850285,24.512833999999998],[121.3852163,24.513238999999995],[121.3853745,24.513721599999997],[121.38542703834956,24.513967666065113],[121.39473425611251,24.51394361089419]]]},"properties":{"grid_id":"G022_007","綠地類型":"森林","中心經度":121.389784,"中心緯度":24.508711,"分析面積_km2":1.033,"2020面積_ha":103.32,"2024面積_ha":103.32,"面積減少率_pct":0.0,"2020斑塊數":1,"2024斑塊數":1,"斑塊數增加率_pct":0.0,"2020平均斑塊面積_ha":172555.65,"2024平均斑塊面積_ha":172145.43,"平均斑塊面積下降率_pct":0.24,"道路切割密度_km_per_km2":0.087,"建成區邊界切割密度_km_per_km2":0.0,"孤立小斑塊比例_pct":0.0,"距大型連續綠地平均距離_m":0.0,"score_面積減少":36.827195467422094,"score_斑塊增加":46.81303116147309,"score_平均斑塊縮小":50.63739376770538,"score_道路建成區切割":36.36685552407933,"score_孤立比例":45.34938621340888,"score_距大型綠地":44.66477809254013,"綜合破碎化分數":43.4,"破碎化等級":"低","判定原因":"面積減少0.0%；斑塊增加0.0%；平均斑塊縮小0.2%；道路密度0.09 km/km²；孤立比例0.0%；距大型綠地0m","2021面積_ha":103.32,"2022面積_ha":103.23,"2023面積_ha":103.23}},{"type":"Feature","geometry":{"type":"Polygon","coordinates":[[[121.39470605419626,24.50491485239168],[121.39473425611251,24.51394361089419],[121.40460242183782,24.513917479032163],[121.40457351493356,24.50488873139514],[121.39470605419626,24.50491485239168]]]},"properties":{"grid_id":"G022_008","綠地類型":"森林","中心經度":121.399654,"中心緯度":24.509416,"分析面積_km2":1.04,"2020面積_ha":104.04,"2024面積_ha":104.04,"面積減少率_pct":0.0,"2020斑塊數":1,"2024斑塊數":1,"斑塊數增加率_pct":0.0,"2020平均斑塊面積_ha":172555.65,"2024平均斑塊面積_ha":172145.43,"平均斑塊面積下降率_pct":0.24,"道路切割密度_km_per_km2":0.0,"建成區邊界切割密度_km_per_km2":0.0,"孤立小斑塊比例_pct":0.0,"距大型連續綠地平均距離_m":0.0,"score_面積減少":36.827195467422094,"score_斑塊增加":46.81303116147309,"score_平均斑塊縮小":50.63739376770538,"score_道路建成區切割":27.47875354107649,"score_孤立比例":45.34938621340888,"score_距大型綠地":44.66477809254013,"綜合破碎化分數":42.0,"破碎化等級":"低","判定原因":"面積減少0.0%；斑塊增加0.0%；平均斑塊縮小0.2%；道路密度0.00 km/km²；孤立比例0.0%；距大型綠地0m","2021面積_ha":104.04,"2022面積_ha":104.04,"2023面積_ha":104.04}},{"type":"Feature","geometry":{"type":"Polygon","coordinates":[[[121.40457351493356,24.50488873139514],[121.40460242183782,24.513917479032163],[121.41447057343917,24.51389070198947],[121.4144409615514,24.5048619654862],[121.40457351493356,24.50488873139514]]]},"properties":{"grid_id":"G022_009","綠地類型":"森林","中心經度":121.409522,"中心緯度":24.50939,"分析面積_km2":1.04,"2020面積_ha":104.04,"2024面積_ha":104.04,"面積減少率_pct":0.0,"2020斑塊數":1,"2024斑塊數":1,"斑塊數增加率_pct":0.0,"2020平均斑塊面積_ha":172555.65,"2024平均斑塊面積_ha":172145.43,"平均斑塊面積下降率_pct":0.24,"道路切割密度_km_per_km2":0.0,"建成區邊界切割密度_km_per_km2":0.0,"孤立小斑塊比例_pct":0.0,"距大型連續綠地平均距離_m":0.0,"score_面積減少":36.827195467422094,"score_斑塊增加":46.81303116147309,"score_平均斑塊縮小":50.63739376770538,"score_道路建成區切割":27.47875354107649,"score_孤立比例":45.34938621340888,"score_距大型綠地":44.66477809254013,"綜合破碎化分數":42.0,"破碎化等級":"低","判定原因":"面積減少0.0%；斑塊增加0.0%；平均斑塊縮小0.2%；道路密度0.00 km/km²；孤立比例0.0%；距大型綠地0m","2021面積_ha":104.04,"2022面積_ha":104.04,"2023面積_ha":104.04}},{"type":"Feature","geometry":{"type":"Polygon","coordinates":[[[121.4144409615514,24.5048619654862],[121.41447057343917,24.51389070198947],[121.42433871057219,24.51386327976981],[121.42430839370542,24.504834554668538],[121.4144409615514,24.5048619654862]]]},"properties":{"grid_id":"G022_010","綠地類型":"森林","中心經度":121.41939,"中心緯度":24.509363,"分析面積_km2":1.04,"2020面積_ha":104.04,"2024面積_ha":104.04,"面積減少率_pct":0.0,"2020斑塊數":1,"2024斑塊數":1,"斑塊數增加率_pct":0.0,"2020平均斑塊面積_ha":172555.65,"2024平均斑塊面積_ha":172145.43,"平均斑塊面積下降率_pct":0.24,"道路切割密度_km_per_km2":0.0,"建成區邊界切割密度_km_per_km2":0.0,"孤立小斑塊比例_pct":0.0,"距大型連續綠地平均距離_m":0.0,"score_面積減少":36.827195467422094,"score_斑塊增加":46.81303116147309,"score_平均斑塊縮小":50.63739376770538,"score_道路建成區切割":27.47875354107649,"score_孤立比例":45.34938621340888,"score_距大型綠地":44.66477809254013,"綜合破碎化分數":42.0,"破碎化等級":"低","判定原因":"面積減少0.0%；斑塊增加0.0%；平均斑塊縮小0.2%；道路密度0.00 km/km²；孤立比例0.0%；距大型綠地0m","2021面積_ha":104.04,"2022面積_ha":104.04,"2023面積_ha":104.04}},{"type":"Feature","geometry":{"type":"Polygon","coordinates":[[[121.42430839370542,24.504834554668538],[121.42433871057219,24.51386327976981],[121.43420683289239,24.513835212376964],[121.43417581105126,24.504806498945953],[121.42430839370542,24.504834554668538]]]},"properties":{"grid_id":"G022_011","綠地類型":"森林","中心經度":121.429257,"中心緯度":24.509335,"分析面積_km2":1.04,"2020面積_ha":78.75,"2024面積_ha":79.56,"面積減少率_pct":0.0,"2020斑塊數":1,"2024斑塊數":1,"斑塊數增加率_pct":0.0,"2020平均斑塊面積_ha":172555.65,"2024平均斑塊面積_ha":172145.43,"平均斑塊面積下降率_pct":0.24,"道路切割密度_km_per_km2":0.0,"建成區邊界切割密度_km_per_km2":0.0,"孤立小斑塊比例_pct":0.0,"距大型連續綠地平均距離_m":0.0,"score_面積減少":36.827195467422094,"score_斑塊增加":46.81303116147309,"score_平均斑塊縮小":50.63739376770538,"score_道路建成區切割":27.47875354107649,"score_孤立比例":45.34938621340888,"score_距大型綠地":44.66477809254013,"綜合破碎化分數":42.0,"破碎化等級":"低","判定原因":"面積減少0.0%；斑塊增加0.0%；平均斑塊縮小0.2%；道路密度0.00 km/km²；孤立比例0.0%；距大型綠地0m","2021面積_ha":79.29,"2022面積_ha":79.11,"2023面積_ha":79.65}},{"type":"Feature","geometry":{"type":"Polygon","coordinates":[[[121.44404321324463,24.504777798322305],[121.44407494005533,24.513806499814805],[121.45394303171662,24.513777142087292],[121.45391059994121,24.504748452801557],[121.44404321324463,24.504777798322305]]]},"properties":{"grid_id":"G022_013","綠地類型":"森林","中心經度":121.448993,"中心緯度":24.509278,"分析面積_km2":1.04,"2020面積_ha":103.59,"2024面積_ha":104.04,"面積減少率_pct":0.0,"2020斑塊數":1,"2024斑塊數":1,"斑塊數增加率_pct":0.0,"2020平均斑塊面積_ha":172555.65,"2024平均斑塊面積_ha":172145.43,"平均斑塊面積下降率_pct":0.24,"道路切割密度_km_per_km2":0.029,"建成區邊界切割密度_km_per_km2":0.0,"孤立小斑塊比例_pct":0.0,"距大型連續綠地平均距離_m":0.0,"score_面積減少":36.827195467422094,"score_斑塊增加":46.81303116147309,"score_平均斑塊縮小":50.63739376770538,"score_道路建成區切割":35.87110481586403,"score_孤立比例":45.34938621340888,"score_距大型綠地":44.66477809254013,"綜合破碎化分數":43.4,"破碎化等級":"低","判定原因":"面積減少0.0%；斑塊增加0.0%；平均斑塊縮小0.2%；道路密度0.03 km/km²；孤立比例0.0%；距大型綠地0m","2021面積_ha":104.04,"2022面積_ha":104.04,"2023面積_ha":104.04}},{"type":"Feature","geometry":{"type":"Polygon","coordinates":[[[121.45391059994121,24.504748452801557],[121.45394303171662,24.513777142087292],[121.46381110753177,24.513747139198486],[121.46377797079661,24.504718462387753],[121.45391059994121,24.504748452801557]]]},"properties":{"grid_id":"G022_014","綠地類型":"森林","中心經度":121.458861,"中心緯度":24.509248,"分析面積_km2":1.04,"2020面積_ha":98.64,"2024面積_ha":100.71,"面積減少率_pct":0.0,"2020斑塊數":1,"2024斑塊數":1,"斑塊數增加率_pct":0.0,"2020平均斑塊面積_ha":172555.65,"2024平均斑塊面積_ha":172145.43,"平均斑塊面積下降率_pct":0.24,"道路切割密度_km_per_km2":0.0,"建成區邊界切割密度_km_per_km2":0.0,"孤立小斑塊比例_pct":0.0,"距大型連續綠地平均距離_m":0.0,"score_面積減少":36.827195467422094,"score_斑塊增加":46.81303116147309,"score_平均斑塊縮小":50.63739376770538,"score_道路建成區切割":27.47875354107649,"score_孤立比例":45.34938621340888,"score_距大型綠地":44.66477809254013,"綜合破碎化分數":42.0,"破碎化等級":"低","判定原因":"面積減少0.0%；斑塊增加0.0%；平均斑塊縮小0.2%；道路密度0.00 km/km²；孤立比例0.0%；距大型綠地0m","2021面積_ha":99.18,"2022面積_ha":99.18,"2023面積_ha":99.27}},{"type":"Feature","geometry":{"type":"Polygon","coordinates":[[[121.48351266360677,24.504656546897635],[121.48354721024599,24.513685197953606],[121.49341523645624,24.5136532596061],[121.49337998487289,24.504624621829855],[121.48351266360677,24.504656546897635]]]},"properties":{"grid_id":"G022_017","綠地類型":"森林","中心經度":121.488464,"中心緯度":24.509155,"分析面積_km2":1.04,"2020面積_ha":104.04,"2024面積_ha":104.04,"面積減少率_pct":0.0,"2020斑塊數":1,"2024斑塊數":1,"斑塊數增加率_pct":0.0,"2020平均斑塊面積_ha":172555.65,"2024平均斑塊面積_ha":172145.43,"平均斑塊面積下降率_pct":0.24,"道路切割密度_km_per_km2":0.029,"建成區邊界切割密度_km_per_km2":0.0,"孤立小斑塊比例_pct":0.0,"距大型連續綠地平均距離_m":0.0,"score_面積減少":36.827195467422094,"score_斑塊增加":46.81303116147309,"score_平均斑塊縮小":50.63739376770538,"score_道路建成區切割":35.87110481586403,"score_孤立比例":45.34938621340888,"score_距大型綠地":44.66477809254013,"綜合破碎化分數":43.4,"破碎化等級":"低","判定原因":"面積減少0.0%；斑塊增加0.0%；平均斑塊縮小0.2%；道路密度0.03 km/km²；孤立比例0.0%；距大型綠地0m","2021面積_ha":104.04,"2022面積_ha":104.04,"2023面積_ha":104.04}},{"type":"Feature","geometry":{"type":"Polygon","coordinates":[[[121.49337998487289,24.504624621829855],[121.49341523645624,24.5136532596061],[121.50328324544267,24.51362067611437],[121.50324728892059,24.50459205188612],[121.49337998487289,24.504624621829855]]]},"properties":{"grid_id":"G022_018","綠地類型":"森林","中心經度":121.498331,"中心緯度":24.509123,"分析面積_km2":1.04,"2020面積_ha":104.04,"2024面積_ha":104.04,"面積減少率_pct":0.0,"2020斑塊數":1,"2024斑塊數":1,"斑塊數增加率_pct":0.0,"2020平均斑塊面積_ha":172555.65,"2024平均斑塊面積_ha":172145.43,"平均斑塊面積下降率_pct":0.24,"道路切割密度_km_per_km2":0.0,"建成區邊界切割密度_km_per_km2":0.0,"孤立小斑塊比例_pct":0.0,"距大型連續綠地平均距離_m":0.0,"score_面積減少":36.827195467422094,"score_斑塊增加":46.81303116147309,"score_平均斑塊縮小":50.63739376770538,"score_道路建成區切割":27.47875354107649,"score_孤立比例":45.34938621340888,"score_距大型綠地":44.66477809254013,"綜合破碎化分數":42.0,"破碎化等級":"低","判定原因":"面積減少0.0%；斑塊增加0.0%；平均斑塊縮小0.2%；道路密度0.00 km/km²；孤立比例0.0%；距大型綠地0m","2021面積_ha":104.04,"2022面積_ha":104.04,"2023面積_ha":104.04}},{"type":"Feature","geometry":{"type":"Polygon","coordinates":[[[121.50324728892059,24.50459205188612],[121.50328324544267,24.51362067611437],[121.51315123686088,24.513587447482937],[121.51311457540557,24.5045588370709],[121.50324728892059,24.50459205188612]]]},"properties":{"grid_id":"G022_019","綠地類型":"森林","中心經度":121.508199,"中心緯度":24.50909,"分析面積_km2":1.04,"2020面積_ha":102.87,"2024面積_ha":104.04,"面積減少率_pct":0.0,"2020斑塊數":1,"2024斑塊數":1,"斑塊數增加率_pct":0.0,"2020平均斑塊面積_ha":172555.65,"2024平均斑塊面積_ha":172145.43,"平均斑塊面積下降率_pct":0.24,"道路切割密度_km_per_km2":0.0,"建成區邊界切割密度_km_per_km2":0.0,"孤立小斑塊比例_pct":0.0,"距大型連續綠地平均距離_m":0.0,"score_面積減少":36.827195467422094,"score_斑塊增加":46.81303116147309,"score_平均斑塊縮小":50.63739376770538,"score_道路建成區切割":27.47875354107649,"score_孤立比例":45.34938621340888,"score_距大型綠地":44.66477809254013,"綜合破碎化分數":42.0,"破碎化等級":"低","判定原因":"面積減少0.0%；斑塊增加0.0%；平均斑塊縮小0.2%；道路密度0.00 km/km²；孤立比例0.0%；距大型綠地0m","2021面積_ha":103.86,"2022面積_ha":102.87,"2023面積_ha":103.23}},{"type":"Feature","geometry":{"type":"Polygon","coordinates":[[[121.53284909431024,24.504490472844463],[121.53288716561495,24.513519054819366],[121.542755102262,24.51348389079666],[121.5427163260413,24.50445532344268],[121.53284909431024,24.504490472844463]]]},"properties":{"grid_id":"G022_022","綠地類型":"森林","中心經度":121.537802,"中心緯度":24.508987,"分析面積_km2":1.04,"2020面積_ha":104.04,"2024面積_ha":104.04,"面積減少率_pct":0.0,"2020斑塊數":1,"2024斑塊數":1,"斑塊數增加率_pct":0.0,"2020平均斑塊面積_ha":172555.65,"2024平均斑塊面積_ha":172145.43,"平均斑塊面積下降率_pct":0.24,"道路切割密度_km_per_km2":0.0,"建成區邊界切割密度_km_per_km2":0.0,"孤立小斑塊比例_pct":0.0,"距大型連續綠地平均距離_m":0.0,"score_面積減少":36.827195467422094,"score_斑塊增加":46.81303116147309,"score_平均斑塊縮小":50.63739376770538,"score_道路建成區切割":27.47875354107649,"score_孤立比例":45.34938621340888,"score_距大型綠地":44.66477809254013,"綜合破碎化分數":42.0,"破碎化等級":"低","判定原因":"面積減少0.0%；斑塊增加0.0%；平均斑塊縮小0.2%；道路密度0.00 km/km²；孤立比例0.0%；距大型綠地0m","2021面積_ha":104.04,"2022面積_ha":104.04,"2023面積_ha":104.04}},{"type":"Feature","geometry":{"type":"Polygon","coordinates":[[[121.5427163260413,24.50445532344268],[121.542755102262,24.51348389079666],[121.55262301996324,24.513448081653124],[121.55258353883245,24.504419529188283],[121.5427163260413,24.50445532344268]]]},"properties":{"grid_id":"G022_023","綠地類型":"森林","中心經度":121.547669,"中心緯度":24.508952,"分析面積_km2":1.04,"2020面積_ha":104.04,"2024面積_ha":104.04,"面積減少率_pct":0.0,"2020斑塊數":1,"2024斑塊數":1,"斑塊數增加率_pct":0.0,"2020平均斑塊面積_ha":172555.65,"2024平均斑塊面積_ha":172145.43,"平均斑塊面積下降率_pct":0.24,"道路切割密度_km_per_km2":0.0,"建成區邊界切割密度_km_per_km2":0.0,"孤立小斑塊比例_pct":0.0,"距大型連續綠地平均距離_m":0.0,"score_面積減少":36.827195467422094,"score_斑塊增加":46.81303116147309,"score_平均斑塊縮小":50.63739376770538,"score_道路建成區切割":27.47875354107649,"score_孤立比例":45.34938621340888,"score_距大型綠地":44.66477809254013,"綜合破碎化分數":42.0,"破碎化等級":"低","判定原因":"面積減少0.0%；斑塊增加0.0%；平均斑塊縮小0.2%；道路密度0.00 km/km²；孤立比例0.0%；距大型綠地0m","2021面積_ha":104.04,"2022面積_ha":104.04,"2023面積_ha":104.04}},{"type":"Feature","geometry":{"type":"Polygon","coordinates":[[[121.57231790621793,24.5043460061415],[121.57235879715049,24.51337452802338],[121.58222665594779,24.513336783547327],[121.58218506012369,24.504308277359257],[121.57231790621793,24.5043460061415]]]},"properties":{"grid_id":"G022_026","綠地類型":"森林","中心經度":121.577272,"中心緯度":24.508841,"分析面積_km2":1.04,"2020面積_ha":101.88,"2024面積_ha":103.77,"面積減少率_pct":0.0,"2020斑塊數":1,"2024斑塊數":1,"斑塊數增加率_pct":0.0,"2020平均斑塊面積_ha":172555.65,"2024平均斑塊面積_ha":172145.43,"平均斑塊面積下降率_pct":0.24,"道路切割密度_km_per_km2":0.0,"建成區邊界切割密度_km_per_km2":0.0,"孤立小斑塊比例_pct":0.0,"距大型連續綠地平均距離_m":0.0,"score_面積減少":36.827195467422094,"score_斑塊增加":46.81303116147309,"score_平均斑塊縮小":50.63739376770538,"score_道路建成區切割":27.47875354107649,"score_孤立比例":45.34938621340888,"score_距大型綠地":44.66477809254013,"綜合破碎化分數":42.0,"破碎化等級":"低","判定原因":"面積減少0.0%；斑塊增加0.0%；平均斑塊縮小0.2%；道路密度0.00 km/km²；孤立比例0.0%；距大型綠地0m","2021面積_ha":103.41,"2022面積_ha":103.77,"2023面積_ha":103.05}},{"type":"Feature","geometry":{"type":"Polygon","coordinates":[[[121.68085542494114,24.50389552466191],[121.68090406931147,24.51292385916035],[121.69077168561098,24.512879018884345],[121.69072233642535,24.503850703029954],[121.68085542494114,24.50389552466191]]]},"properties":{"grid_id":"G022_037","綠地類型":"森林","中心經度":121.685813,"中心緯度":24.508387,"分析面積_km2":1.04,"2020面積_ha":104.04,"2024面積_ha":104.04,"面積減少率_pct":0.0,"2020斑塊數":1,"2024斑塊數":1,"斑塊數增加率_pct":0.0,"2020平均斑塊面積_ha":172555.65,"2024平均斑塊面積_ha":172145.43,"平均斑塊面積下降率_pct":0.24,"道路切割密度_km_per_km2":0.0,"建成區邊界切割密度_km_per_km2":0.0,"孤立小斑塊比例_pct":0.0,"距大型連續綠地平均距離_m":0.0,"score_面積減少":36.827195467422094,"score_斑塊增加":46.81303116147309,"score_平均斑塊縮小":50.63739376770538,"score_道路建成區切割":27.47875354107649,"score_孤立比例":45.34938621340888,"score_距大型綠地":44.66477809254013,"綜合破碎化分數":42.0,"破碎化等級":"低","判定原因":"面積減少0.0%；斑塊增加0.0%；平均斑塊縮小0.2%；道路密度0.00 km/km²；孤立比例0.0%；距大型綠地0m","2021面積_ha":104.04,"2022面積_ha":104.04,"2023面積_ha":104.04}},{"type":"Feature","geometry":{"type":"Polygon","coordinates":[[[121.69072233642535,24.503850703029954],[121.69077168561098,24.512879018884345],[121.70063927779916,24.51283353357096],[121.70058922380576,24.503805236628807],[121.69072233642535,24.503850703029954]]]},"properties":{"grid_id":"G022_038","綠地類型":"森林","中心經度":121.695681,"中心緯度":24.508342,"分析面積_km2":1.04,"2020面積_ha":104.04,"2024面積_ha":104.04,"面積減少率_pct":0.0,"2020斑塊數":1,"2024斑塊數":1,"斑塊數增加率_pct":0.0,"2020平均斑塊面積_ha":172555.65,"2024平均斑塊面積_ha":172145.43,"平均斑塊面積下降率_pct":0.24,"道路切割密度_km_per_km2":0.0,"建成區邊界切割密度_km_per_km2":0.0,"孤立小斑塊比例_pct":0.0,"距大型連續綠地平均距離_m":0.0,"score_面積減少":36.827195467422094,"score_斑塊增加":46.81303116147309,"score_平均斑塊縮小":50.63739376770538,"score_道路建成區切割":27.47875354107649,"score_孤立比例":45.34938621340888,"score_距大型綠地":44.66477809254013,"綜合破碎化分數":42.0,"破碎化等級":"低","判定原因":"面積減少0.0%；斑塊增加0.0%；平均斑塊縮小0.2%；道路密度0.00 km/km²；孤立比例0.0%；距大型綠地0m","2021面積_ha":104.04,"2022面積_ha":104.04,"2023面積_ha":104.04}},{"type":"Feature","geometry":{"type":"Polygon","coordinates":[[[121.70058922380576,24.503805236628807],[121.70063927779916,24.51283353357096],[121.71050684553164,24.51278740322646],[121.71045608673816,24.50375912546473],[121.70058922380576,24.503805236628807]]]},"properties":{"grid_id":"G022_039","綠地類型":"森林","中心經度":121.705548,"中心緯度":24.508296,"分析面積_km2":1.04,"2020面積_ha":104.04,"2024面積_ha":104.04,"面積減少率_pct":0.0,"2020斑塊數":1,"2024斑塊數":1,"斑塊數增加率_pct":0.0,"2020平均斑塊面積_ha":172555.65,"2024平均斑塊面積_ha":172145.43,"平均斑塊面積下降率_pct":0.24,"道路切割密度_km_per_km2":0.0,"建成區邊界切割密度_km_per_km2":0.0,"孤立小斑塊比例_pct":0.0,"距大型連續綠地平均距離_m":0.0,"score_面積減少":36.827195467422094,"score_斑塊增加":46.81303116147309,"score_平均斑塊縮小":50.63739376770538,"score_道路建成區切割":27.47875354107649,"score_孤立比例":45.34938621340888,"score_距大型綠地":44.66477809254013,"綜合破碎化分數":42.0,"破碎化等級":"低","判定原因":"面積減少0.0%；斑塊增加0.0%；平均斑塊縮小0.2%；道路密度0.00 km/km²；孤立比例0.0%；距大型綠地0m","2021面積_ha":104.04,"2022面積_ha":104.04,"2023面積_ha":104.04}},{"type":"Feature","geometry":{"type":"Polygon","coordinates":[[[121.71045608673816,24.50375912546473],[121.71050684553164,24.51278740322646],[121.72037438846411,24.512740627857227],[121.72032292487837,24.503712369544086],[121.71045608673816,24.50375912546473]]]},"properties":{"grid_id":"G022_040","綠地類型":"森林","中心經度":121.715415,"中心緯度":24.50825,"分析面積_km2":1.04,"2020面積_ha":104.04,"2024面積_ha":104.04,"面積減少率_pct":0.0,"2020斑塊數":1,"2024斑塊數":1,"斑塊數增加率_pct":0.0,"2020平均斑塊面積_ha":172555.65,"2024平均斑塊面積_ha":172145.43,"平均斑塊面積下降率_pct":0.24,"道路切割密度_km_per_km2":0.0,"建成區邊界切割密度_km_per_km2":0.0,"孤立小斑塊比例_pct":0.0,"距大型連續綠地平均距離_m":0.0,"score_面積減少":36.827195467422094,"score_斑塊增加":46.81303116147309,"score_平均斑塊縮小":50.63739376770538,"score_道路建成區切割":27.47875354107649,"score_孤立比例":45.34938621340888,"score_距大型綠地":44.66477809254013,"綜合破碎化分數":42.0,"破碎化等級":"低","判定原因":"面積減少0.0%；斑塊增加0.0%；平均斑塊縮小0.2%；道路密度0.00 km/km²；孤立比例0.0%；距大型綠地0m","2021面積_ha":104.04,"2022面積_ha":104.04,"2023面積_ha":104.04}},{"type":"Feature","geometry":{"type":"Polygon","coordinates":[[[121.72032292487837,24.503712369544086],[121.72037438846411,24.512740627857227],[121.73024190625226,24.512693207469695],[121.73018973788211,24.503664968873334],[121.72032292487837,24.503712369544086]]]},"properties":{"grid_id":"G022_041","綠地類型":"森林","中心經度":121.725282,"中心緯度":24.508203,"分析面積_km2":1.04,"2020面積_ha":104.04,"2024面積_ha":104.04,"面積減少率_pct":0.0,"2020斑塊數":1,"2024斑塊數":1,"斑塊數增加率_pct":0.0,"2020平均斑塊面積_ha":172555.65,"2024平均斑塊面積_ha":172145.43,"平均斑塊面積下降率_pct":0.24,"道路切割密度_km_per_km2":0.0,"建成區邊界切割密度_km_per_km2":0.0,"孤立小斑塊比例_pct":0.0,"距大型連續綠地平均距離_m":0.0,"score_面積減少":36.827195467422094,"score_斑塊增加":46.81303116147309,"score_平均斑塊縮小":50.63739376770538,"score_道路建成區切割":27.47875354107649,"score_孤立比例":45.34938621340888,"score_距大型綠地":44.66477809254013,"綜合破碎化分數":42.0,"破碎化等級":"低","判定原因":"面積減少0.0%；斑塊增加0.0%；平均斑塊縮小0.2%；道路密度0.00 km/km²；孤立比例0.0%；距大型綠地0m","2021面積_ha":104.04,"2022面積_ha":104.04,"2023面積_ha":104.04}},{"type":"Feature","geometry":{"type":"Polygon","coordinates":[[[121.74992328710354,24.503568233307725],[121.7499768650183,24.512596431666022],[121.75984430530761,24.51254707626324],[121.75979002263281,24.50351889842622],[121.74992328710354,24.503568233307725]]]},"properties":{"grid_id":"G022_044","綠地類型":"森林","中心經度":121.754884,"中心緯度":24.508058,"分析面積_km2":1.04,"2020面積_ha":96.3,"2024面積_ha":97.11,"面積減少率_pct":0.0,"2020斑塊數":1,"2024斑塊數":1,"斑塊數增加率_pct":0.0,"2020平均斑塊面積_ha":172555.65,"2024平均斑塊面積_ha":172145.43,"平均斑塊面積下降率_pct":0.24,"道路切割密度_km_per_km2":0.433,"建成區邊界切割密度_km_per_km2":0.0,"孤立小斑塊比例_pct":0.0,"距大型連續綠地平均距離_m":0.0,"score_面積減少":36.827195467422094,"score_斑塊增加":46.81303116147309,"score_平均斑塊縮小":50.63739376770538,"score_道路建成區切割":38.57412653446648,"score_孤立比例":45.34938621340888,"score_距大型綠地":44.66477809254013,"綜合破碎化分數":43.8,"破碎化等級":"低","判定原因":"面積減少0.0%；斑塊增加0.0%；平均斑塊縮小0.2%；道路密度0.43 km/km²；孤立比例0.0%；距大型綠地0m","2021面積_ha":97.11,"2022面積_ha":96.93,"2023面積_ha":96.57}},{"type":"Feature","geometry":{"type":"Polygon","coordinates":[[[121.76965673164887,24.503468918821284],[121.76971171907533,24.512497075868858],[121.77957910597722,24.512446430489792],[121.7795234138075,24.503418294499816],[121.76965673164887,24.503468918821284]]]},"properties":{"grid_id":"G022_046","綠地類型":"森林","中心經度":121.774618,"中心緯度":24.507958,"分析面積_km2":1.04,"2020面積_ha":104.04,"2024面積_ha":104.04,"面積減少率_pct":0.0,"2020斑塊數":1,"2024斑塊數":1,"斑塊數增加率_pct":0.0,"2020平均斑塊面積_ha":172555.65,"2024平均斑塊面積_ha":172145.43,"平均斑塊面積下降率_pct":0.24,"道路切割密度_km_per_km2":0.0,"建成區邊界切割密度_km_per_km2":0.0,"孤立小斑塊比例_pct":0.0,"距大型連續綠地平均距離_m":0.0,"score_面積減少":36.827195467422094,"score_斑塊增加":46.81303116147309,"score_平均斑塊縮小":50.63739376770538,"score_道路建成區切割":27.47875354107649,"score_孤立比例":45.34938621340888,"score_距大型綠地":44.66477809254013,"綜合破碎化分數":42.0,"破碎化等級":"低","判定原因":"面積減少0.0%；斑塊增加0.0%；平均斑塊縮小0.2%；道路密度0.00 km/km²；孤立比例0.0%；距大型綠地0m","2021面積_ha":104.04,"2022面積_ha":104.04,"2023面積_ha":104.04}},{"type":"Feature","geometry":{"type":"Polygon","coordinates":[[[121.7795234138075,24.503418294499816],[121.77957910597722,24.512446430489792],[121.78944646566899,24.512395140133023],[121.78939006876458,24.50336702546881],[121.7795234138075,24.503418294499816]]]},"properties":{"grid_id":"G022_047","綠地類型":"森林","中心經度":121.784485,"中心緯度":24.507907,"分析面積_km2":1.04,"2020面積_ha":104.04,"2024面積_ha":104.04,"面積減少率_pct":0.0,"2020斑塊數":1,"2024斑塊數":1,"斑塊數增加率_pct":0.0,"2020平均斑塊面積_ha":172555.65,"2024平均斑塊面積_ha":172145.43,"平均斑塊面積下降率_pct":0.24,"道路切割密度_km_per_km2":0.0,"建成區邊界切割密度_km_per_km2":0.0,"孤立小斑塊比例_pct":0.0,"距大型連續綠地平均距離_m":0.0,"score_面積減少":36.827195467422094,"score_斑塊增加":46.81303116147309,"score_平均斑塊縮小":50.63739376770538,"score_道路建成區切割":27.47875354107649,"score_孤立比例":45.34938621340888,"score_距大型綠地":44.66477809254013,"綜合破碎化分數":42.0,"破碎化等級":"低","判定原因":"面積減少0.0%；斑塊增加0.0%；平均斑塊縮小0.2%；道路密度0.00 km/km²；孤立比例0.0%；距大型綠地0m","2021面積_ha":104.04,"2022面積_ha":104.04,"2023面積_ha":104.04}},{"type":"Feature","geometry":{"type":"Polygon","coordinates":[[[121.79925669617586,24.503315111735322],[121.79931379780633,24.51234320480563],[121.80918110204496,24.512290624514776],[121.80912329569723,24.50326255330652],[121.79925669617586,24.503315111735322]]]},"properties":{"grid_id":"G022_049","綠地類型":"森林","中心經度":121.804219,"中心緯度":24.507803,"分析面積_km2":1.04,"2020面積_ha":104.04,"2024面積_ha":104.04,"面積減少率_pct":0.0,"2020斑塊數":1,"2024斑塊數":1,"斑塊數增加率_pct":0.0,"2020平均斑塊面積_ha":172555.65,"2024平均斑塊面積_ha":172145.43,"平均斑塊面積下降率_pct":0.24,"道路切割密度_km_per_km2":0.0,"建成區邊界切割密度_km_per_km2":0.0,"孤立小斑塊比例_pct":0.0,"距大型連續綠地平均距離_m":0.0,"score_面積減少":36.827195467422094,"score_斑塊增加":46.81303116147309,"score_平均斑塊縮小":50.63739376770538,"score_道路建成區切割":27.47875354107649,"score_孤立比例":45.34938621340888,"score_距大型綠地":44.66477809254013,"綜合破碎化分數":42.0,"破碎化等級":"低","判定原因":"面積減少0.0%；斑塊增加0.0%；平均斑塊縮小0.2%；道路密度0.00 km/km²；孤立比例0.0%；距大型綠地0m","2021面積_ha":104.04,"2022面積_ha":104.04,"2023面積_ha":104.04}},{"type":"Feature","geometry":{"type":"Polygon","coordinates":[[[121.40460242183782,24.513917479032163],[121.40463134286595,24.522946215837813],[121.41450019979533,24.52291942765983],[121.41447057343917,24.51389070198947],[121.40460242183782,24.513917479032163]]]},"properties":{"grid_id":"G023_009","綠地類型":"森林","中心經度":121.409551,"中心緯度":24.518419,"分析面積_km2":1.04,"2020面積_ha":104.04,"2024面積_ha":104.04,"面積減少率_pct":0.0,"2020斑塊數":1,"2024斑塊數":1,"斑塊數增加率_pct":0.0,"2020平均斑塊面積_ha":172555.65,"2024平均斑塊面積_ha":172145.43,"平均斑塊面積下降率_pct":0.24,"道路切割密度_km_per_km2":0.0,"建成區邊界切割密度_km_per_km2":0.0,"孤立小斑塊比例_pct":0.0,"距大型連續綠地平均距離_m":0.0,"score_面積減少":36.827195467422094,"score_斑塊增加":46.81303116147309,"score_平均斑塊縮小":50.63739376770538,"score_道路建成區切割":27.47875354107649,"score_孤立比例":45.34938621340888,"score_距大型綠地":44.66477809254013,"綜合破碎化分數":42.0,"破碎化等級":"低","判定原因":"面積減少0.0%；斑塊增加0.0%；平均斑塊縮小0.2%；道路密度0.00 km/km²；孤立比例0.0%；距大型綠地0m","2021面積_ha":104.04,"2022面積_ha":104.04,"2023面積_ha":104.04}},{"type":"Feature","geometry":{"type":"Polygon","coordinates":[[[121.41447057343917,24.51389070198947],[121.41450019979533,24.52291942765983],[121.42436904225178,24.52289199403658],[121.42433871057219,24.51386327976981],[121.41447057343917,24.51389070198947]]]},"properties":{"grid_id":"G023_010","綠地類型":"森林","中心經度":121.41942,"中心緯度":24.518391,"分析面積_km2":1.04,"2020面積_ha":103.59,"2024面積_ha":103.68,"面積減少率_pct":0.0,"2020斑塊數":1,"2024斑塊數":1,"斑塊數增加率_pct":0.0,"2020平均斑塊面積_ha":172555.65,"2024平均斑塊面積_ha":172145.43,"平均斑塊面積下降率_pct":0.24,"道路切割密度_km_per_km2":0.0,"建成區邊界切割密度_km_per_km2":0.0,"孤立小斑塊比例_pct":0.0,"距大型連續綠地平均距離_m":0.0,"score_面積減少":36.827195467422094,"score_斑塊增加":46.81303116147309,"score_平均斑塊縮小":50.63739376770538,"score_道路建成區切割":27.47875354107649,"score_孤立比例":45.34938621340888,"score_距大型綠地":44.66477809254013,"綜合破碎化分數":42.0,"破碎化等級":"低","判定原因":"面積減少0.0%；斑塊增加0.0%；平均斑塊縮小0.2%；道路密度0.00 km/km²；孤立比例0.0%；距大型綠地0m","2021面積_ha":103.68,"2022面積_ha":103.32,"2023面積_ha":103.32}},{"type":"Feature","geometry":{"type":"Polygon","coordinates":[[[121.42433871057219,24.51386327976981],[121.42436904225178,24.52289199403658],[121.43423786989075,24.522863914971857],[121.43420683289239,24.513835212376964],[121.42433871057219,24.51386327976981]]]},"properties":{"grid_id":"G023_011","綠地類型":"森林","中心經度":121.429288,"中心緯度":24.518364,"分析面積_km2":1.04,"2020面積_ha":90.0,"2024面積_ha":92.16,"面積減少率_pct":0.0,"2020斑塊數":1,"2024斑塊數":1,"斑塊數增加率_pct":0.0,"2020平均斑塊面積_ha":172555.65,"2024平均斑塊面積_ha":172145.43,"平均斑塊面積下降率_pct":0.24,"道路切割密度_km_per_km2":0.0,"建成區邊界切割密度_km_per_km2":0.0,"孤立小斑塊比例_pct":0.0,"距大型連續綠地平均距離_m":0.0,"score_面積減少":36.827195467422094,"score_斑塊增加":46.81303116147309,"score_平均斑塊縮小":50.63739376770538,"score_道路建成區切割":27.47875354107649,"score_孤立比例":45.34938621340888,"score_距大型綠地":44.66477809254013,"綜合破碎化分數":42.0,"破碎化等級":"低","判定原因":"面積減少0.0%；斑塊增加0.0%；平均斑塊縮小0.2%；道路密度0.00 km/km²；孤立比例0.0%；距大型綠地0m","2021面積_ha":93.15,"2022面積_ha":91.53,"2023面積_ha":90.72}},{"type":"Feature","geometry":{"type":"Polygon","coordinates":[[[121.45394303171662,24.513777142087292],[121.45397547933814,24.522805820533566],[121.46384426045744,24.522775805168017],[121.46381110753177,24.513747139198486],[121.45394303171662,24.513777142087292]]]},"properties":{"grid_id":"G023_014","綠地類型":"森林","中心經度":121.458893,"中心緯度":24.518277,"分析面積_km2":1.04,"2020面積_ha":104.04,"2024面積_ha":104.04,"面積減少率_pct":0.0,"2020斑塊數":1,"2024斑塊數":1,"斑塊數增加率_pct":0.0,"2020平均斑塊面積_ha":172555.65,"2024平均斑塊面積_ha":172145.43,"平均斑塊面積下降率_pct":0.24,"道路切割密度_km_per_km2":0.231,"建成區邊界切割密度_km_per_km2":0.0,"孤立小斑塊比例_pct":0.0,"距大型連續綠地平均距離_m":0.0,"score_面積減少":36.827195467422094,"score_斑塊增加":46.81303116147309,"score_平均斑塊縮小":50.63739376770538,"score_道路建成區切割":37.31114258734655,"score_孤立比例":45.34938621340888,"score_距大型綠地":44.66477809254013,"綜合破碎化分數":43.6,"破碎化等級":"低","判定原因":"面積減少0.0%；斑塊增加0.0%；平均斑塊縮小0.2%；道路密度0.23 km/km²；孤立比例0.0%；距大型綠地0m","2021面積_ha":104.04,"2022面積_ha":104.04,"2023面積_ha":104.04}},{"type":"Feature","geometry":{"type":"Polygon","coordinates":[[[121.48354721024599,24.513685197953606],[121.48358177376461,24.52271383816481],[121.49345050526343,24.522681886535715],[121.49341523645624,24.5136532596061],[121.48354721024599,24.513685197953606]]]},"properties":{"grid_id":"G023_017","綠地類型":"森林","中心經度":121.488499,"中心緯度":24.518184,"分析面積_km2":1.04,"2020面積_ha":104.04,"2024面積_ha":104.04,"面積減少率_pct":0.0,"2020斑塊數":1,"2024斑塊數":1,"斑塊數增加率_pct":0.0,"2020平均斑塊面積_ha":172555.65,"2024平均斑塊面積_ha":172145.43,"平均斑塊面積下降率_pct":0.24,"道路切割密度_km_per_km2":0.0,"建成區邊界切割密度_km_per_km2":0.0,"孤立小斑塊比例_pct":0.0,"距大型連續綠地平均距離_m":0.0,"score_面積減少":36.827195467422094,"score_斑塊增加":46.81303116147309,"score_平均斑塊縮小":50.63739376770538,"score_道路建成區切割":27.47875354107649,"score_孤立比例":45.34938621340888,"score_距大型綠地":44.66477809254013,"綜合破碎化分數":42.0,"破碎化等級":"低","判定原因":"面積減少0.0%；斑塊增加0.0%；平均斑塊縮小0.2%；道路密度0.00 km/km²；孤立比例0.0%；距大型綠地0m","2021面積_ha":104.04,"2022面積_ha":104.04,"2023面積_ha":104.04}},{"type":"Feature","geometry":{"type":"Polygon","coordinates":[[[121.49341523645624,24.5136532596061],[121.49345050526343,24.522681886535715],[121.503319219533,24.522649289494133],[121.50328324544267,24.51362067611437],[121.49341523645624,24.5136532596061]]]},"properties":{"grid_id":"G023_018","綠地類型":"森林","中心經度":121.498367,"中心緯度":24.518151,"分析面積_km2":1.04,"2020面積_ha":104.04,"2024面積_ha":104.04,"面積減少率_pct":0.0,"2020斑塊數":1,"2024斑塊數":1,"斑塊數增加率_pct":0.0,"2020平均斑塊面積_ha":172555.65,"2024平均斑塊面積_ha":172145.43,"平均斑塊面積下降率_pct":0.24,"道路切割密度_km_per_km2":0.0,"建成區邊界切割密度_km_per_km2":0.0,"孤立小斑塊比例_pct":0.0,"距大型連續綠地平均距離_m":0.0,"score_面積減少":36.827195467422094,"score_斑塊增加":46.81303116147309,"score_平均斑塊縮小":50.63739376770538,"score_道路建成區切割":27.47875354107649,"score_孤立比例":45.34938621340888,"score_距大型綠地":44.66477809254013,"綜合破碎化分數":42.0,"破碎化等級":"低","判定原因":"面積減少0.0%；斑塊增加0.0%；平均斑塊縮小0.2%；道路密度0.00 km/km²；孤立比例0.0%；距大型綠地0m","2021面積_ha":104.04,"2022面積_ha":103.86,"2023面積_ha":104.04}},{"type":"Feature","geometry":{"type":"Polygon","coordinates":[[[121.50328324544267,24.51362067611437],[121.503319219533,24.522649289494133],[121.51318791622883,24.522616047044558],[121.51315123686088,24.513587447482937],[121.50328324544267,24.51362067611437]]]},"properties":{"grid_id":"G023_019","綠地類型":"森林","中心經度":121.508235,"中心緯度":24.518118,"分析面積_km2":1.04,"2020面積_ha":104.04,"2024面積_ha":104.04,"面積減少率_pct":0.0,"2020斑塊數":1,"2024斑塊數":1,"斑塊數增加率_pct":0.0,"2020平均斑塊面積_ha":172555.65,"2024平均斑塊面積_ha":172145.43,"平均斑塊面積下降率_pct":0.24,"道路切割密度_km_per_km2":0.0,"建成區邊界切割密度_km_per_km2":0.0,"孤立小斑塊比例_pct":0.0,"距大型連續綠地平均距離_m":0.0,"score_面積減少":36.827195467422094,"score_斑塊增加":46.81303116147309,"score_平均斑塊縮小":50.63739376770538,"score_道路建成區切割":27.47875354107649,"score_孤立比例":45.34938621340888,"score_距大型綠地":44.66477809254013,"綜合破碎化分數":42.0,"破碎化等級":"低","判定原因":"面積減少0.0%；斑塊增加0.0%；平均斑塊縮小0.2%；道路密度0.00 km/km²；孤立比例0.0%；距大型綠地0m","2021面積_ha":104.04,"2022面積_ha":104.04,"2023面積_ha":104.04}},{"type":"Feature","geometry":{"type":"Polygon","coordinates":[[[121.52301921036644,24.51355357371638],[121.52305659500635,24.52258215919159],[121.53292525552115,24.522547625939904],[121.53288716561495,24.513519054819366],[121.52301921036644,24.51355357371638]]]},"properties":{"grid_id":"G023_021","綠地類型":"森林","中心經度":121.527972,"中心緯度":24.518051,"分析面積_km2":1.04,"2020面積_ha":104.04,"2024面積_ha":104.04,"面積減少率_pct":0.0,"2020斑塊數":1,"2024斑塊數":1,"斑塊數增加率_pct":0.0,"2020平均斑塊面積_ha":172555.65,"2024平均斑塊面積_ha":172145.43,"平均斑塊面積下降率_pct":0.24,"道路切割密度_km_per_km2":0.231,"建成區邊界切割密度_km_per_km2":0.0,"孤立小斑塊比例_pct":0.0,"距大型連續綠地平均距離_m":0.0,"score_面積減少":36.827195467422094,"score_斑塊增加":46.81303116147309,"score_平均斑塊縮小":50.63739376770538,"score_道路建成區切割":37.31114258734655,"score_孤立比例":45.34938621340888,"score_距大型綠地":44.66477809254013,"綜合破碎化分數":43.6,"破碎化等級":"低","判定原因":"面積減少0.0%；斑塊增加0.0%；平均斑塊縮小0.2%；道路密度0.23 km/km²；孤立比例0.0%；距大型綠地0m","2021面積_ha":104.04,"2022面積_ha":104.04,"2023面積_ha":104.04}},{"type":"Feature","geometry":{"type":"Polygon","coordinates":[[[121.53288716561495,24.513519054819366],[121.53292525552115,24.522547625939904],[121.5427938974286,24.522512447294254],[121.542755102262,24.51348389079666],[121.53288716561495,24.513519054819366]]]},"properties":{"grid_id":"G023_022","綠地類型":"森林","中心經度":121.53784,"中心緯度":24.518016,"分析面積_km2":1.04,"2020面積_ha":104.04,"2024面積_ha":104.04,"面積減少率_pct":0.0,"2020斑塊數":1,"2024斑塊數":1,"斑塊數增加率_pct":0.0,"2020平均斑塊面積_ha":172555.65,"2024平均斑塊面積_ha":172145.43,"平均斑塊面積下降率_pct":0.24,"道路切割密度_km_per_km2":0.0,"建成區邊界切割密度_km_per_km2":0.0,"孤立小斑塊比例_pct":0.0,"距大型連續綠地平均距離_m":0.0,"score_面積減少":36.827195467422094,"score_斑塊增加":46.81303116147309,"score_平均斑塊縮小":50.63739376770538,"score_道路建成區切割":27.47875354107649,"score_孤立比例":45.34938621340888,"score_距大型綠地":44.66477809254013,"綜合破碎化分數":42.0,"破碎化等級":"低","判定原因":"面積減少0.0%；斑塊增加0.0%；平均斑塊縮小0.2%；道路密度0.00 km/km²；孤立比例0.0%；距大型綠地0m","2021面積_ha":104.04,"2022面積_ha":104.04,"2023面積_ha":104.04}},{"type":"Feature","geometry":{"type":"Polygon","coordinates":[[[121.59209449442166,24.513298393970732],[121.59213681579868,24.52232687332966],[121.60200533882778,24.52228782242533],[121.60196231222774,24.51325935929889],[121.59209449442166,24.513298393970732]]]},"properties":{"grid_id":"G023_028","綠地類型":"森林","中心經度":121.59705,"中心緯度":24.517793,"分析面積_km2":1.04,"2020面積_ha":104.04,"2024面積_ha":104.04,"面積減少率_pct":0.0,"2020斑塊數":1,"2024斑塊數":1,"斑塊數增加率_pct":0.0,"2020平均斑塊面積_ha":172555.65,"2024平均斑塊面積_ha":172145.43,"平均斑塊面積下降率_pct":0.24,"道路切割密度_km_per_km2":0.49,"建成區邊界切割密度_km_per_km2":0.0,"孤立小斑塊比例_pct":0.0,"距大型連續綠地平均距離_m":0.0,"score_面積減少":36.827195467422094,"score_斑塊增加":46.81303116147309,"score_平均斑塊縮小":50.63739376770538,"score_道路建成區切割":38.85741265344665,"score_孤立比例":45.34938621340888,"score_距大型綠地":44.66477809254013,"綜合破碎化分數":43.9,"破碎化等級":"低","判定原因":"面積減少0.0%；斑塊增加0.0%；平均斑塊縮小0.2%；道路密度0.49 km/km²；孤立比例0.0%；距大型綠地0m","2021面積_ha":104.04,"2022面積_ha":104.04,"2023面積_ha":103.77}},{"type":"Feature","geometry":{"type":"Polygon","coordinates":[[[121.64143336988661,24.513096769768136],[121.64147921731164,24.522125165282116],[121.65134763180207,24.522082887642906],[121.65130107918814,24.51305450970264],[121.64143336988661,24.513096769768136]]]},"properties":{"grid_id":"G023_033","綠地類型":"森林","中心經度":121.64639,"中心緯度":24.51759,"分析面積_km2":1.04,"2020面積_ha":102.87,"2024面積_ha":103.14,"面積減少率_pct":0.0,"2020斑塊數":1,"2024斑塊數":1,"斑塊數增加率_pct":0.0,"2020平均斑塊面積_ha":172555.65,"2024平均斑塊面積_ha":172145.43,"平均斑塊面積下降率_pct":0.24,"道路切割密度_km_per_km2":0.0,"建成區邊界切割密度_km_per_km2":0.0,"孤立小斑塊比例_pct":0.0,"距大型連續綠地平均距離_m":0.0,"score_面積減少":36.827195467422094,"score_斑塊增加":46.81303116147309,"score_平均斑塊縮小":50.63739376770538,"score_道路建成區切割":27.47875354107649,"score_孤立比例":45.34938621340888,"score_距大型綠地":44.66477809254013,"綜合破碎化分數":42.0,"破碎化等級":"低","判定原因":"面積減少0.0%；斑塊增加0.0%；平均斑塊縮小0.2%；道路密度0.00 km/km²；孤立比例0.0%；距大型綠地0m","2021面積_ha":103.77,"2022面積_ha":103.68,"2023面積_ha":102.96}},{"type":"Feature","geometry":{"type":"Polygon","coordinates":[[[121.66116876575572,24.513011604575553],[121.66121602355139,24.522039964673866],[121.6710843922151,24.52199639638091],[121.67103642924492,24.512968054392783],[121.66116876575572,24.513011604575553]]]},"properties":{"grid_id":"G023_035","綠地類型":"森林","中心經度":121.666126,"中心緯度":24.517504,"分析面積_km2":1.04,"2020面積_ha":103.86,"2024面積_ha":103.86,"面積減少率_pct":0.0,"2020斑塊數":1,"2024斑塊數":1,"斑塊數增加率_pct":0.0,"2020平均斑塊面積_ha":172555.65,"2024平均斑塊面積_ha":172145.43,"平均斑塊面積下降率_pct":0.24,"道路切割密度_km_per_km2":0.0,"建成區邊界切割密度_km_per_km2":0.0,"孤立小斑塊比例_pct":0.0,"距大型連續綠地平均距離_m":0.0,"score_面積減少":36.827195467422094,"score_斑塊增加":46.81303116147309,"score_平均斑塊縮小":50.63739376770538,"score_道路建成區切割":27.47875354107649,"score_孤立比例":45.34938621340888,"score_距大型綠地":44.66477809254013,"綜合破碎化分數":42.0,"破碎化等級":"低","判定原因":"面積減少0.0%；斑塊增加0.0%；平均斑塊縮小0.2%；道路密度0.00 km/km²；孤立比例0.0%；距大型綠地0m","2021面積_ha":103.77,"2022面積_ha":103.86,"2023面積_ha":103.77}},{"type":"Feature","geometry":{"type":"Polygon","coordinates":[[[121.67103642924492,24.512968054392783],[121.6710843922151,24.52199639638091],[121.68095273744879,24.521952182770065],[121.68090406931147,24.51292385916035],[121.67103642924492,24.512968054392783]]]},"properties":{"grid_id":"G023_036","綠地類型":"森林","中心經度":121.675994,"中心緯度":24.51746,"分析面積_km2":1.04,"2020面積_ha":104.04,"2024面積_ha":104.04,"面積減少率_pct":0.0,"2020斑塊數":1,"2024斑塊數":1,"斑塊數增加率_pct":0.0,"2020平均斑塊面積_ha":172555.65,"2024平均斑塊面積_ha":172145.43,"平均斑塊面積下降率_pct":0.24,"道路切割密度_km_per_km2":0.0,"建成區邊界切割密度_km_per_km2":0.0,"孤立小斑塊比例_pct":0.0,"距大型連續綠地平均距離_m":0.0,"score_面積減少":36.827195467422094,"score_斑塊增加":46.81303116147309,"score_平均斑塊縮小":50.63739376770538,"score_道路建成區切割":27.47875354107649,"score_孤立比例":45.34938621340888,"score_距大型綠地":44.66477809254013,"綜合破碎化分數":42.0,"破碎化等級":"低","判定原因":"面積減少0.0%；斑塊增加0.0%；平均斑塊縮小0.2%；道路密度0.00 km/km²；孤立比例0.0%；距大型綠地0m","2021面積_ha":104.04,"2022面積_ha":104.04,"2023面積_ha":104.04}},{"type":"Feature","geometry":{"type":"Polygon","coordinates":[[[121.68090406931147,24.51292385916035],[121.68095273744879,24.521952182770065],[121.690821058908,24.521907323847426],[121.69077168561098,24.512879018884345],[121.68090406931147,24.51292385916035]]]},"properties":{"grid_id":"G023_037","綠地類型":"森林","中心經度":121.685862,"中心緯度":24.517416,"分析面積_km2":1.04,"2020面積_ha":99.81,"2024面積_ha":103.14,"面積減少率_pct":0.0,"2020斑塊數":1,"2024斑塊數":1,"斑塊數增加率_pct":0.0,"2020平均斑塊面積_ha":172555.65,"2024平均斑塊面積_ha":172145.43,"平均斑塊面積下降率_pct":0.24,"道路切割密度_km_per_km2":0.0,"建成區邊界切割密度_km_per_km2":0.0,"孤立小斑塊比例_pct":0.0,"距大型連續綠地平均距離_m":0.0,"score_面積減少":36.827195467422094,"score_斑塊增加":46.81303116147309,"score_平均斑塊縮小":50.63739376770538,"score_道路建成區切割":27.47875354107649,"score_孤立比例":45.34938621340888,"score_距大型綠地":44.66477809254013,"綜合破碎化分數":42.0,"破碎化等級":"低","判定原因":"面積減少0.0%；斑塊增加0.0%；平均斑塊縮小0.2%；道路密度0.00 km/km²；孤立比例0.0%；距大型綠地0m","2021面積_ha":101.43,"2022面積_ha":100.71,"2023面積_ha":102.69}},{"type":"Feature","geometry":{"type":"Polygon","coordinates":[[[121.69077168561098,24.512879018884345],[121.690821058908,24.521907323847426],[121.70068935624825,24.521861819619176],[121.70063927779916,24.51283353357096],[121.69077168561098,24.512879018884345]]]},"properties":{"grid_id":"G023_038","綠地類型":"森林","中心經度":121.69573,"中心緯度":24.517371,"分析面積_km2":1.04,"2020面積_ha":104.04,"2024面積_ha":104.04,"面積減少率_pct":0.0,"2020斑塊數":1,"2024斑塊數":1,"斑塊數增加率_pct":0.0,"2020平均斑塊面積_ha":172555.65,"2024平均斑塊面積_ha":172145.43,"平均斑塊面積下降率_pct":0.24,"道路切割密度_km_per_km2":0.0,"建成區邊界切割密度_km_per_km2":0.0,"孤立小斑塊比例_pct":0.0,"距大型連續綠地平均距離_m":0.0,"score_面積減少":36.827195467422094,"score_斑塊增加":46.81303116147309,"score_平均斑塊縮小":50.63739376770538,"score_道路建成區切割":27.47875354107649,"score_孤立比例":45.34938621340888,"score_距大型綠地":44.66477809254013,"綜合破碎化分數":42.0,"破碎化等級":"低","判定原因":"面積減少0.0%；斑塊增加0.0%；平均斑塊縮小0.2%；道路密度0.00 km/km²；孤立比例0.0%；距大型綠地0m","2021面積_ha":104.04,"2022面積_ha":104.04,"2023面積_ha":104.04}},{"type":"Feature","geometry":{"type":"Polygon","coordinates":[[[121.70063927779916,24.51283353357096],[121.70068935624825,24.521861819619176],[121.71055762912512,24.521815670091602],[121.71050684553164,24.51278740322646],[121.70063927779916,24.51283353357096]]]},"properties":{"grid_id":"G023_039","綠地類型":"森林","中心經度":121.705598,"中心緯度":24.517325,"分析面積_km2":1.04,"2020面積_ha":104.04,"2024面積_ha":104.04,"面積減少率_pct":0.0,"2020斑塊數":1,"2024斑塊數":1,"斑塊數增加率_pct":0.0,"2020平均斑塊面積_ha":172555.65,"2024平均斑塊面積_ha":172145.43,"平均斑塊面積下降率_pct":0.24,"道路切割密度_km_per_km2":0.0,"建成區邊界切割密度_km_per_km2":0.0,"孤立小斑塊比例_pct":0.0,"距大型連續綠地平均距離_m":0.0,"score_面積減少":36.827195467422094,"score_斑塊增加":46.81303116147309,"score_平均斑塊縮小":50.63739376770538,"score_道路建成區切割":27.47875354107649,"score_孤立比例":45.34938621340888,"score_距大型綠地":44.66477809254013,"綜合破碎化分數":42.0,"破碎化等級":"低","判定原因":"面積減少0.0%；斑塊增加0.0%；平均斑塊縮小0.2%；道路密度0.00 km/km²；孤立比例0.0%；距大型綠地0m","2021面積_ha":104.04,"2022面積_ha":104.04,"2023面積_ha":104.04}},{"type":"Feature","geometry":{"type":"Polygon","coordinates":[[[121.71050684553164,24.51278740322646],[121.71055762912512,24.521815670091602],[121.72042587719419,24.52176887527106],[121.72037438846411,24.512740627857227],[121.71050684553164,24.51278740322646]]]},"properties":{"grid_id":"G023_040","綠地類型":"森林","中心經度":121.715466,"中心緯度":24.517278,"分析面積_km2":1.04,"2020面積_ha":104.04,"2024面積_ha":104.04,"面積減少率_pct":0.0,"2020斑塊數":1,"2024斑塊數":1,"斑塊數增加率_pct":0.0,"2020平均斑塊面積_ha":172555.65,"2024平均斑塊面積_ha":172145.43,"平均斑塊面積下降率_pct":0.24,"道路切割密度_km_per_km2":0.0,"建成區邊界切割密度_km_per_km2":0.0,"孤立小斑塊比例_pct":0.0,"距大型連續綠地平均距離_m":0.0,"score_面積減少":36.827195467422094,"score_斑塊增加":46.81303116147309,"score_平均斑塊縮小":50.63739376770538,"score_道路建成區切割":27.47875354107649,"score_孤立比例":45.34938621340888,"score_距大型綠地":44.66477809254013,"綜合破碎化分數":42.0,"破碎化等級":"低","判定原因":"面積減少0.0%；斑塊增加0.0%；平均斑塊縮小0.2%；道路密度0.00 km/km²；孤立比例0.0%；距大型綠地0m","2021面積_ha":104.04,"2022面積_ha":104.04,"2023面積_ha":104.04}},{"type":"Feature","geometry":{"type":"Polygon","coordinates":[[[121.73024190625226,24.512693207469695],[121.73029410011101,24.52172143516402],[121.74016229753121,24.52167334977703],[121.74010939855175,24.512645142070415],[121.73024190625226,24.512693207469695]]]},"properties":{"grid_id":"G023_042","綠地類型":"森林","中心經度":121.735202,"中心緯度":24.517183,"分析面積_km2":1.04,"2020面積_ha":104.04,"2024面積_ha":104.04,"面積減少率_pct":0.0,"2020斑塊數":1,"2024斑塊數":1,"斑塊數增加率_pct":0.0,"2020平均斑塊面積_ha":172555.65,"2024平均斑塊面積_ha":172145.43,"平均斑塊面積下降率_pct":0.24,"道路切割密度_km_per_km2":0.0,"建成區邊界切割密度_km_per_km2":0.0,"孤立小斑塊比例_pct":0.0,"距大型連續綠地平均距離_m":0.0,"score_面積減少":36.827195467422094,"score_斑塊增加":46.81303116147309,"score_平均斑塊縮小":50.63739376770538,"score_道路建成區切割":27.47875354107649,"score_孤立比例":45.34938621340888,"score_距大型綠地":44.66477809254013,"綜合破碎化分數":42.0,"破碎化等級":"低","判定原因":"面積減少0.0%；斑塊增加0.0%；平均斑塊縮小0.2%；道路密度0.00 km/km²；孤立比例0.0%；距大型綠地0m","2021面積_ha":104.04,"2022面積_ha":104.04,"2023面積_ha":104.04}},{"type":"Feature","geometry":{"type":"Polygon","coordinates":[[[121.75984430530761,24.51254707626324],[121.75989861450394,24.521575243189787],[121.76976673336766,24.521525222003085],[121.76971171907533,24.512497075868858],[121.75984430530761,24.51254707626324]]]},"properties":{"grid_id":"G023_045","綠地類型":"森林","中心經度":121.764805,"中心緯度":24.517036,"分析面積_km2":1.04,"2020面積_ha":104.04,"2024面積_ha":104.04,"面積減少率_pct":0.0,"2020斑塊數":1,"2024斑塊數":1,"斑塊數增加率_pct":0.0,"2020平均斑塊面積_ha":172555.65,"2024平均斑塊面積_ha":172145.43,"平均斑塊面積下降率_pct":0.24,"道路切割密度_km_per_km2":0.029,"建成區邊界切割密度_km_per_km2":0.0,"孤立小斑塊比例_pct":0.0,"距大型連續綠地平均距離_m":0.0,"score_面積減少":36.827195467422094,"score_斑塊增加":46.81303116147309,"score_平均斑塊縮小":50.63739376770538,"score_道路建成區切割":35.87110481586403,"score_孤立比例":45.34938621340888,"score_距大型綠地":44.66477809254013,"綜合破碎化分數":43.4,"破碎化等級":"低","判定原因":"面積減少0.0%；斑塊增加0.0%；平均斑塊縮小0.2%；道路密度0.03 km/km²；孤立比例0.0%；距大型綠地0m","2021面積_ha":104.04,"2022面積_ha":104.04,"2023面積_ha":104.04}},{"type":"Feature","geometry":{"type":"Polygon","coordinates":[[[121.76971171907533,24.512497075868858],[121.76976673336766,24.521525222003085],[121.77963482535708,24.521474555563483],[121.77957910597722,24.512446430489792],[121.76971171907533,24.512497075868858]]]},"properties":{"grid_id":"G023_046","綠地類型":"森林","中心經度":121.774673,"中心緯度":24.516986,"分析面積_km2":1.04,"2020面積_ha":104.04,"2024面積_ha":104.04,"面積減少率_pct":0.0,"2020斑塊數":1,"2024斑塊數":1,"斑塊數增加率_pct":0.0,"2020平均斑塊面積_ha":172555.65,"2024平均斑塊面積_ha":172145.43,"平均斑塊面積下降率_pct":0.24,"道路切割密度_km_per_km2":0.0,"建成區邊界切割密度_km_per_km2":0.0,"孤立小斑塊比例_pct":0.0,"距大型連續綠地平均距離_m":0.0,"score_面積減少":36.827195467422094,"score_斑塊增加":46.81303116147309,"score_平均斑塊縮小":50.63739376770538,"score_道路建成區切割":27.47875354107649,"score_孤立比例":45.34938621340888,"score_距大型綠地":44.66477809254013,"綜合破碎化分數":42.0,"破碎化等級":"低","判定原因":"面積減少0.0%；斑塊增加0.0%；平均斑塊縮小0.2%；道路密度0.00 km/km²；孤立比例0.0%；距大型綠地0m","2021面積_ha":104.04,"2022面積_ha":104.04,"2023面積_ha":104.04}},{"type":"Feature","geometry":{"type":"Polygon","coordinates":[[[121.77957910597722,24.512446430489792],[121.77963482535708,24.521474555563483],[121.78950289012784,24.521423243878],[121.78944646566899,24.512395140133023],[121.77957910597722,24.512446430489792]]]},"properties":{"grid_id":"G023_047","綠地類型":"森林","中心經度":121.784541,"中心緯度":24.516935,"分析面積_km2":1.04,"2020面積_ha":104.04,"2024面積_ha":104.04,"面積減少率_pct":0.0,"2020斑塊數":1,"2024斑塊數":1,"斑塊數增加率_pct":0.0,"2020平均斑塊面積_ha":172555.65,"2024平均斑塊面積_ha":172145.43,"平均斑塊面積下降率_pct":0.24,"道路切割密度_km_per_km2":0.0,"建成區邊界切割密度_km_per_km2":0.0,"孤立小斑塊比例_pct":0.0,"距大型連續綠地平均距離_m":0.0,"score_面積減少":36.827195467422094,"score_斑塊增加":46.81303116147309,"score_平均斑塊縮小":50.63739376770538,"score_道路建成區切割":27.47875354107649,"score_孤立比例":45.34938621340888,"score_距大型綠地":44.66477809254013,"綜合破碎化分數":42.0,"破碎化等級":"低","判定原因":"面積減少0.0%；斑塊增加0.0%；平均斑塊縮小0.2%；道路密度0.00 km/km²；孤立比例0.0%；距大型綠地0m","2021面積_ha":104.04,"2022面積_ha":104.04,"2023面積_ha":104.04}},{"type":"Feature","geometry":{"type":"Polygon","coordinates":[[[121.39476247180825,24.522972358566832],[121.39060407619309,24.522983180899],[121.39121879999999,24.52354709999999],[121.39188360000001,24.524080399999992],[121.3922415,24.5242421],[121.3927953,24.524415799999993],[121.39348159999999,24.524566499999995],[121.39403609999998,24.5246323],[121.3944831,24.524647399999996],[121.3947676963872,24.524643687971245],[121.39476247180825,24.522972358566832]]]},"properties":{"grid_id":"G024_007","綠地類型":"森林","中心經度":121.393158,"中心緯度":24.52381,"分析面積_km2":0.062,"2020面積_ha":6.21,"2024面積_ha":6.21,"面積減少率_pct":0.0,"2020斑塊數":1,"2024斑塊數":1,"斑塊數增加率_pct":0.0,"2020平均斑塊面積_ha":172555.65,"2024平均斑塊面積_ha":172145.43,"平均斑塊面積下降率_pct":0.24,"道路切割密度_km_per_km2":0.0,"建成區邊界切割密度_km_per_km2":0.0,"孤立小斑塊比例_pct":0.0,"距大型連續綠地平均距離_m":0.0,"score_面積減少":36.827195467422094,"score_斑塊增加":46.81303116147309,"score_平均斑塊縮小":50.63739376770538,"score_道路建成區切割":27.47875354107649,"score_孤立比例":45.34938621340888,"score_距大型綠地":44.66477809254013,"綜合破碎化分數":42.0,"破碎化等級":"低","判定原因":"面積減少0.0%；斑塊增加0.0%；平均斑塊縮小0.2%；道路密度0.00 km/km²；孤立比例0.0%；距大型綠地0m","2021面積_ha":6.21,"2022面積_ha":6.21,"2023面積_ha":6.21}},{"type":"Feature","geometry":{"type":"Polygon","coordinates":[[[121.40463134286595,24.522946215837813],[121.4046602780225,24.53197494180914],[121.4145298406244,24.531948142494322],[121.41450019979533,24.52291942765983],[121.40463134286595,24.522946215837813]]]},"properties":{"grid_id":"G024_009","綠地類型":"森林","中心經度":121.40958,"中心緯度":24.527447,"分析面積_km2":1.04,"2020面積_ha":104.04,"2024面積_ha":104.04,"面積減少率_pct":0.0,"2020斑塊數":1,"2024斑塊數":1,"斑塊數增加率_pct":0.0,"2020平均斑塊面積_ha":172555.65,"2024平均斑塊面積_ha":172145.43,"平均斑塊面積下降率_pct":0.24,"道路切割密度_km_per_km2":0.058,"建成區邊界切割密度_km_per_km2":0.0,"孤立小斑塊比例_pct":0.0,"距大型連續綠地平均距離_m":0.0,"score_面積減少":36.827195467422094,"score_斑塊增加":46.81303116147309,"score_平均斑塊縮小":50.63739376770538,"score_道路建成區切割":36.17799811142588,"score_孤立比例":45.34938621340888,"score_距大型綠地":44.66477809254013,"綜合破碎化分數":43.4,"破碎化等級":"低","判定原因":"面積減少0.0%；斑塊增加0.0%；平均斑塊縮小0.2%；道路密度0.06 km/km²；孤立比例0.0%；距大型綠地0m","2021面積_ha":104.04,"2022面積_ha":104.04,"2023面積_ha":104.04}},{"type":"Feature","geometry":{"type":"Polygon","coordinates":[[[121.41450019979533,24.52291942765983],[121.4145298406244,24.531948142494322],[121.42439938874884,24.531920697465903],[121.42436904225178,24.52289199403658],[121.41450019979533,24.52291942765983]]]},"properties":{"grid_id":"G024_010","綠地類型":"森林","中心經度":121.41945,"中心緯度":24.52742,"分析面積_km2":1.04,"2020面積_ha":104.04,"2024面積_ha":104.04,"面積減少率_pct":0.0,"2020斑塊數":1,"2024斑塊數":1,"斑塊數增加率_pct":0.0,"2020平均斑塊面積_ha":172555.65,"2024平均斑塊面積_ha":172145.43,"平均斑塊面積下降率_pct":0.24,"道路切割密度_km_per_km2":0.0,"建成區邊界切割密度_km_per_km2":0.0,"孤立小斑塊比例_pct":0.0,"距大型連續綠地平均距離_m":0.0,"score_面積減少":36.827195467422094,"score_斑塊增加":46.81303116147309,"score_平均斑塊縮小":50.63739376770538,"score_道路建成區切割":27.47875354107649,"score_孤立比例":45.34938621340888,"score_距大型綠地":44.66477809254013,"綜合破碎化分數":42.0,"破碎化等級":"低","判定原因":"面積減少0.0%；斑塊增加0.0%；平均斑塊縮小0.2%；道路密度0.00 km/km²；孤立比例0.0%；距大型綠地0m","2021面積_ha":104.04,"2022面積_ha":103.5,"2023面積_ha":104.04}},{"type":"Feature","geometry":{"type":"Polygon","coordinates":[[[121.42436904225178,24.52289199403658],[121.42439938874884,24.531920697465903],[121.43426892205116,24.53189260672768],[121.43423786989075,24.522863914971857],[121.42436904225178,24.52289199403658]]]},"properties":{"grid_id":"G024_011","綠地類型":"森林","中心經度":121.429319,"中心緯度":24.527392,"分析面積_km2":1.04,"2020面積_ha":101.43,"2024面積_ha":102.06,"面積減少率_pct":0.0,"2020斑塊數":1,"2024斑塊數":1,"斑塊數增加率_pct":0.0,"2020平均斑塊面積_ha":172555.65,"2024平均斑塊面積_ha":172145.43,"平均斑塊面積下降率_pct":0.24,"道路切割密度_km_per_km2":0.0,"建成區邊界切割密度_km_per_km2":0.0,"孤立小斑塊比例_pct":0.0,"距大型連續綠地平均距離_m":0.0,"score_面積減少":36.827195467422094,"score_斑塊增加":46.81303116147309,"score_平均斑塊縮小":50.63739376770538,"score_道路建成區切割":27.47875354107649,"score_孤立比例":45.34938621340888,"score_距大型綠地":44.66477809254013,"綜合破碎化分數":42.0,"破碎化等級":"低","判定原因":"面積減少0.0%；斑塊增加0.0%；平均斑塊縮小0.2%；道路密度0.00 km/km²；孤立比例0.0%；距大型綠地0m","2021面積_ha":101.97,"2022面積_ha":101.25,"2023面積_ha":101.07}},{"type":"Feature","geometry":{"type":"Polygon","coordinates":[[[121.43423786989075,24.522863914971857],[121.43426892205116,24.53189260672768],[121.44413844018669,24.531863870283527],[121.44410668236773,24.522835190469532],[121.43423786989075,24.522863914971857]]]},"properties":{"grid_id":"G024_012","綠地類型":"森林","中心經度":121.439188,"中心緯度":24.527364,"分析面積_km2":1.04,"2020面積_ha":82.53,"2024面積_ha":85.14,"面積減少率_pct":0.0,"2020斑塊數":1,"2024斑塊數":1,"斑塊數增加率_pct":0.0,"2020平均斑塊面積_ha":172555.65,"2024平均斑塊面積_ha":172145.43,"平均斑塊面積下降率_pct":0.24,"道路切割密度_km_per_km2":0.0,"建成區邊界切割密度_km_per_km2":0.0,"孤立小斑塊比例_pct":0.0,"距大型連續綠地平均距離_m":0.0,"score_面積減少":36.827195467422094,"score_斑塊增加":46.81303116147309,"score_平均斑塊縮小":50.63739376770538,"score_道路建成區切割":27.47875354107649,"score_孤立比例":45.34938621340888,"score_距大型綠地":44.66477809254013,"綜合破碎化分數":42.0,"破碎化等級":"低","判定原因":"面積減少0.0%；斑塊增加0.0%；平均斑塊縮小0.2%；道路密度0.00 km/km²；孤立比例0.0%；距大型綠地0m","2021面積_ha":82.53,"2022面積_ha":84.69,"2023面積_ha":84.15}},{"type":"Feature","geometry":{"type":"Polygon","coordinates":[[[121.48358177376461,24.52271383816481],[121.48361635416795,24.53174246752828],[121.49348579129983,24.531710502615752],[121.49345050526343,24.522681886535715],[121.48358177376461,24.52271383816481]]]},"properties":{"grid_id":"G024_017","綠地類型":"森林","中心經度":121.488534,"中心緯度":24.527212,"分析面積_km2":1.04,"2020面積_ha":93.96,"2024面積_ha":94.86,"面積減少率_pct":0.0,"2020斑塊數":1,"2024斑塊數":1,"斑塊數增加率_pct":0.0,"2020平均斑塊面積_ha":172555.65,"2024平均斑塊面積_ha":172145.43,"平均斑塊面積下降率_pct":0.24,"道路切割密度_km_per_km2":0.144,"建成區邊界切割密度_km_per_km2":0.0,"孤立小斑塊比例_pct":0.0,"距大型連續綠地平均距離_m":0.0,"score_面積減少":36.827195467422094,"score_斑塊增加":46.81303116147309,"score_平均斑塊縮小":50.63739376770538,"score_道路建成區切割":36.60292728989613,"score_孤立比例":45.34938621340888,"score_距大型綠地":44.66477809254013,"綜合破碎化分數":43.5,"破碎化等級":"低","判定原因":"面積減少0.0%；斑塊增加0.0%；平均斑塊縮小0.2%；道路密度0.14 km/km²；孤立比例0.0%；距大型綠地0m","2021面積_ha":93.87,"2022面積_ha":94.5,"2023面積_ha":94.59}},{"type":"Feature","geometry":{"type":"Polygon","coordinates":[[[121.49345050526343,24.522681886535715],[121.49348579129983,24.531710502615752],[121.50335521119709,24.531677892022422],[121.503319219533,24.522649289494133],[121.49345050526343,24.522681886535715]]]},"properties":{"grid_id":"G024_018","綠地類型":"森林","中心經度":121.498403,"中心緯度":24.52718,"分析面積_km2":1.04,"2020面積_ha":101.52,"2024面積_ha":101.52,"面積減少率_pct":0.0,"2020斑塊數":1,"2024斑塊數":1,"斑塊數增加率_pct":0.0,"2020平均斑塊面積_ha":172555.65,"2024平均斑塊面積_ha":172145.43,"平均斑塊面積下降率_pct":0.24,"道路切割密度_km_per_km2":0.0,"建成區邊界切割密度_km_per_km2":0.0,"孤立小斑塊比例_pct":0.0,"距大型連續綠地平均距離_m":0.0,"score_面積減少":36.827195467422094,"score_斑塊增加":46.81303116147309,"score_平均斑塊縮小":50.63739376770538,"score_道路建成區切割":27.47875354107649,"score_孤立比例":45.34938621340888,"score_距大型綠地":44.66477809254013,"綜合破碎化分數":42.0,"破碎化等級":"低","判定原因":"面積減少0.0%；斑塊增加0.0%；平均斑塊縮小0.2%；道路密度0.00 km/km²；孤立比例0.0%；距大型綠地0m","2021面積_ha":102.06,"2022面積_ha":101.07,"2023面積_ha":101.43}},{"type":"Feature","geometry":{"type":"Polygon","coordinates":[[[121.52305659500635,24.52258215919159],[121.5230939979091,24.531610733811462],[121.53296336403461,24.531576186203097],[121.53292525552115,24.522547625939904],[121.52305659500635,24.52258215919159]]]},"properties":{"grid_id":"G024_021","綠地類型":"森林","中心經度":121.52801,"中心緯度":24.527079,"分析面積_km2":1.04,"2020面積_ha":104.04,"2024面積_ha":104.04,"面積減少率_pct":0.0,"2020斑塊數":1,"2024斑塊數":1,"斑塊數增加率_pct":0.0,"2020平均斑塊面積_ha":172555.65,"2024平均斑塊面積_ha":172145.43,"平均斑塊面積下降率_pct":0.24,"道路切割密度_km_per_km2":0.058,"建成區邊界切割密度_km_per_km2":0.0,"孤立小斑塊比例_pct":0.0,"距大型連續綠地平均距離_m":0.0,"score_面積減少":36.827195467422094,"score_斑塊增加":46.81303116147309,"score_平均斑塊縮小":50.63739376770538,"score_道路建成區切割":36.17799811142588,"score_孤立比例":45.34938621340888,"score_距大型綠地":44.66477809254013,"綜合破碎化分數":43.4,"破碎化等級":"低","判定原因":"面積減少0.0%；斑塊增加0.0%；平均斑塊縮小0.2%；道路密度0.06 km/km²；孤立比例0.0%；距大型綠地0m","2021面積_ha":104.04,"2022面積_ha":104.04,"2023面積_ha":104.04}},{"type":"Feature","geometry":{"type":"Polygon","coordinates":[[[121.53292525552115,24.522547625939904],[121.53296336403461,24.531576186203097],[121.54283271154698,24.531540992932474],[121.5427938974286,24.522512447294254],[121.53292525552115,24.522547625939904]]]},"properties":{"grid_id":"G024_022","綠地類型":"森林","中心經度":121.537879,"中心緯度":24.527044,"分析面積_km2":1.04,"2020面積_ha":92.7,"2024面積_ha":96.57,"面積減少率_pct":0.0,"2020斑塊數":1,"2024斑塊數":1,"斑塊數增加率_pct":0.0,"2020平均斑塊面積_ha":172555.65,"2024平均斑塊面積_ha":172145.43,"平均斑塊面積下降率_pct":0.24,"道路切割密度_km_per_km2":0.0,"建成區邊界切割密度_km_per_km2":0.0,"孤立小斑塊比例_pct":0.0,"距大型連續綠地平均距離_m":0.0,"score_面積減少":36.827195467422094,"score_斑塊增加":46.81303116147309,"score_平均斑塊縮小":50.63739376770538,"score_道路建成區切割":27.47875354107649,"score_孤立比例":45.34938621340888,"score_距大型綠地":44.66477809254013,"綜合破碎化分數":42.0,"破碎化等級":"低","判定原因":"面積減少0.0%；斑塊增加0.0%；平均斑塊縮小0.2%；道路密度0.00 km/km²；孤立比例0.0%；距大型綠地0m","2021面積_ha":94.59,"2022面積_ha":93.87,"2023面積_ha":95.31}},{"type":"Feature","geometry":{"type":"Polygon","coordinates":[[[121.5427938974286,24.522512447294254],[121.54283271154698,24.531540992932474],[121.55270204010156,24.531505154004442],[121.55266252038423,24.5224766232595],[121.5427938974286,24.522512447294254]]]},"properties":{"grid_id":"G024_023","綠地類型":"森林","中心經度":121.547748,"中心緯度":24.527009,"分析面積_km2":1.04,"2020面積_ha":98.1,"2024面積_ha":99.99,"面積減少率_pct":0.0,"2020斑塊數":1,"2024斑塊數":1,"斑塊數增加率_pct":0.0,"2020平均斑塊面積_ha":172555.65,"2024平均斑塊面積_ha":172145.43,"平均斑塊面積下降率_pct":0.24,"道路切割密度_km_per_km2":0.0,"建成區邊界切割密度_km_per_km2":0.0,"孤立小斑塊比例_pct":0.0,"距大型連續綠地平均距離_m":0.0,"score_面積減少":36.827195467422094,"score_斑塊增加":46.81303116147309,"score_平均斑塊縮小":50.63739376770538,"score_道路建成區切割":27.47875354107649,"score_孤立比例":45.34938621340888,"score_距大型綠地":44.66477809254013,"綜合破碎化分數":42.0,"破碎化等級":"低","判定原因":"面積減少0.0%；斑塊增加0.0%；平均斑塊縮小0.2%；道路密度0.00 km/km²；孤立比例0.0%；距大型綠地0m","2021面積_ha":98.28,"2022面積_ha":99.63,"2023面積_ha":100.17}},{"type":"Feature","geometry":{"type":"Polygon","coordinates":[[[121.61187384083811,24.52224812616288],[121.61191759401787,24.53127656191395],[121.6217867802191,24.531236203527545],[121.62174232148519,24.522207784547806],[121.61187384083811,24.52224812616288]]]},"properties":{"grid_id":"G024_030","綠地類型":"森林","中心經度":121.61683,"中心緯度":24.526742,"分析面積_km2":1.04,"2020面積_ha":103.95,"2024面積_ha":104.04,"面積減少率_pct":0.0,"2020斑塊數":1,"2024斑塊數":1,"斑塊數增加率_pct":0.0,"2020平均斑塊面積_ha":172555.65,"2024平均斑塊面積_ha":172145.43,"平均斑塊面積下降率_pct":0.24,"道路切割密度_km_per_km2":0.346,"建成區邊界切割密度_km_per_km2":0.0,"孤立小斑塊比例_pct":0.0,"距大型連續綠地平均距離_m":0.0,"score_面積減少":36.827195467422094,"score_斑塊增加":46.81303116147309,"score_平均斑塊縮小":50.63739376770538,"score_道路建成區切割":38.03116147308782,"score_孤立比例":45.34938621340888,"score_距大型綠地":44.66477809254013,"綜合破碎化分數":43.7,"破碎化等級":"低","判定原因":"面積減少0.0%；斑塊增加0.0%；平均斑塊縮小0.2%；道路密度0.35 km/km²；孤立比例0.0%；距大型綠地0m","2021面積_ha":104.04,"2022面積_ha":104.04,"2023面積_ha":104.04}},{"type":"Feature","geometry":{"type":"Polygon","coordinates":[[[121.62174232148519,24.522207784547806],[121.6217867802191,24.531236203527545],[121.63165594470577,24.531195199525808],[121.63161078042451,24.522166797585662],[121.62174232148519,24.522207784547806]]]},"properties":{"grid_id":"G024_031","綠地類型":"森林","中心經度":121.626699,"中心緯度":24.526702,"分析面積_km2":1.04,"2020面積_ha":104.04,"2024面積_ha":104.04,"面積減少率_pct":0.0,"2020斑塊數":1,"2024斑塊數":1,"斑塊數增加率_pct":0.0,"2020平均斑塊面積_ha":172555.65,"2024平均斑塊面積_ha":172145.43,"平均斑塊面積下降率_pct":0.24,"道路切割密度_km_per_km2":0.0,"建成區邊界切割密度_km_per_km2":0.0,"孤立小斑塊比例_pct":0.0,"距大型連續綠地平均距離_m":0.0,"score_面積減少":36.827195467422094,"score_斑塊增加":46.81303116147309,"score_平均斑塊縮小":50.63739376770538,"score_道路建成區切割":27.47875354107649,"score_孤立比例":45.34938621340888,"score_距大型綠地":44.66477809254013,"綜合破碎化分數":42.0,"破碎化等級":"低","判定原因":"面積減少0.0%；斑塊增加0.0%；平均斑塊縮小0.2%；道路密度0.00 km/km²；孤立比例0.0%；距大型綠地0m","2021面積_ha":104.04,"2022面積_ha":104.04,"2023面積_ha":104.04}},{"type":"Feature","geometry":{"type":"Polygon","coordinates":[[[121.63161078042451,24.522166797585662],[121.63165594470577,24.531195199525808],[121.64152508713332,24.531153549914375],[121.64147921731164,24.522125165282116],[121.63161078042451,24.522166797585662]]]},"properties":{"grid_id":"G024_032","綠地類型":"森林","中心經度":121.636568,"中心緯度":24.52666,"分析面積_km2":1.04,"2020面積_ha":96.93,"2024面積_ha":99.36,"面積減少率_pct":0.0,"2020斑塊數":1,"2024斑塊數":1,"斑塊數增加率_pct":0.0,"2020平均斑塊面積_ha":172555.65,"2024平均斑塊面積_ha":172145.43,"平均斑塊面積下降率_pct":0.24,"道路切割密度_km_per_km2":0.548,"建成區邊界切割密度_km_per_km2":0.0,"孤立小斑塊比例_pct":0.0,"距大型連續綠地平均距離_m":0.0,"score_面積減少":36.827195467422094,"score_斑塊增加":46.81303116147309,"score_平均斑塊縮小":50.63739376770538,"score_道路建成區切割":39.187913125590185,"score_孤立比例":45.34938621340888,"score_距大型綠地":44.66477809254013,"綜合破碎化分數":43.9,"破碎化等級":"低","判定原因":"面積減少0.0%；斑塊增加0.0%；平均斑塊縮小0.2%；道路密度0.55 km/km²；孤立比例0.0%；距大型綠地0m","2021面積_ha":100.62,"2022面積_ha":100.98,"2023面積_ha":98.82}},{"type":"Feature","geometry":{"type":"Polygon","coordinates":[[[121.65134763180207,24.522082887642906],[121.65139420715714,24.53111125469901],[121.66126330443267,24.531068313885534],[121.66121602355139,24.522039964673866],[121.65134763180207,24.522082887642906]]]},"properties":{"grid_id":"G024_034","綠地類型":"森林","中心經度":121.656305,"中心緯度":24.526576,"分析面積_km2":1.04,"2020面積_ha":102.6,"2024面積_ha":102.87,"面積減少率_pct":0.0,"2020斑塊數":1,"2024斑塊數":1,"斑塊數增加率_pct":0.0,"2020平均斑塊面積_ha":172555.65,"2024平均斑塊面積_ha":172145.43,"平均斑塊面積下降率_pct":0.24,"道路切割密度_km_per_km2":0.087,"建成區邊界切割密度_km_per_km2":0.0,"孤立小斑塊比例_pct":0.0,"距大型連續綠地平均距離_m":0.0,"score_面積減少":36.827195467422094,"score_斑塊增加":46.81303116147309,"score_平均斑塊縮小":50.63739376770538,"score_道路建成區切割":36.36685552407933,"score_孤立比例":45.34938621340888,"score_距大型綠地":44.66477809254013,"綜合破碎化分數":43.4,"破碎化等級":"低","判定原因":"面積減少0.0%；斑塊增加0.0%；平均斑塊縮小0.2%；道路密度0.09 km/km²；孤立比例0.0%；距大型綠地0m","2021面積_ha":103.05,"2022面積_ha":102.78,"2023面積_ha":102.87}},{"type":"Feature","geometry":{"type":"Polygon","coordinates":[[[121.66121602355139,24.522039964673866],[121.66126330443267,24.531068313885534],[121.67113237861535,24.531024727479885],[121.6710843922151,24.52199639638091],[121.66121602355139,24.522039964673866]]]},"properties":{"grid_id":"G024_035","綠地類型":"森林","中心經度":121.666174,"中心緯度":24.526532,"分析面積_km2":1.04,"2020面積_ha":103.68,"2024面積_ha":104.04,"面積減少率_pct":0.0,"2020斑塊數":1,"2024斑塊數":1,"斑塊數增加率_pct":0.0,"2020平均斑塊面積_ha":172555.65,"2024平均斑塊面積_ha":172145.43,"平均斑塊面積下降率_pct":0.24,"道路切割密度_km_per_km2":0.0,"建成區邊界切割密度_km_per_km2":0.0,"孤立小斑塊比例_pct":0.0,"距大型連續綠地平均距離_m":0.0,"score_面積減少":36.827195467422094,"score_斑塊增加":46.81303116147309,"score_平均斑塊縮小":50.63739376770538,"score_道路建成區切割":27.47875354107649,"score_孤立比例":45.34938621340888,"score_距大型綠地":44.66477809254013,"綜合破碎化分數":42.0,"破碎化等級":"低","判定原因":"面積減少0.0%；斑塊增加0.0%；平均斑塊縮小0.2%；道路密度0.00 km/km²；孤立比例0.0%；距大型綠地0m","2021面積_ha":103.86,"2022面積_ha":103.77,"2023面積_ha":103.77}},{"type":"Feature","geometry":{"type":"Polygon","coordinates":[[[121.6710843922151,24.52199639638091],[121.67113237861535,24.531024727479885],[121.68100142936063,24.530980495488073],[121.68095273744879,24.521952182770065],[121.6710843922151,24.52199639638091]]]},"properties":{"grid_id":"G024_036","綠地類型":"森林","中心經度":121.676043,"中心緯度":24.526489,"分析面積_km2":1.04,"2020面積_ha":104.04,"2024面積_ha":104.04,"面積減少率_pct":0.0,"2020斑塊數":1,"2024斑塊數":1,"斑塊數增加率_pct":0.0,"2020平均斑塊面積_ha":172555.65,"2024平均斑塊面積_ha":172145.43,"平均斑塊面積下降率_pct":0.24,"道路切割密度_km_per_km2":0.0,"建成區邊界切割密度_km_per_km2":0.0,"孤立小斑塊比例_pct":0.0,"距大型連續綠地平均距離_m":0.0,"score_面積減少":36.827195467422094,"score_斑塊增加":46.81303116147309,"score_平均斑塊縮小":50.63739376770538,"score_道路建成區切割":27.47875354107649,"score_孤立比例":45.34938621340888,"score_距大型綠地":44.66477809254013,"綜合破碎化分數":42.0,"破碎化等級":"低","判定原因":"面積減少0.0%；斑塊增加0.0%；平均斑塊縮小0.2%；道路密度0.00 km/km²；孤立比例0.0%；距大型綠地0m","2021面積_ha":104.04,"2022面積_ha":104.04,"2023面積_ha":104.04}},{"type":"Feature","geometry":{"type":"Polygon","coordinates":[[[121.68095273744879,24.521952182770065],[121.68100142936063,24.530980495488073],[121.69087045632392,24.530935617916203],[121.690821058908,24.521907323847426],[121.68095273744879,24.521952182770065]]]},"properties":{"grid_id":"G024_037","綠地類型":"森林","中心經度":121.685911,"中心緯度":24.526444,"分析面積_km2":1.04,"2020面積_ha":101.79,"2024面積_ha":102.42,"面積減少率_pct":0.0,"2020斑塊數":1,"2024斑塊數":1,"斑塊數增加率_pct":0.0,"2020平均斑塊面積_ha":172555.65,"2024平均斑塊面積_ha":172145.43,"平均斑塊面積下降率_pct":0.24,"道路切割密度_km_per_km2":0.0,"建成區邊界切割密度_km_per_km2":0.0,"孤立小斑塊比例_pct":0.0,"距大型連續綠地平均距離_m":0.0,"score_面積減少":36.827195467422094,"score_斑塊增加":46.81303116147309,"score_平均斑塊縮小":50.63739376770538,"score_道路建成區切割":27.47875354107649,"score_孤立比例":45.34938621340888,"score_距大型綠地":44.66477809254013,"綜合破碎化分數":42.0,"破碎化等級":"低","判定原因":"面積減少0.0%；斑塊增加0.0%；平均斑塊縮小0.2%；道路密度0.00 km/km²；孤立比例0.0%；距大型綠地0m","2021面積_ha":101.61,"2022面積_ha":101.25,"2023面積_ha":101.97}},{"type":"Feature","geometry":{"type":"Polygon","coordinates":[[[121.690821058908,24.521907323847426],[121.69087045632392,24.530935617916203],[121.70073945916072,24.53089009477047],[121.70068935624825,24.521861819619176],[121.690821058908,24.521907323847426]]]},"properties":{"grid_id":"G024_038","綠地類型":"森林","中心經度":121.69578,"中心緯度":24.526399,"分析面積_km2":1.04,"2020面積_ha":103.77,"2024面積_ha":104.04,"面積減少率_pct":0.0,"2020斑塊數":1,"2024斑塊數":1,"斑塊數增加率_pct":0.0,"2020平均斑塊面積_ha":172555.65,"2024平均斑塊面積_ha":172145.43,"平均斑塊面積下降率_pct":0.24,"道路切割密度_km_per_km2":0.0,"建成區邊界切割密度_km_per_km2":0.0,"孤立小斑塊比例_pct":0.0,"距大型連續綠地平均距離_m":0.0,"score_面積減少":36.827195467422094,"score_斑塊增加":46.81303116147309,"score_平均斑塊縮小":50.63739376770538,"score_道路建成區切割":27.47875354107649,"score_孤立比例":45.34938621340888,"score_距大型綠地":44.66477809254013,"綜合破碎化分數":42.0,"破碎化等級":"低","判定原因":"面積減少0.0%；斑塊增加0.0%；平均斑塊縮小0.2%；道路密度0.00 km/km²；孤立比例0.0%；距大型綠地0m","2021面積_ha":103.77,"2022面積_ha":104.04,"2023面積_ha":104.04}},{"type":"Feature","geometry":{"type":"Polygon","coordinates":[[[121.70068935624825,24.521861819619176],[121.70073945916072,24.53089009477047],[121.71060843752642,24.53084392605715],[121.71055762912512,24.521815670091602],[121.70068935624825,24.521861819619176]]]},"properties":{"grid_id":"G024_039","綠地類型":"森林","中心經度":121.705649,"中心緯度":24.526353,"分析面積_km2":1.04,"2020面積_ha":104.04,"2024面積_ha":104.04,"面積減少率_pct":0.0,"2020斑塊數":1,"2024斑塊數":1,"斑塊數增加率_pct":0.0,"2020平均斑塊面積_ha":172555.65,"2024平均斑塊面積_ha":172145.43,"平均斑塊面積下降率_pct":0.24,"道路切割密度_km_per_km2":0.0,"建成區邊界切割密度_km_per_km2":0.0,"孤立小斑塊比例_pct":0.0,"距大型連續綠地平均距離_m":0.0,"score_面積減少":36.827195467422094,"score_斑塊增加":46.81303116147309,"score_平均斑塊縮小":50.63739376770538,"score_道路建成區切割":27.47875354107649,"score_孤立比例":45.34938621340888,"score_距大型綠地":44.66477809254013,"綜合破碎化分數":42.0,"破碎化等級":"低","判定原因":"面積減少0.0%；斑塊增加0.0%；平均斑塊縮小0.2%；道路密度0.00 km/km²；孤立比例0.0%；距大型綠地0m","2021面積_ha":104.04,"2022面積_ha":104.04,"2023面積_ha":104.04}},{"type":"Feature","geometry":{"type":"Polygon","coordinates":[[[121.71055762912512,24.521815670091602],[121.71060843752642,24.53084392605715],[121.72047739107651,24.53079711178261],[121.72042587719419,24.52176887527106],[121.71055762912512,24.521815670091602]]]},"properties":{"grid_id":"G024_040","綠地類型":"森林","中心經度":121.715517,"中心緯度":24.526306,"分析面積_km2":1.04,"2020面積_ha":104.04,"2024面積_ha":104.04,"面積減少率_pct":0.0,"2020斑塊數":1,"2024斑塊數":1,"斑塊數增加率_pct":0.0,"2020平均斑塊面積_ha":172555.65,"2024平均斑塊面積_ha":172145.43,"平均斑塊面積下降率_pct":0.24,"道路切割密度_km_per_km2":0.0,"建成區邊界切割密度_km_per_km2":0.0,"孤立小斑塊比例_pct":0.0,"距大型連續綠地平均距離_m":0.0,"score_面積減少":36.827195467422094,"score_斑塊增加":46.81303116147309,"score_平均斑塊縮小":50.63739376770538,"score_道路建成區切割":27.47875354107649,"score_孤立比例":45.34938621340888,"score_距大型綠地":44.66477809254013,"綜合破碎化分數":42.0,"破碎化等級":"低","判定原因":"面積減少0.0%；斑塊增加0.0%；平均斑塊縮小0.2%；道路密度0.00 km/km²；孤立比例0.0%；距大型綠地0m","2021面積_ha":104.04,"2022面積_ha":104.04,"2023面積_ha":104.04}},{"type":"Feature","geometry":{"type":"Polygon","coordinates":[[[121.72042587719419,24.52176887527106],[121.72047739107651,24.53079711178261],[121.73034631946646,24.53074965195332],[121.73029410011101,24.52172143516402],[121.72042587719419,24.52176887527106]]]},"properties":{"grid_id":"G024_041","綠地類型":"森林","中心經度":121.725386,"中心緯度":24.526259,"分析面積_km2":1.04,"2020面積_ha":101.61,"2024面積_ha":101.88,"面積減少率_pct":0.0,"2020斑塊數":1,"2024斑塊數":1,"斑塊數增加率_pct":0.0,"2020平均斑塊面積_ha":172555.65,"2024平均斑塊面積_ha":172145.43,"平均斑塊面積下降率_pct":0.24,"道路切割密度_km_per_km2":0.0,"建成區邊界切割密度_km_per_km2":0.0,"孤立小斑塊比例_pct":0.0,"距大型連續綠地平均距離_m":0.0,"score_面積減少":36.827195467422094,"score_斑塊增加":46.81303116147309,"score_平均斑塊縮小":50.63739376770538,"score_道路建成區切割":27.47875354107649,"score_孤立比例":45.34938621340888,"score_距大型綠地":44.66477809254013,"綜合破碎化分數":42.0,"破碎化等級":"低","判定原因":"面積減少0.0%；斑塊增加0.0%；平均斑塊縮小0.2%；道路密度0.00 km/km²；孤立比例0.0%；距大型綠地0m","2021面積_ha":101.88,"2022面積_ha":101.43,"2023面積_ha":102.15}},{"type":"Feature","geometry":{"type":"Polygon","coordinates":[[[121.74016229753121,24.52167334977703],[121.74021522235174,24.53070154657583],[121.75008409938782,24.530652795656774],[121.75003046911031,24.521624619116707],[121.74016229753121,24.52167334977703]]]},"properties":{"grid_id":"G024_043","綠地類型":"森林","中心經度":121.745123,"中心緯度":24.526163,"分析面積_km2":1.04,"2020面積_ha":104.04,"2024面積_ha":104.04,"面積減少率_pct":0.0,"2020斑塊數":1,"2024斑塊數":1,"斑塊數增加率_pct":0.0,"2020平均斑塊面積_ha":172555.65,"2024平均斑塊面積_ha":172145.43,"平均斑塊面積下降率_pct":0.24,"道路切割密度_km_per_km2":0.0,"建成區邊界切割密度_km_per_km2":0.0,"孤立小斑塊比例_pct":0.0,"距大型連續綠地平均距離_m":0.0,"score_面積減少":36.827195467422094,"score_斑塊增加":46.81303116147309,"score_平均斑塊縮小":50.63739376770538,"score_道路建成區切割":27.47875354107649,"score_孤立比例":45.34938621340888,"score_距大型綠地":44.66477809254013,"綜合破碎化分數":42.0,"破碎化等級":"低","判定原因":"面積減少0.0%；斑塊增加0.0%；平均斑塊縮小0.2%；道路密度0.00 km/km²；孤立比例0.0%；距大型綠地0m","2021面積_ha":104.04,"2022面積_ha":104.04,"2023面積_ha":104.04}},{"type":"Feature","geometry":{"type":"Polygon","coordinates":[[[121.75003046911031,24.521624619116707],[121.75008409938782,24.530652795656774],[121.75995295023017,24.53060339920287],[121.75989861450394,24.521575243189787],[121.75003046911031,24.521624619116707]]]},"properties":{"grid_id":"G024_044","綠地類型":"森林","中心經度":121.754992,"中心緯度":24.526114,"分析面積_km2":1.04,"2020面積_ha":104.04,"2024面積_ha":104.04,"面積減少率_pct":0.0,"2020斑塊數":1,"2024斑塊數":1,"斑塊數增加率_pct":0.0,"2020平均斑塊面積_ha":172555.65,"2024平均斑塊面積_ha":172145.43,"平均斑塊面積下降率_pct":0.24,"道路切割密度_km_per_km2":0.0,"建成區邊界切割密度_km_per_km2":0.0,"孤立小斑塊比例_pct":0.0,"距大型連續綠地平均距離_m":0.0,"score_面積減少":36.827195467422094,"score_斑塊增加":46.81303116147309,"score_平均斑塊縮小":50.63739376770538,"score_道路建成區切割":27.47875354107649,"score_孤立比例":45.34938621340888,"score_距大型綠地":44.66477809254013,"綜合破碎化分數":42.0,"破碎化等級":"低","判定原因":"面積減少0.0%；斑塊增加0.0%；平均斑塊縮小0.2%；道路密度0.00 km/km²；孤立比例0.0%；距大型綠地0m","2021面積_ha":104.04,"2022面積_ha":104.04,"2023面積_ha":104.04}},{"type":"Feature","geometry":{"type":"Polygon","coordinates":[[[121.75989861450394,24.521575243189787],[121.75995295023017,24.53060339920287],[121.7698217745343,24.53055335722095],[121.76976673336766,24.521525222003085],[121.75989861450394,24.521575243189787]]]},"properties":{"grid_id":"G024_045","綠地類型":"森林","中心經度":121.76486,"中心緯度":24.526064,"分析面積_km2":1.04,"2020面積_ha":104.04,"2024面積_ha":104.04,"面積減少率_pct":0.0,"2020斑塊數":1,"2024斑塊數":1,"斑塊數增加率_pct":0.0,"2020平均斑塊面積_ha":172555.65,"2024平均斑塊面積_ha":172145.43,"平均斑塊面積下降率_pct":0.24,"道路切割密度_km_per_km2":0.0,"建成區邊界切割密度_km_per_km2":0.0,"孤立小斑塊比例_pct":0.0,"距大型連續綠地平均距離_m":0.0,"score_面積減少":36.827195467422094,"score_斑塊增加":46.81303116147309,"score_平均斑塊縮小":50.63739376770538,"score_道路建成區切割":27.47875354107649,"score_孤立比例":45.34938621340888,"score_距大型綠地":44.66477809254013,"綜合破碎化分數":42.0,"破碎化等級":"低","判定原因":"面積減少0.0%；斑塊增加0.0%；平均斑塊縮小0.2%；道路密度0.00 km/km²；孤立比例0.0%；距大型綠地0m","2021面積_ha":104.04,"2022面積_ha":104.04,"2023面積_ha":104.04}},{"type":"Feature","geometry":{"type":"Polygon","coordinates":[[[121.76976673336766,24.521525222003085],[121.7698217745343,24.53055335722095],[121.77969057195564,24.530502669717904],[121.77963482535708,24.521474555563483],[121.76976673336766,24.521525222003085]]]},"properties":{"grid_id":"G024_046","綠地類型":"森林","中心經度":121.774728,"中心緯度":24.526014,"分析面積_km2":1.04,"2020面積_ha":104.04,"2024面積_ha":104.04,"面積減少率_pct":0.0,"2020斑塊數":1,"2024斑塊數":1,"斑塊數增加率_pct":0.0,"2020平均斑塊面積_ha":172555.65,"2024平均斑塊面積_ha":172145.43,"平均斑塊面積下降率_pct":0.24,"道路切割密度_km_per_km2":0.0,"建成區邊界切割密度_km_per_km2":0.0,"孤立小斑塊比例_pct":0.0,"距大型連續綠地平均距離_m":0.0,"score_面積減少":36.827195467422094,"score_斑塊增加":46.81303116147309,"score_平均斑塊縮小":50.63739376770538,"score_道路建成區切割":27.47875354107649,"score_孤立比例":45.34938621340888,"score_距大型綠地":44.66477809254013,"綜合破碎化分數":42.0,"破碎化等級":"低","判定原因":"面積減少0.0%；斑塊增加0.0%；平均斑塊縮小0.2%；道路密度0.00 km/km²；孤立比例0.0%；距大型綠地0m","2021面積_ha":104.04,"2022面積_ha":104.04,"2023面積_ha":104.04}},{"type":"Feature","geometry":{"type":"Polygon","coordinates":[[[121.77963482535708,24.521474555563483],[121.77969057195564,24.530502669717904],[121.78955934214977,24.53045133670074],[121.78950289012784,24.521423243878],[121.77963482535708,24.521474555563483]]]},"properties":{"grid_id":"G024_047","綠地類型":"森林","中心經度":121.784597,"中心緯度":24.525963,"分析面積_km2":1.04,"2020面積_ha":104.04,"2024面積_ha":104.04,"面積減少率_pct":0.0,"2020斑塊數":1,"2024斑塊數":1,"斑塊數增加率_pct":0.0,"2020平均斑塊面積_ha":172555.65,"2024平均斑塊面積_ha":172145.43,"平均斑塊面積下降率_pct":0.24,"道路切割密度_km_per_km2":0.0,"建成區邊界切割密度_km_per_km2":0.0,"孤立小斑塊比例_pct":0.0,"距大型連續綠地平均距離_m":0.0,"score_面積減少":36.827195467422094,"score_斑塊增加":46.81303116147309,"score_平均斑塊縮小":50.63739376770538,"score_道路建成區切割":27.47875354107649,"score_孤立比例":45.34938621340888,"score_距大型綠地":44.66477809254013,"綜合破碎化分數":42.0,"破碎化等級":"低","判定原因":"面積減少0.0%；斑塊增加0.0%；平均斑塊縮小0.2%；道路密度0.00 km/km²；孤立比例0.0%；距大型綠地0m","2021面積_ha":104.04,"2022面積_ha":104.04,"2023面積_ha":103.41}},{"type":"Feature","geometry":{"type":"Polygon","coordinates":[[[121.7993709273355,24.521371286953702],[121.79942808477212,24.530399358176528],[121.80929679947826,24.530346734152452],[121.8092389366357,24.521318684797755],[121.7993709273355,24.521371286953702]]]},"properties":{"grid_id":"G024_049","綠地類型":"森林","中心經度":121.804334,"中心緯度":24.525859,"分析面積_km2":1.04,"2020面積_ha":104.04,"2024面積_ha":104.04,"面積減少率_pct":0.0,"2020斑塊數":1,"2024斑塊數":1,"斑塊數增加率_pct":0.0,"2020平均斑塊面積_ha":172555.65,"2024平均斑塊面積_ha":172145.43,"平均斑塊面積下降率_pct":0.24,"道路切割密度_km_per_km2":0.317,"建成區邊界切割密度_km_per_km2":0.0,"孤立小斑塊比例_pct":0.0,"距大型連續綠地平均距離_m":0.0,"score_面積減少":36.827195467422094,"score_斑塊增加":46.81303116147309,"score_平均斑塊縮小":50.63739376770538,"score_道路建成區切割":37.79508970727102,"score_孤立比例":45.34938621340888,"score_距大型綠地":44.66477809254013,"綜合破碎化分數":43.7,"破碎化等級":"低","判定原因":"面積減少0.0%；斑塊增加0.0%；平均斑塊縮小0.2%；道路密度0.32 km/km²；孤立比例0.0%；距大型綠地0m","2021面積_ha":104.04,"2022面積_ha":104.04,"2023面積_ha":104.04}},{"type":"Feature","geometry":{"type":"Polygon","coordinates":[[[121.4046602780225,24.53197494180914],[121.40468922731182,24.541003656943182],[121.41455949593093,24.540976846489976],[121.4145298406244,24.531948142494322],[121.4046602780225,24.53197494180914]]]},"properties":{"grid_id":"G025_009","綠地類型":"森林","中心經度":121.40961,"中心緯度":24.536476,"分析面積_km2":1.04,"2020面積_ha":104.04,"2024面積_ha":104.04,"面積減少率_pct":0.0,"2020斑塊數":1,"2024斑塊數":1,"斑塊數增加率_pct":0.0,"2020平均斑塊面積_ha":172555.65,"2024平均斑塊面積_ha":172145.43,"平均斑塊面積下降率_pct":0.24,"道路切割密度_km_per_km2":0.0,"建成區邊界切割密度_km_per_km2":0.0,"孤立小斑塊比例_pct":0.0,"距大型連續綠地平均距離_m":0.0,"score_面積減少":36.827195467422094,"score_斑塊增加":46.81303116147309,"score_平均斑塊縮小":50.63739376770538,"score_道路建成區切割":27.47875354107649,"score_孤立比例":45.34938621340888,"score_距大型綠地":44.66477809254013,"綜合破碎化分數":42.0,"破碎化等級":"低","判定原因":"面積減少0.0%；斑塊增加0.0%；平均斑塊縮小0.2%；道路密度0.00 km/km²；孤立比例0.0%；距大型綠地0m","2021面積_ha":104.04,"2022面積_ha":104.04,"2023面積_ha":104.04}},{"type":"Feature","geometry":{"type":"Polygon","coordinates":[[[121.4145298406244,24.531948142494322],[121.41455949593093,24.540976846489976],[121.42442975006803,24.540949390054802],[121.42439938874884,24.531920697465903],[121.4145298406244,24.531948142494322]]]},"properties":{"grid_id":"G025_010","綠地類型":"森林","中心經度":121.41948,"中心緯度":24.536449,"分析面積_km2":1.04,"2020面積_ha":104.04,"2024面積_ha":104.04,"面積減少率_pct":0.0,"2020斑塊數":1,"2024斑塊數":1,"斑塊數增加率_pct":0.0,"2020平均斑塊面積_ha":172555.65,"2024平均斑塊面積_ha":172145.43,"平均斑塊面積下降率_pct":0.24,"道路切割密度_km_per_km2":0.0,"建成區邊界切割密度_km_per_km2":0.0,"孤立小斑塊比例_pct":0.0,"距大型連續綠地平均距離_m":0.0,"score_面積減少":36.827195467422094,"score_斑塊增加":46.81303116147309,"score_平均斑塊縮小":50.63739376770538,"score_道路建成區切割":27.47875354107649,"score_孤立比例":45.34938621340888,"score_距大型綠地":44.66477809254013,"綜合破碎化分數":42.0,"破碎化等級":"低","判定原因":"面積減少0.0%；斑塊增加0.0%；平均斑塊縮小0.2%；道路密度0.00 km/km²；孤立比例0.0%；距大型綠地0m","2021面積_ha":104.04,"2022面積_ha":104.04,"2023面積_ha":104.04}},{"type":"Feature","geometry":{"type":"Polygon","coordinates":[[[121.42439938874884,24.531920697465903],[121.42442975006803,24.540949390054802],[121.43429998937833,24.540921287641456],[121.43426892205116,24.53189260672768],[121.42439938874884,24.531920697465903]]]},"properties":{"grid_id":"G025_011","綠地類型":"森林","中心經度":121.42935,"中心緯度":24.536421,"分析面積_km2":1.04,"2020面積_ha":104.04,"2024面積_ha":104.04,"面積減少率_pct":0.0,"2020斑塊數":1,"2024斑塊數":1,"斑塊數增加率_pct":0.0,"2020平均斑塊面積_ha":172555.65,"2024平均斑塊面積_ha":172145.43,"平均斑塊面積下降率_pct":0.24,"道路切割密度_km_per_km2":0.0,"建成區邊界切割密度_km_per_km2":0.0,"孤立小斑塊比例_pct":0.0,"距大型連續綠地平均距離_m":0.0,"score_面積減少":36.827195467422094,"score_斑塊增加":46.81303116147309,"score_平均斑塊縮小":50.63739376770538,"score_道路建成區切割":27.47875354107649,"score_孤立比例":45.34938621340888,"score_距大型綠地":44.66477809254013,"綜合破碎化分數":42.0,"破碎化等級":"低","判定原因":"面積減少0.0%；斑塊增加0.0%；平均斑塊縮小0.2%；道路密度0.00 km/km²；孤立比例0.0%；距大型綠地0m","2021面積_ha":104.04,"2022面積_ha":104.04,"2023面積_ha":104.04}},{"type":"Feature","geometry":{"type":"Polygon","coordinates":[[[121.47374690014607,24.531773786755597],[121.47378079145636,24.540802418285267],[121.48365095146129,24.54077108604103],[121.48361635416795,24.53174246752828],[121.47374690014607,24.531773786755597]]]},"properties":{"grid_id":"G025_016","綠地類型":"森林","中心經度":121.478699,"中心緯度":24.536273,"分析面積_km2":1.04,"2020面積_ha":104.04,"2024面積_ha":104.04,"面積減少率_pct":0.0,"2020斑塊數":1,"2024斑塊數":1,"斑塊數增加率_pct":0.0,"2020平均斑塊面積_ha":172555.65,"2024平均斑塊面積_ha":172145.43,"平均斑塊面積下降率_pct":0.24,"道路切割密度_km_per_km2":0.058,"建成區邊界切割密度_km_per_km2":0.0,"孤立小斑塊比例_pct":0.0,"距大型連續綠地平均距離_m":0.0,"score_面積減少":36.827195467422094,"score_斑塊增加":46.81303116147309,"score_平均斑塊縮小":50.63739376770538,"score_道路建成區切割":36.17799811142588,"score_孤立比例":45.34938621340888,"score_距大型綠地":44.66477809254013,"綜合破碎化分數":43.4,"破碎化等級":"低","判定原因":"面積減少0.0%；斑塊增加0.0%；平均斑塊縮小0.2%；道路密度0.06 km/km²；孤立比例0.0%；距大型綠地0m","2021面積_ha":104.04,"2022面積_ha":104.04,"2023面積_ha":104.04}},{"type":"Feature","geometry":{"type":"Polygon","coordinates":[[[121.49348579129983,24.531710502615752],[121.4935210945709,24.540739107843226],[121.50339122044045,24.54070648369627],[121.50335521119709,24.531677892022422],[121.49348579129983,24.531710502615752]]]},"properties":{"grid_id":"G025_018","綠地類型":"森林","中心經度":121.498438,"中心緯度":24.536209,"分析面積_km2":1.04,"2020面積_ha":92.79,"2024面積_ha":92.79,"面積減少率_pct":0.0,"2020斑塊數":1,"2024斑塊數":1,"斑塊數增加率_pct":0.0,"2020平均斑塊面積_ha":172555.65,"2024平均斑塊面積_ha":172145.43,"平均斑塊面積下降率_pct":0.24,"道路切割密度_km_per_km2":0.0,"建成區邊界切割密度_km_per_km2":0.0,"孤立小斑塊比例_pct":0.0,"距大型連續綠地平均距離_m":0.0,"score_面積減少":36.827195467422094,"score_斑塊增加":46.81303116147309,"score_平均斑塊縮小":50.63739376770538,"score_道路建成區切割":27.47875354107649,"score_孤立比例":45.34938621340888,"score_距大型綠地":44.66477809254013,"綜合破碎化分數":42.0,"破碎化等級":"低","判定原因":"面積減少0.0%；斑塊增加0.0%；平均斑塊縮小0.2%；道路密度0.00 km/km²；孤立比例0.0%；距大型綠地0m","2021面積_ha":94.77,"2022面積_ha":90.72,"2023面積_ha":91.71}},{"type":"Feature","geometry":{"type":"Polygon","coordinates":[[[121.53296336403461,24.531576186203097],[121.53300149116126,24.54060473560598],[121.54287154462313,24.540569527708353],[121.54283271154698,24.531540992932474],[121.53296336403461,24.531576186203097]]]},"properties":{"grid_id":"G025_022","綠地類型":"森林","中心經度":121.537917,"中心緯度":24.536073,"分析面積_km2":1.04,"2020面積_ha":57.87,"2024面積_ha":58.41,"面積減少率_pct":0.0,"2020斑塊數":1,"2024斑塊數":1,"斑塊數增加率_pct":0.0,"2020平均斑塊面積_ha":172555.65,"2024平均斑塊面積_ha":172145.43,"平均斑塊面積下降率_pct":0.24,"道路切割密度_km_per_km2":0.0,"建成區邊界切割密度_km_per_km2":0.0,"孤立小斑塊比例_pct":0.0,"距大型連續綠地平均距離_m":0.0,"score_面積減少":36.827195467422094,"score_斑塊增加":46.81303116147309,"score_平均斑塊縮小":50.63739376770538,"score_道路建成區切割":27.47875354107649,"score_孤立比例":45.34938621340888,"score_距大型綠地":44.66477809254013,"綜合破碎化分數":42.0,"破碎化等級":"低","判定原因":"面積減少0.0%；斑塊增加0.0%；平均斑塊縮小0.2%；道路密度0.00 km/km²；孤立比例0.0%；距大型綠地0m","2021面積_ha":59.31,"2022面積_ha":58.14,"2023面積_ha":58.68}},{"type":"Feature","geometry":{"type":"Polygon","coordinates":[[[121.54283271154698,24.531540992932474],[121.54287154462313,24.540569527708353],[121.55274157912129,24.540533673884973],[121.55270204010156,24.531505154004442],[121.54283271154698,24.531540992932474]]]},"properties":{"grid_id":"G025_023","綠地類型":"森林","中心經度":121.547787,"中心緯度":24.536037,"分析面積_km2":1.04,"2020面積_ha":67.59,"2024面積_ha":68.94,"面積減少率_pct":0.0,"2020斑塊數":1,"2024斑塊數":1,"斑塊數增加率_pct":0.0,"2020平均斑塊面積_ha":172555.65,"2024平均斑塊面積_ha":172145.43,"平均斑塊面積下降率_pct":0.24,"道路切割密度_km_per_km2":0.0,"建成區邊界切割密度_km_per_km2":0.0,"孤立小斑塊比例_pct":0.0,"距大型連續綠地平均距離_m":0.0,"score_面積減少":36.827195467422094,"score_斑塊增加":46.81303116147309,"score_平均斑塊縮小":50.63739376770538,"score_道路建成區切割":27.47875354107649,"score_孤立比例":45.34938621340888,"score_距大型綠地":44.66477809254013,"綜合破碎化分數":42.0,"破碎化等級":"低","判定原因":"面積減少0.0%；斑塊增加0.0%；平均斑塊縮小0.2%；道路密度0.00 km/km²；孤立比例0.0%；距大型綠地0m","2021面積_ha":68.76,"2022面積_ha":69.03,"2023面積_ha":69.12}},{"type":"Feature","geometry":{"type":"Polygon","coordinates":[[[121.61191759401787,24.53127656191395],[121.61196136856758,24.540304986787394],[121.62183126066758,24.540264611627347],[121.6217867802191,24.531236203527545],[121.61191759401787,24.53127656191395]]]},"properties":{"grid_id":"G025_030","綠地類型":"森林","中心經度":121.616874,"中心緯度":24.535771,"分析面積_km2":1.04,"2020面積_ha":101.43,"2024面積_ha":103.05,"面積減少率_pct":0.0,"2020斑塊數":1,"2024斑塊數":1,"斑塊數增加率_pct":0.0,"2020平均斑塊面積_ha":172555.65,"2024平均斑塊面積_ha":172145.43,"平均斑塊面積下降率_pct":0.24,"道路切割密度_km_per_km2":0.0,"建成區邊界切割密度_km_per_km2":0.0,"孤立小斑塊比例_pct":0.0,"距大型連續綠地平均距離_m":0.0,"score_面積減少":36.827195467422094,"score_斑塊增加":46.81303116147309,"score_平均斑塊縮小":50.63739376770538,"score_道路建成區切割":27.47875354107649,"score_孤立比例":45.34938621340888,"score_距大型綠地":44.66477809254013,"綜合破碎化分數":42.0,"破碎化等級":"低","判定原因":"面積減少0.0%；斑塊增加0.0%；平均斑塊縮小0.2%；道路密度0.00 km/km²；孤立比例0.0%；距大型綠地0m","2021面積_ha":102.06,"2022面積_ha":103.05,"2023面積_ha":100.8}},{"type":"Feature","geometry":{"type":"Polygon","coordinates":[[[121.6217867802191,24.531236203527545],[121.62183126066758,24.540264611627347],[121.6317011310462,24.540223590583636],[121.63165594470577,24.531195199525808],[121.6217867802191,24.531236203527545]]]},"properties":{"grid_id":"G025_031","綠地類型":"森林","中心經度":121.626744,"中心緯度":24.53573,"分析面積_km2":1.04,"2020面積_ha":104.04,"2024面積_ha":104.04,"面積減少率_pct":0.0,"2020斑塊數":1,"2024斑塊數":1,"斑塊數增加率_pct":0.0,"2020平均斑塊面積_ha":172555.65,"2024平均斑塊面積_ha":172145.43,"平均斑塊面積下降率_pct":0.24,"道路切割密度_km_per_km2":0.0,"建成區邊界切割密度_km_per_km2":0.0,"孤立小斑塊比例_pct":0.0,"距大型連續綠地平均距離_m":0.0,"score_面積減少":36.827195467422094,"score_斑塊增加":46.81303116147309,"score_平均斑塊縮小":50.63739376770538,"score_道路建成區切割":27.47875354107649,"score_孤立比例":45.34938621340888,"score_距大型綠地":44.66477809254013,"綜合破碎化分數":42.0,"破碎化等級":"低","判定原因":"面積減少0.0%；斑塊增加0.0%；平均斑塊縮小0.2%；道路密度0.00 km/km²；孤立比例0.0%；距大型綠地0m","2021面積_ha":104.04,"2022面積_ha":104.04,"2023面積_ha":104.04}},{"type":"Feature","geometry":{"type":"Polygon","coordinates":[[[121.63165594470577,24.531195199525808],[121.6317011310462,24.540223590583636],[121.64157097935873,24.540181923661915],[121.64152508713332,24.531153549914375],[121.63165594470577,24.531195199525808]]]},"properties":{"grid_id":"G025_032","綠地類型":"森林","中心經度":121.636613,"中心緯度":24.535689,"分析面積_km2":1.04,"2020面積_ha":104.04,"2024面積_ha":104.04,"面積減少率_pct":0.0,"2020斑塊數":1,"2024斑塊數":1,"斑塊數增加率_pct":0.0,"2020平均斑塊面積_ha":172555.65,"2024平均斑塊面積_ha":172145.43,"平均斑塊面積下降率_pct":0.24,"道路切割密度_km_per_km2":0.0,"建成區邊界切割密度_km_per_km2":0.0,"孤立小斑塊比例_pct":0.0,"距大型連續綠地平均距離_m":0.0,"score_面積減少":36.827195467422094,"score_斑塊增加":46.81303116147309,"score_平均斑塊縮小":50.63739376770538,"score_道路建成區切割":27.47875354107649,"score_孤立比例":45.34938621340888,"score_距大型綠地":44.66477809254013,"綜合破碎化分數":42.0,"破碎化等級":"低","判定原因":"面積減少0.0%；斑塊增加0.0%；平均斑塊縮小0.2%；道路密度0.00 km/km²；孤立比例0.0%；距大型綠地0m","2021面積_ha":104.04,"2022面積_ha":104.04,"2023面積_ha":104.04}},{"type":"Feature","geometry":{"type":"Polygon","coordinates":[[[121.64152508713332,24.531153549914375],[121.64157097935873,24.540181923661915],[121.6514408052605,24.540139610867946],[121.65139420715714,24.53111125469901],[121.64152508713332,24.531153549914375]]]},"properties":{"grid_id":"G025_033","綠地類型":"森林","中心經度":121.646483,"中心緯度":24.535647,"分析面積_km2":1.04,"2020面積_ha":98.55,"2024面積_ha":100.17,"面積減少率_pct":0.0,"2020斑塊數":1,"2024斑塊數":1,"斑塊數增加率_pct":0.0,"2020平均斑塊面積_ha":172555.65,"2024平均斑塊面積_ha":172145.43,"平均斑塊面積下降率_pct":0.24,"道路切割密度_km_per_km2":0.029,"建成區邊界切割密度_km_per_km2":0.0,"孤立小斑塊比例_pct":0.0,"距大型連續綠地平均距離_m":0.0,"score_面積減少":36.827195467422094,"score_斑塊增加":46.81303116147309,"score_平均斑塊縮小":50.63739376770538,"score_道路建成區切割":35.87110481586403,"score_孤立比例":45.34938621340888,"score_距大型綠地":44.66477809254013,"綜合破碎化分數":43.4,"破碎化等級":"低","判定原因":"面積減少0.0%；斑塊增加0.0%；平均斑塊縮小0.2%；道路密度0.03 km/km²；孤立比例0.0%；距大型綠地0m","2021面積_ha":99.81,"2022面積_ha":99.99,"2023面積_ha":99.99}},{"type":"Feature","geometry":{"type":"Polygon","coordinates":[[[121.66126330443267,24.531068313885534],[121.66131060840681,24.540096652207566],[121.67118038845302,24.5400530476867],[121.67113237861535,24.531024727479885],[121.66126330443267,24.531068313885534]]]},"properties":{"grid_id":"G025_035","綠地類型":"森林","中心經度":121.666222,"中心緯度":24.535561,"分析面積_km2":1.04,"2020面積_ha":104.04,"2024面積_ha":104.04,"面積減少率_pct":0.0,"2020斑塊數":1,"2024斑塊數":1,"斑塊數增加率_pct":0.0,"2020平均斑塊面積_ha":172555.65,"2024平均斑塊面積_ha":172145.43,"平均斑塊面積下降率_pct":0.24,"道路切割密度_km_per_km2":0.0,"建成區邊界切割密度_km_per_km2":0.0,"孤立小斑塊比例_pct":0.0,"距大型連續綠地平均距離_m":0.0,"score_面積減少":36.827195467422094,"score_斑塊增加":46.81303116147309,"score_平均斑塊縮小":50.63739376770538,"score_道路建成區切割":27.47875354107649,"score_孤立比例":45.34938621340888,"score_距大型綠地":44.66477809254013,"綜合破碎化分數":42.0,"破碎化等級":"低","判定原因":"面積減少0.0%；斑塊增加0.0%；平均斑塊縮小0.2%；道路密度0.00 km/km²；孤立比例0.0%；距大型綠地0m","2021面積_ha":104.04,"2022面積_ha":104.04,"2023面積_ha":104.04}},{"type":"Feature","geometry":{"type":"Polygon","coordinates":[[[121.67113237861535,24.531024727479885],[121.67118038845302,24.5400530476867],[121.68105014505443,24.540008797311373],[121.68100142936063,24.530980495488073],[121.67113237861535,24.531024727479885]]]},"properties":{"grid_id":"G025_036","綠地類型":"森林","中心經度":121.676091,"中心緯度":24.535517,"分析面積_km2":1.04,"2020面積_ha":103.95,"2024面積_ha":104.04,"面積減少率_pct":0.0,"2020斑塊數":1,"2024斑塊數":1,"斑塊數增加率_pct":0.0,"2020平均斑塊面積_ha":172555.65,"2024平均斑塊面積_ha":172145.43,"平均斑塊面積下降率_pct":0.24,"道路切割密度_km_per_km2":0.0,"建成區邊界切割密度_km_per_km2":0.0,"孤立小斑塊比例_pct":0.0,"距大型連續綠地平均距離_m":0.0,"score_面積減少":36.827195467422094,"score_斑塊增加":46.81303116147309,"score_平均斑塊縮小":50.63739376770538,"score_道路建成區切割":27.47875354107649,"score_孤立比例":45.34938621340888,"score_距大型綠地":44.66477809254013,"綜合破碎化分數":42.0,"破碎化等級":"低","判定原因":"面積減少0.0%；斑塊增加0.0%；平均斑塊縮小0.2%；道路密度0.00 km/km²；孤立比例0.0%；距大型綠地0m","2021面積_ha":104.04,"2022面積_ha":103.68,"2023面積_ha":104.04}},{"type":"Feature","geometry":{"type":"Polygon","coordinates":[[[121.68100142936063,24.530980495488073],[121.68105014505443,24.540008797311373],[121.69091987786638,24.539963901087685],[121.69087045632392,24.530935617916203],[121.68100142936063,24.530980495488073]]]},"properties":{"grid_id":"G025_037","綠地類型":"森林","中心經度":121.68596,"中心緯度":24.535472,"分析面積_km2":1.04,"2020面積_ha":104.04,"2024面積_ha":104.04,"面積減少率_pct":0.0,"2020斑塊數":1,"2024斑塊數":1,"斑塊數增加率_pct":0.0,"2020平均斑塊面積_ha":172555.65,"2024平均斑塊面積_ha":172145.43,"平均斑塊面積下降率_pct":0.24,"道路切割密度_km_per_km2":0.0,"建成區邊界切割密度_km_per_km2":0.0,"孤立小斑塊比例_pct":0.0,"距大型連續綠地平均距離_m":0.0,"score_面積減少":36.827195467422094,"score_斑塊增加":46.81303116147309,"score_平均斑塊縮小":50.63739376770538,"score_道路建成區切割":27.47875354107649,"score_孤立比例":45.34938621340888,"score_距大型綠地":44.66477809254013,"綜合破碎化分數":42.0,"破碎化等級":"低","判定原因":"面積減少0.0%；斑塊增加0.0%；平均斑塊縮小0.2%；道路密度0.00 km/km²；孤立比例0.0%；距大型綠地0m","2021面積_ha":104.04,"2022面積_ha":104.04,"2023面積_ha":104.04}},{"type":"Feature","geometry":{"type":"Polygon","coordinates":[[[121.69087045632392,24.530935617916203],[121.69091987786638,24.539963901087685],[121.70078958654423,24.53991835902183],[121.70073945916072,24.53089009477047],[121.69087045632392,24.530935617916203]]]},"properties":{"grid_id":"G025_038","綠地類型":"森林","中心經度":121.69583,"中心緯度":24.535427,"分析面積_km2":1.04,"2020面積_ha":104.04,"2024面積_ha":104.04,"面積減少率_pct":0.0,"2020斑塊數":1,"2024斑塊數":1,"斑塊數增加率_pct":0.0,"2020平均斑塊面積_ha":172555.65,"2024平均斑塊面積_ha":172145.43,"平均斑塊面積下降率_pct":0.24,"道路切割密度_km_per_km2":0.0,"建成區邊界切割密度_km_per_km2":0.0,"孤立小斑塊比例_pct":0.0,"距大型連續綠地平均距離_m":0.0,"score_面積減少":36.827195467422094,"score_斑塊增加":46.81303116147309,"score_平均斑塊縮小":50.63739376770538,"score_道路建成區切割":27.47875354107649,"score_孤立比例":45.34938621340888,"score_距大型綠地":44.66477809254013,"綜合破碎化分數":42.0,"破碎化等級":"低","判定原因":"面積減少0.0%；斑塊增加0.0%；平均斑塊縮小0.2%；道路密度0.00 km/km²；孤立比例0.0%；距大型綠地0m","2021面積_ha":103.41,"2022面積_ha":103.95,"2023面積_ha":104.04}},{"type":"Feature","geometry":{"type":"Polygon","coordinates":[[[121.70073945916072,24.53089009477047],[121.70078958654423,24.53991835902183],[121.71065927074332,24.539872171120102],[121.71060843752642,24.53084392605715],[121.70073945916072,24.53089009477047]]]},"properties":{"grid_id":"G025_039","綠地類型":"森林","中心經度":121.705699,"中心緯度":24.535381,"分析面積_km2":1.04,"2020面積_ha":103.59,"2024面積_ha":104.04,"面積減少率_pct":0.0,"2020斑塊數":1,"2024斑塊數":1,"斑塊數增加率_pct":0.0,"2020平均斑塊面積_ha":172555.65,"2024平均斑塊面積_ha":172145.43,"平均斑塊面積下降率_pct":0.24,"道路切割密度_km_per_km2":0.0,"建成區邊界切割密度_km_per_km2":0.0,"孤立小斑塊比例_pct":0.0,"距大型連續綠地平均距離_m":0.0,"score_面積減少":36.827195467422094,"score_斑塊增加":46.81303116147309,"score_平均斑塊縮小":50.63739376770538,"score_道路建成區切割":27.47875354107649,"score_孤立比例":45.34938621340888,"score_距大型綠地":44.66477809254013,"綜合破碎化分數":42.0,"破碎化等級":"低","判定原因":"面積減少0.0%；斑塊增加0.0%；平均斑塊縮小0.2%；道路密度0.00 km/km²；孤立比例0.0%；距大型綠地0m","2021面積_ha":104.04,"2022面積_ha":103.86,"2023面積_ha":103.95}},{"type":"Feature","geometry":{"type":"Polygon","coordinates":[[[121.72047739107651,24.53079711178261],[121.72052893011896,24.539825337388862],[121.73039856432656,24.53977785783459],[121.73034631946646,24.53074965195332],[121.72047739107651,24.53079711178261]]]},"properties":{"grid_id":"G025_041","綠地類型":"森林","中心經度":121.725438,"中心緯度":24.535288,"分析面積_km2":1.04,"2020面積_ha":104.04,"2024面積_ha":104.04,"面積減少率_pct":0.0,"2020斑塊數":1,"2024斑塊數":1,"斑塊數增加率_pct":0.0,"2020平均斑塊面積_ha":172555.65,"2024平均斑塊面積_ha":172145.43,"平均斑塊面積下降率_pct":0.24,"道路切割密度_km_per_km2":0.0,"建成區邊界切割密度_km_per_km2":0.0,"孤立小斑塊比例_pct":0.0,"距大型連續綠地平均距離_m":0.0,"score_面積減少":36.827195467422094,"score_斑塊增加":46.81303116147309,"score_平均斑塊縮小":50.63739376770538,"score_道路建成區切割":27.47875354107649,"score_孤立比例":45.34938621340888,"score_距大型綠地":44.66477809254013,"綜合破碎化分數":42.0,"破碎化等級":"低","判定原因":"面積減少0.0%；斑塊增加0.0%；平均斑塊縮小0.2%；道路密度0.00 km/km²；孤立比例0.0%；距大型綠地0m","2021面積_ha":104.04,"2022面積_ha":104.04,"2023面積_ha":104.04}},{"type":"Feature","geometry":{"type":"Polygon","coordinates":[[[121.75008409938782,24.530652795656774],[121.75013775585904,24.53968096128321],[121.76000731249462,24.539631544299482],[121.75995295023017,24.53060339920287],[121.75008409938782,24.530652795656774]]]},"properties":{"grid_id":"G025_044","綠地類型":"森林","中心經度":121.755046,"中心緯度":24.535142,"分析面積_km2":1.04,"2020面積_ha":104.04,"2024面積_ha":104.04,"面積減少率_pct":0.0,"2020斑塊數":1,"2024斑塊數":1,"斑塊數增加率_pct":0.0,"2020平均斑塊面積_ha":172555.65,"2024平均斑塊面積_ha":172145.43,"平均斑塊面積下降率_pct":0.24,"道路切割密度_km_per_km2":0.0,"建成區邊界切割密度_km_per_km2":0.0,"孤立小斑塊比例_pct":0.0,"距大型連續綠地平均距離_m":0.0,"score_面積減少":36.827195467422094,"score_斑塊增加":46.81303116147309,"score_平均斑塊縮小":50.63739376770538,"score_道路建成區切割":27.47875354107649,"score_孤立比例":45.34938621340888,"score_距大型綠地":44.66477809254013,"綜合破碎化分數":42.0,"破碎化等級":"低","判定原因":"面積減少0.0%；斑塊增加0.0%；平均斑塊縮小0.2%；道路密度0.00 km/km²；孤立比例0.0%；距大型綠地0m","2021面積_ha":104.04,"2022面積_ha":104.04,"2023面積_ha":104.04}},{"type":"Feature","geometry":{"type":"Polygon","coordinates":[[[121.75995295023017,24.53060339920287],[121.76000731249462,24.539631544299482],[121.76987684258364,24.53958148151945],[121.7698217745343,24.53055335722095],[121.75995295023017,24.53060339920287]]]},"properties":{"grid_id":"G025_045","綠地類型":"森林","中心經度":121.764915,"中心緯度":24.535093,"分析面積_km2":1.04,"2020面積_ha":104.04,"2024面積_ha":104.04,"面積減少率_pct":0.0,"2020斑塊數":1,"2024斑塊數":1,"斑塊數增加率_pct":0.0,"2020平均斑塊面積_ha":172555.65,"2024平均斑塊面積_ha":172145.43,"平均斑塊面積下降率_pct":0.24,"道路切割密度_km_per_km2":0.317,"建成區邊界切割密度_km_per_km2":0.0,"孤立小斑塊比例_pct":0.0,"距大型連續綠地平均距離_m":0.0,"score_面積減少":36.827195467422094,"score_斑塊增加":46.81303116147309,"score_平均斑塊縮小":50.63739376770538,"score_道路建成區切割":37.79508970727102,"score_孤立比例":45.34938621340888,"score_距大型綠地":44.66477809254013,"綜合破碎化分數":43.7,"破碎化等級":"低","判定原因":"面積減少0.0%；斑塊增加0.0%；平均斑塊縮小0.2%；道路密度0.32 km/km²；孤立比例0.0%；距大型綠地0m","2021面積_ha":104.04,"2022面積_ha":104.04,"2023面積_ha":104.04}},{"type":"Feature","geometry":{"type":"Polygon","coordinates":[[[121.7698217745343,24.53055335722095],[121.76987684258364,24.53958148151945],[121.77974634578145,24.539530772950034],[121.77969057195564,24.530502669717904],[121.7698217745343,24.53055335722095]]]},"properties":{"grid_id":"G025_046","綠地類型":"森林","中心經度":121.774784,"中心緯度":24.535042,"分析面積_km2":1.04,"2020面積_ha":104.04,"2024面積_ha":104.04,"面積減少率_pct":0.0,"2020斑塊數":1,"2024斑塊數":1,"斑塊數增加率_pct":0.0,"2020平均斑塊面積_ha":172555.65,"2024平均斑塊面積_ha":172145.43,"平均斑塊面積下降率_pct":0.24,"道路切割密度_km_per_km2":0.0,"建成區邊界切割密度_km_per_km2":0.0,"孤立小斑塊比例_pct":0.0,"距大型連續綠地平均距離_m":0.0,"score_面積減少":36.827195467422094,"score_斑塊增加":46.81303116147309,"score_平均斑塊縮小":50.63739376770538,"score_道路建成區切割":27.47875354107649,"score_孤立比例":45.34938621340888,"score_距大型綠地":44.66477809254013,"綜合破碎化分數":42.0,"破碎化等級":"低","判定原因":"面積減少0.0%；斑塊增加0.0%；平均斑塊縮小0.2%；道路密度0.00 km/km²；孤立比例0.0%；距大型綠地0m","2021面積_ha":104.04,"2022面積_ha":104.04,"2023面積_ha":104.04}},{"type":"Feature","geometry":{"type":"Polygon","coordinates":[[[121.77969057195564,24.530502669717904],[121.77974634578145,24.539530772950034],[121.78961582174344,24.539479418598226],[121.78955934214977,24.53045133670074],[121.77969057195564,24.530502669717904]]]},"properties":{"grid_id":"G025_047","綠地類型":"森林","中心經度":121.784653,"中心緯度":24.534991,"分析面積_km2":1.04,"2020面積_ha":102.78,"2024面積_ha":104.04,"面積減少率_pct":0.0,"2020斑塊數":1,"2024斑塊數":1,"斑塊數增加率_pct":0.0,"2020平均斑塊面積_ha":172555.65,"2024平均斑塊面積_ha":172145.43,"平均斑塊面積下降率_pct":0.24,"道路切割密度_km_per_km2":0.0,"建成區邊界切割密度_km_per_km2":0.0,"孤立小斑塊比例_pct":0.0,"距大型連續綠地平均距離_m":0.0,"score_面積減少":36.827195467422094,"score_斑塊增加":46.81303116147309,"score_平均斑塊縮小":50.63739376770538,"score_道路建成區切割":27.47875354107649,"score_孤立比例":45.34938621340888,"score_距大型綠地":44.66477809254013,"綜合破碎化分數":42.0,"破碎化等級":"低","判定原因":"面積減少0.0%；斑塊增加0.0%；平均斑塊縮小0.2%；道路密度0.00 km/km²；孤立比例0.0%；距大型綠地0m","2021面積_ha":104.04,"2022面積_ha":103.86,"2023面積_ha":103.14}},{"type":"Feature","geometry":{"type":"Polygon","coordinates":[[[121.78955934214977,24.53045133670074],[121.78961582174344,24.539479418598226],[121.799485270125,24.539427418471107],[121.79942808477212,24.530399358176528],[121.78955934214977,24.53045133670074]]]},"properties":{"grid_id":"G025_048","綠地類型":"森林","中心經度":121.794522,"中心緯度":24.534939,"分析面積_km2":1.04,"2020面積_ha":104.04,"2024面積_ha":104.04,"面積減少率_pct":0.0,"2020斑塊數":1,"2024斑塊數":1,"斑塊數增加率_pct":0.0,"2020平均斑塊面積_ha":172555.65,"2024平均斑塊面積_ha":172145.43,"平均斑塊面積下降率_pct":0.24,"道路切割密度_km_per_km2":0.0,"建成區邊界切割密度_km_per_km2":0.0,"孤立小斑塊比例_pct":0.0,"距大型連續綠地平均距離_m":0.0,"score_面積減少":36.827195467422094,"score_斑塊增加":46.81303116147309,"score_平均斑塊縮小":50.63739376770538,"score_道路建成區切割":27.47875354107649,"score_孤立比例":45.34938621340888,"score_距大型綠地":44.66477809254013,"綜合破碎化分數":42.0,"破碎化等級":"低","判定原因":"面積減少0.0%；斑塊增加0.0%；平均斑塊縮小0.2%；道路密度0.00 km/km²；孤立比例0.0%；距大型綠地0m","2021面積_ha":104.04,"2022面積_ha":104.04,"2023面積_ha":102.6}},{"type":"Feature","geometry":{"type":"Polygon","coordinates":[[[121.79942808477212,24.530399358176528],[121.799485270125,24.539427418471107],[121.80935469058154,24.539374772575858],[121.80929679947826,24.530346734152452],[121.79942808477212,24.530399358176528]]]},"properties":{"grid_id":"G025_049","綠地類型":"森林","中心經度":121.804391,"中心緯度":24.534887,"分析面積_km2":1.04,"2020面積_ha":104.04,"2024面積_ha":104.04,"面積減少率_pct":0.0,"2020斑塊數":1,"2024斑塊數":1,"斑塊數增加率_pct":0.0,"2020平均斑塊面積_ha":172555.65,"2024平均斑塊面積_ha":172145.43,"平均斑塊面積下降率_pct":0.24,"道路切割密度_km_per_km2":0.0,"建成區邊界切割密度_km_per_km2":0.0,"孤立小斑塊比例_pct":0.0,"距大型連續綠地平均距離_m":0.0,"score_面積減少":36.827195467422094,"score_斑塊增加":46.81303116147309,"score_平均斑塊縮小":50.63739376770538,"score_道路建成區切割":27.47875354107649,"score_孤立比例":45.34938621340888,"score_距大型綠地":44.66477809254013,"綜合破碎化分數":42.0,"破碎化等級":"低","判定原因":"面積減少0.0%；斑塊增加0.0%；平均斑塊縮小0.2%；道路密度0.00 km/km²；孤立比例0.0%；距大型綠地0m","2021面積_ha":104.04,"2022面積_ha":104.04,"2023面積_ha":104.04}},{"type":"Feature","geometry":{"type":"Polygon","coordinates":[[[121.40468922731182,24.541003656943182],[121.40471819073841,24.550032361236987],[121.4145891657195,24.550005539643845],[121.41455949593093,24.540976846489976],[121.40468922731182,24.541003656943182]]]},"properties":{"grid_id":"G026_009","綠地類型":"森林","中心經度":121.409639,"中心緯度":24.545505,"分析面積_km2":1.04,"2020面積_ha":104.04,"2024面積_ha":104.04,"面積減少率_pct":0.0,"2020斑塊數":1,"2024斑塊數":1,"斑塊數增加率_pct":0.0,"2020平均斑塊面積_ha":172555.65,"2024平均斑塊面積_ha":172145.43,"平均斑塊面積下降率_pct":0.24,"道路切割密度_km_per_km2":0.375,"建成區邊界切割密度_km_per_km2":0.0,"孤立小斑塊比例_pct":0.0,"距大型連續綠地平均距離_m":0.0,"score_面積減少":36.827195467422094,"score_斑塊增加":46.81303116147309,"score_平均斑塊縮小":50.63739376770538,"score_道路建成區切割":38.26723323890462,"score_孤立比例":45.34938621340888,"score_距大型綠地":44.66477809254013,"綜合破碎化分數":43.8,"破碎化等級":"低","判定原因":"面積減少0.0%；斑塊增加0.0%；平均斑塊縮小0.2%；道路密度0.38 km/km²；孤立比例0.0%；距大型綠地0m","2021面積_ha":104.04,"2022面積_ha":104.04,"2023面積_ha":104.04}},{"type":"Feature","geometry":{"type":"Polygon","coordinates":[[[121.47378079145636,24.540802418285267],[121.47381469931723,24.549831038963084],[121.48368556564996,24.549799693700113],[121.48365095146129,24.54077108604103],[121.47378079145636,24.540802418285267]]]},"properties":{"grid_id":"G026_016","綠地類型":"森林","中心經度":121.478733,"中心緯度":24.545301,"分析面積_km2":1.04,"2020面積_ha":104.04,"2024面積_ha":104.04,"面積減少率_pct":0.0,"2020斑塊數":1,"2024斑塊數":1,"斑塊數增加率_pct":0.0,"2020平均斑塊面積_ha":172555.65,"2024平均斑塊面積_ha":172145.43,"平均斑塊面積下降率_pct":0.24,"道路切割密度_km_per_km2":0.058,"建成區邊界切割密度_km_per_km2":0.0,"孤立小斑塊比例_pct":0.0,"距大型連續綠地平均距離_m":0.0,"score_面積減少":36.827195467422094,"score_斑塊增加":46.81303116147309,"score_平均斑塊縮小":50.63739376770538,"score_道路建成區切割":36.17799811142588,"score_孤立比例":45.34938621340888,"score_距大型綠地":44.66477809254013,"綜合破碎化分數":43.4,"破碎化等級":"低","判定原因":"面積減少0.0%；斑塊增加0.0%；平均斑塊縮小0.2%；道路密度0.06 km/km²；孤立比例0.0%；距大型綠地0m","2021面積_ha":104.04,"2022面積_ha":104.04,"2023面積_ha":104.04}},{"type":"Feature","geometry":{"type":"Polygon","coordinates":[[[121.52313141908036,24.540639297573016],[121.52316885852588,24.549667850473288],[121.53303963690689,24.549633274145602],[121.53300149116126,24.54060473560598],[121.52313141908036,24.540639297573016]]]},"properties":{"grid_id":"G026_021","綠地類型":"森林","中心經度":121.528085,"中心緯度":24.545136,"分析面積_km2":1.04,"2020面積_ha":79.38,"2024面積_ha":79.47,"面積減少率_pct":0.0,"2020斑塊數":1,"2024斑塊數":1,"斑塊數增加率_pct":0.0,"2020平均斑塊面積_ha":172555.65,"2024平均斑塊面積_ha":172145.43,"平均斑塊面積下降率_pct":0.24,"道路切割密度_km_per_km2":0.0,"建成區邊界切割密度_km_per_km2":0.0,"孤立小斑塊比例_pct":0.0,"距大型連續綠地平均距離_m":0.0,"score_面積減少":36.827195467422094,"score_斑塊增加":46.81303116147309,"score_平均斑塊縮小":50.63739376770538,"score_道路建成區切割":27.47875354107649,"score_孤立比例":45.34938621340888,"score_距大型綠地":44.66477809254013,"綜合破碎化分數":42.0,"破碎化等級":"低","判定原因":"面積減少0.0%；斑塊增加0.0%；平均斑塊縮小0.2%；道路密度0.00 km/km²；孤立比例0.0%；距大型綠地0m","2021面積_ha":80.82,"2022面積_ha":78.3,"2023面積_ha":78.39}},{"type":"Feature","geometry":{"type":"Polygon","coordinates":[[[121.53300149116126,24.54060473560598],[121.53303963690689,24.549633274145602],[121.54291039666303,24.549598051618926],[121.54287154462313,24.540569527708353],[121.53300149116126,24.54060473560598]]]},"properties":{"grid_id":"G026_022","綠地類型":"森林","中心經度":121.537956,"中心緯度":24.545101,"分析面積_km2":1.04,"2020面積_ha":102.42,"2024面積_ha":102.96,"面積減少率_pct":0.0,"2020斑塊數":1,"2024斑塊數":1,"斑塊數增加率_pct":0.0,"2020平均斑塊面積_ha":172555.65,"2024平均斑塊面積_ha":172145.43,"平均斑塊面積下降率_pct":0.24,"道路切割密度_km_per_km2":0.0,"建成區邊界切割密度_km_per_km2":0.0,"孤立小斑塊比例_pct":0.0,"距大型連續綠地平均距離_m":0.0,"score_面積減少":36.827195467422094,"score_斑塊增加":46.81303116147309,"score_平均斑塊縮小":50.63739376770538,"score_道路建成區切割":27.47875354107649,"score_孤立比例":45.34938621340888,"score_距大型綠地":44.66477809254013,"綜合破碎化分數":42.0,"破碎化等級":"低","判定原因":"面積減少0.0%；斑塊增加0.0%；平均斑塊縮小0.2%；道路密度0.00 km/km²；孤立比例0.0%；距大型綠地0m","2021面積_ha":102.06,"2022面積_ha":101.97,"2023面積_ha":101.88}},{"type":"Feature","geometry":{"type":"Polygon","coordinates":[[[121.54287154462313,24.540569527708353],[121.54291039666303,24.549598051618926],[121.55278113744946,24.54956218289812],[121.55274157912129,24.540533673884973],[121.54287154462313,24.540569527708353]]]},"properties":{"grid_id":"G026_023","綠地類型":"森林","中心經度":121.547826,"中心緯度":24.545066,"分析面積_km2":1.04,"2020面積_ha":88.65,"2024面積_ha":88.74,"面積減少率_pct":0.0,"2020斑塊數":1,"2024斑塊數":1,"斑塊數增加率_pct":0.0,"2020平均斑塊面積_ha":172555.65,"2024平均斑塊面積_ha":172145.43,"平均斑塊面積下降率_pct":0.24,"道路切割密度_km_per_km2":0.0,"建成區邊界切割密度_km_per_km2":0.0,"孤立小斑塊比例_pct":0.0,"距大型連續綠地平均距離_m":0.0,"score_面積減少":36.827195467422094,"score_斑塊增加":46.81303116147309,"score_平均斑塊縮小":50.63739376770538,"score_道路建成區切割":27.47875354107649,"score_孤立比例":45.34938621340888,"score_距大型綠地":44.66477809254013,"綜合破碎化分數":42.0,"破碎化等級":"低","判定原因":"面積減少0.0%；斑塊增加0.0%；平均斑塊縮小0.2%；道路密度0.00 km/km²；孤立比例0.0%；距大型綠地0m","2021面積_ha":88.47,"2022面積_ha":87.21,"2023面積_ha":88.47}},{"type":"Feature","geometry":{"type":"Polygon","coordinates":[[[121.55274157912129,24.540533673884973],[121.55278113744946,24.54956218289812],[121.56265185892136,24.549525667988156],[121.56261159431098,24.540497174140796],[121.55274157912129,24.540533673884973]]]},"properties":{"grid_id":"G026_024","綠地類型":"森林","中心經度":121.557697,"中心緯度":24.54503,"分析面積_km2":1.04,"2020面積_ha":94.77,"2024面積_ha":95.94,"面積減少率_pct":0.0,"2020斑塊數":1,"2024斑塊數":1,"斑塊數增加率_pct":0.0,"2020平均斑塊面積_ha":172555.65,"2024平均斑塊面積_ha":172145.43,"平均斑塊面積下降率_pct":0.24,"道路切割密度_km_per_km2":0.0,"建成區邊界切割密度_km_per_km2":0.0,"孤立小斑塊比例_pct":0.0,"距大型連續綠地平均距離_m":0.0,"score_面積減少":36.827195467422094,"score_斑塊增加":46.81303116147309,"score_平均斑塊縮小":50.63739376770538,"score_道路建成區切割":27.47875354107649,"score_孤立比例":45.34938621340888,"score_距大型綠地":44.66477809254013,"綜合破碎化分數":42.0,"破碎化等級":"低","判定原因":"面積減少0.0%；斑塊增加0.0%；平均斑塊縮小0.2%；道路密度0.00 km/km²；孤立比例0.0%；距大型綠地0m","2021面積_ha":95.04,"2022面積_ha":93.87,"2023面積_ha":96.57}},{"type":"Feature","geometry":{"type":"Polygon","coordinates":[[[121.56261159431098,24.540497174140796],[121.56265185892136,24.549525667988156],[121.57252256073387,24.549488506894054],[121.57248158984748,24.540460028480858],[121.56261159431098,24.540497174140796]]]},"properties":{"grid_id":"G026_025","綠地類型":"森林","中心經度":121.567567,"中心緯度":24.544993,"分析面積_km2":1.04,"2020面積_ha":86.04,"2024面積_ha":88.83,"面積減少率_pct":0.0,"2020斑塊數":2,"2024斑塊數":1,"斑塊數增加率_pct":0.0,"2020平均斑塊面積_ha":86277.915,"2024平均斑塊面積_ha":172145.43,"平均斑塊面積下降率_pct":0.0,"道路切割密度_km_per_km2":0.029,"建成區邊界切割密度_km_per_km2":0.0,"孤立小斑塊比例_pct":0.0,"距大型連續綠地平均距離_m":0.0,"score_面積減少":36.827195467422094,"score_斑塊增加":46.81303116147309,"score_平均斑塊縮小":3.7535410764872523,"score_道路建成區切割":35.87110481586403,"score_孤立比例":45.34938621340888,"score_距大型綠地":44.66477809254013,"綜合破碎化分數":35.5,"破碎化等級":"低","判定原因":"面積減少0.0%；斑塊增加0.0%；平均斑塊縮小0.0%；道路密度0.03 km/km²；孤立比例0.0%；距大型綠地0m","2021面積_ha":83.07,"2022面積_ha":82.71,"2023面積_ha":81.72}},{"type":"Feature","geometry":{"type":"Polygon","coordinates":[[[121.62183126066758,24.540264611627347],[121.62187576283746,24.54929300884423],[121.63174633945269,24.54925197075618],[121.6317011310462,24.540223590583636],[121.62183126066758,24.540264611627347]]]},"properties":{"grid_id":"G026_031","綠地類型":"森林","中心經度":121.626789,"中心緯度":24.544758,"分析面積_km2":1.04,"2020面積_ha":103.95,"2024面積_ha":104.04,"面積減少率_pct":0.0,"2020斑塊數":1,"2024斑塊數":1,"斑塊數增加率_pct":0.0,"2020平均斑塊面積_ha":172555.65,"2024平均斑塊面積_ha":172145.43,"平均斑塊面積下降率_pct":0.24,"道路切割密度_km_per_km2":0.317,"建成區邊界切割密度_km_per_km2":0.0,"孤立小斑塊比例_pct":0.0,"距大型連續綠地平均距離_m":0.0,"score_面積減少":36.827195467422094,"score_斑塊增加":46.81303116147309,"score_平均斑塊縮小":50.63739376770538,"score_道路建成區切割":37.79508970727102,"score_孤立比例":45.34938621340888,"score_距大型綠地":44.66477809254013,"綜合破碎化分數":43.7,"破碎化等級":"低","判定原因":"面積減少0.0%；斑塊增加0.0%；平均斑塊縮小0.2%；道路密度0.32 km/km²；孤立比例0.0%；距大型綠地0m","2021面積_ha":103.95,"2022面積_ha":103.95,"2023面積_ha":104.04}},{"type":"Feature","geometry":{"type":"Polygon","coordinates":[[[121.6317011310462,24.540223590583636],[121.63174633945269,24.54925197075618],[121.64161689399491,24.54921028652177],[121.64157097935873,24.540181923661915],[121.6317011310462,24.540223590583636]]]},"properties":{"grid_id":"G026_032","綠地類型":"森林","中心經度":121.636659,"中心緯度":24.544717,"分析面積_km2":1.04,"2020面積_ha":94.14,"2024面積_ha":96.48,"面積減少率_pct":0.0,"2020斑塊數":1,"2024斑塊數":1,"斑塊數增加率_pct":0.0,"2020平均斑塊面積_ha":172555.65,"2024平均斑塊面積_ha":172145.43,"平均斑塊面積下降率_pct":0.24,"道路切割密度_km_per_km2":0.029,"建成區邊界切割密度_km_per_km2":0.0,"孤立小斑塊比例_pct":0.0,"距大型連續綠地平均距離_m":0.0,"score_面積減少":36.827195467422094,"score_斑塊增加":46.81303116147309,"score_平均斑塊縮小":50.63739376770538,"score_道路建成區切割":35.87110481586403,"score_孤立比例":45.34938621340888,"score_距大型綠地":44.66477809254013,"綜合破碎化分數":43.4,"破碎化等級":"低","判定原因":"面積減少0.0%；斑塊增加0.0%；平均斑塊縮小0.2%；道路密度0.03 km/km²；孤立比例0.0%；距大型綠地0m","2021面積_ha":96.03,"2022面積_ha":96.03,"2023面積_ha":95.04}},{"type":"Feature","geometry":{"type":"Polygon","coordinates":[[[121.66131060840681,24.540096652207566],[121.66135793548106,24.54912497963699],[121.67122842173545,24.549081356998396],[121.67118038845302,24.5400530476867],[121.66131060840681,24.540096652207566]]]},"properties":{"grid_id":"G026_035","綠地類型":"森林","中心經度":121.666269,"中心緯度":24.544589,"分析面積_km2":1.04,"2020面積_ha":104.04,"2024面積_ha":104.04,"面積減少率_pct":0.0,"2020斑塊數":1,"2024斑塊數":1,"斑塊數增加率_pct":0.0,"2020平均斑塊面積_ha":172555.65,"2024平均斑塊面積_ha":172145.43,"平均斑塊面積下降率_pct":0.24,"道路切割密度_km_per_km2":0.0,"建成區邊界切割密度_km_per_km2":0.0,"孤立小斑塊比例_pct":0.0,"距大型連續綠地平均距離_m":0.0,"score_面積減少":36.827195467422094,"score_斑塊增加":46.81303116147309,"score_平均斑塊縮小":50.63739376770538,"score_道路建成區切割":27.47875354107649,"score_孤立比例":45.34938621340888,"score_距大型綠地":44.66477809254013,"綜合破碎化分數":42.0,"破碎化等級":"低","判定原因":"面積減少0.0%；斑塊增加0.0%；平均斑塊縮小0.2%；道路密度0.00 km/km²；孤立比例0.0%；距大型綠地0m","2021面積_ha":104.04,"2022面積_ha":104.04,"2023面積_ha":104.04}},{"type":"Feature","geometry":{"type":"Polygon","coordinates":[[[121.67118038845302,24.5400530476867],[121.67122842173545,24.549081356998396],[121.68109888453768,24.54903708823699],[121.68105014505443,24.540008797311373],[121.67118038845302,24.5400530476867]]]},"properties":{"grid_id":"G026_036","綠地類型":"森林","中心經度":121.676139,"中心緯度":24.544545,"分析面積_km2":1.04,"2020面積_ha":99.9,"2024面積_ha":101.52,"面積減少率_pct":0.0,"2020斑塊數":1,"2024斑塊數":1,"斑塊數增加率_pct":0.0,"2020平均斑塊面積_ha":172555.65,"2024平均斑塊面積_ha":172145.43,"平均斑塊面積下降率_pct":0.24,"道路切割密度_km_per_km2":0.0,"建成區邊界切割密度_km_per_km2":0.0,"孤立小斑塊比例_pct":0.0,"距大型連續綠地平均距離_m":0.0,"score_面積減少":36.827195467422094,"score_斑塊增加":46.81303116147309,"score_平均斑塊縮小":50.63739376770538,"score_道路建成區切割":27.47875354107649,"score_孤立比例":45.34938621340888,"score_距大型綠地":44.66477809254013,"綜合破碎化分數":42.0,"破碎化等級":"低","判定原因":"面積減少0.0%；斑塊增加0.0%；平均斑塊縮小0.2%；道路密度0.00 km/km²；孤立比例0.0%；距大型綠地0m","2021面積_ha":100.8,"2022面積_ha":100.44,"2023面積_ha":101.25}},{"type":"Feature","geometry":{"type":"Polygon","coordinates":[[[121.68105014505443,24.540008797311373],[121.68109888453768,24.54903708823699],[121.69096932354294,24.54899217335889],[121.69091987786638,24.539963901087685],[121.68105014505443,24.540008797311373]]]},"properties":{"grid_id":"G026_037","綠地類型":"森林","中心經度":121.68601,"中心緯度":24.544501,"分析面積_km2":1.04,"2020面積_ha":104.04,"2024面積_ha":104.04,"面積減少率_pct":0.0,"2020斑塊數":1,"2024斑塊數":1,"斑塊數增加率_pct":0.0,"2020平均斑塊面積_ha":172555.65,"2024平均斑塊面積_ha":172145.43,"平均斑塊面積下降率_pct":0.24,"道路切割密度_km_per_km2":0.0,"建成區邊界切割密度_km_per_km2":0.0,"孤立小斑塊比例_pct":0.0,"距大型連續綠地平均距離_m":0.0,"score_面積減少":36.827195467422094,"score_斑塊增加":46.81303116147309,"score_平均斑塊縮小":50.63739376770538,"score_道路建成區切割":27.47875354107649,"score_孤立比例":45.34938621340888,"score_距大型綠地":44.66477809254013,"綜合破碎化分數":42.0,"破碎化等級":"低","判定原因":"面積減少0.0%；斑塊增加0.0%；平均斑塊縮小0.2%；道路密度0.00 km/km²；孤立比例0.0%；距大型綠地0m","2021面積_ha":104.04,"2022面積_ha":104.04,"2023面積_ha":104.04}},{"type":"Feature","geometry":{"type":"Polygon","coordinates":[[[121.69091987786638,24.539963901087685],[121.69096932354294,24.54899217335889],[121.70083973840653,24.54894661237029],[121.70078958654423,24.53991835902183],[121.69091987786638,24.539963901087685]]]},"properties":{"grid_id":"G026_038","綠地類型":"森林","中心經度":121.69588,"中心緯度":24.544455,"分析面積_km2":1.04,"2020面積_ha":104.04,"2024面積_ha":104.04,"面積減少率_pct":0.0,"2020斑塊數":1,"2024斑塊數":1,"斑塊數增加率_pct":0.0,"2020平均斑塊面積_ha":172555.65,"2024平均斑塊面積_ha":172145.43,"平均斑塊面積下降率_pct":0.24,"道路切割密度_km_per_km2":0.0,"建成區邊界切割密度_km_per_km2":0.0,"孤立小斑塊比例_pct":0.0,"距大型連續綠地平均距離_m":0.0,"score_面積減少":36.827195467422094,"score_斑塊增加":46.81303116147309,"score_平均斑塊縮小":50.63739376770538,"score_道路建成區切割":27.47875354107649,"score_孤立比例":45.34938621340888,"score_距大型綠地":44.66477809254013,"綜合破碎化分數":42.0,"破碎化等級":"低","判定原因":"面積減少0.0%；斑塊增加0.0%；平均斑塊縮小0.2%；道路密度0.00 km/km²；孤立比例0.0%；距大型綠地0m","2021面積_ha":104.04,"2022面積_ha":104.04,"2023面積_ha":104.04}},{"type":"Feature","geometry":{"type":"Polygon","coordinates":[[[121.70078958654423,24.53991835902183],[121.70083973840653,24.54894661237029],[121.71071012878363,24.548900405277482],[121.71065927074332,24.539872171120102],[121.70078958654423,24.53991835902183]]]},"properties":{"grid_id":"G026_039","綠地類型":"森林","中心經度":121.70575,"中心緯度":24.544409,"分析面積_km2":1.04,"2020面積_ha":102.42,"2024面積_ha":102.87,"面積減少率_pct":0.0,"2020斑塊數":1,"2024斑塊數":1,"斑塊數增加率_pct":0.0,"2020平均斑塊面積_ha":172555.65,"2024平均斑塊面積_ha":172145.43,"平均斑塊面積下降率_pct":0.24,"道路切割密度_km_per_km2":0.0,"建成區邊界切割密度_km_per_km2":0.0,"孤立小斑塊比例_pct":0.0,"距大型連續綠地平均距離_m":0.0,"score_面積減少":36.827195467422094,"score_斑塊增加":46.81303116147309,"score_平均斑塊縮小":50.63739376770538,"score_道路建成區切割":27.47875354107649,"score_孤立比例":45.34938621340888,"score_距大型綠地":44.66477809254013,"綜合破碎化分數":42.0,"破碎化等級":"低","判定原因":"面積減少0.0%；斑塊增加0.0%；平均斑塊縮小0.2%；道路密度0.00 km/km²；孤立比例0.0%；距大型綠地0m","2021面積_ha":102.87,"2022面積_ha":101.43,"2023面積_ha":103.05}},{"type":"Feature","geometry":{"type":"Polygon","coordinates":[[[121.71065927074332,24.539872171120102],[121.71071012878363,24.548900405277482],[121.72058049432948,24.548853552086843],[121.72052893011896,24.539825337388862],[121.71065927074332,24.539872171120102]]]},"properties":{"grid_id":"G026_040","綠地類型":"森林","中心經度":121.71562,"中心緯度":24.544363,"分析面積_km2":1.04,"2020面積_ha":102.24,"2024面積_ha":102.33,"面積減少率_pct":0.0,"2020斑塊數":1,"2024斑塊數":1,"斑塊數增加率_pct":0.0,"2020平均斑塊面積_ha":172555.65,"2024平均斑塊面積_ha":172145.43,"平均斑塊面積下降率_pct":0.24,"道路切割密度_km_per_km2":0.0,"建成區邊界切割密度_km_per_km2":0.0,"孤立小斑塊比例_pct":0.0,"距大型連續綠地平均距離_m":0.0,"score_面積減少":36.827195467422094,"score_斑塊增加":46.81303116147309,"score_平均斑塊縮小":50.63739376770538,"score_道路建成區切割":27.47875354107649,"score_孤立比例":45.34938621340888,"score_距大型綠地":44.66477809254013,"綜合破碎化分數":42.0,"破碎化等級":"低","判定原因":"面積減少0.0%；斑塊增加0.0%；平均斑塊縮小0.2%；道路密度0.00 km/km²；孤立比例0.0%；距大型綠地0m","2021面積_ha":102.42,"2022面積_ha":102.06,"2023面積_ha":102.42}},{"type":"Feature","geometry":{"type":"Polygon","coordinates":[[[121.72052893011896,24.539825337388862],[121.72058049432948,24.548853552086843],[121.73045083469938,24.548806052804835],[121.73039856432656,24.53977785783459],[121.72052893011896,24.539825337388862]]]},"properties":{"grid_id":"G026_041","綠地類型":"森林","中心經度":121.72549,"中心緯度":24.544316,"分析面積_km2":1.04,"2020面積_ha":100.71,"2024面積_ha":100.98,"面積減少率_pct":0.0,"2020斑塊數":1,"2024斑塊數":1,"斑塊數增加率_pct":0.0,"2020平均斑塊面積_ha":172555.65,"2024平均斑塊面積_ha":172145.43,"平均斑塊面積下降率_pct":0.24,"道路切割密度_km_per_km2":0.548,"建成區邊界切割密度_km_per_km2":0.0,"孤立小斑塊比例_pct":0.0,"距大型連續綠地平均距離_m":0.0,"score_面積減少":36.827195467422094,"score_斑塊增加":46.81303116147309,"score_平均斑塊縮小":50.63739376770538,"score_道路建成區切割":39.187913125590185,"score_孤立比例":45.34938621340888,"score_距大型綠地":44.66477809254013,"綜合破碎化分數":43.9,"破碎化等級":"低","判定原因":"面積減少0.0%；斑塊增加0.0%；平均斑塊縮小0.2%；道路密度0.55 km/km²；孤立比例0.0%；距大型綠地0m","2021面積_ha":101.7,"2022面積_ha":100.53,"2023面積_ha":101.07}},{"type":"Feature","geometry":{"type":"Polygon","coordinates":[[[121.73039856432656,24.53977785783459],[121.73045083469938,24.548806052804835],[121.74032114954855,24.548757907438016],[121.74026817302146,24.539729732463822],[121.73039856432656,24.53977785783459]]]},"properties":{"grid_id":"G026_042","綠地類型":"森林","中心經度":121.73536,"中心緯度":24.544268,"分析面積_km2":1.04,"2020面積_ha":91.26,"2024面積_ha":94.86,"面積減少率_pct":0.0,"2020斑塊數":2,"2024斑塊數":1,"斑塊數增加率_pct":0.0,"2020平均斑塊面積_ha":86277.87,"2024平均斑塊面積_ha":172145.43,"平均斑塊面積下降率_pct":0.0,"道路切割密度_km_per_km2":5.392,"建成區邊界切割密度_km_per_km2":0.0,"孤立小斑塊比例_pct":0.0,"距大型連續綠地平均距離_m":0.0,"score_面積減少":36.827195467422094,"score_斑塊增加":46.81303116147309,"score_平均斑塊縮小":3.7535410764872523,"score_道路建成區切割":60.977337110481585,"score_孤立比例":45.34938621340888,"score_距大型綠地":44.66477809254013,"綜合破碎化分數":39.7,"破碎化等級":"低","判定原因":"面積減少0.0%；斑塊增加0.0%；平均斑塊縮小0.0%；道路密度5.39 km/km²；孤立比例0.0%；距大型綠地0m","2021面積_ha":95.31,"2022面積_ha":89.73,"2023面積_ha":92.79}},{"type":"Feature","geometry":{"type":"Polygon","coordinates":[[[121.78961582174344,24.539479418598226],[121.78967232891755,24.548507489567452],[121.79954248340292,24.54845546783443],[121.799485270125,24.539427418471107],[121.78961582174344,24.539479418598226]]]},"properties":{"grid_id":"G026_048","綠地類型":"森林","中心經度":121.794579,"中心緯度":24.543968,"分析面積_km2":1.04,"2020面積_ha":104.04,"2024面積_ha":104.04,"面積減少率_pct":0.0,"2020斑塊數":1,"2024斑塊數":1,"斑塊數增加率_pct":0.0,"2020平均斑塊面積_ha":172555.65,"2024平均斑塊面積_ha":172145.43,"平均斑塊面積下降率_pct":0.24,"道路切割密度_km_per_km2":0.144,"建成區邊界切割密度_km_per_km2":0.0,"孤立小斑塊比例_pct":0.0,"距大型連續綠地平均距離_m":0.0,"score_面積減少":36.827195467422094,"score_斑塊增加":46.81303116147309,"score_平均斑塊縮小":50.63739376770538,"score_道路建成區切割":36.60292728989613,"score_孤立比例":45.34938621340888,"score_距大型綠地":44.66477809254013,"綜合破碎化分數":43.5,"破碎化等級":"低","判定原因":"面積減少0.0%；斑塊增加0.0%；平均斑塊縮小0.2%；道路密度0.14 km/km²；孤立比例0.0%；距大型綠地0m","2021面積_ha":104.04,"2022面積_ha":102.69,"2023面積_ha":103.32}},{"type":"Feature","geometry":{"type":"Polygon","coordinates":[[[121.799485270125,24.539427418471107],[121.79954248340292,24.54845546783443],[121.80941260995446,24.548402800064974],[121.80935469058154,24.539374772575858],[121.799485270125,24.539427418471107]]]},"properties":{"grid_id":"G026_049","綠地類型":"森林","中心經度":121.804449,"中心緯度":24.543915,"分析面積_km2":1.04,"2020面積_ha":103.14,"2024面積_ha":104.04,"面積減少率_pct":0.0,"2020斑塊數":1,"2024斑塊數":1,"斑塊數增加率_pct":0.0,"2020平均斑塊面積_ha":172555.65,"2024平均斑塊面積_ha":172145.43,"平均斑塊面積下降率_pct":0.24,"道路切割密度_km_per_km2":0.0,"建成區邊界切割密度_km_per_km2":0.0,"孤立小斑塊比例_pct":0.0,"距大型連續綠地平均距離_m":0.0,"score_面積減少":36.827195467422094,"score_斑塊增加":46.81303116147309,"score_平均斑塊縮小":50.63739376770538,"score_道路建成區切割":27.47875354107649,"score_孤立比例":45.34938621340888,"score_距大型綠地":44.66477809254013,"綜合破碎化分數":42.0,"破碎化等級":"低","判定原因":"面積減少0.0%；斑塊增加0.0%；平均斑塊縮小0.2%；道路密度0.00 km/km²；孤立比例0.0%；距大型綠地0m","2021面積_ha":103.77,"2022面積_ha":103.68,"2023面積_ha":103.32}},{"type":"Feature","geometry":{"type":"Polygon","coordinates":[[[121.81922408276849,24.539321480919757],[121.81928270822749,24.548349486266364],[121.82915277787733,24.54829552644596],[121.82909344634119,24.53926754351014],[121.81922408276849,24.539321480919757]]]},"properties":{"grid_id":"G026_051","綠地類型":"森林","中心經度":121.824188,"中心緯度":24.543809,"分析面積_km2":1.04,"2020面積_ha":104.04,"2024面積_ha":104.04,"面積減少率_pct":0.0,"2020斑塊數":1,"2024斑塊數":1,"斑塊數增加率_pct":0.0,"2020平均斑塊面積_ha":172555.65,"2024平均斑塊面積_ha":172145.43,"平均斑塊面積下降率_pct":0.24,"道路切割密度_km_per_km2":0.087,"建成區邊界切割密度_km_per_km2":0.0,"孤立小斑塊比例_pct":0.0,"距大型連續綠地平均距離_m":0.0,"score_面積減少":36.827195467422094,"score_斑塊增加":46.81303116147309,"score_平均斑塊縮小":50.63739376770538,"score_道路建成區切割":36.36685552407933,"score_孤立比例":45.34938621340888,"score_距大型綠地":44.66477809254013,"綜合破碎化分數":43.4,"破碎化等級":"低","判定原因":"面積減少0.0%；斑塊增加0.0%；平均斑塊縮小0.2%；道路密度0.09 km/km²；孤立比例0.0%；距大型綠地0m","2021面積_ha":104.04,"2022面積_ha":104.04,"2023面積_ha":104.04}},{"type":"Feature","geometry":{"type":"Polygon","coordinates":[[[121.84883208626565,24.53915773146023],[121.84889282992854,24.54818566876962],[121.85876281164057,24.54812977092885],[121.85870136192825,24.539101856835092],[121.84883208626565,24.53915773146023]]]},"properties":{"grid_id":"G026_054","綠地類型":"森林","中心經度":121.853797,"中心緯度":24.543644,"分析面積_km2":1.04,"2020面積_ha":104.04,"2024面積_ha":104.04,"面積減少率_pct":0.0,"2020斑塊數":1,"2024斑塊數":1,"斑塊數增加率_pct":0.0,"2020平均斑塊面積_ha":172555.65,"2024平均斑塊面積_ha":172145.43,"平均斑塊面積下降率_pct":0.24,"道路切割密度_km_per_km2":0.0,"建成區邊界切割密度_km_per_km2":0.0,"孤立小斑塊比例_pct":0.0,"距大型連續綠地平均距離_m":0.0,"score_面積減少":36.827195467422094,"score_斑塊增加":46.81303116147309,"score_平均斑塊縮小":50.63739376770538,"score_道路建成區切割":27.47875354107649,"score_孤立比例":45.34938621340888,"score_距大型綠地":44.66477809254013,"綜合破碎化分數":42.0,"破碎化等級":"低","判定原因":"面積減少0.0%；斑塊增加0.0%；平均斑塊縮小0.2%；道路密度0.00 km/km²；孤立比例0.0%；距大型綠地0m","2021面積_ha":104.04,"2022面積_ha":103.5,"2023面積_ha":104.04}},{"type":"Feature","geometry":{"type":"Polygon","coordinates":[[[121.40471819073841,24.550032361236987],[121.40474716830671,24.559061054687604],[121.41461884999465,24.559034221952974],[121.4145891657195,24.550005539643845],[121.40471819073841,24.550032361236987]]]},"properties":{"grid_id":"G027_009","綠地類型":"森林","中心經度":121.409668,"中心緯度":24.554533,"分析面積_km2":1.04,"2020面積_ha":104.04,"2024面積_ha":104.04,"面積減少率_pct":0.0,"2020斑塊數":1,"2024斑塊數":1,"斑塊數增加率_pct":0.0,"2020平均斑塊面積_ha":172555.65,"2024平均斑塊面積_ha":172145.43,"平均斑塊面積下降率_pct":0.24,"道路切割密度_km_per_km2":0.0,"建成區邊界切割密度_km_per_km2":0.0,"孤立小斑塊比例_pct":0.0,"距大型連續綠地平均距離_m":0.0,"score_面積減少":36.827195467422094,"score_斑塊增加":46.81303116147309,"score_平均斑塊縮小":50.63739376770538,"score_道路建成區切割":27.47875354107649,"score_孤立比例":45.34938621340888,"score_距大型綠地":44.66477809254013,"綜合破碎化分數":42.0,"破碎化等級":"低","判定原因":"面積減少0.0%；斑塊增加0.0%；平均斑塊縮小0.2%；道路密度0.00 km/km²；孤立比例0.0%；距大型綠地0m","2021面積_ha":104.04,"2022面積_ha":104.04,"2023面積_ha":104.04}},{"type":"Feature","geometry":{"type":"Polygon","coordinates":[[[121.4145891657195,24.550005539643845],[121.41461884999465,24.559034221952974],[121.42449051719144,24.559006742699534],[121.42446012621402,24.54997807180033],[121.4145891657195,24.550005539643845]]]},"properties":{"grid_id":"G027_010","綠地類型":"森林","中心經度":121.41954,"中心緯度":24.554506,"分析面積_km2":1.04,"2020面積_ha":104.04,"2024面積_ha":104.04,"面積減少率_pct":0.0,"2020斑塊數":1,"2024斑塊數":1,"斑塊數增加率_pct":0.0,"2020平均斑塊面積_ha":172555.65,"2024平均斑塊面積_ha":172145.43,"平均斑塊面積下降率_pct":0.24,"道路切割密度_km_per_km2":0.346,"建成區邊界切割密度_km_per_km2":0.0,"孤立小斑塊比例_pct":0.0,"距大型連續綠地平均距離_m":0.0,"score_面積減少":36.827195467422094,"score_斑塊增加":46.81303116147309,"score_平均斑塊縮小":50.63739376770538,"score_道路建成區切割":38.03116147308782,"score_孤立比例":45.34938621340888,"score_距大型綠地":44.66477809254013,"綜合破碎化分數":43.7,"破碎化等級":"低","判定原因":"面積減少0.0%；斑塊增加0.0%；平均斑塊縮小0.2%；道路密度0.35 km/km²；孤立比例0.0%；距大型綠地0m","2021面積_ha":104.04,"2022面積_ha":104.04,"2023面積_ha":104.04}},{"type":"Feature","geometry":{"type":"Polygon","coordinates":[[[121.43433107187705,24.54994995771024],[121.43436216955212,24.558978616931082],[121.44423380673166,24.55894984465149],[121.44420200236377,24.549921197377458],[121.43433107187705,24.54994995771024]]]},"properties":{"grid_id":"G027_012","綠地類型":"森林","中心經度":121.439282,"中心緯度":24.55445,"分析面積_km2":1.04,"2020面積_ha":104.04,"2024面積_ha":104.04,"面積減少率_pct":0.0,"2020斑塊數":1,"2024斑塊數":1,"斑塊數增加率_pct":0.0,"2020平均斑塊面積_ha":172555.65,"2024平均斑塊面積_ha":172145.43,"平均斑塊面積下降率_pct":0.24,"道路切割密度_km_per_km2":0.0,"建成區邊界切割密度_km_per_km2":0.0,"孤立小斑塊比例_pct":0.0,"距大型連續綠地平均距離_m":0.0,"score_面積減少":36.827195467422094,"score_斑塊增加":46.81303116147309,"score_平均斑塊縮小":50.63739376770538,"score_道路建成區切割":27.47875354107649,"score_孤立比例":45.34938621340888,"score_距大型綠地":44.66477809254013,"綜合破碎化分數":42.0,"破碎化等級":"低","判定原因":"面積減少0.0%；斑塊增加0.0%；平均斑塊縮小0.2%；道路密度0.00 km/km²；孤立比例0.0%；距大型綠地0m","2021面積_ha":104.04,"2022面積_ha":104.04,"2023面積_ha":104.04}},{"type":"Feature","geometry":{"type":"Polygon","coordinates":[[[121.44420200236377,24.549921197377458],[121.44423380673166,24.55894984465149],[121.45410542838515,24.55892042586474],[121.45407291732927,24.549891790805955],[121.44420200236377,24.549921197377458]]]},"properties":{"grid_id":"G027_013","綠地類型":"森林","中心經度":121.449154,"中心緯度":24.554421,"分析面積_km2":1.04,"2020面積_ha":101.34,"2024面積_ha":103.05,"面積減少率_pct":0.0,"2020斑塊數":1,"2024斑塊數":1,"斑塊數增加率_pct":0.0,"2020平均斑塊面積_ha":172555.65,"2024平均斑塊面積_ha":172145.43,"平均斑塊面積下降率_pct":0.24,"道路切割密度_km_per_km2":0.029,"建成區邊界切割密度_km_per_km2":0.0,"孤立小斑塊比例_pct":0.0,"距大型連續綠地平均距離_m":0.0,"score_面積減少":36.827195467422094,"score_斑塊增加":46.81303116147309,"score_平均斑塊縮小":50.63739376770538,"score_道路建成區切割":35.87110481586403,"score_孤立比例":45.34938621340888,"score_距大型綠地":44.66477809254013,"綜合破碎化分數":43.4,"破碎化等級":"低","判定原因":"面積減少0.0%；斑塊增加0.0%；平均斑塊縮小0.2%；道路密度0.03 km/km²；孤立比例0.0%；距大型綠地0m","2021面積_ha":101.79,"2022面積_ha":101.79,"2023面積_ha":102.33}},{"type":"Feature","geometry":{"type":"Polygon","coordinates":[[[121.52316885852588,24.549667850473288],[121.52320631625146,24.558696392509326],[121.53307780127743,24.558661801818975],[121.53303963690689,24.549633274145602],[121.52316885852588,24.549667850473288]]]},"properties":{"grid_id":"G027_021","綠地類型":"森林","中心經度":121.528123,"中心緯度":24.554165,"分析面積_km2":1.04,"2020面積_ha":104.04,"2024面積_ha":104.04,"面積減少率_pct":0.0,"2020斑塊數":1,"2024斑塊數":1,"斑塊數增加率_pct":0.0,"2020平均斑塊面積_ha":172555.65,"2024平均斑塊面積_ha":172145.43,"平均斑塊面積下降率_pct":0.24,"道路切割密度_km_per_km2":0.0,"建成區邊界切割密度_km_per_km2":0.0,"孤立小斑塊比例_pct":0.0,"距大型連續綠地平均距離_m":0.0,"score_面積減少":36.827195467422094,"score_斑塊增加":46.81303116147309,"score_平均斑塊縮小":50.63739376770538,"score_道路建成區切割":27.47875354107649,"score_孤立比例":45.34938621340888,"score_距大型綠地":44.66477809254013,"綜合破碎化分數":42.0,"破碎化等級":"低","判定原因":"面積減少0.0%；斑塊增加0.0%；平均斑塊縮小0.2%；道路密度0.00 km/km²；孤立比例0.0%；距大型綠地0m","2021面積_ha":104.04,"2022面積_ha":104.04,"2023面積_ha":104.04}},{"type":"Feature","geometry":{"type":"Polygon","coordinates":[[[121.53303963690689,24.549633274145602],[121.53307780127743,24.558661801818975],[121.54294926767264,24.55862656466122],[121.54291039666303,24.549598051618926],[121.53303963690689,24.549633274145602]]]},"properties":{"grid_id":"G027_022","綠地類型":"森林","中心經度":121.537994,"中心緯度":24.55413,"分析面積_km2":1.04,"2020面積_ha":104.04,"2024面積_ha":104.04,"面積減少率_pct":0.0,"2020斑塊數":1,"2024斑塊數":1,"斑塊數增加率_pct":0.0,"2020平均斑塊面積_ha":172555.65,"2024平均斑塊面積_ha":172145.43,"平均斑塊面積下降率_pct":0.24,"道路切割密度_km_per_km2":0.0,"建成區邊界切割密度_km_per_km2":0.0,"孤立小斑塊比例_pct":0.0,"距大型連續綠地平均距離_m":0.0,"score_面積減少":36.827195467422094,"score_斑塊增加":46.81303116147309,"score_平均斑塊縮小":50.63739376770538,"score_道路建成區切割":27.47875354107649,"score_孤立比例":45.34938621340888,"score_距大型綠地":44.66477809254013,"綜合破碎化分數":42.0,"破碎化等級":"低","判定原因":"面積減少0.0%；斑塊增加0.0%；平均斑塊縮小0.2%；道路密度0.00 km/km²；孤立比例0.0%；距大型綠地0m","2021面積_ha":104.04,"2022面積_ha":104.04,"2023面積_ha":104.04}},{"type":"Feature","geometry":{"type":"Polygon","coordinates":[[[121.54291039666303,24.549598051618926],[121.54294926767264,24.55862656466122],[121.55282071509218,24.558590681040936],[121.55278113744946,24.54956218289812],[121.54291039666303,24.549598051618926]]]},"properties":{"grid_id":"G027_023","綠地類型":"森林","中心經度":121.547865,"中心緯度":24.554094,"分析面積_km2":1.04,"2020面積_ha":104.04,"2024面積_ha":104.04,"面積減少率_pct":0.0,"2020斑塊數":1,"2024斑塊數":1,"斑塊數增加率_pct":0.0,"2020平均斑塊面積_ha":172555.65,"2024平均斑塊面積_ha":172145.43,"平均斑塊面積下降率_pct":0.24,"道路切割密度_km_per_km2":0.0,"建成區邊界切割密度_km_per_km2":0.0,"孤立小斑塊比例_pct":0.0,"距大型連續綠地平均距離_m":0.0,"score_面積減少":36.827195467422094,"score_斑塊增加":46.81303116147309,"score_平均斑塊縮小":50.63739376770538,"score_道路建成區切割":27.47875354107649,"score_孤立比例":45.34938621340888,"score_距大型綠地":44.66477809254013,"綜合破碎化分數":42.0,"破碎化等級":"低","判定原因":"面積減少0.0%；斑塊增加0.0%；平均斑塊縮小0.2%；道路密度0.00 km/km²；孤立比例0.0%；距大型綠地0m","2021面積_ha":104.04,"2022面積_ha":104.04,"2023面積_ha":104.04}},{"type":"Feature","geometry":{"type":"Polygon","coordinates":[[[121.55278113744946,24.54956218289812],[121.55282071509218,24.558590681040936],[121.5626921431911,24.55855415096306],[121.56265185892136,24.549525667988156],[121.55278113744946,24.54956218289812]]]},"properties":{"grid_id":"G027_024","綠地類型":"森林","中心經度":121.557736,"中心緯度":24.554058,"分析面積_km2":1.04,"2020面積_ha":104.04,"2024面積_ha":104.04,"面積減少率_pct":0.0,"2020斑塊數":1,"2024斑塊數":1,"斑塊數增加率_pct":0.0,"2020平均斑塊面積_ha":172555.65,"2024平均斑塊面積_ha":172145.43,"平均斑塊面積下降率_pct":0.24,"道路切割密度_km_per_km2":0.0,"建成區邊界切割密度_km_per_km2":0.0,"孤立小斑塊比例_pct":0.0,"距大型連續綠地平均距離_m":0.0,"score_面積減少":36.827195467422094,"score_斑塊增加":46.81303116147309,"score_平均斑塊縮小":50.63739376770538,"score_道路建成區切割":27.47875354107649,"score_孤立比例":45.34938621340888,"score_距大型綠地":44.66477809254013,"綜合破碎化分數":42.0,"破碎化等級":"低","判定原因":"面積減少0.0%；斑塊增加0.0%；平均斑塊縮小0.2%；道路密度0.00 km/km²；孤立比例0.0%；距大型綠地0m","2021面積_ha":104.04,"2022面積_ha":104.04,"2023面積_ha":104.04}},{"type":"Feature","geometry":{"type":"Polygon","coordinates":[[[121.56265185892136,24.549525667988156],[121.5626921431911,24.55855415096306],[121.57256355162447,24.55851697443265],[121.57252256073387,24.549488506894054],[121.56265185892136,24.549525667988156]]]},"properties":{"grid_id":"G027_025","綠地類型":"森林","中心經度":121.567608,"中心緯度":24.554021,"分析面積_km2":1.04,"2020面積_ha":104.04,"2024面積_ha":104.04,"面積減少率_pct":0.0,"2020斑塊數":1,"2024斑塊數":1,"斑塊數增加率_pct":0.0,"2020平均斑塊面積_ha":172555.65,"2024平均斑塊面積_ha":172145.43,"平均斑塊面積下降率_pct":0.24,"道路切割密度_km_per_km2":0.0,"建成區邊界切割密度_km_per_km2":0.0,"孤立小斑塊比例_pct":0.0,"距大型連續綠地平均距離_m":0.0,"score_面積減少":36.827195467422094,"score_斑塊增加":46.81303116147309,"score_平均斑塊縮小":50.63739376770538,"score_道路建成區切割":27.47875354107649,"score_孤立比例":45.34938621340888,"score_距大型綠地":44.66477809254013,"綜合破碎化分數":42.0,"破碎化等級":"低","判定原因":"面積減少0.0%；斑塊增加0.0%；平均斑塊縮小0.2%；道路密度0.00 km/km²；孤立比例0.0%；距大型綠地0m","2021面積_ha":104.04,"2022面積_ha":104.04,"2023面積_ha":104.04}},{"type":"Feature","geometry":{"type":"Polygon","coordinates":[[[121.58239324254222,24.54945069962095],[121.58243494004734,24.55847915145483],[121.59230630811481,24.558440682034828],[121.59226390400156,24.54941224617407],[121.58239324254222,24.54945069962095]]]},"properties":{"grid_id":"G027_027","綠地類型":"森林","中心經度":121.58735,"中心緯度":24.553946,"分析面積_km2":1.04,"2020面積_ha":101.79,"2024面積_ha":102.24,"面積減少率_pct":0.0,"2020斑塊數":1,"2024斑塊數":1,"斑塊數增加率_pct":0.0,"2020平均斑塊面積_ha":172555.65,"2024平均斑塊面積_ha":172145.43,"平均斑塊面積下降率_pct":0.24,"道路切割密度_km_per_km2":0.0,"建成區邊界切割密度_km_per_km2":0.0,"孤立小斑塊比例_pct":0.0,"距大型連續綠地平均距離_m":0.0,"score_面積減少":36.827195467422094,"score_斑塊增加":46.81303116147309,"score_平均斑塊縮小":50.63739376770538,"score_道路建成區切割":27.47875354107649,"score_孤立比例":45.34938621340888,"score_距大型綠地":44.66477809254013,"綜合破碎化分數":42.0,"破碎化等級":"低","判定原因":"面積減少0.0%；斑塊增加0.0%；平均斑塊縮小0.2%；道路密度0.00 km/km²；孤立比例0.0%；距大型綠地0m","2021面積_ha":102.24,"2022面積_ha":101.25,"2023面積_ha":102.6}},{"type":"Feature","geometry":{"type":"Polygon","coordinates":[[[121.612005164494,24.54933340078027],[121.61204898180385,24.558361803889575],[121.62192028673559,24.558321395175224],[121.62187576283746,24.54929300884423],[121.612005164494,24.54933340078027]]]},"properties":{"grid_id":"G027_030","綠地類型":"森林","中心經度":121.616963,"中心緯度":24.553827,"分析面積_km2":1.04,"2020面積_ha":104.04,"2024面積_ha":104.04,"面積減少率_pct":0.0,"2020斑塊數":1,"2024斑塊數":1,"斑塊數增加率_pct":0.0,"2020平均斑塊面積_ha":172555.65,"2024平均斑塊面積_ha":172145.43,"平均斑塊面積下降率_pct":0.24,"道路切割密度_km_per_km2":0.317,"建成區邊界切割密度_km_per_km2":0.0,"孤立小斑塊比例_pct":0.0,"距大型連續綠地平均距離_m":0.0,"score_面積減少":36.827195467422094,"score_斑塊增加":46.81303116147309,"score_平均斑塊縮小":50.63739376770538,"score_道路建成區切割":37.79508970727102,"score_孤立比例":45.34938621340888,"score_距大型綠地":44.66477809254013,"綜合破碎化分數":43.7,"破碎化等級":"低","判定原因":"面積減少0.0%；斑塊增加0.0%；平均斑塊縮小0.2%；道路密度0.32 km/km²；孤立比例0.0%；距大型綠地0m","2021面積_ha":104.04,"2022面積_ha":104.04,"2023面積_ha":104.04}},{"type":"Feature","geometry":{"type":"Polygon","coordinates":[[[121.67122842173545,24.549081356998396],[121.67127647847008,24.55810965541197],[121.68114764781787,24.558065368261932],[121.68109888453768,24.54903708823699],[121.67122842173545,24.549081356998396]]]},"properties":{"grid_id":"G027_036","綠地類型":"森林","中心經度":121.676188,"中心緯度":24.553573,"分析面積_km2":1.04,"2020面積_ha":87.12,"2024面積_ha":88.29,"面積減少率_pct":0.0,"2020斑塊數":1,"2024斑塊數":1,"斑塊數增加率_pct":0.0,"2020平均斑塊面積_ha":172555.65,"2024平均斑塊面積_ha":172145.43,"平均斑塊面積下降率_pct":0.24,"道路切割密度_km_per_km2":0.0,"建成區邊界切割密度_km_per_km2":0.0,"孤立小斑塊比例_pct":0.0,"距大型連續綠地平均距離_m":0.0,"score_面積減少":36.827195467422094,"score_斑塊增加":46.81303116147309,"score_平均斑塊縮小":50.63739376770538,"score_道路建成區切割":27.47875354107649,"score_孤立比例":45.34938621340888,"score_距大型綠地":44.66477809254013,"綜合破碎化分數":42.0,"破碎化等級":"低","判定原因":"面積減少0.0%；斑塊增加0.0%；平均斑塊縮小0.2%；道路密度0.00 km/km²；孤立比例0.0%；距大型綠地0m","2021面積_ha":88.29,"2022面積_ha":87.39,"2023面積_ha":88.11}},{"type":"Feature","geometry":{"type":"Polygon","coordinates":[[[121.68109888453768,24.54903708823699],[121.68114764781787,24.558065368261932],[121.69101879336124,24.55802043472683],[121.69096932354294,24.54899217335889],[121.68109888453768,24.54903708823699]]]},"properties":{"grid_id":"G027_037","綠地類型":"森林","中心經度":121.686059,"中心緯度":24.553529,"分析面積_km2":1.04,"2020面積_ha":96.84,"2024面積_ha":97.11,"面積減少率_pct":0.0,"2020斑塊數":1,"2024斑塊數":1,"斑塊數增加率_pct":0.0,"2020平均斑塊面積_ha":172555.65,"2024平均斑塊面積_ha":172145.43,"平均斑塊面積下降率_pct":0.24,"道路切割密度_km_per_km2":0.0,"建成區邊界切割密度_km_per_km2":0.0,"孤立小斑塊比例_pct":0.0,"距大型連續綠地平均距離_m":0.0,"score_面積減少":36.827195467422094,"score_斑塊增加":46.81303116147309,"score_平均斑塊縮小":50.63739376770538,"score_道路建成區切割":27.47875354107649,"score_孤立比例":45.34938621340888,"score_距大型綠地":44.66477809254013,"綜合破碎化分數":42.0,"破碎化等級":"低","判定原因":"面積減少0.0%；斑塊增加0.0%；平均斑塊縮小0.2%；道路密度0.00 km/km²；孤立比例0.0%；距大型綠地0m","2021面積_ha":97.74,"2022面積_ha":96.75,"2023面積_ha":96.93}},{"type":"Feature","geometry":{"type":"Polygon","coordinates":[[[121.69096932354294,24.54899217335889],[121.69101879336124,24.55802043472683],[121.70088991475531,24.557974854812855],[121.70083973840653,24.54894661237029],[121.69096932354294,24.54899217335889]]]},"properties":{"grid_id":"G027_038","綠地類型":"森林","中心經度":121.695929,"中心緯度":24.553484,"分析面積_km2":1.04,"2020面積_ha":104.04,"2024面積_ha":104.04,"面積減少率_pct":0.0,"2020斑塊數":1,"2024斑塊數":1,"斑塊數增加率_pct":0.0,"2020平均斑塊面積_ha":172555.65,"2024平均斑塊面積_ha":172145.43,"平均斑塊面積下降率_pct":0.24,"道路切割密度_km_per_km2":0.0,"建成區邊界切割密度_km_per_km2":0.0,"孤立小斑塊比例_pct":0.0,"距大型連續綠地平均距離_m":0.0,"score_面積減少":36.827195467422094,"score_斑塊增加":46.81303116147309,"score_平均斑塊縮小":50.63739376770538,"score_道路建成區切割":27.47875354107649,"score_孤立比例":45.34938621340888,"score_距大型綠地":44.66477809254013,"綜合破碎化分數":42.0,"破碎化等級":"低","判定原因":"面積減少0.0%；斑塊增加0.0%；平均斑塊縮小0.2%；道路密度0.00 km/km²；孤立比例0.0%；距大型綠地0m","2021面積_ha":104.04,"2022面積_ha":103.68,"2023面積_ha":104.04}},{"type":"Feature","geometry":{"type":"Polygon","coordinates":[[[121.70083973840653,24.54894661237029],[121.70088991475531,24.557974854812855],[121.71076101165518,24.557928628526298],[121.71071012878363,24.548900405277482],[121.70083973840653,24.54894661237029]]]},"properties":{"grid_id":"G027_039","綠地類型":"森林","中心經度":121.7058,"中心緯度":24.553438,"分析面積_km2":1.04,"2020面積_ha":103.5,"2024面積_ha":103.59,"面積減少率_pct":0.0,"2020斑塊數":1,"2024斑塊數":1,"斑塊數增加率_pct":0.0,"2020平均斑塊面積_ha":172555.65,"2024平均斑塊面積_ha":172145.43,"平均斑塊面積下降率_pct":0.24,"道路切割密度_km_per_km2":0.0,"建成區邊界切割密度_km_per_km2":0.0,"孤立小斑塊比例_pct":0.0,"距大型連續綠地平均距離_m":0.0,"score_面積減少":36.827195467422094,"score_斑塊增加":46.81303116147309,"score_平均斑塊縮小":50.63739376770538,"score_道路建成區切割":27.47875354107649,"score_孤立比例":45.34938621340888,"score_距大型綠地":44.66477809254013,"綜合破碎化分數":42.0,"破碎化等級":"低","判定原因":"面積減少0.0%；斑塊增加0.0%；平均斑塊縮小0.2%；道路密度0.00 km/km²；孤立比例0.0%；距大型綠地0m","2021面積_ha":103.5,"2022面積_ha":103.32,"2023面積_ha":103.41}},{"type":"Feature","geometry":{"type":"Polygon","coordinates":[[[121.71071012878363,24.548900405277482],[121.71076101165518,24.557928628526298],[121.72063208371601,24.55788175587355],[121.72058049432948,24.548853552086843],[121.71071012878363,24.548900405277482]]]},"properties":{"grid_id":"G027_040","綠地類型":"森林","中心經度":121.715671,"中心緯度":24.553391,"分析面積_km2":1.04,"2020面積_ha":90.18,"2024面積_ha":92.7,"面積減少率_pct":0.0,"2020斑塊數":1,"2024斑塊數":1,"斑塊數增加率_pct":0.0,"2020平均斑塊面積_ha":172555.65,"2024平均斑塊面積_ha":172145.43,"平均斑塊面積下降率_pct":0.24,"道路切割密度_km_per_km2":0.0,"建成區邊界切割密度_km_per_km2":0.0,"孤立小斑塊比例_pct":0.0,"距大型連續綠地平均距離_m":0.0,"score_面積減少":36.827195467422094,"score_斑塊增加":46.81303116147309,"score_平均斑塊縮小":50.63739376770538,"score_道路建成區切割":27.47875354107649,"score_孤立比例":45.34938621340888,"score_距大型綠地":44.66477809254013,"綜合破碎化分數":42.0,"破碎化等級":"低","判定原因":"面積減少0.0%；斑塊增加0.0%；平均斑塊縮小0.2%；道路密度0.00 km/km²；孤立比例0.0%；距大型綠地0m","2021面積_ha":92.52,"2022面積_ha":90.81,"2023面積_ha":91.89}},{"type":"Feature","geometry":{"type":"Polygon","coordinates":[[[121.74032114954855,24.548757907438016],[121.74037415194107,24.557786071495418],[121.75024514741561,24.557737259783245],[121.75019143853221,24.54870911599303],[121.74032114954855,24.548757907438016]]]},"properties":{"grid_id":"G027_043","綠地類型":"森林","中心經度":121.745283,"中心緯度":24.553248,"分析面積_km2":1.04,"2020面積_ha":104.04,"2024面積_ha":104.04,"面積減少率_pct":0.0,"2020斑塊數":1,"2024斑塊數":1,"斑塊數增加率_pct":0.0,"2020平均斑塊面積_ha":172555.65,"2024平均斑塊面積_ha":172145.43,"平均斑塊面積下降率_pct":0.24,"道路切割密度_km_per_km2":0.0,"建成區邊界切割密度_km_per_km2":0.0,"孤立小斑塊比例_pct":0.0,"距大型連續綠地平均距離_m":0.0,"score_面積減少":36.827195467422094,"score_斑塊增加":46.81303116147309,"score_平均斑塊縮小":50.63739376770538,"score_道路建成區切割":27.47875354107649,"score_孤立比例":45.34938621340888,"score_距大型綠地":44.66477809254013,"綜合破碎化分數":42.0,"破碎化等級":"低","判定原因":"面積減少0.0%；斑塊增加0.0%；平均斑塊縮小0.2%；道路密度0.00 km/km²；孤立比例0.0%；距大型綠地0m","2021面積_ha":104.04,"2022面積_ha":104.04,"2023面積_ha":104.04}},{"type":"Feature","geometry":{"type":"Polygon","coordinates":[[[121.84889282992854,24.54818566876962],[121.84895360324872,24.557213595129177],[121.85882429135488,24.557157674069543],[121.85876281164057,24.54812977092885],[121.84889282992854,24.54818566876962]]]},"properties":{"grid_id":"G027_054","綠地類型":"森林","中心經度":121.853858,"中心緯度":24.552672,"分析面積_km2":1.04,"2020面積_ha":104.04,"2024面積_ha":104.04,"面積減少率_pct":0.0,"2020斑塊數":1,"2024斑塊數":1,"斑塊數增加率_pct":0.0,"2020平均斑塊面積_ha":172555.65,"2024平均斑塊面積_ha":172145.43,"平均斑塊面積下降率_pct":0.24,"道路切割密度_km_per_km2":0.029,"建成區邊界切割密度_km_per_km2":0.0,"孤立小斑塊比例_pct":0.0,"距大型連續綠地平均距離_m":0.0,"score_面積減少":36.827195467422094,"score_斑塊增加":46.81303116147309,"score_平均斑塊縮小":50.63739376770538,"score_道路建成區切割":35.87110481586403,"score_孤立比例":45.34938621340888,"score_距大型綠地":44.66477809254013,"綜合破碎化分數":43.4,"破碎化等級":"低","判定原因":"面積減少0.0%；斑塊增加0.0%；平均斑塊縮小0.2%；道路密度0.03 km/km²；孤立比例0.0%；距大型綠地0m","2021面積_ha":104.04,"2022面積_ha":104.04,"2023面積_ha":104.04}},{"type":"Feature","geometry":{"type":"Polygon","coordinates":[[[121.41461884999465,24.559034221952974],[121.41464854876097,24.568062893414417],[121.42452092300502,24.568035402749462],[121.42449051719144,24.559006742699534],[121.41461884999465,24.559034221952974]]]},"properties":{"grid_id":"G028_010","綠地類型":"森林","中心經度":121.41957,"中心緯度":24.563535,"分析面積_km2":1.04,"2020面積_ha":104.04,"2024面積_ha":104.04,"面積減少率_pct":0.0,"2020斑塊數":1,"2024斑塊數":1,"斑塊數增加率_pct":0.0,"2020平均斑塊面積_ha":172555.65,"2024平均斑塊面積_ha":172145.43,"平均斑塊面積下降率_pct":0.24,"道路切割密度_km_per_km2":0.634,"建成區邊界切割密度_km_per_km2":0.0,"孤立小斑塊比例_pct":0.0,"距大型連續綠地平均距離_m":0.0,"score_面積減少":36.827195467422094,"score_斑塊增加":46.81303116147309,"score_平均斑塊縮小":50.63739376770538,"score_道路建成區切割":39.78989612842304,"score_孤立比例":45.34938621340888,"score_距大型綠地":44.66477809254013,"綜合破碎化分數":44.0,"破碎化等級":"低","判定原因":"面積減少0.0%；斑塊增加0.0%；平均斑塊縮小0.2%；道路密度0.63 km/km²；孤立比例0.0%；距大型綠地0m","2021面積_ha":104.04,"2022面積_ha":104.04,"2023面積_ha":104.04}},{"type":"Feature","geometry":{"type":"Polygon","coordinates":[[[121.43436216955212,24.558978616931082],[121.4343932824083,24.568007265301024],[121.44426562662565,24.567978481072956],[121.44423380673166,24.55894984465149],[121.43436216955212,24.558978616931082]]]},"properties":{"grid_id":"G028_012","綠地類型":"森林","中心經度":121.439314,"中心緯度":24.563479,"分析面積_km2":1.04,"2020面積_ha":104.04,"2024面積_ha":104.04,"面積減少率_pct":0.0,"2020斑塊數":1,"2024斑塊數":1,"斑塊數增加率_pct":0.0,"2020平均斑塊面積_ha":172555.65,"2024平均斑塊面積_ha":172145.43,"平均斑塊面積下降率_pct":0.24,"道路切割密度_km_per_km2":0.0,"建成區邊界切割密度_km_per_km2":0.0,"孤立小斑塊比例_pct":0.0,"距大型連續綠地平均距離_m":0.0,"score_面積減少":36.827195467422094,"score_斑塊增加":46.81303116147309,"score_平均斑塊縮小":50.63739376770538,"score_道路建成區切割":27.47875354107649,"score_孤立比例":45.34938621340888,"score_距大型綠地":44.66477809254013,"綜合破碎化分數":42.0,"破碎化等級":"低","判定原因":"面積減少0.0%；斑塊增加0.0%；平均斑塊縮小0.2%；道路密度0.00 km/km²；孤立比例0.0%；距大型綠地0m","2021面積_ha":104.04,"2022面積_ha":104.04,"2023面積_ha":104.04}},{"type":"Feature","geometry":{"type":"Polygon","coordinates":[[[121.48372019673927,24.558828290502575],[121.48375484473455,24.567856876445447],[121.49362710784624,24.567824858380735],[121.49359175283867,24.558796285728675],[121.48372019673927,24.558828290502575]]]},"properties":{"grid_id":"G028_017","綠地類型":"森林","中心經度":121.488673,"中心緯度":24.563327,"分析面積_km2":1.04,"2020面積_ha":104.04,"2024面積_ha":104.04,"面積減少率_pct":0.0,"2020斑塊數":1,"2024斑塊數":1,"斑塊數增加率_pct":0.0,"2020平均斑塊面積_ha":172555.65,"2024平均斑塊面積_ha":172145.43,"平均斑塊面積下降率_pct":0.24,"道路切割密度_km_per_km2":0.577,"建成區邊界切割密度_km_per_km2":0.0,"孤立小斑塊比例_pct":0.0,"距大型連續綠地平均距離_m":0.0,"score_面積減少":36.827195467422094,"score_斑塊增加":46.81303116147309,"score_平均斑塊縮小":50.63739376770538,"score_道路建成區切割":39.388574126534465,"score_孤立比例":45.34938621340888,"score_距大型綠地":44.66477809254013,"綜合破碎化分數":43.9,"破碎化等級":"低","判定原因":"面積減少0.0%；斑塊增加0.0%；平均斑塊縮小0.2%；道路密度0.58 km/km²；孤立比例0.0%；距大型綠地0m","2021面積_ha":104.04,"2022面積_ha":104.04,"2023面積_ha":104.04}},{"type":"Feature","geometry":{"type":"Polygon","coordinates":[[[121.53307780127743,24.558661801818975],[121.53311598427868,24.567690318623146],[121.54298815765792,24.567655066832284],[121.54294926767264,24.55862656466122],[121.53307780127743,24.558661801818975]]]},"properties":{"grid_id":"G028_022","綠地類型":"森林","中心經度":121.538033,"中心緯度":24.563159,"分析面積_km2":1.04,"2020面積_ha":100.89,"2024面積_ha":101.16,"面積減少率_pct":0.0,"2020斑塊數":2,"2024斑塊數":1,"斑塊數增加率_pct":0.0,"2020平均斑塊面積_ha":86277.87,"2024平均斑塊面積_ha":172145.43,"平均斑塊面積下降率_pct":0.0,"道路切割密度_km_per_km2":0.0,"建成區邊界切割密度_km_per_km2":0.0,"孤立小斑塊比例_pct":0.0,"距大型連續綠地平均距離_m":0.0,"score_面積減少":36.827195467422094,"score_斑塊增加":46.81303116147309,"score_平均斑塊縮小":3.7535410764872523,"score_道路建成區切割":27.47875354107649,"score_孤立比例":45.34938621340888,"score_距大型綠地":44.66477809254013,"綜合破碎化分數":34.1,"破碎化等級":"低","判定原因":"面積減少0.0%；斑塊增加0.0%；平均斑塊縮小0.0%；道路密度0.00 km/km²；孤立比例0.0%；距大型綠地0m","2021面積_ha":101.79,"2022面積_ha":99.72,"2023面積_ha":101.61}},{"type":"Feature","geometry":{"type":"Polygon","coordinates":[[[121.54294926767264,24.55862656466122],[121.54298815765792,24.567655066832284],[121.5528603120555,24.567619168310433],[121.55282071509218,24.558590681040936],[121.54294926767264,24.55862656466122]]]},"properties":{"grid_id":"G028_023","綠地類型":"森林","中心經度":121.547905,"中心緯度":24.563123,"分析面積_km2":1.04,"2020面積_ha":103.77,"2024面積_ha":104.04,"面積減少率_pct":0.0,"2020斑塊數":1,"2024斑塊數":1,"斑塊數增加率_pct":0.0,"2020平均斑塊面積_ha":172555.65,"2024平均斑塊面積_ha":172145.43,"平均斑塊面積下降率_pct":0.24,"道路切割密度_km_per_km2":0.0,"建成區邊界切割密度_km_per_km2":0.0,"孤立小斑塊比例_pct":0.0,"距大型連續綠地平均距離_m":0.0,"score_面積減少":36.827195467422094,"score_斑塊增加":46.81303116147309,"score_平均斑塊縮小":50.63739376770538,"score_道路建成區切割":27.47875354107649,"score_孤立比例":45.34938621340888,"score_距大型綠地":44.66477809254013,"綜合破碎化分數":42.0,"破碎化等級":"低","判定原因":"面積減少0.0%；斑塊增加0.0%；平均斑塊縮小0.2%；道路密度0.00 km/km²；孤立比例0.0%；距大型綠地0m","2021面積_ha":104.04,"2022面積_ha":103.77,"2023面積_ha":103.95}},{"type":"Feature","geometry":{"type":"Polygon","coordinates":[[[121.55282071509218,24.558590681040936],[121.5528603120555,24.567619168310433],[121.56273244712638,24.567582623062545],[121.5626921431911,24.55855415096306],[121.55282071509218,24.558590681040936]]]},"properties":{"grid_id":"G028_024","綠地類型":"森林","中心經度":121.557776,"中心緯度":24.563087,"分析面積_km2":1.04,"2020面積_ha":102.06,"2024面積_ha":102.51,"面積減少率_pct":0.0,"2020斑塊數":1,"2024斑塊數":1,"斑塊數增加率_pct":0.0,"2020平均斑塊面積_ha":172555.65,"2024平均斑塊面積_ha":172145.43,"平均斑塊面積下降率_pct":0.24,"道路切割密度_km_per_km2":0.0,"建成區邊界切割密度_km_per_km2":0.0,"孤立小斑塊比例_pct":0.0,"距大型連續綠地平均距離_m":0.0,"score_面積減少":36.827195467422094,"score_斑塊增加":46.81303116147309,"score_平均斑塊縮小":50.63739376770538,"score_道路建成區切割":27.47875354107649,"score_孤立比例":45.34938621340888,"score_距大型綠地":44.66477809254013,"綜合破碎化分數":42.0,"破碎化等級":"低","判定原因":"面積減少0.0%；斑塊增加0.0%；平均斑塊縮小0.2%；道路密度0.00 km/km²；孤立比例0.0%；距大型綠地0m","2021面積_ha":104.04,"2022面積_ha":101.52,"2023面積_ha":102.15}},{"type":"Feature","geometry":{"type":"Polygon","coordinates":[[[121.57256355162447,24.55851697443265],[121.57260456252551,24.56754543109368],[121.58247665790788,24.56750759240896],[121.58243494004734,24.55847915145483],[121.57256355162447,24.55851697443265]]]},"properties":{"grid_id":"G028_026","綠地類型":"森林","中心經度":121.57752,"中心緯度":24.563012,"分析面積_km2":1.04,"2020面積_ha":104.04,"2024面積_ha":104.04,"面積減少率_pct":0.0,"2020斑塊數":1,"2024斑塊數":1,"斑塊數增加率_pct":0.0,"2020平均斑塊面積_ha":172555.65,"2024平均斑塊面積_ha":172145.43,"平均斑塊面積下降率_pct":0.24,"道路切割密度_km_per_km2":0.0,"建成區邊界切割密度_km_per_km2":0.0,"孤立小斑塊比例_pct":0.0,"距大型連續綠地平均距離_m":0.0,"score_面積減少":36.827195467422094,"score_斑塊增加":46.81303116147309,"score_平均斑塊縮小":50.63739376770538,"score_道路建成區切割":27.47875354107649,"score_孤立比例":45.34938621340888,"score_距大型綠地":44.66477809254013,"綜合破碎化分數":42.0,"破碎化等級":"低","判定原因":"面積減少0.0%；斑塊增加0.0%；平均斑塊縮小0.2%；道路密度0.00 km/km²；孤立比例0.0%；距大型綠地0m","2021面積_ha":104.04,"2022面積_ha":104.04,"2023面積_ha":104.04}},{"type":"Feature","geometry":{"type":"Polygon","coordinates":[[[121.58243494004734,24.55847915145483],[121.58247665790788,24.56750759240896],[121.59234873292839,24.567469107013604],[121.59230630811481,24.558440682034828],[121.58243494004734,24.55847915145483]]]},"properties":{"grid_id":"G028_027","綠地類型":"森林","中心經度":121.587392,"中心緯度":24.562974,"分析面積_km2":1.04,"2020面積_ha":101.97,"2024面積_ha":103.05,"面積減少率_pct":0.0,"2020斑塊數":1,"2024斑塊數":1,"斑塊數增加率_pct":0.0,"2020平均斑塊面積_ha":172555.65,"2024平均斑塊面積_ha":172145.43,"平均斑塊面積下降率_pct":0.24,"道路切割密度_km_per_km2":0.0,"建成區邊界切割密度_km_per_km2":0.0,"孤立小斑塊比例_pct":0.0,"距大型連續綠地平均距離_m":0.0,"score_面積減少":36.827195467422094,"score_斑塊增加":46.81303116147309,"score_平均斑塊縮小":50.63739376770538,"score_道路建成區切割":27.47875354107649,"score_孤立比例":45.34938621340888,"score_距大型綠地":44.66477809254013,"綜合破碎化分數":42.0,"破碎化等級":"低","判定原因":"面積減少0.0%；斑塊增加0.0%；平均斑塊縮小0.2%；道路密度0.00 km/km²；孤立比例0.0%；距大型綠地0m","2021面積_ha":102.33,"2022面積_ha":101.61,"2023面積_ha":103.05}},{"type":"Feature","geometry":{"type":"Polygon","coordinates":[[[121.59230630811481,24.558440682034828],[121.59234873292839,24.567469107013604],[121.60222078724206,24.567429974912937],[121.60217765548197,24.55840156617794],[121.59230630811481,24.558440682034828]]]},"properties":{"grid_id":"G028_028","綠地類型":"森林","中心經度":121.597263,"中心緯度":24.562935,"分析面積_km2":1.04,"2020面積_ha":104.04,"2024面積_ha":104.04,"面積減少率_pct":0.0,"2020斑塊數":1,"2024斑塊數":1,"斑塊數增加率_pct":0.0,"2020平均斑塊面積_ha":172555.65,"2024平均斑塊面積_ha":172145.43,"平均斑塊面積下降率_pct":0.24,"道路切割密度_km_per_km2":0.0,"建成區邊界切割密度_km_per_km2":0.0,"孤立小斑塊比例_pct":0.0,"距大型連續綠地平均距離_m":0.0,"score_面積減少":36.827195467422094,"score_斑塊增加":46.81303116147309,"score_平均斑塊縮小":50.63739376770538,"score_道路建成區切割":27.47875354107649,"score_孤立比例":45.34938621340888,"score_距大型綠地":44.66477809254013,"綜合破碎化分數":42.0,"破碎化等級":"低","判定原因":"面積減少0.0%；斑塊增加0.0%；平均斑塊縮小0.2%；道路密度0.00 km/km²；孤立比例0.0%；距大型綠地0m","2021面積_ha":104.04,"2022面積_ha":104.04,"2023面積_ha":104.04}},{"type":"Feature","geometry":{"type":"Polygon","coordinates":[[[121.60217765548197,24.55840156617794],[121.60222078724206,24.567429974912937],[121.61209282050388,24.56739019611236],[121.61204898180385,24.558361803889575],[121.60217765548197,24.55840156617794]]]},"properties":{"grid_id":"G028_029","綠地類型":"森林","中心經度":121.607135,"中心緯度":24.562896,"分析面積_km2":1.04,"2020面積_ha":104.04,"2024面積_ha":104.04,"面積減少率_pct":0.0,"2020斑塊數":1,"2024斑塊數":1,"斑塊數增加率_pct":0.0,"2020平均斑塊面積_ha":172555.65,"2024平均斑塊面積_ha":172145.43,"平均斑塊面積下降率_pct":0.24,"道路切割密度_km_per_km2":0.0,"建成區邊界切割密度_km_per_km2":0.0,"孤立小斑塊比例_pct":0.0,"距大型連續綠地平均距離_m":0.0,"score_面積減少":36.827195467422094,"score_斑塊增加":46.81303116147309,"score_平均斑塊縮小":50.63739376770538,"score_道路建成區切割":27.47875354107649,"score_孤立比例":45.34938621340888,"score_距大型綠地":44.66477809254013,"綜合破碎化分數":42.0,"破碎化等級":"低","判定原因":"面積減少0.0%；斑塊增加0.0%；平均斑塊縮小0.2%；道路密度0.00 km/km²；孤立比例0.0%；距大型綠地0m","2021面積_ha":104.04,"2022面積_ha":103.41,"2023面積_ha":104.04}},{"type":"Feature","geometry":{"type":"Polygon","coordinates":[[[121.61204898180385,24.558361803889575],[121.61209282050388,24.56739019611236],[121.62196483236876,24.567349770617355],[121.62192028673559,24.558321395175224],[121.61204898180385,24.558361803889575]]]},"properties":{"grid_id":"G028_030","綠地類型":"森林","中心經度":121.617007,"中心緯度":24.562856,"分析面積_km2":1.04,"2020面積_ha":98.64,"2024面積_ha":99.72,"面積減少率_pct":0.0,"2020斑塊數":1,"2024斑塊數":1,"斑塊數增加率_pct":0.0,"2020平均斑塊面積_ha":172555.65,"2024平均斑塊面積_ha":172145.43,"平均斑塊面積下降率_pct":0.24,"道路切割密度_km_per_km2":0.0,"建成區邊界切割密度_km_per_km2":0.0,"孤立小斑塊比例_pct":0.0,"距大型連續綠地平均距離_m":0.0,"score_面積減少":36.827195467422094,"score_斑塊增加":46.81303116147309,"score_平均斑塊縮小":50.63739376770538,"score_道路建成區切割":27.47875354107649,"score_孤立比例":45.34938621340888,"score_距大型綠地":44.66477809254013,"綜合破碎化分數":42.0,"破碎化等級":"低","判定原因":"面積減少0.0%；斑塊增加0.0%；平均斑塊縮小0.2%；道路密度0.00 km/km²；孤立比例0.0%；距大型綠地0m","2021面積_ha":100.26,"2022面積_ha":76.05,"2023面積_ha":95.76}},{"type":"Feature","geometry":{"type":"Polygon","coordinates":[[[121.62192028673559,24.558321395175224],[121.62196483236876,24.567349770617355],[121.63183682249172,24.567308698433514],[121.63179156993222,24.558280340040465],[121.62192028673559,24.558321395175224]]]},"properties":{"grid_id":"G028_031","綠地類型":"森林","中心經度":121.626878,"中心緯度":24.562815,"分析面積_km2":1.04,"2020面積_ha":104.04,"2024面積_ha":104.04,"面積減少率_pct":0.0,"2020斑塊數":1,"2024斑塊數":1,"斑塊數增加率_pct":0.0,"2020平均斑塊面積_ha":172555.65,"2024平均斑塊面積_ha":172145.43,"平均斑塊面積下降率_pct":0.24,"道路切割密度_km_per_km2":0.0,"建成區邊界切割密度_km_per_km2":0.0,"孤立小斑塊比例_pct":0.0,"距大型連續綠地平均距離_m":0.0,"score_面積減少":36.827195467422094,"score_斑塊增加":46.81303116147309,"score_平均斑塊縮小":50.63739376770538,"score_道路建成區切割":27.47875354107649,"score_孤立比例":45.34938621340888,"score_距大型綠地":44.66477809254013,"綜合破碎化分數":42.0,"破碎化等級":"低","判定原因":"面積減少0.0%；斑塊增加0.0%；平均斑塊縮小0.2%；道路密度0.00 km/km²；孤立比例0.0%；距大型綠地0m","2021面積_ha":104.04,"2022面積_ha":104.04,"2023面積_ha":104.04}},{"type":"Feature","geometry":{"type":"Polygon","coordinates":[[[121.63179156993222,24.558280340040465],[121.63183682249172,24.567308698433514],[121.64170879052779,24.567266979566494],[121.64166283104889,24.558238638490955],[121.63179156993222,24.558280340040465]]]},"properties":{"grid_id":"G028_032","綠地類型":"森林","中心經度":121.63675,"中心緯度":24.562774,"分析面積_km2":1.04,"2020面積_ha":102.78,"2024面積_ha":104.04,"面積減少率_pct":0.0,"2020斑塊數":1,"2024斑塊數":1,"斑塊數增加率_pct":0.0,"2020平均斑塊面積_ha":172555.65,"2024平均斑塊面積_ha":172145.43,"平均斑塊面積下降率_pct":0.24,"道路切割密度_km_per_km2":0.0,"建成區邊界切割密度_km_per_km2":0.0,"孤立小斑塊比例_pct":0.0,"距大型連續綠地平均距離_m":0.0,"score_面積減少":36.827195467422094,"score_斑塊增加":46.81303116147309,"score_平均斑塊縮小":50.63739376770538,"score_道路建成區切割":27.47875354107649,"score_孤立比例":45.34938621340888,"score_距大型綠地":44.66477809254013,"綜合破碎化分數":42.0,"破碎化等級":"低","判定原因":"面積減少0.0%；斑塊增加0.0%；平均斑塊縮小0.2%；道路密度0.00 km/km²；孤立比例0.0%；距大型綠地0m","2021面積_ha":103.59,"2022面積_ha":101.79,"2023面積_ha":103.23}},{"type":"Feature","geometry":{"type":"Polygon","coordinates":[[[121.68114764781787,24.558065368261932],[121.68119643490249,24.567093637383223],[121.69106828732883,24.56704868518852],[121.69101879336124,24.55802043472683],[121.68114764781787,24.558065368261932]]]},"properties":{"grid_id":"G028_037","綠地類型":"森林","中心經度":121.686108,"中心緯度":24.562557,"分析面積_km2":1.04,"2020面積_ha":94.59,"2024面積_ha":96.12,"面積減少率_pct":0.0,"2020斑塊數":1,"2024斑塊數":1,"斑塊數增加率_pct":0.0,"2020平均斑塊面積_ha":172555.65,"2024平均斑塊面積_ha":172145.43,"平均斑塊面積下降率_pct":0.24,"道路切割密度_km_per_km2":0.0,"建成區邊界切割密度_km_per_km2":0.0,"孤立小斑塊比例_pct":0.0,"距大型連續綠地平均距離_m":0.0,"score_面積減少":36.827195467422094,"score_斑塊增加":46.81303116147309,"score_平均斑塊縮小":50.63739376770538,"score_道路建成區切割":27.47875354107649,"score_孤立比例":45.34938621340888,"score_距大型綠地":44.66477809254013,"綜合破碎化分數":42.0,"破碎化等級":"低","判定原因":"面積減少0.0%；斑塊增加0.0%；平均斑塊縮小0.2%；道路密度0.00 km/km²；孤立比例0.0%；距大型綠地0m","2021面積_ha":96.12,"2022面積_ha":95.67,"2023面積_ha":95.85}},{"type":"Feature","geometry":{"type":"Polygon","coordinates":[[[121.69101879336124,24.55802043472683],[121.69106828732883,24.56704868518852],[121.70094011559824,24.567003086346535],[121.70088991475531,24.557974854812855],[121.69101879336124,24.55802043472683]]]},"properties":{"grid_id":"G028_038","綠地類型":"森林","中心經度":121.695979,"中心緯度":24.562512,"分析面積_km2":1.04,"2020面積_ha":100.71,"2024面積_ha":101.25,"面積減少率_pct":0.0,"2020斑塊數":1,"2024斑塊數":1,"斑塊數增加率_pct":0.0,"2020平均斑塊面積_ha":172555.65,"2024平均斑塊面積_ha":172145.43,"平均斑塊面積下降率_pct":0.24,"道路切割密度_km_per_km2":0.0,"建成區邊界切割密度_km_per_km2":0.0,"孤立小斑塊比例_pct":0.0,"距大型連續綠地平均距離_m":0.0,"score_面積減少":36.827195467422094,"score_斑塊增加":46.81303116147309,"score_平均斑塊縮小":50.63739376770538,"score_道路建成區切割":27.47875354107649,"score_孤立比例":45.34938621340888,"score_距大型綠地":44.66477809254013,"綜合破碎化分數":42.0,"破碎化等級":"低","判定原因":"面積減少0.0%；斑塊增加0.0%；平均斑塊縮小0.2%；道路密度0.00 km/km²；孤立比例0.0%；距大型綠地0m","2021面積_ha":101.97,"2022面積_ha":100.71,"2023面積_ha":101.34}},{"type":"Feature","geometry":{"type":"Polygon","coordinates":[[[121.70088991475531,24.557974854812855],[121.70094011559824,24.567003086346535],[121.71081191936578,24.56695684086357],[121.71076101165518,24.557928628526298],[121.70088991475531,24.557974854812855]]]},"properties":{"grid_id":"G028_039","綠地類型":"森林","中心經度":121.705851,"中心緯度":24.562466,"分析面積_km2":1.04,"2020面積_ha":98.55,"2024面積_ha":99.45,"面積減少率_pct":0.0,"2020斑塊數":1,"2024斑塊數":1,"斑塊數增加率_pct":0.0,"2020平均斑塊面積_ha":172555.65,"2024平均斑塊面積_ha":172145.43,"平均斑塊面積下降率_pct":0.24,"道路切割密度_km_per_km2":0.0,"建成區邊界切割密度_km_per_km2":0.0,"孤立小斑塊比例_pct":0.0,"距大型連續綠地平均距離_m":0.0,"score_面積減少":36.827195467422094,"score_斑塊增加":46.81303116147309,"score_平均斑塊縮小":50.63739376770538,"score_道路建成區切割":27.47875354107649,"score_孤立比例":45.34938621340888,"score_距大型綠地":44.66477809254013,"綜合破碎化分數":42.0,"破碎化等級":"低","判定原因":"面積減少0.0%；斑塊增加0.0%；平均斑塊縮小0.2%；道路密度0.00 km/km²；孤立比例0.0%；距大型綠地0m","2021面積_ha":100.08,"2022面積_ha":97.02,"2023面積_ha":98.73}},{"type":"Feature","geometry":{"type":"Polygon","coordinates":[[[121.71076101165518,24.557928628526298],[121.71081191936578,24.56695684086357],[121.72068369828642,24.56690994874599],[121.72063208371601,24.55788175587355],[121.71076101165518,24.557928628526298]]]},"properties":{"grid_id":"G028_040","綠地類型":"森林","中心經度":121.715722,"中心緯度":24.562419,"分析面積_km2":1.04,"2020面積_ha":96.75,"2024面積_ha":97.38,"面積減少率_pct":0.0,"2020斑塊數":1,"2024斑塊數":1,"斑塊數增加率_pct":0.0,"2020平均斑塊面積_ha":172555.65,"2024平均斑塊面積_ha":172145.43,"平均斑塊面積下降率_pct":0.24,"道路切割密度_km_per_km2":0.0,"建成區邊界切割密度_km_per_km2":0.0,"孤立小斑塊比例_pct":0.0,"距大型連續綠地平均距離_m":0.0,"score_面積減少":36.827195467422094,"score_斑塊增加":46.81303116147309,"score_平均斑塊縮小":50.63739376770538,"score_道路建成區切割":27.47875354107649,"score_孤立比例":45.34938621340888,"score_距大型綠地":44.66477809254013,"綜合破碎化分數":42.0,"破碎化等級":"低","判定原因":"面積減少0.0%；斑塊增加0.0%；平均斑塊縮小0.2%；道路密度0.00 km/km²；孤立比例0.0%；距大型綠地0m","2021面積_ha":98.91,"2022面積_ha":98.55,"2023面積_ha":97.56}},{"type":"Feature","geometry":{"type":"Polygon","coordinates":[[[121.76011611667168,24.55768780173129],[121.76017055860099,24.566715914060495],[121.77004220811283,24.566665788868804],[121.76998705936445,24.55763769734638],[121.76011611667168,24.55768780173129]]]},"properties":{"grid_id":"G028_045","綠地類型":"森林","中心經度":121.765079,"中心緯度":24.562177,"分析面積_km2":1.04,"2020面積_ha":104.04,"2024面積_ha":104.04,"面積減少率_pct":0.0,"2020斑塊數":1,"2024斑塊數":1,"斑塊數增加率_pct":0.0,"2020平均斑塊面積_ha":172555.65,"2024平均斑塊面積_ha":172145.43,"平均斑塊面積下降率_pct":0.24,"道路切割密度_km_per_km2":0.0,"建成區邊界切割密度_km_per_km2":0.0,"孤立小斑塊比例_pct":0.0,"距大型連續綠地平均距離_m":0.0,"score_面積減少":36.827195467422094,"score_斑塊增加":46.81303116147309,"score_平均斑塊縮小":50.63739376770538,"score_道路建成區切割":27.47875354107649,"score_孤立比例":45.34938621340888,"score_距大型綠地":44.66477809254013,"綜合破碎化分數":42.0,"破碎化等級":"低","判定原因":"面積減少0.0%；斑塊增加0.0%；平均斑塊縮小0.2%；道路密度0.00 km/km²；孤立比例0.0%；距大型綠地0m","2021面積_ha":104.04,"2022面積_ha":104.04,"2023面積_ha":104.04}},{"type":"Feature","geometry":{"type":"Polygon","coordinates":[[[121.76998705936445,24.55763769734638],[121.77004220811283,24.566665788868804],[121.77991383070808,24.566615017082682],[121.77985797514908,24.55758694663542],[121.76998705936445,24.55763769734638]]]},"properties":{"grid_id":"G028_046","綠地類型":"森林","中心經度":121.77495,"中心緯度":24.562126,"分析面積_km2":1.04,"2020面積_ha":104.04,"2024面積_ha":104.04,"面積減少率_pct":0.0,"2020斑塊數":1,"2024斑塊數":1,"斑塊數增加率_pct":0.0,"2020平均斑塊面積_ha":172555.65,"2024平均斑塊面積_ha":172145.43,"平均斑塊面積下降率_pct":0.24,"道路切割密度_km_per_km2":0.0,"建成區邊界切割密度_km_per_km2":0.0,"孤立小斑塊比例_pct":0.0,"距大型連續綠地平均距離_m":0.0,"score_面積減少":36.827195467422094,"score_斑塊增加":46.81303116147309,"score_平均斑塊縮小":50.63739376770538,"score_道路建成區切割":27.47875354107649,"score_孤立比例":45.34938621340888,"score_距大型綠地":44.66477809254013,"綜合破碎化分數":42.0,"破碎化等級":"低","判定原因":"面積減少0.0%；斑塊增加0.0%；平均斑塊縮小0.2%；道路密度0.00 km/km²；孤立比例0.0%；距大型綠地0m","2021面積_ha":104.04,"2022面積_ha":104.04,"2023面積_ha":103.95}},{"type":"Feature","geometry":{"type":"Polygon","coordinates":[[[121.77985797514908,24.55758694663542],[121.77991383070808,24.566615017082682],[121.78978542604176,24.56656359870915],[121.78972886368075,24.557535549605426],[121.77985797514908,24.55758694663542]]]},"properties":{"grid_id":"G028_047","綠地類型":"森林","中心經度":121.784822,"中心緯度":24.562075,"分析面積_km2":1.04,"2020面積_ha":102.96,"2024面積_ha":102.96,"面積減少率_pct":0.0,"2020斑塊數":1,"2024斑塊數":1,"斑塊數增加率_pct":0.0,"2020平均斑塊面積_ha":172555.65,"2024平均斑塊面積_ha":172145.43,"平均斑塊面積下降率_pct":0.24,"道路切割密度_km_per_km2":0.49,"建成區邊界切割密度_km_per_km2":0.0,"孤立小斑塊比例_pct":0.0,"距大型連續綠地平均距離_m":0.0,"score_面積減少":36.827195467422094,"score_斑塊增加":46.81303116147309,"score_平均斑塊縮小":50.63739376770538,"score_道路建成區切割":38.85741265344665,"score_孤立比例":45.34938621340888,"score_距大型綠地":44.66477809254013,"綜合破碎化分數":43.9,"破碎化等級":"低","判定原因":"面積減少0.0%；斑塊增加0.0%；平均斑塊縮小0.2%；道路密度0.49 km/km²；孤立比例0.0%；距大型綠地0m","2021面積_ha":104.04,"2022面積_ha":103.68,"2023面積_ha":102.15}},{"type":"Feature","geometry":{"type":"Polygon","coordinates":[[[121.84895360324872,24.557213595129177],[121.84901440623551,24.566241510535882],[121.85888580108055,24.566185566254156],[121.85882429135488,24.557157674069543],[121.84895360324872,24.557213595129177]]]},"properties":{"grid_id":"G028_054","綠地類型":"森林","中心經度":121.85392,"中心緯度":24.5617,"分析面積_km2":1.04,"2020面積_ha":104.04,"2024面積_ha":104.04,"面積減少率_pct":0.0,"2020斑塊數":1,"2024斑塊數":1,"斑塊數增加率_pct":0.0,"2020平均斑塊面積_ha":172555.65,"2024平均斑塊面積_ha":172145.43,"平均斑塊面積下降率_pct":0.24,"道路切割密度_km_per_km2":0.0,"建成區邊界切割密度_km_per_km2":0.0,"孤立小斑塊比例_pct":0.0,"距大型連續綠地平均距離_m":0.0,"score_面積減少":36.827195467422094,"score_斑塊增加":46.81303116147309,"score_平均斑塊縮小":50.63739376770538,"score_道路建成區切割":27.47875354107649,"score_孤立比例":45.34938621340888,"score_距大型綠地":44.66477809254013,"綜合破碎化分數":42.0,"破碎化等級":"低","判定原因":"面積減少0.0%；斑塊增加0.0%；平均斑塊縮小0.2%；道路密度0.00 km/km²；孤立比例0.0%；距大型綠地0m","2021面積_ha":104.04,"2022面積_ha":104.04,"2023面積_ha":104.04}},{"type":"Feature","geometry":{"type":"Polygon","coordinates":[[[121.42452092300502,24.568035402749462],[121.4245513436594,24.57706405194717],[121.43442441045036,24.577035902817098],[121.4343932824083,24.568007265301024],[121.42452092300502,24.568035402749462]]]},"properties":{"grid_id":"G029_011","綠地類型":"森林","中心經度":121.429472,"中心緯度":24.572536,"分析面積_km2":1.04,"2020面積_ha":104.04,"2024面積_ha":104.04,"面積減少率_pct":0.0,"2020斑塊數":1,"2024斑塊數":1,"斑塊數增加率_pct":0.0,"2020平均斑塊面積_ha":172555.65,"2024平均斑塊面積_ha":172145.43,"平均斑塊面積下降率_pct":0.24,"道路切割密度_km_per_km2":0.0,"建成區邊界切割密度_km_per_km2":0.0,"孤立小斑塊比例_pct":0.0,"距大型連續綠地平均距離_m":0.0,"score_面積減少":36.827195467422094,"score_斑塊增加":46.81303116147309,"score_平均斑塊縮小":50.63739376770538,"score_道路建成區切割":27.47875354107649,"score_孤立比例":45.34938621340888,"score_距大型綠地":44.66477809254013,"綜合破碎化分數":42.0,"破碎化等級":"低","判定原因":"面積減少0.0%；斑塊增加0.0%；平均斑塊縮小0.2%；道路密度0.00 km/km²；孤立比例0.0%；距大型綠地0m","2021面積_ha":104.04,"2022面積_ha":104.04,"2023面積_ha":104.04}},{"type":"Feature","geometry":{"type":"Polygon","coordinates":[[[121.4343932824083,24.568007265301024],[121.43442441045036,24.577035902817098],[121.44429746205066,24.577007106638906],[121.44426562662565,24.567978481072956],[121.4343932824083,24.568007265301024]]]},"properties":{"grid_id":"G029_012","綠地類型":"森林","中心經度":121.439345,"中心緯度":24.572507,"分析面積_km2":1.04,"2020面積_ha":103.59,"2024面積_ha":103.59,"面積減少率_pct":0.0,"2020斑塊數":1,"2024斑塊數":1,"斑塊數增加率_pct":0.0,"2020平均斑塊面積_ha":172555.65,"2024平均斑塊面積_ha":172145.43,"平均斑塊面積下降率_pct":0.24,"道路切割密度_km_per_km2":0.0,"建成區邊界切割密度_km_per_km2":0.0,"孤立小斑塊比例_pct":0.0,"距大型連續綠地平均距離_m":0.0,"score_面積減少":36.827195467422094,"score_斑塊增加":46.81303116147309,"score_平均斑塊縮小":50.63739376770538,"score_道路建成區切割":27.47875354107649,"score_孤立比例":45.34938621340888,"score_距大型綠地":44.66477809254013,"綜合破碎化分數":42.0,"破碎化等級":"低","判定原因":"面積減少0.0%；斑塊增加0.0%；平均斑塊縮小0.2%；道路密度0.00 km/km²；孤立比例0.0%；距大型綠地0m","2021面積_ha":103.86,"2022面積_ha":103.68,"2023面積_ha":103.5}},{"type":"Feature","geometry":{"type":"Polygon","coordinates":[[[121.44426562662565,24.567978481072956],[121.44429746205066,24.577007106638906],[121.45417049811505,24.576977663416567],[121.45413795531206,24.567949050069267],[121.44426562662565,24.567978481072956]]]},"properties":{"grid_id":"G029_013","綠地類型":"森林","中心經度":121.449218,"中心緯度":24.572478,"分析面積_km2":1.04,"2020面積_ha":83.34,"2024面積_ha":83.7,"面積減少率_pct":0.0,"2020斑塊數":1,"2024斑塊數":1,"斑塊數增加率_pct":0.0,"2020平均斑塊面積_ha":172555.65,"2024平均斑塊面積_ha":172145.43,"平均斑塊面積下降率_pct":0.24,"道路切割密度_km_per_km2":0.0,"建成區邊界切割密度_km_per_km2":0.0,"孤立小斑塊比例_pct":0.0,"距大型連續綠地平均距離_m":0.0,"score_面積減少":36.827195467422094,"score_斑塊增加":46.81303116147309,"score_平均斑塊縮小":50.63739376770538,"score_道路建成區切割":27.47875354107649,"score_孤立比例":45.34938621340888,"score_距大型綠地":44.66477809254013,"綜合破碎化分數":42.0,"破碎化等級":"低","判定原因":"面積減少0.0%；斑塊增加0.0%；平均斑塊縮小0.2%；道路密度0.00 km/km²；孤立比例0.0%；距大型綠地0m","2021面積_ha":84.42,"2022面積_ha":83.97,"2023面積_ha":83.61}},{"type":"Feature","geometry":{"type":"Polygon","coordinates":[[[121.45413795531206,24.567949050069267],[121.45417049811505,24.576977663416567],[121.4640435182984,24.576947573154154],[121.4640102681224,24.567918972294],[121.45413795531206,24.567949050069267]]]},"properties":{"grid_id":"G029_014","綠地類型":"森林","中心經度":121.459091,"中心緯度":24.572448,"分析面積_km2":1.04,"2020面積_ha":104.04,"2024面積_ha":104.04,"面積減少率_pct":0.0,"2020斑塊數":1,"2024斑塊數":1,"斑塊數增加率_pct":0.0,"2020平均斑塊面積_ha":172555.65,"2024平均斑塊面積_ha":172145.43,"平均斑塊面積下降率_pct":0.24,"道路切割密度_km_per_km2":0.0,"建成區邊界切割密度_km_per_km2":0.0,"孤立小斑塊比例_pct":0.0,"距大型連續綠地平均距離_m":0.0,"score_面積減少":36.827195467422094,"score_斑塊增加":46.81303116147309,"score_平均斑塊縮小":50.63739376770538,"score_道路建成區切割":27.47875354107649,"score_孤立比例":45.34938621340888,"score_距大型綠地":44.66477809254013,"綜合破碎化分數":42.0,"破碎化等級":"低","判定原因":"面積減少0.0%；斑塊增加0.0%；平均斑塊縮小0.2%；道路密度0.00 km/km²；孤立比例0.0%；距大型綠地0m","2021面積_ha":104.04,"2022面積_ha":104.04,"2023面積_ha":104.04}},{"type":"Feature","geometry":{"type":"Polygon","coordinates":[[[121.49362710784624,24.567824858380735],[121.49366248011015,24.576853420168394],[121.50353543331738,24.57682074178808],[121.50349935370154,24.567792193561594],[121.49362710784624,24.567824858380735]]]},"properties":{"grid_id":"G029_018","綠地類型":"森林","中心經度":121.498581,"中心緯度":24.572323,"分析面積_km2":1.04,"2020面積_ha":56.97,"2024面積_ha":60.3,"面積減少率_pct":0.0,"2020斑塊數":2,"2024斑塊數":1,"斑塊數增加率_pct":0.0,"2020平均斑塊面積_ha":86277.915,"2024平均斑塊面積_ha":172145.43,"平均斑塊面積下降率_pct":0.0,"道路切割密度_km_per_km2":4.095,"建成區邊界切割密度_km_per_km2":0.231,"孤立小斑塊比例_pct":0.0,"距大型連續綠地平均距離_m":0.0,"score_面積減少":36.827195467422094,"score_斑塊增加":46.81303116147309,"score_平均斑塊縮小":3.7535410764872523,"score_道路建成區切割":79.70963172804532,"score_孤立比例":45.34938621340888,"score_距大型綠地":44.66477809254013,"綜合破碎化分數":42.9,"破碎化等級":"低","判定原因":"面積減少0.0%；斑塊增加0.0%；平均斑塊縮小0.0%；道路密度4.09 km/km²；孤立比例0.0%；距大型綠地0m","2021面積_ha":59.31,"2022面積_ha":59.49,"2023面積_ha":60.03}},{"type":"Feature","geometry":{"type":"Polygon","coordinates":[[[121.53311598427868,24.567690318623146],[121.53315418591653,24.576718824555147],[121.54302706662487,24.576683558129137],[121.54298815765792,24.567655066832284],[121.53311598427868,24.567690318623146]]]},"properties":{"grid_id":"G029_022","綠地類型":"森林","中心經度":121.538071,"中心緯度":24.572187,"分析面積_km2":1.04,"2020面積_ha":102.69,"2024面積_ha":103.23,"面積減少率_pct":0.0,"2020斑塊數":1,"2024斑塊數":1,"斑塊數增加率_pct":0.0,"2020平均斑塊面積_ha":172555.65,"2024平均斑塊面積_ha":172145.43,"平均斑塊面積下降率_pct":0.24,"道路切割密度_km_per_km2":0.0,"建成區邊界切割密度_km_per_km2":0.0,"孤立小斑塊比例_pct":0.0,"距大型連續綠地平均距離_m":0.0,"score_面積減少":36.827195467422094,"score_斑塊增加":46.81303116147309,"score_平均斑塊縮小":50.63739376770538,"score_道路建成區切割":27.47875354107649,"score_孤立比例":45.34938621340888,"score_距大型綠地":44.66477809254013,"綜合破碎化分數":42.0,"破碎化等級":"低","判定原因":"面積減少0.0%；斑塊增加0.0%；平均斑塊縮小0.2%；道路密度0.00 km/km²；孤立比例0.0%；距大型綠地0m","2021面積_ha":103.95,"2022面積_ha":101.97,"2023面積_ha":102.87}},{"type":"Feature","geometry":{"type":"Polygon","coordinates":[[[121.54298815765792,24.567655066832284],[121.54302706662487,24.576683558129137],[121.55289992834552,24.576647644703648],[121.5528603120555,24.567619168310433],[121.54298815765792,24.567655066832284]]]},"properties":{"grid_id":"G029_023","綠地類型":"森林","中心經度":121.547944,"中心緯度":24.572151,"分析面積_km2":1.04,"2020面積_ha":104.04,"2024面積_ha":104.04,"面積減少率_pct":0.0,"2020斑塊數":1,"2024斑塊數":1,"斑塊數增加率_pct":0.0,"2020平均斑塊面積_ha":172555.65,"2024平均斑塊面積_ha":172145.43,"平均斑塊面積下降率_pct":0.24,"道路切割密度_km_per_km2":0.0,"建成區邊界切割密度_km_per_km2":0.0,"孤立小斑塊比例_pct":0.0,"距大型連續綠地平均距離_m":0.0,"score_面積減少":36.827195467422094,"score_斑塊增加":46.81303116147309,"score_平均斑塊縮小":50.63739376770538,"score_道路建成區切割":27.47875354107649,"score_孤立比例":45.34938621340888,"score_距大型綠地":44.66477809254013,"綜合破碎化分數":42.0,"破碎化等級":"低","判定原因":"面積減少0.0%；斑塊增加0.0%；平均斑塊縮小0.2%；道路密度0.00 km/km²；孤立比例0.0%；距大型綠地0m","2021面積_ha":104.04,"2022面積_ha":104.04,"2023面積_ha":104.04}},{"type":"Feature","geometry":{"type":"Polygon","coordinates":[[[121.5528603120555,24.567619168310433],[121.55289992834552,24.576647644703648],[121.56277277073342,24.576611084283638],[121.56273244712638,24.567582623062545],[121.5528603120555,24.567619168310433]]]},"properties":{"grid_id":"G029_024","綠地類型":"森林","中心經度":121.557816,"中心緯度":24.572115,"分析面積_km2":1.04,"2020面積_ha":103.05,"2024面積_ha":103.05,"面積減少率_pct":0.0,"2020斑塊數":1,"2024斑塊數":1,"斑塊數增加率_pct":0.0,"2020平均斑塊面積_ha":172555.65,"2024平均斑塊面積_ha":172145.43,"平均斑塊面積下降率_pct":0.24,"道路切割密度_km_per_km2":0.0,"建成區邊界切割密度_km_per_km2":0.0,"孤立小斑塊比例_pct":0.0,"距大型連續綠地平均距離_m":0.0,"score_面積減少":36.827195467422094,"score_斑塊增加":46.81303116147309,"score_平均斑塊縮小":50.63739376770538,"score_道路建成區切割":27.47875354107649,"score_孤立比例":45.34938621340888,"score_距大型綠地":44.66477809254013,"綜合破碎化分數":42.0,"破碎化等級":"低","判定原因":"面積減少0.0%；斑塊增加0.0%；平均斑塊縮小0.2%；道路密度0.00 km/km²；孤立比例0.0%；距大型綠地0m","2021面積_ha":103.86,"2022面積_ha":102.6,"2023面積_ha":102.87}},{"type":"Feature","geometry":{"type":"Polygon","coordinates":[[[121.57260456252551,24.56754543109368],[121.57264559344335,24.576573876874168],[121.58251839613023,24.576536022480354],[121.58247665790788,24.56750759240896],[121.57260456252551,24.56754543109368]]]},"properties":{"grid_id":"G029_026","綠地類型":"森林","中心經度":121.577561,"中心緯度":24.572041,"分析面積_km2":1.04,"2020面積_ha":104.04,"2024面積_ha":104.04,"面積減少率_pct":0.0,"2020斑塊數":1,"2024斑塊數":1,"斑塊數增加率_pct":0.0,"2020平均斑塊面積_ha":172555.65,"2024平均斑塊面積_ha":172145.43,"平均斑塊面積下降率_pct":0.24,"道路切割密度_km_per_km2":0.0,"建成區邊界切割密度_km_per_km2":0.0,"孤立小斑塊比例_pct":0.0,"距大型連續綠地平均距離_m":0.0,"score_面積減少":36.827195467422094,"score_斑塊增加":46.81303116147309,"score_平均斑塊縮小":50.63739376770538,"score_道路建成區切割":27.47875354107649,"score_孤立比例":45.34938621340888,"score_距大型綠地":44.66477809254013,"綜合破碎化分數":42.0,"破碎化等級":"低","判定原因":"面積減少0.0%；斑塊增加0.0%；平均斑塊縮小0.2%；道路密度0.00 km/km²；孤立比例0.0%；距大型綠地0m","2021面積_ha":104.04,"2022面積_ha":104.04,"2023面積_ha":104.04}},{"type":"Feature","geometry":{"type":"Polygon","coordinates":[[[121.58247665790788,24.56750759240896],[121.58251839613023,24.576536022480354],[121.59239117844882,24.576497521107438],[121.59234873292839,24.567469107013604],[121.58247665790788,24.56750759240896]]]},"properties":{"grid_id":"G029_027","綠地類型":"森林","中心經度":121.587434,"中心緯度":24.572003,"分析面積_km2":1.04,"2020面積_ha":102.15,"2024面積_ha":102.15,"面積減少率_pct":0.0,"2020斑塊數":1,"2024斑塊數":1,"斑塊數增加率_pct":0.0,"2020平均斑塊面積_ha":172555.65,"2024平均斑塊面積_ha":172145.43,"平均斑塊面積下降率_pct":0.24,"道路切割密度_km_per_km2":0.0,"建成區邊界切割密度_km_per_km2":0.0,"孤立小斑塊比例_pct":0.0,"距大型連續綠地平均距離_m":0.0,"score_面積減少":36.827195467422094,"score_斑塊增加":46.81303116147309,"score_平均斑塊縮小":50.63739376770538,"score_道路建成區切割":27.47875354107649,"score_孤立比例":45.34938621340888,"score_距大型綠地":44.66477809254013,"綜合破碎化分數":42.0,"破碎化等級":"低","判定原因":"面積減少0.0%；斑塊增加0.0%；平均斑塊縮小0.2%；道路密度0.00 km/km²；孤立比例0.0%；距大型綠地0m","2021面積_ha":102.24,"2022面積_ha":101.16,"2023面積_ha":101.16}},{"type":"Feature","geometry":{"type":"Polygon","coordinates":[[[121.59234873292839,24.567469107013604],[121.59239117844882,24.576497521107438],[121.60226394005406,24.57645837276073],[121.60222078724206,24.567429974912937],[121.59234873292839,24.567469107013604]]]},"properties":{"grid_id":"G029_028","綠地類型":"森林","中心經度":121.597306,"中心緯度":24.571964,"分析面積_km2":1.04,"2020面積_ha":104.04,"2024面積_ha":104.04,"面積減少率_pct":0.0,"2020斑塊數":1,"2024斑塊數":1,"斑塊數增加率_pct":0.0,"2020平均斑塊面積_ha":172555.65,"2024平均斑塊面積_ha":172145.43,"平均斑塊面積下降率_pct":0.24,"道路切割密度_km_per_km2":0.0,"建成區邊界切割密度_km_per_km2":0.0,"孤立小斑塊比例_pct":0.0,"距大型連續綠地平均距離_m":0.0,"score_面積減少":36.827195467422094,"score_斑塊增加":46.81303116147309,"score_平均斑塊縮小":50.63739376770538,"score_道路建成區切割":27.47875354107649,"score_孤立比例":45.34938621340888,"score_距大型綠地":44.66477809254013,"綜合破碎化分數":42.0,"破碎化等級":"低","判定原因":"面積減少0.0%；斑塊增加0.0%；平均斑塊縮小0.2%；道路密度0.00 km/km²；孤立比例0.0%；距大型綠地0m","2021面積_ha":104.04,"2022面積_ha":103.59,"2023面積_ha":104.04}},{"type":"Feature","geometry":{"type":"Polygon","coordinates":[[[121.60222078724206,24.567429974912937],[121.60226394005406,24.57645837276073],[121.61213668060078,24.576418577445633],[121.61209282050388,24.56739019611236],[121.60222078724206,24.567429974912937]]]},"properties":{"grid_id":"G029_029","綠地類型":"森林","中心經度":121.607179,"中心緯度":24.571924,"分析面積_km2":1.04,"2020面積_ha":104.04,"2024面積_ha":104.04,"面積減少率_pct":0.0,"2020斑塊數":1,"2024斑塊數":1,"斑塊數增加率_pct":0.0,"2020平均斑塊面積_ha":172555.65,"2024平均斑塊面積_ha":172145.43,"平均斑塊面積下降率_pct":0.24,"道路切割密度_km_per_km2":0.0,"建成區邊界切割密度_km_per_km2":0.0,"孤立小斑塊比例_pct":0.0,"距大型連續綠地平均距離_m":0.0,"score_面積減少":36.827195467422094,"score_斑塊增加":46.81303116147309,"score_平均斑塊縮小":50.63739376770538,"score_道路建成區切割":27.47875354107649,"score_孤立比例":45.34938621340888,"score_距大型綠地":44.66477809254013,"綜合破碎化分數":42.0,"破碎化等級":"低","判定原因":"面積減少0.0%；斑塊增加0.0%；平均斑塊縮小0.2%；道路密度0.00 km/km²；孤立比例0.0%；距大型綠地0m","2021面積_ha":104.04,"2022面積_ha":104.04,"2023面積_ha":104.04}},{"type":"Feature","geometry":{"type":"Polygon","coordinates":[[[121.62196483236876,24.567349770617355],[121.62200939974386,24.57637813516764],[121.63188209713816,24.57633704593234],[121.63183682249172,24.567308698433514],[121.62196483236876,24.567349770617355]]]},"properties":{"grid_id":"G029_031","綠地類型":"森林","中心經度":121.626923,"中心緯度":24.571843,"分析面積_km2":1.04,"2020面積_ha":104.04,"2024面積_ha":104.04,"面積減少率_pct":0.0,"2020斑塊數":1,"2024斑塊數":1,"斑塊數增加率_pct":0.0,"2020平均斑塊面積_ha":172555.65,"2024平均斑塊面積_ha":172145.43,"平均斑塊面積下降率_pct":0.24,"道路切割密度_km_per_km2":0.0,"建成區邊界切割密度_km_per_km2":0.0,"孤立小斑塊比例_pct":0.0,"距大型連續綠地平均距離_m":0.0,"score_面積減少":36.827195467422094,"score_斑塊增加":46.81303116147309,"score_平均斑塊縮小":50.63739376770538,"score_道路建成區切割":27.47875354107649,"score_孤立比例":45.34938621340888,"score_距大型綠地":44.66477809254013,"綜合破碎化分數":42.0,"破碎化等級":"低","判定原因":"面積減少0.0%；斑塊增加0.0%；平均斑塊縮小0.2%；道路密度0.00 km/km²；孤立比例0.0%；距大型綠地0m","2021面積_ha":104.04,"2022面積_ha":104.04,"2023面積_ha":104.04}},{"type":"Feature","geometry":{"type":"Polygon","coordinates":[[[121.64170879052779,24.567266979566494],[121.6417547724386,24.576295309745404],[121.65162742529999,24.576252926612593],[121.65158073613188,24.567224614022066],[121.64170879052779,24.567266979566494]]]},"properties":{"grid_id":"G029_033","綠地類型":"森林","中心經度":121.646668,"中心緯度":24.57176,"分析面積_km2":1.04,"2020面積_ha":104.04,"2024面積_ha":104.04,"面積減少率_pct":0.0,"2020斑塊數":1,"2024斑塊數":1,"斑塊數增加率_pct":0.0,"2020平均斑塊面積_ha":172555.65,"2024平均斑塊面積_ha":172145.43,"平均斑塊面積下降率_pct":0.24,"道路切割密度_km_per_km2":0.115,"建成區邊界切割密度_km_per_km2":0.0,"孤立小斑塊比例_pct":0.0,"距大型連續綠地平均距離_m":0.0,"score_面積減少":36.827195467422094,"score_斑塊增加":46.81303116147309,"score_平均斑塊縮小":50.63739376770538,"score_道路建成區切割":36.48489140698773,"score_孤立比例":45.34938621340888,"score_距大型綠地":44.66477809254013,"綜合破碎化分數":43.5,"破碎化等級":"低","判定原因":"面積減少0.0%；斑塊增加0.0%；平均斑塊縮小0.2%；道路密度0.12 km/km²；孤立比例0.0%；距大型綠地0m","2021面積_ha":104.04,"2022面積_ha":104.04,"2023面積_ha":104.04}},{"type":"Feature","geometry":{"type":"Polygon","coordinates":[[[121.70094011559824,24.567003086346535],[121.70099034094311,24.576031306968343],[121.71086285192324,24.57598504228628],[121.71081191936578,24.56695684086357],[121.70094011559824,24.567003086346535]]]},"properties":{"grid_id":"G029_039","綠地類型":"森林","中心經度":121.705901,"中心緯度":24.571494,"分析面積_km2":1.04,"2020面積_ha":103.95,"2024面積_ha":104.04,"面積減少率_pct":0.0,"2020斑塊數":1,"2024斑塊數":1,"斑塊數增加率_pct":0.0,"2020平均斑塊面積_ha":172555.65,"2024平均斑塊面積_ha":172145.43,"平均斑塊面積下降率_pct":0.24,"道路切割密度_km_per_km2":0.173,"建成區邊界切割密度_km_per_km2":0.0,"孤立小斑塊比例_pct":0.0,"距大型連續綠地平均距離_m":0.0,"score_面積減少":36.827195467422094,"score_斑塊增加":46.81303116147309,"score_平均斑塊縮小":50.63739376770538,"score_道路建成區切割":36.80358829084042,"score_孤立比例":45.34938621340888,"score_距大型綠地":44.66477809254013,"綜合破碎化分數":43.5,"破碎化等級":"低","判定原因":"面積減少0.0%；斑塊增加0.0%；平均斑塊縮小0.2%；道路密度0.17 km/km²；孤立比例0.0%；距大型綠地0m","2021面積_ha":104.04,"2022面積_ha":102.15,"2023面積_ha":104.04}},{"type":"Feature","geometry":{"type":"Polygon","coordinates":[[[121.72068369828642,24.56690994874599],[121.72073533804868,24.57593813070119],[121.73060779897433,24.575890572219528],[121.73055545201524,24.5668624100003],[121.72068369828642,24.56690994874599]]]},"properties":{"grid_id":"G029_041","綠地類型":"森林","中心經度":121.725646,"中心緯度":24.5714,"分析面積_km2":1.04,"2020面積_ha":104.04,"2024面積_ha":104.04,"面積減少率_pct":0.0,"2020斑塊數":1,"2024斑塊數":1,"斑塊數增加率_pct":0.0,"2020平均斑塊面積_ha":172555.65,"2024平均斑塊面積_ha":172145.43,"平均斑塊面積下降率_pct":0.24,"道路切割密度_km_per_km2":0.0,"建成區邊界切割密度_km_per_km2":0.0,"孤立小斑塊比例_pct":0.0,"距大型連續綠地平均距離_m":0.0,"score_面積減少":36.827195467422094,"score_斑塊增加":46.81303116147309,"score_平均斑塊縮小":50.63739376770538,"score_道路建成區切割":27.47875354107649,"score_孤立比例":45.34938621340888,"score_距大型綠地":44.66477809254013,"綜合破碎化分數":42.0,"破碎化等級":"低","判定原因":"面積減少0.0%；斑塊增加0.0%；平均斑塊縮小0.2%；道路密度0.00 km/km²；孤立比例0.0%；距大型綠地0m","2021面積_ha":104.04,"2022面積_ha":104.04,"2023面積_ha":104.04}},{"type":"Feature","geometry":{"type":"Polygon","coordinates":[[[121.75029888251748,24.566765392650847],[121.75035264384604,24.575793514592856],[121.76022502710195,24.57574401546125],[121.76017055860099,24.566715914060495],[121.75029888251748,24.566765392650847]]]},"properties":{"grid_id":"G029_044","綠地類型":"森林","中心經度":121.755262,"中心緯度":24.571255,"分析面積_km2":1.04,"2020面積_ha":104.04,"2024面積_ha":104.04,"面積減少率_pct":0.0,"2020斑塊數":1,"2024斑塊數":1,"斑塊數增加率_pct":0.0,"2020平均斑塊面積_ha":172555.65,"2024平均斑塊面積_ha":172145.43,"平均斑塊面積下降率_pct":0.24,"道路切割密度_km_per_km2":0.0,"建成區邊界切割密度_km_per_km2":0.0,"孤立小斑塊比例_pct":0.0,"距大型連續綠地平均距離_m":0.0,"score_面積減少":36.827195467422094,"score_斑塊增加":46.81303116147309,"score_平均斑塊縮小":50.63739376770538,"score_道路建成區切割":27.47875354107649,"score_孤立比例":45.34938621340888,"score_距大型綠地":44.66477809254013,"綜合破碎化分數":42.0,"破碎化等級":"低","判定原因":"面積減少0.0%；斑塊增加0.0%；平均斑塊縮小0.2%；道路密度0.00 km/km²；孤立比例0.0%；距大型綠地0m","2021面積_ha":104.04,"2022面積_ha":104.04,"2023面積_ha":104.04}},{"type":"Feature","geometry":{"type":"Polygon","coordinates":[[[121.76017055860099,24.566715914060495],[121.76022502710195,24.57574401546125],[121.77009738377782,24.57569386945988],[121.77004220811283,24.566665788868804],[121.76017055860099,24.566715914060495]]]},"properties":{"grid_id":"G029_045","綠地類型":"森林","中心經度":121.765134,"中心緯度":24.571205,"分析面積_km2":1.04,"2020面積_ha":104.04,"2024面積_ha":104.04,"面積減少率_pct":0.0,"2020斑塊數":1,"2024斑塊數":1,"斑塊數增加率_pct":0.0,"2020平均斑塊面積_ha":172555.65,"2024平均斑塊面積_ha":172145.43,"平均斑塊面積下降率_pct":0.24,"道路切割密度_km_per_km2":0.0,"建成區邊界切割密度_km_per_km2":0.0,"孤立小斑塊比例_pct":0.0,"距大型連續綠地平均距離_m":0.0,"score_面積減少":36.827195467422094,"score_斑塊增加":46.81303116147309,"score_平均斑塊縮小":50.63739376770538,"score_道路建成區切割":27.47875354107649,"score_孤立比例":45.34938621340888,"score_距大型綠地":44.66477809254013,"綜合破碎化分數":42.0,"破碎化等級":"低","判定原因":"面積減少0.0%；斑塊增加0.0%；平均斑塊縮小0.2%；道路密度0.00 km/km²；孤立比例0.0%；距大型綠地0m","2021面積_ha":104.04,"2022面積_ha":104.04,"2023面積_ha":104.04}},{"type":"Feature","geometry":{"type":"Polygon","coordinates":[[[121.77004220811283,24.566665788868804],[121.77009738377782,24.57569386945988],[121.7799697135286,24.57564307659566],[121.77991383070808,24.566615017082682],[121.77004220811283,24.566665788868804]]]},"properties":{"grid_id":"G029_046","綠地類型":"森林","中心經度":121.775006,"中心緯度":24.571155,"分析面積_km2":1.04,"2020面積_ha":104.04,"2024面積_ha":104.04,"面積減少率_pct":0.0,"2020斑塊數":1,"2024斑塊數":1,"斑塊數增加率_pct":0.0,"2020平均斑塊面積_ha":172555.65,"2024平均斑塊面積_ha":172145.43,"平均斑塊面積下降率_pct":0.24,"道路切割密度_km_per_km2":0.0,"建成區邊界切割密度_km_per_km2":0.0,"孤立小斑塊比例_pct":0.0,"距大型連續綠地平均距離_m":0.0,"score_面積減少":36.827195467422094,"score_斑塊增加":46.81303116147309,"score_平均斑塊縮小":50.63739376770538,"score_道路建成區切割":27.47875354107649,"score_孤立比例":45.34938621340888,"score_距大型綠地":44.66477809254013,"綜合破碎化分數":42.0,"破碎化等級":"低","判定原因":"面積減少0.0%；斑塊增加0.0%；平均斑塊縮小0.2%；道路密度0.00 km/km²；孤立比例0.0%；距大型綠地0m","2021面積_ha":104.04,"2022面積_ha":104.04,"2023面積_ha":104.04}},{"type":"Feature","geometry":{"type":"Polygon","coordinates":[[[121.77991383070808,24.566615017082682],[121.7799697135286,24.57564307659566],[121.78984201600923,24.575591636875604],[121.78978542604176,24.56656359870915],[121.77991383070808,24.566615017082682]]]},"properties":{"grid_id":"G029_047","綠地類型":"森林","中心經度":121.784878,"中心緯度":24.571103,"分析面積_km2":1.04,"2020面積_ha":104.04,"2024面積_ha":104.04,"面積減少率_pct":0.0,"2020斑塊數":1,"2024斑塊數":1,"斑塊數增加率_pct":0.0,"2020平均斑塊面積_ha":172555.65,"2024平均斑塊面積_ha":172145.43,"平均斑塊面積下降率_pct":0.24,"道路切割密度_km_per_km2":0.0,"建成區邊界切割密度_km_per_km2":0.0,"孤立小斑塊比例_pct":0.0,"距大型連續綠地平均距離_m":0.0,"score_面積減少":36.827195467422094,"score_斑塊增加":46.81303116147309,"score_平均斑塊縮小":50.63739376770538,"score_道路建成區切割":27.47875354107649,"score_孤立比例":45.34938621340888,"score_距大型綠地":44.66477809254013,"綜合破碎化分數":42.0,"破碎化等級":"低","判定原因":"面積減少0.0%；斑塊增加0.0%；平均斑塊縮小0.2%；道路密度0.00 km/km²；孤立比例0.0%；距大型綠地0m","2021面積_ha":104.04,"2022面積_ha":104.04,"2023面積_ha":104.04}},{"type":"Feature","geometry":{"type":"Polygon","coordinates":[[[121.78978542604176,24.56656359870915],[121.78984201600923,24.575591636875604],[121.7997142908747,24.57553955030683],[121.79965699376896,24.566511533755293],[121.78978542604176,24.56656359870915]]]},"properties":{"grid_id":"G029_048","綠地類型":"森林","中心經度":121.79475,"中心緯度":24.571052,"分析面積_km2":1.04,"2020面積_ha":104.04,"2024面積_ha":104.04,"面積減少率_pct":0.0,"2020斑塊數":1,"2024斑塊數":1,"斑塊數增加率_pct":0.0,"2020平均斑塊面積_ha":172555.65,"2024平均斑塊面積_ha":172145.43,"平均斑塊面積下降率_pct":0.24,"道路切割密度_km_per_km2":0.0,"建成區邊界切割密度_km_per_km2":0.0,"孤立小斑塊比例_pct":0.0,"距大型連續綠地平均距離_m":0.0,"score_面積減少":36.827195467422094,"score_斑塊增加":46.81303116147309,"score_平均斑塊縮小":50.63739376770538,"score_道路建成區切割":27.47875354107649,"score_孤立比例":45.34938621340888,"score_距大型綠地":44.66477809254013,"綜合破碎化分數":42.0,"破碎化等級":"低","判定原因":"面積減少0.0%；斑塊增加0.0%；平均斑塊縮小0.2%；道路密度0.00 km/km²；孤立比例0.0%；距大型綠地0m","2021面積_ha":104.04,"2022面積_ha":104.04,"2023面積_ha":104.04}},{"type":"Feature","geometry":{"type":"Polygon","coordinates":[[[121.45417049811505,24.576977663416567],[121.45420305679909,24.586006265903706],[121.46407678470064,24.585976163152395],[121.4640435182984,24.576947573154154],[121.45417049811505,24.576977663416567]]]},"properties":{"grid_id":"G030_014","綠地類型":"森林","中心經度":121.459123,"中心緯度":24.581477,"分析面積_km2":1.04,"2020面積_ha":103.86,"2024面積_ha":104.04,"面積減少率_pct":0.0,"2020斑塊數":1,"2024斑塊數":1,"斑塊數增加率_pct":0.0,"2020平均斑塊面積_ha":172555.65,"2024平均斑塊面積_ha":172145.43,"平均斑塊面積下降率_pct":0.24,"道路切割密度_km_per_km2":0.0,"建成區邊界切割密度_km_per_km2":0.0,"孤立小斑塊比例_pct":0.0,"距大型連續綠地平均距離_m":0.0,"score_面積減少":36.827195467422094,"score_斑塊增加":46.81303116147309,"score_平均斑塊縮小":50.63739376770538,"score_道路建成區切割":27.47875354107649,"score_孤立比例":45.34938621340888,"score_距大型綠地":44.66477809254013,"綜合破碎化分數":42.0,"破碎化等級":"低","判定原因":"面積減少0.0%；斑塊增加0.0%；平均斑塊縮小0.2%；道路密度0.00 km/km²；孤立比例0.0%；距大型綠地0m","2021面積_ha":103.95,"2022面積_ha":103.86,"2023面積_ha":104.04}},{"type":"Feature","geometry":{"type":"Polygon","coordinates":[[[121.4640435182984,24.576947573154154],[121.46407678470064,24.585976163152395],[121.47395049637082,24.58594541309661],[121.47391652225546,24.576916835855805],[121.4640435182984,24.576947573154154]]]},"properties":{"grid_id":"G030_015","綠地類型":"森林","中心經度":121.468997,"中心緯度":24.581447,"分析面積_km2":1.04,"2020面積_ha":104.04,"2024面積_ha":104.04,"面積減少率_pct":0.0,"2020斑塊數":1,"2024斑塊數":1,"斑塊數增加率_pct":0.0,"2020平均斑塊面積_ha":172555.65,"2024平均斑塊面積_ha":172145.43,"平均斑塊面積下降率_pct":0.24,"道路切割密度_km_per_km2":0.0,"建成區邊界切割密度_km_per_km2":0.0,"孤立小斑塊比例_pct":0.0,"距大型連續綠地平均距離_m":0.0,"score_面積減少":36.827195467422094,"score_斑塊增加":46.81303116147309,"score_平均斑塊縮小":50.63739376770538,"score_道路建成區切割":27.47875354107649,"score_孤立比例":45.34938621340888,"score_距大型綠地":44.66477809254013,"綜合破碎化分數":42.0,"破碎化等級":"低","判定原因":"面積減少0.0%；斑塊增加0.0%；平均斑塊縮小0.2%；道路密度0.00 km/km²；孤立比例0.0%；距大型綠地0m","2021面積_ha":104.04,"2022面積_ha":104.04,"2023面積_ha":104.04}},{"type":"Feature","geometry":{"type":"Polygon","coordinates":[[[121.54302706662487,24.576683558129137],[121.54306599457942,24.585712038548824],[121.55293956396837,24.585676110217626],[121.55289992834552,24.576647644703648],[121.54302706662487,24.576683558129137]]]},"properties":{"grid_id":"G030_023","綠地類型":"森林","中心經度":121.547983,"中心緯度":24.58118,"分析面積_km2":1.04,"2020面積_ha":103.95,"2024面積_ha":104.04,"面積減少率_pct":0.0,"2020斑塊數":1,"2024斑塊數":1,"斑塊數增加率_pct":0.0,"2020平均斑塊面積_ha":172555.65,"2024平均斑塊面積_ha":172145.43,"平均斑塊面積下降率_pct":0.24,"道路切割密度_km_per_km2":0.0,"建成區邊界切割密度_km_per_km2":0.0,"孤立小斑塊比例_pct":0.0,"距大型連續綠地平均距離_m":0.0,"score_面積減少":36.827195467422094,"score_斑塊增加":46.81303116147309,"score_平均斑塊縮小":50.63739376770538,"score_道路建成區切割":27.47875354107649,"score_孤立比例":45.34938621340888,"score_距大型綠地":44.66477809254013,"綜合破碎化分數":42.0,"破碎化等級":"低","判定原因":"面積減少0.0%；斑塊增加0.0%；平均斑塊縮小0.2%；道路密度0.00 km/km²；孤立比例0.0%；距大型綠地0m","2021面積_ha":104.04,"2022面積_ha":103.68,"2023面積_ha":104.04}},{"type":"Feature","geometry":{"type":"Polygon","coordinates":[[[121.55289992834552,24.576647644703648],[121.55293956396837,24.585676110217626],[121.56281311401841,24.585639534623386],[121.56277277073342,24.576611084283638],[121.55289992834552,24.576647644703648]]]},"properties":{"grid_id":"G030_024","綠地類型":"森林","中心經度":121.557856,"中心緯度":24.581144,"分析面積_km2":1.04,"2020面積_ha":104.04,"2024面積_ha":104.04,"面積減少率_pct":0.0,"2020斑塊數":1,"2024斑塊數":1,"斑塊數增加率_pct":0.0,"2020平均斑塊面積_ha":172555.65,"2024平均斑塊面積_ha":172145.43,"平均斑塊面積下降率_pct":0.24,"道路切割密度_km_per_km2":0.0,"建成區邊界切割密度_km_per_km2":0.0,"孤立小斑塊比例_pct":0.0,"距大型連續綠地平均距離_m":0.0,"score_面積減少":36.827195467422094,"score_斑塊增加":46.81303116147309,"score_平均斑塊縮小":50.63739376770538,"score_道路建成區切割":27.47875354107649,"score_孤立比例":45.34938621340888,"score_距大型綠地":44.66477809254013,"綜合破碎化分數":42.0,"破碎化等級":"低","判定原因":"面積減少0.0%；斑塊增加0.0%；平均斑塊縮小0.2%；道路密度0.00 km/km²；孤立比例0.0%；距大型綠地0m","2021面積_ha":104.04,"2022面積_ha":104.04,"2023面積_ha":104.04}},{"type":"Feature","geometry":{"type":"Polygon","coordinates":[[[121.56277277073342,24.576611084283638],[121.56281311401841,24.585639534623386],[121.5726866443843,24.585602311771147],[121.57264559344335,24.576573876874168],[121.56277277073342,24.576611084283638]]]},"properties":{"grid_id":"G030_025","綠地類型":"森林","中心經度":121.56773,"中心緯度":24.581107,"分析面積_km2":1.04,"2020面積_ha":104.04,"2024面積_ha":104.04,"面積減少率_pct":0.0,"2020斑塊數":1,"2024斑塊數":1,"斑塊數增加率_pct":0.0,"2020平均斑塊面積_ha":172555.65,"2024平均斑塊面積_ha":172145.43,"平均斑塊面積下降率_pct":0.24,"道路切割密度_km_per_km2":0.0,"建成區邊界切割密度_km_per_km2":0.0,"孤立小斑塊比例_pct":0.0,"距大型連續綠地平均距離_m":0.0,"score_面積減少":36.827195467422094,"score_斑塊增加":46.81303116147309,"score_平均斑塊縮小":50.63739376770538,"score_道路建成區切割":27.47875354107649,"score_孤立比例":45.34938621340888,"score_距大型綠地":44.66477809254013,"綜合破碎化分數":42.0,"破碎化等級":"低","判定原因":"面積減少0.0%；斑塊增加0.0%；平均斑塊縮小0.2%；道路密度0.00 km/km²；孤立比例0.0%；距大型綠地0m","2021面積_ha":104.04,"2022面積_ha":104.04,"2023面積_ha":104.04}},{"type":"Feature","geometry":{"type":"Polygon","coordinates":[[[121.59239117844882,24.576497521107438],[121.59243364468263,24.58552592431335],[121.60230711392457,24.58548675971834],[121.60226394005406,24.57645837276073],[121.59239117844882,24.576497521107438]]]},"properties":{"grid_id":"G030_028","綠地類型":"森林","中心經度":121.597349,"中心緯度":24.580992,"分析面積_km2":1.04,"2020面積_ha":104.04,"2024面積_ha":104.04,"面積減少率_pct":0.0,"2020斑塊數":1,"2024斑塊數":1,"斑塊數增加率_pct":0.0,"2020平均斑塊面積_ha":172555.65,"2024平均斑塊面積_ha":172145.43,"平均斑塊面積下降率_pct":0.24,"道路切割密度_km_per_km2":0.0,"建成區邊界切割密度_km_per_km2":0.0,"孤立小斑塊比例_pct":0.0,"距大型連續綠地平均距離_m":0.0,"score_面積減少":36.827195467422094,"score_斑塊增加":46.81303116147309,"score_平均斑塊縮小":50.63739376770538,"score_道路建成區切割":27.47875354107649,"score_孤立比例":45.34938621340888,"score_距大型綠地":44.66477809254013,"綜合破碎化分數":42.0,"破碎化等級":"低","判定原因":"面積減少0.0%；斑塊增加0.0%；平均斑塊縮小0.2%；道路密度0.00 km/km²；孤立比例0.0%；距大型綠地0m","2021面積_ha":104.04,"2022面積_ha":103.05,"2023面積_ha":104.04}},{"type":"Feature","geometry":{"type":"Polygon","coordinates":[[[121.60226394005406,24.57645837276073],[121.60230711392457,24.58548675971834],[121.61218056210134,24.585446947886428],[121.61213668060078,24.576418577445633],[121.60226394005406,24.57645837276073]]]},"properties":{"grid_id":"G030_029","綠地類型":"森林","中心經度":121.607222,"中心緯度":24.580953,"分析面積_km2":1.04,"2020面積_ha":103.68,"2024面積_ha":104.04,"面積減少率_pct":0.0,"2020斑塊數":1,"2024斑塊數":1,"斑塊數增加率_pct":0.0,"2020平均斑塊面積_ha":172555.65,"2024平均斑塊面積_ha":172145.43,"平均斑塊面積下降率_pct":0.24,"道路切割密度_km_per_km2":0.0,"建成區邊界切割密度_km_per_km2":0.0,"孤立小斑塊比例_pct":0.0,"距大型連續綠地平均距離_m":0.0,"score_面積減少":36.827195467422094,"score_斑塊增加":46.81303116147309,"score_平均斑塊縮小":50.63739376770538,"score_道路建成區切割":27.47875354107649,"score_孤立比例":45.34938621340888,"score_距大型綠地":44.66477809254013,"綜合破碎化分數":42.0,"破碎化等級":"低","判定原因":"面積減少0.0%；斑塊增加0.0%；平均斑塊縮小0.2%；道路密度0.00 km/km²；孤立比例0.0%；距大型綠地0m","2021面積_ha":104.04,"2022面積_ha":103.5,"2023面積_ha":103.77}},{"type":"Feature","geometry":{"type":"Polygon","coordinates":[[[121.61213668060078,24.576418577445633],[121.61218056210134,24.585446947886428],[121.62205398886775,24.58540648882311],[121.62200939974386,24.57637813516764],[121.61213668060078,24.576418577445633]]]},"properties":{"grid_id":"G030_030","綠地類型":"森林","中心經度":121.617095,"中心緯度":24.580913,"分析面積_km2":1.04,"2020面積_ha":104.04,"2024面積_ha":104.04,"面積減少率_pct":0.0,"2020斑塊數":1,"2024斑塊數":1,"斑塊數增加率_pct":0.0,"2020平均斑塊面積_ha":172555.65,"2024平均斑塊面積_ha":172145.43,"平均斑塊面積下降率_pct":0.24,"道路切割密度_km_per_km2":0.0,"建成區邊界切割密度_km_per_km2":0.0,"孤立小斑塊比例_pct":0.0,"距大型連續綠地平均距離_m":0.0,"score_面積減少":36.827195467422094,"score_斑塊增加":46.81303116147309,"score_平均斑塊縮小":50.63739376770538,"score_道路建成區切割":27.47875354107649,"score_孤立比例":45.34938621340888,"score_距大型綠地":44.66477809254013,"綜合破碎化分數":42.0,"破碎化等級":"低","判定原因":"面積減少0.0%；斑塊增加0.0%；平均斑塊縮小0.2%；道路密度0.00 km/km²；孤立比例0.0%；距大型綠地0m","2021面積_ha":104.04,"2022面積_ha":104.04,"2023面積_ha":104.04}},{"type":"Feature","geometry":{"type":"Polygon","coordinates":[[[121.62200939974386,24.57637813516764],[121.62205398886775,24.58540648882311],[121.63192739387853,24.585365382533986],[121.63188209713816,24.57633704593234],[121.62200939974386,24.57637813516764]]]},"properties":{"grid_id":"G030_031","綠地類型":"森林","中心經度":121.626968,"中心緯度":24.580872,"分析面積_km2":1.04,"2020面積_ha":104.04,"2024面積_ha":104.04,"面積減少率_pct":0.0,"2020斑塊數":1,"2024斑塊數":1,"斑塊數增加率_pct":0.0,"2020平均斑塊面積_ha":172555.65,"2024平均斑塊面積_ha":172145.43,"平均斑塊面積下降率_pct":0.24,"道路切割密度_km_per_km2":0.0,"建成區邊界切割密度_km_per_km2":0.0,"孤立小斑塊比例_pct":0.0,"距大型連續綠地平均距離_m":0.0,"score_面積減少":36.827195467422094,"score_斑塊增加":46.81303116147309,"score_平均斑塊縮小":50.63739376770538,"score_道路建成區切割":27.47875354107649,"score_孤立比例":45.34938621340888,"score_距大型綠地":44.66477809254013,"綜合破碎化分數":42.0,"破碎化等級":"低","判定原因":"面積減少0.0%；斑塊增加0.0%；平均斑塊縮小0.2%；道路密度0.00 km/km²；孤立比例0.0%；距大型綠地0m","2021面積_ha":104.04,"2022面積_ha":104.04,"2023面積_ha":104.04}},{"type":"Feature","geometry":{"type":"Polygon","coordinates":[[[121.63188209713816,24.57633704593234],[121.63192739387853,24.585365382533986],[121.64180077678843,24.58532362902472],[121.6417547724386,24.576295309745404],[121.63188209713816,24.57633704593234]]]},"properties":{"grid_id":"G030_032","綠地類型":"森林","中心經度":121.636841,"中心緯度":24.58083,"分析面積_km2":1.04,"2020面積_ha":104.04,"2024面積_ha":104.04,"面積減少率_pct":0.0,"2020斑塊數":1,"2024斑塊數":1,"斑塊數增加率_pct":0.0,"2020平均斑塊面積_ha":172555.65,"2024平均斑塊面積_ha":172145.43,"平均斑塊面積下降率_pct":0.24,"道路切割密度_km_per_km2":0.0,"建成區邊界切割密度_km_per_km2":0.0,"孤立小斑塊比例_pct":0.0,"距大型連續綠地平均距離_m":0.0,"score_面積減少":36.827195467422094,"score_斑塊增加":46.81303116147309,"score_平均斑塊縮小":50.63739376770538,"score_道路建成區切割":27.47875354107649,"score_孤立比例":45.34938621340888,"score_距大型綠地":44.66477809254013,"綜合破碎化分數":42.0,"破碎化等級":"低","判定原因":"面積減少0.0%；斑塊增加0.0%；平均斑塊縮小0.2%；道路密度0.00 km/km²；孤立比例0.0%；距大型綠地0m","2021面積_ha":104.04,"2022面積_ha":104.04,"2023面積_ha":104.04}},{"type":"Feature","geometry":{"type":"Polygon","coordinates":[[[121.6417547724386,24.576295309745404],[121.64180077678843,24.58532362902472],[121.65167413725226,24.58528122830108],[121.65162742529999,24.576252926612593],[121.6417547724386,24.576295309745404]]]},"properties":{"grid_id":"G030_033","綠地類型":"森林","中心經度":121.646714,"中心緯度":24.580788,"分析面積_km2":1.04,"2020面積_ha":104.04,"2024面積_ha":104.04,"面積減少率_pct":0.0,"2020斑塊數":1,"2024斑塊數":1,"斑塊數增加率_pct":0.0,"2020平均斑塊面積_ha":172555.65,"2024平均斑塊面積_ha":172145.43,"平均斑塊面積下降率_pct":0.24,"道路切割密度_km_per_km2":0.0,"建成區邊界切割密度_km_per_km2":0.0,"孤立小斑塊比例_pct":0.0,"距大型連續綠地平均距離_m":0.0,"score_面積減少":36.827195467422094,"score_斑塊增加":46.81303116147309,"score_平均斑塊縮小":50.63739376770538,"score_道路建成區切割":27.47875354107649,"score_孤立比例":45.34938621340888,"score_距大型綠地":44.66477809254013,"綜合破碎化分數":42.0,"破碎化等級":"低","判定原因":"面積減少0.0%；斑塊增加0.0%；平均斑塊縮小0.2%；道路密度0.00 km/km²；孤立比例0.0%；距大型綠地0m","2021面積_ha":104.04,"2022面積_ha":104.04,"2023面積_ha":104.04}},{"type":"Feature","geometry":{"type":"Polygon","coordinates":[[[121.65162742529999,24.576252926612593],[121.65167413725226,24.58528122830108],[121.66154747492477,24.585238180368922],[121.66150005537729,24.57620989653976],[121.65162742529999,24.576252926612593]]]},"properties":{"grid_id":"G030_034","綠地類型":"森林","中心經度":121.656587,"中心緯度":24.580746,"分析面積_km2":1.04,"2020面積_ha":104.04,"2024面積_ha":104.04,"面積減少率_pct":0.0,"2020斑塊數":1,"2024斑塊數":1,"斑塊數增加率_pct":0.0,"2020平均斑塊面積_ha":172555.65,"2024平均斑塊面積_ha":172145.43,"平均斑塊面積下降率_pct":0.24,"道路切割密度_km_per_km2":0.634,"建成區邊界切割密度_km_per_km2":0.0,"孤立小斑塊比例_pct":0.0,"距大型連續綠地平均距離_m":0.0,"score_面積減少":36.827195467422094,"score_斑塊增加":46.81303116147309,"score_平均斑塊縮小":50.63739376770538,"score_道路建成區切割":39.78989612842304,"score_孤立比例":45.34938621340888,"score_距大型綠地":44.66477809254013,"綜合破碎化分數":44.0,"破碎化等級":"低","判定原因":"面積減少0.0%；斑塊增加0.0%；平均斑塊縮小0.2%；道路密度0.63 km/km²；孤立比例0.0%；距大型綠地0m","2021面積_ha":104.04,"2022面積_ha":104.04,"2023面積_ha":104.04}},{"type":"Feature","geometry":{"type":"Polygon","coordinates":[[[121.71086285192324,24.57598504228628],[121.71091380933541,24.585013232791482],[121.72078700301073,24.584966301736145],[121.72073533804868,24.57593813070119],[121.71086285192324,24.57598504228628]]]},"properties":{"grid_id":"G030_040","綠地類型":"森林","中心經度":121.715825,"中心緯度":24.580476,"分析面積_km2":1.04,"2020面積_ha":104.04,"2024面積_ha":104.04,"面積減少率_pct":0.0,"2020斑塊數":1,"2024斑塊數":1,"斑塊數增加率_pct":0.0,"2020平均斑塊面積_ha":172555.65,"2024平均斑塊面積_ha":172145.43,"平均斑塊面積下降率_pct":0.24,"道路切割密度_km_per_km2":0.087,"建成區邊界切割密度_km_per_km2":0.0,"孤立小斑塊比例_pct":0.0,"距大型連續綠地平均距離_m":0.0,"score_面積減少":36.827195467422094,"score_斑塊增加":46.81303116147309,"score_平均斑塊縮小":50.63739376770538,"score_道路建成區切割":36.36685552407933,"score_孤立比例":45.34938621340888,"score_距大型綠地":44.66477809254013,"綜合破碎化分數":43.4,"破碎化等級":"低","判定原因":"面積減少0.0%；斑塊增加0.0%；平均斑塊縮小0.2%；道路密度0.09 km/km²；孤立比例0.0%；距大型綠地0m","2021面積_ha":104.04,"2022面積_ha":104.04,"2023面積_ha":104.04}},{"type":"Feature","geometry":{"type":"Polygon","coordinates":[[[121.72073533804868,24.57593813070119],[121.72078700301073,24.584966301736145],[121.7306601714783,24.58491872351577],[121.73060779897433,24.575890572219528],[121.72073533804868,24.57593813070119]]]},"properties":{"grid_id":"G030_041","綠地類型":"森林","中心經度":121.725698,"中心緯度":24.580429,"分析面積_km2":1.04,"2020面積_ha":104.04,"2024面積_ha":104.04,"面積減少率_pct":0.0,"2020斑塊數":1,"2024斑塊數":1,"斑塊數增加率_pct":0.0,"2020平均斑塊面積_ha":172555.65,"2024平均斑塊面積_ha":172145.43,"平均斑塊面積下降率_pct":0.24,"道路切割密度_km_per_km2":0.0,"建成區邊界切割密度_km_per_km2":0.0,"孤立小斑塊比例_pct":0.0,"距大型連續綠地平均距離_m":0.0,"score_面積減少":36.827195467422094,"score_斑塊增加":46.81303116147309,"score_平均斑塊縮小":50.63739376770538,"score_道路建成區切割":27.47875354107649,"score_孤立比例":45.34938621340888,"score_距大型綠地":44.66477809254013,"綜合破碎化分數":42.0,"破碎化等級":"低","判定原因":"面積減少0.0%；斑塊增加0.0%；平均斑塊縮小0.2%；道路密度0.00 km/km²；孤立比例0.0%；距大型綠地0m","2021面積_ha":104.04,"2022面積_ha":104.04,"2023面積_ha":104.04}},{"type":"Feature","geometry":{"type":"Polygon","coordinates":[[[121.75035264384604,24.575793514592856],[121.75040643140962,24.58482162560627],[121.76027952218297,24.584772105930547],[121.76022502710195,24.57574401546125],[121.75035264384604,24.575793514592856]]]},"properties":{"grid_id":"G030_044","綠地類型":"森林","中心經度":121.755316,"中心緯度":24.580283,"分析面積_km2":1.04,"2020面積_ha":104.04,"2024面積_ha":104.04,"面積減少率_pct":0.0,"2020斑塊數":1,"2024斑塊數":1,"斑塊數增加率_pct":0.0,"2020平均斑塊面積_ha":172555.65,"2024平均斑塊面積_ha":172145.43,"平均斑塊面積下降率_pct":0.24,"道路切割密度_km_per_km2":0.0,"建成區邊界切割密度_km_per_km2":0.0,"孤立小斑塊比例_pct":0.0,"距大型連續綠地平均距離_m":0.0,"score_面積減少":36.827195467422094,"score_斑塊增加":46.81303116147309,"score_平均斑塊縮小":50.63739376770538,"score_道路建成區切割":27.47875354107649,"score_孤立比例":45.34938621340888,"score_距大型綠地":44.66477809254013,"綜合破碎化分數":42.0,"破碎化等級":"低","判定原因":"面積減少0.0%；斑塊增加0.0%；平均斑塊縮小0.2%；道路密度0.00 km/km²；孤立比例0.0%；距大型綠地0m","2021面積_ha":104.04,"2022面積_ha":104.04,"2023面積_ha":104.04}},{"type":"Feature","geometry":{"type":"Polygon","coordinates":[[[121.76022502710195,24.57574401546125],[121.76027952218297,24.584772105930547],[121.7701525863679,24.5847219391166],[121.77009738377782,24.57569386945988],[121.76022502710195,24.57574401546125]]]},"properties":{"grid_id":"G030_045","綠地類型":"森林","中心經度":121.765189,"中心緯度":24.580233,"分析面積_km2":1.04,"2020面積_ha":104.04,"2024面積_ha":104.04,"面積減少率_pct":0.0,"2020斑塊數":1,"2024斑塊數":1,"斑塊數增加率_pct":0.0,"2020平均斑塊面積_ha":172555.65,"2024平均斑塊面積_ha":172145.43,"平均斑塊面積下降率_pct":0.24,"道路切割密度_km_per_km2":0.0,"建成區邊界切割密度_km_per_km2":0.0,"孤立小斑塊比例_pct":0.0,"距大型連續綠地平均距離_m":0.0,"score_面積減少":36.827195467422094,"score_斑塊增加":46.81303116147309,"score_平均斑塊縮小":50.63739376770538,"score_道路建成區切割":27.47875354107649,"score_孤立比例":45.34938621340888,"score_距大型綠地":44.66477809254013,"綜合破碎化分數":42.0,"破碎化等級":"低","判定原因":"面積減少0.0%；斑塊增加0.0%；平均斑塊縮小0.2%；道路密度0.00 km/km²；孤立比例0.0%；距大型綠地0m","2021面積_ha":104.04,"2022面積_ha":104.04,"2023面積_ha":104.04}},{"type":"Feature","geometry":{"type":"Polygon","coordinates":[[[121.77009738377782,24.57569386945988],[121.7701525863679,24.5847219391166],[121.78002562361928,24.58467112517135],[121.7799697135286,24.57564307659566],[121.77009738377782,24.57569386945988]]]},"properties":{"grid_id":"G030_046","綠地類型":"森林","中心經度":121.775061,"中心緯度":24.580183,"分析面積_km2":1.04,"2020面積_ha":104.04,"2024面積_ha":104.04,"面積減少率_pct":0.0,"2020斑塊數":1,"2024斑塊數":1,"斑塊數增加率_pct":0.0,"2020平均斑塊面積_ha":172555.65,"2024平均斑塊面積_ha":172145.43,"平均斑塊面積下降率_pct":0.24,"道路切割密度_km_per_km2":0.0,"建成區邊界切割密度_km_per_km2":0.0,"孤立小斑塊比例_pct":0.0,"距大型連續綠地平均距離_m":0.0,"score_面積減少":36.827195467422094,"score_斑塊增加":46.81303116147309,"score_平均斑塊縮小":50.63739376770538,"score_道路建成區切割":27.47875354107649,"score_孤立比例":45.34938621340888,"score_距大型綠地":44.66477809254013,"綜合破碎化分數":42.0,"破碎化等級":"低","判定原因":"面積減少0.0%；斑塊增加0.0%；平均斑塊縮小0.2%；道路密度0.00 km/km²；孤立比例0.0%；距大型綠地0m","2021面積_ha":104.04,"2022面積_ha":104.04,"2023面積_ha":104.04}},{"type":"Feature","geometry":{"type":"Polygon","coordinates":[[[121.7799697135286,24.57564307659566],[121.78002562361928,24.58467112517135],[121.7898986335919,24.58461966410181],[121.78984201600923,24.575591636875604],[121.7799697135286,24.57564307659566]]]},"properties":{"grid_id":"G030_047","綠地類型":"森林","中心經度":121.784934,"中心緯度":24.580131,"分析面積_km2":1.04,"2020面積_ha":104.04,"2024面積_ha":104.04,"面積減少率_pct":0.0,"2020斑塊數":1,"2024斑塊數":1,"斑塊數增加率_pct":0.0,"2020平均斑塊面積_ha":172555.65,"2024平均斑塊面積_ha":172145.43,"平均斑塊面積下降率_pct":0.24,"道路切割密度_km_per_km2":0.0,"建成區邊界切割密度_km_per_km2":0.0,"孤立小斑塊比例_pct":0.0,"距大型連續綠地平均距離_m":0.0,"score_面積減少":36.827195467422094,"score_斑塊增加":46.81303116147309,"score_平均斑塊縮小":50.63739376770538,"score_道路建成區切割":27.47875354107649,"score_孤立比例":45.34938621340888,"score_距大型綠地":44.66477809254013,"綜合破碎化分數":42.0,"破碎化等級":"低","判定原因":"面積減少0.0%；斑塊增加0.0%；平均斑塊縮小0.2%；道路密度0.00 km/km²；孤立比例0.0%；距大型綠地0m","2021面積_ha":104.04,"2022面積_ha":104.04,"2023面積_ha":104.04}},{"type":"Feature","geometry":{"type":"Polygon","coordinates":[[[121.78984201600923,24.575591636875604],[121.7898986335919,24.58461966410181],[121.79977161594064,24.584567555915097],[121.7997142908747,24.57553955030683],[121.78984201600923,24.575591636875604]]]},"properties":{"grid_id":"G030_048","綠地類型":"森林","中心經度":121.794807,"中心緯度":24.58008,"分析面積_km2":1.04,"2020面積_ha":104.04,"2024面積_ha":104.04,"面積減少率_pct":0.0,"2020斑塊數":1,"2024斑塊數":1,"斑塊數增加率_pct":0.0,"2020平均斑塊面積_ha":172555.65,"2024平均斑塊面積_ha":172145.43,"平均斑塊面積下降率_pct":0.24,"道路切割密度_km_per_km2":0.0,"建成區邊界切割密度_km_per_km2":0.0,"孤立小斑塊比例_pct":0.0,"距大型連續綠地平均距離_m":0.0,"score_面積減少":36.827195467422094,"score_斑塊增加":46.81303116147309,"score_平均斑塊縮小":50.63739376770538,"score_道路建成區切割":27.47875354107649,"score_孤立比例":45.34938621340888,"score_距大型綠地":44.66477809254013,"綜合破碎化分數":42.0,"破碎化等級":"低","判定原因":"面積減少0.0%；斑塊增加0.0%；平均斑塊縮小0.2%；道路密度0.00 km/km²；孤立比例0.0%；距大型綠地0m","2021面積_ha":104.04,"2022面積_ha":104.04,"2023面積_ha":104.04}},{"type":"Feature","geometry":{"type":"Polygon","coordinates":[[[121.80958653777994,24.575486816896504],[121.80964457032037,24.58451480061839],[121.81951749638591,24.58446139821898],[121.81945875637992,24.575433436651913],[121.80958653777994,24.575486816896504]]]},"properties":{"grid_id":"G030_050","綠地類型":"森林","中心經度":121.814552,"中心緯度":24.579974,"分析面積_km2":1.04,"2020面積_ha":104.04,"2024面積_ha":104.04,"面積減少率_pct":0.0,"2020斑塊數":1,"2024斑塊數":1,"斑塊數增加率_pct":0.0,"2020平均斑塊面積_ha":172555.65,"2024平均斑塊面積_ha":172145.43,"平均斑塊面積下降率_pct":0.24,"道路切割密度_km_per_km2":0.346,"建成區邊界切割密度_km_per_km2":0.0,"孤立小斑塊比例_pct":0.0,"距大型連續綠地平均距離_m":0.0,"score_面積減少":36.827195467422094,"score_斑塊增加":46.81303116147309,"score_平均斑塊縮小":50.63739376770538,"score_道路建成區切割":38.03116147308782,"score_孤立比例":45.34938621340888,"score_距大型綠地":44.66477809254013,"綜合破碎化分數":43.7,"破碎化等級":"低","判定原因":"面積減少0.0%；斑塊增加0.0%；平均斑塊縮小0.2%；道路密度0.35 km/km²；孤立比例0.0%；距大型綠地0m","2021面積_ha":104.04,"2022面積_ha":104.04,"2023面積_ha":104.04}},{"type":"Feature","geometry":{"type":"Polygon","coordinates":[[[121.47395049637082,24.58594541309661],[121.4739844870628,24.594973979470776],[121.48385889020946,24.59494256908697],[121.48382419146431,24.5859140157406],[121.47395049637082,24.58594541309661]]]},"properties":{"grid_id":"G031_016","綠地類型":"森林","中心經度":121.478905,"中心緯度":24.590444,"分析面積_km2":1.04,"2020面積_ha":104.04,"2024面積_ha":104.04,"面積減少率_pct":0.0,"2020斑塊數":1,"2024斑塊數":1,"斑塊數增加率_pct":0.0,"2020平均斑塊面積_ha":172555.65,"2024平均斑塊面積_ha":172145.43,"平均斑塊面積下降率_pct":0.24,"道路切割密度_km_per_km2":0.0,"建成區邊界切割密度_km_per_km2":0.0,"孤立小斑塊比例_pct":0.0,"距大型連續綠地平均距離_m":0.0,"score_面積減少":36.827195467422094,"score_斑塊增加":46.81303116147309,"score_平均斑塊縮小":50.63739376770538,"score_道路建成區切割":27.47875354107649,"score_孤立比例":45.34938621340888,"score_距大型綠地":44.66477809254013,"綜合破碎化分數":42.0,"破碎化等級":"低","判定原因":"面積減少0.0%；斑塊增加0.0%；平均斑塊縮小0.2%；道路密度0.00 km/km²；孤立比例0.0%；距大型綠地0m","2021面積_ha":104.04,"2022面積_ha":104.04,"2023面積_ha":104.04}},{"type":"Feature","geometry":{"type":"Polygon","coordinates":[[[121.48382419146431,24.5859140157406],[121.48385889020946,24.59494256908697],[121.49373327642883,24.5949105111387],[121.49369786963588,24.585881971088703],[121.48382419146431,24.5859140157406]]]},"properties":{"grid_id":"G031_017","綠地類型":"森林","中心經度":121.488779,"中心緯度":24.590412,"分析面積_km2":1.04,"2020面積_ha":104.04,"2024面積_ha":104.04,"面積減少率_pct":0.0,"2020斑塊數":1,"2024斑塊數":1,"斑塊數增加率_pct":0.0,"2020平均斑塊面積_ha":172555.65,"2024平均斑塊面積_ha":172145.43,"平均斑塊面積下降率_pct":0.24,"道路切割密度_km_per_km2":0.0,"建成區邊界切割密度_km_per_km2":0.0,"孤立小斑塊比例_pct":0.0,"距大型連續綠地平均距離_m":0.0,"score_面積減少":36.827195467422094,"score_斑塊增加":46.81303116147309,"score_平均斑塊縮小":50.63739376770538,"score_道路建成區切割":27.47875354107649,"score_孤立比例":45.34938621340888,"score_距大型綠地":44.66477809254013,"綜合破碎化分數":42.0,"破碎化等級":"低","判定原因":"面積減少0.0%；斑塊增加0.0%；平均斑塊縮小0.2%；道路密度0.00 km/km²；孤立比例0.0%；距大型綠地0m","2021面積_ha":104.04,"2022面積_ha":104.04,"2023面積_ha":104.04}},{"type":"Feature","geometry":{"type":"Polygon","coordinates":[[[121.49369786963588,24.585881971088703],[121.49373327642883,24.5949105111387],[121.50360764537552,24.594877805630393],[121.50357153054019,24.585849279145332],[121.49369786963588,24.585881971088703]]]},"properties":{"grid_id":"G031_018","綠地類型":"森林","中心經度":121.498653,"中心緯度":24.59038,"分析面積_km2":1.04,"2020面積_ha":102.33,"2024面積_ha":102.42,"面積減少率_pct":0.0,"2020斑塊數":1,"2024斑塊數":1,"斑塊數增加率_pct":0.0,"2020平均斑塊面積_ha":172555.65,"2024平均斑塊面積_ha":172145.43,"平均斑塊面積下降率_pct":0.24,"道路切割密度_km_per_km2":0.606,"建成區邊界切割密度_km_per_km2":0.0,"孤立小斑塊比例_pct":0.0,"距大型連續綠地平均距離_m":0.0,"score_面積減少":36.827195467422094,"score_斑塊增加":46.81303116147309,"score_平均斑塊縮小":50.63739376770538,"score_道路建成區切割":39.612842304060436,"score_孤立比例":45.34938621340888,"score_距大型綠地":44.66477809254013,"綜合破碎化分數":44.0,"破碎化等級":"低","判定原因":"面積減少0.0%；斑塊增加0.0%；平均斑塊縮小0.2%；道路密度0.61 km/km²；孤立比例0.0%；距大型綠地0m","2021面積_ha":102.51,"2022面積_ha":102.42,"2023面積_ha":102.42}},{"type":"Feature","geometry":{"type":"Polygon","coordinates":[[[121.54306599457942,24.585712038548824],[121.54310494152763,24.594740508088385],[121.55297921893006,24.594704564849394],[121.55293956396837,24.585676110217626],[121.54306599457942,24.585712038548824]]]},"properties":{"grid_id":"G031_023","綠地類型":"森林","中心經度":121.548022,"中心緯度":24.590208,"分析面積_km2":1.04,"2020面積_ha":104.04,"2024面積_ha":104.04,"面積減少率_pct":0.0,"2020斑塊數":1,"2024斑塊數":1,"斑塊數增加率_pct":0.0,"2020平均斑塊面積_ha":172555.65,"2024平均斑塊面積_ha":172145.43,"平均斑塊面積下降率_pct":0.24,"道路切割密度_km_per_km2":0.0,"建成區邊界切割密度_km_per_km2":0.0,"孤立小斑塊比例_pct":0.0,"距大型連續綠地平均距離_m":0.0,"score_面積減少":36.827195467422094,"score_斑塊增加":46.81303116147309,"score_平均斑塊縮小":50.63739376770538,"score_道路建成區切割":27.47875354107649,"score_孤立比例":45.34938621340888,"score_距大型綠地":44.66477809254013,"綜合破碎化分數":42.0,"破碎化等級":"低","判定原因":"面積減少0.0%；斑塊增加0.0%；平均斑塊縮小0.2%；道路密度0.00 km/km²；孤立比例0.0%；距大型綠地0m","2021面積_ha":104.04,"2022面積_ha":104.04,"2023面積_ha":104.04}},{"type":"Feature","geometry":{"type":"Polygon","coordinates":[[[121.55293956396837,24.585676110217626],[121.55297921893006,24.594704564849394],[121.56285347698754,24.5946679740788],[121.56281311401841,24.585639534623386],[121.55293956396837,24.585676110217626]]]},"properties":{"grid_id":"G031_024","綠地類型":"森林","中心經度":121.557896,"中心緯度":24.590172,"分析面積_km2":1.04,"2020面積_ha":104.04,"2024面積_ha":104.04,"面積減少率_pct":0.0,"2020斑塊數":1,"2024斑塊數":1,"斑塊數增加率_pct":0.0,"2020平均斑塊面積_ha":172555.65,"2024平均斑塊面積_ha":172145.43,"平均斑塊面積下降率_pct":0.24,"道路切割密度_km_per_km2":0.0,"建成區邊界切割密度_km_per_km2":0.0,"孤立小斑塊比例_pct":0.0,"距大型連續綠地平均距離_m":0.0,"score_面積減少":36.827195467422094,"score_斑塊增加":46.81303116147309,"score_平均斑塊縮小":50.63739376770538,"score_道路建成區切割":27.47875354107649,"score_孤立比例":45.34938621340888,"score_距大型綠地":44.66477809254013,"綜合破碎化分數":42.0,"破碎化等級":"低","判定原因":"面積減少0.0%；斑塊增加0.0%；平均斑塊縮小0.2%；道路密度0.00 km/km²；孤立比例0.0%；距大型綠地0m","2021面積_ha":104.04,"2022面積_ha":104.04,"2023面積_ha":104.04}},{"type":"Feature","geometry":{"type":"Polygon","coordinates":[[[121.56281311401841,24.585639534623386],[121.56285347698754,24.5946679740788],[121.57272771535465,24.594630735781656],[121.5726866443843,24.585602311771147],[121.56281311401841,24.585639534623386]]]},"properties":{"grid_id":"G031_025","綠地類型":"森林","中心經度":121.56777,"中心緯度":24.590135,"分析面積_km2":1.04,"2020面積_ha":104.04,"2024面積_ha":104.04,"面積減少率_pct":0.0,"2020斑塊數":1,"2024斑塊數":1,"斑塊數增加率_pct":0.0,"2020平均斑塊面積_ha":172555.65,"2024平均斑塊面積_ha":172145.43,"平均斑塊面積下降率_pct":0.24,"道路切割密度_km_per_km2":0.0,"建成區邊界切割密度_km_per_km2":0.0,"孤立小斑塊比例_pct":0.0,"距大型連續綠地平均距離_m":0.0,"score_面積減少":36.827195467422094,"score_斑塊增加":46.81303116147309,"score_平均斑塊縮小":50.63739376770538,"score_道路建成區切割":27.47875354107649,"score_孤立比例":45.34938621340888,"score_距大型綠地":44.66477809254013,"綜合破碎化分數":42.0,"破碎化等級":"低","判定原因":"面積減少0.0%；斑塊增加0.0%；平均斑塊縮小0.2%；道路密度0.00 km/km²；孤立比例0.0%；距大型綠地0m","2021面積_ha":104.04,"2022面積_ha":104.04,"2023面積_ha":104.04}},{"type":"Feature","geometry":{"type":"Polygon","coordinates":[[[121.5726866443843,24.585602311771147],[121.57272771535465,24.594630735781656],[121.58260193368605,24.594592849963107],[121.5825601547208,24.58556444166606],[121.5726866443843,24.585602311771147]]]},"properties":{"grid_id":"G031_026","綠地類型":"森林","中心經度":121.577644,"中心緯度":24.590098,"分析面積_km2":1.04,"2020面積_ha":104.04,"2024面積_ha":104.04,"面積減少率_pct":0.0,"2020斑塊數":1,"2024斑塊數":1,"斑塊數增加率_pct":0.0,"2020平均斑塊面積_ha":172555.65,"2024平均斑塊面積_ha":172145.43,"平均斑塊面積下降率_pct":0.24,"道路切割密度_km_per_km2":0.0,"建成區邊界切割密度_km_per_km2":0.0,"孤立小斑塊比例_pct":0.0,"距大型連續綠地平均距離_m":0.0,"score_面積減少":36.827195467422094,"score_斑塊增加":46.81303116147309,"score_平均斑塊縮小":50.63739376770538,"score_道路建成區切割":27.47875354107649,"score_孤立比例":45.34938621340888,"score_距大型綠地":44.66477809254013,"綜合破碎化分數":42.0,"破碎化等級":"低","判定原因":"面積減少0.0%；斑塊增加0.0%；平均斑塊縮小0.2%；道路密度0.00 km/km²；孤立比例0.0%；距大型綠地0m","2021面積_ha":103.86,"2022面積_ha":104.04,"2023面積_ha":104.04}},{"type":"Feature","geometry":{"type":"Polygon","coordinates":[[[121.5825601547208,24.58556444166606],[121.58260193368605,24.594592849963107],[121.59247613163635,24.59455431662838],[121.59243364468263,24.58552592431335],[121.5825601547208,24.58556444166606]]]},"properties":{"grid_id":"G031_027","綠地類型":"森林","中心經度":121.587518,"中心緯度":24.590059,"分析面積_km2":1.04,"2020面積_ha":104.04,"2024面積_ha":104.04,"面積減少率_pct":0.0,"2020斑塊數":1,"2024斑塊數":1,"斑塊數增加率_pct":0.0,"2020平均斑塊面積_ha":172555.65,"2024平均斑塊面積_ha":172145.43,"平均斑塊面積下降率_pct":0.24,"道路切割密度_km_per_km2":0.0,"建成區邊界切割密度_km_per_km2":0.0,"孤立小斑塊比例_pct":0.0,"距大型連續綠地平均距離_m":0.0,"score_面積減少":36.827195467422094,"score_斑塊增加":46.81303116147309,"score_平均斑塊縮小":50.63739376770538,"score_道路建成區切割":27.47875354107649,"score_孤立比例":45.34938621340888,"score_距大型綠地":44.66477809254013,"綜合破碎化分數":42.0,"破碎化等級":"低","判定原因":"面積減少0.0%；斑塊增加0.0%；平均斑塊縮小0.2%；道路密度0.00 km/km²；孤立比例0.0%；距大型綠地0m","2021面積_ha":104.04,"2022面積_ha":104.04,"2023面積_ha":104.04}},{"type":"Feature","geometry":{"type":"Polygon","coordinates":[[[121.59243364468263,24.58552592431335],[121.59247613163635,24.59455431662838],[121.60235030886022,24.5945151357828],[121.60230711392457,24.58548675971834],[121.59243364468263,24.58552592431335]]]},"properties":{"grid_id":"G031_028","綠地類型":"森林","中心經度":121.597392,"中心緯度":24.590021,"分析面積_km2":1.04,"2020面積_ha":104.04,"2024面積_ha":104.04,"面積減少率_pct":0.0,"2020斑塊數":1,"2024斑塊數":1,"斑塊數增加率_pct":0.0,"2020平均斑塊面積_ha":172555.65,"2024平均斑塊面積_ha":172145.43,"平均斑塊面積下降率_pct":0.24,"道路切割密度_km_per_km2":0.0,"建成區邊界切割密度_km_per_km2":0.0,"孤立小斑塊比例_pct":0.0,"距大型連續綠地平均距離_m":0.0,"score_面積減少":36.827195467422094,"score_斑塊增加":46.81303116147309,"score_平均斑塊縮小":50.63739376770538,"score_道路建成區切割":27.47875354107649,"score_孤立比例":45.34938621340888,"score_距大型綠地":44.66477809254013,"綜合破碎化分數":42.0,"破碎化等級":"低","判定原因":"面積減少0.0%；斑塊增加0.0%；平均斑塊縮小0.2%；道路密度0.00 km/km²；孤立比例0.0%；距大型綠地0m","2021面積_ha":104.04,"2022面積_ha":104.04,"2023面積_ha":104.04}},{"type":"Feature","geometry":{"type":"Polygon","coordinates":[[[121.61218056210134,24.585446947886428],[121.61222446501229,24.594475307431768],[121.62209859974725,24.5944348315808],[121.62205398886775,24.58540648882311],[121.61218056210134,24.585446947886428]]]},"properties":{"grid_id":"G031_030","綠地類型":"森林","中心經度":121.617139,"中心緯度":24.589941,"分析面積_km2":1.04,"2020面積_ha":104.04,"2024面積_ha":104.04,"面積減少率_pct":0.0,"2020斑塊數":1,"2024斑塊數":1,"斑塊數增加率_pct":0.0,"2020平均斑塊面積_ha":172555.65,"2024平均斑塊面積_ha":172145.43,"平均斑塊面積下降率_pct":0.24,"道路切割密度_km_per_km2":0.0,"建成區邊界切割密度_km_per_km2":0.0,"孤立小斑塊比例_pct":0.0,"距大型連續綠地平均距離_m":0.0,"score_面積減少":36.827195467422094,"score_斑塊增加":46.81303116147309,"score_平均斑塊縮小":50.63739376770538,"score_道路建成區切割":27.47875354107649,"score_孤立比例":45.34938621340888,"score_距大型綠地":44.66477809254013,"綜合破碎化分數":42.0,"破碎化等級":"低","判定原因":"面積減少0.0%；斑塊增加0.0%；平均斑塊縮小0.2%；道路密度0.00 km/km²；孤立比例0.0%；距大型綠地0m","2021面積_ha":104.04,"2022面積_ha":104.04,"2023面積_ha":104.04}},{"type":"Feature","geometry":{"type":"Polygon","coordinates":[[[121.62205398886775,24.58540648882311],[121.62209859974725,24.5944348315808],[121.63197271271972,24.594393708235465],[121.63192739387853,24.585365382533986],[121.62205398886775,24.58540648882311]]]},"properties":{"grid_id":"G031_031","綠地類型":"森林","中心經度":121.627013,"中心緯度":24.5899,"分析面積_km2":1.04,"2020面積_ha":104.04,"2024面積_ha":104.04,"面積減少率_pct":0.0,"2020斑塊數":1,"2024斑塊數":1,"斑塊數增加率_pct":0.0,"2020平均斑塊面積_ha":172555.65,"2024平均斑塊面積_ha":172145.43,"平均斑塊面積下降率_pct":0.24,"道路切割密度_km_per_km2":0.0,"建成區邊界切割密度_km_per_km2":0.0,"孤立小斑塊比例_pct":0.0,"距大型連續綠地平均距離_m":0.0,"score_面積減少":36.827195467422094,"score_斑塊增加":46.81303116147309,"score_平均斑塊縮小":50.63739376770538,"score_道路建成區切割":27.47875354107649,"score_孤立比例":45.34938621340888,"score_距大型綠地":44.66477809254013,"綜合破碎化分數":42.0,"破碎化等級":"低","判定原因":"面積減少0.0%；斑塊增加0.0%；平均斑塊縮小0.2%；道路密度0.00 km/km²；孤立比例0.0%；距大型綠地0m","2021面積_ha":104.04,"2022面積_ha":104.04,"2023面積_ha":104.04}},{"type":"Feature","geometry":{"type":"Polygon","coordinates":[[[121.63192739387853,24.585365382533986],[121.63197271271972,24.594393708235465],[121.64184680358433,24.594351937401456],[121.64180077678843,24.58532362902472],[121.63192739387853,24.585365382533986]]]},"properties":{"grid_id":"G031_032","綠地類型":"森林","中心經度":121.636887,"中心緯度":24.589859,"分析面積_km2":1.04,"2020面積_ha":104.04,"2024面積_ha":104.04,"面積減少率_pct":0.0,"2020斑塊數":1,"2024斑塊數":1,"斑塊數增加率_pct":0.0,"2020平均斑塊面積_ha":172555.65,"2024平均斑塊面積_ha":172145.43,"平均斑塊面積下降率_pct":0.24,"道路切割密度_km_per_km2":0.0,"建成區邊界切割密度_km_per_km2":0.0,"孤立小斑塊比例_pct":0.0,"距大型連續綠地平均距離_m":0.0,"score_面積減少":36.827195467422094,"score_斑塊增加":46.81303116147309,"score_平均斑塊縮小":50.63739376770538,"score_道路建成區切割":27.47875354107649,"score_孤立比例":45.34938621340888,"score_距大型綠地":44.66477809254013,"綜合破碎化分數":42.0,"破碎化等級":"低","判定原因":"面積減少0.0%；斑塊增加0.0%；平均斑塊縮小0.2%；道路密度0.00 km/km²；孤立比例0.0%；距大型綠地0m","2021面積_ha":104.04,"2022面積_ha":104.04,"2023面積_ha":104.04}},{"type":"Feature","geometry":{"type":"Polygon","coordinates":[[[121.64180077678843,24.58532362902472],[121.64184680358433,24.594351937401456],[121.6517208719958,24.59430951908454],[121.65167413725226,24.58528122830108],[121.64180077678843,24.58532362902472]]]},"properties":{"grid_id":"G031_033","綠地類型":"森林","中心經度":121.646761,"中心緯度":24.589817,"分析面積_km2":1.04,"2020面積_ha":104.04,"2024面積_ha":104.04,"面積減少率_pct":0.0,"2020斑塊數":1,"2024斑塊數":1,"斑塊數增加率_pct":0.0,"2020平均斑塊面積_ha":172555.65,"2024平均斑塊面積_ha":172145.43,"平均斑塊面積下降率_pct":0.24,"道路切割密度_km_per_km2":0.0,"建成區邊界切割密度_km_per_km2":0.0,"孤立小斑塊比例_pct":0.0,"距大型連續綠地平均距離_m":0.0,"score_面積減少":36.827195467422094,"score_斑塊增加":46.81303116147309,"score_平均斑塊縮小":50.63739376770538,"score_道路建成區切割":27.47875354107649,"score_孤立比例":45.34938621340888,"score_距大型綠地":44.66477809254013,"綜合破碎化分數":42.0,"破碎化等級":"低","判定原因":"面積減少0.0%；斑塊增加0.0%；平均斑塊縮小0.2%；道路密度0.00 km/km²；孤立比例0.0%；距大型綠地0m","2021面積_ha":104.04,"2022面積_ha":104.04,"2023面積_ha":104.04}},{"type":"Feature","geometry":{"type":"Polygon","coordinates":[[[121.72078700301073,24.584966301736145],[121.72083869318048,24.593994461847878],[121.73071256953519,24.593946863886043],[121.7306601714783,24.58491872351577],[121.72078700301073,24.584966301736145]]]},"properties":{"grid_id":"G031_041","綠地類型":"森林","中心經度":121.72575,"中心緯度":24.589457,"分析面積_km2":1.04,"2020面積_ha":99.81,"2024面積_ha":101.61,"面積減少率_pct":0.0,"2020斑塊數":1,"2024斑塊數":1,"斑塊數增加率_pct":0.0,"2020平均斑塊面積_ha":172555.65,"2024平均斑塊面積_ha":172145.43,"平均斑塊面積下降率_pct":0.24,"道路切割密度_km_per_km2":0.0,"建成區邊界切割密度_km_per_km2":0.0,"孤立小斑塊比例_pct":0.0,"距大型連續綠地平均距離_m":0.0,"score_面積減少":36.827195467422094,"score_斑塊增加":46.81303116147309,"score_平均斑塊縮小":50.63739376770538,"score_道路建成區切割":27.47875354107649,"score_孤立比例":45.34938621340888,"score_距大型綠地":44.66477809254013,"綜合破碎化分數":42.0,"破碎化等級":"低","判定原因":"面積減少0.0%；斑塊增加0.0%；平均斑塊縮小0.2%；道路密度0.00 km/km²；孤立比例0.0%；距大型綠地0m","2021面積_ha":102.69,"2022面積_ha":101.97,"2023面積_ha":100.08}},{"type":"Feature","geometry":{"type":"Polygon","coordinates":[[[121.7306601714783,24.58491872351577],[121.73071256953519,24.593946863886043],[121.74058642032894,24.593898618497228],[121.740533314393,24.584870498136922],[121.7306601714783,24.58491872351577]]]},"properties":{"grid_id":"G031_042","綠地類型":"森林","中心經度":121.735623,"中心緯度":24.589409,"分析面積_km2":1.04,"2020面積_ha":104.04,"2024面積_ha":104.04,"面積減少率_pct":0.0,"2020斑塊數":1,"2024斑塊數":1,"斑塊數增加率_pct":0.0,"2020平均斑塊面積_ha":172555.65,"2024平均斑塊面積_ha":172145.43,"平均斑塊面積下降率_pct":0.24,"道路切割密度_km_per_km2":0.0,"建成區邊界切割密度_km_per_km2":0.0,"孤立小斑塊比例_pct":0.0,"距大型連續綠地平均距離_m":0.0,"score_面積減少":36.827195467422094,"score_斑塊增加":46.81303116147309,"score_平均斑塊縮小":50.63739376770538,"score_道路建成區切割":27.47875354107649,"score_孤立比例":45.34938621340888,"score_距大型綠地":44.66477809254013,"綜合破碎化分數":42.0,"破碎化等級":"低","判定原因":"面積減少0.0%；斑塊增加0.0%；平均斑塊縮小0.2%；道路密度0.00 km/km²；孤立比例0.0%；距大型綠地0m","2021面積_ha":104.04,"2022面積_ha":104.04,"2023面積_ha":104.04}},{"type":"Feature","geometry":{"type":"Polygon","coordinates":[[[121.76027952218297,24.584772105930547],[121.7603340438524,24.593800185465405],[121.77020781589157,24.593749997835975],[121.7701525863679,24.5847219391166],[121.76027952218297,24.584772105930547]]]},"properties":{"grid_id":"G031_045","綠地類型":"森林","中心經度":121.765243,"中心緯度":24.589261,"分析面積_km2":1.04,"2020面積_ha":104.04,"2024面積_ha":104.04,"面積減少率_pct":0.0,"2020斑塊數":1,"2024斑塊數":1,"斑塊數增加率_pct":0.0,"2020平均斑塊面積_ha":172555.65,"2024平均斑塊面積_ha":172145.43,"平均斑塊面積下降率_pct":0.24,"道路切割密度_km_per_km2":0.0,"建成區邊界切割密度_km_per_km2":0.0,"孤立小斑塊比例_pct":0.0,"距大型連續綠地平均距離_m":0.0,"score_面積減少":36.827195467422094,"score_斑塊增加":46.81303116147309,"score_平均斑塊縮小":50.63739376770538,"score_道路建成區切割":27.47875354107649,"score_孤立比例":45.34938621340888,"score_距大型綠地":44.66477809254013,"綜合破碎化分數":42.0,"破碎化等級":"低","判定原因":"面積減少0.0%；斑塊增加0.0%；平均斑塊縮小0.2%；道路密度0.00 km/km²；孤立比例0.0%；距大型綠地0m","2021面積_ha":104.04,"2022面積_ha":104.04,"2023面積_ha":104.04}},{"type":"Feature","geometry":{"type":"Polygon","coordinates":[[[121.7701525863679,24.5847219391166],[121.77020781589157,24.593749997835975],[121.78008156098868,24.593699162806764],[121.78002562361928,24.58467112517135],[121.7701525863679,24.5847219391166]]]},"properties":{"grid_id":"G031_046","綠地類型":"森林","中心經度":121.775117,"中心緯度":24.589211,"分析面積_km2":1.04,"2020面積_ha":104.04,"2024面積_ha":104.04,"面積減少率_pct":0.0,"2020斑塊數":1,"2024斑塊數":1,"斑塊數增加率_pct":0.0,"2020平均斑塊面積_ha":172555.65,"2024平均斑塊面積_ha":172145.43,"平均斑塊面積下降率_pct":0.24,"道路切割密度_km_per_km2":0.0,"建成區邊界切割密度_km_per_km2":0.0,"孤立小斑塊比例_pct":0.0,"距大型連續綠地平均距離_m":0.0,"score_面積減少":36.827195467422094,"score_斑塊增加":46.81303116147309,"score_平均斑塊縮小":50.63739376770538,"score_道路建成區切割":27.47875354107649,"score_孤立比例":45.34938621340888,"score_距大型綠地":44.66477809254013,"綜合破碎化分數":42.0,"破碎化等級":"低","判定原因":"面積減少0.0%；斑塊增加0.0%；平均斑塊縮小0.2%；道路密度0.00 km/km²；孤立比例0.0%；距大型綠地0m","2021面積_ha":104.04,"2022面積_ha":103.86,"2023面積_ha":104.04}},{"type":"Feature","geometry":{"type":"Polygon","coordinates":[[[121.78002562361928,24.58467112517135],[121.78008156098868,24.593699162806764],[121.78995527879844,24.59364768038477],[121.7898986335919,24.58461966410181],[121.78002562361928,24.58467112517135]]]},"properties":{"grid_id":"G031_047","綠地類型":"森林","中心經度":121.78499,"中心緯度":24.589159,"分析面積_km2":1.04,"2020面積_ha":104.04,"2024面積_ha":104.04,"面積減少率_pct":0.0,"2020斑塊數":1,"2024斑塊數":1,"斑塊數增加率_pct":0.0,"2020平均斑塊面積_ha":172555.65,"2024平均斑塊面積_ha":172145.43,"平均斑塊面積下降率_pct":0.24,"道路切割密度_km_per_km2":0.0,"建成區邊界切割密度_km_per_km2":0.0,"孤立小斑塊比例_pct":0.0,"距大型連續綠地平均距離_m":0.0,"score_面積減少":36.827195467422094,"score_斑塊增加":46.81303116147309,"score_平均斑塊縮小":50.63739376770538,"score_道路建成區切割":27.47875354107649,"score_孤立比例":45.34938621340888,"score_距大型綠地":44.66477809254013,"綜合破碎化分數":42.0,"破碎化等級":"低","判定原因":"面積減少0.0%；斑塊增加0.0%；平均斑塊縮小0.2%；道路密度0.00 km/km²；孤立比例0.0%；距大型綠地0m","2021面積_ha":104.04,"2022面積_ha":104.04,"2023面積_ha":104.04}},{"type":"Feature","geometry":{"type":"Polygon","coordinates":[[[121.7898986335919,24.58461966410181],[121.78995527879844,24.59364768038477],[121.79982896897562,24.593595550577103],[121.79977161594064,24.584567555915097],[121.7898986335919,24.58461966410181]]]},"properties":{"grid_id":"G031_048","綠地類型":"森林","中心經度":121.794864,"中心緯度":24.589108,"分析面積_km2":1.04,"2020面積_ha":104.04,"2024面積_ha":104.04,"面積減少率_pct":0.0,"2020斑塊數":1,"2024斑塊數":1,"斑塊數增加率_pct":0.0,"2020平均斑塊面積_ha":172555.65,"2024平均斑塊面積_ha":172145.43,"平均斑塊面積下降率_pct":0.24,"道路切割密度_km_per_km2":0.0,"建成區邊界切割密度_km_per_km2":0.0,"孤立小斑塊比例_pct":0.0,"距大型連續綠地平均距離_m":0.0,"score_面積減少":36.827195467422094,"score_斑塊增加":46.81303116147309,"score_平均斑塊縮小":50.63739376770538,"score_道路建成區切割":27.47875354107649,"score_孤立比例":45.34938621340888,"score_距大型綠地":44.66477809254013,"綜合破碎化分數":42.0,"破碎化等級":"低","判定原因":"面積減少0.0%；斑塊增加0.0%；平均斑塊縮小0.2%；道路密度0.00 km/km²；孤立比例0.0%；距大型綠地0m","2021面積_ha":104.04,"2022面積_ha":104.04,"2023面積_ha":104.04}},{"type":"Feature","geometry":{"type":"Polygon","coordinates":[[[121.54310494152763,24.594740508088385],[121.54314390747544,24.60376896674485],[121.55301889323677,24.603733008596],[121.55297921893006,24.594704564849394],[121.54310494152763,24.594740508088385]]]},"properties":{"grid_id":"G032_023","綠地類型":"森林","中心經度":121.548062,"中心緯度":24.599237,"分析面積_km2":1.04,"2020面積_ha":104.04,"2024面積_ha":104.04,"面積減少率_pct":0.0,"2020斑塊數":1,"2024斑塊數":1,"斑塊數增加率_pct":0.0,"2020平均斑塊面積_ha":172555.65,"2024平均斑塊面積_ha":172145.43,"平均斑塊面積下降率_pct":0.24,"道路切割密度_km_per_km2":0.0,"建成區邊界切割密度_km_per_km2":0.0,"孤立小斑塊比例_pct":0.0,"距大型連續綠地平均距離_m":0.0,"score_面積減少":36.827195467422094,"score_斑塊增加":46.81303116147309,"score_平均斑塊縮小":50.63739376770538,"score_道路建成區切割":27.47875354107649,"score_孤立比例":45.34938621340888,"score_距大型綠地":44.66477809254013,"綜合破碎化分數":42.0,"破碎化等級":"低","判定原因":"面積減少0.0%；斑塊增加0.0%；平均斑塊縮小0.2%；道路密度0.00 km/km²；孤立比例0.0%；距大型綠地0m","2021面積_ha":104.04,"2022面積_ha":104.04,"2023面積_ha":104.04}},{"type":"Feature","geometry":{"type":"Polygon","coordinates":[[[121.55297921893006,24.594704564849394],[121.55301889323677,24.603733008596],[121.56289385964702,24.60369640264694],[121.56285347698754,24.5946679740788],[121.55297921893006,24.594704564849394]]]},"properties":{"grid_id":"G032_024","綠地類型":"森林","中心經度":121.557936,"中心緯度":24.599201,"分析面積_km2":1.04,"2020面積_ha":104.04,"2024面積_ha":104.04,"面積減少率_pct":0.0,"2020斑塊數":1,"2024斑塊數":1,"斑塊數增加率_pct":0.0,"2020平均斑塊面積_ha":172555.65,"2024平均斑塊面積_ha":172145.43,"平均斑塊面積下降率_pct":0.24,"道路切割密度_km_per_km2":0.0,"建成區邊界切割密度_km_per_km2":0.0,"孤立小斑塊比例_pct":0.0,"距大型連續綠地平均距離_m":0.0,"score_面積減少":36.827195467422094,"score_斑塊增加":46.81303116147309,"score_平均斑塊縮小":50.63739376770538,"score_道路建成區切割":27.47875354107649,"score_孤立比例":45.34938621340888,"score_距大型綠地":44.66477809254013,"綜合破碎化分數":42.0,"破碎化等級":"低","判定原因":"面積減少0.0%；斑塊增加0.0%；平均斑塊縮小0.2%；道路密度0.00 km/km²；孤立比例0.0%；距大型綠地0m","2021面積_ha":104.04,"2022面積_ha":104.04,"2023面積_ha":104.04}},{"type":"Feature","geometry":{"type":"Polygon","coordinates":[[[121.56285347698754,24.5946679740788],[121.56289385964702,24.60369640264694],[121.57276880636071,24.603659148902732],[121.57272771535465,24.594630735781656],[121.56285347698754,24.5946679740788]]]},"properties":{"grid_id":"G032_025","綠地類型":"森林","中心經度":121.567811,"中心緯度":24.599164,"分析面積_km2":1.04,"2020面積_ha":103.86,"2024面積_ha":104.04,"面積減少率_pct":0.0,"2020斑塊數":1,"2024斑塊數":1,"斑塊數增加率_pct":0.0,"2020平均斑塊面積_ha":172555.65,"2024平均斑塊面積_ha":172145.43,"平均斑塊面積下降率_pct":0.24,"道路切割密度_km_per_km2":0.0,"建成區邊界切割密度_km_per_km2":0.0,"孤立小斑塊比例_pct":0.0,"距大型連續綠地平均距離_m":0.0,"score_面積減少":36.827195467422094,"score_斑塊增加":46.81303116147309,"score_平均斑塊縮小":50.63739376770538,"score_道路建成區切割":27.47875354107649,"score_孤立比例":45.34938621340888,"score_距大型綠地":44.66477809254013,"綜合破碎化分數":42.0,"破碎化等級":"低","判定原因":"面積減少0.0%；斑塊增加0.0%；平均斑塊縮小0.2%；道路密度0.00 km/km²；孤立比例0.0%；距大型綠地0m","2021面積_ha":103.86,"2022面積_ha":103.77,"2023面積_ha":103.95}},{"type":"Feature","geometry":{"type":"Polygon","coordinates":[[[121.59247613163635,24.59455431662838],[121.59251863931651,24.603582698049557],[121.60239352486767,24.603543500951144],[121.60235030886022,24.5945151357828],[121.59247613163635,24.59455431662838]]]},"properties":{"grid_id":"G032_028","綠地類型":"森林","中心經度":121.597435,"中心緯度":24.599049,"分析面積_km2":1.04,"2020面積_ha":103.59,"2024面積_ha":104.04,"面積減少率_pct":0.0,"2020斑塊數":1,"2024斑塊數":1,"斑塊數增加率_pct":0.0,"2020平均斑塊面積_ha":172555.65,"2024平均斑塊面積_ha":172145.43,"平均斑塊面積下降率_pct":0.24,"道路切割密度_km_per_km2":0.0,"建成區邊界切割密度_km_per_km2":0.0,"孤立小斑塊比例_pct":0.0,"距大型連續綠地平均距離_m":0.0,"score_面積減少":36.827195467422094,"score_斑塊增加":46.81303116147309,"score_平均斑塊縮小":50.63739376770538,"score_道路建成區切割":27.47875354107649,"score_孤立比例":45.34938621340888,"score_距大型綠地":44.66477809254013,"綜合破碎化分數":42.0,"破碎化等級":"低","判定原因":"面積減少0.0%；斑塊增加0.0%；平均斑塊縮小0.2%；道路密度0.00 km/km²；孤立比例0.0%；距大型綠地0m","2021面積_ha":103.86,"2022面積_ha":103.14,"2023面積_ha":103.86}},{"type":"Feature","geometry":{"type":"Polygon","coordinates":[[[121.60235030886022,24.5945151357828],[121.60239352486767,24.603543500951144],[121.6122683893404,24.603503656078693],[121.61222446501229,24.594475307431768],[121.60235030886022,24.5945151357828]]]},"properties":{"grid_id":"G032_029","綠地類型":"森林","中心經度":121.607309,"中心緯度":24.599009,"分析面積_km2":1.04,"2020面積_ha":98.37,"2024面積_ha":98.82,"面積減少率_pct":0.0,"2020斑塊數":1,"2024斑塊數":1,"斑塊數增加率_pct":0.0,"2020平均斑塊面積_ha":172555.65,"2024平均斑塊面積_ha":172145.43,"平均斑塊面積下降率_pct":0.24,"道路切割密度_km_per_km2":0.0,"建成區邊界切割密度_km_per_km2":0.0,"孤立小斑塊比例_pct":0.0,"距大型連續綠地平均距離_m":0.0,"score_面積減少":36.827195467422094,"score_斑塊增加":46.81303116147309,"score_平均斑塊縮小":50.63739376770538,"score_道路建成區切割":27.47875354107649,"score_孤立比例":45.34938621340888,"score_距大型綠地":44.66477809254013,"綜合破碎化分數":42.0,"破碎化等級":"低","判定原因":"面積減少0.0%；斑塊增加0.0%；平均斑塊縮小0.2%；道路密度0.00 km/km²；孤立比例0.0%；距大型綠地0m","2021面積_ha":100.35,"2022面積_ha":97.02,"2023面積_ha":98.19}},{"type":"Feature","geometry":{"type":"Polygon","coordinates":[[[121.61222446501229,24.594475307431768],[121.6122683893404,24.603503656078693],[121.62214323238923,24.603463163437723],[121.62209859974725,24.5944348315808],[121.61222446501229,24.594475307431768]]]},"properties":{"grid_id":"G032_030","綠地類型":"森林","中心經度":121.617184,"中心緯度":24.598969,"分析面積_km2":1.04,"2020面積_ha":104.04,"2024面積_ha":104.04,"面積減少率_pct":0.0,"2020斑塊數":1,"2024斑塊數":1,"斑塊數增加率_pct":0.0,"2020平均斑塊面積_ha":172555.65,"2024平均斑塊面積_ha":172145.43,"平均斑塊面積下降率_pct":0.24,"道路切割密度_km_per_km2":0.0,"建成區邊界切割密度_km_per_km2":0.0,"孤立小斑塊比例_pct":0.0,"距大型連續綠地平均距離_m":0.0,"score_面積減少":36.827195467422094,"score_斑塊增加":46.81303116147309,"score_平均斑塊縮小":50.63739376770538,"score_道路建成區切割":27.47875354107649,"score_孤立比例":45.34938621340888,"score_距大型綠地":44.66477809254013,"綜合破碎化分數":42.0,"破碎化等級":"低","判定原因":"面積減少0.0%；斑塊增加0.0%；平均斑塊縮小0.2%；道路密度0.00 km/km²；孤立比例0.0%；距大型綠地0m","2021面積_ha":104.04,"2022面積_ha":104.04,"2023面積_ha":104.04}},{"type":"Feature","geometry":{"type":"Polygon","coordinates":[[[121.62209859974725,24.5944348315808],[121.62214323238923,24.603463163437723],[121.63201805366872,24.60342202303381],[121.63197271271972,24.594393708235465],[121.62209859974725,24.5944348315808]]]},"properties":{"grid_id":"G032_031","綠地類型":"森林","中心經度":121.627058,"中心緯度":24.598929,"分析面積_km2":1.04,"2020面積_ha":104.04,"2024面積_ha":104.04,"面積減少率_pct":0.0,"2020斑塊數":1,"2024斑塊數":1,"斑塊數增加率_pct":0.0,"2020平均斑塊面積_ha":172555.65,"2024平均斑塊面積_ha":172145.43,"平均斑塊面積下降率_pct":0.24,"道路切割密度_km_per_km2":0.0,"建成區邊界切割密度_km_per_km2":0.0,"孤立小斑塊比例_pct":0.0,"距大型連續綠地平均距離_m":0.0,"score_面積減少":36.827195467422094,"score_斑塊增加":46.81303116147309,"score_平均斑塊縮小":50.63739376770538,"score_道路建成區切割":27.47875354107649,"score_孤立比例":45.34938621340888,"score_距大型綠地":44.66477809254013,"綜合破碎化分數":42.0,"破碎化等級":"低","判定原因":"面積減少0.0%；斑塊增加0.0%；平均斑塊縮小0.2%；道路密度0.00 km/km²；孤立比例0.0%；距大型綠地0m","2021面積_ha":104.04,"2022面積_ha":104.04,"2023面積_ha":104.04}},{"type":"Feature","geometry":{"type":"Polygon","coordinates":[[[121.63197271271972,24.594393708235465],[121.63201805366872,24.60342202303381],[121.64189285283341,24.603380234872642],[121.64184680358433,24.594351937401456],[121.63197271271972,24.594393708235465]]]},"properties":{"grid_id":"G032_032","綠地類型":"森林","中心經度":121.636933,"中心緯度":24.598887,"分析面積_km2":1.04,"2020面積_ha":101.43,"2024面積_ha":101.7,"面積減少率_pct":0.0,"2020斑塊數":1,"2024斑塊數":1,"斑塊數增加率_pct":0.0,"2020平均斑塊面積_ha":172555.65,"2024平均斑塊面積_ha":172145.43,"平均斑塊面積下降率_pct":0.24,"道路切割密度_km_per_km2":0.029,"建成區邊界切割密度_km_per_km2":0.0,"孤立小斑塊比例_pct":0.0,"距大型連續綠地平均距離_m":0.0,"score_面積減少":36.827195467422094,"score_斑塊增加":46.81303116147309,"score_平均斑塊縮小":50.63739376770538,"score_道路建成區切割":35.87110481586403,"score_孤立比例":45.34938621340888,"score_距大型綠地":44.66477809254013,"綜合破碎化分數":43.4,"破碎化等級":"低","判定原因":"面積減少0.0%；斑塊增加0.0%；平均斑塊縮小0.2%；道路密度0.03 km/km²；孤立比例0.0%；距大型綠地0m","2021面積_ha":101.79,"2022面積_ha":101.61,"2023面積_ha":100.71}},{"type":"Feature","geometry":{"type":"Polygon","coordinates":[[[121.64184680358433,24.594351937401456],[121.64189285283341,24.603380234872642],[121.65176762953786,24.603337798959995],[121.6517208719958,24.59430951908454],[121.64184680358433,24.594351937401456]]]},"properties":{"grid_id":"G032_033","綠地類型":"森林","中心經度":121.646807,"中心緯度":24.598845,"分析面積_km2":1.04,"2020面積_ha":94.86,"2024面積_ha":96.57,"面積減少率_pct":0.0,"2020斑塊數":2,"2024斑塊數":1,"斑塊數增加率_pct":0.0,"2020平均斑塊面積_ha":86277.87,"2024平均斑塊面積_ha":172145.43,"平均斑塊面積下降率_pct":0.0,"道路切割密度_km_per_km2":2.163,"建成區邊界切割密度_km_per_km2":0.0,"孤立小斑塊比例_pct":0.0,"距大型連續綠地平均距離_m":0.0,"score_面積減少":36.827195467422094,"score_斑塊增加":46.81303116147309,"score_平均斑塊縮小":3.7535410764872523,"score_道路建成區切割":50.6137865911237,"score_孤立比例":45.34938621340888,"score_距大型綠地":44.66477809254013,"綜合破碎化分數":38.0,"破碎化等級":"低","判定原因":"面積減少0.0%；斑塊增加0.0%；平均斑塊縮小0.0%；道路密度2.16 km/km²；孤立比例0.0%；距大型綠地0m","2021面積_ha":95.49,"2022面積_ha":95.31,"2023面積_ha":96.03}},{"type":"Feature","geometry":{"type":"Polygon","coordinates":[[[121.71096479161012,24.594041412376164],[121.7110157987552,24.60306958103735],[121.72089040856594,24.603022611033403],[121.72083869318048,24.593994461847878],[121.71096479161012,24.594041412376164]]]},"properties":{"grid_id":"G032_040","綠地類型":"森林","中心經度":121.715927,"中心緯度":24.598532,"分析面積_km2":1.04,"2020面積_ha":89.1,"2024面積_ha":90.09,"面積減少率_pct":0.0,"2020斑塊數":1,"2024斑塊數":1,"斑塊數增加率_pct":0.0,"2020平均斑塊面積_ha":172555.65,"2024平均斑塊面積_ha":172145.43,"平均斑塊面積下降率_pct":0.24,"道路切割密度_km_per_km2":0.0,"建成區邊界切割密度_km_per_km2":0.0,"孤立小斑塊比例_pct":0.0,"距大型連續綠地平均距離_m":0.0,"score_面積減少":36.827195467422094,"score_斑塊增加":46.81303116147309,"score_平均斑塊縮小":50.63739376770538,"score_道路建成區切割":27.47875354107649,"score_孤立比例":45.34938621340888,"score_距大型綠地":44.66477809254013,"綜合破碎化分數":42.0,"破碎化等級":"低","判定原因":"面積減少0.0%；斑塊增加0.0%；平均斑塊縮小0.2%；道路密度0.00 km/km²；孤立比例0.0%；距大型綠地0m","2021面積_ha":90.36,"2022面積_ha":87.84,"2023面積_ha":86.85}},{"type":"Feature","geometry":{"type":"Polygon","coordinates":[[[121.7603340438524,24.593800185465405],[121.76038859211864,24.602828254062814],[121.77026307235732,24.602778045615022],[121.77020781589157,24.593749997835975],[121.7603340438524,24.593800185465405]]]},"properties":{"grid_id":"G032_045","綠地類型":"森林","中心經度":121.765298,"中心緯度":24.598289,"分析面積_km2":1.04,"2020面積_ha":104.04,"2024面積_ha":104.04,"面積減少率_pct":0.0,"2020斑塊數":1,"2024斑塊數":1,"斑塊數增加率_pct":0.0,"2020平均斑塊面積_ha":172555.65,"2024平均斑塊面積_ha":172145.43,"平均斑塊面積下降率_pct":0.24,"道路切割密度_km_per_km2":0.0,"建成區邊界切割密度_km_per_km2":0.0,"孤立小斑塊比例_pct":0.0,"距大型連續綠地平均距離_m":0.0,"score_面積減少":36.827195467422094,"score_斑塊增加":46.81303116147309,"score_平均斑塊縮小":50.63739376770538,"score_道路建成區切割":27.47875354107649,"score_孤立比例":45.34938621340888,"score_距大型綠地":44.66477809254013,"綜合破碎化分數":42.0,"破碎化等級":"低","判定原因":"面積減少0.0%；斑塊增加0.0%；平均斑塊縮小0.2%；道路密度0.00 km/km²；孤立比例0.0%；距大型綠地0m","2021面積_ha":104.04,"2022面積_ha":104.04,"2023面積_ha":104.04}},{"type":"Feature","geometry":{"type":"Polygon","coordinates":[[[121.78008156098868,24.593699162806764],[121.78013752564543,24.602727189498896],[121.79001195163758,24.60267568572147],[121.78995527879844,24.59364768038477],[121.78008156098868,24.593699162806764]]]},"properties":{"grid_id":"G032_047","綠地類型":"森林","中心經度":121.785047,"中心緯度":24.598188,"分析面積_km2":1.04,"2020面積_ha":104.04,"2024面積_ha":104.04,"面積減少率_pct":0.0,"2020斑塊數":1,"2024斑塊數":1,"斑塊數增加率_pct":0.0,"2020平均斑塊面積_ha":172555.65,"2024平均斑塊面積_ha":172145.43,"平均斑塊面積下降率_pct":0.24,"道路切割密度_km_per_km2":0.173,"建成區邊界切割密度_km_per_km2":0.0,"孤立小斑塊比例_pct":0.0,"距大型連續綠地平均距離_m":0.0,"score_面積減少":36.827195467422094,"score_斑塊增加":46.81303116147309,"score_平均斑塊縮小":50.63739376770538,"score_道路建成區切割":36.80358829084042,"score_孤立比例":45.34938621340888,"score_距大型綠地":44.66477809254013,"綜合破碎化分數":43.5,"破碎化等級":"低","判定原因":"面積減少0.0%；斑塊增加0.0%；平均斑塊縮小0.2%；道路密度0.17 km/km²；孤立比例0.0%；距大型綠地0m","2021面積_ha":104.04,"2022面積_ha":104.04,"2023面積_ha":104.04}},{"type":"Feature","geometry":{"type":"Polygon","coordinates":[[[121.43451788573978,24.604121750212695],[121.43454907457333,24.61315034428384],[121.44442495915827,24.613121500288475],[121.44439306156039,24.60409291817412],[121.43451788573978,24.604121750212695]]]},"properties":{"grid_id":"G033_012","綠地類型":"森林","中心經度":121.439471,"中心緯度":24.608622,"分析面積_km2":1.04,"2020面積_ha":104.04,"2024面積_ha":104.04,"面積減少率_pct":0.0,"2020斑塊數":1,"2024斑塊數":1,"斑塊數增加率_pct":0.0,"2020平均斑塊面積_ha":172555.65,"2024平均斑塊面積_ha":172145.43,"平均斑塊面積下降率_pct":0.24,"道路切割密度_km_per_km2":0.0,"建成區邊界切割密度_km_per_km2":0.0,"孤立小斑塊比例_pct":0.0,"距大型連續綠地平均距離_m":0.0,"score_面積減少":36.827195467422094,"score_斑塊增加":46.81303116147309,"score_平均斑塊縮小":50.63739376770538,"score_道路建成區切割":27.47875354107649,"score_孤立比例":45.34938621340888,"score_距大型綠地":44.66477809254013,"綜合破碎化分數":42.0,"破碎化等級":"低","判定原因":"面積減少0.0%；斑塊增加0.0%；平均斑塊縮小0.2%；道路密度0.00 km/km²；孤立比例0.0%；距大型綠地0m","2021面積_ha":104.04,"2022面積_ha":104.04,"2023面積_ha":104.04}},{"type":"Feature","geometry":{"type":"Polygon","coordinates":[[[121.44439306156039,24.60409291817412],[121.44442495915827,24.613121500288475],[121.45430082818773,24.613092008174537],[121.45426822183042,24.604063438285646],[121.44439306156039,24.60409291817412]]]},"properties":{"grid_id":"G033_013","綠地類型":"森林","中心經度":121.449347,"中心緯度":24.608593,"分析面積_km2":1.04,"2020面積_ha":104.04,"2024面積_ha":104.04,"面積減少率_pct":0.0,"2020斑塊數":1,"2024斑塊數":1,"斑塊數增加率_pct":0.0,"2020平均斑塊面積_ha":172555.65,"2024平均斑塊面積_ha":172145.43,"平均斑塊面積下降率_pct":0.24,"道路切割密度_km_per_km2":0.0,"建成區邊界切割密度_km_per_km2":0.0,"孤立小斑塊比例_pct":0.0,"距大型連續綠地平均距離_m":0.0,"score_面積減少":36.827195467422094,"score_斑塊增加":46.81303116147309,"score_平均斑塊縮小":50.63739376770538,"score_道路建成區切割":27.47875354107649,"score_孤立比例":45.34938621340888,"score_距大型綠地":44.66477809254013,"綜合破碎化分數":42.0,"破碎化等級":"低","判定原因":"面積減少0.0%；斑塊增加0.0%；平均斑塊縮小0.2%；道路密度0.00 km/km²；孤立比例0.0%；距大型綠地0m","2021面積_ha":104.04,"2022面積_ha":104.04,"2023面積_ha":104.04}},{"type":"Feature","geometry":{"type":"Polygon","coordinates":[[[121.59251863931651,24.603582698049557],[121.59256116772964,24.61261106857392],[121.60243676195356,24.612571855220402],[121.60239352486767,24.603543500951144],[121.59251863931651,24.603582698049557]]]},"properties":{"grid_id":"G033_028","綠地類型":"森林","中心經度":121.597478,"中心緯度":24.608077,"分析面積_km2":1.04,"2020面積_ha":98.73,"2024面積_ha":99.9,"面積減少率_pct":0.0,"2020斑塊數":1,"2024斑塊數":1,"斑塊數增加率_pct":0.0,"2020平均斑塊面積_ha":172555.65,"2024平均斑塊面積_ha":172145.43,"平均斑塊面積下降率_pct":0.24,"道路切割密度_km_per_km2":0.0,"建成區邊界切割密度_km_per_km2":0.0,"孤立小斑塊比例_pct":0.0,"距大型連續綠地平均距離_m":0.0,"score_面積減少":36.827195467422094,"score_斑塊增加":46.81303116147309,"score_平均斑塊縮小":50.63739376770538,"score_道路建成區切割":27.47875354107649,"score_孤立比例":45.34938621340888,"score_距大型綠地":44.66477809254013,"綜合破碎化分數":42.0,"破碎化等級":"低","判定原因":"面積減少0.0%；斑塊增加0.0%；平均斑塊縮小0.2%；道路密度0.00 km/km²；孤立比例0.0%；距大型綠地0m","2021面積_ha":100.26,"2022面積_ha":98.82,"2023面積_ha":98.82}},{"type":"Feature","geometry":{"type":"Polygon","coordinates":[[[121.60239352486767,24.603543500951144],[121.60243676195356,24.612571855220402],[121.6123123350924,24.612531993824234],[121.6122683893404,24.603503656078693],[121.60239352486767,24.603543500951144]]]},"properties":{"grid_id":"G033_029","綠地類型":"森林","中心經度":121.607353,"中心緯度":24.608038,"分析面積_km2":1.04,"2020面積_ha":103.05,"2024面積_ha":103.14,"面積減少率_pct":0.0,"2020斑塊數":1,"2024斑塊數":1,"斑塊數增加率_pct":0.0,"2020平均斑塊面積_ha":172555.65,"2024平均斑塊面積_ha":172145.43,"平均斑塊面積下降率_pct":0.24,"道路切割密度_km_per_km2":0.0,"建成區邊界切割密度_km_per_km2":0.0,"孤立小斑塊比例_pct":0.0,"距大型連續綠地平均距離_m":0.0,"score_面積減少":36.827195467422094,"score_斑塊增加":46.81303116147309,"score_平均斑塊縮小":50.63739376770538,"score_道路建成區切割":27.47875354107649,"score_孤立比例":45.34938621340888,"score_距大型綠地":44.66477809254013,"綜合破碎化分數":42.0,"破碎化等級":"低","判定原因":"面積減少0.0%；斑塊增加0.0%；平均斑塊縮小0.2%；道路密度0.00 km/km²；孤立比例0.0%；距大型綠地0m","2021面積_ha":103.14,"2022面積_ha":102.78,"2023面積_ha":103.05}},{"type":"Feature","geometry":{"type":"Polygon","coordinates":[[[121.6122683893404,24.603503656078693],[121.6123123350924,24.612531993824234],[121.62218788680056,24.61249148439091],[121.62214323238923,24.603463163437723],[121.6122683893404,24.603503656078693]]]},"properties":{"grid_id":"G033_030","綠地類型":"森林","中心經度":121.617228,"中心緯度":24.607998,"分析面積_km2":1.04,"2020面積_ha":104.04,"2024面積_ha":104.04,"面積減少率_pct":0.0,"2020斑塊數":1,"2024斑塊數":1,"斑塊數增加率_pct":0.0,"2020平均斑塊面積_ha":172555.65,"2024平均斑塊面積_ha":172145.43,"平均斑塊面積下降率_pct":0.24,"道路切割密度_km_per_km2":0.0,"建成區邊界切割密度_km_per_km2":0.0,"孤立小斑塊比例_pct":0.0,"距大型連續綠地平均距離_m":0.0,"score_面積減少":36.827195467422094,"score_斑塊增加":46.81303116147309,"score_平均斑塊縮小":50.63739376770538,"score_道路建成區切割":27.47875354107649,"score_孤立比例":45.34938621340888,"score_距大型綠地":44.66477809254013,"綜合破碎化分數":42.0,"破碎化等級":"低","判定原因":"面積減少0.0%；斑塊增加0.0%；平均斑塊縮小0.2%；道路密度0.00 km/km²；孤立比例0.0%；距大型綠地0m","2021面積_ha":104.04,"2022面積_ha":104.04,"2023面積_ha":104.04}},{"type":"Feature","geometry":{"type":"Polygon","coordinates":[[[121.62214323238923,24.603463163437723],[121.62218788680056,24.61249148439091],[121.63206341673254,24.612450326926048],[121.63201805366872,24.60342202303381],[121.62214323238923,24.603463163437723]]]},"properties":{"grid_id":"G033_031","綠地類型":"森林","中心經度":121.627103,"中心緯度":24.607957,"分析面積_km2":1.04,"2020面積_ha":104.04,"2024面積_ha":104.04,"面積減少率_pct":0.0,"2020斑塊數":1,"2024斑塊數":1,"斑塊數增加率_pct":0.0,"2020平均斑塊面積_ha":172555.65,"2024平均斑塊面積_ha":172145.43,"平均斑塊面積下降率_pct":0.24,"道路切割密度_km_per_km2":0.0,"建成區邊界切割密度_km_per_km2":0.0,"孤立小斑塊比例_pct":0.0,"距大型連續綠地平均距離_m":0.0,"score_面積減少":36.827195467422094,"score_斑塊增加":46.81303116147309,"score_平均斑塊縮小":50.63739376770538,"score_道路建成區切割":27.47875354107649,"score_孤立比例":45.34938621340888,"score_距大型綠地":44.66477809254013,"綜合破碎化分數":42.0,"破碎化等級":"低","判定原因":"面積減少0.0%；斑塊增加0.0%；平均斑塊縮小0.2%；道路密度0.00 km/km²；孤立比例0.0%；距大型綠地0m","2021面積_ha":104.04,"2022面積_ha":104.04,"2023面積_ha":104.04}},{"type":"Feature","geometry":{"type":"Polygon","coordinates":[[[121.75051408527477,24.602877814835356],[121.75056795159291,24.61190589304504],[121.76044316699007,24.6118563117198],[121.76038859211864,24.602828254062814],[121.75051408527477,24.602877814835356]]]},"properties":{"grid_id":"G033_044","綠地類型":"森林","中心經度":121.755478,"中心緯度":24.607367,"分析面積_km2":1.04,"2020面積_ha":104.04,"2024面積_ha":104.04,"面積減少率_pct":0.0,"2020斑塊數":1,"2024斑塊數":1,"斑塊數增加率_pct":0.0,"2020平均斑塊面積_ha":172555.65,"2024平均斑塊面積_ha":172145.43,"平均斑塊面積下降率_pct":0.24,"道路切割密度_km_per_km2":0.577,"建成區邊界切割密度_km_per_km2":0.0,"孤立小斑塊比例_pct":0.0,"距大型連續綠地平均距離_m":0.0,"score_面積減少":36.827195467422094,"score_斑塊增加":46.81303116147309,"score_平均斑塊縮小":50.63739376770538,"score_道路建成區切割":39.388574126534465,"score_孤立比例":45.34938621340888,"score_距大型綠地":44.66477809254013,"綜合破碎化分數":43.9,"破碎化等級":"低","判定原因":"面積減少0.0%；斑塊增加0.0%；平均斑塊縮小0.2%；道路密度0.58 km/km²；孤立比例0.0%；距大型綠地0m","2021面積_ha":104.04,"2022面積_ha":104.04,"2023面積_ha":104.04}},{"type":"Feature","geometry":{"type":"Polygon","coordinates":[[[121.44442495915827,24.613121500288475],[121.44445687231159,24.622150071532563],[121.45433345044611,24.622120567191466],[121.45430082818773,24.613092008174537],[121.44442495915827,24.613121500288475]]]},"properties":{"grid_id":"G034_013","綠地類型":"森林","中心經度":121.449379,"中心緯度":24.617621,"分析面積_km2":1.04,"2020面積_ha":104.04,"2024面積_ha":104.04,"面積減少率_pct":0.0,"2020斑塊數":1,"2024斑塊數":1,"斑塊數增加率_pct":0.0,"2020平均斑塊面積_ha":172555.65,"2024平均斑塊面積_ha":172145.43,"平均斑塊面積下降率_pct":0.24,"道路切割密度_km_per_km2":0.0,"建成區邊界切割密度_km_per_km2":0.0,"孤立小斑塊比例_pct":0.0,"距大型連續綠地平均距離_m":0.0,"score_面積減少":36.827195467422094,"score_斑塊增加":46.81303116147309,"score_平均斑塊縮小":50.63739376770538,"score_道路建成區切割":27.47875354107649,"score_孤立比例":45.34938621340888,"score_距大型綠地":44.66477809254013,"綜合破碎化分數":42.0,"破碎化等級":"低","判定原因":"面積減少0.0%；斑塊增加0.0%；平均斑塊縮小0.2%；道路密度0.00 km/km²；孤立比例0.0%；距大型綠地0m","2021面積_ha":104.04,"2022面積_ha":104.04,"2023面積_ha":104.04}},{"type":"Feature","geometry":{"type":"Polygon","coordinates":[[[121.50367992790598,24.612934825972072],[121.50371609561225,24.621963319822786],[121.51359257312407,24.62192992524682],[121.51355569634453,24.612901445235405],[121.50367992790598,24.612934825972072]]]},"properties":{"grid_id":"G034_019","綠地類型":"森林","中心經度":121.508636,"中心緯度":24.617432,"分析面積_km2":1.04,"2020面積_ha":104.04,"2024面積_ha":104.04,"面積減少率_pct":0.0,"2020斑塊數":1,"2024斑塊數":1,"斑塊數增加率_pct":0.0,"2020平均斑塊面積_ha":172555.65,"2024平均斑塊面積_ha":172145.43,"平均斑塊面積下降率_pct":0.24,"道路切割密度_km_per_km2":0.0,"建成區邊界切割密度_km_per_km2":0.0,"孤立小斑塊比例_pct":0.0,"距大型連續綠地平均距離_m":0.0,"score_面積減少":36.827195467422094,"score_斑塊增加":46.81303116147309,"score_平均斑塊縮小":50.63739376770538,"score_道路建成區切割":27.47875354107649,"score_孤立比例":45.34938621340888,"score_距大型綠地":44.66477809254013,"綜合破碎化分數":42.0,"破碎化等級":"低","判定原因":"面積減少0.0%；斑塊增加0.0%；平均斑塊縮小0.2%；道路密度0.00 km/km²；孤立比例0.0%；距大型綠地0m","2021面積_ha":104.04,"2022面積_ha":104.04,"2023面積_ha":104.04}},{"type":"Feature","geometry":{"type":"Polygon","coordinates":[[[121.5629342620031,24.61272482032483],[121.56297468406191,24.621753227109508],[121.57285104850529,24.62171594246472],[121.57280991740882,24.61268755113141],[121.5629342620031,24.61272482032483]]]},"properties":{"grid_id":"G034_025","綠地類型":"森林","中心經度":121.567892,"中心緯度":24.61722,"分析面積_km2":1.04,"2020面積_ha":104.04,"2024面積_ha":104.04,"面積減少率_pct":0.0,"2020斑塊數":1,"2024斑塊數":1,"斑塊數增加率_pct":0.0,"2020平均斑塊面積_ha":172555.65,"2024平均斑塊面積_ha":172145.43,"平均斑塊面積下降率_pct":0.24,"道路切割密度_km_per_km2":0.0,"建成區邊界切割密度_km_per_km2":0.0,"孤立小斑塊比例_pct":0.0,"距大型連續綠地平均距離_m":0.0,"score_面積減少":36.827195467422094,"score_斑塊增加":46.81303116147309,"score_平均斑塊縮小":50.63739376770538,"score_道路建成區切割":27.47875354107649,"score_孤立比例":45.34938621340888,"score_距大型綠地":44.66477809254013,"綜合破碎化分數":42.0,"破碎化等級":"低","判定原因":"面積減少0.0%；斑塊增加0.0%；平均斑塊縮小0.2%；道路密度0.00 km/km²；孤立比例0.0%；距大型綠地0m","2021面積_ha":104.04,"2022面積_ha":103.77,"2023面積_ha":104.04}},{"type":"Feature","geometry":{"type":"Polygon","coordinates":[[[121.57280991740882,24.61268755113141],[121.57285104850529,24.62171594246472],[121.58272739289399,24.621678009492634],[121.58268555276621,24.612649633879357],[121.57280991740882,24.61268755113141]]]},"properties":{"grid_id":"G034_026","綠地類型":"森林","中心經度":121.577768,"中心緯度":24.617183,"分析面積_km2":1.04,"2020面積_ha":104.04,"2024面積_ha":104.04,"面積減少率_pct":0.0,"2020斑塊數":1,"2024斑塊數":1,"斑塊數增加率_pct":0.0,"2020平均斑塊面積_ha":172555.65,"2024平均斑塊面積_ha":172145.43,"平均斑塊面積下降率_pct":0.24,"道路切割密度_km_per_km2":0.375,"建成區邊界切割密度_km_per_km2":0.0,"孤立小斑塊比例_pct":0.0,"距大型連續綠地平均距離_m":0.0,"score_面積減少":36.827195467422094,"score_斑塊增加":46.81303116147309,"score_平均斑塊縮小":50.63739376770538,"score_道路建成區切割":38.26723323890462,"score_孤立比例":45.34938621340888,"score_距大型綠地":44.66477809254013,"綜合破碎化分數":43.8,"破碎化等級":"低","判定原因":"面積減少0.0%；斑塊增加0.0%；平均斑塊縮小0.2%；道路密度0.38 km/km²；孤立比例0.0%；距大型綠地0m","2021面積_ha":104.04,"2022面積_ha":104.04,"2023面積_ha":104.04}},{"type":"Feature","geometry":{"type":"Polygon","coordinates":[[[121.59256116772964,24.61261106857392],[121.5926037168823,24.62163942819849],[121.60248002012455,24.621600198587604],[121.60243676195356,24.612571855220402],[121.59256116772964,24.61261106857392]]]},"properties":{"grid_id":"G034_028","綠地類型":"森林","中心經度":121.59752,"中心緯度":24.617106,"分析面積_km2":1.04,"2020面積_ha":97.74,"2024面積_ha":98.55,"面積減少率_pct":0.0,"2020斑塊數":1,"2024斑塊數":1,"斑塊數增加率_pct":0.0,"2020平均斑塊面積_ha":172555.65,"2024平均斑塊面積_ha":172145.43,"平均斑塊面積下降率_pct":0.24,"道路切割密度_km_per_km2":0.0,"建成區邊界切割密度_km_per_km2":0.0,"孤立小斑塊比例_pct":0.0,"距大型連續綠地平均距離_m":0.0,"score_面積減少":36.827195467422094,"score_斑塊增加":46.81303116147309,"score_平均斑塊縮小":50.63739376770538,"score_道路建成區切割":27.47875354107649,"score_孤立比例":45.34938621340888,"score_距大型綠地":44.66477809254013,"綜合破碎化分數":42.0,"破碎化等級":"低","判定原因":"面積減少0.0%；斑塊增加0.0%；平均斑塊縮小0.2%；道路密度0.00 km/km²；孤立比例0.0%；距大型綠地0m","2021面積_ha":99.81,"2022面積_ha":97.38,"2023面積_ha":97.47}},{"type":"Feature","geometry":{"type":"Polygon","coordinates":[[[121.60243676195356,24.612571855220402],[121.60248002012455,24.621600198587604],[121.61235630227503,24.62156032066541],[121.6123123350924,24.612531993824234],[121.60243676195356,24.612571855220402]]]},"properties":{"grid_id":"G034_029","綠地類型":"森林","中心經度":121.607396,"中心緯度":24.617066,"分析面積_km2":1.04,"2020面積_ha":84.42,"2024面積_ha":86.31,"面積減少率_pct":0.0,"2020斑塊數":1,"2024斑塊數":1,"斑塊數增加率_pct":0.0,"2020平均斑塊面積_ha":172555.65,"2024平均斑塊面積_ha":172145.43,"平均斑塊面積下降率_pct":0.24,"道路切割密度_km_per_km2":0.0,"建成區邊界切割密度_km_per_km2":0.0,"孤立小斑塊比例_pct":0.0,"距大型連續綠地平均距離_m":0.0,"score_面積減少":36.827195467422094,"score_斑塊增加":46.81303116147309,"score_平均斑塊縮小":50.63739376770538,"score_道路建成區切割":27.47875354107649,"score_孤立比例":45.34938621340888,"score_距大型綠地":44.66477809254013,"綜合破碎化分數":42.0,"破碎化等級":"低","判定原因":"面積減少0.0%；斑塊增加0.0%；平均斑塊縮小0.2%；道路密度0.00 km/km²；孤立比例0.0%；距大型綠地0m","2021面積_ha":85.68,"2022面積_ha":85.41,"2023面積_ha":85.68}},{"type":"Feature","geometry":{"type":"Polygon","coordinates":[[[121.63206341673254,24.612450326926048],[121.63210880191812,24.621478619909205],[121.64198501871935,24.621436797086474],[121.64193892454271,24.612408521435302],[121.63206341673254,24.612450326926048]]]},"properties":{"grid_id":"G034_032","綠地類型":"森林","中心經度":121.637024,"中心緯度":24.616944,"分析面積_km2":1.04,"2020面積_ha":81.9,"2024面積_ha":83.16,"面積減少率_pct":0.0,"2020斑塊數":2,"2024斑塊數":1,"斑塊數增加率_pct":0.0,"2020平均斑塊面積_ha":86277.87,"2024平均斑塊面積_ha":172145.43,"平均斑塊面積下降率_pct":0.0,"道路切割密度_km_per_km2":2.797,"建成區邊界切割密度_km_per_km2":0.0,"孤立小斑塊比例_pct":0.0,"距大型連續綠地平均距離_m":0.0,"score_面積減少":36.827195467422094,"score_斑塊增加":46.81303116147309,"score_平均斑塊縮小":3.7535410764872523,"score_道路建成區切割":53.682719546742206,"score_孤立比例":45.34938621340888,"score_距大型綠地":44.66477809254013,"綜合破碎化分數":38.5,"破碎化等級":"低","判定原因":"面積減少0.0%；斑塊增加0.0%；平均斑塊縮小0.0%；道路密度2.80 km/km²；孤立比例0.0%；距大型綠地0m","2021面積_ha":83.16,"2022面積_ha":82.17,"2023面積_ha":82.8}},{"type":"Feature","geometry":{"type":"Polygon","coordinates":[[[121.44445687231159,24.622150071532563],[121.44448880102533,24.63117863190342],[121.45436608861066,24.63114911533346],[121.45433345044611,24.622120567191466],[121.44445687231159,24.622150071532563]]]},"properties":{"grid_id":"G035_013","綠地類型":"森林","中心經度":121.449411,"中心緯度":24.62665,"分析面積_km2":1.04,"2020面積_ha":104.04,"2024面積_ha":104.04,"面積減少率_pct":0.0,"2020斑塊數":1,"2024斑塊數":1,"斑塊數增加率_pct":0.0,"2020平均斑塊面積_ha":172555.65,"2024平均斑塊面積_ha":172145.43,"平均斑塊面積下降率_pct":0.24,"道路切割密度_km_per_km2":0.0,"建成區邊界切割密度_km_per_km2":0.0,"孤立小斑塊比例_pct":0.0,"距大型連續綠地平均距離_m":0.0,"score_面積減少":36.827195467422094,"score_斑塊增加":46.81303116147309,"score_平均斑塊縮小":50.63739376770538,"score_道路建成區切割":27.47875354107649,"score_孤立比例":45.34938621340888,"score_距大型綠地":44.66477809254013,"綜合破碎化分數":42.0,"破碎化等級":"低","判定原因":"面積減少0.0%；斑塊增加0.0%；平均斑塊縮小0.2%；道路密度0.00 km/km²；孤立比例0.0%；距大型綠地0m","2021面積_ha":104.04,"2022面積_ha":104.04,"2023面積_ha":104.04}},{"type":"Feature","geometry":{"type":"Polygon","coordinates":[[[121.45433345044611,24.622120567191466],[121.45436608861066,24.63114911533346],[121.46424336028483,24.63111895011158],[121.46421001267451,24.622090414467184],[121.45433345044611,24.622120567191466]]]},"properties":{"grid_id":"G035_014","綠地類型":"森林","中心經度":121.459288,"中心緯度":24.62662,"分析面積_km2":1.04,"2020面積_ha":104.04,"2024面積_ha":104.04,"面積減少率_pct":0.0,"2020斑塊數":1,"2024斑塊數":1,"斑塊數增加率_pct":0.0,"2020平均斑塊面積_ha":172555.65,"2024平均斑塊面積_ha":172145.43,"平均斑塊面積下降率_pct":0.24,"道路切割密度_km_per_km2":0.0,"建成區邊界切割密度_km_per_km2":0.0,"孤立小斑塊比例_pct":0.0,"距大型連續綠地平均距離_m":0.0,"score_面積減少":36.827195467422094,"score_斑塊增加":46.81303116147309,"score_平均斑塊縮小":50.63739376770538,"score_道路建成區切割":27.47875354107649,"score_孤立比例":45.34938621340888,"score_距大型綠地":44.66477809254013,"綜合破碎化分數":42.0,"破碎化等級":"低","判定原因":"面積減少0.0%；斑塊增加0.0%；平均斑塊縮小0.2%；道路密度0.00 km/km²；孤立比例0.0%；距大型綠地0m","2021面積_ha":104.04,"2022面積_ha":104.04,"2023面積_ha":104.04}},{"type":"Feature","geometry":{"type":"Polygon","coordinates":[[[121.49383960046563,24.621996066037287],[121.49387507638204,24.631024562576503],[121.50375228095324,24.630991802789488],[121.50371609561225,24.621963319822786],[121.49383960046563,24.621996066037287]]]},"properties":{"grid_id":"G035_018","綠地類型":"森林","中心經度":121.498796,"中心緯度":24.626494,"分析面積_km2":1.04,"2020面積_ha":104.04,"2024面積_ha":104.04,"面積減少率_pct":0.0,"2020斑塊數":1,"2024斑塊數":1,"斑塊數增加率_pct":0.0,"2020平均斑塊面積_ha":172555.65,"2024平均斑塊面積_ha":172145.43,"平均斑塊面積下降率_pct":0.24,"道路切割密度_km_per_km2":0.0,"建成區邊界切割密度_km_per_km2":0.0,"孤立小斑塊比例_pct":0.0,"距大型連續綠地平均距離_m":0.0,"score_面積減少":36.827195467422094,"score_斑塊增加":46.81303116147309,"score_平均斑塊縮小":50.63739376770538,"score_道路建成區切割":27.47875354107649,"score_孤立比例":45.34938621340888,"score_距大型綠地":44.66477809254013,"綜合破碎化分數":42.0,"破碎化等級":"低","判定原因":"面積減少0.0%；斑塊增加0.0%；平均斑塊縮小0.2%；道路密度0.00 km/km²；孤立比例0.0%；距大型綠地0m","2021面積_ha":104.04,"2022面積_ha":104.04,"2023面積_ha":104.04}},{"type":"Feature","geometry":{"type":"Polygon","coordinates":[[[121.56297468406191,24.621753227109508],[121.56301512582975,24.630781622998022],[121.57289219965645,24.63074432289971],[121.57285104850529,24.62171594246472],[121.56297468406191,24.621753227109508]]]},"properties":{"grid_id":"G035_025","綠地類型":"森林","中心經度":121.567933,"中心緯度":24.626249,"分析面積_km2":1.04,"2020面積_ha":104.04,"2024面積_ha":104.04,"面積減少率_pct":0.0,"2020斑塊數":1,"2024斑塊數":1,"斑塊數增加率_pct":0.0,"2020平均斑塊面積_ha":172555.65,"2024平均斑塊面積_ha":172145.43,"平均斑塊面積下降率_pct":0.24,"道路切割密度_km_per_km2":0.0,"建成區邊界切割密度_km_per_km2":0.0,"孤立小斑塊比例_pct":0.0,"距大型連續綠地平均距離_m":0.0,"score_面積減少":36.827195467422094,"score_斑塊增加":46.81303116147309,"score_平均斑塊縮小":50.63739376770538,"score_道路建成區切割":27.47875354107649,"score_孤立比例":45.34938621340888,"score_距大型綠地":44.66477809254013,"綜合破碎化分數":42.0,"破碎化等級":"低","判定原因":"面積減少0.0%；斑塊增加0.0%；平均斑塊縮小0.2%；道路密度0.00 km/km²；孤立比例0.0%；距大型綠地0m","2021面積_ha":104.04,"2022面積_ha":104.04,"2023面積_ha":104.04}},{"type":"Feature","geometry":{"type":"Polygon","coordinates":[[[121.63210880191812,24.621478619909205],[121.63215420923247,24.63050690198032],[121.64203113537042,24.630465061823173],[121.64198501871935,24.621436797086474],[121.63210880191812,24.621478619909205]]]},"properties":{"grid_id":"G035_032","綠地類型":"森林","中心經度":121.63707,"中心緯度":24.625972,"分析面積_km2":1.04,"2020面積_ha":104.04,"2024面積_ha":104.04,"面積減少率_pct":0.0,"2020斑塊數":1,"2024斑塊數":1,"斑塊數增加率_pct":0.0,"2020平均斑塊面積_ha":172555.65,"2024平均斑塊面積_ha":172145.43,"平均斑塊面積下降率_pct":0.24,"道路切割密度_km_per_km2":0.029,"建成區邊界切割密度_km_per_km2":0.0,"孤立小斑塊比例_pct":0.0,"距大型連續綠地平均距離_m":0.0,"score_面積減少":36.827195467422094,"score_斑塊增加":46.81303116147309,"score_平均斑塊縮小":50.63739376770538,"score_道路建成區切割":35.87110481586403,"score_孤立比例":45.34938621340888,"score_距大型綠地":44.66477809254013,"綜合破碎化分數":43.4,"破碎化等級":"低","判定原因":"面積減少0.0%；斑塊增加0.0%；平均斑塊縮小0.2%；道路密度0.03 km/km²；孤立比例0.0%；距大型綠地0m","2021面積_ha":104.04,"2022面積_ha":104.04,"2023面積_ha":104.04}},{"type":"Feature","geometry":{"type":"Polygon","coordinates":[[[121.45439874268632,24.640177652597583],[121.45436608861066,24.63114911533346],[121.44448880102533,24.63117863190342],[121.44450881549922,24.6368359250828],[121.44471430000002,24.636989799999995],[121.4449875,24.637268199999998],[121.4452308,24.6376476],[121.4453752,24.6381026],[121.4454711,24.638738200000002],[121.4455939,24.639298000000004],[121.4456041,24.639498999999997],[121.4455834,24.6397924],[121.4454717,24.6401385],[121.44542698275285,24.64020449937448],[121.45439874268632,24.640177652597583]]]},"properties":{"grid_id":"G036_013","綠地類型":"森林","中心經度":121.449438,"中心緯度":24.633993,"分析面積_km2":1.004,"2020面積_ha":100.44,"2024面積_ha":100.44,"面積減少率_pct":0.0,"2020斑塊數":1,"2024斑塊數":1,"斑塊數增加率_pct":0.0,"2020平均斑塊面積_ha":172555.65,"2024平均斑塊面積_ha":172145.43,"平均斑塊面積下降率_pct":0.24,"道路切割密度_km_per_km2":0.418,"建成區邊界切割密度_km_per_km2":0.0,"孤立小斑塊比例_pct":0.0,"距大型連續綠地平均距離_m":0.0,"score_面積減少":36.827195467422094,"score_斑塊增加":46.81303116147309,"score_平均斑塊縮小":50.63739376770538,"score_道路建成區切割":38.46789423984892,"score_孤立比例":45.34938621340888,"score_距大型綠地":44.66477809254013,"綜合破碎化分數":43.8,"破碎化等級":"低","判定原因":"面積減少0.0%；斑塊增加0.0%；平均斑塊縮小0.2%；道路密度0.42 km/km²；孤立比例0.0%；距大型綠地0m","2021面積_ha":100.44,"2022面積_ha":100.44,"2023面積_ha":100.44}},{"type":"Feature","geometry":{"type":"Polygon","coordinates":[[[121.45436608861066,24.63114911533346],[121.45439874268632,24.640177652597583],[121.46427672415214,24.640147474876354],[121.46424336028483,24.63111895011158],[121.45436608861066,24.63114911533346]]]},"properties":{"grid_id":"G036_014","綠地類型":"森林","中心經度":121.459321,"中心緯度":24.635648,"分析面積_km2":1.04,"2020面積_ha":104.04,"2024面積_ha":104.04,"面積減少率_pct":0.0,"2020斑塊數":1,"2024斑塊數":1,"斑塊數增加率_pct":0.0,"2020平均斑塊面積_ha":172555.65,"2024平均斑塊面積_ha":172145.43,"平均斑塊面積下降率_pct":0.24,"道路切割密度_km_per_km2":0.231,"建成區邊界切割密度_km_per_km2":0.0,"孤立小斑塊比例_pct":0.0,"距大型連續綠地平均距離_m":0.0,"score_面積減少":36.827195467422094,"score_斑塊增加":46.81303116147309,"score_平均斑塊縮小":50.63739376770538,"score_道路建成區切割":37.31114258734655,"score_孤立比例":45.34938621340888,"score_距大型綠地":44.66477809254013,"綜合破碎化分數":43.6,"破碎化等級":"低","判定原因":"面積減少0.0%；斑塊增加0.0%；平均斑塊縮小0.2%；道路密度0.23 km/km²；孤立比例0.0%；距大型綠地0m","2021面積_ha":104.04,"2022面積_ha":104.04,"2023面積_ha":104.04}},{"type":"Feature","geometry":{"type":"Polygon","coordinates":[[[121.46424336028483,24.63111895011158],[121.46427672415214,24.640147474876354],[121.4741546893558,24.6401166482386],[121.474120615702,24.631088136241946],[121.46424336028483,24.63111895011158]]]},"properties":{"grid_id":"G036_015","綠地類型":"森林","中心經度":121.469199,"中心緯度":24.635618,"分析面積_km2":1.04,"2020面積_ha":104.04,"2024面積_ha":104.04,"面積減少率_pct":0.0,"2020斑塊數":1,"2024斑塊數":1,"斑塊數增加率_pct":0.0,"2020平均斑塊面積_ha":172555.65,"2024平均斑塊面積_ha":172145.43,"平均斑塊面積下降率_pct":0.24,"道路切割密度_km_per_km2":0.0,"建成區邊界切割密度_km_per_km2":0.0,"孤立小斑塊比例_pct":0.0,"距大型連續綠地平均距離_m":0.0,"score_面積減少":36.827195467422094,"score_斑塊增加":46.81303116147309,"score_平均斑塊縮小":50.63739376770538,"score_道路建成區切割":27.47875354107649,"score_孤立比例":45.34938621340888,"score_距大型綠地":44.66477809254013,"綜合破碎化分數":42.0,"破碎化等級":"低","判定原因":"面積減少0.0%；斑塊增加0.0%；平均斑塊縮小0.2%；道路密度0.00 km/km²；孤立比例0.0%；距大型綠地0m","2021面積_ha":104.04,"2022面積_ha":104.04,"2023面積_ha":104.04}},{"type":"Feature","geometry":{"type":"Polygon","coordinates":[[[121.49387507638204,24.631024562576503],[121.49391056959296,24.640053048230637],[121.50378848393457,24.64002027486921],[121.50375228095324,24.630991802789488],[121.49387507638204,24.631024562576503]]]},"properties":{"grid_id":"G036_018","綠地類型":"森林","中心經度":121.498832,"中心緯度":24.635523,"分析面積_km2":1.04,"2020面積_ha":104.04,"2024面積_ha":104.04,"面積減少率_pct":0.0,"2020斑塊數":1,"2024斑塊數":1,"斑塊數增加率_pct":0.0,"2020平均斑塊面積_ha":172555.65,"2024平均斑塊面積_ha":172145.43,"平均斑塊面積下降率_pct":0.24,"道路切割密度_km_per_km2":0.0,"建成區邊界切割密度_km_per_km2":0.0,"孤立小斑塊比例_pct":0.0,"距大型連續綠地平均距離_m":0.0,"score_面積減少":36.827195467422094,"score_斑塊增加":46.81303116147309,"score_平均斑塊縮小":50.63739376770538,"score_道路建成區切割":27.47875354107649,"score_孤立比例":45.34938621340888,"score_距大型綠地":44.66477809254013,"綜合破碎化分數":42.0,"破碎化等級":"低","判定原因":"面積減少0.0%；斑塊增加0.0%；平均斑塊縮小0.2%；道路密度0.00 km/km²；孤立比例0.0%；距大型綠地0m","2021面積_ha":104.04,"2022面積_ha":104.04,"2023面積_ha":104.04}},{"type":"Feature","geometry":{"type":"Polygon","coordinates":[[[121.53338378744154,24.63088963166584],[121.53342211970029,24.639918061409787],[121.54329996138271,24.639882692480615],[121.5432609193765,24.630854277386106],[121.53338378744154,24.63088963166584]]]},"properties":{"grid_id":"G036_022","綠地類型":"森林","中心經度":121.538342,"中心緯度":24.635386,"分析面積_km2":1.04,"2020面積_ha":104.04,"2024面積_ha":104.04,"面積減少率_pct":0.0,"2020斑塊數":1,"2024斑塊數":1,"斑塊數增加率_pct":0.0,"2020平均斑塊面積_ha":172555.65,"2024平均斑塊面積_ha":172145.43,"平均斑塊面積下降率_pct":0.24,"道路切割密度_km_per_km2":0.375,"建成區邊界切割密度_km_per_km2":0.0,"孤立小斑塊比例_pct":0.0,"距大型連續綠地平均距離_m":0.0,"score_面積減少":36.827195467422094,"score_斑塊增加":46.81303116147309,"score_平均斑塊縮小":50.63739376770538,"score_道路建成區切割":38.26723323890462,"score_孤立比例":45.34938621340888,"score_距大型綠地":44.66477809254013,"綜合破碎化分數":43.8,"破碎化等級":"低","判定原因":"面積減少0.0%；斑塊增加0.0%；平均斑塊縮小0.2%；道路密度0.38 km/km²；孤立比例0.0%；距大型綠地0m","2021面積_ha":104.04,"2022面積_ha":104.04,"2023面積_ha":104.04}},{"type":"Feature","geometry":{"type":"Polygon","coordinates":[[[121.68153861164946,24.630291215679467],[121.68158758943989,24.63931939746421],[121.69146510935855,24.63927429589909],[121.69141542192224,24.63024613279476],[121.68153861164946,24.630291215679467]]]},"properties":{"grid_id":"G036_037","綠地類型":"森林","中心經度":121.686502,"中心緯度":24.634783,"分析面積_km2":1.04,"2020面積_ha":104.04,"2024面積_ha":104.04,"面積減少率_pct":0.0,"2020斑塊數":1,"2024斑塊數":1,"斑塊數增加率_pct":0.0,"2020平均斑塊面積_ha":172555.65,"2024平均斑塊面積_ha":172145.43,"平均斑塊面積下降率_pct":0.24,"道路切割密度_km_per_km2":0.0,"建成區邊界切割密度_km_per_km2":0.0,"孤立小斑塊比例_pct":0.0,"距大型連續綠地平均距離_m":0.0,"score_面積減少":36.827195467422094,"score_斑塊增加":46.81303116147309,"score_平均斑塊縮小":50.63739376770538,"score_道路建成區切割":27.47875354107649,"score_孤立比例":45.34938621340888,"score_距大型綠地":44.66477809254013,"綜合破碎化分數":42.0,"破碎化等級":"低","判定原因":"面積減少0.0%；斑塊增加0.0%；平均斑塊縮小0.2%；道路密度0.00 km/km²；孤立比例0.0%；距大型綠地0m","2021面積_ha":104.04,"2022面積_ha":104.04,"2023面積_ha":104.04}},{"type":"Feature","geometry":{"type":"Polygon","coordinates":[[[121.642077274503,24.639493315642444],[121.64212343612418,24.648521558541304],[121.65200175947726,24.648479034613178],[121.65195488783482,24.639450809322323],[121.642077274503,24.639493315642444]]]},"properties":{"grid_id":"G037_033","綠地類型":"森林","中心經度":121.647039,"中心緯度":24.643986,"分析面積_km2":1.04,"2020面積_ha":104.04,"2024面積_ha":104.04,"面積減少率_pct":0.0,"2020斑塊數":1,"2024斑塊數":1,"斑塊數增加率_pct":0.0,"2020平均斑塊面積_ha":172555.65,"2024平均斑塊面積_ha":172145.43,"平均斑塊面積下降率_pct":0.24,"道路切割密度_km_per_km2":0.0,"建成區邊界切割密度_km_per_km2":0.0,"孤立小斑塊比例_pct":0.0,"距大型連續綠地平均距離_m":0.0,"score_面積減少":36.827195467422094,"score_斑塊增加":46.81303116147309,"score_平均斑塊縮小":50.63739376770538,"score_道路建成區切割":27.47875354107649,"score_孤立比例":45.34938621340888,"score_距大型綠地":44.66477809254013,"綜合破碎化分數":42.0,"破碎化等級":"低","判定原因":"面積減少0.0%；斑塊增加0.0%；平均斑塊縮小0.2%；道路密度0.00 km/km²；孤立比例0.0%；距大型綠地0m","2021面積_ha":104.04,"2022面積_ha":104.04,"2023面積_ha":104.04}},{"type":"Feature","geometry":{"type":"Polygon","coordinates":[[[121.66183247833214,24.639407654181923],[121.66188005998866,24.64843586159601],[121.67175833731234,24.64839203949576],[121.67171004564914,24.639363850227202],[121.66183247833214,24.639407654181923]]]},"properties":{"grid_id":"G037_035","綠地類型":"森林","中心經度":121.666795,"中心緯度":24.6439,"分析面積_km2":1.04,"2020面積_ha":104.04,"2024面積_ha":104.04,"面積減少率_pct":0.0,"2020斑塊數":1,"2024斑塊數":1,"斑塊數增加率_pct":0.0,"2020平均斑塊面積_ha":172555.65,"2024平均斑塊面積_ha":172145.43,"平均斑塊面積下降率_pct":0.24,"道路切割密度_km_per_km2":0.0,"建成區邊界切割密度_km_per_km2":0.0,"孤立小斑塊比例_pct":0.0,"距大型連續綠地平均距離_m":0.0,"score_面積減少":36.827195467422094,"score_斑塊增加":46.81303116147309,"score_平均斑塊縮小":50.63739376770538,"score_道路建成區切割":27.47875354107649,"score_孤立比例":45.34938621340888,"score_距大型綠地":44.66477809254013,"綜合破碎化分數":42.0,"破碎化等級":"低","判定原因":"面積減少0.0%；斑塊增加0.0%；平均斑塊縮小0.2%；道路密度0.00 km/km²；孤立比例0.0%；距大型綠地0m","2021面積_ha":104.04,"2022面積_ha":104.04,"2023面積_ha":104.04}},{"type":"Feature","geometry":{"type":"Polygon","coordinates":[[[121.5038247045618,24.64904873605902],[121.50386094284052,24.658077186355946],[121.51374026010383,24.65804373640343],[121.5137033113683,24.64901529995354],[121.5038247045618,24.64904873605902]]]},"properties":{"grid_id":"G038_019","綠地類型":"森林","中心經度":121.508782,"中心緯度":24.653546,"分析面積_km2":1.04,"2020面積_ha":99.72,"2024面積_ha":99.99,"面積減少率_pct":0.0,"2020斑塊數":1,"2024斑塊數":1,"斑塊數增加率_pct":0.0,"2020平均斑塊面積_ha":172555.65,"2024平均斑塊面積_ha":172145.43,"平均斑塊面積下降率_pct":0.24,"道路切割密度_km_per_km2":0.375,"建成區邊界切割密度_km_per_km2":0.0,"孤立小斑塊比例_pct":0.0,"距大型連續綠地平均距離_m":0.0,"score_面積減少":36.827195467422094,"score_斑塊增加":46.81303116147309,"score_平均斑塊縮小":50.63739376770538,"score_道路建成區切割":38.26723323890462,"score_孤立比例":45.34938621340888,"score_距大型綠地":44.66477809254013,"綜合破碎化分數":43.8,"破碎化等級":"低","判定原因":"面積減少0.0%；斑塊增加0.0%；平均斑塊縮小0.2%；道路密度0.38 km/km²；孤立比例0.0%；距大型綠地0m","2021面積_ha":100.17,"2022面積_ha":98.28,"2023面積_ha":99.36}},{"type":"Feature","geometry":{"type":"Polygon","coordinates":[[[121.53346047064272,24.648946480257898],[121.53349884027472,24.657974888207214],[121.54337810249001,24.65793948997303],[121.54333902241855,24.648911096677242],[121.53346047064272,24.648946480257898]]]},"properties":{"grid_id":"G038_022","綠地類型":"森林","中心經度":121.538419,"中心緯度":24.653443,"分析面積_km2":1.04,"2020面積_ha":104.04,"2024面積_ha":104.04,"面積減少率_pct":0.0,"2020斑塊數":1,"2024斑塊數":1,"斑塊數增加率_pct":0.0,"2020平均斑塊面積_ha":172555.65,"2024平均斑塊面積_ha":172145.43,"平均斑塊面積下降率_pct":0.24,"道路切割密度_km_per_km2":0.0,"建成區邊界切割密度_km_per_km2":0.0,"孤立小斑塊比例_pct":0.0,"距大型連續綠地平均距離_m":0.0,"score_面積減少":36.827195467422094,"score_斑塊增加":46.81303116147309,"score_平均斑塊縮小":50.63739376770538,"score_道路建成區切割":27.47875354107649,"score_孤立比例":45.34938621340888,"score_距大型綠地":44.66477809254013,"綜合破碎化分數":42.0,"破碎化等級":"低","判定原因":"面積減少0.0%；斑塊增加0.0%；平均斑塊縮小0.2%；道路密度0.00 km/km²；孤立比例0.0%；距大型綠地0m","2021面積_ha":104.04,"2022面積_ha":104.04,"2023面積_ha":104.04}},{"type":"Feature","geometry":{"type":"Polygon","coordinates":[[[121.83968516886917,24.647547760294973],[121.83974555883482,24.656575588993512],[121.84120605807644,24.65656742038334],[121.84208830000001,24.653283900000005],[121.8425979,24.6514785],[121.8428879,24.650968599999995],[121.8434125,24.6494612],[121.84371420000001,24.6484732],[121.84399244196538,24.647523637056324],[121.83968516886917,24.647547760294973]]]},"properties":{"grid_id":"G038_053","綠地類型":"森林","中心經度":121.84103,"中心緯度":24.652389,"分析面積_km2":0.31,"2020面積_ha":23.94,"2024面積_ha":23.94,"面積減少率_pct":0.0,"2020斑塊數":1,"2024斑塊數":1,"斑塊數增加率_pct":0.0,"2020平均斑塊面積_ha":175.77,"2024平均斑塊面積_ha":179.46,"平均斑塊面積下降率_pct":0.0,"道路切割密度_km_per_km2":4.36,"建成區邊界切割密度_km_per_km2":1.357,"孤立小斑塊比例_pct":0.0,"距大型連續綠地平均距離_m":0.0,"score_面積減少":36.827195467422094,"score_斑塊增加":46.81303116147309,"score_平均斑塊縮小":3.7535410764872523,"score_道路建成區切割":86.68555240793202,"score_孤立比例":45.34938621340888,"score_距大型綠地":44.66477809254013,"綜合破碎化分數":44.0,"破碎化等級":"低","判定原因":"面積減少0.0%；斑塊增加0.0%；平均斑塊縮小0.0%；道路密度4.36 km/km²；孤立比例0.0%；距大型綠地0m","2021面積_ha":23.13,"2022面積_ha":22.32,"2023面積_ha":23.49}},{"type":"Feature","geometry":{"type":"Polygon","coordinates":[[[121.46437691334735,24.66723298386351],[121.46434350067824,24.65820449175527],[121.45446409859126,24.65823469448043],[121.45449196050895,24.665927244690224],[121.45458070000001,24.666204499999996],[121.45475470000001,24.666929300000003],[121.454850403539,24.667262128920306],[121.46437691334735,24.66723298386351]]]},"properties":{"grid_id":"G039_014","綠地類型":"森林","中心經度":121.459418,"中心緯度":24.662066,"分析面積_km2":1.033,"2020面積_ha":103.32,"2024面積_ha":103.32,"面積減少率_pct":0.0,"2020斑塊數":1,"2024斑塊數":1,"斑塊數增加率_pct":0.0,"2020平均斑塊面積_ha":172555.65,"2024平均斑塊面積_ha":172145.43,"平均斑塊面積下降率_pct":0.24,"道路切割密度_km_per_km2":0.319,"建成區邊界切割密度_km_per_km2":0.0,"孤立小斑塊比例_pct":0.0,"距大型連續綠地平均距離_m":0.0,"score_面積減少":36.827195467422094,"score_斑塊增加":46.81303116147309,"score_平均斑塊縮小":50.63739376770538,"score_道路建成區切割":37.877714825306896,"score_孤立比例":45.34938621340888,"score_距大型綠地":44.66477809254013,"綜合破碎化分數":43.7,"破碎化等級":"低","判定原因":"面積減少0.0%；斑塊增加0.0%；平均斑塊縮小0.2%；道路密度0.32 km/km²；孤立比例0.0%；距大型綠地0m","2021面積_ha":103.32,"2022面積_ha":103.32,"2023面積_ha":103.32}},{"type":"Feature","geometry":{"type":"Polygon","coordinates":[[[121.50386094284052,24.658077186355946],[121.50389719877626,24.66710562575705],[121.51377722684258,24.66707216195556],[121.51374026010383,24.65804373640343],[121.50386094284052,24.658077186355946]]]},"properties":{"grid_id":"G039_019","綠地類型":"森林","中心經度":121.508819,"中心緯度":24.662575,"分析面積_km2":1.04,"2020面積_ha":104.04,"2024面積_ha":104.04,"面積減少率_pct":0.0,"2020斑塊數":1,"2024斑塊數":1,"斑塊數增加率_pct":0.0,"2020平均斑塊面積_ha":172555.65,"2024平均斑塊面積_ha":172145.43,"平均斑塊面積下降率_pct":0.24,"道路切割密度_km_per_km2":0.202,"建成區邊界切割密度_km_per_km2":0.0,"孤立小斑塊比例_pct":0.0,"距大型連續綠地平均距離_m":0.0,"score_面積減少":36.827195467422094,"score_斑塊增加":46.81303116147309,"score_平均斑塊縮小":50.63739376770538,"score_道路建成區切割":37.08687440982059,"score_孤立比例":45.34938621340888,"score_距大型綠地":44.66477809254013,"綜合破碎化分數":43.6,"破碎化等級":"低","判定原因":"面積減少0.0%；斑塊增加0.0%；平均斑塊縮小0.2%；道路密度0.20 km/km²；孤立比例0.0%；距大型綠地0m","2021面積_ha":104.04,"2022面積_ha":104.04,"2023面積_ha":104.04}},{"type":"Feature","geometry":{"type":"Polygon","coordinates":[[[121.53349884027472,24.657974888207214],[121.53353722860226,24.667003285254793],[121.54341720160312,24.666967872365024],[121.54337810249001,24.65793948997303],[121.53349884027472,24.657974888207214]]]},"properties":{"grid_id":"G039_022","綠地類型":"森林","中心經度":121.538458,"中心緯度":24.662471,"分析面積_km2":1.04,"2020面積_ha":104.04,"2024面積_ha":104.04,"面積減少率_pct":0.0,"2020斑塊數":1,"2024斑塊數":1,"斑塊數增加率_pct":0.0,"2020平均斑塊面積_ha":172555.65,"2024平均斑塊面積_ha":172145.43,"平均斑塊面積下降率_pct":0.24,"道路切割密度_km_per_km2":0.0,"建成區邊界切割密度_km_per_km2":0.0,"孤立小斑塊比例_pct":0.0,"距大型連續綠地平均距離_m":0.0,"score_面積減少":36.827195467422094,"score_斑塊增加":46.81303116147309,"score_平均斑塊縮小":50.63739376770538,"score_道路建成區切割":27.47875354107649,"score_孤立比例":45.34938621340888,"score_距大型綠地":44.66477809254013,"綜合破碎化分數":42.0,"破碎化等級":"低","判定原因":"面積減少0.0%；斑塊增加0.0%；平均斑塊縮小0.2%；道路密度0.00 km/km²；孤立比例0.0%；距大型綠地0m","2021面積_ha":104.04,"2022面積_ha":104.04,"2023面積_ha":104.04}},{"type":"Feature","geometry":{"type":"Polygon","coordinates":[[[121.54337810249001,24.65793948997303],[121.54341720160312,24.666967872365024],[121.55329715555631,24.66693180978884],[121.55325734566362,24.65790344232128],[121.54337810249001,24.65793948997303]]]},"properties":{"grid_id":"G039_023","綠地類型":"森林","中心經度":121.548337,"中心緯度":24.662436,"分析面積_km2":1.04,"2020面積_ha":104.04,"2024面積_ha":104.04,"面積減少率_pct":0.0,"2020斑塊數":1,"2024斑塊數":1,"斑塊數增加率_pct":0.0,"2020平均斑塊面積_ha":172555.65,"2024平均斑塊面積_ha":172145.43,"平均斑塊面積下降率_pct":0.24,"道路切割密度_km_per_km2":0.0,"建成區邊界切割密度_km_per_km2":0.0,"孤立小斑塊比例_pct":0.0,"距大型連續綠地平均距離_m":0.0,"score_面積減少":36.827195467422094,"score_斑塊增加":46.81303116147309,"score_平均斑塊縮小":50.63739376770538,"score_道路建成區切割":27.47875354107649,"score_孤立比例":45.34938621340888,"score_距大型綠地":44.66477809254013,"綜合破碎化分數":42.0,"破碎化等級":"低","判定原因":"面積減少0.0%；斑塊增加0.0%；平均斑塊縮小0.2%；道路密度0.00 km/km²；孤立比例0.0%；距大型綠地0m","2021面積_ha":104.04,"2022面積_ha":104.04,"2023面積_ha":104.04}},{"type":"Feature","geometry":{"type":"Polygon","coordinates":[[[121.55325734566362,24.65790344232128],[121.55329715555631,24.66693180978884],[121.56317709011559,24.666895097531206],[121.5631365694495,24.65786674525696],[121.55325734566362,24.65790344232128]]]},"properties":{"grid_id":"G039_024","綠地類型":"森林","中心經度":121.558217,"中心緯度":24.662399,"分析面積_km2":1.04,"2020面積_ha":104.04,"2024面積_ha":104.04,"面積減少率_pct":0.0,"2020斑塊數":1,"2024斑塊數":1,"斑塊數增加率_pct":0.0,"2020平均斑塊面積_ha":172555.65,"2024平均斑塊面積_ha":172145.43,"平均斑塊面積下降率_pct":0.24,"道路切割密度_km_per_km2":0.231,"建成區邊界切割密度_km_per_km2":0.0,"孤立小斑塊比例_pct":0.0,"距大型連續綠地平均距離_m":0.0,"score_面積減少":36.827195467422094,"score_斑塊增加":46.81303116147309,"score_平均斑塊縮小":50.63739376770538,"score_道路建成區切割":37.31114258734655,"score_孤立比例":45.34938621340888,"score_距大型綠地":44.66477809254013,"綜合破碎化分數":43.6,"破碎化等級":"低","判定原因":"面積減少0.0%；斑塊增加0.0%；平均斑塊縮小0.2%；道路密度0.23 km/km²；孤立比例0.0%；距大型綠地0m","2021面積_ha":104.04,"2022面積_ha":104.04,"2023面積_ha":104.04}},{"type":"Feature","geometry":{"type":"Polygon","coordinates":[[[121.53353722860226,24.667003285254793],[121.5335756356312,24.676031671397674],[121.54345631976388,24.675996243850285],[121.54341720160312,24.666967872365024],[121.53353722860226,24.667003285254793]]]},"properties":{"grid_id":"G040_022","綠地類型":"森林","中心經度":121.538497,"中心緯度":24.6715,"分析面積_km2":1.04,"2020面積_ha":104.04,"2024面積_ha":104.04,"面積減少率_pct":0.0,"2020斑塊數":1,"2024斑塊數":1,"斑塊數增加率_pct":0.0,"2020平均斑塊面積_ha":172555.65,"2024平均斑塊面積_ha":172145.43,"平均斑塊面積下降率_pct":0.24,"道路切割密度_km_per_km2":0.0,"建成區邊界切割密度_km_per_km2":0.0,"孤立小斑塊比例_pct":0.0,"距大型連續綠地平均距離_m":0.0,"score_面積減少":36.827195467422094,"score_斑塊增加":46.81303116147309,"score_平均斑塊縮小":50.63739376770538,"score_道路建成區切割":27.47875354107649,"score_孤立比例":45.34938621340888,"score_距大型綠地":44.66477809254013,"綜合破碎化分數":42.0,"破碎化等級":"低","判定原因":"面積減少0.0%；斑塊增加0.0%；平均斑塊縮小0.2%；道路密度0.00 km/km²；孤立比例0.0%；距大型綠地0m","2021面積_ha":104.04,"2022面積_ha":104.04,"2023面積_ha":104.04}},{"type":"Feature","geometry":{"type":"Polygon","coordinates":[[[121.55329715555631,24.66693180978884],[121.55333698484286,24.675960166347565],[121.56321763052183,24.675923438894507],[121.56317709011559,24.666895097531206],[121.55329715555631,24.66693180978884]]]},"properties":{"grid_id":"G040_024","綠地類型":"森林","中心經度":121.558257,"中心緯度":24.671428,"分析面積_km2":1.04,"2020面積_ha":104.04,"2024面積_ha":104.04,"面積減少率_pct":0.0,"2020斑塊數":1,"2024斑塊數":1,"斑塊數增加率_pct":0.0,"2020平均斑塊面積_ha":172555.65,"2024平均斑塊面積_ha":172145.43,"平均斑塊面積下降率_pct":0.24,"道路切割密度_km_per_km2":0.346,"建成區邊界切割密度_km_per_km2":0.0,"孤立小斑塊比例_pct":0.0,"距大型連續綠地平均距離_m":0.0,"score_面積減少":36.827195467422094,"score_斑塊增加":46.81303116147309,"score_平均斑塊縮小":50.63739376770538,"score_道路建成區切割":38.03116147308782,"score_孤立比例":45.34938621340888,"score_距大型綠地":44.66477809254013,"綜合破碎化分數":43.7,"破碎化等級":"低","判定原因":"面積減少0.0%；斑塊增加0.0%；平均斑塊縮小0.2%；道路密度0.35 km/km²；孤立比例0.0%；距大型綠地0m","2021面積_ha":104.04,"2022面積_ha":104.04,"2023面積_ha":104.04}},{"type":"Feature","geometry":{"type":"Polygon","coordinates":[[[121.5335756356312,24.676031671397674],[121.53361406136744,24.68506004663291],[121.54349545697833,24.685024604425845],[121.54345631976388,24.675996243850285],[121.5335756356312,24.676031671397674]]]},"properties":{"grid_id":"G041_022","綠地類型":"森林","中心經度":121.538535,"中心緯度":24.680528,"分析面積_km2":1.04,"2020面積_ha":104.04,"2024面積_ha":104.04,"面積減少率_pct":0.0,"2020斑塊數":1,"2024斑塊數":1,"斑塊數增加率_pct":0.0,"2020平均斑塊面積_ha":172555.65,"2024平均斑塊面積_ha":172145.43,"平均斑塊面積下降率_pct":0.24,"道路切割密度_km_per_km2":0.0,"建成區邊界切割密度_km_per_km2":0.0,"孤立小斑塊比例_pct":0.0,"距大型連續綠地平均距離_m":0.0,"score_面積減少":36.827195467422094,"score_斑塊增加":46.81303116147309,"score_平均斑塊縮小":50.63739376770538,"score_道路建成區切割":27.47875354107649,"score_孤立比例":45.34938621340888,"score_距大型綠地":44.66477809254013,"綜合破碎化分數":42.0,"破碎化等級":"低","判定原因":"面積減少0.0%；斑塊增加0.0%；平均斑塊縮小0.2%；道路密度0.00 km/km²；孤立比例0.0%；距大型綠地0m","2021面積_ha":104.04,"2022面積_ha":104.04,"2023面積_ha":104.04}},{"type":"Feature","geometry":{"type":"Polygon","coordinates":[[[121.53361406136744,24.68506004663291],[121.52680420050787,24.685084093473865],[121.52694950000001,24.6852194],[121.5270031,24.685450699999993],[121.52717190000001,24.6869957],[121.52716020000001,24.688521999999995],[121.52718359999999,24.688580499999993],[121.5273689,24.688733600000003],[121.52786330000002,24.688939499999996],[121.5280048,24.6889501],[121.5281812,24.6888762],[121.52830270000001,24.688757999999996],[121.52897440000001,24.687719999999995],[121.5290766,24.687643],[121.5293043,24.687569699999997],[121.53016379999998,24.687550599999998],[121.53048590000002,24.687595999999992],[121.53097589999999,24.68770809999999],[121.5320669,24.687716299999998],[121.53242280000002,24.687866800000002],[121.53301880000001,24.688265399999995],[121.53330020000001,24.6884007],[121.53351670000002,24.6883846],[121.53362809329988,24.688355841774285],[121.53361406136744,24.68506004663291]]]},"properties":{"grid_id":"G042_021","綠地類型":"森林","中心經度":121.530397,"中心緯度":24.687267,"分析面積_km2":0.23,"2020面積_ha":22.95,"2024面積_ha":22.95,"面積減少率_pct":0.0,"2020斑塊數":1,"2024斑塊數":1,"斑塊數增加率_pct":0.0,"2020平均斑塊面積_ha":172555.65,"2024平均斑塊面積_ha":172145.43,"平均斑塊面積下降率_pct":0.24,"道路切割密度_km_per_km2":0.0,"建成區邊界切割密度_km_per_km2":0.0,"孤立小斑塊比例_pct":0.0,"距大型連續綠地平均距離_m":0.0,"score_面積減少":36.827195467422094,"score_斑塊增加":46.81303116147309,"score_平均斑塊縮小":50.63739376770538,"score_道路建成區切割":27.47875354107649,"score_孤立比例":45.34938621340888,"score_距大型綠地":44.66477809254013,"綜合破碎化分數":42.0,"破碎化等級":"低","判定原因":"面積減少0.0%；斑塊增加0.0%；平均斑塊縮小0.2%；道路密度0.00 km/km²；孤立比例0.0%；距大型綠地0m","2021面積_ha":22.95,"2022面積_ha":22.95,"2023面積_ha":22.95}},{"type":"Feature","geometry":{"type":"Polygon","coordinates":[[[121.56325819067446,24.684951769343893],[121.56329877057973,24.693980088876422],[121.5731808197783,24.693942680542968],[121.57313952806679,24.684914376479092],[121.56325819067446,24.684951769343893]]]},"properties":{"grid_id":"G042_025","綠地類型":"森林","中心經度":121.568219,"中心緯度":24.689447,"分析面積_km2":1.04,"2020面積_ha":104.04,"2024面積_ha":104.04,"面積減少率_pct":0.0,"2020斑塊數":1,"2024斑塊數":1,"斑塊數增加率_pct":0.0,"2020平均斑塊面積_ha":172555.65,"2024平均斑塊面積_ha":172145.43,"平均斑塊面積下降率_pct":0.24,"道路切割密度_km_per_km2":0.0,"建成區邊界切割密度_km_per_km2":0.0,"孤立小斑塊比例_pct":0.0,"距大型連續綠地平均距離_m":0.0,"score_面積減少":36.827195467422094,"score_斑塊增加":46.81303116147309,"score_平均斑塊縮小":50.63739376770538,"score_道路建成區切割":27.47875354107649,"score_孤立比例":45.34938621340888,"score_距大型綠地":44.66477809254013,"綜合破碎化分數":42.0,"破碎化等級":"低","判定原因":"面積減少0.0%；斑塊增加0.0%；平均斑塊縮小0.2%；道路密度0.00 km/km²；孤立比例0.0%；距大型綠地0m","2021面積_ha":104.04,"2022面積_ha":104.04,"2023面積_ha":104.04}},{"type":"Feature","geometry":{"type":"Polygon","coordinates":[[[121.54353461325249,24.69405295408875],[121.54357378859241,24.703081292836075],[121.55345658912739,24.703045170541237],[121.55341670162227,24.69401684672671],[121.54353461325249,24.69405295408875]]]},"properties":{"grid_id":"G043_023","綠地類型":"森林","中心經度":121.548495,"中心緯度":24.698549,"分析面積_km2":1.04,"2020面積_ha":104.04,"2024面積_ha":104.04,"面積減少率_pct":0.0,"2020斑塊數":1,"2024斑塊數":1,"斑塊數增加率_pct":0.0,"2020平均斑塊面積_ha":172555.65,"2024平均斑塊面積_ha":172145.43,"平均斑塊面積下降率_pct":0.24,"道路切割密度_km_per_km2":0.0,"建成區邊界切割密度_km_per_km2":0.0,"孤立小斑塊比例_pct":0.0,"距大型連續綠地平均距離_m":0.0,"score_面積減少":36.827195467422094,"score_斑塊增加":46.81303116147309,"score_平均斑塊縮小":50.63739376770538,"score_道路建成區切割":27.47875354107649,"score_孤立比例":45.34938621340888,"score_距大型綠地":44.66477809254013,"綜合破碎化分數":42.0,"破碎化等級":"低","判定原因":"面積減少0.0%；斑塊增加0.0%；平均斑塊縮小0.2%；道路密度0.00 km/km²；孤立比例0.0%；距大型綠地0m","2021面積_ha":104.04,"2022面積_ha":104.04,"2023面積_ha":104.04}},{"type":"Feature","geometry":{"type":"Polygon","coordinates":[[[121.55341670162227,24.69401684672671],[121.55345658912739,24.703045170541237],[121.56333937024391,24.703008397489143],[121.56329877057973,24.693980088876422],[121.55341670162227,24.69401684672671]]]},"properties":{"grid_id":"G043_024","綠地類型":"森林","中心經度":121.558378,"中心緯度":24.698513,"分析面積_km2":1.04,"2020面積_ha":104.04,"2024面積_ha":104.04,"面積減少率_pct":0.0,"2020斑塊數":1,"2024斑塊數":1,"斑塊數增加率_pct":0.0,"2020平均斑塊面積_ha":172555.65,"2024平均斑塊面積_ha":172145.43,"平均斑塊面積下降率_pct":0.24,"道路切割密度_km_per_km2":0.0,"建成區邊界切割密度_km_per_km2":0.0,"孤立小斑塊比例_pct":0.0,"距大型連續綠地平均距離_m":0.0,"score_面積減少":36.827195467422094,"score_斑塊增加":46.81303116147309,"score_平均斑塊縮小":50.63739376770538,"score_道路建成區切割":27.47875354107649,"score_孤立比例":45.34938621340888,"score_距大型綠地":44.66477809254013,"綜合破碎化分數":42.0,"破碎化等級":"低","判定原因":"面積減少0.0%；斑塊增加0.0%；平均斑塊縮小0.2%；道路密度0.00 km/km²；孤立比例0.0%；距大型綠地0m","2021面積_ha":104.04,"2022面積_ha":104.04,"2023面積_ha":104.04}},{"type":"Feature","geometry":{"type":"Polygon","coordinates":[[[121.56329877057973,24.693980088876422],[121.56333937024391,24.703008397489143],[121.57322213159529,24.702970973684863],[121.5731808197783,24.693942680542968],[121.56329877057973,24.693980088876422]]]},"properties":{"grid_id":"G043_025","綠地類型":"森林","中心經度":121.56826,"中心緯度":24.698476,"分析面積_km2":1.04,"2020面積_ha":104.04,"2024面積_ha":104.04,"面積減少率_pct":0.0,"2020斑塊數":1,"2024斑塊數":1,"斑塊數增加率_pct":0.0,"2020平均斑塊面積_ha":172555.65,"2024平均斑塊面積_ha":172145.43,"平均斑塊面積下降率_pct":0.24,"道路切割密度_km_per_km2":0.0,"建成區邊界切割密度_km_per_km2":0.0,"孤立小斑塊比例_pct":0.0,"距大型連續綠地平均距離_m":0.0,"score_面積減少":36.827195467422094,"score_斑塊增加":46.81303116147309,"score_平均斑塊縮小":50.63739376770538,"score_道路建成區切割":27.47875354107649,"score_孤立比例":45.34938621340888,"score_距大型綠地":44.66477809254013,"綜合破碎化分數":42.0,"破碎化等級":"低","判定原因":"面積減少0.0%；斑塊增加0.0%；平均斑塊縮小0.2%；道路密度0.00 km/km²；孤立比例0.0%；距大型綠地0m","2021面積_ha":104.04,"2022面積_ha":104.04,"2023面積_ha":104.04}},{"type":"Feature","geometry":{"type":"Polygon","coordinates":[[[121.5929875936159,24.702894173840566],[121.59303035052444,24.71192242430443],[121.60291376298038,24.71188303199492],[121.60287029359178,24.702854797811156],[121.5929875936159,24.702894173840566]]]},"properties":{"grid_id":"G044_028","綠地類型":"森林","中心經度":121.597951,"中心緯度":24.707389,"分析面積_km2":1.04,"2020面積_ha":104.04,"2024面積_ha":104.04,"面積減少率_pct":0.0,"2020斑塊數":1,"2024斑塊數":1,"斑塊數增加率_pct":0.0,"2020平均斑塊面積_ha":172555.65,"2024平均斑塊面積_ha":172145.43,"平均斑塊面積下降率_pct":0.24,"道路切割密度_km_per_km2":0.0,"建成區邊界切割密度_km_per_km2":0.0,"孤立小斑塊比例_pct":0.0,"距大型連續綠地平均距離_m":0.0,"score_面積減少":36.827195467422094,"score_斑塊增加":46.81303116147309,"score_平均斑塊縮小":50.63739376770538,"score_道路建成區切割":27.47875354107649,"score_孤立比例":45.34938621340888,"score_距大型綠地":44.66477809254013,"綜合破碎化分數":42.0,"破碎化等級":"低","判定原因":"面積減少0.0%；斑塊增加0.0%；平均斑塊縮小0.2%；道路密度0.00 km/km²；孤立比例0.0%；距大型綠地0m","2021面積_ha":104.04,"2022面積_ha":104.04,"2023面積_ha":104.04}},{"type":"Feature","geometry":{"type":"Polygon","coordinates":[[[121.61275297241582,24.70281477105081],[121.61279715427774,24.711842988685422],[121.62268052406988,24.711802294381485],[121.62263562974138,24.702774093565044],[121.61275297241582,24.70281477105081]]]},"properties":{"grid_id":"G044_030","綠地類型":"森林","中心經度":121.617717,"中心緯度":24.707309,"分析面積_km2":1.04,"2020面積_ha":99.99,"2024面積_ha":103.14,"面積減少率_pct":0.0,"2020斑塊數":1,"2024斑塊數":1,"斑塊數增加率_pct":0.0,"2020平均斑塊面積_ha":172555.65,"2024平均斑塊面積_ha":172145.43,"平均斑塊面積下降率_pct":0.24,"道路切割密度_km_per_km2":0.0,"建成區邊界切割密度_km_per_km2":0.0,"孤立小斑塊比例_pct":0.0,"距大型連續綠地平均距離_m":0.0,"score_面積減少":36.827195467422094,"score_斑塊增加":46.81303116147309,"score_平均斑塊縮小":50.63739376770538,"score_道路建成區切割":27.47875354107649,"score_孤立比例":45.34938621340888,"score_距大型綠地":44.66477809254013,"綜合破碎化分數":42.0,"破碎化等級":"低","判定原因":"面積減少0.0%；斑塊增加0.0%；平均斑塊縮小0.2%；道路密度0.00 km/km²；孤立比例0.0%；距大型綠地0m","2021面積_ha":98.28,"2022面積_ha":95.49,"2023面積_ha":100.17}},{"type":"Feature","geometry":{"type":"Polygon","coordinates":[[[121.65228346926058,24.702648156811975],[121.65233050094672,24.71167630555971],[121.66221378125002,24.711633007335156],[121.66216603712567,24.7026048764817],[121.65228346926058,24.702648156811975]]]},"properties":{"grid_id":"G044_034","綠地類型":"森林","中心經度":121.657248,"中心緯度":24.707141,"分析面積_km2":1.04,"2020面積_ha":76.68,"2024面積_ha":83.34,"面積減少率_pct":0.0,"2020斑塊數":2,"2024斑塊數":1,"斑塊數增加率_pct":0.0,"2020平均斑塊面積_ha":86277.87,"2024平均斑塊面積_ha":172145.43,"平均斑塊面積下降率_pct":0.0,"道路切割密度_km_per_km2":2.105,"建成區邊界切割密度_km_per_km2":1.644,"孤立小斑塊比例_pct":0.0,"距大型連續綠地平均距離_m":0.0,"score_面積減少":36.827195467422094,"score_斑塊增加":46.81303116147309,"score_平均斑塊縮小":3.7535410764872523,"score_道路建成區切割":78.97780925401322,"score_孤立比例":45.34938621340888,"score_距大型綠地":44.66477809254013,"綜合破碎化分數":42.7,"破碎化等級":"低","判定原因":"面積減少0.0%；斑塊增加0.0%；平均斑塊縮小0.0%；道路密度2.10 km/km²；孤立比例0.0%；距大型綠地0m","2021面積_ha":82.71,"2022面積_ha":72.27,"2023面積_ha":78.03}},{"type":"Feature","geometry":{"type":"Polygon","coordinates":[[[121.59307312824473,24.720950663835968],[121.59303035052444,24.71192242430443],[121.58314691725674,24.711961165608525],[121.58318736852547,24.720643176527922],[121.58337010000001,24.7205719],[121.5837716,24.720444099999998],[121.5844669,24.720267400000004],[121.5848527,24.720228599999995],[121.585336,24.720105700000005],[121.5857458,24.720041799999997],[121.58636,24.720025199999995],[121.58701410000002,24.720073000000003],[121.5872978,24.720162399999996],[121.5876804,24.720323400000005],[121.587945,24.720503599999994],[121.588226,24.720789],[121.5883935605877,24.72096909435909],[121.59307312824473,24.720950663835968]]]},"properties":{"grid_id":"G045_027","綠地類型":"森林","中心經度":121.588108,"中心緯度":24.71598,"分析面積_km2":0.994,"2020面積_ha":99.36,"2024面積_ha":99.36,"面積減少率_pct":0.0,"2020斑塊數":1,"2024斑塊數":1,"斑塊數增加率_pct":0.0,"2020平均斑塊面積_ha":172555.65,"2024平均斑塊面積_ha":172145.43,"平均斑塊面積下降率_pct":0.24,"道路切割密度_km_per_km2":0.0,"建成區邊界切割密度_km_per_km2":0.0,"孤立小斑塊比例_pct":0.0,"距大型連續綠地平均距離_m":0.0,"score_面積減少":36.827195467422094,"score_斑塊增加":46.81303116147309,"score_平均斑塊縮小":50.63739376770538,"score_道路建成區切割":27.47875354107649,"score_孤立比例":45.34938621340888,"score_距大型綠地":44.66477809254013,"綜合破碎化分數":42.0,"破碎化等級":"低","判定原因":"面積減少0.0%；斑塊增加0.0%；平均斑塊縮小0.2%；道路密度0.00 km/km²；孤立比例0.0%；距大型綠地0m","2021面積_ha":99.36,"2022面積_ha":99.36,"2023面積_ha":99.36}},{"type":"Feature","geometry":{"type":"Polygon","coordinates":[[[121.59303035052444,24.71192242430443],[121.59307312824473,24.720950663835968],[121.60295725352749,24.72091125524406],[121.60291376298038,24.71188303199492],[121.59303035052444,24.71192242430443]]]},"properties":{"grid_id":"G045_028","綠地類型":"森林","中心經度":121.597994,"中心緯度":24.716417,"分析面積_km2":1.04,"2020面積_ha":104.04,"2024面積_ha":104.04,"面積減少率_pct":0.0,"2020斑塊數":1,"2024斑塊數":1,"斑塊數增加率_pct":0.0,"2020平均斑塊面積_ha":172555.65,"2024平均斑塊面積_ha":172145.43,"平均斑塊面積下降率_pct":0.24,"道路切割密度_km_per_km2":0.0,"建成區邊界切割密度_km_per_km2":0.0,"孤立小斑塊比例_pct":0.0,"距大型連續綠地平均距離_m":0.0,"score_面積減少":36.827195467422094,"score_斑塊增加":46.81303116147309,"score_平均斑塊縮小":50.63739376770538,"score_道路建成區切割":27.47875354107649,"score_孤立比例":45.34938621340888,"score_距大型綠地":44.66477809254013,"綜合破碎化分數":42.0,"破碎化等級":"低","判定原因":"面積減少0.0%；斑塊增加0.0%；平均斑塊縮小0.2%；道路密度0.00 km/km²；孤立比例0.0%；距大型綠地0m","2021面積_ha":104.04,"2022面積_ha":104.04,"2023面積_ha":104.04}},{"type":"Feature","geometry":{"type":"Polygon","coordinates":[[[121.60291376298038,24.71188303199492],[121.60295725352749,24.72091125524406],[121.61284135764501,24.7208711953831],[121.61279715427774,24.711842988685422],[121.60291376298038,24.71188303199492]]]},"properties":{"grid_id":"G045_029","綠地類型":"森林","中心經度":121.607877,"中心緯度":24.716377,"分析面積_km2":1.04,"2020面積_ha":104.04,"2024面積_ha":104.04,"面積減少率_pct":0.0,"2020斑塊數":1,"2024斑塊數":1,"斑塊數增加率_pct":0.0,"2020平均斑塊面積_ha":172555.65,"2024平均斑塊面積_ha":172145.43,"平均斑塊面積下降率_pct":0.24,"道路切割密度_km_per_km2":0.0,"建成區邊界切割密度_km_per_km2":0.0,"孤立小斑塊比例_pct":0.0,"距大型連續綠地平均距離_m":0.0,"score_面積減少":36.827195467422094,"score_斑塊增加":46.81303116147309,"score_平均斑塊縮小":50.63739376770538,"score_道路建成區切割":27.47875354107649,"score_孤立比例":45.34938621340888,"score_距大型綠地":44.66477809254013,"綜合破碎化分數":42.0,"破碎化等級":"低","判定原因":"面積減少0.0%；斑塊增加0.0%；平均斑塊縮小0.2%；道路密度0.00 km/km²；孤立比例0.0%；距大型綠地0m","2021面積_ha":104.04,"2022面積_ha":104.04,"2023面積_ha":104.04}},{"type":"Feature","geometry":{"type":"Polygon","coordinates":[[[121.61279715427774,24.711842988685422],[121.61284135764501,24.7208711953831],[121.62272544025039,24.720830484258634],[121.62268052406988,24.711802294381485],[121.61279715427774,24.711842988685422]]]},"properties":{"grid_id":"G045_030","綠地類型":"森林","中心經度":121.617761,"中心緯度":24.716337,"分析面積_km2":1.04,"2020面積_ha":104.04,"2024面積_ha":104.04,"面積減少率_pct":0.0,"2020斑塊數":1,"2024斑塊數":1,"斑塊數增加率_pct":0.0,"2020平均斑塊面積_ha":172555.65,"2024平均斑塊面積_ha":172145.43,"平均斑塊面積下降率_pct":0.24,"道路切割密度_km_per_km2":0.0,"建成區邊界切割密度_km_per_km2":0.0,"孤立小斑塊比例_pct":0.0,"距大型連續綠地平均距離_m":0.0,"score_面積減少":36.827195467422094,"score_斑塊增加":46.81303116147309,"score_平均斑塊縮小":50.63739376770538,"score_道路建成區切割":27.47875354107649,"score_孤立比例":45.34938621340888,"score_距大型綠地":44.66477809254013,"綜合破碎化分數":42.0,"破碎化等級":"低","判定原因":"面積減少0.0%；斑塊增加0.0%；平均斑塊縮小0.2%；道路密度0.00 km/km²；孤立比例0.0%；距大型綠地0m","2021面積_ha":104.04,"2022面積_ha":104.04,"2023面積_ha":104.04}},{"type":"Feature","geometry":{"type":"Polygon","coordinates":[[[121.62268052406988,24.711802294381485],[121.62272544025039,24.720830484258634],[121.63260950099681,24.720789121876273],[121.6325638720099,24.711760949088728],[121.62268052406988,24.711802294381485]]]},"properties":{"grid_id":"G045_031","綠地類型":"森林","中心經度":121.627645,"中心緯度":24.716296,"分析面積_km2":1.04,"2020面積_ha":104.04,"2024面積_ha":104.04,"面積減少率_pct":0.0,"2020斑塊數":1,"2024斑塊數":1,"斑塊數增加率_pct":0.0,"2020平均斑塊面積_ha":172555.65,"2024平均斑塊面積_ha":172145.43,"平均斑塊面積下降率_pct":0.24,"道路切割密度_km_per_km2":0.0,"建成區邊界切割密度_km_per_km2":0.0,"孤立小斑塊比例_pct":0.0,"距大型連續綠地平均距離_m":0.0,"score_面積減少":36.827195467422094,"score_斑塊增加":46.81303116147309,"score_平均斑塊縮小":50.63739376770538,"score_道路建成區切割":27.47875354107649,"score_孤立比例":45.34938621340888,"score_距大型綠地":44.66477809254013,"綜合破碎化分數":42.0,"破碎化等級":"低","判定原因":"面積減少0.0%；斑塊增加0.0%；平均斑塊縮小0.2%；道路密度0.00 km/km²；孤立比例0.0%；距大型綠地0m","2021面積_ha":104.04,"2022面積_ha":104.04,"2023面積_ha":104.04}},{"type":"Feature","geometry":{"type":"Polygon","coordinates":[[[121.64244719775111,24.711718952812866],[121.64249353953737,24.720747108241746],[121.65237755552519,24.720704443360862],[121.65233050094672,24.71167630555971],[121.64244719775111,24.711718952812866]]]},"properties":{"grid_id":"G045_033","綠地類型":"森林","中心經度":121.647412,"中心緯度":24.716212,"分析面積_km2":1.04,"2020面積_ha":90.72,"2024面積_ha":92.07,"面積減少率_pct":0.0,"2020斑塊數":2,"2024斑塊數":1,"斑塊數增加率_pct":0.0,"2020平均斑塊面積_ha":86277.915,"2024平均斑塊面積_ha":172145.43,"平均斑塊面積下降率_pct":0.0,"道路切割密度_km_per_km2":2.422,"建成區邊界切割密度_km_per_km2":1.528,"孤立小斑塊比例_pct":0.0,"距大型連續綠地平均距離_m":0.0,"score_面積減少":36.827195467422094,"score_斑塊增加":46.81303116147309,"score_平均斑塊縮小":3.7535410764872523,"score_道路建成區切割":80.37063267233239,"score_孤立比例":45.34938621340888,"score_距大型綠地":44.66477809254013,"綜合破碎化分數":43.0,"破碎化等級":"低","判定原因":"面積減少0.0%；斑塊增加0.0%；平均斑塊縮小0.0%；道路密度2.42 km/km²；孤立比例0.0%；距大型綠地0m","2021面積_ha":94.95,"2022面積_ha":91.44,"2023面積_ha":93.51}},{"type":"Feature","geometry":{"type":"Polygon","coordinates":[[[121.83022570790058,24.710797345042227],[121.8302855913923,24.719825119538257],[121.8329740380242,24.71981021314891],[121.83308,24.719549100000002],[121.83326650000001,24.719176899999997],[121.8337725,24.7186072],[121.83407490000002,24.718212799999996],[121.83428809999998,24.7178174],[121.83445420000001,24.717455899999997],[121.8347904,24.716723599999995],[121.83512140000002,24.7161779],[121.83553130000001,24.715547800000003],[121.83570200000001,24.7152855],[121.836568,24.713954299999997],[121.83667029999998,24.713788000000005],[121.8366389,24.713019699999993],[121.8367811,24.71165949999999],[121.83698268886556,24.710759801369747],[121.83022570790058,24.710797345042227]]]},"properties":{"grid_id":"G045_052","綠地類型":"森林","中心經度":121.833193,"中心緯度":24.714636,"分析面積_km2":0.545,"2020面積_ha":5.04,"2024面積_ha":6.21,"面積減少率_pct":0.0,"2020斑塊數":1,"2024斑塊數":1,"斑塊數增加率_pct":0.0,"2020平均斑塊面積_ha":117.54,"2024平均斑塊面積_ha":128.79,"平均斑塊面積下降率_pct":0.0,"道路切割密度_km_per_km2":0.825,"建成區邊界切割密度_km_per_km2":0.495,"孤立小斑塊比例_pct":0.0,"距大型連續綠地平均距離_m":0.0,"score_面積減少":36.827195467422094,"score_斑塊增加":46.81303116147309,"score_平均斑塊縮小":3.7535410764872523,"score_道路建成區切割":64.56562795089707,"score_孤立比例":45.34938621340888,"score_距大型綠地":44.66477809254013,"綜合破碎化分數":40.3,"破碎化等級":"低","判定原因":"面積減少0.0%；斑塊增加0.0%；平均斑塊縮小0.0%；道路密度0.82 km/km²；孤立比例0.0%；距大型綠地0m","2021面積_ha":5.4,"2022面積_ha":4.5,"2023面積_ha":6.03}},{"type":"Feature","geometry":{"type":"Polygon","coordinates":[[[121.59307312824473,24.720950663835968],[121.5883935605877,24.72096909435909],[121.58921810000001,24.721855299999998],[121.5896811,24.722516100000004],[121.5903868,24.723380299999995],[121.5906566,24.7236575],[121.5910203,24.7238227],[121.59163210000001,24.723987999999995],[121.5920502,24.7242011],[121.59283909999999,24.724798900000003],[121.59309267170488,24.725073846798107],[121.59307312824473,24.720950663835968]]]},"properties":{"grid_id":"G046_027","綠地類型":"森林","中心經度":121.591558,"中心緯度":24.722942,"分析面積_km2":0.142,"2020面積_ha":14.22,"2024面積_ha":14.22,"面積減少率_pct":0.0,"2020斑塊數":1,"2024斑塊數":1,"斑塊數增加率_pct":0.0,"2020平均斑塊面積_ha":172555.65,"2024平均斑塊面積_ha":172145.43,"平均斑塊面積下降率_pct":0.24,"道路切割密度_km_per_km2":0.0,"建成區邊界切割密度_km_per_km2":0.0,"孤立小斑塊比例_pct":0.0,"距大型連續綠地平均距離_m":0.0,"score_面積減少":36.827195467422094,"score_斑塊增加":46.81303116147309,"score_平均斑塊縮小":50.63739376770538,"score_道路建成區切割":27.47875354107649,"score_孤立比例":45.34938621340888,"score_距大型綠地":44.66477809254013,"綜合破碎化分數":42.0,"破碎化等級":"低","判定原因":"面積減少0.0%；斑塊增加0.0%；平均斑塊縮小0.2%；道路密度0.00 km/km²；孤立比例0.0%；距大型綠地0m","2021面積_ha":14.22,"2022面積_ha":14.22,"2023面積_ha":14.22}},{"type":"Feature","geometry":{"type":"Polygon","coordinates":[[[121.60300076523986,24.729939467555642],[121.60295725352749,24.72091125524406],[121.59307312824473,24.720950663835968],[121.59309267170488,24.725073846798107],[121.5933516,24.7253546],[121.59362910000002,24.725605999999996],[121.5943437,24.7260305],[121.5955678,24.726637699999998],[121.5959572,24.726867999999996],[121.59615439999999,24.726926],[121.5965544,24.726900599999997],[121.59668849999998,24.726942199999996],[121.5969546,24.7271985],[121.59739950000001,24.7275279],[121.5975689,24.7277194],[121.59761439999998,24.727816999999998],[121.59762239999999,24.7281729],[121.5979178,24.728861900000002],[121.597925,24.7290661],[121.5978862,24.729209999999995],[121.59780969999998,24.729253799999995],[121.59757329999998,24.729264000000004],[121.5969047,24.729143999999994],[121.59676940000001,24.729197599999996],[121.5957759,24.7293157],[121.59553220000001,24.729318099999997],[121.59494590000001,24.7292405],[121.594331,24.729244200000004],[121.5940679,24.7292973],[121.5938692,24.729451200000003],[121.5937289,24.729753899999995],[121.59368789999999,24.729923799999998],[121.59368245631201,24.72997665047819],[121.60300076523986,24.729939467555642]]]},"properties":{"grid_id":"G046_028","綠地類型":"森林","中心經度":121.598235,"中心緯度":24.725461,"分析面積_km2":0.888,"2020面積_ha":88.83,"2024面積_ha":88.83,"面積減少率_pct":0.0,"2020斑塊數":1,"2024斑塊數":1,"斑塊數增加率_pct":0.0,"2020平均斑塊面積_ha":172555.65,"2024平均斑塊面積_ha":172145.43,"平均斑塊面積下降率_pct":0.24,"道路切割密度_km_per_km2":0.034,"建成區邊界切割密度_km_per_km2":0.0,"孤立小斑塊比例_pct":0.0,"距大型連續綠地平均距離_m":0.0,"score_面積減少":36.827195467422094,"score_斑塊增加":46.81303116147309,"score_平均斑塊縮小":50.63739376770538,"score_道路建成區切割":36.083569405099155,"score_孤立比例":45.34938621340888,"score_距大型綠地":44.66477809254013,"綜合破碎化分數":43.4,"破碎化等級":"低","判定原因":"面積減少0.0%；斑塊增加0.0%；平均斑塊縮小0.2%；道路密度0.03 km/km²；孤立比例0.0%；距大型綠地0m","2021面積_ha":88.83,"2022面積_ha":88.83,"2023面積_ha":88.83}},{"type":"Feature","geometry":{"type":"Polygon","coordinates":[[[121.60295725352749,24.72091125524406],[121.60300076523986,24.729939467555642],[121.61288558252434,24.7298993911409],[121.61284135764501,24.7208711953831],[121.60295725352749,24.72091125524406]]]},"properties":{"grid_id":"G046_029","綠地類型":"森林","中心經度":121.607921,"中心緯度":24.725405,"分析面積_km2":1.04,"2020面積_ha":104.04,"2024面積_ha":104.04,"面積減少率_pct":0.0,"2020斑塊數":1,"2024斑塊數":1,"斑塊數增加率_pct":0.0,"2020平均斑塊面積_ha":172555.65,"2024平均斑塊面積_ha":172145.43,"平均斑塊面積下降率_pct":0.24,"道路切割密度_km_per_km2":0.0,"建成區邊界切割密度_km_per_km2":0.0,"孤立小斑塊比例_pct":0.0,"距大型連續綠地平均距離_m":0.0,"score_面積減少":36.827195467422094,"score_斑塊增加":46.81303116147309,"score_平均斑塊縮小":50.63739376770538,"score_道路建成區切割":27.47875354107649,"score_孤立比例":45.34938621340888,"score_距大型綠地":44.66477809254013,"綜合破碎化分數":42.0,"破碎化等級":"低","判定原因":"面積減少0.0%；斑塊增加0.0%；平均斑塊縮小0.2%；道路密度0.00 km/km²；孤立比例0.0%；距大型綠地0m","2021面積_ha":104.04,"2022面積_ha":104.04,"2023面積_ha":104.04}},{"type":"Feature","geometry":{"type":"Polygon","coordinates":[[[121.61284135764501,24.7208711953831],[121.61288558252434,24.7298993911409],[121.62277037828994,24.729858663193536],[121.62272544025039,24.720830484258634],[121.61284135764501,24.7208711953831]]]},"properties":{"grid_id":"G046_030","綠地類型":"森林","中心經度":121.617806,"中心緯度":24.725365,"分析面積_km2":1.04,"2020面積_ha":104.04,"2024面積_ha":104.04,"面積減少率_pct":0.0,"2020斑塊數":1,"2024斑塊數":1,"斑塊數增加率_pct":0.0,"2020平均斑塊面積_ha":172555.65,"2024平均斑塊面積_ha":172145.43,"平均斑塊面積下降率_pct":0.24,"道路切割密度_km_per_km2":0.0,"建成區邊界切割密度_km_per_km2":0.0,"孤立小斑塊比例_pct":0.0,"距大型連續綠地平均距離_m":0.0,"score_面積減少":36.827195467422094,"score_斑塊增加":46.81303116147309,"score_平均斑塊縮小":50.63739376770538,"score_道路建成區切割":27.47875354107649,"score_孤立比例":45.34938621340888,"score_距大型綠地":44.66477809254013,"綜合破碎化分數":42.0,"破碎化等級":"低","判定原因":"面積減少0.0%；斑塊增加0.0%；平均斑塊縮小0.2%；道路密度0.00 km/km²；孤立比例0.0%；距大型綠地0m","2021面積_ha":104.04,"2022面積_ha":104.04,"2023面積_ha":104.04}},{"type":"Feature","geometry":{"type":"Polygon","coordinates":[[[121.62272544025039,24.720830484258634],[121.62277037828994,24.729858663193536],[121.6326551521896,24.729817283719186],[121.63260950099681,24.720789121876273],[121.62272544025039,24.720830484258634]]]},"properties":{"grid_id":"G046_031","綠地類型":"森林","中心經度":121.62769,"中心緯度":24.725324,"分析面積_km2":1.04,"2020面積_ha":104.04,"2024面積_ha":104.04,"面積減少率_pct":0.0,"2020斑塊數":1,"2024斑塊數":1,"斑塊數增加率_pct":0.0,"2020平均斑塊面積_ha":172555.65,"2024平均斑塊面積_ha":172145.43,"平均斑塊面積下降率_pct":0.24,"道路切割密度_km_per_km2":0.0,"建成區邊界切割密度_km_per_km2":0.0,"孤立小斑塊比例_pct":0.0,"距大型連續綠地平均距離_m":0.0,"score_面積減少":36.827195467422094,"score_斑塊增加":46.81303116147309,"score_平均斑塊縮小":50.63739376770538,"score_道路建成區切割":27.47875354107649,"score_孤立比例":45.34938621340888,"score_距大型綠地":44.66477809254013,"綜合破碎化分數":42.0,"破碎化等級":"低","判定原因":"面積減少0.0%；斑塊增加0.0%；平均斑塊縮小0.2%；道路密度0.00 km/km²；孤立比例0.0%；距大型綠地0m","2021面積_ha":104.04,"2022面積_ha":104.04,"2023面積_ha":104.04}},{"type":"Feature","geometry":{"type":"Polygon","coordinates":[[[121.63260950099681,24.720789121876273],[121.6326551521896,24.729817283719186],[121.64253990387637,24.729775252723556],[121.64249353953737,24.720747108241746],[121.63260950099681,24.720789121876273]]]},"properties":{"grid_id":"G046_032","綠地類型":"森林","中心經度":121.637575,"中心緯度":24.725282,"分析面積_km2":1.04,"2020面積_ha":104.04,"2024面積_ha":104.04,"面積減少率_pct":0.0,"2020斑塊數":1,"2024斑塊數":1,"斑塊數增加率_pct":0.0,"2020平均斑塊面積_ha":172555.65,"2024平均斑塊面積_ha":172145.43,"平均斑塊面積下降率_pct":0.24,"道路切割密度_km_per_km2":0.0,"建成區邊界切割密度_km_per_km2":0.0,"孤立小斑塊比例_pct":0.0,"距大型連續綠地平均距離_m":0.0,"score_面積減少":36.827195467422094,"score_斑塊增加":46.81303116147309,"score_平均斑塊縮小":50.63739376770538,"score_道路建成區切割":27.47875354107649,"score_孤立比例":45.34938621340888,"score_距大型綠地":44.66477809254013,"綜合破碎化分數":42.0,"破碎化等級":"低","判定原因":"面積減少0.0%；斑塊增加0.0%；平均斑塊縮小0.2%；道路密度0.00 km/km²；孤立比例0.0%；距大型綠地0m","2021面積_ha":104.04,"2022面積_ha":104.04,"2023面積_ha":104.04}},{"type":"Feature","geometry":{"type":"Polygon","coordinates":[[[121.8302855913923,24.719825119538257],[121.83031625702075,24.724446431907815],[121.8303255,24.724426099999995],[121.8304712,24.7242521],[121.8307001,24.724103699999997],[121.83094940000001,24.7238577],[121.8315359,24.722718699999994],[121.8320121,24.7220939],[121.8321644,24.721760899999996],[121.83235919999998,24.721173300000004],[121.83259410000001,24.720657900000003],[121.83284669999999,24.72012399999999],[121.8329740380242,24.71981021314891],[121.8302855913923,24.719825119538257]]]},"properties":{"grid_id":"G046_052","綠地類型":"森林","中心經度":121.831038,"中心緯度":24.72241,"分析面積_km2":0.09,"2020面積_ha":3.33,"2024面積_ha":4.59,"面積減少率_pct":0.0,"2020斑塊數":1,"2024斑塊數":1,"斑塊數增加率_pct":0.0,"2020平均斑塊面積_ha":117.54,"2024平均斑塊面積_ha":128.79,"平均斑塊面積下降率_pct":0.0,"道路切割密度_km_per_km2":0.333,"建成區邊界切割密度_km_per_km2":0.0,"孤立小斑塊比例_pct":0.0,"距大型連續綠地平均距離_m":0.0,"score_面積減少":36.827195467422094,"score_斑塊增加":46.81303116147309,"score_平均斑塊縮小":3.7535410764872523,"score_道路建成區切割":37.90132200188857,"score_孤立比例":45.34938621340888,"score_距大型綠地":44.66477809254013,"綜合破碎化分數":35.9,"破碎化等級":"低","判定原因":"面積減少0.0%；斑塊增加0.0%；平均斑塊縮小0.0%；道路密度0.33 km/km²；孤立比例0.0%；距大型綠地0m","2021面積_ha":3.96,"2022面積_ha":3.78,"2023面積_ha":4.23}},{"type":"Feature","geometry":{"type":"Polygon","coordinates":[[[121.60304429812415,24.738967668926698],[121.60300076523986,24.729939467555642],[121.59368245631201,24.72997665047819],[121.5936704,24.730093699999998],[121.5937289,24.730321999999997],[121.5938984,24.7306618],[121.59421410000002,24.7311662],[121.5949272,24.7321644],[121.59505510000001,24.732441599999998],[121.5951089,24.732708199999998],[121.59509229999999,24.733083599999993],[121.5949958,24.7334265],[121.5943105,24.734596300000003],[121.59422370000001,24.7348704],[121.5942196,24.735031800000005],[121.59432100000001,24.7355358],[121.5949259,24.7366887],[121.5949668,24.736842699999997],[121.59503689999998,24.7374055],[121.5952428,24.737951899999995],[121.5953585,24.738647799999992],[121.59538600406778,24.73899828071581],[121.60304429812415,24.738967668926698]]]},"properties":{"grid_id":"G047_028","綠地類型":"森林","中心經度":121.598837,"中心緯度":24.733995,"分析面積_km2":0.868,"2020面積_ha":86.76,"2024面積_ha":86.76,"面積減少率_pct":0.0,"2020斑塊數":1,"2024斑塊數":1,"斑塊數增加率_pct":0.0,"2020平均斑塊面積_ha":172555.65,"2024平均斑塊面積_ha":172145.43,"平均斑塊面積下降率_pct":0.24,"道路切割密度_km_per_km2":0.346,"建成區邊界切割密度_km_per_km2":0.0,"孤立小斑塊比例_pct":0.0,"距大型連續綠地平均距離_m":0.0,"score_面積減少":36.827195467422094,"score_斑塊增加":46.81303116147309,"score_平均斑塊縮小":50.63739376770538,"score_道路建成區切割":38.03116147308782,"score_孤立比例":45.34938621340888,"score_距大型綠地":44.66477809254013,"綜合破碎化分數":43.7,"破碎化等級":"低","判定原因":"面積減少0.0%；斑塊增加0.0%；平均斑塊縮小0.2%；道路密度0.35 km/km²；孤立比例0.0%；距大型綠地0m","2021面積_ha":86.76,"2022面積_ha":86.76,"2023面積_ha":86.76}},{"type":"Feature","geometry":{"type":"Polygon","coordinates":[[[121.60300076523986,24.729939467555642],[121.60304429812415,24.738967668926698],[121.61292982892262,24.738927575955852],[121.61288558252434,24.7298993911409],[121.60300076523986,24.729939467555642]]]},"properties":{"grid_id":"G047_029","綠地類型":"森林","中心經度":121.607965,"中心緯度":24.734434,"分析面積_km2":1.04,"2020面積_ha":104.04,"2024面積_ha":104.04,"面積減少率_pct":0.0,"2020斑塊數":1,"2024斑塊數":1,"斑塊數增加率_pct":0.0,"2020平均斑塊面積_ha":172555.65,"2024平均斑塊面積_ha":172145.43,"平均斑塊面積下降率_pct":0.24,"道路切割密度_km_per_km2":0.0,"建成區邊界切割密度_km_per_km2":0.0,"孤立小斑塊比例_pct":0.0,"距大型連續綠地平均距離_m":0.0,"score_面積減少":36.827195467422094,"score_斑塊增加":46.81303116147309,"score_平均斑塊縮小":50.63739376770538,"score_道路建成區切割":27.47875354107649,"score_孤立比例":45.34938621340888,"score_距大型綠地":44.66477809254013,"綜合破碎化分數":42.0,"破碎化等級":"低","判定原因":"面積減少0.0%；斑塊增加0.0%；平均斑塊縮小0.2%；道路密度0.00 km/km²；孤立比例0.0%；距大型綠地0m","2021面積_ha":104.04,"2022面積_ha":104.04,"2023面積_ha":104.04}},{"type":"Feature","geometry":{"type":"Polygon","coordinates":[[[121.61288558252434,24.7298993911409],[121.61292982892262,24.738927575955852],[121.62281533819538,24.738886831183244],[121.62277037828994,24.729858663193536],[121.61288558252434,24.7298993911409]]]},"properties":{"grid_id":"G047_030","綠地類型":"森林","中心經度":121.61785,"中心緯度":24.734393,"分析面積_km2":1.04,"2020面積_ha":104.04,"2024面積_ha":104.04,"面積減少率_pct":0.0,"2020斑塊數":1,"2024斑塊數":1,"斑塊數增加率_pct":0.0,"2020平均斑塊面積_ha":172555.65,"2024平均斑塊面積_ha":172145.43,"平均斑塊面積下降率_pct":0.24,"道路切割密度_km_per_km2":0.0,"建成區邊界切割密度_km_per_km2":0.0,"孤立小斑塊比例_pct":0.0,"距大型連續綠地平均距離_m":0.0,"score_面積減少":36.827195467422094,"score_斑塊增加":46.81303116147309,"score_平均斑塊縮小":50.63739376770538,"score_道路建成區切割":27.47875354107649,"score_孤立比例":45.34938621340888,"score_距大型綠地":44.66477809254013,"綜合破碎化分數":42.0,"破碎化等級":"低","判定原因":"面積減少0.0%；斑塊增加0.0%；平均斑塊縮小0.2%；道路密度0.00 km/km²；孤立比例0.0%；距大型綠地0m","2021面積_ha":104.04,"2022面積_ha":104.04,"2023面積_ha":104.04}},{"type":"Feature","geometry":{"type":"Polygon","coordinates":[[[121.62277037828994,24.729858663193536],[121.62281533819538,24.738886831183244],[121.63270082559526,24.738845434614486],[121.6326551521896,24.729817283719186],[121.62277037828994,24.729858663193536]]]},"properties":{"grid_id":"G047_031","綠地類型":"森林","中心經度":121.627735,"中心緯度":24.734352,"分析面積_km2":1.04,"2020面積_ha":104.04,"2024面積_ha":104.04,"面積減少率_pct":0.0,"2020斑塊數":1,"2024斑塊數":1,"斑塊數增加率_pct":0.0,"2020平均斑塊面積_ha":172555.65,"2024平均斑塊面積_ha":172145.43,"平均斑塊面積下降率_pct":0.24,"道路切割密度_km_per_km2":0.0,"建成區邊界切割密度_km_per_km2":0.0,"孤立小斑塊比例_pct":0.0,"距大型連續綠地平均距離_m":0.0,"score_面積減少":36.827195467422094,"score_斑塊增加":46.81303116147309,"score_平均斑塊縮小":50.63739376770538,"score_道路建成區切割":27.47875354107649,"score_孤立比例":45.34938621340888,"score_距大型綠地":44.66477809254013,"綜合破碎化分數":42.0,"破碎化等級":"低","判定原因":"面積減少0.0%；斑塊增加0.0%；平均斑塊縮小0.2%；道路密度0.00 km/km²；孤立比例0.0%；距大型綠地0m","2021面積_ha":104.04,"2022面積_ha":104.04,"2023面積_ha":104.04}},{"type":"Feature","geometry":{"type":"Polygon","coordinates":[[[121.6326551521896,24.729817283719186],[121.63270082559526,24.738845434614486],[121.64258629077523,24.73880338625533],[121.64253990387637,24.729775252723556],[121.6326551521896,24.729817283719186]]]},"properties":{"grid_id":"G047_032","綠地類型":"森林","中心經度":121.637621,"中心緯度":24.73431,"分析面積_km2":1.04,"2020面積_ha":104.04,"2024面積_ha":104.04,"面積減少率_pct":0.0,"2020斑塊數":1,"2024斑塊數":1,"斑塊數增加率_pct":0.0,"2020平均斑塊面積_ha":172555.65,"2024平均斑塊面積_ha":172145.43,"平均斑塊面積下降率_pct":0.24,"道路切割密度_km_per_km2":0.0,"建成區邊界切割密度_km_per_km2":0.0,"孤立小斑塊比例_pct":0.0,"距大型連續綠地平均距離_m":0.0,"score_面積減少":36.827195467422094,"score_斑塊增加":46.81303116147309,"score_平均斑塊縮小":50.63739376770538,"score_道路建成區切割":27.47875354107649,"score_孤立比例":45.34938621340888,"score_距大型綠地":44.66477809254013,"綜合破碎化分數":42.0,"破碎化等級":"低","判定原因":"面積減少0.0%；斑塊增加0.0%；平均斑塊縮小0.2%；道路密度0.00 km/km²；孤立比例0.0%；距大型綠地0m","2021面積_ha":104.04,"2022面積_ha":104.04,"2023面積_ha":104.04}},{"type":"Feature","geometry":{"type":"Polygon","coordinates":[[[121.61292982892262,24.738927575955852],[121.61297409684667,24.747955749825007],[121.62286031997365,24.747914988224785],[121.62281533819538,24.738886831183244],[121.61292982892262,24.738927575955852]]]},"properties":{"grid_id":"G048_030","綠地類型":"森林","中心經度":121.617895,"中心緯度":24.743421,"分析面積_km2":1.04,"2020面積_ha":104.04,"2024面積_ha":104.04,"面積減少率_pct":0.0,"2020斑塊數":1,"2024斑塊數":1,"斑塊數增加率_pct":0.0,"2020平均斑塊面積_ha":172555.65,"2024平均斑塊面積_ha":172145.43,"平均斑塊面積下降率_pct":0.24,"道路切割密度_km_per_km2":0.058,"建成區邊界切割密度_km_per_km2":0.0,"孤立小斑塊比例_pct":0.0,"距大型連續綠地平均距離_m":0.0,"score_面積減少":36.827195467422094,"score_斑塊增加":46.81303116147309,"score_平均斑塊縮小":50.63739376770538,"score_道路建成區切割":36.17799811142588,"score_孤立比例":45.34938621340888,"score_距大型綠地":44.66477809254013,"綜合破碎化分數":43.4,"破碎化等級":"低","判定原因":"面積減少0.0%；斑塊增加0.0%；平均斑塊縮小0.2%；道路密度0.06 km/km²；孤立比例0.0%；距大型綠地0m","2021面積_ha":104.04,"2022面積_ha":104.04,"2023面積_ha":104.04}},{"type":"Feature","geometry":{"type":"Polygon","coordinates":[[[121.62281533819538,24.738886831183244],[121.62286031997365,24.747914988224785],[121.6327465212209,24.747873574559243],[121.63270082559526,24.738845434614486],[121.62281533819538,24.738886831183244]]]},"properties":{"grid_id":"G048_031","綠地類型":"森林","中心經度":121.627781,"中心緯度":24.74338,"分析面積_km2":1.04,"2020面積_ha":104.04,"2024面積_ha":104.04,"面積減少率_pct":0.0,"2020斑塊數":1,"2024斑塊數":1,"斑塊數增加率_pct":0.0,"2020平均斑塊面積_ha":172555.65,"2024平均斑塊面積_ha":172145.43,"平均斑塊面積下降率_pct":0.24,"道路切割密度_km_per_km2":0.0,"建成區邊界切割密度_km_per_km2":0.0,"孤立小斑塊比例_pct":0.0,"距大型連續綠地平均距離_m":0.0,"score_面積減少":36.827195467422094,"score_斑塊增加":46.81303116147309,"score_平均斑塊縮小":50.63739376770538,"score_道路建成區切割":27.47875354107649,"score_孤立比例":45.34938621340888,"score_距大型綠地":44.66477809254013,"綜合破碎化分數":42.0,"破碎化等級":"低","判定原因":"面積減少0.0%；斑塊增加0.0%；平均斑塊縮小0.2%；道路密度0.00 km/km²；孤立比例0.0%；距大型綠地0m","2021面積_ha":104.04,"2022面積_ha":104.04,"2023面積_ha":104.04}},{"type":"Feature","geometry":{"type":"Polygon","coordinates":[[[121.82052046875108,24.737935066695393],[121.82057972601166,24.746962830660788],[121.82108897420551,24.746960041484115],[121.82114120000001,24.7466803],[121.82138000000002,24.745899999999992],[121.8217727,24.7444724],[121.82216490000002,24.743130699999995],[121.8225053,24.742032499999997],[121.82278200000002,24.740991899999997],[121.82310870000002,24.7399163],[121.82338130000001,24.739163800000004],[121.82380220186518,24.737917068261808],[121.82052046875108,24.737935066695393]]]},"properties":{"grid_id":"G048_051","綠地類型":"森林","中心經度":121.821443,"中心緯度":24.742586,"分析面積_km2":0.19,"2020面積_ha":14.67,"2024面積_ha":14.94,"面積減少率_pct":0.0,"2020斑塊數":1,"2024斑塊數":1,"斑塊數增加率_pct":0.0,"2020平均斑塊面積_ha":117.54,"2024平均斑塊面積_ha":128.79,"平均斑塊面積下降率_pct":0.0,"道路切割密度_km_per_km2":1.896,"建成區邊界切割密度_km_per_km2":0.79,"孤立小斑塊比例_pct":0.0,"距大型連續綠地平均距離_m":0.0,"score_面積減少":36.827195467422094,"score_斑塊增加":46.81303116147309,"score_平均斑塊縮小":3.7535410764872523,"score_道路建成區切割":74.1501416430595,"score_孤立比例":45.34938621340888,"score_距大型綠地":44.66477809254013,"綜合破碎化分數":41.9,"破碎化等級":"低","判定原因":"面積減少0.0%；斑塊增加0.0%；平均斑塊縮小0.0%；道路密度1.90 km/km²；孤立比例0.0%；距大型綠地0m","2021面積_ha":14.94,"2022面積_ha":14.49,"2023面積_ha":14.22}},{"type":"Feature","geometry":{"type":"Polygon","coordinates":[[[121.63279223907348,24.756901703550493],[121.6328379791601,24.765929821585274],[121.64272558690259,24.76588772112089],[121.64267913228117,24.756859620456954],[121.63279223907348,24.756901703550493]]]},"properties":{"grid_id":"G050_032","綠地類型":"森林","中心經度":121.637759,"中心緯度":24.761395,"分析面積_km2":1.04,"2020面積_ha":104.04,"2024面積_ha":104.04,"面積減少率_pct":0.0,"2020斑塊數":1,"2024斑塊數":1,"斑塊數增加率_pct":0.0,"2020平均斑塊面積_ha":172555.65,"2024平均斑塊面積_ha":172145.43,"平均斑塊面積下降率_pct":0.24,"道路切割密度_km_per_km2":0.0,"建成區邊界切割密度_km_per_km2":0.0,"孤立小斑塊比例_pct":0.0,"距大型連續綠地平均距離_m":0.0,"score_面積減少":36.827195467422094,"score_斑塊增加":46.81303116147309,"score_平均斑塊縮小":50.63739376770538,"score_道路建成區切割":27.47875354107649,"score_孤立比例":45.34938621340888,"score_距大型綠地":44.66477809254013,"綜合破碎化分數":42.0,"破碎化等級":"低","判定原因":"面積減少0.0%；斑塊增加0.0%；平均斑塊縮小0.2%；道路密度0.00 km/km²；孤立比例0.0%；距大型綠地0m","2021面積_ha":104.04,"2022面積_ha":104.04,"2023面積_ha":104.04}},{"type":"Feature","geometry":{"type":"Polygon","coordinates":[[[121.64267913228117,24.756859620456954],[121.64272558690259,24.76588772112089],[121.65261317205658,24.765844968064272],[121.65256600290755,24.756816885040433],[121.64267913228117,24.756859620456954]]]},"properties":{"grid_id":"G050_033","綠地類型":"森林","中心經度":121.647646,"中心緯度":24.761352,"分析面積_km2":1.04,"2020面積_ha":104.04,"2024面積_ha":104.04,"面積減少率_pct":0.0,"2020斑塊數":1,"2024斑塊數":1,"斑塊數增加率_pct":0.0,"2020平均斑塊面積_ha":172555.65,"2024平均斑塊面積_ha":172145.43,"平均斑塊面積下降率_pct":0.24,"道路切割密度_km_per_km2":0.0,"建成區邊界切割密度_km_per_km2":0.0,"孤立小斑塊比例_pct":0.0,"距大型連續綠地平均距離_m":0.0,"score_面積減少":36.827195467422094,"score_斑塊增加":46.81303116147309,"score_平均斑塊縮小":50.63739376770538,"score_道路建成區切割":27.47875354107649,"score_孤立比例":45.34938621340888,"score_距大型綠地":44.66477809254013,"綜合破碎化分數":42.0,"破碎化等級":"低","判定原因":"面積減少0.0%；斑塊增加0.0%；平均斑塊縮小0.2%；道路密度0.00 km/km²；孤立比例0.0%；距大型綠地0m","2021面積_ha":104.04,"2022面積_ha":104.04,"2023面積_ha":104.04}},{"type":"Feature","geometry":{"type":"Polygon","coordinates":[[[121.65256600290755,24.756816885040433],[121.65261317205658,24.765844968064272],[121.66250073427463,24.76580156242132],[121.66245285060528,24.756773497306828],[121.65256600290755,24.756816885040433]]]},"properties":{"grid_id":"G050_034","綠地類型":"森林","中心經度":121.657533,"中心緯度":24.761309,"分析面積_km2":1.04,"2020面積_ha":104.04,"2024面積_ha":104.04,"面積減少率_pct":0.0,"2020斑塊數":1,"2024斑塊數":1,"斑塊數增加率_pct":0.0,"2020平均斑塊面積_ha":172555.65,"2024平均斑塊面積_ha":172145.43,"平均斑塊面積下降率_pct":0.24,"道路切割密度_km_per_km2":0.0,"建成區邊界切割密度_km_per_km2":0.0,"孤立小斑塊比例_pct":0.0,"距大型連續綠地平均距離_m":0.0,"score_面積減少":36.827195467422094,"score_斑塊增加":46.81303116147309,"score_平均斑塊縮小":50.63739376770538,"score_道路建成區切割":27.47875354107649,"score_孤立比例":45.34938621340888,"score_距大型綠地":44.66477809254013,"綜合破碎化分數":42.0,"破碎化等級":"低","判定原因":"面積減少0.0%；斑塊增加0.0%；平均斑塊縮小0.2%；道路密度0.00 km/km²；孤立比例0.0%；距大型綠地0m","2021面積_ha":104.04,"2022面積_ha":104.04,"2023面積_ha":104.04}},{"type":"Feature","geometry":{"type":"Polygon","coordinates":[[[121.66245285060528,24.756773497306828],[121.66250073427463,24.76580156242132],[121.67238827320938,24.765757504198067],[121.67233967502706,24.75672945726216],[121.66245285060528,24.756773497306828]]]},"properties":{"grid_id":"G050_035","綠地類型":"森林","中心經度":121.66742,"中心緯度":24.761266,"分析面積_km2":1.04,"2020面積_ha":104.04,"2024面積_ha":104.04,"面積減少率_pct":0.0,"2020斑塊數":1,"2024斑塊數":1,"斑塊數增加率_pct":0.0,"2020平均斑塊面積_ha":172555.65,"2024平均斑塊面積_ha":172145.43,"平均斑塊面積下降率_pct":0.24,"道路切割密度_km_per_km2":0.0,"建成區邊界切割密度_km_per_km2":0.0,"孤立小斑塊比例_pct":0.0,"距大型連續綠地平均距離_m":0.0,"score_面積減少":36.827195467422094,"score_斑塊增加":46.81303116147309,"score_平均斑塊縮小":50.63739376770538,"score_道路建成區切割":27.47875354107649,"score_孤立比例":45.34938621340888,"score_距大型綠地":44.66477809254013,"綜合破碎化分數":42.0,"破碎化等級":"低","判定原因":"面積減少0.0%；斑塊增加0.0%；平均斑塊縮小0.2%；道路密度0.00 km/km²；孤立比例0.0%；距大型綠地0m","2021面積_ha":104.04,"2022面積_ha":104.04,"2023面積_ha":104.04}},{"type":"Feature","geometry":{"type":"Polygon","coordinates":[[[121.6328379791601,24.765929821585274],[121.63288374148782,24.774957928660644],[121.6427720641125,24.77491581082297],[121.64272558690259,24.76588772112089],[121.6328379791601,24.765929821585274]]]},"properties":{"grid_id":"G051_032","綠地類型":"森林","中心經度":121.637805,"中心緯度":24.770423,"分析面積_km2":1.04,"2020面積_ha":104.04,"2024面積_ha":104.04,"面積減少率_pct":0.0,"2020斑塊數":1,"2024斑塊數":1,"斑塊數增加率_pct":0.0,"2020平均斑塊面積_ha":172555.65,"2024平均斑塊面積_ha":172145.43,"平均斑塊面積下降率_pct":0.24,"道路切割密度_km_per_km2":0.0,"建成區邊界切割密度_km_per_km2":0.0,"孤立小斑塊比例_pct":0.0,"距大型連續綠地平均距離_m":0.0,"score_面積減少":36.827195467422094,"score_斑塊增加":46.81303116147309,"score_平均斑塊縮小":50.63739376770538,"score_道路建成區切割":27.47875354107649,"score_孤立比例":45.34938621340888,"score_距大型綠地":44.66477809254013,"綜合破碎化分數":42.0,"破碎化等級":"低","判定原因":"面積減少0.0%；斑塊增加0.0%；平均斑塊縮小0.2%；道路密度0.00 km/km²；孤立比例0.0%；距大型綠地0m","2021面積_ha":104.04,"2022面積_ha":104.04,"2023面積_ha":104.04}},{"type":"Feature","geometry":{"type":"Polygon","coordinates":[[[121.64272558690259,24.76588772112089],[121.6427720641125,24.77491581082297],[121.65266036414152,24.774873040123776],[121.65261317205658,24.765844968064272],[121.64272558690259,24.76588772112089]]]},"properties":{"grid_id":"G051_033","綠地類型":"森林","中心經度":121.647693,"中心緯度":24.77038,"分析面積_km2":1.04,"2020面積_ha":104.04,"2024面積_ha":104.04,"面積減少率_pct":0.0,"2020斑塊數":1,"2024斑塊數":1,"斑塊數增加率_pct":0.0,"2020平均斑塊面積_ha":172555.65,"2024平均斑塊面積_ha":172145.43,"平均斑塊面積下降率_pct":0.24,"道路切割密度_km_per_km2":0.0,"建成區邊界切割密度_km_per_km2":0.0,"孤立小斑塊比例_pct":0.0,"距大型連續綠地平均距離_m":0.0,"score_面積減少":36.827195467422094,"score_斑塊增加":46.81303116147309,"score_平均斑塊縮小":50.63739376770538,"score_道路建成區切割":27.47875354107649,"score_孤立比例":45.34938621340888,"score_距大型綠地":44.66477809254013,"綜合破碎化分數":42.0,"破碎化等級":"低","判定原因":"面積減少0.0%；斑塊增加0.0%；平均斑塊縮小0.2%；道路密度0.00 km/km²；孤立比例0.0%；距大型綠地0m","2021面積_ha":104.04,"2022面積_ha":104.04,"2023面積_ha":104.04}},{"type":"Feature","geometry":{"type":"Polygon","coordinates":[[[121.65261317205658,24.765844968064272],[121.65266036414152,24.774873040123776],[121.66254864122732,24.77482961656897],[121.66250073427463,24.76580156242132],[121.65261317205658,24.765844968064272]]]},"properties":{"grid_id":"G051_034","綠地類型":"森林","中心經度":121.657581,"中心緯度":24.770337,"分析面積_km2":1.04,"2020面積_ha":104.04,"2024面積_ha":104.04,"面積減少率_pct":0.0,"2020斑塊數":1,"2024斑塊數":1,"斑塊數增加率_pct":0.0,"2020平均斑塊面積_ha":172555.65,"2024平均斑塊面積_ha":172145.43,"平均斑塊面積下降率_pct":0.24,"道路切割密度_km_per_km2":0.0,"建成區邊界切割密度_km_per_km2":0.0,"孤立小斑塊比例_pct":0.0,"距大型連續綠地平均距離_m":0.0,"score_面積減少":36.827195467422094,"score_斑塊增加":46.81303116147309,"score_平均斑塊縮小":50.63739376770538,"score_道路建成區切割":27.47875354107649,"score_孤立比例":45.34938621340888,"score_距大型綠地":44.66477809254013,"綜合破碎化分數":42.0,"破碎化等級":"低","判定原因":"面積減少0.0%；斑塊增加0.0%；平均斑塊縮小0.2%；道路密度0.00 km/km²；孤立比例0.0%；距大型綠地0m","2021面積_ha":104.04,"2022面積_ha":103.77,"2023面積_ha":104.04}},{"type":"Feature","geometry":{"type":"Polygon","coordinates":[[[121.59337315557039,24.784148034203533],[121.60326228035979,24.78410851157092],[121.60321864151503,24.77508036494671],[121.59623032891098,24.775108352436575],[121.59578620000002,24.775963],[121.5954956,24.776604899999995],[121.59524650000002,24.777339],[121.59505710000002,24.7780211],[121.5947994,24.778412800000005],[121.5944209,24.778959500000003],[121.59433030000001,24.779368099999992],[121.5944316,24.780020999999998],[121.5944315,24.7805508],[121.59436240000001,24.781067000000004],[121.5941698,24.781380899999995],[121.59395520000001,24.781590800000004],[121.5935599,24.781727100000005],[121.59345239999999,24.781813699999997],[121.59336275215274,24.781960276337166],[121.59337315557039,24.784148034203533]]]},"properties":{"grid_id":"G052_028","綠地類型":"森林","中心經度":121.598811,"中心緯度":24.779677,"分析面積_km2":0.908,"2020面積_ha":90.81,"2024面積_ha":90.81,"面積減少率_pct":0.0,"2020斑塊數":1,"2024斑塊數":1,"斑塊數增加率_pct":0.0,"2020平均斑塊面積_ha":172555.65,"2024平均斑塊面積_ha":172145.43,"平均斑塊面積下降率_pct":0.24,"道路切割密度_km_per_km2":0.429,"建成區邊界切割密度_km_per_km2":0.0,"孤立小斑塊比例_pct":0.0,"距大型連續綠地平均距離_m":0.0,"score_面積減少":36.827195467422094,"score_斑塊增加":46.81303116147309,"score_平均斑塊縮小":50.63739376770538,"score_道路建成區切割":38.491501416430594,"score_孤立比例":45.34938621340888,"score_距大型綠地":44.66477809254013,"綜合破碎化分數":43.8,"破碎化等級":"低","判定原因":"面積減少0.0%；斑塊增加0.0%；平均斑塊縮小0.2%；道路密度0.43 km/km²；孤立比例0.0%；距大型綠地0m","2021面積_ha":90.81,"2022面積_ha":90.81,"2023面積_ha":90.81}},{"type":"Feature","geometry":{"type":"Polygon","coordinates":[[[121.622995396615,24.774999393630974],[121.62304046595409,24.78402750685038],[121.63292952606369,24.783986024773654],[121.63288374148782,24.774957928660644],[121.622995396615,24.774999393630974]]]},"properties":{"grid_id":"G052_031","綠地類型":"森林","中心經度":121.627962,"中心緯度":24.779493,"分析面積_km2":1.04,"2020面積_ha":104.04,"2024面積_ha":104.04,"面積減少率_pct":0.0,"2020斑塊數":1,"2024斑塊數":1,"斑塊數增加率_pct":0.0,"2020平均斑塊面積_ha":172555.65,"2024平均斑塊面積_ha":172145.43,"平均斑塊面積下降率_pct":0.24,"道路切割密度_km_per_km2":0.548,"建成區邊界切割密度_km_per_km2":0.0,"孤立小斑塊比例_pct":0.0,"距大型連續綠地平均距離_m":0.0,"score_面積減少":36.827195467422094,"score_斑塊增加":46.81303116147309,"score_平均斑塊縮小":50.63739376770538,"score_道路建成區切割":39.187913125590185,"score_孤立比例":45.34938621340888,"score_距大型綠地":44.66477809254013,"綜合破碎化分數":43.9,"破碎化等級":"低","判定原因":"面積減少0.0%；斑塊增加0.0%；平均斑塊縮小0.2%；道路密度0.55 km/km²；孤立比例0.0%；距大型綠地0m","2021面積_ha":104.04,"2022面積_ha":104.04,"2023面積_ha":104.04}},{"type":"Feature","geometry":{"type":"Polygon","coordinates":[[[121.63288374148782,24.774957928660644],[121.63292952606369,24.783986024773654],[121.64281856391811,24.78394388956025],[121.6427720641125,24.77491581082297],[121.63288374148782,24.774957928660644]]]},"properties":{"grid_id":"G052_032","綠地類型":"森林","中心經度":121.637851,"中心緯度":24.779451,"分析面積_km2":1.04,"2020面積_ha":104.04,"2024面積_ha":104.04,"面積減少率_pct":0.0,"2020斑塊數":1,"2024斑塊數":1,"斑塊數增加率_pct":0.0,"2020平均斑塊面積_ha":172555.65,"2024平均斑塊面積_ha":172145.43,"平均斑塊面積下降率_pct":0.24,"道路切割密度_km_per_km2":0.0,"建成區邊界切割密度_km_per_km2":0.0,"孤立小斑塊比例_pct":0.0,"距大型連續綠地平均距離_m":0.0,"score_面積減少":36.827195467422094,"score_斑塊增加":46.81303116147309,"score_平均斑塊縮小":50.63739376770538,"score_道路建成區切割":27.47875354107649,"score_孤立比例":45.34938621340888,"score_距大型綠地":44.66477809254013,"綜合破碎化分數":42.0,"破碎化等級":"低","判定原因":"面積減少0.0%；斑塊增加0.0%；平均斑塊縮小0.2%；道路密度0.00 km/km²；孤立比例0.0%；距大型綠地0m","2021面積_ha":104.04,"2022面積_ha":104.04,"2023面積_ha":104.04}},{"type":"Feature","geometry":{"type":"Polygon","coordinates":[[[121.6427720641125,24.77491581082297],[121.64281856391811,24.78394388956025],[121.65270757916966,24.783901101215996],[121.65266036414152,24.774873040123776],[121.6427720641125,24.77491581082297]]]},"properties":{"grid_id":"G052_033","綠地類型":"森林","中心經度":121.64774,"中心緯度":24.779409,"分析面積_km2":1.04,"2020面積_ha":104.04,"2024面積_ha":104.04,"面積減少率_pct":0.0,"2020斑塊數":1,"2024斑塊數":1,"斑塊數增加率_pct":0.0,"2020平均斑塊面積_ha":172555.65,"2024平均斑塊面積_ha":172145.43,"平均斑塊面積下降率_pct":0.24,"道路切割密度_km_per_km2":0.663,"建成區邊界切割密度_km_per_km2":0.0,"孤立小斑塊比例_pct":0.0,"距大型連續綠地平均距離_m":0.0,"score_面積減少":36.827195467422094,"score_斑塊增加":46.81303116147309,"score_平均斑塊縮小":50.63739376770538,"score_道路建成區切割":39.978753541076486,"score_孤立比例":45.34938621340888,"score_距大型綠地":44.66477809254013,"綜合破碎化分數":44.0,"破碎化等級":"低","判定原因":"面積減少0.0%；斑塊增加0.0%；平均斑塊縮小0.2%；道路密度0.66 km/km²；孤立比例0.0%；距大型綠地0m","2021面積_ha":104.04,"2022面積_ha":104.04,"2023面積_ha":104.04}},{"type":"Feature","geometry":{"type":"Polygon","coordinates":[[[121.65275481714828,24.792929151337987],[121.65280207808465,24.801957190486775],[121.66269250185924,24.80191371318128],[121.66264452501224,24.7928856919519],[121.65275481714828,24.792929151337987]]]},"properties":{"grid_id":"G054_034","綠地類型":"森林","中心經度":121.657723,"中心緯度":24.797422,"分析面積_km2":1.04,"2020面積_ha":104.04,"2024面積_ha":104.04,"面積減少率_pct":0.0,"2020斑塊數":1,"2024斑塊數":1,"斑塊數增加率_pct":0.0,"2020平均斑塊面積_ha":172555.65,"2024平均斑塊面積_ha":172145.43,"平均斑塊面積下降率_pct":0.24,"道路切割密度_km_per_km2":0.461,"建成區邊界切割密度_km_per_km2":0.0,"孤立小斑塊比例_pct":0.0,"距大型連續綠地平均距離_m":0.0,"score_面積減少":36.827195467422094,"score_斑塊增加":46.81303116147309,"score_平均斑塊縮小":50.63739376770538,"score_道路建成區切割":38.715769593956566,"score_孤立比例":45.34938621340888,"score_距大型綠地":44.66477809254013,"綜合破碎化分數":43.8,"破碎化等級":"低","判定原因":"面積減少0.0%；斑塊增加0.0%；平均斑塊縮小0.2%；道路密度0.46 km/km²；孤立比例0.0%；距大型綠地0m","2021面積_ha":104.04,"2022面積_ha":104.04,"2023面積_ha":104.04}},{"type":"Feature","geometry":{"type":"Polygon","coordinates":[[[121.68242387047589,24.792796813021006],[121.68247327912184,24.801824797603363],[121.69236363191415,24.801779359343243],[121.69231350738012,24.792751393488487],[121.68242387047589,24.792796813021006]]]},"properties":{"grid_id":"G054_037","綠地類型":"森林","中心經度":121.687394,"中心緯度":24.797288,"分析面積_km2":1.04,"2020面積_ha":104.04,"2024面積_ha":104.04,"面積減少率_pct":0.0,"2020斑塊數":1,"2024斑塊數":1,"斑塊數增加率_pct":0.0,"2020平均斑塊面積_ha":172555.65,"2024平均斑塊面積_ha":172145.43,"平均斑塊面積下降率_pct":0.24,"道路切割密度_km_per_km2":0.0,"建成區邊界切割密度_km_per_km2":0.0,"孤立小斑塊比例_pct":0.0,"距大型連續綠地平均距離_m":0.0,"score_面積減少":36.827195467422094,"score_斑塊增加":46.81303116147309,"score_平均斑塊縮小":50.63739376770538,"score_道路建成區切割":27.47875354107649,"score_孤立比例":45.34938621340888,"score_距大型綠地":44.66477809254013,"綜合破碎化分數":42.0,"破碎化等級":"低","判定原因":"面積減少0.0%；斑塊增加0.0%；平均斑塊縮小0.2%；道路密度0.00 km/km²；孤立比例0.0%；距大型綠地0m","2021面積_ha":104.04,"2022面積_ha":104.04,"2023面積_ha":104.04}},{"type":"Feature","geometry":{"type":"Polygon","coordinates":[[[121.69231350738012,24.792751393488487],[121.69236363191415,24.801779359343243],[121.70225396035003,24.801733267444042],[121.70220311993566,24.79270532058627],[121.69231350738012,24.792751393488487]]]},"properties":{"grid_id":"G054_038","綠地類型":"森林","中心經度":121.697284,"中心緯度":24.797242,"分析面積_km2":1.04,"2020面積_ha":104.04,"2024面積_ha":104.04,"面積減少率_pct":0.0,"2020斑塊數":1,"2024斑塊數":1,"斑塊數增加率_pct":0.0,"2020平均斑塊面積_ha":172555.65,"2024平均斑塊面積_ha":172145.43,"平均斑塊面積下降率_pct":0.24,"道路切割密度_km_per_km2":0.029,"建成區邊界切割密度_km_per_km2":0.0,"孤立小斑塊比例_pct":0.0,"距大型連續綠地平均距離_m":0.0,"score_面積減少":36.827195467422094,"score_斑塊增加":46.81303116147309,"score_平均斑塊縮小":50.63739376770538,"score_道路建成區切割":35.87110481586403,"score_孤立比例":45.34938621340888,"score_距大型綠地":44.66477809254013,"綜合破碎化分數":43.4,"破碎化等級":"低","判定原因":"面積減少0.0%；斑塊增加0.0%；平均斑塊縮小0.2%；道路密度0.03 km/km²；孤立比例0.0%；距大型綠地0m","2021面積_ha":104.04,"2022面積_ha":104.04,"2023面積_ha":104.04}},{"type":"Feature","geometry":{"type":"Polygon","coordinates":[[[121.66269250185924,24.80191371318128],[121.66274050201919,24.810941723431988],[121.67263161873191,24.81089757427744],[121.67258290232091,24.801869582218107],[121.66269250185924,24.80191371318128]]]},"properties":{"grid_id":"G055_035","綠地類型":"森林","中心經度":121.667662,"中心緯度":24.806406,"分析面積_km2":1.04,"2020面積_ha":104.04,"2024面積_ha":104.04,"面積減少率_pct":0.0,"2020斑塊數":1,"2024斑塊數":1,"斑塊數增加率_pct":0.0,"2020平均斑塊面積_ha":172555.65,"2024平均斑塊面積_ha":172145.43,"平均斑塊面積下降率_pct":0.24,"道路切割密度_km_per_km2":0.0,"建成區邊界切割密度_km_per_km2":0.0,"孤立小斑塊比例_pct":0.0,"距大型連續綠地平均距離_m":0.0,"score_面積減少":36.827195467422094,"score_斑塊增加":46.81303116147309,"score_平均斑塊縮小":50.63739376770538,"score_道路建成區切割":27.47875354107649,"score_孤立比例":45.34938621340888,"score_距大型綠地":44.66477809254013,"綜合破碎化分數":42.0,"破碎化等級":"低","判定原因":"面積減少0.0%；斑塊增加0.0%；平均斑塊縮小0.2%；道路密度0.00 km/km²；孤立比例0.0%；距大型綠地0m","2021面積_ha":104.04,"2022面積_ha":104.04,"2023面積_ha":104.04}},{"type":"Feature","geometry":{"type":"Polygon","coordinates":[[[121.67258290232091,24.801869582218107],[121.67263161873191,24.81089757427744],[121.68252271177637,24.810852771201894],[121.68247327912184,24.801824797603363],[121.67258290232091,24.801869582218107]]]},"properties":{"grid_id":"G055_036","綠地類型":"森林","中心經度":121.677553,"中心緯度":24.806361,"分析面積_km2":1.04,"2020面積_ha":104.04,"2024面積_ha":104.04,"面積減少率_pct":0.0,"2020斑塊數":1,"2024斑塊數":1,"斑塊數增加率_pct":0.0,"2020平均斑塊面積_ha":172555.65,"2024平均斑塊面積_ha":172145.43,"平均斑塊面積下降率_pct":0.24,"道路切割密度_km_per_km2":0.0,"建成區邊界切割密度_km_per_km2":0.0,"孤立小斑塊比例_pct":0.0,"距大型連續綠地平均距離_m":0.0,"score_面積減少":36.827195467422094,"score_斑塊增加":46.81303116147309,"score_平均斑塊縮小":50.63739376770538,"score_道路建成區切割":27.47875354107649,"score_孤立比例":45.34938621340888,"score_距大型綠地":44.66477809254013,"綜合破碎化分數":42.0,"破碎化等級":"低","判定原因":"面積減少0.0%；斑塊增加0.0%；平均斑塊縮小0.2%；道路密度0.00 km/km²；孤立比例0.0%；距大型綠地0m","2021面積_ha":104.04,"2022面積_ha":104.04,"2023面積_ha":104.04}},{"type":"Feature","geometry":{"type":"Polygon","coordinates":[[[121.68247327912184,24.801824797603363],[121.68252271177637,24.810852771201894],[121.69241378080461,24.810807314211548],[121.69236363191415,24.801779359343243],[121.68247327912184,24.801824797603363]]]},"properties":{"grid_id":"G055_037","綠地類型":"森林","中心經度":121.687443,"中心緯度":24.806316,"分析面積_km2":1.04,"2020面積_ha":104.04,"2024面積_ha":104.04,"面積減少率_pct":0.0,"2020斑塊數":1,"2024斑塊數":1,"斑塊數增加率_pct":0.0,"2020平均斑塊面積_ha":172555.65,"2024平均斑塊面積_ha":172145.43,"平均斑塊面積下降率_pct":0.24,"道路切割密度_km_per_km2":0.317,"建成區邊界切割密度_km_per_km2":0.0,"孤立小斑塊比例_pct":0.0,"距大型連續綠地平均距離_m":0.0,"score_面積減少":36.827195467422094,"score_斑塊增加":46.81303116147309,"score_平均斑塊縮小":50.63739376770538,"score_道路建成區切割":37.79508970727102,"score_孤立比例":45.34938621340888,"score_距大型綠地":44.66477809254013,"綜合破碎化分數":43.7,"破碎化等級":"低","判定原因":"面積減少0.0%；斑塊增加0.0%；平均斑塊縮小0.2%；道路密度0.32 km/km²；孤立比例0.0%；距大型綠地0m","2021面積_ha":104.04,"2022面積_ha":104.04,"2023面積_ha":104.04}},{"type":"Feature","geometry":{"type":"Polygon","coordinates":[[[121.71229908328661,24.828770238723486],[121.71235073982957,24.83779812232979],[121.72224388544657,24.837750645001147],[121.7221915116471,24.828722780941593],[121.71229908328661,24.828770238723486]]]},"properties":{"grid_id":"G058_040","綠地類型":"森林","中心經度":121.717271,"中心緯度":24.833261,"分析面積_km2":1.04,"2020面積_ha":104.04,"2024面積_ha":104.04,"面積減少率_pct":0.0,"2020斑塊數":1,"2024斑塊數":1,"斑塊數增加率_pct":0.0,"2020平均斑塊面積_ha":172555.65,"2024平均斑塊面積_ha":172145.43,"平均斑塊面積下降率_pct":0.24,"道路切割密度_km_per_km2":0.0,"建成區邊界切割密度_km_per_km2":0.0,"孤立小斑塊比例_pct":0.0,"距大型連續綠地平均距離_m":0.0,"score_面積減少":36.827195467422094,"score_斑塊增加":46.81303116147309,"score_平均斑塊縮小":50.63739376770538,"score_道路建成區切割":27.47875354107649,"score_孤立比例":45.34938621340888,"score_距大型綠地":44.66477809254013,"綜合破碎化分數":42.0,"破碎化等級":"低","判定原因":"面積減少0.0%；斑塊增加0.0%；平均斑塊縮小0.2%；道路密度0.00 km/km²；孤立比例0.0%；距大型綠地0m","2021面積_ha":104.04,"2022面積_ha":103.95,"2023面積_ha":104.04}},{"type":"Feature","geometry":{"type":"Polygon","coordinates":[[[121.95967094967148,24.83641479631243],[121.95935776560314,24.83641680681455],[121.95935320000001,24.8364282],[121.9593117,24.8364951],[121.95932859999999,24.836554699999997],[121.9593204,24.83659679999999],[121.95915880000001,24.8367288],[121.9590917,24.8367057],[121.9590446,24.8367263],[121.95904209999999,24.836828599999993],[121.95895830000002,24.836868199999998],[121.9589469,24.8368098],[121.95890530000001,24.836845099999998],[121.95892069999998,24.836886999999997],[121.9589127,24.836918100000002],[121.9587953,24.836926599999998],[121.95882690000002,24.836836499999997],[121.95874570000001,24.8367732],[121.95871080000002,24.836826000000002],[121.9587283,24.836944199999998],[121.95848820000002,24.8370148],[121.95833220000002,24.8369965],[121.9581974,24.836953199999996],[121.9580081,24.837048299999996],[121.9578919,24.8372203],[121.9578025,24.837198400000002],[121.95739790000002,24.837168799999993],[121.95690230000001,24.8371116],[121.9563224,24.837046100000002],[121.9559731,24.8369281],[121.9556451,24.8368682],[121.95512610000002,24.836652800000003],[121.95493029999999,24.836597999999995],[121.95472500000001,24.836551099999998],[121.9545253,24.8365434],[121.9545118,24.836578499999998],[121.954253,24.836729399999996],[121.95403710000001,24.836744],[121.9539593,24.836836499999997],[121.9538915,24.8368369],[121.9538252,24.836908299999997],[121.9538252,24.8369752],[121.9534854,24.8369143],[121.95313580000001,24.8367634],[121.9527574,24.836586199999992],[121.95246991623807,24.836460857814984],[121.95100573662542,24.836470181016193],[121.9509869,24.836598599999995],[121.9509338,24.836795199999997],[121.95058770000001,24.8367489],[121.9500472,24.8366878],[121.94978008387359,24.836684168371402],[121.94984741221711,24.8455053133819],[121.9596480337616,24.845442693618764],[121.9596826,24.845387899999995],[121.95973749568212,24.845043718232084],[121.95973544214526,24.844777499184328],[121.9596912,24.8447764],[121.9596456,24.844811699999998],[121.95962410000001,24.844843300000004],[121.95949270000001,24.844814099999994],[121.9594436,24.8441126],[121.9595606,24.843190099999997],[121.95957849999999,24.843155400000004],[121.9596456,24.8428712],[121.9596174,24.8427677],[121.9596939,24.842621099999995],[121.95971873235017,24.84261111126511],[121.95967094967148,24.83641479631243]]]},"properties":{"grid_id":"G059_064","綠地類型":"森林","中心經度":121.954752,"中心緯度":24.839942,"分析面積_km2":0.994,"2020面積_ha":65.88,"2024面積_ha":68.85,"面積減少率_pct":0.0,"2020斑塊數":2,"2024斑塊數":1,"斑塊數增加率_pct":0.0,"2020平均斑塊面積_ha":83.79,"2024平均斑塊面積_ha":170.64,"平均斑塊面積下降率_pct":0.0,"道路切割密度_km_per_km2":0.634,"建成區邊界切割密度_km_per_km2":0.0,"孤立小斑塊比例_pct":0.0,"距大型連續綠地平均距離_m":0.0,"score_面積減少":36.827195467422094,"score_斑塊增加":46.81303116147309,"score_平均斑塊縮小":3.7535410764872523,"score_道路建成區切割":39.78989612842304,"score_孤立比例":45.34938621340888,"score_距大型綠地":44.66477809254013,"綜合破碎化分數":36.2,"破碎化等級":"低","判定原因":"面積減少0.0%；斑塊增加0.0%；平均斑塊縮小0.0%；道路密度0.63 km/km²；孤立比例0.0%；距大型綠地0m","2021面積_ha":67.41,"2022面積_ha":69.03,"2023面積_ha":70.02}},{"type":"Feature","geometry":{"type":"MultiPolygon","coordinates":[[[[121.95973749568212,24.845043718232084],[121.9597712,24.844832399999994],[121.9597395,24.844777599999997],[121.95973544214526,24.844777499184328],[121.95973749568212,24.845043718232084]]],[[[121.95967094967148,24.83641479631243],[121.95971873235017,24.84261111126511],[121.96005860000001,24.8424744],[121.9601685,24.842361499999992],[121.960227,24.842115400000004],[121.9602129,24.841960299999997],[121.9603114,24.841860499999996],[121.96034630000001,24.841641999999997],[121.96042879999999,24.841578099999996],[121.9605526,24.841604399999998],[121.96082309999998,24.841372399999997],[121.9610002,24.8410487],[121.96118700000001,24.840962599999997],[121.9612093,24.8408175],[121.96141040000002,24.840705],[121.96145340000001,24.840660499999995],[121.9615399,24.8405875],[121.9615781,24.8404086],[121.96180319999999,24.840432399999994],[121.9620126,24.84026619999999],[121.9622702,24.840159599999996],[121.96234120000001,24.840061700000003],[121.9624342,24.840013199999998],[121.96265850000002,24.840072000000003],[121.9628736,24.8399814],[121.96301980000001,24.839916899999995],[121.96314850000002,24.8399765],[121.9632131,24.840148499999998],[121.96343,24.8402931],[121.96359970000002,24.8403388],[121.96384459999999,24.840252800000002],[121.9639781,24.8401204],[121.96407790000002,24.840110399999997],[121.9642456,24.8399096],[121.96433159999998,24.8399541],[121.96442720000002,24.839919599999995],[121.9644555,24.839860099999996],[121.96438100000002,24.8397015],[121.96430530000002,24.839685600000003],[121.96428379999999,24.8396473],[121.9643307,24.839580300000005],[121.964422,24.839554200000002],[121.9643869,24.839336800000005],[121.9645111,24.8392865],[121.9645909,24.8392304],[121.9643644,24.8388524],[121.96433880000001,24.838737],[121.9642851,24.838617099999997],[121.9644375,24.8383542],[121.9643191,24.837830699999998],[121.9641316,24.837555799999997],[121.96389710000001,24.8370376],[121.9637851,24.836686299999997],[121.9634838,24.836440500000002],[121.96336572712123,24.83639102795003],[121.95967094967148,24.83641479631243]]]]},"properties":{"grid_id":"G059_065","綠地類型":"森林","中心經度":121.96205,"中心緯度":24.839461,"分析面積_km2":0.238,"2020面積_ha":6.12,"2024面積_ha":7.29,"面積減少率_pct":0.0,"2020斑塊數":2,"2024斑塊數":2,"斑塊數增加率_pct":0.0,"2020平均斑塊面積_ha":3.15,"2024平均斑塊面積_ha":88.875,"平均斑塊面積下降率_pct":0.0,"道路切割密度_km_per_km2":0.0,"建成區邊界切割密度_km_per_km2":0.0,"孤立小斑塊比例_pct":0.0,"距大型連續綠地平均距離_m":376.6,"score_面積減少":36.827195467422094,"score_斑塊增加":46.81303116147309,"score_平均斑塊縮小":3.7535410764872523,"score_道路建成區切割":27.47875354107649,"score_孤立比例":45.34938621340888,"score_距大型綠地":97.45042492917847,"綜合破碎化分數":42.9,"破碎化等級":"低","判定原因":"面積減少0.0%；斑塊增加0.0%；平均斑塊縮小0.0%；道路密度0.00 km/km²；孤立比例0.0%；距大型綠地377m","2021面積_ha":6.57,"2022面積_ha":7.11,"2023面積_ha":7.2}},{"type":"Feature","geometry":{"type":"Polygon","coordinates":[[[121.82147204879111,24.882377967719865],[121.82153176831746,24.891405555227443],[121.83142892531134,24.891350741471978],[121.83136848653272,24.88232317649484],[121.82147204879111,24.882377967719865]]]},"properties":{"grid_id":"G064_051","綠地類型":"森林","中心經度":121.82645,"中心緯度":24.886864,"分析面積_km2":1.04,"2020面積_ha":104.04,"2024面積_ha":104.04,"面積減少率_pct":0.0,"2020斑塊數":1,"2024斑塊數":1,"斑塊數增加率_pct":0.0,"2020平均斑塊面積_ha":172555.65,"2024平均斑塊面積_ha":172145.43,"平均斑塊面積下降率_pct":0.24,"道路切割密度_km_per_km2":0.663,"建成區邊界切割密度_km_per_km2":0.0,"孤立小斑塊比例_pct":0.0,"距大型連續綠地平均距離_m":0.0,"score_面積減少":36.827195467422094,"score_斑塊增加":46.81303116147309,"score_平均斑塊縮小":50.63739376770538,"score_道路建成區切割":39.978753541076486,"score_孤立比例":45.34938621340888,"score_距大型綠地":44.66477809254013,"綜合破碎化分數":44.0,"破碎化等級":"低","判定原因":"面積減少0.0%；斑塊增加0.0%；平均斑塊縮小0.2%；道路密度0.66 km/km²；孤立比例0.0%；距大型綠地0m","2021面積_ha":104.04,"2022面積_ha":104.04,"2023面積_ha":104.04}},{"type":"Feature","geometry":{"type":"Polygon","coordinates":[[[121.85140896289593,24.91832163618581],[121.84540985428458,24.918355769985492],[121.8454263,24.9184621],[121.84547550000002,24.918692500000002],[121.845489,24.918843000000003],[121.845513,24.918888900000002],[121.84552270000002,24.919022599999995],[121.8455217,24.9191273],[121.84554700000001,24.919284499999996],[121.84560470000001,24.919376899999996],[121.8457673,24.919504699999997],[121.8462844,24.91991799999999],[121.84639639999999,24.920033200000002],[121.8465259,24.9201243],[121.84671869999998,24.9202855],[121.84703510000001,24.920480799999993],[121.8471634,24.920537299999996],[121.84727190000001,24.920569499999996],[121.84748610000001,24.9206476],[121.84761420000001,24.920697499999992],[121.84767669999998,24.9207309],[121.8478457,24.920831899999996],[121.8479492,24.9209002],[121.84806600000002,24.9210006],[121.8481177,24.9210281],[121.84822260000001,24.921105199999996],[121.84828780000001,24.9211443],[121.84841910000002,24.9212271],[121.8487511,24.9215063],[121.84886419999998,24.9216225],[121.84900780000001,24.921728999999996],[121.8491228,24.921772399999995],[121.8493056,24.921879199999996],[121.84957940000001,24.921962799999996],[121.8497082,24.922026399999996],[121.84992949999999,24.9221884],[121.84999880000001,24.922262500000002],[121.85017850000001,24.9224434],[121.8502951,24.922557899999997],[121.8504393,24.922737699999995],[121.85050859999998,24.9228263],[121.85054430000001,24.9228774],[121.8505778,24.9229121],[121.8506038,24.922933799999996],[121.85061650000002,24.922952899999995],[121.850629,24.9229715],[121.85065910000002,24.923005300000003],[121.8506785,24.923033999999998],[121.85076770000002,24.9231517],[121.85080020000001,24.9233245],[121.8508515,24.923423399999994],[121.8509307,24.9234581],[121.85101190000002,24.9234736],[121.8511308,24.923444199999995],[121.85122869999998,24.923399699999997],[121.851394,24.92337849999999],[121.85144379699814,24.923394390304995],[121.85140896289593,24.91832163618581]]]},"properties":{"grid_id":"G068_053","綠地類型":"森林","中心經度":121.849717,"中心緯度":24.920941,"分析面積_km2":0.201,"2020面積_ha":20.07,"2024面積_ha":20.07,"面積減少率_pct":0.0,"2020斑塊數":1,"2024斑塊數":1,"斑塊數增加率_pct":0.0,"2020平均斑塊面積_ha":172555.65,"2024平均斑塊面積_ha":172145.43,"平均斑塊面積下降率_pct":0.24,"道路切割密度_km_per_km2":0.299,"建成區邊界切割密度_km_per_km2":0.0,"孤立小斑塊比例_pct":0.0,"距大型連續綠地平均距離_m":0.0,"score_面積減少":36.827195467422094,"score_斑塊增加":46.81303116147309,"score_平均斑塊縮小":50.63739376770538,"score_道路建成區切割":37.712464589235125,"score_孤立比例":45.34938621340888,"score_距大型綠地":44.66477809254013,"綜合破碎化分數":43.7,"破碎化等級":"低","判定原因":"面積減少0.0%；斑塊增加0.0%；平均斑塊縮小0.2%；道路密度0.30 km/km²；孤立比例0.0%；距大型綠地0m","2021面積_ha":20.07,"2022面積_ha":20.07,"2023面積_ha":20.07}},{"type":"Feature","geometry":{"type":"Polygon","coordinates":[[[121.8613709086504,24.927292235186165],[121.86130819065238,24.918264783703837],[121.85140896289593,24.91832163618581],[121.85144379699814,24.923394390304995],[121.851572,24.9234353],[121.8518783,24.9235804],[121.85212950000002,24.9237356],[121.8527088,24.924336999999994],[121.85316769999999,24.924757799999995],[121.85333270000001,24.924885799999995],[121.8535555,24.925049999999995],[121.8536406,24.9251269],[121.85385440000002,24.925435399999998],[121.8539404,24.925640100000003],[121.8539842,24.925915699999994],[121.85398840000002,24.926050600000003],[121.8539724,24.926155199999993],[121.85391509999998,24.9263284],[121.85387590000002,24.926557999999996],[121.8538921,24.9269048],[121.8538863,24.9269713],[121.85385929999998,24.927036499999996],[121.85379179999998,24.927120599999995],[121.8537441,24.927195299999994],[121.8537408,24.9273187],[121.85374310050604,24.927336115562394],[121.8613709086504,24.927292235186165]]]},"properties":{"grid_id":"G068_054","綠地類型":"森林","中心經度":121.856376,"中心緯度":24.92083,"分析面積_km2":0.952,"2020面積_ha":95.22,"2024面積_ha":95.22,"面積減少率_pct":0.0,"2020斑塊數":1,"2024斑塊數":1,"斑塊數增加率_pct":0.0,"2020平均斑塊面積_ha":172555.65,"2024平均斑塊面積_ha":172145.43,"平均斑塊面積下降率_pct":0.24,"道路切割密度_km_per_km2":0.126,"建成區邊界切割密度_km_per_km2":0.0,"孤立小斑塊比例_pct":0.0,"距大型連續綠地平均距離_m":0.0,"score_面積減少":36.827195467422094,"score_斑塊增加":46.81303116147309,"score_平均斑塊縮小":50.63739376770538,"score_道路建成區切割":36.508498583569406,"score_孤立比例":45.34938621340888,"score_距大型綠地":44.66477809254013,"綜合破碎化分數":43.5,"破碎化等級":"低","判定原因":"面積減少0.0%；斑塊增加0.0%；平均斑塊縮小0.2%；道路密度0.13 km/km²；孤立比例0.0%；距大型綠地0m","2021面積_ha":95.22,"2022面積_ha":95.22,"2023面積_ha":95.22}},{"type":"Feature","geometry":{"type":"Polygon","coordinates":[[[121.84169362446579,24.945460292171486],[121.84166215155156,24.940828646975465],[121.84162159999998,24.9408703],[121.84149730000001,24.940978999999995],[121.841399,24.941021],[121.8410924,24.941127599999998],[121.84101660000002,24.941141700000003],[121.840918,24.941156499999995],[121.8407987,24.941196699999992],[121.8406637,24.941232999999997],[121.8404882,24.9413394],[121.8402899,24.9415207],[121.84017369999998,24.941650399999997],[121.8400921,24.9417299],[121.839973,24.9419242],[121.83989,24.9420751],[121.8398369,24.9422181],[121.83980990000002,24.9424285],[121.83977490000001,24.942598600000004],[121.83974969999998,24.942837199999996],[121.83970460000002,24.9431275],[121.8396868,24.943224800000007],[121.83961500000001,24.943401100000003],[121.83951680000001,24.943630299999995],[121.8393951,24.943890399999994],[121.83927410000001,24.944115299999996],[121.8391309,24.944364699999998],[121.8390858,24.9444916],[121.8390483,24.944638599999998],[121.83905600000001,24.9447747],[121.8390933,24.9448843],[121.8391434,24.944977099999996],[121.8391987,24.9450573],[121.83921860000001,24.945129499999997],[121.83938180000001,24.945453999999998],[121.83938780421067,24.945473300507416],[121.84169362446579,24.945460292171486]]]},"properties":{"grid_id":"G070_052","綠地類型":"森林","中心經度":121.840687,"中心緯度":24.943171,"分析面積_km2":0.105,"2020面積_ha":10.53,"2024面積_ha":10.53,"面積減少率_pct":0.0,"2020斑塊數":1,"2024斑塊數":1,"斑塊數增加率_pct":0.0,"2020平均斑塊面積_ha":172555.65,"2024平均斑塊面積_ha":172145.43,"平均斑塊面積下降率_pct":0.24,"道路切割密度_km_per_km2":0.57,"建成區邊界切割密度_km_per_km2":0.0,"孤立小斑塊比例_pct":0.0,"距大型連續綠地平均距離_m":0.0,"score_面積減少":36.827195467422094,"score_斑塊增加":46.81303116147309,"score_平均斑塊縮小":50.63739376770538,"score_道路建成區切割":39.27053824362606,"score_孤立比例":45.34938621340888,"score_距大型綠地":44.66477809254013,"綜合破碎化分數":43.9,"破碎化等級":"低","判定原因":"面積減少0.0%；斑塊增加0.0%；平均斑塊縮小0.2%；道路密度0.57 km/km²；孤立比例0.0%；距大型綠地0m","2021面積_ha":10.53,"2022面積_ha":10.53,"2023面積_ha":10.53}},{"type":"Feature","geometry":{"type":"MultiPolygon","coordinates":[[[[121.8913304037742,24.963227072257276],[121.88866353977505,24.963243011101508],[121.88867199999999,24.9632555],[121.88871370000001,24.963347699999996],[121.88882050000001,24.963794999999998],[121.88886270000002,24.96391849999999],[121.88896840000001,24.964129500000002],[121.88907450000002,24.964294999999996],[121.88925120000002,24.964497199999993],[121.88951440000001,24.9647189],[121.88964100000001,24.9647869],[121.88973880000002,24.964818300000005],[121.8898402,24.9648244],[121.89004450000002,24.964815299999994],[121.89031279999999,24.9648332],[121.89084719999998,24.9650463],[121.8910363,24.965093100000004],[121.8911197,24.965127299999995],[121.89134411943222,24.965131205474286],[121.8913304037742,24.963227072257276]]],[[[121.88142766180185,24.96328601663038],[121.88143062662655,24.963702261354538],[121.8814837,24.9637301],[121.88177670000002,24.9639013],[121.88190580000001,24.9639465],[121.8821151,24.9640399],[121.8823068,24.964122999999994],[121.8825065,24.964156199999994],[121.88264560000002,24.96416719999999],[121.882752,24.9641782],[121.882909,24.964214899999998],[121.88300840000001,24.964229699999997],[121.88316110000001,24.964226399999998],[121.88319380000002,24.964241100000006],[121.88328469999999,24.964251799999996],[121.8840019,24.964376399999995],[121.8843181,24.964405400000004],[121.88447760000001,24.9644068],[121.88466420000002,24.964391400000004],[121.88488089999998,24.964367199999998],[121.8851148,24.9643036],[121.88534320000001,24.964257100000005],[121.8857992,24.9642171],[121.8862148,24.964120699999995],[121.8864147,24.964081099999998],[121.88661220000002,24.964023000000005],[121.8868671,24.9639698],[121.88713070000001,24.963889599999995],[121.88737919999998,24.963800999999997],[121.8876745,24.9637073],[121.88793600000001,24.9635544],[121.88812410000001,24.9634687],[121.88821680000001,24.963390399999998],[121.88830530000001,24.9633207],[121.88845470000001,24.9632865],[121.88851576508787,24.963243892898728],[121.88142766180185,24.96328601663038]]]]},"properties":{"grid_id":"G073_057","綠地類型":"森林","中心經度":121.884502,"中心緯度":24.963852,"分析面積_km2":0.133,"2020面積_ha":13.32,"2024面積_ha":13.32,"面積減少率_pct":0.0,"2020斑塊數":1,"2024斑塊數":1,"斑塊數增加率_pct":0.0,"2020平均斑塊面積_ha":172555.65,"2024平均斑塊面積_ha":172145.43,"平均斑塊面積下降率_pct":0.24,"道路切割密度_km_per_km2":0.225,"建成區邊界切割密度_km_per_km2":0.0,"孤立小斑塊比例_pct":0.0,"距大型連續綠地平均距離_m":0.0,"score_面積減少":36.827195467422094,"score_斑塊增加":46.81303116147309,"score_平均斑塊縮小":50.63739376770538,"score_道路建成區切割":37.21671388101983,"score_孤立比例":45.34938621340888,"score_距大型綠地":44.66477809254013,"綜合破碎化分數":43.6,"破碎化等級":"低","判定原因":"面積減少0.0%；斑塊增加0.0%；平均斑塊縮小0.2%；道路密度0.23 km/km²；孤立比例0.0%；距大型綠地0m","2021面積_ha":13.32,"2022面積_ha":13.23,"2023面積_ha":13.32}}]}