{"type":"FeatureCollection","features":[{"type":"Feature","geometry":{"type":"Polygon","coordinates":[[[121.56165112544727,24.32381006780369],[121.57150427352506,24.32377329192298],[121.57147886816854,24.31810633752688],[121.57134,24.318090000000005],[121.57052000000002,24.317980000000002],[121.56988,24.317980000000002],[121.56949000000002,24.318000000000005],[121.56924,24.31804],[121.56885,24.31817],[121.56838,24.31845],[121.56801000000002,24.31899],[121.56775,24.31918],[121.5676,24.319219999999998],[121.56748,24.31922],[121.56681,24.31916],[121.56649000000002,24.3192],[121.56625,24.319329999999994],[121.56585,24.319719999999997],[121.56503,24.320640000000004],[121.56415,24.32154],[121.56342000000001,24.322210000000002],[121.56331,24.32227],[121.56297,24.322360000000003],[121.56164588752891,24.32262133891816],[121.56165112544727,24.32381006780369]]]},"properties":{"grid_id":"G001_025","綠地類型":"河川沿岸自然地表","中心經度":121.568041,"中心緯度":24.321077,"分析面積_km2":0.44,"2020面積_ha":23.4,"2024面積_ha":23.4,"面積減少率_pct":0.0,"2020斑塊數":1,"2024斑塊數":1,"斑塊數增加率_pct":0.0,"2020平均斑塊面積_ha":2319.48,"2024平均斑塊面積_ha":2320.02,"平均斑塊面積下降率_pct":0.0,"道路切割密度_km_per_km2":0.0,"建成區邊界切割密度_km_per_km2":0.0,"孤立小斑塊比例_pct":0.0,"距大型連續綠地平均距離_m":0.0,"score_面積減少":36.206896551724135,"score_斑塊增加":44.260435571687836,"score_平均斑塊縮小":28.153357531760438,"score_道路建成區切割":25.941470054446462,"score_孤立比例":40.58529945553539,"score_距大型綠地":38.40744101633394,"綜合破碎化分數":35.6,"破碎化等級":"低","判定原因":"面積減少0.0%；斑塊增加0.0%；平均斑塊縮小0.0%；道路密度0.00 km/km²；孤立比例0.0%；距大型綠地0m","2021面積_ha":23.4,"2022面積_ha":23.4,"2023面積_ha":23.4}},{"type":"Feature","geometry":{"type":"Polygon","coordinates":[[[121.57150427352506,24.32377329192298],[121.58135740175483,24.323735876561358],[121.58133058701567,24.317855880378293],[121.57977,24.31787],[121.57883,24.31807],[121.57844000000001,24.31822],[121.57825,24.31834],[121.57808000000001,24.318469999999998],[121.57773,24.31886],[121.57741000000001,24.319120000000005],[121.57681,24.31942],[121.57636000000001,24.31959],[121.5758,24.319670000000002],[121.57526,24.319699999999997],[121.57454000000001,24.319609999999994],[121.57396,24.31948],[121.5734,24.319290000000002],[121.57318,24.319179999999992],[121.57266999999999,24.318820000000002],[121.57228,24.318469999999994],[121.57181,24.31819],[121.57168,24.318130000000004],[121.57147886816854,24.31810633752688],[121.57150427352506,24.32377329192298]]]},"properties":{"grid_id":"G001_026","綠地類型":"河川沿岸自然地表","中心經度":121.576422,"中心緯度":24.321725,"分析面積_km2":0.562,"2020面積_ha":1.62,"2024面積_ha":1.62,"面積減少率_pct":0.0,"2020斑塊數":1,"2024斑塊數":1,"斑塊數增加率_pct":0.0,"2020平均斑塊面積_ha":2319.48,"2024平均斑塊面積_ha":2320.02,"平均斑塊面積下降率_pct":0.0,"道路切割密度_km_per_km2":0.0,"建成區邊界切割密度_km_per_km2":0.0,"孤立小斑塊比例_pct":0.0,"距大型連續綠地平均距離_m":0.0,"score_面積減少":36.206896551724135,"score_斑塊增加":44.260435571687836,"score_平均斑塊縮小":28.153357531760438,"score_道路建成區切割":25.941470054446462,"score_孤立比例":40.58529945553539,"score_距大型綠地":38.40744101633394,"綜合破碎化分數":35.6,"破碎化等級":"低","判定原因":"面積減少0.0%；斑塊增加0.0%；平均斑塊縮小0.0%；道路密度0.00 km/km²；孤立比例0.0%；距大型綠地0m","2021面積_ha":1.62,"2022面積_ha":1.62,"2023面積_ha":1.62}},{"type":"Feature","geometry":{"type":"Polygon","coordinates":[[[121.58135740175483,24.323735876561358],[121.59121050979441,24.32369782172398],[121.59117055567917,24.31508196160607],[121.59074,24.31493],[121.59051999999998,24.31478],[121.59039940235144,24.3146720969224],[121.5887903617728,24.314678344751712],[121.58868,24.31498],[121.58831,24.315559999999994],[121.58809999999998,24.31573],[121.5876,24.316050000000004],[121.58721999999999,24.316199999999995],[121.58668,24.31633],[121.58565,24.316410000000005],[121.58451,24.31661],[121.58408,24.31682],[121.58344000000001,24.317379999999996],[121.58310000000002,24.317570000000003],[121.58258,24.317739999999997],[121.58198000000002,24.31785],[121.58133058701567,24.317855880378293],[121.58135740175483,24.323735876561358]]]},"properties":{"grid_id":"G001_027","綠地類型":"河川沿岸自然地表","中心經度":121.58627,"中心緯度":24.320777,"分析面積_km2":0.853,"2020面積_ha":18.27,"2024面積_ha":18.27,"面積減少率_pct":0.0,"2020斑塊數":1,"2024斑塊數":1,"斑塊數增加率_pct":0.0,"2020平均斑塊面積_ha":2319.48,"2024平均斑塊面積_ha":2320.02,"平均斑塊面積下降率_pct":0.0,"道路切割密度_km_per_km2":0.0,"建成區邊界切割密度_km_per_km2":0.0,"孤立小斑塊比例_pct":0.0,"距大型連續綠地平均距離_m":0.0,"score_面積減少":36.206896551724135,"score_斑塊增加":44.260435571687836,"score_平均斑塊縮小":28.153357531760438,"score_道路建成區切割":25.941470054446462,"score_孤立比例":40.58529945553539,"score_距大型綠地":38.40744101633394,"綜合破碎化分數":35.6,"破碎化等級":"低","判定原因":"面積減少0.0%；斑塊增加0.0%；平均斑塊縮小0.0%；道路密度0.00 km/km²；孤立比例0.0%；距大型綠地0m","2021面積_ha":18.27,"2022面積_ha":18.27,"2023面積_ha":18.27}},{"type":"Feature","geometry":{"type":"Polygon","coordinates":[[[121.74885721340483,24.32300198016873],[121.74884229980314,24.320463372510407],[121.74768,24.32126],[121.7459,24.3221],[121.74555,24.32229],[121.74525000000001,24.32253],[121.74452,24.32292],[121.74394,24.32302],[121.74389281861279,24.32302638929374],[121.74885721340483,24.32300198016873]]]},"properties":{"grid_id":"G001_043","綠地類型":"河川沿岸自然地表","中心經度":121.74782,"中心緯度":24.321675,"分析面積_km2":0.066,"2020面積_ha":0.09,"2024面積_ha":0.27,"面積減少率_pct":0.0,"2020斑塊數":1,"2024斑塊數":1,"斑塊數增加率_pct":0.0,"2020平均斑塊面積_ha":2.97,"2024平均斑塊面積_ha":566.55,"平均斑塊面積下降率_pct":0.0,"道路切割密度_km_per_km2":0.0,"建成區邊界切割密度_km_per_km2":0.0,"孤立小斑塊比例_pct":0.0,"距大型連續綠地平均距離_m":0.0,"score_面積減少":36.206896551724135,"score_斑塊增加":44.260435571687836,"score_平均斑塊縮小":28.153357531760438,"score_道路建成區切割":25.941470054446462,"score_孤立比例":40.58529945553539,"score_距大型綠地":38.40744101633394,"綜合破碎化分數":35.6,"破碎化等級":"低","判定原因":"面積減少0.0%；斑塊增加0.0%；平均斑塊縮小0.0%；道路密度0.00 km/km²；孤立比例0.0%；距大型綠地0m","2021面積_ha":0.36,"2022面積_ha":0.27,"2023面積_ha":0.36}},{"type":"Feature","geometry":{"type":"Polygon","coordinates":[[[121.5616909200795,24.332838821696747],[121.56165112544727,24.32381006780369],[121.55908550216476,24.323819538786488],[121.55885,24.324179999999995],[121.55844,24.3248],[121.55827,24.325170000000004],[121.55778,24.32594],[121.55765,24.326259999999994],[121.5572,24.327679999999997],[121.55715,24.32789],[121.55713,24.32822],[121.55718000000002,24.328729999999993],[121.55696000000002,24.32959],[121.55658000000001,24.33045],[121.55632,24.330849999999998],[121.55611999999999,24.33111],[121.55600000000001,24.331219999999995],[121.55574,24.33139],[121.55497000000001,24.33165],[121.55419,24.331950000000003],[121.55355000000002,24.33229],[121.55268113527521,24.332871901529796],[121.5616909200795,24.332838821696747]]]},"properties":{"grid_id":"G002_024","綠地類型":"河川沿岸自然地表","中心經度":121.559413,"中心緯度":24.328467,"分析面積_km2":0.527,"2020面積_ha":0.45,"2024面積_ha":0.45,"面積減少率_pct":0.0,"2020斑塊數":1,"2024斑塊數":1,"斑塊數增加率_pct":0.0,"2020平均斑塊面積_ha":2319.48,"2024平均斑塊面積_ha":2320.02,"平均斑塊面積下降率_pct":0.0,"道路切割密度_km_per_km2":0.0,"建成區邊界切割密度_km_per_km2":0.0,"孤立小斑塊比例_pct":0.0,"距大型連續綠地平均距離_m":0.0,"score_面積減少":36.206896551724135,"score_斑塊增加":44.260435571687836,"score_平均斑塊縮小":28.153357531760438,"score_道路建成區切割":25.941470054446462,"score_孤立比例":40.58529945553539,"score_距大型綠地":38.40744101633394,"綜合破碎化分數":35.6,"破碎化等級":"低","判定原因":"面積減少0.0%；斑塊增加0.0%；平均斑塊縮小0.0%；道路密度0.00 km/km²；孤立比例0.0%；距大型綠地0m","2021面積_ha":0.45,"2022面積_ha":0.45,"2023面積_ha":0.45}},{"type":"Feature","geometry":{"type":"Polygon","coordinates":[[[121.56165112544727,24.32381006780369],[121.5616909200795,24.332838821696747],[121.57154476618997,24.33280203043301],[121.57150427352506,24.32377329192298],[121.56165112544727,24.32381006780369]]]},"properties":{"grid_id":"G002_025","綠地類型":"河川沿岸自然地表","中心經度":121.566598,"中心緯度":24.328306,"分析面積_km2":1.04,"2020面積_ha":51.12,"2024面積_ha":51.12,"面積減少率_pct":0.0,"2020斑塊數":1,"2024斑塊數":1,"斑塊數增加率_pct":0.0,"2020平均斑塊面積_ha":2319.48,"2024平均斑塊面積_ha":2320.02,"平均斑塊面積下降率_pct":0.0,"道路切割密度_km_per_km2":0.0,"建成區邊界切割密度_km_per_km2":0.0,"孤立小斑塊比例_pct":0.0,"距大型連續綠地平均距離_m":0.0,"score_面積減少":36.206896551724135,"score_斑塊增加":44.260435571687836,"score_平均斑塊縮小":28.153357531760438,"score_道路建成區切割":25.941470054446462,"score_孤立比例":40.58529945553539,"score_距大型綠地":38.40744101633394,"綜合破碎化分數":35.6,"破碎化等級":"低","判定原因":"面積減少0.0%；斑塊增加0.0%；平均斑塊縮小0.0%；道路密度0.00 km/km²；孤立比例0.0%；距大型綠地0m","2021面積_ha":51.12,"2022面積_ha":51.12,"2023面積_ha":51.12}},{"type":"Feature","geometry":{"type":"Polygon","coordinates":[[[121.58135740175483,24.323735876561358],[121.58139859244619,24.33276459942089],[121.59125239850593,24.332726528665535],[121.59121050979441,24.32369782172398],[121.58135740175483,24.323735876561358]]]},"properties":{"grid_id":"G002_027","綠地類型":"河川沿岸自然地表","中心經度":121.586305,"中心緯度":24.328231,"分析面積_km2":1.04,"2020面積_ha":55.89,"2024面積_ha":55.89,"面積減少率_pct":0.0,"2020斑塊數":1,"2024斑塊數":1,"斑塊數增加率_pct":0.0,"2020平均斑塊面積_ha":2319.48,"2024平均斑塊面積_ha":2320.02,"平均斑塊面積下降率_pct":0.0,"道路切割密度_km_per_km2":0.0,"建成區邊界切割密度_km_per_km2":0.0,"孤立小斑塊比例_pct":0.0,"距大型連續綠地平均距離_m":0.0,"score_面積減少":36.206896551724135,"score_斑塊增加":44.260435571687836,"score_平均斑塊縮小":28.153357531760438,"score_道路建成區切割":25.941470054446462,"score_孤立比例":40.58529945553539,"score_距大型綠地":38.40744101633394,"綜合破碎化分數":35.6,"破碎化等級":"低","判定原因":"面積減少0.0%；斑塊增加0.0%；平均斑塊縮小0.0%；道路密度0.00 km/km²；孤立比例0.0%；距大型綠地0m","2021面積_ha":56.25,"2022面積_ha":55.62,"2023面積_ha":56.16}},{"type":"Feature","geometry":{"type":"Polygon","coordinates":[[[121.49274839549109,24.34210729047082],[121.50260306941371,24.342074964070317],[121.50260159018106,24.341700141442253],[121.50259000000001,24.341689999999993],[121.50229,24.341579999999997],[121.50145,24.34128],[121.50115,24.34109],[121.50094,24.340879999999995],[121.50010000000002,24.33989],[121.49986000000001,24.339649999999995],[121.49967,24.339520000000004],[121.49939,24.339440000000003],[121.49874999999999,24.339309999999998],[121.49827,24.33924],[121.49814999999998,24.33927],[121.49765,24.33947999999999],[121.49692,24.33985],[121.49649,24.339999999999996],[121.49523000000002,24.34038],[121.49432999999999,24.34077],[121.49368,24.341129999999996],[121.49332,24.34148],[121.4927471124681,24.341775684032154],[121.49274839549109,24.34210729047082]]]},"properties":{"grid_id":"G003_018","綠地類型":"河川沿岸自然地表","中心經度":121.497722,"中心緯度":24.340565,"分析面積_km2":0.201,"2020面積_ha":6.12,"2024面積_ha":6.12,"面積減少率_pct":0.0,"2020斑塊數":1,"2024斑塊數":1,"斑塊數增加率_pct":0.0,"2020平均斑塊面積_ha":2319.48,"2024平均斑塊面積_ha":2320.02,"平均斑塊面積下降率_pct":0.0,"道路切割密度_km_per_km2":0.0,"建成區邊界切割密度_km_per_km2":0.0,"孤立小斑塊比例_pct":0.0,"距大型連續綠地平均距離_m":0.0,"score_面積減少":36.206896551724135,"score_斑塊增加":44.260435571687836,"score_平均斑塊縮小":28.153357531760438,"score_道路建成區切割":25.941470054446462,"score_孤立比例":40.58529945553539,"score_距大型綠地":38.40744101633394,"綜合破碎化分數":35.6,"破碎化等級":"低","判定原因":"面積減少0.0%；斑塊增加0.0%；平均斑塊縮小0.0%；道路密度0.00 km/km²；孤立比例0.0%；距大型綠地0m","2021面積_ha":6.12,"2022面積_ha":6.12,"2023面積_ha":6.12}},{"type":"Feature","geometry":{"type":"Polygon","coordinates":[[[121.51245772587237,24.342041997620267],[121.51972135283769,24.342017289071848],[121.51943000000001,24.34178],[121.51898000000001,24.34148],[121.51857,24.341240000000003],[121.51807999999998,24.341050000000003],[121.51752000000002,24.340979999999995],[121.51699,24.341109999999993],[121.51649000000002,24.341299999999997],[121.51576,24.341689999999993],[121.51546,24.3418],[121.51533,24.341779999999993],[121.51490000000001,24.34145],[121.51441000000001,24.34118],[121.51381,24.34084999999999],[121.51349,24.340810000000005],[121.51245409305565,24.341139166836403],[121.51245772587237,24.342041997620267]]]},"properties":{"grid_id":"G003_020","綠地類型":"河川沿岸自然地表","中心經度":121.517568,"中心緯度":24.341369,"分析面積_km2":0.073,"2020面積_ha":0.81,"2024面積_ha":0.81,"面積減少率_pct":0.0,"2020斑塊數":1,"2024斑塊數":1,"斑塊數增加率_pct":0.0,"2020平均斑塊面積_ha":2319.48,"2024平均斑塊面積_ha":2320.02,"平均斑塊面積下降率_pct":0.0,"道路切割密度_km_per_km2":0.0,"建成區邊界切割密度_km_per_km2":0.0,"孤立小斑塊比例_pct":0.0,"距大型連續綠地平均距離_m":0.0,"score_面積減少":36.206896551724135,"score_斑塊增加":44.260435571687836,"score_平均斑塊縮小":28.153357531760438,"score_道路建成區切割":25.941470054446462,"score_孤立比例":40.58529945553539,"score_距大型綠地":38.40744101633394,"綜合破碎化分數":35.6,"破碎化等級":"低","判定原因":"面積減少0.0%；斑塊增加0.0%；平均斑塊縮小0.0%；道路密度0.00 km/km²；孤立比例0.0%；距大型綠地0m","2021面積_ha":0.81,"2022面積_ha":0.81,"2023面積_ha":0.81}},{"type":"Feature","geometry":{"type":"Polygon","coordinates":[[[121.53216698502838,24.3419741445898],[121.53214894169353,24.337655667606132],[121.531,24.338539999999995],[121.53074,24.33869],[121.53023000000002,24.3389],[121.52999000000001,24.338939999999997],[121.52973,24.33897],[121.52834,24.33886],[121.52802000000001,24.338970000000003],[121.52784000000001,24.33907],[121.52767,24.3392],[121.52744,24.339479999999995],[121.52641,24.340959999999995],[121.52563000000002,24.341989999999996],[121.52562591330481,24.341996947391916],[121.53216698502838,24.3419741445898]]]},"properties":{"grid_id":"G003_021","綠地類型":"河川沿岸自然地表","中心經度":121.529542,"中心緯度":24.340211,"分析面積_km2":0.218,"2020面積_ha":2.97,"2024面積_ha":2.97,"面積減少率_pct":0.0,"2020斑塊數":1,"2024斑塊數":1,"斑塊數增加率_pct":0.0,"2020平均斑塊面積_ha":2319.48,"2024平均斑塊面積_ha":2320.02,"平均斑塊面積下降率_pct":0.0,"道路切割密度_km_per_km2":0.0,"建成區邊界切割密度_km_per_km2":0.0,"孤立小斑塊比例_pct":0.0,"距大型連續綠地平均距離_m":0.0,"score_面積減少":36.206896551724135,"score_斑塊增加":44.260435571687836,"score_平均斑塊縮小":28.153357531760438,"score_道路建成區切割":25.941470054446462,"score_孤立比例":40.58529945553539,"score_距大型綠地":38.40744101633394,"綜合破碎化分數":35.6,"破碎化等級":"低","判定原因":"面積減少0.0%；斑塊增加0.0%；平均斑塊縮小0.0%；道路密度0.00 km/km²；孤立比例0.0%；距大型綠地0m","2021面積_ha":2.97,"2022面積_ha":2.97,"2023面積_ha":2.97}},{"type":"Feature","geometry":{"type":"Polygon","coordinates":[[[121.53216698502838,24.3419741445898],[121.542021587041,24.341939258018716],[121.54199973129096,24.336803308435297],[121.54154999999999,24.336500000000004],[121.54103999999998,24.3362],[121.54042,24.33596],[121.54003000000002,24.3359],[121.53941,24.33594],[121.53885000000001,24.336029999999997],[121.53846000000001,24.336129999999997],[121.53795000000001,24.336350000000003],[121.53666,24.337080000000004],[121.53618999999999,24.33725],[121.53592999999998,24.337310000000002],[121.53555000000001,24.337359999999997],[121.5346,24.33733],[121.53415,24.337250000000004],[121.53362000000001,24.337079999999997],[121.53336,24.337030000000002],[121.53312,24.33708],[121.53289,24.337140000000005],[121.53265000000002,24.337269999999997],[121.53214894169353,24.337655667606132],[121.53216698502838,24.3419741445898]]]},"properties":{"grid_id":"G003_022","綠地類型":"河川沿岸自然地表","中心經度":121.537085,"中心緯度":24.339798,"分析面積_km2":0.598,"2020面積_ha":24.84,"2024面積_ha":24.84,"面積減少率_pct":0.0,"2020斑塊數":1,"2024斑塊數":1,"斑塊數增加率_pct":0.0,"2020平均斑塊面積_ha":2319.48,"2024平均斑塊面積_ha":2320.02,"平均斑塊面積下降率_pct":0.0,"道路切割密度_km_per_km2":0.0,"建成區邊界切割密度_km_per_km2":0.0,"孤立小斑塊比例_pct":0.0,"距大型連續綠地平均距離_m":0.0,"score_面積減少":36.206896551724135,"score_斑塊增加":44.260435571687836,"score_平均斑塊縮小":28.153357531760438,"score_道路建成區切割":25.941470054446462,"score_孤立比例":40.58529945553539,"score_距大型綠地":38.40744101633394,"綜合破碎化分數":35.6,"破碎化等級":"低","判定原因":"面積減少0.0%；斑塊增加0.0%；平均斑塊縮小0.0%；道路密度0.00 km/km²；孤立比例0.0%；距大型綠地0m","2021面積_ha":24.84,"2022面積_ha":24.84,"2023面積_ha":24.84}},{"type":"Feature","geometry":{"type":"Polygon","coordinates":[[[121.542021587041,24.341939258018716],[121.55187617022024,24.34190373141678],[121.55183961502566,24.333466143160997],[121.5512669,24.333878],[121.551,24.33407],[121.55070000000002,24.33428999999999],[121.55025000000002,24.334759999999992],[121.54932000000001,24.33568],[121.5492122,24.335759899999996],[121.54874,24.33611],[121.54827,24.336430000000004],[121.54746,24.336779999999994],[121.54713,24.336969999999997],[121.54658,24.33723],[121.5452,24.337719999999997],[121.54467,24.337830000000004],[121.54445000000001,24.33785],[121.54417,24.337809999999998],[121.54334,24.33742],[121.54260999999998,24.337180000000004],[121.54241,24.337080000000004],[121.54199973129096,24.336803308435297],[121.542021587041,24.341939258018716]]]},"properties":{"grid_id":"G003_023","綠地類型":"河川沿岸自然地表","中心經度":121.548747,"中心緯度":24.337554,"分析面積_km2":0.627,"2020面積_ha":4.05,"2024面積_ha":4.05,"面積減少率_pct":0.0,"2020斑塊數":1,"2024斑塊數":1,"斑塊數增加率_pct":0.0,"2020平均斑塊面積_ha":2319.48,"2024平均斑塊面積_ha":2320.02,"平均斑塊面積下降率_pct":0.0,"道路切割密度_km_per_km2":0.0,"建成區邊界切割密度_km_per_km2":0.0,"孤立小斑塊比例_pct":0.0,"距大型連續綠地平均距離_m":0.0,"score_面積減少":36.206896551724135,"score_斑塊增加":44.260435571687836,"score_平均斑塊縮小":28.153357531760438,"score_道路建成區切割":25.941470054446462,"score_孤立比例":40.58529945553539,"score_距大型綠地":38.40744101633394,"綜合破碎化分數":35.6,"破碎化等級":"低","判定原因":"面積減少0.0%；斑塊增加0.0%；平均斑塊縮小0.0%；道路密度0.00 km/km²；孤立比例0.0%；距大型綠地0m","2021面積_ha":4.05,"2022面積_ha":4.05,"2023面積_ha":4.05}},{"type":"Feature","geometry":{"type":"Polygon","coordinates":[[[121.55187617022024,24.34190373141678],[121.56173073422372,24.341867564788892],[121.5616909200795,24.332838821696747],[121.55268113527521,24.332871901529796],[121.55246,24.333019999999998],[121.55183961502566,24.333466143160997],[121.55187617022024,24.34190373141678]]]},"properties":{"grid_id":"G003_024","綠地類型":"河川沿岸自然地表","中心經度":121.556785,"中心緯度":24.337667,"分析面積_km2":1.037,"2020面積_ha":64.08,"2024面積_ha":64.08,"面積減少率_pct":0.0,"2020斑塊數":1,"2024斑塊數":1,"斑塊數增加率_pct":0.0,"2020平均斑塊面積_ha":2319.48,"2024平均斑塊面積_ha":2320.02,"平均斑塊面積下降率_pct":0.0,"道路切割密度_km_per_km2":0.0,"建成區邊界切割密度_km_per_km2":0.0,"孤立小斑塊比例_pct":0.0,"距大型連續綠地平均距離_m":0.0,"score_面積減少":36.206896551724135,"score_斑塊增加":44.260435571687836,"score_平均斑塊縮小":28.153357531760438,"score_道路建成區切割":25.941470054446462,"score_孤立比例":40.58529945553539,"score_距大型綠地":38.40744101633394,"綜合破碎化分數":35.6,"破碎化等級":"低","判定原因":"面積減少0.0%；斑塊增加0.0%；平均斑塊縮小0.0%；道路密度0.00 km/km²；孤立比例0.0%；距大型綠地0m","2021面積_ha":64.08,"2022面積_ha":64.08,"2023面積_ha":63.9}},{"type":"Feature","geometry":{"type":"Polygon","coordinates":[[[121.57154476618997,24.33280203043301],[121.57158527870911,24.34183075814003],[121.58143980333404,24.34179331147526],[121.58139859244619,24.33276459942089],[121.57154476618997,24.33280203043301]]]},"properties":{"grid_id":"G003_026","綠地類型":"河川沿岸自然地表","中心經度":121.576492,"中心緯度":24.337298,"分析面積_km2":1.04,"2020面積_ha":52.2,"2024面積_ha":52.2,"面積減少率_pct":0.0,"2020斑塊數":1,"2024斑塊數":1,"斑塊數增加率_pct":0.0,"2020平均斑塊面積_ha":2319.48,"2024平均斑塊面積_ha":2320.02,"平均斑塊面積下降率_pct":0.0,"道路切割密度_km_per_km2":0.0,"建成區邊界切割密度_km_per_km2":0.0,"孤立小斑塊比例_pct":0.0,"距大型連續綠地平均距離_m":0.0,"score_面積減少":36.206896551724135,"score_斑塊增加":44.260435571687836,"score_平均斑塊縮小":28.153357531760438,"score_道路建成區切割":25.941470054446462,"score_孤立比例":40.58529945553539,"score_距大型綠地":38.40744101633394,"綜合破碎化分數":35.6,"破碎化等級":"低","判定原因":"面積減少0.0%；斑塊增加0.0%；平均斑塊縮小0.0%；道路密度0.00 km/km²；孤立比例0.0%；距大型綠地0m","2021面積_ha":52.2,"2022面積_ha":52.2,"2023面積_ha":52.2}},{"type":"Feature","geometry":{"type":"Polygon","coordinates":[[[121.58139859244619,24.33276459942089],[121.58143980333404,24.34179331147526],[121.59129430775617,24.341755224799737],[121.59125239850593,24.332726528665535],[121.58139859244619,24.33276459942089]]]},"properties":{"grid_id":"G003_027","綠地類型":"河川沿岸自然地表","中心經度":121.586346,"中心緯度":24.33726,"分析面積_km2":1.04,"2020面積_ha":5.13,"2024面積_ha":5.13,"面積減少率_pct":0.0,"2020斑塊數":1,"2024斑塊數":1,"斑塊數增加率_pct":0.0,"2020平均斑塊面積_ha":2319.48,"2024平均斑塊面積_ha":2320.02,"平均斑塊面積下降率_pct":0.0,"道路切割密度_km_per_km2":0.0,"建成區邊界切割密度_km_per_km2":0.0,"孤立小斑塊比例_pct":0.0,"距大型連續綠地平均距離_m":0.0,"score_面積減少":36.206896551724135,"score_斑塊增加":44.260435571687836,"score_平均斑塊縮小":28.153357531760438,"score_道路建成區切割":25.941470054446462,"score_孤立比例":40.58529945553539,"score_距大型綠地":38.40744101633394,"綜合破碎化分數":35.6,"破碎化等級":"低","判定原因":"面積減少0.0%；斑塊增加0.0%；平均斑塊縮小0.0%；道路密度0.00 km/km²；孤立比例0.0%；距大型綠地0m","2021面積_ha":5.13,"2022面積_ha":5.13,"2023面積_ha":5.13}},{"type":"Feature","geometry":{"type":"Polygon","coordinates":[[[121.59125239850593,24.332726528665535],[121.59129430775617,24.341755224799737],[121.6011487916332,24.34171649811872],[121.60110618402699,24.332687818172193],[121.59979623198747,24.332693001179695],[121.59977,24.332739999999998],[121.59952999999999,24.333239999999996],[121.59940000000002,24.333449999999996],[121.59923,24.33358],[121.59906,24.333639999999995],[121.59859000000002,24.33373],[121.59782,24.33371],[121.59713000000002,24.33358],[121.59698000000002,24.333519999999996],[121.59674,24.333299999999998],[121.59655,24.33296],[121.59641341016724,24.33270633348171],[121.59125239850593,24.332726528665535]]]},"properties":{"grid_id":"G003_028","綠地類型":"河川沿岸自然地表","中心經度":121.596203,"中心緯度":24.337738,"分析面積_km2":1.006,"2020面積_ha":52.38,"2024面積_ha":52.38,"面積減少率_pct":0.0,"2020斑塊數":1,"2024斑塊數":1,"斑塊數增加率_pct":0.0,"2020平均斑塊面積_ha":2319.48,"2024平均斑塊面積_ha":2320.02,"平均斑塊面積下降率_pct":0.0,"道路切割密度_km_per_km2":0.0,"建成區邊界切割密度_km_per_km2":0.0,"孤立小斑塊比例_pct":0.0,"距大型連續綠地平均距離_m":0.0,"score_面積減少":36.206896551724135,"score_斑塊增加":44.260435571687836,"score_平均斑塊縮小":28.153357531760438,"score_道路建成區切割":25.941470054446462,"score_孤立比例":40.58529945553539,"score_距大型綠地":38.40744101633394,"綜合破碎化分數":35.6,"破碎化等級":"低","判定原因":"面積減少0.0%；斑塊增加0.0%；平均斑塊縮小0.0%；道路密度0.00 km/km²；孤立比例0.0%；距大型綠地0m","2021面積_ha":52.38,"2022面積_ha":52.02,"2023面積_ha":51.93}},{"type":"Feature","geometry":{"type":"Polygon","coordinates":[[[121.60110618402699,24.332687818172193],[121.6011487916332,24.34171649811872],[121.61100325462276,24.341677131437525],[121.61097602179704,24.336000000086685],[121.61087999999998,24.335999999999995],[121.60990000000001,24.33551],[121.60960000000001,24.335400000000003],[121.60923,24.335339999999995],[121.60844,24.335420000000003],[121.60782,24.33545],[121.60771,24.3354],[121.60756000000002,24.33527],[121.60737,24.334929999999996],[121.60704,24.334180000000003],[121.60674,24.333259999999996],[121.60654999999998,24.332719999999995],[121.60652896418841,24.332666241897105],[121.60110618402699,24.332687818172193]]]},"properties":{"grid_id":"G003_029","綠地類型":"河川沿岸自然地表","中心經度":121.606063,"中心緯度":24.338858,"分析面積_km2":0.908,"2020面積_ha":23.4,"2024面積_ha":23.49,"面積減少率_pct":0.0,"2020斑塊數":1,"2024斑塊數":1,"斑塊數增加率_pct":0.0,"2020平均斑塊面積_ha":55.26,"2024平均斑塊面積_ha":55.26,"平均斑塊面積下降率_pct":0.0,"道路切割密度_km_per_km2":0.0,"建成區邊界切割密度_km_per_km2":0.0,"孤立小斑塊比例_pct":0.0,"距大型連續綠地平均距離_m":0.0,"score_面積減少":36.206896551724135,"score_斑塊增加":44.260435571687836,"score_平均斑塊縮小":28.153357531760438,"score_道路建成區切割":25.941470054446462,"score_孤立比例":40.58529945553539,"score_距大型綠地":38.40744101633394,"綜合破碎化分數":35.6,"破碎化等級":"低","判定原因":"面積減少0.0%；斑塊增加0.0%；平均斑塊縮小0.0%；道路密度0.00 km/km²；孤立比例0.0%；距大型綠地0m","2021面積_ha":23.49,"2022面積_ha":23.4,"2023面積_ha":23.31}},{"type":"Feature","geometry":{"type":"Polygon","coordinates":[[[121.70949637133022,24.33221978162575],[121.70954666039833,24.34124826585286],[121.7194008710332,24.34120185954707],[121.71934988369443,24.332173394717547],[121.70949637133022,24.33221978162575]]]},"properties":{"grid_id":"G003_040","綠地類型":"河川沿岸自然地表","中心經度":121.714448,"中心緯度":24.336711,"分析面積_km2":1.04,"2020面積_ha":7.47,"2024面積_ha":7.47,"面積減少率_pct":0.0,"2020斑塊數":2,"2024斑塊數":2,"斑塊數增加率_pct":0.0,"2020平均斑塊面積_ha":45.18,"2024平均斑塊面積_ha":45.27,"平均斑塊面積下降率_pct":0.0,"道路切割密度_km_per_km2":0.0,"建成區邊界切割密度_km_per_km2":0.0,"孤立小斑塊比例_pct":0.0,"距大型連續綠地平均距離_m":0.0,"score_面積減少":36.206896551724135,"score_斑塊增加":44.260435571687836,"score_平均斑塊縮小":28.153357531760438,"score_道路建成區切割":25.941470054446462,"score_孤立比例":40.58529945553539,"score_距大型綠地":38.40744101633394,"綜合破碎化分數":35.6,"破碎化等級":"低","判定原因":"面積減少0.0%；斑塊增加0.0%；平均斑塊縮小0.0%；道路密度0.00 km/km²；孤立比例0.0%；距大型綠地0m","2021面積_ha":7.47,"2022面積_ha":7.47,"2023面積_ha":7.47}},{"type":"Feature","geometry":{"type":"Polygon","coordinates":[[[121.71934988369443,24.332173394717547],[121.7194008710332,24.34120185954707],[121.72925505667297,24.341154813311988],[121.72920337107134,24.332126368147534],[121.71934988369443,24.332173394717547]]]},"properties":{"grid_id":"G003_041","綠地類型":"河川沿岸自然地表","中心經度":121.724302,"中心緯度":24.336664,"分析面積_km2":1.04,"2020面積_ha":3.69,"2024面積_ha":3.78,"面積減少率_pct":0.0,"2020斑塊數":1,"2024斑塊數":1,"斑塊數增加率_pct":0.0,"2020平均斑塊面積_ha":25.38,"2024平均斑塊面積_ha":26.1,"平均斑塊面積下降率_pct":0.0,"道路切割密度_km_per_km2":0.836,"建成區邊界切割密度_km_per_km2":0.0,"孤立小斑塊比例_pct":0.0,"距大型連續綠地平均距離_m":0.0,"score_面積減少":36.206896551724135,"score_斑塊增加":44.260435571687836,"score_平均斑塊縮小":28.153357531760438,"score_道路建成區切割":38.77041742286751,"score_孤立比例":40.58529945553539,"score_距大型綠地":38.40744101633394,"綜合破碎化分數":37.7,"破碎化等級":"低","判定原因":"面積減少0.0%；斑塊增加0.0%；平均斑塊縮小0.0%；道路密度0.84 km/km²；孤立比例0.0%；距大型綠地0m","2021面積_ha":3.78,"2022面積_ha":3.69,"2023面積_ha":3.78}},{"type":"Feature","geometry":{"type":"Polygon","coordinates":[[[121.72920337107134,24.332126368147534],[121.72925505667297,24.341154813311988],[121.73910921697538,24.341107127154103],[121.73905683311878,24.332078701922185],[121.72920337107134,24.332126368147534]]]},"properties":{"grid_id":"G003_042","綠地類型":"河川沿岸自然地表","中心經度":121.734156,"中心緯度":24.336617,"分析面積_km2":1.04,"2020面積_ha":7.83,"2024面積_ha":8.01,"面積減少率_pct":0.0,"2020斑塊數":1,"2024斑塊數":1,"斑塊數增加率_pct":0.0,"2020平均斑塊面積_ha":566.28,"2024平均斑塊面積_ha":566.55,"平均斑塊面積下降率_pct":0.0,"道路切割密度_km_per_km2":0.634,"建成區邊界切割密度_km_per_km2":0.0,"孤立小斑塊比例_pct":0.0,"距大型連續綠地平均距離_m":0.0,"score_面積減少":36.206896551724135,"score_斑塊增加":44.260435571687836,"score_平均斑塊縮小":28.153357531760438,"score_道路建成區切割":37.511343012704174,"score_孤立比例":40.58529945553539,"score_距大型綠地":38.40744101633394,"綜合破碎化分數":37.5,"破碎化等級":"低","判定原因":"面積減少0.0%；斑塊增加0.0%；平均斑塊縮小0.0%；道路密度0.63 km/km²；孤立比例0.0%；距大型綠地0m","2021面積_ha":8.01,"2022面積_ha":8.01,"2023面積_ha":8.01}},{"type":"Feature","geometry":{"type":"Polygon","coordinates":[[[121.48292794816072,24.351167822571377],[121.49278333796794,24.351136122978133],[121.49274839549109,24.34210729047082],[121.49221096501213,24.34210903500399],[121.49205000000002,24.342269999999996],[121.49147,24.342939999999995],[121.49074,24.34405],[121.49044,24.34437],[121.49000999999998,24.344589999999997],[121.4898,24.344779999999997],[121.48873000000002,24.34547],[121.4883,24.345679999999998],[121.48765,24.345919999999996],[121.48733,24.346129999999995],[121.48712000000002,24.346430000000005],[121.48677,24.347139999999996],[121.48649000000002,24.347439999999995],[121.48615,24.3477],[121.48574,24.348079999999996],[121.4857,24.348189999999995],[121.48574,24.348489999999998],[121.4857,24.34858],[121.48549,24.3486],[121.48512,24.348579999999995],[121.48469,24.348469999999995],[121.48403,24.348469999999995],[121.48355,24.348579999999988],[121.48291827831115,24.34861867756905],[121.48292794816072,24.351167822571377]]]},"properties":{"grid_id":"G004_017","綠地類型":"河川沿岸自然地表","中心經度":121.489856,"中心緯度":24.346776,"分析面積_km2":0.58,"2020面積_ha":16.2,"2024面積_ha":16.2,"面積減少率_pct":0.0,"2020斑塊數":1,"2024斑塊數":1,"斑塊數增加率_pct":0.0,"2020平均斑塊面積_ha":2319.48,"2024平均斑塊面積_ha":2320.02,"平均斑塊面積下降率_pct":0.0,"道路切割密度_km_per_km2":1.809,"建成區邊界切割密度_km_per_km2":0.0,"孤立小斑塊比例_pct":0.0,"距大型連續綠地平均距離_m":0.0,"score_面積減少":36.206896551724135,"score_斑塊增加":44.260435571687836,"score_平均斑塊縮小":28.153357531760438,"score_道路建成區切割":45.23593466424683,"score_孤立比例":40.58529945553539,"score_距大型綠地":38.40744101633394,"綜合破碎化分數":38.8,"破碎化等級":"低","判定原因":"面積減少0.0%；斑塊增加0.0%；平均斑塊縮小0.0%；道路密度1.81 km/km²；孤立比例0.0%；距大型綠地0m","2021面積_ha":16.2,"2022面積_ha":16.2,"2023面積_ha":16.2}},{"type":"Feature","geometry":{"type":"Polygon","coordinates":[[[121.49274839549109,24.34210729047082],[121.49278333796794,24.351136122978133],[121.50263871064826,24.35110378306332],[121.50260306941371,24.342074964070317],[121.49274839549109,24.34210729047082]]]},"properties":{"grid_id":"G004_018","綠地類型":"河川沿岸自然地表","中心經度":121.497693,"中心緯度":24.346606,"分析面積_km2":1.04,"2020面積_ha":28.17,"2024面積_ha":28.17,"面積減少率_pct":0.0,"2020斑塊數":1,"2024斑塊數":1,"斑塊數增加率_pct":0.0,"2020平均斑塊面積_ha":2319.48,"2024平均斑塊面積_ha":2320.02,"平均斑塊面積下降率_pct":0.0,"道路切割密度_km_per_km2":1.096,"建成區邊界切割密度_km_per_km2":0.0,"孤立小斑塊比例_pct":0.0,"距大型連續綠地平均距離_m":0.0,"score_面積減少":36.206896551724135,"score_斑塊增加":44.260435571687836,"score_平均斑塊縮小":28.153357531760438,"score_道路建成區切割":39.91606170598911,"score_孤立比例":40.58529945553539,"score_距大型綠地":38.40744101633394,"綜合破碎化分數":37.9,"破碎化等級":"低","判定原因":"面積減少0.0%；斑塊增加0.0%；平均斑塊縮小0.0%；道路密度1.10 km/km²；孤立比例0.0%；距大型綠地0m","2021面積_ha":28.17,"2022面積_ha":28.17,"2023面積_ha":28.17}},{"type":"Feature","geometry":{"type":"Polygon","coordinates":[[[121.50260306941371,24.342074964070317],[121.50263871064826,24.35110378306332],[121.51249406585914,24.35107080283139],[121.51245772587237,24.342041997620267],[121.50852881184447,24.342055217612018],[121.50836,24.342250000000003],[121.50797000000001,24.342480000000002],[121.50789,24.34266],[121.50774,24.343189999999996],[121.50766999999999,24.34326],[121.50751999999999,24.343320000000002],[121.50733,24.343320000000002],[121.50703000000001,24.3433],[121.5063,24.34311],[121.50583,24.34302],[121.50495000000001,24.34302],[121.5043,24.34298],[121.5039,24.34285],[121.5036,24.342659999999995],[121.50301360281458,24.34207360350437],[121.50260306941371,24.342074964070317]]]},"properties":{"grid_id":"G004_019","綠地類型":"河川沿岸自然地表","中心經度":121.507551,"中心緯度":24.347204,"分析面積_km2":0.977,"2020面積_ha":51.12,"2024面積_ha":51.12,"面積減少率_pct":0.0,"2020斑塊數":1,"2024斑塊數":1,"斑塊數增加率_pct":0.0,"2020平均斑塊面積_ha":2319.48,"2024平均斑塊面積_ha":2320.02,"平均斑塊面積下降率_pct":0.0,"道路切割密度_km_per_km2":0.0,"建成區邊界切割密度_km_per_km2":0.0,"孤立小斑塊比例_pct":0.0,"距大型連續綠地平均距離_m":0.0,"score_面積減少":36.206896551724135,"score_斑塊增加":44.260435571687836,"score_平均斑塊縮小":28.153357531760438,"score_道路建成區切割":25.941470054446462,"score_孤立比例":40.58529945553539,"score_距大型綠地":38.40744101633394,"綜合破碎化分數":35.6,"破碎化等級":"低","判定原因":"面積減少0.0%；斑塊增加0.0%；平均斑塊縮小0.0%；道路密度0.00 km/km²；孤立比例0.0%；距大型綠地0m","2021面積_ha":51.12,"2022面積_ha":51.12,"2023面積_ha":51.12}},{"type":"Feature","geometry":{"type":"Polygon","coordinates":[[[121.51245772587237,24.342041997620267],[121.51249406585914,24.35107080283139],[121.52234940325815,24.3510371822869],[121.52231645625756,24.34300603524388],[121.52179,24.34304],[121.52127999999999,24.342939999999995],[121.52066,24.342740000000003],[121.52040000000001,24.34257],[121.51972135283769,24.342017289071848],[121.51245772587237,24.342041997620267]]]},"properties":{"grid_id":"G004_020","綠地類型":"河川沿岸自然地表","中心經度":121.517405,"中心緯度":24.347055,"分析面積_km2":1.014,"2020面積_ha":46.08,"2024面積_ha":46.08,"面積減少率_pct":0.0,"2020斑塊數":1,"2024斑塊數":1,"斑塊數增加率_pct":0.0,"2020平均斑塊面積_ha":2319.48,"2024平均斑塊面積_ha":2320.02,"平均斑塊面積下降率_pct":0.0,"道路切割密度_km_per_km2":0.0,"建成區邊界切割密度_km_per_km2":0.0,"孤立小斑塊比例_pct":0.0,"距大型連續綠地平均距離_m":0.0,"score_面積減少":36.206896551724135,"score_斑塊增加":44.260435571687836,"score_平均斑塊縮小":28.153357531760438,"score_道路建成區切割":25.941470054446462,"score_孤立比例":40.58529945553539,"score_距大型綠地":38.40744101633394,"綜合破碎化分數":35.6,"破碎化等級":"低","判定原因":"面積減少0.0%；斑塊增加0.0%；平均斑塊縮小0.0%；道路密度0.00 km/km²；孤立比例0.0%；距大型綠地0m","2021面積_ha":46.08,"2022面積_ha":46.08,"2023面積_ha":46.08}},{"type":"Feature","geometry":{"type":"Polygon","coordinates":[[[121.52234940325815,24.3510371822869],[121.53220472250283,24.35100292143446],[121.53216698502838,24.3419741445898],[121.52562591330481,24.341996947391916],[121.52553,24.342159999999996],[121.52516,24.342459999999996],[121.52447,24.34266],[121.52359,24.342760000000002],[121.52240999999998,24.343000000000004],[121.52231645625756,24.34300603524388],[121.52234940325815,24.3510371822869]]]},"properties":{"grid_id":"G004_021","綠地類型":"河川沿岸自然地表","中心經度":121.52726,"中心緯度":24.347005,"分析面積_km2":1.009,"2020面積_ha":38.34,"2024面積_ha":38.34,"面積減少率_pct":0.0,"2020斑塊數":1,"2024斑塊數":1,"斑塊數增加率_pct":0.0,"2020平均斑塊面積_ha":2319.48,"2024平均斑塊面積_ha":2320.02,"平均斑塊面積下降率_pct":0.0,"道路切割密度_km_per_km2":0.0,"建成區邊界切割密度_km_per_km2":0.0,"孤立小斑塊比例_pct":0.0,"距大型連續綠地平均距離_m":0.0,"score_面積減少":36.206896551724135,"score_斑塊增加":44.260435571687836,"score_平均斑塊縮小":28.153357531760438,"score_道路建成區切割":25.941470054446462,"score_孤立比例":40.58529945553539,"score_距大型綠地":38.40744101633394,"綜合破碎化分數":35.6,"破碎化等級":"低","判定原因":"面積減少0.0%；斑塊增加0.0%；平均斑塊縮小0.0%；道路密度0.00 km/km²；孤立比例0.0%；距大型綠地0m","2021面積_ha":38.34,"2022面積_ha":38.34,"2023面積_ha":38.34}},{"type":"Feature","geometry":{"type":"Polygon","coordinates":[[[121.53216698502838,24.3419741445898],[121.53220472250283,24.35100292143446],[121.54206002325067,24.350968020278803],[121.542021587041,24.341939258018716],[121.53216698502838,24.3419741445898]]]},"properties":{"grid_id":"G004_022","綠地類型":"河川沿岸自然地表","中心經度":121.537113,"中心緯度":24.346471,"分析面積_km2":1.04,"2020面積_ha":81.09,"2024面積_ha":81.09,"面積減少率_pct":0.0,"2020斑塊數":1,"2024斑塊數":1,"斑塊數增加率_pct":0.0,"2020平均斑塊面積_ha":2319.48,"2024平均斑塊面積_ha":2320.02,"平均斑塊面積下降率_pct":0.0,"道路切割密度_km_per_km2":0.0,"建成區邊界切割密度_km_per_km2":0.0,"孤立小斑塊比例_pct":0.0,"距大型連續綠地平均距離_m":0.0,"score_面積減少":36.206896551724135,"score_斑塊增加":44.260435571687836,"score_平均斑塊縮小":28.153357531760438,"score_道路建成區切割":25.941470054446462,"score_孤立比例":40.58529945553539,"score_距大型綠地":38.40744101633394,"綜合破碎化分數":35.6,"破碎化等級":"低","判定原因":"面積減少0.0%；斑塊增加0.0%；平均斑塊縮小0.0%；道路密度0.00 km/km²；孤立比例0.0%；距大型綠地0m","2021面積_ha":81.09,"2022面積_ha":81.09,"2023面積_ha":81.09}},{"type":"Feature","geometry":{"type":"Polygon","coordinates":[[[121.542021587041,24.341939258018716],[121.54206002325067,24.350968020278803],[121.55191530515924,24.35093247882474],[121.55187617022024,24.34190373141678],[121.542021587041,24.341939258018716]]]},"properties":{"grid_id":"G004_023","綠地類型":"河川沿岸自然地表","中心經度":121.546968,"中心緯度":24.346436,"分析面積_km2":1.04,"2020面積_ha":1.08,"2024面積_ha":1.08,"面積減少率_pct":0.0,"2020斑塊數":1,"2024斑塊數":1,"斑塊數增加率_pct":0.0,"2020平均斑塊面積_ha":2319.48,"2024平均斑塊面積_ha":2320.02,"平均斑塊面積下降率_pct":0.0,"道路切割密度_km_per_km2":0.0,"建成區邊界切割密度_km_per_km2":0.0,"孤立小斑塊比例_pct":0.0,"距大型連續綠地平均距離_m":0.0,"score_面積減少":36.206896551724135,"score_斑塊增加":44.260435571687836,"score_平均斑塊縮小":28.153357531760438,"score_道路建成區切割":25.941470054446462,"score_孤立比例":40.58529945553539,"score_距大型綠地":38.40744101633394,"綜合破碎化分數":35.6,"破碎化等級":"低","判定原因":"面積減少0.0%；斑塊增加0.0%；平均斑塊縮小0.0%；道路密度0.00 km/km²；孤立比例0.0%；距大型綠地0m","2021面積_ha":1.08,"2022面積_ha":1.08,"2023面積_ha":1.08}},{"type":"Feature","geometry":{"type":"Polygon","coordinates":[[[121.55187617022024,24.34190373141678],[121.55191530515924,24.35093247882474],[121.56177056788606,24.350896297077153],[121.56173073422372,24.341867564788892],[121.55187617022024,24.34190373141678]]]},"properties":{"grid_id":"G004_024","綠地類型":"河川沿岸自然地表","中心經度":121.556823,"中心緯度":24.3464,"分析面積_km2":1.04,"2020面積_ha":54.9,"2024面積_ha":54.9,"面積減少率_pct":0.0,"2020斑塊數":1,"2024斑塊數":1,"斑塊數增加率_pct":0.0,"2020平均斑塊面積_ha":2319.48,"2024平均斑塊面積_ha":2320.02,"平均斑塊面積下降率_pct":0.0,"道路切割密度_km_per_km2":0.0,"建成區邊界切割密度_km_per_km2":0.0,"孤立小斑塊比例_pct":0.0,"距大型連續綠地平均距離_m":0.0,"score_面積減少":36.206896551724135,"score_斑塊增加":44.260435571687836,"score_平均斑塊縮小":28.153357531760438,"score_道路建成區切割":25.941470054446462,"score_孤立比例":40.58529945553539,"score_距大型綠地":38.40744101633394,"綜合破碎化分數":35.6,"破碎化等級":"低","判定原因":"面積減少0.0%；斑塊增加0.0%；平均斑塊縮小0.0%；道路密度0.00 km/km²；孤立比例0.0%；距大型綠地0m","2021面積_ha":54.9,"2022面積_ha":54.9,"2023面積_ha":54.9}},{"type":"Feature","geometry":{"type":"Polygon","coordinates":[[[121.56173073422372,24.341867564788892],[121.56177056788606,24.350896297077153],[121.57162581108868,24.350859475041034],[121.57158527870911,24.34183075814003],[121.56173073422372,24.341867564788892]]]},"properties":{"grid_id":"G004_025","綠地類型":"河川沿岸自然地表","中心經度":121.566678,"中心緯度":24.346364,"分析面積_km2":1.04,"2020面積_ha":34.83,"2024面積_ha":34.83,"面積減少率_pct":0.0,"2020斑塊數":1,"2024斑塊數":1,"斑塊數增加率_pct":0.0,"2020平均斑塊面積_ha":2319.48,"2024平均斑塊面積_ha":2320.02,"平均斑塊面積下降率_pct":0.0,"道路切割密度_km_per_km2":0.0,"建成區邊界切割密度_km_per_km2":0.0,"孤立小斑塊比例_pct":0.0,"距大型連續綠地平均距離_m":0.0,"score_面積減少":36.206896551724135,"score_斑塊增加":44.260435571687836,"score_平均斑塊縮小":28.153357531760438,"score_道路建成區切割":25.941470054446462,"score_孤立比例":40.58529945553539,"score_距大型綠地":38.40744101633394,"綜合破碎化分數":35.6,"破碎化等級":"低","判定原因":"面積減少0.0%；斑塊增加0.0%；平均斑塊縮小0.0%；道路密度0.00 km/km²；孤立比例0.0%；距大型綠地0m","2021面積_ha":34.83,"2022面積_ha":34.83,"2023面積_ha":34.83}},{"type":"Feature","geometry":{"type":"Polygon","coordinates":[[[121.57158527870911,24.34183075814003],[121.57162581108868,24.350859475041034],[121.58148103442467,24.350822012721455],[121.58143980333404,24.34179331147526],[121.57158527870911,24.34183075814003]]]},"properties":{"grid_id":"G004_026","綠地類型":"河川沿岸自然地表","中心經度":121.576533,"中心緯度":24.346326,"分析面積_km2":1.04,"2020面積_ha":34.02,"2024面積_ha":34.02,"面積減少率_pct":0.0,"2020斑塊數":1,"2024斑塊數":1,"斑塊數增加率_pct":0.0,"2020平均斑塊面積_ha":2319.48,"2024平均斑塊面積_ha":2320.02,"平均斑塊面積下降率_pct":0.0,"道路切割密度_km_per_km2":0.0,"建成區邊界切割密度_km_per_km2":0.0,"孤立小斑塊比例_pct":0.0,"距大型連續綠地平均距離_m":0.0,"score_面積減少":36.206896551724135,"score_斑塊增加":44.260435571687836,"score_平均斑塊縮小":28.153357531760438,"score_道路建成區切割":25.941470054446462,"score_孤立比例":40.58529945553539,"score_距大型綠地":38.40744101633394,"綜合破碎化分數":35.6,"破碎化等級":"低","判定原因":"面積減少0.0%；斑塊增加0.0%；平均斑塊縮小0.0%；道路密度0.00 km/km²；孤立比例0.0%；距大型綠地0m","2021面積_ha":34.02,"2022面積_ha":34.02,"2023面積_ha":34.02}},{"type":"Feature","geometry":{"type":"Polygon","coordinates":[[[121.58143980333404,24.34179331147526],[121.58148103442467,24.350822012721455],[121.59133623755154,24.350783910123575],[121.59129430775617,24.341755224799737],[121.58143980333404,24.34179331147526]]]},"properties":{"grid_id":"G004_027","綠地類型":"河川沿岸自然地表","中心經度":121.586388,"中心緯度":24.346289,"分析面積_km2":1.04,"2020面積_ha":20.34,"2024面積_ha":20.34,"面積減少率_pct":0.0,"2020斑塊數":1,"2024斑塊數":1,"斑塊數增加率_pct":0.0,"2020平均斑塊面積_ha":2319.48,"2024平均斑塊面積_ha":2320.02,"平均斑塊面積下降率_pct":0.0,"道路切割密度_km_per_km2":0.0,"建成區邊界切割密度_km_per_km2":0.0,"孤立小斑塊比例_pct":0.0,"距大型連續綠地平均距離_m":0.0,"score_面積減少":36.206896551724135,"score_斑塊增加":44.260435571687836,"score_平均斑塊縮小":28.153357531760438,"score_道路建成區切割":25.941470054446462,"score_孤立比例":40.58529945553539,"score_距大型綠地":38.40744101633394,"綜合破碎化分數":35.6,"破碎化等級":"低","判定原因":"面積減少0.0%；斑塊增加0.0%；平均斑塊縮小0.0%；道路密度0.00 km/km²；孤立比例0.0%；距大型綠地0m","2021面積_ha":20.34,"2022面積_ha":20.34,"2023面積_ha":20.34}},{"type":"Feature","geometry":{"type":"Polygon","coordinates":[[[121.59129430775617,24.341755224799737],[121.59133623755154,24.350783910123575],[121.60119142012687,24.35074516725265],[121.6011487916332,24.34171649811872],[121.59129430775617,24.341755224799737]]]},"properties":{"grid_id":"G004_028","綠地類型":"河川沿岸自然地表","中心經度":121.596243,"中心緯度":24.34625,"分析面積_km2":1.04,"2020面積_ha":18.09,"2024面積_ha":18.09,"面積減少率_pct":0.0,"2020斑塊數":2,"2024斑塊數":2,"斑塊數增加率_pct":0.0,"2020平均斑塊面積_ha":1187.37,"2024平均斑塊面積_ha":1187.64,"平均斑塊面積下降率_pct":0.0,"道路切割密度_km_per_km2":0.0,"建成區邊界切割密度_km_per_km2":0.0,"孤立小斑塊比例_pct":0.0,"距大型連續綠地平均距離_m":0.0,"score_面積減少":36.206896551724135,"score_斑塊增加":44.260435571687836,"score_平均斑塊縮小":28.153357531760438,"score_道路建成區切割":25.941470054446462,"score_孤立比例":40.58529945553539,"score_距大型綠地":38.40744101633394,"綜合破碎化分數":35.6,"破碎化等級":"低","判定原因":"面積減少0.0%；斑塊增加0.0%；平均斑塊縮小0.0%；道路密度0.00 km/km²；孤立比例0.0%；距大型綠地0m","2021面積_ha":18.09,"2022面積_ha":18.09,"2023面積_ha":18.09}},{"type":"Feature","geometry":{"type":"Polygon","coordinates":[[[121.6011487916332,24.34171649811872],[121.60119142012687,24.35074516725265],[121.61104658180821,24.350705784114],[121.61100325462276,24.341677131437525],[121.6011487916332,24.34171649811872]]]},"properties":{"grid_id":"G004_029","綠地類型":"河川沿岸自然地表","中心經度":121.606098,"中心緯度":24.346211,"分析面積_km2":1.04,"2020面積_ha":22.68,"2024面積_ha":22.68,"面積減少率_pct":0.0,"2020斑塊數":2,"2024斑塊數":2,"斑塊數增加率_pct":0.0,"2020平均斑塊面積_ha":62.865,"2024平均斑塊面積_ha":72.405,"平均斑塊面積下降率_pct":0.0,"道路切割密度_km_per_km2":0.0,"建成區邊界切割密度_km_per_km2":0.0,"孤立小斑塊比例_pct":0.0,"距大型連續綠地平均距離_m":0.0,"score_面積減少":36.206896551724135,"score_斑塊增加":44.260435571687836,"score_平均斑塊縮小":28.153357531760438,"score_道路建成區切割":25.941470054446462,"score_孤立比例":40.58529945553539,"score_距大型綠地":38.40744101633394,"綜合破碎化分數":35.6,"破碎化等級":"低","判定原因":"面積減少0.0%；斑塊增加0.0%；平均斑塊縮小0.0%；道路密度0.00 km/km²；孤立比例0.0%；距大型綠地0m","2021面積_ha":22.68,"2022面積_ha":22.68,"2023面積_ha":22.68}},{"type":"Feature","geometry":{"type":"Polygon","coordinates":[[[121.70954666039833,24.34124826585286],[121.70959697411924,24.35027673924043],[121.71945188336706,24.35023031353437],[121.7194008710332,24.34120185954707],[121.70954666039833,24.34124826585286]]]},"properties":{"grid_id":"G004_040","綠地類型":"河川沿岸自然地表","中心經度":121.714499,"中心緯度":24.345739,"分析面積_km2":1.04,"2020面積_ha":3.24,"2024面積_ha":3.24,"面積減少率_pct":0.0,"2020斑塊數":1,"2024斑塊數":1,"斑塊數增加率_pct":0.0,"2020平均斑塊面積_ha":566.28,"2024平均斑塊面積_ha":566.55,"平均斑塊面積下降率_pct":0.0,"道路切割密度_km_per_km2":0.0,"建成區邊界切割密度_km_per_km2":0.0,"孤立小斑塊比例_pct":0.0,"距大型連續綠地平均距離_m":0.0,"score_面積減少":36.206896551724135,"score_斑塊增加":44.260435571687836,"score_平均斑塊縮小":28.153357531760438,"score_道路建成區切割":25.941470054446462,"score_孤立比例":40.58529945553539,"score_距大型綠地":38.40744101633394,"綜合破碎化分數":35.6,"破碎化等級":"低","判定原因":"面積減少0.0%；斑塊增加0.0%；平均斑塊縮小0.0%；道路密度0.00 km/km²；孤立比例0.0%；距大型綠地0m","2021面積_ha":3.24,"2022面積_ha":3.24,"2023面積_ha":3.24}},{"type":"Feature","geometry":{"type":"Polygon","coordinates":[[[121.7194008710332,24.34120185954707],[121.71945188336706,24.35023031353437],[121.72930676761197,24.350183247631524],[121.72925505667297,24.341154813311988],[121.7194008710332,24.34120185954707]]]},"properties":{"grid_id":"G004_041","綠地類型":"河川沿岸自然地表","中心經度":121.724354,"中心緯度":24.345693,"分析面積_km2":1.04,"2020面積_ha":50.94,"2024面積_ha":50.94,"面積減少率_pct":0.0,"2020斑塊數":1,"2024斑塊數":1,"斑塊數增加率_pct":0.0,"2020平均斑塊面積_ha":566.28,"2024平均斑塊面積_ha":566.55,"平均斑塊面積下降率_pct":0.0,"道路切割密度_km_per_km2":0.0,"建成區邊界切割密度_km_per_km2":0.0,"孤立小斑塊比例_pct":0.0,"距大型連續綠地平均距離_m":0.0,"score_面積減少":36.206896551724135,"score_斑塊增加":44.260435571687836,"score_平均斑塊縮小":28.153357531760438,"score_道路建成區切割":25.941470054446462,"score_孤立比例":40.58529945553539,"score_距大型綠地":38.40744101633394,"綜合破碎化分數":35.6,"破碎化等級":"低","判定原因":"面積減少0.0%；斑塊增加0.0%；平均斑塊縮小0.0%；道路密度0.00 km/km²；孤立比例0.0%；距大型綠地0m","2021面積_ha":50.94,"2022面積_ha":50.94,"2023面積_ha":50.94}},{"type":"Feature","geometry":{"type":"Polygon","coordinates":[[[121.73910921697538,24.341107127154103],[121.73916162651162,24.35013554153836],[121.74901645972362,24.350087195261455],[121.74896335159816,24.341058801079978],[121.73910921697538,24.341107127154103]]]},"properties":{"grid_id":"G004_043","綠地類型":"河川沿岸自然地表","中心經度":121.744063,"中心緯度":24.345597,"分析面積_km2":1.04,"2020面積_ha":13.41,"2024面積_ha":13.41,"面積減少率_pct":0.0,"2020斑塊數":1,"2024斑塊數":1,"斑塊數增加率_pct":0.0,"2020平均斑塊面積_ha":566.28,"2024平均斑塊面積_ha":566.55,"平均斑塊面積下降率_pct":0.0,"道路切割密度_km_per_km2":1.644,"建成區邊界切割密度_km_per_km2":0.0,"孤立小斑塊比例_pct":0.0,"距大型連續綠地平均距離_m":0.0,"score_面積減少":36.206896551724135,"score_斑塊增加":44.260435571687836,"score_平均斑塊縮小":28.153357531760438,"score_道路建成區切割":43.93148820326679,"score_孤立比例":40.58529945553539,"score_距大型綠地":38.40744101633394,"綜合破碎化分數":38.6,"破碎化等級":"低","判定原因":"面積減少0.0%；斑塊增加0.0%；平均斑塊縮小0.0%；道路密度1.64 km/km²；孤立比例0.0%；距大型綠地0m","2021面積_ha":13.41,"2022面積_ha":13.41,"2023面積_ha":13.41}},{"type":"Feature","geometry":{"type":"Polygon","coordinates":[[[121.74896335159816,24.341058801079978],[121.74901645972362,24.350087195261455],[121.75887126690559,24.350038208807465],[121.75881746019905,24.34100983509627],[121.74896335159816,24.341058801079978]]]},"properties":{"grid_id":"G004_044","綠地類型":"河川沿岸自然地表","中心經度":121.753917,"中心緯度":24.345549,"分析面積_km2":1.04,"2020面積_ha":6.21,"2024面積_ha":6.21,"面積減少率_pct":0.0,"2020斑塊數":1,"2024斑塊數":1,"斑塊數增加率_pct":0.0,"2020平均斑塊面積_ha":566.28,"2024平均斑塊面積_ha":566.55,"平均斑塊面積下降率_pct":0.0,"道路切割密度_km_per_km2":1.817,"建成區邊界切割密度_km_per_km2":0.0,"孤立小斑塊比例_pct":0.0,"距大型連續綠地平均距離_m":0.0,"score_面積減少":36.206896551724135,"score_斑塊增加":44.260435571687836,"score_平均斑塊縮小":28.153357531760438,"score_道路建成區切割":45.30399274047187,"score_孤立比例":40.58529945553539,"score_距大型綠地":38.40744101633394,"綜合破碎化分數":38.8,"破碎化等級":"低","判定原因":"面積減少0.0%；斑塊增加0.0%；平均斑塊縮小0.0%；道路密度1.82 km/km²；孤立比例0.0%；距大型綠地0m","2021面積_ha":6.21,"2022面積_ha":6.21,"2023面積_ha":6.21}},{"type":"Feature","geometry":{"type":"Polygon","coordinates":[[[121.463249980807,24.360258161432846],[121.47310610295656,24.360227729782427],[121.47307815172857,24.35270846302022],[121.47306000000002,24.35272],[121.47258999999998,24.35287],[121.47203000000002,24.353],[121.47076999999999,24.35341],[121.47007999999998,24.35373],[121.46914000000001,24.35424],[121.46866,24.354440000000004],[121.46763,24.35474],[121.46716000000002,24.354799999999997],[121.46652,24.35493],[121.46542000000001,24.35532],[121.46508000000001,24.35551],[121.46474000000002,24.356],[121.46441000000002,24.3563],[121.46336000000001,24.35708],[121.46323861762556,24.357136645670334],[121.463249980807,24.360258161432846]]]},"properties":{"grid_id":"G005_015","綠地類型":"河川沿岸自然地表","中心經度":121.468489,"中心緯度":24.356676,"分析面積_km2":0.668,"2020面積_ha":18.45,"2024面積_ha":18.45,"面積減少率_pct":0.0,"2020斑塊數":1,"2024斑塊數":1,"斑塊數增加率_pct":0.0,"2020平均斑塊面積_ha":2319.48,"2024平均斑塊面積_ha":2320.02,"平均斑塊面積下降率_pct":0.0,"道路切割密度_km_per_km2":0.539,"建成區邊界切割密度_km_per_km2":0.0,"孤立小斑塊比例_pct":0.0,"距大型連續綠地平均距離_m":0.0,"score_面積減少":36.206896551724135,"score_斑塊增加":44.260435571687836,"score_平均斑塊縮小":28.153357531760438,"score_道路建成區切割":36.88747731397459,"score_孤立比例":40.58529945553539,"score_距大型綠地":38.40744101633394,"綜合破碎化分數":37.4,"破碎化等級":"低","判定原因":"面積減少0.0%；斑塊增加0.0%；平均斑塊縮小0.0%；道路密度0.54 km/km²；孤立比例0.0%；距大型綠地0m","2021面積_ha":18.45,"2022面積_ha":18.45,"2023面積_ha":18.45}},{"type":"Feature","geometry":{"type":"Polygon","coordinates":[[[121.47310610295656,24.360227729782427],[121.48296220865898,24.36019665753417],[121.48292794816072,24.351167822571377],[121.47965559294754,24.351178206397808],[121.47917999999999,24.35158],[121.47888,24.35188],[121.47877,24.351949999999995],[121.47848999999998,24.35199],[121.47820999999999,24.351970000000005],[121.47763000000002,24.351710000000004],[121.47643000000001,24.351519999999997],[121.47559,24.351299999999995],[121.47544,24.351279999999996],[121.47521000000002,24.3513],[121.47509999999998,24.35133],[121.47475999999999,24.351539999999996],[121.47424,24.351970000000005],[121.47307815172857,24.35270846302022],[121.47310610295656,24.360227729782427]]]},"properties":{"grid_id":"G005_016","綠地類型":"河川沿岸自然地表","中心經度":121.47802,"中心緯度":24.356453,"分析面積_km2":0.998,"2020面積_ha":50.76,"2024面積_ha":50.76,"面積減少率_pct":0.0,"2020斑塊數":1,"2024斑塊數":1,"斑塊數增加率_pct":0.0,"2020平均斑塊面積_ha":2319.48,"2024平均斑塊面積_ha":2320.02,"平均斑塊面積下降率_pct":0.0,"道路切割密度_km_per_km2":0.24,"建成區邊界切割密度_km_per_km2":0.0,"孤立小斑塊比例_pct":0.0,"距大型連續綠地平均距離_m":0.0,"score_面積減少":36.206896551724135,"score_斑塊增加":44.260435571687836,"score_平均斑塊縮小":28.153357531760438,"score_道路建成區切割":35.27676950998185,"score_孤立比例":40.58529945553539,"score_距大型綠地":38.40744101633394,"綜合破碎化分數":37.1,"破碎化等級":"低","判定原因":"面積減少0.0%；斑塊增加0.0%；平均斑塊縮小0.0%；道路密度0.24 km/km²；孤立比例0.0%；距大型綠地0m","2021面積_ha":50.76,"2022面積_ha":50.76,"2023面積_ha":50.76}},{"type":"Feature","geometry":{"type":"Polygon","coordinates":[[[121.48292794816072,24.351167822571377],[121.48296220865898,24.36019665753417],[121.49281829757173,24.360164944692364],[121.49278333796794,24.351136122978133],[121.48292794816072,24.351167822571377]]]},"properties":{"grid_id":"G005_017","綠地類型":"河川沿岸自然地表","中心經度":121.487873,"中心緯度":24.355666,"分析面積_km2":1.04,"2020面積_ha":50.13,"2024面積_ha":50.13,"面積減少率_pct":0.0,"2020斑塊數":1,"2024斑塊數":1,"斑塊數增加率_pct":0.0,"2020平均斑塊面積_ha":2319.48,"2024平均斑塊面積_ha":2320.02,"平均斑塊面積下降率_pct":0.0,"道路切割密度_km_per_km2":0.0,"建成區邊界切割密度_km_per_km2":0.0,"孤立小斑塊比例_pct":0.0,"距大型連續綠地平均距離_m":0.0,"score_面積減少":36.206896551724135,"score_斑塊增加":44.260435571687836,"score_平均斑塊縮小":28.153357531760438,"score_道路建成區切割":25.941470054446462,"score_孤立比例":40.58529945553539,"score_距大型綠地":38.40744101633394,"綜合破碎化分數":35.6,"破碎化等級":"低","判定原因":"面積減少0.0%；斑塊增加0.0%；平均斑塊縮小0.0%；道路密度0.00 km/km²；孤立比例0.0%；距大型綠地0m","2021面積_ha":50.13,"2022面積_ha":50.13,"2023面積_ha":50.13}},{"type":"Feature","geometry":{"type":"Polygon","coordinates":[[[121.49278333796794,24.351136122978133],[121.49281829757173,24.360164944692364],[121.5026743693522,24.360132591261387],[121.50263871064826,24.35110378306332],[121.49278333796794,24.351136122978133]]]},"properties":{"grid_id":"G005_018","綠地類型":"河川沿岸自然地表","中心經度":121.497729,"中心緯度":24.355634,"分析面積_km2":1.04,"2020面積_ha":43.65,"2024面積_ha":43.65,"面積減少率_pct":0.0,"2020斑塊數":1,"2024斑塊數":1,"斑塊數增加率_pct":0.0,"2020平均斑塊面積_ha":2319.48,"2024平均斑塊面積_ha":2320.02,"平均斑塊面積下降率_pct":0.0,"道路切割密度_km_per_km2":0.433,"建成區邊界切割密度_km_per_km2":0.0,"孤立小斑塊比例_pct":0.0,"距大型連續綠地平均距離_m":0.0,"score_面積減少":36.206896551724135,"score_斑塊增加":44.260435571687836,"score_平均斑塊縮小":28.153357531760438,"score_道路建成區切割":36.37704174228675,"score_孤立比例":40.58529945553539,"score_距大型綠地":38.40744101633394,"綜合破碎化分數":37.3,"破碎化等級":"低","判定原因":"面積減少0.0%；斑塊增加0.0%；平均斑塊縮小0.0%；道路密度0.43 km/km²；孤立比例0.0%；距大型綠地0m","2021面積_ha":43.65,"2022面積_ha":43.65,"2023面積_ha":43.65}},{"type":"Feature","geometry":{"type":"Polygon","coordinates":[[[121.50263871064826,24.35110378306332],[121.5026743693522,24.360132591261387],[121.5125304236578,24.360099597245682],[121.51249406585914,24.35107080283139],[121.50263871064826,24.35110378306332]]]},"properties":{"grid_id":"G005_019","綠地類型":"河川沿岸自然地表","中心經度":121.507584,"中心緯度":24.355602,"分析面積_km2":1.04,"2020面積_ha":43.02,"2024面積_ha":43.02,"面積減少率_pct":0.0,"2020斑塊數":1,"2024斑塊數":1,"斑塊數增加率_pct":0.0,"2020平均斑塊面積_ha":2319.48,"2024平均斑塊面積_ha":2320.02,"平均斑塊面積下降率_pct":0.0,"道路切割密度_km_per_km2":1.442,"建成區邊界切割密度_km_per_km2":0.0,"孤立小斑塊比例_pct":0.0,"距大型連續綠地平均距離_m":0.0,"score_面積減少":36.206896551724135,"score_斑塊增加":44.260435571687836,"score_平均斑塊縮小":28.153357531760438,"score_道路建成區切割":41.98049001814882,"score_孤立比例":40.58529945553539,"score_距大型綠地":38.40744101633394,"綜合破碎化分數":38.3,"破碎化等級":"低","判定原因":"面積減少0.0%；斑塊增加0.0%；平均斑塊縮小0.0%；道路密度1.44 km/km²；孤立比例0.0%；距大型綠地0m","2021面積_ha":43.02,"2022面積_ha":43.02,"2023面積_ha":43.02}},{"type":"Feature","geometry":{"type":"Polygon","coordinates":[[[121.51249406585914,24.35107080283139],[121.5125304236578,24.360099597245682],[121.52238646014595,24.360065962649806],[121.52234940325815,24.3510371822869],[121.51249406585914,24.35107080283139]]]},"properties":{"grid_id":"G005_020","綠地類型":"河川沿岸自然地表","中心經度":121.51744,"中心緯度":24.355568,"分析面積_km2":1.04,"2020面積_ha":37.44,"2024面積_ha":37.44,"面積減少率_pct":0.0,"2020斑塊數":1,"2024斑塊數":1,"斑塊數增加率_pct":0.0,"2020平均斑塊面積_ha":2319.48,"2024平均斑塊面積_ha":2320.02,"平均斑塊面積下降率_pct":0.0,"道路切割密度_km_per_km2":0.0,"建成區邊界切割密度_km_per_km2":0.0,"孤立小斑塊比例_pct":0.0,"距大型連續綠地平均距離_m":0.0,"score_面積減少":36.206896551724135,"score_斑塊增加":44.260435571687836,"score_平均斑塊縮小":28.153357531760438,"score_道路建成區切割":25.941470054446462,"score_孤立比例":40.58529945553539,"score_距大型綠地":38.40744101633394,"綜合破碎化分數":35.6,"破碎化等級":"低","判定原因":"面積減少0.0%；斑塊增加0.0%；平均斑塊縮小0.0%；道路密度0.00 km/km²；孤立比例0.0%；距大型綠地0m","2021面積_ha":37.44,"2022面積_ha":37.44,"2023面積_ha":37.44}},{"type":"Feature","geometry":{"type":"Polygon","coordinates":[[[121.52234940325815,24.3510371822869],[121.52238646014595,24.360065962649806],[121.53224247847407,24.360031687478386],[121.53220472250283,24.35100292143446],[121.52234940325815,24.3510371822869]]]},"properties":{"grid_id":"G005_021","綠地類型":"河川沿岸自然地表","中心經度":121.527296,"中心緯度":24.355535,"分析面積_km2":1.04,"2020面積_ha":44.19,"2024面積_ha":44.19,"面積減少率_pct":0.0,"2020斑塊數":1,"2024斑塊數":1,"斑塊數增加率_pct":0.0,"2020平均斑塊面積_ha":2319.48,"2024平均斑塊面積_ha":2320.02,"平均斑塊面積下降率_pct":0.0,"道路切割密度_km_per_km2":0.0,"建成區邊界切割密度_km_per_km2":0.0,"孤立小斑塊比例_pct":0.0,"距大型連續綠地平均距離_m":0.0,"score_面積減少":36.206896551724135,"score_斑塊增加":44.260435571687836,"score_平均斑塊縮小":28.153357531760438,"score_道路建成區切割":25.941470054446462,"score_孤立比例":40.58529945553539,"score_距大型綠地":38.40744101633394,"綜合破碎化分數":35.6,"破碎化等級":"低","判定原因":"面積減少0.0%；斑塊增加0.0%；平均斑塊縮小0.0%；道路密度0.00 km/km²；孤立比例0.0%；距大型綠地0m","2021面積_ha":44.19,"2022面積_ha":44.19,"2023面積_ha":44.19}},{"type":"Feature","geometry":{"type":"Polygon","coordinates":[[[121.53220472250283,24.35100292143446],[121.53224247847407,24.360031687478386],[121.54209847829962,24.359996771736146],[121.54206002325067,24.350968020278803],[121.53220472250283,24.35100292143446]]]},"properties":{"grid_id":"G005_022","綠地類型":"河川沿岸自然地表","中心經度":121.537151,"中心緯度":24.3555,"分析面積_km2":1.04,"2020面積_ha":39.51,"2024面積_ha":39.51,"面積減少率_pct":0.0,"2020斑塊數":1,"2024斑塊數":1,"斑塊數增加率_pct":0.0,"2020平均斑塊面積_ha":2319.48,"2024平均斑塊面積_ha":2320.02,"平均斑塊面積下降率_pct":0.0,"道路切割密度_km_per_km2":0.0,"建成區邊界切割密度_km_per_km2":0.0,"孤立小斑塊比例_pct":0.0,"距大型連續綠地平均距離_m":0.0,"score_面積減少":36.206896551724135,"score_斑塊增加":44.260435571687836,"score_平均斑塊縮小":28.153357531760438,"score_道路建成區切割":25.941470054446462,"score_孤立比例":40.58529945553539,"score_距大型綠地":38.40744101633394,"綜合破碎化分數":35.6,"破碎化等級":"低","判定原因":"面積減少0.0%；斑塊增加0.0%；平均斑塊縮小0.0%；道路密度0.00 km/km²；孤立比例0.0%；距大型綠地0m","2021面積_ha":39.51,"2022面積_ha":39.51,"2023面積_ha":39.51}},{"type":"Feature","geometry":{"type":"Polygon","coordinates":[[[121.54206002325067,24.350968020278803],[121.54209847829962,24.359996771736146],[121.55195445927997,24.35996121542789],[121.55191530515924,24.35093247882474],[121.54206002325067,24.350968020278803]]]},"properties":{"grid_id":"G005_023","綠地類型":"河川沿岸自然地表","中心經度":121.547007,"中心緯度":24.355465,"分析面積_km2":1.04,"2020面積_ha":53.37,"2024面積_ha":53.37,"面積減少率_pct":0.0,"2020斑塊數":1,"2024斑塊數":1,"斑塊數增加率_pct":0.0,"2020平均斑塊面積_ha":2319.48,"2024平均斑塊面積_ha":2320.02,"平均斑塊面積下降率_pct":0.0,"道路切割密度_km_per_km2":0.0,"建成區邊界切割密度_km_per_km2":0.0,"孤立小斑塊比例_pct":0.0,"距大型連續綠地平均距離_m":0.0,"score_面積減少":36.206896551724135,"score_斑塊增加":44.260435571687836,"score_平均斑塊縮小":28.153357531760438,"score_道路建成區切割":25.941470054446462,"score_孤立比例":40.58529945553539,"score_距大型綠地":38.40744101633394,"綜合破碎化分數":35.6,"破碎化等級":"低","判定原因":"面積減少0.0%；斑塊增加0.0%；平均斑塊縮小0.0%；道路密度0.00 km/km²；孤立比例0.0%；距大型綠地0m","2021面積_ha":53.37,"2022面積_ha":53.37,"2023面積_ha":53.37}},{"type":"Feature","geometry":{"type":"Polygon","coordinates":[[[121.70959697411924,24.35027673924043],[121.70964731250068,24.35930520178546],[121.71950292070385,24.359258756676468],[121.71945188336706,24.35023031353437],[121.70959697411924,24.35027673924043]]]},"properties":{"grid_id":"G005_040","綠地類型":"河川沿岸自然地表","中心經度":121.71455,"中心緯度":24.354768,"分析面積_km2":1.04,"2020面積_ha":5.22,"2024面積_ha":5.22,"面積減少率_pct":0.0,"2020斑塊數":1,"2024斑塊數":1,"斑塊數增加率_pct":0.0,"2020平均斑塊面積_ha":566.28,"2024平均斑塊面積_ha":566.55,"平均斑塊面積下降率_pct":0.0,"道路切割密度_km_per_km2":0.0,"建成區邊界切割密度_km_per_km2":0.0,"孤立小斑塊比例_pct":0.0,"距大型連續綠地平均距離_m":0.0,"score_面積減少":36.206896551724135,"score_斑塊增加":44.260435571687836,"score_平均斑塊縮小":28.153357531760438,"score_道路建成區切割":25.941470054446462,"score_孤立比例":40.58529945553539,"score_距大型綠地":38.40744101633394,"綜合破碎化分數":35.6,"破碎化等級":"低","判定原因":"面積減少0.0%；斑塊增加0.0%；平均斑塊縮小0.0%；道路密度0.00 km/km²；孤立比例0.0%；距大型綠地0m","2021面積_ha":5.22,"2022面積_ha":5.22,"2023面積_ha":5.22}},{"type":"Feature","geometry":{"type":"Polygon","coordinates":[[[121.71945188336706,24.35023031353437],[121.71950292070385,24.359258756676468],[121.7293585038963,24.359211671103132],[121.72930676761197,24.350183247631524],[121.71945188336706,24.35023031353437]]]},"properties":{"grid_id":"G005_041","綠地類型":"河川沿岸自然地表","中心經度":121.724405,"中心緯度":24.354721,"分析面積_km2":1.04,"2020面積_ha":25.29,"2024面積_ha":25.29,"面積減少率_pct":0.0,"2020斑塊數":1,"2024斑塊數":1,"斑塊數增加率_pct":0.0,"2020平均斑塊面積_ha":566.28,"2024平均斑塊面積_ha":566.55,"平均斑塊面積下降率_pct":0.0,"道路切割密度_km_per_km2":0.0,"建成區邊界切割密度_km_per_km2":0.0,"孤立小斑塊比例_pct":0.0,"距大型連續綠地平均距離_m":0.0,"score_面積減少":36.206896551724135,"score_斑塊增加":44.260435571687836,"score_平均斑塊縮小":28.153357531760438,"score_道路建成區切割":25.941470054446462,"score_孤立比例":40.58529945553539,"score_距大型綠地":38.40744101633394,"綜合破碎化分數":35.6,"破碎化等級":"低","判定原因":"面積減少0.0%；斑塊增加0.0%；平均斑塊縮小0.0%；道路密度0.00 km/km²；孤立比例0.0%；距大型綠地0m","2021面積_ha":25.29,"2022面積_ha":25.29,"2023面積_ha":25.29}},{"type":"Feature","geometry":{"type":"Polygon","coordinates":[[[121.72930676761197,24.350183247631524],[121.7293585038963,24.359211671103132],[121.73921406173551,24.359163945071938],[121.73916162651162,24.35013554153836],[121.72930676761197,24.350183247631524]]]},"properties":{"grid_id":"G005_042","綠地類型":"河川沿岸自然地表","中心經度":121.73426,"中心緯度":24.354674,"分析面積_km2":1.04,"2020面積_ha":58.14,"2024面積_ha":58.14,"面積減少率_pct":0.0,"2020斑塊數":1,"2024斑塊數":1,"斑塊數增加率_pct":0.0,"2020平均斑塊面積_ha":566.28,"2024平均斑塊面積_ha":566.55,"平均斑塊面積下降率_pct":0.0,"道路切割密度_km_per_km2":1.442,"建成區邊界切割密度_km_per_km2":0.0,"孤立小斑塊比例_pct":0.0,"距大型連續綠地平均距離_m":0.0,"score_面積減少":36.206896551724135,"score_斑塊增加":44.260435571687836,"score_平均斑塊縮小":28.153357531760438,"score_道路建成區切割":41.98049001814882,"score_孤立比例":40.58529945553539,"score_距大型綠地":38.40744101633394,"綜合破碎化分數":38.3,"破碎化等級":"低","判定原因":"面積減少0.0%；斑塊增加0.0%；平均斑塊縮小0.0%；道路密度1.44 km/km²；孤立比例0.0%；距大型綠地0m","2021面積_ha":58.14,"2022面積_ha":58.14,"2023面積_ha":58.14}},{"type":"Feature","geometry":{"type":"Polygon","coordinates":[[[121.73916162651162,24.35013554153836],[121.73921406173551,24.359163945071938],[121.74906959387909,24.35911557858947],[121.74901645972362,24.350087195261455],[121.73916162651162,24.35013554153836]]]},"properties":{"grid_id":"G005_043","綠地類型":"河川沿岸自然地表","中心經度":121.744115,"中心緯度":24.354626,"分析面積_km2":1.04,"2020面積_ha":52.02,"2024面積_ha":52.02,"面積減少率_pct":0.0,"2020斑塊數":1,"2024斑塊數":1,"斑塊數增加率_pct":0.0,"2020平均斑塊面積_ha":566.28,"2024平均斑塊面積_ha":566.55,"平均斑塊面積下降率_pct":0.0,"道路切割密度_km_per_km2":0.202,"建成區邊界切割密度_km_per_km2":0.0,"孤立小斑塊比例_pct":0.0,"距大型連續綠地平均距離_m":0.0,"score_面積減少":36.206896551724135,"score_斑塊增加":44.260435571687836,"score_平均斑塊縮小":28.153357531760438,"score_道路建成區切割":34.9931941923775,"score_孤立比例":40.58529945553539,"score_距大型綠地":38.40744101633394,"綜合破碎化分數":37.1,"破碎化等級":"低","判定原因":"面積減少0.0%；斑塊增加0.0%；平均斑塊縮小0.0%；道路密度0.20 km/km²；孤立比例0.0%；距大型綠地0m","2021面積_ha":52.02,"2022面積_ha":52.02,"2023面積_ha":52.02}},{"type":"Feature","geometry":{"type":"Polygon","coordinates":[[[121.74901645972362,24.350087195261455],[121.74906959387909,24.35911557858947],[121.75892509998448,24.359066571662378],[121.75887126690559,24.350038208807465],[121.74901645972362,24.350087195261455]]]},"properties":{"grid_id":"G005_044","綠地類型":"河川沿岸自然地表","中心經度":121.753971,"中心緯度":24.354577,"分析面積_km2":1.04,"2020面積_ha":13.86,"2024面積_ha":13.86,"面積減少率_pct":0.0,"2020斑塊數":1,"2024斑塊數":1,"斑塊數增加率_pct":0.0,"2020平均斑塊面積_ha":566.28,"2024平均斑塊面積_ha":566.55,"平均斑塊面積下降率_pct":0.0,"道路切割密度_km_per_km2":0.0,"建成區邊界切割密度_km_per_km2":0.0,"孤立小斑塊比例_pct":0.0,"距大型連續綠地平均距離_m":0.0,"score_面積減少":36.206896551724135,"score_斑塊增加":44.260435571687836,"score_平均斑塊縮小":28.153357531760438,"score_道路建成區切割":25.941470054446462,"score_孤立比例":40.58529945553539,"score_距大型綠地":38.40744101633394,"綜合破碎化分數":35.6,"破碎化等級":"低","判定原因":"面積減少0.0%；斑塊增加0.0%；平均斑塊縮小0.0%；道路密度0.00 km/km²；孤立比例0.0%；距大型綠地0m","2021面積_ha":13.86,"2022面積_ha":13.86,"2023面積_ha":13.86}},{"type":"Feature","geometry":{"type":"Polygon","coordinates":[[[121.463249980807,24.360258161432846],[121.46328285918311,24.36928701129922],[121.47313968079114,24.369256566933718],[121.47310610295656,24.360227729782427],[121.463249980807,24.360258161432846]]]},"properties":{"grid_id":"G006_015","綠地類型":"河川沿岸自然地表","中心經度":121.468195,"中心緯度":24.364757,"分析面積_km2":1.04,"2020面積_ha":70.2,"2024面積_ha":70.2,"面積減少率_pct":0.0,"2020斑塊數":1,"2024斑塊數":1,"斑塊數增加率_pct":0.0,"2020平均斑塊面積_ha":2319.48,"2024平均斑塊面積_ha":2320.02,"平均斑塊面積下降率_pct":0.0,"道路切割密度_km_per_km2":0.0,"建成區邊界切割密度_km_per_km2":0.0,"孤立小斑塊比例_pct":0.0,"距大型連續綠地平均距離_m":0.0,"score_面積減少":36.206896551724135,"score_斑塊增加":44.260435571687836,"score_平均斑塊縮小":28.153357531760438,"score_道路建成區切割":25.941470054446462,"score_孤立比例":40.58529945553539,"score_距大型綠地":38.40744101633394,"綜合破碎化分數":35.6,"破碎化等級":"低","判定原因":"面積減少0.0%；斑塊增加0.0%；平均斑塊縮小0.0%；道路密度0.00 km/km²；孤立比例0.0%；距大型綠地0m","2021面積_ha":70.2,"2022面積_ha":70.2,"2023面積_ha":70.2}},{"type":"Feature","geometry":{"type":"Polygon","coordinates":[[[121.47310610295656,24.360227729782427],[121.47313968079114,24.369256566933718],[121.48299648594694,24.369225481702724],[121.48296220865898,24.36019665753417],[121.47310610295656,24.360227729782427]]]},"properties":{"grid_id":"G006_016","綠地類型":"河川沿岸自然地表","中心經度":121.478051,"中心緯度":24.364727,"分析面積_km2":1.04,"2020面積_ha":19.17,"2024面積_ha":19.17,"面積減少率_pct":0.0,"2020斑塊數":1,"2024斑塊數":1,"斑塊數增加率_pct":0.0,"2020平均斑塊面積_ha":2319.48,"2024平均斑塊面積_ha":2320.02,"平均斑塊面積下降率_pct":0.0,"道路切割密度_km_per_km2":0.0,"建成區邊界切割密度_km_per_km2":0.0,"孤立小斑塊比例_pct":0.0,"距大型連續綠地平均距離_m":0.0,"score_面積減少":36.206896551724135,"score_斑塊增加":44.260435571687836,"score_平均斑塊縮小":28.153357531760438,"score_道路建成區切割":25.941470054446462,"score_孤立比例":40.58529945553539,"score_距大型綠地":38.40744101633394,"綜合破碎化分數":35.6,"破碎化等級":"低","判定原因":"面積減少0.0%；斑塊增加0.0%；平均斑塊縮小0.0%；道路密度0.00 km/km²；孤立比例0.0%；距大型綠地0m","2021面積_ha":19.17,"2022面積_ha":19.17,"2023面積_ha":19.17}},{"type":"Feature","geometry":{"type":"Polygon","coordinates":[[[121.48296220865898,24.36019665753417],[121.48299648594694,24.369225481702724],[121.49285327430779,24.369193755610535],[121.49281829757173,24.360164944692364],[121.48296220865898,24.36019665753417]]]},"properties":{"grid_id":"G006_017","綠地類型":"河川沿岸自然地表","中心經度":121.487908,"中心緯度":24.364695,"分析面積_km2":1.04,"2020面積_ha":55.35,"2024面積_ha":55.35,"面積減少率_pct":0.0,"2020斑塊數":1,"2024斑塊數":1,"斑塊數增加率_pct":0.0,"2020平均斑塊面積_ha":2319.48,"2024平均斑塊面積_ha":2320.02,"平均斑塊面積下降率_pct":0.0,"道路切割密度_km_per_km2":0.0,"建成區邊界切割密度_km_per_km2":0.0,"孤立小斑塊比例_pct":0.0,"距大型連續綠地平均距離_m":0.0,"score_面積減少":36.206896551724135,"score_斑塊增加":44.260435571687836,"score_平均斑塊縮小":28.153357531760438,"score_道路建成區切割":25.941470054446462,"score_孤立比例":40.58529945553539,"score_距大型綠地":38.40744101633394,"綜合破碎化分數":35.6,"破碎化等級":"低","判定原因":"面積減少0.0%；斑塊增加0.0%；平均斑塊縮小0.0%；道路密度0.00 km/km²；孤立比例0.0%；距大型綠地0m","2021面積_ha":55.35,"2022面積_ha":55.35,"2023面積_ha":55.35}},{"type":"Feature","geometry":{"type":"Polygon","coordinates":[[[121.49281829757173,24.360164944692364],[121.49285327430779,24.369193755610535],[121.50271004553102,24.369161388661528],[121.5026743693522,24.360132591261387],[121.49281829757173,24.360164944692364]]]},"properties":{"grid_id":"G006_018","綠地類型":"河川沿岸自然地表","中心經度":121.497764,"中心緯度":24.364663,"分析面積_km2":1.04,"2020面積_ha":12.96,"2024面積_ha":12.96,"面積減少率_pct":0.0,"2020斑塊數":1,"2024斑塊數":1,"斑塊數增加率_pct":0.0,"2020平均斑塊面積_ha":2319.48,"2024平均斑塊面積_ha":2320.02,"平均斑塊面積下降率_pct":0.0,"道路切割密度_km_per_km2":0.0,"建成區邊界切割密度_km_per_km2":0.0,"孤立小斑塊比例_pct":0.0,"距大型連續綠地平均距離_m":0.0,"score_面積減少":36.206896551724135,"score_斑塊增加":44.260435571687836,"score_平均斑塊縮小":28.153357531760438,"score_道路建成區切割":25.941470054446462,"score_孤立比例":40.58529945553539,"score_距大型綠地":38.40744101633394,"綜合破碎化分數":35.6,"破碎化等級":"低","判定原因":"面積減少0.0%；斑塊增加0.0%；平均斑塊縮小0.0%；道路密度0.00 km/km²；孤立比例0.0%；距大型綠地0m","2021面積_ha":12.96,"2022面積_ha":12.96,"2023面積_ha":12.96}},{"type":"Feature","geometry":{"type":"Polygon","coordinates":[[[121.5026743693522,24.360132591261387],[121.50271004553102,24.369161388661528],[121.5125667992739,24.36912838086015],[121.5125304236578,24.360099597245682],[121.5026743693522,24.360132591261387]]]},"properties":{"grid_id":"G006_019","綠地類型":"河川沿岸自然地表","中心經度":121.50762,"中心緯度":24.364631,"分析面積_km2":1.04,"2020面積_ha":47.97,"2024面積_ha":47.97,"面積減少率_pct":0.0,"2020斑塊數":1,"2024斑塊數":1,"斑塊數增加率_pct":0.0,"2020平均斑塊面積_ha":2319.48,"2024平均斑塊面積_ha":2320.02,"平均斑塊面積下降率_pct":0.0,"道路切割密度_km_per_km2":0.577,"建成區邊界切割密度_km_per_km2":0.0,"孤立小斑塊比例_pct":0.0,"距大型連續綠地平均距離_m":0.0,"score_面積減少":36.206896551724135,"score_斑塊增加":44.260435571687836,"score_平均斑塊縮小":28.153357531760438,"score_道路建成區切割":37.137023593466424,"score_孤立比例":40.58529945553539,"score_距大型綠地":38.40744101633394,"綜合破碎化分數":37.5,"破碎化等級":"低","判定原因":"面積減少0.0%；斑塊增加0.0%；平均斑塊縮小0.0%；道路密度0.58 km/km²；孤立比例0.0%；距大型綠地0m","2021面積_ha":47.97,"2022面積_ha":47.97,"2023面積_ha":47.97}},{"type":"Feature","geometry":{"type":"Polygon","coordinates":[[[121.5125304236578,24.360099597245682],[121.5125667992739,24.36912838086015],[121.52242353519375,24.369094732210954],[121.52238646014595,24.360065962649806],[121.5125304236578,24.360099597245682]]]},"properties":{"grid_id":"G006_020","綠地類型":"河川沿岸自然地表","中心經度":121.517477,"中心緯度":24.364597,"分析面積_km2":1.04,"2020面積_ha":21.69,"2024面積_ha":21.69,"面積減少率_pct":0.0,"2020斑塊數":1,"2024斑塊數":1,"斑塊數增加率_pct":0.0,"2020平均斑塊面積_ha":2319.48,"2024平均斑塊面積_ha":2320.02,"平均斑塊面積下降率_pct":0.0,"道路切割密度_km_per_km2":1.384,"建成區邊界切割密度_km_per_km2":0.0,"孤立小斑塊比例_pct":0.0,"距大型連續綠地平均距離_m":0.0,"score_面積減少":36.206896551724135,"score_斑塊增加":44.260435571687836,"score_平均斑塊縮小":28.153357531760438,"score_道路建成區切割":41.44736842105263,"score_孤立比例":40.58529945553539,"score_距大型綠地":38.40744101633394,"綜合破碎化分數":38.2,"破碎化等級":"低","判定原因":"面積減少0.0%；斑塊增加0.0%；平均斑塊縮小0.0%；道路密度1.38 km/km²；孤立比例0.0%；距大型綠地0m","2021面積_ha":21.69,"2022面積_ha":21.69,"2023面積_ha":21.69}},{"type":"Feature","geometry":{"type":"Polygon","coordinates":[[[121.52238646014595,24.360065962649806],[121.52242353519375,24.369094732210954],[121.53228025294794,24.36906044271857],[121.53224247847407,24.360031687478386],[121.52238646014595,24.360065962649806]]]},"properties":{"grid_id":"G006_021","綠地類型":"河川沿岸自然地表","中心經度":121.527333,"中心緯度":24.364563,"分析面積_km2":1.04,"2020面積_ha":42.84,"2024面積_ha":42.84,"面積減少率_pct":0.0,"2020斑塊數":1,"2024斑塊數":1,"斑塊數增加率_pct":0.0,"2020平均斑塊面積_ha":2319.48,"2024平均斑塊面積_ha":2320.02,"平均斑塊面積下降率_pct":0.0,"道路切割密度_km_per_km2":0.0,"建成區邊界切割密度_km_per_km2":0.0,"孤立小斑塊比例_pct":0.0,"距大型連續綠地平均距離_m":0.0,"score_面積減少":36.206896551724135,"score_斑塊增加":44.260435571687836,"score_平均斑塊縮小":28.153357531760438,"score_道路建成區切割":25.941470054446462,"score_孤立比例":40.58529945553539,"score_距大型綠地":38.40744101633394,"綜合破碎化分數":35.6,"破碎化等級":"低","判定原因":"面積減少0.0%；斑塊增加0.0%；平均斑塊縮小0.0%；道路密度0.00 km/km²；孤立比例0.0%；距大型綠地0m","2021面積_ha":42.84,"2022面積_ha":42.57,"2023面積_ha":42.84}},{"type":"Feature","geometry":{"type":"Polygon","coordinates":[[[121.53224247847407,24.360031687478386],[121.53228025294794,24.36906044271857],[121.54213695219372,24.369025512387733],[121.54209847829962,24.359996771736146],[121.53224247847407,24.360031687478386]]]},"properties":{"grid_id":"G006_022","綠地類型":"河川沿岸自然地表","中心經度":121.53719,"中心緯度":24.364529,"分析面積_km2":1.04,"2020面積_ha":28.44,"2024面積_ha":28.44,"面積減少率_pct":0.0,"2020斑塊數":1,"2024斑塊數":1,"斑塊數增加率_pct":0.0,"2020平均斑塊面積_ha":2319.48,"2024平均斑塊面積_ha":2320.02,"平均斑塊面積下降率_pct":0.0,"道路切割密度_km_per_km2":0.0,"建成區邊界切割密度_km_per_km2":0.0,"孤立小斑塊比例_pct":0.0,"距大型連續綠地平均距離_m":0.0,"score_面積減少":36.206896551724135,"score_斑塊增加":44.260435571687836,"score_平均斑塊縮小":28.153357531760438,"score_道路建成區切割":25.941470054446462,"score_孤立比例":40.58529945553539,"score_距大型綠地":38.40744101633394,"綜合破碎化分數":35.6,"破碎化等級":"低","判定原因":"面積減少0.0%；斑塊增加0.0%；平均斑塊縮小0.0%；道路密度0.00 km/km²；孤立比例0.0%；距大型綠地0m","2021面積_ha":28.44,"2022面積_ha":28.44,"2023面積_ha":28.44}},{"type":"Feature","geometry":{"type":"Polygon","coordinates":[[[121.64065738354834,24.359612384020494],[121.64070285130332,24.36864096406662],[121.65055932434102,24.368598984849797],[121.65051464626819,24.359861690563573],[121.65028000000001,24.359909999999996],[121.64979,24.359840000000002],[121.64961999999998,24.35978],[121.64930609336278,24.35957559592367],[121.64065738354834,24.359612384020494]]]},"properties":{"grid_id":"G006_033","綠地類型":"河川沿岸自然地表","中心經度":121.645609,"中心緯度":24.364275,"分析面積_km2":1.035,"2020面積_ha":5.49,"2024面積_ha":5.67,"面積減少率_pct":0.0,"2020斑塊數":2,"2024斑塊數":1,"斑塊數增加率_pct":0.0,"2020平均斑塊面積_ha":1370.97,"2024平均斑塊面積_ha":2751.66,"平均斑塊面積下降率_pct":0.0,"道路切割密度_km_per_km2":0.58,"建成區邊界切割密度_km_per_km2":0.0,"孤立小斑塊比例_pct":0.0,"距大型連續綠地平均距離_m":0.0,"score_面積減少":36.206896551724135,"score_斑塊增加":44.260435571687836,"score_平均斑塊縮小":28.153357531760438,"score_道路建成區切割":37.25045372050816,"score_孤立比例":40.58529945553539,"score_距大型綠地":38.40744101633394,"綜合破碎化分數":37.5,"破碎化等級":"低","判定原因":"面積減少0.0%；斑塊增加0.0%；平均斑塊縮小0.0%；道路密度0.58 km/km²；孤立比例0.0%；距大型綠地0m","2021面積_ha":5.94,"2022面積_ha":5.76,"2023面積_ha":5.76}},{"type":"Feature","geometry":{"type":"Polygon","coordinates":[[[121.6603689083115,24.359527820144436],[121.66041577475849,24.368556364858087],[121.67027220221307,24.36851310409737],[121.67022463643076,24.35948457745136],[121.6603689083115,24.359527820144436]]]},"properties":{"grid_id":"G006_035","綠地類型":"河川沿岸自然地表","中心經度":121.66532,"中心緯度":24.364021,"分析面積_km2":1.04,"2020面積_ha":4.59,"2024面積_ha":4.59,"面積減少率_pct":0.0,"2020斑塊數":1,"2024斑塊數":1,"斑塊數增加率_pct":0.0,"2020平均斑塊面積_ha":2712.51,"2024平均斑塊面積_ha":2751.66,"平均斑塊面積下降率_pct":0.0,"道路切割密度_km_per_km2":0.0,"建成區邊界切割密度_km_per_km2":0.0,"孤立小斑塊比例_pct":0.0,"距大型連續綠地平均距離_m":0.0,"score_面積減少":36.206896551724135,"score_斑塊增加":44.260435571687836,"score_平均斑塊縮小":28.153357531760438,"score_道路建成區切割":25.941470054446462,"score_孤立比例":40.58529945553539,"score_距大型綠地":38.40744101633394,"綜合破碎化分數":35.6,"破碎化等級":"低","判定原因":"面積減少0.0%；斑塊增加0.0%；平均斑塊縮小0.0%；道路密度0.00 km/km²；孤立比例0.0%；距大型綠地0m","2021面積_ha":4.59,"2022面積_ha":4.59,"2023面積_ha":4.59}},{"type":"Feature","geometry":{"type":"Polygon","coordinates":[[[121.7293585038963,24.359211671103132],[121.72941026553377,24.368240083723798],[121.73926652265509,24.36819233775183],[121.73921406173551,24.359163945071938],[121.7293585038963,24.359211671103132]]]},"properties":{"grid_id":"G006_042","綠地類型":"河川沿岸自然地表","中心經度":121.734312,"中心緯度":24.363702,"分析面積_km2":1.04,"2020面積_ha":12.42,"2024面積_ha":12.42,"面積減少率_pct":0.0,"2020斑塊數":1,"2024斑塊數":1,"斑塊數增加率_pct":0.0,"2020平均斑塊面積_ha":566.28,"2024平均斑塊面積_ha":566.55,"平均斑塊面積下降率_pct":0.0,"道路切割密度_km_per_km2":0.0,"建成區邊界切割密度_km_per_km2":0.0,"孤立小斑塊比例_pct":0.0,"距大型連續綠地平均距離_m":0.0,"score_面積減少":36.206896551724135,"score_斑塊增加":44.260435571687836,"score_平均斑塊縮小":28.153357531760438,"score_道路建成區切割":25.941470054446462,"score_孤立比例":40.58529945553539,"score_距大型綠地":38.40744101633394,"綜合破碎化分數":35.6,"破碎化等級":"低","判定原因":"面積減少0.0%；斑塊增加0.0%；平均斑塊縮小0.0%；道路密度0.00 km/km²；孤立比例0.0%；距大型綠地0m","2021面積_ha":12.42,"2022面積_ha":12.42,"2023面積_ha":12.42}},{"type":"Feature","geometry":{"type":"Polygon","coordinates":[[[121.73921406173551,24.359163945071938],[121.73926652265509,24.36819233775183],[121.7491227540727,24.368143951061008],[121.74906959387909,24.35911557858947],[121.73921406173551,24.359163945071938]]]},"properties":{"grid_id":"G006_043","綠地類型":"河川沿岸自然地表","中心經度":121.744168,"中心緯度":24.363654,"分析面積_km2":1.04,"2020面積_ha":40.32,"2024面積_ha":40.32,"面積減少率_pct":0.0,"2020斑塊數":1,"2024斑塊數":1,"斑塊數增加率_pct":0.0,"2020平均斑塊面積_ha":566.28,"2024平均斑塊面積_ha":566.55,"平均斑塊面積下降率_pct":0.0,"道路切割密度_km_per_km2":0.0,"建成區邊界切割密度_km_per_km2":0.0,"孤立小斑塊比例_pct":0.0,"距大型連續綠地平均距離_m":0.0,"score_面積減少":36.206896551724135,"score_斑塊增加":44.260435571687836,"score_平均斑塊縮小":28.153357531760438,"score_道路建成區切割":25.941470054446462,"score_孤立比例":40.58529945553539,"score_距大型綠地":38.40744101633394,"綜合破碎化分數":35.6,"破碎化等級":"低","判定原因":"面積減少0.0%；斑塊增加0.0%；平均斑塊縮小0.0%；道路密度0.00 km/km²；孤立比例0.0%；距大型綠地0m","2021面積_ha":40.32,"2022面積_ha":40.32,"2023面積_ha":40.32}},{"type":"Feature","geometry":{"type":"Polygon","coordinates":[[[121.74906959387909,24.35911557858947],[121.7491227540727,24.368143951061008],[121.75897895944402,24.368094923657996],[121.75892509998448,24.359066571662378],[121.74906959387909,24.35911557858947]]]},"properties":{"grid_id":"G006_044","綠地類型":"河川沿岸自然地表","中心經度":121.754024,"中心緯度":24.363605,"分析面積_km2":1.04,"2020面積_ha":12.87,"2024面積_ha":12.87,"面積減少率_pct":0.0,"2020斑塊數":1,"2024斑塊數":1,"斑塊數增加率_pct":0.0,"2020平均斑塊面積_ha":566.28,"2024平均斑塊面積_ha":566.55,"平均斑塊面積下降率_pct":0.0,"道路切割密度_km_per_km2":0.0,"建成區邊界切割密度_km_per_km2":0.0,"孤立小斑塊比例_pct":0.0,"距大型連續綠地平均距離_m":0.0,"score_面積減少":36.206896551724135,"score_斑塊增加":44.260435571687836,"score_平均斑塊縮小":28.153357531760438,"score_道路建成區切割":25.941470054446462,"score_孤立比例":40.58529945553539,"score_距大型綠地":38.40744101633394,"綜合破碎化分數":35.6,"破碎化等級":"低","判定原因":"面積減少0.0%；斑塊增加0.0%；平均斑塊縮小0.0%；道路密度0.00 km/km²；孤立比例0.0%；距大型綠地0m","2021面積_ha":12.87,"2022面積_ha":12.87,"2023面積_ha":12.87}},{"type":"Feature","geometry":{"type":"Polygon","coordinates":[[[121.37457078090705,24.36953217097923],[121.37459737696804,24.378561112457167],[121.3844550310669,24.378536425751587],[121.38442773516324,24.369507494581207],[121.37457078090705,24.36953217097923]]]},"properties":{"grid_id":"G007_006","綠地類型":"河川沿岸自然地表","中心經度":121.379513,"中心緯度":24.374034,"分析面積_km2":1.04,"2020面積_ha":17.55,"2024面積_ha":17.55,"面積減少率_pct":0.0,"2020斑塊數":1,"2024斑塊數":1,"斑塊數增加率_pct":0.0,"2020平均斑塊面積_ha":3042.63,"2024平均斑塊面積_ha":3203.82,"平均斑塊面積下降率_pct":0.0,"道路切割密度_km_per_km2":0.173,"建成區邊界切割密度_km_per_km2":0.0,"孤立小斑塊比例_pct":0.0,"距大型連續綠地平均距離_m":0.0,"score_面積減少":36.206896551724135,"score_斑塊增加":44.260435571687836,"score_平均斑塊縮小":28.153357531760438,"score_道路建成區切割":34.720961887477316,"score_孤立比例":40.58529945553539,"score_距大型綠地":38.40744101633394,"綜合破碎化分數":37.1,"破碎化等級":"低","判定原因":"面積減少0.0%；斑塊增加0.0%；平均斑塊縮小0.0%；道路密度0.17 km/km²；孤立比例0.0%；距大型綠地0m","2021面積_ha":17.55,"2022面積_ha":17.55,"2023面積_ha":17.55}},{"type":"Feature","geometry":{"type":"Polygon","coordinates":[[[121.45342602146555,24.36931681479506],[121.45345821614497,24.378345666316903],[121.46331575366875,24.378315850371923],[121.46328285918311,24.36928701129922],[121.45342602146555,24.36931681479506]]]},"properties":{"grid_id":"G007_014","綠地類型":"河川沿岸自然地表","中心經度":121.458371,"中心緯度":24.373816,"分析面積_km2":1.04,"2020面積_ha":51.75,"2024面積_ha":51.75,"面積減少率_pct":0.0,"2020斑塊數":1,"2024斑塊數":1,"斑塊數增加率_pct":0.0,"2020平均斑塊面積_ha":2319.48,"2024平均斑塊面積_ha":2320.02,"平均斑塊面積下降率_pct":0.0,"道路切割密度_km_per_km2":0.0,"建成區邊界切割密度_km_per_km2":0.0,"孤立小斑塊比例_pct":0.0,"距大型連續綠地平均距離_m":0.0,"score_面積減少":36.206896551724135,"score_斑塊增加":44.260435571687836,"score_平均斑塊縮小":28.153357531760438,"score_道路建成區切割":25.941470054446462,"score_孤立比例":40.58529945553539,"score_距大型綠地":38.40744101633394,"綜合破碎化分數":35.6,"破碎化等級":"低","判定原因":"面積減少0.0%；斑塊增加0.0%；平均斑塊縮小0.0%；道路密度0.00 km/km²；孤立比例0.0%；距大型綠地0m","2021面積_ha":51.75,"2022面積_ha":51.75,"2023面積_ha":51.66}},{"type":"Feature","geometry":{"type":"Polygon","coordinates":[[[121.46328285918311,24.36928701129922],[121.46331575366875,24.378315850371923],[121.47317327507798,24.378285393289573],[121.47313968079114,24.369256566933718],[121.46328285918311,24.36928701129922]]]},"properties":{"grid_id":"G007_015","綠地類型":"河川沿岸自然地表","中心經度":121.468228,"中心緯度":24.373786,"分析面積_km2":1.04,"2020面積_ha":66.15,"2024面積_ha":66.15,"面積減少率_pct":0.0,"2020斑塊數":1,"2024斑塊數":1,"斑塊數增加率_pct":0.0,"2020平均斑塊面積_ha":2319.48,"2024平均斑塊面積_ha":2320.02,"平均斑塊面積下降率_pct":0.0,"道路切割密度_km_per_km2":0.0,"建成區邊界切割密度_km_per_km2":0.0,"孤立小斑塊比例_pct":0.0,"距大型連續綠地平均距離_m":0.0,"score_面積減少":36.206896551724135,"score_斑塊增加":44.260435571687836,"score_平均斑塊縮小":28.153357531760438,"score_道路建成區切割":25.941470054446462,"score_孤立比例":40.58529945553539,"score_距大型綠地":38.40744101633394,"綜合破碎化分數":35.6,"破碎化等級":"低","判定原因":"面積減少0.0%；斑塊增加0.0%；平均斑塊縮小0.0%；道路密度0.00 km/km²；孤立比例0.0%；距大型綠地0m","2021面積_ha":66.15,"2022面積_ha":66.15,"2023面積_ha":66.15}},{"type":"Feature","geometry":{"type":"Polygon","coordinates":[[[121.47313968079114,24.369256566933718],[121.47317327507798,24.378285393289573],[121.48303078002984,24.378254295074058],[121.48299648594694,24.369225481702724],[121.47313968079114,24.369256566933718]]]},"properties":{"grid_id":"G007_016","綠地類型":"河川沿岸自然地表","中心經度":121.478085,"中心緯度":24.373756,"分析面積_km2":1.04,"2020面積_ha":45.9,"2024面積_ha":45.9,"面積減少率_pct":0.0,"2020斑塊數":1,"2024斑塊數":1,"斑塊數增加率_pct":0.0,"2020平均斑塊面積_ha":2319.48,"2024平均斑塊面積_ha":2320.02,"平均斑塊面積下降率_pct":0.0,"道路切割密度_km_per_km2":0.0,"建成區邊界切割密度_km_per_km2":0.0,"孤立小斑塊比例_pct":0.0,"距大型連續綠地平均距離_m":0.0,"score_面積減少":36.206896551724135,"score_斑塊增加":44.260435571687836,"score_平均斑塊縮小":28.153357531760438,"score_道路建成區切割":25.941470054446462,"score_孤立比例":40.58529945553539,"score_距大型綠地":38.40744101633394,"綜合破碎化分數":35.6,"破碎化等級":"低","判定原因":"面積減少0.0%；斑塊增加0.0%；平均斑塊縮小0.0%；道路密度0.00 km/km²；孤立比例0.0%；距大型綠地0m","2021面積_ha":45.9,"2022面積_ha":45.9,"2023面積_ha":45.9}},{"type":"Feature","geometry":{"type":"Polygon","coordinates":[[[121.48299648594694,24.369225481702724],[121.48303078002984,24.378254295074058],[121.49288826818149,24.37822255572966],[121.49285327430779,24.369193755610535],[121.48299648594694,24.369225481702724]]]},"properties":{"grid_id":"G007_017","綠地類型":"河川沿岸自然地表","中心經度":121.487942,"中心緯度":24.373724,"分析面積_km2":1.04,"2020面積_ha":40.86,"2024面積_ha":40.86,"面積減少率_pct":0.0,"2020斑塊數":1,"2024斑塊數":1,"斑塊數增加率_pct":0.0,"2020平均斑塊面積_ha":2319.48,"2024平均斑塊面積_ha":2320.02,"平均斑塊面積下降率_pct":0.0,"道路切割密度_km_per_km2":0.0,"建成區邊界切割密度_km_per_km2":0.0,"孤立小斑塊比例_pct":0.0,"距大型連續綠地平均距離_m":0.0,"score_面積減少":36.206896551724135,"score_斑塊增加":44.260435571687836,"score_平均斑塊縮小":28.153357531760438,"score_道路建成區切割":25.941470054446462,"score_孤立比例":40.58529945553539,"score_距大型綠地":38.40744101633394,"綜合破碎化分數":35.6,"破碎化等級":"低","判定原因":"面積減少0.0%；斑塊增加0.0%；平均斑塊縮小0.0%；道路密度0.00 km/km²；孤立比例0.0%；距大型綠地0m","2021面積_ha":40.86,"2022面積_ha":40.86,"2023面積_ha":40.86}},{"type":"Feature","geometry":{"type":"Polygon","coordinates":[[[121.49285327430779,24.369193755610535],[121.49288826818149,24.37822255572966],[121.50274573919016,24.378190175260755],[121.50271004553102,24.369161388661528],[121.49285327430779,24.369193755610535]]]},"properties":{"grid_id":"G007_018","綠地類型":"河川沿岸自然地表","中心經度":121.497799,"中心緯度":24.373692,"分析面積_km2":1.04,"2020面積_ha":36.36,"2024面積_ha":36.36,"面積減少率_pct":0.0,"2020斑塊數":1,"2024斑塊數":1,"斑塊數增加率_pct":0.0,"2020平均斑塊面積_ha":2319.48,"2024平均斑塊面積_ha":2320.02,"平均斑塊面積下降率_pct":0.0,"道路切割密度_km_per_km2":0.0,"建成區邊界切割密度_km_per_km2":0.0,"孤立小斑塊比例_pct":0.0,"距大型連續綠地平均距離_m":0.0,"score_面積減少":36.206896551724135,"score_斑塊增加":44.260435571687836,"score_平均斑塊縮小":28.153357531760438,"score_道路建成區切割":25.941470054446462,"score_孤立比例":40.58529945553539,"score_距大型綠地":38.40744101633394,"綜合破碎化分數":35.6,"破碎化等級":"低","判定原因":"面積減少0.0%；斑塊增加0.0%；平均斑塊縮小0.0%；道路密度0.00 km/km²；孤立比例0.0%；距大型綠地0m","2021面積_ha":36.36,"2022面積_ha":36.36,"2023面積_ha":36.36}},{"type":"Feature","geometry":{"type":"Polygon","coordinates":[[[121.52242353519375,24.369094732210954],[121.52246062840729,24.378123490967347],[121.53231804593017,24.37808918715203],[121.53228025294794,24.36906044271857],[121.52242353519375,24.369094732210954]]]},"properties":{"grid_id":"G007_021","綠地類型":"河川沿岸自然地表","中心經度":121.527371,"中心緯度":24.373592,"分析面積_km2":1.04,"2020面積_ha":38.43,"2024面積_ha":38.43,"面積減少率_pct":0.0,"2020斑塊數":1,"2024斑塊數":1,"斑塊數增加率_pct":0.0,"2020平均斑塊面積_ha":2319.48,"2024平均斑塊面積_ha":2320.02,"平均斑塊面積下降率_pct":0.0,"道路切割密度_km_per_km2":0.0,"建成區邊界切割密度_km_per_km2":0.0,"孤立小斑塊比例_pct":0.0,"距大型連續綠地平均距離_m":0.0,"score_面積減少":36.206896551724135,"score_斑塊增加":44.260435571687836,"score_平均斑塊縮小":28.153357531760438,"score_道路建成區切割":25.941470054446462,"score_孤立比例":40.58529945553539,"score_距大型綠地":38.40744101633394,"綜合破碎化分數":35.6,"破碎化等級":"低","判定原因":"面積減少0.0%；斑塊增加0.0%；平均斑塊縮小0.0%；道路密度0.00 km/km²；孤立比例0.0%；距大型綠地0m","2021面積_ha":38.43,"2022面積_ha":38.43,"2023面積_ha":38.43}},{"type":"Feature","geometry":{"type":"Polygon","coordinates":[[[121.65055932434102,24.368598984849797],[121.65060551406577,24.377627536530195],[121.66046266416835,24.377584898735986],[121.66041577475849,24.368556364858087],[121.65055932434102,24.368598984849797]]]},"properties":{"grid_id":"G007_034","綠地類型":"河川沿岸自然地表","中心經度":121.655511,"中心緯度":24.373092,"分析面積_km2":1.04,"2020面積_ha":45.45,"2024面積_ha":45.45,"面積減少率_pct":0.0,"2020斑塊數":1,"2024斑塊數":1,"斑塊數增加率_pct":0.0,"2020平均斑塊面積_ha":2712.51,"2024平均斑塊面積_ha":2751.66,"平均斑塊面積下降率_pct":0.0,"道路切割密度_km_per_km2":0.0,"建成區邊界切割密度_km_per_km2":0.0,"孤立小斑塊比例_pct":0.0,"距大型連續綠地平均距離_m":0.0,"score_面積減少":36.206896551724135,"score_斑塊增加":44.260435571687836,"score_平均斑塊縮小":28.153357531760438,"score_道路建成區切割":25.941470054446462,"score_孤立比例":40.58529945553539,"score_距大型綠地":38.40744101633394,"綜合破碎化分數":35.6,"破碎化等級":"低","判定原因":"面積減少0.0%；斑塊增加0.0%；平均斑塊縮小0.0%；道路密度0.00 km/km²；孤立比例0.0%；距大型綠地0m","2021面積_ha":45.45,"2022面積_ha":45.45,"2023面積_ha":45.45}},{"type":"Feature","geometry":{"type":"Polygon","coordinates":[[[121.66041577475849,24.368556364858087],[121.66046266416835,24.377584898735986],[121.67031979130088,24.377541619905134],[121.67027220221307,24.36851310409737],[121.66041577475849,24.368556364858087]]]},"properties":{"grid_id":"G007_035","綠地類型":"河川沿岸自然地表","中心經度":121.665368,"中心緯度":24.373049,"分析面積_km2":1.04,"2020面積_ha":48.69,"2024面積_ha":48.69,"面積減少率_pct":0.0,"2020斑塊數":1,"2024斑塊數":1,"斑塊數增加率_pct":0.0,"2020平均斑塊面積_ha":2712.51,"2024平均斑塊面積_ha":2751.66,"平均斑塊面積下降率_pct":0.0,"道路切割密度_km_per_km2":0.0,"建成區邊界切割密度_km_per_km2":0.0,"孤立小斑塊比例_pct":0.0,"距大型連續綠地平均距離_m":0.0,"score_面積減少":36.206896551724135,"score_斑塊增加":44.260435571687836,"score_平均斑塊縮小":28.153357531760438,"score_道路建成區切割":25.941470054446462,"score_孤立比例":40.58529945553539,"score_距大型綠地":38.40744101633394,"綜合破碎化分數":35.6,"破碎化等級":"低","判定原因":"面積減少0.0%；斑塊增加0.0%；平均斑塊縮小0.0%；道路密度0.00 km/km²；孤立比例0.0%；距大型綠地0m","2021面積_ha":48.69,"2022面積_ha":48.69,"2023面積_ha":48.69}},{"type":"Feature","geometry":{"type":"Polygon","coordinates":[[[121.67027220221307,24.36851310409737],[121.67031979130088,24.377541619905134],[121.68017689512062,24.377497700043595],[121.68012860636217,24.3684692025736],[121.67027220221307,24.36851310409737]]]},"properties":{"grid_id":"G007_036","綠地類型":"河川沿岸自然地表","中心經度":121.675224,"中心緯度":24.373005,"分析面積_km2":1.04,"2020面積_ha":13.77,"2024面積_ha":13.77,"面積減少率_pct":0.0,"2020斑塊數":2,"2024斑塊數":2,"斑塊數增加率_pct":0.0,"2020平均斑塊面積_ha":1646.37,"2024平均斑塊面積_ha":1665.765,"平均斑塊面積下降率_pct":0.0,"道路切割密度_km_per_km2":0.0,"建成區邊界切割密度_km_per_km2":0.0,"孤立小斑塊比例_pct":0.0,"距大型連續綠地平均距離_m":0.0,"score_面積減少":36.206896551724135,"score_斑塊增加":44.260435571687836,"score_平均斑塊縮小":28.153357531760438,"score_道路建成區切割":25.941470054446462,"score_孤立比例":40.58529945553539,"score_距大型綠地":38.40744101633394,"綜合破碎化分數":35.6,"破碎化等級":"低","判定原因":"面積減少0.0%；斑塊增加0.0%；平均斑塊縮小0.0%；道路密度0.00 km/km²；孤立比例0.0%；距大型綠地0m","2021面積_ha":13.77,"2022面積_ha":13.77,"2023面積_ha":13.77}},{"type":"Feature","geometry":{"type":"Polygon","coordinates":[[[121.71955398305131,24.36828718897032],[121.71960507041733,24.37731561041293],[121.7294620525324,24.377268485490497],[121.72941026553377,24.368240083723798],[121.71955398305131,24.36828718897032]]]},"properties":{"grid_id":"G007_041","綠地類型":"河川沿岸自然地表","中心經度":121.724508,"中心緯度":24.372778,"分析面積_km2":1.04,"2020面積_ha":1.08,"2024面積_ha":1.08,"面積減少率_pct":0.0,"2020斑塊數":1,"2024斑塊數":1,"斑塊數增加率_pct":0.0,"2020平均斑塊面積_ha":566.28,"2024平均斑塊面積_ha":566.55,"平均斑塊面積下降率_pct":0.0,"道路切割密度_km_per_km2":0.0,"建成區邊界切割密度_km_per_km2":0.0,"孤立小斑塊比例_pct":0.0,"距大型連續綠地平均距離_m":0.0,"score_面積減少":36.206896551724135,"score_斑塊增加":44.260435571687836,"score_平均斑塊縮小":28.153357531760438,"score_道路建成區切割":25.941470054446462,"score_孤立比例":40.58529945553539,"score_距大型綠地":38.40744101633394,"綜合破碎化分數":35.6,"破碎化等級":"低","判定原因":"面積減少0.0%；斑塊增加0.0%；平均斑塊縮小0.0%；道路密度0.00 km/km²；孤立比例0.0%；距大型綠地0m","2021面積_ha":1.08,"2022面積_ha":1.08,"2023面積_ha":1.08}},{"type":"Feature","geometry":{"type":"Polygon","coordinates":[[[121.73926652265509,24.36819233775183],[121.73931900927838,24.377220719575003],[121.74917594031263,24.377172312673046],[121.7491227540727,24.368143951061008],[121.73926652265509,24.36819233775183]]]},"properties":{"grid_id":"G007_043","綠地類型":"河川沿岸自然地表","中心經度":121.744221,"中心緯度":24.372682,"分析面積_km2":1.04,"2020面積_ha":40.95,"2024面積_ha":40.95,"面積減少率_pct":0.0,"2020斑塊數":1,"2024斑塊數":1,"斑塊數增加率_pct":0.0,"2020平均斑塊面積_ha":566.28,"2024平均斑塊面積_ha":566.55,"平均斑塊面積下降率_pct":0.0,"道路切割密度_km_per_km2":0.606,"建成區邊界切割密度_km_per_km2":0.0,"孤立小斑塊比例_pct":0.0,"距大型連續綠地平均距離_m":0.0,"score_面積減少":36.206896551724135,"score_斑塊增加":44.260435571687836,"score_平均斑塊縮小":28.153357531760438,"score_道路建成區切割":37.35254083484573,"score_孤立比例":40.58529945553539,"score_距大型綠地":38.40744101633394,"綜合破碎化分數":37.5,"破碎化等級":"低","判定原因":"面積減少0.0%；斑塊增加0.0%；平均斑塊縮小0.0%；道路密度0.61 km/km²；孤立比例0.0%；距大型綠地0m","2021面積_ha":40.95,"2022面積_ha":40.95,"2023面積_ha":40.95}},{"type":"Feature","geometry":{"type":"Polygon","coordinates":[[[121.7491227540727,24.368143951061008],[121.74917594031263,24.377172312673046],[121.75903284529242,24.377123264791283],[121.75897895944402,24.368094923657996],[121.7491227540727,24.368143951061008]]]},"properties":{"grid_id":"G007_044","綠地類型":"河川沿岸自然地表","中心經度":121.754078,"中心緯度":24.372634,"分析面積_km2":1.04,"2020面積_ha":20.34,"2024面積_ha":20.34,"面積減少率_pct":0.0,"2020斑塊數":1,"2024斑塊數":1,"斑塊數增加率_pct":0.0,"2020平均斑塊面積_ha":566.28,"2024平均斑塊面積_ha":566.55,"平均斑塊面積下降率_pct":0.0,"道路切割密度_km_per_km2":0.663,"建成區邊界切割密度_km_per_km2":0.0,"孤立小斑塊比例_pct":0.0,"距大型連續綠地平均距離_m":0.0,"score_面積減少":36.206896551724135,"score_斑塊增加":44.260435571687836,"score_平均斑塊縮小":28.153357531760438,"score_道路建成區切割":37.68148820326679,"score_孤立比例":40.58529945553539,"score_距大型綠地":38.40744101633394,"綜合破碎化分數":37.5,"破碎化等級":"低","判定原因":"面積減少0.0%；斑塊增加0.0%；平均斑塊縮小0.0%；道路密度0.66 km/km²；孤立比例0.0%；距大型綠地0m","2021面積_ha":20.34,"2022面積_ha":20.34,"2023面積_ha":20.34}},{"type":"Feature","geometry":{"type":"Polygon","coordinates":[[[121.37462398605815,24.387590043152574],[121.37459737696804,24.378561112457167],[121.36658231874402,24.378580712092393],[121.36648000000001,24.378789999999995],[121.3664,24.37905],[121.36635,24.379309999999997],[121.36637,24.379579999999997],[121.36669999999998,24.380059999999997],[121.36695,24.380549999999992],[121.36721,24.381219999999995],[121.36734,24.38152],[121.36762000000002,24.38173],[121.36817999999998,24.381879999999995],[121.36854000000001,24.382070000000002],[121.36884,24.382309999999993],[121.36901000000002,24.382519999999996],[121.36906,24.38265],[121.36906,24.382890000000007],[121.36901000000002,24.38304],[121.36882,24.383339999999993],[121.36833,24.383979999999994],[121.36822,24.384180000000004],[121.36811000000002,24.384519999999995],[121.36798000000002,24.38534],[121.36762000000002,24.385850000000005],[121.36747,24.386040000000005],[121.36725,24.38619],[121.36704,24.386259999999996],[121.36661,24.38632],[121.36646,24.386409999999998],[121.3658,24.387309999999996],[121.36559058376443,24.38761211031029],[121.37462398605815,24.387590043152574]]]},"properties":{"grid_id":"G008_005","綠地類型":"河川沿岸自然地表","中心經度":121.371763,"中心緯度":24.383183,"分析面積_km2":0.746,"2020面積_ha":13.95,"2024面積_ha":13.95,"面積減少率_pct":0.0,"2020斑塊數":1,"2024斑塊數":1,"斑塊數增加率_pct":0.0,"2020平均斑塊面積_ha":3042.63,"2024平均斑塊面積_ha":3203.82,"平均斑塊面積下降率_pct":0.0,"道路切割密度_km_per_km2":0.0,"建成區邊界切割密度_km_per_km2":0.0,"孤立小斑塊比例_pct":0.0,"距大型連續綠地平均距離_m":0.0,"score_面積減少":36.206896551724135,"score_斑塊增加":44.260435571687836,"score_平均斑塊縮小":28.153357531760438,"score_道路建成區切割":25.941470054446462,"score_孤立比例":40.58529945553539,"score_距大型綠地":38.40744101633394,"綜合破碎化分數":35.6,"破碎化等級":"低","判定原因":"面積減少0.0%；斑塊增加0.0%；平均斑塊縮小0.0%；道路密度0.00 km/km²；孤立比例0.0%；距大型綠地0m","2021面積_ha":13.95,"2022面積_ha":13.95,"2023面積_ha":13.95}},{"type":"Feature","geometry":{"type":"Polygon","coordinates":[[[121.37459737696804,24.378561112457167],[121.37462398605815,24.387590043152574],[121.38448234034254,24.387565346138018],[121.3844550310669,24.378536425751587],[121.37459737696804,24.378561112457167]]]},"properties":{"grid_id":"G008_006","綠地類型":"河川沿岸自然地表","中心經度":121.37954,"中心緯度":24.383063,"分析面積_km2":1.04,"2020面積_ha":36.81,"2024面積_ha":37.35,"面積減少率_pct":0.0,"2020斑塊數":1,"2024斑塊數":1,"斑塊數增加率_pct":0.0,"2020平均斑塊面積_ha":3042.63,"2024平均斑塊面積_ha":3203.82,"平均斑塊面積下降率_pct":0.0,"道路切割密度_km_per_km2":0.0,"建成區邊界切割密度_km_per_km2":0.0,"孤立小斑塊比例_pct":0.0,"距大型連續綠地平均距離_m":0.0,"score_面積減少":36.206896551724135,"score_斑塊增加":44.260435571687836,"score_平均斑塊縮小":28.153357531760438,"score_道路建成區切割":25.941470054446462,"score_孤立比例":40.58529945553539,"score_距大型綠地":38.40744101633394,"綜合破碎化分數":35.6,"破碎化等級":"低","判定原因":"面積減少0.0%；斑塊增加0.0%；平均斑塊縮小0.0%；道路密度0.00 km/km²；孤立比例0.0%；距大型綠地0m","2021面積_ha":37.35,"2022面積_ha":37.35,"2023面積_ha":37.35}},{"type":"Feature","geometry":{"type":"Polygon","coordinates":[[[121.3844550310669,24.378536425751587],[121.38448234034254,24.387565346138018],[121.39434068125078,24.387540007687964],[121.39431267179378,24.378511097878246],[121.3844550310669,24.378536425751587]]]},"properties":{"grid_id":"G008_007","綠地類型":"河川沿岸自然地表","中心經度":121.389398,"中心緯度":24.383038,"分析面積_km2":1.04,"2020面積_ha":17.73,"2024面積_ha":17.73,"面積減少率_pct":0.0,"2020斑塊數":1,"2024斑塊數":1,"斑塊數增加率_pct":0.0,"2020平均斑塊面積_ha":3042.63,"2024平均斑塊面積_ha":3203.82,"平均斑塊面積下降率_pct":0.0,"道路切割密度_km_per_km2":0.0,"建成區邊界切割密度_km_per_km2":0.0,"孤立小斑塊比例_pct":0.0,"距大型連續綠地平均距離_m":0.0,"score_面積減少":36.206896551724135,"score_斑塊增加":44.260435571687836,"score_平均斑塊縮小":28.153357531760438,"score_道路建成區切割":25.941470054446462,"score_孤立比例":40.58529945553539,"score_距大型綠地":38.40744101633394,"綜合破碎化分數":35.6,"破碎化等級":"低","判定原因":"面積減少0.0%；斑塊增加0.0%；平均斑塊縮小0.0%；道路密度0.00 km/km²；孤立比例0.0%；距大型綠地0m","2021面積_ha":17.73,"2022面積_ha":17.73,"2023面積_ha":17.73}},{"type":"Feature","geometry":{"type":"Polygon","coordinates":[[[121.39431267179378,24.378511097878246],[121.39434068125078,24.387540007687964],[121.40419900843992,24.387514027805892],[121.40417029880587,24.378485128840644],[121.4030899307484,24.37848800625967],[121.40204,24.379429999999996],[121.40159000000001,24.379780000000004],[121.40124,24.379989999999996],[121.40092,24.380139999999994],[121.40049,24.38021],[121.40014999999998,24.380190000000002],[121.39983,24.38012],[121.39955,24.379990000000003],[121.39883999999999,24.37952],[121.3976497446911,24.378502378448577],[121.3951337556638,24.378508959285956],[121.39512999999998,24.37851],[121.39500000000001,24.37850999999999],[121.39499811045295,24.37850931289377],[121.39431267179378,24.378511097878246]]]},"properties":{"grid_id":"G008_008","綠地類型":"河川沿岸自然地表","中心經度":121.399258,"中心緯度":24.38387,"分析面積_km2":0.976,"2020面積_ha":45.54,"2024面積_ha":45.54,"面積減少率_pct":0.0,"2020斑塊數":1,"2024斑塊數":1,"斑塊數增加率_pct":0.0,"2020平均斑塊面積_ha":3042.63,"2024平均斑塊面積_ha":3203.82,"平均斑塊面積下降率_pct":0.0,"道路切割密度_km_per_km2":0.185,"建成區邊界切割密度_km_per_km2":0.0,"孤立小斑塊比例_pct":0.0,"距大型連續綠地平均距離_m":0.0,"score_面積減少":36.206896551724135,"score_斑塊增加":44.260435571687836,"score_平均斑塊縮小":28.153357531760438,"score_道路建成區切割":34.84573502722323,"score_孤立比例":40.58529945553539,"score_距大型綠地":38.40744101633394,"綜合破碎化分數":37.1,"破碎化等級":"低","判定原因":"面積減少0.0%；斑塊增加0.0%；平均斑塊縮小0.0%；道路密度0.18 km/km²；孤立比例0.0%；距大型綠地0m","2021面積_ha":45.54,"2022面積_ha":45.54,"2023面積_ha":45.54}},{"type":"Feature","geometry":{"type":"Polygon","coordinates":[[[121.40417029880587,24.378485128840644],[121.40419900843992,24.387514027805892],[121.41405732156697,24.3874874064954],[121.41403257356323,24.379890000042842],[121.41384,24.37989],[121.41326,24.380040000000005],[121.41235999999999,24.38038],[121.4121,24.3804],[121.41169,24.380269999999996],[121.41047,24.37963],[121.40975999999999,24.37935],[121.40867000000001,24.37896],[121.40785,24.378710000000005],[121.4074508382251,24.37847634435312],[121.40417029880587,24.378485128840644]]]},"properties":{"grid_id":"G008_009","綠地類型":"河川沿岸自然地表","中心經度":121.409117,"中心緯度":24.383954,"分析面積_km2":0.951,"2020面積_ha":15.57,"2024面積_ha":15.57,"面積減少率_pct":0.0,"2020斑塊數":1,"2024斑塊數":1,"斑塊數增加率_pct":0.0,"2020平均斑塊面積_ha":3042.63,"2024平均斑塊面積_ha":3203.82,"平均斑塊面積下降率_pct":0.0,"道路切割密度_km_per_km2":2.144,"建成區邊界切割密度_km_per_km2":0.0,"孤立小斑塊比例_pct":0.0,"距大型連續綠地平均距離_m":0.0,"score_面積減少":36.206896551724135,"score_斑塊增加":44.260435571687836,"score_平均斑塊縮小":28.153357531760438,"score_道路建成區切割":47.20961887477314,"score_孤立比例":40.58529945553539,"score_距大型綠地":38.40744101633394,"綜合破碎化分數":39.1,"破碎化等級":"低","判定原因":"面積減少0.0%；斑塊增加0.0%；平均斑塊縮小0.0%；道路密度2.14 km/km²；孤立比例0.0%；距大型綠地0m","2021面積_ha":15.57,"2022面積_ha":15.57,"2023面積_ha":15.57}},{"type":"Feature","geometry":{"type":"Polygon","coordinates":[[[121.50274573919016,24.378190175260755],[121.50278145033508,24.3872189510561],[121.51263960398072,24.387185915677666],[121.512603192713,24.378157153671804],[121.50274573919016,24.378190175260755]]]},"properties":{"grid_id":"G008_019","綠地類型":"河川沿岸自然地表","中心經度":121.507692,"中心緯度":24.382688,"分析面積_km2":1.04,"2020面積_ha":44.64,"2024面積_ha":46.17,"面積減少率_pct":0.0,"2020斑塊數":3,"2024斑塊數":2,"斑塊數增加率_pct":0.0,"2020平均斑塊面積_ha":1116.84,"2024平均斑塊面積_ha":1570.95,"平均斑塊面積下降率_pct":0.0,"道路切割密度_km_per_km2":0.0,"建成區邊界切割密度_km_per_km2":0.173,"孤立小斑塊比例_pct":0.0,"距大型連續綠地平均距離_m":0.0,"score_面積減少":36.206896551724135,"score_斑塊增加":44.260435571687836,"score_平均斑塊縮小":28.153357531760438,"score_道路建成區切割":45.666969147005446,"score_孤立比例":40.58529945553539,"score_距大型綠地":38.40744101633394,"綜合破碎化分數":38.9,"破碎化等級":"低","判定原因":"面積減少0.0%；斑塊增加0.0%；平均斑塊縮小0.0%；道路密度0.00 km/km²；孤立比例0.0%；距大型綠地0m","2021面積_ha":45.36,"2022面積_ha":45.45,"2023面積_ha":46.08}},{"type":"Feature","geometry":{"type":"Polygon","coordinates":[[[121.512603192713,24.378157153671804],[121.51263960398072,24.387185915677666],[121.52249773979219,24.387152238916013],[121.52246062840729,24.378123490967347],[121.512603192713,24.378157153671804]]]},"properties":{"grid_id":"G008_020","綠地類型":"河川沿岸自然地表","中心經度":121.51755,"中心緯度":24.382655,"分析面積_km2":1.04,"2020面積_ha":61.56,"2024面積_ha":62.1,"面積減少率_pct":0.0,"2020斑塊數":1,"2024斑塊數":1,"斑塊數增加率_pct":0.0,"2020平均斑塊面積_ha":2319.48,"2024平均斑塊面積_ha":2320.02,"平均斑塊面積下降率_pct":0.0,"道路切割密度_km_per_km2":1.24,"建成區邊界切割密度_km_per_km2":0.0,"孤立小斑塊比例_pct":0.0,"距大型連續綠地平均距離_m":0.0,"score_面積減少":36.206896551724135,"score_斑塊增加":44.260435571687836,"score_平均斑塊縮小":28.153357531760438,"score_道路建成區切割":40.57395644283122,"score_孤立比例":40.58529945553539,"score_距大型綠地":38.40744101633394,"綜合破碎化分數":38.0,"破碎化等級":"低","判定原因":"面積減少0.0%；斑塊增加0.0%；平均斑塊縮小0.0%；道路密度1.24 km/km²；孤立比例0.0%；距大型綠地0m","2021面積_ha":62.55,"2022面積_ha":60.75,"2023面積_ha":62.1}},{"type":"Feature","geometry":{"type":"Polygon","coordinates":[[[121.52246062840729,24.378123490967347],[121.52249773979219,24.387152238916013],[121.53235585742658,24.38711792077579],[121.53231804593017,24.37808918715203],[121.52246062840729,24.378123490967347]]]},"properties":{"grid_id":"G008_021","綠地類型":"河川沿岸自然地表","中心經度":121.527408,"中心緯度":24.382621,"分析面積_km2":1.04,"2020面積_ha":54.0,"2024面積_ha":54.27,"面積減少率_pct":0.0,"2020斑塊數":1,"2024斑塊數":1,"斑塊數增加率_pct":0.0,"2020平均斑塊面積_ha":2319.48,"2024平均斑塊面積_ha":2320.02,"平均斑塊面積下降率_pct":0.0,"道路切割密度_km_per_km2":0.577,"建成區邊界切割密度_km_per_km2":0.0,"孤立小斑塊比例_pct":0.0,"距大型連續綠地平均距離_m":0.0,"score_面積減少":36.206896551724135,"score_斑塊增加":44.260435571687836,"score_平均斑塊縮小":28.153357531760438,"score_道路建成區切割":37.137023593466424,"score_孤立比例":40.58529945553539,"score_距大型綠地":38.40744101633394,"綜合破碎化分數":37.5,"破碎化等級":"低","判定原因":"面積減少0.0%；斑塊增加0.0%；平均斑塊縮小0.0%；道路密度0.58 km/km²；孤立比例0.0%；距大型綠地0m","2021面積_ha":54.0,"2022面積_ha":53.19,"2023面積_ha":53.55}},{"type":"Feature","geometry":{"type":"Polygon","coordinates":[[[121.61117669080964,24.377791677224355],[121.61122010298062,24.38682028661145],[121.62107804159156,24.386780196287482],[121.62103392936505,24.37775160363461],[121.61117669080964,24.377791677224355]]]},"properties":{"grid_id":"G008_030","綠地類型":"河川沿岸自然地表","中心經度":121.616127,"中心緯度":24.382286,"分析面積_km2":1.04,"2020面積_ha":10.53,"2024面積_ha":10.53,"面積減少率_pct":0.0,"2020斑塊數":1,"2024斑塊數":1,"斑塊數增加率_pct":0.0,"2020平均斑塊面積_ha":143.01,"2024平均斑塊面積_ha":3064.86,"平均斑塊面積下降率_pct":0.0,"道路切割密度_km_per_km2":0.0,"建成區邊界切割密度_km_per_km2":0.0,"孤立小斑塊比例_pct":0.0,"距大型連續綠地平均距離_m":0.0,"score_面積減少":36.206896551724135,"score_斑塊增加":44.260435571687836,"score_平均斑塊縮小":28.153357531760438,"score_道路建成區切割":25.941470054446462,"score_孤立比例":40.58529945553539,"score_距大型綠地":38.40744101633394,"綜合破碎化分數":35.6,"破碎化等級":"低","判定原因":"面積減少0.0%；斑塊增加0.0%；平均斑塊縮小0.0%；道路密度0.00 km/km²；孤立比例0.0%；距大型綠地0m","2021面積_ha":10.53,"2022面積_ha":10.53,"2023面積_ha":10.53}},{"type":"Feature","geometry":{"type":"Polygon","coordinates":[[[121.62103392936505,24.37775160363461],[121.62107804159156,24.386780196287482],[121.63093595859664,24.386739464636214],[121.63089114632139,24.37771088898525],[121.62103392936505,24.37775160363461]]]},"properties":{"grid_id":"G008_031","綠地類型":"河川沿岸自然地表","中心經度":121.625985,"中心緯度":24.382246,"分析面積_km2":1.04,"2020面積_ha":37.8,"2024面積_ha":37.98,"面積減少率_pct":0.0,"2020斑塊數":2,"2024斑塊數":2,"斑塊數增加率_pct":0.0,"2020平均斑塊面積_ha":1379.385,"2024平均斑塊面積_ha":1399.005,"平均斑塊面積下降率_pct":0.0,"道路切割密度_km_per_km2":0.865,"建成區邊界切割密度_km_per_km2":0.0,"孤立小斑塊比例_pct":0.0,"距大型連續綠地平均距離_m":0.0,"score_面積減少":36.206896551724135,"score_斑塊增加":44.260435571687836,"score_平均斑塊縮小":28.153357531760438,"score_道路建成區切割":38.917876588021784,"score_孤立比例":40.58529945553539,"score_距大型綠地":38.40744101633394,"綜合破碎化分數":37.8,"破碎化等級":"低","判定原因":"面積減少0.0%；斑塊增加0.0%；平均斑塊縮小0.0%；道路密度0.86 km/km²；孤立比例0.0%；距大型綠地0m","2021面積_ha":38.7,"2022面積_ha":37.17,"2023面積_ha":37.8}},{"type":"Feature","geometry":{"type":"Polygon","coordinates":[[[121.63089114632139,24.37771088898525],[121.63093595859664,24.386739464636214],[121.64079385365304,24.386698091663252],[121.64074834133588,24.377669533281875],[121.63089114632139,24.37771088898525]]]},"properties":{"grid_id":"G008_032","綠地類型":"河川沿岸自然地表","中心經度":121.635842,"中心緯度":24.382205,"分析面積_km2":1.04,"2020面積_ha":19.98,"2024面積_ha":21.06,"面積減少率_pct":0.0,"2020斑塊數":3,"2024斑塊數":2,"斑塊數增加率_pct":0.0,"2020平均斑塊面積_ha":920.97,"2024平均斑塊面積_ha":1399.005,"平均斑塊面積下降率_pct":0.0,"道路切割密度_km_per_km2":1.355,"建成區邊界切割密度_km_per_km2":0.0,"孤立小斑塊比例_pct":0.0,"距大型連續綠地平均距離_m":0.0,"score_面積減少":36.206896551724135,"score_斑塊增加":44.260435571687836,"score_平均斑塊縮小":28.153357531760438,"score_道路建成區切割":41.22050816696915,"score_孤立比例":40.58529945553539,"score_距大型綠地":38.40744101633394,"綜合破碎化分數":38.1,"破碎化等級":"低","判定原因":"面積減少0.0%；斑塊增加0.0%；平均斑塊縮小0.0%；道路密度1.35 km/km²；孤立比例0.0%；距大型綠地0m","2021面積_ha":20.79,"2022面積_ha":19.98,"2023面積_ha":20.61}},{"type":"Feature","geometry":{"type":"Polygon","coordinates":[[[121.64074834133588,24.377669533281875],[121.64079385365304,24.386698091663252],[121.65065172641788,24.3866560773743],[121.65060551406577,24.377627536530195],[121.64074834133588,24.377669533281875]]]},"properties":{"grid_id":"G008_033","綠地類型":"河川沿岸自然地表","中心經度":121.6457,"中心緯度":24.382163,"分析面積_km2":1.04,"2020面積_ha":45.45,"2024面積_ha":45.9,"面積減少率_pct":0.0,"2020斑塊數":1,"2024斑塊數":1,"斑塊數增加率_pct":0.0,"2020平均斑塊面積_ha":2712.51,"2024平均斑塊面積_ha":2751.66,"平均斑塊面積下降率_pct":0.0,"道路切割密度_km_per_km2":1.269,"建成區邊界切割密度_km_per_km2":0.0,"孤立小斑塊比例_pct":0.0,"距大型連續綠地平均距離_m":0.0,"score_面積減少":36.206896551724135,"score_斑塊增加":44.260435571687836,"score_平均斑塊縮小":28.153357531760438,"score_道路建成區切割":40.710072595281304,"score_孤立比例":40.58529945553539,"score_距大型綠地":38.40744101633394,"綜合破碎化分數":38.1,"破碎化等級":"低","判定原因":"面積減少0.0%；斑塊增加0.0%；平均斑塊縮小0.0%；道路密度1.27 km/km²；孤立比例0.0%；距大型綠地0m","2021面積_ha":46.26,"2022面積_ha":45.36,"2023面積_ha":46.17}},{"type":"Feature","geometry":{"type":"Polygon","coordinates":[[[121.65060551406577,24.377627536530195],[121.65065172641788,24.3866560773743],[121.6605095765483,24.386613421775138],[121.66046266416835,24.377584898735986],[121.65060551406577,24.377627536530195]]]},"properties":{"grid_id":"G008_034","綠地類型":"河川沿岸自然地表","中心經度":121.655557,"中心緯度":24.382121,"分析面積_km2":1.04,"2020面積_ha":23.49,"2024面積_ha":23.49,"面積減少率_pct":0.0,"2020斑塊數":1,"2024斑塊數":1,"斑塊數增加率_pct":0.0,"2020平均斑塊面積_ha":2712.51,"2024平均斑塊面積_ha":2751.66,"平均斑塊面積下降率_pct":0.0,"道路切割密度_km_per_km2":0.0,"建成區邊界切割密度_km_per_km2":0.0,"孤立小斑塊比例_pct":0.0,"距大型連續綠地平均距離_m":0.0,"score_面積減少":36.206896551724135,"score_斑塊增加":44.260435571687836,"score_平均斑塊縮小":28.153357531760438,"score_道路建成區切割":25.941470054446462,"score_孤立比例":40.58529945553539,"score_距大型綠地":38.40744101633394,"綜合破碎化分數":35.6,"破碎化等級":"低","判定原因":"面積減少0.0%；斑塊增加0.0%；平均斑塊縮小0.0%；道路密度0.00 km/km²；孤立比例0.0%；距大型綠地0m","2021面積_ha":23.49,"2022面積_ha":23.49,"2023面積_ha":23.49}},{"type":"Feature","geometry":{"type":"Polygon","coordinates":[[[121.66046266416835,24.377584898735986],[121.6605095765483,24.386613421775138],[121.67036740370149,24.386570124871657],[121.67031979130088,24.377541619905134],[121.66046266416835,24.377584898735986]]]},"properties":{"grid_id":"G008_035","綠地類型":"河川沿岸自然地表","中心經度":121.665415,"中心緯度":24.382078,"分析面積_km2":1.04,"2020面積_ha":25.83,"2024面積_ha":25.83,"面積減少率_pct":0.0,"2020斑塊數":1,"2024斑塊數":1,"斑塊數增加率_pct":0.0,"2020平均斑塊面積_ha":2712.51,"2024平均斑塊面積_ha":2751.66,"平均斑塊面積下降率_pct":0.0,"道路切割密度_km_per_km2":0.0,"建成區邊界切割密度_km_per_km2":0.0,"孤立小斑塊比例_pct":0.0,"距大型連續綠地平均距離_m":0.0,"score_面積減少":36.206896551724135,"score_斑塊增加":44.260435571687836,"score_平均斑塊縮小":28.153357531760438,"score_道路建成區切割":25.941470054446462,"score_孤立比例":40.58529945553539,"score_距大型綠地":38.40744101633394,"綜合破碎化分數":35.6,"破碎化等級":"低","判定原因":"面積減少0.0%；斑塊增加0.0%；平均斑塊縮小0.0%；道路密度0.00 km/km²；孤立比例0.0%；距大型綠地0m","2021面積_ha":25.83,"2022面積_ha":25.83,"2023面積_ha":25.83}},{"type":"Feature","geometry":{"type":"Polygon","coordinates":[[[121.67031979130088,24.377541619905134],[121.67036740370149,24.386570124871657],[121.68022520753459,24.386526186669823],[121.68017689512062,24.377497700043595],[121.67031979130088,24.377541619905134]]]},"properties":{"grid_id":"G008_036","綠地類型":"河川沿岸自然地表","中心經度":121.675272,"中心緯度":24.382034,"分析面積_km2":1.04,"2020面積_ha":17.46,"2024面積_ha":17.46,"面積減少率_pct":0.0,"2020斑塊數":1,"2024斑塊數":1,"斑塊數增加率_pct":0.0,"2020平均斑塊面積_ha":2712.51,"2024平均斑塊面積_ha":2751.66,"平均斑塊面積下降率_pct":0.0,"道路切割密度_km_per_km2":0.0,"建成區邊界切割密度_km_per_km2":0.0,"孤立小斑塊比例_pct":0.0,"距大型連續綠地平均距離_m":0.0,"score_面積減少":36.206896551724135,"score_斑塊增加":44.260435571687836,"score_平均斑塊縮小":28.153357531760438,"score_道路建成區切割":25.941470054446462,"score_孤立比例":40.58529945553539,"score_距大型綠地":38.40744101633394,"綜合破碎化分數":35.6,"破碎化等級":"低","判定原因":"面積減少0.0%；斑塊增加0.0%；平均斑塊縮小0.0%；道路密度0.00 km/km²；孤立比例0.0%；距大型綠地0m","2021面積_ha":17.46,"2022面積_ha":17.46,"2023面積_ha":17.46}},{"type":"Feature","geometry":{"type":"Polygon","coordinates":[[[121.33521426198762,24.39671137526272],[121.33520485218877,24.393145120962338],[121.33515,24.39319],[121.33477000000002,24.39345],[121.33451000000001,24.393699999999995],[121.33427,24.39403],[121.33404,24.39428],[121.3338,24.394499999999997],[121.33335,24.39478],[121.33303000000001,24.39502999999999],[121.33260000000001,24.395509999999998],[121.33220999999999,24.396],[121.33200000000001,24.39643],[121.33189575333449,24.396718683242806],[121.33521426198762,24.39671137526272]]]},"properties":{"grid_id":"G009_001","綠地類型":"河川沿岸自然地表","中心經度":121.3342,"中心緯度":24.394903,"分析面積_km2":0.084,"2020面積_ha":2.7,"2024面積_ha":2.7,"面積減少率_pct":0.0,"2020斑塊數":1,"2024斑塊數":1,"斑塊數增加率_pct":0.0,"2020平均斑塊面積_ha":3042.63,"2024平均斑塊面積_ha":3203.82,"平均斑塊面積下降率_pct":0.0,"道路切割密度_km_per_km2":0.0,"建成區邊界切割密度_km_per_km2":0.0,"孤立小斑塊比例_pct":0.0,"距大型連續綠地平均距離_m":0.0,"score_面積減少":36.206896551724135,"score_斑塊增加":44.260435571687836,"score_平均斑塊縮小":28.153357531760438,"score_道路建成區切割":25.941470054446462,"score_孤立比例":40.58529945553539,"score_距大型綠地":38.40744101633394,"綜合破碎化分數":35.6,"破碎化等級":"低","判定原因":"面積減少0.0%；斑塊增加0.0%；平均斑塊縮小0.0%；道路密度0.00 km/km²；孤立比例0.0%；距大型綠地0m","2021面積_ha":2.7,"2022面積_ha":2.7,"2023面積_ha":2.7}},{"type":"Feature","geometry":{"type":"Polygon","coordinates":[[[121.33521426198762,24.39671137526272],[121.34507336689136,24.396689234784056],[121.34506421219781,24.39331880984027],[121.34292,24.393300000000004],[121.34247,24.393209999999996],[121.34185,24.39304],[121.34163,24.39293],[121.34103000000002,24.392439999999997],[121.34022000000002,24.392009999999996],[121.33934000000002,24.39145],[121.33913999999999,24.391259999999992],[121.33891,24.39076],[121.33867,24.3901],[121.33859000000001,24.389990000000004],[121.33848,24.389909999999993],[121.33826,24.389930000000003],[121.33788,24.390139999999995],[121.33758,24.39042],[121.33734,24.390759999999997],[121.33715,24.391150000000003],[121.33687,24.391469999999998],[121.33666000000001,24.39182],[121.33637999999999,24.392369999999996],[121.33620999999998,24.392609999999998],[121.33611999999998,24.3927],[121.33588,24.39285],[121.33526000000002,24.393099999999997],[121.33520485218877,24.393145120962338],[121.33521426198762,24.39671137526272]]]},"properties":{"grid_id":"G009_002","綠地類型":"河川沿岸自然地表","中心經度":121.33895,"中心緯度":24.393263,"分析面積_km2":0.515,"2020面積_ha":22.23,"2024面積_ha":22.23,"面積減少率_pct":0.0,"2020斑塊數":1,"2024斑塊數":1,"斑塊數增加率_pct":0.0,"2020平均斑塊面積_ha":3042.63,"2024平均斑塊面積_ha":3203.82,"平均斑塊面積下降率_pct":0.0,"道路切割密度_km_per_km2":1.923,"建成區邊界切割密度_km_per_km2":0.0,"孤立小斑塊比例_pct":0.0,"距大型連續綠地平均距離_m":0.0,"score_面積減少":36.206896551724135,"score_斑塊增加":44.260435571687836,"score_平均斑塊縮小":28.153357531760438,"score_道路建成區切割":45.90517241379311,"score_孤立比例":40.58529945553539,"score_距大型綠地":38.40744101633394,"綜合破碎化分數":38.9,"破碎化等級":"低","判定原因":"面積減少0.0%；斑塊增加0.0%；平均斑塊縮小0.0%；道路密度1.92 km/km²；孤立比例0.0%；距大型綠地0m","2021面積_ha":22.23,"2022面積_ha":22.23,"2023面積_ha":22.23}},{"type":"Feature","geometry":{"type":"Polygon","coordinates":[[[121.36479154033135,24.396643028680753],[121.37465060818151,24.396618963062487],[121.37462398605815,24.387590043152574],[121.36559058376443,24.38761211031029],[121.36519,24.38819],[121.36476824496279,24.38852905828235],[121.36479154033135,24.396643028680753]]]},"properties":{"grid_id":"G009_005","綠地類型":"河川沿岸自然地表","中心經度":121.369709,"中心緯度":24.392574,"分析面積_km2":1.032,"2020面積_ha":20.88,"2024面積_ha":20.88,"面積減少率_pct":0.0,"2020斑塊數":1,"2024斑塊數":1,"斑塊數增加率_pct":0.0,"2020平均斑塊面積_ha":3042.63,"2024平均斑塊面積_ha":3203.82,"平均斑塊面積下降率_pct":0.0,"道路切割密度_km_per_km2":0.029,"建成區邊界切割密度_km_per_km2":0.0,"孤立小斑塊比例_pct":0.0,"距大型連續綠地平均距離_m":0.0,"score_面積減少":36.206896551724135,"score_斑塊增加":44.260435571687836,"score_平均斑塊縮小":28.153357531760438,"score_道路建成區切割":33.82486388384755,"score_孤立比例":40.58529945553539,"score_距大型綠地":38.40744101633394,"綜合破碎化分數":36.9,"破碎化等級":"低","判定原因":"面積減少0.0%；斑塊增加0.0%；平均斑塊縮小0.0%；道路密度0.03 km/km²；孤立比例0.0%；距大型綠地0m","2021面積_ha":20.88,"2022面積_ha":20.88,"2023面積_ha":20.88}},{"type":"Feature","geometry":{"type":"Polygon","coordinates":[[[121.37462398605815,24.387590043152574],[121.37465060818151,24.396618963062487],[121.38450966299439,24.396594255737536],[121.38448234034254,24.387565346138018],[121.37462398605815,24.387590043152574]]]},"properties":{"grid_id":"G009_006","綠地類型":"河川沿岸自然地表","中心經度":121.379567,"中心緯度":24.392092,"分析面積_km2":1.04,"2020面積_ha":52.02,"2024面積_ha":52.74,"面積減少率_pct":0.0,"2020斑塊數":1,"2024斑塊數":1,"斑塊數增加率_pct":0.0,"2020平均斑塊面積_ha":3042.63,"2024平均斑塊面積_ha":3203.82,"平均斑塊面積下降率_pct":0.0,"道路切割密度_km_per_km2":0.0,"建成區邊界切割密度_km_per_km2":0.0,"孤立小斑塊比例_pct":0.0,"距大型連續綠地平均距離_m":0.0,"score_面積減少":36.206896551724135,"score_斑塊增加":44.260435571687836,"score_平均斑塊縮小":28.153357531760438,"score_道路建成區切割":25.941470054446462,"score_孤立比例":40.58529945553539,"score_距大型綠地":38.40744101633394,"綜合破碎化分數":35.6,"破碎化等級":"低","判定原因":"面積減少0.0%；斑塊增加0.0%；平均斑塊縮小0.0%；道路密度0.00 km/km²；孤立比例0.0%；距大型綠地0m","2021面積_ha":53.01,"2022面積_ha":52.56,"2023面積_ha":52.74}},{"type":"Feature","geometry":{"type":"Polygon","coordinates":[[[121.38448234034254,24.387565346138018],[121.38450966299439,24.396594255737536],[121.39436870442688,24.396568906709298],[121.39434068125078,24.387540007687964],[121.38448234034254,24.387565346138018]]]},"properties":{"grid_id":"G009_007","綠地類型":"河川沿岸自然地表","中心經度":121.389425,"中心緯度":24.392067,"分析面積_km2":1.04,"2020面積_ha":29.7,"2024面積_ha":29.7,"面積減少率_pct":0.0,"2020斑塊數":1,"2024斑塊數":1,"斑塊數增加率_pct":0.0,"2020平均斑塊面積_ha":3042.63,"2024平均斑塊面積_ha":3203.82,"平均斑塊面積下降率_pct":0.0,"道路切割密度_km_per_km2":0.0,"建成區邊界切割密度_km_per_km2":0.0,"孤立小斑塊比例_pct":0.0,"距大型連續綠地平均距離_m":0.0,"score_面積減少":36.206896551724135,"score_斑塊增加":44.260435571687836,"score_平均斑塊縮小":28.153357531760438,"score_道路建成區切割":25.941470054446462,"score_孤立比例":40.58529945553539,"score_距大型綠地":38.40744101633394,"綜合破碎化分數":35.6,"破碎化等級":"低","判定原因":"面積減少0.0%；斑塊增加0.0%；平均斑塊縮小0.0%；道路密度0.00 km/km²；孤立比例0.0%；距大型綠地0m","2021面積_ha":29.7,"2022面積_ha":29.7,"2023面積_ha":29.7}},{"type":"Feature","geometry":{"type":"Polygon","coordinates":[[[121.39434068125078,24.387540007687964],[121.39436870442688,24.396568906709298],[121.40422773213598,24.39654291598127],[121.40419900843992,24.387514027805892],[121.39434068125078,24.387540007687964]]]},"properties":{"grid_id":"G009_008","綠地類型":"河川沿岸自然地表","中心經度":121.399284,"中心緯度":24.392042,"分析面積_km2":1.04,"2020面積_ha":15.66,"2024面積_ha":15.66,"面積減少率_pct":0.0,"2020斑塊數":1,"2024斑塊數":1,"斑塊數增加率_pct":0.0,"2020平均斑塊面積_ha":3042.63,"2024平均斑塊面積_ha":3203.82,"平均斑塊面積下降率_pct":0.0,"道路切割密度_km_per_km2":0.663,"建成區邊界切割密度_km_per_km2":0.0,"孤立小斑塊比例_pct":0.0,"距大型連續綠地平均距離_m":0.0,"score_面積減少":36.206896551724135,"score_斑塊增加":44.260435571687836,"score_平均斑塊縮小":28.153357531760438,"score_道路建成區切割":37.68148820326679,"score_孤立比例":40.58529945553539,"score_距大型綠地":38.40744101633394,"綜合破碎化分數":37.5,"破碎化等級":"低","判定原因":"面積減少0.0%；斑塊增加0.0%；平均斑塊縮小0.0%；道路密度0.66 km/km²；孤立比例0.0%；距大型綠地0m","2021面積_ha":15.66,"2022面積_ha":15.66,"2023面積_ha":15.66}},{"type":"Feature","geometry":{"type":"Polygon","coordinates":[[[121.40419900843992,24.387514027805892],[121.40422773213598,24.39654291598127],[121.41408674577865,24.396516283557048],[121.41405732156697,24.3874874064954],[121.40419900843992,24.387514027805892]]]},"properties":{"grid_id":"G009_009","綠地類型":"河川沿岸自然地表","中心經度":121.409143,"中心緯度":24.392015,"分析面積_km2":1.04,"2020面積_ha":17.82,"2024面積_ha":18.99,"面積減少率_pct":0.0,"2020斑塊數":1,"2024斑塊數":1,"斑塊數增加率_pct":0.0,"2020平均斑塊面積_ha":3042.63,"2024平均斑塊面積_ha":3203.82,"平均斑塊面積下降率_pct":0.0,"道路切割密度_km_per_km2":0.98,"建成區邊界切割密度_km_per_km2":0.0,"孤立小斑塊比例_pct":0.0,"距大型連續綠地平均距離_m":0.0,"score_面積減少":36.206896551724135,"score_斑塊增加":44.260435571687836,"score_平均斑塊縮小":28.153357531760438,"score_道路建成區切割":39.3942831215971,"score_孤立比例":40.58529945553539,"score_距大型綠地":38.40744101633394,"綜合破碎化分數":37.8,"破碎化等級":"低","判定原因":"面積減少0.0%；斑塊增加0.0%；平均斑塊縮小0.0%；道路密度0.98 km/km²；孤立比例0.0%；距大型綠地0m","2021面積_ha":18.9,"2022面積_ha":18.63,"2023面積_ha":18.99}},{"type":"Feature","geometry":{"type":"Polygon","coordinates":[[[121.42391562028907,24.38746014376014],[121.4239457450118,24.396489009440284],[121.43380472949246,24.39646109363475],[121.43377390426323,24.387432239603875],[121.42391562028907,24.38746014376014]]]},"properties":{"grid_id":"G009_011","綠地類型":"河川沿岸自然地表","中心經度":121.42886,"中心緯度":24.391961,"分析面積_km2":1.04,"2020面積_ha":26.37,"2024面積_ha":26.37,"面積減少率_pct":0.0,"2020斑塊數":1,"2024斑塊數":1,"斑塊數增加率_pct":0.0,"2020平均斑塊面積_ha":3042.63,"2024平均斑塊面積_ha":3203.82,"平均斑塊面積下降率_pct":0.0,"道路切割密度_km_per_km2":0.0,"建成區邊界切割密度_km_per_km2":0.0,"孤立小斑塊比例_pct":0.0,"距大型連續綠地平均距離_m":0.0,"score_面積減少":36.206896551724135,"score_斑塊增加":44.260435571687836,"score_平均斑塊縮小":28.153357531760438,"score_道路建成區切割":25.941470054446462,"score_孤立比例":40.58529945553539,"score_距大型綠地":38.40744101633394,"綜合破碎化分數":35.6,"破碎化等級":"低","判定原因":"面積減少0.0%；斑塊增加0.0%；平均斑塊縮小0.0%；道路密度0.00 km/km²；孤立比例0.0%；距大型綠地0m","2021面積_ha":26.37,"2022面積_ha":26.37,"2023面積_ha":26.37}},{"type":"Feature","geometry":{"type":"Polygon","coordinates":[[[121.43377390426323,24.387432239603875],[121.43380472949246,24.39646109363475],[121.44366369887751,24.396432536144278],[121.44363217314655,24.387403694030457],[121.43377390426323,24.387432239603875]]]},"properties":{"grid_id":"G009_012","綠地類型":"河川沿岸自然地表","中心經度":121.438719,"中心緯度":24.391932,"分析面積_km2":1.04,"2020面積_ha":12.42,"2024面積_ha":12.42,"面積減少率_pct":0.0,"2020斑塊數":1,"2024斑塊數":1,"斑塊數增加率_pct":0.0,"2020平均斑塊面積_ha":3042.63,"2024平均斑塊面積_ha":3203.82,"平均斑塊面積下降率_pct":0.0,"道路切割密度_km_per_km2":1.499,"建成區邊界切割密度_km_per_km2":0.0,"孤立小斑塊比例_pct":0.0,"距大型連續綠地平均距離_m":0.0,"score_面積減少":36.206896551724135,"score_斑塊增加":44.260435571687836,"score_平均斑塊縮小":28.153357531760438,"score_道路建成區切割":42.615698729582576,"score_孤立比例":40.58529945553539,"score_距大型綠地":38.40744101633394,"綜合破碎化分數":38.4,"破碎化等級":"低","判定原因":"面積減少0.0%；斑塊增加0.0%；平均斑塊縮小0.0%；道路密度1.50 km/km²；孤立比例0.0%；距大型綠地0m","2021面積_ha":12.42,"2022面積_ha":12.42,"2023面積_ha":12.42}},{"type":"Feature","geometry":{"type":"Polygon","coordinates":[[[121.51263960398072,24.387185915677666],[121.5126760330826,24.396214666874744],[121.52253486935416,24.39618097605396],[121.52249773979219,24.387152238916013],[121.51263960398072,24.387185915677666]]]},"properties":{"grid_id":"G009_020","綠地類型":"河川沿岸自然地表","中心經度":121.517587,"中心緯度":24.391684,"分析面積_km2":1.04,"2020面積_ha":44.19,"2024面積_ha":45.45,"面積減少率_pct":0.0,"2020斑塊數":2,"2024斑塊數":2,"斑塊數增加率_pct":0.0,"2020平均斑塊面積_ha":1512.9,"2024平均斑塊面積_ha":1529.55,"平均斑塊面積下降率_pct":0.0,"道路切割密度_km_per_km2":0.288,"建成區邊界切割密度_km_per_km2":0.0,"孤立小斑塊比例_pct":0.0,"距大型連續綠地平均距離_m":0.0,"score_面積減少":36.206896551724135,"score_斑塊增加":44.260435571687836,"score_平均斑塊縮小":28.153357531760438,"score_道路建成區切割":35.526315789473685,"score_孤立比例":40.58529945553539,"score_距大型綠地":38.40744101633394,"綜合破碎化分數":37.2,"破碎化等級":"低","判定原因":"面積減少0.0%；斑塊增加0.0%；平均斑塊縮小0.0%；道路密度0.29 km/km²；孤立比例0.0%；距大型綠地0m","2021面積_ha":44.82,"2022面積_ha":45.36,"2023面積_ha":45.45}},{"type":"Feature","geometry":{"type":"Polygon","coordinates":[[[121.52249773979219,24.387152238916013],[121.52253486935416,24.39618097605396],[121.53239368744298,24.39614664358685],[121.53235585742658,24.38711792077579],[121.52249773979219,24.387152238916013]]]},"properties":{"grid_id":"G009_021","綠地類型":"河川沿岸自然地表","中心經度":121.527446,"中心緯度":24.39165,"分析面積_km2":1.04,"2020面積_ha":31.95,"2024面積_ha":31.95,"面積減少率_pct":0.0,"2020斑塊數":2,"2024斑塊數":2,"斑塊數增加率_pct":0.0,"2020平均斑塊面積_ha":870.885,"2024平均斑塊面積_ha":885.375,"平均斑塊面積下降率_pct":0.0,"道路切割密度_km_per_km2":1.73,"建成區邊界切割密度_km_per_km2":0.0,"孤立小斑塊比例_pct":0.0,"距大型連續綠地平均距離_m":0.0,"score_面積減少":36.206896551724135,"score_斑塊增加":44.260435571687836,"score_平均斑塊縮小":28.153357531760438,"score_道路建成區切割":44.657441016333934,"score_孤立比例":40.58529945553539,"score_距大型綠地":38.40744101633394,"綜合破碎化分數":38.7,"破碎化等級":"低","判定原因":"面積減少0.0%；斑塊增加0.0%；平均斑塊縮小0.0%；道路密度1.73 km/km²；孤立比例0.0%；距大型綠地0m","2021面積_ha":31.95,"2022面積_ha":31.95,"2023面積_ha":31.95}},{"type":"Feature","geometry":{"type":"Polygon","coordinates":[[[121.59150416231265,24.38689854325545],[121.59154619492999,24.39592717448258],[121.60140487613562,24.39588835062864],[121.6013621431067,24.386859735602584],[121.59150416231265,24.38689854325545]]]},"properties":{"grid_id":"G009_028","綠地類型":"河川沿岸自然地表","中心經度":121.596454,"中心緯度":24.391394,"分析面積_km2":1.04,"2020面積_ha":25.74,"2024面積_ha":27.9,"面積減少率_pct":0.0,"2020斑塊數":3,"2024斑塊數":2,"斑塊數增加率_pct":0.0,"2020平均斑塊面積_ha":367.32,"2024平均斑塊面積_ha":550.665,"平均斑塊面積下降率_pct":0.0,"道路切割密度_km_per_km2":0.0,"建成區邊界切割密度_km_per_km2":0.202,"孤立小斑塊比例_pct":0.0,"距大型連續綠地平均距離_m":0.0,"score_面積減少":36.206896551724135,"score_斑塊增加":44.260435571687836,"score_平均斑塊縮小":28.153357531760438,"score_道路建成區切割":45.84845735027224,"score_孤立比例":40.58529945553539,"score_距大型綠地":38.40744101633394,"綜合破碎化分數":38.9,"破碎化等級":"低","判定原因":"面積減少0.0%；斑塊增加0.0%；平均斑塊縮小0.0%；道路密度0.00 km/km²；孤立比例0.0%；距大型綠地0m","2021面積_ha":27.72,"2022面積_ha":27.72,"2023面積_ha":28.08}},{"type":"Feature","geometry":{"type":"Polygon","coordinates":[[[121.61122010298062,24.38682028661145],[121.61126353641457,24.395848885168704],[121.62112217542388,24.395808778108215],[121.62107804159156,24.386780196287482],[121.61122010298062,24.38682028661145]]]},"properties":{"grid_id":"G009_030","綠地類型":"河川沿岸自然地表","中心經度":121.616171,"中心緯度":24.391315,"分析面積_km2":1.04,"2020面積_ha":45.9,"2024面積_ha":45.9,"面積減少率_pct":0.0,"2020斑塊數":1,"2024斑塊數":1,"斑塊數增加率_pct":0.0,"2020平均斑塊面積_ha":143.01,"2024平均斑塊面積_ha":3064.86,"平均斑塊面積下降率_pct":0.0,"道路切割密度_km_per_km2":0.0,"建成區邊界切割密度_km_per_km2":0.0,"孤立小斑塊比例_pct":0.0,"距大型連續綠地平均距離_m":0.0,"score_面積減少":36.206896551724135,"score_斑塊增加":44.260435571687836,"score_平均斑塊縮小":28.153357531760438,"score_道路建成區切割":25.941470054446462,"score_孤立比例":40.58529945553539,"score_距大型綠地":38.40744101633394,"綜合破碎化分數":35.6,"破碎化等級":"低","判定原因":"面積減少0.0%；斑塊增加0.0%；平均斑塊縮小0.0%；道路密度0.00 km/km²；孤立比例0.0%；距大型綠地0m","2021面積_ha":45.9,"2022面積_ha":45.9,"2023面積_ha":45.9}},{"type":"Feature","geometry":{"type":"Polygon","coordinates":[[[121.62107804159156,24.386780196287482],[121.62112217542388,24.395808778108215],[121.63098079282061,24.39576802945269],[121.63093595859664,24.386739464636214],[121.62107804159156,24.386780196287482]]]},"properties":{"grid_id":"G009_031","綠地類型":"河川沿岸自然地表","中心經度":121.626029,"中心緯度":24.391274,"分析面積_km2":1.04,"2020面積_ha":22.23,"2024面積_ha":22.5,"面積減少率_pct":0.0,"2020斑塊數":4,"2024斑塊數":4,"斑塊數增加率_pct":0.0,"2020平均斑塊面積_ha":726.503,"2024平均斑塊面積_ha":1468.395,"平均斑塊面積下降率_pct":0.0,"道路切割密度_km_per_km2":1.096,"建成區邊界切割密度_km_per_km2":0.0,"孤立小斑塊比例_pct":0.0,"距大型連續綠地平均距離_m":0.0,"score_面積減少":36.206896551724135,"score_斑塊增加":44.260435571687836,"score_平均斑塊縮小":28.153357531760438,"score_道路建成區切割":39.91606170598911,"score_孤立比例":40.58529945553539,"score_距大型綠地":38.40744101633394,"綜合破碎化分數":37.9,"破碎化等級":"低","判定原因":"面積減少0.0%；斑塊增加0.0%；平均斑塊縮小0.0%；道路密度1.10 km/km²；孤立比例0.0%；距大型綠地0m","2021面積_ha":22.32,"2022面積_ha":21.96,"2023面積_ha":22.41}},{"type":"Feature","geometry":{"type":"Polygon","coordinates":[[[121.64079385365304,24.386698091663252],[121.64083938826174,24.39572663920775],[121.65069796140433,24.395684607379103],[121.65065172641788,24.3866560773743],[121.64079385365304,24.386698091663252]]]},"properties":{"grid_id":"G009_033","綠地類型":"河川沿岸自然地表","中心經度":121.645746,"中心緯度":24.391191,"分析面積_km2":1.04,"2020面積_ha":46.35,"2024面積_ha":46.35,"面積減少率_pct":0.0,"2020斑塊數":1,"2024斑塊數":1,"斑塊數增加率_pct":0.0,"2020平均斑塊面積_ha":2712.51,"2024平均斑塊面積_ha":2751.66,"平均斑塊面積下降率_pct":0.0,"道路切割密度_km_per_km2":0.0,"建成區邊界切割密度_km_per_km2":0.0,"孤立小斑塊比例_pct":0.0,"距大型連續綠地平均距離_m":0.0,"score_面積減少":36.206896551724135,"score_斑塊增加":44.260435571687836,"score_平均斑塊縮小":28.153357531760438,"score_道路建成區切割":25.941470054446462,"score_孤立比例":40.58529945553539,"score_距大型綠地":38.40744101633394,"綜合破碎化分數":35.6,"破碎化等級":"低","判定原因":"面積減少0.0%；斑塊增加0.0%；平均斑塊縮小0.0%；道路密度0.00 km/km²；孤立比例0.0%；距大型綠地0m","2021面積_ha":46.35,"2022面積_ha":46.35,"2023面積_ha":46.35}},{"type":"Feature","geometry":{"type":"Polygon","coordinates":[[[121.65065172641788,24.3866560773743],[121.65069796140433,24.395684607379103],[121.66055651190547,24.395641933972538],[121.6605095765483,24.386613421775138],[121.65065172641788,24.3866560773743]]]},"properties":{"grid_id":"G009_034","綠地類型":"河川沿岸自然地表","中心經度":121.655604,"中心緯度":24.391149,"分析面積_km2":1.04,"2020面積_ha":20.88,"2024面積_ha":20.88,"面積減少率_pct":0.0,"2020斑塊數":1,"2024斑塊數":1,"斑塊數增加率_pct":0.0,"2020平均斑塊面積_ha":2712.51,"2024平均斑塊面積_ha":2751.66,"平均斑塊面積下降率_pct":0.0,"道路切割密度_km_per_km2":0.0,"建成區邊界切割密度_km_per_km2":0.0,"孤立小斑塊比例_pct":0.0,"距大型連續綠地平均距離_m":0.0,"score_面積減少":36.206896551724135,"score_斑塊增加":44.260435571687836,"score_平均斑塊縮小":28.153357531760438,"score_道路建成區切割":25.941470054446462,"score_孤立比例":40.58529945553539,"score_距大型綠地":38.40744101633394,"綜合破碎化分數":35.6,"破碎化等級":"低","判定原因":"面積減少0.0%；斑塊增加0.0%；平均斑塊縮小0.0%；道路密度0.00 km/km²；孤立比例0.0%；距大型綠地0m","2021面積_ha":20.88,"2022面積_ha":20.88,"2023面積_ha":20.88}},{"type":"Feature","geometry":{"type":"Polygon","coordinates":[[[121.6605095765483,24.386613421775138],[121.66055651190547,24.395641933972538],[121.67041503942217,24.395598618993937],[121.67036740370149,24.386570124871657],[121.6605095765483,24.386613421775138]]]},"properties":{"grid_id":"G009_035","綠地類型":"河川沿岸自然地表","中心經度":121.665462,"中心緯度":24.391106,"分析面積_km2":1.04,"2020面積_ha":14.94,"2024面積_ha":14.94,"面積減少率_pct":0.0,"2020斑塊數":1,"2024斑塊數":1,"斑塊數增加率_pct":0.0,"2020平均斑塊面積_ha":2712.51,"2024平均斑塊面積_ha":2751.66,"平均斑塊面積下降率_pct":0.0,"道路切割密度_km_per_km2":0.0,"建成區邊界切割密度_km_per_km2":0.0,"孤立小斑塊比例_pct":0.0,"距大型連續綠地平均距離_m":0.0,"score_面積減少":36.206896551724135,"score_斑塊增加":44.260435571687836,"score_平均斑塊縮小":28.153357531760438,"score_道路建成區切割":25.941470054446462,"score_孤立比例":40.58529945553539,"score_距大型綠地":38.40744101633394,"綜合破碎化分數":35.6,"破碎化等級":"低","判定原因":"面積減少0.0%；斑塊增加0.0%；平均斑塊縮小0.0%；道路密度0.00 km/km²；孤立比例0.0%；距大型綠地0m","2021面積_ha":14.94,"2022面積_ha":14.94,"2023面積_ha":14.94}},{"type":"Feature","geometry":{"type":"Polygon","coordinates":[[[121.67036740370149,24.386570124871657],[121.67041503942217,24.395598618993937],[121.68027354361148,24.39555466244926],[121.68022520753459,24.386526186669823],[121.67036740370149,24.386570124871657]]]},"properties":{"grid_id":"G009_036","綠地類型":"河川沿岸自然地表","中心經度":121.67532,"中心緯度":24.391062,"分析面積_km2":1.04,"2020面積_ha":27.36,"2024面積_ha":27.36,"面積減少率_pct":0.0,"2020斑塊數":1,"2024斑塊數":1,"斑塊數增加率_pct":0.0,"2020平均斑塊面積_ha":2712.51,"2024平均斑塊面積_ha":2751.66,"平均斑塊面積下降率_pct":0.0,"道路切割密度_km_per_km2":0.0,"建成區邊界切割密度_km_per_km2":0.0,"孤立小斑塊比例_pct":0.0,"距大型連續綠地平均距離_m":0.0,"score_面積減少":36.206896551724135,"score_斑塊增加":44.260435571687836,"score_平均斑塊縮小":28.153357531760438,"score_道路建成區切割":25.941470054446462,"score_孤立比例":40.58529945553539,"score_距大型綠地":38.40744101633394,"綜合破碎化分數":35.6,"破碎化等級":"低","判定原因":"面積減少0.0%；斑塊增加0.0%；平均斑塊縮小0.0%；道路密度0.00 km/km²；孤立比例0.0%；距大型綠地0m","2021面積_ha":27.36,"2022面積_ha":27.36,"2023面積_ha":27.36}},{"type":"Feature","geometry":{"type":"Polygon","coordinates":[[[121.32537827616281,24.405761830685215],[121.33523809362246,24.405740322953257],[121.33521426198762,24.39671137526272],[121.33189575333449,24.396718683242806],[121.33187,24.396789999999996],[121.33166000000001,24.397740000000002],[121.33148000000001,24.398120000000002],[121.33131,24.398319999999995],[121.33084,24.398599999999995],[121.33054000000001,24.398729999999997],[121.33026,24.398769999999992],[121.32987,24.398810000000005],[121.32775,24.398619999999998],[121.32709,24.39862],[121.32689,24.398639999999993],[121.32670000000002,24.39877],[121.32661000000002,24.398849999999992],[121.32633,24.399260000000005],[121.32569,24.40006],[121.32539,24.400589999999998],[121.32536519482363,24.40065614740669],[121.32537827616281,24.405761830685215]]]},"properties":{"grid_id":"G010_001","綠地類型":"河川沿岸自然地表","中心經度":121.330302,"中心緯度":24.403198,"分析面積_km2":0.868,"2020面積_ha":24.57,"2024面積_ha":24.57,"面積減少率_pct":0.0,"2020斑塊數":1,"2024斑塊數":1,"斑塊數增加率_pct":0.0,"2020平均斑塊面積_ha":3042.63,"2024平均斑塊面積_ha":3203.82,"平均斑塊面積下降率_pct":0.0,"道路切割密度_km_per_km2":0.38,"建成區邊界切割密度_km_per_km2":0.0,"孤立小斑塊比例_pct":0.0,"距大型連續綠地平均距離_m":0.0,"score_面積減少":36.206896551724135,"score_斑塊增加":44.260435571687836,"score_平均斑塊縮小":28.153357531760438,"score_道路建成區切割":36.184210526315795,"score_孤立比例":40.58529945553539,"score_距大型綠地":38.40744101633394,"綜合破碎化分數":37.3,"破碎化等級":"低","判定原因":"面積減少0.0%；斑塊增加0.0%；平均斑塊縮小0.0%；道路密度0.38 km/km²；孤立比例0.0%；距大型綠地0m","2021面積_ha":24.57,"2022面積_ha":24.57,"2023面積_ha":24.57}},{"type":"Feature","geometry":{"type":"Polygon","coordinates":[[[121.34507336689136,24.396689234784056],[121.34509789941337,24.405718173234053],[121.35495769319242,24.405695381530656],[121.35493245978694,24.396666452589024],[121.34507336689136,24.396689234784056]]]},"properties":{"grid_id":"G010_003","綠地類型":"河川沿岸自然地表","中心經度":121.350015,"中心緯度":24.401192,"分析面積_km2":1.04,"2020面積_ha":26.46,"2024面積_ha":26.46,"面積減少率_pct":0.0,"2020斑塊數":1,"2024斑塊數":1,"斑塊數增加率_pct":0.0,"2020平均斑塊面積_ha":3042.63,"2024平均斑塊面積_ha":3203.82,"平均斑塊面積下降率_pct":0.0,"道路切割密度_km_per_km2":0.519,"建成區邊界切割密度_km_per_km2":0.0,"孤立小斑塊比例_pct":0.0,"距大型連續綠地平均距離_m":0.0,"score_面積減少":36.206896551724135,"score_斑塊增加":44.260435571687836,"score_平均斑塊縮小":28.153357531760438,"score_道路建成區切割":36.77404718693285,"score_孤立比例":40.58529945553539,"score_距大型綠地":38.40744101633394,"綜合破碎化分數":37.4,"破碎化等級":"低","判定原因":"面積減少0.0%；斑塊增加0.0%；平均斑塊縮小0.0%；道路密度0.52 km/km²；孤立比例0.0%；距大型綠地0m","2021面積_ha":26.46,"2022面積_ha":26.46,"2023面積_ha":26.46}},{"type":"Feature","geometry":{"type":"Polygon","coordinates":[[[121.37465060818151,24.396618963062487],[121.37467724334218,24.405647872183938],[121.38453699902655,24.40562315454716],[121.38450966299439,24.396594255737536],[121.37465060818151,24.396618963062487]]]},"properties":{"grid_id":"G010_006","綠地類型":"河川沿岸自然地表","中心經度":121.379594,"中心緯度":24.401121,"分析面積_km2":1.04,"2020面積_ha":32.4,"2024面積_ha":32.4,"面積減少率_pct":0.0,"2020斑塊數":1,"2024斑塊數":1,"斑塊數增加率_pct":0.0,"2020平均斑塊面積_ha":3042.63,"2024平均斑塊面積_ha":3203.82,"平均斑塊面積下降率_pct":0.0,"道路切割密度_km_per_km2":0.0,"建成區邊界切割密度_km_per_km2":0.0,"孤立小斑塊比例_pct":0.0,"距大型連續綠地平均距離_m":0.0,"score_面積減少":36.206896551724135,"score_斑塊增加":44.260435571687836,"score_平均斑塊縮小":28.153357531760438,"score_道路建成區切割":25.941470054446462,"score_孤立比例":40.58529945553539,"score_距大型綠地":38.40744101633394,"綜合破碎化分數":35.6,"破碎化等級":"低","判定原因":"面積減少0.0%；斑塊增加0.0%；平均斑塊縮小0.0%；道路密度0.00 km/km²；孤立比例0.0%；距大型綠地0m","2021面積_ha":32.4,"2022面積_ha":32.4,"2023面積_ha":32.4}},{"type":"Feature","geometry":{"type":"Polygon","coordinates":[[[121.38450966299439,24.396594255737536],[121.38453699902655,24.40562315454716],[121.39439674132639,24.405597794939286],[121.39436870442688,24.396568906709298],[121.38450966299439,24.396594255737536]]]},"properties":{"grid_id":"G010_007","綠地類型":"河川沿岸自然地表","中心經度":121.389453,"中心緯度":24.401096,"分析面積_km2":1.04,"2020面積_ha":29.43,"2024面積_ha":29.43,"面積減少率_pct":0.0,"2020斑塊數":1,"2024斑塊數":1,"斑塊數增加率_pct":0.0,"2020平均斑塊面積_ha":3042.63,"2024平均斑塊面積_ha":3203.82,"平均斑塊面積下降率_pct":0.0,"道路切割密度_km_per_km2":1.211,"建成區邊界切割密度_km_per_km2":0.0,"孤立小斑塊比例_pct":0.0,"距大型連續綠地平均距離_m":0.0,"score_面積減少":36.206896551724135,"score_斑塊增加":44.260435571687836,"score_平均斑塊縮小":28.153357531760438,"score_道路建成區切割":40.369782214156075,"score_孤立比例":40.58529945553539,"score_距大型綠地":38.40744101633394,"綜合破碎化分數":38.0,"破碎化等級":"低","判定原因":"面積減少0.0%；斑塊增加0.0%；平均斑塊縮小0.0%；道路密度1.21 km/km²；孤立比例0.0%；距大型綠地0m","2021面積_ha":29.43,"2022面積_ha":29.43,"2023面積_ha":29.43}},{"type":"Feature","geometry":{"type":"Polygon","coordinates":[[[121.39436870442688,24.396568906709298],[121.39439674132639,24.405597794939286],[121.40425646989853,24.405571793363812],[121.40422773213598,24.39654291598127],[121.39436870442688,24.396568906709298]]]},"properties":{"grid_id":"G010_008","綠地類型":"河川沿岸自然地表","中心經度":121.399312,"中心緯度":24.40107,"分析面積_km2":1.04,"2020面積_ha":17.46,"2024面積_ha":17.46,"面積減少率_pct":0.0,"2020斑塊數":1,"2024斑塊數":1,"斑塊數增加率_pct":0.0,"2020平均斑塊面積_ha":3042.63,"2024平均斑塊面積_ha":3203.82,"平均斑塊面積下降率_pct":0.0,"道路切割密度_km_per_km2":1.326,"建成區邊界切割密度_km_per_km2":0.0,"孤立小斑塊比例_pct":0.0,"距大型連續綠地平均距離_m":0.0,"score_面積減少":36.206896551724135,"score_斑塊增加":44.260435571687836,"score_平均斑塊縮小":28.153357531760438,"score_道路建成區切割":41.03901996370236,"score_孤立比例":40.58529945553539,"score_距大型綠地":38.40744101633394,"綜合破碎化分數":38.1,"破碎化等級":"低","判定原因":"面積減少0.0%；斑塊增加0.0%；平均斑塊縮小0.0%；道路密度1.33 km/km²；孤立比例0.0%；距大型綠地0m","2021面積_ha":17.46,"2022面積_ha":17.46,"2023面積_ha":17.46}},{"type":"Feature","geometry":{"type":"Polygon","coordinates":[[[121.40422773213598,24.39654291598127],[121.40425646989853,24.405571793363812],[121.4141161843998,24.405545149824317],[121.41408674577865,24.396516283557048],[121.40422773213598,24.39654291598127]]]},"properties":{"grid_id":"G010_009","綠地類型":"河川沿岸自然地表","中心經度":121.409172,"中心緯度":24.401044,"分析面積_km2":1.04,"2020面積_ha":43.2,"2024面積_ha":43.65,"面積減少率_pct":0.0,"2020斑塊數":1,"2024斑塊數":1,"斑塊數增加率_pct":0.0,"2020平均斑塊面積_ha":3042.63,"2024平均斑塊面積_ha":3203.82,"平均斑塊面積下降率_pct":0.0,"道路切割密度_km_per_km2":0.0,"建成區邊界切割密度_km_per_km2":0.0,"孤立小斑塊比例_pct":0.0,"距大型連續綠地平均距離_m":0.0,"score_面積減少":36.206896551724135,"score_斑塊增加":44.260435571687836,"score_平均斑塊縮小":28.153357531760438,"score_道路建成區切割":25.941470054446462,"score_孤立比例":40.58529945553539,"score_距大型綠地":38.40744101633394,"綜合破碎化分數":35.6,"破碎化等級":"低","判定原因":"面積減少0.0%；斑塊增加0.0%；平均斑塊縮小0.0%；道路密度0.00 km/km²；孤立比例0.0%；距大型綠地0m","2021面積_ha":43.65,"2022面積_ha":42.93,"2023面積_ha":43.65}},{"type":"Feature","geometry":{"type":"Polygon","coordinates":[[[121.41408674577865,24.396516283557048],[121.4141161843998,24.405545149824317],[121.42397588448709,24.405517864324477],[121.4239457450118,24.396489009440284],[121.41408674577865,24.396516283557048]]]},"properties":{"grid_id":"G010_010","綠地類型":"河川沿岸自然地表","中心經度":121.419031,"中心緯度":24.401017,"分析面積_km2":1.04,"2020面積_ha":29.25,"2024面積_ha":29.52,"面積減少率_pct":0.0,"2020斑塊數":1,"2024斑塊數":1,"斑塊數增加率_pct":0.0,"2020平均斑塊面積_ha":3042.63,"2024平均斑塊面積_ha":3203.82,"平均斑塊面積下降率_pct":0.0,"道路切割密度_km_per_km2":0.0,"建成區邊界切割密度_km_per_km2":0.0,"孤立小斑塊比例_pct":0.0,"距大型連續綠地平均距離_m":0.0,"score_面積減少":36.206896551724135,"score_斑塊增加":44.260435571687836,"score_平均斑塊縮小":28.153357531760438,"score_道路建成區切割":25.941470054446462,"score_孤立比例":40.58529945553539,"score_距大型綠地":38.40744101633394,"綜合破碎化分數":35.6,"破碎化等級":"低","判定原因":"面積減少0.0%；斑塊增加0.0%；平均斑塊縮小0.0%；道路密度0.00 km/km²；孤立比例0.0%；距大型綠地0m","2021面積_ha":29.52,"2022面積_ha":29.43,"2023面積_ha":29.52}},{"type":"Feature","geometry":{"type":"Polygon","coordinates":[[[121.4239457450118,24.396489009440284],[121.42397588448709,24.405517864324477],[121.43383556981723,24.40548993686805],[121.43380472949246,24.39646109363475],[121.4239457450118,24.396489009440284]]]},"properties":{"grid_id":"G010_011","綠地類型":"河川沿岸自然地表","中心經度":121.42889,"中心緯度":24.40099,"分析面積_km2":1.04,"2020面積_ha":15.48,"2024面積_ha":15.57,"面積減少率_pct":0.0,"2020斑塊數":1,"2024斑塊數":1,"斑塊數增加率_pct":0.0,"2020平均斑塊面積_ha":3042.63,"2024平均斑塊面積_ha":3203.82,"平均斑塊面積下降率_pct":0.0,"道路切割密度_km_per_km2":0.0,"建成區邊界切割密度_km_per_km2":0.0,"孤立小斑塊比例_pct":0.0,"距大型連續綠地平均距離_m":0.0,"score_面積減少":36.206896551724135,"score_斑塊增加":44.260435571687836,"score_平均斑塊縮小":28.153357531760438,"score_道路建成區切割":25.941470054446462,"score_孤立比例":40.58529945553539,"score_距大型綠地":38.40744101633394,"綜合破碎化分數":35.6,"破碎化等級":"低","判定原因":"面積減少0.0%；斑塊增加0.0%；平均斑塊縮小0.0%；道路密度0.00 km/km²；孤立比例0.0%；距大型綠地0m","2021面積_ha":15.57,"2022面積_ha":15.57,"2023面積_ha":15.57}},{"type":"Feature","geometry":{"type":"Polygon","coordinates":[[[121.43380472949246,24.39646109363475],[121.43383556981723,24.40548993686805],[121.44369524004708,24.405461367458887],[121.44366369887751,24.396432536144278],[121.43380472949246,24.39646109363475]]]},"properties":{"grid_id":"G010_012","綠地類型":"河川沿岸自然地表","中心經度":121.43875,"中心緯度":24.400961,"分析面積_km2":1.04,"2020面積_ha":14.31,"2024面積_ha":14.31,"面積減少率_pct":0.0,"2020斑塊數":1,"2024斑塊數":1,"斑塊數增加率_pct":0.0,"2020平均斑塊面積_ha":925.11,"2024平均斑塊面積_ha":1185.21,"平均斑塊面積下降率_pct":0.0,"道路切割密度_km_per_km2":1.298,"建成區邊界切割密度_km_per_km2":0.0,"孤立小斑塊比例_pct":0.0,"距大型連續綠地平均距離_m":0.0,"score_面積減少":36.206896551724135,"score_斑塊增加":44.260435571687836,"score_平均斑塊縮小":28.153357531760438,"score_道路建成區切割":40.85753176043558,"score_孤立比例":40.58529945553539,"score_距大型綠地":38.40744101633394,"綜合破碎化分數":38.1,"破碎化等級":"低","判定原因":"面積減少0.0%；斑塊增加0.0%；平均斑塊縮小0.0%；道路密度1.30 km/km²；孤立比例0.0%；距大型綠地0m","2021面積_ha":14.31,"2022面積_ha":14.31,"2023面積_ha":14.31}},{"type":"Feature","geometry":{"type":"Polygon","coordinates":[[[121.48309941860147,24.396311889413155],[121.48313376310071,24.40534067037497],[121.49299335268202,24.40530889126296],[121.49295830736325,24.39628012355885],[121.48309941860147,24.396311889413155]]]},"properties":{"grid_id":"G010_017","綠地類型":"河川沿岸自然地表","中心經度":121.488046,"中心緯度":24.40081,"分析面積_km2":1.04,"2020面積_ha":39.15,"2024面積_ha":40.23,"面積減少率_pct":0.0,"2020斑塊數":2,"2024斑塊數":1,"斑塊數增加率_pct":0.0,"2020平均斑塊面積_ha":515.565,"2024平均斑塊面積_ha":821.88,"平均斑塊面積下降率_pct":0.0,"道路切割密度_km_per_km2":0.0,"建成區邊界切割密度_km_per_km2":0.0,"孤立小斑塊比例_pct":0.0,"距大型連續綠地平均距離_m":0.0,"score_面積減少":36.206896551724135,"score_斑塊增加":44.260435571687836,"score_平均斑塊縮小":28.153357531760438,"score_道路建成區切割":25.941470054446462,"score_孤立比例":40.58529945553539,"score_距大型綠地":38.40744101633394,"綜合破碎化分數":35.6,"破碎化等級":"低","判定原因":"面積減少0.0%；斑塊增加0.0%；平均斑塊縮小0.0%；道路密度0.00 km/km²；孤立比例0.0%；距大型綠地0m","2021面積_ha":39.96,"2022面積_ha":39.96,"2023面積_ha":40.41}},{"type":"Feature","geometry":{"type":"Polygon","coordinates":[[[121.49295830736325,24.39628012355885],[121.49299335268202,24.40530889126296],[121.50285292510424,24.40527647022317],[121.50281717897128,24.39624771604456],[121.49295830736325,24.39628012355885]]]},"properties":{"grid_id":"G010_018","綠地類型":"河川沿岸自然地表","中心經度":121.497905,"中心緯度":24.400778,"分析面積_km2":1.04,"2020面積_ha":42.21,"2024面積_ha":42.75,"面積減少率_pct":0.0,"2020斑塊數":2,"2024斑塊數":1,"斑塊數增加率_pct":0.0,"2020平均斑塊面積_ha":515.565,"2024平均斑塊面積_ha":821.88,"平均斑塊面積下降率_pct":0.0,"道路切割密度_km_per_km2":0.0,"建成區邊界切割密度_km_per_km2":0.0,"孤立小斑塊比例_pct":0.0,"距大型連續綠地平均距離_m":0.0,"score_面積減少":36.206896551724135,"score_斑塊增加":44.260435571687836,"score_平均斑塊縮小":28.153357531760438,"score_道路建成區切割":25.941470054446462,"score_孤立比例":40.58529945553539,"score_距大型綠地":38.40744101633394,"綜合破碎化分數":35.6,"破碎化等級":"低","判定原因":"面積減少0.0%；斑塊增加0.0%；平均斑塊縮小0.0%；道路密度0.00 km/km²；孤立比例0.0%；距大型綠地0m","2021面積_ha":43.65,"2022面積_ha":41.4,"2023面積_ha":42.93}},{"type":"Feature","geometry":{"type":"Polygon","coordinates":[[[121.50281717897128,24.39624771604456],[121.50285292510424,24.40527647022317],[121.51271248002423,24.40524340726007],[121.5126760330826,24.396214666874744],[121.50281717897128,24.39624771604456]]]},"properties":{"grid_id":"G010_019","綠地類型":"河川沿岸自然地表","中心經度":121.507765,"中心緯度":24.400746,"分析面積_km2":1.04,"2020面積_ha":7.74,"2024面積_ha":7.83,"面積減少率_pct":0.0,"2020斑塊數":2,"2024斑塊數":2,"斑塊數增加率_pct":0.0,"2020平均斑塊面積_ha":1512.9,"2024平均斑塊面積_ha":1529.55,"平均斑塊面積下降率_pct":0.0,"道路切割密度_km_per_km2":0.0,"建成區邊界切割密度_km_per_km2":0.0,"孤立小斑塊比例_pct":0.0,"距大型連續綠地平均距離_m":0.0,"score_面積減少":36.206896551724135,"score_斑塊增加":44.260435571687836,"score_平均斑塊縮小":28.153357531760438,"score_道路建成區切割":25.941470054446462,"score_孤立比例":40.58529945553539,"score_距大型綠地":38.40744101633394,"綜合破碎化分數":35.6,"破碎化等級":"低","判定原因":"面積減少0.0%；斑塊增加0.0%；平均斑塊縮小0.0%；道路密度0.00 km/km²；孤立比例0.0%；距大型綠地0m","2021面積_ha":7.83,"2022面積_ha":7.83,"2023面積_ha":7.92}},{"type":"Feature","geometry":{"type":"Polygon","coordinates":[[[121.5126760330826,24.396214666874744],[121.51271248002423,24.40524340726007],[121.52257201709888,24.40520970237821],[121.52253486935416,24.39618097605396],[121.5126760330826,24.396214666874744]]]},"properties":{"grid_id":"G010_020","綠地類型":"河川沿岸自然地表","中心經度":121.517624,"中心緯度":24.400712,"分析面積_km2":1.04,"2020面積_ha":39.78,"2024面積_ha":41.4,"面積減少率_pct":0.0,"2020斑塊數":2,"2024斑塊數":1,"斑塊數增加率_pct":0.0,"2020平均斑塊面積_ha":353.34,"2024平均斑塊面積_ha":739.08,"平均斑塊面積下降率_pct":0.0,"道路切割密度_km_per_km2":0.0,"建成區邊界切割密度_km_per_km2":0.0,"孤立小斑塊比例_pct":0.0,"距大型連續綠地平均距離_m":0.0,"score_面積減少":36.206896551724135,"score_斑塊增加":44.260435571687836,"score_平均斑塊縮小":28.153357531760438,"score_道路建成區切割":25.941470054446462,"score_孤立比例":40.58529945553539,"score_距大型綠地":38.40744101633394,"綜合破碎化分數":35.6,"破碎化等級":"低","判定原因":"面積減少0.0%；斑塊增加0.0%；平均斑塊縮小0.0%；道路密度0.00 km/km²；孤立比例0.0%；距大型綠地0m","2021面積_ha":41.22,"2022面積_ha":41.04,"2023面積_ha":41.58}},{"type":"Feature","geometry":{"type":"Polygon","coordinates":[[[121.52253486935416,24.39618097605396],[121.52257201709888,24.40520970237821],[121.53243153598511,24.405175355582244],[121.53239368744298,24.39614664358685],[121.52253486935416,24.39618097605396]]]},"properties":{"grid_id":"G010_021","綠地類型":"河川沿岸自然地表","中心經度":121.527483,"中心緯度":24.400678,"分析面積_km2":1.04,"2020面積_ha":32.76,"2024面積_ha":33.57,"面積減少率_pct":0.0,"2020斑塊數":1,"2024斑塊數":1,"斑塊數增加率_pct":0.0,"2020平均斑塊面積_ha":706.32,"2024平均斑塊面積_ha":739.08,"平均斑塊面積下降率_pct":0.0,"道路切割密度_km_per_km2":0.634,"建成區邊界切割密度_km_per_km2":0.0,"孤立小斑塊比例_pct":0.0,"距大型連續綠地平均距離_m":0.0,"score_面積減少":36.206896551724135,"score_斑塊增加":44.260435571687836,"score_平均斑塊縮小":28.153357531760438,"score_道路建成區切割":37.511343012704174,"score_孤立比例":40.58529945553539,"score_距大型綠地":38.40744101633394,"綜合破碎化分數":37.5,"破碎化等級":"低","判定原因":"面積減少0.0%；斑塊增加0.0%；平均斑塊縮小0.0%；道路密度0.63 km/km²；孤立比例0.0%；距大型綠地0m","2021面積_ha":33.84,"2022面積_ha":33.66,"2023面積_ha":33.84}},{"type":"Feature","geometry":{"type":"Polygon","coordinates":[[[121.61126353641457,24.395848885168704],[121.61130699111818,24.40487747289313],[121.62116633086883,24.4048373490938],[121.62112217542388,24.395808778108215],[121.61126353641457,24.395848885168704]]]},"properties":{"grid_id":"G010_030","綠地類型":"河川沿岸自然地表","中心經度":121.616215,"中心緯度":24.400343,"分析面積_km2":1.04,"2020面積_ha":28.89,"2024面積_ha":28.89,"面積減少率_pct":0.0,"2020斑塊數":1,"2024斑塊數":1,"斑塊數增加率_pct":0.0,"2020平均斑塊面積_ha":143.01,"2024平均斑塊面積_ha":3064.86,"平均斑塊面積下降率_pct":0.0,"道路切割密度_km_per_km2":0.202,"建成區邊界切割密度_km_per_km2":0.0,"孤立小斑塊比例_pct":0.0,"距大型連續綠地平均距離_m":0.0,"score_面積減少":36.206896551724135,"score_斑塊增加":44.260435571687836,"score_平均斑塊縮小":28.153357531760438,"score_道路建成區切割":34.9931941923775,"score_孤立比例":40.58529945553539,"score_距大型綠地":38.40744101633394,"綜合破碎化分數":37.1,"破碎化等級":"低","判定原因":"面積減少0.0%；斑塊增加0.0%；平均斑塊縮小0.0%；道路密度0.20 km/km²；孤立比例0.0%；距大型綠地0m","2021面積_ha":29.88,"2022面積_ha":29.16,"2023面積_ha":29.07}},{"type":"Feature","geometry":{"type":"Polygon","coordinates":[[[121.63098079282061,24.39576802945269],[121.63102564900012,24.404796583431676],[121.64088494516898,24.40475517591238],[121.64083938826174,24.39572663920775],[121.63098079282061,24.39576802945269]]]},"properties":{"grid_id":"G010_032","綠地類型":"河川沿岸自然地表","中心經度":121.635933,"中心緯度":24.400262,"分析面積_km2":1.04,"2020面積_ha":41.13,"2024面積_ha":41.13,"面積減少率_pct":0.0,"2020斑塊數":1,"2024斑塊數":1,"斑塊數增加率_pct":0.0,"2020平均斑塊面積_ha":2712.51,"2024平均斑塊面積_ha":2751.66,"平均斑塊面積下降率_pct":0.0,"道路切割密度_km_per_km2":0.0,"建成區邊界切割密度_km_per_km2":0.0,"孤立小斑塊比例_pct":0.0,"距大型連續綠地平均距離_m":0.0,"score_面積減少":36.206896551724135,"score_斑塊增加":44.260435571687836,"score_平均斑塊縮小":28.153357531760438,"score_道路建成區切割":25.941470054446462,"score_孤立比例":40.58529945553539,"score_距大型綠地":38.40744101633394,"綜合破碎化分數":35.6,"破碎化等級":"低","判定原因":"面積減少0.0%；斑塊增加0.0%；平均斑塊縮小0.0%；道路密度0.00 km/km²；孤立比例0.0%；距大型綠地0m","2021面積_ha":41.13,"2022面積_ha":41.13,"2023面積_ha":41.13}},{"type":"Feature","geometry":{"type":"Polygon","coordinates":[[[121.64083938826174,24.39572663920775],[121.64088494516898,24.40475517591238],[121.65074421903229,24.40471312654162],[121.65069796140433,24.395684607379103],[121.64083938826174,24.39572663920775]]]},"properties":{"grid_id":"G010_033","綠地類型":"河川沿岸自然地表","中心經度":121.645792,"中心緯度":24.40022,"分析面積_km2":1.04,"2020面積_ha":31.32,"2024面積_ha":31.32,"面積減少率_pct":0.0,"2020斑塊數":1,"2024斑塊數":1,"斑塊數增加率_pct":0.0,"2020平均斑塊面積_ha":2712.51,"2024平均斑塊面積_ha":2751.66,"平均斑塊面積下降率_pct":0.0,"道路切割密度_km_per_km2":0.0,"建成區邊界切割密度_km_per_km2":0.0,"孤立小斑塊比例_pct":0.0,"距大型連續綠地平均距離_m":0.0,"score_面積減少":36.206896551724135,"score_斑塊增加":44.260435571687836,"score_平均斑塊縮小":28.153357531760438,"score_道路建成區切割":25.941470054446462,"score_孤立比例":40.58529945553539,"score_距大型綠地":38.40744101633394,"綜合破碎化分數":35.6,"破碎化等級":"低","判定原因":"面積減少0.0%；斑塊增加0.0%；平均斑塊縮小0.0%；道路密度0.00 km/km²；孤立比例0.0%；距大型綠地0m","2021面積_ha":31.32,"2022面積_ha":31.32,"2023面積_ha":31.32}},{"type":"Feature","geometry":{"type":"Polygon","coordinates":[[[121.65069796140433,24.395684607379103],[121.65074421903229,24.40471312654162],[121.66060347024705,24.404670435325187],[121.66055651190547,24.395641933972538],[121.65069796140433,24.395684607379103]]]},"properties":{"grid_id":"G010_034","綠地類型":"河川沿岸自然地表","中心經度":121.655651,"中心緯度":24.400178,"分析面積_km2":1.04,"2020面積_ha":26.1,"2024面積_ha":26.1,"面積減少率_pct":0.0,"2020斑塊數":1,"2024斑塊數":1,"斑塊數增加率_pct":0.0,"2020平均斑塊面積_ha":2712.51,"2024平均斑塊面積_ha":2751.66,"平均斑塊面積下降率_pct":0.0,"道路切割密度_km_per_km2":0.0,"建成區邊界切割密度_km_per_km2":0.0,"孤立小斑塊比例_pct":0.0,"距大型連續綠地平均距離_m":0.0,"score_面積減少":36.206896551724135,"score_斑塊增加":44.260435571687836,"score_平均斑塊縮小":28.153357531760438,"score_道路建成區切割":25.941470054446462,"score_孤立比例":40.58529945553539,"score_距大型綠地":38.40744101633394,"綜合破碎化分數":35.6,"破碎化等級":"低","判定原因":"面積減少0.0%；斑塊增加0.0%；平均斑塊縮小0.0%；道路密度0.00 km/km²；孤立比例0.0%；距大型綠地0m","2021面積_ha":26.1,"2022面積_ha":26.1,"2023面積_ha":26.1}},{"type":"Feature","geometry":{"type":"Polygon","coordinates":[[[121.66055651190547,24.395641933972538],[121.66060347024705,24.404670435325187],[121.6704626984702,24.404627102268964],[121.67041503942217,24.395598618993937],[121.66055651190547,24.395641933972538]]]},"properties":{"grid_id":"G010_035","綠地類型":"河川沿岸自然地表","中心經度":121.665509,"中心緯度":24.400135,"分析面積_km2":1.04,"2020面積_ha":65.43,"2024面積_ha":65.43,"面積減少率_pct":0.0,"2020斑塊數":1,"2024斑塊數":1,"斑塊數增加率_pct":0.0,"2020平均斑塊面積_ha":2712.51,"2024平均斑塊面積_ha":2751.66,"平均斑塊面積下降率_pct":0.0,"道路切割密度_km_per_km2":0.0,"建成區邊界切割密度_km_per_km2":0.0,"孤立小斑塊比例_pct":0.0,"距大型連續綠地平均距離_m":0.0,"score_面積減少":36.206896551724135,"score_斑塊增加":44.260435571687836,"score_平均斑塊縮小":28.153357531760438,"score_道路建成區切割":25.941470054446462,"score_孤立比例":40.58529945553539,"score_距大型綠地":38.40744101633394,"綜合破碎化分數":35.6,"破碎化等級":"低","判定原因":"面積減少0.0%；斑塊增加0.0%；平均斑塊縮小0.0%；道路密度0.00 km/km²；孤立比例0.0%；距大型綠地0m","2021面積_ha":65.43,"2022面積_ha":65.43,"2023面積_ha":65.43}},{"type":"Feature","geometry":{"type":"Polygon","coordinates":[[[121.74928239096396,24.395229003306586],[121.74933565539163,24.404257332322057],[121.75919466125345,24.4042082229871],[121.75914069618888,24.395179914458858],[121.74928239096396,24.395229003306586]]]},"properties":{"grid_id":"G010_044","綠地類型":"河川沿岸自然地表","中心經度":121.754238,"中心緯度":24.399719,"分析面積_km2":1.04,"2020面積_ha":9.63,"2024面積_ha":9.63,"面積減少率_pct":0.0,"2020斑塊數":2,"2024斑塊數":1,"斑塊數增加率_pct":0.0,"2020平均斑塊面積_ha":2106.0,"2024平均斑塊面積_ha":3542.58,"平均斑塊面積下降率_pct":0.0,"道路切割密度_km_per_km2":2.22,"建成區邊界切割密度_km_per_km2":0.0,"孤立小斑塊比例_pct":0.0,"距大型連續綠地平均距離_m":0.0,"score_面積減少":36.206896551724135,"score_斑塊增加":44.260435571687836,"score_平均斑塊縮小":28.153357531760438,"score_道路建成區切割":47.62931034482759,"score_孤立比例":40.58529945553539,"score_距大型綠地":38.40744101633394,"綜合破碎化分數":39.2,"破碎化等級":"低","判定原因":"面積減少0.0%；斑塊增加0.0%；平均斑塊縮小0.0%；道路密度2.22 km/km²；孤立比例0.0%；距大型綠地0m","2021面積_ha":9.63,"2022面積_ha":9.63,"2023面積_ha":9.63}},{"type":"Feature","geometry":{"type":"Polygon","coordinates":[[[121.33523809362246,24.405740322953257],[121.33526193692602,24.414769259857685],[121.3451224439473,24.414747100896665],[121.34509789941337,24.405718173234053],[121.33523809362246,24.405740322953257]]]},"properties":{"grid_id":"G011_002","綠地類型":"河川沿岸自然地表","中心經度":121.34018,"中心緯度":24.410244,"分析面積_km2":1.04,"2020面積_ha":14.4,"2024面積_ha":14.4,"面積減少率_pct":0.0,"2020斑塊數":1,"2024斑塊數":1,"斑塊數增加率_pct":0.0,"2020平均斑塊面積_ha":3042.63,"2024平均斑塊面積_ha":3203.82,"平均斑塊面積下降率_pct":0.0,"道路切割密度_km_per_km2":0.087,"建成區邊界切割密度_km_per_km2":0.0,"孤立小斑塊比例_pct":0.0,"距大型連續綠地平均距離_m":0.0,"score_面積減少":36.206896551724135,"score_斑塊增加":44.260435571687836,"score_平均斑塊縮小":28.153357531760438,"score_道路建成區切割":34.30127041742287,"score_孤立比例":40.58529945553539,"score_距大型綠地":38.40744101633394,"綜合破碎化分數":37.0,"破碎化等級":"低","判定原因":"面積減少0.0%；斑塊增加0.0%；平均斑塊縮小0.0%；道路密度0.09 km/km²；孤立比例0.0%；距大型綠地0m","2021面積_ha":14.4,"2022面積_ha":14.4,"2023面積_ha":14.4}},{"type":"Feature","geometry":{"type":"Polygon","coordinates":[[[121.34509789941337,24.405718173234053],[121.3451224439473,24.414747100896665],[121.35498293895296,24.414724299683595],[121.35495769319242,24.405695381530656],[121.34509789941337,24.405718173234053]]]},"properties":{"grid_id":"G011_003","綠地類型":"河川沿岸自然地表","中心經度":121.35004,"中心緯度":24.410221,"分析面積_km2":1.04,"2020面積_ha":13.23,"2024面積_ha":13.23,"面積減少率_pct":0.0,"2020斑塊數":1,"2024斑塊數":1,"斑塊數增加率_pct":0.0,"2020平均斑塊面積_ha":3042.63,"2024平均斑塊面積_ha":3203.82,"平均斑塊面積下降率_pct":0.0,"道路切割密度_km_per_km2":0.0,"建成區邊界切割密度_km_per_km2":0.0,"孤立小斑塊比例_pct":0.0,"距大型連續綠地平均距離_m":0.0,"score_面積減少":36.206896551724135,"score_斑塊增加":44.260435571687836,"score_平均斑塊縮小":28.153357531760438,"score_道路建成區切割":25.941470054446462,"score_孤立比例":40.58529945553539,"score_距大型綠地":38.40744101633394,"綜合破碎化分數":35.6,"破碎化等級":"低","判定原因":"面積減少0.0%；斑塊增加0.0%；平均斑塊縮小0.0%；道路密度0.00 km/km²；孤立比例0.0%；距大型綠地0m","2021面積_ha":13.23,"2022面積_ha":13.23,"2023面積_ha":13.23}},{"type":"Feature","geometry":{"type":"Polygon","coordinates":[[[121.36481747461642,24.40567194784621],[121.36484342159967,24.414700856221614],[121.37470389154421,24.414676770513953],[121.37467724334218,24.405647872183938],[121.36481747461642,24.40567194784621]]]},"properties":{"grid_id":"G011_005","綠地類型":"河川沿岸自然地表","中心經度":121.369761,"中心緯度":24.410174,"分析面積_km2":1.04,"2020面積_ha":43.2,"2024面積_ha":43.2,"面積減少率_pct":0.0,"2020斑塊數":1,"2024斑塊數":1,"斑塊數增加率_pct":0.0,"2020平均斑塊面積_ha":3042.63,"2024平均斑塊面積_ha":3203.82,"平均斑塊面積下降率_pct":0.0,"道路切割密度_km_per_km2":1.153,"建成區邊界切割密度_km_per_km2":0.0,"孤立小斑塊比例_pct":0.0,"距大型連續綠地平均距離_m":0.0,"score_面積減少":36.206896551724135,"score_斑塊增加":44.260435571687836,"score_平均斑塊縮小":28.153357531760438,"score_道路建成區切割":40.040834845735034,"score_孤立比例":40.58529945553539,"score_距大型綠地":38.40744101633394,"綜合破碎化分數":37.9,"破碎化等級":"低","判定原因":"面積減少0.0%；斑塊增加0.0%；平均斑塊縮小0.0%；道路密度1.15 km/km²；孤立比例0.0%；距大型綠地0m","2021面積_ha":43.2,"2022面積_ha":43.2,"2023面積_ha":43.2}},{"type":"Feature","geometry":{"type":"Polygon","coordinates":[[[121.38453699902655,24.40562315454716],[121.38456434844326,24.41465204256393],[121.39442479195358,24.414626672374947],[121.39439674132639,24.405597794939286],[121.38453699902655,24.40562315454716]]]},"properties":{"grid_id":"G011_007","綠地類型":"河川沿岸自然地表","中心經度":121.389481,"中心緯度":24.410125,"分析面積_km2":1.04,"2020面積_ha":36.81,"2024面積_ha":37.35,"面積減少率_pct":0.0,"2020斑塊數":1,"2024斑塊數":1,"斑塊數增加率_pct":0.0,"2020平均斑塊面積_ha":3042.63,"2024平均斑塊面積_ha":3203.82,"平均斑塊面積下降率_pct":0.0,"道路切割密度_km_per_km2":1.817,"建成區邊界切割密度_km_per_km2":0.0,"孤立小斑塊比例_pct":0.0,"距大型連續綠地平均距離_m":0.0,"score_面積減少":36.206896551724135,"score_斑塊增加":44.260435571687836,"score_平均斑塊縮小":28.153357531760438,"score_道路建成區切割":45.30399274047187,"score_孤立比例":40.58529945553539,"score_距大型綠地":38.40744101633394,"綜合破碎化分數":38.8,"破碎化等級":"低","判定原因":"面積減少0.0%；斑塊增加0.0%；平均斑塊縮小0.0%；道路密度1.82 km/km²；孤立比例0.0%；距大型綠地0m","2021面積_ha":38.43,"2022面積_ha":36.63,"2023面積_ha":37.98}},{"type":"Feature","geometry":{"type":"Polygon","coordinates":[[[121.39439674132639,24.405597794939286],[121.39442479195358,24.414626672374947],[121.40428522173191,24.41460065995052],[121.40425646989853,24.405571793363812],[121.39439674132639,24.405597794939286]]]},"properties":{"grid_id":"G011_008","綠地類型":"河川沿岸自然地表","中心經度":121.399341,"中心緯度":24.410099,"分析面積_km2":1.04,"2020面積_ha":29.43,"2024面積_ha":29.43,"面積減少率_pct":0.0,"2020斑塊數":1,"2024斑塊數":1,"斑塊數增加率_pct":0.0,"2020平均斑塊面積_ha":3042.63,"2024平均斑塊面積_ha":3203.82,"平均斑塊面積下降率_pct":0.0,"道路切割密度_km_per_km2":0.433,"建成區邊界切割密度_km_per_km2":0.0,"孤立小斑塊比例_pct":0.0,"距大型連續綠地平均距離_m":0.0,"score_面積減少":36.206896551724135,"score_斑塊增加":44.260435571687836,"score_平均斑塊縮小":28.153357531760438,"score_道路建成區切割":36.37704174228675,"score_孤立比例":40.58529945553539,"score_距大型綠地":38.40744101633394,"綜合破碎化分數":37.3,"破碎化等級":"低","判定原因":"面積減少0.0%；斑塊增加0.0%；平均斑塊縮小0.0%；道路密度0.43 km/km²；孤立比例0.0%；距大型綠地0m","2021面積_ha":29.43,"2022面積_ha":29.16,"2023面積_ha":29.43}},{"type":"Feature","geometry":{"type":"Polygon","coordinates":[[[121.40425646989853,24.405571793363812],[121.40428522173191,24.41460065995052],[121.41414563743497,24.414574005294224],[121.4141161843998,24.405545149824317],[121.40425646989853,24.405571793363812]]]},"properties":{"grid_id":"G011_009","綠地類型":"河川沿岸自然地表","中心經度":121.409201,"中心緯度":24.410073,"分析面積_km2":1.04,"2020面積_ha":7.65,"2024面積_ha":7.65,"面積減少率_pct":0.0,"2020斑塊數":1,"2024斑塊數":1,"斑塊數增加率_pct":0.0,"2020平均斑塊面積_ha":3042.63,"2024平均斑塊面積_ha":3203.82,"平均斑塊面積下降率_pct":0.0,"道路切割密度_km_per_km2":1.932,"建成區邊界切割密度_km_per_km2":0.0,"孤立小斑塊比例_pct":0.0,"距大型連續綠地平均距離_m":0.0,"score_面積減少":36.206896551724135,"score_斑塊增加":44.260435571687836,"score_平均斑塊縮小":28.153357531760438,"score_道路建成區切割":46.01860254083485,"score_孤立比例":40.58529945553539,"score_距大型綠地":38.40744101633394,"綜合破碎化分數":38.9,"破碎化等級":"低","判定原因":"面積減少0.0%；斑塊增加0.0%；平均斑塊縮小0.0%；道路密度1.93 km/km²；孤立比例0.0%；距大型綠地0m","2021面積_ha":7.65,"2022面積_ha":7.65,"2023面積_ha":7.65}},{"type":"Feature","geometry":{"type":"Polygon","coordinates":[[[121.4141161843998,24.405545149824317],[121.41414563743497,24.414574005294224],[121.42400603871953,24.41454670840973],[121.42397588448709,24.405517864324477],[121.4141161843998,24.405545149824317]]]},"properties":{"grid_id":"G011_010","綠地類型":"河川沿岸自然地表","中心經度":121.419061,"中心緯度":24.410046,"分析面積_km2":1.04,"2020面積_ha":13.41,"2024面積_ha":13.41,"面積減少率_pct":0.0,"2020斑塊數":1,"2024斑塊數":1,"斑塊數增加率_pct":0.0,"2020平均斑塊面積_ha":3042.63,"2024平均斑塊面積_ha":3203.82,"平均斑塊面積下降率_pct":0.0,"道路切割密度_km_per_km2":1.211,"建成區邊界切割密度_km_per_km2":0.0,"孤立小斑塊比例_pct":0.0,"距大型連續綠地平均距離_m":0.0,"score_面積減少":36.206896551724135,"score_斑塊增加":44.260435571687836,"score_平均斑塊縮小":28.153357531760438,"score_道路建成區切割":40.369782214156075,"score_孤立比例":40.58529945553539,"score_距大型綠地":38.40744101633394,"綜合破碎化分數":38.0,"破碎化等級":"低","判定原因":"面積減少0.0%；斑塊增加0.0%；平均斑塊縮小0.0%；道路密度1.21 km/km²；孤立比例0.0%；距大型綠地0m","2021面積_ha":13.41,"2022面積_ha":13.41,"2023面積_ha":13.41}},{"type":"Feature","geometry":{"type":"Polygon","coordinates":[[[121.42397588448709,24.405517864324477],[121.42400603871953,24.41454670840973],[121.43386642524233,24.414518769300816],[121.43383556981723,24.40548993686805],[121.42397588448709,24.405517864324477]]]},"properties":{"grid_id":"G011_011","綠地類型":"河川沿岸自然地表","中心經度":121.428921,"中心緯度":24.410018,"分析面積_km2":1.04,"2020面積_ha":10.71,"2024面積_ha":10.71,"面積減少率_pct":0.0,"2020斑塊數":1,"2024斑塊數":1,"斑塊數增加率_pct":0.0,"2020平均斑塊面積_ha":3042.63,"2024平均斑塊面積_ha":3203.82,"平均斑塊面積下降率_pct":0.0,"道路切割密度_km_per_km2":1.442,"建成區邊界切割密度_km_per_km2":0.0,"孤立小斑塊比例_pct":0.0,"距大型連續綠地平均距離_m":0.0,"score_面積減少":36.206896551724135,"score_斑塊增加":44.260435571687836,"score_平均斑塊縮小":28.153357531760438,"score_道路建成區切割":41.98049001814882,"score_孤立比例":40.58529945553539,"score_距大型綠地":38.40744101633394,"綜合破碎化分數":38.3,"破碎化等級":"低","判定原因":"面積減少0.0%；斑塊增加0.0%；平均斑塊縮小0.0%；道路密度1.44 km/km²；孤立比例0.0%；距大型綠地0m","2021面積_ha":10.71,"2022面積_ha":10.71,"2023面積_ha":10.71}},{"type":"Feature","geometry":{"type":"Polygon","coordinates":[[[121.43383556981723,24.40548993686805],[121.43386642524233,24.414518769300816],[121.44372679666007,24.41449018797131],[121.44369524004708,24.405461367458887],[121.43383556981723,24.40548993686805]]]},"properties":{"grid_id":"G011_012","綠地類型":"河川沿岸自然地表","中心經度":121.438781,"中心緯度":24.40999,"分析面積_km2":1.04,"2020面積_ha":28.17,"2024面積_ha":28.17,"面積減少率_pct":0.0,"2020斑塊數":1,"2024斑塊數":1,"斑塊數增加率_pct":0.0,"2020平均斑塊面積_ha":925.11,"2024平均斑塊面積_ha":1185.21,"平均斑塊面積下降率_pct":0.0,"道路切割密度_km_per_km2":0.75,"建成區邊界切割密度_km_per_km2":0.0,"孤立小斑塊比例_pct":0.0,"距大型連續綠地平均距離_m":0.0,"score_面積減少":36.206896551724135,"score_斑塊增加":44.260435571687836,"score_平均斑塊縮小":28.153357531760438,"score_道路建成區切割":38.169237749546284,"score_孤立比例":40.58529945553539,"score_距大型綠地":38.40744101633394,"綜合破碎化分數":37.6,"破碎化等級":"低","判定原因":"面積減少0.0%；斑塊增加0.0%；平均斑塊縮小0.0%；道路密度0.75 km/km²；孤立比例0.0%；距大型綠地0m","2021面積_ha":28.17,"2022面積_ha":28.17,"2023面積_ha":28.17}},{"type":"Feature","geometry":{"type":"Polygon","coordinates":[[[121.44369524004708,24.405461367458887],[121.44372679666007,24.41449018797131],[121.45358715262957,24.41446096442517],[121.45355489483347,24.40543215610092],[121.44369524004708,24.405461367458887]]]},"properties":{"grid_id":"G011_013","綠地類型":"河川沿岸自然地表","中心經度":121.448641,"中心緯度":24.409961,"分析面積_km2":1.04,"2020面積_ha":0.81,"2024面積_ha":0.81,"面積減少率_pct":0.0,"2020斑塊數":1,"2024斑塊數":1,"斑塊數增加率_pct":0.0,"2020平均斑塊面積_ha":925.11,"2024平均斑塊面積_ha":1185.21,"平均斑塊面積下降率_pct":0.0,"道路切割密度_km_per_km2":1.528,"建成區邊界切割密度_km_per_km2":0.0,"孤立小斑塊比例_pct":0.0,"距大型連續綠地平均距離_m":0.0,"score_面積減少":36.206896551724135,"score_斑塊增加":44.260435571687836,"score_平均斑塊縮小":28.153357531760438,"score_道路建成區切割":42.91061705989111,"score_孤立比例":40.58529945553539,"score_距大型綠地":38.40744101633394,"綜合破碎化分數":38.4,"破碎化等級":"低","判定原因":"面積減少0.0%；斑塊增加0.0%；平均斑塊縮小0.0%；道路密度1.53 km/km²；孤立比例0.0%；距大型綠地0m","2021面積_ha":0.81,"2022面積_ha":0.81,"2023面積_ha":0.81}},{"type":"Feature","geometry":{"type":"Polygon","coordinates":[[[121.48313376310071,24.40534067037497],[121.48316812441593,24.41436944052763],[121.4930284151599,24.414337648156096],[121.49299335268202,24.40530889126296],[121.48313376310071,24.40534067037497]]]},"properties":{"grid_id":"G011_017","綠地類型":"河川沿岸自然地表","中心經度":121.488081,"中心緯度":24.409839,"分析面積_km2":1.04,"2020面積_ha":25.38,"2024面積_ha":28.62,"面積減少率_pct":0.0,"2020斑塊數":3,"2024斑塊數":2,"斑塊數增加率_pct":0.0,"2020平均斑塊面積_ha":343.74,"2024平均斑塊面積_ha":507.78,"平均斑塊面積下降率_pct":0.0,"道路切割密度_km_per_km2":0.0,"建成區邊界切割密度_km_per_km2":0.0,"孤立小斑塊比例_pct":0.0,"距大型連續綠地平均距離_m":0.0,"score_面積減少":36.206896551724135,"score_斑塊增加":44.260435571687836,"score_平均斑塊縮小":28.153357531760438,"score_道路建成區切割":25.941470054446462,"score_孤立比例":40.58529945553539,"score_距大型綠地":38.40744101633394,"綜合破碎化分數":35.6,"破碎化等級":"低","判定原因":"面積減少0.0%；斑塊增加0.0%；平均斑塊縮小0.0%；道路密度0.00 km/km²；孤立比例0.0%；距大型綠地0m","2021面積_ha":28.17,"2022面積_ha":28.44,"2023面積_ha":30.06}},{"type":"Feature","geometry":{"type":"Polygon","coordinates":[[[121.51271248002423,24.40524340726007],[121.5127489448112,24.414272136830647],[121.52260918303205,24.414238417885777],[121.52257201709888,24.40520970237821],[121.51271248002423,24.40524340726007]]]},"properties":{"grid_id":"G011_020","綠地類型":"河川沿岸自然地表","中心經度":121.517661,"中心緯度":24.409741,"分析面積_km2":1.04,"2020面積_ha":36.36,"2024面積_ha":36.81,"面積減少率_pct":0.0,"2020斑塊數":1,"2024斑塊數":1,"斑塊數增加率_pct":0.0,"2020平均斑塊面積_ha":706.32,"2024平均斑塊面積_ha":739.08,"平均斑塊面積下降率_pct":0.0,"道路切割密度_km_per_km2":0.0,"建成區邊界切割密度_km_per_km2":0.0,"孤立小斑塊比例_pct":0.0,"距大型連續綠地平均距離_m":0.0,"score_面積減少":36.206896551724135,"score_斑塊增加":44.260435571687836,"score_平均斑塊縮小":28.153357531760438,"score_道路建成區切割":25.941470054446462,"score_孤立比例":40.58529945553539,"score_距大型綠地":38.40744101633394,"綜合破碎化分數":35.6,"破碎化等級":"低","判定原因":"面積減少0.0%；斑塊增加0.0%；平均斑塊縮小0.0%；道路密度0.00 km/km²；孤立比例0.0%；距大型綠地0m","2021面積_ha":37.35,"2022面積_ha":36.72,"2023面積_ha":36.72}},{"type":"Feature","geometry":{"type":"Polygon","coordinates":[[[121.53243153598511,24.405175355582244],[121.53246940305878,24.414204056758965],[121.54232960454814,24.41416905345496],[121.54229103633975,24.405140366876896],[121.53243153598511,24.405175355582244]]]},"properties":{"grid_id":"G011_022","綠地類型":"河川沿岸自然地表","中心經度":121.53738,"中心緯度":24.409672,"分析面積_km2":1.04,"2020面積_ha":28.26,"2024面積_ha":28.26,"面積減少率_pct":0.0,"2020斑塊數":2,"2024斑塊數":2,"斑塊數增加率_pct":0.0,"2020平均斑塊面積_ha":491.535,"2024平均斑塊面積_ha":507.51,"平均斑塊面積下降率_pct":0.0,"道路切割密度_km_per_km2":1.788,"建成區邊界切割密度_km_per_km2":0.0,"孤立小斑塊比例_pct":0.0,"距大型連續綠地平均距離_m":0.0,"score_面積減少":36.206896551724135,"score_斑塊增加":44.260435571687836,"score_平均斑塊縮小":28.153357531760438,"score_道路建成區切割":45.07713248638839,"score_孤立比例":40.58529945553539,"score_距大型綠地":38.40744101633394,"綜合破碎化分數":38.8,"破碎化等級":"低","判定原因":"面積減少0.0%；斑塊增加0.0%；平均斑塊縮小0.0%；道路密度1.79 km/km²；孤立比例0.0%；距大型綠地0m","2021面積_ha":28.26,"2022面積_ha":28.26,"2023面積_ha":28.26}},{"type":"Feature","geometry":{"type":"Polygon","coordinates":[[[121.57186942278331,24.405031549353254],[121.57191009435998,24.414060190528414],[121.58177021826778,24.41402261856474],[121.58172884558067,24.404993993059513],[121.57186942278331,24.405031549353254]]]},"properties":{"grid_id":"G011_026","綠地類型":"河川沿岸自然地表","中心經度":121.57682,"中心緯度":24.409527,"分析面積_km2":1.04,"2020面積_ha":24.3,"2024面積_ha":24.3,"面積減少率_pct":0.0,"2020斑塊數":2,"2024斑塊數":2,"斑塊數增加率_pct":0.0,"2020平均斑塊面積_ha":45.36,"2024平均斑塊面積_ha":45.405,"平均斑塊面積下降率_pct":0.0,"道路切割密度_km_per_km2":0.0,"建成區邊界切割密度_km_per_km2":0.0,"孤立小斑塊比例_pct":0.0,"距大型連續綠地平均距離_m":0.0,"score_面積減少":36.206896551724135,"score_斑塊增加":44.260435571687836,"score_平均斑塊縮小":28.153357531760438,"score_道路建成區切割":25.941470054446462,"score_孤立比例":40.58529945553539,"score_距大型綠地":38.40744101633394,"綜合破碎化分數":35.6,"破碎化等級":"低","判定原因":"面積減少0.0%；斑塊增加0.0%；平均斑塊縮小0.0%；道路密度0.00 km/km²；孤立比例0.0%；距大型綠地0m","2021面積_ha":24.3,"2022面積_ha":24.3,"2023面積_ha":24.3}},{"type":"Feature","geometry":{"type":"Polygon","coordinates":[[[121.63102564900012,24.404796583431676],[121.6310705271421,24.413825126570178],[121.64093052438172,24.41378370177414],[121.64088494516898,24.40475517591238],[121.63102564900012,24.404796583431676]]]},"properties":{"grid_id":"G011_032","綠地類型":"河川沿岸自然地表","中心經度":121.635978,"中心緯度":24.40929,"分析面積_km2":1.04,"2020面積_ha":12.24,"2024面積_ha":12.24,"面積減少率_pct":0.0,"2020斑塊數":1,"2024斑塊數":1,"斑塊數增加率_pct":0.0,"2020平均斑塊面積_ha":2712.51,"2024平均斑塊面積_ha":2751.66,"平均斑塊面積下降率_pct":0.0,"道路切割密度_km_per_km2":0.0,"建成區邊界切割密度_km_per_km2":0.0,"孤立小斑塊比例_pct":0.0,"距大型連續綠地平均距離_m":0.0,"score_面積減少":36.206896551724135,"score_斑塊增加":44.260435571687836,"score_平均斑塊縮小":28.153357531760438,"score_道路建成區切割":25.941470054446462,"score_孤立比例":40.58529945553539,"score_距大型綠地":38.40744101633394,"綜合破碎化分數":35.6,"破碎化等級":"低","判定原因":"面積減少0.0%；斑塊增加0.0%；平均斑塊縮小0.0%；道路密度0.00 km/km²；孤立比例0.0%；距大型綠地0m","2021面積_ha":12.24,"2022面積_ha":12.24,"2023面積_ha":12.24}},{"type":"Feature","geometry":{"type":"Polygon","coordinates":[[[121.64088494516898,24.40475517591238],[121.64093052438172,24.41378370177414],[121.65079049930883,24.413741634858837],[121.65074421903229,24.40471312654162],[121.64088494516898,24.40475517591238]]]},"properties":{"grid_id":"G011_033","綠地類型":"河川沿岸自然地表","中心經度":121.645838,"中心緯度":24.409248,"分析面積_km2":1.04,"2020面積_ha":45.99,"2024面積_ha":45.99,"面積減少率_pct":0.0,"2020斑塊數":1,"2024斑塊數":1,"斑塊數增加率_pct":0.0,"2020平均斑塊面積_ha":2712.51,"2024平均斑塊面積_ha":2751.66,"平均斑塊面積下降率_pct":0.0,"道路切割密度_km_per_km2":0.0,"建成區邊界切割密度_km_per_km2":0.0,"孤立小斑塊比例_pct":0.0,"距大型連續綠地平均距離_m":0.0,"score_面積減少":36.206896551724135,"score_斑塊增加":44.260435571687836,"score_平均斑塊縮小":28.153357531760438,"score_道路建成區切割":25.941470054446462,"score_孤立比例":40.58529945553539,"score_距大型綠地":38.40744101633394,"綜合破碎化分數":35.6,"破碎化等級":"低","判定原因":"面積減少0.0%；斑塊增加0.0%；平均斑塊縮小0.0%；道路密度0.00 km/km²；孤立比例0.0%；距大型綠地0m","2021面積_ha":45.99,"2022面積_ha":45.99,"2023面積_ha":45.99}},{"type":"Feature","geometry":{"type":"Polygon","coordinates":[[[121.65074421903229,24.40471312654162],[121.65079049930883,24.413741634858837],[121.66065045158028,24.413698925830072],[121.66060347024705,24.404670435325187],[121.65074421903229,24.40471312654162]]]},"properties":{"grid_id":"G011_034","綠地類型":"河川沿岸自然地表","中心經度":121.655697,"中心緯度":24.409206,"分析面積_km2":1.04,"2020面積_ha":44.37,"2024面積_ha":44.37,"面積減少率_pct":0.0,"2020斑塊數":1,"2024斑塊數":1,"斑塊數增加率_pct":0.0,"2020平均斑塊面積_ha":2712.51,"2024平均斑塊面積_ha":2751.66,"平均斑塊面積下降率_pct":0.0,"道路切割密度_km_per_km2":0.0,"建成區邊界切割密度_km_per_km2":0.0,"孤立小斑塊比例_pct":0.0,"距大型連續綠地平均距離_m":0.0,"score_面積減少":36.206896551724135,"score_斑塊增加":44.260435571687836,"score_平均斑塊縮小":28.153357531760438,"score_道路建成區切割":25.941470054446462,"score_孤立比例":40.58529945553539,"score_距大型綠地":38.40744101633394,"綜合破碎化分數":35.6,"破碎化等級":"低","判定原因":"面積減少0.0%；斑塊增加0.0%；平均斑塊縮小0.0%；道路密度0.00 km/km²；孤立比例0.0%；距大型綠地0m","2021面積_ha":44.37,"2022面積_ha":44.37,"2023面積_ha":44.37}},{"type":"Feature","geometry":{"type":"Polygon","coordinates":[[[121.33528579190195,24.423798185973048],[121.33526193692602,24.414769259857685],[121.32641138543961,24.414788602231074],[121.32624999999999,24.41531],[121.32623,24.415500000000005],[121.32627,24.415699999999998],[121.32651,24.416229999999995],[121.32663850000002,24.4166043],[121.32674,24.416899999999995],[121.32687,24.417589999999997],[121.32691000000001,24.418170000000003],[121.32685,24.4189],[121.3268179,24.419037099999997],[121.32674,24.419369999999994],[121.32659820000002,24.4202372],[121.32648,24.420960000000004],[121.32648,24.42149],[121.32651,24.421770000000002],[121.32661000000002,24.42211],[121.32696,24.422929999999997],[121.32724000000002,24.423789999999997],[121.32724257913799,24.423815791505397],[121.33528579190195,24.423798185973048]]]},"properties":{"grid_id":"G012_001","綠地類型":"河川沿岸自然地表","中心經度":121.331026,"中心緯度":24.419194,"分析面積_km2":0.901,"2020面積_ha":15.39,"2024面積_ha":15.39,"面積減少率_pct":0.0,"2020斑塊數":1,"2024斑塊數":1,"斑塊數增加率_pct":0.0,"2020平均斑塊面積_ha":3042.63,"2024平均斑塊面積_ha":3203.82,"平均斑塊面積下降率_pct":0.0,"道路切割密度_km_per_km2":1.832,"建成區邊界切割密度_km_per_km2":0.0,"孤立小斑塊比例_pct":0.0,"距大型連續綠地平均距離_m":0.0,"score_面積減少":36.206896551724135,"score_斑塊增加":44.260435571687836,"score_平均斑塊縮小":28.153357531760438,"score_道路建成區切割":45.39473684210526,"score_孤立比例":40.58529945553539,"score_距大型綠地":38.40744101633394,"綜合破碎化分數":38.8,"破碎化等級":"低","判定原因":"面積減少0.0%；斑塊增加0.0%；平均斑塊縮小0.0%；道路密度1.83 km/km²；孤立比例0.0%；距大型綠地0m","2021面積_ha":15.57,"2022面積_ha":15.48,"2023面積_ha":15.57}},{"type":"Feature","geometry":{"type":"Polygon","coordinates":[[[121.33526193692602,24.414769259857685],[121.33528579190195,24.423798185973048],[121.34514700049688,24.423776017768933],[121.3451224439473,24.414747100896665],[121.33526193692602,24.414769259857685]]]},"properties":{"grid_id":"G012_002","綠地類型":"河川沿岸自然地表","中心經度":121.340204,"中心緯度":24.419273,"分析面積_km2":1.04,"2020面積_ha":20.61,"2024面積_ha":20.61,"面積減少率_pct":0.0,"2020斑塊數":1,"2024斑塊數":1,"斑塊數增加率_pct":0.0,"2020平均斑塊面積_ha":3042.63,"2024平均斑塊面積_ha":3203.82,"平均斑塊面積下降率_pct":0.0,"道路切割密度_km_per_km2":0.0,"建成區邊界切割密度_km_per_km2":0.0,"孤立小斑塊比例_pct":0.0,"距大型連續綠地平均距離_m":0.0,"score_面積減少":36.206896551724135,"score_斑塊增加":44.260435571687836,"score_平均斑塊縮小":28.153357531760438,"score_道路建成區切割":25.941470054446462,"score_孤立比例":40.58529945553539,"score_距大型綠地":38.40744101633394,"綜合破碎化分數":35.6,"破碎化等級":"低","判定原因":"面積減少0.0%；斑塊增加0.0%；平均斑塊縮小0.0%；道路密度0.00 km/km²；孤立比例0.0%；距大型綠地0m","2021面積_ha":20.61,"2022面積_ha":20.43,"2023面積_ha":20.61}},{"type":"Feature","geometry":{"type":"Polygon","coordinates":[[[121.3451224439473,24.414747100896665],[121.34514700049688,24.423776017768933],[121.35500819707242,24.423753207044875],[121.35498293895296,24.414724299683595],[121.3451224439473,24.414747100896665]]]},"properties":{"grid_id":"G012_003","綠地類型":"河川沿岸自然地表","中心經度":121.350065,"中心緯度":24.41925,"分析面積_km2":1.04,"2020面積_ha":16.47,"2024面積_ha":16.47,"面積減少率_pct":0.0,"2020斑塊數":1,"2024斑塊數":1,"斑塊數增加率_pct":0.0,"2020平均斑塊面積_ha":3042.63,"2024平均斑塊面積_ha":3203.82,"平均斑塊面積下降率_pct":0.0,"道路切割密度_km_per_km2":0.0,"建成區邊界切割密度_km_per_km2":0.0,"孤立小斑塊比例_pct":0.0,"距大型連續綠地平均距離_m":0.0,"score_面積減少":36.206896551724135,"score_斑塊增加":44.260435571687836,"score_平均斑塊縮小":28.153357531760438,"score_道路建成區切割":25.941470054446462,"score_孤立比例":40.58529945553539,"score_距大型綠地":38.40744101633394,"綜合破碎化分數":35.6,"破碎化等級":"低","判定原因":"面積減少0.0%；斑塊增加0.0%；平均斑塊縮小0.0%；道路密度0.00 km/km²；孤立比例0.0%；距大型綠地0m","2021面積_ha":16.47,"2022面積_ha":16.47,"2023面積_ha":16.47}},{"type":"Feature","geometry":{"type":"Polygon","coordinates":[[[121.35498293895296,24.414724299683595],[121.35500819707242,24.423753207044875],[121.36486938128515,24.423729753804004],[121.36484342159967,24.414700856221614],[121.35498293895296,24.414724299683595]]]},"properties":{"grid_id":"G012_004","綠地類型":"河川沿岸自然地表","中心經度":121.359926,"中心緯度":24.419227,"分析面積_km2":1.04,"2020面積_ha":8.73,"2024面積_ha":8.73,"面積減少率_pct":0.0,"2020斑塊數":1,"2024斑塊數":1,"斑塊數增加率_pct":0.0,"2020平均斑塊面積_ha":3042.63,"2024平均斑塊面積_ha":3203.82,"平均斑塊面積下降率_pct":0.0,"道路切割密度_km_per_km2":1.211,"建成區邊界切割密度_km_per_km2":0.0,"孤立小斑塊比例_pct":0.0,"距大型連續綠地平均距離_m":0.0,"score_面積減少":36.206896551724135,"score_斑塊增加":44.260435571687836,"score_平均斑塊縮小":28.153357531760438,"score_道路建成區切割":40.369782214156075,"score_孤立比例":40.58529945553539,"score_距大型綠地":38.40744101633394,"綜合破碎化分數":38.0,"破碎化等級":"低","判定原因":"面積減少0.0%；斑塊增加0.0%；平均斑塊縮小0.0%；道路密度1.21 km/km²；孤立比例0.0%；距大型綠地0m","2021面積_ha":8.73,"2022面積_ha":8.46,"2023面積_ha":8.64}},{"type":"Feature","geometry":{"type":"Polygon","coordinates":[[[121.38456434844326,24.41465204256393],[121.3845917112487,24.423680919784868],[121.39445285631277,24.42365553901333],[121.39442479195358,24.414626672374947],[121.38456434844326,24.41465204256393]]]},"properties":{"grid_id":"G012_007","綠地類型":"河川沿岸自然地表","中心經度":121.389508,"中心緯度":24.419154,"分析面積_km2":1.04,"2020面積_ha":5.22,"2024面積_ha":5.22,"面積減少率_pct":0.0,"2020斑塊數":1,"2024斑塊數":1,"斑塊數增加率_pct":0.0,"2020平均斑塊面積_ha":3042.63,"2024平均斑塊面積_ha":3203.82,"平均斑塊面積下降率_pct":0.0,"道路切割密度_km_per_km2":1.99,"建成區邊界切割密度_km_per_km2":0.0,"孤立小斑塊比例_pct":0.0,"距大型連續綠地平均距離_m":0.0,"score_面積減少":36.206896551724135,"score_斑塊增加":44.260435571687836,"score_平均斑塊縮小":28.153357531760438,"score_道路建成區切割":46.290834845735034,"score_孤立比例":40.58529945553539,"score_距大型綠地":38.40744101633394,"綜合破碎化分數":39.0,"破碎化等級":"低","判定原因":"面積減少0.0%；斑塊增加0.0%；平均斑塊縮小0.0%；道路密度1.99 km/km²；孤立比例0.0%；距大型綠地0m","2021面積_ha":5.22,"2022面積_ha":5.22,"2023面積_ha":5.22}},{"type":"Feature","geometry":{"type":"Polygon","coordinates":[[[121.40428522173191,24.41460065995052],[121.40431398764056,24.42362951573845],[121.41417510488866,24.42360284996382],[121.41414563743497,24.414574005294224],[121.40428522173191,24.41460065995052]]]},"properties":{"grid_id":"G012_009","綠地類型":"河川沿岸自然地表","中心經度":121.40923,"中心緯度":24.419102,"分析面積_km2":1.04,"2020面積_ha":23.85,"2024面積_ha":23.85,"面積減少率_pct":0.0,"2020斑塊數":1,"2024斑塊數":1,"斑塊數增加率_pct":0.0,"2020平均斑塊面積_ha":3042.63,"2024平均斑塊面積_ha":3203.82,"平均斑塊面積下降率_pct":0.0,"道路切割密度_km_per_km2":2.191,"建成區邊界切割密度_km_per_km2":0.0,"孤立小斑塊比例_pct":0.0,"距大型連續綠地平均距離_m":0.0,"score_面積減少":36.206896551724135,"score_斑塊增加":44.260435571687836,"score_平均斑塊縮小":28.153357531760438,"score_道路建成區切割":47.504537205081675,"score_孤立比例":40.58529945553539,"score_距大型綠地":38.40744101633394,"綜合破碎化分數":39.2,"破碎化等級":"低","判定原因":"面積減少0.0%；斑塊增加0.0%；平均斑塊縮小0.0%；道路密度2.19 km/km²；孤立比例0.0%；距大型綠地0m","2021面積_ha":23.85,"2022面積_ha":23.85,"2023面積_ha":23.85}},{"type":"Feature","geometry":{"type":"Polygon","coordinates":[[[121.41414563743497,24.414574005294224],[121.41417510488866,24.42360284996382],[121.42403620771374,24.42357554169311],[121.42400603871953,24.41454670840973],[121.41414563743497,24.414574005294224]]]},"properties":{"grid_id":"G012_010","綠地類型":"河川沿岸自然地表","中心經度":121.419091,"中心緯度":24.419075,"分析面積_km2":1.04,"2020面積_ha":54.9,"2024面積_ha":54.9,"面積減少率_pct":0.0,"2020斑塊數":1,"2024斑塊數":1,"斑塊數增加率_pct":0.0,"2020平均斑塊面積_ha":3042.63,"2024平均斑塊面積_ha":3203.82,"平均斑塊面積下降率_pct":0.0,"道路切割密度_km_per_km2":0.0,"建成區邊界切割密度_km_per_km2":0.0,"孤立小斑塊比例_pct":0.0,"距大型連續綠地平均距離_m":0.0,"score_面積減少":36.206896551724135,"score_斑塊增加":44.260435571687836,"score_平均斑塊縮小":28.153357531760438,"score_道路建成區切割":25.941470054446462,"score_孤立比例":40.58529945553539,"score_距大型綠地":38.40744101633394,"綜合破碎化分數":35.6,"破碎化等級":"低","判定原因":"面積減少0.0%；斑塊增加0.0%；平均斑塊縮小0.0%；道路密度0.00 km/km²；孤立比例0.0%；距大型綠地0m","2021面積_ha":54.9,"2022面積_ha":54.9,"2023面積_ha":54.9}},{"type":"Feature","geometry":{"type":"Polygon","coordinates":[[[121.42400603871953,24.41454670840973],[121.42403620771374,24.42357554169311],[121.43389729577243,24.423547590930077],[121.43386642524233,24.414518769300816],[121.42400603871953,24.41454670840973]]]},"properties":{"grid_id":"G012_011","綠地類型":"河川沿岸自然地表","中心經度":121.428951,"中心緯度":24.419047,"分析面積_km2":1.04,"2020面積_ha":53.82,"2024面積_ha":53.82,"面積減少率_pct":0.0,"2020斑塊數":1,"2024斑塊數":1,"斑塊數增加率_pct":0.0,"2020平均斑塊面積_ha":3042.63,"2024平均斑塊面積_ha":3203.82,"平均斑塊面積下降率_pct":0.0,"道路切割密度_km_per_km2":0.0,"建成區邊界切割密度_km_per_km2":0.0,"孤立小斑塊比例_pct":0.0,"距大型連續綠地平均距離_m":0.0,"score_面積減少":36.206896551724135,"score_斑塊增加":44.260435571687836,"score_平均斑塊縮小":28.153357531760438,"score_道路建成區切割":25.941470054446462,"score_孤立比例":40.58529945553539,"score_距大型綠地":38.40744101633394,"綜合破碎化分數":35.6,"破碎化等級":"低","判定原因":"面積減少0.0%；斑塊增加0.0%；平均斑塊縮小0.0%；道路密度0.00 km/km²；孤立比例0.0%；距大型綠地0m","2021面積_ha":53.82,"2022面積_ha":53.82,"2023面積_ha":53.82}},{"type":"Feature","geometry":{"type":"Polygon","coordinates":[[[121.43386642524233,24.414518769300816],[121.43389729577243,24.423547590930077],[121.44375836872132,24.423518997678592],[121.44372679666007,24.41449018797131],[121.43386642524233,24.414518769300816]]]},"properties":{"grid_id":"G012_012","綠地類型":"河川沿岸自然地表","中心經度":121.438812,"中心緯度":24.419019,"分析面積_km2":1.04,"2020面積_ha":6.03,"2024面積_ha":6.03,"面積減少率_pct":0.0,"2020斑塊數":1,"2024斑塊數":1,"斑塊數增加率_pct":0.0,"2020平均斑塊面積_ha":925.11,"2024平均斑塊面積_ha":1185.21,"平均斑塊面積下降率_pct":0.0,"道路切割密度_km_per_km2":1.499,"建成區邊界切割密度_km_per_km2":0.0,"孤立小斑塊比例_pct":0.0,"距大型連續綠地平均距離_m":0.0,"score_面積減少":36.206896551724135,"score_斑塊增加":44.260435571687836,"score_平均斑塊縮小":28.153357531760438,"score_道路建成區切割":42.615698729582576,"score_孤立比例":40.58529945553539,"score_距大型綠地":38.40744101633394,"綜合破碎化分數":38.4,"破碎化等級":"低","判定原因":"面積減少0.0%；斑塊增加0.0%；平均斑塊縮小0.0%；道路密度1.50 km/km²；孤立比例0.0%；距大型綠地0m","2021面積_ha":6.03,"2022面積_ha":6.03,"2023面積_ha":6.03}},{"type":"Feature","geometry":{"type":"Polygon","coordinates":[[[121.44372679666007,24.41449018797131],[121.44375836872132,24.423518997678592],[121.45361942621714,24.42348976194258],[121.45358715262957,24.41446096442517],[121.44372679666007,24.41449018797131]]]},"properties":{"grid_id":"G012_013","綠地類型":"河川沿岸自然地表","中心經度":121.448673,"中心緯度":24.41899,"分析面積_km2":1.04,"2020面積_ha":42.66,"2024面積_ha":42.66,"面積減少率_pct":0.0,"2020斑塊數":1,"2024斑塊數":1,"斑塊數增加率_pct":0.0,"2020平均斑塊面積_ha":925.11,"2024平均斑塊面積_ha":1185.21,"平均斑塊面積下降率_pct":0.0,"道路切割密度_km_per_km2":0.0,"建成區邊界切割密度_km_per_km2":0.0,"孤立小斑塊比例_pct":0.0,"距大型連續綠地平均距離_m":0.0,"score_面積減少":36.206896551724135,"score_斑塊增加":44.260435571687836,"score_平均斑塊縮小":28.153357531760438,"score_道路建成區切割":25.941470054446462,"score_孤立比例":40.58529945553539,"score_距大型綠地":38.40744101633394,"綜合破碎化分數":35.6,"破碎化等級":"低","判定原因":"面積減少0.0%；斑塊增加0.0%；平均斑塊縮小0.0%；道路密度0.00 km/km²；孤立比例0.0%；距大型綠地0m","2021面積_ha":42.66,"2022面積_ha":42.66,"2023面積_ha":42.66}},{"type":"Feature","geometry":{"type":"Polygon","coordinates":[[[121.59163032192218,24.413984404448872],[121.59167241630996,24.42301300318207],[121.60153320080862,24.4229741307115],[121.60149040498001,24.413945548186085],[121.59163032192218,24.413984404448872]]]},"properties":{"grid_id":"G012_028","綠地類型":"河川沿岸自然地表","中心經度":121.596582,"中心緯度":24.418479,"分析面積_km2":1.04,"2020面積_ha":9.36,"2024面積_ha":9.36,"面積減少率_pct":0.0,"2020斑塊數":3,"2024斑塊數":3,"斑塊數增加率_pct":0.0,"2020平均斑塊面積_ha":1023.84,"2024平均斑塊面積_ha":1070.7,"平均斑塊面積下降率_pct":0.0,"道路切割密度_km_per_km2":1.499,"建成區邊界切割密度_km_per_km2":0.0,"孤立小斑塊比例_pct":0.0,"距大型連續綠地平均距離_m":0.0,"score_面積減少":36.206896551724135,"score_斑塊增加":44.260435571687836,"score_平均斑塊縮小":28.153357531760438,"score_道路建成區切割":42.615698729582576,"score_孤立比例":40.58529945553539,"score_距大型綠地":38.40744101633394,"綜合破碎化分數":38.4,"破碎化等級":"低","判定原因":"面積減少0.0%；斑塊增加0.0%；平均斑塊縮小0.0%；道路密度1.50 km/km²；孤立比例0.0%；距大型綠地0m","2021面積_ha":9.36,"2022面積_ha":9.36,"2023面積_ha":9.36}},{"type":"Feature","geometry":{"type":"Polygon","coordinates":[[[121.60149040498001,24.413945548186085],[121.60153320080862,24.4229741307115],[121.61139396436093,24.42293461583151],[121.61135046709808,24.413906049781723],[121.60149040498001,24.413945548186085]]]},"properties":{"grid_id":"G012_029","綠地類型":"河川沿岸自然地表","中心經度":121.606442,"中心緯度":24.41844,"分析面積_km2":1.04,"2020面積_ha":15.21,"2024面積_ha":15.21,"面積減少率_pct":0.0,"2020斑塊數":3,"2024斑塊數":2,"斑塊數增加率_pct":0.0,"2020平均斑塊面積_ha":1031.34,"2024平均斑塊面積_ha":1546.245,"平均斑塊面積下降率_pct":0.0,"道路切割密度_km_per_km2":0.75,"建成區邊界切割密度_km_per_km2":0.0,"孤立小斑塊比例_pct":0.0,"距大型連續綠地平均距離_m":0.0,"score_面積減少":36.206896551724135,"score_斑塊增加":44.260435571687836,"score_平均斑塊縮小":28.153357531760438,"score_道路建成區切割":38.169237749546284,"score_孤立比例":40.58529945553539,"score_距大型綠地":38.40744101633394,"綜合破碎化分數":37.6,"破碎化等級":"低","判定原因":"面積減少0.0%；斑塊增加0.0%；平均斑塊縮小0.0%；道路密度0.75 km/km²；孤立比例0.0%；距大型綠地0m","2021面積_ha":15.21,"2022面積_ha":15.12,"2023面積_ha":15.21}},{"type":"Feature","geometry":{"type":"Polygon","coordinates":[[[121.62121050793316,24.41386590924125],[121.62125470662362,24.42289445854757],[121.6311154272534,24.4228536588652],[121.6310705271421,24.413825126570178],[121.62121050793316,24.41386590924125]]]},"properties":{"grid_id":"G012_031","綠地類型":"河川沿岸自然地表","中心經度":121.626163,"中心緯度":24.41836,"分析面積_km2":1.04,"2020面積_ha":32.22,"2024面積_ha":33.66,"面積減少率_pct":0.0,"2020斑塊數":1,"2024斑塊數":1,"斑塊數增加率_pct":0.0,"2020平均斑塊面積_ha":2712.51,"2024平均斑塊面積_ha":2751.66,"平均斑塊面積下降率_pct":0.0,"道路切割密度_km_per_km2":1.182,"建成區邊界切割密度_km_per_km2":0.0,"孤立小斑塊比例_pct":0.0,"距大型連續綠地平均距離_m":0.0,"score_面積減少":36.206896551724135,"score_斑塊增加":44.260435571687836,"score_平均斑塊縮小":28.153357531760438,"score_道路建成區切割":40.1429219600726,"score_孤立比例":40.58529945553539,"score_距大型綠地":38.40744101633394,"綜合破碎化分數":38.0,"破碎化等級":"低","判定原因":"面積減少0.0%；斑塊增加0.0%；平均斑塊縮小0.0%；道路密度1.18 km/km²；孤立比例0.0%；距大型綠地0m","2021面積_ha":34.74,"2022面積_ha":33.48,"2023面積_ha":34.11}},{"type":"Feature","geometry":{"type":"Polygon","coordinates":[[[121.6310705271421,24.413825126570178],[121.6311154272534,24.4228536588652],[121.64097612590695,24.42281221679003],[121.64093052438172,24.41378370177414],[121.6310705271421,24.413825126570178]]]},"properties":{"grid_id":"G012_032","綠地類型":"河川沿岸自然地表","中心經度":121.636023,"中心緯度":24.418319,"分析面積_km2":1.04,"2020面積_ha":11.07,"2024面積_ha":11.07,"面積減少率_pct":0.0,"2020斑塊數":1,"2024斑塊數":1,"斑塊數增加率_pct":0.0,"2020平均斑塊面積_ha":2712.51,"2024平均斑塊面積_ha":2751.66,"平均斑塊面積下降率_pct":0.0,"道路切割密度_km_per_km2":0.721,"建成區邊界切割密度_km_per_km2":0.0,"孤立小斑塊比例_pct":0.0,"距大型連續綠地平均距離_m":0.0,"score_面積減少":36.206896551724135,"score_斑塊增加":44.260435571687836,"score_平均斑塊縮小":28.153357531760438,"score_道路建成區切割":37.96506352087114,"score_孤立比例":40.58529945553539,"score_距大型綠地":38.40744101633394,"綜合破碎化分數":37.6,"破碎化等級":"低","判定原因":"面積減少0.0%；斑塊增加0.0%；平均斑塊縮小0.0%；道路密度0.72 km/km²；孤立比例0.0%；距大型綠地0m","2021面積_ha":11.07,"2022面積_ha":11.07,"2023面積_ha":11.07}},{"type":"Feature","geometry":{"type":"Polygon","coordinates":[[[121.65079049930883,24.413741634858837],[121.65083680224105,24.42277013232777],[121.66069745591236,24.422727405484224],[121.66065045158028,24.413698925830072],[121.65079049930883,24.413741634858837]]]},"properties":{"grid_id":"G012_034","綠地類型":"河川沿岸自然地表","中心經度":121.655744,"中心緯度":24.418235,"分析面積_km2":1.04,"2020面積_ha":35.91,"2024面積_ha":35.91,"面積減少率_pct":0.0,"2020斑塊數":1,"2024斑塊數":1,"斑塊數增加率_pct":0.0,"2020平均斑塊面積_ha":2712.51,"2024平均斑塊面積_ha":2751.66,"平均斑塊面積下降率_pct":0.0,"道路切割密度_km_per_km2":1.932,"建成區邊界切割密度_km_per_km2":0.0,"孤立小斑塊比例_pct":0.0,"距大型連續綠地平均距離_m":0.0,"score_面積減少":36.206896551724135,"score_斑塊增加":44.260435571687836,"score_平均斑塊縮小":28.153357531760438,"score_道路建成區切割":46.01860254083485,"score_孤立比例":40.58529945553539,"score_距大型綠地":38.40744101633394,"綜合破碎化分數":38.9,"破碎化等級":"低","判定原因":"面積減少0.0%；斑塊增加0.0%；平均斑塊縮小0.0%；道路密度1.93 km/km²；孤立比例0.0%；距大型綠地0m","2021面積_ha":35.91,"2022面積_ha":35.91,"2023面積_ha":35.91}},{"type":"Feature","geometry":{"type":"Polygon","coordinates":[[[121.33530965855391,24.43282710129638],[121.33528579190195,24.423798185973048],[121.32724257913799,24.423815791505397],[121.3273,24.424389999999995],[121.3273,24.425260999999995],[121.3273,24.425419999999995],[121.32732,24.425679999999996],[121.32745,24.426109999999998],[121.32773000000002,24.426829999999995],[121.32779,24.427259999999997],[121.32779,24.427460000000004],[121.32769,24.42793],[121.3273,24.428639999999994],[121.32711,24.429129999999997],[121.32696,24.429649999999995],[121.32679000000002,24.430530000000005],[121.32681,24.430759999999996],[121.32687,24.43093],[121.32739,24.431680000000004],[121.32749000000001,24.4319],[121.32754,24.432109999999994],[121.32751000000002,24.432739999999995],[121.32749420914361,24.432844220097902],[121.33530965855391,24.43282710129638]]]},"properties":{"grid_id":"G013_001","綠地類型":"河川沿岸自然地表","中心經度":121.331396,"中心緯度":24.428277,"分析面積_km2":0.834,"2020面積_ha":28.98,"2024面積_ha":28.98,"面積減少率_pct":0.0,"2020斑塊數":1,"2024斑塊數":1,"斑塊數增加率_pct":0.0,"2020平均斑塊面積_ha":3042.63,"2024平均斑塊面積_ha":3203.82,"平均斑塊面積下降率_pct":0.0,"道路切割密度_km_per_km2":0.683,"建成區邊界切割密度_km_per_km2":0.0,"孤立小斑塊比例_pct":0.0,"距大型連續綠地平均距離_m":0.0,"score_面積減少":36.206896551724135,"score_斑塊增加":44.260435571687836,"score_平均斑塊縮小":28.153357531760438,"score_道路建成區切割":37.79491833030853,"score_孤立比例":40.58529945553539,"score_距大型綠地":38.40744101633394,"綜合破碎化分數":37.6,"破碎化等級":"低","判定原因":"面積減少0.0%；斑塊增加0.0%；平均斑塊縮小0.0%；道路密度0.68 km/km²；孤立比例0.0%；距大型綠地0m","2021面積_ha":29.07,"2022面積_ha":28.8,"2023面積_ha":28.89}},{"type":"Feature","geometry":{"type":"Polygon","coordinates":[[[121.35500819707242,24.423753207044875],[121.35503346755468,24.432782103611533],[121.36489535367681,24.43275864059042],[121.36486938128515,24.423729753804004],[121.35500819707242,24.423753207044875]]]},"properties":{"grid_id":"G013_004","綠地類型":"河川沿岸自然地表","中心經度":121.359952,"中心緯度":24.428256,"分析面積_km2":1.04,"2020面積_ha":22.41,"2024面積_ha":24.66,"面積減少率_pct":0.0,"2020斑塊數":1,"2024斑塊數":1,"斑塊數增加率_pct":0.0,"2020平均斑塊面積_ha":3042.63,"2024平均斑塊面積_ha":3203.82,"平均斑塊面積下降率_pct":0.0,"道路切割密度_km_per_km2":1.067,"建成區邊界切割密度_km_per_km2":0.0,"孤立小斑塊比例_pct":0.0,"距大型連續綠地平均距離_m":0.0,"score_面積減少":36.206896551724135,"score_斑塊增加":44.260435571687836,"score_平均斑塊縮小":28.153357531760438,"score_道路建成區切割":39.80263157894737,"score_孤立比例":40.58529945553539,"score_距大型綠地":38.40744101633394,"綜合破碎化分數":37.9,"破碎化等級":"低","判定原因":"面積減少0.0%；斑塊增加0.0%；平均斑塊縮小0.0%；道路密度1.07 km/km²；孤立比例0.0%；距大型綠地0m","2021面積_ha":30.06,"2022面積_ha":26.55,"2023面積_ha":23.76}},{"type":"Feature","geometry":{"type":"Polygon","coordinates":[[[121.39445285631277,24.42365553901333],[121.39448093440828,24.432684394851464],[121.40434276762888,24.432658360724634],[121.40431398764056,24.42362951573845],[121.39445285631277,24.42365553901333]]]},"properties":{"grid_id":"G013_008","綠地類型":"河川沿岸自然地表","中心經度":121.399398,"中心緯度":24.428157,"分析面積_km2":1.04,"2020面積_ha":11.25,"2024面積_ha":11.25,"面積減少率_pct":0.0,"2020斑塊數":1,"2024斑塊數":1,"斑塊數增加率_pct":0.0,"2020平均斑塊面積_ha":3042.63,"2024平均斑塊面積_ha":3203.82,"平均斑塊面積下降率_pct":0.0,"道路切割密度_km_per_km2":2.393,"建成區邊界切割密度_km_per_km2":0.0,"孤立小斑塊比例_pct":0.0,"距大型連續綠地平均距離_m":0.0,"score_面積減少":36.206896551724135,"score_斑塊增加":44.260435571687836,"score_平均斑塊縮小":28.153357531760438,"score_道路建成區切割":48.44600725952813,"score_孤立比例":40.58529945553539,"score_距大型綠地":38.40744101633394,"綜合破碎化分數":39.3,"破碎化等級":"低","判定原因":"面積減少0.0%；斑塊增加0.0%；平均斑塊縮小0.0%；道路密度2.39 km/km²；孤立比例0.0%；距大型綠地0m","2021面積_ha":11.25,"2022面積_ha":11.25,"2023面積_ha":11.25}},{"type":"Feature","geometry":{"type":"Polygon","coordinates":[[[121.40431398764056,24.42362951573845],[121.40434276762888,24.432658360724634],[121.41420458676538,24.43263168383012],[121.41417510488866,24.42360284996382],[121.40431398764056,24.42362951573845]]]},"properties":{"grid_id":"G013_009","綠地類型":"河川沿岸自然地表","中心經度":121.409259,"中心緯度":24.428131,"分析面積_km2":1.04,"2020面積_ha":40.23,"2024面積_ha":40.23,"面積減少率_pct":0.0,"2020斑塊數":1,"2024斑塊數":1,"斑塊數增加率_pct":0.0,"2020平均斑塊面積_ha":3042.63,"2024平均斑塊面積_ha":3203.82,"平均斑塊面積下降率_pct":0.0,"道路切割密度_km_per_km2":1.471,"建成區邊界切割密度_km_per_km2":0.0,"孤立小斑塊比例_pct":0.0,"距大型連續綠地平均距離_m":0.0,"score_面積減少":36.206896551724135,"score_斑塊增加":44.260435571687836,"score_平均斑塊縮小":28.153357531760438,"score_道路建成區切割":42.30943738656987,"score_孤立比例":40.58529945553539,"score_距大型綠地":38.40744101633394,"綜合破碎化分數":38.3,"破碎化等級":"低","判定原因":"面積減少0.0%；斑塊增加0.0%；平均斑塊縮小0.0%；道路密度1.47 km/km²；孤立比例0.0%；距大型綠地0m","2021面積_ha":40.23,"2022面積_ha":40.23,"2023面積_ha":40.23}},{"type":"Feature","geometry":{"type":"Polygon","coordinates":[[[121.41417510488866,24.42360284996382],[121.41420458676538,24.43263168383012],[121.42406639147435,24.432604364171613],[121.42403620771374,24.42357554169311],[121.41417510488866,24.42360284996382]]]},"properties":{"grid_id":"G013_010","綠地類型":"河川沿岸自然地表","中心經度":121.419121,"中心緯度":24.428104,"分析面積_km2":1.04,"2020面積_ha":55.35,"2024面積_ha":55.35,"面積減少率_pct":0.0,"2020斑塊數":1,"2024斑塊數":1,"斑塊數增加率_pct":0.0,"2020平均斑塊面積_ha":3042.63,"2024平均斑塊面積_ha":3203.82,"平均斑塊面積下降率_pct":0.0,"道路切割密度_km_per_km2":0.0,"建成區邊界切割密度_km_per_km2":0.0,"孤立小斑塊比例_pct":0.0,"距大型連續綠地平均距離_m":0.0,"score_面積減少":36.206896551724135,"score_斑塊增加":44.260435571687836,"score_平均斑塊縮小":28.153357531760438,"score_道路建成區切割":25.941470054446462,"score_孤立比例":40.58529945553539,"score_距大型綠地":38.40744101633394,"綜合破碎化分數":35.6,"破碎化等級":"低","判定原因":"面積減少0.0%；斑塊增加0.0%；平均斑塊縮小0.0%；道路密度0.00 km/km²；孤立比例0.0%；距大型綠地0m","2021面積_ha":55.35,"2022面積_ha":55.35,"2023面積_ha":55.35}},{"type":"Feature","geometry":{"type":"Polygon","coordinates":[[[121.42403620771374,24.42357554169311],[121.42406639147435,24.432604364171613],[121.43392818141227,24.43257640175287],[121.43389729577243,24.423547590930077],[121.42403620771374,24.42357554169311]]]},"properties":{"grid_id":"G013_011","綠地類型":"河川沿岸自然地表","中心經度":121.428982,"中心緯度":24.428076,"分析面積_km2":1.04,"2020面積_ha":37.35,"2024面積_ha":37.35,"面積減少率_pct":0.0,"2020斑塊數":1,"2024斑塊數":1,"斑塊數增加率_pct":0.0,"2020平均斑塊面積_ha":3042.63,"2024平均斑塊面積_ha":3203.82,"平均斑塊面積下降率_pct":0.0,"道路切割密度_km_per_km2":0.0,"建成區邊界切割密度_km_per_km2":0.0,"孤立小斑塊比例_pct":0.0,"距大型連續綠地平均距離_m":0.0,"score_面積減少":36.206896551724135,"score_斑塊增加":44.260435571687836,"score_平均斑塊縮小":28.153357531760438,"score_道路建成區切割":25.941470054446462,"score_孤立比例":40.58529945553539,"score_距大型綠地":38.40744101633394,"綜合破碎化分數":35.6,"破碎化等級":"低","判定原因":"面積減少0.0%；斑塊增加0.0%；平均斑塊縮小0.0%；道路密度0.00 km/km²；孤立比例0.0%；距大型綠地0m","2021面積_ha":37.35,"2022面積_ha":37.35,"2023面積_ha":37.35}},{"type":"Feature","geometry":{"type":"Polygon","coordinates":[[[121.43389729577243,24.423547590930077],[121.43392818141227,24.43257640175287],[121.44378995623572,24.432547796577744],[121.44375836872132,24.423518997678592],[121.43389729577243,24.423547590930077]]]},"properties":{"grid_id":"G013_012","綠地類型":"河川沿岸自然地表","中心經度":121.438843,"中心緯度":24.428048,"分析面積_km2":1.04,"2020面積_ha":9.9,"2024面積_ha":9.9,"面積減少率_pct":0.0,"2020斑塊數":1,"2024斑塊數":1,"斑塊數增加率_pct":0.0,"2020平均斑塊面積_ha":925.11,"2024平均斑塊面積_ha":1185.21,"平均斑塊面積下降率_pct":0.0,"道路切割密度_km_per_km2":1.788,"建成區邊界切割密度_km_per_km2":0.0,"孤立小斑塊比例_pct":0.0,"距大型連續綠地平均距離_m":0.0,"score_面積減少":36.206896551724135,"score_斑塊增加":44.260435571687836,"score_平均斑塊縮小":28.153357531760438,"score_道路建成區切割":45.07713248638839,"score_孤立比例":40.58529945553539,"score_距大型綠地":38.40744101633394,"綜合破碎化分數":38.8,"破碎化等級":"低","判定原因":"面積減少0.0%；斑塊增加0.0%；平均斑塊縮小0.0%；道路密度1.79 km/km²；孤立比例0.0%；距大型綠地0m","2021面積_ha":9.9,"2022面積_ha":9.9,"2023面積_ha":9.9}},{"type":"Feature","geometry":{"type":"Polygon","coordinates":[[[121.44375836872132,24.423518997678592],[121.44378995623572,24.432547796577744],[121.4536517156012,24.432518548650183],[121.45361942621714,24.42348976194258],[121.44375836872132,24.423518997678592]]]},"properties":{"grid_id":"G013_013","綠地類型":"河川沿岸自然地表","中心經度":121.448705,"中心緯度":24.428019,"分析面積_km2":1.04,"2020面積_ha":50.94,"2024面積_ha":50.94,"面積減少率_pct":0.0,"2020斑塊數":1,"2024斑塊數":1,"斑塊數增加率_pct":0.0,"2020平均斑塊面積_ha":925.11,"2024平均斑塊面積_ha":1185.21,"平均斑塊面積下降率_pct":0.0,"道路切割密度_km_per_km2":0.0,"建成區邊界切割密度_km_per_km2":0.0,"孤立小斑塊比例_pct":0.0,"距大型連續綠地平均距離_m":0.0,"score_面積減少":36.206896551724135,"score_斑塊增加":44.260435571687836,"score_平均斑塊縮小":28.153357531760438,"score_道路建成區切割":25.941470054446462,"score_孤立比例":40.58529945553539,"score_距大型綠地":38.40744101633394,"綜合破碎化分數":35.6,"破碎化等級":"低","判定原因":"面積減少0.0%；斑塊增加0.0%；平均斑塊縮小0.0%；道路密度0.00 km/km²；孤立比例0.0%；距大型綠地0m","2021面積_ha":50.94,"2022面積_ha":50.94,"2023面積_ha":50.94}},{"type":"Feature","geometry":{"type":"Polygon","coordinates":[[[121.49306349480223,24.423366394235295],[121.49309859161443,24.432395129497564],[121.50296026853827,24.432362667870088],[121.50292446988226,24.42333394613891],[121.49306349480223,24.423366394235295]]]},"properties":{"grid_id":"G013_018","綠地類型":"河川沿岸自然地表","中心經度":121.498012,"中心緯度":24.427865,"分析面積_km2":1.04,"2020面積_ha":22.77,"2024面積_ha":22.77,"面積減少率_pct":0.0,"2020斑塊數":1,"2024斑塊數":1,"斑塊數增加率_pct":0.0,"2020平均斑塊面積_ha":706.32,"2024平均斑塊面積_ha":739.08,"平均斑塊面積下降率_pct":0.0,"道路切割密度_km_per_km2":0.0,"建成區邊界切割密度_km_per_km2":0.0,"孤立小斑塊比例_pct":0.0,"距大型連續綠地平均距離_m":0.0,"score_面積減少":36.206896551724135,"score_斑塊增加":44.260435571687836,"score_平均斑塊縮小":28.153357531760438,"score_道路建成區切割":25.941470054446462,"score_孤立比例":40.58529945553539,"score_距大型綠地":38.40744101633394,"綜合破碎化分數":35.6,"破碎化等級":"低","判定原因":"面積減少0.0%；斑塊增加0.0%；平均斑塊縮小0.0%；道路密度0.00 km/km²；孤立比例0.0%；距大型綠地0m","2021面積_ha":22.77,"2022面積_ha":22.77,"2023面積_ha":22.77}},{"type":"Feature","geometry":{"type":"Polygon","coordinates":[[[121.50292446988226,24.42333394613891],[121.50296026853827,24.432362667870088],[121.51282192794348,24.432329563515694],[121.51278542744909,24.42330085558352],[121.50292446988226,24.42333394613891]]]},"properties":{"grid_id":"G013_019","綠地類型":"河川沿岸自然地表","中心經度":121.507873,"中心緯度":24.427832,"分析面積_km2":1.04,"2020面積_ha":30.51,"2024面積_ha":30.51,"面積減少率_pct":0.0,"2020斑塊數":1,"2024斑塊數":1,"斑塊數增加率_pct":0.0,"2020平均斑塊面積_ha":706.32,"2024平均斑塊面積_ha":739.08,"平均斑塊面積下降率_pct":0.0,"道路切割密度_km_per_km2":0.0,"建成區邊界切割密度_km_per_km2":0.0,"孤立小斑塊比例_pct":0.0,"距大型連續綠地平均距離_m":0.0,"score_面積減少":36.206896551724135,"score_斑塊增加":44.260435571687836,"score_平均斑塊縮小":28.153357531760438,"score_道路建成區切割":25.941470054446462,"score_孤立比例":40.58529945553539,"score_距大型綠地":38.40744101633394,"綜合破碎化分數":35.6,"破碎化等級":"低","判定原因":"面積減少0.0%；斑塊增加0.0%；平均斑塊縮小0.0%；道路密度0.00 km/km²；孤立比例0.0%；距大型綠地0m","2021面積_ha":30.51,"2022面積_ha":30.51,"2023面積_ha":30.51}},{"type":"Feature","geometry":{"type":"Polygon","coordinates":[[[121.57195078584681,24.423088820873645],[121.57199149725011,24.432117440385955],[121.58185302440849,24.432079837075925],[121.58181161120827,24.42305123323787],[121.57195078584681,24.423088820873645]]]},"properties":{"grid_id":"G013_026","綠地類型":"河川沿岸自然地表","中心經度":121.576902,"中心緯度":24.427584,"分析面積_km2":1.04,"2020面積_ha":33.93,"2024面積_ha":34.11,"面積減少率_pct":0.0,"2020斑塊數":2,"2024斑塊數":2,"斑塊數增加率_pct":0.0,"2020平均斑塊面積_ha":1519.83,"2024平均斑塊面積_ha":1592.235,"平均斑塊面積下降率_pct":0.0,"道路切割密度_km_per_km2":1.73,"建成區邊界切割密度_km_per_km2":0.0,"孤立小斑塊比例_pct":0.0,"距大型連續綠地平均距離_m":0.0,"score_面積減少":36.206896551724135,"score_斑塊增加":44.260435571687836,"score_平均斑塊縮小":28.153357531760438,"score_道路建成區切割":44.657441016333934,"score_孤立比例":40.58529945553539,"score_距大型綠地":38.40744101633394,"綜合破碎化分數":38.7,"破碎化等級":"低","判定原因":"面積減少0.0%；斑塊增加0.0%；平均斑塊縮小0.0%；道路密度1.73 km/km²；孤立比例0.0%；距大型綠地0m","2021面積_ha":33.84,"2022面積_ha":33.93,"2023面積_ha":33.93}},{"type":"Feature","geometry":{"type":"Polygon","coordinates":[[[121.58181161120827,24.42305123323787],[121.58185302440849,24.432079837075925],[121.59171453130077,24.432041591077972],[121.59167241630996,24.42301300318207],[121.58181161120827,24.42305123323787]]]},"properties":{"grid_id":"G013_027","綠地類型":"河川沿岸自然地表","中心經度":121.586763,"中心緯度":24.427546,"分析面積_km2":1.04,"2020面積_ha":27.09,"2024面積_ha":27.09,"面積減少率_pct":0.0,"2020斑塊數":1,"2024斑塊數":1,"斑塊數增加率_pct":0.0,"2020平均斑塊面積_ha":2919.15,"2024平均斑塊面積_ha":3064.86,"平均斑塊面積下降率_pct":0.0,"道路切割密度_km_per_km2":0.519,"建成區邊界切割密度_km_per_km2":0.0,"孤立小斑塊比例_pct":0.0,"距大型連續綠地平均距離_m":0.0,"score_面積減少":36.206896551724135,"score_斑塊增加":44.260435571687836,"score_平均斑塊縮小":28.153357531760438,"score_道路建成區切割":36.77404718693285,"score_孤立比例":40.58529945553539,"score_距大型綠地":38.40744101633394,"綜合破碎化分數":37.4,"破碎化等級":"低","判定原因":"面積減少0.0%；斑塊增加0.0%；平均斑塊縮小0.0%；道路密度0.52 km/km²；孤立比例0.0%；距大型綠地0m","2021面積_ha":27.09,"2022面積_ha":27.09,"2023面積_ha":27.09}},{"type":"Feature","geometry":{"type":"Polygon","coordinates":[[[121.61139396436093,24.42293461583151],[121.61143748291344,24.431963171039495],[121.62129892694702,24.43192299700977],[121.62125470662362,24.42289445854757],[121.61139396436093,24.42293461583151]]]},"properties":{"grid_id":"G013_030","綠地類型":"河川沿岸自然地表","中心經度":121.616346,"中心緯度":24.427429,"分析面積_km2":1.04,"2020面積_ha":17.64,"2024面積_ha":17.64,"面積減少率_pct":0.0,"2020斑塊數":1,"2024斑塊數":1,"斑塊數增加率_pct":0.0,"2020平均斑塊面積_ha":2712.51,"2024平均斑塊面積_ha":2751.66,"平均斑塊面積下降率_pct":0.0,"道路切割密度_km_per_km2":1.153,"建成區邊界切割密度_km_per_km2":0.0,"孤立小斑塊比例_pct":0.0,"距大型連續綠地平均距離_m":0.0,"score_面積減少":36.206896551724135,"score_斑塊增加":44.260435571687836,"score_平均斑塊縮小":28.153357531760438,"score_道路建成區切割":40.040834845735034,"score_孤立比例":40.58529945553539,"score_距大型綠地":38.40744101633394,"綜合破碎化分數":37.9,"破碎化等級":"低","判定原因":"面積減少0.0%；斑塊增加0.0%；平均斑塊縮小0.0%；道路密度1.15 km/km²；孤立比例0.0%；距大型綠地0m","2021面積_ha":18.63,"2022面積_ha":17.1,"2023面積_ha":18.09}},{"type":"Feature","geometry":{"type":"Polygon","coordinates":[[[121.6311154272534,24.4228536588652],[121.6311603493409,24.431882180313757],[121.64102174975167,24.431840720957066],[121.64097612590695,24.42281221679003],[121.6311154272534,24.4228536588652]]]},"properties":{"grid_id":"G013_032","綠地類型":"河川沿岸自然地表","中心經度":121.636068,"中心緯度":24.427347,"分析面積_km2":1.04,"2020面積_ha":64.8,"2024面積_ha":64.8,"面積減少率_pct":0.0,"2020斑塊數":1,"2024斑塊數":1,"斑塊數增加率_pct":0.0,"2020平均斑塊面積_ha":2712.51,"2024平均斑塊面積_ha":2751.66,"平均斑塊面積下降率_pct":0.0,"道路切割密度_km_per_km2":1.672,"建成區邊界切割密度_km_per_km2":0.0,"孤立小斑塊比例_pct":0.0,"距大型連續綠地平均距離_m":0.0,"score_面積減少":36.206896551724135,"score_斑塊增加":44.260435571687836,"score_平均斑塊縮小":28.153357531760438,"score_道路建成區切割":44.21506352087114,"score_孤立比例":40.58529945553539,"score_距大型綠地":38.40744101633394,"綜合破碎化分數":38.6,"破碎化等級":"低","判定原因":"面積減少0.0%；斑塊增加0.0%；平均斑塊縮小0.0%；道路密度1.67 km/km²；孤立比例0.0%；距大型綠地0m","2021面積_ha":64.8,"2022面積_ha":64.8,"2023面積_ha":64.8}},{"type":"Feature","geometry":{"type":"Polygon","coordinates":[[[121.64097612590695,24.42281221679003],[121.64102174975167,24.431840720957066],[121.65088312783598,24.431798618945425],[121.65083680224105,24.42277013232777],[121.64097612590695,24.42281221679003]]]},"properties":{"grid_id":"G013_033","綠地類型":"河川沿岸自然地表","中心經度":121.645929,"中心緯度":24.427306,"分析面積_km2":1.04,"2020面積_ha":31.23,"2024面積_ha":31.23,"面積減少率_pct":0.0,"2020斑塊數":1,"2024斑塊數":1,"斑塊數增加率_pct":0.0,"2020平均斑塊面積_ha":2712.51,"2024平均斑塊面積_ha":2751.66,"平均斑塊面積下降率_pct":0.0,"道路切割密度_km_per_km2":0.375,"建成區邊界切割密度_km_per_km2":0.0,"孤立小斑塊比例_pct":0.0,"距大型連續綠地平均距離_m":0.0,"score_面積減少":36.206896551724135,"score_斑塊增加":44.260435571687836,"score_平均斑塊縮小":28.153357531760438,"score_道路建成區切割":36.08212341197822,"score_孤立比例":40.58529945553539,"score_距大型綠地":38.40744101633394,"綜合破碎化分數":37.3,"破碎化等級":"低","判定原因":"面積減少0.0%；斑塊增加0.0%；平均斑塊縮小0.0%；道路密度0.38 km/km²；孤立比例0.0%；距大型綠地0m","2021面積_ha":31.23,"2022面積_ha":31.23,"2023面積_ha":31.23}},{"type":"Feature","geometry":{"type":"Polygon","coordinates":[[[121.32547091242971,24.441877549459928],[121.33533353688557,24.441856005824718],[121.33530965855391,24.43282710129638],[121.32749420914361,24.432844220097902],[121.32741,24.433399999999995],[121.32721,24.433980000000002],[121.32696,24.43434],[121.3254545052694,24.435486119095764],[121.32547091242971,24.441877549459928]]]},"properties":{"grid_id":"G014_001","綠地類型":"河川沿岸自然地表","中心經度":121.330394,"中心緯度":24.438671,"分析面積_km2":0.997,"2020面積_ha":20.79,"2024面積_ha":21.24,"面積減少率_pct":0.0,"2020斑塊數":1,"2024斑塊數":1,"斑塊數增加率_pct":0.0,"2020平均斑塊面積_ha":3042.63,"2024平均斑塊面積_ha":3203.82,"平均斑塊面積下降率_pct":0.0,"道路切割密度_km_per_km2":2.377,"建成區邊界切割密度_km_per_km2":0.0,"孤立小斑塊比例_pct":0.0,"距大型連續綠地平均距離_m":0.0,"score_面積減少":36.206896551724135,"score_斑塊增加":44.260435571687836,"score_平均斑塊縮小":28.153357531760438,"score_道路建成區切割":48.343920145190566,"score_孤立比例":40.58529945553539,"score_距大型綠地":38.40744101633394,"綜合破碎化分數":39.3,"破碎化等級":"低","判定原因":"面積減少0.0%；斑塊增加0.0%；平均斑塊縮小0.0%；道路密度2.38 km/km²；孤立比例0.0%；距大型綠地0m","2021面積_ha":20.97,"2022面積_ha":20.43,"2023面積_ha":20.97}},{"type":"Feature","geometry":{"type":"Polygon","coordinates":[[[121.33530965855391,24.43282710129638],[121.33533353688557,24.441856005824718],[121.34519614965807,24.441833819130586],[121.34517156906588,24.432804923847897],[121.33530965855391,24.43282710129638]]]},"properties":{"grid_id":"G014_002","綠地類型":"河川沿岸自然地表","中心經度":121.340253,"中心緯度":24.437331,"分析面積_km2":1.04,"2020面積_ha":29.07,"2024面積_ha":29.07,"面積減少率_pct":0.0,"2020斑塊數":1,"2024斑塊數":1,"斑塊數增加率_pct":0.0,"2020平均斑塊面積_ha":3042.63,"2024平均斑塊面積_ha":3203.82,"平均斑塊面積下降率_pct":0.0,"道路切割密度_km_per_km2":1.759,"建成區邊界切割密度_km_per_km2":0.0,"孤立小斑塊比例_pct":0.0,"距大型連續綠地平均距離_m":0.0,"score_面積減少":36.206896551724135,"score_斑塊增加":44.260435571687836,"score_平均斑塊縮小":28.153357531760438,"score_道路建成區切割":44.8502722323049,"score_孤立比例":40.58529945553539,"score_距大型綠地":38.40744101633394,"綜合破碎化分數":38.7,"破碎化等級":"低","判定原因":"面積減少0.0%；斑塊增加0.0%；平均斑塊縮小0.0%；道路密度1.76 km/km²；孤立比例0.0%；距大型綠地0m","2021面積_ha":29.07,"2022面積_ha":29.07,"2023面積_ha":29.07}},{"type":"Feature","geometry":{"type":"Polygon","coordinates":[[[121.34517156906588,24.432804923847897],[121.34519614965807,24.441833819130586],[121.35505875040361,24.441810989380603],[121.35503346755468,24.432782103611533],[121.34517156906588,24.432804923847897]]]},"properties":{"grid_id":"G014_003","綠地類型":"河川沿岸自然地表","中心經度":121.350115,"中心緯度":24.437308,"分析面積_km2":1.04,"2020面積_ha":28.26,"2024面積_ha":28.26,"面積減少率_pct":0.0,"2020斑塊數":1,"2024斑塊數":1,"斑塊數增加率_pct":0.0,"2020平均斑塊面積_ha":3042.63,"2024平均斑塊面積_ha":3203.82,"平均斑塊面積下降率_pct":0.0,"道路切割密度_km_per_km2":2.018,"建成區邊界切割密度_km_per_km2":0.0,"孤立小斑塊比例_pct":0.0,"距大型連續綠地平均距離_m":0.0,"score_面積減少":36.206896551724135,"score_斑塊增加":44.260435571687836,"score_平均斑塊縮小":28.153357531760438,"score_道路建成區切割":46.472323049001815,"score_孤立比例":40.58529945553539,"score_距大型綠地":38.40744101633394,"綜合破碎化分數":39.0,"破碎化等級":"低","判定原因":"面積減少0.0%；斑塊增加0.0%；平均斑塊縮小0.0%；道路密度2.02 km/km²；孤立比例0.0%；距大型綠地0m","2021面積_ha":28.26,"2022面積_ha":28.26,"2023面積_ha":28.26}},{"type":"Feature","geometry":{"type":"Polygon","coordinates":[[[121.39448093440828,24.432684394851464],[121.39450902624438,24.44171323988637],[121.40437156170125,24.441687194906088],[121.40434276762888,24.432658360724634],[121.39448093440828,24.432684394851464]]]},"properties":{"grid_id":"G014_008","綠地類型":"河川沿岸自然地表","中心經度":121.399426,"中心緯度":24.437186,"分析面積_km2":1.04,"2020面積_ha":34.02,"2024面積_ha":34.02,"面積減少率_pct":0.0,"2020斑塊數":1,"2024斑塊數":1,"斑塊數增加率_pct":0.0,"2020平均斑塊面積_ha":3042.63,"2024平均斑塊面積_ha":3203.82,"平均斑塊面積下降率_pct":0.0,"道路切割密度_km_per_km2":2.278,"建成區邊界切割密度_km_per_km2":0.0,"孤立小斑塊比例_pct":0.0,"距大型連續綠地平均距離_m":0.0,"score_面積減少":36.206896551724135,"score_斑塊增加":44.260435571687836,"score_平均斑塊縮小":28.153357531760438,"score_道路建成區切割":47.91288566243195,"score_孤立比例":40.58529945553539,"score_距大型綠地":38.40744101633394,"綜合破碎化分數":39.3,"破碎化等級":"低","判定原因":"面積減少0.0%；斑塊增加0.0%；平均斑塊縮小0.0%；道路密度2.28 km/km²；孤立比例0.0%；距大型綠地0m","2021面積_ha":34.02,"2022面積_ha":33.93,"2023面積_ha":34.02}},{"type":"Feature","geometry":{"type":"Polygon","coordinates":[[[121.41420458676538,24.43263168383012],[121.41423408306966,24.441660506890162],[121.42409659000596,24.44163317584228],[121.42406639147435,24.432604364171613],[121.41420458676538,24.43263168383012]]]},"properties":{"grid_id":"G014_010","綠地類型":"河川沿岸自然地表","中心經度":121.41915,"中心緯度":24.437133,"分析面積_km2":1.04,"2020面積_ha":36.27,"2024面積_ha":36.27,"面積減少率_pct":0.0,"2020斑塊數":1,"2024斑塊數":1,"斑塊數增加率_pct":0.0,"2020平均斑塊面積_ha":3042.63,"2024平均斑塊面積_ha":3203.82,"平均斑塊面積下降率_pct":0.0,"道路切割密度_km_per_km2":0.26,"建成區邊界切割密度_km_per_km2":0.0,"孤立小斑塊比例_pct":0.0,"距大型連續綠地平均距離_m":0.0,"score_面積減少":36.206896551724135,"score_斑塊增加":44.260435571687836,"score_平均斑塊縮小":28.153357531760438,"score_道路建成區切割":35.367513611615244,"score_孤立比例":40.58529945553539,"score_距大型綠地":38.40744101633394,"綜合破碎化分數":37.2,"破碎化等級":"低","判定原因":"面積減少0.0%；斑塊增加0.0%；平均斑塊縮小0.0%；道路密度0.26 km/km²；孤立比例0.0%；距大型綠地0m","2021面積_ha":36.27,"2022面積_ha":36.27,"2023面積_ha":36.27}},{"type":"Feature","geometry":{"type":"Polygon","coordinates":[[[121.42406639147435,24.432604364171613],[121.42409659000596,24.44163317584228],[121.43395908216664,24.441605201766208],[121.43392818141227,24.43257640175287],[121.42406639147435,24.432604364171613]]]},"properties":{"grid_id":"G014_011","綠地類型":"河川沿岸自然地表","中心經度":121.429013,"中心緯度":24.437105,"分析面積_km2":1.04,"2020面積_ha":7.47,"2024面積_ha":7.47,"面積減少率_pct":0.0,"2020斑塊數":1,"2024斑塊數":1,"斑塊數增加率_pct":0.0,"2020平均斑塊面積_ha":3042.63,"2024平均斑塊面積_ha":3203.82,"平均斑塊面積下降率_pct":0.0,"道路切割密度_km_per_km2":0.0,"建成區邊界切割密度_km_per_km2":0.0,"孤立小斑塊比例_pct":0.0,"距大型連續綠地平均距離_m":0.0,"score_面積減少":36.206896551724135,"score_斑塊增加":44.260435571687836,"score_平均斑塊縮小":28.153357531760438,"score_道路建成區切割":25.941470054446462,"score_孤立比例":40.58529945553539,"score_距大型綠地":38.40744101633394,"綜合破碎化分數":35.6,"破碎化等級":"低","判定原因":"面積減少0.0%；斑塊增加0.0%；平均斑塊縮小0.0%；道路密度0.00 km/km²；孤立比例0.0%；距大型綠地0m","2021面積_ha":7.47,"2022面積_ha":7.47,"2023面積_ha":7.47}},{"type":"Feature","geometry":{"type":"Polygon","coordinates":[[[121.43392818141227,24.43257640175287],[121.43395908216664,24.441605201766208],[121.44382155920805,24.441576584665796],[121.44378995623572,24.432547796577744],[121.43392818141227,24.43257640175287]]]},"properties":{"grid_id":"G014_012","綠地類型":"河川沿岸自然地表","中心經度":121.438875,"中心緯度":24.437077,"分析面積_km2":1.04,"2020面積_ha":32.4,"2024面積_ha":32.4,"面積減少率_pct":0.0,"2020斑塊數":2,"2024斑塊數":2,"斑塊數增加率_pct":0.0,"2020平均斑塊面積_ha":1983.87,"2024平均斑塊面積_ha":2194.515,"平均斑塊面積下降率_pct":0.0,"道路切割密度_km_per_km2":1.586,"建成區邊界切割密度_km_per_km2":0.0,"孤立小斑塊比例_pct":0.0,"距大型連續綠地平均距離_m":0.0,"score_面積減少":36.206896551724135,"score_斑塊增加":44.260435571687836,"score_平均斑塊縮小":28.153357531760438,"score_道路建成區切割":43.30762250453721,"score_孤立比例":40.58529945553539,"score_距大型綠地":38.40744101633394,"綜合破碎化分數":38.5,"破碎化等級":"低","判定原因":"面積減少0.0%；斑塊增加0.0%；平均斑塊縮小0.0%；道路密度1.59 km/km²；孤立比例0.0%；距大型綠地0m","2021面積_ha":32.4,"2022面積_ha":32.4,"2023面積_ha":32.4}},{"type":"Feature","geometry":{"type":"Polygon","coordinates":[[[121.44378995623572,24.432547796577744],[121.44382155920805,24.441576584665796],[121.45368402078667,24.441547324545006],[121.4536517156012,24.432518548650183],[121.44378995623572,24.432547796577744]]]},"properties":{"grid_id":"G014_013","綠地類型":"河川沿岸自然地表","中心經度":121.448737,"中心緯度":24.437048,"分析面積_km2":1.04,"2020面積_ha":31.5,"2024面積_ha":31.5,"面積減少率_pct":0.0,"2020斑塊數":1,"2024斑塊數":1,"斑塊數增加率_pct":0.0,"2020平均斑塊面積_ha":925.11,"2024平均斑塊面積_ha":1185.21,"平均斑塊面積下降率_pct":0.0,"道路切割密度_km_per_km2":0.0,"建成區邊界切割密度_km_per_km2":0.0,"孤立小斑塊比例_pct":0.0,"距大型連續綠地平均距離_m":0.0,"score_面積減少":36.206896551724135,"score_斑塊增加":44.260435571687836,"score_平均斑塊縮小":28.153357531760438,"score_道路建成區切割":25.941470054446462,"score_孤立比例":40.58529945553539,"score_距大型綠地":38.40744101633394,"綜合破碎化分數":35.6,"破碎化等級":"低","判定原因":"面積減少0.0%；斑塊增加0.0%；平均斑塊縮小0.0%；道路密度0.00 km/km²；孤立比例0.0%；距大型綠地0m","2021面積_ha":31.5,"2022面積_ha":31.5,"2023面積_ha":31.5}},{"type":"Feature","geometry":{"type":"Polygon","coordinates":[[[121.4536517156012,24.432518548650183],[121.45368402078667,24.441547324545006],[121.46354646655892,24.44151742140785],[121.46351345916528,24.432488657974222],[121.4536517156012,24.432518548650183]]]},"properties":{"grid_id":"G014_014","綠地類型":"河川沿岸自然地表","中心經度":121.458599,"中心緯度":24.437018,"分析面積_km2":1.04,"2020面積_ha":23.76,"2024面積_ha":23.76,"面積減少率_pct":0.0,"2020斑塊數":1,"2024斑塊數":1,"斑塊數增加率_pct":0.0,"2020平均斑塊面積_ha":925.11,"2024平均斑塊面積_ha":1185.21,"平均斑塊面積下降率_pct":0.0,"道路切割密度_km_per_km2":0.202,"建成區邊界切割密度_km_per_km2":0.0,"孤立小斑塊比例_pct":0.0,"距大型連續綠地平均距離_m":0.0,"score_面積減少":36.206896551724135,"score_斑塊增加":44.260435571687836,"score_平均斑塊縮小":28.153357531760438,"score_道路建成區切割":34.9931941923775,"score_孤立比例":40.58529945553539,"score_距大型綠地":38.40744101633394,"綜合破碎化分數":37.1,"破碎化等級":"低","判定原因":"面積減少0.0%；斑塊增加0.0%；平均斑塊縮小0.0%；道路密度0.20 km/km²；孤立比例0.0%；距大型綠地0m","2021面積_ha":23.76,"2022面積_ha":23.76,"2023面積_ha":23.76}},{"type":"Feature","geometry":{"type":"Polygon","coordinates":[[[121.47337518658448,24.432458124553975],[121.47340889618124,24.44148687525847],[121.48327130931007,24.441455686101065],[121.48323689751533,24.43242694839366],[121.47337518658448,24.432458124553975]]]},"properties":{"grid_id":"G014_016","綠地類型":"河川沿岸自然地表","中心經度":121.478323,"中心緯度":24.436957,"分析面積_km2":1.04,"2020面積_ha":25.83,"2024面積_ha":25.83,"面積減少率_pct":0.0,"2020斑塊數":1,"2024斑塊數":1,"斑塊數增加率_pct":0.0,"2020平均斑塊面積_ha":706.32,"2024平均斑塊面積_ha":739.08,"平均斑塊面積下降率_pct":0.0,"道路切割密度_km_per_km2":0.0,"建成區邊界切割密度_km_per_km2":0.0,"孤立小斑塊比例_pct":0.0,"距大型連續綠地平均距離_m":0.0,"score_面積減少":36.206896551724135,"score_斑塊增加":44.260435571687836,"score_平均斑塊縮小":28.153357531760438,"score_道路建成區切割":25.941470054446462,"score_孤立比例":40.58529945553539,"score_距大型綠地":38.40744101633394,"綜合破碎化分數":35.6,"破碎化等級":"低","判定原因":"面積減少0.0%；斑塊增加0.0%；平均斑塊縮小0.0%；道路密度0.00 km/km²；孤立比例0.0%；距大型綠地0m","2021面積_ha":25.83,"2022面積_ha":25.83,"2023面積_ha":25.83}},{"type":"Feature","geometry":{"type":"Polygon","coordinates":[[[121.48323689751533,24.43242694839366],[121.48327130931007,24.441455686101065],[121.49313370560185,24.44142385393994],[121.49309859161443,24.432395129497564],[121.48323689751533,24.43242694839366]]]},"properties":{"grid_id":"G014_017","綠地類型":"河川沿岸自然地表","中心經度":121.488185,"中心緯度":24.436925,"分析面積_km2":1.04,"2020面積_ha":46.53,"2024面積_ha":46.53,"面積減少率_pct":0.0,"2020斑塊數":1,"2024斑塊數":1,"斑塊數增加率_pct":0.0,"2020平均斑塊面積_ha":706.32,"2024平均斑塊面積_ha":739.08,"平均斑塊面積下降率_pct":0.0,"道路切割密度_km_per_km2":0.0,"建成區邊界切割密度_km_per_km2":0.0,"孤立小斑塊比例_pct":0.0,"距大型連續綠地平均距離_m":0.0,"score_面積減少":36.206896551724135,"score_斑塊增加":44.260435571687836,"score_平均斑塊縮小":28.153357531760438,"score_道路建成區切割":25.941470054446462,"score_孤立比例":40.58529945553539,"score_距大型綠地":38.40744101633394,"綜合破碎化分數":35.6,"破碎化等級":"低","判定原因":"面積減少0.0%；斑塊增加0.0%；平均斑塊縮小0.0%；道路密度0.00 km/km²；孤立比例0.0%；距大型綠地0m","2021面積_ha":46.53,"2022面積_ha":46.53,"2023面積_ha":46.53}},{"type":"Feature","geometry":{"type":"Polygon","coordinates":[[[121.49309859161443,24.432395129497564],[121.49313370560185,24.44142385393994],[121.50299608471299,24.44139137877949],[121.50296026853827,24.432362667870088],[121.49309859161443,24.432395129497564]]]},"properties":{"grid_id":"G014_018","綠地類型":"河川沿岸自然地表","中心經度":121.498047,"中心緯度":24.436893,"分析面積_km2":1.04,"2020面積_ha":48.15,"2024面積_ha":49.41,"面積減少率_pct":0.0,"2020斑塊數":1,"2024斑塊數":1,"斑塊數增加率_pct":0.0,"2020平均斑塊面積_ha":706.32,"2024平均斑塊面積_ha":739.08,"平均斑塊面積下降率_pct":0.0,"道路切割密度_km_per_km2":0.0,"建成區邊界切割密度_km_per_km2":0.0,"孤立小斑塊比例_pct":0.0,"距大型連續綠地平均距離_m":0.0,"score_面積減少":36.206896551724135,"score_斑塊增加":44.260435571687836,"score_平均斑塊縮小":28.153357531760438,"score_道路建成區切割":25.941470054446462,"score_孤立比例":40.58529945553539,"score_距大型綠地":38.40744101633394,"綜合破碎化分數":35.6,"破碎化等級":"低","判定原因":"面積減少0.0%；斑塊增加0.0%；平均斑塊縮小0.0%；道路密度0.00 km/km²；孤立比例0.0%；距大型綠地0m","2021面積_ha":49.32,"2022面積_ha":49.05,"2023面積_ha":49.23}},{"type":"Feature","geometry":{"type":"Polygon","coordinates":[[[121.51282192794348,24.432329563515694],[121.51285844629999,24.441358260624185],[121.52272079001926,24.44132449947859],[121.52268356948656,24.43229581643895],[121.51282192794348,24.432329563515694]]]},"properties":{"grid_id":"G014_020","綠地類型":"河川沿岸自然地表","中心經度":121.517771,"中心緯度":24.436827,"分析面積_km2":1.04,"2020面積_ha":23.76,"2024面積_ha":24.75,"面積減少率_pct":0.0,"2020斑塊數":2,"2024斑塊數":1,"斑塊數增加率_pct":0.0,"2020平均斑塊面積_ha":370.44,"2024平均斑塊面積_ha":739.08,"平均斑塊面積下降率_pct":0.0,"道路切割密度_km_per_km2":1.269,"建成區邊界切割密度_km_per_km2":0.0,"孤立小斑塊比例_pct":0.0,"距大型連續綠地平均距離_m":0.0,"score_面積減少":36.206896551724135,"score_斑塊增加":44.260435571687836,"score_平均斑塊縮小":28.153357531760438,"score_道路建成區切割":40.710072595281304,"score_孤立比例":40.58529945553539,"score_距大型綠地":38.40744101633394,"綜合破碎化分數":38.1,"破碎化等級":"低","判定原因":"面積減少0.0%；斑塊增加0.0%；平均斑塊縮小0.0%；道路密度1.27 km/km²；孤立比例0.0%；距大型綠地0m","2021面積_ha":24.48,"2022面積_ha":24.3,"2023面積_ha":24.48}},{"type":"Feature","geometry":{"type":"Polygon","coordinates":[[[121.56212995016908,24.432154401002876],[121.56216997934845,24.44118302508779],[121.57203222857609,24.44114604906236],[121.57199149725011,24.432117440385955],[121.56212995016908,24.432154401002876]]]},"properties":{"grid_id":"G014_025","綠地類型":"河川沿岸自然地表","中心經度":121.567081,"中心緯度":24.43665,"分析面積_km2":1.04,"2020面積_ha":18.36,"2024面積_ha":18.36,"面積減少率_pct":0.0,"2020斑塊數":1,"2024斑塊數":1,"斑塊數增加率_pct":0.0,"2020平均斑塊面積_ha":2919.15,"2024平均斑塊面積_ha":3064.86,"平均斑塊面積下降率_pct":0.0,"道路切割密度_km_per_km2":1.644,"建成區邊界切割密度_km_per_km2":0.0,"孤立小斑塊比例_pct":0.0,"距大型連續綠地平均距離_m":0.0,"score_面積減少":36.206896551724135,"score_斑塊增加":44.260435571687836,"score_平均斑塊縮小":28.153357531760438,"score_道路建成區切割":43.93148820326679,"score_孤立比例":40.58529945553539,"score_距大型綠地":38.40744101633394,"綜合破碎化分數":38.6,"破碎化等級":"低","判定原因":"面積減少0.0%；斑塊增加0.0%；平均斑塊縮小0.0%；道路密度1.64 km/km²；孤立比例0.0%；距大型綠地0m","2021面積_ha":18.36,"2022面積_ha":18.36,"2023面積_ha":18.36}},{"type":"Feature","geometry":{"type":"Polygon","coordinates":[[[121.57199149725011,24.432117440385955],[121.57203222857609,24.44114604906236],[121.58189445787482,24.4411084300759],[121.58185302440849,24.432079837075925],[121.57199149725011,24.432117440385955]]]},"properties":{"grid_id":"G014_026","綠地類型":"河川沿岸自然地表","中心經度":121.576943,"中心緯度":24.436613,"分析面積_km2":1.04,"2020面積_ha":21.24,"2024面積_ha":21.24,"面積減少率_pct":0.0,"2020斑塊數":1,"2024斑塊數":1,"斑塊數增加率_pct":0.0,"2020平均斑塊面積_ha":2919.15,"2024平均斑塊面積_ha":3064.86,"平均斑塊面積下降率_pct":0.0,"道路切割密度_km_per_km2":0.0,"建成區邊界切割密度_km_per_km2":0.0,"孤立小斑塊比例_pct":0.0,"距大型連續綠地平均距離_m":0.0,"score_面積減少":36.206896551724135,"score_斑塊增加":44.260435571687836,"score_平均斑塊縮小":28.153357531760438,"score_道路建成區切割":25.941470054446462,"score_孤立比例":40.58529945553539,"score_距大型綠地":38.40744101633394,"綜合破碎化分數":35.6,"破碎化等級":"低","判定原因":"面積減少0.0%；斑塊增加0.0%；平均斑塊縮小0.0%；道路密度0.00 km/km²；孤立比例0.0%；距大型綠地0m","2021面積_ha":21.24,"2022面積_ha":21.24,"2023面積_ha":21.24}},{"type":"Feature","geometry":{"type":"Polygon","coordinates":[[[121.59171453130077,24.432041591077972],[121.59175666690109,24.441070168133606],[121.60161885531139,24.441031263240745],[121.60157601758355,24.43200270239738],[121.59171453130077,24.432041591077972]]]},"properties":{"grid_id":"G014_028","綠地類型":"河川沿岸自然地表","中心經度":121.596667,"中心緯度":24.436537,"分析面積_km2":1.04,"2020面積_ha":55.8,"2024面積_ha":55.8,"面積減少率_pct":0.0,"2020斑塊數":1,"2024斑塊數":1,"斑塊數增加率_pct":0.0,"2020平均斑塊面積_ha":2919.15,"2024平均斑塊面積_ha":3064.86,"平均斑塊面積下降率_pct":0.0,"道路切割密度_km_per_km2":0.0,"建成區邊界切割密度_km_per_km2":0.0,"孤立小斑塊比例_pct":0.0,"距大型連續綠地平均距離_m":0.0,"score_面積減少":36.206896551724135,"score_斑塊增加":44.260435571687836,"score_平均斑塊縮小":28.153357531760438,"score_道路建成區切割":25.941470054446462,"score_孤立比例":40.58529945553539,"score_距大型綠地":38.40744101633394,"綜合破碎化分數":35.6,"破碎化等級":"低","判定原因":"面積減少0.0%；斑塊增加0.0%；平均斑塊縮小0.0%；道路密度0.00 km/km²；孤立比例0.0%；距大型綠地0m","2021面積_ha":55.8,"2022面積_ha":55.8,"2023面積_ha":55.8}},{"type":"Feature","geometry":{"type":"Polygon","coordinates":[[[121.60157601758355,24.43200270239738],[121.60161885531139,24.441031263240745],[121.61148102276223,24.440991715402678],[121.61143748291344,24.431963171039495],[121.60157601758355,24.43200270239738]]]},"properties":{"grid_id":"G014_029","綠地類型":"河川沿岸自然地表","中心經度":121.606528,"中心緯度":24.436497,"分析面積_km2":1.04,"2020面積_ha":23.76,"2024面積_ha":23.76,"面積減少率_pct":0.0,"2020斑塊數":2,"2024斑塊數":2,"斑塊數增加率_pct":0.0,"2020平均斑塊面積_ha":2815.83,"2024平均斑塊面積_ha":2908.26,"平均斑塊面積下降率_pct":0.0,"道路切割密度_km_per_km2":1.788,"建成區邊界切割密度_km_per_km2":0.0,"孤立小斑塊比例_pct":0.0,"距大型連續綠地平均距離_m":0.0,"score_面積減少":36.206896551724135,"score_斑塊增加":44.260435571687836,"score_平均斑塊縮小":28.153357531760438,"score_道路建成區切割":45.07713248638839,"score_孤立比例":40.58529945553539,"score_距大型綠地":38.40744101633394,"綜合破碎化分數":38.8,"破碎化等級":"低","判定原因":"面積減少0.0%；斑塊增加0.0%；平均斑塊縮小0.0%；道路密度1.79 km/km²；孤立比例0.0%；距大型綠地0m","2021面積_ha":23.76,"2022面積_ha":23.76,"2023面積_ha":23.76}},{"type":"Feature","geometry":{"type":"Polygon","coordinates":[[[121.61143748291344,24.431963171039495],[121.61148102276223,24.440991715402678],[121.62134316891012,24.440951524624865],[121.62129892694702,24.43192299700977],[121.61143748291344,24.431963171039495]]]},"properties":{"grid_id":"G014_030","綠地類型":"河川沿岸自然地表","中心經度":121.61639,"中心緯度":24.436457,"分析面積_km2":1.04,"2020面積_ha":46.08,"2024面積_ha":46.08,"面積減少率_pct":0.0,"2020斑塊數":1,"2024斑塊數":1,"斑塊數增加率_pct":0.0,"2020平均斑塊面積_ha":2712.51,"2024平均斑塊面積_ha":2751.66,"平均斑塊面積下降率_pct":0.0,"道路切割密度_km_per_km2":0.0,"建成區邊界切割密度_km_per_km2":0.0,"孤立小斑塊比例_pct":0.0,"距大型連續綠地平均距離_m":0.0,"score_面積減少":36.206896551724135,"score_斑塊增加":44.260435571687836,"score_平均斑塊縮小":28.153357531760438,"score_道路建成區切割":25.941470054446462,"score_孤立比例":40.58529945553539,"score_距大型綠地":38.40744101633394,"綜合破碎化分數":35.6,"破碎化等級":"低","判定原因":"面積減少0.0%；斑塊增加0.0%；平均斑塊縮小0.0%；道路密度0.00 km/km²；孤立比例0.0%；距大型綠地0m","2021面積_ha":46.53,"2022面積_ha":45.99,"2023面積_ha":46.53}},{"type":"Feature","geometry":{"type":"Polygon","coordinates":[[[121.32549409983693,24.450906452169235],[121.32547091242971,24.441877549459928],[121.31793623808126,24.44189357467605],[121.3181456,24.4423643],[121.31859850000001,24.443693399999997],[121.3187607,24.444087099999997],[121.3190919,24.444560899999992],[121.319592,24.4450778],[121.3196799,24.445422300000004],[121.319619,24.4457915],[121.3196934,24.446166799999993],[121.32008540000001,24.447557299999996],[121.32017330000001,24.4478711],[121.3203963,24.4484803],[121.32070100000001,24.449070099999997],[121.32091170000001,24.4493988],[121.32166386040446,24.450914648299218],[121.32549409983693,24.450906452169235]]]},"properties":{"grid_id":"G015_000","綠地類型":"河川沿岸自然地表","中心經度":121.322687,"中心緯度":24.446856,"分析面積_km2":0.611,"2020面積_ha":14.94,"2024面積_ha":14.94,"面積減少率_pct":0.0,"2020斑塊數":1,"2024斑塊數":1,"斑塊數增加率_pct":0.0,"2020平均斑塊面積_ha":3042.63,"2024平均斑塊面積_ha":3203.82,"平均斑塊面積下降率_pct":0.0,"道路切割密度_km_per_km2":0.589,"建成區邊界切割密度_km_per_km2":0.0,"孤立小斑塊比例_pct":0.0,"距大型連續綠地平均距離_m":0.0,"score_面積減少":36.206896551724135,"score_斑塊增加":44.260435571687836,"score_平均斑塊縮小":28.153357531760438,"score_道路建成區切割":37.27313974591652,"score_孤立比例":40.58529945553539,"score_距大型綠地":38.40744101633394,"綜合破碎化分數":37.5,"破碎化等級":"低","判定原因":"面積減少0.0%；斑塊增加0.0%；平均斑塊縮小0.0%；道路密度0.59 km/km²；孤立比例0.0%；距大型綠地0m","2021面積_ha":14.94,"2022面積_ha":14.94,"2023面積_ha":14.94}},{"type":"Feature","geometry":{"type":"Polygon","coordinates":[[[121.32547091242971,24.441877549459928],[121.32549409983693,24.450906452169235],[121.33535742690056,24.450884899555103],[121.33533353688557,24.441856005824718],[121.32547091242971,24.441877549459928]]]},"properties":{"grid_id":"G015_001","綠地類型":"河川沿岸自然地表","中心經度":121.330414,"中心緯度":24.446381,"分析面積_km2":1.04,"2020面積_ha":32.22,"2024面積_ha":32.22,"面積減少率_pct":0.0,"2020斑塊數":1,"2024斑塊數":1,"斑塊數增加率_pct":0.0,"2020平均斑塊面積_ha":3042.63,"2024平均斑塊面積_ha":3203.82,"平均斑塊面積下降率_pct":0.0,"道路切割密度_km_per_km2":0.0,"建成區邊界切割密度_km_per_km2":0.0,"孤立小斑塊比例_pct":0.0,"距大型連續綠地平均距離_m":0.0,"score_面積減少":36.206896551724135,"score_斑塊增加":44.260435571687836,"score_平均斑塊縮小":28.153357531760438,"score_道路建成區切割":25.941470054446462,"score_孤立比例":40.58529945553539,"score_距大型綠地":38.40744101633394,"綜合破碎化分數":35.6,"破碎化等級":"低","判定原因":"面積減少0.0%；斑塊增加0.0%；平均斑塊縮小0.0%；道路密度0.00 km/km²；孤立比例0.0%；距大型綠地0m","2021面積_ha":32.22,"2022面積_ha":32.22,"2023面積_ha":32.22}},{"type":"Feature","geometry":{"type":"Polygon","coordinates":[[[121.33533353688557,24.441856005824718],[121.33535742690056,24.450884899555103],[121.3452207422772,24.450862703614046],[121.34519614965807,24.441833819130586],[121.33533353688557,24.441856005824718]]]},"properties":{"grid_id":"G015_002","綠地類型":"河川沿岸自然地表","中心經度":121.340277,"中心緯度":24.446359,"分析面積_km2":1.04,"2020面積_ha":21.42,"2024面積_ha":21.42,"面積減少率_pct":0.0,"2020斑塊數":1,"2024斑塊數":1,"斑塊數增加率_pct":0.0,"2020平均斑塊面積_ha":3042.63,"2024平均斑塊面積_ha":3203.82,"平均斑塊面積下降率_pct":0.0,"道路切割密度_km_per_km2":0.0,"建成區邊界切割密度_km_per_km2":0.0,"孤立小斑塊比例_pct":0.0,"距大型連續綠地平均距離_m":0.0,"score_面積減少":36.206896551724135,"score_斑塊增加":44.260435571687836,"score_平均斑塊縮小":28.153357531760438,"score_道路建成區切割":25.941470054446462,"score_孤立比例":40.58529945553539,"score_距大型綠地":38.40744101633394,"綜合破碎化分數":35.6,"破碎化等級":"低","判定原因":"面積減少0.0%；斑塊增加0.0%；平均斑塊縮小0.0%；道路密度0.00 km/km²；孤立比例0.0%；距大型綠地0m","2021面積_ha":21.42,"2022面積_ha":21.42,"2023面積_ha":21.42}},{"type":"Feature","geometry":{"type":"Polygon","coordinates":[[[121.34519614965807,24.441833819130586],[121.3452207422772,24.450862703614046],[121.3550840456231,24.450839864349124],[121.35505875040361,24.441810989380603],[121.34519614965807,24.441833819130586]]]},"properties":{"grid_id":"G015_003","綠地類型":"河川沿岸自然地表","中心經度":121.35014,"中心緯度":24.446337,"分析面積_km2":1.04,"2020面積_ha":57.06,"2024面積_ha":57.78,"面積減少率_pct":0.0,"2020斑塊數":1,"2024斑塊數":1,"斑塊數增加率_pct":0.0,"2020平均斑塊面積_ha":3042.63,"2024平均斑塊面積_ha":3203.82,"平均斑塊面積下降率_pct":0.0,"道路切割密度_km_per_km2":0.029,"建成區邊界切割密度_km_per_km2":0.0,"孤立小斑塊比例_pct":0.0,"距大型連續綠地平均距離_m":0.0,"score_面積減少":36.206896551724135,"score_斑塊增加":44.260435571687836,"score_平均斑塊縮小":28.153357531760438,"score_道路建成區切割":33.82486388384755,"score_孤立比例":40.58529945553539,"score_距大型綠地":38.40744101633394,"綜合破碎化分數":36.9,"破碎化等級":"低","判定原因":"面積減少0.0%；斑塊增加0.0%；平均斑塊縮小0.0%；道路密度0.03 km/km²；孤立比例0.0%；距大型綠地0m","2021面積_ha":57.96,"2022面積_ha":57.87,"2023面積_ha":57.96}},{"type":"Feature","geometry":{"type":"Polygon","coordinates":[[[121.36492133877861,24.441787516577904],[121.36494733659457,24.45081638176348],[121.3748106148479,24.45079225586036],[121.37478391443949,24.441763400725733],[121.36492133877861,24.441787516577904]]]},"properties":{"grid_id":"G015_005","綠地類型":"河川沿岸自然地表","中心經度":121.369866,"中心緯度":24.44629,"分析面積_km2":1.04,"2020面積_ha":51.21,"2024面積_ha":51.21,"面積減少率_pct":0.0,"2020斑塊數":2,"2024斑塊數":2,"斑塊數增加率_pct":0.0,"2020平均斑塊面積_ha":1527.795,"2024平均斑塊面積_ha":1608.3,"平均斑塊面積下降率_pct":0.0,"道路切割密度_km_per_km2":0.0,"建成區邊界切割密度_km_per_km2":0.0,"孤立小斑塊比例_pct":0.0,"距大型連續綠地平均距離_m":0.0,"score_面積減少":36.206896551724135,"score_斑塊增加":44.260435571687836,"score_平均斑塊縮小":28.153357531760438,"score_道路建成區切割":25.941470054446462,"score_孤立比例":40.58529945553539,"score_距大型綠地":38.40744101633394,"綜合破碎化分數":35.6,"破碎化等級":"低","判定原因":"面積減少0.0%；斑塊增加0.0%；平均斑塊縮小0.0%；道路密度0.00 km/km²；孤立比例0.0%；距大型綠地0m","2021面積_ha":51.21,"2022面積_ha":51.21,"2023面積_ha":51.21}},{"type":"Feature","geometry":{"type":"Polygon","coordinates":[[[121.40437156170125,24.441687194906088],[121.40440036986217,24.450716018279856],[121.41426359380601,24.450689319140984],[121.41423408306966,24.441660506890162],[121.40437156170125,24.441687194906088]]]},"properties":{"grid_id":"G015_009","綠地類型":"河川沿岸自然地表","中心經度":121.409317,"中心緯度":24.446188,"分析面積_km2":1.04,"2020面積_ha":18.81,"2024面積_ha":18.81,"面積減少率_pct":0.0,"2020斑塊數":1,"2024斑塊數":1,"斑塊數增加率_pct":0.0,"2020平均斑塊面積_ha":3042.63,"2024平均斑塊面積_ha":3203.82,"平均斑塊面積下降率_pct":0.0,"道路切割密度_km_per_km2":1.499,"建成區邊界切割密度_km_per_km2":0.0,"孤立小斑塊比例_pct":0.0,"距大型連續綠地平均距離_m":0.0,"score_面積減少":36.206896551724135,"score_斑塊增加":44.260435571687836,"score_平均斑塊縮小":28.153357531760438,"score_道路建成區切割":42.615698729582576,"score_孤立比例":40.58529945553539,"score_距大型綠地":38.40744101633394,"綜合破碎化分數":38.4,"破碎化等級":"低","判定原因":"面積減少0.0%；斑塊增加0.0%；平均斑塊縮小0.0%；道路密度1.50 km/km²；孤立比例0.0%；距大型綠地0m","2021面積_ha":18.81,"2022面積_ha":18.72,"2023面積_ha":18.81}},{"type":"Feature","geometry":{"type":"Polygon","coordinates":[[[121.41423408306966,24.441660506890162],[121.41426359380601,24.450689319140984],[121.42412680331327,24.45066197670215],[121.42409659000596,24.44163317584228],[121.41423408306966,24.441660506890162]]]},"properties":{"grid_id":"G015_010","綠地類型":"河川沿岸自然地表","中心經度":121.41918,"中心緯度":24.446161,"分析面積_km2":1.04,"2020面積_ha":40.95,"2024面積_ha":40.95,"面積減少率_pct":0.0,"2020斑塊數":1,"2024斑塊數":1,"斑塊數增加率_pct":0.0,"2020平均斑塊面積_ha":3042.63,"2024平均斑塊面積_ha":3203.82,"平均斑塊面積下降率_pct":0.0,"道路切割密度_km_per_km2":0.0,"建成區邊界切割密度_km_per_km2":0.0,"孤立小斑塊比例_pct":0.0,"距大型連續綠地平均距離_m":0.0,"score_面積減少":36.206896551724135,"score_斑塊增加":44.260435571687836,"score_平均斑塊縮小":28.153357531760438,"score_道路建成區切割":25.941470054446462,"score_孤立比例":40.58529945553539,"score_距大型綠地":38.40744101633394,"綜合破碎化分數":35.6,"破碎化等級":"低","判定原因":"面積減少0.0%；斑塊增加0.0%；平均斑塊縮小0.0%；道路密度0.00 km/km²；孤立比例0.0%；距大型綠地0m","2021面積_ha":40.95,"2022面積_ha":40.95,"2023面積_ha":40.95}},{"type":"Feature","geometry":{"type":"Polygon","coordinates":[[[121.42409659000596,24.44163317584228],[121.42412680331327,24.45066197670215],[121.4339899980402,24.450633990967134],[121.43395908216664,24.441605201766208],[121.42409659000596,24.44163317584228]]]},"properties":{"grid_id":"G015_011","綠地類型":"河川沿岸自然地表","中心經度":121.429043,"中心緯度":24.446134,"分析面積_km2":1.04,"2020面積_ha":33.93,"2024面積_ha":33.93,"面積減少率_pct":0.0,"2020斑塊數":1,"2024斑塊數":1,"斑塊數增加率_pct":0.0,"2020平均斑塊面積_ha":3042.63,"2024平均斑塊面積_ha":3203.82,"平均斑塊面積下降率_pct":0.0,"道路切割密度_km_per_km2":0.0,"建成區邊界切割密度_km_per_km2":0.0,"孤立小斑塊比例_pct":0.0,"距大型連續綠地平均距離_m":0.0,"score_面積減少":36.206896551724135,"score_斑塊增加":44.260435571687836,"score_平均斑塊縮小":28.153357531760438,"score_道路建成區切割":25.941470054446462,"score_孤立比例":40.58529945553539,"score_距大型綠地":38.40744101633394,"綜合破碎化分數":35.6,"破碎化等級":"低","判定原因":"面積減少0.0%；斑塊增加0.0%；平均斑塊縮小0.0%；道路密度0.00 km/km²；孤立比例0.0%；距大型綠地0m","2021面積_ha":33.93,"2022面積_ha":33.93,"2023面積_ha":33.93}},{"type":"Feature","geometry":{"type":"Polygon","coordinates":[[[121.43395908216664,24.441605201766208],[121.4339899980402,24.450633990967134],[121.44385317764319,24.450605361939793],[121.44382155920805,24.441576584665796],[121.43395908216664,24.441605201766208]]]},"properties":{"grid_id":"G015_012","綠地類型":"河川沿岸自然地表","中心經度":121.438906,"中心緯度":24.446105,"分析面積_km2":1.04,"2020面積_ha":3.24,"2024面積_ha":3.24,"面積減少率_pct":0.0,"2020斑塊數":2,"2024斑塊數":2,"斑塊數增加率_pct":0.0,"2020平均斑塊面積_ha":1983.87,"2024平均斑塊面積_ha":2194.515,"平均斑塊面積下降率_pct":0.0,"道路切割密度_km_per_km2":1.586,"建成區邊界切割密度_km_per_km2":0.0,"孤立小斑塊比例_pct":0.0,"距大型連續綠地平均距離_m":0.0,"score_面積減少":36.206896551724135,"score_斑塊增加":44.260435571687836,"score_平均斑塊縮小":28.153357531760438,"score_道路建成區切割":43.30762250453721,"score_孤立比例":40.58529945553539,"score_距大型綠地":38.40744101633394,"綜合破碎化分數":38.5,"破碎化等級":"低","判定原因":"面積減少0.0%；斑塊增加0.0%；平均斑塊縮小0.0%；道路密度1.59 km/km²；孤立比例0.0%；距大型綠地0m","2021面積_ha":3.24,"2022面積_ha":3.24,"2023面積_ha":3.24}},{"type":"Feature","geometry":{"type":"Polygon","coordinates":[[[121.44382155920805,24.441576584665796],[121.44385317764319,24.450605361939793],[121.45371634177853,24.45057608962407],[121.45368402078667,24.441547324545006],[121.44382155920805,24.441576584665796]]]},"properties":{"grid_id":"G015_013","綠地類型":"河川沿岸自然地表","中心經度":121.448769,"中心緯度":24.446076,"分析面積_km2":1.04,"2020面積_ha":27.36,"2024面積_ha":27.36,"面積減少率_pct":0.0,"2020斑塊數":1,"2024斑塊數":1,"斑塊數增加率_pct":0.0,"2020平均斑塊面積_ha":925.11,"2024平均斑塊面積_ha":1185.21,"平均斑塊面積下降率_pct":0.0,"道路切割密度_km_per_km2":0.0,"建成區邊界切割密度_km_per_km2":0.0,"孤立小斑塊比例_pct":0.0,"距大型連續綠地平均距離_m":0.0,"score_面積減少":36.206896551724135,"score_斑塊增加":44.260435571687836,"score_平均斑塊縮小":28.153357531760438,"score_道路建成區切割":25.941470054446462,"score_孤立比例":40.58529945553539,"score_距大型綠地":38.40744101633394,"綜合破碎化分數":35.6,"破碎化等級":"低","判定原因":"面積減少0.0%；斑塊增加0.0%；平均斑塊縮小0.0%；道路密度0.00 km/km²；孤立比例0.0%；距大型綠地0m","2021面積_ha":27.36,"2022面積_ha":27.36,"2023面積_ha":27.36}},{"type":"Feature","geometry":{"type":"Polygon","coordinates":[[[121.45368402078667,24.441547324545006],[121.45371634177853,24.45057608962407],[121.46357949010255,24.450546174024012],[121.46354646655892,24.44151742140785],[121.45368402078667,24.441547324545006]]]},"properties":{"grid_id":"G015_014","綠地類型":"河川沿岸自然地表","中心經度":121.458632,"中心緯度":24.446047,"分析面積_km2":1.04,"2020面積_ha":55.8,"2024面積_ha":55.8,"面積減少率_pct":0.0,"2020斑塊數":1,"2024斑塊數":1,"斑塊數增加率_pct":0.0,"2020平均斑塊面積_ha":925.11,"2024平均斑塊面積_ha":1185.21,"平均斑塊面積下降率_pct":0.0,"道路切割密度_km_per_km2":0.0,"建成區邊界切割密度_km_per_km2":0.0,"孤立小斑塊比例_pct":0.0,"距大型連續綠地平均距離_m":0.0,"score_面積減少":36.206896551724135,"score_斑塊增加":44.260435571687836,"score_平均斑塊縮小":28.153357531760438,"score_道路建成區切割":25.941470054446462,"score_孤立比例":40.58529945553539,"score_距大型綠地":38.40744101633394,"綜合破碎化分數":35.6,"破碎化等級":"低","判定原因":"面積減少0.0%；斑塊增加0.0%；平均斑塊縮小0.0%；道路密度0.00 km/km²；孤立比例0.0%；距大型綠地0m","2021面積_ha":55.8,"2022面積_ha":55.8,"2023面積_ha":55.8}},{"type":"Feature","geometry":{"type":"Polygon","coordinates":[[[121.46354646655892,24.44151742140785],[121.46357949010255,24.450546174024012],[121.47344262227152,24.45051561514373],[121.47340889618124,24.44148687525847],[121.46354646655892,24.44151742140785]]]},"properties":{"grid_id":"G015_015","綠地類型":"河川沿岸自然地表","中心經度":121.468494,"中心緯度":24.446017,"分析面積_km2":1.04,"2020面積_ha":28.26,"2024面積_ha":28.26,"面積減少率_pct":0.0,"2020斑塊數":2,"2024斑塊數":2,"斑塊數增加率_pct":0.0,"2020平均斑塊面積_ha":815.715,"2024平均斑塊面積_ha":962.145,"平均斑塊面積下降率_pct":0.0,"道路切割密度_km_per_km2":2.336,"建成區邊界切割密度_km_per_km2":0.0,"孤立小斑塊比例_pct":0.0,"距大型連續綠地平均距離_m":0.0,"score_面積減少":36.206896551724135,"score_斑塊增加":44.260435571687836,"score_平均斑塊縮小":28.153357531760438,"score_道路建成區切割":48.20780399274047,"score_孤立比例":40.58529945553539,"score_距大型綠地":38.40744101633394,"綜合破碎化分數":39.3,"破碎化等級":"低","判定原因":"面積減少0.0%；斑塊增加0.0%；平均斑塊縮小0.0%；道路密度2.34 km/km²；孤立比例0.0%；距大型綠地0m","2021面積_ha":28.26,"2022面積_ha":28.26,"2023面積_ha":28.26}},{"type":"Feature","geometry":{"type":"Polygon","coordinates":[[[121.48327130931007,24.441455686101065],[121.48330573794188,24.450484412987443],[121.49316883676987,24.450452567559456],[121.49313370560185,24.44142385393994],[121.48327130931007,24.441455686101065]]]},"properties":{"grid_id":"G015_017","綠地類型":"河川沿岸自然地表","中心經度":121.48822,"中心緯度":24.445954,"分析面積_km2":1.04,"2020面積_ha":53.37,"2024面積_ha":53.37,"面積減少率_pct":0.0,"2020斑塊數":1,"2024斑塊數":1,"斑塊數增加率_pct":0.0,"2020平均斑塊面積_ha":706.32,"2024平均斑塊面積_ha":739.08,"平均斑塊面積下降率_pct":0.0,"道路切割密度_km_per_km2":1.009,"建成區邊界切割密度_km_per_km2":0.0,"孤立小斑塊比例_pct":0.0,"距大型連續綠地平均距離_m":0.0,"score_面積減少":36.206896551724135,"score_斑塊增加":44.260435571687836,"score_平均斑塊縮小":28.153357531760438,"score_道路建成區切割":39.530399274047184,"score_孤立比例":40.58529945553539,"score_距大型綠地":38.40744101633394,"綜合破碎化分數":37.9,"破碎化等級":"低","判定原因":"面積減少0.0%；斑塊增加0.0%；平均斑塊縮小0.0%；道路密度1.01 km/km²；孤立比例0.0%；距大型綠地0m","2021面積_ha":53.37,"2022面積_ha":53.37,"2023面積_ha":53.37}},{"type":"Feature","geometry":{"type":"Polygon","coordinates":[[[121.49313370560185,24.44142385393994],[121.49316883676987,24.450452567559456],[121.50303191841188,24.45042007886416],[121.50299608471299,24.44139137877949],[121.49313370560185,24.44142385393994]]]},"properties":{"grid_id":"G015_018","綠地類型":"河川沿岸自然地表","中心經度":121.498083,"中心緯度":24.445922,"分析面積_km2":1.04,"2020面積_ha":35.19,"2024面積_ha":36.18,"面積減少率_pct":0.0,"2020斑塊數":2,"2024斑塊數":1,"斑塊數增加率_pct":0.0,"2020平均斑塊面積_ha":354.645,"2024平均斑塊面積_ha":739.08,"平均斑塊面積下降率_pct":0.0,"道路切割密度_km_per_km2":0.0,"建成區邊界切割密度_km_per_km2":0.0,"孤立小斑塊比例_pct":0.0,"距大型連續綠地平均距離_m":0.0,"score_面積減少":36.206896551724135,"score_斑塊增加":44.260435571687836,"score_平均斑塊縮小":28.153357531760438,"score_道路建成區切割":25.941470054446462,"score_孤立比例":40.58529945553539,"score_距大型綠地":38.40744101633394,"綜合破碎化分數":35.6,"破碎化等級":"低","判定原因":"面積減少0.0%；斑塊增加0.0%；平均斑塊縮小0.0%；道路密度0.00 km/km²；孤立比例0.0%；距大型綠地0m","2021面積_ha":36.27,"2022面積_ha":35.73,"2023面積_ha":36.18}},{"type":"Feature","geometry":{"type":"Polygon","coordinates":[[[121.50299608471299,24.44139137877949],[121.50303191841188,24.45042007886416],[121.51289498252422,24.45038694690603],[121.51285844629999,24.441358260624185],[121.50299608471299,24.44139137877949]]]},"properties":{"grid_id":"G015_019","綠地類型":"河川沿岸自然地表","中心經度":121.507945,"中心緯度":24.445889,"分析面積_km2":1.04,"2020面積_ha":12.24,"2024面積_ha":13.5,"面積減少率_pct":0.0,"2020斑塊數":3,"2024斑塊數":2,"斑塊數增加率_pct":0.0,"2020平均斑塊面積_ha":247.95,"2024平均斑塊面積_ha":376.2,"平均斑塊面積下降率_pct":0.0,"道路切割密度_km_per_km2":0.0,"建成區邊界切割密度_km_per_km2":0.0,"孤立小斑塊比例_pct":0.0,"距大型連續綠地平均距離_m":0.0,"score_面積減少":36.206896551724135,"score_斑塊增加":44.260435571687836,"score_平均斑塊縮小":28.153357531760438,"score_道路建成區切割":25.941470054446462,"score_孤立比例":40.58529945553539,"score_距大型綠地":38.40744101633394,"綜合破碎化分數":35.6,"破碎化等級":"低","判定原因":"面積減少0.0%；斑塊增加0.0%；平均斑塊縮小0.0%；道路密度0.00 km/km²；孤立比例0.0%；距大型綠地0m","2021面積_ha":13.5,"2022面積_ha":12.96,"2023面積_ha":13.59}},{"type":"Feature","geometry":{"type":"Polygon","coordinates":[[[121.55230771053542,24.44121935814709],[121.55234705680395,24.450247986537924],[121.56221002811324,24.450211638335944],[121.56216997934845,24.44118302508779],[121.55230771053542,24.44121935814709]]]},"properties":{"grid_id":"G015_024","綠地類型":"河川沿岸自然地表","中心經度":121.557259,"中心緯度":24.445716,"分析面積_km2":1.04,"2020面積_ha":14.31,"2024面積_ha":14.31,"面積減少率_pct":0.0,"2020斑塊數":2,"2024斑塊數":2,"斑塊數增加率_pct":0.0,"2020平均斑塊面積_ha":1597.95,"2024平均斑塊面積_ha":1670.4,"平均斑塊面積下降率_pct":0.0,"道路切割密度_km_per_km2":1.384,"建成區邊界切割密度_km_per_km2":0.0,"孤立小斑塊比例_pct":0.0,"距大型連續綠地平均距離_m":0.0,"score_面積減少":36.206896551724135,"score_斑塊增加":44.260435571687836,"score_平均斑塊縮小":28.153357531760438,"score_道路建成區切割":41.44736842105263,"score_孤立比例":40.58529945553539,"score_距大型綠地":38.40744101633394,"綜合破碎化分數":38.2,"破碎化等級":"低","判定原因":"面積減少0.0%；斑塊增加0.0%；平均斑塊縮小0.0%；道路密度1.38 km/km²；孤立比例0.0%；距大型綠地0m","2021面積_ha":14.31,"2022面積_ha":14.31,"2023面積_ha":14.31}},{"type":"Feature","geometry":{"type":"Polygon","coordinates":[[[121.56216997934845,24.44118302508779],[121.56221002811324,24.450211638335944],[121.57207297983098,24.450174646899878],[121.57203222857609,24.44114604906236],[121.56216997934845,24.44118302508779]]]},"properties":{"grid_id":"G015_025","綠地類型":"河川沿岸自然地表","中心經度":121.567121,"中心緯度":24.445679,"分析面積_km2":1.04,"2020面積_ha":45.99,"2024面積_ha":45.99,"面積減少率_pct":0.0,"2020斑塊數":1,"2024斑塊數":1,"斑塊數增加率_pct":0.0,"2020平均斑塊面積_ha":2919.15,"2024平均斑塊面積_ha":3064.86,"平均斑塊面積下降率_pct":0.0,"道路切割密度_km_per_km2":0.317,"建成區邊界切割密度_km_per_km2":0.0,"孤立小斑塊比例_pct":0.0,"距大型連續綠地平均距離_m":0.0,"score_面積減少":36.206896551724135,"score_斑塊增加":44.260435571687836,"score_平均斑塊縮小":28.153357531760438,"score_道路建成區切割":35.6510889292196,"score_孤立比例":40.58529945553539,"score_距大型綠地":38.40744101633394,"綜合破碎化分數":37.2,"破碎化等級":"低","判定原因":"面積減少0.0%；斑塊增加0.0%；平均斑塊縮小0.0%；道路密度0.32 km/km²；孤立比例0.0%；距大型綠地0m","2021面積_ha":45.99,"2022面積_ha":45.99,"2023面積_ha":45.99}},{"type":"Feature","geometry":{"type":"Polygon","coordinates":[[[121.57203222857609,24.44114604906236],[121.57207297983098,24.450174646899878],[121.58193591161357,24.45013701223483],[121.58189445787482,24.4411084300759],[121.57203222857609,24.44114604906236]]]},"properties":{"grid_id":"G015_026","綠地類型":"河川沿岸自然地表","中心經度":121.576984,"中心緯度":24.445642,"分析面積_km2":1.04,"2020面積_ha":59.76,"2024面積_ha":59.76,"面積減少率_pct":0.0,"2020斑塊數":1,"2024斑塊數":1,"斑塊數增加率_pct":0.0,"2020平均斑塊面積_ha":2919.15,"2024平均斑塊面積_ha":3064.86,"平均斑塊面積下降率_pct":0.0,"道路切割密度_km_per_km2":0.0,"建成區邊界切割密度_km_per_km2":0.0,"孤立小斑塊比例_pct":0.0,"距大型連續綠地平均距離_m":0.0,"score_面積減少":36.206896551724135,"score_斑塊增加":44.260435571687836,"score_平均斑塊縮小":28.153357531760438,"score_道路建成區切割":25.941470054446462,"score_孤立比例":40.58529945553539,"score_距大型綠地":38.40744101633394,"綜合破碎化分數":35.6,"破碎化等級":"低","判定原因":"面積減少0.0%；斑塊增加0.0%；平均斑塊縮小0.0%；道路密度0.00 km/km²；孤立比例0.0%；距大型綠地0m","2021面積_ha":59.76,"2022面積_ha":59.76,"2023面積_ha":59.76}},{"type":"Feature","geometry":{"type":"Polygon","coordinates":[[[121.59175666690109,24.441070168133606],[121.59179882311736,24.45009873434598],[121.6016617139987,24.45005981323861],[121.60161885531139,24.441031263240745],[121.59175666690109,24.441070168133606]]]},"properties":{"grid_id":"G015_028","綠地類型":"河川沿岸自然地表","中心經度":121.596709,"中心緯度":24.445565,"分析面積_km2":1.04,"2020面積_ha":26.46,"2024面積_ha":26.46,"面積減少率_pct":0.0,"2020斑塊數":1,"2024斑塊數":1,"斑塊數增加率_pct":0.0,"2020平均斑塊面積_ha":2919.15,"2024平均斑塊面積_ha":3064.86,"平均斑塊面積下降率_pct":0.0,"道路切割密度_km_per_km2":0.952,"建成區邊界切割密度_km_per_km2":0.0,"孤立小斑塊比例_pct":0.0,"距大型連續綠地平均距離_m":0.0,"score_面積減少":36.206896551724135,"score_斑塊增加":44.260435571687836,"score_平均斑塊縮小":28.153357531760438,"score_道路建成區切割":39.30353901996371,"score_孤立比例":40.58529945553539,"score_距大型綠地":38.40744101633394,"綜合破碎化分數":37.8,"破碎化等級":"低","判定原因":"面積減少0.0%；斑塊增加0.0%；平均斑塊縮小0.0%；道路密度0.95 km/km²；孤立比例0.0%；距大型綠地0m","2021面積_ha":26.46,"2022面積_ha":26.46,"2023面積_ha":26.46}},{"type":"Feature","geometry":{"type":"Polygon","coordinates":[[[121.60161885531139,24.441031263240745],[121.6016617139987,24.45005981323861],[121.61152458391403,24.450020248918083],[121.61148102276223,24.440991715402678],[121.60161885531139,24.441031263240745]]]},"properties":{"grid_id":"G015_029","綠地類型":"河川沿岸自然地表","中心經度":121.606572,"中心緯度":24.445526,"分析面積_km2":1.04,"2020面積_ha":41.58,"2024面積_ha":42.12,"面積減少率_pct":0.0,"2020斑塊數":1,"2024斑塊數":1,"斑塊數增加率_pct":0.0,"2020平均斑塊面積_ha":2712.51,"2024平均斑塊面積_ha":2751.66,"平均斑塊面積下降率_pct":0.0,"道路切割密度_km_per_km2":0.807,"建成區邊界切割密度_km_per_km2":0.0,"孤立小斑塊比例_pct":0.0,"距大型連續綠地平均距離_m":0.0,"score_面積減少":36.206896551724135,"score_斑塊增加":44.260435571687836,"score_平均斑塊縮小":28.153357531760438,"score_道路建成區切割":38.56624319419238,"score_孤立比例":40.58529945553539,"score_距大型綠地":38.40744101633394,"綜合破碎化分數":37.7,"破碎化等級":"低","判定原因":"面積減少0.0%；斑塊增加0.0%；平均斑塊縮小0.0%；道路密度0.81 km/km²；孤立比例0.0%；距大型綠地0m","2021面積_ha":42.93,"2022面積_ha":42.3,"2023面積_ha":42.12}},{"type":"Feature","geometry":{"type":"Polygon","coordinates":[[[121.62134316891012,24.440951524624865],[121.62138743251967,24.44998004138986],[121.63125025947207,24.449939190659478],[121.63120529341148,24.440910690912844],[121.62134316891012,24.440951524624865]]]},"properties":{"grid_id":"G015_031","綠地類型":"河川沿岸自然地表","中心經度":121.626297,"中心緯度":24.445445,"分析面積_km2":1.04,"2020面積_ha":41.31,"2024面積_ha":41.31,"面積減少率_pct":0.0,"2020斑塊數":1,"2024斑塊數":1,"斑塊數增加率_pct":0.0,"2020平均斑塊面積_ha":2712.51,"2024平均斑塊面積_ha":2751.66,"平均斑塊面積下降率_pct":0.0,"道路切割密度_km_per_km2":1.499,"建成區邊界切割密度_km_per_km2":0.0,"孤立小斑塊比例_pct":0.0,"距大型連續綠地平均距離_m":0.0,"score_面積減少":36.206896551724135,"score_斑塊增加":44.260435571687836,"score_平均斑塊縮小":28.153357531760438,"score_道路建成區切割":42.615698729582576,"score_孤立比例":40.58529945553539,"score_距大型綠地":38.40744101633394,"綜合破碎化分數":38.4,"破碎化等級":"低","判定原因":"面積減少0.0%；斑塊增加0.0%；平均斑塊縮小0.0%；道路密度1.50 km/km²；孤立比例0.0%；距大型綠地0m","2021面積_ha":41.31,"2022面積_ha":41.31,"2023面積_ha":41.31}},{"type":"Feature","geometry":{"type":"Polygon","coordinates":[[[121.63120529341148,24.440910690912844],[121.63125025947207,24.449939190659478],[121.64111306442757,24.449897696732577],[121.64106739592289,24.44086921427224],[121.63120529341148,24.440910690912844]]]},"properties":{"grid_id":"G015_032","綠地類型":"河川沿岸自然地表","中心經度":121.636159,"中心緯度":24.445404,"分析面積_km2":1.04,"2020面積_ha":26.64,"2024面積_ha":26.64,"面積減少率_pct":0.0,"2020斑塊數":1,"2024斑塊數":1,"斑塊數增加率_pct":0.0,"2020平均斑塊面積_ha":2712.51,"2024平均斑塊面積_ha":2751.66,"平均斑塊面積下降率_pct":0.0,"道路切割密度_km_per_km2":1.009,"建成區邊界切割密度_km_per_km2":0.0,"孤立小斑塊比例_pct":0.0,"距大型連續綠地平均距離_m":0.0,"score_面積減少":36.206896551724135,"score_斑塊增加":44.260435571687836,"score_平均斑塊縮小":28.153357531760438,"score_道路建成區切割":39.530399274047184,"score_孤立比例":40.58529945553539,"score_距大型綠地":38.40744101633394,"綜合破碎化分數":37.9,"破碎化等級":"低","判定原因":"面積減少0.0%；斑塊增加0.0%；平均斑塊縮小0.0%；道路密度1.01 km/km²；孤立比例0.0%；距大型綠地0m","2021面積_ha":26.64,"2022面積_ha":26.64,"2023面積_ha":26.64}},{"type":"Feature","geometry":{"type":"Polygon","coordinates":[[[121.64106739592289,24.44086921427224],[121.64111306442757,24.449897696732577],[121.6509758470426,24.44985555961488],[121.65092947610081,24.440827094708787],[121.64106739592289,24.44086921427224]]]},"properties":{"grid_id":"G015_033","綠地類型":"河川沿岸自然地表","中心經度":121.646021,"中心緯度":24.445362,"分析面積_km2":1.04,"2020面積_ha":50.58,"2024面積_ha":50.58,"面積減少率_pct":0.0,"2020斑塊數":1,"2024斑塊數":1,"斑塊數增加率_pct":0.0,"2020平均斑塊面積_ha":2712.51,"2024平均斑塊面積_ha":2751.66,"平均斑塊面積下降率_pct":0.0,"道路切割密度_km_per_km2":0.663,"建成區邊界切割密度_km_per_km2":0.0,"孤立小斑塊比例_pct":0.0,"距大型連續綠地平均距離_m":0.0,"score_面積減少":36.206896551724135,"score_斑塊增加":44.260435571687836,"score_平均斑塊縮小":28.153357531760438,"score_道路建成區切割":37.68148820326679,"score_孤立比例":40.58529945553539,"score_距大型綠地":38.40744101633394,"綜合破碎化分數":37.5,"破碎化等級":"低","判定原因":"面積減少0.0%；斑塊增加0.0%；平均斑塊縮小0.0%；道路密度0.66 km/km²；孤立比例0.0%；距大型綠地0m","2021面積_ha":50.58,"2022面積_ha":50.58,"2023面積_ha":50.58}},{"type":"Feature","geometry":{"type":"Polygon","coordinates":[[[121.33538132860261,24.45991378248458],[121.33535742690056,24.450884899555103],[121.32549409983693,24.450906452169235],[121.32551554395631,24.45925260101823],[121.32605300332426,24.459934189620178],[121.33538132860261,24.45991378248458]]]},"properties":{"grid_id":"G016_001","綠地類型":"河川沿岸自然地表","中心經度":121.330437,"中心緯度":24.455069,"分析面積_km2":1.038,"2020面積_ha":14.4,"2024面積_ha":14.4,"面積減少率_pct":0.0,"2020斑塊數":1,"2024斑塊數":1,"斑塊數增加率_pct":0.0,"2020平均斑塊面積_ha":3042.63,"2024平均斑塊面積_ha":3203.82,"平均斑塊面積下降率_pct":0.0,"道路切割密度_km_per_km2":0.347,"建成區邊界切割密度_km_per_km2":0.0,"孤立小斑塊比例_pct":0.0,"距大型連續綠地平均距離_m":0.0,"score_面積減少":36.206896551724135,"score_斑塊增加":44.260435571687836,"score_平均斑塊縮小":28.153357531760438,"score_道路建成區切割":35.98003629764065,"score_孤立比例":40.58529945553539,"score_距大型綠地":38.40744101633394,"綜合破碎化分數":37.3,"破碎化等級":"低","判定原因":"面積減少0.0%；斑塊增加0.0%；平均斑塊縮小0.0%；道路密度0.35 km/km²；孤立比例0.0%；距大型綠地0m","2021面積_ha":14.4,"2022面積_ha":14.4,"2023面積_ha":14.4}},{"type":"Feature","geometry":{"type":"Polygon","coordinates":[[[121.33535742690056,24.450884899555103],[121.33538132860261,24.45991378248458],[121.34524534692706,24.459891577295313],[121.3452207422772,24.450862703614046],[121.33535742690056,24.450884899555103]]]},"properties":{"grid_id":"G016_002","綠地類型":"河川沿岸自然地表","中心經度":121.340301,"中心緯度":24.455388,"分析面積_km2":1.04,"2020面積_ha":51.84,"2024面積_ha":51.84,"面積減少率_pct":0.0,"2020斑塊數":1,"2024斑塊數":1,"斑塊數增加率_pct":0.0,"2020平均斑塊面積_ha":3042.63,"2024平均斑塊面積_ha":3203.82,"平均斑塊面積下降率_pct":0.0,"道路切割密度_km_per_km2":0.0,"建成區邊界切割密度_km_per_km2":0.0,"孤立小斑塊比例_pct":0.0,"距大型連續綠地平均距離_m":0.0,"score_面積減少":36.206896551724135,"score_斑塊增加":44.260435571687836,"score_平均斑塊縮小":28.153357531760438,"score_道路建成區切割":25.941470054446462,"score_孤立比例":40.58529945553539,"score_距大型綠地":38.40744101633394,"綜合破碎化分數":35.6,"破碎化等級":"低","判定原因":"面積減少0.0%；斑塊增加0.0%；平均斑塊縮小0.0%；道路密度0.00 km/km²；孤立比例0.0%；距大型綠地0m","2021面積_ha":51.84,"2022面積_ha":51.84,"2023面積_ha":51.84}},{"type":"Feature","geometry":{"type":"Polygon","coordinates":[[[121.3452207422772,24.450862703614046],[121.34524534692706,24.459891577295313],[121.35510935321702,24.459868728514135],[121.3550840456231,24.450839864349124],[121.3452207422772,24.450862703614046]]]},"properties":{"grid_id":"G016_003","綠地類型":"河川沿岸自然地表","中心經度":121.350165,"中心緯度":24.455366,"分析面積_km2":1.04,"2020面積_ha":41.58,"2024面積_ha":41.58,"面積減少率_pct":0.0,"2020斑塊數":1,"2024斑塊數":1,"斑塊數增加率_pct":0.0,"2020平均斑塊面積_ha":3042.63,"2024平均斑塊面積_ha":3203.82,"平均斑塊面積下降率_pct":0.0,"道路切割密度_km_per_km2":0.0,"建成區邊界切割密度_km_per_km2":0.0,"孤立小斑塊比例_pct":0.0,"距大型連續綠地平均距離_m":0.0,"score_面積減少":36.206896551724135,"score_斑塊增加":44.260435571687836,"score_平均斑塊縮小":28.153357531760438,"score_道路建成區切割":25.941470054446462,"score_孤立比例":40.58529945553539,"score_距大型綠地":38.40744101633394,"綜合破碎化分數":35.6,"破碎化等級":"低","判定原因":"面積減少0.0%；斑塊增加0.0%；平均斑塊縮小0.0%；道路密度0.00 km/km²；孤立比例0.0%；距大型綠地0m","2021面積_ha":41.58,"2022面積_ha":41.58,"2023面積_ha":41.58}},{"type":"Feature","geometry":{"type":"Polygon","coordinates":[[[121.36494733659457,24.45081638176348],[121.36497334712867,24.459845236144197],[121.37483732831818,24.459821100188737],[121.3748106148479,24.45079225586036],[121.36494733659457,24.45081638176348]]]},"properties":{"grid_id":"G016_005","綠地類型":"河川沿岸自然地表","中心經度":121.369892,"中心緯度":24.455319,"分析面積_km2":1.04,"2020面積_ha":6.39,"2024面積_ha":6.39,"面積減少率_pct":0.0,"2020斑塊數":1,"2024斑塊數":1,"斑塊數增加率_pct":0.0,"2020平均斑塊面積_ha":3042.63,"2024平均斑塊面積_ha":3203.82,"平均斑塊面積下降率_pct":0.0,"道路切割密度_km_per_km2":2.134,"建成區邊界切割密度_km_per_km2":0.0,"孤立小斑塊比例_pct":0.0,"距大型連續綠地平均距離_m":0.0,"score_面積減少":36.206896551724135,"score_斑塊增加":44.260435571687836,"score_平均斑塊縮小":28.153357531760438,"score_道路建成區切割":47.14156079854809,"score_孤立比例":40.58529945553539,"score_距大型綠地":38.40744101633394,"綜合破碎化分數":39.1,"破碎化等級":"低","判定原因":"面積減少0.0%；斑塊增加0.0%；平均斑塊縮小0.0%；道路密度2.13 km/km²；孤立比例0.0%；距大型綠地0m","2021面積_ha":6.39,"2022面積_ha":6.39,"2023面積_ha":6.39}},{"type":"Feature","geometry":{"type":"Polygon","coordinates":[[[121.40440036986217,24.450716018279856],[121.40442919211597,24.45974483084298],[121.41429311897896,24.459718120579613],[121.41426359380601,24.450689319140984],[121.40440036986217,24.450716018279856]]]},"properties":{"grid_id":"G016_009","綠地類型":"河川沿岸自然地表","中心經度":121.409347,"中心緯度":24.455217,"分析面積_km2":1.04,"2020面積_ha":22.86,"2024面積_ha":22.86,"面積減少率_pct":0.0,"2020斑塊數":1,"2024斑塊數":1,"斑塊數增加率_pct":0.0,"2020平均斑塊面積_ha":3042.63,"2024平均斑塊面積_ha":3203.82,"平均斑塊面積下降率_pct":0.0,"道路切割密度_km_per_km2":1.672,"建成區邊界切割密度_km_per_km2":0.0,"孤立小斑塊比例_pct":0.0,"距大型連續綠地平均距離_m":0.0,"score_面積減少":36.206896551724135,"score_斑塊增加":44.260435571687836,"score_平均斑塊縮小":28.153357531760438,"score_道路建成區切割":44.21506352087114,"score_孤立比例":40.58529945553539,"score_距大型綠地":38.40744101633394,"綜合破碎化分數":38.6,"破碎化等級":"低","判定原因":"面積減少0.0%；斑塊增加0.0%；平均斑塊縮小0.0%；道路密度1.67 km/km²；孤立比例0.0%；距大型綠地0m","2021面積_ha":22.86,"2022面積_ha":22.86,"2023面積_ha":22.86}},{"type":"Feature","geometry":{"type":"Polygon","coordinates":[[[121.41426359380601,24.450689319140984],[121.41429311897896,24.459718120579613],[121.42415703140084,24.459690766748256],[121.42412680331327,24.45066197670215],[121.41426359380601,24.450689319140984]]]},"properties":{"grid_id":"G016_010","綠地類型":"河川沿岸自然地表","中心經度":121.41921,"中心緯度":24.45519,"分析面積_km2":1.04,"2020面積_ha":36.45,"2024面積_ha":36.45,"面積減少率_pct":0.0,"2020斑塊數":1,"2024斑塊數":1,"斑塊數增加率_pct":0.0,"2020平均斑塊面積_ha":3042.63,"2024平均斑塊面積_ha":3203.82,"平均斑塊面積下降率_pct":0.0,"道路切割密度_km_per_km2":0.0,"建成區邊界切割密度_km_per_km2":0.0,"孤立小斑塊比例_pct":0.0,"距大型連續綠地平均距離_m":0.0,"score_面積減少":36.206896551724135,"score_斑塊增加":44.260435571687836,"score_平均斑塊縮小":28.153357531760438,"score_道路建成區切割":25.941470054446462,"score_孤立比例":40.58529945553539,"score_距大型綠地":38.40744101633394,"綜合破碎化分數":35.6,"破碎化等級":"低","判定原因":"面積減少0.0%；斑塊增加0.0%；平均斑塊縮小0.0%；道路密度0.00 km/km²；孤立比例0.0%；距大型綠地0m","2021面積_ha":36.45,"2022面積_ha":36.45,"2023面積_ha":36.45}},{"type":"Feature","geometry":{"type":"Polygon","coordinates":[[[121.42412680331327,24.45066197670215],[121.42415703140084,24.459690766748256],[121.43402092903776,24.45966276935269],[121.4339899980402,24.450633990967134],[121.42412680331327,24.45066197670215]]]},"properties":{"grid_id":"G016_011","綠地類型":"河川沿岸自然地表","中心經度":121.429074,"中心緯度":24.455162,"分析面積_km2":1.04,"2020面積_ha":27.99,"2024面積_ha":28.26,"面積減少率_pct":0.0,"2020斑塊數":1,"2024斑塊數":1,"斑塊數增加率_pct":0.0,"2020平均斑塊面積_ha":3042.63,"2024平均斑塊面積_ha":3203.82,"平均斑塊面積下降率_pct":0.0,"道路切割密度_km_per_km2":0.346,"建成區邊界切割密度_km_per_km2":0.0,"孤立小斑塊比例_pct":0.0,"距大型連續綠地平均距離_m":0.0,"score_面積減少":36.206896551724135,"score_斑塊增加":44.260435571687836,"score_平均斑塊縮小":28.153357531760438,"score_道路建成區切割":35.85526315789474,"score_孤立比例":40.58529945553539,"score_距大型綠地":38.40744101633394,"綜合破碎化分數":37.2,"破碎化等級":"低","判定原因":"面積減少0.0%；斑塊增加0.0%；平均斑塊縮小0.0%；道路密度0.35 km/km²；孤立比例0.0%；距大型綠地0m","2021面積_ha":28.26,"2022面積_ha":28.26,"2023面積_ha":28.26}},{"type":"Feature","geometry":{"type":"Polygon","coordinates":[[[121.4339899980402,24.450633990967134],[121.43402092903776,24.45966276935269],[121.44388481154597,24.459634128396758],[121.44385317764319,24.450605361939793],[121.4339899980402,24.450633990967134]]]},"properties":{"grid_id":"G016_012","綠地類型":"河川沿岸自然地表","中心經度":121.438937,"中心緯度":24.455134,"分析面積_km2":1.04,"2020面積_ha":13.32,"2024面積_ha":13.95,"面積減少率_pct":0.0,"2020斑塊數":2,"2024斑塊數":2,"斑塊數增加率_pct":0.0,"2020平均斑塊面積_ha":1983.87,"2024平均斑塊面積_ha":2194.515,"平均斑塊面積下降率_pct":0.0,"道路切割密度_km_per_km2":1.442,"建成區邊界切割密度_km_per_km2":0.0,"孤立小斑塊比例_pct":0.0,"距大型連續綠地平均距離_m":0.0,"score_面積減少":36.206896551724135,"score_斑塊增加":44.260435571687836,"score_平均斑塊縮小":28.153357531760438,"score_道路建成區切割":41.98049001814882,"score_孤立比例":40.58529945553539,"score_距大型綠地":38.40744101633394,"綜合破碎化分數":38.3,"破碎化等級":"低","判定原因":"面積減少0.0%；斑塊增加0.0%；平均斑塊縮小0.0%；道路密度1.44 km/km²；孤立比例0.0%；距大型綠地0m","2021面積_ha":13.95,"2022面積_ha":13.95,"2023面積_ha":13.95}},{"type":"Feature","geometry":{"type":"Polygon","coordinates":[[[121.44385317764319,24.450605361939793],[121.44388481154597,24.459634128396758],[121.4537486785817,24.459604843884424],[121.45371634177853,24.45057608962407],[121.44385317764319,24.450605361939793]]]},"properties":{"grid_id":"G016_013","綠地類型":"河川沿岸自然地表","中心經度":121.448801,"中心緯度":24.455105,"分析面積_km2":1.04,"2020面積_ha":54.81,"2024面積_ha":54.81,"面積減少率_pct":0.0,"2020斑塊數":1,"2024斑塊數":1,"斑塊數增加率_pct":0.0,"2020平均斑塊面積_ha":925.11,"2024平均斑塊面積_ha":1185.21,"平均斑塊面積下降率_pct":0.0,"道路切割密度_km_per_km2":0.0,"建成區邊界切割密度_km_per_km2":0.0,"孤立小斑塊比例_pct":0.0,"距大型連續綠地平均距離_m":0.0,"score_面積減少":36.206896551724135,"score_斑塊增加":44.260435571687836,"score_平均斑塊縮小":28.153357531760438,"score_道路建成區切割":25.941470054446462,"score_孤立比例":40.58529945553539,"score_距大型綠地":38.40744101633394,"綜合破碎化分數":35.6,"破碎化等級":"低","判定原因":"面積減少0.0%；斑塊增加0.0%；平均斑塊縮小0.0%；道路密度0.00 km/km²；孤立比例0.0%；距大型綠地0m","2021面積_ha":54.81,"2022面積_ha":54.81,"2023面積_ha":54.81}},{"type":"Feature","geometry":{"type":"Polygon","coordinates":[[[121.45371634177853,24.45057608962407],[121.4537486785817,24.459604843884424],[121.46361252980114,24.459574915819722],[121.46357949010255,24.450546174024012],[121.45371634177853,24.45057608962407]]]},"properties":{"grid_id":"G016_014","綠地類型":"河川沿岸自然地表","中心經度":121.458664,"中心緯度":24.455076,"分析面積_km2":1.04,"2020面積_ha":29.52,"2024面積_ha":29.52,"面積減少率_pct":0.0,"2020斑塊數":1,"2024斑塊數":1,"斑塊數增加率_pct":0.0,"2020平均斑塊面積_ha":925.11,"2024平均斑塊面積_ha":1185.21,"平均斑塊面積下降率_pct":0.0,"道路切割密度_km_per_km2":0.0,"建成區邊界切割密度_km_per_km2":0.0,"孤立小斑塊比例_pct":0.0,"距大型連續綠地平均距離_m":0.0,"score_面積減少":36.206896551724135,"score_斑塊增加":44.260435571687836,"score_平均斑塊縮小":28.153357531760438,"score_道路建成區切割":25.941470054446462,"score_孤立比例":40.58529945553539,"score_距大型綠地":38.40744101633394,"綜合破碎化分數":35.6,"破碎化等級":"低","判定原因":"面積減少0.0%；斑塊增加0.0%；平均斑塊縮小0.0%；道路密度0.00 km/km²；孤立比例0.0%；距大型綠地0m","2021面積_ha":29.52,"2022面積_ha":29.52,"2023面積_ha":29.52}},{"type":"Feature","geometry":{"type":"Polygon","coordinates":[[[121.46357949010255,24.450546174024012],[121.46361252980114,24.459574915819722],[121.47347636486049,24.45954434420678],[121.47344262227152,24.45051561514373],[121.46357949010255,24.450546174024012]]]},"properties":{"grid_id":"G016_015","綠地類型":"河川沿岸自然地表","中心經度":121.468528,"中心緯度":24.455045,"分析面積_km2":1.04,"2020面積_ha":36.27,"2024面積_ha":36.27,"面積減少率_pct":0.0,"2020斑塊數":1,"2024斑塊數":1,"斑塊數增加率_pct":0.0,"2020平均斑塊面積_ha":925.11,"2024平均斑塊面積_ha":1185.21,"平均斑塊面積下降率_pct":0.0,"道路切割密度_km_per_km2":2.451,"建成區邊界切割密度_km_per_km2":0.0,"孤立小斑塊比例_pct":0.0,"距大型連續綠地平均距離_m":0.0,"score_面積減少":36.206896551724135,"score_斑塊增加":44.260435571687836,"score_平均斑塊縮小":28.153357531760438,"score_道路建成區切割":48.616152450090745,"score_孤立比例":40.58529945553539,"score_距大型綠地":38.40744101633394,"綜合破碎化分數":39.4,"破碎化等級":"低","判定原因":"面積減少0.0%；斑塊增加0.0%；平均斑塊縮小0.0%；道路密度2.45 km/km²；孤立比例0.0%；距大型綠地0m","2021面積_ha":36.27,"2022面積_ha":36.27,"2023面積_ha":36.27}},{"type":"Feature","geometry":{"type":"Polygon","coordinates":[[[121.47344262227152,24.45051561514373],[121.47347636486049,24.45954434420678],[121.483340183416,24.45951312904981],[121.48330573794188,24.450484412987443],[121.47344262227152,24.45051561514373]]]},"properties":{"grid_id":"G016_016","綠地類型":"河川沿岸自然地表","中心經度":121.478391,"中心緯度":24.455014,"分析面積_km2":1.04,"2020面積_ha":15.48,"2024面積_ha":15.48,"面積減少率_pct":0.0,"2020斑塊數":2,"2024斑塊數":2,"斑塊數增加率_pct":0.0,"2020平均斑塊面積_ha":1922.13,"2024平均斑塊面積_ha":2125.035,"平均斑塊面積下降率_pct":0.0,"道路切割密度_km_per_km2":1.788,"建成區邊界切割密度_km_per_km2":0.0,"孤立小斑塊比例_pct":0.0,"距大型連續綠地平均距離_m":0.0,"score_面積減少":36.206896551724135,"score_斑塊增加":44.260435571687836,"score_平均斑塊縮小":28.153357531760438,"score_道路建成區切割":45.07713248638839,"score_孤立比例":40.58529945553539,"score_距大型綠地":38.40744101633394,"綜合破碎化分數":38.8,"破碎化等級":"低","判定原因":"面積減少0.0%；斑塊增加0.0%；平均斑塊縮小0.0%；道路密度1.79 km/km²；孤立比例0.0%；距大型綠地0m","2021面積_ha":15.48,"2022面積_ha":15.48,"2023面積_ha":15.48}},{"type":"Feature","geometry":{"type":"Polygon","coordinates":[[[121.48330573794188,24.450484412987443],[121.483340183416,24.45951312904981],[121.49320398512391,24.459481270353123],[121.49316883676987,24.450452567559456],[121.48330573794188,24.450484412987443]]]},"properties":{"grid_id":"G016_017","綠地類型":"河川沿岸自然地表","中心經度":121.488255,"中心緯度":24.454983,"分析面積_km2":1.04,"2020面積_ha":40.41,"2024面積_ha":40.41,"面積減少率_pct":0.0,"2020斑塊數":1,"2024斑塊數":1,"斑塊數增加率_pct":0.0,"2020平均斑塊面積_ha":2919.15,"2024平均斑塊面積_ha":3064.86,"平均斑塊面積下降率_pct":0.0,"道路切割密度_km_per_km2":0.836,"建成區邊界切割密度_km_per_km2":0.0,"孤立小斑塊比例_pct":0.0,"距大型連續綠地平均距離_m":0.0,"score_面積減少":36.206896551724135,"score_斑塊增加":44.260435571687836,"score_平均斑塊縮小":28.153357531760438,"score_道路建成區切割":38.77041742286751,"score_孤立比例":40.58529945553539,"score_距大型綠地":38.40744101633394,"綜合破碎化分數":37.7,"破碎化等級":"低","判定原因":"面積減少0.0%；斑塊增加0.0%；平均斑塊縮小0.0%；道路密度0.84 km/km²；孤立比例0.0%；距大型綠地0m","2021面積_ha":40.41,"2022面積_ha":40.41,"2023面積_ha":40.41}},{"type":"Feature","geometry":{"type":"Polygon","coordinates":[[[121.50303191841188,24.45042007886416],[121.50306776964041,24.45944876812111],[121.51293153662178,24.45941562235825],[121.51289498252422,24.45038694690603],[121.50303191841188,24.45042007886416]]]},"properties":{"grid_id":"G016_019","綠地類型":"河川沿岸自然地表","中心經度":121.507982,"中心緯度":24.454918,"分析面積_km2":1.04,"2020面積_ha":6.75,"2024面積_ha":6.75,"面積減少率_pct":0.0,"2020斑塊數":1,"2024斑塊數":1,"斑塊數增加率_pct":0.0,"2020平均斑塊面積_ha":2919.15,"2024平均斑塊面積_ha":3064.86,"平均斑塊面積下降率_pct":0.0,"道路切割密度_km_per_km2":2.307,"建成區邊界切割密度_km_per_km2":0.0,"孤立小斑塊比例_pct":0.0,"距大型連續綠地平均距離_m":0.0,"score_面積減少":36.206896551724135,"score_斑塊增加":44.260435571687836,"score_平均斑塊縮小":28.153357531760438,"score_道路建成區切割":48.07168784029038,"score_孤立比例":40.58529945553539,"score_距大型綠地":38.40744101633394,"綜合破碎化分數":39.3,"破碎化等級":"低","判定原因":"面積減少0.0%；斑塊增加0.0%；平均斑塊縮小0.0%；道路密度2.31 km/km²；孤立比例0.0%；距大型綠地0m","2021面積_ha":6.75,"2022面積_ha":6.75,"2023面積_ha":6.75}},{"type":"Feature","geometry":{"type":"Polygon","coordinates":[[[121.55234705680395,24.450247986537924],[121.55238642232038,24.459276604091116],[121.56225009646954,24.45924024074437],[121.56221002811324,24.450211638335944],[121.55234705680395,24.450247986537924]]]},"properties":{"grid_id":"G016_024","綠地類型":"河川沿岸自然地表","中心經度":121.557298,"中心緯度":24.454744,"分析面積_km2":1.04,"2020面積_ha":15.03,"2024面積_ha":15.03,"面積減少率_pct":0.0,"2020斑塊數":1,"2024斑塊數":1,"斑塊數增加率_pct":0.0,"2020平均斑塊面積_ha":2919.15,"2024平均斑塊面積_ha":3064.86,"平均斑塊面積下降率_pct":0.0,"道路切割密度_km_per_km2":0.807,"建成區邊界切割密度_km_per_km2":0.0,"孤立小斑塊比例_pct":0.0,"距大型連續綠地平均距離_m":0.0,"score_面積減少":36.206896551724135,"score_斑塊增加":44.260435571687836,"score_平均斑塊縮小":28.153357531760438,"score_道路建成區切割":38.56624319419238,"score_孤立比例":40.58529945553539,"score_距大型綠地":38.40744101633394,"綜合破碎化分數":37.7,"破碎化等級":"低","判定原因":"面積減少0.0%；斑塊增加0.0%；平均斑塊縮小0.0%；道路密度0.81 km/km²；孤立比例0.0%；距大型綠地0m","2021面積_ha":15.03,"2022面積_ha":15.03,"2023面積_ha":15.03}},{"type":"Feature","geometry":{"type":"Polygon","coordinates":[[[121.56221002811324,24.450211638335944],[121.56225009646954,24.45924024074437],[121.57211375102105,24.459203233895536],[121.57207297983098,24.450174646899878],[121.56221002811324,24.450211638335944]]]},"properties":{"grid_id":"G016_025","綠地類型":"河川沿岸自然地表","中心經度":121.567162,"中心緯度":24.454708,"分析面積_km2":1.04,"2020面積_ha":29.7,"2024面積_ha":29.7,"面積減少率_pct":0.0,"2020斑塊數":1,"2024斑塊數":1,"斑塊數增加率_pct":0.0,"2020平均斑塊面積_ha":2919.15,"2024平均斑塊面積_ha":3064.86,"平均斑塊面積下降率_pct":0.0,"道路切割密度_km_per_km2":0.0,"建成區邊界切割密度_km_per_km2":0.0,"孤立小斑塊比例_pct":0.0,"距大型連續綠地平均距離_m":0.0,"score_面積減少":36.206896551724135,"score_斑塊增加":44.260435571687836,"score_平均斑塊縮小":28.153357531760438,"score_道路建成區切割":25.941470054446462,"score_孤立比例":40.58529945553539,"score_距大型綠地":38.40744101633394,"綜合破碎化分數":35.6,"破碎化等級":"低","判定原因":"面積減少0.0%；斑塊增加0.0%；平均斑塊縮小0.0%；道路密度0.00 km/km²；孤立比例0.0%；距大型綠地0m","2021面積_ha":29.7,"2022面積_ha":29.7,"2023面積_ha":29.7}},{"type":"Feature","geometry":{"type":"Polygon","coordinates":[[[121.57207297983098,24.450174646899878],[121.57211375102105,24.459203233895536],[121.58197738563113,24.45916558354972],[121.58193591161357,24.45013701223483],[121.57207297983098,24.450174646899878]]]},"properties":{"grid_id":"G016_026","綠地類型":"河川沿岸自然地表","中心經度":121.577025,"中心緯度":24.45467,"分析面積_km2":1.04,"2020面積_ha":44.73,"2024面積_ha":44.73,"面積減少率_pct":0.0,"2020斑塊數":1,"2024斑塊數":1,"斑塊數增加率_pct":0.0,"2020平均斑塊面積_ha":2919.15,"2024平均斑塊面積_ha":3064.86,"平均斑塊面積下降率_pct":0.0,"道路切割密度_km_per_km2":0.0,"建成區邊界切割密度_km_per_km2":0.0,"孤立小斑塊比例_pct":0.0,"距大型連續綠地平均距離_m":0.0,"score_面積減少":36.206896551724135,"score_斑塊增加":44.260435571687836,"score_平均斑塊縮小":28.153357531760438,"score_道路建成區切割":25.941470054446462,"score_孤立比例":40.58529945553539,"score_距大型綠地":38.40744101633394,"綜合破碎化分數":35.6,"破碎化等級":"低","判定原因":"面積減少0.0%；斑塊增加0.0%；平均斑塊縮小0.0%；道路密度0.00 km/km²；孤立比例0.0%；距大型綠地0m","2021面積_ha":44.73,"2022面積_ha":44.73,"2023面積_ha":44.73}},{"type":"Feature","geometry":{"type":"Polygon","coordinates":[[[121.58193591161357,24.45013701223483],[121.58197738563113,24.45916558354972],[121.59184099995603,24.459127289712107],[121.59179882311736,24.45009873434598],[121.58193591161357,24.45013701223483]]]},"properties":{"grid_id":"G016_027","綠地類型":"河川沿岸自然地表","中心經度":121.586888,"中心緯度":24.454632,"分析面積_km2":1.04,"2020面積_ha":42.48,"2024面積_ha":42.48,"面積減少率_pct":0.0,"2020斑塊數":1,"2024斑塊數":1,"斑塊數增加率_pct":0.0,"2020平均斑塊面積_ha":2919.15,"2024平均斑塊面積_ha":3064.86,"平均斑塊面積下降率_pct":0.0,"道路切割密度_km_per_km2":0.0,"建成區邊界切割密度_km_per_km2":0.0,"孤立小斑塊比例_pct":0.0,"距大型連續綠地平均距離_m":0.0,"score_面積減少":36.206896551724135,"score_斑塊增加":44.260435571687836,"score_平均斑塊縮小":28.153357531760438,"score_道路建成區切割":25.941470054446462,"score_孤立比例":40.58529945553539,"score_距大型綠地":38.40744101633394,"綜合破碎化分數":35.6,"破碎化等級":"低","判定原因":"面積減少0.0%；斑塊增加0.0%；平均斑塊縮小0.0%；道路密度0.00 km/km²；孤立比例0.0%；距大型綠地0m","2021面積_ha":42.48,"2022面積_ha":42.48,"2023面積_ha":42.48}},{"type":"Feature","geometry":{"type":"Polygon","coordinates":[[[121.59179882311736,24.45009873434598],[121.59184099995603,24.459127289712107],[121.60170459365207,24.459088352387987],[121.6016617139987,24.45005981323861],[121.59179882311736,24.45009873434598]]]},"properties":{"grid_id":"G016_028","綠地類型":"河川沿岸自然地表","中心經度":121.596752,"中心緯度":24.454594,"分析面積_km2":1.04,"2020面積_ha":9.72,"2024面積_ha":9.72,"面積減少率_pct":0.0,"2020斑塊數":2,"2024斑塊數":2,"斑塊數增加率_pct":0.0,"2020平均斑塊面積_ha":2815.83,"2024平均斑塊面積_ha":2908.26,"平均斑塊面積下降率_pct":0.0,"道路切割密度_km_per_km2":1.413,"建成區邊界切割密度_km_per_km2":0.0,"孤立小斑塊比例_pct":0.0,"距大型連續綠地平均距離_m":0.0,"score_面積減少":36.206896551724135,"score_斑塊增加":44.260435571687836,"score_平均斑塊縮小":28.153357531760438,"score_道路建成區切割":41.685571687840294,"score_孤立比例":40.58529945553539,"score_距大型綠地":38.40744101633394,"綜合破碎化分數":38.2,"破碎化等級":"低","判定原因":"面積減少0.0%；斑塊增加0.0%；平均斑塊縮小0.0%；道路密度1.41 km/km²；孤立比例0.0%；距大型綠地0m","2021面積_ha":9.72,"2022面積_ha":9.72,"2023面積_ha":9.72}},{"type":"Feature","geometry":{"type":"Polygon","coordinates":[[[121.6016617139987,24.45005981323861],[121.60170459365207,24.459088352387987],[121.61156816637546,24.459048771582715],[121.61152458391403,24.450020248918083],[121.6016617139987,24.45005981323861]]]},"properties":{"grid_id":"G016_029","綠地類型":"河川沿岸自然地表","中心經度":121.606615,"中心緯度":24.454554,"分析面積_km2":1.04,"2020面積_ha":20.25,"2024面積_ha":20.52,"面積減少率_pct":0.0,"2020斑塊數":1,"2024斑塊數":1,"斑塊數增加率_pct":0.0,"2020平均斑塊面積_ha":2712.51,"2024平均斑塊面積_ha":2751.66,"平均斑塊面積下降率_pct":0.0,"道路切割密度_km_per_km2":1.211,"建成區邊界切割密度_km_per_km2":0.0,"孤立小斑塊比例_pct":0.0,"距大型連續綠地平均距離_m":0.0,"score_面積減少":36.206896551724135,"score_斑塊增加":44.260435571687836,"score_平均斑塊縮小":28.153357531760438,"score_道路建成區切割":40.369782214156075,"score_孤立比例":40.58529945553539,"score_距大型綠地":38.40744101633394,"綜合破碎化分數":38.0,"破碎化等級":"低","判定原因":"面積減少0.0%；斑塊增加0.0%；平均斑塊縮小0.0%；道路密度1.21 km/km²；孤立比例0.0%；距大型綠地0m","2021面積_ha":20.52,"2022面積_ha":20.52,"2023面積_ha":20.52}},{"type":"Feature","geometry":{"type":"Polygon","coordinates":[[[121.62138743251967,24.44998004138986],[121.62143171778251,24.459008547301767],[121.63129524752952,24.458967679550675],[121.63125025947207,24.449939190659478],[121.62138743251967,24.44998004138986]]]},"properties":{"grid_id":"G016_031","綠地類型":"河川沿岸自然地表","中心經度":121.626341,"中心緯度":24.454474,"分析面積_km2":1.04,"2020面積_ha":40.05,"2024面積_ha":40.05,"面積減少率_pct":0.0,"2020斑塊數":1,"2024斑塊數":1,"斑塊數增加率_pct":0.0,"2020平均斑塊面積_ha":2712.51,"2024平均斑塊面積_ha":2751.66,"平均斑塊面積下降率_pct":0.0,"道路切割密度_km_per_km2":0.0,"建成區邊界切割密度_km_per_km2":0.0,"孤立小斑塊比例_pct":0.0,"距大型連續綠地平均距離_m":0.0,"score_面積減少":36.206896551724135,"score_斑塊增加":44.260435571687836,"score_平均斑塊縮小":28.153357531760438,"score_道路建成區切割":25.941470054446462,"score_孤立比例":40.58529945553539,"score_距大型綠地":38.40744101633394,"綜合破碎化分數":35.6,"破碎化等級":"低","判定原因":"面積減少0.0%；斑塊增加0.0%；平均斑塊縮小0.0%；道路密度0.00 km/km²；孤立比例0.0%；距大型綠地0m","2021面積_ha":40.05,"2022面積_ha":40.05,"2023面積_ha":40.05}},{"type":"Feature","geometry":{"type":"Polygon","coordinates":[[[121.63125025947207,24.449939190659478],[121.63129524752952,24.458967679550675],[121.64115875527274,24.458926168335086],[121.64111306442757,24.449897696732577],[121.63125025947207,24.449939190659478]]]},"properties":{"grid_id":"G016_032","綠地類型":"河川沿岸自然地表","中心經度":121.636204,"中心緯度":24.454433,"分析面積_km2":1.04,"2020面積_ha":17.1,"2024面積_ha":17.1,"面積減少率_pct":0.0,"2020斑塊數":1,"2024斑塊數":1,"斑塊數增加率_pct":0.0,"2020平均斑塊面積_ha":2712.51,"2024平均斑塊面積_ha":2751.66,"平均斑塊面積下降率_pct":0.0,"道路切割密度_km_per_km2":2.307,"建成區邊界切割密度_km_per_km2":0.0,"孤立小斑塊比例_pct":0.0,"距大型連續綠地平均距離_m":0.0,"score_面積減少":36.206896551724135,"score_斑塊增加":44.260435571687836,"score_平均斑塊縮小":28.153357531760438,"score_道路建成區切割":48.07168784029038,"score_孤立比例":40.58529945553539,"score_距大型綠地":38.40744101633394,"綜合破碎化分數":39.3,"破碎化等級":"低","判定原因":"面積減少0.0%；斑塊增加0.0%；平均斑塊縮小0.0%；道路密度2.31 km/km²；孤立比例0.0%；距大型綠地0m","2021面積_ha":17.1,"2022面積_ha":17.1,"2023面積_ha":17.1}},{"type":"Feature","geometry":{"type":"Polygon","coordinates":[[[121.72001467095268,24.44954259094775],[121.7200659838382,24.458570914593757],[121.72992927808099,24.458523612465875],[121.72987726247473,24.44949530852025],[121.72001467095268,24.44954259094775]]]},"properties":{"grid_id":"G016_041","綠地類型":"河川沿岸自然地表","中心經度":121.724972,"中心緯度":24.454033,"分析面積_km2":1.04,"2020面積_ha":21.06,"2024面積_ha":21.06,"面積減少率_pct":0.0,"2020斑塊數":2,"2024斑塊數":2,"斑塊數增加率_pct":0.0,"2020平均斑塊面積_ha":2421.405,"2024平均斑塊面積_ha":3890.43,"平均斑塊面積下降率_pct":0.0,"道路切割密度_km_per_km2":2.364,"建成區邊界切割密度_km_per_km2":0.0,"孤立小斑塊比例_pct":0.0,"距大型連續綠地平均距離_m":0.0,"score_面積減少":36.206896551724135,"score_斑塊增加":44.260435571687836,"score_平均斑塊縮小":28.153357531760438,"score_道路建成區切割":48.29854809437387,"score_孤立比例":40.58529945553539,"score_距大型綠地":38.40744101633394,"綜合破碎化分數":39.3,"破碎化等級":"低","判定原因":"面積減少0.0%；斑塊增加0.0%；平均斑塊縮小0.0%；道路密度2.36 km/km²；孤立比例0.0%；距大型綠地0m","2021面積_ha":21.06,"2022面積_ha":21.06,"2023面積_ha":21.06}},{"type":"Feature","geometry":{"type":"Polygon","coordinates":[[[121.74960236887718,24.449398814265898],[121.74965578990096,24.4584270780069],[121.75951900679078,24.45837784568913],[121.75946488307052,24.449349602452344],[121.74960236887718,24.449398814265898]]]},"properties":{"grid_id":"G016_044","綠地類型":"河川沿岸自然地表","中心經度":121.754561,"中心緯度":24.453888,"分析面積_km2":1.04,"2020面積_ha":27.18,"2024面積_ha":27.18,"面積減少率_pct":0.0,"2020斑塊數":1,"2024斑塊數":1,"斑塊數增加率_pct":0.0,"2020平均斑塊面積_ha":724.68,"2024平均斑塊面積_ha":4238.28,"平均斑塊面積下降率_pct":0.0,"道路切割密度_km_per_km2":2.509,"建成區邊界切割密度_km_per_km2":0.0,"孤立小斑塊比例_pct":0.0,"距大型連續綠地平均距離_m":0.0,"score_面積減少":36.206896551724135,"score_斑塊增加":44.260435571687836,"score_平均斑塊縮小":28.153357531760438,"score_道路建成區切割":48.8543557168784,"score_孤立比例":40.58529945553539,"score_距大型綠地":38.40744101633394,"綜合破碎化分數":39.4,"破碎化等級":"低","判定原因":"面積減少0.0%；斑塊增加0.0%；平均斑塊縮小0.0%；道路密度2.51 km/km²；孤立比例0.0%；距大型綠地0m","2021面積_ha":27.18,"2022面積_ha":27.18,"2023面積_ha":27.18}},{"type":"Feature","geometry":{"type":"Polygon","coordinates":[[[121.34526996361141,24.46892044017143],[121.34524534692706,24.459891577295313],[121.33538132860261,24.45991378248458],[121.33539973444724,24.46686358666486],[121.3356967,24.4670462],[121.3360567,24.467411099999996],[121.33625010000002,24.467786],[121.33627620000001,24.4679838],[121.3362469,24.468095699999996],[121.33605350000002,24.468459499999998],[121.33598600000002,24.4687303],[121.33598327275638,24.46894137069766],[121.34526996361141,24.46892044017143]]]},"properties":{"grid_id":"G017_002","綠地類型":"河川沿岸自然地表","中心經度":121.340323,"中心緯度":24.463378,"分析面積_km2":1.019,"2020面積_ha":16.02,"2024面積_ha":16.02,"面積減少率_pct":0.0,"2020斑塊數":1,"2024斑塊數":1,"斑塊數增加率_pct":0.0,"2020平均斑塊面積_ha":3042.63,"2024平均斑塊面積_ha":3203.82,"平均斑塊面積下降率_pct":0.0,"道路切割密度_km_per_km2":0.265,"建成區邊界切割密度_km_per_km2":0.0,"孤立小斑塊比例_pct":0.0,"距大型連續綠地平均距離_m":0.0,"score_面積減少":36.206896551724135,"score_斑塊增加":44.260435571687836,"score_平均斑塊縮小":28.153357531760438,"score_道路建成區切割":35.48094373865699,"score_孤立比例":40.58529945553539,"score_距大型綠地":38.40744101633394,"綜合破碎化分數":37.2,"破碎化等級":"低","判定原因":"面積減少0.0%；斑塊增加0.0%；平均斑塊縮小0.0%；道路密度0.27 km/km²；孤立比例0.0%；距大型綠地0m","2021面積_ha":16.02,"2022面積_ha":16.02,"2023面積_ha":16.02}},{"type":"Feature","geometry":{"type":"Polygon","coordinates":[[[121.34524534692706,24.459891577295313],[121.34526996361141,24.46892044017143],[121.35513467318924,24.46889758187268],[121.35510935321702,24.459868728514135],[121.34524534692706,24.459891577295313]]]},"properties":{"grid_id":"G017_003","綠地類型":"河川沿岸自然地表","中心經度":121.35019,"中心緯度":24.464395,"分析面積_km2":1.04,"2020面積_ha":30.6,"2024面積_ha":30.6,"面積減少率_pct":0.0,"2020斑塊數":1,"2024斑塊數":1,"斑塊數增加率_pct":0.0,"2020平均斑塊面積_ha":3042.63,"2024平均斑塊面積_ha":3203.82,"平均斑塊面積下降率_pct":0.0,"道路切割密度_km_per_km2":0.577,"建成區邊界切割密度_km_per_km2":0.0,"孤立小斑塊比例_pct":0.0,"距大型連續綠地平均距離_m":0.0,"score_面積減少":36.206896551724135,"score_斑塊增加":44.260435571687836,"score_平均斑塊縮小":28.153357531760438,"score_道路建成區切割":37.137023593466424,"score_孤立比例":40.58529945553539,"score_距大型綠地":38.40744101633394,"綜合破碎化分數":37.5,"破碎化等級":"低","判定原因":"面積減少0.0%；斑塊增加0.0%；平均斑塊縮小0.0%；道路密度0.58 km/km²；孤立比例0.0%；距大型綠地0m","2021面積_ha":30.6,"2022面積_ha":30.6,"2023面積_ha":30.6}},{"type":"Feature","geometry":{"type":"Polygon","coordinates":[[[121.41429311897896,24.459718120579613],[121.41432265859305,24.468746911203084],[121.42418727427332,24.46871954597763],[121.42415703140084,24.459690766748256],[121.41429311897896,24.459718120579613]]]},"properties":{"grid_id":"G017_010","綠地類型":"河川沿岸自然地表","中心經度":121.41924,"中心緯度":24.464219,"分析面積_km2":1.04,"2020面積_ha":29.79,"2024面積_ha":29.88,"面積減少率_pct":0.0,"2020斑塊數":1,"2024斑塊數":1,"斑塊數增加率_pct":0.0,"2020平均斑塊面積_ha":3042.63,"2024平均斑塊面積_ha":3203.82,"平均斑塊面積下降率_pct":0.0,"道路切割密度_km_per_km2":1.557,"建成區邊界切割密度_km_per_km2":0.0,"孤立小斑塊比例_pct":0.0,"距大型連續綠地平均距離_m":0.0,"score_面積減少":36.206896551724135,"score_斑塊增加":44.260435571687836,"score_平均斑塊縮小":28.153357531760438,"score_道路建成區切割":43.06941923774955,"score_孤立比例":40.58529945553539,"score_距大型綠地":38.40744101633394,"綜合破碎化分數":38.4,"破碎化等級":"低","判定原因":"面積減少0.0%；斑塊增加0.0%；平均斑塊縮小0.0%；道路密度1.56 km/km²；孤立比例0.0%；距大型綠地0m","2021面積_ha":29.88,"2022面積_ha":29.88,"2023面積_ha":29.88}},{"type":"Feature","geometry":{"type":"Polygon","coordinates":[[[121.42415703140084,24.459690766748256],[121.42418727427332,24.46871954597763],[121.43405187516404,24.46869153691989],[121.43402092903776,24.45966276935269],[121.42415703140084,24.459690766748256]]]},"properties":{"grid_id":"G017_011","綠地類型":"河川沿岸自然地表","中心經度":121.429104,"中心緯度":24.464191,"分析面積_km2":1.04,"2020面積_ha":7.92,"2024面積_ha":7.92,"面積減少率_pct":0.0,"2020斑塊數":1,"2024斑塊數":1,"斑塊數增加率_pct":0.0,"2020平均斑塊面積_ha":925.11,"2024平均斑塊面積_ha":1185.21,"平均斑塊面積下降率_pct":0.0,"道路切割密度_km_per_km2":1.615,"建成區邊界切割密度_km_per_km2":0.0,"孤立小斑塊比例_pct":0.0,"距大型連續綠地平均距離_m":0.0,"score_面積減少":36.206896551724135,"score_斑塊增加":44.260435571687836,"score_平均斑塊縮小":28.153357531760438,"score_道路建成區切割":43.579854809437386,"score_孤立比例":40.58529945553539,"score_距大型綠地":38.40744101633394,"綜合破碎化分數":38.5,"破碎化等級":"低","判定原因":"面積減少0.0%；斑塊增加0.0%；平均斑塊縮小0.0%；道路密度1.61 km/km²；孤立比例0.0%；距大型綠地0m","2021面積_ha":7.92,"2022面積_ha":7.92,"2023面積_ha":7.92}},{"type":"Feature","geometry":{"type":"Polygon","coordinates":[[[121.4537486785817,24.459604843884424],[121.45378103120116,24.468633587323087],[121.46364558565979,24.468603646792022],[121.46361252980114,24.459574915819722],[121.4537486785817,24.459604843884424]]]},"properties":{"grid_id":"G017_014","綠地類型":"河川沿岸自然地表","中心經度":121.458697,"中心緯度":24.464104,"分析面積_km2":1.04,"2020面積_ha":44.73,"2024面積_ha":44.73,"面積減少率_pct":0.0,"2020斑塊數":1,"2024斑塊數":1,"斑塊數增加率_pct":0.0,"2020平均斑塊面積_ha":925.11,"2024平均斑塊面積_ha":1185.21,"平均斑塊面積下降率_pct":0.0,"道路切割密度_km_per_km2":0.0,"建成區邊界切割密度_km_per_km2":0.0,"孤立小斑塊比例_pct":0.0,"距大型連續綠地平均距離_m":0.0,"score_面積減少":36.206896551724135,"score_斑塊增加":44.260435571687836,"score_平均斑塊縮小":28.153357531760438,"score_道路建成區切割":25.941470054446462,"score_孤立比例":40.58529945553539,"score_距大型綠地":38.40744101633394,"綜合破碎化分數":35.6,"破碎化等級":"低","判定原因":"面積減少0.0%；斑塊增加0.0%；平均斑塊縮小0.0%；道路密度0.00 km/km²；孤立比例0.0%；距大型綠地0m","2021面積_ha":44.73,"2022面積_ha":44.73,"2023面積_ha":44.73}},{"type":"Feature","geometry":{"type":"Polygon","coordinates":[[[121.46361252980114,24.459574915819722],[121.46364558565979,24.468603646792022],[121.4735101239533,24.46857306244465],[121.47347636486049,24.45954434420678],[121.46361252980114,24.459574915819722]]]},"properties":{"grid_id":"G017_015","綠地類型":"河川沿岸自然地表","中心經度":121.468561,"中心緯度":24.464074,"分析面積_km2":1.04,"2020面積_ha":18.36,"2024面積_ha":18.36,"面積減少率_pct":0.0,"2020斑塊數":1,"2024斑塊數":1,"斑塊數增加率_pct":0.0,"2020平均斑塊面積_ha":925.11,"2024平均斑塊面積_ha":1185.21,"平均斑塊面積下降率_pct":0.0,"道路切割密度_km_per_km2":2.249,"建成區邊界切割密度_km_per_km2":0.0,"孤立小斑塊比例_pct":0.0,"距大型連續綠地平均距離_m":0.0,"score_面積減少":36.206896551724135,"score_斑塊增加":44.260435571687836,"score_平均斑塊縮小":28.153357531760438,"score_道路建成區切割":47.76542649727768,"score_孤立比例":40.58529945553539,"score_距大型綠地":38.40744101633394,"綜合破碎化分數":39.2,"破碎化等級":"低","判定原因":"面積減少0.0%；斑塊增加0.0%；平均斑塊縮小0.0%；道路密度2.25 km/km²；孤立比例0.0%；距大型綠地0m","2021面積_ha":18.36,"2022面積_ha":18.36,"2023面積_ha":18.36}},{"type":"Feature","geometry":{"type":"Polygon","coordinates":[[[121.47347636486049,24.45954434420678],[121.4735101239533,24.46857306244465],[121.48337464573777,24.4685418342852],[121.483340183416,24.45951312904981],[121.47347636486049,24.45954434420678]]]},"properties":{"grid_id":"G017_016","綠地類型":"河川沿岸自然地表","中心經度":121.478425,"中心緯度":24.464043,"分析面積_km2":1.04,"2020面積_ha":16.38,"2024面積_ha":16.38,"面積減少率_pct":0.0,"2020斑塊數":2,"2024斑塊數":2,"斑塊數增加率_pct":0.0,"2020平均斑塊面積_ha":1922.13,"2024平均斑塊面積_ha":2125.035,"平均斑塊面積下降率_pct":0.0,"道路切割密度_km_per_km2":1.499,"建成區邊界切割密度_km_per_km2":0.0,"孤立小斑塊比例_pct":0.0,"距大型連續綠地平均距離_m":0.0,"score_面積減少":36.206896551724135,"score_斑塊增加":44.260435571687836,"score_平均斑塊縮小":28.153357531760438,"score_道路建成區切割":42.615698729582576,"score_孤立比例":40.58529945553539,"score_距大型綠地":38.40744101633394,"綜合破碎化分數":38.4,"破碎化等級":"低","判定原因":"面積減少0.0%；斑塊增加0.0%；平均斑塊縮小0.0%；道路密度1.50 km/km²；孤立比例0.0%；距大型綠地0m","2021面積_ha":16.38,"2022面積_ha":16.38,"2023面積_ha":16.38}},{"type":"Feature","geometry":{"type":"Polygon","coordinates":[[[121.483340183416,24.45951312904981],[121.48337464573777,24.4685418342852],[121.49323915066932,24.468509962317977],[121.49320398512391,24.459481270353123],[121.483340183416,24.45951312904981]]]},"properties":{"grid_id":"G017_017","綠地類型":"河川沿岸自然地表","中心經度":121.488289,"中心緯度":24.464012,"分析面積_km2":1.04,"2020面積_ha":75.51,"2024面積_ha":75.51,"面積減少率_pct":0.0,"2020斑塊數":1,"2024斑塊數":1,"斑塊數增加率_pct":0.0,"2020平均斑塊面積_ha":2919.15,"2024平均斑塊面積_ha":3064.86,"平均斑塊面積下降率_pct":0.0,"道路切割密度_km_per_km2":0.0,"建成區邊界切割密度_km_per_km2":0.0,"孤立小斑塊比例_pct":0.0,"距大型連續綠地平均距離_m":0.0,"score_面積減少":36.206896551724135,"score_斑塊增加":44.260435571687836,"score_平均斑塊縮小":28.153357531760438,"score_道路建成區切割":25.941470054446462,"score_孤立比例":40.58529945553539,"score_距大型綠地":38.40744101633394,"綜合破碎化分數":35.6,"破碎化等級":"低","判定原因":"面積減少0.0%；斑塊增加0.0%；平均斑塊縮小0.0%；道路密度0.00 km/km²；孤立比例0.0%；距大型綠地0m","2021面積_ha":75.51,"2022面積_ha":75.51,"2023面積_ha":75.51}},{"type":"Feature","geometry":{"type":"Polygon","coordinates":[[[121.50306776964041,24.45944876812111],[121.50310363840413,24.46847744654737],[121.51296810859824,24.468444286977864],[121.51293153662178,24.45941562235825],[121.50306776964041,24.45944876812111]]]},"properties":{"grid_id":"G017_019","綠地類型":"河川沿岸自然地表","中心經度":121.508018,"中心緯度":24.463947,"分析面積_km2":1.04,"2020面積_ha":38.79,"2024面積_ha":38.79,"面積減少率_pct":0.0,"2020斑塊數":1,"2024斑塊數":1,"斑塊數增加率_pct":0.0,"2020平均斑塊面積_ha":2919.15,"2024平均斑塊面積_ha":3064.86,"平均斑塊面積下降率_pct":0.0,"道路切割密度_km_per_km2":0.0,"建成區邊界切割密度_km_per_km2":0.0,"孤立小斑塊比例_pct":0.0,"距大型連續綠地平均距離_m":0.0,"score_面積減少":36.206896551724135,"score_斑塊增加":44.260435571687836,"score_平均斑塊縮小":28.153357531760438,"score_道路建成區切割":25.941470054446462,"score_孤立比例":40.58529945553539,"score_距大型綠地":38.40744101633394,"綜合破碎化分數":35.6,"破碎化等級":"低","判定原因":"面積減少0.0%；斑塊增加0.0%；平均斑塊縮小0.0%；道路密度0.00 km/km²；孤立比例0.0%；距大型綠地0m","2021面積_ha":38.79,"2022面積_ha":38.79,"2023面積_ha":38.79}},{"type":"Feature","geometry":{"type":"Polygon","coordinates":[[[121.51293153662178,24.45941562235825],[121.51296810859824,24.468444286977864],[121.52283256090782,24.46841048361404],[121.5227952857242,24.45938183306912],[121.51293153662178,24.45941562235825]]]},"properties":{"grid_id":"G017_020","綠地類型":"河川沿岸自然地表","中心經度":121.517882,"中心緯度":24.463913,"分析面積_km2":1.04,"2020面積_ha":61.47,"2024面積_ha":61.47,"面積減少率_pct":0.0,"2020斑塊數":1,"2024斑塊數":1,"斑塊數增加率_pct":0.0,"2020平均斑塊面積_ha":2919.15,"2024平均斑塊面積_ha":3064.86,"平均斑塊面積下降率_pct":0.0,"道路切割密度_km_per_km2":0.0,"建成區邊界切割密度_km_per_km2":0.0,"孤立小斑塊比例_pct":0.0,"距大型連續綠地平均距離_m":0.0,"score_面積減少":36.206896551724135,"score_斑塊增加":44.260435571687836,"score_平均斑塊縮小":28.153357531760438,"score_道路建成區切割":25.941470054446462,"score_孤立比例":40.58529945553539,"score_距大型綠地":38.40744101633394,"綜合破碎化分數":35.6,"破碎化等級":"低","判定原因":"面積減少0.0%；斑塊增加0.0%；平均斑塊縮小0.0%；道路密度0.00 km/km²；孤立比例0.0%；距大型綠地0m","2021面積_ha":61.47,"2022面積_ha":61.47,"2023面積_ha":61.47}},{"type":"Feature","geometry":{"type":"Polygon","coordinates":[[[121.5227952857242,24.45938183306912],[121.52283256090782,24.46841048361404],[121.532696994989,24.468376036460555],[121.53265901660394,24.459347400258366],[121.5227952857242,24.45938183306912]]]},"properties":{"grid_id":"G017_021","綠地類型":"河川沿岸自然地表","中心經度":121.527746,"中心緯度":24.463879,"分析面積_km2":1.04,"2020面積_ha":37.62,"2024面積_ha":37.62,"面積減少率_pct":0.0,"2020斑塊數":1,"2024斑塊數":1,"斑塊數增加率_pct":0.0,"2020平均斑塊面積_ha":2919.15,"2024平均斑塊面積_ha":3064.86,"平均斑塊面積下降率_pct":0.0,"道路切割密度_km_per_km2":0.375,"建成區邊界切割密度_km_per_km2":0.0,"孤立小斑塊比例_pct":0.0,"距大型連續綠地平均距離_m":0.0,"score_面積減少":36.206896551724135,"score_斑塊增加":44.260435571687836,"score_平均斑塊縮小":28.153357531760438,"score_道路建成區切割":36.08212341197822,"score_孤立比例":40.58529945553539,"score_距大型綠地":38.40744101633394,"綜合破碎化分數":37.3,"破碎化等級":"低","判定原因":"面積減少0.0%；斑塊增加0.0%；平均斑塊縮小0.0%；道路密度0.38 km/km²；孤立比例0.0%；距大型綠地0m","2021面積_ha":37.62,"2022面積_ha":37.62,"2023面積_ha":37.62}},{"type":"Feature","geometry":{"type":"Polygon","coordinates":[[[121.53265901660394,24.459347400258366],[121.532696994989,24.468376036460555],[121.54256141049792,24.468340945522154],[121.54252272891725,24.459312323930757],[121.53265901660394,24.459347400258366]]]},"properties":{"grid_id":"G017_022","綠地類型":"河川沿岸自然地表","中心經度":121.53761,"中心緯度":24.463844,"分析面積_km2":1.04,"2020面積_ha":10.17,"2024面積_ha":10.17,"面積減少率_pct":0.0,"2020斑塊數":1,"2024斑塊數":1,"斑塊數增加率_pct":0.0,"2020平均斑塊面積_ha":2919.15,"2024平均斑塊面積_ha":3064.86,"平均斑塊面積下降率_pct":0.0,"道路切割密度_km_per_km2":2.307,"建成區邊界切割密度_km_per_km2":0.0,"孤立小斑塊比例_pct":0.0,"距大型連續綠地平均距離_m":0.0,"score_面積減少":36.206896551724135,"score_斑塊增加":44.260435571687836,"score_平均斑塊縮小":28.153357531760438,"score_道路建成區切割":48.07168784029038,"score_孤立比例":40.58529945553539,"score_距大型綠地":38.40744101633394,"綜合破碎化分數":39.3,"破碎化等級":"低","判定原因":"面積減少0.0%；斑塊增加0.0%；平均斑塊縮小0.0%；道路密度2.31 km/km²；孤立比例0.0%；距大型綠地0m","2021面積_ha":10.17,"2022面積_ha":10.17,"2023面積_ha":10.17}},{"type":"Feature","geometry":{"type":"Polygon","coordinates":[[[121.54252272891725,24.459312323930757],[121.54256141049792,24.468340945522154],[121.55242580709073,24.46830521080369],[121.55238642232038,24.459276604091116],[121.54252272891725,24.459312323930757]]]},"properties":{"grid_id":"G017_023","綠地類型":"河川沿岸自然地表","中心經度":121.547474,"中心緯度":24.463809,"分析面積_km2":1.04,"2020面積_ha":26.46,"2024面積_ha":26.46,"面積減少率_pct":0.0,"2020斑塊數":1,"2024斑塊數":1,"斑塊數增加率_pct":0.0,"2020平均斑塊面積_ha":2919.15,"2024平均斑塊面積_ha":3064.86,"平均斑塊面積下降率_pct":0.0,"道路切割密度_km_per_km2":0.0,"建成區邊界切割密度_km_per_km2":0.0,"孤立小斑塊比例_pct":0.0,"距大型連續綠地平均距離_m":0.0,"score_面積減少":36.206896551724135,"score_斑塊增加":44.260435571687836,"score_平均斑塊縮小":28.153357531760438,"score_道路建成區切割":25.941470054446462,"score_孤立比例":40.58529945553539,"score_距大型綠地":38.40744101633394,"綜合破碎化分數":35.6,"破碎化等級":"低","判定原因":"面積減少0.0%；斑塊增加0.0%；平均斑塊縮小0.0%；道路密度0.00 km/km²；孤立比例0.0%；距大型綠地0m","2021面積_ha":26.46,"2022面積_ha":26.46,"2023面積_ha":26.46}},{"type":"Feature","geometry":{"type":"Polygon","coordinates":[[[121.55238642232038,24.459276604091116],[121.55242580709073,24.46830521080369],[121.56229018442355,24.468268832310077],[121.56225009646954,24.45924024074437],[121.55238642232038,24.459276604091116]]]},"properties":{"grid_id":"G017_024","綠地類型":"河川沿岸自然地表","中心經度":121.557338,"中心緯度":24.463773,"分析面積_km2":1.04,"2020面積_ha":6.84,"2024面積_ha":6.84,"面積減少率_pct":0.0,"2020斑塊數":1,"2024斑塊數":1,"斑塊數增加率_pct":0.0,"2020平均斑塊面積_ha":2919.15,"2024平均斑塊面積_ha":3064.86,"平均斑塊面積下降率_pct":0.0,"道路切割密度_km_per_km2":0.0,"建成區邊界切割密度_km_per_km2":0.0,"孤立小斑塊比例_pct":0.0,"距大型連續綠地平均距離_m":0.0,"score_面積減少":36.206896551724135,"score_斑塊增加":44.260435571687836,"score_平均斑塊縮小":28.153357531760438,"score_道路建成區切割":25.941470054446462,"score_孤立比例":40.58529945553539,"score_距大型綠地":38.40744101633394,"綜合破碎化分數":35.6,"破碎化等級":"低","判定原因":"面積減少0.0%；斑塊增加0.0%；平均斑塊縮小0.0%；道路密度0.00 km/km²；孤立比例0.0%；距大型綠地0m","2021面積_ha":6.84,"2022面積_ha":6.84,"2023面積_ha":6.84}},{"type":"Feature","geometry":{"type":"Polygon","coordinates":[[[121.58197738563113,24.45916558354972],[121.58201887993384,24.468194144017588],[121.59188319742363,24.468155834229],[121.59184099995603,24.459127289712107],[121.58197738563113,24.45916558354972]]]},"properties":{"grid_id":"G017_027","綠地類型":"河川沿岸自然地表","中心經度":121.58693,"中心緯度":24.463661,"分析面積_km2":1.04,"2020面積_ha":42.3,"2024面積_ha":42.3,"面積減少率_pct":0.0,"2020斑塊數":1,"2024斑塊數":1,"斑塊數增加率_pct":0.0,"2020平均斑塊面積_ha":2919.15,"2024平均斑塊面積_ha":3064.86,"平均斑塊面積下降率_pct":0.0,"道路切割密度_km_per_km2":0.029,"建成區邊界切割密度_km_per_km2":0.0,"孤立小斑塊比例_pct":0.0,"距大型連續綠地平均距離_m":0.0,"score_面積減少":36.206896551724135,"score_斑塊增加":44.260435571687836,"score_平均斑塊縮小":28.153357531760438,"score_道路建成區切割":33.82486388384755,"score_孤立比例":40.58529945553539,"score_距大型綠地":38.40744101633394,"綜合破碎化分數":36.9,"破碎化等級":"低","判定原因":"面積減少0.0%；斑塊增加0.0%；平均斑塊縮小0.0%；道路密度0.03 km/km²；孤立比例0.0%；距大型綠地0m","2021面積_ha":42.3,"2022面積_ha":42.3,"2023面積_ha":42.3}},{"type":"Feature","geometry":{"type":"Polygon","coordinates":[[[121.59184099995603,24.459127289712107],[121.59188319742363,24.468155834229],[121.60174749427804,24.468116880685884],[121.60170459365207,24.459088352387987],[121.59184099995603,24.459127289712107]]]},"properties":{"grid_id":"G017_028","綠地類型":"河川沿岸自然地表","中心經度":121.596794,"中心緯度":24.463622,"分析面積_km2":1.04,"2020面積_ha":42.03,"2024面積_ha":42.03,"面積減少率_pct":0.0,"2020斑塊數":2,"2024斑塊數":2,"斑塊數增加率_pct":0.0,"2020平均斑塊面積_ha":2815.83,"2024平均斑塊面積_ha":2908.26,"平均斑塊面積下降率_pct":0.0,"道路切割密度_km_per_km2":2.422,"建成區邊界切割密度_km_per_km2":0.0,"孤立小斑塊比例_pct":0.0,"距大型連續綠地平均距離_m":0.0,"score_面積減少":36.206896551724135,"score_斑塊增加":44.260435571687836,"score_平均斑塊縮小":28.153357531760438,"score_道路建成區切割":48.53675136116152,"score_孤立比例":40.58529945553539,"score_距大型綠地":38.40744101633394,"綜合破碎化分數":39.4,"破碎化等級":"低","判定原因":"面積減少0.0%；斑塊增加0.0%；平均斑塊縮小0.0%；道路密度2.42 km/km²；孤立比例0.0%；距大型綠地0m","2021面積_ha":42.03,"2022面積_ha":42.03,"2023面積_ha":42.03}},{"type":"Feature","geometry":{"type":"Polygon","coordinates":[[[121.60170459365207,24.459088352387987],[121.60174749427804,24.468116880685884],[121.61161177015325,24.468077283393594],[121.61156816637546,24.459048771582715],[121.60170459365207,24.459088352387987]]]},"properties":{"grid_id":"G017_029","綠地類型":"河川沿岸自然地表","中心經度":121.606658,"中心緯度":24.463583,"分析面積_km2":1.04,"2020面積_ha":75.42,"2024面積_ha":75.42,"面積減少率_pct":0.0,"2020斑塊數":1,"2024斑塊數":1,"斑塊數增加率_pct":0.0,"2020平均斑塊面積_ha":2712.51,"2024平均斑塊面積_ha":2751.66,"平均斑塊面積下降率_pct":0.0,"道路切割密度_km_per_km2":1.499,"建成區邊界切割密度_km_per_km2":0.0,"孤立小斑塊比例_pct":0.0,"距大型連續綠地平均距離_m":0.0,"score_面積減少":36.206896551724135,"score_斑塊增加":44.260435571687836,"score_平均斑塊縮小":28.153357531760438,"score_道路建成區切割":42.615698729582576,"score_孤立比例":40.58529945553539,"score_距大型綠地":38.40744101633394,"綜合破碎化分數":38.4,"破碎化等級":"低","判定原因":"面積減少0.0%；斑塊增加0.0%；平均斑塊縮小0.0%；道路密度1.50 km/km²；孤立比例0.0%；距大型綠地0m","2021面積_ha":75.42,"2022面積_ha":75.42,"2023面積_ha":75.42}},{"type":"Feature","geometry":{"type":"Polygon","coordinates":[[[121.62143171778251,24.459008547301767],[121.62147602470543,24.468037042357587],[121.63134025759075,24.467996157583432],[121.63129524752952,24.458967679550675],[121.62143171778251,24.459008547301767]]]},"properties":{"grid_id":"G017_031","綠地類型":"河川沿岸自然地表","中心經度":121.626386,"中心緯度":24.463502,"分析面積_km2":1.04,"2020面積_ha":22.95,"2024面積_ha":22.95,"面積減少率_pct":0.0,"2020斑塊數":1,"2024斑塊數":1,"斑塊數增加率_pct":0.0,"2020平均斑塊面積_ha":2712.51,"2024平均斑塊面積_ha":2751.66,"平均斑塊面積下降率_pct":0.0,"道路切割密度_km_per_km2":0.0,"建成區邊界切割密度_km_per_km2":0.0,"孤立小斑塊比例_pct":0.0,"距大型連續綠地平均距離_m":0.0,"score_面積減少":36.206896551724135,"score_斑塊增加":44.260435571687836,"score_平均斑塊縮小":28.153357531760438,"score_道路建成區切割":25.941470054446462,"score_孤立比例":40.58529945553539,"score_距大型綠地":38.40744101633394,"綜合破碎化分數":35.6,"破碎化等級":"低","判定原因":"面積減少0.0%；斑塊增加0.0%；平均斑塊縮小0.0%；道路密度0.00 km/km²；孤立比例0.0%；距大型綠地0m","2021面積_ha":22.95,"2022面積_ha":22.95,"2023面積_ha":22.95}},{"type":"Feature","geometry":{"type":"Polygon","coordinates":[[[121.71020266449838,24.458617573311855],[121.71025329940858,24.46764590551166],[121.7201173218207,24.467599227358445],[121.7200659838382,24.458570914593757],[121.71020266449838,24.458617573311855]]]},"properties":{"grid_id":"G017_040","綠地類型":"河川沿岸自然地表","中心經度":121.71516,"中心緯度":24.463108,"分析面積_km2":1.04,"2020面積_ha":28.89,"2024面積_ha":28.89,"面積減少率_pct":0.0,"2020斑塊數":2,"2024斑塊數":2,"斑塊數增加率_pct":0.0,"2020平均斑塊面積_ha":2421.405,"2024平均斑塊面積_ha":3890.43,"平均斑塊面積下降率_pct":0.0,"道路切割密度_km_per_km2":0.058,"建成區邊界切割密度_km_per_km2":0.0,"孤立小斑塊比例_pct":0.0,"距大型連續綠地平均距離_m":0.0,"score_面積減少":36.206896551724135,"score_斑塊增加":44.260435571687836,"score_平均斑塊縮小":28.153357531760438,"score_道路建成區切割":34.11978221415608,"score_孤立比例":40.58529945553539,"score_距大型綠地":38.40744101633394,"綜合破碎化分數":37.0,"破碎化等級":"低","判定原因":"面積減少0.0%；斑塊增加0.0%；平均斑塊縮小0.0%；道路密度0.06 km/km²；孤立比例0.0%；距大型綠地0m","2021面積_ha":28.89,"2022面積_ha":28.89,"2023面積_ha":28.89}},{"type":"Feature","geometry":{"type":"Polygon","coordinates":[[[121.7200659838382,24.458570914593757],[121.7201173218207,24.467599227358445],[121.72998131912794,24.46755190552745],[121.72992927808099,24.458523612465875],[121.7200659838382,24.458570914593757]]]},"properties":{"grid_id":"G017_041","綠地類型":"河川沿岸自然地表","中心經度":121.725023,"中心緯度":24.463061,"分析面積_km2":1.04,"2020面積_ha":53.73,"2024面積_ha":53.73,"面積減少率_pct":0.0,"2020斑塊數":2,"2024斑塊數":2,"斑塊數增加率_pct":0.0,"2020平均斑塊面積_ha":2421.405,"2024平均斑塊面積_ha":3890.43,"平均斑塊面積下降率_pct":0.0,"道路切割密度_km_per_km2":1.701,"建成區邊界切割密度_km_per_km2":0.0,"孤立小斑塊比例_pct":0.0,"距大型連續綠地平均距離_m":0.0,"score_面積減少":36.206896551724135,"score_斑塊增加":44.260435571687836,"score_平均斑塊縮小":28.153357531760438,"score_道路建成區切割":44.44192377495463,"score_孤立比例":40.58529945553539,"score_距大型綠地":38.40744101633394,"綜合破碎化分數":38.7,"破碎化等級":"低","判定原因":"面積減少0.0%；斑塊增加0.0%；平均斑塊縮小0.0%；道路密度1.70 km/km²；孤立比例0.0%；距大型綠地0m","2021面積_ha":53.73,"2022面積_ha":53.73,"2023面積_ha":53.73}},{"type":"Feature","geometry":{"type":"Polygon","coordinates":[[[121.72992927808099,24.458523612465875],[121.72998131912794,24.46755190552745],[121.73984529098651,24.46750394002519],[121.73979254688312,24.458475666934714],[121.72992927808099,24.458523612465875]]]},"properties":{"grid_id":"G017_042","綠地類型":"河川沿岸自然地表","中心經度":121.734887,"中心緯度":24.463014,"分析面積_km2":1.04,"2020面積_ha":45.54,"2024面積_ha":45.54,"面積減少率_pct":0.0,"2020斑塊數":1,"2024斑塊數":1,"斑塊數增加率_pct":0.0,"2020平均斑塊面積_ha":724.68,"2024平均斑塊面積_ha":4238.28,"平均斑塊面積下降率_pct":0.0,"道路切割密度_km_per_km2":2.191,"建成區邊界切割密度_km_per_km2":0.0,"孤立小斑塊比例_pct":0.0,"距大型連續綠地平均距離_m":0.0,"score_面積減少":36.206896551724135,"score_斑塊增加":44.260435571687836,"score_平均斑塊縮小":28.153357531760438,"score_道路建成區切割":47.504537205081675,"score_孤立比例":40.58529945553539,"score_距大型綠地":38.40744101633394,"綜合破碎化分數":39.2,"破碎化等級":"低","判定原因":"面積減少0.0%；斑塊增加0.0%；平均斑塊縮小0.0%；道路密度2.19 km/km²；孤立比例0.0%；距大型綠地0m","2021面積_ha":45.54,"2022面積_ha":45.54,"2023面積_ha":45.54}},{"type":"Feature","geometry":{"type":"Polygon","coordinates":[[[121.34526996361141,24.46892044017143],[121.34529459233404,24.477949292239437],[121.35516000554367,24.477926424421796],[121.35513467318924,24.46889758187268],[121.34526996361141,24.46892044017143]]]},"properties":{"grid_id":"G018_003","綠地類型":"河川沿岸自然地表","中心經度":121.350215,"中心緯度":24.473424,"分析面積_km2":1.04,"2020面積_ha":12.15,"2024面積_ha":12.15,"面積減少率_pct":0.0,"2020斑塊數":1,"2024斑塊數":1,"斑塊數增加率_pct":0.0,"2020平均斑塊面積_ha":3042.63,"2024平均斑塊面積_ha":3203.82,"平均斑塊面積下降率_pct":0.0,"道路切割密度_km_per_km2":1.182,"建成區邊界切割密度_km_per_km2":0.0,"孤立小斑塊比例_pct":0.0,"距大型連續綠地平均距離_m":0.0,"score_面積減少":36.206896551724135,"score_斑塊增加":44.260435571687836,"score_平均斑塊縮小":28.153357531760438,"score_道路建成區切割":40.1429219600726,"score_孤立比例":40.58529945553539,"score_距大型綠地":38.40744101633394,"綜合破碎化分數":38.0,"破碎化等級":"低","判定原因":"面積減少0.0%；斑塊增加0.0%；平均斑塊縮小0.0%；道路密度1.18 km/km²；孤立比例0.0%；距大型綠地0m","2021面積_ha":12.15,"2022面積_ha":11.61,"2023面積_ha":12.06}},{"type":"Feature","geometry":{"type":"Polygon","coordinates":[[[121.35513467318924,24.46889758187268],[121.35516000554367,24.477926424421796],[121.36502540636718,24.4779029124792],[121.36499937038487,24.468874079717086],[121.35513467318924,24.46889758187268]]]},"properties":{"grid_id":"G018_004","綠地類型":"河川沿岸自然地表","中心經度":121.36008,"中心緯度":24.4734,"分析面積_km2":1.04,"2020面積_ha":25.29,"2024面積_ha":25.29,"面積減少率_pct":0.0,"2020斑塊數":1,"2024斑塊數":1,"斑塊數增加率_pct":0.0,"2020平均斑塊面積_ha":3042.63,"2024平均斑塊面積_ha":3203.82,"平均斑塊面積下降率_pct":0.0,"道路切割密度_km_per_km2":0.0,"建成區邊界切割密度_km_per_km2":0.0,"孤立小斑塊比例_pct":0.0,"距大型連續綠地平均距離_m":0.0,"score_面積減少":36.206896551724135,"score_斑塊增加":44.260435571687836,"score_平均斑塊縮小":28.153357531760438,"score_道路建成區切割":25.941470054446462,"score_孤立比例":40.58529945553539,"score_距大型綠地":38.40744101633394,"綜合破碎化分數":35.6,"破碎化等級":"低","判定原因":"面積減少0.0%；斑塊增加0.0%；平均斑塊縮小0.0%；道路密度0.00 km/km²；孤立比例0.0%；距大型綠地0m","2021面積_ha":25.29,"2022面積_ha":25.29,"2023面積_ha":25.29}},{"type":"Feature","geometry":{"type":"Polygon","coordinates":[[[121.36499937038487,24.468874079717086],[121.36502540636718,24.4779029124792],[121.37489079446061,24.477878756414885],[121.3748640548544,24.468849933707897],[121.36499937038487,24.468874079717086]]]},"properties":{"grid_id":"G018_005","綠地類型":"河川沿岸自然地表","中心經度":121.369945,"中心緯度":24.473377,"分析面積_km2":1.04,"2020面積_ha":18.63,"2024面積_ha":18.63,"面積減少率_pct":0.0,"2020斑塊數":1,"2024斑塊數":1,"斑塊數增加率_pct":0.0,"2020平均斑塊面積_ha":3042.63,"2024平均斑塊面積_ha":3203.82,"平均斑塊面積下降率_pct":0.0,"道路切割密度_km_per_km2":0.0,"建成區邊界切割密度_km_per_km2":0.0,"孤立小斑塊比例_pct":0.0,"距大型連續綠地平均距離_m":0.0,"score_面積減少":36.206896551724135,"score_斑塊增加":44.260435571687836,"score_平均斑塊縮小":28.153357531760438,"score_道路建成區切割":25.941470054446462,"score_孤立比例":40.58529945553539,"score_距大型綠地":38.40744101633394,"綜合破碎化分數":35.6,"破碎化等級":"低","判定原因":"面積減少0.0%；斑塊增加0.0%；平均斑塊縮小0.0%；道路密度0.00 km/km²；孤立比例0.0%；距大型綠地0m","2021面積_ha":18.63,"2022面積_ha":18.63,"2023面積_ha":18.63}},{"type":"Feature","geometry":{"type":"Polygon","coordinates":[[[121.3748640548544,24.468849933707897],[121.37489079446061,24.477878756414885],[121.38475616947991,24.477853956232185],[121.38472872625385,24.468825143848438],[121.3748640548544,24.468849933707897]]]},"properties":{"grid_id":"G018_006","綠地類型":"河川沿岸自然地表","中心經度":121.37981,"中心緯度":24.473352,"分析面積_km2":1.04,"2020面積_ha":47.34,"2024面積_ha":47.34,"面積減少率_pct":0.0,"2020斑塊數":1,"2024斑塊數":1,"斑塊數增加率_pct":0.0,"2020平均斑塊面積_ha":3042.63,"2024平均斑塊面積_ha":3203.82,"平均斑塊面積下降率_pct":0.0,"道路切割密度_km_per_km2":0.0,"建成區邊界切割密度_km_per_km2":0.0,"孤立小斑塊比例_pct":0.0,"距大型連續綠地平均距離_m":0.0,"score_面積減少":36.206896551724135,"score_斑塊增加":44.260435571687836,"score_平均斑塊縮小":28.153357531760438,"score_道路建成區切割":25.941470054446462,"score_孤立比例":40.58529945553539,"score_距大型綠地":38.40744101633394,"綜合破碎化分數":35.6,"破碎化等級":"低","判定原因":"面積減少0.0%；斑塊增加0.0%；平均斑塊縮小0.0%；道路密度0.00 km/km²；孤立比例0.0%；距大型綠地0m","2021面積_ha":47.34,"2022面積_ha":47.25,"2023面積_ha":47.34}},{"type":"Feature","geometry":{"type":"Polygon","coordinates":[[[121.41432265859305,24.468746911203084],[121.41435221265279,24.477775691008443],[121.4242175319354,24.47774831438731],[121.42418727427332,24.46871954597763],[121.41432265859305,24.468746911203084]]]},"properties":{"grid_id":"G018_010","綠地類型":"河川沿岸自然地表","中心經度":121.41927,"中心緯度":24.473248,"分析面積_km2":1.04,"2020面積_ha":45.0,"2024面積_ha":48.96,"面積減少率_pct":0.0,"2020斑塊數":4,"2024斑塊數":2,"斑塊數增加率_pct":0.0,"2020平均斑塊面積_ha":1028.138,"2024平均斑塊面積_ha":2194.515,"平均斑塊面積下降率_pct":0.0,"道路切割密度_km_per_km2":1.615,"建成區邊界切割密度_km_per_km2":0.0,"孤立小斑塊比例_pct":0.0,"距大型連續綠地平均距離_m":0.0,"score_面積減少":36.206896551724135,"score_斑塊增加":44.260435571687836,"score_平均斑塊縮小":28.153357531760438,"score_道路建成區切割":43.579854809437386,"score_孤立比例":40.58529945553539,"score_距大型綠地":38.40744101633394,"綜合破碎化分數":38.5,"破碎化等級":"低","判定原因":"面積減少0.0%；斑塊增加0.0%；平均斑塊縮小0.0%；道路密度1.61 km/km²；孤立比例0.0%；距大型綠地0m","2021面積_ha":49.23,"2022面積_ha":48.6,"2023面積_ha":49.05}},{"type":"Feature","geometry":{"type":"Polygon","coordinates":[[[121.42418727427332,24.46871954597763],[121.4242175319354,24.47774831438731],[121.43408283642376,24.47772029366578],[121.43405187516404,24.46869153691989],[121.42418727427332,24.46871954597763]]]},"properties":{"grid_id":"G018_011","綠地類型":"河川沿岸自然地表","中心經度":121.429135,"中心緯度":24.47322,"分析面積_km2":1.04,"2020面積_ha":29.07,"2024面積_ha":29.07,"面積減少率_pct":0.0,"2020斑塊數":1,"2024斑塊數":1,"斑塊數增加率_pct":0.0,"2020平均斑塊面積_ha":925.11,"2024平均斑塊面積_ha":1185.21,"平均斑塊面積下降率_pct":0.0,"道路切割密度_km_per_km2":0.0,"建成區邊界切割密度_km_per_km2":0.0,"孤立小斑塊比例_pct":0.0,"距大型連續綠地平均距離_m":0.0,"score_面積減少":36.206896551724135,"score_斑塊增加":44.260435571687836,"score_平均斑塊縮小":28.153357531760438,"score_道路建成區切割":25.941470054446462,"score_孤立比例":40.58529945553539,"score_距大型綠地":38.40744101633394,"綜合破碎化分數":35.6,"破碎化等級":"低","判定原因":"面積減少0.0%；斑塊增加0.0%；平均斑塊縮小0.0%；道路密度0.00 km/km²；孤立比例0.0%；距大型綠地0m","2021面積_ha":29.07,"2022面積_ha":29.07,"2023面積_ha":29.07}},{"type":"Feature","geometry":{"type":"Polygon","coordinates":[[[121.43405187516404,24.46869153691989],[121.43408283642376,24.47772029366578],[121.44394812577393,24.477691628847726],[121.44391646092127,24.468662884033723],[121.43405187516404,24.46869153691989]]]},"properties":{"grid_id":"G018_012","綠地類型":"河川沿岸自然地表","中心經度":121.439,"中心緯度":24.473192,"分析面積_km2":1.04,"2020面積_ha":48.33,"2024面積_ha":48.33,"面積減少率_pct":0.0,"2020斑塊數":1,"2024斑塊數":1,"斑塊數增加率_pct":0.0,"2020平均斑塊面積_ha":925.11,"2024平均斑塊面積_ha":1185.21,"平均斑塊面積下降率_pct":0.0,"道路切割密度_km_per_km2":0.0,"建成區邊界切割密度_km_per_km2":0.0,"孤立小斑塊比例_pct":0.0,"距大型連續綠地平均距離_m":0.0,"score_面積減少":36.206896551724135,"score_斑塊增加":44.260435571687836,"score_平均斑塊縮小":28.153357531760438,"score_道路建成區切割":25.941470054446462,"score_孤立比例":40.58529945553539,"score_距大型綠地":38.40744101633394,"綜合破碎化分數":35.6,"破碎化等級":"低","判定原因":"面積減少0.0%；斑塊增加0.0%；平均斑塊縮小0.0%；道路密度0.00 km/km²；孤立比例0.0%；距大型綠地0m","2021面積_ha":48.33,"2022面積_ha":48.33,"2023面積_ha":48.33}},{"type":"Feature","geometry":{"type":"Polygon","coordinates":[[[121.44391646092127,24.468662884033723],[121.44394812577393,24.477691628847726],[121.45381339964187,24.4776623199371],[121.45378103120116,24.468633587323087],[121.44391646092127,24.468662884033723]]]},"properties":{"grid_id":"G018_013","綠地類型":"河川沿岸自然地表","中心經度":121.448865,"中心緯度":24.473163,"分析面積_km2":1.04,"2020面積_ha":42.3,"2024面積_ha":42.3,"面積減少率_pct":0.0,"2020斑塊數":1,"2024斑塊數":1,"斑塊數增加率_pct":0.0,"2020平均斑塊面積_ha":925.11,"2024平均斑塊面積_ha":1185.21,"平均斑塊面積下降率_pct":0.0,"道路切割密度_km_per_km2":0.0,"建成區邊界切割密度_km_per_km2":0.0,"孤立小斑塊比例_pct":0.0,"距大型連續綠地平均距離_m":0.0,"score_面積減少":36.206896551724135,"score_斑塊增加":44.260435571687836,"score_平均斑塊縮小":28.153357531760438,"score_道路建成區切割":25.941470054446462,"score_孤立比例":40.58529945553539,"score_距大型綠地":38.40744101633394,"綜合破碎化分數":35.6,"破碎化等級":"低","判定原因":"面積減少0.0%；斑塊增加0.0%；平均斑塊縮小0.0%；道路密度0.00 km/km²；孤立比例0.0%；距大型綠地0m","2021面積_ha":42.3,"2022面積_ha":42.21,"2023面積_ha":42.3}},{"type":"Feature","geometry":{"type":"Polygon","coordinates":[[[121.45378103120116,24.468633587323087],[121.45381339964187,24.4776623199371],[121.46367865768362,24.477632366937947],[121.46364558565979,24.468603646792022],[121.45378103120116,24.468633587323087]]]},"properties":{"grid_id":"G018_014","綠地類型":"河川沿岸自然地表","中心經度":121.45873,"中心緯度":24.473133,"分析面積_km2":1.04,"2020面積_ha":27.54,"2024面積_ha":27.54,"面積減少率_pct":0.0,"2020斑塊數":2,"2024斑塊數":2,"斑塊數增加率_pct":0.0,"2020平均斑塊面積_ha":563.22,"2024平均斑塊面積_ha":797.985,"平均斑塊面積下降率_pct":0.0,"道路切割密度_km_per_km2":1.99,"建成區邊界切割密度_km_per_km2":0.0,"孤立小斑塊比例_pct":0.0,"距大型連續綠地平均距離_m":0.0,"score_面積減少":36.206896551724135,"score_斑塊增加":44.260435571687836,"score_平均斑塊縮小":28.153357531760438,"score_道路建成區切割":46.290834845735034,"score_孤立比例":40.58529945553539,"score_距大型綠地":38.40744101633394,"綜合破碎化分數":39.0,"破碎化等級":"低","判定原因":"面積減少0.0%；斑塊增加0.0%；平均斑塊縮小0.0%；道路密度1.99 km/km²；孤立比例0.0%；距大型綠地0m","2021面積_ha":27.54,"2022面積_ha":27.54,"2023面積_ha":27.54}},{"type":"Feature","geometry":{"type":"Polygon","coordinates":[[[121.48337464573777,24.4685418342852],[121.48340912491244,24.477570528690656],[121.49327433341153,24.477538643451048],[121.49323915066932,24.468509962317977],[121.48337464573777,24.4685418342852]]]},"properties":{"grid_id":"G018_017","綠地類型":"河川沿岸自然地表","中心經度":121.488324,"中心緯度":24.47304,"分析面積_km2":1.04,"2020面積_ha":29.52,"2024面積_ha":29.52,"面積減少率_pct":0.0,"2020斑塊數":2,"2024斑塊數":2,"斑塊數增加率_pct":0.0,"2020平均斑塊面積_ha":2283.435,"2024平均斑塊面積_ha":2354.535,"平均斑塊面積下降率_pct":0.0,"道路切割密度_km_per_km2":2.249,"建成區邊界切割密度_km_per_km2":0.0,"孤立小斑塊比例_pct":0.0,"距大型連續綠地平均距離_m":0.0,"score_面積減少":36.206896551724135,"score_斑塊增加":44.260435571687836,"score_平均斑塊縮小":28.153357531760438,"score_道路建成區切割":47.76542649727768,"score_孤立比例":40.58529945553539,"score_距大型綠地":38.40744101633394,"綜合破碎化分數":39.2,"破碎化等級":"低","判定原因":"面積減少0.0%；斑塊增加0.0%；平均斑塊縮小0.0%；道路密度2.25 km/km²；孤立比例0.0%；距大型綠地0m","2021面積_ha":29.52,"2022面積_ha":29.52,"2023面積_ha":29.52}},{"type":"Feature","geometry":{"type":"Polygon","coordinates":[[[121.49323915066932,24.468509962317977],[121.49327433341153,24.477538643451048],[121.50313952470846,24.477506114139974],[121.50310363840413,24.46847744654737],[121.49323915066932,24.468509962317977]]]},"properties":{"grid_id":"G018_018","綠地類型":"河川沿岸自然地表","中心經度":121.498189,"中心緯度":24.473008,"分析面積_km2":1.04,"2020面積_ha":22.77,"2024面積_ha":22.77,"面積減少率_pct":0.0,"2020斑塊數":2,"2024斑塊數":2,"斑塊數增加率_pct":0.0,"2020平均斑塊面積_ha":2283.435,"2024平均斑塊面積_ha":2354.535,"平均斑塊面積下降率_pct":0.0,"道路切割密度_km_per_km2":1.413,"建成區邊界切割密度_km_per_km2":0.0,"孤立小斑塊比例_pct":0.0,"距大型連續綠地平均距離_m":0.0,"score_面積減少":36.206896551724135,"score_斑塊增加":44.260435571687836,"score_平均斑塊縮小":28.153357531760438,"score_道路建成區切割":41.685571687840294,"score_孤立比例":40.58529945553539,"score_距大型綠地":38.40744101633394,"綜合破碎化分數":38.2,"破碎化等級":"低","判定原因":"面積減少0.0%；斑塊增加0.0%；平均斑塊縮小0.0%；道路密度1.41 km/km²；孤立比例0.0%；距大型綠地0m","2021面積_ha":22.77,"2022面積_ha":22.77,"2023面積_ha":22.77}},{"type":"Feature","geometry":{"type":"Polygon","coordinates":[[[121.50310363840413,24.46847744654737],[121.50313952470846,24.477506114139974],[121.51300469845921,24.47747294076191],[121.51296810859824,24.468444286977864],[121.50310363840413,24.46847744654737]]]},"properties":{"grid_id":"G018_019","綠地類型":"河川沿岸自然地表","中心經度":121.508054,"中心緯度":24.472975,"分析面積_km2":1.04,"2020面積_ha":32.22,"2024面積_ha":32.22,"面積減少率_pct":0.0,"2020斑塊數":1,"2024斑塊數":1,"斑塊數增加率_pct":0.0,"2020平均斑塊面積_ha":2919.15,"2024平均斑塊面積_ha":3064.86,"平均斑塊面積下降率_pct":0.0,"道路切割密度_km_per_km2":1.038,"建成區邊界切割密度_km_per_km2":0.0,"孤立小斑塊比例_pct":0.0,"距大型連續綠地平均距離_m":0.0,"score_面積減少":36.206896551724135,"score_斑塊增加":44.260435571687836,"score_平均斑塊縮小":28.153357531760438,"score_道路建成區切割":39.67785843920145,"score_孤立比例":40.58529945553539,"score_距大型綠地":38.40744101633394,"綜合破碎化分數":37.9,"破碎化等級":"低","判定原因":"面積減少0.0%；斑塊增加0.0%；平均斑塊縮小0.0%；道路密度1.04 km/km²；孤立比例0.0%；距大型綠地0m","2021面積_ha":32.22,"2022面積_ha":32.22,"2023面積_ha":32.22}},{"type":"Feature","geometry":{"type":"Polygon","coordinates":[[[121.51296810859824,24.468444286977864],[121.51300469845921,24.47747294076191],[121.52286985431984,24.477439123321446],[121.52283256090782,24.46841048361404],[121.51296810859824,24.468444286977864]]]},"properties":{"grid_id":"G018_020","綠地類型":"河川沿岸自然地表","中心經度":121.517919,"中心緯度":24.472942,"分析面積_km2":1.04,"2020面積_ha":37.53,"2024面積_ha":37.53,"面積減少率_pct":0.0,"2020斑塊數":1,"2024斑塊數":1,"斑塊數增加率_pct":0.0,"2020平均斑塊面積_ha":2919.15,"2024平均斑塊面積_ha":3064.86,"平均斑塊面積下降率_pct":0.0,"道路切割密度_km_per_km2":0.0,"建成區邊界切割密度_km_per_km2":0.0,"孤立小斑塊比例_pct":0.0,"距大型連續綠地平均距離_m":0.0,"score_面積減少":36.206896551724135,"score_斑塊增加":44.260435571687836,"score_平均斑塊縮小":28.153357531760438,"score_道路建成區切割":25.941470054446462,"score_孤立比例":40.58529945553539,"score_距大型綠地":38.40744101633394,"綜合破碎化分數":35.6,"破碎化等級":"低","判定原因":"面積減少0.0%；斑塊增加0.0%；平均斑塊縮小0.0%；道路密度0.00 km/km²；孤立比例0.0%；距大型綠地0m","2021面積_ha":37.53,"2022面積_ha":37.53,"2023面積_ha":37.53}},{"type":"Feature","geometry":{"type":"Polygon","coordinates":[[[121.52283256090782,24.46841048361404],[121.52286985431984,24.477439123321446],[121.53273499194633,24.47740466182323],[121.532696994989,24.468376036460555],[121.52283256090782,24.46841048361404]]]},"properties":{"grid_id":"G018_021","綠地類型":"河川沿岸自然地表","中心經度":121.527784,"中心緯度":24.472908,"分析面積_km2":1.04,"2020面積_ha":76.59,"2024面積_ha":76.59,"面積減少率_pct":0.0,"2020斑塊數":1,"2024斑塊數":1,"斑塊數增加率_pct":0.0,"2020平均斑塊面積_ha":2919.15,"2024平均斑塊面積_ha":3064.86,"平均斑塊面積下降率_pct":0.0,"道路切割密度_km_per_km2":0.0,"建成區邊界切割密度_km_per_km2":0.0,"孤立小斑塊比例_pct":0.0,"距大型連續綠地平均距離_m":0.0,"score_面積減少":36.206896551724135,"score_斑塊增加":44.260435571687836,"score_平均斑塊縮小":28.153357531760438,"score_道路建成區切割":25.941470054446462,"score_孤立比例":40.58529945553539,"score_距大型綠地":38.40744101633394,"綜合破碎化分數":35.6,"破碎化等級":"低","判定原因":"面積減少0.0%；斑塊增加0.0%；平均斑塊縮小0.0%；道路密度0.00 km/km²；孤立比例0.0%；距大型綠地0m","2021面積_ha":76.59,"2022面積_ha":76.59,"2023面積_ha":76.59}},{"type":"Feature","geometry":{"type":"Polygon","coordinates":[[[121.532696994989,24.468376036460555],[121.53273499194633,24.47740466182323],[121.54260011099474,24.477369556272023],[121.54256141049792,24.468340945522154],[121.532696994989,24.468376036460555]]]},"properties":{"grid_id":"G018_022","綠地類型":"河川沿岸自然地表","中心經度":121.537648,"中心緯度":24.472873,"分析面積_km2":1.04,"2020面積_ha":40.86,"2024面積_ha":40.86,"面積減少率_pct":0.0,"2020斑塊數":1,"2024斑塊數":1,"斑塊數增加率_pct":0.0,"2020平均斑塊面積_ha":2919.15,"2024平均斑塊面積_ha":3064.86,"平均斑塊面積下降率_pct":0.0,"道路切割密度_km_per_km2":1.586,"建成區邊界切割密度_km_per_km2":0.0,"孤立小斑塊比例_pct":0.0,"距大型連續綠地平均距離_m":0.0,"score_面積減少":36.206896551724135,"score_斑塊增加":44.260435571687836,"score_平均斑塊縮小":28.153357531760438,"score_道路建成區切割":43.30762250453721,"score_孤立比例":40.58529945553539,"score_距大型綠地":38.40744101633394,"綜合破碎化分數":38.5,"破碎化等級":"低","判定原因":"面積減少0.0%；斑塊增加0.0%；平均斑塊縮小0.0%；道路密度1.59 km/km²；孤立比例0.0%；距大型綠地0m","2021面積_ha":40.86,"2022面積_ha":40.86,"2023面積_ha":40.86}},{"type":"Feature","geometry":{"type":"Polygon","coordinates":[[[121.54256141049792,24.468340945522154],[121.54260011099474,24.477369556272023],[121.55246521112107,24.477333806672668],[121.55242580709073,24.46830521080369],[121.54256141049792,24.468340945522154]]]},"properties":{"grid_id":"G018_023","綠地類型":"河川沿岸自然地表","中心經度":121.547513,"中心緯度":24.472837,"分析面積_km2":1.04,"2020面積_ha":48.96,"2024面積_ha":48.96,"面積減少率_pct":0.0,"2020斑塊數":1,"2024斑塊數":1,"斑塊數增加率_pct":0.0,"2020平均斑塊面積_ha":2919.15,"2024平均斑塊面積_ha":3064.86,"平均斑塊面積下降率_pct":0.0,"道路切割密度_km_per_km2":0.0,"建成區邊界切割密度_km_per_km2":0.0,"孤立小斑塊比例_pct":0.0,"距大型連續綠地平均距離_m":0.0,"score_面積減少":36.206896551724135,"score_斑塊增加":44.260435571687836,"score_平均斑塊縮小":28.153357531760438,"score_道路建成區切割":25.941470054446462,"score_孤立比例":40.58529945553539,"score_距大型綠地":38.40744101633394,"綜合破碎化分數":35.6,"破碎化等級":"低","判定原因":"面積減少0.0%；斑塊增加0.0%；平均斑塊縮小0.0%；道路密度0.00 km/km²；孤立比例0.0%；距大型綠地0m","2021面積_ha":48.96,"2022面積_ha":48.96,"2023面積_ha":48.96}},{"type":"Feature","geometry":{"type":"Polygon","coordinates":[[[121.55242580709073,24.46830521080369],[121.55246521112107,24.477333806672668],[121.56233029198138,24.47729741303009],[121.56229018442355,24.468268832310077],[121.55242580709073,24.46830521080369]]]},"properties":{"grid_id":"G018_024","綠地類型":"河川沿岸自然地表","中心經度":121.557378,"中心緯度":24.472801,"分析面積_km2":1.04,"2020面積_ha":41.49,"2024面積_ha":42.48,"面積減少率_pct":0.0,"2020斑塊數":1,"2024斑塊數":1,"斑塊數增加率_pct":0.0,"2020平均斑塊面積_ha":2919.15,"2024平均斑塊面積_ha":3064.86,"平均斑塊面積下降率_pct":0.0,"道路切割密度_km_per_km2":0.0,"建成區邊界切割密度_km_per_km2":0.0,"孤立小斑塊比例_pct":0.0,"距大型連續綠地平均距離_m":0.0,"score_面積減少":36.206896551724135,"score_斑塊增加":44.260435571687836,"score_平均斑塊縮小":28.153357531760438,"score_道路建成區切割":25.941470054446462,"score_孤立比例":40.58529945553539,"score_距大型綠地":38.40744101633394,"綜合破碎化分數":35.6,"破碎化等級":"低","判定原因":"面積減少0.0%；斑塊增加0.0%；平均斑塊縮小0.0%；道路密度0.00 km/km²；孤立比例0.0%；距大型綠地0m","2021面積_ha":42.66,"2022面積_ha":41.4,"2023面積_ha":42.66}},{"type":"Feature","geometry":{"type":"Polygon","coordinates":[[[121.57215454215253,24.46823181004634],[121.57219535323172,24.477260375349317],[121.58206039452809,24.47722269363545],[121.58201887993384,24.468194144017588],[121.57215454215253,24.46823181004634]]]},"properties":{"grid_id":"G018_026","綠地類型":"河川沿岸自然地表","中心經度":121.577107,"中心緯度":24.472727,"分析面積_km2":1.04,"2020面積_ha":23.58,"2024面積_ha":24.21,"面積減少率_pct":0.0,"2020斑塊數":1,"2024斑塊數":1,"斑塊數增加率_pct":0.0,"2020平均斑塊面積_ha":2919.15,"2024平均斑塊面積_ha":3064.86,"平均斑塊面積下降率_pct":0.0,"道路切割密度_km_per_km2":0.0,"建成區邊界切割密度_km_per_km2":0.0,"孤立小斑塊比例_pct":0.0,"距大型連續綠地平均距離_m":0.0,"score_面積減少":36.206896551724135,"score_斑塊增加":44.260435571687836,"score_平均斑塊縮小":28.153357531760438,"score_道路建成區切割":25.941470054446462,"score_孤立比例":40.58529945553539,"score_距大型綠地":38.40744101633394,"綜合破碎化分數":35.6,"破碎化等級":"低","判定原因":"面積減少0.0%；斑塊增加0.0%；平均斑塊縮小0.0%；道路密度0.00 km/km²；孤立比例0.0%；距大型綠地0m","2021面積_ha":25.56,"2022面積_ha":23.4,"2023面積_ha":24.84}},{"type":"Feature","geometry":{"type":"Polygon","coordinates":[[[121.58201887993384,24.468194144017588],[121.58206039452809,24.47722269363545],[121.59192541552656,24.477184367893692],[121.59188319742363,24.468155834229],[121.58201887993384,24.468194144017588]]]},"properties":{"grid_id":"G018_027","綠地類型":"河川沿岸自然地表","中心經度":121.586972,"中心緯度":24.472689,"分析面積_km2":1.04,"2020面積_ha":9.99,"2024面積_ha":9.99,"面積減少率_pct":0.0,"2020斑塊數":1,"2024斑塊數":1,"斑塊數增加率_pct":0.0,"2020平均斑塊面積_ha":2919.15,"2024平均斑塊面積_ha":3064.86,"平均斑塊面積下降率_pct":0.0,"道路切割密度_km_per_km2":1.442,"建成區邊界切割密度_km_per_km2":0.0,"孤立小斑塊比例_pct":0.0,"距大型連續綠地平均距離_m":0.0,"score_面積減少":36.206896551724135,"score_斑塊增加":44.260435571687836,"score_平均斑塊縮小":28.153357531760438,"score_道路建成區切割":41.98049001814882,"score_孤立比例":40.58529945553539,"score_距大型綠地":38.40744101633394,"綜合破碎化分數":38.3,"破碎化等級":"低","判定原因":"面積減少0.0%；斑塊增加0.0%；平均斑塊縮小0.0%；道路密度1.44 km/km²；孤立比例0.0%；距大型綠地0m","2021面積_ha":9.99,"2022面積_ha":9.99,"2023面積_ha":9.99}},{"type":"Feature","geometry":{"type":"Polygon","coordinates":[[[121.59188319742363,24.468155834229],[121.59192541552656,24.477184367893692],[121.60179041588322,24.477145398129327],[121.60174749427804,24.468116880685884],[121.59188319742363,24.468155834229]]]},"properties":{"grid_id":"G018_028","綠地類型":"河川沿岸自然地表","中心經度":121.596837,"中心緯度":24.472651,"分析面積_km2":1.04,"2020面積_ha":45.18,"2024面積_ha":45.18,"面積減少率_pct":0.0,"2020斑塊數":1,"2024斑塊數":1,"斑塊數增加率_pct":0.0,"2020平均斑塊面積_ha":2712.51,"2024平均斑塊面積_ha":2751.66,"平均斑塊面積下降率_pct":0.0,"道路切割密度_km_per_km2":0.231,"建成區邊界切割密度_km_per_km2":0.0,"孤立小斑塊比例_pct":0.0,"距大型連續綠地平均距離_m":0.0,"score_面積減少":36.206896551724135,"score_斑塊增加":44.260435571687836,"score_平均斑塊縮小":28.153357531760438,"score_道路建成區切割":35.186025408348456,"score_孤立比例":40.58529945553539,"score_距大型綠地":38.40744101633394,"綜合破碎化分數":37.1,"破碎化等級":"低","判定原因":"面積減少0.0%；斑塊增加0.0%；平均斑塊縮小0.0%；道路密度0.23 km/km²；孤立比例0.0%；距大型綠地0m","2021面積_ha":45.18,"2022面積_ha":45.18,"2023面積_ha":45.18}},{"type":"Feature","geometry":{"type":"Polygon","coordinates":[[[121.60174749427804,24.468116880685884],[121.60179041588322,24.477145398129327],[121.61165539525406,24.477105784347724],[121.61161177015325,24.468077283393594],[121.60174749427804,24.468116880685884]]]},"properties":{"grid_id":"G018_029","綠地類型":"河川沿岸自然地表","中心經度":121.606701,"中心緯度":24.472611,"分析面積_km2":1.04,"2020面積_ha":45.18,"2024面積_ha":45.18,"面積減少率_pct":0.0,"2020斑塊數":1,"2024斑塊數":1,"斑塊數增加率_pct":0.0,"2020平均斑塊面積_ha":2712.51,"2024平均斑塊面積_ha":2751.66,"平均斑塊面積下降率_pct":0.0,"道路切割密度_km_per_km2":0.0,"建成區邊界切割密度_km_per_km2":0.0,"孤立小斑塊比例_pct":0.0,"距大型連續綠地平均距離_m":0.0,"score_面積減少":36.206896551724135,"score_斑塊增加":44.260435571687836,"score_平均斑塊縮小":28.153357531760438,"score_道路建成區切割":25.941470054446462,"score_孤立比例":40.58529945553539,"score_距大型綠地":38.40744101633394,"綜合破碎化分數":35.6,"破碎化等級":"低","判定原因":"面積減少0.0%；斑塊增加0.0%；平均斑塊縮小0.0%；道路密度0.00 km/km²；孤立比例0.0%；距大型綠地0m","2021面積_ha":45.18,"2022面積_ha":45.18,"2023面積_ha":45.18}},{"type":"Feature","geometry":{"type":"Polygon","coordinates":[[[121.61161177015325,24.468077283393594],[121.61165539525406,24.477105784347724],[121.6215203532952,24.477065526554355],[121.62147602470543,24.468037042357587],[121.61161177015325,24.468077283393594]]]},"properties":{"grid_id":"G018_030","綠地類型":"河川沿岸自然地表","中心經度":121.616566,"中心緯度":24.472571,"分析面積_km2":1.04,"2020面積_ha":48.69,"2024面積_ha":50.22,"面積減少率_pct":0.0,"2020斑塊數":3,"2024斑塊數":1,"斑塊數增加率_pct":0.0,"2020平均斑塊面積_ha":904.23,"2024平均斑塊面積_ha":2751.66,"平均斑塊面積下降率_pct":0.0,"道路切割密度_km_per_km2":0.0,"建成區邊界切割密度_km_per_km2":0.0,"孤立小斑塊比例_pct":0.0,"距大型連續綠地平均距離_m":0.0,"score_面積減少":36.206896551724135,"score_斑塊增加":44.260435571687836,"score_平均斑塊縮小":28.153357531760438,"score_道路建成區切割":25.941470054446462,"score_孤立比例":40.58529945553539,"score_距大型綠地":38.40744101633394,"綜合破碎化分數":35.6,"破碎化等級":"低","判定原因":"面積減少0.0%；斑塊增加0.0%；平均斑塊縮小0.0%；道路密度0.00 km/km²；孤立比例0.0%；距大型綠地0m","2021面積_ha":49.86,"2022面積_ha":48.78,"2023面積_ha":49.86}},{"type":"Feature","geometry":{"type":"Polygon","coordinates":[[[121.62147602470543,24.468037042357587],[121.6215203532952,24.477065526554355],[121.63138528966267,24.477024624754772],[121.63134025759075,24.467996157583432],[121.62147602470543,24.468037042357587]]]},"properties":{"grid_id":"G018_031","綠地類型":"河川沿岸自然地表","中心經度":121.62643,"中心緯度":24.472531,"分析面積_km2":1.04,"2020面積_ha":53.91,"2024面積_ha":53.91,"面積減少率_pct":0.0,"2020斑塊數":1,"2024斑塊數":1,"斑塊數增加率_pct":0.0,"2020平均斑塊面積_ha":2712.51,"2024平均斑塊面積_ha":2751.66,"平均斑塊面積下降率_pct":0.0,"道路切割密度_km_per_km2":0.0,"建成區邊界切割密度_km_per_km2":0.0,"孤立小斑塊比例_pct":0.0,"距大型連續綠地平均距離_m":0.0,"score_面積減少":36.206896551724135,"score_斑塊增加":44.260435571687836,"score_平均斑塊縮小":28.153357531760438,"score_道路建成區切割":25.941470054446462,"score_孤立比例":40.58529945553539,"score_距大型綠地":38.40744101633394,"綜合破碎化分數":35.6,"破碎化等級":"低","判定原因":"面積減少0.0%；斑塊增加0.0%；平均斑塊縮小0.0%；道路密度0.00 km/km²；孤立比例0.0%；距大型綠地0m","2021面積_ha":53.91,"2022面積_ha":53.91,"2023面積_ha":53.91}},{"type":"Feature","geometry":{"type":"Polygon","coordinates":[[[121.71025329940858,24.46764590551166],[121.7103039590799,24.476674226829857],[121.72016868490809,24.476627529238822],[121.7201173218207,24.467599227358445],[121.71025329940858,24.46764590551166]]]},"properties":{"grid_id":"G018_040","綠地類型":"河川沿岸自然地表","中心經度":121.715211,"中心緯度":24.472137,"分析面積_km2":1.04,"2020面積_ha":27.36,"2024面積_ha":27.9,"面積減少率_pct":0.0,"2020斑塊數":1,"2024斑塊數":1,"斑塊數增加率_pct":0.0,"2020平均斑塊面積_ha":724.68,"2024平均斑塊面積_ha":4238.28,"平均斑塊面積下降率_pct":0.0,"道路切割密度_km_per_km2":0.0,"建成區邊界切割密度_km_per_km2":0.0,"孤立小斑塊比例_pct":0.0,"距大型連續綠地平均距離_m":0.0,"score_面積減少":36.206896551724135,"score_斑塊增加":44.260435571687836,"score_平均斑塊縮小":28.153357531760438,"score_道路建成區切割":25.941470054446462,"score_孤立比例":40.58529945553539,"score_距大型綠地":38.40744101633394,"綜合破碎化分數":35.6,"破碎化等級":"低","判定原因":"面積減少0.0%；斑塊增加0.0%；平均斑塊縮小0.0%；道路密度0.00 km/km²；孤立比例0.0%；距大型綠地0m","2021面積_ha":27.9,"2022面積_ha":27.9,"2023面積_ha":27.9}},{"type":"Feature","geometry":{"type":"Polygon","coordinates":[[[121.7201173218207,24.467599227358445],[121.72016868490809,24.476627529238822],[121.73003338562351,24.47658018770198],[121.72998131912794,24.46755190552745],[121.7201173218207,24.467599227358445]]]},"properties":{"grid_id":"G018_041","綠地類型":"河川沿岸自然地表","中心經度":121.725075,"中心緯度":24.47209,"分析面積_km2":1.04,"2020面積_ha":41.04,"2024面積_ha":41.04,"面積減少率_pct":0.0,"2020斑塊數":1,"2024斑塊數":1,"斑塊數增加率_pct":0.0,"2020平均斑塊面積_ha":724.68,"2024平均斑塊面積_ha":4238.28,"平均斑塊面積下降率_pct":0.0,"道路切割密度_km_per_km2":0.0,"建成區邊界切割密度_km_per_km2":0.0,"孤立小斑塊比例_pct":0.0,"距大型連續綠地平均距離_m":0.0,"score_面積減少":36.206896551724135,"score_斑塊增加":44.260435571687836,"score_平均斑塊縮小":28.153357531760438,"score_道路建成區切割":25.941470054446462,"score_孤立比例":40.58529945553539,"score_距大型綠地":38.40744101633394,"綜合破碎化分數":35.6,"破碎化等級":"低","判定原因":"面積減少0.0%；斑塊增加0.0%；平均斑塊縮小0.0%；道路密度0.00 km/km²；孤立比例0.0%；距大型綠地0m","2021面積_ha":41.04,"2022面積_ha":41.04,"2023面積_ha":41.04}},{"type":"Feature","geometry":{"type":"Polygon","coordinates":[[[121.72998131912794,24.46755190552745],[121.73003338562351,24.47658018770198],[121.73989806088233,24.47653220222586],[121.73984529098651,24.46750394002519],[121.72998131912794,24.46755190552745]]]},"properties":{"grid_id":"G018_042","綠地類型":"河川沿岸自然地表","中心經度":121.73494,"中心緯度":24.472042,"分析面積_km2":1.04,"2020面積_ha":56.7,"2024面積_ha":56.7,"面積減少率_pct":0.0,"2020斑塊數":1,"2024斑塊數":1,"斑塊數增加率_pct":0.0,"2020平均斑塊面積_ha":724.68,"2024平均斑塊面積_ha":4238.28,"平均斑塊面積下降率_pct":0.0,"道路切割密度_km_per_km2":0.0,"建成區邊界切割密度_km_per_km2":0.0,"孤立小斑塊比例_pct":0.0,"距大型連續綠地平均距離_m":0.0,"score_面積減少":36.206896551724135,"score_斑塊增加":44.260435571687836,"score_平均斑塊縮小":28.153357531760438,"score_道路建成區切割":25.941470054446462,"score_孤立比例":40.58529945553539,"score_距大型綠地":38.40744101633394,"綜合破碎化分數":35.6,"破碎化等級":"低","判定原因":"面積減少0.0%；斑塊增加0.0%；平均斑塊縮小0.0%；道路密度0.00 km/km²；孤立比例0.0%；距大型綠地0m","2021面積_ha":56.7,"2022面積_ha":56.7,"2023面積_ha":56.7}},{"type":"Feature","geometry":{"type":"Polygon","coordinates":[[[121.74970923705267,24.46745533085829],[121.74976271034062,24.476483572817077],[121.75962733365449,24.476434299482335],[121.75957315698267,24.467406078033456],[121.74970923705267,24.46745533085829]]]},"properties":{"grid_id":"G018_044","綠地類型":"河川沿岸自然地表","中心經度":121.754668,"中心緯度":24.471945,"分析面積_km2":1.04,"2020面積_ha":42.93,"2024面積_ha":42.93,"面積減少率_pct":0.0,"2020斑塊數":1,"2024斑塊數":1,"斑塊數增加率_pct":0.0,"2020平均斑塊面積_ha":724.68,"2024平均斑塊面積_ha":4238.28,"平均斑塊面積下降率_pct":0.0,"道路切割密度_km_per_km2":2.047,"建成區邊界切割密度_km_per_km2":0.0,"孤立小斑塊比例_pct":0.0,"距大型連續綠地平均距離_m":0.0,"score_面積減少":36.206896551724135,"score_斑塊增加":44.260435571687836,"score_平均斑塊縮小":28.153357531760438,"score_道路建成區切割":46.67649727767696,"score_孤立比例":40.58529945553539,"score_距大型綠地":38.40744101633394,"綜合破碎化分數":39.0,"破碎化等級":"低","判定原因":"面積減少0.0%；斑塊增加0.0%；平均斑塊縮小0.0%；道路密度2.05 km/km²；孤立比例0.0%；距大型綠地0m","2021面積_ha":42.93,"2022面積_ha":42.93,"2023面積_ha":42.93}},{"type":"Feature","geometry":{"type":"Polygon","coordinates":[[[121.82861983580436,24.46704328641901],[121.82867893592484,24.476071356794385],[121.83854333770493,24.476016932304084],[121.83851670261673,24.471996591829193],[121.8382571,24.471702],[121.8379814,24.471364799999996],[121.8372083,24.47121389999999],[121.8362245,24.4710232],[121.8353118,24.470965900000007],[121.83492050000001,24.470833699999993],[121.83450429999999,24.470548899999997],[121.8342854,24.4703253],[121.8340088,24.4701355],[121.83358110000002,24.4697208],[121.83329469999998,24.4693878],[121.83305,24.4690177],[121.8329878,24.4688138],[121.83284000000002,24.468550100000005],[121.8325474,24.4681208],[121.831054,24.4677047],[121.8303972,24.467550700000004],[121.82927720000002,24.467139599999996],[121.82906840627119,24.467040826364293],[121.82861983580436,24.46704328641901]]]},"properties":{"grid_id":"G018_052","綠地類型":"河川沿岸自然地表","中心經度":121.833384,"中心緯度":24.47156,"分析面積_km2":0.761,"2020面積_ha":0.72,"2024面積_ha":0.72,"面積減少率_pct":0.0,"2020斑塊數":1,"2024斑塊數":1,"斑塊數增加率_pct":0.0,"2020平均斑塊面積_ha":14.31,"2024平均斑塊面積_ha":14.49,"平均斑塊面積下降率_pct":0.0,"道路切割密度_km_per_km2":2.049,"建成區邊界切割密度_km_per_km2":0.0,"孤立小斑塊比例_pct":0.0,"距大型連續綠地平均距離_m":0.0,"score_面積減少":36.206896551724135,"score_斑塊增加":44.260435571687836,"score_平均斑塊縮小":28.153357531760438,"score_道路建成區切割":46.80127041742287,"score_孤立比例":40.58529945553539,"score_距大型綠地":38.40744101633394,"綜合破碎化分數":39.1,"破碎化等級":"低","判定原因":"面積減少0.0%；斑塊增加0.0%；平均斑塊縮小0.0%；道路密度2.05 km/km²；孤立比例0.0%；距大型綠地0m","2021面積_ha":0.72,"2022面積_ha":0.72,"2023面積_ha":0.72}},{"type":"Feature","geometry":{"type":"Polygon","coordinates":[[[121.83854333770493,24.476016932304084],[121.84152759381875,24.476000340491385],[121.841297,24.475776600000003],[121.84121,24.4756899],[121.84065000000001,24.47517],[121.8403699,24.474909899999993],[121.84031490000001,24.474741499999997],[121.8400213,24.474227100000004],[121.8398168,24.4736828],[121.8397482,24.4734702],[121.83952589999998,24.4731109],[121.8392412,24.4728202],[121.838821,24.47234189999999],[121.83851670261673,24.471996591829193],[121.83854333770493,24.476016932304084]]]},"properties":{"grid_id":"G018_053","綠地類型":"河川沿岸自然地表","中心經度":121.839224,"中心緯度":24.473959,"分析面積_km2":0.078,"2020面積_ha":2.25,"2024面積_ha":2.25,"面積減少率_pct":0.0,"2020斑塊數":1,"2024斑塊數":1,"斑塊數增加率_pct":0.0,"2020平均斑塊面積_ha":14.31,"2024平均斑塊面積_ha":14.49,"平均斑塊面積下降率_pct":0.0,"道路切割密度_km_per_km2":0.0,"建成區邊界切割密度_km_per_km2":0.0,"孤立小斑塊比例_pct":0.0,"距大型連續綠地平均距離_m":0.0,"score_面積減少":36.206896551724135,"score_斑塊增加":44.260435571687836,"score_平均斑塊縮小":28.153357531760438,"score_道路建成區切割":25.941470054446462,"score_孤立比例":40.58529945553539,"score_距大型綠地":38.40744101633394,"綜合破碎化分數":35.6,"破碎化等級":"低","判定原因":"面積減少0.0%；斑塊增加0.0%；平均斑塊縮小0.0%；道路密度0.00 km/km²；孤立比例0.0%；距大型綠地0m","2021面積_ha":2.25,"2022面積_ha":2.16,"2023面積_ha":2.07}},{"type":"Feature","geometry":{"type":"Polygon","coordinates":[[[121.36505145507962,24.486931734427568],[121.36502540636718,24.4779029124792],[121.35516000554367,24.477926424421796],[121.35518241233713,24.48590886608074],[121.3556528,24.485950300000002],[121.35659030000001,24.4861113],[121.357198,24.486269899999996],[121.35756090000001,24.486434999999997],[121.3578184,24.486648099999993],[121.3580564626854,24.48694847763308],[121.36505145507962,24.486931734427568]]]},"properties":{"grid_id":"G019_004","綠地類型":"河川沿岸自然地表","中心經度":121.360104,"中心緯度":24.481906,"分析面積_km2":1.014,"2020面積_ha":19.53,"2024面積_ha":19.53,"面積減少率_pct":0.0,"2020斑塊數":1,"2024斑塊數":1,"斑塊數增加率_pct":0.0,"2020平均斑塊面積_ha":3042.63,"2024平均斑塊面積_ha":3203.82,"平均斑塊面積下降率_pct":0.0,"道路切割密度_km_per_km2":0.473,"建成區邊界切割密度_km_per_km2":0.0,"孤立小斑塊比例_pct":0.0,"距大型連續綠地平均距離_m":0.0,"score_面積減少":36.206896551724135,"score_斑塊增加":44.260435571687836,"score_平均斑塊縮小":28.153357531760438,"score_道路建成區切割":36.592558983666066,"score_孤立比例":40.58529945553539,"score_距大型綠地":38.40744101633394,"綜合破碎化分數":37.4,"破碎化等級":"低","判定原因":"面積減少0.0%；斑塊增加0.0%；平均斑塊縮小0.0%；道路密度0.47 km/km²；孤立比例0.0%；距大型綠地0m","2021面積_ha":19.53,"2022面積_ha":19.53,"2023面積_ha":19.53}},{"type":"Feature","geometry":{"type":"Polygon","coordinates":[[[121.36502540636718,24.4779029124792],[121.36505145507962,24.486931734427568],[121.37491754714098,24.486907568306737],[121.37489079446061,24.477878756414885],[121.36502540636718,24.4779029124792]]]},"properties":{"grid_id":"G019_005","綠地類型":"河川沿岸自然地表","中心經度":121.369971,"中心緯度":24.482405,"分析面積_km2":1.04,"2020面積_ha":57.06,"2024面積_ha":57.06,"面積減少率_pct":0.0,"2020斑塊數":1,"2024斑塊數":1,"斑塊數增加率_pct":0.0,"2020平均斑塊面積_ha":3042.63,"2024平均斑塊面積_ha":3203.82,"平均斑塊面積下降率_pct":0.0,"道路切割密度_km_per_km2":0.346,"建成區邊界切割密度_km_per_km2":0.0,"孤立小斑塊比例_pct":0.0,"距大型連續綠地平均距離_m":0.0,"score_面積減少":36.206896551724135,"score_斑塊增加":44.260435571687836,"score_平均斑塊縮小":28.153357531760438,"score_道路建成區切割":35.85526315789474,"score_孤立比例":40.58529945553539,"score_距大型綠地":38.40744101633394,"綜合破碎化分數":37.2,"破碎化等級":"低","判定原因":"面積減少0.0%；斑塊增加0.0%；平均斑塊縮小0.0%；道路密度0.35 km/km²；孤立比例0.0%；距大型綠地0m","2021面積_ha":57.06,"2022面積_ha":57.06,"2023面積_ha":57.06}},{"type":"Feature","geometry":{"type":"Polygon","coordinates":[[[121.37489079446061,24.477878756414885],[121.37491754714098,24.486907568306737],[121.38478362612409,24.486882757799368],[121.38475616947991,24.477853956232185],[121.37489079446061,24.477878756414885]]]},"properties":{"grid_id":"G019_006","綠地類型":"河川沿岸自然地表","中心經度":121.379837,"中心緯度":24.482381,"分析面積_km2":1.04,"2020面積_ha":26.1,"2024面積_ha":26.1,"面積減少率_pct":0.0,"2020斑塊數":2,"2024斑塊數":2,"斑塊數增加率_pct":0.0,"2020平均斑塊面積_ha":1689.21,"2024平均斑塊面積_ha":1770.12,"平均斑塊面積下降率_pct":0.0,"道路切割密度_km_per_km2":1.413,"建成區邊界切割密度_km_per_km2":0.0,"孤立小斑塊比例_pct":0.0,"距大型連續綠地平均距離_m":0.0,"score_面積減少":36.206896551724135,"score_斑塊增加":44.260435571687836,"score_平均斑塊縮小":28.153357531760438,"score_道路建成區切割":41.685571687840294,"score_孤立比例":40.58529945553539,"score_距大型綠地":38.40744101633394,"綜合破碎化分數":38.2,"破碎化等級":"低","判定原因":"面積減少0.0%；斑塊增加0.0%；平均斑塊縮小0.0%；道路密度1.41 km/km²；孤立比例0.0%；距大型綠地0m","2021面積_ha":26.1,"2022面積_ha":26.1,"2023面積_ha":26.1}},{"type":"Feature","geometry":{"type":"Polygon","coordinates":[[[121.38475616947991,24.477853956232185],[121.38478362612409,24.486882757799368],[121.39464969168483,24.486857302908888],[121.39462153108104,24.47782851193453],[121.38475616947991,24.477853956232185]]]},"properties":{"grid_id":"G019_007","綠地類型":"河川沿岸自然地表","中心經度":121.389703,"中心緯度":24.482356,"分析面積_km2":1.04,"2020面積_ha":7.11,"2024面積_ha":7.11,"面積減少率_pct":0.0,"2020斑塊數":1,"2024斑塊數":1,"斑塊數增加率_pct":0.0,"2020平均斑塊面積_ha":144.72,"2024平均斑塊面積_ha":3203.82,"平均斑塊面積下降率_pct":0.0,"道路切割密度_km_per_km2":1.932,"建成區邊界切割密度_km_per_km2":0.0,"孤立小斑塊比例_pct":0.0,"距大型連續綠地平均距離_m":0.0,"score_面積減少":36.206896551724135,"score_斑塊增加":44.260435571687836,"score_平均斑塊縮小":28.153357531760438,"score_道路建成區切割":46.01860254083485,"score_孤立比例":40.58529945553539,"score_距大型綠地":38.40744101633394,"綜合破碎化分數":38.9,"破碎化等級":"低","判定原因":"面積減少0.0%；斑塊增加0.0%；平均斑塊縮小0.0%；道路密度1.93 km/km²；孤立比例0.0%；距大型綠地0m","2021面積_ha":7.11,"2022面積_ha":7.11,"2023面積_ha":7.11}},{"type":"Feature","geometry":{"type":"Polygon","coordinates":[[[121.39462153108104,24.47782851193453],[121.39464969168483,24.486857302908888],[121.40451574347911,24.486831203638808],[121.40448687892001,24.477802423525414],[121.39462153108104,24.47782851193453]]]},"properties":{"grid_id":"G019_008","綠地類型":"河川沿岸自然地表","中心經度":121.399568,"中心緯度":24.48233,"分析面積_km2":1.04,"2020面積_ha":18.72,"2024面積_ha":18.72,"面積減少率_pct":0.0,"2020斑塊數":1,"2024斑塊數":1,"斑塊數增加率_pct":0.0,"2020平均斑塊面積_ha":144.72,"2024平均斑塊面積_ha":3203.82,"平均斑塊面積下降率_pct":0.0,"道路切割密度_km_per_km2":0.173,"建成區邊界切割密度_km_per_km2":0.0,"孤立小斑塊比例_pct":0.0,"距大型連續綠地平均距離_m":0.0,"score_面積減少":36.206896551724135,"score_斑塊增加":44.260435571687836,"score_平均斑塊縮小":28.153357531760438,"score_道路建成區切割":34.720961887477316,"score_孤立比例":40.58529945553539,"score_距大型綠地":38.40744101633394,"綜合破碎化分數":37.1,"破碎化等級":"低","判定原因":"面積減少0.0%；斑塊增加0.0%；平均斑塊縮小0.0%；道路密度0.17 km/km²；孤立比例0.0%；距大型綠地0m","2021面積_ha":18.72,"2022面積_ha":18.72,"2023面積_ha":18.72}},{"type":"Feature","geometry":{"type":"Polygon","coordinates":[[[121.40448687892001,24.477802423525414],[121.40451574347911,24.486831203638808],[121.41438178116276,24.486804459992715],[121.41435221265279,24.477775691008443],[121.40448687892001,24.477802423525414]]]},"properties":{"grid_id":"G019_009","綠地類型":"河川沿岸自然地表","中心經度":121.409434,"中心緯度":24.482304,"分析面積_km2":1.04,"2020面積_ha":15.03,"2024面積_ha":15.03,"面積減少率_pct":0.0,"2020斑塊數":2,"2024斑塊數":2,"斑塊數增加率_pct":0.0,"2020平均斑塊面積_ha":240.255,"2024平均斑塊面積_ha":1770.12,"平均斑塊面積下降率_pct":0.0,"道路切割密度_km_per_km2":0.404,"建成區邊界切割密度_km_per_km2":0.0,"孤立小斑塊比例_pct":0.0,"距大型連續綠地平均距離_m":0.0,"score_面積減少":36.206896551724135,"score_斑塊增加":44.260435571687836,"score_平均斑塊縮小":28.153357531760438,"score_道路建成區切割":36.240925589836664,"score_孤立比例":40.58529945553539,"score_距大型綠地":38.40744101633394,"綜合破碎化分數":37.3,"破碎化等級":"低","判定原因":"面積減少0.0%；斑塊增加0.0%；平均斑塊縮小0.0%；道路密度0.40 km/km²；孤立比例0.0%；距大型綠地0m","2021面積_ha":15.12,"2022面積_ha":14.94,"2023面積_ha":15.21}},{"type":"Feature","geometry":{"type":"Polygon","coordinates":[[[121.43408283642376,24.47772029366578],[121.43411381282169,24.486749039587394],[121.4439798061088,24.486720362835793],[121.44394812577393,24.477691628847726],[121.43408283642376,24.47772029366578]]]},"properties":{"grid_id":"G019_012","綠地類型":"河川沿岸自然地表","中心經度":121.439031,"中心緯度":24.48222,"分析面積_km2":1.04,"2020面積_ha":44.19,"2024面積_ha":44.19,"面積減少率_pct":0.0,"2020斑塊數":1,"2024斑塊數":1,"斑塊數增加率_pct":0.0,"2020平均斑塊面積_ha":925.11,"2024平均斑塊面積_ha":1185.21,"平均斑塊面積下降率_pct":0.0,"道路切割密度_km_per_km2":1.182,"建成區邊界切割密度_km_per_km2":0.0,"孤立小斑塊比例_pct":0.0,"距大型連續綠地平均距離_m":0.0,"score_面積減少":36.206896551724135,"score_斑塊增加":44.260435571687836,"score_平均斑塊縮小":28.153357531760438,"score_道路建成區切割":40.1429219600726,"score_孤立比例":40.58529945553539,"score_距大型綠地":38.40744101633394,"綜合破碎化分數":38.0,"破碎化等級":"低","判定原因":"面積減少0.0%；斑塊增加0.0%；平均斑塊縮小0.0%；道路密度1.18 km/km²；孤立比例0.0%；距大型綠地0m","2021面積_ha":44.19,"2022面積_ha":44.19,"2023面積_ha":44.19}},{"type":"Feature","geometry":{"type":"Polygon","coordinates":[[[121.44394812577393,24.477691628847726],[121.4439798061088,24.486720362835793],[121.4538457839088,24.486691041723493],[121.45381339964187,24.4776623199371],[121.44394812577393,24.477691628847726]]]},"properties":{"grid_id":"G019_013","綠地類型":"河川沿岸自然地表","中心經度":121.448897,"中心緯度":24.482191,"分析面積_km2":1.04,"2020面積_ha":48.33,"2024面積_ha":48.33,"面積減少率_pct":0.0,"2020斑塊數":1,"2024斑塊數":1,"斑塊數增加率_pct":0.0,"2020平均斑塊面積_ha":925.11,"2024平均斑塊面積_ha":1185.21,"平均斑塊面積下降率_pct":0.0,"道路切割密度_km_per_km2":0.144,"建成區邊界切割密度_km_per_km2":0.0,"孤立小斑塊比例_pct":0.0,"距大型連續綠地平均距離_m":0.0,"score_面積減少":36.206896551724135,"score_斑塊增加":44.260435571687836,"score_平均斑塊縮小":28.153357531760438,"score_道路建成區切割":34.52813067150635,"score_孤立比例":40.58529945553539,"score_距大型綠地":38.40744101633394,"綜合破碎化分數":37.0,"破碎化等級":"低","判定原因":"面積減少0.0%；斑塊增加0.0%；平均斑塊縮小0.0%；道路密度0.14 km/km²；孤立比例0.0%；距大型綠地0m","2021面積_ha":48.33,"2022面積_ha":48.33,"2023面積_ha":48.33}},{"type":"Feature","geometry":{"type":"Polygon","coordinates":[[[121.52286985431984,24.477439123321446],[121.52290716596599,24.48646775218835],[121.53277300748175,24.486433276343423],[121.53273499194633,24.47740466182323],[121.52286985431984,24.477439123321446]]]},"properties":{"grid_id":"G019_021","綠地類型":"河川沿岸自然地表","中心經度":121.527821,"中心緯度":24.481936,"分析面積_km2":1.04,"2020面積_ha":27.45,"2024面積_ha":27.45,"面積減少率_pct":0.0,"2020斑塊數":1,"2024斑塊數":1,"斑塊數增加率_pct":0.0,"2020平均斑塊面積_ha":2919.15,"2024平均斑塊面積_ha":3064.86,"平均斑塊面積下降率_pct":0.0,"道路切割密度_km_per_km2":0.0,"建成區邊界切割密度_km_per_km2":0.0,"孤立小斑塊比例_pct":0.0,"距大型連續綠地平均距離_m":0.0,"score_面積減少":36.206896551724135,"score_斑塊增加":44.260435571687836,"score_平均斑塊縮小":28.153357531760438,"score_道路建成區切割":25.941470054446462,"score_孤立比例":40.58529945553539,"score_距大型綠地":38.40744101633394,"綜合破碎化分數":35.6,"破碎化等級":"低","判定原因":"面積減少0.0%；斑塊增加0.0%；平均斑塊縮小0.0%；道路密度0.00 km/km²；孤立比例0.0%；距大型綠地0m","2021面積_ha":27.45,"2022面積_ha":27.45,"2023面積_ha":27.45}},{"type":"Feature","geometry":{"type":"Polygon","coordinates":[[[121.53273499194633,24.47740466182323],[121.53277300748175,24.486433276343423],[121.54263883041361,24.486398156177383],[121.54260011099474,24.477369556272023],[121.53273499194633,24.47740466182323]]]},"properties":{"grid_id":"G019_022","綠地類型":"河川沿岸自然地表","中心經度":121.537687,"中心緯度":24.481901,"分析面積_km2":1.04,"2020面積_ha":60.39,"2024面積_ha":60.39,"面積減少率_pct":0.0,"2020斑塊數":1,"2024斑塊數":1,"斑塊數增加率_pct":0.0,"2020平均斑塊面積_ha":2919.15,"2024平均斑塊面積_ha":3064.86,"平均斑塊面積下降率_pct":0.0,"道路切割密度_km_per_km2":0.26,"建成區邊界切割密度_km_per_km2":0.0,"孤立小斑塊比例_pct":0.0,"距大型連續綠地平均距離_m":0.0,"score_面積減少":36.206896551724135,"score_斑塊增加":44.260435571687836,"score_平均斑塊縮小":28.153357531760438,"score_道路建成區切割":35.367513611615244,"score_孤立比例":40.58529945553539,"score_距大型綠地":38.40744101633394,"綜合破碎化分數":37.2,"破碎化等級":"低","判定原因":"面積減少0.0%；斑塊增加0.0%；平均斑塊縮小0.0%；道路密度0.26 km/km²；孤立比例0.0%；距大型綠地0m","2021面積_ha":60.39,"2022面積_ha":60.39,"2023面積_ha":60.39}},{"type":"Feature","geometry":{"type":"Polygon","coordinates":[[[121.54260011099474,24.477369556272023],[121.54263883041361,24.486398156177383],[121.55250463441743,24.486362391695078],[121.55246521112107,24.477333806672668],[121.54260011099474,24.477369556272023]]]},"properties":{"grid_id":"G019_023","綠地類型":"河川沿岸自然地表","中心經度":121.547552,"中心緯度":24.481866,"分析面積_km2":1.04,"2020面積_ha":44.64,"2024面積_ha":44.82,"面積減少率_pct":0.0,"2020斑塊數":1,"2024斑塊數":1,"斑塊數增加率_pct":0.0,"2020平均斑塊面積_ha":2919.15,"2024平均斑塊面積_ha":3064.86,"平均斑塊面積下降率_pct":0.0,"道路切割密度_km_per_km2":0.0,"建成區邊界切割密度_km_per_km2":0.0,"孤立小斑塊比例_pct":0.0,"距大型連續綠地平均距離_m":0.0,"score_面積減少":36.206896551724135,"score_斑塊增加":44.260435571687836,"score_平均斑塊縮小":28.153357531760438,"score_道路建成區切割":25.941470054446462,"score_孤立比例":40.58529945553539,"score_距大型綠地":38.40744101633394,"綜合破碎化分數":35.6,"破碎化等級":"低","判定原因":"面積減少0.0%；斑塊增加0.0%；平均斑塊縮小0.0%；道路密度0.00 km/km²；孤立比例0.0%；距大型綠地0m","2021面積_ha":44.91,"2022面積_ha":44.82,"2023面積_ha":44.82}},{"type":"Feature","geometry":{"type":"Polygon","coordinates":[[[121.55246521112107,24.477333806672668],[121.55250463441743,24.486362391695078],[121.5623704191492,24.486325982901437],[121.56233029198138,24.47729741303009],[121.55246521112107,24.477333806672668]]]},"properties":{"grid_id":"G019_024","綠地類型":"河川沿岸自然地表","中心經度":121.557418,"中心緯度":24.48183,"分析面積_km2":1.04,"2020面積_ha":48.96,"2024面積_ha":49.68,"面積減少率_pct":0.0,"2020斑塊數":1,"2024斑塊數":1,"斑塊數增加率_pct":0.0,"2020平均斑塊面積_ha":2919.15,"2024平均斑塊面積_ha":3064.86,"平均斑塊面積下降率_pct":0.0,"道路切割密度_km_per_km2":0.0,"建成區邊界切割密度_km_per_km2":0.0,"孤立小斑塊比例_pct":0.0,"距大型連續綠地平均距離_m":0.0,"score_面積減少":36.206896551724135,"score_斑塊增加":44.260435571687836,"score_平均斑塊縮小":28.153357531760438,"score_道路建成區切割":25.941470054446462,"score_孤立比例":40.58529945553539,"score_距大型綠地":38.40744101633394,"綜合破碎化分數":35.6,"破碎化等級":"低","判定原因":"面積減少0.0%；斑塊增加0.0%；平均斑塊縮小0.0%；道路密度0.00 km/km²；孤立比例0.0%；距大型綠地0m","2021面積_ha":49.68,"2022面積_ha":49.59,"2023面積_ha":49.5}},{"type":"Feature","geometry":{"type":"Polygon","coordinates":[[[121.56233029198138,24.47729741303009],[121.5623704191492,24.486325982901437],[121.57223618426484,24.486288929801493],[121.57219535323172,24.477260375349317],[121.56233029198138,24.47729741303009]]]},"properties":{"grid_id":"G019_025","綠地類型":"河川沿岸自然地表","中心經度":121.567283,"中心緯度":24.481793,"分析面積_km2":1.04,"2020面積_ha":30.15,"2024面積_ha":30.6,"面積減少率_pct":0.0,"2020斑塊數":1,"2024斑塊數":1,"斑塊數增加率_pct":0.0,"2020平均斑塊面積_ha":2919.15,"2024平均斑塊面積_ha":3064.86,"平均斑塊面積下降率_pct":0.0,"道路切割密度_km_per_km2":0.0,"建成區邊界切割密度_km_per_km2":0.0,"孤立小斑塊比例_pct":0.0,"距大型連續綠地平均距離_m":0.0,"score_面積減少":36.206896551724135,"score_斑塊增加":44.260435571687836,"score_平均斑塊縮小":28.153357531760438,"score_道路建成區切割":25.941470054446462,"score_孤立比例":40.58529945553539,"score_距大型綠地":38.40744101633394,"綜合破碎化分數":35.6,"破碎化等級":"低","判定原因":"面積減少0.0%；斑塊增加0.0%；平均斑塊縮小0.0%；道路密度0.00 km/km²；孤立比例0.0%；距大型綠地0m","2021面積_ha":30.6,"2022面積_ha":30.6,"2023面積_ha":30.6}},{"type":"Feature","geometry":{"type":"Polygon","coordinates":[[[121.57219535323172,24.477260375349317],[121.57223618426484,24.486288929801493],[121.58210192942022,24.486251232400342],[121.58206039452809,24.47722269363545],[121.57219535323172,24.477260375349317]]]},"properties":{"grid_id":"G019_026","綠地類型":"河川沿岸自然地表","中心經度":121.577148,"中心緯度":24.481756,"分析面積_km2":1.04,"2020面積_ha":11.52,"2024面積_ha":11.52,"面積減少率_pct":0.0,"2020斑塊數":1,"2024斑塊數":1,"斑塊數增加率_pct":0.0,"2020平均斑塊面積_ha":2919.15,"2024平均斑塊面積_ha":3064.86,"平均斑塊面積下降率_pct":0.0,"道路切割密度_km_per_km2":0.0,"建成區邊界切割密度_km_per_km2":0.0,"孤立小斑塊比例_pct":0.0,"距大型連續綠地平均距離_m":0.0,"score_面積減少":36.206896551724135,"score_斑塊增加":44.260435571687836,"score_平均斑塊縮小":28.153357531760438,"score_道路建成區切割":25.941470054446462,"score_孤立比例":40.58529945553539,"score_距大型綠地":38.40744101633394,"綜合破碎化分數":35.6,"破碎化等級":"低","判定原因":"面積減少0.0%；斑塊增加0.0%；平均斑塊縮小0.0%；道路密度0.00 km/km²；孤立比例0.0%；距大型綠地0m","2021面積_ha":11.52,"2022面積_ha":11.52,"2023面積_ha":11.52}},{"type":"Feature","geometry":{"type":"Polygon","coordinates":[[[121.59192541552656,24.477184367893692],[121.59196765427139,24.486212890703193],[121.60183335847418,24.486173904715333],[121.60179041588322,24.477145398129327],[121.59192541552656,24.477184367893692]]]},"properties":{"grid_id":"G019_028","綠地類型":"河川沿岸自然地表","中心經度":121.596879,"中心緯度":24.481679,"分析面積_km2":1.04,"2020面積_ha":34.11,"2024面積_ha":34.11,"面積減少率_pct":0.0,"2020斑塊數":1,"2024斑塊數":1,"斑塊數增加率_pct":0.0,"2020平均斑塊面積_ha":2712.51,"2024平均斑塊面積_ha":2751.66,"平均斑塊面積下降率_pct":0.0,"道路切割密度_km_per_km2":0.0,"建成區邊界切割密度_km_per_km2":0.0,"孤立小斑塊比例_pct":0.0,"距大型連續綠地平均距離_m":0.0,"score_面積減少":36.206896551724135,"score_斑塊增加":44.260435571687836,"score_平均斑塊縮小":28.153357531760438,"score_道路建成區切割":25.941470054446462,"score_孤立比例":40.58529945553539,"score_距大型綠地":38.40744101633394,"綜合破碎化分數":35.6,"破碎化等級":"低","判定原因":"面積減少0.0%；斑塊增加0.0%；平均斑塊縮小0.0%；道路密度0.00 km/km²；孤立比例0.0%；距大型綠地0m","2021面積_ha":34.11,"2022面積_ha":34.11,"2023面積_ha":34.11}},{"type":"Feature","geometry":{"type":"Polygon","coordinates":[[[121.60179041588322,24.477145398129327],[121.60183335847418,24.486173904715333],[121.61169904168462,24.48613427444214],[121.61165539525406,24.477105784347724],[121.60179041588322,24.477145398129327]]]},"properties":{"grid_id":"G019_029","綠地類型":"河川沿岸自然地表","中心經度":121.606745,"中心緯度":24.48164,"分析面積_km2":1.04,"2020面積_ha":46.44,"2024面積_ha":46.62,"面積減少率_pct":0.0,"2020斑塊數":1,"2024斑塊數":1,"斑塊數增加率_pct":0.0,"2020平均斑塊面積_ha":2712.51,"2024平均斑塊面積_ha":2751.66,"平均斑塊面積下降率_pct":0.0,"道路切割密度_km_per_km2":0.0,"建成區邊界切割密度_km_per_km2":0.0,"孤立小斑塊比例_pct":0.0,"距大型連續綠地平均距離_m":0.0,"score_面積減少":36.206896551724135,"score_斑塊增加":44.260435571687836,"score_平均斑塊縮小":28.153357531760438,"score_道路建成區切割":25.941470054446462,"score_孤立比例":40.58529945553539,"score_距大型綠地":38.40744101633394,"綜合破碎化分數":35.6,"破碎化等級":"低","判定原因":"面積減少0.0%；斑塊增加0.0%；平均斑塊縮小0.0%；道路密度0.00 km/km²；孤立比例0.0%；距大型綠地0m","2021面積_ha":46.62,"2022面積_ha":46.62,"2023面積_ha":46.62}},{"type":"Feature","geometry":{"type":"Polygon","coordinates":[[[121.61165539525406,24.477105784347724],[121.61169904168462,24.48613427444214],[121.62156470355863,24.486093999889075],[121.6215203532952,24.477065526554355],[121.61165539525406,24.477105784347724]]]},"properties":{"grid_id":"G019_030","綠地類型":"河川沿岸自然地表","中心經度":121.61661,"中心緯度":24.4816,"分析面積_km2":1.04,"2020面積_ha":32.67,"2024面積_ha":33.3,"面積減少率_pct":0.0,"2020斑塊數":1,"2024斑塊數":1,"斑塊數增加率_pct":0.0,"2020平均斑塊面積_ha":2712.51,"2024平均斑塊面積_ha":2751.66,"平均斑塊面積下降率_pct":0.0,"道路切割密度_km_per_km2":0.0,"建成區邊界切割密度_km_per_km2":0.0,"孤立小斑塊比例_pct":0.0,"距大型連續綠地平均距離_m":0.0,"score_面積減少":36.206896551724135,"score_斑塊增加":44.260435571687836,"score_平均斑塊縮小":28.153357531760438,"score_道路建成區切割":25.941470054446462,"score_孤立比例":40.58529945553539,"score_距大型綠地":38.40744101633394,"綜合破碎化分數":35.6,"破碎化等級":"低","判定原因":"面積減少0.0%；斑塊增加0.0%；平均斑塊縮小0.0%；道路密度0.00 km/km²；孤立比例0.0%；距大型綠地0m","2021面積_ha":33.12,"2022面積_ha":33.03,"2023面積_ha":33.3}},{"type":"Feature","geometry":{"type":"Polygon","coordinates":[[[121.6215203532952,24.477065526554355],[121.62156470355863,24.486093999889075],[121.63143034375219,24.4860530810617],[121.63138528966267,24.477024624754772],[121.6215203532952,24.477065526554355]]]},"properties":{"grid_id":"G019_031","綠地類型":"河川沿岸自然地表","中心經度":121.626475,"中心緯度":24.481559,"分析面積_km2":1.04,"2020面積_ha":69.66,"2024面積_ha":69.66,"面積減少率_pct":0.0,"2020斑塊數":1,"2024斑塊數":1,"斑塊數增加率_pct":0.0,"2020平均斑塊面積_ha":2712.51,"2024平均斑塊面積_ha":2751.66,"平均斑塊面積下降率_pct":0.0,"道路切割密度_km_per_km2":0.0,"建成區邊界切割密度_km_per_km2":0.0,"孤立小斑塊比例_pct":0.0,"距大型連續綠地平均距離_m":0.0,"score_面積減少":36.206896551724135,"score_斑塊增加":44.260435571687836,"score_平均斑塊縮小":28.153357531760438,"score_道路建成區切割":25.941470054446462,"score_孤立比例":40.58529945553539,"score_距大型綠地":38.40744101633394,"綜合破碎化分數":35.6,"破碎化等級":"低","判定原因":"面積減少0.0%；斑塊增加0.0%；平均斑塊縮小0.0%；道路密度0.00 km/km²；孤立比例0.0%；距大型綠地0m","2021面積_ha":69.66,"2022面積_ha":69.66,"2023面積_ha":69.66}},{"type":"Feature","geometry":{"type":"Polygon","coordinates":[[[121.63138528966267,24.477024624754772],[121.63143034375219,24.4860530810617],[121.64129596192123,24.48601151796566],[121.64125020401255,24.47698307895461],[121.63138528966267,24.477024624754772]]]},"properties":{"grid_id":"G019_032","綠地類型":"河川沿岸自然地表","中心經度":121.63634,"中心緯度":24.481518,"分析面積_km2":1.04,"2020面積_ha":31.32,"2024面積_ha":31.32,"面積減少率_pct":0.0,"2020斑塊數":1,"2024斑塊數":1,"斑塊數增加率_pct":0.0,"2020平均斑塊面積_ha":2712.51,"2024平均斑塊面積_ha":2751.66,"平均斑塊面積下降率_pct":0.0,"道路切割密度_km_per_km2":1.24,"建成區邊界切割密度_km_per_km2":0.0,"孤立小斑塊比例_pct":0.0,"距大型連續綠地平均距離_m":0.0,"score_面積減少":36.206896551724135,"score_斑塊增加":44.260435571687836,"score_平均斑塊縮小":28.153357531760438,"score_道路建成區切割":40.57395644283122,"score_孤立比例":40.58529945553539,"score_距大型綠地":38.40744101633394,"綜合破碎化分數":38.0,"破碎化等級":"低","判定原因":"面積減少0.0%；斑塊增加0.0%；平均斑塊縮小0.0%；道路密度1.24 km/km²；孤立比例0.0%；距大型綠地0m","2021面積_ha":31.32,"2022面積_ha":31.32,"2023面積_ha":31.32}},{"type":"Feature","geometry":{"type":"Polygon","coordinates":[[[121.7103039590799,24.476674226829857],[121.71035464352009,24.48570253726342],[121.72022007310825,24.485655820231894],[121.72016868490809,24.476627529238822],[121.7103039590799,24.476674226829857]]]},"properties":{"grid_id":"G019_040","綠地類型":"河川沿岸自然地表","中心經度":121.715262,"中心緯度":24.481165,"分析面積_km2":1.04,"2020面積_ha":8.1,"2024面積_ha":8.1,"面積減少率_pct":0.0,"2020斑塊數":1,"2024斑塊數":1,"斑塊數增加率_pct":0.0,"2020平均斑塊面積_ha":3955.86,"2024平均斑塊面積_ha":4238.28,"平均斑塊面積下降率_pct":0.0,"道路切割密度_km_per_km2":0.0,"建成區邊界切割密度_km_per_km2":0.0,"孤立小斑塊比例_pct":0.0,"距大型連續綠地平均距離_m":0.0,"score_面積減少":36.206896551724135,"score_斑塊增加":44.260435571687836,"score_平均斑塊縮小":28.153357531760438,"score_道路建成區切割":25.941470054446462,"score_孤立比例":40.58529945553539,"score_距大型綠地":38.40744101633394,"綜合破碎化分數":35.6,"破碎化等級":"低","判定原因":"面積減少0.0%；斑塊增加0.0%；平均斑塊縮小0.0%；道路密度0.00 km/km²；孤立比例0.0%；距大型綠地0m","2021面積_ha":8.1,"2022面積_ha":8.1,"2023面積_ha":8.1}},{"type":"Feature","geometry":{"type":"Polygon","coordinates":[[[121.72016868490809,24.476627529238822],[121.72022007310825,24.485655820231894],[121.73008547757577,24.485608458986476],[121.73003338562351,24.47658018770198],[121.72016868490809,24.476627529238822]]]},"properties":{"grid_id":"G019_041","綠地類型":"河川沿岸自然地表","中心經度":121.725127,"中心緯度":24.481118,"分析面積_km2":1.04,"2020面積_ha":31.77,"2024面積_ha":31.77,"面積減少率_pct":0.0,"2020斑塊數":1,"2024斑塊數":1,"斑塊數增加率_pct":0.0,"2020平均斑塊面積_ha":724.68,"2024平均斑塊面積_ha":4238.28,"平均斑塊面積下降率_pct":0.0,"道路切割密度_km_per_km2":0.0,"建成區邊界切割密度_km_per_km2":0.0,"孤立小斑塊比例_pct":0.0,"距大型連續綠地平均距離_m":0.0,"score_面積減少":36.206896551724135,"score_斑塊增加":44.260435571687836,"score_平均斑塊縮小":28.153357531760438,"score_道路建成區切割":25.941470054446462,"score_孤立比例":40.58529945553539,"score_距大型綠地":38.40744101633394,"綜合破碎化分數":35.6,"破碎化等級":"低","判定原因":"面積減少0.0%；斑塊增加0.0%；平均斑塊縮小0.0%；道路密度0.00 km/km²；孤立比例0.0%；距大型綠地0m","2021面積_ha":31.77,"2022面積_ha":31.77,"2023面積_ha":31.77}},{"type":"Feature","geometry":{"type":"Polygon","coordinates":[[[121.73003338562351,24.47658018770198],[121.73008547757577,24.485608458986476],[121.73995085657866,24.48556045353372],[121.73989806088233,24.47653220222586],[121.73003338562351,24.47658018770198]]]},"properties":{"grid_id":"G019_042","綠地類型":"河川沿岸自然地表","中心經度":121.734992,"中心緯度":24.48107,"分析面積_km2":1.04,"2020面積_ha":42.84,"2024面積_ha":42.84,"面積減少率_pct":0.0,"2020斑塊數":1,"2024斑塊數":1,"斑塊數增加率_pct":0.0,"2020平均斑塊面積_ha":724.68,"2024平均斑塊面積_ha":4238.28,"平均斑塊面積下降率_pct":0.0,"道路切割密度_km_per_km2":0.0,"建成區邊界切割密度_km_per_km2":0.0,"孤立小斑塊比例_pct":0.0,"距大型連續綠地平均距離_m":0.0,"score_面積減少":36.206896551724135,"score_斑塊增加":44.260435571687836,"score_平均斑塊縮小":28.153357531760438,"score_道路建成區切割":25.941470054446462,"score_孤立比例":40.58529945553539,"score_距大型綠地":38.40744101633394,"綜合破碎化分數":35.6,"破碎化等級":"低","判定原因":"面積減少0.0%；斑塊增加0.0%；平均斑塊縮小0.0%；道路密度0.00 km/km²；孤立比例0.0%；距大型綠地0m","2021面積_ha":42.84,"2022面積_ha":42.84,"2023面積_ha":42.84}},{"type":"Feature","geometry":{"type":"Polygon","coordinates":[[[121.74976271034062,24.476483572817077],[121.74981620977292,24.485511803880247],[121.7596815368146,24.48546251003276],[121.75962733365449,24.476434299482335],[121.74976271034062,24.476483572817077]]]},"properties":{"grid_id":"G019_044","綠地類型":"河川沿岸自然地表","中心經度":121.754722,"中心緯度":24.480973,"分析面積_km2":1.04,"2020面積_ha":16.83,"2024面積_ha":16.83,"面積減少率_pct":0.0,"2020斑塊數":1,"2024斑塊數":1,"斑塊數增加率_pct":0.0,"2020平均斑塊面積_ha":724.68,"2024平均斑塊面積_ha":4238.28,"平均斑塊面積下降率_pct":0.0,"道路切割密度_km_per_km2":0.49,"建成區邊界切割密度_km_per_km2":0.0,"孤立小斑塊比例_pct":0.0,"距大型連續綠地平均距離_m":0.0,"score_面積減少":36.206896551724135,"score_斑塊增加":44.260435571687836,"score_平均斑塊縮小":28.153357531760438,"score_道路建成區切割":36.649274047186935,"score_孤立比例":40.58529945553539,"score_距大型綠地":38.40744101633394,"綜合破碎化分數":37.4,"破碎化等級":"低","判定原因":"面積減少0.0%；斑塊增加0.0%；平均斑塊縮小0.0%；道路密度0.49 km/km²；孤立比例0.0%；距大型綠地0m","2021面積_ha":16.83,"2022面積_ha":16.83,"2023面積_ha":16.83}},{"type":"Feature","geometry":{"type":"Polygon","coordinates":[[[121.75962733365449,24.476434299482335],[121.7596815368146,24.48546251003276],[121.76954683735971,24.485412571998065],[121.76949193048016,24.476384382228435],[121.75962733365449,24.476434299482335]]]},"properties":{"grid_id":"G019_045","綠地類型":"河川沿岸自然地表","中心經度":121.764587,"中心緯度":24.480924,"分析面積_km2":1.04,"2020面積_ha":17.73,"2024面積_ha":17.73,"面積減少率_pct":0.0,"2020斑塊數":1,"2024斑塊數":1,"斑塊數增加率_pct":0.0,"2020平均斑塊面積_ha":724.68,"2024平均斑塊面積_ha":4238.28,"平均斑塊面積下降率_pct":0.0,"道路切割密度_km_per_km2":0.0,"建成區邊界切割密度_km_per_km2":0.0,"孤立小斑塊比例_pct":0.0,"距大型連續綠地平均距離_m":0.0,"score_面積減少":36.206896551724135,"score_斑塊增加":44.260435571687836,"score_平均斑塊縮小":28.153357531760438,"score_道路建成區切割":25.941470054446462,"score_孤立比例":40.58529945553539,"score_距大型綠地":38.40744101633394,"綜合破碎化分數":35.6,"破碎化等級":"低","判定原因":"面積減少0.0%；斑塊增加0.0%；平均斑塊縮小0.0%；道路密度0.00 km/km²；孤立比例0.0%；距大型綠地0m","2021面積_ha":17.73,"2022面積_ha":17.73,"2023面積_ha":17.73}},{"type":"Feature","geometry":{"type":"Polygon","coordinates":[[[121.76949193048016,24.476384382228435],[121.76954683735971,24.485412571998065],[121.77941211106427,24.48536198978304],[121.77935650047367,24.47633382106226],[121.76949193048016,24.476384382228435]]]},"properties":{"grid_id":"G019_046","綠地類型":"河川沿岸自然地表","中心經度":121.774452,"中心緯度":24.480873,"分析面積_km2":1.04,"2020面積_ha":23.04,"2024面積_ha":23.13,"面積減少率_pct":0.0,"2020斑塊數":3,"2024斑塊數":1,"斑塊數增加率_pct":0.0,"2020平均斑塊面積_ha":1567.86,"2024平均斑塊面積_ha":4238.28,"平均斑塊面積下降率_pct":0.0,"道路切割密度_km_per_km2":0.202,"建成區邊界切割密度_km_per_km2":0.0,"孤立小斑塊比例_pct":0.0,"距大型連續綠地平均距離_m":0.0,"score_面積減少":36.206896551724135,"score_斑塊增加":44.260435571687836,"score_平均斑塊縮小":28.153357531760438,"score_道路建成區切割":34.9931941923775,"score_孤立比例":40.58529945553539,"score_距大型綠地":38.40744101633394,"綜合破碎化分數":37.1,"破碎化等級":"低","判定原因":"面積減少0.0%；斑塊增加0.0%；平均斑塊縮小0.0%；道路密度0.20 km/km²；孤立比例0.0%；距大型綠地0m","2021面積_ha":23.04,"2022面積_ha":23.13,"2023面積_ha":23.04}},{"type":"Feature","geometry":{"type":"Polygon","coordinates":[[[121.83854333770493,24.476016932304084],[121.83860317037878,24.485044969103008],[121.84846824656891,24.48498987782603],[121.84843054527033,24.479367858263952],[121.84774080000001,24.479077299999997],[121.84738070000002,24.478659299999997],[121.84714469999999,24.4784016],[121.84690070000002,24.478103299999997],[121.84631150000001,24.4778758],[121.84475289999999,24.47752789999999],[121.8439796,24.477616499999996],[121.84316180000002,24.477084199999997],[121.8430653,24.477021399999998],[121.84200979999999,24.4763725],[121.84161999999999,24.476090000000003],[121.84152759381875,24.476000340491385],[121.83854333770493,24.476016932304084]]]},"properties":{"grid_id":"G019_053","綠地類型":"河川沿岸自然地表","中心經度":121.843517,"中心緯度":24.482206,"分析面積_km2":0.896,"2020面積_ha":22.23,"2024面積_ha":22.41,"面積減少率_pct":0.0,"2020斑塊數":2,"2024斑塊數":2,"斑塊數增加率_pct":0.0,"2020平均斑塊面積_ha":18.945,"2024平均斑塊面積_ha":19.035,"平均斑塊面積下降率_pct":0.0,"道路切割密度_km_per_km2":1.64,"建成區邊界切割密度_km_per_km2":0.0,"孤立小斑塊比例_pct":0.0,"距大型連續綠地平均距離_m":0.0,"score_面積減少":36.206896551724135,"score_斑塊增加":44.260435571687836,"score_平均斑塊縮小":28.153357531760438,"score_道路建成區切割":43.761343012704174,"score_孤立比例":40.58529945553539,"score_距大型綠地":38.40744101633394,"綜合破碎化分數":38.6,"破碎化等級":"低","判定原因":"面積減少0.0%；斑塊增加0.0%；平均斑塊縮小0.0%；道路密度1.64 km/km²；孤立比例0.0%；距大型綠地0m","2021面積_ha":22.32,"2022面積_ha":22.05,"2023面積_ha":21.96}},{"type":"Feature","geometry":{"type":"Polygon","coordinates":[[[121.85829652069854,24.47951367852323],[121.85798780000002,24.479484700000004],[121.85739650000001,24.4795722],[121.8571164,24.479995199999994],[121.8570544,24.480132999999995],[121.8566361,24.480368500000004],[121.8563888,24.48062669999999],[121.85607789999999,24.4808565],[121.8557804,24.480976899999998],[121.855367,24.4809463],[121.854901,24.480952000000002],[121.85435670000001,24.480913599999997],[121.85396240000001,24.480806399999995],[121.85361200000001,24.48078359999999],[121.85292370000002,24.480780199999995],[121.85261410000001,24.480729999999998],[121.85235399999999,24.480583299999996],[121.85205219999999,24.4803795],[121.85142279999998,24.4802614],[121.8506681,24.4799452],[121.84955360000001,24.47995],[121.8490628,24.479725999999996],[121.84849830000002,24.4793964],[121.84843054527033,24.479367858263952],[121.84846824656891,24.48498987782603],[121.85062692695895,24.48497773681112],[121.85079620000002,24.484652],[121.85118009999998,24.484247099999997],[121.8518819,24.483920499999996],[121.85228830000001,24.483752],[121.8523307,24.483803400000003],[121.85435510000002,24.4835],[121.85541880000001,24.483412800000004],[121.85606370000002,24.4833208],[121.8568443,24.483440499999997],[121.85744000000001,24.483558399999996],[121.85789300000002,24.483688499999996],[121.85832530626685,24.483756965010425],[121.85829652069854,24.47951367852323]]]},"properties":{"grid_id":"G019_054","綠地類型":"河川沿岸自然地表","中心經度":121.853382,"中心緯度":24.482163,"分析面積_km2":0.415,"2020面積_ha":9.81,"2024面積_ha":9.81,"面積減少率_pct":0.0,"2020斑塊數":1,"2024斑塊數":1,"斑塊數增加率_pct":0.0,"2020平均斑塊面積_ha":23.58,"2024平均斑塊面積_ha":23.58,"平均斑塊面積下降率_pct":0.0,"道路切割密度_km_per_km2":0.0,"建成區邊界切割密度_km_per_km2":0.0,"孤立小斑塊比例_pct":0.0,"距大型連續綠地平均距離_m":0.0,"score_面積減少":36.206896551724135,"score_斑塊增加":44.260435571687836,"score_平均斑塊縮小":28.153357531760438,"score_道路建成區切割":25.941470054446462,"score_孤立比例":40.58529945553539,"score_距大型綠地":38.40744101633394,"綜合破碎化分數":35.6,"破碎化等級":"低","判定原因":"面積減少0.0%；斑塊增加0.0%；平均斑塊縮小0.0%；道路密度0.00 km/km²；孤立比例0.0%；距大型綠地0m","2021面積_ha":9.81,"2022面積_ha":9.81,"2023面積_ha":9.81}},{"type":"Feature","geometry":{"type":"Polygon","coordinates":[[[121.37494431289957,24.49593636938049],[121.37491754714098,24.486907568306737],[121.36505145507962,24.486931734427568],[121.36507726494324,24.49587340750262],[121.36512890000002,24.495905400000005],[121.3652794498106,24.49596005723302],[121.37494431289957,24.49593636938049]]]},"properties":{"grid_id":"G020_005","綠地類型":"河川沿岸自然地表","中心經度":121.369998,"中心緯度":24.491391,"分析面積_km2":1.039,"2020面積_ha":30.06,"2024面積_ha":30.06,"面積減少率_pct":0.0,"2020斑塊數":1,"2024斑塊數":1,"斑塊數增加率_pct":0.0,"2020平均斑塊面積_ha":335.79,"2024平均斑塊面積_ha":336.42,"平均斑塊面積下降率_pct":0.0,"道路切割密度_km_per_km2":1.069,"建成區邊界切割密度_km_per_km2":0.0,"孤立小斑塊比例_pct":0.0,"距大型連續綠地平均距離_m":0.0,"score_面積減少":36.206896551724135,"score_斑塊增加":44.260435571687836,"score_平均斑塊縮小":28.153357531760438,"score_道路建成區切割":39.83666061705989,"score_孤立比例":40.58529945553539,"score_距大型綠地":38.40744101633394,"綜合破碎化分數":37.9,"破碎化等級":"低","判定原因":"面積減少0.0%；斑塊增加0.0%；平均斑塊縮小0.0%；道路密度1.07 km/km²；孤立比例0.0%；距大型綠地0m","2021面積_ha":30.06,"2022面積_ha":30.06,"2023面積_ha":30.06}},{"type":"Feature","geometry":{"type":"Polygon","coordinates":[[[121.37491754714098,24.486907568306737],[121.37494431289957,24.49593636938049],[121.38481109619066,24.495911548547028],[121.38478362612409,24.486882757799368],[121.37491754714098,24.486907568306737]]]},"properties":{"grid_id":"G020_006","綠地類型":"河川沿岸自然地表","中心經度":121.379864,"中心緯度":24.49141,"分析面積_km2":1.04,"2020面積_ha":39.15,"2024面積_ha":39.15,"面積減少率_pct":0.0,"2020斑塊數":1,"2024斑塊數":1,"斑塊數增加率_pct":0.0,"2020平均斑塊面積_ha":335.79,"2024平均斑塊面積_ha":336.42,"平均斑塊面積下降率_pct":0.0,"道路切割密度_km_per_km2":0.375,"建成區邊界切割密度_km_per_km2":0.0,"孤立小斑塊比例_pct":0.0,"距大型連續綠地平均距離_m":0.0,"score_面積減少":36.206896551724135,"score_斑塊增加":44.260435571687836,"score_平均斑塊縮小":28.153357531760438,"score_道路建成區切割":36.08212341197822,"score_孤立比例":40.58529945553539,"score_距大型綠地":38.40744101633394,"綜合破碎化分數":37.3,"破碎化等級":"低","判定原因":"面積減少0.0%；斑塊增加0.0%；平均斑塊縮小0.0%；道路密度0.38 km/km²；孤立比例0.0%；距大型綠地0m","2021面積_ha":39.15,"2022面積_ha":39.15,"2023面積_ha":39.15}},{"type":"Feature","geometry":{"type":"Polygon","coordinates":[[[121.38478362612409,24.486882757799368],[121.38481109619066,24.495911548547028],[121.39467786605515,24.495886083062253],[121.39464969168483,24.486857302908888],[121.38478362612409,24.486882757799368]]]},"properties":{"grid_id":"G020_007","綠地類型":"河川沿岸自然地表","中心經度":121.389731,"中心緯度":24.491385,"分析面積_km2":1.04,"2020面積_ha":39.06,"2024面積_ha":39.06,"面積減少率_pct":0.0,"2020斑塊數":1,"2024斑塊數":1,"斑塊數增加率_pct":0.0,"2020平均斑塊面積_ha":335.79,"2024平均斑塊面積_ha":336.42,"平均斑塊面積下降率_pct":0.0,"道路切割密度_km_per_km2":0.0,"建成區邊界切割密度_km_per_km2":0.0,"孤立小斑塊比例_pct":0.0,"距大型連續綠地平均距離_m":0.0,"score_面積減少":36.206896551724135,"score_斑塊增加":44.260435571687836,"score_平均斑塊縮小":28.153357531760438,"score_道路建成區切割":25.941470054446462,"score_孤立比例":40.58529945553539,"score_距大型綠地":38.40744101633394,"綜合破碎化分數":35.6,"破碎化等級":"低","判定原因":"面積減少0.0%；斑塊增加0.0%；平均斑塊縮小0.0%；道路密度0.00 km/km²；孤立比例0.0%；距大型綠地0m","2021面積_ha":39.06,"2022面積_ha":39.06,"2023面積_ha":39.06}},{"type":"Feature","geometry":{"type":"Polygon","coordinates":[[[121.39464969168483,24.486857302908888],[121.39467786605515,24.495886083062253],[121.40454462214882,24.4958599729297],[121.40451574347911,24.486831203638808],[121.39464969168483,24.486857302908888]]]},"properties":{"grid_id":"G020_008","綠地類型":"河川沿岸自然地表","中心經度":121.399597,"中心緯度":24.491359,"分析面積_km2":1.04,"2020面積_ha":50.58,"2024面積_ha":50.58,"面積減少率_pct":0.0,"2020斑塊數":1,"2024斑塊數":1,"斑塊數增加率_pct":0.0,"2020平均斑塊面積_ha":335.79,"2024平均斑塊面積_ha":336.42,"平均斑塊面積下降率_pct":0.0,"道路切割密度_km_per_km2":0.0,"建成區邊界切割密度_km_per_km2":0.0,"孤立小斑塊比例_pct":0.0,"距大型連續綠地平均距離_m":0.0,"score_面積減少":36.206896551724135,"score_斑塊增加":44.260435571687836,"score_平均斑塊縮小":28.153357531760438,"score_道路建成區切割":25.941470054446462,"score_孤立比例":40.58529945553539,"score_距大型綠地":38.40744101633394,"綜合破碎化分數":35.6,"破碎化等級":"低","判定原因":"面積減少0.0%；斑塊增加0.0%；平均斑塊縮小0.0%；道路密度0.00 km/km²；孤立比例0.0%；距大型綠地0m","2021面積_ha":50.58,"2022面積_ha":50.58,"2023面積_ha":50.58}},{"type":"Feature","geometry":{"type":"Polygon","coordinates":[[[121.40451574347911,24.486831203638808],[121.40454462214882,24.4958599729297],[121.41441136412742,24.49583321815296],[121.41438178116276,24.486804459992715],[121.40451574347911,24.486831203638808]]]},"properties":{"grid_id":"G020_009","綠地類型":"河川沿岸自然地表","中心經度":121.409463,"中心緯度":24.491332,"分析面積_km2":1.04,"2020面積_ha":34.83,"2024面積_ha":34.83,"面積減少率_pct":0.0,"2020斑塊數":2,"2024斑塊數":2,"斑塊數增加率_pct":0.0,"2020平均斑塊面積_ha":256.905,"2024平均斑塊面積_ha":760.815,"平均斑塊面積下降率_pct":0.0,"道路切割密度_km_per_km2":0.0,"建成區邊界切割密度_km_per_km2":0.0,"孤立小斑塊比例_pct":0.0,"距大型連續綠地平均距離_m":0.0,"score_面積減少":36.206896551724135,"score_斑塊增加":44.260435571687836,"score_平均斑塊縮小":28.153357531760438,"score_道路建成區切割":25.941470054446462,"score_孤立比例":40.58529945553539,"score_距大型綠地":38.40744101633394,"綜合破碎化分數":35.6,"破碎化等級":"低","判定原因":"面積減少0.0%；斑塊增加0.0%；平均斑塊縮小0.0%；道路密度0.00 km/km²；孤立比例0.0%；距大型綠地0m","2021面積_ha":34.83,"2022面積_ha":34.83,"2023面積_ha":34.83}},{"type":"Feature","geometry":{"type":"Polygon","coordinates":[[[121.41438178116276,24.486804459992715],[121.41441136412742,24.49583321815296],[121.4242780916468,24.495805818735718],[121.42424780439164,24.486777071974327],[121.41438178116276,24.486804459992715]]]},"properties":{"grid_id":"G020_010","綠地類型":"河川沿岸自然地表","中心經度":121.41933,"中心緯度":24.491305,"分析面積_km2":1.04,"2020面積_ha":30.6,"2024面積_ha":34.47,"面積減少率_pct":0.0,"2020斑塊數":2,"2024斑塊數":2,"斑塊數增加率_pct":0.0,"2020平均斑塊面積_ha":256.905,"2024平均斑塊面積_ha":760.815,"平均斑塊面積下降率_pct":0.0,"道路切割密度_km_per_km2":1.903,"建成區邊界切割密度_km_per_km2":0.0,"孤立小斑塊比例_pct":0.0,"距大型連續綠地平均距離_m":0.0,"score_面積減少":36.206896551724135,"score_斑塊增加":44.260435571687836,"score_平均斑塊縮小":28.153357531760438,"score_道路建成區切割":45.80308529945553,"score_孤立比例":40.58529945553539,"score_距大型綠地":38.40744101633394,"綜合破碎化分數":38.9,"破碎化等級":"低","判定原因":"面積減少0.0%；斑塊增加0.0%；平均斑塊縮小0.0%；道路密度1.90 km/km²；孤立比例0.0%；距大型綠地0m","2021面積_ha":34.02,"2022面積_ha":34.02,"2023面積_ha":34.02}},{"type":"Feature","geometry":{"type":"Polygon","coordinates":[[[121.43411381282169,24.486749039587394],[121.43414480436262,24.49577777468177],[121.44401150193075,24.495749085994976],[121.4439798061088,24.486720362835793],[121.43411381282169,24.486749039587394]]]},"properties":{"grid_id":"G020_012","綠地類型":"河川沿岸自然地表","中心經度":121.439062,"中心緯度":24.491249,"分析面積_km2":1.04,"2020面積_ha":22.86,"2024面積_ha":22.86,"面積減少率_pct":0.0,"2020斑塊數":2,"2024斑塊數":1,"斑塊數增加率_pct":0.0,"2020平均斑塊面積_ha":481.095,"2024平均斑塊面積_ha":1185.21,"平均斑塊面積下降率_pct":0.0,"道路切割密度_km_per_km2":1.644,"建成區邊界切割密度_km_per_km2":0.0,"孤立小斑塊比例_pct":0.0,"距大型連續綠地平均距離_m":0.0,"score_面積減少":36.206896551724135,"score_斑塊增加":44.260435571687836,"score_平均斑塊縮小":28.153357531760438,"score_道路建成區切割":43.93148820326679,"score_孤立比例":40.58529945553539,"score_距大型綠地":38.40744101633394,"綜合破碎化分數":38.6,"破碎化等級":"低","判定原因":"面積減少0.0%；斑塊增加0.0%；平均斑塊縮小0.0%；道路密度1.64 km/km²；孤立比例0.0%；距大型綠地0m","2021面積_ha":22.86,"2022面積_ha":22.86,"2023面積_ha":22.86}},{"type":"Feature","geometry":{"type":"Polygon","coordinates":[[[121.52290716596599,24.48646775218835],[121.52294449585197,24.49549637021179],[121.53281104160111,24.495461880018155],[121.53277300748175,24.486433276343423],[121.52290716596599,24.48646775218835]]]},"properties":{"grid_id":"G020_021","綠地類型":"河川沿岸自然地表","中心經度":121.527859,"中心緯度":24.490965,"分析面積_km2":1.04,"2020面積_ha":34.56,"2024面積_ha":34.56,"面積減少率_pct":0.0,"2020斑塊數":1,"2024斑塊數":1,"斑塊數增加率_pct":0.0,"2020平均斑塊面積_ha":2919.15,"2024平均斑塊面積_ha":3064.86,"平均斑塊面積下降率_pct":0.0,"道路切割密度_km_per_km2":1.038,"建成區邊界切割密度_km_per_km2":0.0,"孤立小斑塊比例_pct":0.0,"距大型連續綠地平均距離_m":0.0,"score_面積減少":36.206896551724135,"score_斑塊增加":44.260435571687836,"score_平均斑塊縮小":28.153357531760438,"score_道路建成區切割":39.67785843920145,"score_孤立比例":40.58529945553539,"score_距大型綠地":38.40744101633394,"綜合破碎化分數":37.9,"破碎化等級":"低","判定原因":"面積減少0.0%；斑塊增加0.0%；平均斑塊縮小0.0%；道路密度1.04 km/km²；孤立比例0.0%；距大型綠地0m","2021面積_ha":34.56,"2022面積_ha":34.56,"2023面積_ha":34.56}},{"type":"Feature","geometry":{"type":"Polygon","coordinates":[[[121.54263883041361,24.486398156177383],[121.54267756876047,24.49542674523526],[121.5525440769859,24.495390965867937],[121.55250463441743,24.486362391695078],[121.54263883041361,24.486398156177383]]]},"properties":{"grid_id":"G020_023","綠地類型":"河川沿岸自然地表","中心經度":121.547591,"中心緯度":24.490895,"分析面積_km2":1.04,"2020面積_ha":26.19,"2024面積_ha":26.19,"面積減少率_pct":0.0,"2020斑塊數":1,"2024斑塊數":1,"斑塊數增加率_pct":0.0,"2020平均斑塊面積_ha":2919.15,"2024平均斑塊面積_ha":3064.86,"平均斑塊面積下降率_pct":0.0,"道路切割密度_km_per_km2":2.163,"建成區邊界切割密度_km_per_km2":0.0,"孤立小斑塊比例_pct":0.0,"距大型連續綠地平均距離_m":0.0,"score_面積減少":36.206896551724135,"score_斑塊增加":44.260435571687836,"score_平均斑塊縮小":28.153357531760438,"score_道路建成區切割":47.311705989110706,"score_孤立比例":40.58529945553539,"score_距大型綠地":38.40744101633394,"綜合破碎化分數":39.2,"破碎化等級":"低","判定原因":"面積減少0.0%；斑塊增加0.0%；平均斑塊縮小0.0%；道路密度2.16 km/km²；孤立比例0.0%；距大型綠地0m","2021面積_ha":26.19,"2022面積_ha":26.19,"2023面積_ha":26.19}},{"type":"Feature","geometry":{"type":"Polygon","coordinates":[[[121.55250463441743,24.486362391695078],[121.5525440769859,24.495390965867937],[121.56241056593318,24.49535454192113],[121.5623704191492,24.486325982901437],[121.55250463441743,24.486362391695078]]]},"properties":{"grid_id":"G020_024","綠地類型":"河川沿岸自然地表","中心經度":121.557457,"中心緯度":24.490859,"分析面積_km2":1.04,"2020面積_ha":40.95,"2024面積_ha":40.95,"面積減少率_pct":0.0,"2020斑塊數":1,"2024斑塊數":1,"斑塊數增加率_pct":0.0,"2020平均斑塊面積_ha":2919.15,"2024平均斑塊面積_ha":3064.86,"平均斑塊面積下降率_pct":0.0,"道路切割密度_km_per_km2":0.0,"建成區邊界切割密度_km_per_km2":0.0,"孤立小斑塊比例_pct":0.0,"距大型連續綠地平均距離_m":0.0,"score_面積減少":36.206896551724135,"score_斑塊增加":44.260435571687836,"score_平均斑塊縮小":28.153357531760438,"score_道路建成區切割":25.941470054446462,"score_孤立比例":40.58529945553539,"score_距大型綠地":38.40744101633394,"綜合破碎化分數":35.6,"破碎化等級":"低","判定原因":"面積減少0.0%；斑塊增加0.0%；平均斑塊縮小0.0%；道路密度0.00 km/km²；孤立比例0.0%；距大型綠地0m","2021面積_ha":40.95,"2022面積_ha":40.95,"2023面積_ha":40.95}},{"type":"Feature","geometry":{"type":"Polygon","coordinates":[[[121.5623704191492,24.486325982901437],[121.56241056593318,24.49535454192113],[121.57227703525814,24.495317473399876],[121.57223618426484,24.486288929801493],[121.5623704191492,24.486325982901437]]]},"properties":{"grid_id":"G020_025","綠地類型":"河川沿岸自然地表","中心經度":121.567324,"中心緯度":24.490822,"分析面積_km2":1.04,"2020面積_ha":23.4,"2024面積_ha":23.58,"面積減少率_pct":0.0,"2020斑塊數":1,"2024斑塊數":1,"斑塊數增加率_pct":0.0,"2020平均斑塊面積_ha":2919.15,"2024平均斑塊面積_ha":3064.86,"平均斑塊面積下降率_pct":0.0,"道路切割密度_km_per_km2":0.0,"建成區邊界切割密度_km_per_km2":0.0,"孤立小斑塊比例_pct":0.0,"距大型連續綠地平均距離_m":0.0,"score_面積減少":36.206896551724135,"score_斑塊增加":44.260435571687836,"score_平均斑塊縮小":28.153357531760438,"score_道路建成區切割":25.941470054446462,"score_孤立比例":40.58529945553539,"score_距大型綠地":38.40744101633394,"綜合破碎化分數":35.6,"破碎化等級":"低","判定原因":"面積減少0.0%；斑塊增加0.0%；平均斑塊縮小0.0%；道路密度0.00 km/km²；孤立比例0.0%；距大型綠地0m","2021面積_ha":23.58,"2022面積_ha":23.58,"2023面積_ha":23.58}},{"type":"Feature","geometry":{"type":"Polygon","coordinates":[[[121.58210192942022,24.486251232400342],[121.58214348461664,24.495279760309266],[121.59200991366448,24.495241402654514],[121.59196765427139,24.486212890703193],[121.58210192942022,24.486251232400342]]]},"properties":{"grid_id":"G020_027","綠地類型":"河川沿岸自然地表","中心經度":121.587056,"中心緯度":24.490746,"分析面積_km2":1.04,"2020面積_ha":41.58,"2024面積_ha":41.58,"面積減少率_pct":0.0,"2020斑塊數":2,"2024斑塊數":2,"斑塊數增加率_pct":0.0,"2020平均斑塊面積_ha":2815.83,"2024平均斑塊面積_ha":2908.26,"平均斑塊面積下降率_pct":0.0,"道路切割密度_km_per_km2":1.961,"建成區邊界切割密度_km_per_km2":0.0,"孤立小斑塊比例_pct":0.0,"距大型連續綠地平均距離_m":0.0,"score_面積減少":36.206896551724135,"score_斑塊增加":44.260435571687836,"score_平均斑塊縮小":28.153357531760438,"score_道路建成區切割":46.14337568058076,"score_孤立比例":40.58529945553539,"score_距大型綠地":38.40744101633394,"綜合破碎化分數":39.0,"破碎化等級":"低","判定原因":"面積減少0.0%；斑塊增加0.0%；平均斑塊縮小0.0%；道路密度1.96 km/km²；孤立比例0.0%；距大型綠地0m","2021面積_ha":41.58,"2022面積_ha":41.58,"2023面積_ha":41.58}},{"type":"Feature","geometry":{"type":"Polygon","coordinates":[[[121.59196765427139,24.486212890703193],[121.59200991366448,24.495241402654514],[121.60187632205754,24.495202400440913],[121.60183335847418,24.486173904715333],[121.59196765427139,24.486212890703193]]]},"properties":{"grid_id":"G020_028","綠地類型":"河川沿岸自然地表","中心經度":121.596922,"中心緯度":24.490708,"分析面積_km2":1.04,"2020面積_ha":69.84,"2024面積_ha":70.29,"面積減少率_pct":0.0,"2020斑塊數":1,"2024斑塊數":1,"斑塊數增加率_pct":0.0,"2020平均斑塊面積_ha":2712.51,"2024平均斑塊面積_ha":2751.66,"平均斑塊面積下降率_pct":0.0,"道路切割密度_km_per_km2":0.0,"建成區邊界切割密度_km_per_km2":0.0,"孤立小斑塊比例_pct":0.0,"距大型連續綠地平均距離_m":0.0,"score_面積減少":36.206896551724135,"score_斑塊增加":44.260435571687836,"score_平均斑塊縮小":28.153357531760438,"score_道路建成區切割":25.941470054446462,"score_孤立比例":40.58529945553539,"score_距大型綠地":38.40744101633394,"綜合破碎化分數":35.6,"破碎化等級":"低","判定原因":"面積減少0.0%；斑塊增加0.0%；平均斑塊縮小0.0%；道路密度0.00 km/km²；孤立比例0.0%；距大型綠地0m","2021面積_ha":70.29,"2022面積_ha":70.11,"2023面積_ha":70.29}},{"type":"Feature","geometry":{"type":"Polygon","coordinates":[[[121.60183335847418,24.486173904715333],[121.60187632205754,24.495202400440913],[121.61174270945159,24.495162753673835],[121.61169904168462,24.48613427444214],[121.60183335847418,24.486173904715333]]]},"properties":{"grid_id":"G020_029","綠地類型":"河川沿岸自然地表","中心經度":121.606788,"中心緯度":24.490668,"分析面積_km2":1.04,"2020面積_ha":32.58,"2024面積_ha":33.57,"面積減少率_pct":0.0,"2020斑塊數":1,"2024斑塊數":1,"斑塊數增加率_pct":0.0,"2020平均斑塊面積_ha":2712.51,"2024平均斑塊面積_ha":2751.66,"平均斑塊面積下降率_pct":0.0,"道路切割密度_km_per_km2":0.0,"建成區邊界切割密度_km_per_km2":0.0,"孤立小斑塊比例_pct":0.0,"距大型連續綠地平均距離_m":0.0,"score_面積減少":36.206896551724135,"score_斑塊增加":44.260435571687836,"score_平均斑塊縮小":28.153357531760438,"score_道路建成區切割":25.941470054446462,"score_孤立比例":40.58529945553539,"score_距大型綠地":38.40744101633394,"綜合破碎化分數":35.6,"破碎化等級":"低","判定原因":"面積減少0.0%；斑塊增加0.0%；平均斑塊縮小0.0%；道路密度0.00 km/km²；孤立比例0.0%；距大型綠地0m","2021面積_ha":33.3,"2022面積_ha":33.21,"2023面積_ha":33.66}},{"type":"Feature","geometry":{"type":"Polygon","coordinates":[[[121.61169904168462,24.48613427444214],[121.61174270945159,24.495162753673835],[121.62160907550255,24.495122462358758],[121.62156470355863,24.486093999889075],[121.61169904168462,24.48613427444214]]]},"properties":{"grid_id":"G020_030","綠地類型":"河川沿岸自然地表","中心經度":121.616654,"中心緯度":24.490628,"分析面積_km2":1.04,"2020面積_ha":32.04,"2024面積_ha":32.04,"面積減少率_pct":0.0,"2020斑塊數":1,"2024斑塊數":1,"斑塊數增加率_pct":0.0,"2020平均斑塊面積_ha":2712.51,"2024平均斑塊面積_ha":2751.66,"平均斑塊面積下降率_pct":0.0,"道路切割密度_km_per_km2":0.0,"建成區邊界切割密度_km_per_km2":0.0,"孤立小斑塊比例_pct":0.0,"距大型連續綠地平均距離_m":0.0,"score_面積減少":36.206896551724135,"score_斑塊增加":44.260435571687836,"score_平均斑塊縮小":28.153357531760438,"score_道路建成區切割":25.941470054446462,"score_孤立比例":40.58529945553539,"score_距大型綠地":38.40744101633394,"綜合破碎化分數":35.6,"破碎化等級":"低","判定原因":"面積減少0.0%；斑塊增加0.0%；平均斑塊縮小0.0%；道路密度0.00 km/km²；孤立比例0.0%；距大型綠地0m","2021面積_ha":32.04,"2022面積_ha":32.04,"2023面積_ha":32.04}},{"type":"Feature","geometry":{"type":"Polygon","coordinates":[[[121.62156470355863,24.486093999889075],[121.62160907550255,24.495122462358758],[121.63147541986622,24.495081526501245],[121.63143034375219,24.4860530810617],[121.62156470355863,24.486093999889075]]]},"properties":{"grid_id":"G020_031","綠地類型":"河川沿岸自然地表","中心經度":121.62652,"中心緯度":24.490588,"分析面積_km2":1.04,"2020面積_ha":30.78,"2024面積_ha":30.78,"面積減少率_pct":0.0,"2020斑塊數":1,"2024斑塊數":1,"斑塊數增加率_pct":0.0,"2020平均斑塊面積_ha":2712.51,"2024平均斑塊面積_ha":2751.66,"平均斑塊面積下降率_pct":0.0,"道路切割密度_km_per_km2":0.0,"建成區邊界切割密度_km_per_km2":0.0,"孤立小斑塊比例_pct":0.0,"距大型連續綠地平均距離_m":0.0,"score_面積減少":36.206896551724135,"score_斑塊增加":44.260435571687836,"score_平均斑塊縮小":28.153357531760438,"score_道路建成區切割":25.941470054446462,"score_孤立比例":40.58529945553539,"score_距大型綠地":38.40744101633394,"綜合破碎化分數":35.6,"破碎化等級":"低","判定原因":"面積減少0.0%；斑塊增加0.0%；平均斑塊縮小0.0%；道路密度0.00 km/km²；孤立比例0.0%；距大型綠地0m","2021面積_ha":30.78,"2022面積_ha":30.78,"2023面積_ha":30.78}},{"type":"Feature","geometry":{"type":"Polygon","coordinates":[[[121.71035464352009,24.48570253726342],[121.71040535273691,24.494730836809378],[121.72027148642904,24.49468410033464],[121.72022007310825,24.485655820231894],[121.71035464352009,24.48570253726342]]]},"properties":{"grid_id":"G020_040","綠地類型":"河川沿岸自然地表","中心經度":121.715313,"中心緯度":24.490193,"分析面積_km2":1.04,"2020面積_ha":50.85,"2024面積_ha":50.85,"面積減少率_pct":0.0,"2020斑塊數":1,"2024斑塊數":1,"斑塊數增加率_pct":0.0,"2020平均斑塊面積_ha":3955.86,"2024平均斑塊面積_ha":4238.28,"平均斑塊面積下降率_pct":0.0,"道路切割密度_km_per_km2":0.0,"建成區邊界切割密度_km_per_km2":0.0,"孤立小斑塊比例_pct":0.0,"距大型連續綠地平均距離_m":0.0,"score_面積減少":36.206896551724135,"score_斑塊增加":44.260435571687836,"score_平均斑塊縮小":28.153357531760438,"score_道路建成區切割":25.941470054446462,"score_孤立比例":40.58529945553539,"score_距大型綠地":38.40744101633394,"綜合破碎化分數":35.6,"破碎化等級":"低","判定原因":"面積減少0.0%；斑塊增加0.0%；平均斑塊縮小0.0%；道路密度0.00 km/km²；孤立比例0.0%；距大型綠地0m","2021面積_ha":50.85,"2022面積_ha":50.85,"2023面積_ha":50.85}},{"type":"Feature","geometry":{"type":"Polygon","coordinates":[[[121.73008547757577,24.485608458986476],[121.73013759499261,24.49463671937792],[121.7400036780836,24.494588693945765],[121.73995085657866,24.48556045353372],[121.73008547757577,24.485608458986476]]]},"properties":{"grid_id":"G020_042","綠地類型":"河川沿岸自然地表","中心經度":121.735044,"中心緯度":24.490099,"分析面積_km2":1.04,"2020面積_ha":27.18,"2024面積_ha":27.18,"面積減少率_pct":0.0,"2020斑塊數":1,"2024斑塊數":1,"斑塊數增加率_pct":0.0,"2020平均斑塊面積_ha":3955.86,"2024平均斑塊面積_ha":4238.28,"平均斑塊面積下降率_pct":0.0,"道路切割密度_km_per_km2":0.0,"建成區邊界切割密度_km_per_km2":0.0,"孤立小斑塊比例_pct":0.0,"距大型連續綠地平均距離_m":0.0,"score_面積減少":36.206896551724135,"score_斑塊增加":44.260435571687836,"score_平均斑塊縮小":28.153357531760438,"score_道路建成區切割":25.941470054446462,"score_孤立比例":40.58529945553539,"score_距大型綠地":38.40744101633394,"綜合破碎化分數":35.6,"破碎化等級":"低","判定原因":"面積減少0.0%；斑塊增加0.0%；平均斑塊縮小0.0%；道路密度0.00 km/km²；孤立比例0.0%；距大型綠地0m","2021面積_ha":27.18,"2022面積_ha":27.18,"2023面積_ha":27.18}},{"type":"Feature","geometry":{"type":"Polygon","coordinates":[[[121.73995085657866,24.48556045353372],[121.7400036780836,24.494588693945765],[121.74986973535783,24.49454002404479],[121.74981620977292,24.485511803880247],[121.73995085657866,24.48556045353372]]]},"properties":{"grid_id":"G020_043","綠地類型":"河川沿岸自然地表","中心經度":121.74491,"中心緯度":24.49005,"分析面積_km2":1.04,"2020面積_ha":33.75,"2024面積_ha":33.75,"面積減少率_pct":0.0,"2020斑塊數":1,"2024斑塊數":1,"斑塊數增加率_pct":0.0,"2020平均斑塊面積_ha":3955.86,"2024平均斑塊面積_ha":4238.28,"平均斑塊面積下降率_pct":0.0,"道路切割密度_km_per_km2":0.952,"建成區邊界切割密度_km_per_km2":0.0,"孤立小斑塊比例_pct":0.0,"距大型連續綠地平均距離_m":0.0,"score_面積減少":36.206896551724135,"score_斑塊增加":44.260435571687836,"score_平均斑塊縮小":28.153357531760438,"score_道路建成區切割":39.30353901996371,"score_孤立比例":40.58529945553539,"score_距大型綠地":38.40744101633394,"綜合破碎化分數":37.8,"破碎化等級":"低","判定原因":"面積減少0.0%；斑塊增加0.0%；平均斑塊縮小0.0%；道路密度0.95 km/km²；孤立比例0.0%；距大型綠地0m","2021面積_ha":33.75,"2022面積_ha":33.75,"2023面積_ha":33.75}},{"type":"Feature","geometry":{"type":"Polygon","coordinates":[[[121.74981620977292,24.485511803880247],[121.74986973535783,24.49454002404479],[121.75973576647127,24.494490709681717],[121.7596815368146,24.48546251003276],[121.74981620977292,24.485511803880247]]]},"properties":{"grid_id":"G020_044","綠地類型":"河川沿岸自然地表","中心經度":121.754776,"中心緯度":24.490001,"分析面積_km2":1.04,"2020面積_ha":3.33,"2024面積_ha":3.33,"面積減少率_pct":0.0,"2020斑塊數":1,"2024斑塊數":1,"斑塊數增加率_pct":0.0,"2020平均斑塊面積_ha":3955.86,"2024平均斑塊面積_ha":4238.28,"平均斑塊面積下降率_pct":0.0,"道路切割密度_km_per_km2":0.923,"建成區邊界切割密度_km_per_km2":0.0,"孤立小斑塊比例_pct":0.0,"距大型連續綠地平均距離_m":0.0,"score_面積減少":36.206896551724135,"score_斑塊增加":44.260435571687836,"score_平均斑塊縮小":28.153357531760438,"score_道路建成區切割":39.16742286751361,"score_孤立比例":40.58529945553539,"score_距大型綠地":38.40744101633394,"綜合破碎化分數":37.8,"破碎化等級":"低","判定原因":"面積減少0.0%；斑塊增加0.0%；平均斑塊縮小0.0%；道路密度0.92 km/km²；孤立比例0.0%；距大型綠地0m","2021面積_ha":3.33,"2022面積_ha":3.33,"2023面積_ha":3.33}},{"type":"Feature","geometry":{"type":"Polygon","coordinates":[[[121.7596815368146,24.48546251003276],[121.75973576647127,24.494490709681717],[121.76960177107979,24.49444075086334],[121.76954683735971,24.485412571998065],[121.7596815368146,24.48546251003276]]]},"properties":{"grid_id":"G020_045","綠地類型":"河川沿岸自然地表","中心經度":121.764641,"中心緯度":24.489952,"分析面積_km2":1.04,"2020面積_ha":56.52,"2024面積_ha":56.52,"面積減少率_pct":0.0,"2020斑塊數":1,"2024斑塊數":1,"斑塊數增加率_pct":0.0,"2020平均斑塊面積_ha":3955.86,"2024平均斑塊面積_ha":4238.28,"平均斑塊面積下降率_pct":0.0,"道路切割密度_km_per_km2":0.0,"建成區邊界切割密度_km_per_km2":0.0,"孤立小斑塊比例_pct":0.0,"距大型連續綠地平均距離_m":0.0,"score_面積減少":36.206896551724135,"score_斑塊增加":44.260435571687836,"score_平均斑塊縮小":28.153357531760438,"score_道路建成區切割":25.941470054446462,"score_孤立比例":40.58529945553539,"score_距大型綠地":38.40744101633394,"綜合破碎化分數":35.6,"破碎化等級":"低","判定原因":"面積減少0.0%；斑塊增加0.0%；平均斑塊縮小0.0%；道路密度0.00 km/km²；孤立比例0.0%；距大型綠地0m","2021面積_ha":56.52,"2022面積_ha":56.52,"2023面積_ha":56.52}},{"type":"Feature","geometry":{"type":"Polygon","coordinates":[[[121.84846824656891,24.48498987782603],[121.84852881248389,24.49401788077115],[121.85095939556525,24.49400420359988],[121.8509628,24.493970099999995],[121.8505328,24.493434099999998],[121.85028740000001,24.493433200000002],[121.8499101,24.493130099999995],[121.8499101,24.492089999999997],[121.8498496,24.491815599999995],[121.8498822,24.490893200000002],[121.8502201,24.489269899999993],[121.8504049,24.4887354],[121.850462,24.488478099999995],[121.85051000000001,24.488250099999995],[121.85058690000001,24.487869800000002],[121.8505959,24.4876161],[121.850559,24.487399000000003],[121.8510706,24.48731629999999],[121.8506065,24.4866972],[121.85039840000002,24.486470099999995],[121.85045990000002,24.4863053],[121.85046990000001,24.4861654],[121.85053,24.485929899999995],[121.8505187,24.485186],[121.85062692695895,24.48497773681112],[121.84846824656891,24.48498987782603]]]},"properties":{"grid_id":"G020_054","綠地類型":"河川沿岸自然地表","中心經度":121.849277,"中心緯度":24.490086,"分析面積_km2":0.19,"2020面積_ha":4.59,"2024面積_ha":4.59,"面積減少率_pct":0.0,"2020斑塊數":1,"2024斑塊數":1,"斑塊數增加率_pct":0.0,"2020平均斑塊面積_ha":20.61,"2024平均斑塊面積_ha":20.61,"平均斑塊面積下降率_pct":0.0,"道路切割密度_km_per_km2":0.0,"建成區邊界切割密度_km_per_km2":0.0,"孤立小斑塊比例_pct":0.0,"距大型連續綠地平均距離_m":0.0,"score_面積減少":36.206896551724135,"score_斑塊增加":44.260435571687836,"score_平均斑塊縮小":28.153357531760438,"score_道路建成區切割":25.941470054446462,"score_孤立比例":40.58529945553539,"score_距大型綠地":38.40744101633394,"綜合破碎化分數":35.6,"破碎化等級":"低","判定原因":"面積減少0.0%；斑塊增加0.0%；平均斑塊縮小0.0%；道路密度0.00 km/km²；孤立比例0.0%；距大型綠地0m","2021面積_ha":4.68,"2022面積_ha":4.68,"2023面積_ha":4.41}},{"type":"Feature","geometry":{"type":"Polygon","coordinates":[[[121.37497109174052,24.504965159633212],[121.37494431289957,24.49593636938049],[121.3652794498106,24.49596005723302],[121.3658401,24.496163599999992],[121.3669551,24.496404900000005],[121.3674705,24.496555499999996],[121.3683106,24.4969812],[121.3691384,24.4974407],[121.36961019999998,24.497606399999995],[121.37029720000001,24.497779599999998],[121.3706531,24.4978851],[121.3710256,24.4981111],[121.37124910000001,24.498314400000005],[121.3715809,24.4989222],[121.37186539999999,24.499579699999998],[121.37224820000002,24.500963299999995],[121.37239970000002,24.501711399999998],[121.3725073,24.5020504],[121.372654,24.503740899999997],[121.37275559999999,24.504151799999995],[121.3728209,24.504821599999996],[121.37282924209596,24.50497046432595],[121.37497109174052,24.504965159633212]]]},"properties":{"grid_id":"G021_005","綠地類型":"河川沿岸自然地表","中心經度":121.373507,"中心緯度":24.500268,"分析面積_km2":0.381,"2020面積_ha":2.34,"2024面積_ha":2.34,"面積減少率_pct":0.0,"2020斑塊數":1,"2024斑塊數":1,"斑塊數增加率_pct":0.0,"2020平均斑塊面積_ha":335.79,"2024平均斑塊面積_ha":336.42,"平均斑塊面積下降率_pct":0.0,"道路切割密度_km_per_km2":0.0,"建成區邊界切割密度_km_per_km2":0.0,"孤立小斑塊比例_pct":0.0,"距大型連續綠地平均距離_m":0.0,"score_面積減少":36.206896551724135,"score_斑塊增加":44.260435571687836,"score_平均斑塊縮小":28.153357531760438,"score_道路建成區切割":25.941470054446462,"score_孤立比例":40.58529945553539,"score_距大型綠地":38.40744101633394,"綜合破碎化分數":35.6,"破碎化等級":"低","判定原因":"面積減少0.0%；斑塊增加0.0%；平均斑塊縮小0.0%；道路密度0.00 km/km²；孤立比例0.0%；距大型綠地0m","2021面積_ha":2.34,"2022面積_ha":2.34,"2023面積_ha":2.34}},{"type":"Feature","geometry":{"type":"Polygon","coordinates":[[[121.37494431289957,24.49593636938049],[121.37497109174052,24.504965159633212],[121.38483857968377,24.504940328472205],[121.38481109619066,24.495911548547028],[121.37494431289957,24.49593636938049]]]},"properties":{"grid_id":"G021_006","綠地類型":"河川沿岸自然地表","中心經度":121.379891,"中心緯度":24.500438,"分析面積_km2":1.04,"2020面積_ha":46.98,"2024面積_ha":46.98,"面積減少率_pct":0.0,"2020斑塊數":1,"2024斑塊數":1,"斑塊數增加率_pct":0.0,"2020平均斑塊面積_ha":335.79,"2024平均斑塊面積_ha":336.42,"平均斑塊面積下降率_pct":0.0,"道路切割密度_km_per_km2":0.0,"建成區邊界切割密度_km_per_km2":0.0,"孤立小斑塊比例_pct":0.0,"距大型連續綠地平均距離_m":0.0,"score_面積減少":36.206896551724135,"score_斑塊增加":44.260435571687836,"score_平均斑塊縮小":28.153357531760438,"score_道路建成區切割":25.941470054446462,"score_孤立比例":40.58529945553539,"score_距大型綠地":38.40744101633394,"綜合破碎化分數":35.6,"破碎化等級":"低","判定原因":"面積減少0.0%；斑塊增加0.0%；平均斑塊縮小0.0%；道路密度0.00 km/km²；孤立比例0.0%；距大型綠地0m","2021面積_ha":46.98,"2022面積_ha":46.98,"2023面積_ha":46.98}},{"type":"Feature","geometry":{"type":"Polygon","coordinates":[[[121.38481109619066,24.495911548547028],[121.38483857968377,24.504940328472205],[121.39470605419626,24.50491485239168],[121.39467786605515,24.495886083062253],[121.38481109619066,24.495911548547028]]]},"properties":{"grid_id":"G021_007","綠地類型":"河川沿岸自然地表","中心經度":121.389758,"中心緯度":24.500413,"分析面積_km2":1.04,"2020面積_ha":33.03,"2024面積_ha":33.03,"面積減少率_pct":0.0,"2020斑塊數":1,"2024斑塊數":1,"斑塊數增加率_pct":0.0,"2020平均斑塊面積_ha":335.79,"2024平均斑塊面積_ha":336.42,"平均斑塊面積下降率_pct":0.0,"道路切割密度_km_per_km2":0.0,"建成區邊界切割密度_km_per_km2":0.0,"孤立小斑塊比例_pct":0.0,"距大型連續綠地平均距離_m":0.0,"score_面積減少":36.206896551724135,"score_斑塊增加":44.260435571687836,"score_平均斑塊縮小":28.153357531760438,"score_道路建成區切割":25.941470054446462,"score_孤立比例":40.58529945553539,"score_距大型綠地":38.40744101633394,"綜合破碎化分數":35.6,"破碎化等級":"低","判定原因":"面積減少0.0%；斑塊增加0.0%；平均斑塊縮小0.0%；道路密度0.00 km/km²；孤立比例0.0%；距大型綠地0m","2021面積_ha":33.03,"2022面積_ha":33.03,"2023面積_ha":33.03}},{"type":"Feature","geometry":{"type":"Polygon","coordinates":[[[121.39467786605515,24.495886083062253],[121.39470605419626,24.50491485239168],[121.40457351493356,24.50488873139514],[121.40454462214882,24.4958599729297],[121.39467786605515,24.495886083062253]]]},"properties":{"grid_id":"G021_008","綠地類型":"河川沿岸自然地表","中心經度":121.399626,"中心緯度":24.500387,"分析面積_km2":1.04,"2020面積_ha":36.09,"2024面積_ha":36.09,"面積減少率_pct":0.0,"2020斑塊數":1,"2024斑塊數":1,"斑塊數增加率_pct":0.0,"2020平均斑塊面積_ha":335.79,"2024平均斑塊面積_ha":336.42,"平均斑塊面積下降率_pct":0.0,"道路切割密度_km_per_km2":0.0,"建成區邊界切割密度_km_per_km2":0.0,"孤立小斑塊比例_pct":0.0,"距大型連續綠地平均距離_m":0.0,"score_面積減少":36.206896551724135,"score_斑塊增加":44.260435571687836,"score_平均斑塊縮小":28.153357531760438,"score_道路建成區切割":25.941470054446462,"score_孤立比例":40.58529945553539,"score_距大型綠地":38.40744101633394,"綜合破碎化分數":35.6,"破碎化等級":"低","判定原因":"面積減少0.0%；斑塊增加0.0%；平均斑塊縮小0.0%；道路密度0.00 km/km²；孤立比例0.0%；距大型綠地0m","2021面積_ha":36.09,"2022面積_ha":36.09,"2023面積_ha":36.09}},{"type":"Feature","geometry":{"type":"Polygon","coordinates":[[[121.40454462214882,24.4958599729297],[121.40457351493356,24.50488873139514],[121.4144409615514,24.5048619654862],[121.41441136412742,24.49583321815296],[121.40454462214882,24.4958599729297]]]},"properties":{"grid_id":"G021_009","綠地類型":"河川沿岸自然地表","中心經度":121.409493,"中心緯度":24.500361,"分析面積_km2":1.04,"2020面積_ha":28.53,"2024面積_ha":28.53,"面積減少率_pct":0.0,"2020斑塊數":1,"2024斑塊數":1,"斑塊數增加率_pct":0.0,"2020平均斑塊面積_ha":178.02,"2024平均斑塊面積_ha":1185.21,"平均斑塊面積下降率_pct":0.0,"道路切割密度_km_per_km2":0.0,"建成區邊界切割密度_km_per_km2":0.0,"孤立小斑塊比例_pct":0.0,"距大型連續綠地平均距離_m":0.0,"score_面積減少":36.206896551724135,"score_斑塊增加":44.260435571687836,"score_平均斑塊縮小":28.153357531760438,"score_道路建成區切割":25.941470054446462,"score_孤立比例":40.58529945553539,"score_距大型綠地":38.40744101633394,"綜合破碎化分數":35.6,"破碎化等級":"低","判定原因":"面積減少0.0%；斑塊增加0.0%；平均斑塊縮小0.0%；道路密度0.00 km/km²；孤立比例0.0%；距大型綠地0m","2021面積_ha":28.53,"2022面積_ha":28.53,"2023面積_ha":28.53}},{"type":"Feature","geometry":{"type":"Polygon","coordinates":[[[121.41441136412742,24.49583321815296],[121.4144409615514,24.5048619654862],[121.42430839370542,24.504834554668538],[121.4242780916468,24.495805818735718],[121.41441136412742,24.49583321815296]]]},"properties":{"grid_id":"G021_010","綠地類型":"河川沿岸自然地表","中心經度":121.41936,"中心緯度":24.500334,"分析面積_km2":1.04,"2020面積_ha":60.93,"2024面積_ha":60.93,"面積減少率_pct":0.0,"2020斑塊數":1,"2024斑塊數":1,"斑塊數增加率_pct":0.0,"2020平均斑塊面積_ha":178.02,"2024平均斑塊面積_ha":1185.21,"平均斑塊面積下降率_pct":0.0,"道路切割密度_km_per_km2":0.0,"建成區邊界切割密度_km_per_km2":0.0,"孤立小斑塊比例_pct":0.0,"距大型連續綠地平均距離_m":0.0,"score_面積減少":36.206896551724135,"score_斑塊增加":44.260435571687836,"score_平均斑塊縮小":28.153357531760438,"score_道路建成區切割":25.941470054446462,"score_孤立比例":40.58529945553539,"score_距大型綠地":38.40744101633394,"綜合破碎化分數":35.6,"破碎化等級":"低","判定原因":"面積減少0.0%；斑塊增加0.0%；平均斑塊縮小0.0%；道路密度0.00 km/km²；孤立比例0.0%；距大型綠地0m","2021面積_ha":60.93,"2022面積_ha":60.93,"2023面積_ha":60.93}},{"type":"Feature","geometry":{"type":"Polygon","coordinates":[[[121.4242780916468,24.495805818735718],[121.42430839370542,24.504834554668538],[121.43417581105126,24.504806498945953],[121.43414480436262,24.49577777468177],[121.4242780916468,24.495805818735718]]]},"properties":{"grid_id":"G021_011","綠地類型":"河川沿岸自然地表","中心經度":121.429227,"中心緯度":24.500306,"分析面積_km2":1.04,"2020面積_ha":41.85,"2024面積_ha":50.31,"面積減少率_pct":0.0,"2020斑塊數":6,"2024斑塊數":1,"斑塊數增加率_pct":0.0,"2020平均斑塊面積_ha":39.435,"2024平均斑塊面積_ha":1185.21,"平均斑塊面積下降率_pct":0.0,"道路切割密度_km_per_km2":0.606,"建成區邊界切割密度_km_per_km2":0.0,"孤立小斑塊比例_pct":0.0,"距大型連續綠地平均距離_m":0.0,"score_面積減少":36.206896551724135,"score_斑塊增加":44.260435571687836,"score_平均斑塊縮小":28.153357531760438,"score_道路建成區切割":37.35254083484573,"score_孤立比例":40.58529945553539,"score_距大型綠地":38.40744101633394,"綜合破碎化分數":37.5,"破碎化等級":"低","判定原因":"面積減少0.0%；斑塊增加0.0%；平均斑塊縮小0.0%；道路密度0.61 km/km²；孤立比例0.0%；距大型綠地0m","2021面積_ha":51.66,"2022面積_ha":50.67,"2023面積_ha":50.85}},{"type":"Feature","geometry":{"type":"Polygon","coordinates":[[[121.43414480436262,24.49577777468177],[121.43417581105126,24.504806498945953],[121.44404321324463,24.504777798322305],[121.44401150193075,24.495749085994976],[121.43414480436262,24.49577777468177]]]},"properties":{"grid_id":"G021_012","綠地類型":"河川沿岸自然地表","中心經度":121.439094,"中心緯度":24.500278,"分析面積_km2":1.04,"2020面積_ha":1.71,"2024面積_ha":1.71,"面積減少率_pct":0.0,"2020斑塊數":1,"2024斑塊數":1,"斑塊數增加率_pct":0.0,"2020平均斑塊面積_ha":201.33,"2024平均斑塊面積_ha":410.76,"平均斑塊面積下降率_pct":0.0,"道路切割密度_km_per_km2":1.009,"建成區邊界切割密度_km_per_km2":0.0,"孤立小斑塊比例_pct":0.0,"距大型連續綠地平均距離_m":0.0,"score_面積減少":36.206896551724135,"score_斑塊增加":44.260435571687836,"score_平均斑塊縮小":28.153357531760438,"score_道路建成區切割":39.530399274047184,"score_孤立比例":40.58529945553539,"score_距大型綠地":38.40744101633394,"綜合破碎化分數":37.9,"破碎化等級":"低","判定原因":"面積減少0.0%；斑塊增加0.0%；平均斑塊縮小0.0%；道路密度1.01 km/km²；孤立比例0.0%；距大型綠地0m","2021面積_ha":1.71,"2022面積_ha":1.71,"2023面積_ha":1.71}},{"type":"Feature","geometry":{"type":"Polygon","coordinates":[[[121.44401150193075,24.495749085994976],[121.44404321324463,24.504777798322305],[121.45391059994121,24.504748452801557],[121.45387818400691,24.495719752679292],[121.44401150193075,24.495749085994976]]]},"properties":{"grid_id":"G021_013","綠地類型":"河川沿岸自然地表","中心經度":121.448961,"中心緯度":24.500249,"分析面積_km2":1.04,"2020面積_ha":46.17,"2024面積_ha":46.17,"面積減少率_pct":0.0,"2020斑塊數":1,"2024斑塊數":1,"斑塊數增加率_pct":0.0,"2020平均斑塊面積_ha":201.33,"2024平均斑塊面積_ha":410.76,"平均斑塊面積下降率_pct":0.0,"道路切割密度_km_per_km2":1.384,"建成區邊界切割密度_km_per_km2":0.0,"孤立小斑塊比例_pct":0.0,"距大型連續綠地平均距離_m":0.0,"score_面積減少":36.206896551724135,"score_斑塊增加":44.260435571687836,"score_平均斑塊縮小":28.153357531760438,"score_道路建成區切割":41.44736842105263,"score_孤立比例":40.58529945553539,"score_距大型綠地":38.40744101633394,"綜合破碎化分數":38.2,"破碎化等級":"低","判定原因":"面積減少0.0%；斑塊增加0.0%；平均斑塊縮小0.0%；道路密度1.38 km/km²；孤立比例0.0%；距大型綠地0m","2021面積_ha":46.17,"2022面積_ha":46.17,"2023面積_ha":46.17}},{"type":"Feature","geometry":{"type":"Polygon","coordinates":[[[121.45387818400691,24.495719752679292],[121.45391059994121,24.504748452801557],[121.46377797079661,24.504718462387753],[121.46374485024694,24.495689774738764],[121.45387818400691,24.495719752679292]]]},"properties":{"grid_id":"G021_014","綠地類型":"河川沿岸自然地表","中心經度":121.458828,"中心緯度":24.500219,"分析面積_km2":1.04,"2020面積_ha":25.38,"2024面積_ha":25.38,"面積減少率_pct":0.0,"2020斑塊數":2,"2024斑塊數":1,"斑塊數增加率_pct":0.0,"2020平均斑塊面積_ha":203.85,"2024平均斑塊面積_ha":410.76,"平均斑塊面積下降率_pct":0.0,"道路切割密度_km_per_km2":1.442,"建成區邊界切割密度_km_per_km2":0.0,"孤立小斑塊比例_pct":0.0,"距大型連續綠地平均距離_m":0.0,"score_面積減少":36.206896551724135,"score_斑塊增加":44.260435571687836,"score_平均斑塊縮小":28.153357531760438,"score_道路建成區切割":41.98049001814882,"score_孤立比例":40.58529945553539,"score_距大型綠地":38.40744101633394,"綜合破碎化分數":38.3,"破碎化等級":"低","判定原因":"面積減少0.0%；斑塊增加0.0%；平均斑塊縮小0.0%；道路密度1.44 km/km²；孤立比例0.0%；距大型綠地0m","2021面積_ha":25.38,"2022面積_ha":25.38,"2023面積_ha":25.38}},{"type":"Feature","geometry":{"type":"Polygon","coordinates":[[[121.46374485024694,24.495689774738764],[121.46377797079661,24.504718462387753],[121.47364532546658,24.504687827085036],[121.47361150030657,24.495659152177538],[121.46374485024694,24.495689774738764]]]},"properties":{"grid_id":"G021_015","綠地類型":"河川沿岸自然地表","中心經度":121.468695,"中心緯度":24.500189,"分析面積_km2":1.04,"2020面積_ha":19.89,"2024面積_ha":19.89,"面積減少率_pct":0.0,"2020斑塊數":2,"2024斑塊數":2,"斑塊數增加率_pct":0.0,"2020平均斑塊面積_ha":927.045,"2024平均斑塊面積_ha":1027.485,"平均斑塊面積下降率_pct":0.0,"道路切割密度_km_per_km2":2.422,"建成區邊界切割密度_km_per_km2":0.0,"孤立小斑塊比例_pct":0.0,"距大型連續綠地平均距離_m":0.0,"score_面積減少":36.206896551724135,"score_斑塊增加":44.260435571687836,"score_平均斑塊縮小":28.153357531760438,"score_道路建成區切割":48.53675136116152,"score_孤立比例":40.58529945553539,"score_距大型綠地":38.40744101633394,"綜合破碎化分數":39.4,"破碎化等級":"低","判定原因":"面積減少0.0%；斑塊增加0.0%；平均斑塊縮小0.0%；道路密度2.42 km/km²；孤立比例0.0%；距大型綠地0m","2021面積_ha":19.89,"2022面積_ha":19.89,"2023面積_ha":19.89}},{"type":"Feature","geometry":{"type":"Polygon","coordinates":[[[121.52294449585197,24.49549637021179],[121.52298184398354,24.50452497738879],[121.53284909431024,24.504490472844463],[121.53281104160111,24.495461880018155],[121.52294449585197,24.49549637021179]]]},"properties":{"grid_id":"G021_021","綠地類型":"河川沿岸自然地表","中心經度":121.527897,"中心緯度":24.499994,"分析面積_km2":1.04,"2020面積_ha":43.47,"2024面積_ha":43.47,"面積減少率_pct":0.0,"2020斑塊數":2,"2024斑塊數":2,"斑塊數增加率_pct":0.0,"2020平均斑塊面積_ha":2283.435,"2024平均斑塊面積_ha":2354.535,"平均斑塊面積下降率_pct":0.0,"道路切割密度_km_per_km2":2.249,"建成區邊界切割密度_km_per_km2":0.0,"孤立小斑塊比例_pct":0.0,"距大型連續綠地平均距離_m":0.0,"score_面積減少":36.206896551724135,"score_斑塊增加":44.260435571687836,"score_平均斑塊縮小":28.153357531760438,"score_道路建成區切割":47.76542649727768,"score_孤立比例":40.58529945553539,"score_距大型綠地":38.40744101633394,"綜合破碎化分數":39.2,"破碎化等級":"低","判定原因":"面積減少0.0%；斑塊增加0.0%；平均斑塊縮小0.0%；道路密度2.25 km/km²；孤立比例0.0%；距大型綠地0m","2021面積_ha":43.47,"2022面積_ha":43.47,"2023面積_ha":43.47}},{"type":"Feature","geometry":{"type":"Polygon","coordinates":[[[121.53281104160111,24.495461880018155],[121.53284909431024,24.504490472844463],[121.5427163260413,24.50445532344268],[121.54267756876047,24.49542674523526],[121.53281104160111,24.495461880018155]]]},"properties":{"grid_id":"G021_022","綠地類型":"河川沿岸自然地表","中心經度":121.537764,"中心緯度":24.499959,"分析面積_km2":1.04,"2020面積_ha":66.06,"2024面積_ha":66.06,"面積減少率_pct":0.0,"2020斑塊數":1,"2024斑塊數":1,"斑塊數增加率_pct":0.0,"2020平均斑塊面積_ha":2919.15,"2024平均斑塊面積_ha":3064.86,"平均斑塊面積下降率_pct":0.0,"道路切割密度_km_per_km2":1.788,"建成區邊界切割密度_km_per_km2":0.0,"孤立小斑塊比例_pct":0.0,"距大型連續綠地平均距離_m":0.0,"score_面積減少":36.206896551724135,"score_斑塊增加":44.260435571687836,"score_平均斑塊縮小":28.153357531760438,"score_道路建成區切割":45.07713248638839,"score_孤立比例":40.58529945553539,"score_距大型綠地":38.40744101633394,"綜合破碎化分數":38.8,"破碎化等級":"低","判定原因":"面積減少0.0%；斑塊增加0.0%；平均斑塊縮小0.0%；道路密度1.79 km/km²；孤立比例0.0%；距大型綠地0m","2021面積_ha":66.06,"2022面積_ha":66.06,"2023面積_ha":66.06}},{"type":"Feature","geometry":{"type":"Polygon","coordinates":[[[121.54267756876047,24.49542674523526],[121.5427163260413,24.50445532344268],[121.55258353883245,24.504419529188283],[121.5525440769859,24.495390965867937],[121.54267756876047,24.49542674523526]]]},"properties":{"grid_id":"G021_023","綠地類型":"河川沿岸自然地表","中心經度":121.54763,"中心緯度":24.499923,"分析面積_km2":1.04,"2020面積_ha":31.86,"2024面積_ha":31.86,"面積減少率_pct":0.0,"2020斑塊數":1,"2024斑塊數":1,"斑塊數增加率_pct":0.0,"2020平均斑塊面積_ha":2919.15,"2024平均斑塊面積_ha":3064.86,"平均斑塊面積下降率_pct":0.0,"道路切割密度_km_per_km2":0.894,"建成區邊界切割密度_km_per_km2":0.0,"孤立小斑塊比例_pct":0.0,"距大型連續綠地平均距離_m":0.0,"score_面積減少":36.206896551724135,"score_斑塊增加":44.260435571687836,"score_平均斑塊縮小":28.153357531760438,"score_道路建成區切割":39.008620689655174,"score_孤立比例":40.58529945553539,"score_距大型綠地":38.40744101633394,"綜合破碎化分數":37.8,"破碎化等級":"低","判定原因":"面積減少0.0%；斑塊增加0.0%；平均斑塊縮小0.0%；道路密度0.89 km/km²；孤立比例0.0%；距大型綠地0m","2021面積_ha":31.86,"2022面積_ha":31.86,"2023面積_ha":31.86}},{"type":"Feature","geometry":{"type":"Polygon","coordinates":[[[121.5525440769859,24.495390965867937],[121.55258353883245,24.504419529188283],[121.56245073233944,24.504383090086208],[121.56241056593318,24.49535454192113],[121.5525440769859,24.495390965867937]]]},"properties":{"grid_id":"G021_024","綠地類型":"河川沿岸自然地表","中心經度":121.557497,"中心緯度":24.499887,"分析面積_km2":1.04,"2020面積_ha":64.53,"2024面積_ha":64.53,"面積減少率_pct":0.0,"2020斑塊數":1,"2024斑塊數":1,"斑塊數增加率_pct":0.0,"2020平均斑塊面積_ha":2919.15,"2024平均斑塊面積_ha":3064.86,"平均斑塊面積下降率_pct":0.0,"道路切割密度_km_per_km2":2.364,"建成區邊界切割密度_km_per_km2":0.0,"孤立小斑塊比例_pct":0.0,"距大型連續綠地平均距離_m":0.0,"score_面積減少":36.206896551724135,"score_斑塊增加":44.260435571687836,"score_平均斑塊縮小":28.153357531760438,"score_道路建成區切割":48.29854809437387,"score_孤立比例":40.58529945553539,"score_距大型綠地":38.40744101633394,"綜合破碎化分數":39.3,"破碎化等級":"低","判定原因":"面積減少0.0%；斑塊增加0.0%；平均斑塊縮小0.0%；道路密度2.36 km/km²；孤立比例0.0%；距大型綠地0m","2021面積_ha":64.53,"2022面積_ha":64.53,"2023面積_ha":64.53}},{"type":"Feature","geometry":{"type":"Polygon","coordinates":[[[121.57227703525814,24.495317473399876],[121.57231790621793,24.5043460061415],[121.58218506012369,24.504308277359257],[121.58214348461664,24.495279760309266],[121.57227703525814,24.495317473399876]]]},"properties":{"grid_id":"G021_026","綠地類型":"河川沿岸自然地表","中心經度":121.577231,"中心緯度":24.499813,"分析面積_km2":1.04,"2020面積_ha":71.01,"2024面積_ha":71.1,"面積減少率_pct":0.0,"2020斑塊數":1,"2024斑塊數":1,"斑塊數增加率_pct":0.0,"2020平均斑塊面積_ha":2919.15,"2024平均斑塊面積_ha":3064.86,"平均斑塊面積下降率_pct":0.0,"道路切割密度_km_per_km2":0.0,"建成區邊界切割密度_km_per_km2":0.0,"孤立小斑塊比例_pct":0.0,"距大型連續綠地平均距離_m":0.0,"score_面積減少":36.206896551724135,"score_斑塊增加":44.260435571687836,"score_平均斑塊縮小":28.153357531760438,"score_道路建成區切割":25.941470054446462,"score_孤立比例":40.58529945553539,"score_距大型綠地":38.40744101633394,"綜合破碎化分數":35.6,"破碎化等級":"低","判定原因":"面積減少0.0%；斑塊增加0.0%；平均斑塊縮小0.0%；道路密度0.00 km/km²；孤立比例0.0%；距大型綠地0m","2021面積_ha":71.1,"2022面積_ha":71.1,"2023面積_ha":71.1}},{"type":"Feature","geometry":{"type":"Polygon","coordinates":[[[121.59200991366448,24.495241402654514],[121.5920521937124,24.504269903744692],[121.60191930663984,24.504230885303095],[121.60187632205754,24.495202400440913],[121.59200991366448,24.495241402654514]]]},"properties":{"grid_id":"G021_028","綠地類型":"河川沿岸自然地表","中心經度":121.596964,"中心緯度":24.499736,"分析面積_km2":1.04,"2020面積_ha":37.26,"2024面積_ha":37.98,"面積減少率_pct":0.0,"2020斑塊數":1,"2024斑塊數":1,"斑塊數增加率_pct":0.0,"2020平均斑塊面積_ha":2712.51,"2024平均斑塊面積_ha":2751.66,"平均斑塊面積下降率_pct":0.0,"道路切割密度_km_per_km2":0.0,"建成區邊界切割密度_km_per_km2":0.0,"孤立小斑塊比例_pct":0.0,"距大型連續綠地平均距離_m":0.0,"score_面積減少":36.206896551724135,"score_斑塊增加":44.260435571687836,"score_平均斑塊縮小":28.153357531760438,"score_道路建成區切割":25.941470054446462,"score_孤立比例":40.58529945553539,"score_距大型綠地":38.40744101633394,"綜合破碎化分數":35.6,"破碎化等級":"低","判定原因":"面積減少0.0%；斑塊增加0.0%；平均斑塊縮小0.0%；道路密度0.00 km/km²；孤立比例0.0%；距大型綠地0m","2021面積_ha":37.8,"2022面積_ha":37.98,"2023面積_ha":38.07}},{"type":"Feature","geometry":{"type":"Polygon","coordinates":[[[121.60187632205754,24.495202400440913],[121.60191930663984,24.504230885303095],[121.6117863985617,24.50419122203985],[121.61174270945159,24.495162753673835],[121.60187632205754,24.495202400440913]]]},"properties":{"grid_id":"G021_029","綠地類型":"河川沿岸自然地表","中心經度":121.606831,"中心緯度":24.499697,"分析面積_km2":1.04,"2020面積_ha":38.61,"2024面積_ha":38.61,"面積減少率_pct":0.0,"2020斑塊數":1,"2024斑塊數":1,"斑塊數增加率_pct":0.0,"2020平均斑塊面積_ha":2712.51,"2024平均斑塊面積_ha":2751.66,"平均斑塊面積下降率_pct":0.0,"道路切割密度_km_per_km2":0.0,"建成區邊界切割密度_km_per_km2":0.0,"孤立小斑塊比例_pct":0.0,"距大型連續綠地平均距離_m":0.0,"score_面積減少":36.206896551724135,"score_斑塊增加":44.260435571687836,"score_平均斑塊縮小":28.153357531760438,"score_道路建成區切割":25.941470054446462,"score_孤立比例":40.58529945553539,"score_距大型綠地":38.40744101633394,"綜合破碎化分數":35.6,"破碎化等級":"低","判定原因":"面積減少0.0%；斑塊增加0.0%；平均斑塊縮小0.0%；道路密度0.00 km/km²；孤立比例0.0%；距大型綠地0m","2021面積_ha":38.61,"2022面積_ha":38.61,"2023面積_ha":38.61}},{"type":"Feature","geometry":{"type":"Polygon","coordinates":[[[121.62160907550255,24.495122462358758],[121.62165346913372,24.50415091396044],[121.63152051801164,24.50410996107041],[121.63147541986622,24.495081526501245],[121.62160907550255,24.495122462358758]]]},"properties":{"grid_id":"G021_031","綠地類型":"河川沿岸自然地表","中心經度":121.626565,"中心緯度":24.499616,"分析面積_km2":1.04,"2020面積_ha":38.52,"2024面積_ha":38.52,"面積減少率_pct":0.0,"2020斑塊數":1,"2024斑塊數":1,"斑塊數增加率_pct":0.0,"2020平均斑塊面積_ha":2712.51,"2024平均斑塊面積_ha":2751.66,"平均斑塊面積下降率_pct":0.0,"道路切割密度_km_per_km2":0.0,"建成區邊界切割密度_km_per_km2":0.0,"孤立小斑塊比例_pct":0.0,"距大型連續綠地平均距離_m":0.0,"score_面積減少":36.206896551724135,"score_斑塊增加":44.260435571687836,"score_平均斑塊縮小":28.153357531760438,"score_道路建成區切割":25.941470054446462,"score_孤立比例":40.58529945553539,"score_距大型綠地":38.40744101633394,"綜合破碎化分數":35.6,"破碎化等級":"低","判定原因":"面積減少0.0%；斑塊增加0.0%；平均斑塊縮小0.0%；道路密度0.00 km/km²；孤立比例0.0%；距大型綠地0m","2021面積_ha":38.52,"2022面積_ha":38.52,"2023面積_ha":38.52}},{"type":"Feature","geometry":{"type":"Polygon","coordinates":[[[121.69067301134346,24.494822376287242],[121.69072233642535,24.503850703029954],[121.70058922380576,24.503805236628807],[121.70053919426034,24.4947769287957],[121.69067301134346,24.494822376287242]]]},"properties":{"grid_id":"G021_038","綠地類型":"河川沿岸自然地表","中心經度":121.695631,"中心緯度":24.499314,"分析面積_km2":1.04,"2020面積_ha":24.93,"2024面積_ha":24.93,"面積減少率_pct":0.0,"2020斑塊數":1,"2024斑塊數":1,"斑塊數增加率_pct":0.0,"2020平均斑塊面積_ha":3955.86,"2024平均斑塊面積_ha":4238.28,"平均斑塊面積下降率_pct":0.0,"道路切割密度_km_per_km2":0.0,"建成區邊界切割密度_km_per_km2":0.0,"孤立小斑塊比例_pct":0.0,"距大型連續綠地平均距離_m":0.0,"score_面積減少":36.206896551724135,"score_斑塊增加":44.260435571687836,"score_平均斑塊縮小":28.153357531760438,"score_道路建成區切割":25.941470054446462,"score_孤立比例":40.58529945553539,"score_距大型綠地":38.40744101633394,"綜合破碎化分數":35.6,"破碎化等級":"低","判定原因":"面積減少0.0%；斑塊增加0.0%；平均斑塊縮小0.0%；道路密度0.00 km/km²；孤立比例0.0%；距大型綠地0m","2021面積_ha":24.93,"2022面積_ha":24.93,"2023面積_ha":24.93}},{"type":"Feature","geometry":{"type":"Polygon","coordinates":[[[121.70053919426034,24.4947769287957],[121.70058922380576,24.503805236628807],[121.71045608673816,24.50375912546473],[121.71040535273691,24.494730836809378],[121.70053919426034,24.4947769287957]]]},"properties":{"grid_id":"G021_039","綠地類型":"河川沿岸自然地表","中心經度":121.705497,"中心緯度":24.499268,"分析面積_km2":1.04,"2020面積_ha":49.41,"2024面積_ha":49.41,"面積減少率_pct":0.0,"2020斑塊數":1,"2024斑塊數":1,"斑塊數增加率_pct":0.0,"2020平均斑塊面積_ha":3955.86,"2024平均斑塊面積_ha":4238.28,"平均斑塊面積下降率_pct":0.0,"道路切割密度_km_per_km2":0.0,"建成區邊界切割密度_km_per_km2":0.0,"孤立小斑塊比例_pct":0.0,"距大型連續綠地平均距離_m":0.0,"score_面積減少":36.206896551724135,"score_斑塊增加":44.260435571687836,"score_平均斑塊縮小":28.153357531760438,"score_道路建成區切割":25.941470054446462,"score_孤立比例":40.58529945553539,"score_距大型綠地":38.40744101633394,"綜合破碎化分數":35.6,"破碎化等級":"低","判定原因":"面積減少0.0%；斑塊增加0.0%；平均斑塊縮小0.0%；道路密度0.00 km/km²；孤立比例0.0%；距大型綠地0m","2021面積_ha":49.41,"2022面積_ha":49.41,"2023面積_ha":49.41}},{"type":"Feature","geometry":{"type":"Polygon","coordinates":[[[121.71040535273691,24.494730836809378],[121.71045608673816,24.50375912546473],[121.72032292487837,24.503712369544086],[121.72027148642904,24.49468410033464],[121.71040535273691,24.494730836809378]]]},"properties":{"grid_id":"G021_040","綠地類型":"河川沿岸自然地表","中心經度":121.715364,"中心緯度":24.499222,"分析面積_km2":1.04,"2020面積_ha":37.35,"2024面積_ha":37.35,"面積減少率_pct":0.0,"2020斑塊數":1,"2024斑塊數":1,"斑塊數增加率_pct":0.0,"2020平均斑塊面積_ha":3955.86,"2024平均斑塊面積_ha":4238.28,"平均斑塊面積下降率_pct":0.0,"道路切割密度_km_per_km2":0.0,"建成區邊界切割密度_km_per_km2":0.0,"孤立小斑塊比例_pct":0.0,"距大型連續綠地平均距離_m":0.0,"score_面積減少":36.206896551724135,"score_斑塊增加":44.260435571687836,"score_平均斑塊縮小":28.153357531760438,"score_道路建成區切割":25.941470054446462,"score_孤立比例":40.58529945553539,"score_距大型綠地":38.40744101633394,"綜合破碎化分數":35.6,"破碎化等級":"低","判定原因":"面積減少0.0%；斑塊增加0.0%；平均斑塊縮小0.0%；道路密度0.00 km/km²；孤立比例0.0%；距大型綠地0m","2021面積_ha":37.35,"2022面積_ha":37.35,"2023面積_ha":37.35}},{"type":"Feature","geometry":{"type":"Polygon","coordinates":[[[121.72027148642904,24.49468410033464],[121.72032292487837,24.503712369544086],[121.73018973788211,24.503664968873334],[121.73013759499261,24.49463671937792],[121.72027148642904,24.49468410033464]]]},"properties":{"grid_id":"G021_041","綠地類型":"河川沿岸自然地表","中心經度":121.72523,"中心緯度":24.499175,"分析面積_km2":1.04,"2020面積_ha":5.58,"2024面積_ha":5.58,"面積減少率_pct":0.0,"2020斑塊數":1,"2024斑塊數":1,"斑塊數增加率_pct":0.0,"2020平均斑塊面積_ha":3955.86,"2024平均斑塊面積_ha":4238.28,"平均斑塊面積下降率_pct":0.0,"道路切割密度_km_per_km2":0.0,"建成區邊界切割密度_km_per_km2":0.0,"孤立小斑塊比例_pct":0.0,"距大型連續綠地平均距離_m":0.0,"score_面積減少":36.206896551724135,"score_斑塊增加":44.260435571687836,"score_平均斑塊縮小":28.153357531760438,"score_道路建成區切割":25.941470054446462,"score_孤立比例":40.58529945553539,"score_距大型綠地":38.40744101633394,"綜合破碎化分數":35.6,"破碎化等級":"低","判定原因":"面積減少0.0%；斑塊增加0.0%；平均斑塊縮小0.0%；道路密度0.00 km/km²；孤立比例0.0%；距大型綠地0m","2021面積_ha":5.58,"2022面積_ha":5.58,"2023面積_ha":5.58}},{"type":"Feature","geometry":{"type":"Polygon","coordinates":[[[121.73013759499261,24.49463671937792],[121.73018973788211,24.503664968873334],[121.74005652540525,24.503616923459006],[121.7400036780836,24.494588693945765],[121.73013759499261,24.49463671937792]]]},"properties":{"grid_id":"G021_042","綠地類型":"河川沿岸自然地表","中心經度":121.735097,"中心緯度":24.499127,"分析面積_km2":1.04,"2020面積_ha":34.38,"2024面積_ha":34.38,"面積減少率_pct":0.0,"2020斑塊數":1,"2024斑塊數":1,"斑塊數增加率_pct":0.0,"2020平均斑塊面積_ha":3955.86,"2024平均斑塊面積_ha":4238.28,"平均斑塊面積下降率_pct":0.0,"道路切割密度_km_per_km2":0.0,"建成區邊界切割密度_km_per_km2":0.0,"孤立小斑塊比例_pct":0.0,"距大型連續綠地平均距離_m":0.0,"score_面積減少":36.206896551724135,"score_斑塊增加":44.260435571687836,"score_平均斑塊縮小":28.153357531760438,"score_道路建成區切割":25.941470054446462,"score_孤立比例":40.58529945553539,"score_距大型綠地":38.40744101633394,"綜合破碎化分數":35.6,"破碎化等級":"低","判定原因":"面積減少0.0%；斑塊增加0.0%；平均斑塊縮小0.0%；道路密度0.00 km/km²；孤立比例0.0%；距大型綠地0m","2021面積_ha":34.38,"2022面積_ha":34.38,"2023面積_ha":34.38}},{"type":"Feature","geometry":{"type":"Polygon","coordinates":[[[121.7400036780836,24.494588693945765],[121.74005652540525,24.503616923459006],[121.74992328710354,24.503568233307725],[121.74986973535783,24.49454002404479],[121.7400036780836,24.494588693945765]]]},"properties":{"grid_id":"G021_043","綠地類型":"河川沿岸自然地表","中心經度":121.744963,"中心緯度":24.499079,"分析面積_km2":1.04,"2020面積_ha":57.51,"2024面積_ha":57.96,"面積減少率_pct":0.0,"2020斑塊數":1,"2024斑塊數":1,"斑塊數增加率_pct":0.0,"2020平均斑塊面積_ha":3955.86,"2024平均斑塊面積_ha":4238.28,"平均斑塊面積下降率_pct":0.0,"道路切割密度_km_per_km2":1.471,"建成區邊界切割密度_km_per_km2":0.0,"孤立小斑塊比例_pct":0.0,"距大型連續綠地平均距離_m":0.0,"score_面積減少":36.206896551724135,"score_斑塊增加":44.260435571687836,"score_平均斑塊縮小":28.153357531760438,"score_道路建成區切割":42.30943738656987,"score_孤立比例":40.58529945553539,"score_距大型綠地":38.40744101633394,"綜合破碎化分數":38.3,"破碎化等級":"低","判定原因":"面積減少0.0%；斑塊增加0.0%；平均斑塊縮小0.0%；道路密度1.47 km/km²；孤立比例0.0%；距大型綠地0m","2021面積_ha":57.87,"2022面積_ha":57.78,"2023面積_ha":57.87}},{"type":"Feature","geometry":{"type":"Polygon","coordinates":[[[121.74986973535783,24.49454002404479],[121.74992328710354,24.503568233307725],[121.75979002263281,24.50351889842622],[121.75973576647127,24.494490709681717],[121.74986973535783,24.49454002404479]]]},"properties":{"grid_id":"G021_044","綠地類型":"河川沿岸自然地表","中心經度":121.75483,"中心緯度":24.49903,"分析面積_km2":1.04,"2020面積_ha":20.34,"2024面積_ha":20.34,"面積減少率_pct":0.0,"2020斑塊數":1,"2024斑塊數":1,"斑塊數增加率_pct":0.0,"2020平均斑塊面積_ha":3955.86,"2024平均斑塊面積_ha":4238.28,"平均斑塊面積下降率_pct":0.0,"道路切割密度_km_per_km2":1.615,"建成區邊界切割密度_km_per_km2":0.0,"孤立小斑塊比例_pct":0.0,"距大型連續綠地平均距離_m":0.0,"score_面積減少":36.206896551724135,"score_斑塊增加":44.260435571687836,"score_平均斑塊縮小":28.153357531760438,"score_道路建成區切割":43.579854809437386,"score_孤立比例":40.58529945553539,"score_距大型綠地":38.40744101633394,"綜合破碎化分數":38.5,"破碎化等級":"低","判定原因":"面積減少0.0%；斑塊增加0.0%；平均斑塊縮小0.0%；道路密度1.61 km/km²；孤立比例0.0%；距大型綠地0m","2021面積_ha":20.34,"2022面積_ha":20.34,"2023面積_ha":20.34}},{"type":"Feature","geometry":{"type":"Polygon","coordinates":[[[121.75973576647127,24.494490709681717],[121.75979002263281,24.50351889842622],[121.76965673164887,24.503468918821284],[121.76960177107979,24.49444075086334],[121.75973576647127,24.494490709681717]]]},"properties":{"grid_id":"G021_045","綠地類型":"河川沿岸自然地表","中心經度":121.764696,"中心緯度":24.49898,"分析面積_km2":1.04,"2020面積_ha":36.9,"2024面積_ha":37.35,"面積減少率_pct":0.0,"2020斑塊數":1,"2024斑塊數":1,"斑塊數增加率_pct":0.0,"2020平均斑塊面積_ha":3955.86,"2024平均斑塊面積_ha":4238.28,"平均斑塊面積下降率_pct":0.0,"道路切割密度_km_per_km2":1.499,"建成區邊界切割密度_km_per_km2":0.0,"孤立小斑塊比例_pct":0.0,"距大型連續綠地平均距離_m":0.0,"score_面積減少":36.206896551724135,"score_斑塊增加":44.260435571687836,"score_平均斑塊縮小":28.153357531760438,"score_道路建成區切割":42.615698729582576,"score_孤立比例":40.58529945553539,"score_距大型綠地":38.40744101633394,"綜合破碎化分數":38.4,"破碎化等級":"低","判定原因":"面積減少0.0%；斑塊增加0.0%；平均斑塊縮小0.0%；道路密度1.50 km/km²；孤立比例0.0%；距大型綠地0m","2021面積_ha":37.44,"2022面積_ha":37.53,"2023面積_ha":37.26}},{"type":"Feature","geometry":{"type":"Polygon","coordinates":[[[121.77946774883938,24.494390147596558],[121.7795234138075,24.503418294499816],[121.78939006876458,24.50336702546881],[121.7893336994059,24.494338899888348],[121.77946774883938,24.494390147596558]]]},"properties":{"grid_id":"G021_047","綠地類型":"河川沿岸自然地表","中心經度":121.784429,"中心緯度":24.498879,"分析面積_km2":1.04,"2020面積_ha":28.62,"2024面積_ha":28.62,"面積減少率_pct":0.0,"2020斑塊數":1,"2024斑塊數":1,"斑塊數增加率_pct":0.0,"2020平均斑塊面積_ha":3955.86,"2024平均斑塊面積_ha":4238.28,"平均斑塊面積下降率_pct":0.0,"道路切割密度_km_per_km2":0.0,"建成區邊界切割密度_km_per_km2":0.0,"孤立小斑塊比例_pct":0.0,"距大型連續綠地平均距離_m":0.0,"score_面積減少":36.206896551724135,"score_斑塊增加":44.260435571687836,"score_平均斑塊縮小":28.153357531760438,"score_道路建成區切割":25.941470054446462,"score_孤立比例":40.58529945553539,"score_距大型綠地":38.40744101633394,"綜合破碎化分數":35.6,"破碎化等級":"低","判定原因":"面積減少0.0%；斑塊增加0.0%；平均斑塊縮小0.0%；道路密度0.00 km/km²；孤立比例0.0%；距大型綠地0m","2021面積_ha":28.62,"2022面積_ha":28.62,"2023面積_ha":28.62}},{"type":"Feature","geometry":{"type":"Polygon","coordinates":[[[121.7893336994059,24.494338899888348],[121.78939006876458,24.50336702546881],[121.79925669617586,24.503315111735322],[121.79919962243531,24.49428700774578],[121.7893336994059,24.494338899888348]]]},"properties":{"grid_id":"G021_048","綠地類型":"河川沿岸自然地表","中心經度":121.794295,"中心緯度":24.498827,"分析面積_km2":1.04,"2020面積_ha":28.17,"2024面積_ha":28.17,"面積減少率_pct":0.0,"2020斑塊數":2,"2024斑塊數":2,"斑塊數增加率_pct":0.0,"2020平均斑塊面積_ha":2054.52,"2024平均斑塊面積_ha":2194.2,"平均斑塊面積下降率_pct":0.0,"道路切割密度_km_per_km2":0.0,"建成區邊界切割密度_km_per_km2":0.0,"孤立小斑塊比例_pct":0.0,"距大型連續綠地平均距離_m":0.0,"score_面積減少":36.206896551724135,"score_斑塊增加":44.260435571687836,"score_平均斑塊縮小":28.153357531760438,"score_道路建成區切割":25.941470054446462,"score_孤立比例":40.58529945553539,"score_距大型綠地":38.40744101633394,"綜合破碎化分數":35.6,"破碎化等級":"低","判定原因":"面積減少0.0%；斑塊增加0.0%；平均斑塊縮小0.0%；道路密度0.00 km/km²；孤立比例0.0%；距大型綠地0m","2021面積_ha":28.35,"2022面積_ha":28.35,"2023面積_ha":28.17}},{"type":"Feature","geometry":{"type":"Polygon","coordinates":[[[121.38483857968377,24.504940328472205],[121.37497109174052,24.504965159633212],[121.37498612056295,24.510030361111628],[121.3758336,24.5100375],[121.3764937,24.509945599999995],[121.3779296,24.509611599999996],[121.37855650000002,24.5095215],[121.3792447,24.509499799999993],[121.3797343,24.509584600000004],[121.38024929999999,24.509829599999996],[121.3805911,24.5098907],[121.3808054,24.509882900000004],[121.3812092,24.5097817],[121.3816424,24.5097231],[121.38240100000002,24.509744799999996],[121.3829521,24.509882799999996],[121.38348,24.510126099999997],[121.3837121,24.510307299999997],[121.38387900000001,24.510552700000005],[121.384195,24.511534799999996],[121.38450390000001,24.511965],[121.38471879999999,24.5122644],[121.38486162323242,24.512507106856667],[121.38483857968377,24.504940328472205]]]},"properties":{"grid_id":"G022_006","綠地類型":"河川沿岸自然地表","中心經度":121.379912,"中心緯度":24.507225,"分析面積_km2":0.596,"2020面積_ha":6.84,"2024面積_ha":6.84,"面積減少率_pct":0.0,"2020斑塊數":1,"2024斑塊數":1,"斑塊數增加率_pct":0.0,"2020平均斑塊面積_ha":335.79,"2024平均斑塊面積_ha":336.42,"平均斑塊面積下降率_pct":0.0,"道路切割密度_km_per_km2":0.201,"建成區邊界切割密度_km_per_km2":0.0,"孤立小斑塊比例_pct":0.0,"距大型連續綠地平均距離_m":0.0,"score_面積減少":36.206896551724135,"score_斑塊增加":44.260435571687836,"score_平均斑塊縮小":28.153357531760438,"score_道路建成區切割":34.868421052631575,"score_孤立比例":40.58529945553539,"score_距大型綠地":38.40744101633394,"綜合破碎化分數":37.1,"破碎化等級":"低","判定原因":"面積減少0.0%；斑塊增加0.0%；平均斑塊縮小0.0%；道路密度0.20 km/km²；孤立比例0.0%；距大型綠地0m","2021面積_ha":6.84,"2022面積_ha":6.84,"2023面積_ha":6.84}},{"type":"Feature","geometry":{"type":"Polygon","coordinates":[[[121.39473425611251,24.51394361089419],[121.39470605419626,24.50491485239168],[121.38483857968377,24.504940328472205],[121.38486162323242,24.512507106856667],[121.384934,24.5126301],[121.3850285,24.512833999999998],[121.3852163,24.513238999999995],[121.3853745,24.513721599999997],[121.38542703834956,24.513967666065113],[121.39473425611251,24.51394361089419]]]},"properties":{"grid_id":"G022_007","綠地類型":"河川沿岸自然地表","中心經度":121.389784,"中心緯度":24.508711,"分析面積_km2":1.033,"2020面積_ha":0.27,"2024面積_ha":0.27,"面積減少率_pct":0.0,"2020斑塊數":1,"2024斑塊數":1,"斑塊數增加率_pct":0.0,"2020平均斑塊面積_ha":335.79,"2024平均斑塊面積_ha":336.42,"平均斑塊面積下降率_pct":0.0,"道路切割密度_km_per_km2":0.087,"建成區邊界切割密度_km_per_km2":0.0,"孤立小斑塊比例_pct":0.0,"距大型連續綠地平均距離_m":0.0,"score_面積減少":36.206896551724135,"score_斑塊增加":44.260435571687836,"score_平均斑塊縮小":28.153357531760438,"score_道路建成區切割":34.30127041742287,"score_孤立比例":40.58529945553539,"score_距大型綠地":38.40744101633394,"綜合破碎化分數":37.0,"破碎化等級":"低","判定原因":"面積減少0.0%；斑塊增加0.0%；平均斑塊縮小0.0%；道路密度0.09 km/km²；孤立比例0.0%；距大型綠地0m","2021面積_ha":0.27,"2022面積_ha":0.27,"2023面積_ha":0.27}},{"type":"Feature","geometry":{"type":"Polygon","coordinates":[[[121.39470605419626,24.50491485239168],[121.39473425611251,24.51394361089419],[121.40460242183782,24.513917479032163],[121.40457351493356,24.50488873139514],[121.39470605419626,24.50491485239168]]]},"properties":{"grid_id":"G022_008","綠地類型":"河川沿岸自然地表","中心經度":121.399654,"中心緯度":24.509416,"分析面積_km2":1.04,"2020面積_ha":5.31,"2024面積_ha":5.31,"面積減少率_pct":0.0,"2020斑塊數":1,"2024斑塊數":1,"斑塊數增加率_pct":0.0,"2020平均斑塊面積_ha":335.79,"2024平均斑塊面積_ha":336.42,"平均斑塊面積下降率_pct":0.0,"道路切割密度_km_per_km2":0.0,"建成區邊界切割密度_km_per_km2":0.0,"孤立小斑塊比例_pct":0.0,"距大型連續綠地平均距離_m":0.0,"score_面積減少":36.206896551724135,"score_斑塊增加":44.260435571687836,"score_平均斑塊縮小":28.153357531760438,"score_道路建成區切割":25.941470054446462,"score_孤立比例":40.58529945553539,"score_距大型綠地":38.40744101633394,"綜合破碎化分數":35.6,"破碎化等級":"低","判定原因":"面積減少0.0%；斑塊增加0.0%；平均斑塊縮小0.0%；道路密度0.00 km/km²；孤立比例0.0%；距大型綠地0m","2021面積_ha":5.31,"2022面積_ha":5.31,"2023面積_ha":5.31}},{"type":"Feature","geometry":{"type":"Polygon","coordinates":[[[121.40457351493356,24.50488873139514],[121.40460242183782,24.513917479032163],[121.41447057343917,24.51389070198947],[121.4144409615514,24.5048619654862],[121.40457351493356,24.50488873139514]]]},"properties":{"grid_id":"G022_009","綠地類型":"河川沿岸自然地表","中心經度":121.409522,"中心緯度":24.50939,"分析面積_km2":1.04,"2020面積_ha":11.88,"2024面積_ha":11.88,"面積減少率_pct":0.0,"2020斑塊數":1,"2024斑塊數":1,"斑塊數增加率_pct":0.0,"2020平均斑塊面積_ha":178.02,"2024平均斑塊面積_ha":1185.21,"平均斑塊面積下降率_pct":0.0,"道路切割密度_km_per_km2":0.0,"建成區邊界切割密度_km_per_km2":0.0,"孤立小斑塊比例_pct":0.0,"距大型連續綠地平均距離_m":0.0,"score_面積減少":36.206896551724135,"score_斑塊增加":44.260435571687836,"score_平均斑塊縮小":28.153357531760438,"score_道路建成區切割":25.941470054446462,"score_孤立比例":40.58529945553539,"score_距大型綠地":38.40744101633394,"綜合破碎化分數":35.6,"破碎化等級":"低","判定原因":"面積減少0.0%；斑塊增加0.0%；平均斑塊縮小0.0%；道路密度0.00 km/km²；孤立比例0.0%；距大型綠地0m","2021面積_ha":11.88,"2022面積_ha":11.88,"2023面積_ha":11.88}},{"type":"Feature","geometry":{"type":"Polygon","coordinates":[[[121.4144409615514,24.5048619654862],[121.41447057343917,24.51389070198947],[121.42433871057219,24.51386327976981],[121.42430839370542,24.504834554668538],[121.4144409615514,24.5048619654862]]]},"properties":{"grid_id":"G022_010","綠地類型":"河川沿岸自然地表","中心經度":121.41939,"中心緯度":24.509363,"分析面積_km2":1.04,"2020面積_ha":13.32,"2024面積_ha":13.32,"面積減少率_pct":0.0,"2020斑塊數":2,"2024斑塊數":2,"斑塊數增加率_pct":0.0,"2020平均斑塊面積_ha":192.195,"2024平均斑塊面積_ha":797.985,"平均斑塊面積下降率_pct":0.0,"道路切割密度_km_per_km2":0.0,"建成區邊界切割密度_km_per_km2":0.0,"孤立小斑塊比例_pct":0.0,"距大型連續綠地平均距離_m":0.0,"score_面積減少":36.206896551724135,"score_斑塊增加":44.260435571687836,"score_平均斑塊縮小":28.153357531760438,"score_道路建成區切割":25.941470054446462,"score_孤立比例":40.58529945553539,"score_距大型綠地":38.40744101633394,"綜合破碎化分數":35.6,"破碎化等級":"低","判定原因":"面積減少0.0%；斑塊增加0.0%；平均斑塊縮小0.0%；道路密度0.00 km/km²；孤立比例0.0%；距大型綠地0m","2021面積_ha":13.32,"2022面積_ha":13.32,"2023面積_ha":13.32}},{"type":"Feature","geometry":{"type":"Polygon","coordinates":[[[121.42430839370542,24.504834554668538],[121.42433871057219,24.51386327976981],[121.43420683289239,24.513835212376964],[121.43417581105126,24.504806498945953],[121.42430839370542,24.504834554668538]]]},"properties":{"grid_id":"G022_011","綠地類型":"河川沿岸自然地表","中心經度":121.429257,"中心緯度":24.509335,"分析面積_km2":1.04,"2020面積_ha":19.71,"2024面積_ha":25.83,"面積減少率_pct":0.0,"2020斑塊數":2,"2024斑塊數":1,"斑塊數增加率_pct":0.0,"2020平均斑塊面積_ha":10.62,"2024平均斑塊面積_ha":1185.21,"平均斑塊面積下降率_pct":0.0,"道路切割密度_km_per_km2":0.0,"建成區邊界切割密度_km_per_km2":0.0,"孤立小斑塊比例_pct":0.0,"距大型連續綠地平均距離_m":0.0,"score_面積減少":36.206896551724135,"score_斑塊增加":44.260435571687836,"score_平均斑塊縮小":28.153357531760438,"score_道路建成區切割":25.941470054446462,"score_孤立比例":40.58529945553539,"score_距大型綠地":38.40744101633394,"綜合破碎化分數":35.6,"破碎化等級":"低","判定原因":"面積減少0.0%；斑塊增加0.0%；平均斑塊縮小0.0%；道路密度0.00 km/km²；孤立比例0.0%；距大型綠地0m","2021面積_ha":26.91,"2022面積_ha":25.92,"2023面積_ha":25.83}},{"type":"Feature","geometry":{"type":"Polygon","coordinates":[[[121.44404321324463,24.504777798322305],[121.44407494005533,24.513806499814805],[121.45394303171662,24.513777142087292],[121.45391059994121,24.504748452801557],[121.44404321324463,24.504777798322305]]]},"properties":{"grid_id":"G022_013","綠地類型":"河川沿岸自然地表","中心經度":121.448993,"中心緯度":24.509278,"分析面積_km2":1.04,"2020面積_ha":15.12,"2024面積_ha":15.12,"面積減少率_pct":0.0,"2020斑塊數":2,"2024斑塊數":1,"斑塊數增加率_pct":0.0,"2020平均斑塊面積_ha":203.85,"2024平均斑塊面積_ha":410.76,"平均斑塊面積下降率_pct":0.0,"道路切割密度_km_per_km2":0.029,"建成區邊界切割密度_km_per_km2":0.0,"孤立小斑塊比例_pct":0.0,"距大型連續綠地平均距離_m":0.0,"score_面積減少":36.206896551724135,"score_斑塊增加":44.260435571687836,"score_平均斑塊縮小":28.153357531760438,"score_道路建成區切割":33.82486388384755,"score_孤立比例":40.58529945553539,"score_距大型綠地":38.40744101633394,"綜合破碎化分數":36.9,"破碎化等級":"低","判定原因":"面積減少0.0%；斑塊增加0.0%；平均斑塊縮小0.0%；道路密度0.03 km/km²；孤立比例0.0%；距大型綠地0m","2021面積_ha":15.12,"2022面積_ha":15.12,"2023面積_ha":15.12}},{"type":"Feature","geometry":{"type":"Polygon","coordinates":[[[121.45391059994121,24.504748452801557],[121.45394303171662,24.513777142087292],[121.46381110753177,24.513747139198486],[121.46377797079661,24.504718462387753],[121.45391059994121,24.504748452801557]]]},"properties":{"grid_id":"G022_014","綠地類型":"河川沿岸自然地表","中心經度":121.458861,"中心緯度":24.509248,"分析面積_km2":1.04,"2020面積_ha":43.2,"2024面積_ha":43.2,"面積減少率_pct":0.0,"2020斑塊數":1,"2024斑塊數":1,"斑塊數增加率_pct":0.0,"2020平均斑塊面積_ha":206.37,"2024平均斑塊面積_ha":410.76,"平均斑塊面積下降率_pct":0.0,"道路切割密度_km_per_km2":0.0,"建成區邊界切割密度_km_per_km2":0.0,"孤立小斑塊比例_pct":0.0,"距大型連續綠地平均距離_m":0.0,"score_面積減少":36.206896551724135,"score_斑塊增加":44.260435571687836,"score_平均斑塊縮小":28.153357531760438,"score_道路建成區切割":25.941470054446462,"score_孤立比例":40.58529945553539,"score_距大型綠地":38.40744101633394,"綜合破碎化分數":35.6,"破碎化等級":"低","判定原因":"面積減少0.0%；斑塊增加0.0%；平均斑塊縮小0.0%；道路密度0.00 km/km²；孤立比例0.0%；距大型綠地0m","2021面積_ha":43.2,"2022面積_ha":43.2,"2023面積_ha":43.2}},{"type":"Feature","geometry":{"type":"Polygon","coordinates":[[[121.52298184398354,24.50452497738879],[121.52301921036644,24.51355357371638],[121.53288716561495,24.513519054819366],[121.53284909431024,24.504490472844463],[121.52298184398354,24.50452497738879]]]},"properties":{"grid_id":"G022_021","綠地類型":"河川沿岸自然地表","中心經度":121.527934,"中心緯度":24.509022,"分析面積_km2":1.04,"2020面積_ha":38.25,"2024面積_ha":38.25,"面積減少率_pct":0.0,"2020斑塊數":1,"2024斑塊數":1,"斑塊數增加率_pct":0.0,"2020平均斑塊面積_ha":2919.15,"2024平均斑塊面積_ha":3064.86,"平均斑塊面積下降率_pct":0.0,"道路切割密度_km_per_km2":2.22,"建成區邊界切割密度_km_per_km2":0.0,"孤立小斑塊比例_pct":0.0,"距大型連續綠地平均距離_m":0.0,"score_面積減少":36.206896551724135,"score_斑塊增加":44.260435571687836,"score_平均斑塊縮小":28.153357531760438,"score_道路建成區切割":47.62931034482759,"score_孤立比例":40.58529945553539,"score_距大型綠地":38.40744101633394,"綜合破碎化分數":39.2,"破碎化等級":"低","判定原因":"面積減少0.0%；斑塊增加0.0%；平均斑塊縮小0.0%；道路密度2.22 km/km²；孤立比例0.0%；距大型綠地0m","2021面積_ha":38.25,"2022面積_ha":38.25,"2023面積_ha":38.25}},{"type":"Feature","geometry":{"type":"Polygon","coordinates":[[[121.53284909431024,24.504490472844463],[121.53288716561495,24.513519054819366],[121.542755102262,24.51348389079666],[121.5427163260413,24.50445532344268],[121.53284909431024,24.504490472844463]]]},"properties":{"grid_id":"G022_022","綠地類型":"河川沿岸自然地表","中心經度":121.537802,"中心緯度":24.508987,"分析面積_km2":1.04,"2020面積_ha":38.52,"2024面積_ha":38.52,"面積減少率_pct":0.0,"2020斑塊數":1,"2024斑塊數":1,"斑塊數增加率_pct":0.0,"2020平均斑塊面積_ha":2919.15,"2024平均斑塊面積_ha":3064.86,"平均斑塊面積下降率_pct":0.0,"道路切割密度_km_per_km2":0.0,"建成區邊界切割密度_km_per_km2":0.0,"孤立小斑塊比例_pct":0.0,"距大型連續綠地平均距離_m":0.0,"score_面積減少":36.206896551724135,"score_斑塊增加":44.260435571687836,"score_平均斑塊縮小":28.153357531760438,"score_道路建成區切割":25.941470054446462,"score_孤立比例":40.58529945553539,"score_距大型綠地":38.40744101633394,"綜合破碎化分數":35.6,"破碎化等級":"低","判定原因":"面積減少0.0%；斑塊增加0.0%；平均斑塊縮小0.0%；道路密度0.00 km/km²；孤立比例0.0%；距大型綠地0m","2021面積_ha":38.52,"2022面積_ha":38.52,"2023面積_ha":38.52}},{"type":"Feature","geometry":{"type":"Polygon","coordinates":[[[121.5427163260413,24.50445532344268],[121.542755102262,24.51348389079666],[121.55262301996324,24.513448081653124],[121.55258353883245,24.504419529188283],[121.5427163260413,24.50445532344268]]]},"properties":{"grid_id":"G022_023","綠地類型":"河川沿岸自然地表","中心經度":121.547669,"中心緯度":24.508952,"分析面積_km2":1.04,"2020面積_ha":44.28,"2024面積_ha":44.28,"面積減少率_pct":0.0,"2020斑塊數":1,"2024斑塊數":1,"斑塊數增加率_pct":0.0,"2020平均斑塊面積_ha":2919.15,"2024平均斑塊面積_ha":3064.86,"平均斑塊面積下降率_pct":0.0,"道路切割密度_km_per_km2":0.0,"建成區邊界切割密度_km_per_km2":0.0,"孤立小斑塊比例_pct":0.0,"距大型連續綠地平均距離_m":0.0,"score_面積減少":36.206896551724135,"score_斑塊增加":44.260435571687836,"score_平均斑塊縮小":28.153357531760438,"score_道路建成區切割":25.941470054446462,"score_孤立比例":40.58529945553539,"score_距大型綠地":38.40744101633394,"綜合破碎化分數":35.6,"破碎化等級":"低","判定原因":"面積減少0.0%；斑塊增加0.0%；平均斑塊縮小0.0%；道路密度0.00 km/km²；孤立比例0.0%；距大型綠地0m","2021面積_ha":44.28,"2022面積_ha":44.28,"2023面積_ha":44.28}},{"type":"Feature","geometry":{"type":"Polygon","coordinates":[[[121.55258353883245,24.504419529188283],[121.55262301996324,24.513448081653124],[121.5624909183742,24.513411627393687],[121.56245073233944,24.504383090086208],[121.55258353883245,24.504419529188283]]]},"properties":{"grid_id":"G022_024","綠地類型":"河川沿岸自然地表","中心經度":121.557537,"中心緯度":24.508916,"分析面積_km2":1.04,"2020面積_ha":50.94,"2024面積_ha":50.94,"面積減少率_pct":0.0,"2020斑塊數":1,"2024斑塊數":1,"斑塊數增加率_pct":0.0,"2020平均斑塊面積_ha":2919.15,"2024平均斑塊面積_ha":3064.86,"平均斑塊面積下降率_pct":0.0,"道路切割密度_km_per_km2":0.75,"建成區邊界切割密度_km_per_km2":0.0,"孤立小斑塊比例_pct":0.0,"距大型連續綠地平均距離_m":0.0,"score_面積減少":36.206896551724135,"score_斑塊增加":44.260435571687836,"score_平均斑塊縮小":28.153357531760438,"score_道路建成區切割":38.169237749546284,"score_孤立比例":40.58529945553539,"score_距大型綠地":38.40744101633394,"綜合破碎化分數":37.6,"破碎化等級":"低","判定原因":"面積減少0.0%；斑塊增加0.0%；平均斑塊縮小0.0%；道路密度0.75 km/km²；孤立比例0.0%；距大型綠地0m","2021面積_ha":50.94,"2022面積_ha":50.94,"2023面積_ha":50.94}},{"type":"Feature","geometry":{"type":"Polygon","coordinates":[[[121.57231790621793,24.5043460061415],[121.57235879715049,24.51337452802338],[121.58222665594779,24.513336783547327],[121.58218506012369,24.504308277359257],[121.57231790621793,24.5043460061415]]]},"properties":{"grid_id":"G022_026","綠地類型":"河川沿岸自然地表","中心經度":121.577272,"中心緯度":24.508841,"分析面積_km2":1.04,"2020面積_ha":60.03,"2024面積_ha":60.48,"面積減少率_pct":0.0,"2020斑塊數":1,"2024斑塊數":1,"斑塊數增加率_pct":0.0,"2020平均斑塊面積_ha":2919.15,"2024平均斑塊面積_ha":3064.86,"平均斑塊面積下降率_pct":0.0,"道路切割密度_km_per_km2":0.0,"建成區邊界切割密度_km_per_km2":0.0,"孤立小斑塊比例_pct":0.0,"距大型連續綠地平均距離_m":0.0,"score_面積減少":36.206896551724135,"score_斑塊增加":44.260435571687836,"score_平均斑塊縮小":28.153357531760438,"score_道路建成區切割":25.941470054446462,"score_孤立比例":40.58529945553539,"score_距大型綠地":38.40744101633394,"綜合破碎化分數":35.6,"破碎化等級":"低","判定原因":"面積減少0.0%；斑塊增加0.0%；平均斑塊縮小0.0%；道路密度0.00 km/km²；孤立比例0.0%；距大型綠地0m","2021面積_ha":60.48,"2022面積_ha":60.48,"2023面積_ha":60.48}},{"type":"Feature","geometry":{"type":"Polygon","coordinates":[[[121.60191930663984,24.504230885303095],[121.60196231222774,24.51325935929889],[121.61183010902162,24.51321967953719],[121.6117863985617,24.50419122203985],[121.60191930663984,24.504230885303095]]]},"properties":{"grid_id":"G022_029","綠地類型":"河川沿岸自然地表","中心經度":121.606875,"中心緯度":24.508725,"分析面積_km2":1.04,"2020面積_ha":47.97,"2024面積_ha":47.97,"面積減少率_pct":0.0,"2020斑塊數":2,"2024斑塊數":2,"斑塊數增加率_pct":0.0,"2020平均斑塊面積_ha":1364.4,"2024平均斑塊面積_ha":1384.02,"平均斑塊面積下降率_pct":0.0,"道路切割密度_km_per_km2":2.191,"建成區邊界切割密度_km_per_km2":0.0,"孤立小斑塊比例_pct":0.0,"距大型連續綠地平均距離_m":0.0,"score_面積減少":36.206896551724135,"score_斑塊增加":44.260435571687836,"score_平均斑塊縮小":28.153357531760438,"score_道路建成區切割":47.504537205081675,"score_孤立比例":40.58529945553539,"score_距大型綠地":38.40744101633394,"綜合破碎化分數":39.2,"破碎化等級":"低","判定原因":"面積減少0.0%；斑塊增加0.0%；平均斑塊縮小0.0%；道路密度2.19 km/km²；孤立比例0.0%；距大型綠地0m","2021面積_ha":47.97,"2022面積_ha":47.97,"2023面積_ha":47.97}},{"type":"Feature","geometry":{"type":"Polygon","coordinates":[[[121.6117863985617,24.50419122203985],[121.61183010902162,24.51321967953719],[121.62169788445898,24.51317935469111],[121.62165346913372,24.50415091396044],[121.6117863985617,24.50419122203985]]]},"properties":{"grid_id":"G022_030","綠地類型":"河川沿岸自然地表","中心經度":121.616742,"中心緯度":24.508685,"分析面積_km2":1.04,"2020面積_ha":15.48,"2024面積_ha":15.48,"面積減少率_pct":0.0,"2020斑塊數":3,"2024斑塊數":3,"斑塊數增加率_pct":0.0,"2020平均斑塊面積_ha":1077.81,"2024平均斑塊面積_ha":1357.08,"平均斑塊面積下降率_pct":0.0,"道路切割密度_km_per_km2":0.202,"建成區邊界切割密度_km_per_km2":0.0,"孤立小斑塊比例_pct":0.0,"距大型連續綠地平均距離_m":0.0,"score_面積減少":36.206896551724135,"score_斑塊增加":44.260435571687836,"score_平均斑塊縮小":28.153357531760438,"score_道路建成區切割":34.9931941923775,"score_孤立比例":40.58529945553539,"score_距大型綠地":38.40744101633394,"綜合破碎化分數":37.1,"破碎化等級":"低","判定原因":"面積減少0.0%；斑塊增加0.0%；平均斑塊縮小0.0%；道路密度0.20 km/km²；孤立比例0.0%；距大型綠地0m","2021面積_ha":15.48,"2022面積_ha":15.48,"2023面積_ha":15.48}},{"type":"Feature","geometry":{"type":"Polygon","coordinates":[[[121.62165346913372,24.50415091396044],[121.62169788445898,24.51317935469111],[121.63156563819544,24.51313838476621],[121.63152051801164,24.50410996107041],[121.62165346913372,24.50415091396044]]]},"properties":{"grid_id":"G022_031","綠地類型":"河川沿岸自然地表","中心經度":121.626609,"中心緯度":24.508645,"分析面積_km2":1.04,"2020面積_ha":51.39,"2024面積_ha":51.39,"面積減少率_pct":0.0,"2020斑塊數":2,"2024斑塊數":2,"斑塊數增加率_pct":0.0,"2020平均斑塊面積_ha":1608.57,"2024平均斑塊面積_ha":2027.43,"平均斑塊面積下降率_pct":0.0,"道路切割密度_km_per_km2":0.433,"建成區邊界切割密度_km_per_km2":0.0,"孤立小斑塊比例_pct":0.0,"距大型連續綠地平均距離_m":0.0,"score_面積減少":36.206896551724135,"score_斑塊增加":44.260435571687836,"score_平均斑塊縮小":28.153357531760438,"score_道路建成區切割":36.37704174228675,"score_孤立比例":40.58529945553539,"score_距大型綠地":38.40744101633394,"綜合破碎化分數":37.3,"破碎化等級":"低","判定原因":"面積減少0.0%；斑塊增加0.0%；平均斑塊縮小0.0%；道路密度0.43 km/km²；孤立比例0.0%；距大型綠地0m","2021面積_ha":51.39,"2022面積_ha":51.12,"2023面積_ha":51.39}},{"type":"Feature","geometry":{"type":"Polygon","coordinates":[[[121.63152051801164,24.50410996107041],[121.63156563819544,24.51313838476621],[121.64143336988661,24.513096769768136],[121.64138754485124,24.50406836337541],[121.63152051801164,24.50410996107041]]]},"properties":{"grid_id":"G022_032","綠地類型":"河川沿岸自然地表","中心經度":121.636477,"中心緯度":24.508603,"分析面積_km2":1.04,"2020面積_ha":47.97,"2024面積_ha":47.97,"面積減少率_pct":0.0,"2020斑塊數":2,"2024斑塊數":2,"斑塊數增加率_pct":0.0,"2020平均斑塊面積_ha":1608.57,"2024平均斑塊面積_ha":2027.43,"平均斑塊面積下降率_pct":0.0,"道路切割密度_km_per_km2":1.701,"建成區邊界切割密度_km_per_km2":0.0,"孤立小斑塊比例_pct":0.0,"距大型連續綠地平均距離_m":0.0,"score_面積減少":36.206896551724135,"score_斑塊增加":44.260435571687836,"score_平均斑塊縮小":28.153357531760438,"score_道路建成區切割":44.44192377495463,"score_孤立比例":40.58529945553539,"score_距大型綠地":38.40744101633394,"綜合破碎化分數":38.7,"破碎化等級":"低","判定原因":"面積減少0.0%；斑塊增加0.0%；平均斑塊縮小0.0%；道路密度1.70 km/km²；孤立比例0.0%；距大型綠地0m","2021面積_ha":47.97,"2022面積_ha":47.97,"2023面積_ha":47.97}},{"type":"Feature","geometry":{"type":"Polygon","coordinates":[[[121.64138754485124,24.50406836337541],[121.64143336988661,24.513096769768136],[121.65130107918814,24.51305450970264],[121.65125454930822,24.504026120881196],[121.64138754485124,24.50406836337541]]]},"properties":{"grid_id":"G022_033","綠地類型":"河川沿岸自然地表","中心經度":121.646344,"中心緯度":24.508562,"分析面積_km2":1.04,"2020面積_ha":43.92,"2024面積_ha":43.92,"面積減少率_pct":0.0,"2020斑塊數":2,"2024斑塊數":2,"斑塊數增加率_pct":0.0,"2020平均斑塊面積_ha":2311.38,"2024平均斑塊面積_ha":2422.89,"平均斑塊面積下降率_pct":0.0,"道路切割密度_km_per_km2":0.634,"建成區邊界切割密度_km_per_km2":0.0,"孤立小斑塊比例_pct":0.0,"距大型連續綠地平均距離_m":0.0,"score_面積減少":36.206896551724135,"score_斑塊增加":44.260435571687836,"score_平均斑塊縮小":28.153357531760438,"score_道路建成區切割":37.511343012704174,"score_孤立比例":40.58529945553539,"score_距大型綠地":38.40744101633394,"綜合破碎化分數":37.5,"破碎化等級":"低","判定原因":"面積減少0.0%；斑塊增加0.0%；平均斑塊縮小0.0%；道路密度0.63 km/km²；孤立比例0.0%；距大型綠地0m","2021面積_ha":43.92,"2022面積_ha":43.92,"2023面積_ha":43.92}},{"type":"Feature","geometry":{"type":"Polygon","coordinates":[[[121.65125454930822,24.504026120881196],[121.65130107918814,24.51305450970264],[121.66116876575572,24.513011604575553],[121.66112153103836,24.50398323359358],[121.65125454930822,24.504026120881196]]]},"properties":{"grid_id":"G022_034","綠地類型":"河川沿岸自然地表","中心經度":121.656211,"中心緯度":24.508519,"分析面積_km2":1.04,"2020面積_ha":25.56,"2024面積_ha":25.56,"面積減少率_pct":0.0,"2020斑塊數":2,"2024斑塊數":2,"斑塊數增加率_pct":0.0,"2020平均斑塊面積_ha":2311.38,"2024平均斑塊面積_ha":2422.89,"平均斑塊面積下降率_pct":0.0,"道路切割密度_km_per_km2":2.047,"建成區邊界切割密度_km_per_km2":0.0,"孤立小斑塊比例_pct":0.0,"距大型連續綠地平均距離_m":0.0,"score_面積減少":36.206896551724135,"score_斑塊增加":44.260435571687836,"score_平均斑塊縮小":28.153357531760438,"score_道路建成區切割":46.67649727767696,"score_孤立比例":40.58529945553539,"score_距大型綠地":38.40744101633394,"綜合破碎化分數":39.0,"破碎化等級":"低","判定原因":"面積減少0.0%；斑塊增加0.0%；平均斑塊縮小0.0%；道路密度2.05 km/km²；孤立比例0.0%；距大型綠地0m","2021面積_ha":25.56,"2022面積_ha":25.56,"2023面積_ha":25.56}},{"type":"Feature","geometry":{"type":"Polygon","coordinates":[[[121.68085542494114,24.50389552466191],[121.68090406931147,24.51292385916035],[121.69077168561098,24.512879018884345],[121.69072233642535,24.503850703029954],[121.68085542494114,24.50389552466191]]]},"properties":{"grid_id":"G022_037","綠地類型":"河川沿岸自然地表","中心經度":121.685813,"中心緯度":24.508387,"分析面積_km2":1.04,"2020面積_ha":19.71,"2024面積_ha":19.71,"面積減少率_pct":0.0,"2020斑塊數":1,"2024斑塊數":1,"斑塊數增加率_pct":0.0,"2020平均斑塊面積_ha":3955.86,"2024平均斑塊面積_ha":4238.28,"平均斑塊面積下降率_pct":0.0,"道路切割密度_km_per_km2":0.0,"建成區邊界切割密度_km_per_km2":0.0,"孤立小斑塊比例_pct":0.0,"距大型連續綠地平均距離_m":0.0,"score_面積減少":36.206896551724135,"score_斑塊增加":44.260435571687836,"score_平均斑塊縮小":28.153357531760438,"score_道路建成區切割":25.941470054446462,"score_孤立比例":40.58529945553539,"score_距大型綠地":38.40744101633394,"綜合破碎化分數":35.6,"破碎化等級":"低","判定原因":"面積減少0.0%；斑塊增加0.0%；平均斑塊縮小0.0%；道路密度0.00 km/km²；孤立比例0.0%；距大型綠地0m","2021面積_ha":19.71,"2022面積_ha":19.71,"2023面積_ha":19.71}},{"type":"Feature","geometry":{"type":"Polygon","coordinates":[[[121.69072233642535,24.503850703029954],[121.69077168561098,24.512879018884345],[121.70063927779916,24.51283353357096],[121.70058922380576,24.503805236628807],[121.69072233642535,24.503850703029954]]]},"properties":{"grid_id":"G022_038","綠地類型":"河川沿岸自然地表","中心經度":121.695681,"中心緯度":24.508342,"分析面積_km2":1.04,"2020面積_ha":56.34,"2024面積_ha":56.34,"面積減少率_pct":0.0,"2020斑塊數":1,"2024斑塊數":1,"斑塊數增加率_pct":0.0,"2020平均斑塊面積_ha":3955.86,"2024平均斑塊面積_ha":4238.28,"平均斑塊面積下降率_pct":0.0,"道路切割密度_km_per_km2":0.0,"建成區邊界切割密度_km_per_km2":0.0,"孤立小斑塊比例_pct":0.0,"距大型連續綠地平均距離_m":0.0,"score_面積減少":36.206896551724135,"score_斑塊增加":44.260435571687836,"score_平均斑塊縮小":28.153357531760438,"score_道路建成區切割":25.941470054446462,"score_孤立比例":40.58529945553539,"score_距大型綠地":38.40744101633394,"綜合破碎化分數":35.6,"破碎化等級":"低","判定原因":"面積減少0.0%；斑塊增加0.0%；平均斑塊縮小0.0%；道路密度0.00 km/km²；孤立比例0.0%；距大型綠地0m","2021面積_ha":56.34,"2022面積_ha":56.34,"2023面積_ha":56.34}},{"type":"Feature","geometry":{"type":"Polygon","coordinates":[[[121.70058922380576,24.503805236628807],[121.70063927779916,24.51283353357096],[121.71050684553164,24.51278740322646],[121.71045608673816,24.50375912546473],[121.70058922380576,24.503805236628807]]]},"properties":{"grid_id":"G022_039","綠地類型":"河川沿岸自然地表","中心經度":121.705548,"中心緯度":24.508296,"分析面積_km2":1.04,"2020面積_ha":42.12,"2024面積_ha":42.12,"面積減少率_pct":0.0,"2020斑塊數":1,"2024斑塊數":1,"斑塊數增加率_pct":0.0,"2020平均斑塊面積_ha":3955.86,"2024平均斑塊面積_ha":4238.28,"平均斑塊面積下降率_pct":0.0,"道路切割密度_km_per_km2":0.0,"建成區邊界切割密度_km_per_km2":0.0,"孤立小斑塊比例_pct":0.0,"距大型連續綠地平均距離_m":0.0,"score_面積減少":36.206896551724135,"score_斑塊增加":44.260435571687836,"score_平均斑塊縮小":28.153357531760438,"score_道路建成區切割":25.941470054446462,"score_孤立比例":40.58529945553539,"score_距大型綠地":38.40744101633394,"綜合破碎化分數":35.6,"破碎化等級":"低","判定原因":"面積減少0.0%；斑塊增加0.0%；平均斑塊縮小0.0%；道路密度0.00 km/km²；孤立比例0.0%；距大型綠地0m","2021面積_ha":42.12,"2022面積_ha":42.12,"2023面積_ha":42.12}},{"type":"Feature","geometry":{"type":"Polygon","coordinates":[[[121.71045608673816,24.50375912546473],[121.71050684553164,24.51278740322646],[121.72037438846411,24.512740627857227],[121.72032292487837,24.503712369544086],[121.71045608673816,24.50375912546473]]]},"properties":{"grid_id":"G022_040","綠地類型":"河川沿岸自然地表","中心經度":121.715415,"中心緯度":24.50825,"分析面積_km2":1.04,"2020面積_ha":43.38,"2024面積_ha":43.38,"面積減少率_pct":0.0,"2020斑塊數":1,"2024斑塊數":1,"斑塊數增加率_pct":0.0,"2020平均斑塊面積_ha":3955.86,"2024平均斑塊面積_ha":4238.28,"平均斑塊面積下降率_pct":0.0,"道路切割密度_km_per_km2":0.0,"建成區邊界切割密度_km_per_km2":0.0,"孤立小斑塊比例_pct":0.0,"距大型連續綠地平均距離_m":0.0,"score_面積減少":36.206896551724135,"score_斑塊增加":44.260435571687836,"score_平均斑塊縮小":28.153357531760438,"score_道路建成區切割":25.941470054446462,"score_孤立比例":40.58529945553539,"score_距大型綠地":38.40744101633394,"綜合破碎化分數":35.6,"破碎化等級":"低","判定原因":"面積減少0.0%；斑塊增加0.0%；平均斑塊縮小0.0%；道路密度0.00 km/km²；孤立比例0.0%；距大型綠地0m","2021面積_ha":43.38,"2022面積_ha":43.38,"2023面積_ha":43.38}},{"type":"Feature","geometry":{"type":"Polygon","coordinates":[[[121.72032292487837,24.503712369544086],[121.72037438846411,24.512740627857227],[121.73024190625226,24.512693207469695],[121.73018973788211,24.503664968873334],[121.72032292487837,24.503712369544086]]]},"properties":{"grid_id":"G022_041","綠地類型":"河川沿岸自然地表","中心經度":121.725282,"中心緯度":24.508203,"分析面積_km2":1.04,"2020面積_ha":55.89,"2024面積_ha":55.89,"面積減少率_pct":0.0,"2020斑塊數":1,"2024斑塊數":1,"斑塊數增加率_pct":0.0,"2020平均斑塊面積_ha":3955.86,"2024平均斑塊面積_ha":4238.28,"平均斑塊面積下降率_pct":0.0,"道路切割密度_km_per_km2":0.0,"建成區邊界切割密度_km_per_km2":0.0,"孤立小斑塊比例_pct":0.0,"距大型連續綠地平均距離_m":0.0,"score_面積減少":36.206896551724135,"score_斑塊增加":44.260435571687836,"score_平均斑塊縮小":28.153357531760438,"score_道路建成區切割":25.941470054446462,"score_孤立比例":40.58529945553539,"score_距大型綠地":38.40744101633394,"綜合破碎化分數":35.6,"破碎化等級":"低","判定原因":"面積減少0.0%；斑塊增加0.0%；平均斑塊縮小0.0%；道路密度0.00 km/km²；孤立比例0.0%；距大型綠地0m","2021面積_ha":55.89,"2022面積_ha":55.89,"2023面積_ha":55.89}},{"type":"Feature","geometry":{"type":"Polygon","coordinates":[[[121.73018973788211,24.503664968873334],[121.73024190625226,24.512693207469695],[121.74010939855175,24.512645142070415],[121.74005652540525,24.503616923459006],[121.73018973788211,24.503664968873334]]]},"properties":{"grid_id":"G022_042","綠地類型":"河川沿岸自然地表","中心經度":121.735149,"中心緯度":24.508155,"分析面積_km2":1.04,"2020面積_ha":9.0,"2024面積_ha":9.0,"面積減少率_pct":0.0,"2020斑塊數":1,"2024斑塊數":1,"斑塊數增加率_pct":0.0,"2020平均斑塊面積_ha":3955.86,"2024平均斑塊面積_ha":4238.28,"平均斑塊面積下降率_pct":0.0,"道路切割密度_km_per_km2":0.0,"建成區邊界切割密度_km_per_km2":0.0,"孤立小斑塊比例_pct":0.0,"距大型連續綠地平均距離_m":0.0,"score_面積減少":36.206896551724135,"score_斑塊增加":44.260435571687836,"score_平均斑塊縮小":28.153357531760438,"score_道路建成區切割":25.941470054446462,"score_孤立比例":40.58529945553539,"score_距大型綠地":38.40744101633394,"綜合破碎化分數":35.6,"破碎化等級":"低","判定原因":"面積減少0.0%；斑塊增加0.0%；平均斑塊縮小0.0%；道路密度0.00 km/km²；孤立比例0.0%；距大型綠地0m","2021面積_ha":9.0,"2022面積_ha":9.0,"2023面積_ha":9.0}},{"type":"Feature","geometry":{"type":"Polygon","coordinates":[[[121.74992328710354,24.503568233307725],[121.7499768650183,24.512596431666022],[121.75984430530761,24.51254707626324],[121.75979002263281,24.50351889842622],[121.74992328710354,24.503568233307725]]]},"properties":{"grid_id":"G022_044","綠地類型":"河川沿岸自然地表","中心經度":121.754884,"中心緯度":24.508058,"分析面積_km2":1.04,"2020面積_ha":18.99,"2024面積_ha":19.8,"面積減少率_pct":0.0,"2020斑塊數":1,"2024斑塊數":1,"斑塊數增加率_pct":0.0,"2020平均斑塊面積_ha":3955.86,"2024平均斑塊面積_ha":4238.28,"平均斑塊面積下降率_pct":0.0,"道路切割密度_km_per_km2":0.433,"建成區邊界切割密度_km_per_km2":0.0,"孤立小斑塊比例_pct":0.0,"距大型連續綠地平均距離_m":0.0,"score_面積減少":36.206896551724135,"score_斑塊增加":44.260435571687836,"score_平均斑塊縮小":28.153357531760438,"score_道路建成區切割":36.37704174228675,"score_孤立比例":40.58529945553539,"score_距大型綠地":38.40744101633394,"綜合破碎化分數":37.3,"破碎化等級":"低","判定原因":"面積減少0.0%；斑塊增加0.0%；平均斑塊縮小0.0%；道路密度0.43 km/km²；孤立比例0.0%；距大型綠地0m","2021面積_ha":19.8,"2022面積_ha":19.62,"2023面積_ha":19.26}},{"type":"Feature","geometry":{"type":"Polygon","coordinates":[[[121.75979002263281,24.50351889842622],[121.75984430530761,24.51254707626324],[121.76971171907533,24.512497075868858],[121.76965673164887,24.503468918821284],[121.75979002263281,24.50351889842622]]]},"properties":{"grid_id":"G022_045","綠地類型":"河川沿岸自然地表","中心經度":121.764751,"中心緯度":24.508008,"分析面積_km2":1.04,"2020面積_ha":34.38,"2024面積_ha":35.82,"面積減少率_pct":0.0,"2020斑塊數":1,"2024斑塊數":1,"斑塊數增加率_pct":0.0,"2020平均斑塊面積_ha":3955.86,"2024平均斑塊面積_ha":4238.28,"平均斑塊面積下降率_pct":0.0,"道路切割密度_km_per_km2":2.336,"建成區邊界切割密度_km_per_km2":0.0,"孤立小斑塊比例_pct":0.0,"距大型連續綠地平均距離_m":0.0,"score_面積減少":36.206896551724135,"score_斑塊增加":44.260435571687836,"score_平均斑塊縮小":28.153357531760438,"score_道路建成區切割":48.20780399274047,"score_孤立比例":40.58529945553539,"score_距大型綠地":38.40744101633394,"綜合破碎化分數":39.3,"破碎化等級":"低","判定原因":"面積減少0.0%；斑塊增加0.0%；平均斑塊縮小0.0%；道路密度2.34 km/km²；孤立比例0.0%；距大型綠地0m","2021面積_ha":36.45,"2022面積_ha":36.18,"2023面積_ha":36.09}},{"type":"Feature","geometry":{"type":"Polygon","coordinates":[[[121.76965673164887,24.503468918821284],[121.76971171907533,24.512497075868858],[121.77957910597722,24.512446430489792],[121.7795234138075,24.503418294499816],[121.76965673164887,24.503468918821284]]]},"properties":{"grid_id":"G022_046","綠地類型":"河川沿岸自然地表","中心經度":121.774618,"中心緯度":24.507958,"分析面積_km2":1.04,"2020面積_ha":1.53,"2024面積_ha":1.53,"面積減少率_pct":0.0,"2020斑塊數":1,"2024斑塊數":1,"斑塊數增加率_pct":0.0,"2020平均斑塊面積_ha":3955.86,"2024平均斑塊面積_ha":4238.28,"平均斑塊面積下降率_pct":0.0,"道路切割密度_km_per_km2":0.0,"建成區邊界切割密度_km_per_km2":0.0,"孤立小斑塊比例_pct":0.0,"距大型連續綠地平均距離_m":0.0,"score_面積減少":36.206896551724135,"score_斑塊增加":44.260435571687836,"score_平均斑塊縮小":28.153357531760438,"score_道路建成區切割":25.941470054446462,"score_孤立比例":40.58529945553539,"score_距大型綠地":38.40744101633394,"綜合破碎化分數":35.6,"破碎化等級":"低","判定原因":"面積減少0.0%；斑塊增加0.0%；平均斑塊縮小0.0%；道路密度0.00 km/km²；孤立比例0.0%；距大型綠地0m","2021面積_ha":1.53,"2022面積_ha":1.53,"2023面積_ha":1.53}},{"type":"Feature","geometry":{"type":"Polygon","coordinates":[[[121.7795234138075,24.503418294499816],[121.77957910597722,24.512446430489792],[121.78944646566899,24.512395140133023],[121.78939006876458,24.50336702546881],[121.7795234138075,24.503418294499816]]]},"properties":{"grid_id":"G022_047","綠地類型":"河川沿岸自然地表","中心經度":121.784485,"中心緯度":24.507907,"分析面積_km2":1.04,"2020面積_ha":7.74,"2024面積_ha":7.74,"面積減少率_pct":0.0,"2020斑塊數":1,"2024斑塊數":1,"斑塊數增加率_pct":0.0,"2020平均斑塊面積_ha":3955.86,"2024平均斑塊面積_ha":4238.28,"平均斑塊面積下降率_pct":0.0,"道路切割密度_km_per_km2":0.0,"建成區邊界切割密度_km_per_km2":0.0,"孤立小斑塊比例_pct":0.0,"距大型連續綠地平均距離_m":0.0,"score_面積減少":36.206896551724135,"score_斑塊增加":44.260435571687836,"score_平均斑塊縮小":28.153357531760438,"score_道路建成區切割":25.941470054446462,"score_孤立比例":40.58529945553539,"score_距大型綠地":38.40744101633394,"綜合破碎化分數":35.6,"破碎化等級":"低","判定原因":"面積減少0.0%；斑塊增加0.0%；平均斑塊縮小0.0%；道路密度0.00 km/km²；孤立比例0.0%；距大型綠地0m","2021面積_ha":7.74,"2022面積_ha":7.74,"2023面積_ha":7.74}},{"type":"Feature","geometry":{"type":"Polygon","coordinates":[[[121.39473425611251,24.51394361089419],[121.39476247180825,24.522972358566832],[121.40463134286595,24.522946215837813],[121.40460242183782,24.513917479032163],[121.39473425611251,24.51394361089419]]]},"properties":{"grid_id":"G023_008","綠地類型":"河川沿岸自然地表","中心經度":121.399683,"中心緯度":24.518445,"分析面積_km2":1.04,"2020面積_ha":1.35,"2024面積_ha":1.35,"面積減少率_pct":0.0,"2020斑塊數":1,"2024斑塊數":1,"斑塊數增加率_pct":0.0,"2020平均斑塊面積_ha":270.45,"2024平均斑塊面積_ha":271.44,"平均斑塊面積下降率_pct":0.0,"道路切割密度_km_per_km2":1.99,"建成區邊界切割密度_km_per_km2":0.0,"孤立小斑塊比例_pct":0.0,"距大型連續綠地平均距離_m":0.0,"score_面積減少":36.206896551724135,"score_斑塊增加":44.260435571687836,"score_平均斑塊縮小":28.153357531760438,"score_道路建成區切割":46.290834845735034,"score_孤立比例":40.58529945553539,"score_距大型綠地":38.40744101633394,"綜合破碎化分數":39.0,"破碎化等級":"低","判定原因":"面積減少0.0%；斑塊增加0.0%；平均斑塊縮小0.0%；道路密度1.99 km/km²；孤立比例0.0%；距大型綠地0m","2021面積_ha":1.35,"2022面積_ha":1.35,"2023面積_ha":1.35}},{"type":"Feature","geometry":{"type":"Polygon","coordinates":[[[121.40460242183782,24.513917479032163],[121.40463134286595,24.522946215837813],[121.41450019979533,24.52291942765983],[121.41447057343917,24.51389070198947],[121.40460242183782,24.513917479032163]]]},"properties":{"grid_id":"G023_009","綠地類型":"河川沿岸自然地表","中心經度":121.409551,"中心緯度":24.518419,"分析面積_km2":1.04,"2020面積_ha":29.88,"2024面積_ha":29.88,"面積減少率_pct":0.0,"2020斑塊數":1,"2024斑塊數":1,"斑塊數增加率_pct":0.0,"2020平均斑塊面積_ha":270.45,"2024平均斑塊面積_ha":271.44,"平均斑塊面積下降率_pct":0.0,"道路切割密度_km_per_km2":0.0,"建成區邊界切割密度_km_per_km2":0.0,"孤立小斑塊比例_pct":0.0,"距大型連續綠地平均距離_m":0.0,"score_面積減少":36.206896551724135,"score_斑塊增加":44.260435571687836,"score_平均斑塊縮小":28.153357531760438,"score_道路建成區切割":25.941470054446462,"score_孤立比例":40.58529945553539,"score_距大型綠地":38.40744101633394,"綜合破碎化分數":35.6,"破碎化等級":"低","判定原因":"面積減少0.0%；斑塊增加0.0%；平均斑塊縮小0.0%；道路密度0.00 km/km²；孤立比例0.0%；距大型綠地0m","2021面積_ha":29.88,"2022面積_ha":29.88,"2023面積_ha":29.88}},{"type":"Feature","geometry":{"type":"Polygon","coordinates":[[[121.41447057343917,24.51389070198947],[121.41450019979533,24.52291942765983],[121.42436904225178,24.52289199403658],[121.42433871057219,24.51386327976981],[121.41447057343917,24.51389070198947]]]},"properties":{"grid_id":"G023_010","綠地類型":"河川沿岸自然地表","中心經度":121.41942,"中心緯度":24.518391,"分析面積_km2":1.04,"2020面積_ha":16.38,"2024面積_ha":16.38,"面積減少率_pct":0.0,"2020斑塊數":2,"2024斑塊數":2,"斑塊數增加率_pct":0.0,"2020平均斑塊面積_ha":238.41,"2024平均斑塊面積_ha":341.1,"平均斑塊面積下降率_pct":0.0,"道路切割密度_km_per_km2":0.0,"建成區邊界切割密度_km_per_km2":0.0,"孤立小斑塊比例_pct":0.0,"距大型連續綠地平均距離_m":0.0,"score_面積減少":36.206896551724135,"score_斑塊增加":44.260435571687836,"score_平均斑塊縮小":28.153357531760438,"score_道路建成區切割":25.941470054446462,"score_孤立比例":40.58529945553539,"score_距大型綠地":38.40744101633394,"綜合破碎化分數":35.6,"破碎化等級":"低","判定原因":"面積減少0.0%；斑塊增加0.0%；平均斑塊縮小0.0%；道路密度0.00 km/km²；孤立比例0.0%；距大型綠地0m","2021面積_ha":16.38,"2022面積_ha":16.38,"2023面積_ha":16.38}},{"type":"Feature","geometry":{"type":"Polygon","coordinates":[[[121.42433871057219,24.51386327976981],[121.42436904225178,24.52289199403658],[121.43423786989075,24.522863914971857],[121.43420683289239,24.513835212376964],[121.42433871057219,24.51386327976981]]]},"properties":{"grid_id":"G023_011","綠地類型":"河川沿岸自然地表","中心經度":121.429288,"中心緯度":24.518364,"分析面積_km2":1.04,"2020面積_ha":28.08,"2024面積_ha":28.17,"面積減少率_pct":0.0,"2020斑塊數":1,"2024斑塊數":1,"斑塊數增加率_pct":0.0,"2020平均斑塊面積_ha":206.37,"2024平均斑塊面積_ha":410.76,"平均斑塊面積下降率_pct":0.0,"道路切割密度_km_per_km2":0.0,"建成區邊界切割密度_km_per_km2":0.0,"孤立小斑塊比例_pct":0.0,"距大型連續綠地平均距離_m":0.0,"score_面積減少":36.206896551724135,"score_斑塊增加":44.260435571687836,"score_平均斑塊縮小":28.153357531760438,"score_道路建成區切割":25.941470054446462,"score_孤立比例":40.58529945553539,"score_距大型綠地":38.40744101633394,"綜合破碎化分數":35.6,"破碎化等級":"低","判定原因":"面積減少0.0%；斑塊增加0.0%；平均斑塊縮小0.0%；道路密度0.00 km/km²；孤立比例0.0%；距大型綠地0m","2021面積_ha":28.08,"2022面積_ha":28.17,"2023面積_ha":28.17}},{"type":"Feature","geometry":{"type":"Polygon","coordinates":[[[121.45394303171662,24.513777142087292],[121.45397547933814,24.522805820533566],[121.46384426045744,24.522775805168017],[121.46381110753177,24.513747139198486],[121.45394303171662,24.513777142087292]]]},"properties":{"grid_id":"G023_014","綠地類型":"河川沿岸自然地表","中心經度":121.458893,"中心緯度":24.518277,"分析面積_km2":1.04,"2020面積_ha":33.57,"2024面積_ha":33.57,"面積減少率_pct":0.0,"2020斑塊數":3,"2024斑塊數":3,"斑塊數增加率_pct":0.0,"2020平均斑塊面積_ha":104.79,"2024平均斑塊面積_ha":177.12,"平均斑塊面積下降率_pct":0.0,"道路切割密度_km_per_km2":0.231,"建成區邊界切割密度_km_per_km2":0.0,"孤立小斑塊比例_pct":0.0,"距大型連續綠地平均距離_m":0.0,"score_面積減少":36.206896551724135,"score_斑塊增加":44.260435571687836,"score_平均斑塊縮小":28.153357531760438,"score_道路建成區切割":35.186025408348456,"score_孤立比例":40.58529945553539,"score_距大型綠地":38.40744101633394,"綜合破碎化分數":37.1,"破碎化等級":"低","判定原因":"面積減少0.0%；斑塊增加0.0%；平均斑塊縮小0.0%；道路密度0.23 km/km²；孤立比例0.0%；距大型綠地0m","2021面積_ha":33.57,"2022面積_ha":33.57,"2023面積_ha":33.57}},{"type":"Feature","geometry":{"type":"Polygon","coordinates":[[[121.47367916715636,24.51371649115252],[121.47371302538113,24.52274514437702],[121.48358177376461,24.52271383816481],[121.48354721024599,24.513685197953606],[121.47367916715636,24.51371649115252]]]},"properties":{"grid_id":"G023_016","綠地類型":"河川沿岸自然地表","中心經度":121.47863,"中心緯度":24.518215,"分析面積_km2":1.04,"2020面積_ha":28.89,"2024面積_ha":28.89,"面積減少率_pct":0.0,"2020斑塊數":2,"2024斑塊數":2,"斑塊數增加率_pct":0.0,"2020平均斑塊面積_ha":1398.195,"2024平均斑塊面積_ha":1796.04,"平均斑塊面積下降率_pct":0.0,"道路切割密度_km_per_km2":1.326,"建成區邊界切割密度_km_per_km2":0.0,"孤立小斑塊比例_pct":0.0,"距大型連續綠地平均距離_m":0.0,"score_面積減少":36.206896551724135,"score_斑塊增加":44.260435571687836,"score_平均斑塊縮小":28.153357531760438,"score_道路建成區切割":41.03901996370236,"score_孤立比例":40.58529945553539,"score_距大型綠地":38.40744101633394,"綜合破碎化分數":38.1,"破碎化等級":"低","判定原因":"面積減少0.0%；斑塊增加0.0%；平均斑塊縮小0.0%；道路密度1.33 km/km²；孤立比例0.0%；距大型綠地0m","2021面積_ha":28.89,"2022面積_ha":28.89,"2023面積_ha":28.89}},{"type":"Feature","geometry":{"type":"Polygon","coordinates":[[[121.52301921036644,24.51355357371638],[121.52305659500635,24.52258215919159],[121.53292525552115,24.522547625939904],[121.53288716561495,24.513519054819366],[121.52301921036644,24.51355357371638]]]},"properties":{"grid_id":"G023_021","綠地類型":"河川沿岸自然地表","中心經度":121.527972,"中心緯度":24.518051,"分析面積_km2":1.04,"2020面積_ha":33.03,"2024面積_ha":33.03,"面積減少率_pct":0.0,"2020斑塊數":1,"2024斑塊數":1,"斑塊數增加率_pct":0.0,"2020平均斑塊面積_ha":2919.15,"2024平均斑塊面積_ha":3064.86,"平均斑塊面積下降率_pct":0.0,"道路切割密度_km_per_km2":0.231,"建成區邊界切割密度_km_per_km2":0.0,"孤立小斑塊比例_pct":0.0,"距大型連續綠地平均距離_m":0.0,"score_面積減少":36.206896551724135,"score_斑塊增加":44.260435571687836,"score_平均斑塊縮小":28.153357531760438,"score_道路建成區切割":35.186025408348456,"score_孤立比例":40.58529945553539,"score_距大型綠地":38.40744101633394,"綜合破碎化分數":37.1,"破碎化等級":"低","判定原因":"面積減少0.0%；斑塊增加0.0%；平均斑塊縮小0.0%；道路密度0.23 km/km²；孤立比例0.0%；距大型綠地0m","2021面積_ha":33.03,"2022面積_ha":33.03,"2023面積_ha":33.03}},{"type":"Feature","geometry":{"type":"Polygon","coordinates":[[[121.53288716561495,24.513519054819366],[121.53292525552115,24.522547625939904],[121.5427938974286,24.522512447294254],[121.542755102262,24.51348389079666],[121.53288716561495,24.513519054819366]]]},"properties":{"grid_id":"G023_022","綠地類型":"河川沿岸自然地表","中心經度":121.53784,"中心緯度":24.518016,"分析面積_km2":1.04,"2020面積_ha":59.4,"2024面積_ha":59.4,"面積減少率_pct":0.0,"2020斑塊數":1,"2024斑塊數":1,"斑塊數增加率_pct":0.0,"2020平均斑塊面積_ha":2919.15,"2024平均斑塊面積_ha":3064.86,"平均斑塊面積下降率_pct":0.0,"道路切割密度_km_per_km2":0.0,"建成區邊界切割密度_km_per_km2":0.0,"孤立小斑塊比例_pct":0.0,"距大型連續綠地平均距離_m":0.0,"score_面積減少":36.206896551724135,"score_斑塊增加":44.260435571687836,"score_平均斑塊縮小":28.153357531760438,"score_道路建成區切割":25.941470054446462,"score_孤立比例":40.58529945553539,"score_距大型綠地":38.40744101633394,"綜合破碎化分數":35.6,"破碎化等級":"低","判定原因":"面積減少0.0%；斑塊增加0.0%；平均斑塊縮小0.0%；道路密度0.00 km/km²；孤立比例0.0%；距大型綠地0m","2021面積_ha":59.4,"2022面積_ha":59.4,"2023面積_ha":59.4}},{"type":"Feature","geometry":{"type":"Polygon","coordinates":[[[121.55262301996324,24.513448081653124],[121.55266252038423,24.5224766232595],[121.56253112404357,24.522440153840588],[121.5624909183742,24.513411627393687],[121.55262301996324,24.513448081653124]]]},"properties":{"grid_id":"G023_024","綠地類型":"河川沿岸自然地表","中心經度":121.557577,"中心緯度":24.517944,"分析面積_km2":1.04,"2020面積_ha":36.0,"2024面積_ha":36.0,"面積減少率_pct":0.0,"2020斑塊數":2,"2024斑塊數":2,"斑塊數增加率_pct":0.0,"2020平均斑塊面積_ha":1543.95,"2024平均斑塊面積_ha":1613.295,"平均斑塊面積下降率_pct":0.0,"道路切割密度_km_per_km2":0.0,"建成區邊界切割密度_km_per_km2":0.0,"孤立小斑塊比例_pct":0.0,"距大型連續綠地平均距離_m":0.0,"score_面積減少":36.206896551724135,"score_斑塊增加":44.260435571687836,"score_平均斑塊縮小":28.153357531760438,"score_道路建成區切割":25.941470054446462,"score_孤立比例":40.58529945553539,"score_距大型綠地":38.40744101633394,"綜合破碎化分數":35.6,"破碎化等級":"低","判定原因":"面積減少0.0%；斑塊增加0.0%；平均斑塊縮小0.0%；道路密度0.00 km/km²；孤立比例0.0%；距大型綠地0m","2021面積_ha":36.0,"2022面積_ha":36.0,"2023面積_ha":36.0}},{"type":"Feature","geometry":{"type":"Polygon","coordinates":[[[121.5624909183742,24.513411627393687],[121.56253112404357,24.522440153840588],[121.5723997080621,24.52240303904255],[121.57235879715049,24.51337452802338],[121.5624909183742,24.513411627393687]]]},"properties":{"grid_id":"G023_025","綠地類型":"河川沿岸自然地表","中心經度":121.567445,"中心緯度":24.517907,"分析面積_km2":1.04,"2020面積_ha":13.95,"2024面積_ha":13.95,"面積減少率_pct":0.0,"2020斑塊數":1,"2024斑塊數":1,"斑塊數增加率_pct":0.0,"2020平均斑塊面積_ha":2919.15,"2024平均斑塊面積_ha":3064.86,"平均斑塊面積下降率_pct":0.0,"道路切割密度_km_per_km2":0.75,"建成區邊界切割密度_km_per_km2":0.0,"孤立小斑塊比例_pct":0.0,"距大型連續綠地平均距離_m":0.0,"score_面積減少":36.206896551724135,"score_斑塊增加":44.260435571687836,"score_平均斑塊縮小":28.153357531760438,"score_道路建成區切割":38.169237749546284,"score_孤立比例":40.58529945553539,"score_距大型綠地":38.40744101633394,"綜合破碎化分數":37.6,"破碎化等級":"低","判定原因":"面積減少0.0%；斑塊增加0.0%；平均斑塊縮小0.0%；道路密度0.75 km/km²；孤立比例0.0%；距大型綠地0m","2021面積_ha":13.95,"2022面積_ha":13.95,"2023面積_ha":13.95}},{"type":"Feature","geometry":{"type":"Polygon","coordinates":[[[121.59209449442166,24.513298393970732],[121.59213681579868,24.52232687332966],[121.60200533882778,24.52228782242533],[121.60196231222774,24.51325935929889],[121.59209449442166,24.513298393970732]]]},"properties":{"grid_id":"G023_028","綠地類型":"河川沿岸自然地表","中心經度":121.59705,"中心緯度":24.517793,"分析面積_km2":1.04,"2020面積_ha":58.23,"2024面積_ha":58.23,"面積減少率_pct":0.0,"2020斑塊數":3,"2024斑塊數":3,"斑塊數增加率_pct":0.0,"2020平均斑塊面積_ha":1177.71,"2024平均斑塊面積_ha":1373.31,"平均斑塊面積下降率_pct":0.0,"道路切割密度_km_per_km2":0.49,"建成區邊界切割密度_km_per_km2":0.0,"孤立小斑塊比例_pct":0.0,"距大型連續綠地平均距離_m":0.0,"score_面積減少":36.206896551724135,"score_斑塊增加":44.260435571687836,"score_平均斑塊縮小":28.153357531760438,"score_道路建成區切割":36.649274047186935,"score_孤立比例":40.58529945553539,"score_距大型綠地":38.40744101633394,"綜合破碎化分數":37.4,"破碎化等級":"低","判定原因":"面積減少0.0%；斑塊增加0.0%；平均斑塊縮小0.0%；道路密度0.49 km/km²；孤立比例0.0%；距大型綠地0m","2021面積_ha":58.23,"2022面積_ha":58.23,"2023面積_ha":58.23}},{"type":"Feature","geometry":{"type":"Polygon","coordinates":[[[121.60196231222774,24.51325935929889],[121.60200533882778,24.52228782242533],[121.61187384083811,24.52224812616288],[121.61183010902162,24.51321967953719],[121.60196231222774,24.51325935929889]]]},"properties":{"grid_id":"G023_029","綠地類型":"河川沿岸自然地表","中心經度":121.606918,"中心緯度":24.517754,"分析面積_km2":1.04,"2020面積_ha":25.38,"2024面積_ha":25.47,"面積減少率_pct":0.0,"2020斑塊數":3,"2024斑塊數":3,"斑塊數增加率_pct":0.0,"2020平均斑塊面積_ha":278.97,"2024平均斑塊面積_ha":461.55,"平均斑塊面積下降率_pct":0.0,"道路切割密度_km_per_km2":1.326,"建成區邊界切割密度_km_per_km2":0.0,"孤立小斑塊比例_pct":0.0,"距大型連續綠地平均距離_m":0.0,"score_面積減少":36.206896551724135,"score_斑塊增加":44.260435571687836,"score_平均斑塊縮小":28.153357531760438,"score_道路建成區切割":41.03901996370236,"score_孤立比例":40.58529945553539,"score_距大型綠地":38.40744101633394,"綜合破碎化分數":38.1,"破碎化等級":"低","判定原因":"面積減少0.0%；斑塊增加0.0%；平均斑塊縮小0.0%；道路密度1.33 km/km²；孤立比例0.0%；距大型綠地0m","2021面積_ha":24.57,"2022面積_ha":24.66,"2023面積_ha":24.48}},{"type":"Feature","geometry":{"type":"Polygon","coordinates":[[[121.61183010902162,24.51321967953719],[121.61187384083811,24.52224812616288],[121.62174232148519,24.522207784547806],[121.62169788445898,24.51317935469111],[121.61183010902162,24.51321967953719]]]},"properties":{"grid_id":"G023_030","綠地類型":"河川沿岸自然地表","中心經度":121.616786,"中心緯度":24.517714,"分析面積_km2":1.04,"2020面積_ha":40.95,"2024面積_ha":40.95,"面積減少率_pct":0.0,"2020斑塊數":2,"2024斑塊數":2,"斑塊數增加率_pct":0.0,"2020平均斑塊面積_ha":260.46,"2024平均斑塊面積_ha":659.79,"平均斑塊面積下降率_pct":0.0,"道路切割密度_km_per_km2":0.836,"建成區邊界切割密度_km_per_km2":0.0,"孤立小斑塊比例_pct":0.0,"距大型連續綠地平均距離_m":0.0,"score_面積減少":36.206896551724135,"score_斑塊增加":44.260435571687836,"score_平均斑塊縮小":28.153357531760438,"score_道路建成區切割":38.77041742286751,"score_孤立比例":40.58529945553539,"score_距大型綠地":38.40744101633394,"綜合破碎化分數":37.7,"破碎化等級":"低","判定原因":"面積減少0.0%；斑塊增加0.0%；平均斑塊縮小0.0%；道路密度0.84 km/km²；孤立比例0.0%；距大型綠地0m","2021面積_ha":40.5,"2022面積_ha":39.51,"2023面積_ha":40.95}},{"type":"Feature","geometry":{"type":"Polygon","coordinates":[[[121.62169788445898,24.51317935469111],[121.62174232148519,24.522207784547806],[121.63161078042451,24.522166797585662],[121.63156563819544,24.51313838476621],[121.62169788445898,24.51317935469111]]]},"properties":{"grid_id":"G023_031","綠地類型":"河川沿岸自然地表","中心經度":121.626654,"中心緯度":24.517673,"分析面積_km2":1.04,"2020面積_ha":39.33,"2024面積_ha":39.96,"面積減少率_pct":0.0,"2020斑塊數":1,"2024斑塊數":1,"斑塊數增加率_pct":0.0,"2020平均斑塊面積_ha":504.63,"2024平均斑塊面積_ha":1303.2,"平均斑塊面積下降率_pct":0.0,"道路切割密度_km_per_km2":0.0,"建成區邊界切割密度_km_per_km2":0.0,"孤立小斑塊比例_pct":0.0,"距大型連續綠地平均距離_m":0.0,"score_面積減少":36.206896551724135,"score_斑塊增加":44.260435571687836,"score_平均斑塊縮小":28.153357531760438,"score_道路建成區切割":25.941470054446462,"score_孤立比例":40.58529945553539,"score_距大型綠地":38.40744101633394,"綜合破碎化分數":35.6,"破碎化等級":"低","判定原因":"面積減少0.0%；斑塊增加0.0%；平均斑塊縮小0.0%；道路密度0.00 km/km²；孤立比例0.0%；距大型綠地0m","2021面積_ha":40.05,"2022面積_ha":39.87,"2023面積_ha":40.05}},{"type":"Feature","geometry":{"type":"Polygon","coordinates":[[[121.63156563819544,24.51313838476621],[121.63161078042451,24.522166797585662],[121.64147921731164,24.522125165282116],[121.64143336988661,24.513096769768136],[121.63156563819544,24.51313838476621]]]},"properties":{"grid_id":"G023_032","綠地類型":"河川沿岸自然地表","中心經度":121.636522,"中心緯度":24.517632,"分析面積_km2":1.04,"2020面積_ha":43.29,"2024面積_ha":43.65,"面積減少率_pct":0.0,"2020斑塊數":1,"2024斑塊數":1,"斑塊數增加率_pct":0.0,"2020平均斑塊面積_ha":504.63,"2024平均斑塊面積_ha":1303.2,"平均斑塊面積下降率_pct":0.0,"道路切割密度_km_per_km2":1.759,"建成區邊界切割密度_km_per_km2":0.0,"孤立小斑塊比例_pct":0.0,"距大型連續綠地平均距離_m":0.0,"score_面積減少":36.206896551724135,"score_斑塊增加":44.260435571687836,"score_平均斑塊縮小":28.153357531760438,"score_道路建成區切割":44.8502722323049,"score_孤立比例":40.58529945553539,"score_距大型綠地":38.40744101633394,"綜合破碎化分數":38.7,"破碎化等級":"低","判定原因":"面積減少0.0%；斑塊增加0.0%；平均斑塊縮小0.0%；道路密度1.76 km/km²；孤立比例0.0%；距大型綠地0m","2021面積_ha":45.54,"2022面積_ha":45.45,"2023面積_ha":45.09}},{"type":"Feature","geometry":{"type":"Polygon","coordinates":[[[121.64143336988661,24.513096769768136],[121.64147921731164,24.522125165282116],[121.65134763180207,24.522082887642906],[121.65130107918814,24.51305450970264],[121.64143336988661,24.513096769768136]]]},"properties":{"grid_id":"G023_033","綠地類型":"河川沿岸自然地表","中心經度":121.64639,"中心緯度":24.51759,"分析面積_km2":1.04,"2020面積_ha":57.6,"2024面積_ha":57.69,"面積減少率_pct":0.0,"2020斑塊數":1,"2024斑塊數":1,"斑塊數增加率_pct":0.0,"2020平均斑塊面積_ha":504.63,"2024平均斑塊面積_ha":1303.2,"平均斑塊面積下降率_pct":0.0,"道路切割密度_km_per_km2":0.0,"建成區邊界切割密度_km_per_km2":0.0,"孤立小斑塊比例_pct":0.0,"距大型連續綠地平均距離_m":0.0,"score_面積減少":36.206896551724135,"score_斑塊增加":44.260435571687836,"score_平均斑塊縮小":28.153357531760438,"score_道路建成區切割":25.941470054446462,"score_孤立比例":40.58529945553539,"score_距大型綠地":38.40744101633394,"綜合破碎化分數":35.6,"破碎化等級":"低","判定原因":"面積減少0.0%；斑塊增加0.0%；平均斑塊縮小0.0%；道路密度0.00 km/km²；孤立比例0.0%；距大型綠地0m","2021面積_ha":58.14,"2022面積_ha":58.05,"2023面積_ha":58.05}},{"type":"Feature","geometry":{"type":"Polygon","coordinates":[[[121.65130107918814,24.51305450970264],[121.65134763180207,24.522082887642906],[121.66121602355139,24.522039964673866],[121.66116876575572,24.513011604575553],[121.65130107918814,24.51305450970264]]]},"properties":{"grid_id":"G023_034","綠地類型":"河川沿岸自然地表","中心經度":121.656258,"中心緯度":24.517547,"分析面積_km2":1.04,"2020面積_ha":32.76,"2024面積_ha":32.76,"面積減少率_pct":0.0,"2020斑塊數":2,"2024斑塊數":2,"斑塊數增加率_pct":0.0,"2020平均斑塊面積_ha":2230.245,"2024平均斑塊面積_ha":2770.74,"平均斑塊面積下降率_pct":0.0,"道路切割密度_km_per_km2":0.0,"建成區邊界切割密度_km_per_km2":0.0,"孤立小斑塊比例_pct":0.0,"距大型連續綠地平均距離_m":0.0,"score_面積減少":36.206896551724135,"score_斑塊增加":44.260435571687836,"score_平均斑塊縮小":28.153357531760438,"score_道路建成區切割":25.941470054446462,"score_孤立比例":40.58529945553539,"score_距大型綠地":38.40744101633394,"綜合破碎化分數":35.6,"破碎化等級":"低","判定原因":"面積減少0.0%；斑塊增加0.0%；平均斑塊縮小0.0%；道路密度0.00 km/km²；孤立比例0.0%；距大型綠地0m","2021面積_ha":32.76,"2022面積_ha":32.76,"2023面積_ha":32.76}},{"type":"Feature","geometry":{"type":"Polygon","coordinates":[[[121.66116876575572,24.513011604575553],[121.66121602355139,24.522039964673866],[121.6710843922151,24.52199639638091],[121.67103642924492,24.512968054392783],[121.66116876575572,24.513011604575553]]]},"properties":{"grid_id":"G023_035","綠地類型":"河川沿岸自然地表","中心經度":121.666126,"中心緯度":24.517504,"分析面積_km2":1.04,"2020面積_ha":71.91,"2024面積_ha":72.0,"面積減少率_pct":0.0,"2020斑塊數":1,"2024斑塊數":1,"斑塊數增加率_pct":0.0,"2020平均斑塊面積_ha":3955.86,"2024平均斑塊面積_ha":4238.28,"平均斑塊面積下降率_pct":0.0,"道路切割密度_km_per_km2":0.0,"建成區邊界切割密度_km_per_km2":0.0,"孤立小斑塊比例_pct":0.0,"距大型連續綠地平均距離_m":0.0,"score_面積減少":36.206896551724135,"score_斑塊增加":44.260435571687836,"score_平均斑塊縮小":28.153357531760438,"score_道路建成區切割":25.941470054446462,"score_孤立比例":40.58529945553539,"score_距大型綠地":38.40744101633394,"綜合破碎化分數":35.6,"破碎化等級":"低","判定原因":"面積減少0.0%；斑塊增加0.0%；平均斑塊縮小0.0%；道路密度0.00 km/km²；孤立比例0.0%；距大型綠地0m","2021面積_ha":71.82,"2022面積_ha":71.91,"2023面積_ha":72.0}},{"type":"Feature","geometry":{"type":"Polygon","coordinates":[[[121.67103642924492,24.512968054392783],[121.6710843922151,24.52199639638091],[121.68095273744879,24.521952182770065],[121.68090406931147,24.51292385916035],[121.67103642924492,24.512968054392783]]]},"properties":{"grid_id":"G023_036","綠地類型":"河川沿岸自然地表","中心經度":121.675994,"中心緯度":24.51746,"分析面積_km2":1.04,"2020面積_ha":25.74,"2024面積_ha":25.74,"面積減少率_pct":0.0,"2020斑塊數":1,"2024斑塊數":1,"斑塊數增加率_pct":0.0,"2020平均斑塊面積_ha":3955.86,"2024平均斑塊面積_ha":4238.28,"平均斑塊面積下降率_pct":0.0,"道路切割密度_km_per_km2":0.0,"建成區邊界切割密度_km_per_km2":0.0,"孤立小斑塊比例_pct":0.0,"距大型連續綠地平均距離_m":0.0,"score_面積減少":36.206896551724135,"score_斑塊增加":44.260435571687836,"score_平均斑塊縮小":28.153357531760438,"score_道路建成區切割":25.941470054446462,"score_孤立比例":40.58529945553539,"score_距大型綠地":38.40744101633394,"綜合破碎化分數":35.6,"破碎化等級":"低","判定原因":"面積減少0.0%；斑塊增加0.0%；平均斑塊縮小0.0%；道路密度0.00 km/km²；孤立比例0.0%；距大型綠地0m","2021面積_ha":25.74,"2022面積_ha":25.74,"2023面積_ha":25.74}},{"type":"Feature","geometry":{"type":"Polygon","coordinates":[[[121.68090406931147,24.51292385916035],[121.68095273744879,24.521952182770065],[121.690821058908,24.521907323847426],[121.69077168561098,24.512879018884345],[121.68090406931147,24.51292385916035]]]},"properties":{"grid_id":"G023_037","綠地類型":"河川沿岸自然地表","中心經度":121.685862,"中心緯度":24.517416,"分析面積_km2":1.04,"2020面積_ha":36.0,"2024面積_ha":36.27,"面積減少率_pct":0.0,"2020斑塊數":1,"2024斑塊數":1,"斑塊數增加率_pct":0.0,"2020平均斑塊面積_ha":3955.86,"2024平均斑塊面積_ha":4238.28,"平均斑塊面積下降率_pct":0.0,"道路切割密度_km_per_km2":0.0,"建成區邊界切割密度_km_per_km2":0.0,"孤立小斑塊比例_pct":0.0,"距大型連續綠地平均距離_m":0.0,"score_面積減少":36.206896551724135,"score_斑塊增加":44.260435571687836,"score_平均斑塊縮小":28.153357531760438,"score_道路建成區切割":25.941470054446462,"score_孤立比例":40.58529945553539,"score_距大型綠地":38.40744101633394,"綜合破碎化分數":35.6,"破碎化等級":"低","判定原因":"面積減少0.0%；斑塊增加0.0%；平均斑塊縮小0.0%；道路密度0.00 km/km²；孤立比例0.0%；距大型綠地0m","2021面積_ha":36.54,"2022面積_ha":35.73,"2023面積_ha":36.99}},{"type":"Feature","geometry":{"type":"Polygon","coordinates":[[[121.69077168561098,24.512879018884345],[121.690821058908,24.521907323847426],[121.70068935624825,24.521861819619176],[121.70063927779916,24.51283353357096],[121.69077168561098,24.512879018884345]]]},"properties":{"grid_id":"G023_038","綠地類型":"河川沿岸自然地表","中心經度":121.69573,"中心緯度":24.517371,"分析面積_km2":1.04,"2020面積_ha":27.9,"2024面積_ha":27.9,"面積減少率_pct":0.0,"2020斑塊數":1,"2024斑塊數":1,"斑塊數增加率_pct":0.0,"2020平均斑塊面積_ha":3955.86,"2024平均斑塊面積_ha":4238.28,"平均斑塊面積下降率_pct":0.0,"道路切割密度_km_per_km2":0.0,"建成區邊界切割密度_km_per_km2":0.0,"孤立小斑塊比例_pct":0.0,"距大型連續綠地平均距離_m":0.0,"score_面積減少":36.206896551724135,"score_斑塊增加":44.260435571687836,"score_平均斑塊縮小":28.153357531760438,"score_道路建成區切割":25.941470054446462,"score_孤立比例":40.58529945553539,"score_距大型綠地":38.40744101633394,"綜合破碎化分數":35.6,"破碎化等級":"低","判定原因":"面積減少0.0%；斑塊增加0.0%；平均斑塊縮小0.0%；道路密度0.00 km/km²；孤立比例0.0%；距大型綠地0m","2021面積_ha":27.9,"2022面積_ha":27.9,"2023面積_ha":27.9}},{"type":"Feature","geometry":{"type":"Polygon","coordinates":[[[121.70063927779916,24.51283353357096],[121.70068935624825,24.521861819619176],[121.71055762912512,24.521815670091602],[121.71050684553164,24.51278740322646],[121.70063927779916,24.51283353357096]]]},"properties":{"grid_id":"G023_039","綠地類型":"河川沿岸自然地表","中心經度":121.705598,"中心緯度":24.517325,"分析面積_km2":1.04,"2020面積_ha":61.56,"2024面積_ha":61.56,"面積減少率_pct":0.0,"2020斑塊數":1,"2024斑塊數":1,"斑塊數增加率_pct":0.0,"2020平均斑塊面積_ha":3955.86,"2024平均斑塊面積_ha":4238.28,"平均斑塊面積下降率_pct":0.0,"道路切割密度_km_per_km2":0.0,"建成區邊界切割密度_km_per_km2":0.0,"孤立小斑塊比例_pct":0.0,"距大型連續綠地平均距離_m":0.0,"score_面積減少":36.206896551724135,"score_斑塊增加":44.260435571687836,"score_平均斑塊縮小":28.153357531760438,"score_道路建成區切割":25.941470054446462,"score_孤立比例":40.58529945553539,"score_距大型綠地":38.40744101633394,"綜合破碎化分數":35.6,"破碎化等級":"低","判定原因":"面積減少0.0%；斑塊增加0.0%；平均斑塊縮小0.0%；道路密度0.00 km/km²；孤立比例0.0%；距大型綠地0m","2021面積_ha":61.56,"2022面積_ha":61.56,"2023面積_ha":61.56}},{"type":"Feature","geometry":{"type":"Polygon","coordinates":[[[121.71050684553164,24.51278740322646],[121.71055762912512,24.521815670091602],[121.72042587719419,24.52176887527106],[121.72037438846411,24.512740627857227],[121.71050684553164,24.51278740322646]]]},"properties":{"grid_id":"G023_040","綠地類型":"河川沿岸自然地表","中心經度":121.715466,"中心緯度":24.517278,"分析面積_km2":1.04,"2020面積_ha":55.53,"2024面積_ha":55.53,"面積減少率_pct":0.0,"2020斑塊數":1,"2024斑塊數":1,"斑塊數增加率_pct":0.0,"2020平均斑塊面積_ha":3955.86,"2024平均斑塊面積_ha":4238.28,"平均斑塊面積下降率_pct":0.0,"道路切割密度_km_per_km2":0.0,"建成區邊界切割密度_km_per_km2":0.0,"孤立小斑塊比例_pct":0.0,"距大型連續綠地平均距離_m":0.0,"score_面積減少":36.206896551724135,"score_斑塊增加":44.260435571687836,"score_平均斑塊縮小":28.153357531760438,"score_道路建成區切割":25.941470054446462,"score_孤立比例":40.58529945553539,"score_距大型綠地":38.40744101633394,"綜合破碎化分數":35.6,"破碎化等級":"低","判定原因":"面積減少0.0%；斑塊增加0.0%；平均斑塊縮小0.0%；道路密度0.00 km/km²；孤立比例0.0%；距大型綠地0m","2021面積_ha":55.53,"2022面積_ha":55.53,"2023面積_ha":55.53}},{"type":"Feature","geometry":{"type":"Polygon","coordinates":[[[121.72037438846411,24.512740627857227],[121.72042587719419,24.52176887527106],[121.73029410011101,24.52172143516402],[121.73024190625226,24.512693207469695],[121.72037438846411,24.512740627857227]]]},"properties":{"grid_id":"G023_041","綠地類型":"河川沿岸自然地表","中心經度":121.725334,"中心緯度":24.517231,"分析面積_km2":1.04,"2020面積_ha":59.58,"2024面積_ha":59.58,"面積減少率_pct":0.0,"2020斑塊數":1,"2024斑塊數":1,"斑塊數增加率_pct":0.0,"2020平均斑塊面積_ha":3955.86,"2024平均斑塊面積_ha":4238.28,"平均斑塊面積下降率_pct":0.0,"道路切割密度_km_per_km2":0.0,"建成區邊界切割密度_km_per_km2":0.0,"孤立小斑塊比例_pct":0.0,"距大型連續綠地平均距離_m":0.0,"score_面積減少":36.206896551724135,"score_斑塊增加":44.260435571687836,"score_平均斑塊縮小":28.153357531760438,"score_道路建成區切割":25.941470054446462,"score_孤立比例":40.58529945553539,"score_距大型綠地":38.40744101633394,"綜合破碎化分數":35.6,"破碎化等級":"低","判定原因":"面積減少0.0%；斑塊增加0.0%；平均斑塊縮小0.0%；道路密度0.00 km/km²；孤立比例0.0%；距大型綠地0m","2021面積_ha":59.58,"2022面積_ha":59.58,"2023面積_ha":59.58}},{"type":"Feature","geometry":{"type":"Polygon","coordinates":[[[121.73024190625226,24.512693207469695],[121.73029410011101,24.52172143516402],[121.74016229753121,24.52167334977703],[121.74010939855175,24.512645142070415],[121.73024190625226,24.512693207469695]]]},"properties":{"grid_id":"G023_042","綠地類型":"河川沿岸自然地表","中心經度":121.735202,"中心緯度":24.517183,"分析面積_km2":1.04,"2020面積_ha":33.93,"2024面積_ha":33.93,"面積減少率_pct":0.0,"2020斑塊數":1,"2024斑塊數":1,"斑塊數增加率_pct":0.0,"2020平均斑塊面積_ha":3955.86,"2024平均斑塊面積_ha":4238.28,"平均斑塊面積下降率_pct":0.0,"道路切割密度_km_per_km2":0.0,"建成區邊界切割密度_km_per_km2":0.0,"孤立小斑塊比例_pct":0.0,"距大型連續綠地平均距離_m":0.0,"score_面積減少":36.206896551724135,"score_斑塊增加":44.260435571687836,"score_平均斑塊縮小":28.153357531760438,"score_道路建成區切割":25.941470054446462,"score_孤立比例":40.58529945553539,"score_距大型綠地":38.40744101633394,"綜合破碎化分數":35.6,"破碎化等級":"低","判定原因":"面積減少0.0%；斑塊增加0.0%；平均斑塊縮小0.0%；道路密度0.00 km/km²；孤立比例0.0%；距大型綠地0m","2021面積_ha":33.93,"2022面積_ha":33.93,"2023面積_ha":33.93}},{"type":"Feature","geometry":{"type":"Polygon","coordinates":[[[121.75984430530761,24.51254707626324],[121.75989861450394,24.521575243189787],[121.76976673336766,24.521525222003085],[121.76971171907533,24.512497075868858],[121.75984430530761,24.51254707626324]]]},"properties":{"grid_id":"G023_045","綠地類型":"河川沿岸自然地表","中心經度":121.764805,"中心緯度":24.517036,"分析面積_km2":1.04,"2020面積_ha":8.01,"2024面積_ha":8.01,"面積減少率_pct":0.0,"2020斑塊數":1,"2024斑塊數":1,"斑塊數增加率_pct":0.0,"2020平均斑塊面積_ha":3955.86,"2024平均斑塊面積_ha":4238.28,"平均斑塊面積下降率_pct":0.0,"道路切割密度_km_per_km2":0.029,"建成區邊界切割密度_km_per_km2":0.0,"孤立小斑塊比例_pct":0.0,"距大型連續綠地平均距離_m":0.0,"score_面積減少":36.206896551724135,"score_斑塊增加":44.260435571687836,"score_平均斑塊縮小":28.153357531760438,"score_道路建成區切割":33.82486388384755,"score_孤立比例":40.58529945553539,"score_距大型綠地":38.40744101633394,"綜合破碎化分數":36.9,"破碎化等級":"低","判定原因":"面積減少0.0%；斑塊增加0.0%；平均斑塊縮小0.0%；道路密度0.03 km/km²；孤立比例0.0%；距大型綠地0m","2021面積_ha":8.01,"2022面積_ha":8.01,"2023面積_ha":8.01}},{"type":"Feature","geometry":{"type":"Polygon","coordinates":[[[121.76971171907533,24.512497075868858],[121.76976673336766,24.521525222003085],[121.77963482535708,24.521474555563483],[121.77957910597722,24.512446430489792],[121.76971171907533,24.512497075868858]]]},"properties":{"grid_id":"G023_046","綠地類型":"河川沿岸自然地表","中心經度":121.774673,"中心緯度":24.516986,"分析面積_km2":1.04,"2020面積_ha":43.38,"2024面積_ha":43.38,"面積減少率_pct":0.0,"2020斑塊數":1,"2024斑塊數":1,"斑塊數增加率_pct":0.0,"2020平均斑塊面積_ha":3955.86,"2024平均斑塊面積_ha":4238.28,"平均斑塊面積下降率_pct":0.0,"道路切割密度_km_per_km2":0.0,"建成區邊界切割密度_km_per_km2":0.0,"孤立小斑塊比例_pct":0.0,"距大型連續綠地平均距離_m":0.0,"score_面積減少":36.206896551724135,"score_斑塊增加":44.260435571687836,"score_平均斑塊縮小":28.153357531760438,"score_道路建成區切割":25.941470054446462,"score_孤立比例":40.58529945553539,"score_距大型綠地":38.40744101633394,"綜合破碎化分數":35.6,"破碎化等級":"低","判定原因":"面積減少0.0%；斑塊增加0.0%；平均斑塊縮小0.0%；道路密度0.00 km/km²；孤立比例0.0%；距大型綠地0m","2021面積_ha":43.38,"2022面積_ha":43.38,"2023面積_ha":43.38}},{"type":"Feature","geometry":{"type":"Polygon","coordinates":[[[121.77957910597722,24.512446430489792],[121.77963482535708,24.521474555563483],[121.78950289012784,24.521423243878],[121.78944646566899,24.512395140133023],[121.77957910597722,24.512446430489792]]]},"properties":{"grid_id":"G023_047","綠地類型":"河川沿岸自然地表","中心經度":121.784541,"中心緯度":24.516935,"分析面積_km2":1.04,"2020面積_ha":48.69,"2024面積_ha":48.69,"面積減少率_pct":0.0,"2020斑塊數":1,"2024斑塊數":1,"斑塊數增加率_pct":0.0,"2020平均斑塊面積_ha":3955.86,"2024平均斑塊面積_ha":4238.28,"平均斑塊面積下降率_pct":0.0,"道路切割密度_km_per_km2":0.0,"建成區邊界切割密度_km_per_km2":0.0,"孤立小斑塊比例_pct":0.0,"距大型連續綠地平均距離_m":0.0,"score_面積減少":36.206896551724135,"score_斑塊增加":44.260435571687836,"score_平均斑塊縮小":28.153357531760438,"score_道路建成區切割":25.941470054446462,"score_孤立比例":40.58529945553539,"score_距大型綠地":38.40744101633394,"綜合破碎化分數":35.6,"破碎化等級":"低","判定原因":"面積減少0.0%；斑塊增加0.0%；平均斑塊縮小0.0%；道路密度0.00 km/km²；孤立比例0.0%；距大型綠地0m","2021面積_ha":48.69,"2022面積_ha":48.69,"2023面積_ha":48.69}},{"type":"Feature","geometry":{"type":"Polygon","coordinates":[[[121.78944646566899,24.512395140133023],[121.78950289012784,24.521423243878],[121.7993709273355,24.521371286953702],[121.79931379780633,24.51234320480563],[121.78944646566899,24.512395140133023]]]},"properties":{"grid_id":"G023_048","綠地類型":"河川沿岸自然地表","中心經度":121.794409,"中心緯度":24.516883,"分析面積_km2":1.04,"2020面積_ha":1.35,"2024面積_ha":1.35,"面積減少率_pct":0.0,"2020斑塊數":1,"2024斑塊數":1,"斑塊數增加率_pct":0.0,"2020平均斑塊面積_ha":391.14,"2024平均斑塊面積_ha":396.72,"平均斑塊面積下降率_pct":0.0,"道路切割密度_km_per_km2":1.471,"建成區邊界切割密度_km_per_km2":0.0,"孤立小斑塊比例_pct":0.0,"距大型連續綠地平均距離_m":0.0,"score_面積減少":36.206896551724135,"score_斑塊增加":44.260435571687836,"score_平均斑塊縮小":28.153357531760438,"score_道路建成區切割":42.30943738656987,"score_孤立比例":40.58529945553539,"score_距大型綠地":38.40744101633394,"綜合破碎化分數":38.3,"破碎化等級":"低","判定原因":"面積減少0.0%；斑塊增加0.0%；平均斑塊縮小0.0%；道路密度1.47 km/km²；孤立比例0.0%；距大型綠地0m","2021面積_ha":1.35,"2022面積_ha":1.35,"2023面積_ha":1.35}},{"type":"Feature","geometry":{"type":"Polygon","coordinates":[[[121.79931379780633,24.51234320480563],[121.7993709273355,24.521371286953702],[121.8092389366357,24.521318684797755],[121.80918110204496,24.512290624514776],[121.79931379780633,24.51234320480563]]]},"properties":{"grid_id":"G023_049","綠地類型":"河川沿岸自然地表","中心經度":121.804276,"中心緯度":24.516831,"分析面積_km2":1.04,"2020面積_ha":27.27,"2024面積_ha":27.27,"面積減少率_pct":0.0,"2020斑塊數":2,"2024斑塊數":2,"斑塊數增加率_pct":0.0,"2020平均斑塊面積_ha":315.09,"2024平均斑塊面積_ha":317.25,"平均斑塊面積下降率_pct":0.0,"道路切割密度_km_per_km2":1.096,"建成區邊界切割密度_km_per_km2":0.0,"孤立小斑塊比例_pct":0.0,"距大型連續綠地平均距離_m":0.0,"score_面積減少":36.206896551724135,"score_斑塊增加":44.260435571687836,"score_平均斑塊縮小":28.153357531760438,"score_道路建成區切割":39.91606170598911,"score_孤立比例":40.58529945553539,"score_距大型綠地":38.40744101633394,"綜合破碎化分數":37.9,"破碎化等級":"低","判定原因":"面積減少0.0%；斑塊增加0.0%；平均斑塊縮小0.0%；道路密度1.10 km/km²；孤立比例0.0%；距大型綠地0m","2021面積_ha":27.27,"2022面積_ha":27.27,"2023面積_ha":27.27}},{"type":"Feature","geometry":{"type":"Polygon","coordinates":[[[121.40463134286595,24.522946215837813],[121.4046602780225,24.53197494180914],[121.4145298406244,24.531948142494322],[121.41450019979533,24.52291942765983],[121.40463134286595,24.522946215837813]]]},"properties":{"grid_id":"G024_009","綠地類型":"河川沿岸自然地表","中心經度":121.40958,"中心緯度":24.527447,"分析面積_km2":1.04,"2020面積_ha":14.94,"2024面積_ha":14.94,"面積減少率_pct":0.0,"2020斑塊數":1,"2024斑塊數":1,"斑塊數增加率_pct":0.0,"2020平均斑塊面積_ha":270.45,"2024平均斑塊面積_ha":271.44,"平均斑塊面積下降率_pct":0.0,"道路切割密度_km_per_km2":0.058,"建成區邊界切割密度_km_per_km2":0.0,"孤立小斑塊比例_pct":0.0,"距大型連續綠地平均距離_m":0.0,"score_面積減少":36.206896551724135,"score_斑塊增加":44.260435571687836,"score_平均斑塊縮小":28.153357531760438,"score_道路建成區切割":34.11978221415608,"score_孤立比例":40.58529945553539,"score_距大型綠地":38.40744101633394,"綜合破碎化分數":37.0,"破碎化等級":"低","判定原因":"面積減少0.0%；斑塊增加0.0%；平均斑塊縮小0.0%；道路密度0.06 km/km²；孤立比例0.0%；距大型綠地0m","2021面積_ha":14.94,"2022面積_ha":14.94,"2023面積_ha":14.94}},{"type":"Feature","geometry":{"type":"Polygon","coordinates":[[[121.41450019979533,24.52291942765983],[121.4145298406244,24.531948142494322],[121.42439938874884,24.531920697465903],[121.42436904225178,24.52289199403658],[121.41450019979533,24.52291942765983]]]},"properties":{"grid_id":"G024_010","綠地類型":"河川沿岸自然地表","中心經度":121.41945,"中心緯度":24.52742,"分析面積_km2":1.04,"2020面積_ha":50.31,"2024面積_ha":50.31,"面積減少率_pct":0.0,"2020斑塊數":1,"2024斑塊數":1,"斑塊數增加率_pct":0.0,"2020平均斑塊面積_ha":270.45,"2024平均斑塊面積_ha":271.44,"平均斑塊面積下降率_pct":0.0,"道路切割密度_km_per_km2":0.0,"建成區邊界切割密度_km_per_km2":0.0,"孤立小斑塊比例_pct":0.0,"距大型連續綠地平均距離_m":0.0,"score_面積減少":36.206896551724135,"score_斑塊增加":44.260435571687836,"score_平均斑塊縮小":28.153357531760438,"score_道路建成區切割":25.941470054446462,"score_孤立比例":40.58529945553539,"score_距大型綠地":38.40744101633394,"綜合破碎化分數":35.6,"破碎化等級":"低","判定原因":"面積減少0.0%；斑塊增加0.0%；平均斑塊縮小0.0%；道路密度0.00 km/km²；孤立比例0.0%；距大型綠地0m","2021面積_ha":50.31,"2022面積_ha":49.77,"2023面積_ha":50.31}},{"type":"Feature","geometry":{"type":"Polygon","coordinates":[[[121.42436904225178,24.52289199403658],[121.42439938874884,24.531920697465903],[121.43426892205116,24.53189260672768],[121.43423786989075,24.522863914971857],[121.42436904225178,24.52289199403658]]]},"properties":{"grid_id":"G024_011","綠地類型":"河川沿岸自然地表","中心經度":121.429319,"中心緯度":24.527392,"分析面積_km2":1.04,"2020面積_ha":46.98,"2024面積_ha":46.98,"面積減少率_pct":0.0,"2020斑塊數":1,"2024斑塊數":1,"斑塊數增加率_pct":0.0,"2020平均斑塊面積_ha":270.45,"2024平均斑塊面積_ha":271.44,"平均斑塊面積下降率_pct":0.0,"道路切割密度_km_per_km2":0.0,"建成區邊界切割密度_km_per_km2":0.0,"孤立小斑塊比例_pct":0.0,"距大型連續綠地平均距離_m":0.0,"score_面積減少":36.206896551724135,"score_斑塊增加":44.260435571687836,"score_平均斑塊縮小":28.153357531760438,"score_道路建成區切割":25.941470054446462,"score_孤立比例":40.58529945553539,"score_距大型綠地":38.40744101633394,"綜合破碎化分數":35.6,"破碎化等級":"低","判定原因":"面積減少0.0%；斑塊增加0.0%；平均斑塊縮小0.0%；道路密度0.00 km/km²；孤立比例0.0%；距大型綠地0m","2021面積_ha":46.98,"2022面積_ha":46.98,"2023面積_ha":46.98}},{"type":"Feature","geometry":{"type":"Polygon","coordinates":[[[121.43423786989075,24.522863914971857],[121.43426892205116,24.53189260672768],[121.44413844018669,24.531863870283527],[121.44410668236773,24.522835190469532],[121.43423786989075,24.522863914971857]]]},"properties":{"grid_id":"G024_012","綠地類型":"河川沿岸自然地表","中心經度":121.439188,"中心緯度":24.527364,"分析面積_km2":1.04,"2020面積_ha":34.29,"2024面積_ha":34.92,"面積減少率_pct":0.0,"2020斑塊數":1,"2024斑塊數":1,"斑塊數增加率_pct":0.0,"2020平均斑塊面積_ha":270.45,"2024平均斑塊面積_ha":271.44,"平均斑塊面積下降率_pct":0.0,"道路切割密度_km_per_km2":0.0,"建成區邊界切割密度_km_per_km2":0.0,"孤立小斑塊比例_pct":0.0,"距大型連續綠地平均距離_m":0.0,"score_面積減少":36.206896551724135,"score_斑塊增加":44.260435571687836,"score_平均斑塊縮小":28.153357531760438,"score_道路建成區切割":25.941470054446462,"score_孤立比例":40.58529945553539,"score_距大型綠地":38.40744101633394,"綜合破碎化分數":35.6,"破碎化等級":"低","判定原因":"面積減少0.0%；斑塊增加0.0%；平均斑塊縮小0.0%；道路密度0.00 km/km²；孤立比例0.0%；距大型綠地0m","2021面積_ha":35.1,"2022面積_ha":34.83,"2023面積_ha":34.92}},{"type":"Feature","geometry":{"type":"Polygon","coordinates":[[[121.45397547933814,24.522805820533566],[121.45400794281078,24.53183448813741],[121.46387742957879,24.531804460293383],[121.46384426045744,24.522775805168017],[121.45397547933814,24.522805820533566]]]},"properties":{"grid_id":"G024_014","綠地類型":"河川沿岸自然地表","中心經度":121.458926,"中心緯度":24.527305,"分析面積_km2":1.04,"2020面積_ha":45.27,"2024面積_ha":45.81,"面積減少率_pct":0.0,"2020斑塊數":2,"2024斑塊數":2,"斑塊數增加率_pct":0.0,"2020平均斑塊面積_ha":54.0,"2024平均斑塊面積_ha":60.3,"平均斑塊面積下降率_pct":0.0,"道路切割密度_km_per_km2":2.018,"建成區邊界切割密度_km_per_km2":0.0,"孤立小斑塊比例_pct":0.0,"距大型連續綠地平均距離_m":0.0,"score_面積減少":36.206896551724135,"score_斑塊增加":44.260435571687836,"score_平均斑塊縮小":28.153357531760438,"score_道路建成區切割":46.472323049001815,"score_孤立比例":40.58529945553539,"score_距大型綠地":38.40744101633394,"綜合破碎化分數":39.0,"破碎化等級":"低","判定原因":"面積減少0.0%；斑塊增加0.0%；平均斑塊縮小0.0%；道路密度2.02 km/km²；孤立比例0.0%；距大型綠地0m","2021面積_ha":45.72,"2022面積_ha":45.36,"2023面積_ha":45.81}},{"type":"Feature","geometry":{"type":"Polygon","coordinates":[[[121.47371302538113,24.52274514437702],[121.47374690014607,24.531773786755597],[121.48361635416795,24.53174246752828],[121.48358177376461,24.52271383816481],[121.47371302538113,24.52274514437702]]]},"properties":{"grid_id":"G024_016","綠地類型":"河川沿岸自然地表","中心經度":121.478665,"中心緯度":24.527244,"分析面積_km2":1.04,"2020面積_ha":34.74,"2024面積_ha":34.74,"面積減少率_pct":0.0,"2020斑塊數":2,"2024斑塊數":2,"斑塊數增加率_pct":0.0,"2020平均斑塊面積_ha":1398.195,"2024平均斑塊面積_ha":1796.04,"平均斑塊面積下降率_pct":0.0,"道路切割密度_km_per_km2":1.442,"建成區邊界切割密度_km_per_km2":0.0,"孤立小斑塊比例_pct":0.0,"距大型連續綠地平均距離_m":0.0,"score_面積減少":36.206896551724135,"score_斑塊增加":44.260435571687836,"score_平均斑塊縮小":28.153357531760438,"score_道路建成區切割":41.98049001814882,"score_孤立比例":40.58529945553539,"score_距大型綠地":38.40744101633394,"綜合破碎化分數":38.3,"破碎化等級":"低","判定原因":"面積減少0.0%；斑塊增加0.0%；平均斑塊縮小0.0%；道路密度1.44 km/km²；孤立比例0.0%；距大型綠地0m","2021面積_ha":34.74,"2022面積_ha":34.74,"2023面積_ha":34.74}},{"type":"Feature","geometry":{"type":"Polygon","coordinates":[[[121.52305659500635,24.52258215919159],[121.5230939979091,24.531610733811462],[121.53296336403461,24.531576186203097],[121.53292525552115,24.522547625939904],[121.52305659500635,24.52258215919159]]]},"properties":{"grid_id":"G024_021","綠地類型":"河川沿岸自然地表","中心經度":121.52801,"中心緯度":24.527079,"分析面積_km2":1.04,"2020面積_ha":36.09,"2024面積_ha":36.09,"面積減少率_pct":0.0,"2020斑塊數":1,"2024斑塊數":1,"斑塊數增加率_pct":0.0,"2020平均斑塊面積_ha":2919.15,"2024平均斑塊面積_ha":3064.86,"平均斑塊面積下降率_pct":0.0,"道路切割密度_km_per_km2":0.058,"建成區邊界切割密度_km_per_km2":0.0,"孤立小斑塊比例_pct":0.0,"距大型連續綠地平均距離_m":0.0,"score_面積減少":36.206896551724135,"score_斑塊增加":44.260435571687836,"score_平均斑塊縮小":28.153357531760438,"score_道路建成區切割":34.11978221415608,"score_孤立比例":40.58529945553539,"score_距大型綠地":38.40744101633394,"綜合破碎化分數":37.0,"破碎化等級":"低","判定原因":"面積減少0.0%；斑塊增加0.0%；平均斑塊縮小0.0%；道路密度0.06 km/km²；孤立比例0.0%；距大型綠地0m","2021面積_ha":36.09,"2022面積_ha":36.09,"2023面積_ha":36.09}},{"type":"Feature","geometry":{"type":"Polygon","coordinates":[[[121.5723997080621,24.52240303904255],[121.57244063895898,24.531431539196035],[121.58230990857261,24.53139376332582],[121.58226827209529,24.522365278870502],[121.5723997080621,24.52240303904255]]]},"properties":{"grid_id":"G024_026","綠地類型":"河川沿岸自然地表","中心經度":121.577355,"中心緯度":24.526898,"分析面積_km2":1.04,"2020面積_ha":55.08,"2024面積_ha":55.44,"面積減少率_pct":0.0,"2020斑塊數":1,"2024斑塊數":1,"斑塊數增加率_pct":0.0,"2020平均斑塊面積_ha":2584.17,"2024平均斑塊面積_ha":6380.64,"平均斑塊面積下降率_pct":0.0,"道路切割密度_km_per_km2":0.98,"建成區邊界切割密度_km_per_km2":0.0,"孤立小斑塊比例_pct":0.0,"距大型連續綠地平均距離_m":0.0,"score_面積減少":36.206896551724135,"score_斑塊增加":44.260435571687836,"score_平均斑塊縮小":28.153357531760438,"score_道路建成區切割":39.3942831215971,"score_孤立比例":40.58529945553539,"score_距大型綠地":38.40744101633394,"綜合破碎化分數":37.8,"破碎化等級":"低","判定原因":"面積減少0.0%；斑塊增加0.0%；平均斑塊縮小0.0%；道路密度0.98 km/km²；孤立比例0.0%；距大型綠地0m","2021面積_ha":55.53,"2022面積_ha":55.26,"2023面積_ha":55.62}},{"type":"Feature","geometry":{"type":"Polygon","coordinates":[[[121.58226827209529,24.522365278870502],[121.58230990857261,24.53139376332582],[121.59217915785003,24.531355341818514],[121.59213681579868,24.52232687332966],[121.58226827209529,24.522365278870502]]]},"properties":{"grid_id":"G024_027","綠地類型":"河川沿岸自然地表","中心經度":121.587224,"中心緯度":24.52686,"分析面積_km2":1.04,"2020面積_ha":55.71,"2024面積_ha":55.71,"面積減少率_pct":0.0,"2020斑塊數":2,"2024斑塊數":2,"斑塊數增加率_pct":0.0,"2020平均斑塊面積_ha":1669.86,"2024平均斑塊面積_ha":3841.92,"平均斑塊面積下降率_pct":0.0,"道路切割密度_km_per_km2":1.961,"建成區邊界切割密度_km_per_km2":0.0,"孤立小斑塊比例_pct":0.0,"距大型連續綠地平均距離_m":0.0,"score_面積減少":36.206896551724135,"score_斑塊增加":44.260435571687836,"score_平均斑塊縮小":28.153357531760438,"score_道路建成區切割":46.14337568058076,"score_孤立比例":40.58529945553539,"score_距大型綠地":38.40744101633394,"綜合破碎化分數":39.0,"破碎化等級":"低","判定原因":"面積減少0.0%；斑塊增加0.0%；平均斑塊縮小0.0%；道路密度1.96 km/km²；孤立比例0.0%；距大型綠地0m","2021面積_ha":55.71,"2022面積_ha":55.71,"2023面積_ha":55.71}},{"type":"Feature","geometry":{"type":"Polygon","coordinates":[[[121.59213681579868,24.52232687332966],[121.59217915785003,24.531355341818514],[121.60204838644663,24.531316274679433],[121.60200533882778,24.52228782242533],[121.59213681579868,24.52232687332966]]]},"properties":{"grid_id":"G024_028","綠地類型":"河川沿岸自然地表","中心經度":121.597092,"中心緯度":24.526822,"分析面積_km2":1.04,"2020面積_ha":52.56,"2024面積_ha":52.56,"面積減少率_pct":0.0,"2020斑塊數":1,"2024斑塊數":1,"斑塊數增加率_pct":0.0,"2020平均斑塊面積_ha":755.55,"2024平均斑塊面積_ha":1303.2,"平均斑塊面積下降率_pct":0.0,"道路切割密度_km_per_km2":2.278,"建成區邊界切割密度_km_per_km2":0.0,"孤立小斑塊比例_pct":0.0,"距大型連續綠地平均距離_m":0.0,"score_面積減少":36.206896551724135,"score_斑塊增加":44.260435571687836,"score_平均斑塊縮小":28.153357531760438,"score_道路建成區切割":47.91288566243195,"score_孤立比例":40.58529945553539,"score_距大型綠地":38.40744101633394,"綜合破碎化分數":39.3,"破碎化等級":"低","判定原因":"面積減少0.0%；斑塊增加0.0%；平均斑塊縮小0.0%；道路密度2.28 km/km²；孤立比例0.0%；距大型綠地0m","2021面積_ha":52.56,"2022面積_ha":52.56,"2023面積_ha":52.56}},{"type":"Feature","geometry":{"type":"Polygon","coordinates":[[[121.61187384083811,24.52224812616288],[121.61191759401787,24.53127656191395],[121.6217867802191,24.531236203527545],[121.62174232148519,24.522207784547806],[121.61187384083811,24.52224812616288]]]},"properties":{"grid_id":"G024_030","綠地類型":"河川沿岸自然地表","中心經度":121.61683,"中心緯度":24.526742,"分析面積_km2":1.04,"2020面積_ha":44.82,"2024面積_ha":44.82,"面積減少率_pct":0.0,"2020斑塊數":2,"2024斑塊數":1,"斑塊數增加率_pct":0.0,"2020平均斑塊面積_ha":630.09,"2024平均斑塊面積_ha":1303.2,"平均斑塊面積下降率_pct":0.0,"道路切割密度_km_per_km2":0.346,"建成區邊界切割密度_km_per_km2":0.0,"孤立小斑塊比例_pct":0.0,"距大型連續綠地平均距離_m":0.0,"score_面積減少":36.206896551724135,"score_斑塊增加":44.260435571687836,"score_平均斑塊縮小":28.153357531760438,"score_道路建成區切割":35.85526315789474,"score_孤立比例":40.58529945553539,"score_距大型綠地":38.40744101633394,"綜合破碎化分數":37.2,"破碎化等級":"低","判定原因":"面積減少0.0%；斑塊增加0.0%；平均斑塊縮小0.0%；道路密度0.35 km/km²；孤立比例0.0%；距大型綠地0m","2021面積_ha":44.82,"2022面積_ha":44.82,"2023面積_ha":44.82}},{"type":"Feature","geometry":{"type":"Polygon","coordinates":[[[121.62174232148519,24.522207784547806],[121.6217867802191,24.531236203527545],[121.63165594470577,24.531195199525808],[121.63161078042451,24.522166797585662],[121.62174232148519,24.522207784547806]]]},"properties":{"grid_id":"G024_031","綠地類型":"河川沿岸自然地表","中心經度":121.626699,"中心緯度":24.526702,"分析面積_km2":1.04,"2020面積_ha":5.13,"2024面積_ha":5.13,"面積減少率_pct":0.0,"2020斑塊數":2,"2024斑塊數":1,"斑塊數增加率_pct":0.0,"2020平均斑塊面積_ha":630.09,"2024平均斑塊面積_ha":1303.2,"平均斑塊面積下降率_pct":0.0,"道路切割密度_km_per_km2":0.0,"建成區邊界切割密度_km_per_km2":0.0,"孤立小斑塊比例_pct":0.0,"距大型連續綠地平均距離_m":0.0,"score_面積減少":36.206896551724135,"score_斑塊增加":44.260435571687836,"score_平均斑塊縮小":28.153357531760438,"score_道路建成區切割":25.941470054446462,"score_孤立比例":40.58529945553539,"score_距大型綠地":38.40744101633394,"綜合破碎化分數":35.6,"破碎化等級":"低","判定原因":"面積減少0.0%；斑塊增加0.0%；平均斑塊縮小0.0%；道路密度0.00 km/km²；孤立比例0.0%；距大型綠地0m","2021面積_ha":5.13,"2022面積_ha":5.13,"2023面積_ha":5.13}},{"type":"Feature","geometry":{"type":"Polygon","coordinates":[[[121.63161078042451,24.522166797585662],[121.63165594470577,24.531195199525808],[121.64152508713332,24.531153549914375],[121.64147921731164,24.522125165282116],[121.63161078042451,24.522166797585662]]]},"properties":{"grid_id":"G024_032","綠地類型":"河川沿岸自然地表","中心經度":121.636568,"中心緯度":24.52666,"分析面積_km2":1.04,"2020面積_ha":35.46,"2024面積_ha":36.99,"面積減少率_pct":0.0,"2020斑塊數":1,"2024斑塊數":1,"斑塊數增加率_pct":0.0,"2020平均斑塊面積_ha":504.63,"2024平均斑塊面積_ha":1303.2,"平均斑塊面積下降率_pct":0.0,"道路切割密度_km_per_km2":0.548,"建成區邊界切割密度_km_per_km2":0.0,"孤立小斑塊比例_pct":0.0,"距大型連續綠地平均距離_m":0.0,"score_面積減少":36.206896551724135,"score_斑塊增加":44.260435571687836,"score_平均斑塊縮小":28.153357531760438,"score_道路建成區切割":36.94419237749546,"score_孤立比例":40.58529945553539,"score_距大型綠地":38.40744101633394,"綜合破碎化分數":37.4,"破碎化等級":"低","判定原因":"面積減少0.0%；斑塊增加0.0%；平均斑塊縮小0.0%；道路密度0.55 km/km²；孤立比例0.0%；距大型綠地0m","2021面積_ha":37.08,"2022面積_ha":37.17,"2023面積_ha":37.44}},{"type":"Feature","geometry":{"type":"Polygon","coordinates":[[[121.64147921731164,24.522125165282116],[121.64152508713332,24.531153549914375],[121.65139420715714,24.53111125469901],[121.65134763180207,24.522082887642906],[121.64147921731164,24.522125165282116]]]},"properties":{"grid_id":"G024_033","綠地類型":"河川沿岸自然地表","中心經度":121.646437,"中心緯度":24.526618,"分析面積_km2":1.04,"2020面積_ha":63.36,"2024面積_ha":66.42,"面積減少率_pct":0.0,"2020斑塊數":1,"2024斑塊數":1,"斑塊數增加率_pct":0.0,"2020平均斑塊面積_ha":504.63,"2024平均斑塊面積_ha":1303.2,"平均斑塊面積下降率_pct":0.0,"道路切割密度_km_per_km2":1.701,"建成區邊界切割密度_km_per_km2":0.0,"孤立小斑塊比例_pct":0.0,"距大型連續綠地平均距離_m":0.0,"score_面積減少":36.206896551724135,"score_斑塊增加":44.260435571687836,"score_平均斑塊縮小":28.153357531760438,"score_道路建成區切割":44.44192377495463,"score_孤立比例":40.58529945553539,"score_距大型綠地":38.40744101633394,"綜合破碎化分數":38.7,"破碎化等級":"低","判定原因":"面積減少0.0%；斑塊增加0.0%；平均斑塊縮小0.0%；道路密度1.70 km/km²；孤立比例0.0%；距大型綠地0m","2021面積_ha":69.93,"2022面積_ha":65.88,"2023面積_ha":69.3}},{"type":"Feature","geometry":{"type":"Polygon","coordinates":[[[121.65134763180207,24.522082887642906],[121.65139420715714,24.53111125469901],[121.66126330443267,24.531068313885534],[121.66121602355139,24.522039964673866],[121.65134763180207,24.522082887642906]]]},"properties":{"grid_id":"G024_034","綠地類型":"河川沿岸自然地表","中心經度":121.656305,"中心緯度":24.526576,"分析面積_km2":1.04,"2020面積_ha":35.1,"2024面積_ha":35.28,"面積減少率_pct":0.0,"2020斑塊數":2,"2024斑塊數":2,"斑塊數增加率_pct":0.0,"2020平均斑塊面積_ha":2230.245,"2024平均斑塊面積_ha":2770.74,"平均斑塊面積下降率_pct":0.0,"道路切割密度_km_per_km2":0.087,"建成區邊界切割密度_km_per_km2":0.0,"孤立小斑塊比例_pct":0.0,"距大型連續綠地平均距離_m":0.0,"score_面積減少":36.206896551724135,"score_斑塊增加":44.260435571687836,"score_平均斑塊縮小":28.153357531760438,"score_道路建成區切割":34.30127041742287,"score_孤立比例":40.58529945553539,"score_距大型綠地":38.40744101633394,"綜合破碎化分數":37.0,"破碎化等級":"低","判定原因":"面積減少0.0%；斑塊增加0.0%；平均斑塊縮小0.0%；道路密度0.09 km/km²；孤立比例0.0%；距大型綠地0m","2021面積_ha":35.46,"2022面積_ha":35.19,"2023面積_ha":35.37}},{"type":"Feature","geometry":{"type":"Polygon","coordinates":[[[121.66121602355139,24.522039964673866],[121.66126330443267,24.531068313885534],[121.67113237861535,24.531024727479885],[121.6710843922151,24.52199639638091],[121.66121602355139,24.522039964673866]]]},"properties":{"grid_id":"G024_035","綠地類型":"河川沿岸自然地表","中心經度":121.666174,"中心緯度":24.526532,"分析面積_km2":1.04,"2020面積_ha":46.26,"2024面積_ha":46.62,"面積減少率_pct":0.0,"2020斑塊數":1,"2024斑塊數":1,"斑塊數增加率_pct":0.0,"2020平均斑塊面積_ha":3955.86,"2024平均斑塊面積_ha":4238.28,"平均斑塊面積下降率_pct":0.0,"道路切割密度_km_per_km2":0.0,"建成區邊界切割密度_km_per_km2":0.0,"孤立小斑塊比例_pct":0.0,"距大型連續綠地平均距離_m":0.0,"score_面積減少":36.206896551724135,"score_斑塊增加":44.260435571687836,"score_平均斑塊縮小":28.153357531760438,"score_道路建成區切割":25.941470054446462,"score_孤立比例":40.58529945553539,"score_距大型綠地":38.40744101633394,"綜合破碎化分數":35.6,"破碎化等級":"低","判定原因":"面積減少0.0%；斑塊增加0.0%；平均斑塊縮小0.0%；道路密度0.00 km/km²；孤立比例0.0%；距大型綠地0m","2021面積_ha":46.44,"2022面積_ha":46.35,"2023面積_ha":46.62}},{"type":"Feature","geometry":{"type":"Polygon","coordinates":[[[121.6710843922151,24.52199639638091],[121.67113237861535,24.531024727479885],[121.68100142936063,24.530980495488073],[121.68095273744879,24.521952182770065],[121.6710843922151,24.52199639638091]]]},"properties":{"grid_id":"G024_036","綠地類型":"河川沿岸自然地表","中心經度":121.676043,"中心緯度":24.526489,"分析面積_km2":1.04,"2020面積_ha":16.65,"2024面積_ha":16.65,"面積減少率_pct":0.0,"2020斑塊數":1,"2024斑塊數":1,"斑塊數增加率_pct":0.0,"2020平均斑塊面積_ha":3955.86,"2024平均斑塊面積_ha":4238.28,"平均斑塊面積下降率_pct":0.0,"道路切割密度_km_per_km2":0.0,"建成區邊界切割密度_km_per_km2":0.0,"孤立小斑塊比例_pct":0.0,"距大型連續綠地平均距離_m":0.0,"score_面積減少":36.206896551724135,"score_斑塊增加":44.260435571687836,"score_平均斑塊縮小":28.153357531760438,"score_道路建成區切割":25.941470054446462,"score_孤立比例":40.58529945553539,"score_距大型綠地":38.40744101633394,"綜合破碎化分數":35.6,"破碎化等級":"低","判定原因":"面積減少0.0%；斑塊增加0.0%；平均斑塊縮小0.0%；道路密度0.00 km/km²；孤立比例0.0%；距大型綠地0m","2021面積_ha":16.65,"2022面積_ha":16.65,"2023面積_ha":16.65}},{"type":"Feature","geometry":{"type":"Polygon","coordinates":[[[121.68095273744879,24.521952182770065],[121.68100142936063,24.530980495488073],[121.69087045632392,24.530935617916203],[121.690821058908,24.521907323847426],[121.68095273744879,24.521952182770065]]]},"properties":{"grid_id":"G024_037","綠地類型":"河川沿岸自然地表","中心經度":121.685911,"中心緯度":24.526444,"分析面積_km2":1.04,"2020面積_ha":48.15,"2024面積_ha":48.78,"面積減少率_pct":0.0,"2020斑塊數":1,"2024斑塊數":1,"斑塊數增加率_pct":0.0,"2020平均斑塊面積_ha":3955.86,"2024平均斑塊面積_ha":4238.28,"平均斑塊面積下降率_pct":0.0,"道路切割密度_km_per_km2":0.0,"建成區邊界切割密度_km_per_km2":0.0,"孤立小斑塊比例_pct":0.0,"距大型連續綠地平均距離_m":0.0,"score_面積減少":36.206896551724135,"score_斑塊增加":44.260435571687836,"score_平均斑塊縮小":28.153357531760438,"score_道路建成區切割":25.941470054446462,"score_孤立比例":40.58529945553539,"score_距大型綠地":38.40744101633394,"綜合破碎化分數":35.6,"破碎化等級":"低","判定原因":"面積減少0.0%；斑塊增加0.0%；平均斑塊縮小0.0%；道路密度0.00 km/km²；孤立比例0.0%；距大型綠地0m","2021面積_ha":47.97,"2022面積_ha":47.34,"2023面積_ha":48.06}},{"type":"Feature","geometry":{"type":"Polygon","coordinates":[[[121.690821058908,24.521907323847426],[121.69087045632392,24.530935617916203],[121.70073945916072,24.53089009477047],[121.70068935624825,24.521861819619176],[121.690821058908,24.521907323847426]]]},"properties":{"grid_id":"G024_038","綠地類型":"河川沿岸自然地表","中心經度":121.69578,"中心緯度":24.526399,"分析面積_km2":1.04,"2020面積_ha":18.99,"2024面積_ha":18.99,"面積減少率_pct":0.0,"2020斑塊數":1,"2024斑塊數":1,"斑塊數增加率_pct":0.0,"2020平均斑塊面積_ha":3955.86,"2024平均斑塊面積_ha":4238.28,"平均斑塊面積下降率_pct":0.0,"道路切割密度_km_per_km2":0.0,"建成區邊界切割密度_km_per_km2":0.0,"孤立小斑塊比例_pct":0.0,"距大型連續綠地平均距離_m":0.0,"score_面積減少":36.206896551724135,"score_斑塊增加":44.260435571687836,"score_平均斑塊縮小":28.153357531760438,"score_道路建成區切割":25.941470054446462,"score_孤立比例":40.58529945553539,"score_距大型綠地":38.40744101633394,"綜合破碎化分數":35.6,"破碎化等級":"低","判定原因":"面積減少0.0%；斑塊增加0.0%；平均斑塊縮小0.0%；道路密度0.00 km/km²；孤立比例0.0%；距大型綠地0m","2021面積_ha":18.99,"2022面積_ha":18.99,"2023面積_ha":18.99}},{"type":"Feature","geometry":{"type":"Polygon","coordinates":[[[121.70068935624825,24.521861819619176],[121.70073945916072,24.53089009477047],[121.71060843752642,24.53084392605715],[121.71055762912512,24.521815670091602],[121.70068935624825,24.521861819619176]]]},"properties":{"grid_id":"G024_039","綠地類型":"河川沿岸自然地表","中心經度":121.705649,"中心緯度":24.526353,"分析面積_km2":1.04,"2020面積_ha":63.36,"2024面積_ha":63.36,"面積減少率_pct":0.0,"2020斑塊數":1,"2024斑塊數":1,"斑塊數增加率_pct":0.0,"2020平均斑塊面積_ha":3955.86,"2024平均斑塊面積_ha":4238.28,"平均斑塊面積下降率_pct":0.0,"道路切割密度_km_per_km2":0.0,"建成區邊界切割密度_km_per_km2":0.0,"孤立小斑塊比例_pct":0.0,"距大型連續綠地平均距離_m":0.0,"score_面積減少":36.206896551724135,"score_斑塊增加":44.260435571687836,"score_平均斑塊縮小":28.153357531760438,"score_道路建成區切割":25.941470054446462,"score_孤立比例":40.58529945553539,"score_距大型綠地":38.40744101633394,"綜合破碎化分數":35.6,"破碎化等級":"低","判定原因":"面積減少0.0%；斑塊增加0.0%；平均斑塊縮小0.0%；道路密度0.00 km/km²；孤立比例0.0%；距大型綠地0m","2021面積_ha":63.36,"2022面積_ha":63.36,"2023面積_ha":63.36}},{"type":"Feature","geometry":{"type":"Polygon","coordinates":[[[121.71055762912512,24.521815670091602],[121.71060843752642,24.53084392605715],[121.72047739107651,24.53079711178261],[121.72042587719419,24.52176887527106],[121.71055762912512,24.521815670091602]]]},"properties":{"grid_id":"G024_040","綠地類型":"河川沿岸自然地表","中心經度":121.715517,"中心緯度":24.526306,"分析面積_km2":1.04,"2020面積_ha":41.76,"2024面積_ha":41.76,"面積減少率_pct":0.0,"2020斑塊數":1,"2024斑塊數":1,"斑塊數增加率_pct":0.0,"2020平均斑塊面積_ha":3955.86,"2024平均斑塊面積_ha":4238.28,"平均斑塊面積下降率_pct":0.0,"道路切割密度_km_per_km2":0.0,"建成區邊界切割密度_km_per_km2":0.0,"孤立小斑塊比例_pct":0.0,"距大型連續綠地平均距離_m":0.0,"score_面積減少":36.206896551724135,"score_斑塊增加":44.260435571687836,"score_平均斑塊縮小":28.153357531760438,"score_道路建成區切割":25.941470054446462,"score_孤立比例":40.58529945553539,"score_距大型綠地":38.40744101633394,"綜合破碎化分數":35.6,"破碎化等級":"低","判定原因":"面積減少0.0%；斑塊增加0.0%；平均斑塊縮小0.0%；道路密度0.00 km/km²；孤立比例0.0%；距大型綠地0m","2021面積_ha":41.76,"2022面積_ha":41.76,"2023面積_ha":41.76}},{"type":"Feature","geometry":{"type":"Polygon","coordinates":[[[121.73029410011101,24.52172143516402],[121.73034631946646,24.53074965195332],[121.74021522235174,24.53070154657583],[121.74016229753121,24.52167334977703],[121.73029410011101,24.52172143516402]]]},"properties":{"grid_id":"G024_042","綠地類型":"河川沿岸自然地表","中心經度":121.735254,"中心緯度":24.526212,"分析面積_km2":1.04,"2020面積_ha":59.58,"2024面積_ha":59.67,"面積減少率_pct":0.0,"2020斑塊數":1,"2024斑塊數":1,"斑塊數增加率_pct":0.0,"2020平均斑塊面積_ha":3955.86,"2024平均斑塊面積_ha":4238.28,"平均斑塊面積下降率_pct":0.0,"道路切割密度_km_per_km2":1.038,"建成區邊界切割密度_km_per_km2":0.0,"孤立小斑塊比例_pct":0.0,"距大型連續綠地平均距離_m":0.0,"score_面積減少":36.206896551724135,"score_斑塊增加":44.260435571687836,"score_平均斑塊縮小":28.153357531760438,"score_道路建成區切割":39.67785843920145,"score_孤立比例":40.58529945553539,"score_距大型綠地":38.40744101633394,"綜合破碎化分數":37.9,"破碎化等級":"低","判定原因":"面積減少0.0%；斑塊增加0.0%；平均斑塊縮小0.0%；道路密度1.04 km/km²；孤立比例0.0%；距大型綠地0m","2021面積_ha":60.21,"2022面積_ha":59.67,"2023面積_ha":60.21}},{"type":"Feature","geometry":{"type":"Polygon","coordinates":[[[121.74016229753121,24.52167334977703],[121.74021522235174,24.53070154657583],[121.75008409938782,24.530652795656774],[121.75003046911031,24.521624619116707],[121.74016229753121,24.52167334977703]]]},"properties":{"grid_id":"G024_043","綠地類型":"河川沿岸自然地表","中心經度":121.745123,"中心緯度":24.526163,"分析面積_km2":1.04,"2020面積_ha":26.82,"2024面積_ha":26.82,"面積減少率_pct":0.0,"2020斑塊數":1,"2024斑塊數":1,"斑塊數增加率_pct":0.0,"2020平均斑塊面積_ha":3955.86,"2024平均斑塊面積_ha":4238.28,"平均斑塊面積下降率_pct":0.0,"道路切割密度_km_per_km2":0.0,"建成區邊界切割密度_km_per_km2":0.0,"孤立小斑塊比例_pct":0.0,"距大型連續綠地平均距離_m":0.0,"score_面積減少":36.206896551724135,"score_斑塊增加":44.260435571687836,"score_平均斑塊縮小":28.153357531760438,"score_道路建成區切割":25.941470054446462,"score_孤立比例":40.58529945553539,"score_距大型綠地":38.40744101633394,"綜合破碎化分數":35.6,"破碎化等級":"低","判定原因":"面積減少0.0%；斑塊增加0.0%；平均斑塊縮小0.0%；道路密度0.00 km/km²；孤立比例0.0%；距大型綠地0m","2021面積_ha":26.82,"2022面積_ha":26.82,"2023面積_ha":26.82}},{"type":"Feature","geometry":{"type":"Polygon","coordinates":[[[121.75003046911031,24.521624619116707],[121.75008409938782,24.530652795656774],[121.75995295023017,24.53060339920287],[121.75989861450394,24.521575243189787],[121.75003046911031,24.521624619116707]]]},"properties":{"grid_id":"G024_044","綠地類型":"河川沿岸自然地表","中心經度":121.754992,"中心緯度":24.526114,"分析面積_km2":1.04,"2020面積_ha":32.94,"2024面積_ha":32.94,"面積減少率_pct":0.0,"2020斑塊數":1,"2024斑塊數":1,"斑塊數增加率_pct":0.0,"2020平均斑塊面積_ha":3955.86,"2024平均斑塊面積_ha":4238.28,"平均斑塊面積下降率_pct":0.0,"道路切割密度_km_per_km2":0.0,"建成區邊界切割密度_km_per_km2":0.0,"孤立小斑塊比例_pct":0.0,"距大型連續綠地平均距離_m":0.0,"score_面積減少":36.206896551724135,"score_斑塊增加":44.260435571687836,"score_平均斑塊縮小":28.153357531760438,"score_道路建成區切割":25.941470054446462,"score_孤立比例":40.58529945553539,"score_距大型綠地":38.40744101633394,"綜合破碎化分數":35.6,"破碎化等級":"低","判定原因":"面積減少0.0%；斑塊增加0.0%；平均斑塊縮小0.0%；道路密度0.00 km/km²；孤立比例0.0%；距大型綠地0m","2021面積_ha":32.94,"2022面積_ha":32.94,"2023面積_ha":32.94}},{"type":"Feature","geometry":{"type":"Polygon","coordinates":[[[121.75989861450394,24.521575243189787],[121.75995295023017,24.53060339920287],[121.7698217745343,24.53055335722095],[121.76976673336766,24.521525222003085],[121.75989861450394,24.521575243189787]]]},"properties":{"grid_id":"G024_045","綠地類型":"河川沿岸自然地表","中心經度":121.76486,"中心緯度":24.526064,"分析面積_km2":1.04,"2020面積_ha":6.21,"2024面積_ha":6.21,"面積減少率_pct":0.0,"2020斑塊數":1,"2024斑塊數":1,"斑塊數增加率_pct":0.0,"2020平均斑塊面積_ha":3955.86,"2024平均斑塊面積_ha":4238.28,"平均斑塊面積下降率_pct":0.0,"道路切割密度_km_per_km2":0.0,"建成區邊界切割密度_km_per_km2":0.0,"孤立小斑塊比例_pct":0.0,"距大型連續綠地平均距離_m":0.0,"score_面積減少":36.206896551724135,"score_斑塊增加":44.260435571687836,"score_平均斑塊縮小":28.153357531760438,"score_道路建成區切割":25.941470054446462,"score_孤立比例":40.58529945553539,"score_距大型綠地":38.40744101633394,"綜合破碎化分數":35.6,"破碎化等級":"低","判定原因":"面積減少0.0%；斑塊增加0.0%；平均斑塊縮小0.0%；道路密度0.00 km/km²；孤立比例0.0%；距大型綠地0m","2021面積_ha":6.21,"2022面積_ha":6.21,"2023面積_ha":6.21}},{"type":"Feature","geometry":{"type":"Polygon","coordinates":[[[121.76976673336766,24.521525222003085],[121.7698217745343,24.53055335722095],[121.77969057195564,24.530502669717904],[121.77963482535708,24.521474555563483],[121.76976673336766,24.521525222003085]]]},"properties":{"grid_id":"G024_046","綠地類型":"河川沿岸自然地表","中心經度":121.774728,"中心緯度":24.526014,"分析面積_km2":1.04,"2020面積_ha":56.79,"2024面積_ha":56.79,"面積減少率_pct":0.0,"2020斑塊數":1,"2024斑塊數":1,"斑塊數增加率_pct":0.0,"2020平均斑塊面積_ha":3955.86,"2024平均斑塊面積_ha":4238.28,"平均斑塊面積下降率_pct":0.0,"道路切割密度_km_per_km2":0.0,"建成區邊界切割密度_km_per_km2":0.0,"孤立小斑塊比例_pct":0.0,"距大型連續綠地平均距離_m":0.0,"score_面積減少":36.206896551724135,"score_斑塊增加":44.260435571687836,"score_平均斑塊縮小":28.153357531760438,"score_道路建成區切割":25.941470054446462,"score_孤立比例":40.58529945553539,"score_距大型綠地":38.40744101633394,"綜合破碎化分數":35.6,"破碎化等級":"低","判定原因":"面積減少0.0%；斑塊增加0.0%；平均斑塊縮小0.0%；道路密度0.00 km/km²；孤立比例0.0%；距大型綠地0m","2021面積_ha":56.79,"2022面積_ha":56.79,"2023面積_ha":56.79}},{"type":"Feature","geometry":{"type":"Polygon","coordinates":[[[121.77963482535708,24.521474555563483],[121.77969057195564,24.530502669717904],[121.78955934214977,24.53045133670074],[121.78950289012784,24.521423243878],[121.77963482535708,24.521474555563483]]]},"properties":{"grid_id":"G024_047","綠地類型":"河川沿岸自然地表","中心經度":121.784597,"中心緯度":24.525963,"分析面積_km2":1.04,"2020面積_ha":18.0,"2024面積_ha":18.0,"面積減少率_pct":0.0,"2020斑塊數":1,"2024斑塊數":1,"斑塊數增加率_pct":0.0,"2020平均斑塊面積_ha":3955.86,"2024平均斑塊面積_ha":4238.28,"平均斑塊面積下降率_pct":0.0,"道路切割密度_km_per_km2":0.0,"建成區邊界切割密度_km_per_km2":0.0,"孤立小斑塊比例_pct":0.0,"距大型連續綠地平均距離_m":0.0,"score_面積減少":36.206896551724135,"score_斑塊增加":44.260435571687836,"score_平均斑塊縮小":28.153357531760438,"score_道路建成區切割":25.941470054446462,"score_孤立比例":40.58529945553539,"score_距大型綠地":38.40744101633394,"綜合破碎化分數":35.6,"破碎化等級":"低","判定原因":"面積減少0.0%；斑塊增加0.0%；平均斑塊縮小0.0%；道路密度0.00 km/km²；孤立比例0.0%；距大型綠地0m","2021面積_ha":18.0,"2022面積_ha":18.0,"2023面積_ha":18.0}},{"type":"Feature","geometry":{"type":"Polygon","coordinates":[[[121.78950289012784,24.521423243878],[121.78955934214977,24.53045133670074],[121.79942808477212,24.530399358176528],[121.7993709273355,24.521371286953702],[121.78950289012784,24.521423243878]]]},"properties":{"grid_id":"G024_048","綠地類型":"河川沿岸自然地表","中心經度":121.794465,"中心緯度":24.525911,"分析面積_km2":1.04,"2020面積_ha":25.2,"2024面積_ha":25.2,"面積減少率_pct":0.0,"2020斑塊數":1,"2024斑塊數":1,"斑塊數增加率_pct":0.0,"2020平均斑塊面積_ha":391.14,"2024平均斑塊面積_ha":396.72,"平均斑塊面積下降率_pct":0.0,"道路切割密度_km_per_km2":0.0,"建成區邊界切割密度_km_per_km2":0.0,"孤立小斑塊比例_pct":0.0,"距大型連續綠地平均距離_m":0.0,"score_面積減少":36.206896551724135,"score_斑塊增加":44.260435571687836,"score_平均斑塊縮小":28.153357531760438,"score_道路建成區切割":25.941470054446462,"score_孤立比例":40.58529945553539,"score_距大型綠地":38.40744101633394,"綜合破碎化分數":35.6,"破碎化等級":"低","判定原因":"面積減少0.0%；斑塊增加0.0%；平均斑塊縮小0.0%；道路密度0.00 km/km²；孤立比例0.0%；距大型綠地0m","2021面積_ha":25.2,"2022面積_ha":25.2,"2023面積_ha":22.86}},{"type":"Feature","geometry":{"type":"Polygon","coordinates":[[[121.7993709273355,24.521371286953702],[121.79942808477212,24.530399358176528],[121.80929679947826,24.530346734152452],[121.8092389366357,24.521318684797755],[121.7993709273355,24.521371286953702]]]},"properties":{"grid_id":"G024_049","綠地類型":"河川沿岸自然地表","中心經度":121.804334,"中心緯度":24.525859,"分析面積_km2":1.04,"2020面積_ha":53.28,"2024面積_ha":53.28,"面積減少率_pct":0.0,"2020斑塊數":1,"2024斑塊數":1,"斑塊數增加率_pct":0.0,"2020平均斑塊面積_ha":391.14,"2024平均斑塊面積_ha":396.72,"平均斑塊面積下降率_pct":0.0,"道路切割密度_km_per_km2":0.317,"建成區邊界切割密度_km_per_km2":0.0,"孤立小斑塊比例_pct":0.0,"距大型連續綠地平均距離_m":0.0,"score_面積減少":36.206896551724135,"score_斑塊增加":44.260435571687836,"score_平均斑塊縮小":28.153357531760438,"score_道路建成區切割":35.6510889292196,"score_孤立比例":40.58529945553539,"score_距大型綠地":38.40744101633394,"綜合破碎化分數":37.2,"破碎化等級":"低","判定原因":"面積減少0.0%；斑塊增加0.0%；平均斑塊縮小0.0%；道路密度0.32 km/km²；孤立比例0.0%；距大型綠地0m","2021面積_ha":53.28,"2022面積_ha":53.28,"2023面積_ha":53.28}},{"type":"Feature","geometry":{"type":"Polygon","coordinates":[[[121.40468922731182,24.541003656943182],[121.4046602780225,24.53197494180914],[121.39932778595434,24.53198915268649],[121.399073,24.5322129],[121.39891269999998,24.532421199999998],[121.39863939999998,24.533250100000004],[121.39840620000001,24.533824899999995],[121.39832180000002,24.534205499999995],[121.3983277,24.53452499999999],[121.3984438,24.535028799999996],[121.39852560000001,24.535631699999996],[121.3984555,24.5361943],[121.3982809,24.536670700000002],[121.3973385,24.537980600000004],[121.3971397,24.538389199999997],[121.39684100000001,24.539295699999997],[121.3967443,24.539777],[121.3967122,24.540392499999992],[121.39681421048547,24.541024584391632],[121.40468922731182,24.541003656943182]]]},"properties":{"grid_id":"G025_008","綠地類型":"河川沿岸自然地表","中心經度":121.401521,"中心緯度":24.536424,"分析面積_km2":0.698,"2020面積_ha":4.23,"2024面積_ha":4.23,"面積減少率_pct":0.0,"2020斑塊數":1,"2024斑塊數":1,"斑塊數增加率_pct":0.0,"2020平均斑塊面積_ha":270.45,"2024平均斑塊面積_ha":271.44,"平均斑塊面積下降率_pct":0.0,"道路切割密度_km_per_km2":2.491,"建成區邊界切割密度_km_per_km2":0.0,"孤立小斑塊比例_pct":0.0,"距大型連續綠地平均距離_m":0.0,"score_面積減少":36.206896551724135,"score_斑塊增加":44.260435571687836,"score_平均斑塊縮小":28.153357531760438,"score_道路建成區切割":48.774954627949185,"score_孤立比例":40.58529945553539,"score_距大型綠地":38.40744101633394,"綜合破碎化分數":39.4,"破碎化等級":"低","判定原因":"面積減少0.0%；斑塊增加0.0%；平均斑塊縮小0.0%；道路密度2.49 km/km²；孤立比例0.0%；距大型綠地0m","2021面積_ha":4.23,"2022面積_ha":4.23,"2023面積_ha":4.23}},{"type":"Feature","geometry":{"type":"Polygon","coordinates":[[[121.4046602780225,24.53197494180914],[121.40468922731182,24.541003656943182],[121.41455949593093,24.540976846489976],[121.4145298406244,24.531948142494322],[121.4046602780225,24.53197494180914]]]},"properties":{"grid_id":"G025_009","綠地類型":"河川沿岸自然地表","中心經度":121.40961,"中心緯度":24.536476,"分析面積_km2":1.04,"2020面積_ha":52.47,"2024面積_ha":52.47,"面積減少率_pct":0.0,"2020斑塊數":1,"2024斑塊數":1,"斑塊數增加率_pct":0.0,"2020平均斑塊面積_ha":270.45,"2024平均斑塊面積_ha":271.44,"平均斑塊面積下降率_pct":0.0,"道路切割密度_km_per_km2":0.0,"建成區邊界切割密度_km_per_km2":0.0,"孤立小斑塊比例_pct":0.0,"距大型連續綠地平均距離_m":0.0,"score_面積減少":36.206896551724135,"score_斑塊增加":44.260435571687836,"score_平均斑塊縮小":28.153357531760438,"score_道路建成區切割":25.941470054446462,"score_孤立比例":40.58529945553539,"score_距大型綠地":38.40744101633394,"綜合破碎化分數":35.6,"破碎化等級":"低","判定原因":"面積減少0.0%；斑塊增加0.0%；平均斑塊縮小0.0%；道路密度0.00 km/km²；孤立比例0.0%；距大型綠地0m","2021面積_ha":52.47,"2022面積_ha":52.47,"2023面積_ha":52.47}},{"type":"Feature","geometry":{"type":"Polygon","coordinates":[[[121.4145298406244,24.531948142494322],[121.41455949593093,24.540976846489976],[121.42442975006803,24.540949390054802],[121.42439938874884,24.531920697465903],[121.4145298406244,24.531948142494322]]]},"properties":{"grid_id":"G025_010","綠地類型":"河川沿岸自然地表","中心經度":121.41948,"中心緯度":24.536449,"分析面積_km2":1.04,"2020面積_ha":37.44,"2024面積_ha":37.44,"面積減少率_pct":0.0,"2020斑塊數":2,"2024斑塊數":2,"斑塊數增加率_pct":0.0,"2020平均斑塊面積_ha":301.86,"2024平均斑塊面積_ha":302.31,"平均斑塊面積下降率_pct":0.0,"道路切割密度_km_per_km2":0.0,"建成區邊界切割密度_km_per_km2":0.0,"孤立小斑塊比例_pct":0.0,"距大型連續綠地平均距離_m":0.0,"score_面積減少":36.206896551724135,"score_斑塊增加":44.260435571687836,"score_平均斑塊縮小":28.153357531760438,"score_道路建成區切割":25.941470054446462,"score_孤立比例":40.58529945553539,"score_距大型綠地":38.40744101633394,"綜合破碎化分數":35.6,"破碎化等級":"低","判定原因":"面積減少0.0%；斑塊增加0.0%；平均斑塊縮小0.0%；道路密度0.00 km/km²；孤立比例0.0%；距大型綠地0m","2021面積_ha":37.44,"2022面積_ha":37.44,"2023面積_ha":37.44}},{"type":"Feature","geometry":{"type":"Polygon","coordinates":[[[121.42439938874884,24.531920697465903],[121.42442975006803,24.540949390054802],[121.43429998937833,24.540921287641456],[121.43426892205116,24.53189260672768],[121.42439938874884,24.531920697465903]]]},"properties":{"grid_id":"G025_011","綠地類型":"河川沿岸自然地表","中心經度":121.42935,"中心緯度":24.536421,"分析面積_km2":1.04,"2020面積_ha":6.12,"2024面積_ha":6.12,"面積減少率_pct":0.0,"2020斑塊數":2,"2024斑塊數":2,"斑塊數增加率_pct":0.0,"2020平均斑塊面積_ha":301.86,"2024平均斑塊面積_ha":302.31,"平均斑塊面積下降率_pct":0.0,"道路切割密度_km_per_km2":0.0,"建成區邊界切割密度_km_per_km2":0.0,"孤立小斑塊比例_pct":0.0,"距大型連續綠地平均距離_m":0.0,"score_面積減少":36.206896551724135,"score_斑塊增加":44.260435571687836,"score_平均斑塊縮小":28.153357531760438,"score_道路建成區切割":25.941470054446462,"score_孤立比例":40.58529945553539,"score_距大型綠地":38.40744101633394,"綜合破碎化分數":35.6,"破碎化等級":"低","判定原因":"面積減少0.0%；斑塊增加0.0%；平均斑塊縮小0.0%；道路密度0.00 km/km²；孤立比例0.0%；距大型綠地0m","2021面積_ha":6.12,"2022面積_ha":6.12,"2023面積_ha":6.12}},{"type":"Feature","geometry":{"type":"Polygon","coordinates":[[[121.47374690014607,24.531773786755597],[121.47378079145636,24.540802418285267],[121.48365095146129,24.54077108604103],[121.48361635416795,24.53174246752828],[121.47374690014607,24.531773786755597]]]},"properties":{"grid_id":"G025_016","綠地類型":"河川沿岸自然地表","中心經度":121.478699,"中心緯度":24.536273,"分析面積_km2":1.04,"2020面積_ha":32.67,"2024面積_ha":32.67,"面積減少率_pct":0.0,"2020斑塊數":1,"2024斑塊數":1,"斑塊數增加率_pct":0.0,"2020平均斑塊面積_ha":1148.67,"2024平均斑塊面積_ha":1947.87,"平均斑塊面積下降率_pct":0.0,"道路切割密度_km_per_km2":0.058,"建成區邊界切割密度_km_per_km2":0.0,"孤立小斑塊比例_pct":0.0,"距大型連續綠地平均距離_m":0.0,"score_面積減少":36.206896551724135,"score_斑塊增加":44.260435571687836,"score_平均斑塊縮小":28.153357531760438,"score_道路建成區切割":34.11978221415608,"score_孤立比例":40.58529945553539,"score_距大型綠地":38.40744101633394,"綜合破碎化分數":37.0,"破碎化等級":"低","判定原因":"面積減少0.0%；斑塊增加0.0%；平均斑塊縮小0.0%；道路密度0.06 km/km²；孤立比例0.0%；距大型綠地0m","2021面積_ha":32.67,"2022面積_ha":32.67,"2023面積_ha":32.67}},{"type":"Feature","geometry":{"type":"Polygon","coordinates":[[[121.58230990857261,24.53139376332582],[121.58235156538612,24.540422236910295],[121.59222152058214,24.54038379943431],[121.59217915785003,24.531355341818514],[121.58230990857261,24.53139376332582]]]},"properties":{"grid_id":"G025_027","綠地類型":"河川沿岸自然地表","中心經度":121.587266,"中心緯度":24.535889,"分析面積_km2":1.04,"2020面積_ha":45.36,"2024面積_ha":45.36,"面積減少率_pct":0.0,"2020斑塊數":1,"2024斑塊數":1,"斑塊數增加率_pct":0.0,"2020平均斑塊面積_ha":2584.17,"2024平均斑塊面積_ha":6380.64,"平均斑塊面積下降率_pct":0.0,"道路切割密度_km_per_km2":0.404,"建成區邊界切割密度_km_per_km2":0.0,"孤立小斑塊比例_pct":0.0,"距大型連續綠地平均距離_m":0.0,"score_面積減少":36.206896551724135,"score_斑塊增加":44.260435571687836,"score_平均斑塊縮小":28.153357531760438,"score_道路建成區切割":36.240925589836664,"score_孤立比例":40.58529945553539,"score_距大型綠地":38.40744101633394,"綜合破碎化分數":37.3,"破碎化等級":"低","判定原因":"面積減少0.0%；斑塊增加0.0%；平均斑塊縮小0.0%；道路密度0.40 km/km²；孤立比例0.0%；距大型綠地0m","2021面積_ha":45.36,"2022面積_ha":45.36,"2023面積_ha":45.36}},{"type":"Feature","geometry":{"type":"Polygon","coordinates":[[[121.60204838644663,24.531316274679433],[121.60209145509086,24.54034471605821],[121.61196136856758,24.540304986787394],[121.61191759401787,24.53127656191395],[121.60204838644663,24.531316274679433]]]},"properties":{"grid_id":"G025_029","綠地類型":"河川沿岸自然地表","中心經度":121.607005,"中心緯度":24.535811,"分析面積_km2":1.04,"2020面積_ha":68.67,"2024面積_ha":68.67,"面積減少率_pct":0.0,"2020斑塊數":1,"2024斑塊數":1,"斑塊數增加率_pct":0.0,"2020平均斑塊面積_ha":755.55,"2024平均斑塊面積_ha":1303.2,"平均斑塊面積下降率_pct":0.0,"道路切割密度_km_per_km2":1.586,"建成區邊界切割密度_km_per_km2":0.0,"孤立小斑塊比例_pct":0.0,"距大型連續綠地平均距離_m":0.0,"score_面積減少":36.206896551724135,"score_斑塊增加":44.260435571687836,"score_平均斑塊縮小":28.153357531760438,"score_道路建成區切割":43.30762250453721,"score_孤立比例":40.58529945553539,"score_距大型綠地":38.40744101633394,"綜合破碎化分數":38.5,"破碎化等級":"低","判定原因":"面積減少0.0%；斑塊增加0.0%；平均斑塊縮小0.0%；道路密度1.59 km/km²；孤立比例0.0%；距大型綠地0m","2021面積_ha":68.67,"2022面積_ha":68.67,"2023面積_ha":68.67}},{"type":"Feature","geometry":{"type":"Polygon","coordinates":[[[121.61191759401787,24.53127656191395],[121.61196136856758,24.540304986787394],[121.62183126066758,24.540264611627347],[121.6217867802191,24.531236203527545],[121.61191759401787,24.53127656191395]]]},"properties":{"grid_id":"G025_030","綠地類型":"河川沿岸自然地表","中心經度":121.616874,"中心緯度":24.535771,"分析面積_km2":1.04,"2020面積_ha":72.0,"2024面積_ha":72.0,"面積減少率_pct":0.0,"2020斑塊數":1,"2024斑塊數":1,"斑塊數增加率_pct":0.0,"2020平均斑塊面積_ha":755.55,"2024平均斑塊面積_ha":1303.2,"平均斑塊面積下降率_pct":0.0,"道路切割密度_km_per_km2":0.0,"建成區邊界切割密度_km_per_km2":0.0,"孤立小斑塊比例_pct":0.0,"距大型連續綠地平均距離_m":0.0,"score_面積減少":36.206896551724135,"score_斑塊增加":44.260435571687836,"score_平均斑塊縮小":28.153357531760438,"score_道路建成區切割":25.941470054446462,"score_孤立比例":40.58529945553539,"score_距大型綠地":38.40744101633394,"綜合破碎化分數":35.6,"破碎化等級":"低","判定原因":"面積減少0.0%；斑塊增加0.0%；平均斑塊縮小0.0%；道路密度0.00 km/km²；孤立比例0.0%；距大型綠地0m","2021面積_ha":72.0,"2022面積_ha":72.0,"2023面積_ha":72.0}},{"type":"Feature","geometry":{"type":"Polygon","coordinates":[[[121.6217867802191,24.531236203527545],[121.62183126066758,24.540264611627347],[121.6317011310462,24.540223590583636],[121.63165594470577,24.531195199525808],[121.6217867802191,24.531236203527545]]]},"properties":{"grid_id":"G025_031","綠地類型":"河川沿岸自然地表","中心經度":121.626744,"中心緯度":24.53573,"分析面積_km2":1.04,"2020面積_ha":50.76,"2024面積_ha":50.76,"面積減少率_pct":0.0,"2020斑塊數":1,"2024斑塊數":1,"斑塊數增加率_pct":0.0,"2020平均斑塊面積_ha":755.55,"2024平均斑塊面積_ha":1303.2,"平均斑塊面積下降率_pct":0.0,"道路切割密度_km_per_km2":0.0,"建成區邊界切割密度_km_per_km2":0.0,"孤立小斑塊比例_pct":0.0,"距大型連續綠地平均距離_m":0.0,"score_面積減少":36.206896551724135,"score_斑塊增加":44.260435571687836,"score_平均斑塊縮小":28.153357531760438,"score_道路建成區切割":25.941470054446462,"score_孤立比例":40.58529945553539,"score_距大型綠地":38.40744101633394,"綜合破碎化分數":35.6,"破碎化等級":"低","判定原因":"面積減少0.0%；斑塊增加0.0%；平均斑塊縮小0.0%；道路密度0.00 km/km²；孤立比例0.0%；距大型綠地0m","2021面積_ha":50.76,"2022面積_ha":50.76,"2023面積_ha":50.76}},{"type":"Feature","geometry":{"type":"Polygon","coordinates":[[[121.63165594470577,24.531195199525808],[121.6317011310462,24.540223590583636],[121.64157097935873,24.540181923661915],[121.64152508713332,24.531153549914375],[121.63165594470577,24.531195199525808]]]},"properties":{"grid_id":"G025_032","綠地類型":"河川沿岸自然地表","中心經度":121.636613,"中心緯度":24.535689,"分析面積_km2":1.04,"2020面積_ha":33.3,"2024面積_ha":33.3,"面積減少率_pct":0.0,"2020斑塊數":2,"2024斑塊數":1,"斑塊數增加率_pct":0.0,"2020平均斑塊面積_ha":630.09,"2024平均斑塊面積_ha":1303.2,"平均斑塊面積下降率_pct":0.0,"道路切割密度_km_per_km2":0.0,"建成區邊界切割密度_km_per_km2":0.0,"孤立小斑塊比例_pct":0.0,"距大型連續綠地平均距離_m":0.0,"score_面積減少":36.206896551724135,"score_斑塊增加":44.260435571687836,"score_平均斑塊縮小":28.153357531760438,"score_道路建成區切割":25.941470054446462,"score_孤立比例":40.58529945553539,"score_距大型綠地":38.40744101633394,"綜合破碎化分數":35.6,"破碎化等級":"低","判定原因":"面積減少0.0%；斑塊增加0.0%；平均斑塊縮小0.0%；道路密度0.00 km/km²；孤立比例0.0%；距大型綠地0m","2021面積_ha":33.3,"2022面積_ha":33.3,"2023面積_ha":33.3}},{"type":"Feature","geometry":{"type":"Polygon","coordinates":[[[121.64152508713332,24.531153549914375],[121.64157097935873,24.540181923661915],[121.6514408052605,24.540139610867946],[121.65139420715714,24.53111125469901],[121.64152508713332,24.531153549914375]]]},"properties":{"grid_id":"G025_033","綠地類型":"河川沿岸自然地表","中心經度":121.646483,"中心緯度":24.535647,"分析面積_km2":1.04,"2020面積_ha":21.6,"2024面積_ha":23.13,"面積減少率_pct":0.0,"2020斑塊數":3,"2024斑塊數":1,"斑塊數增加率_pct":0.0,"2020平均斑塊面積_ha":424.35,"2024平均斑塊面積_ha":1303.2,"平均斑塊面積下降率_pct":0.0,"道路切割密度_km_per_km2":0.029,"建成區邊界切割密度_km_per_km2":0.0,"孤立小斑塊比例_pct":0.0,"距大型連續綠地平均距離_m":0.0,"score_面積減少":36.206896551724135,"score_斑塊增加":44.260435571687836,"score_平均斑塊縮小":28.153357531760438,"score_道路建成區切割":33.82486388384755,"score_孤立比例":40.58529945553539,"score_距大型綠地":38.40744101633394,"綜合破碎化分數":36.9,"破碎化等級":"低","判定原因":"面積減少0.0%；斑塊增加0.0%；平均斑塊縮小0.0%；道路密度0.03 km/km²；孤立比例0.0%；距大型綠地0m","2021面積_ha":23.22,"2022面積_ha":22.41,"2023面積_ha":23.04}},{"type":"Feature","geometry":{"type":"Polygon","coordinates":[[[121.65139420715714,24.53111125469901],[121.6514408052605,24.540139610867946],[121.66131060840681,24.540096652207566],[121.66126330443267,24.531068313885534],[121.65139420715714,24.53111125469901]]]},"properties":{"grid_id":"G025_034","綠地類型":"河川沿岸自然地表","中心經度":121.656352,"中心緯度":24.535604,"分析面積_km2":1.04,"2020面積_ha":25.11,"2024面積_ha":33.12,"面積減少率_pct":0.0,"2020斑塊數":3,"2024斑塊數":1,"斑塊數增加率_pct":0.0,"2020平均斑塊面積_ha":172.59,"2024平均斑塊面積_ha":1303.2,"平均斑塊面積下降率_pct":0.0,"道路切割密度_km_per_km2":2.076,"建成區邊界切割密度_km_per_km2":0.0,"孤立小斑塊比例_pct":0.0,"距大型連續綠地平均距離_m":0.0,"score_面積減少":36.206896551724135,"score_斑塊增加":44.260435571687836,"score_平均斑塊縮小":28.153357531760438,"score_道路建成區切割":46.903357531760435,"score_孤立比例":40.58529945553539,"score_距大型綠地":38.40744101633394,"綜合破碎化分數":39.1,"破碎化等級":"低","判定原因":"面積減少0.0%；斑塊增加0.0%；平均斑塊縮小0.0%；道路密度2.08 km/km²；孤立比例0.0%；距大型綠地0m","2021面積_ha":37.35,"2022面積_ha":32.04,"2023面積_ha":34.29}},{"type":"Feature","geometry":{"type":"Polygon","coordinates":[[[121.66126330443267,24.531068313885534],[121.66131060840681,24.540096652207566],[121.67118038845302,24.5400530476867],[121.67113237861535,24.531024727479885],[121.66126330443267,24.531068313885534]]]},"properties":{"grid_id":"G025_035","綠地類型":"河川沿岸自然地表","中心經度":121.666222,"中心緯度":24.535561,"分析面積_km2":1.04,"2020面積_ha":4.86,"2024面積_ha":4.86,"面積減少率_pct":0.0,"2020斑塊數":1,"2024斑塊數":1,"斑塊數增加率_pct":0.0,"2020平均斑塊面積_ha":3955.86,"2024平均斑塊面積_ha":4238.28,"平均斑塊面積下降率_pct":0.0,"道路切割密度_km_per_km2":0.0,"建成區邊界切割密度_km_per_km2":0.0,"孤立小斑塊比例_pct":0.0,"距大型連續綠地平均距離_m":0.0,"score_面積減少":36.206896551724135,"score_斑塊增加":44.260435571687836,"score_平均斑塊縮小":28.153357531760438,"score_道路建成區切割":25.941470054446462,"score_孤立比例":40.58529945553539,"score_距大型綠地":38.40744101633394,"綜合破碎化分數":35.6,"破碎化等級":"低","判定原因":"面積減少0.0%；斑塊增加0.0%；平均斑塊縮小0.0%；道路密度0.00 km/km²；孤立比例0.0%；距大型綠地0m","2021面積_ha":4.86,"2022面積_ha":4.86,"2023面積_ha":4.86}},{"type":"Feature","geometry":{"type":"Polygon","coordinates":[[[121.67113237861535,24.531024727479885],[121.67118038845302,24.5400530476867],[121.68105014505443,24.540008797311373],[121.68100142936063,24.530980495488073],[121.67113237861535,24.531024727479885]]]},"properties":{"grid_id":"G025_036","綠地類型":"河川沿岸自然地表","中心經度":121.676091,"中心緯度":24.535517,"分析面積_km2":1.04,"2020面積_ha":48.24,"2024面積_ha":48.33,"面積減少率_pct":0.0,"2020斑塊數":1,"2024斑塊數":1,"斑塊數增加率_pct":0.0,"2020平均斑塊面積_ha":3955.86,"2024平均斑塊面積_ha":4238.28,"平均斑塊面積下降率_pct":0.0,"道路切割密度_km_per_km2":0.0,"建成區邊界切割密度_km_per_km2":0.0,"孤立小斑塊比例_pct":0.0,"距大型連續綠地平均距離_m":0.0,"score_面積減少":36.206896551724135,"score_斑塊增加":44.260435571687836,"score_平均斑塊縮小":28.153357531760438,"score_道路建成區切割":25.941470054446462,"score_孤立比例":40.58529945553539,"score_距大型綠地":38.40744101633394,"綜合破碎化分數":35.6,"破碎化等級":"低","判定原因":"面積減少0.0%；斑塊增加0.0%；平均斑塊縮小0.0%；道路密度0.00 km/km²；孤立比例0.0%；距大型綠地0m","2021面積_ha":48.33,"2022面積_ha":47.97,"2023面積_ha":48.33}},{"type":"Feature","geometry":{"type":"Polygon","coordinates":[[[121.68100142936063,24.530980495488073],[121.68105014505443,24.540008797311373],[121.69091987786638,24.539963901087685],[121.69087045632392,24.530935617916203],[121.68100142936063,24.530980495488073]]]},"properties":{"grid_id":"G025_037","綠地類型":"河川沿岸自然地表","中心經度":121.68596,"中心緯度":24.535472,"分析面積_km2":1.04,"2020面積_ha":47.25,"2024面積_ha":47.25,"面積減少率_pct":0.0,"2020斑塊數":1,"2024斑塊數":1,"斑塊數增加率_pct":0.0,"2020平均斑塊面積_ha":3955.86,"2024平均斑塊面積_ha":4238.28,"平均斑塊面積下降率_pct":0.0,"道路切割密度_km_per_km2":0.0,"建成區邊界切割密度_km_per_km2":0.0,"孤立小斑塊比例_pct":0.0,"距大型連續綠地平均距離_m":0.0,"score_面積減少":36.206896551724135,"score_斑塊增加":44.260435571687836,"score_平均斑塊縮小":28.153357531760438,"score_道路建成區切割":25.941470054446462,"score_孤立比例":40.58529945553539,"score_距大型綠地":38.40744101633394,"綜合破碎化分數":35.6,"破碎化等級":"低","判定原因":"面積減少0.0%；斑塊增加0.0%；平均斑塊縮小0.0%；道路密度0.00 km/km²；孤立比例0.0%；距大型綠地0m","2021面積_ha":47.25,"2022面積_ha":47.25,"2023面積_ha":47.25}},{"type":"Feature","geometry":{"type":"Polygon","coordinates":[[[121.69087045632392,24.530935617916203],[121.69091987786638,24.539963901087685],[121.70078958654423,24.53991835902183],[121.70073945916072,24.53089009477047],[121.69087045632392,24.530935617916203]]]},"properties":{"grid_id":"G025_038","綠地類型":"河川沿岸自然地表","中心經度":121.69583,"中心緯度":24.535427,"分析面積_km2":1.04,"2020面積_ha":14.94,"2024面積_ha":14.94,"面積減少率_pct":0.0,"2020斑塊數":1,"2024斑塊數":1,"斑塊數增加率_pct":0.0,"2020平均斑塊面積_ha":3955.86,"2024平均斑塊面積_ha":4238.28,"平均斑塊面積下降率_pct":0.0,"道路切割密度_km_per_km2":0.0,"建成區邊界切割密度_km_per_km2":0.0,"孤立小斑塊比例_pct":0.0,"距大型連續綠地平均距離_m":0.0,"score_面積減少":36.206896551724135,"score_斑塊增加":44.260435571687836,"score_平均斑塊縮小":28.153357531760438,"score_道路建成區切割":25.941470054446462,"score_孤立比例":40.58529945553539,"score_距大型綠地":38.40744101633394,"綜合破碎化分數":35.6,"破碎化等級":"低","判定原因":"面積減少0.0%；斑塊增加0.0%；平均斑塊縮小0.0%；道路密度0.00 km/km²；孤立比例0.0%；距大型綠地0m","2021面積_ha":14.49,"2022面積_ha":14.85,"2023面積_ha":14.94}},{"type":"Feature","geometry":{"type":"Polygon","coordinates":[[[121.70073945916072,24.53089009477047],[121.70078958654423,24.53991835902183],[121.71065927074332,24.539872171120102],[121.71060843752642,24.53084392605715],[121.70073945916072,24.53089009477047]]]},"properties":{"grid_id":"G025_039","綠地類型":"河川沿岸自然地表","中心經度":121.705699,"中心緯度":24.535381,"分析面積_km2":1.04,"2020面積_ha":33.57,"2024面積_ha":33.93,"面積減少率_pct":0.0,"2020斑塊數":1,"2024斑塊數":1,"斑塊數增加率_pct":0.0,"2020平均斑塊面積_ha":3955.86,"2024平均斑塊面積_ha":4238.28,"平均斑塊面積下降率_pct":0.0,"道路切割密度_km_per_km2":0.0,"建成區邊界切割密度_km_per_km2":0.0,"孤立小斑塊比例_pct":0.0,"距大型連續綠地平均距離_m":0.0,"score_面積減少":36.206896551724135,"score_斑塊增加":44.260435571687836,"score_平均斑塊縮小":28.153357531760438,"score_道路建成區切割":25.941470054446462,"score_孤立比例":40.58529945553539,"score_距大型綠地":38.40744101633394,"綜合破碎化分數":35.6,"破碎化等級":"低","判定原因":"面積減少0.0%；斑塊增加0.0%；平均斑塊縮小0.0%；道路密度0.00 km/km²；孤立比例0.0%；距大型綠地0m","2021面積_ha":33.93,"2022面積_ha":33.75,"2023面積_ha":33.84}},{"type":"Feature","geometry":{"type":"Polygon","coordinates":[[[121.72047739107651,24.53079711178261],[121.72052893011896,24.539825337388862],[121.73039856432656,24.53977785783459],[121.73034631946646,24.53074965195332],[121.72047739107651,24.53079711178261]]]},"properties":{"grid_id":"G025_041","綠地類型":"河川沿岸自然地表","中心經度":121.725438,"中心緯度":24.535288,"分析面積_km2":1.04,"2020面積_ha":3.87,"2024面積_ha":3.87,"面積減少率_pct":0.0,"2020斑塊數":1,"2024斑塊數":1,"斑塊數增加率_pct":0.0,"2020平均斑塊面積_ha":3955.86,"2024平均斑塊面積_ha":4238.28,"平均斑塊面積下降率_pct":0.0,"道路切割密度_km_per_km2":0.0,"建成區邊界切割密度_km_per_km2":0.0,"孤立小斑塊比例_pct":0.0,"距大型連續綠地平均距離_m":0.0,"score_面積減少":36.206896551724135,"score_斑塊增加":44.260435571687836,"score_平均斑塊縮小":28.153357531760438,"score_道路建成區切割":25.941470054446462,"score_孤立比例":40.58529945553539,"score_距大型綠地":38.40744101633394,"綜合破碎化分數":35.6,"破碎化等級":"低","判定原因":"面積減少0.0%；斑塊增加0.0%；平均斑塊縮小0.0%；道路密度0.00 km/km²；孤立比例0.0%；距大型綠地0m","2021面積_ha":3.87,"2022面積_ha":3.87,"2023面積_ha":3.87}},{"type":"Feature","geometry":{"type":"Polygon","coordinates":[[[121.73034631946646,24.53074965195332],[121.73039856432656,24.53977785783459],[121.74026817302146,24.539729732463822],[121.74021522235174,24.53070154657583],[121.73034631946646,24.53074965195332]]]},"properties":{"grid_id":"G025_042","綠地類型":"河川沿岸自然地表","中心經度":121.735307,"中心緯度":24.53524,"分析面積_km2":1.04,"2020面積_ha":29.7,"2024面積_ha":29.79,"面積減少率_pct":0.0,"2020斑塊數":1,"2024斑塊數":1,"斑塊數增加率_pct":0.0,"2020平均斑塊面積_ha":3955.86,"2024平均斑塊面積_ha":4238.28,"平均斑塊面積下降率_pct":0.0,"道路切割密度_km_per_km2":1.499,"建成區邊界切割密度_km_per_km2":0.0,"孤立小斑塊比例_pct":0.0,"距大型連續綠地平均距離_m":0.0,"score_面積減少":36.206896551724135,"score_斑塊增加":44.260435571687836,"score_平均斑塊縮小":28.153357531760438,"score_道路建成區切割":42.615698729582576,"score_孤立比例":40.58529945553539,"score_距大型綠地":38.40744101633394,"綜合破碎化分數":38.4,"破碎化等級":"低","判定原因":"面積減少0.0%；斑塊增加0.0%；平均斑塊縮小0.0%；道路密度1.50 km/km²；孤立比例0.0%；距大型綠地0m","2021面積_ha":29.79,"2022面積_ha":29.79,"2023面積_ha":29.79}},{"type":"Feature","geometry":{"type":"Polygon","coordinates":[[[121.74021522235174,24.53070154657583],[121.74026817302146,24.539729732463822],[121.75013775585904,24.53968096128321],[121.75008409938782,24.530652795656774],[121.74021522235174,24.53070154657583]]]},"properties":{"grid_id":"G025_043","綠地類型":"河川沿岸自然地表","中心經度":121.745176,"中心緯度":24.535191,"分析面積_km2":1.04,"2020面積_ha":41.31,"2024面積_ha":41.31,"面積減少率_pct":0.0,"2020斑塊數":1,"2024斑塊數":1,"斑塊數增加率_pct":0.0,"2020平均斑塊面積_ha":3955.86,"2024平均斑塊面積_ha":4238.28,"平均斑塊面積下降率_pct":0.0,"道路切割密度_km_per_km2":0.923,"建成區邊界切割密度_km_per_km2":0.0,"孤立小斑塊比例_pct":0.0,"距大型連續綠地平均距離_m":0.0,"score_面積減少":36.206896551724135,"score_斑塊增加":44.260435571687836,"score_平均斑塊縮小":28.153357531760438,"score_道路建成區切割":39.16742286751361,"score_孤立比例":40.58529945553539,"score_距大型綠地":38.40744101633394,"綜合破碎化分數":37.8,"破碎化等級":"低","判定原因":"面積減少0.0%；斑塊增加0.0%；平均斑塊縮小0.0%；道路密度0.92 km/km²；孤立比例0.0%；距大型綠地0m","2021面積_ha":41.31,"2022面積_ha":41.31,"2023面積_ha":41.31}},{"type":"Feature","geometry":{"type":"Polygon","coordinates":[[[121.75008409938782,24.530652795656774],[121.75013775585904,24.53968096128321],[121.76000731249462,24.539631544299482],[121.75995295023017,24.53060339920287],[121.75008409938782,24.530652795656774]]]},"properties":{"grid_id":"G025_044","綠地類型":"河川沿岸自然地表","中心經度":121.755046,"中心緯度":24.535142,"分析面積_km2":1.04,"2020面積_ha":46.62,"2024面積_ha":46.62,"面積減少率_pct":0.0,"2020斑塊數":1,"2024斑塊數":1,"斑塊數增加率_pct":0.0,"2020平均斑塊面積_ha":3955.86,"2024平均斑塊面積_ha":4238.28,"平均斑塊面積下降率_pct":0.0,"道路切割密度_km_per_km2":0.0,"建成區邊界切割密度_km_per_km2":0.0,"孤立小斑塊比例_pct":0.0,"距大型連續綠地平均距離_m":0.0,"score_面積減少":36.206896551724135,"score_斑塊增加":44.260435571687836,"score_平均斑塊縮小":28.153357531760438,"score_道路建成區切割":25.941470054446462,"score_孤立比例":40.58529945553539,"score_距大型綠地":38.40744101633394,"綜合破碎化分數":35.6,"破碎化等級":"低","判定原因":"面積減少0.0%；斑塊增加0.0%；平均斑塊縮小0.0%；道路密度0.00 km/km²；孤立比例0.0%；距大型綠地0m","2021面積_ha":46.62,"2022面積_ha":46.62,"2023面積_ha":46.62}},{"type":"Feature","geometry":{"type":"Polygon","coordinates":[[[121.75995295023017,24.53060339920287],[121.76000731249462,24.539631544299482],[121.76987684258364,24.53958148151945],[121.7698217745343,24.53055335722095],[121.75995295023017,24.53060339920287]]]},"properties":{"grid_id":"G025_045","綠地類型":"河川沿岸自然地表","中心經度":121.764915,"中心緯度":24.535093,"分析面積_km2":1.04,"2020面積_ha":1.44,"2024面積_ha":1.44,"面積減少率_pct":0.0,"2020斑塊數":1,"2024斑塊數":1,"斑塊數增加率_pct":0.0,"2020平均斑塊面積_ha":3955.86,"2024平均斑塊面積_ha":4238.28,"平均斑塊面積下降率_pct":0.0,"道路切割密度_km_per_km2":0.317,"建成區邊界切割密度_km_per_km2":0.0,"孤立小斑塊比例_pct":0.0,"距大型連續綠地平均距離_m":0.0,"score_面積減少":36.206896551724135,"score_斑塊增加":44.260435571687836,"score_平均斑塊縮小":28.153357531760438,"score_道路建成區切割":35.6510889292196,"score_孤立比例":40.58529945553539,"score_距大型綠地":38.40744101633394,"綜合破碎化分數":37.2,"破碎化等級":"低","判定原因":"面積減少0.0%；斑塊增加0.0%；平均斑塊縮小0.0%；道路密度0.32 km/km²；孤立比例0.0%；距大型綠地0m","2021面積_ha":1.44,"2022面積_ha":1.44,"2023面積_ha":1.44}},{"type":"Feature","geometry":{"type":"Polygon","coordinates":[[[121.7698217745343,24.53055335722095],[121.76987684258364,24.53958148151945],[121.77974634578145,24.539530772950034],[121.77969057195564,24.530502669717904],[121.7698217745343,24.53055335722095]]]},"properties":{"grid_id":"G025_046","綠地類型":"河川沿岸自然地表","中心經度":121.774784,"中心緯度":24.535042,"分析面積_km2":1.04,"2020面積_ha":63.36,"2024面積_ha":63.36,"面積減少率_pct":0.0,"2020斑塊數":1,"2024斑塊數":1,"斑塊數增加率_pct":0.0,"2020平均斑塊面積_ha":3955.86,"2024平均斑塊面積_ha":4238.28,"平均斑塊面積下降率_pct":0.0,"道路切割密度_km_per_km2":0.0,"建成區邊界切割密度_km_per_km2":0.0,"孤立小斑塊比例_pct":0.0,"距大型連續綠地平均距離_m":0.0,"score_面積減少":36.206896551724135,"score_斑塊增加":44.260435571687836,"score_平均斑塊縮小":28.153357531760438,"score_道路建成區切割":25.941470054446462,"score_孤立比例":40.58529945553539,"score_距大型綠地":38.40744101633394,"綜合破碎化分數":35.6,"破碎化等級":"低","判定原因":"面積減少0.0%；斑塊增加0.0%；平均斑塊縮小0.0%；道路密度0.00 km/km²；孤立比例0.0%；距大型綠地0m","2021面積_ha":63.36,"2022面積_ha":63.36,"2023面積_ha":63.36}},{"type":"Feature","geometry":{"type":"Polygon","coordinates":[[[121.77969057195564,24.530502669717904],[121.77974634578145,24.539530772950034],[121.78961582174344,24.539479418598226],[121.78955934214977,24.53045133670074],[121.77969057195564,24.530502669717904]]]},"properties":{"grid_id":"G025_047","綠地類型":"河川沿岸自然地表","中心經度":121.784653,"中心緯度":24.534991,"分析面積_km2":1.04,"2020面積_ha":25.47,"2024面積_ha":25.47,"面積減少率_pct":0.0,"2020斑塊數":2,"2024斑塊數":2,"斑塊數增加率_pct":0.0,"2020平均斑塊面積_ha":2173.5,"2024平均斑塊面積_ha":2317.5,"平均斑塊面積下降率_pct":0.0,"道路切割密度_km_per_km2":0.0,"建成區邊界切割密度_km_per_km2":0.0,"孤立小斑塊比例_pct":0.0,"距大型連續綠地平均距離_m":0.0,"score_面積減少":36.206896551724135,"score_斑塊增加":44.260435571687836,"score_平均斑塊縮小":28.153357531760438,"score_道路建成區切割":25.941470054446462,"score_孤立比例":40.58529945553539,"score_距大型綠地":38.40744101633394,"綜合破碎化分數":35.6,"破碎化等級":"低","判定原因":"面積減少0.0%；斑塊增加0.0%；平均斑塊縮小0.0%；道路密度0.00 km/km²；孤立比例0.0%；距大型綠地0m","2021面積_ha":25.47,"2022面積_ha":25.29,"2023面積_ha":24.66}},{"type":"Feature","geometry":{"type":"Polygon","coordinates":[[[121.78955934214977,24.53045133670074],[121.78961582174344,24.539479418598226],[121.799485270125,24.539427418471107],[121.79942808477212,24.530399358176528],[121.78955934214977,24.53045133670074]]]},"properties":{"grid_id":"G025_048","綠地類型":"河川沿岸自然地表","中心經度":121.794522,"中心緯度":24.534939,"分析面積_km2":1.04,"2020面積_ha":58.77,"2024面積_ha":58.77,"面積減少率_pct":0.0,"2020斑塊數":1,"2024斑塊數":1,"斑塊數增加率_pct":0.0,"2020平均斑塊面積_ha":391.14,"2024平均斑塊面積_ha":396.72,"平均斑塊面積下降率_pct":0.0,"道路切割密度_km_per_km2":0.0,"建成區邊界切割密度_km_per_km2":0.0,"孤立小斑塊比例_pct":0.0,"距大型連續綠地平均距離_m":0.0,"score_面積減少":36.206896551724135,"score_斑塊增加":44.260435571687836,"score_平均斑塊縮小":28.153357531760438,"score_道路建成區切割":25.941470054446462,"score_孤立比例":40.58529945553539,"score_距大型綠地":38.40744101633394,"綜合破碎化分數":35.6,"破碎化等級":"低","判定原因":"面積減少0.0%；斑塊增加0.0%；平均斑塊縮小0.0%；道路密度0.00 km/km²；孤立比例0.0%；距大型綠地0m","2021面積_ha":58.77,"2022面積_ha":58.77,"2023面積_ha":58.05}},{"type":"Feature","geometry":{"type":"Polygon","coordinates":[[[121.79942808477212,24.530399358176528],[121.799485270125,24.539427418471107],[121.80935469058154,24.539374772575858],[121.80929679947826,24.530346734152452],[121.79942808477212,24.530399358176528]]]},"properties":{"grid_id":"G025_049","綠地類型":"河川沿岸自然地表","中心經度":121.804391,"中心緯度":24.534887,"分析面積_km2":1.04,"2020面積_ha":47.25,"2024面積_ha":47.25,"面積減少率_pct":0.0,"2020斑塊數":1,"2024斑塊數":1,"斑塊數增加率_pct":0.0,"2020平均斑塊面積_ha":391.14,"2024平均斑塊面積_ha":396.72,"平均斑塊面積下降率_pct":0.0,"道路切割密度_km_per_km2":0.0,"建成區邊界切割密度_km_per_km2":0.0,"孤立小斑塊比例_pct":0.0,"距大型連續綠地平均距離_m":0.0,"score_面積減少":36.206896551724135,"score_斑塊增加":44.260435571687836,"score_平均斑塊縮小":28.153357531760438,"score_道路建成區切割":25.941470054446462,"score_孤立比例":40.58529945553539,"score_距大型綠地":38.40744101633394,"綜合破碎化分數":35.6,"破碎化等級":"低","判定原因":"面積減少0.0%；斑塊增加0.0%；平均斑塊縮小0.0%；道路密度0.00 km/km²；孤立比例0.0%；距大型綠地0m","2021面積_ha":47.25,"2022面積_ha":47.25,"2023面積_ha":47.25}},{"type":"Feature","geometry":{"type":"Polygon","coordinates":[[[121.81916548592365,24.53029346463577],[121.81922408276849,24.539321480919757],[121.82909344634119,24.53926754351014],[121.82903414376385,24.530239549633826],[121.81916548592365,24.53029346463577]]]},"properties":{"grid_id":"G025_051","綠地類型":"河川沿岸自然地表","中心經度":121.824129,"中心緯度":24.534781,"分析面積_km2":1.04,"2020面積_ha":10.17,"2024面積_ha":10.17,"面積減少率_pct":0.0,"2020斑塊數":1,"2024斑塊數":1,"斑塊數增加率_pct":0.0,"2020平均斑塊面積_ha":183.06,"2024平均斑塊面積_ha":185.4,"平均斑塊面積下降率_pct":0.0,"道路切割密度_km_per_km2":1.413,"建成區邊界切割密度_km_per_km2":0.0,"孤立小斑塊比例_pct":0.0,"距大型連續綠地平均距離_m":0.0,"score_面積減少":36.206896551724135,"score_斑塊增加":44.260435571687836,"score_平均斑塊縮小":28.153357531760438,"score_道路建成區切割":41.685571687840294,"score_孤立比例":40.58529945553539,"score_距大型綠地":38.40744101633394,"綜合破碎化分數":38.2,"破碎化等級":"低","判定原因":"面積減少0.0%；斑塊增加0.0%；平均斑塊縮小0.0%；道路密度1.41 km/km²；孤立比例0.0%；距大型綠地0m","2021面積_ha":10.17,"2022面積_ha":10.17,"2023面積_ha":10.17}},{"type":"Feature","geometry":{"type":"Polygon","coordinates":[[[121.83890277265435,24.53018498915406],[121.8389627809551,24.53921296035445],[121.84883208626565,24.53915773146023],[121.8487713722507,24.53012978320401],[121.83890277265435,24.53018498915406]]]},"properties":{"grid_id":"G025_053","綠地類型":"河川沿岸自然地表","中心經度":121.843867,"中心緯度":24.534671,"分析面積_km2":1.04,"2020面積_ha":31.68,"2024面積_ha":31.68,"面積減少率_pct":0.0,"2020斑塊數":2,"2024斑塊數":2,"斑塊數增加率_pct":0.0,"2020平均斑塊面積_ha":117.675,"2024平均斑塊面積_ha":118.845,"平均斑塊面積下降率_pct":0.0,"道路切割密度_km_per_km2":0.721,"建成區邊界切割密度_km_per_km2":0.0,"孤立小斑塊比例_pct":0.0,"距大型連續綠地平均距離_m":0.0,"score_面積減少":36.206896551724135,"score_斑塊增加":44.260435571687836,"score_平均斑塊縮小":28.153357531760438,"score_道路建成區切割":37.96506352087114,"score_孤立比例":40.58529945553539,"score_距大型綠地":38.40744101633394,"綜合破碎化分數":37.6,"破碎化等級":"低","判定原因":"面積減少0.0%；斑塊增加0.0%；平均斑塊縮小0.0%；道路密度0.72 km/km²；孤立比例0.0%；距大型綠地0m","2021面積_ha":31.68,"2022面積_ha":31.68,"2023面積_ha":31.68}},{"type":"Feature","geometry":{"type":"Polygon","coordinates":[[[121.8487713722507,24.53012978320401],[121.84883208626565,24.53915773146023],[121.85870136192825,24.539101856835092],[121.85863994220843,24.530073931791286],[121.8487713722507,24.53012978320401]]]},"properties":{"grid_id":"G025_054","綠地類型":"河川沿岸自然地表","中心經度":121.853736,"中心緯度":24.534616,"分析面積_km2":1.04,"2020面積_ha":21.15,"2024面積_ha":21.15,"面積減少率_pct":0.0,"2020斑塊數":1,"2024斑塊數":1,"斑塊數增加率_pct":0.0,"2020平均斑塊面積_ha":52.29,"2024平均斑塊面積_ha":52.29,"平均斑塊面積下降率_pct":0.0,"道路切割密度_km_per_km2":0.75,"建成區邊界切割密度_km_per_km2":0.0,"孤立小斑塊比例_pct":0.0,"距大型連續綠地平均距離_m":0.0,"score_面積減少":36.206896551724135,"score_斑塊增加":44.260435571687836,"score_平均斑塊縮小":28.153357531760438,"score_道路建成區切割":38.169237749546284,"score_孤立比例":40.58529945553539,"score_距大型綠地":38.40744101633394,"綜合破碎化分數":37.6,"破碎化等級":"低","判定原因":"面積減少0.0%；斑塊增加0.0%；平均斑塊縮小0.0%；道路密度0.75 km/km²；孤立比例0.0%；距大型綠地0m","2021面積_ha":21.06,"2022面積_ha":21.06,"2023面積_ha":21.15}},{"type":"Feature","geometry":{"type":"Polygon","coordinates":[[[121.40468922731182,24.541003656943182],[121.40471819073841,24.550032361236987],[121.4145891657195,24.550005539643845],[121.41455949593093,24.540976846489976],[121.40468922731182,24.541003656943182]]]},"properties":{"grid_id":"G026_009","綠地類型":"河川沿岸自然地表","中心經度":121.409639,"中心緯度":24.545505,"分析面積_km2":1.04,"2020面積_ha":24.48,"2024面積_ha":24.48,"面積減少率_pct":0.0,"2020斑塊數":2,"2024斑塊數":2,"斑塊數增加率_pct":0.0,"2020平均斑塊面積_ha":301.86,"2024平均斑塊面積_ha":302.31,"平均斑塊面積下降率_pct":0.0,"道路切割密度_km_per_km2":0.375,"建成區邊界切割密度_km_per_km2":0.0,"孤立小斑塊比例_pct":0.0,"距大型連續綠地平均距離_m":0.0,"score_面積減少":36.206896551724135,"score_斑塊增加":44.260435571687836,"score_平均斑塊縮小":28.153357531760438,"score_道路建成區切割":36.08212341197822,"score_孤立比例":40.58529945553539,"score_距大型綠地":38.40744101633394,"綜合破碎化分數":37.3,"破碎化等級":"低","判定原因":"面積減少0.0%；斑塊增加0.0%；平均斑塊縮小0.0%；道路密度0.38 km/km²；孤立比例0.0%；距大型綠地0m","2021面積_ha":24.48,"2022面積_ha":24.48,"2023面積_ha":24.48}},{"type":"Feature","geometry":{"type":"Polygon","coordinates":[[[121.47378079145636,24.540802418285267],[121.47381469931723,24.549831038963084],[121.48368556564996,24.549799693700113],[121.48365095146129,24.54077108604103],[121.47378079145636,24.540802418285267]]]},"properties":{"grid_id":"G026_016","綠地類型":"河川沿岸自然地表","中心經度":121.478733,"中心緯度":24.545301,"分析面積_km2":1.04,"2020面積_ha":21.6,"2024面積_ha":21.6,"面積減少率_pct":0.0,"2020斑塊數":1,"2024斑塊數":1,"斑塊數增加率_pct":0.0,"2020平均斑塊面積_ha":1148.67,"2024平均斑塊面積_ha":1947.87,"平均斑塊面積下降率_pct":0.0,"道路切割密度_km_per_km2":0.058,"建成區邊界切割密度_km_per_km2":0.0,"孤立小斑塊比例_pct":0.0,"距大型連續綠地平均距離_m":0.0,"score_面積減少":36.206896551724135,"score_斑塊增加":44.260435571687836,"score_平均斑塊縮小":28.153357531760438,"score_道路建成區切割":34.11978221415608,"score_孤立比例":40.58529945553539,"score_距大型綠地":38.40744101633394,"綜合破碎化分數":37.0,"破碎化等級":"低","判定原因":"面積減少0.0%；斑塊增加0.0%；平均斑塊縮小0.0%；道路密度0.06 km/km²；孤立比例0.0%；距大型綠地0m","2021面積_ha":21.6,"2022面積_ha":21.6,"2023面積_ha":21.6}},{"type":"Feature","geometry":{"type":"Polygon","coordinates":[[[121.54287154462313,24.540569527708353],[121.54291039666303,24.549598051618926],[121.55278113744946,24.54956218289812],[121.55274157912129,24.540533673884973],[121.54287154462313,24.540569527708353]]]},"properties":{"grid_id":"G026_023","綠地類型":"河川沿岸自然地表","中心經度":121.547826,"中心緯度":24.545066,"分析面積_km2":1.04,"2020面積_ha":42.03,"2024面積_ha":44.1,"面積減少率_pct":0.0,"2020斑塊數":2,"2024斑塊數":1,"斑塊數增加率_pct":0.0,"2020平均斑塊面積_ha":85.095,"2024平均斑塊面積_ha":175.41,"平均斑塊面積下降率_pct":0.0,"道路切割密度_km_per_km2":0.0,"建成區邊界切割密度_km_per_km2":0.0,"孤立小斑塊比例_pct":0.0,"距大型連續綠地平均距離_m":0.0,"score_面積減少":36.206896551724135,"score_斑塊增加":44.260435571687836,"score_平均斑塊縮小":28.153357531760438,"score_道路建成區切割":25.941470054446462,"score_孤立比例":40.58529945553539,"score_距大型綠地":38.40744101633394,"綜合破碎化分數":35.6,"破碎化等級":"低","判定原因":"面積減少0.0%；斑塊增加0.0%；平均斑塊縮小0.0%；道路密度0.00 km/km²；孤立比例0.0%；距大型綠地0m","2021面積_ha":49.59,"2022面積_ha":43.83,"2023面積_ha":45.27}},{"type":"Feature","geometry":{"type":"Polygon","coordinates":[[[121.55274157912129,24.540533673884973],[121.55278113744946,24.54956218289812],[121.56265185892136,24.549525667988156],[121.56261159431098,24.540497174140796],[121.55274157912129,24.540533673884973]]]},"properties":{"grid_id":"G026_024","綠地類型":"河川沿岸自然地表","中心經度":121.557697,"中心緯度":24.54503,"分析面積_km2":1.04,"2020面積_ha":62.19,"2024面積_ha":63.81,"面積減少率_pct":0.0,"2020斑塊數":1,"2024斑塊數":1,"斑塊數增加率_pct":0.0,"2020平均斑塊面積_ha":170.1,"2024平均斑塊面積_ha":175.41,"平均斑塊面積下降率_pct":0.0,"道路切割密度_km_per_km2":0.0,"建成區邊界切割密度_km_per_km2":0.0,"孤立小斑塊比例_pct":0.0,"距大型連續綠地平均距離_m":0.0,"score_面積減少":36.206896551724135,"score_斑塊增加":44.260435571687836,"score_平均斑塊縮小":28.153357531760438,"score_道路建成區切割":25.941470054446462,"score_孤立比例":40.58529945553539,"score_距大型綠地":38.40744101633394,"綜合破碎化分數":35.6,"破碎化等級":"低","判定原因":"面積減少0.0%；斑塊增加0.0%；平均斑塊縮小0.0%；道路密度0.00 km/km²；孤立比例0.0%；距大型綠地0m","2021面積_ha":64.26,"2022面積_ha":62.73,"2023面積_ha":63.54}},{"type":"Feature","geometry":{"type":"Polygon","coordinates":[[[121.56261159431098,24.540497174140796],[121.56265185892136,24.549525667988156],[121.57252256073387,24.549488506894054],[121.57248158984748,24.540460028480858],[121.56261159431098,24.540497174140796]]]},"properties":{"grid_id":"G026_025","綠地類型":"河川沿岸自然地表","中心經度":121.567567,"中心緯度":24.544993,"分析面積_km2":1.04,"2020面積_ha":46.26,"2024面積_ha":46.26,"面積減少率_pct":0.0,"2020斑塊數":2,"2024斑塊數":2,"斑塊數增加率_pct":0.0,"2020平均斑塊面積_ha":473.985,"2024平均斑塊面積_ha":1061.64,"平均斑塊面積下降率_pct":0.0,"道路切割密度_km_per_km2":0.029,"建成區邊界切割密度_km_per_km2":0.0,"孤立小斑塊比例_pct":0.0,"距大型連續綠地平均距離_m":0.0,"score_面積減少":36.206896551724135,"score_斑塊增加":44.260435571687836,"score_平均斑塊縮小":28.153357531760438,"score_道路建成區切割":33.82486388384755,"score_孤立比例":40.58529945553539,"score_距大型綠地":38.40744101633394,"綜合破碎化分數":36.9,"破碎化等級":"低","判定原因":"面積減少0.0%；斑塊增加0.0%；平均斑塊縮小0.0%；道路密度0.03 km/km²；孤立比例0.0%；距大型綠地0m","2021面積_ha":46.26,"2022面積_ha":46.26,"2023面積_ha":46.26}},{"type":"Feature","geometry":{"type":"Polygon","coordinates":[[[121.57248158984748,24.540460028480858],[121.57252256073387,24.549488506894054],[121.58239324254222,24.54945069962095],[121.58235156538612,24.540422236910295],[121.57248158984748,24.540460028480858]]]},"properties":{"grid_id":"G026_026","綠地類型":"河川沿岸自然地表","中心經度":121.577437,"中心緯度":24.544955,"分析面積_km2":1.04,"2020面積_ha":20.34,"2024面積_ha":20.43,"面積減少率_pct":0.0,"2020斑塊數":2,"2024斑塊數":2,"斑塊數增加率_pct":0.0,"2020平均斑塊面積_ha":1681.02,"2024平均斑塊面積_ha":4164.255,"平均斑塊面積下降率_pct":0.0,"道路切割密度_km_per_km2":1.471,"建成區邊界切割密度_km_per_km2":0.0,"孤立小斑塊比例_pct":0.0,"距大型連續綠地平均距離_m":0.0,"score_面積減少":36.206896551724135,"score_斑塊增加":44.260435571687836,"score_平均斑塊縮小":28.153357531760438,"score_道路建成區切割":42.30943738656987,"score_孤立比例":40.58529945553539,"score_距大型綠地":38.40744101633394,"綜合破碎化分數":38.3,"破碎化等級":"低","判定原因":"面積減少0.0%；斑塊增加0.0%；平均斑塊縮小0.0%；道路密度1.47 km/km²；孤立比例0.0%；距大型綠地0m","2021面積_ha":20.52,"2022面積_ha":20.43,"2023面積_ha":20.52}},{"type":"Feature","geometry":{"type":"Polygon","coordinates":[[[121.58235156538612,24.540422236910295],[121.58239324254222,24.54945069962095],[121.59226390400156,24.54941224617407],[121.59222152058214,24.54038379943431],[121.58235156538612,24.540422236910295]]]},"properties":{"grid_id":"G026_027","綠地類型":"河川沿岸自然地表","中心經度":121.587308,"中心緯度":24.544917,"分析面積_km2":1.04,"2020面積_ha":54.99,"2024面積_ha":56.25,"面積減少率_pct":0.0,"2020斑塊數":1,"2024斑塊數":1,"斑塊數增加率_pct":0.0,"2020平均斑塊面積_ha":2584.17,"2024平均斑塊面積_ha":6380.64,"平均斑塊面積下降率_pct":0.0,"道路切割密度_km_per_km2":0.0,"建成區邊界切割密度_km_per_km2":0.0,"孤立小斑塊比例_pct":0.0,"距大型連續綠地平均距離_m":0.0,"score_面積減少":36.206896551724135,"score_斑塊增加":44.260435571687836,"score_平均斑塊縮小":28.153357531760438,"score_道路建成區切割":25.941470054446462,"score_孤立比例":40.58529945553539,"score_距大型綠地":38.40744101633394,"綜合破碎化分數":35.6,"破碎化等級":"低","判定原因":"面積減少0.0%；斑塊增加0.0%；平均斑塊縮小0.0%；道路密度0.00 km/km²；孤立比例0.0%；距大型綠地0m","2021面積_ha":56.7,"2022面積_ha":55.53,"2023面積_ha":56.61}},{"type":"Feature","geometry":{"type":"Polygon","coordinates":[[[121.61196136856758,24.540304986787394],[121.612005164494,24.54933340078027],[121.62187576283746,24.54929300884423],[121.62183126066758,24.540264611627347],[121.61196136856758,24.540304986787394]]]},"properties":{"grid_id":"G026_030","綠地類型":"河川沿岸自然地表","中心經度":121.616918,"中心緯度":24.544799,"分析面積_km2":1.04,"2020面積_ha":65.88,"2024面積_ha":65.88,"面積減少率_pct":0.0,"2020斑塊數":1,"2024斑塊數":1,"斑塊數增加率_pct":0.0,"2020平均斑塊面積_ha":755.55,"2024平均斑塊面積_ha":1303.2,"平均斑塊面積下降率_pct":0.0,"道路切割密度_km_per_km2":1.845,"建成區邊界切割密度_km_per_km2":0.0,"孤立小斑塊比例_pct":0.0,"距大型連續綠地平均距離_m":0.0,"score_面積減少":36.206896551724135,"score_斑塊增加":44.260435571687836,"score_平均斑塊縮小":28.153357531760438,"score_道路建成區切割":45.4627949183303,"score_孤立比例":40.58529945553539,"score_距大型綠地":38.40744101633394,"綜合破碎化分數":38.8,"破碎化等級":"低","判定原因":"面積減少0.0%；斑塊增加0.0%；平均斑塊縮小0.0%；道路密度1.84 km/km²；孤立比例0.0%；距大型綠地0m","2021面積_ha":65.88,"2022面積_ha":65.88,"2023面積_ha":65.88}},{"type":"Feature","geometry":{"type":"Polygon","coordinates":[[[121.62183126066758,24.540264611627347],[121.62187576283746,24.54929300884423],[121.63174633945269,24.54925197075618],[121.6317011310462,24.540223590583636],[121.62183126066758,24.540264611627347]]]},"properties":{"grid_id":"G026_031","綠地類型":"河川沿岸自然地表","中心經度":121.626789,"中心緯度":24.544758,"分析面積_km2":1.04,"2020面積_ha":74.79,"2024面積_ha":74.88,"面積減少率_pct":0.0,"2020斑塊數":1,"2024斑塊數":1,"斑塊數增加率_pct":0.0,"2020平均斑塊面積_ha":755.55,"2024平均斑塊面積_ha":1303.2,"平均斑塊面積下降率_pct":0.0,"道路切割密度_km_per_km2":0.317,"建成區邊界切割密度_km_per_km2":0.0,"孤立小斑塊比例_pct":0.0,"距大型連續綠地平均距離_m":0.0,"score_面積減少":36.206896551724135,"score_斑塊增加":44.260435571687836,"score_平均斑塊縮小":28.153357531760438,"score_道路建成區切割":35.6510889292196,"score_孤立比例":40.58529945553539,"score_距大型綠地":38.40744101633394,"綜合破碎化分數":37.2,"破碎化等級":"低","判定原因":"面積減少0.0%；斑塊增加0.0%；平均斑塊縮小0.0%；道路密度0.32 km/km²；孤立比例0.0%；距大型綠地0m","2021面積_ha":74.79,"2022面積_ha":74.79,"2023面積_ha":74.88}},{"type":"Feature","geometry":{"type":"Polygon","coordinates":[[[121.6317011310462,24.540223590583636],[121.63174633945269,24.54925197075618],[121.64161689399491,24.54921028652177],[121.64157097935873,24.540181923661915],[121.6317011310462,24.540223590583636]]]},"properties":{"grid_id":"G026_032","綠地類型":"河川沿岸自然地表","中心經度":121.636659,"中心緯度":24.544717,"分析面積_km2":1.04,"2020面積_ha":48.33,"2024面積_ha":48.87,"面積減少率_pct":0.0,"2020斑塊數":1,"2024斑塊數":1,"斑塊數增加率_pct":0.0,"2020平均斑塊面積_ha":755.55,"2024平均斑塊面積_ha":1303.2,"平均斑塊面積下降率_pct":0.0,"道路切割密度_km_per_km2":0.029,"建成區邊界切割密度_km_per_km2":0.0,"孤立小斑塊比例_pct":0.0,"距大型連續綠地平均距離_m":0.0,"score_面積減少":36.206896551724135,"score_斑塊增加":44.260435571687836,"score_平均斑塊縮小":28.153357531760438,"score_道路建成區切割":33.82486388384755,"score_孤立比例":40.58529945553539,"score_距大型綠地":38.40744101633394,"綜合破碎化分數":36.9,"破碎化等級":"低","判定原因":"面積減少0.0%；斑塊增加0.0%；平均斑塊縮小0.0%；道路密度0.03 km/km²；孤立比例0.0%；距大型綠地0m","2021面積_ha":49.32,"2022面積_ha":48.33,"2023面積_ha":48.96}},{"type":"Feature","geometry":{"type":"Polygon","coordinates":[[[121.64157097935873,24.540181923661915],[121.64161689399491,24.54921028652177],[121.65148742611929,24.549167956146757],[121.6514408052605,24.540139610867946],[121.64157097935873,24.540181923661915]]]},"properties":{"grid_id":"G026_033","綠地類型":"河川沿岸自然地表","中心經度":121.646529,"中心緯度":24.544675,"分析面積_km2":1.04,"2020面積_ha":44.01,"2024面積_ha":44.64,"面積減少率_pct":0.0,"2020斑塊數":2,"2024斑塊數":1,"斑塊數增加率_pct":0.0,"2020平均斑塊面積_ha":384.21,"2024平均斑塊面積_ha":1303.2,"平均斑塊面積下降率_pct":0.0,"道路切割密度_km_per_km2":1.442,"建成區邊界切割密度_km_per_km2":0.0,"孤立小斑塊比例_pct":0.0,"距大型連續綠地平均距離_m":0.0,"score_面積減少":36.206896551724135,"score_斑塊增加":44.260435571687836,"score_平均斑塊縮小":28.153357531760438,"score_道路建成區切割":41.98049001814882,"score_孤立比例":40.58529945553539,"score_距大型綠地":38.40744101633394,"綜合破碎化分數":38.3,"破碎化等級":"低","判定原因":"面積減少0.0%；斑塊增加0.0%；平均斑塊縮小0.0%；道路密度1.44 km/km²；孤立比例0.0%；距大型綠地0m","2021面積_ha":46.35,"2022面積_ha":43.29,"2023面積_ha":44.37}},{"type":"Feature","geometry":{"type":"Polygon","coordinates":[[[121.66131060840681,24.540096652207566],[121.66135793548106,24.54912497963699],[121.67122842173545,24.549081356998396],[121.67118038845302,24.5400530476867],[121.66131060840681,24.540096652207566]]]},"properties":{"grid_id":"G026_035","綠地類型":"河川沿岸自然地表","中心經度":121.666269,"中心緯度":24.544589,"分析面積_km2":1.04,"2020面積_ha":23.94,"2024面積_ha":23.94,"面積減少率_pct":0.0,"2020斑塊數":2,"2024斑塊數":1,"斑塊數增加率_pct":0.0,"2020平均斑塊面積_ha":1989.63,"2024平均斑塊面積_ha":4238.28,"平均斑塊面積下降率_pct":0.0,"道路切割密度_km_per_km2":0.0,"建成區邊界切割密度_km_per_km2":0.0,"孤立小斑塊比例_pct":0.0,"距大型連續綠地平均距離_m":0.0,"score_面積減少":36.206896551724135,"score_斑塊增加":44.260435571687836,"score_平均斑塊縮小":28.153357531760438,"score_道路建成區切割":25.941470054446462,"score_孤立比例":40.58529945553539,"score_距大型綠地":38.40744101633394,"綜合破碎化分數":35.6,"破碎化等級":"低","判定原因":"面積減少0.0%；斑塊增加0.0%；平均斑塊縮小0.0%；道路密度0.00 km/km²；孤立比例0.0%；距大型綠地0m","2021面積_ha":23.94,"2022面積_ha":23.94,"2023面積_ha":23.94}},{"type":"Feature","geometry":{"type":"Polygon","coordinates":[[[121.67118038845302,24.5400530476867],[121.67122842173545,24.549081356998396],[121.68109888453768,24.54903708823699],[121.68105014505443,24.540008797311373],[121.67118038845302,24.5400530476867]]]},"properties":{"grid_id":"G026_036","綠地類型":"河川沿岸自然地表","中心經度":121.676139,"中心緯度":24.544545,"分析面積_km2":1.04,"2020面積_ha":53.55,"2024面積_ha":55.17,"面積減少率_pct":0.0,"2020斑塊數":1,"2024斑塊數":1,"斑塊數增加率_pct":0.0,"2020平均斑塊面積_ha":3955.86,"2024平均斑塊面積_ha":4238.28,"平均斑塊面積下降率_pct":0.0,"道路切割密度_km_per_km2":0.0,"建成區邊界切割密度_km_per_km2":0.0,"孤立小斑塊比例_pct":0.0,"距大型連續綠地平均距離_m":0.0,"score_面積減少":36.206896551724135,"score_斑塊增加":44.260435571687836,"score_平均斑塊縮小":28.153357531760438,"score_道路建成區切割":25.941470054446462,"score_孤立比例":40.58529945553539,"score_距大型綠地":38.40744101633394,"綜合破碎化分數":35.6,"破碎化等級":"低","判定原因":"面積減少0.0%；斑塊增加0.0%；平均斑塊縮小0.0%；道路密度0.00 km/km²；孤立比例0.0%；距大型綠地0m","2021面積_ha":54.45,"2022面積_ha":54.09,"2023面積_ha":54.9}},{"type":"Feature","geometry":{"type":"Polygon","coordinates":[[[121.68105014505443,24.540008797311373],[121.68109888453768,24.54903708823699],[121.69096932354294,24.54899217335889],[121.69091987786638,24.539963901087685],[121.68105014505443,24.540008797311373]]]},"properties":{"grid_id":"G026_037","綠地類型":"河川沿岸自然地表","中心經度":121.68601,"中心緯度":24.544501,"分析面積_km2":1.04,"2020面積_ha":10.44,"2024面積_ha":10.44,"面積減少率_pct":0.0,"2020斑塊數":1,"2024斑塊數":1,"斑塊數增加率_pct":0.0,"2020平均斑塊面積_ha":3955.86,"2024平均斑塊面積_ha":4238.28,"平均斑塊面積下降率_pct":0.0,"道路切割密度_km_per_km2":0.0,"建成區邊界切割密度_km_per_km2":0.0,"孤立小斑塊比例_pct":0.0,"距大型連續綠地平均距離_m":0.0,"score_面積減少":36.206896551724135,"score_斑塊增加":44.260435571687836,"score_平均斑塊縮小":28.153357531760438,"score_道路建成區切割":25.941470054446462,"score_孤立比例":40.58529945553539,"score_距大型綠地":38.40744101633394,"綜合破碎化分數":35.6,"破碎化等級":"低","判定原因":"面積減少0.0%；斑塊增加0.0%；平均斑塊縮小0.0%；道路密度0.00 km/km²；孤立比例0.0%；距大型綠地0m","2021面積_ha":10.44,"2022面積_ha":10.44,"2023面積_ha":10.44}},{"type":"Feature","geometry":{"type":"Polygon","coordinates":[[[121.69091987786638,24.539963901087685],[121.69096932354294,24.54899217335889],[121.70083973840653,24.54894661237029],[121.70078958654423,24.53991835902183],[121.69091987786638,24.539963901087685]]]},"properties":{"grid_id":"G026_038","綠地類型":"河川沿岸自然地表","中心經度":121.69588,"中心緯度":24.544455,"分析面積_km2":1.04,"2020面積_ha":25.47,"2024面積_ha":25.47,"面積減少率_pct":0.0,"2020斑塊數":1,"2024斑塊數":1,"斑塊數增加率_pct":0.0,"2020平均斑塊面積_ha":3955.86,"2024平均斑塊面積_ha":4238.28,"平均斑塊面積下降率_pct":0.0,"道路切割密度_km_per_km2":0.0,"建成區邊界切割密度_km_per_km2":0.0,"孤立小斑塊比例_pct":0.0,"距大型連續綠地平均距離_m":0.0,"score_面積減少":36.206896551724135,"score_斑塊增加":44.260435571687836,"score_平均斑塊縮小":28.153357531760438,"score_道路建成區切割":25.941470054446462,"score_孤立比例":40.58529945553539,"score_距大型綠地":38.40744101633394,"綜合破碎化分數":35.6,"破碎化等級":"低","判定原因":"面積減少0.0%；斑塊增加0.0%；平均斑塊縮小0.0%；道路密度0.00 km/km²；孤立比例0.0%；距大型綠地0m","2021面積_ha":25.47,"2022面積_ha":25.47,"2023面積_ha":25.47}},{"type":"Feature","geometry":{"type":"Polygon","coordinates":[[[121.70078958654423,24.53991835902183],[121.70083973840653,24.54894661237029],[121.71071012878363,24.548900405277482],[121.71065927074332,24.539872171120102],[121.70078958654423,24.53991835902183]]]},"properties":{"grid_id":"G026_039","綠地類型":"河川沿岸自然地表","中心經度":121.70575,"中心緯度":24.544409,"分析面積_km2":1.04,"2020面積_ha":32.31,"2024面積_ha":32.94,"面積減少率_pct":0.0,"2020斑塊數":1,"2024斑塊數":1,"斑塊數增加率_pct":0.0,"2020平均斑塊面積_ha":3955.86,"2024平均斑塊面積_ha":4238.28,"平均斑塊面積下降率_pct":0.0,"道路切割密度_km_per_km2":0.0,"建成區邊界切割密度_km_per_km2":0.0,"孤立小斑塊比例_pct":0.0,"距大型連續綠地平均距離_m":0.0,"score_面積減少":36.206896551724135,"score_斑塊增加":44.260435571687836,"score_平均斑塊縮小":28.153357531760438,"score_道路建成區切割":25.941470054446462,"score_孤立比例":40.58529945553539,"score_距大型綠地":38.40744101633394,"綜合破碎化分數":35.6,"破碎化等級":"低","判定原因":"面積減少0.0%；斑塊增加0.0%；平均斑塊縮小0.0%；道路密度0.00 km/km²；孤立比例0.0%；距大型綠地0m","2021面積_ha":32.13,"2022面積_ha":32.67,"2023面積_ha":32.67}},{"type":"Feature","geometry":{"type":"Polygon","coordinates":[[[121.71065927074332,24.539872171120102],[121.71071012878363,24.548900405277482],[121.72058049432948,24.548853552086843],[121.72052893011896,24.539825337388862],[121.71065927074332,24.539872171120102]]]},"properties":{"grid_id":"G026_040","綠地類型":"河川沿岸自然地表","中心經度":121.71562,"中心緯度":24.544363,"分析面積_km2":1.04,"2020面積_ha":7.65,"2024面積_ha":7.74,"面積減少率_pct":0.0,"2020斑塊數":1,"2024斑塊數":1,"斑塊數增加率_pct":0.0,"2020平均斑塊面積_ha":3955.86,"2024平均斑塊面積_ha":4238.28,"平均斑塊面積下降率_pct":0.0,"道路切割密度_km_per_km2":0.0,"建成區邊界切割密度_km_per_km2":0.0,"孤立小斑塊比例_pct":0.0,"距大型連續綠地平均距離_m":0.0,"score_面積減少":36.206896551724135,"score_斑塊增加":44.260435571687836,"score_平均斑塊縮小":28.153357531760438,"score_道路建成區切割":25.941470054446462,"score_孤立比例":40.58529945553539,"score_距大型綠地":38.40744101633394,"綜合破碎化分數":35.6,"破碎化等級":"低","判定原因":"面積減少0.0%；斑塊增加0.0%；平均斑塊縮小0.0%；道路密度0.00 km/km²；孤立比例0.0%；距大型綠地0m","2021面積_ha":7.83,"2022面積_ha":7.47,"2023面積_ha":7.83}},{"type":"Feature","geometry":{"type":"Polygon","coordinates":[[[121.76000731249462,24.539631544299482],[121.76006170130569,24.548659678476618],[121.7699319375242,24.548609594895595],[121.76987684258364,24.53958148151945],[121.76000731249462,24.539631544299482]]]},"properties":{"grid_id":"G026_045","綠地類型":"河川沿岸自然地表","中心經度":121.764969,"中心緯度":24.544121,"分析面積_km2":1.04,"2020面積_ha":25.65,"2024面積_ha":25.65,"面積減少率_pct":0.0,"2020斑塊數":2,"2024斑塊數":2,"斑塊數增加率_pct":0.0,"2020平均斑塊面積_ha":2772.855,"2024平均斑塊面積_ha":2903.265,"平均斑塊面積下降率_pct":0.0,"道路切割密度_km_per_km2":2.018,"建成區邊界切割密度_km_per_km2":0.0,"孤立小斑塊比例_pct":0.0,"距大型連續綠地平均距離_m":0.0,"score_面積減少":36.206896551724135,"score_斑塊增加":44.260435571687836,"score_平均斑塊縮小":28.153357531760438,"score_道路建成區切割":46.472323049001815,"score_孤立比例":40.58529945553539,"score_距大型綠地":38.40744101633394,"綜合破碎化分數":39.0,"破碎化等級":"低","判定原因":"面積減少0.0%；斑塊增加0.0%；平均斑塊縮小0.0%；道路密度2.02 km/km²；孤立比例0.0%；距大型綠地0m","2021面積_ha":25.65,"2022面積_ha":25.65,"2023面積_ha":25.65}},{"type":"Feature","geometry":{"type":"Polygon","coordinates":[[[121.76987684258364,24.53958148151945],[121.7699319375242,24.548609594895595],[121.77980214684307,24.548558865256872],[121.77974634578145,24.539530772950034],[121.76987684258364,24.53958148151945]]]},"properties":{"grid_id":"G026_046","綠地類型":"河川沿岸自然地表","中心經度":121.774839,"中心緯度":24.54407,"分析面積_km2":1.04,"2020面積_ha":33.75,"2024面積_ha":33.75,"面積減少率_pct":0.0,"2020斑塊數":1,"2024斑塊數":1,"斑塊數增加率_pct":0.0,"2020平均斑塊面積_ha":3955.86,"2024平均斑塊面積_ha":4238.28,"平均斑塊面積下降率_pct":0.0,"道路切割密度_km_per_km2":1.326,"建成區邊界切割密度_km_per_km2":0.0,"孤立小斑塊比例_pct":0.0,"距大型連續綠地平均距離_m":0.0,"score_面積減少":36.206896551724135,"score_斑塊增加":44.260435571687836,"score_平均斑塊縮小":28.153357531760438,"score_道路建成區切割":41.03901996370236,"score_孤立比例":40.58529945553539,"score_距大型綠地":38.40744101633394,"綜合破碎化分數":38.1,"破碎化等級":"低","判定原因":"面積減少0.0%；斑塊增加0.0%；平均斑塊縮小0.0%；道路密度1.33 km/km²；孤立比例0.0%；距大型綠地0m","2021面積_ha":33.75,"2022面積_ha":33.75,"2023面積_ha":33.75}},{"type":"Feature","geometry":{"type":"Polygon","coordinates":[[[121.77974634578145,24.539530772950034],[121.77980214684307,24.548558865256872],[121.78967232891755,24.548507489567452],[121.78961582174344,24.539479418598226],[121.77974634578145,24.539530772950034]]]},"properties":{"grid_id":"G026_047","綠地類型":"河川沿岸自然地表","中心經度":121.784709,"中心緯度":24.544019,"分析面積_km2":1.04,"2020面積_ha":4.41,"2024面積_ha":4.41,"面積減少率_pct":0.0,"2020斑塊數":2,"2024斑塊數":2,"斑塊數增加率_pct":0.0,"2020平均斑塊面積_ha":2772.855,"2024平均斑塊面積_ha":2903.265,"平均斑塊面積下降率_pct":0.0,"道路切割密度_km_per_km2":1.99,"建成區邊界切割密度_km_per_km2":0.0,"孤立小斑塊比例_pct":0.0,"距大型連續綠地平均距離_m":0.0,"score_面積減少":36.206896551724135,"score_斑塊增加":44.260435571687836,"score_平均斑塊縮小":28.153357531760438,"score_道路建成區切割":46.290834845735034,"score_孤立比例":40.58529945553539,"score_距大型綠地":38.40744101633394,"綜合破碎化分數":39.0,"破碎化等級":"低","判定原因":"面積減少0.0%；斑塊增加0.0%；平均斑塊縮小0.0%；道路密度1.99 km/km²；孤立比例0.0%；距大型綠地0m","2021面積_ha":4.41,"2022面積_ha":4.14,"2023面積_ha":3.69}},{"type":"Feature","geometry":{"type":"Polygon","coordinates":[[[121.78961582174344,24.539479418598226],[121.78967232891755,24.548507489567452],[121.79954248340292,24.54845546783443],[121.799485270125,24.539427418471107],[121.78961582174344,24.539479418598226]]]},"properties":{"grid_id":"G026_048","綠地類型":"河川沿岸自然地表","中心經度":121.794579,"中心緯度":24.543968,"分析面積_km2":1.04,"2020面積_ha":27.72,"2024面積_ha":27.72,"面積減少率_pct":0.0,"2020斑塊數":1,"2024斑塊數":1,"斑塊數增加率_pct":0.0,"2020平均斑塊面積_ha":391.14,"2024平均斑塊面積_ha":396.72,"平均斑塊面積下降率_pct":0.0,"道路切割密度_km_per_km2":0.144,"建成區邊界切割密度_km_per_km2":0.0,"孤立小斑塊比例_pct":0.0,"距大型連續綠地平均距離_m":0.0,"score_面積減少":36.206896551724135,"score_斑塊增加":44.260435571687836,"score_平均斑塊縮小":28.153357531760438,"score_道路建成區切割":34.52813067150635,"score_孤立比例":40.58529945553539,"score_距大型綠地":38.40744101633394,"綜合破碎化分數":37.0,"破碎化等級":"低","判定原因":"面積減少0.0%；斑塊增加0.0%；平均斑塊縮小0.0%；道路密度0.14 km/km²；孤立比例0.0%；距大型綠地0m","2021面積_ha":27.72,"2022面積_ha":27.72,"2023面積_ha":27.72}},{"type":"Feature","geometry":{"type":"Polygon","coordinates":[[[121.799485270125,24.539427418471107],[121.79954248340292,24.54845546783443],[121.80941260995446,24.548402800064974],[121.80935469058154,24.539374772575858],[121.799485270125,24.539427418471107]]]},"properties":{"grid_id":"G026_049","綠地類型":"河川沿岸自然地表","中心經度":121.804449,"中心緯度":24.543915,"分析面積_km2":1.04,"2020面積_ha":37.08,"2024面積_ha":37.26,"面積減少率_pct":0.0,"2020斑塊數":1,"2024斑塊數":1,"斑塊數增加率_pct":0.0,"2020平均斑塊面積_ha":391.14,"2024平均斑塊面積_ha":396.72,"平均斑塊面積下降率_pct":0.0,"道路切割密度_km_per_km2":0.0,"建成區邊界切割密度_km_per_km2":0.0,"孤立小斑塊比例_pct":0.0,"距大型連續綠地平均距離_m":0.0,"score_面積減少":36.206896551724135,"score_斑塊增加":44.260435571687836,"score_平均斑塊縮小":28.153357531760438,"score_道路建成區切割":25.941470054446462,"score_孤立比例":40.58529945553539,"score_距大型綠地":38.40744101633394,"綜合破碎化分數":35.6,"破碎化等級":"低","判定原因":"面積減少0.0%；斑塊增加0.0%；平均斑塊縮小0.0%；道路密度0.00 km/km²；孤立比例0.0%；距大型綠地0m","2021面積_ha":37.17,"2022面積_ha":37.08,"2023面積_ha":36.54}},{"type":"Feature","geometry":{"type":"Polygon","coordinates":[[[121.81922408276849,24.539321480919757],[121.81928270822749,24.548349486266364],[121.82915277787733,24.54829552644596],[121.82909344634119,24.53926754351014],[121.81922408276849,24.539321480919757]]]},"properties":{"grid_id":"G026_051","綠地類型":"河川沿岸自然地表","中心經度":121.824188,"中心緯度":24.543809,"分析面積_km2":1.04,"2020面積_ha":40.68,"2024面積_ha":40.68,"面積減少率_pct":0.0,"2020斑塊數":1,"2024斑塊數":1,"斑塊數增加率_pct":0.0,"2020平均斑塊面積_ha":183.06,"2024平均斑塊面積_ha":185.4,"平均斑塊面積下降率_pct":0.0,"道路切割密度_km_per_km2":0.087,"建成區邊界切割密度_km_per_km2":0.0,"孤立小斑塊比例_pct":0.0,"距大型連續綠地平均距離_m":0.0,"score_面積減少":36.206896551724135,"score_斑塊增加":44.260435571687836,"score_平均斑塊縮小":28.153357531760438,"score_道路建成區切割":34.30127041742287,"score_孤立比例":40.58529945553539,"score_距大型綠地":38.40744101633394,"綜合破碎化分數":37.0,"破碎化等級":"低","判定原因":"面積減少0.0%；斑塊增加0.0%；平均斑塊縮小0.0%；道路密度0.09 km/km²；孤立比例0.0%；距大型綠地0m","2021面積_ha":40.68,"2022面積_ha":40.68,"2023面積_ha":40.68}},{"type":"Feature","geometry":{"type":"Polygon","coordinates":[[[121.85870136192825,24.539101856835092],[121.85876281164057,24.54812977092885],[121.86863276335069,24.548073227096598],[121.86857060759833,24.53904533648676],[121.85870136192825,24.539101856835092]]]},"properties":{"grid_id":"G026_055","綠地類型":"河川沿岸自然地表","中心經度":121.863667,"中心緯度":24.543588,"分析面積_km2":1.04,"2020面積_ha":42.12,"2024面積_ha":42.12,"面積減少率_pct":0.0,"2020斑塊數":2,"2024斑塊數":2,"斑塊數增加率_pct":0.0,"2020平均斑塊面積_ha":130.995,"2024平均斑塊面積_ha":131.67,"平均斑塊面積下降率_pct":0.0,"道路切割密度_km_per_km2":2.134,"建成區邊界切割密度_km_per_km2":0.0,"孤立小斑塊比例_pct":0.0,"距大型連續綠地平均距離_m":0.0,"score_面積減少":36.206896551724135,"score_斑塊增加":44.260435571687836,"score_平均斑塊縮小":28.153357531760438,"score_道路建成區切割":47.14156079854809,"score_孤立比例":40.58529945553539,"score_距大型綠地":38.40744101633394,"綜合破碎化分數":39.1,"破碎化等級":"低","判定原因":"面積減少0.0%；斑塊增加0.0%；平均斑塊縮小0.0%；道路密度2.13 km/km²；孤立比例0.0%；距大型綠地0m","2021面積_ha":42.12,"2022面積_ha":42.12,"2023面積_ha":42.12}},{"type":"Feature","geometry":{"type":"Polygon","coordinates":[[[121.53303963690689,24.549633274145602],[121.53307780127743,24.558661801818975],[121.54294926767264,24.55862656466122],[121.54291039666303,24.549598051618926],[121.53303963690689,24.549633274145602]]]},"properties":{"grid_id":"G027_022","綠地類型":"河川沿岸自然地表","中心經度":121.537994,"中心緯度":24.55413,"分析面積_km2":1.04,"2020面積_ha":21.96,"2024面積_ha":21.96,"面積減少率_pct":0.0,"2020斑塊數":3,"2024斑塊數":3,"斑塊數增加率_pct":0.0,"2020平均斑塊面積_ha":309.72,"2024平均斑塊面積_ha":699.39,"平均斑塊面積下降率_pct":0.0,"道路切割密度_km_per_km2":0.0,"建成區邊界切割密度_km_per_km2":0.0,"孤立小斑塊比例_pct":0.0,"距大型連續綠地平均距離_m":0.0,"score_面積減少":36.206896551724135,"score_斑塊增加":44.260435571687836,"score_平均斑塊縮小":28.153357531760438,"score_道路建成區切割":25.941470054446462,"score_孤立比例":40.58529945553539,"score_距大型綠地":38.40744101633394,"綜合破碎化分數":35.6,"破碎化等級":"低","判定原因":"面積減少0.0%；斑塊增加0.0%；平均斑塊縮小0.0%；道路密度0.00 km/km²；孤立比例0.0%；距大型綠地0m","2021面積_ha":21.96,"2022面積_ha":21.96,"2023面積_ha":21.96}},{"type":"Feature","geometry":{"type":"Polygon","coordinates":[[[121.54291039666303,24.549598051618926],[121.54294926767264,24.55862656466122],[121.55282071509218,24.558590681040936],[121.55278113744946,24.54956218289812],[121.54291039666303,24.549598051618926]]]},"properties":{"grid_id":"G027_023","綠地類型":"河川沿岸自然地表","中心經度":121.547865,"中心緯度":24.554094,"分析面積_km2":1.04,"2020面積_ha":19.26,"2024面積_ha":19.26,"面積減少率_pct":0.0,"2020斑塊數":1,"2024斑塊數":1,"斑塊數增加率_pct":0.0,"2020平均斑塊面積_ha":777.87,"2024平均斑塊面積_ha":1947.87,"平均斑塊面積下降率_pct":0.0,"道路切割密度_km_per_km2":0.0,"建成區邊界切割密度_km_per_km2":0.0,"孤立小斑塊比例_pct":0.0,"距大型連續綠地平均距離_m":0.0,"score_面積減少":36.206896551724135,"score_斑塊增加":44.260435571687836,"score_平均斑塊縮小":28.153357531760438,"score_道路建成區切割":25.941470054446462,"score_孤立比例":40.58529945553539,"score_距大型綠地":38.40744101633394,"綜合破碎化分數":35.6,"破碎化等級":"低","判定原因":"面積減少0.0%；斑塊增加0.0%；平均斑塊縮小0.0%；道路密度0.00 km/km²；孤立比例0.0%；距大型綠地0m","2021面積_ha":19.26,"2022面積_ha":19.26,"2023面積_ha":19.26}},{"type":"Feature","geometry":{"type":"Polygon","coordinates":[[[121.55278113744946,24.54956218289812],[121.55282071509218,24.558590681040936],[121.5626921431911,24.55855415096306],[121.56265185892136,24.549525667988156],[121.55278113744946,24.54956218289812]]]},"properties":{"grid_id":"G027_024","綠地類型":"河川沿岸自然地表","中心經度":121.557736,"中心緯度":24.554058,"分析面積_km2":1.04,"2020面積_ha":21.24,"2024面積_ha":21.24,"面積減少率_pct":0.0,"2020斑塊數":2,"2024斑塊數":2,"斑塊數增加率_pct":0.0,"2020平均斑塊面積_ha":473.985,"2024平均斑塊面積_ha":1061.64,"平均斑塊面積下降率_pct":0.0,"道路切割密度_km_per_km2":0.0,"建成區邊界切割密度_km_per_km2":0.0,"孤立小斑塊比例_pct":0.0,"距大型連續綠地平均距離_m":0.0,"score_面積減少":36.206896551724135,"score_斑塊增加":44.260435571687836,"score_平均斑塊縮小":28.153357531760438,"score_道路建成區切割":25.941470054446462,"score_孤立比例":40.58529945553539,"score_距大型綠地":38.40744101633394,"綜合破碎化分數":35.6,"破碎化等級":"低","判定原因":"面積減少0.0%；斑塊增加0.0%；平均斑塊縮小0.0%；道路密度0.00 km/km²；孤立比例0.0%；距大型綠地0m","2021面積_ha":21.24,"2022面積_ha":21.24,"2023面積_ha":21.24}},{"type":"Feature","geometry":{"type":"Polygon","coordinates":[[[121.56265185892136,24.549525667988156],[121.5626921431911,24.55855415096306],[121.57256355162447,24.55851697443265],[121.57252256073387,24.549488506894054],[121.56265185892136,24.549525667988156]]]},"properties":{"grid_id":"G027_025","綠地類型":"河川沿岸自然地表","中心經度":121.567608,"中心緯度":24.554021,"分析面積_km2":1.04,"2020面積_ha":74.43,"2024面積_ha":74.43,"面積減少率_pct":0.0,"2020斑塊數":2,"2024斑塊數":2,"斑塊數增加率_pct":0.0,"2020平均斑塊面積_ha":473.985,"2024平均斑塊面積_ha":1061.64,"平均斑塊面積下降率_pct":0.0,"道路切割密度_km_per_km2":0.0,"建成區邊界切割密度_km_per_km2":0.0,"孤立小斑塊比例_pct":0.0,"距大型連續綠地平均距離_m":0.0,"score_面積減少":36.206896551724135,"score_斑塊增加":44.260435571687836,"score_平均斑塊縮小":28.153357531760438,"score_道路建成區切割":25.941470054446462,"score_孤立比例":40.58529945553539,"score_距大型綠地":38.40744101633394,"綜合破碎化分數":35.6,"破碎化等級":"低","判定原因":"面積減少0.0%；斑塊增加0.0%；平均斑塊縮小0.0%；道路密度0.00 km/km²；孤立比例0.0%；距大型綠地0m","2021面積_ha":74.43,"2022面積_ha":74.43,"2023面積_ha":74.43}},{"type":"Feature","geometry":{"type":"Polygon","coordinates":[[[121.57252256073387,24.549488506894054],[121.57256355162447,24.55851697443265],[121.58243494004734,24.55847915145483],[121.58239324254222,24.54945069962095],[121.57252256073387,24.549488506894054]]]},"properties":{"grid_id":"G027_026","綠地類型":"河川沿岸自然地表","中心經度":121.577479,"中心緯度":24.553984,"分析面積_km2":1.04,"2020面積_ha":27.09,"2024面積_ha":27.09,"面積減少率_pct":0.0,"2020斑塊數":2,"2024斑塊數":2,"斑塊數增加率_pct":0.0,"2020平均斑塊面積_ha":1681.02,"2024平均斑塊面積_ha":4164.255,"平均斑塊面積下降率_pct":0.0,"道路切割密度_km_per_km2":0.144,"建成區邊界切割密度_km_per_km2":0.0,"孤立小斑塊比例_pct":0.0,"距大型連續綠地平均距離_m":0.0,"score_面積減少":36.206896551724135,"score_斑塊增加":44.260435571687836,"score_平均斑塊縮小":28.153357531760438,"score_道路建成區切割":34.52813067150635,"score_孤立比例":40.58529945553539,"score_距大型綠地":38.40744101633394,"綜合破碎化分數":37.0,"破碎化等級":"低","判定原因":"面積減少0.0%；斑塊增加0.0%；平均斑塊縮小0.0%；道路密度0.14 km/km²；孤立比例0.0%；距大型綠地0m","2021面積_ha":27.09,"2022面積_ha":26.82,"2023面積_ha":27.0}},{"type":"Feature","geometry":{"type":"Polygon","coordinates":[[[121.58239324254222,24.54945069962095],[121.58243494004734,24.55847915145483],[121.59230630811481,24.558440682034828],[121.59226390400156,24.54941224617407],[121.58239324254222,24.54945069962095]]]},"properties":{"grid_id":"G027_027","綠地類型":"河川沿岸自然地表","中心經度":121.58735,"中心緯度":24.553946,"分析面積_km2":1.04,"2020面積_ha":56.25,"2024面積_ha":56.25,"面積減少率_pct":0.0,"2020斑塊數":1,"2024斑塊數":1,"斑塊數增加率_pct":0.0,"2020平均斑塊面積_ha":2584.17,"2024平均斑塊面積_ha":6380.64,"平均斑塊面積下降率_pct":0.0,"道路切割密度_km_per_km2":0.0,"建成區邊界切割密度_km_per_km2":0.0,"孤立小斑塊比例_pct":0.0,"距大型連續綠地平均距離_m":0.0,"score_面積減少":36.206896551724135,"score_斑塊增加":44.260435571687836,"score_平均斑塊縮小":28.153357531760438,"score_道路建成區切割":25.941470054446462,"score_孤立比例":40.58529945553539,"score_距大型綠地":38.40744101633394,"綜合破碎化分數":35.6,"破碎化等級":"低","判定原因":"面積減少0.0%；斑塊增加0.0%；平均斑塊縮小0.0%；道路密度0.00 km/km²；孤立比例0.0%；距大型綠地0m","2021面積_ha":56.25,"2022面積_ha":56.25,"2023面積_ha":56.25}},{"type":"Feature","geometry":{"type":"Polygon","coordinates":[[[121.59226390400156,24.54941224617407],[121.59230630811481,24.558440682034828],[121.60217765548197,24.55840156617794],[121.6021345447671,24.549373146558704],[121.59226390400156,24.54941224617407]]]},"properties":{"grid_id":"G027_028","綠地類型":"河川沿岸自然地表","中心經度":121.597221,"中心緯度":24.553907,"分析面積_km2":1.04,"2020面積_ha":25.65,"2024面積_ha":25.65,"面積減少率_pct":0.0,"2020斑塊數":1,"2024斑塊數":1,"斑塊數增加率_pct":0.0,"2020平均斑塊面積_ha":2584.17,"2024平均斑塊面積_ha":6380.64,"平均斑塊面積下降率_pct":0.0,"道路切割密度_km_per_km2":0.0,"建成區邊界切割密度_km_per_km2":0.0,"孤立小斑塊比例_pct":0.0,"距大型連續綠地平均距離_m":0.0,"score_面積減少":36.206896551724135,"score_斑塊增加":44.260435571687836,"score_平均斑塊縮小":28.153357531760438,"score_道路建成區切割":25.941470054446462,"score_孤立比例":40.58529945553539,"score_距大型綠地":38.40744101633394,"綜合破碎化分數":35.6,"破碎化等級":"低","判定原因":"面積減少0.0%；斑塊增加0.0%；平均斑塊縮小0.0%；道路密度0.00 km/km²；孤立比例0.0%；距大型綠地0m","2021面積_ha":25.65,"2022面積_ha":25.65,"2023面積_ha":25.65}},{"type":"Feature","geometry":{"type":"Polygon","coordinates":[[[121.6021345447671,24.549373146558704],[121.60217765548197,24.55840156617794],[121.61204898180385,24.558361803889575],[121.612005164494,24.54933340078027],[121.6021345447671,24.549373146558704]]]},"properties":{"grid_id":"G027_029","綠地類型":"河川沿岸自然地表","中心經度":121.607092,"中心緯度":24.553868,"分析面積_km2":1.04,"2020面積_ha":36.99,"2024面積_ha":36.99,"面積減少率_pct":0.0,"2020斑塊數":2,"2024斑塊數":2,"斑塊數增加率_pct":0.0,"2020平均斑塊面積_ha":1669.86,"2024平均斑塊面積_ha":3841.92,"平均斑塊面積下降率_pct":0.0,"道路切割密度_km_per_km2":0.0,"建成區邊界切割密度_km_per_km2":0.0,"孤立小斑塊比例_pct":0.0,"距大型連續綠地平均距離_m":0.0,"score_面積減少":36.206896551724135,"score_斑塊增加":44.260435571687836,"score_平均斑塊縮小":28.153357531760438,"score_道路建成區切割":25.941470054446462,"score_孤立比例":40.58529945553539,"score_距大型綠地":38.40744101633394,"綜合破碎化分數":35.6,"破碎化等級":"低","判定原因":"面積減少0.0%；斑塊增加0.0%；平均斑塊縮小0.0%；道路密度0.00 km/km²；孤立比例0.0%；距大型綠地0m","2021面積_ha":36.99,"2022面積_ha":36.99,"2023面積_ha":36.99}},{"type":"Feature","geometry":{"type":"Polygon","coordinates":[[[121.612005164494,24.54933340078027],[121.61204898180385,24.558361803889575],[121.62192028673559,24.558321395175224],[121.62187576283746,24.54929300884423],[121.612005164494,24.54933340078027]]]},"properties":{"grid_id":"G027_030","綠地類型":"河川沿岸自然地表","中心經度":121.616963,"中心緯度":24.553827,"分析面積_km2":1.04,"2020面積_ha":10.71,"2024面積_ha":10.71,"面積減少率_pct":0.0,"2020斑塊數":1,"2024斑塊數":1,"斑塊數增加率_pct":0.0,"2020平均斑塊面積_ha":755.55,"2024平均斑塊面積_ha":1303.2,"平均斑塊面積下降率_pct":0.0,"道路切割密度_km_per_km2":0.317,"建成區邊界切割密度_km_per_km2":0.0,"孤立小斑塊比例_pct":0.0,"距大型連續綠地平均距離_m":0.0,"score_面積減少":36.206896551724135,"score_斑塊增加":44.260435571687836,"score_平均斑塊縮小":28.153357531760438,"score_道路建成區切割":35.6510889292196,"score_孤立比例":40.58529945553539,"score_距大型綠地":38.40744101633394,"綜合破碎化分數":37.2,"破碎化等級":"低","判定原因":"面積減少0.0%；斑塊增加0.0%；平均斑塊縮小0.0%；道路密度0.32 km/km²；孤立比例0.0%；距大型綠地0m","2021面積_ha":10.71,"2022面積_ha":10.71,"2023面積_ha":10.71}},{"type":"Feature","geometry":{"type":"Polygon","coordinates":[[[121.62187576283746,24.54929300884423],[121.62192028673559,24.558321395175224],[121.63179156993222,24.558280340040465],[121.63174633945269,24.54925197075618],[121.62187576283746,24.54929300884423]]]},"properties":{"grid_id":"G027_031","綠地類型":"河川沿岸自然地表","中心經度":121.626833,"中心緯度":24.553787,"分析面積_km2":1.04,"2020面積_ha":32.58,"2024面積_ha":32.58,"面積減少率_pct":0.0,"2020斑塊數":2,"2024斑塊數":2,"斑塊數增加率_pct":0.0,"2020平均斑塊面積_ha":665.235,"2024平均斑塊面積_ha":1331.505,"平均斑塊面積下降率_pct":0.0,"道路切割密度_km_per_km2":2.105,"建成區邊界切割密度_km_per_km2":0.0,"孤立小斑塊比例_pct":0.0,"距大型連續綠地平均距離_m":0.0,"score_面積減少":36.206896551724135,"score_斑塊增加":44.260435571687836,"score_平均斑塊縮小":28.153357531760438,"score_道路建成區切割":47.02813067150635,"score_孤立比例":40.58529945553539,"score_距大型綠地":38.40744101633394,"綜合破碎化分數":39.1,"破碎化等級":"低","判定原因":"面積減少0.0%；斑塊增加0.0%；平均斑塊縮小0.0%；道路密度2.10 km/km²；孤立比例0.0%；距大型綠地0m","2021面積_ha":32.58,"2022面積_ha":32.58,"2023面積_ha":32.58}},{"type":"Feature","geometry":{"type":"Polygon","coordinates":[[[121.63174633945269,24.54925197075618],[121.63179156993222,24.558280340040465],[121.64166283104889,24.558238638490955],[121.64161689399491,24.54921028652177],[121.63174633945269,24.54925197075618]]]},"properties":{"grid_id":"G027_032","綠地類型":"河川沿岸自然地表","中心經度":121.636704,"中心緯度":24.553745,"分析面積_km2":1.04,"2020面積_ha":5.94,"2024面積_ha":5.94,"面積減少率_pct":0.0,"2020斑塊數":2,"2024斑塊數":2,"斑塊數增加率_pct":0.0,"2020平均斑塊面積_ha":665.235,"2024平均斑塊面積_ha":1331.505,"平均斑塊面積下降率_pct":0.0,"道路切割密度_km_per_km2":1.615,"建成區邊界切割密度_km_per_km2":0.0,"孤立小斑塊比例_pct":0.0,"距大型連續綠地平均距離_m":0.0,"score_面積減少":36.206896551724135,"score_斑塊增加":44.260435571687836,"score_平均斑塊縮小":28.153357531760438,"score_道路建成區切割":43.579854809437386,"score_孤立比例":40.58529945553539,"score_距大型綠地":38.40744101633394,"綜合破碎化分數":38.5,"破碎化等級":"低","判定原因":"面積減少0.0%；斑塊增加0.0%；平均斑塊縮小0.0%；道路密度1.61 km/km²；孤立比例0.0%；距大型綠地0m","2021面積_ha":5.94,"2022面積_ha":5.94,"2023面積_ha":5.94}},{"type":"Feature","geometry":{"type":"Polygon","coordinates":[[[121.66135793548106,24.54912497963699],[121.66140528566271,24.55815329617082],[121.67127647847008,24.55810965541197],[121.67122842173545,24.549081356998396],[121.66135793548106,24.54912497963699]]]},"properties":{"grid_id":"G027_035","綠地類型":"河川沿岸自然地表","中心經度":121.666317,"中心緯度":24.553617,"分析面積_km2":1.04,"2020面積_ha":42.39,"2024面積_ha":43.29,"面積減少率_pct":0.0,"2020斑塊數":2,"2024斑塊數":1,"斑塊數增加率_pct":0.0,"2020平均斑塊面積_ha":1989.63,"2024平均斑塊面積_ha":4238.28,"平均斑塊面積下降率_pct":0.0,"道路切割密度_km_per_km2":0.807,"建成區邊界切割密度_km_per_km2":0.0,"孤立小斑塊比例_pct":0.0,"距大型連續綠地平均距離_m":0.0,"score_面積減少":36.206896551724135,"score_斑塊增加":44.260435571687836,"score_平均斑塊縮小":28.153357531760438,"score_道路建成區切割":38.56624319419238,"score_孤立比例":40.58529945553539,"score_距大型綠地":38.40744101633394,"綜合破碎化分數":37.7,"破碎化等級":"低","判定原因":"面積減少0.0%；斑塊增加0.0%；平均斑塊縮小0.0%；道路密度0.81 km/km²；孤立比例0.0%；距大型綠地0m","2021面積_ha":45.09,"2022面積_ha":41.76,"2023面積_ha":43.02}},{"type":"Feature","geometry":{"type":"Polygon","coordinates":[[[121.68109888453768,24.54903708823699],[121.68114764781787,24.558065368261932],[121.69101879336124,24.55802043472683],[121.69096932354294,24.54899217335889],[121.68109888453768,24.54903708823699]]]},"properties":{"grid_id":"G027_037","綠地類型":"河川沿岸自然地表","中心經度":121.686059,"中心緯度":24.553529,"分析面積_km2":1.04,"2020面積_ha":32.76,"2024面積_ha":33.39,"面積減少率_pct":0.0,"2020斑塊數":1,"2024斑塊數":1,"斑塊數增加率_pct":0.0,"2020平均斑塊面積_ha":3955.86,"2024平均斑塊面積_ha":4238.28,"平均斑塊面積下降率_pct":0.0,"道路切割密度_km_per_km2":0.0,"建成區邊界切割密度_km_per_km2":0.0,"孤立小斑塊比例_pct":0.0,"距大型連續綠地平均距離_m":0.0,"score_面積減少":36.206896551724135,"score_斑塊增加":44.260435571687836,"score_平均斑塊縮小":28.153357531760438,"score_道路建成區切割":25.941470054446462,"score_孤立比例":40.58529945553539,"score_距大型綠地":38.40744101633394,"綜合破碎化分數":35.6,"破碎化等級":"低","判定原因":"面積減少0.0%；斑塊增加0.0%；平均斑塊縮小0.0%；道路密度0.00 km/km²；孤立比例0.0%；距大型綠地0m","2021面積_ha":34.02,"2022面積_ha":33.03,"2023面積_ha":33.21}},{"type":"Feature","geometry":{"type":"Polygon","coordinates":[[[121.69096932354294,24.54899217335889],[121.69101879336124,24.55802043472683],[121.70088991475531,24.557974854812855],[121.70083973840653,24.54894661237029],[121.69096932354294,24.54899217335889]]]},"properties":{"grid_id":"G027_038","綠地類型":"河川沿岸自然地表","中心經度":121.695929,"中心緯度":24.553484,"分析面積_km2":1.04,"2020面積_ha":35.19,"2024面積_ha":35.19,"面積減少率_pct":0.0,"2020斑塊數":1,"2024斑塊數":1,"斑塊數增加率_pct":0.0,"2020平均斑塊面積_ha":3955.86,"2024平均斑塊面積_ha":4238.28,"平均斑塊面積下降率_pct":0.0,"道路切割密度_km_per_km2":0.0,"建成區邊界切割密度_km_per_km2":0.0,"孤立小斑塊比例_pct":0.0,"距大型連續綠地平均距離_m":0.0,"score_面積減少":36.206896551724135,"score_斑塊增加":44.260435571687836,"score_平均斑塊縮小":28.153357531760438,"score_道路建成區切割":25.941470054446462,"score_孤立比例":40.58529945553539,"score_距大型綠地":38.40744101633394,"綜合破碎化分數":35.6,"破碎化等級":"低","判定原因":"面積減少0.0%；斑塊增加0.0%；平均斑塊縮小0.0%；道路密度0.00 km/km²；孤立比例0.0%；距大型綠地0m","2021面積_ha":35.19,"2022面積_ha":34.83,"2023面積_ha":35.19}},{"type":"Feature","geometry":{"type":"Polygon","coordinates":[[[121.70083973840653,24.54894661237029],[121.70088991475531,24.557974854812855],[121.71076101165518,24.557928628526298],[121.71071012878363,24.548900405277482],[121.70083973840653,24.54894661237029]]]},"properties":{"grid_id":"G027_039","綠地類型":"河川沿岸自然地表","中心經度":121.7058,"中心緯度":24.553438,"分析面積_km2":1.04,"2020面積_ha":34.02,"2024面積_ha":34.11,"面積減少率_pct":0.0,"2020斑塊數":1,"2024斑塊數":1,"斑塊數增加率_pct":0.0,"2020平均斑塊面積_ha":3955.86,"2024平均斑塊面積_ha":4238.28,"平均斑塊面積下降率_pct":0.0,"道路切割密度_km_per_km2":0.0,"建成區邊界切割密度_km_per_km2":0.0,"孤立小斑塊比例_pct":0.0,"距大型連續綠地平均距離_m":0.0,"score_面積減少":36.206896551724135,"score_斑塊增加":44.260435571687836,"score_平均斑塊縮小":28.153357531760438,"score_道路建成區切割":25.941470054446462,"score_孤立比例":40.58529945553539,"score_距大型綠地":38.40744101633394,"綜合破碎化分數":35.6,"破碎化等級":"低","判定原因":"面積減少0.0%；斑塊增加0.0%；平均斑塊縮小0.0%；道路密度0.00 km/km²；孤立比例0.0%；距大型綠地0m","2021面積_ha":34.02,"2022面積_ha":33.84,"2023面積_ha":33.93}},{"type":"Feature","geometry":{"type":"Polygon","coordinates":[[[121.71071012878363,24.548900405277482],[121.71076101165518,24.557928628526298],[121.72063208371601,24.55788175587355],[121.72058049432948,24.548853552086843],[121.71071012878363,24.548900405277482]]]},"properties":{"grid_id":"G027_040","綠地類型":"河川沿岸自然地表","中心經度":121.715671,"中心緯度":24.553391,"分析面積_km2":1.04,"2020面積_ha":40.05,"2024面積_ha":40.23,"面積減少率_pct":0.0,"2020斑塊數":1,"2024斑塊數":1,"斑塊數增加率_pct":0.0,"2020平均斑塊面積_ha":3955.86,"2024平均斑塊面積_ha":4238.28,"平均斑塊面積下降率_pct":0.0,"道路切割密度_km_per_km2":0.0,"建成區邊界切割密度_km_per_km2":0.0,"孤立小斑塊比例_pct":0.0,"距大型連續綠地平均距離_m":0.0,"score_面積減少":36.206896551724135,"score_斑塊增加":44.260435571687836,"score_平均斑塊縮小":28.153357531760438,"score_道路建成區切割":25.941470054446462,"score_孤立比例":40.58529945553539,"score_距大型綠地":38.40744101633394,"綜合破碎化分數":35.6,"破碎化等級":"低","判定原因":"面積減少0.0%；斑塊增加0.0%；平均斑塊縮小0.0%；道路密度0.00 km/km²；孤立比例0.0%；距大型綠地0m","2021面積_ha":41.85,"2022面積_ha":40.05,"2023面積_ha":40.14}},{"type":"Feature","geometry":{"type":"Polygon","coordinates":[[[121.72058049432948,24.548853552086843],[121.72063208371601,24.55788175587355],[121.73050313059292,24.55783423686107],[121.73045083469938,24.548806052804835],[121.72058049432948,24.548853552086843]]]},"properties":{"grid_id":"G027_041","綠地類型":"河川沿岸自然地表","中心經度":121.725542,"中心緯度":24.553344,"分析面積_km2":1.04,"2020面積_ha":56.43,"2024面積_ha":56.52,"面積減少率_pct":0.0,"2020斑塊數":1,"2024斑塊數":1,"斑塊數增加率_pct":0.0,"2020平均斑塊面積_ha":3955.86,"2024平均斑塊面積_ha":4238.28,"平均斑塊面積下降率_pct":0.0,"道路切割密度_km_per_km2":1.413,"建成區邊界切割密度_km_per_km2":0.0,"孤立小斑塊比例_pct":0.0,"距大型連續綠地平均距離_m":0.0,"score_面積減少":36.206896551724135,"score_斑塊增加":44.260435571687836,"score_平均斑塊縮小":28.153357531760438,"score_道路建成區切割":41.685571687840294,"score_孤立比例":40.58529945553539,"score_距大型綠地":38.40744101633394,"綜合破碎化分數":38.2,"破碎化等級":"低","判定原因":"面積減少0.0%；斑塊增加0.0%；平均斑塊縮小0.0%；道路密度1.41 km/km²；孤立比例0.0%；距大型綠地0m","2021面積_ha":56.97,"2022面積_ha":55.71,"2023面積_ha":56.52}},{"type":"Feature","geometry":{"type":"Polygon","coordinates":[[[121.73045083469938,24.548806052804835],[121.73050313059292,24.55783423686107],[121.74037415194107,24.557786071495418],[121.74032114954855,24.548757907438016],[121.73045083469938,24.548806052804835]]]},"properties":{"grid_id":"G027_042","綠地類型":"河川沿岸自然地表","中心經度":121.735412,"中心緯度":24.553296,"分析面積_km2":1.04,"2020面積_ha":50.76,"2024面積_ha":50.85,"面積減少率_pct":0.0,"2020斑塊數":1,"2024斑塊數":1,"斑塊數增加率_pct":0.0,"2020平均斑塊面積_ha":3955.86,"2024平均斑塊面積_ha":4238.28,"平均斑塊面積下降率_pct":0.0,"道路切割密度_km_per_km2":2.105,"建成區邊界切割密度_km_per_km2":0.0,"孤立小斑塊比例_pct":0.0,"距大型連續綠地平均距離_m":0.0,"score_面積減少":36.206896551724135,"score_斑塊增加":44.260435571687836,"score_平均斑塊縮小":28.153357531760438,"score_道路建成區切割":47.02813067150635,"score_孤立比例":40.58529945553539,"score_距大型綠地":38.40744101633394,"綜合破碎化分數":39.1,"破碎化等級":"低","判定原因":"面積減少0.0%；斑塊增加0.0%；平均斑塊縮小0.0%；道路密度2.10 km/km²；孤立比例0.0%；距大型綠地0m","2021面積_ha":50.85,"2022面積_ha":50.85,"2023面積_ha":50.85}},{"type":"Feature","geometry":{"type":"Polygon","coordinates":[[[121.74032114954855,24.548757907438016],[121.74037415194107,24.557786071495418],[121.75024514741561,24.557737259783245],[121.75019143853221,24.54870911599303],[121.74032114954855,24.548757907438016]]]},"properties":{"grid_id":"G027_043","綠地類型":"河川沿岸自然地表","中心經度":121.745283,"中心緯度":24.553248,"分析面積_km2":1.04,"2020面積_ha":80.73,"2024面積_ha":80.73,"面積減少率_pct":0.0,"2020斑塊數":1,"2024斑塊數":1,"斑塊數增加率_pct":0.0,"2020平均斑塊面積_ha":3955.86,"2024平均斑塊面積_ha":4238.28,"平均斑塊面積下降率_pct":0.0,"道路切割密度_km_per_km2":0.0,"建成區邊界切割密度_km_per_km2":0.0,"孤立小斑塊比例_pct":0.0,"距大型連續綠地平均距離_m":0.0,"score_面積減少":36.206896551724135,"score_斑塊增加":44.260435571687836,"score_平均斑塊縮小":28.153357531760438,"score_道路建成區切割":25.941470054446462,"score_孤立比例":40.58529945553539,"score_距大型綠地":38.40744101633394,"綜合破碎化分數":35.6,"破碎化等級":"低","判定原因":"面積減少0.0%；斑塊增加0.0%；平均斑塊縮小0.0%；道路密度0.00 km/km²；孤立比例0.0%；距大型綠地0m","2021面積_ha":80.73,"2022面積_ha":80.73,"2023面積_ha":80.73}},{"type":"Feature","geometry":{"type":"Polygon","coordinates":[[[121.81928270822749,24.548349486266364],[121.81934136230976,24.557377480672606],[121.82921213838135,24.557323498438294],[121.82915277787733,24.54829552644596],[121.81928270822749,24.548349486266364]]]},"properties":{"grid_id":"G027_051","綠地類型":"河川沿岸自然地表","中心經度":121.824247,"中心緯度":24.552837,"分析面積_km2":1.04,"2020面積_ha":32.31,"2024面積_ha":32.31,"面積減少率_pct":0.0,"2020斑塊數":2,"2024斑塊數":2,"斑塊數增加率_pct":0.0,"2020平均斑塊面積_ha":238.05,"2024平均斑塊面積_ha":239.085,"平均斑塊面積下降率_pct":0.0,"道路切割密度_km_per_km2":1.413,"建成區邊界切割密度_km_per_km2":0.0,"孤立小斑塊比例_pct":0.0,"距大型連續綠地平均距離_m":0.0,"score_面積減少":36.206896551724135,"score_斑塊增加":44.260435571687836,"score_平均斑塊縮小":28.153357531760438,"score_道路建成區切割":41.685571687840294,"score_孤立比例":40.58529945553539,"score_距大型綠地":38.40744101633394,"綜合破碎化分數":38.2,"破碎化等級":"低","判定原因":"面積減少0.0%；斑塊增加0.0%；平均斑塊縮小0.0%；道路密度1.41 km/km²；孤立比例0.0%；距大型綠地0m","2021面積_ha":32.31,"2022面積_ha":32.31,"2023面積_ha":32.31}},{"type":"Feature","geometry":{"type":"Polygon","coordinates":[[[121.43436216955212,24.558978616931082],[121.4343932824083,24.568007265301024],[121.44426562662565,24.567978481072956],[121.44423380673166,24.55894984465149],[121.43436216955212,24.558978616931082]]]},"properties":{"grid_id":"G028_012","綠地類型":"河川沿岸自然地表","中心經度":121.439314,"中心緯度":24.563479,"分析面積_km2":1.04,"2020面積_ha":19.44,"2024面積_ha":19.44,"面積減少率_pct":0.0,"2020斑塊數":2,"2024斑塊數":2,"斑塊數增加率_pct":0.0,"2020平均斑塊面積_ha":312.075,"2024平均斑塊面積_ha":312.57,"平均斑塊面積下降率_pct":0.0,"道路切割密度_km_per_km2":0.0,"建成區邊界切割密度_km_per_km2":0.0,"孤立小斑塊比例_pct":0.0,"距大型連續綠地平均距離_m":0.0,"score_面積減少":36.206896551724135,"score_斑塊增加":44.260435571687836,"score_平均斑塊縮小":28.153357531760438,"score_道路建成區切割":25.941470054446462,"score_孤立比例":40.58529945553539,"score_距大型綠地":38.40744101633394,"綜合破碎化分數":35.6,"破碎化等級":"低","判定原因":"面積減少0.0%；斑塊增加0.0%；平均斑塊縮小0.0%；道路密度0.00 km/km²；孤立比例0.0%；距大型綠地0m","2021面積_ha":19.44,"2022面積_ha":19.44,"2023面積_ha":19.44}},{"type":"Feature","geometry":{"type":"Polygon","coordinates":[[[121.53307780127743,24.558661801818975],[121.53311598427868,24.567690318623146],[121.54298815765792,24.567655066832284],[121.54294926767264,24.55862656466122],[121.53307780127743,24.558661801818975]]]},"properties":{"grid_id":"G028_022","綠地類型":"河川沿岸自然地表","中心經度":121.538033,"中心緯度":24.563159,"分析面積_km2":1.04,"2020面積_ha":32.4,"2024面積_ha":32.4,"面積減少率_pct":0.0,"2020斑塊數":2,"2024斑塊數":2,"斑塊數增加率_pct":0.0,"2020平均斑塊面積_ha":422.01,"2024平均斑塊面積_ha":1006.245,"平均斑塊面積下降率_pct":0.0,"道路切割密度_km_per_km2":0.0,"建成區邊界切割密度_km_per_km2":0.0,"孤立小斑塊比例_pct":0.0,"距大型連續綠地平均距離_m":0.0,"score_面積減少":36.206896551724135,"score_斑塊增加":44.260435571687836,"score_平均斑塊縮小":28.153357531760438,"score_道路建成區切割":25.941470054446462,"score_孤立比例":40.58529945553539,"score_距大型綠地":38.40744101633394,"綜合破碎化分數":35.6,"破碎化等級":"低","判定原因":"面積減少0.0%；斑塊增加0.0%；平均斑塊縮小0.0%；道路密度0.00 km/km²；孤立比例0.0%；距大型綠地0m","2021面積_ha":32.4,"2022面積_ha":32.4,"2023面積_ha":32.4}},{"type":"Feature","geometry":{"type":"Polygon","coordinates":[[[121.54294926767264,24.55862656466122],[121.54298815765792,24.567655066832284],[121.5528603120555,24.567619168310433],[121.55282071509218,24.558590681040936],[121.54294926767264,24.55862656466122]]]},"properties":{"grid_id":"G028_023","綠地類型":"河川沿岸自然地表","中心經度":121.547905,"中心緯度":24.563123,"分析面積_km2":1.04,"2020面積_ha":28.53,"2024面積_ha":28.53,"面積減少率_pct":0.0,"2020斑塊數":1,"2024斑塊數":1,"斑塊數增加率_pct":0.0,"2020平均斑塊面積_ha":777.87,"2024平均斑塊面積_ha":1947.87,"平均斑塊面積下降率_pct":0.0,"道路切割密度_km_per_km2":0.0,"建成區邊界切割密度_km_per_km2":0.0,"孤立小斑塊比例_pct":0.0,"距大型連續綠地平均距離_m":0.0,"score_面積減少":36.206896551724135,"score_斑塊增加":44.260435571687836,"score_平均斑塊縮小":28.153357531760438,"score_道路建成區切割":25.941470054446462,"score_孤立比例":40.58529945553539,"score_距大型綠地":38.40744101633394,"綜合破碎化分數":35.6,"破碎化等級":"低","判定原因":"面積減少0.0%；斑塊增加0.0%；平均斑塊縮小0.0%；道路密度0.00 km/km²；孤立比例0.0%；距大型綠地0m","2021面積_ha":28.53,"2022面積_ha":28.53,"2023面積_ha":28.53}},{"type":"Feature","geometry":{"type":"Polygon","coordinates":[[[121.57256355162447,24.55851697443265],[121.57260456252551,24.56754543109368],[121.58247665790788,24.56750759240896],[121.58243494004734,24.55847915145483],[121.57256355162447,24.55851697443265]]]},"properties":{"grid_id":"G028_026","綠地類型":"河川沿岸自然地表","中心經度":121.57752,"中心緯度":24.563012,"分析面積_km2":1.04,"2020面積_ha":41.58,"2024面積_ha":41.58,"面積減少率_pct":0.0,"2020斑塊數":2,"2024斑塊數":2,"斑塊數增加率_pct":0.0,"2020平均斑塊面積_ha":1681.02,"2024平均斑塊面積_ha":4164.255,"平均斑塊面積下降率_pct":0.0,"道路切割密度_km_per_km2":0.0,"建成區邊界切割密度_km_per_km2":0.0,"孤立小斑塊比例_pct":0.0,"距大型連續綠地平均距離_m":0.0,"score_面積減少":36.206896551724135,"score_斑塊增加":44.260435571687836,"score_平均斑塊縮小":28.153357531760438,"score_道路建成區切割":25.941470054446462,"score_孤立比例":40.58529945553539,"score_距大型綠地":38.40744101633394,"綜合破碎化分數":35.6,"破碎化等級":"低","判定原因":"面積減少0.0%；斑塊增加0.0%；平均斑塊縮小0.0%；道路密度0.00 km/km²；孤立比例0.0%；距大型綠地0m","2021面積_ha":41.58,"2022面積_ha":41.58,"2023面積_ha":41.58}},{"type":"Feature","geometry":{"type":"Polygon","coordinates":[[[121.58243494004734,24.55847915145483],[121.58247665790788,24.56750759240896],[121.59234873292839,24.567469107013604],[121.59230630811481,24.558440682034828],[121.58243494004734,24.55847915145483]]]},"properties":{"grid_id":"G028_027","綠地類型":"河川沿岸自然地表","中心經度":121.587392,"中心緯度":24.562974,"分析面積_km2":1.04,"2020面積_ha":65.43,"2024面積_ha":65.79,"面積減少率_pct":0.0,"2020斑塊數":1,"2024斑塊數":1,"斑塊數增加率_pct":0.0,"2020平均斑塊面積_ha":2584.17,"2024平均斑塊面積_ha":6380.64,"平均斑塊面積下降率_pct":0.0,"道路切割密度_km_per_km2":0.0,"建成區邊界切割密度_km_per_km2":0.0,"孤立小斑塊比例_pct":0.0,"距大型連續綠地平均距離_m":0.0,"score_面積減少":36.206896551724135,"score_斑塊增加":44.260435571687836,"score_平均斑塊縮小":28.153357531760438,"score_道路建成區切割":25.941470054446462,"score_孤立比例":40.58529945553539,"score_距大型綠地":38.40744101633394,"綜合破碎化分數":35.6,"破碎化等級":"低","判定原因":"面積減少0.0%；斑塊增加0.0%；平均斑塊縮小0.0%；道路密度0.00 km/km²；孤立比例0.0%；距大型綠地0m","2021面積_ha":65.79,"2022面積_ha":64.71,"2023面積_ha":65.88}},{"type":"Feature","geometry":{"type":"Polygon","coordinates":[[[121.59230630811481,24.558440682034828],[121.59234873292839,24.567469107013604],[121.60222078724206,24.567429974912937],[121.60217765548197,24.55840156617794],[121.59230630811481,24.558440682034828]]]},"properties":{"grid_id":"G028_028","綠地類型":"河川沿岸自然地表","中心經度":121.597263,"中心緯度":24.562935,"分析面積_km2":1.04,"2020面積_ha":59.94,"2024面積_ha":59.94,"面積減少率_pct":0.0,"2020斑塊數":1,"2024斑塊數":1,"斑塊數增加率_pct":0.0,"2020平均斑塊面積_ha":2584.17,"2024平均斑塊面積_ha":6380.64,"平均斑塊面積下降率_pct":0.0,"道路切割密度_km_per_km2":0.0,"建成區邊界切割密度_km_per_km2":0.0,"孤立小斑塊比例_pct":0.0,"距大型連續綠地平均距離_m":0.0,"score_面積減少":36.206896551724135,"score_斑塊增加":44.260435571687836,"score_平均斑塊縮小":28.153357531760438,"score_道路建成區切割":25.941470054446462,"score_孤立比例":40.58529945553539,"score_距大型綠地":38.40744101633394,"綜合破碎化分數":35.6,"破碎化等級":"低","判定原因":"面積減少0.0%；斑塊增加0.0%；平均斑塊縮小0.0%；道路密度0.00 km/km²；孤立比例0.0%；距大型綠地0m","2021面積_ha":59.94,"2022面積_ha":59.94,"2023面積_ha":59.94}},{"type":"Feature","geometry":{"type":"Polygon","coordinates":[[[121.60217765548197,24.55840156617794],[121.60222078724206,24.567429974912937],[121.61209282050388,24.56739019611236],[121.61204898180385,24.558361803889575],[121.60217765548197,24.55840156617794]]]},"properties":{"grid_id":"G028_029","綠地類型":"河川沿岸自然地表","中心經度":121.607135,"中心緯度":24.562896,"分析面積_km2":1.04,"2020面積_ha":54.81,"2024面積_ha":54.81,"面積減少率_pct":0.0,"2020斑塊數":1,"2024斑塊數":1,"斑塊數增加率_pct":0.0,"2020平均斑塊面積_ha":2584.17,"2024平均斑塊面積_ha":6380.64,"平均斑塊面積下降率_pct":0.0,"道路切割密度_km_per_km2":0.0,"建成區邊界切割密度_km_per_km2":0.0,"孤立小斑塊比例_pct":0.0,"距大型連續綠地平均距離_m":0.0,"score_面積減少":36.206896551724135,"score_斑塊增加":44.260435571687836,"score_平均斑塊縮小":28.153357531760438,"score_道路建成區切割":25.941470054446462,"score_孤立比例":40.58529945553539,"score_距大型綠地":38.40744101633394,"綜合破碎化分數":35.6,"破碎化等級":"低","判定原因":"面積減少0.0%；斑塊增加0.0%；平均斑塊縮小0.0%；道路密度0.00 km/km²；孤立比例0.0%；距大型綠地0m","2021面積_ha":54.81,"2022面積_ha":54.81,"2023面積_ha":54.81}},{"type":"Feature","geometry":{"type":"Polygon","coordinates":[[[121.61204898180385,24.558361803889575],[121.61209282050388,24.56739019611236],[121.62196483236876,24.567349770617355],[121.62192028673559,24.558321395175224],[121.61204898180385,24.558361803889575]]]},"properties":{"grid_id":"G028_030","綠地類型":"河川沿岸自然地表","中心經度":121.617007,"中心緯度":24.562856,"分析面積_km2":1.04,"2020面積_ha":27.09,"2024面積_ha":27.18,"面積減少率_pct":0.0,"2020斑塊數":2,"2024斑塊數":2,"斑塊數增加率_pct":0.0,"2020平均斑塊面積_ha":1579.545,"2024平均斑塊面積_ha":3870.225,"平均斑塊面積下降率_pct":0.0,"道路切割密度_km_per_km2":0.0,"建成區邊界切割密度_km_per_km2":0.0,"孤立小斑塊比例_pct":0.0,"距大型連續綠地平均距離_m":0.0,"score_面積減少":36.206896551724135,"score_斑塊增加":44.260435571687836,"score_平均斑塊縮小":28.153357531760438,"score_道路建成區切割":25.941470054446462,"score_孤立比例":40.58529945553539,"score_距大型綠地":38.40744101633394,"綜合破碎化分數":35.6,"破碎化等級":"低","判定原因":"面積減少0.0%；斑塊增加0.0%；平均斑塊縮小0.0%；道路密度0.00 km/km²；孤立比例0.0%；距大型綠地0m","2021面積_ha":27.18,"2022面積_ha":27.18,"2023面積_ha":27.18}},{"type":"Feature","geometry":{"type":"Polygon","coordinates":[[[121.62192028673559,24.558321395175224],[121.62196483236876,24.567349770617355],[121.63183682249172,24.567308698433514],[121.63179156993222,24.558280340040465],[121.62192028673559,24.558321395175224]]]},"properties":{"grid_id":"G028_031","綠地類型":"河川沿岸自然地表","中心經度":121.626878,"中心緯度":24.562815,"分析面積_km2":1.04,"2020面積_ha":51.57,"2024面積_ha":51.57,"面積減少率_pct":0.0,"2020斑塊數":1,"2024斑塊數":1,"斑塊數增加率_pct":0.0,"2020平均斑塊面積_ha":574.92,"2024平均斑塊面積_ha":1359.81,"平均斑塊面積下降率_pct":0.0,"道路切割密度_km_per_km2":0.0,"建成區邊界切割密度_km_per_km2":0.0,"孤立小斑塊比例_pct":0.0,"距大型連續綠地平均距離_m":0.0,"score_面積減少":36.206896551724135,"score_斑塊增加":44.260435571687836,"score_平均斑塊縮小":28.153357531760438,"score_道路建成區切割":25.941470054446462,"score_孤立比例":40.58529945553539,"score_距大型綠地":38.40744101633394,"綜合破碎化分數":35.6,"破碎化等級":"低","判定原因":"面積減少0.0%；斑塊增加0.0%；平均斑塊縮小0.0%；道路密度0.00 km/km²；孤立比例0.0%；距大型綠地0m","2021面積_ha":51.57,"2022面積_ha":51.57,"2023面積_ha":51.57}},{"type":"Feature","geometry":{"type":"Polygon","coordinates":[[[121.63179156993222,24.558280340040465],[121.63183682249172,24.567308698433514],[121.64170879052779,24.567266979566494],[121.64166283104889,24.558238638490955],[121.63179156993222,24.558280340040465]]]},"properties":{"grid_id":"G028_032","綠地類型":"河川沿岸自然地表","中心經度":121.63675,"中心緯度":24.562774,"分析面積_km2":1.04,"2020面積_ha":55.8,"2024面積_ha":55.8,"面積減少率_pct":0.0,"2020斑塊數":1,"2024斑塊數":1,"斑塊數增加率_pct":0.0,"2020平均斑塊面積_ha":574.92,"2024平均斑塊面積_ha":1359.81,"平均斑塊面積下降率_pct":0.0,"道路切割密度_km_per_km2":0.0,"建成區邊界切割密度_km_per_km2":0.0,"孤立小斑塊比例_pct":0.0,"距大型連續綠地平均距離_m":0.0,"score_面積減少":36.206896551724135,"score_斑塊增加":44.260435571687836,"score_平均斑塊縮小":28.153357531760438,"score_道路建成區切割":25.941470054446462,"score_孤立比例":40.58529945553539,"score_距大型綠地":38.40744101633394,"綜合破碎化分數":35.6,"破碎化等級":"低","判定原因":"面積減少0.0%；斑塊增加0.0%；平均斑塊縮小0.0%；道路密度0.00 km/km²；孤立比例0.0%；距大型綠地0m","2021面積_ha":55.8,"2022面積_ha":55.8,"2023面積_ha":55.8}},{"type":"Feature","geometry":{"type":"Polygon","coordinates":[[[121.64166283104889,24.558238638490955],[121.64170879052779,24.567266979566494],[121.65158073613188,24.567224614022066],[121.65153406974068,24.558196290532457],[121.64166283104889,24.558238638490955]]]},"properties":{"grid_id":"G028_033","綠地類型":"河川沿岸自然地表","中心經度":121.646622,"中心緯度":24.562732,"分析面積_km2":1.04,"2020面積_ha":0.99,"2024面積_ha":0.99,"面積減少率_pct":0.0,"2020斑塊數":1,"2024斑塊數":1,"斑塊數增加率_pct":0.0,"2020平均斑塊面積_ha":574.92,"2024平均斑塊面積_ha":1359.81,"平均斑塊面積下降率_pct":0.0,"道路切割密度_km_per_km2":2.163,"建成區邊界切割密度_km_per_km2":0.0,"孤立小斑塊比例_pct":0.0,"距大型連續綠地平均距離_m":0.0,"score_面積減少":36.206896551724135,"score_斑塊增加":44.260435571687836,"score_平均斑塊縮小":28.153357531760438,"score_道路建成區切割":47.311705989110706,"score_孤立比例":40.58529945553539,"score_距大型綠地":38.40744101633394,"綜合破碎化分數":39.2,"破碎化等級":"低","判定原因":"面積減少0.0%；斑塊增加0.0%；平均斑塊縮小0.0%；道路密度2.16 km/km²；孤立比例0.0%；距大型綠地0m","2021面積_ha":0.99,"2022面積_ha":0.99,"2023面積_ha":0.99}},{"type":"Feature","geometry":{"type":"Polygon","coordinates":[[[121.65153406974068,24.558196290532457],[121.65158073613188,24.567224614022066],[121.66145265895904,24.56718160180607],[121.66140528566271,24.55815329617082],[121.65153406974068,24.558196290532457]]]},"properties":{"grid_id":"G028_034","綠地類型":"河川沿岸自然地表","中心經度":121.656493,"中心緯度":24.562689,"分析面積_km2":1.04,"2020面積_ha":11.16,"2024面積_ha":11.16,"面積減少率_pct":0.0,"2020斑塊數":2,"2024斑塊數":2,"斑塊數增加率_pct":0.0,"2020平均斑塊面積_ha":2265.255,"2024平均斑塊面積_ha":2394.945,"平均斑塊面積下降率_pct":0.0,"道路切割密度_km_per_km2":2.364,"建成區邊界切割密度_km_per_km2":0.0,"孤立小斑塊比例_pct":0.0,"距大型連續綠地平均距離_m":0.0,"score_面積減少":36.206896551724135,"score_斑塊增加":44.260435571687836,"score_平均斑塊縮小":28.153357531760438,"score_道路建成區切割":48.29854809437387,"score_孤立比例":40.58529945553539,"score_距大型綠地":38.40744101633394,"綜合破碎化分數":39.3,"破碎化等級":"低","判定原因":"面積減少0.0%；斑塊增加0.0%；平均斑塊縮小0.0%；道路密度2.36 km/km²；孤立比例0.0%；距大型綠地0m","2021面積_ha":11.16,"2022面積_ha":11.16,"2023面積_ha":11.16}},{"type":"Feature","geometry":{"type":"Polygon","coordinates":[[[121.67127647847008,24.55810965541197],[121.67132455866424,24.567137942924447],[121.68119643490249,24.567093637383223],[121.68114764781787,24.558065368261932],[121.67127647847008,24.55810965541197]]]},"properties":{"grid_id":"G028_036","綠地類型":"河川沿岸自然地表","中心經度":121.676236,"中心緯度":24.562602,"分析面積_km2":1.04,"2020面積_ha":18.81,"2024面積_ha":18.81,"面積減少率_pct":0.0,"2020斑塊數":2,"2024斑塊數":2,"斑塊數增加率_pct":0.0,"2020平均斑塊面積_ha":2265.255,"2024平均斑塊面積_ha":2394.945,"平均斑塊面積下降率_pct":0.0,"道路切割密度_km_per_km2":0.807,"建成區邊界切割密度_km_per_km2":0.0,"孤立小斑塊比例_pct":0.0,"距大型連續綠地平均距離_m":0.0,"score_面積減少":36.206896551724135,"score_斑塊增加":44.260435571687836,"score_平均斑塊縮小":28.153357531760438,"score_道路建成區切割":38.56624319419238,"score_孤立比例":40.58529945553539,"score_距大型綠地":38.40744101633394,"綜合破碎化分數":37.7,"破碎化等級":"低","判定原因":"面積減少0.0%；斑塊增加0.0%；平均斑塊縮小0.0%；道路密度0.81 km/km²；孤立比例0.0%；距大型綠地0m","2021面積_ha":18.81,"2022面積_ha":18.81,"2023面積_ha":18.81}},{"type":"Feature","geometry":{"type":"Polygon","coordinates":[[[121.68114764781787,24.558065368261932],[121.68119643490249,24.567093637383223],[121.69106828732883,24.56704868518852],[121.69101879336124,24.55802043472683],[121.68114764781787,24.558065368261932]]]},"properties":{"grid_id":"G028_037","綠地類型":"河川沿岸自然地表","中心經度":121.686108,"中心緯度":24.562557,"分析面積_km2":1.04,"2020面積_ha":27.99,"2024面積_ha":28.26,"面積減少率_pct":0.0,"2020斑塊數":2,"2024斑塊數":2,"斑塊數增加率_pct":0.0,"2020平均斑塊面積_ha":2265.255,"2024平均斑塊面積_ha":2394.945,"平均斑塊面積下降率_pct":0.0,"道路切割密度_km_per_km2":0.0,"建成區邊界切割密度_km_per_km2":0.0,"孤立小斑塊比例_pct":0.0,"距大型連續綠地平均距離_m":0.0,"score_面積減少":36.206896551724135,"score_斑塊增加":44.260435571687836,"score_平均斑塊縮小":28.153357531760438,"score_道路建成區切割":25.941470054446462,"score_孤立比例":40.58529945553539,"score_距大型綠地":38.40744101633394,"綜合破碎化分數":35.6,"破碎化等級":"低","判定原因":"面積減少0.0%；斑塊增加0.0%；平均斑塊縮小0.0%；道路密度0.00 km/km²；孤立比例0.0%；距大型綠地0m","2021面積_ha":30.69,"2022面積_ha":30.06,"2023面積_ha":28.98}},{"type":"Feature","geometry":{"type":"Polygon","coordinates":[[[121.69101879336124,24.55802043472683],[121.69106828732883,24.56704868518852],[121.70094011559824,24.567003086346535],[121.70088991475531,24.557974854812855],[121.69101879336124,24.55802043472683]]]},"properties":{"grid_id":"G028_038","綠地類型":"河川沿岸自然地表","中心經度":121.695979,"中心緯度":24.562512,"分析面積_km2":1.04,"2020面積_ha":39.24,"2024面積_ha":39.42,"面積減少率_pct":0.0,"2020斑塊數":1,"2024斑塊數":1,"斑塊數增加率_pct":0.0,"2020平均斑塊面積_ha":3955.86,"2024平均斑塊面積_ha":4238.28,"平均斑塊面積下降率_pct":0.0,"道路切割密度_km_per_km2":0.0,"建成區邊界切割密度_km_per_km2":0.0,"孤立小斑塊比例_pct":0.0,"距大型連續綠地平均距離_m":0.0,"score_面積減少":36.206896551724135,"score_斑塊增加":44.260435571687836,"score_平均斑塊縮小":28.153357531760438,"score_道路建成區切割":25.941470054446462,"score_孤立比例":40.58529945553539,"score_距大型綠地":38.40744101633394,"綜合破碎化分數":35.6,"破碎化等級":"低","判定原因":"面積減少0.0%；斑塊增加0.0%；平均斑塊縮小0.0%；道路密度0.00 km/km²；孤立比例0.0%；距大型綠地0m","2021面積_ha":40.5,"2022面積_ha":38.88,"2023面積_ha":39.51}},{"type":"Feature","geometry":{"type":"Polygon","coordinates":[[[121.70088991475531,24.557974854812855],[121.70094011559824,24.567003086346535],[121.71081191936578,24.56695684086357],[121.71076101165518,24.557928628526298],[121.70088991475531,24.557974854812855]]]},"properties":{"grid_id":"G028_039","綠地類型":"河川沿岸自然地表","中心經度":121.705851,"中心緯度":24.562466,"分析面積_km2":1.04,"2020面積_ha":57.06,"2024面積_ha":57.96,"面積減少率_pct":0.0,"2020斑塊數":1,"2024斑塊數":1,"斑塊數增加率_pct":0.0,"2020平均斑塊面積_ha":3955.86,"2024平均斑塊面積_ha":4238.28,"平均斑塊面積下降率_pct":0.0,"道路切割密度_km_per_km2":0.0,"建成區邊界切割密度_km_per_km2":0.0,"孤立小斑塊比例_pct":0.0,"距大型連續綠地平均距離_m":0.0,"score_面積減少":36.206896551724135,"score_斑塊增加":44.260435571687836,"score_平均斑塊縮小":28.153357531760438,"score_道路建成區切割":25.941470054446462,"score_孤立比例":40.58529945553539,"score_距大型綠地":38.40744101633394,"綜合破碎化分數":35.6,"破碎化等級":"低","判定原因":"面積減少0.0%；斑塊增加0.0%；平均斑塊縮小0.0%；道路密度0.00 km/km²；孤立比例0.0%；距大型綠地0m","2021面積_ha":58.59,"2022面積_ha":55.53,"2023面積_ha":57.24}},{"type":"Feature","geometry":{"type":"Polygon","coordinates":[[[121.73050313059292,24.55783423686107],[121.73055545201524,24.5668624100003],[121.74042718020725,24.56681422463303],[121.74037415194107,24.557786071495418],[121.73050313059292,24.55783423686107]]]},"properties":{"grid_id":"G028_042","綠地類型":"河川沿岸自然地表","中心經度":121.735465,"中心緯度":24.562324,"分析面積_km2":1.04,"2020面積_ha":49.86,"2024面積_ha":49.86,"面積減少率_pct":0.0,"2020斑塊數":1,"2024斑塊數":1,"斑塊數增加率_pct":0.0,"2020平均斑塊面積_ha":3955.86,"2024平均斑塊面積_ha":4238.28,"平均斑塊面積下降率_pct":0.0,"道路切割密度_km_per_km2":2.451,"建成區邊界切割密度_km_per_km2":0.0,"孤立小斑塊比例_pct":0.0,"距大型連續綠地平均距離_m":0.0,"score_面積減少":36.206896551724135,"score_斑塊增加":44.260435571687836,"score_平均斑塊縮小":28.153357531760438,"score_道路建成區切割":48.616152450090745,"score_孤立比例":40.58529945553539,"score_距大型綠地":38.40744101633394,"綜合破碎化分數":39.4,"破碎化等級":"低","判定原因":"面積減少0.0%；斑塊增加0.0%；平均斑塊縮小0.0%；道路密度2.45 km/km²；孤立比例0.0%；距大型綠地0m","2021面積_ha":49.86,"2022面積_ha":49.86,"2023面積_ha":49.86}},{"type":"Feature","geometry":{"type":"Polygon","coordinates":[[[121.75024514741561,24.557737259783245],[121.75029888251748,24.566765392650847],[121.76017055860099,24.566715914060495],[121.76011611667168,24.55768780173129],[121.75024514741561,24.557737259783245]]]},"properties":{"grid_id":"G028_044","綠地類型":"河川沿岸自然地表","中心經度":121.755208,"中心緯度":24.562227,"分析面積_km2":1.04,"2020面積_ha":15.39,"2024面積_ha":15.39,"面積減少率_pct":0.0,"2020斑塊數":2,"2024斑塊數":2,"斑塊數增加率_pct":0.0,"2020平均斑塊面積_ha":2772.855,"2024平均斑塊面積_ha":2903.265,"平均斑塊面積下降率_pct":0.0,"道路切割密度_km_per_km2":1.355,"建成區邊界切割密度_km_per_km2":0.0,"孤立小斑塊比例_pct":0.0,"距大型連續綠地平均距離_m":0.0,"score_面積減少":36.206896551724135,"score_斑塊增加":44.260435571687836,"score_平均斑塊縮小":28.153357531760438,"score_道路建成區切割":41.22050816696915,"score_孤立比例":40.58529945553539,"score_距大型綠地":38.40744101633394,"綜合破碎化分數":38.1,"破碎化等級":"低","判定原因":"面積減少0.0%；斑塊增加0.0%；平均斑塊縮小0.0%；道路密度1.35 km/km²；孤立比例0.0%；距大型綠地0m","2021面積_ha":15.39,"2022面積_ha":15.39,"2023面積_ha":15.39}},{"type":"Feature","geometry":{"type":"Polygon","coordinates":[[[121.41464854876097,24.568062893414417],[121.41467826202296,24.57709155402522],[121.4245513436594,24.57706405194717],[121.42452092300502,24.568035402749462],[121.41464854876097,24.568062893414417]]]},"properties":{"grid_id":"G029_010","綠地類型":"河川沿岸自然地表","中心經度":121.4196,"中心緯度":24.572564,"分析面積_km2":1.04,"2020面積_ha":21.6,"2024面積_ha":21.6,"面積減少率_pct":0.0,"2020斑塊數":1,"2024斑塊數":1,"斑塊數增加率_pct":0.0,"2020平均斑塊面積_ha":290.88,"2024平均斑塊面積_ha":291.96,"平均斑塊面積下降率_pct":0.0,"道路切割密度_km_per_km2":2.336,"建成區邊界切割密度_km_per_km2":0.0,"孤立小斑塊比例_pct":0.0,"距大型連續綠地平均距離_m":0.0,"score_面積減少":36.206896551724135,"score_斑塊增加":44.260435571687836,"score_平均斑塊縮小":28.153357531760438,"score_道路建成區切割":48.20780399274047,"score_孤立比例":40.58529945553539,"score_距大型綠地":38.40744101633394,"綜合破碎化分數":39.3,"破碎化等級":"低","判定原因":"面積減少0.0%；斑塊增加0.0%；平均斑塊縮小0.0%；道路密度2.34 km/km²；孤立比例0.0%；距大型綠地0m","2021面積_ha":21.6,"2022面積_ha":21.6,"2023面積_ha":21.6}},{"type":"Feature","geometry":{"type":"Polygon","coordinates":[[[121.42452092300502,24.568035402749462],[121.4245513436594,24.57706405194717],[121.43442441045036,24.577035902817098],[121.4343932824083,24.568007265301024],[121.42452092300502,24.568035402749462]]]},"properties":{"grid_id":"G029_011","綠地類型":"河川沿岸自然地表","中心經度":121.429472,"中心緯度":24.572536,"分析面積_km2":1.04,"2020面積_ha":27.09,"2024面積_ha":27.09,"面積減少率_pct":0.0,"2020斑塊數":1,"2024斑塊數":1,"斑塊數增加率_pct":0.0,"2020平均斑塊面積_ha":290.88,"2024平均斑塊面積_ha":291.96,"平均斑塊面積下降率_pct":0.0,"道路切割密度_km_per_km2":0.0,"建成區邊界切割密度_km_per_km2":0.0,"孤立小斑塊比例_pct":0.0,"距大型連續綠地平均距離_m":0.0,"score_面積減少":36.206896551724135,"score_斑塊增加":44.260435571687836,"score_平均斑塊縮小":28.153357531760438,"score_道路建成區切割":25.941470054446462,"score_孤立比例":40.58529945553539,"score_距大型綠地":38.40744101633394,"綜合破碎化分數":35.6,"破碎化等級":"低","判定原因":"面積減少0.0%；斑塊增加0.0%；平均斑塊縮小0.0%；道路密度0.00 km/km²；孤立比例0.0%；距大型綠地0m","2021面積_ha":27.09,"2022面積_ha":27.09,"2023面積_ha":27.09}},{"type":"Feature","geometry":{"type":"Polygon","coordinates":[[[121.4343932824083,24.568007265301024],[121.43442441045036,24.577035902817098],[121.44429746205066,24.577007106638906],[121.44426562662565,24.567978481072956],[121.4343932824083,24.568007265301024]]]},"properties":{"grid_id":"G029_012","綠地類型":"河川沿岸自然地表","中心經度":121.439345,"中心緯度":24.572507,"分析面積_km2":1.04,"2020面積_ha":51.3,"2024面積_ha":51.3,"面積減少率_pct":0.0,"2020斑塊數":1,"2024斑塊數":1,"斑塊數增加率_pct":0.0,"2020平均斑塊面積_ha":290.88,"2024平均斑塊面積_ha":291.96,"平均斑塊面積下降率_pct":0.0,"道路切割密度_km_per_km2":0.0,"建成區邊界切割密度_km_per_km2":0.0,"孤立小斑塊比例_pct":0.0,"距大型連續綠地平均距離_m":0.0,"score_面積減少":36.206896551724135,"score_斑塊增加":44.260435571687836,"score_平均斑塊縮小":28.153357531760438,"score_道路建成區切割":25.941470054446462,"score_孤立比例":40.58529945553539,"score_距大型綠地":38.40744101633394,"綜合破碎化分數":35.6,"破碎化等級":"低","判定原因":"面積減少0.0%；斑塊增加0.0%；平均斑塊縮小0.0%；道路密度0.00 km/km²；孤立比例0.0%；距大型綠地0m","2021面積_ha":51.3,"2022面積_ha":51.3,"2023面積_ha":51.3}},{"type":"Feature","geometry":{"type":"Polygon","coordinates":[[[121.51337158195543,24.567758881992532],[121.51340836891764,24.576787416389354],[121.52328128656573,24.576753443976816],[121.52324379226283,24.567724923678153],[121.51337158195543,24.567758881992532]]]},"properties":{"grid_id":"G029_020","綠地類型":"河川沿岸自然地表","中心經度":121.518326,"中心緯度":24.572256,"分析面積_km2":1.04,"2020面積_ha":42.75,"2024面積_ha":42.75,"面積減少率_pct":0.0,"2020斑塊數":2,"2024斑塊數":2,"斑塊數增加率_pct":0.0,"2020平均斑塊面積_ha":632.25,"2024平均斑塊面積_ha":1031.49,"平均斑塊面積下降率_pct":0.0,"道路切割密度_km_per_km2":2.278,"建成區邊界切割密度_km_per_km2":0.0,"孤立小斑塊比例_pct":0.0,"距大型連續綠地平均距離_m":0.0,"score_面積減少":36.206896551724135,"score_斑塊增加":44.260435571687836,"score_平均斑塊縮小":28.153357531760438,"score_道路建成區切割":47.91288566243195,"score_孤立比例":40.58529945553539,"score_距大型綠地":38.40744101633394,"綜合破碎化分數":39.3,"破碎化等級":"低","判定原因":"面積減少0.0%；斑塊增加0.0%；平均斑塊縮小0.0%；道路密度2.28 km/km²；孤立比例0.0%；距大型綠地0m","2021面積_ha":42.75,"2022面積_ha":42.75,"2023面積_ha":42.75}},{"type":"Feature","geometry":{"type":"Polygon","coordinates":[[[121.53311598427868,24.567690318623146],[121.53315418591653,24.576718824555147],[121.54302706662487,24.576683558129137],[121.54298815765792,24.567655066832284],[121.53311598427868,24.567690318623146]]]},"properties":{"grid_id":"G029_022","綠地類型":"河川沿岸自然地表","中心經度":121.538071,"中心緯度":24.572187,"分析面積_km2":1.04,"2020面積_ha":44.46,"2024面積_ha":44.46,"面積減少率_pct":0.0,"2020斑塊數":1,"2024斑塊數":1,"斑塊數增加率_pct":0.0,"2020平均斑塊面積_ha":777.87,"2024平均斑塊面積_ha":1947.87,"平均斑塊面積下降率_pct":0.0,"道路切割密度_km_per_km2":0.0,"建成區邊界切割密度_km_per_km2":0.0,"孤立小斑塊比例_pct":0.0,"距大型連續綠地平均距離_m":0.0,"score_面積減少":36.206896551724135,"score_斑塊增加":44.260435571687836,"score_平均斑塊縮小":28.153357531760438,"score_道路建成區切割":25.941470054446462,"score_孤立比例":40.58529945553539,"score_距大型綠地":38.40744101633394,"綜合破碎化分數":35.6,"破碎化等級":"低","判定原因":"面積減少0.0%；斑塊增加0.0%；平均斑塊縮小0.0%；道路密度0.00 km/km²；孤立比例0.0%；距大型綠地0m","2021面積_ha":44.46,"2022面積_ha":44.46,"2023面積_ha":44.46}},{"type":"Feature","geometry":{"type":"Polygon","coordinates":[[[121.54298815765792,24.567655066832284],[121.54302706662487,24.576683558129137],[121.55289992834552,24.576647644703648],[121.5528603120555,24.567619168310433],[121.54298815765792,24.567655066832284]]]},"properties":{"grid_id":"G029_023","綠地類型":"河川沿岸自然地表","中心經度":121.547944,"中心緯度":24.572151,"分析面積_km2":1.04,"2020面積_ha":21.42,"2024面積_ha":21.42,"面積減少率_pct":0.0,"2020斑塊數":1,"2024斑塊數":1,"斑塊數增加率_pct":0.0,"2020平均斑塊面積_ha":777.87,"2024平均斑塊面積_ha":1947.87,"平均斑塊面積下降率_pct":0.0,"道路切割密度_km_per_km2":0.0,"建成區邊界切割密度_km_per_km2":0.0,"孤立小斑塊比例_pct":0.0,"距大型連續綠地平均距離_m":0.0,"score_面積減少":36.206896551724135,"score_斑塊增加":44.260435571687836,"score_平均斑塊縮小":28.153357531760438,"score_道路建成區切割":25.941470054446462,"score_孤立比例":40.58529945553539,"score_距大型綠地":38.40744101633394,"綜合破碎化分數":35.6,"破碎化等級":"低","判定原因":"面積減少0.0%；斑塊增加0.0%；平均斑塊縮小0.0%；道路密度0.00 km/km²；孤立比例0.0%；距大型綠地0m","2021面積_ha":21.42,"2022面積_ha":21.42,"2023面積_ha":21.42}},{"type":"Feature","geometry":{"type":"Polygon","coordinates":[[[121.5528603120555,24.567619168310433],[121.55289992834552,24.576647644703648],[121.56277277073342,24.576611084283638],[121.56273244712638,24.567582623062545],[121.5528603120555,24.567619168310433]]]},"properties":{"grid_id":"G029_024","綠地類型":"河川沿岸自然地表","中心經度":121.557816,"中心緯度":24.572115,"分析面積_km2":1.04,"2020面積_ha":42.93,"2024面積_ha":43.02,"面積減少率_pct":0.0,"2020斑塊數":1,"2024斑塊數":1,"斑塊數增加率_pct":0.0,"2020平均斑塊面積_ha":777.87,"2024平均斑塊面積_ha":1947.87,"平均斑塊面積下降率_pct":0.0,"道路切割密度_km_per_km2":0.0,"建成區邊界切割密度_km_per_km2":0.0,"孤立小斑塊比例_pct":0.0,"距大型連續綠地平均距離_m":0.0,"score_面積減少":36.206896551724135,"score_斑塊增加":44.260435571687836,"score_平均斑塊縮小":28.153357531760438,"score_道路建成區切割":25.941470054446462,"score_孤立比例":40.58529945553539,"score_距大型綠地":38.40744101633394,"綜合破碎化分數":35.6,"破碎化等級":"低","判定原因":"面積減少0.0%；斑塊增加0.0%；平均斑塊縮小0.0%；道路密度0.00 km/km²；孤立比例0.0%；距大型綠地0m","2021面積_ha":43.83,"2022面積_ha":42.39,"2023面積_ha":42.66}},{"type":"Feature","geometry":{"type":"Polygon","coordinates":[[[121.56273244712638,24.567582623062545],[121.56277277073342,24.576611084283638],[121.57264559344335,24.576573876874168],[121.57260456252551,24.56754543109368],[121.56273244712638,24.567582623062545]]]},"properties":{"grid_id":"G029_025","綠地類型":"河川沿岸自然地表","中心經度":121.567689,"中心緯度":24.572078,"分析面積_km2":1.04,"2020面積_ha":52.38,"2024面積_ha":52.38,"面積減少率_pct":0.0,"2020斑塊數":1,"2024斑塊數":1,"斑塊數增加率_pct":0.0,"2020平均斑塊面積_ha":777.87,"2024平均斑塊面積_ha":1947.87,"平均斑塊面積下降率_pct":0.0,"道路切割密度_km_per_km2":0.0,"建成區邊界切割密度_km_per_km2":0.0,"孤立小斑塊比例_pct":0.0,"距大型連續綠地平均距離_m":0.0,"score_面積減少":36.206896551724135,"score_斑塊增加":44.260435571687836,"score_平均斑塊縮小":28.153357531760438,"score_道路建成區切割":25.941470054446462,"score_孤立比例":40.58529945553539,"score_距大型綠地":38.40744101633394,"綜合破碎化分數":35.6,"破碎化等級":"低","判定原因":"面積減少0.0%；斑塊增加0.0%；平均斑塊縮小0.0%；道路密度0.00 km/km²；孤立比例0.0%；距大型綠地0m","2021面積_ha":52.38,"2022面積_ha":52.38,"2023面積_ha":52.38}},{"type":"Feature","geometry":{"type":"Polygon","coordinates":[[[121.57260456252551,24.56754543109368],[121.57264559344335,24.576573876874168],[121.58251839613023,24.576536022480354],[121.58247665790788,24.56750759240896],[121.57260456252551,24.56754543109368]]]},"properties":{"grid_id":"G029_026","綠地類型":"河川沿岸自然地表","中心經度":121.577561,"中心緯度":24.572041,"分析面積_km2":1.04,"2020面積_ha":43.02,"2024面積_ha":43.02,"面積減少率_pct":0.0,"2020斑塊數":2,"2024斑塊數":2,"斑塊數增加率_pct":0.0,"2020平均斑塊面積_ha":1681.02,"2024平均斑塊面積_ha":4164.255,"平均斑塊面積下降率_pct":0.0,"道路切割密度_km_per_km2":0.0,"建成區邊界切割密度_km_per_km2":0.0,"孤立小斑塊比例_pct":0.0,"距大型連續綠地平均距離_m":0.0,"score_面積減少":36.206896551724135,"score_斑塊增加":44.260435571687836,"score_平均斑塊縮小":28.153357531760438,"score_道路建成區切割":25.941470054446462,"score_孤立比例":40.58529945553539,"score_距大型綠地":38.40744101633394,"綜合破碎化分數":35.6,"破碎化等級":"低","判定原因":"面積減少0.0%；斑塊增加0.0%；平均斑塊縮小0.0%；道路密度0.00 km/km²；孤立比例0.0%；距大型綠地0m","2021面積_ha":43.02,"2022面積_ha":43.02,"2023面積_ha":43.02}},{"type":"Feature","geometry":{"type":"Polygon","coordinates":[[[121.58247665790788,24.56750759240896],[121.58251839613023,24.576536022480354],[121.59239117844882,24.576497521107438],[121.59234873292839,24.567469107013604],[121.58247665790788,24.56750759240896]]]},"properties":{"grid_id":"G029_027","綠地類型":"河川沿岸自然地表","中心經度":121.587434,"中心緯度":24.572003,"分析面積_km2":1.04,"2020面積_ha":37.35,"2024面積_ha":37.35,"面積減少率_pct":0.0,"2020斑塊數":1,"2024斑塊數":1,"斑塊數增加率_pct":0.0,"2020平均斑塊面積_ha":2584.17,"2024平均斑塊面積_ha":6380.64,"平均斑塊面積下降率_pct":0.0,"道路切割密度_km_per_km2":0.0,"建成區邊界切割密度_km_per_km2":0.0,"孤立小斑塊比例_pct":0.0,"距大型連續綠地平均距離_m":0.0,"score_面積減少":36.206896551724135,"score_斑塊增加":44.260435571687836,"score_平均斑塊縮小":28.153357531760438,"score_道路建成區切割":25.941470054446462,"score_孤立比例":40.58529945553539,"score_距大型綠地":38.40744101633394,"綜合破碎化分數":35.6,"破碎化等級":"低","判定原因":"面積減少0.0%；斑塊增加0.0%；平均斑塊縮小0.0%；道路密度0.00 km/km²；孤立比例0.0%；距大型綠地0m","2021面積_ha":37.44,"2022面積_ha":36.81,"2023面積_ha":37.35}},{"type":"Feature","geometry":{"type":"Polygon","coordinates":[[[121.59234873292839,24.567469107013604],[121.59239117844882,24.576497521107438],[121.60226394005406,24.57645837276073],[121.60222078724206,24.567429974912937],[121.59234873292839,24.567469107013604]]]},"properties":{"grid_id":"G029_028","綠地類型":"河川沿岸自然地表","中心經度":121.597306,"中心緯度":24.571964,"分析面積_km2":1.04,"2020面積_ha":45.63,"2024面積_ha":45.63,"面積減少率_pct":0.0,"2020斑塊數":1,"2024斑塊數":1,"斑塊數增加率_pct":0.0,"2020平均斑塊面積_ha":2584.17,"2024平均斑塊面積_ha":6380.64,"平均斑塊面積下降率_pct":0.0,"道路切割密度_km_per_km2":0.0,"建成區邊界切割密度_km_per_km2":0.0,"孤立小斑塊比例_pct":0.0,"距大型連續綠地平均距離_m":0.0,"score_面積減少":36.206896551724135,"score_斑塊增加":44.260435571687836,"score_平均斑塊縮小":28.153357531760438,"score_道路建成區切割":25.941470054446462,"score_孤立比例":40.58529945553539,"score_距大型綠地":38.40744101633394,"綜合破碎化分數":35.6,"破碎化等級":"低","判定原因":"面積減少0.0%；斑塊增加0.0%；平均斑塊縮小0.0%；道路密度0.00 km/km²；孤立比例0.0%；距大型綠地0m","2021面積_ha":45.63,"2022面積_ha":45.18,"2023面積_ha":45.63}},{"type":"Feature","geometry":{"type":"Polygon","coordinates":[[[121.60222078724206,24.567429974912937],[121.60226394005406,24.57645837276073],[121.61213668060078,24.576418577445633],[121.61209282050388,24.56739019611236],[121.60222078724206,24.567429974912937]]]},"properties":{"grid_id":"G029_029","綠地類型":"河川沿岸自然地表","中心經度":121.607179,"中心緯度":24.571924,"分析面積_km2":1.04,"2020面積_ha":51.21,"2024面積_ha":51.21,"面積減少率_pct":0.0,"2020斑塊數":1,"2024斑塊數":1,"斑塊數增加率_pct":0.0,"2020平均斑塊面積_ha":2584.17,"2024平均斑塊面積_ha":6380.64,"平均斑塊面積下降率_pct":0.0,"道路切割密度_km_per_km2":0.0,"建成區邊界切割密度_km_per_km2":0.0,"孤立小斑塊比例_pct":0.0,"距大型連續綠地平均距離_m":0.0,"score_面積減少":36.206896551724135,"score_斑塊增加":44.260435571687836,"score_平均斑塊縮小":28.153357531760438,"score_道路建成區切割":25.941470054446462,"score_孤立比例":40.58529945553539,"score_距大型綠地":38.40744101633394,"綜合破碎化分數":35.6,"破碎化等級":"低","判定原因":"面積減少0.0%；斑塊增加0.0%；平均斑塊縮小0.0%；道路密度0.00 km/km²；孤立比例0.0%；距大型綠地0m","2021面積_ha":51.21,"2022面積_ha":51.21,"2023面積_ha":51.21}},{"type":"Feature","geometry":{"type":"Polygon","coordinates":[[[121.61209282050388,24.56739019611236],[121.61213668060078,24.576418577445633],[121.62200939974386,24.57637813516764],[121.62196483236876,24.567349770617355],[121.61209282050388,24.56739019611236]]]},"properties":{"grid_id":"G029_030","綠地類型":"河川沿岸自然地表","中心經度":121.617051,"中心緯度":24.571884,"分析面積_km2":1.04,"2020面積_ha":38.25,"2024面積_ha":38.79,"面積減少率_pct":0.0,"2020斑塊數":1,"2024斑塊數":1,"斑塊數增加率_pct":0.0,"2020平均斑塊面積_ha":574.92,"2024平均斑塊面積_ha":1359.81,"平均斑塊面積下降率_pct":0.0,"道路切割密度_km_per_km2":0.0,"建成區邊界切割密度_km_per_km2":0.0,"孤立小斑塊比例_pct":0.0,"距大型連續綠地平均距離_m":0.0,"score_面積減少":36.206896551724135,"score_斑塊增加":44.260435571687836,"score_平均斑塊縮小":28.153357531760438,"score_道路建成區切割":25.941470054446462,"score_孤立比例":40.58529945553539,"score_距大型綠地":38.40744101633394,"綜合破碎化分數":35.6,"破碎化等級":"低","判定原因":"面積減少0.0%；斑塊增加0.0%；平均斑塊縮小0.0%；道路密度0.00 km/km²；孤立比例0.0%；距大型綠地0m","2021面積_ha":38.34,"2022面積_ha":38.34,"2023面積_ha":38.61}},{"type":"Feature","geometry":{"type":"Polygon","coordinates":[[[121.62196483236876,24.567349770617355],[121.62200939974386,24.57637813516764],[121.63188209713816,24.57633704593234],[121.63183682249172,24.567308698433514],[121.62196483236876,24.567349770617355]]]},"properties":{"grid_id":"G029_031","綠地類型":"河川沿岸自然地表","中心經度":121.626923,"中心緯度":24.571843,"分析面積_km2":1.04,"2020面積_ha":50.13,"2024面積_ha":50.13,"面積減少率_pct":0.0,"2020斑塊數":1,"2024斑塊數":1,"斑塊數增加率_pct":0.0,"2020平均斑塊面積_ha":574.92,"2024平均斑塊面積_ha":1359.81,"平均斑塊面積下降率_pct":0.0,"道路切割密度_km_per_km2":0.0,"建成區邊界切割密度_km_per_km2":0.0,"孤立小斑塊比例_pct":0.0,"距大型連續綠地平均距離_m":0.0,"score_面積減少":36.206896551724135,"score_斑塊增加":44.260435571687836,"score_平均斑塊縮小":28.153357531760438,"score_道路建成區切割":25.941470054446462,"score_孤立比例":40.58529945553539,"score_距大型綠地":38.40744101633394,"綜合破碎化分數":35.6,"破碎化等級":"低","判定原因":"面積減少0.0%；斑塊增加0.0%；平均斑塊縮小0.0%；道路密度0.00 km/km²；孤立比例0.0%；距大型綠地0m","2021面積_ha":50.13,"2022面積_ha":50.13,"2023面積_ha":50.13}},{"type":"Feature","geometry":{"type":"Polygon","coordinates":[[[121.64170879052779,24.567266979566494],[121.6417547724386,24.576295309745404],[121.65162742529999,24.576252926612593],[121.65158073613188,24.567224614022066],[121.64170879052779,24.567266979566494]]]},"properties":{"grid_id":"G029_033","綠地類型":"河川沿岸自然地表","中心經度":121.646668,"中心緯度":24.57176,"分析面積_km2":1.04,"2020面積_ha":11.7,"2024面積_ha":11.7,"面積減少率_pct":0.0,"2020斑塊數":1,"2024斑塊數":1,"斑塊數增加率_pct":0.0,"2020平均斑塊面積_ha":574.92,"2024平均斑塊面積_ha":1359.81,"平均斑塊面積下降率_pct":0.0,"道路切割密度_km_per_km2":0.115,"建成區邊界切割密度_km_per_km2":0.0,"孤立小斑塊比例_pct":0.0,"距大型連續綠地平均距離_m":0.0,"score_面積減少":36.206896551724135,"score_斑塊增加":44.260435571687836,"score_平均斑塊縮小":28.153357531760438,"score_道路建成區切割":34.41470054446461,"score_孤立比例":40.58529945553539,"score_距大型綠地":38.40744101633394,"綜合破碎化分數":37.0,"破碎化等級":"低","判定原因":"面積減少0.0%；斑塊增加0.0%；平均斑塊縮小0.0%；道路密度0.12 km/km²；孤立比例0.0%；距大型綠地0m","2021面積_ha":11.7,"2022面積_ha":11.7,"2023面積_ha":11.7}},{"type":"Feature","geometry":{"type":"Polygon","coordinates":[[[121.65158073613188,24.567224614022066],[121.65162742529999,24.576252926612593],[121.66150005537729,24.57620989653976],[121.66145265895904,24.56718160180607],[121.65158073613188,24.567224614022066]]]},"properties":{"grid_id":"G029_034","綠地類型":"河川沿岸自然地表","中心經度":121.65654,"中心緯度":24.571717,"分析面積_km2":1.04,"2020面積_ha":19.53,"2024面積_ha":19.53,"面積減少率_pct":0.0,"2020斑塊數":2,"2024斑塊數":2,"斑塊數增加率_pct":0.0,"2020平均斑塊面積_ha":574.785,"2024平均斑塊面積_ha":955.71,"平均斑塊面積下降率_pct":0.0,"道路切割密度_km_per_km2":1.759,"建成區邊界切割密度_km_per_km2":0.0,"孤立小斑塊比例_pct":0.0,"距大型連續綠地平均距離_m":0.0,"score_面積減少":36.206896551724135,"score_斑塊增加":44.260435571687836,"score_平均斑塊縮小":28.153357531760438,"score_道路建成區切割":44.8502722323049,"score_孤立比例":40.58529945553539,"score_距大型綠地":38.40744101633394,"綜合破碎化分數":38.7,"破碎化等級":"低","判定原因":"面積減少0.0%；斑塊增加0.0%；平均斑塊縮小0.0%；道路密度1.76 km/km²；孤立比例0.0%；距大型綠地0m","2021面積_ha":19.53,"2022面積_ha":19.53,"2023面積_ha":19.53}},{"type":"Feature","geometry":{"type":"Polygon","coordinates":[[[121.68119643490249,24.567093637383223],[121.68124524579906,24.576121895597872],[121.69111780545335,24.57607692474097],[121.69106828732883,24.56704868518852],[121.68119643490249,24.567093637383223]]]},"properties":{"grid_id":"G029_037","綠地類型":"河川沿岸自然地表","中心經度":121.686157,"中心緯度":24.571585,"分析面積_km2":1.04,"2020面積_ha":9.36,"2024面積_ha":9.36,"面積減少率_pct":0.0,"2020斑塊數":2,"2024斑塊數":2,"斑塊數增加率_pct":0.0,"2020平均斑塊面積_ha":2265.255,"2024平均斑塊面積_ha":2394.945,"平均斑塊面積下降率_pct":0.0,"道路切割密度_km_per_km2":0.836,"建成區邊界切割密度_km_per_km2":0.0,"孤立小斑塊比例_pct":0.0,"距大型連續綠地平均距離_m":0.0,"score_面積減少":36.206896551724135,"score_斑塊增加":44.260435571687836,"score_平均斑塊縮小":28.153357531760438,"score_道路建成區切割":38.77041742286751,"score_孤立比例":40.58529945553539,"score_距大型綠地":38.40744101633394,"綜合破碎化分數":37.7,"破碎化等級":"低","判定原因":"面積減少0.0%；斑塊增加0.0%；平均斑塊縮小0.0%；道路密度0.84 km/km²；孤立比例0.0%；距大型綠地0m","2021面積_ha":9.36,"2022面積_ha":9.36,"2023面積_ha":9.36}},{"type":"Feature","geometry":{"type":"Polygon","coordinates":[[[121.69106828732883,24.56704868518852],[121.69111780545335,24.57607692474097],[121.70099034094311,24.576031306968343],[121.70094011559824,24.567003086346535],[121.69106828732883,24.56704868518852]]]},"properties":{"grid_id":"G029_038","綠地類型":"河川沿岸自然地表","中心經度":121.696029,"中心緯度":24.57154,"分析面積_km2":1.04,"2020面積_ha":34.56,"2024面積_ha":34.56,"面積減少率_pct":0.0,"2020斑塊數":1,"2024斑塊數":1,"斑塊數增加率_pct":0.0,"2020平均斑塊面積_ha":3955.86,"2024平均斑塊面積_ha":4238.28,"平均斑塊面積下降率_pct":0.0,"道路切割密度_km_per_km2":1.73,"建成區邊界切割密度_km_per_km2":0.0,"孤立小斑塊比例_pct":0.0,"距大型連續綠地平均距離_m":0.0,"score_面積減少":36.206896551724135,"score_斑塊增加":44.260435571687836,"score_平均斑塊縮小":28.153357531760438,"score_道路建成區切割":44.657441016333934,"score_孤立比例":40.58529945553539,"score_距大型綠地":38.40744101633394,"綜合破碎化分數":38.7,"破碎化等級":"低","判定原因":"面積減少0.0%；斑塊增加0.0%；平均斑塊縮小0.0%；道路密度1.73 km/km²；孤立比例0.0%；距大型綠地0m","2021面積_ha":34.56,"2022面積_ha":34.56,"2023面積_ha":34.56}},{"type":"Feature","geometry":{"type":"Polygon","coordinates":[[[121.70094011559824,24.567003086346535],[121.70099034094311,24.576031306968343],[121.71086285192324,24.57598504228628],[121.71081191936578,24.56695684086357],[121.70094011559824,24.567003086346535]]]},"properties":{"grid_id":"G029_039","綠地類型":"河川沿岸自然地表","中心經度":121.705901,"中心緯度":24.571494,"分析面積_km2":1.04,"2020面積_ha":44.55,"2024面積_ha":44.64,"面積減少率_pct":0.0,"2020斑塊數":1,"2024斑塊數":1,"斑塊數增加率_pct":0.0,"2020平均斑塊面積_ha":3955.86,"2024平均斑塊面積_ha":4238.28,"平均斑塊面積下降率_pct":0.0,"道路切割密度_km_per_km2":0.173,"建成區邊界切割密度_km_per_km2":0.0,"孤立小斑塊比例_pct":0.0,"距大型連續綠地平均距離_m":0.0,"score_面積減少":36.206896551724135,"score_斑塊增加":44.260435571687836,"score_平均斑塊縮小":28.153357531760438,"score_道路建成區切割":34.720961887477316,"score_孤立比例":40.58529945553539,"score_距大型綠地":38.40744101633394,"綜合破碎化分數":37.1,"破碎化等級":"低","判定原因":"面積減少0.0%；斑塊增加0.0%；平均斑塊縮小0.0%；道路密度0.17 km/km²；孤立比例0.0%；距大型綠地0m","2021面積_ha":44.64,"2022面積_ha":44.64,"2023面積_ha":44.64}},{"type":"Feature","geometry":{"type":"Polygon","coordinates":[[[121.71081191936578,24.56695684086357],[121.71086285192324,24.57598504228628],[121.72073533804868,24.57593813070119],[121.72068369828642,24.56690994874599],[121.71081191936578,24.56695684086357]]]},"properties":{"grid_id":"G029_040","綠地類型":"河川沿岸自然地表","中心經度":121.715773,"中心緯度":24.571448,"分析面積_km2":1.04,"2020面積_ha":2.16,"2024面積_ha":2.16,"面積減少率_pct":0.0,"2020斑塊數":1,"2024斑塊數":1,"斑塊數增加率_pct":0.0,"2020平均斑塊面積_ha":3955.86,"2024平均斑塊面積_ha":4238.28,"平均斑塊面積下降率_pct":0.0,"道路切割密度_km_per_km2":0.721,"建成區邊界切割密度_km_per_km2":0.0,"孤立小斑塊比例_pct":0.0,"距大型連續綠地平均距離_m":0.0,"score_面積減少":36.206896551724135,"score_斑塊增加":44.260435571687836,"score_平均斑塊縮小":28.153357531760438,"score_道路建成區切割":37.96506352087114,"score_孤立比例":40.58529945553539,"score_距大型綠地":38.40744101633394,"綜合破碎化分數":37.6,"破碎化等級":"低","判定原因":"面積減少0.0%；斑塊增加0.0%；平均斑塊縮小0.0%；道路密度0.72 km/km²；孤立比例0.0%；距大型綠地0m","2021面積_ha":2.16,"2022面積_ha":2.16,"2023面積_ha":2.16}},{"type":"Feature","geometry":{"type":"Polygon","coordinates":[[[121.72068369828642,24.56690994874599],[121.72073533804868,24.57593813070119],[121.73060779897433,24.575890572219528],[121.73055545201524,24.5668624100003],[121.72068369828642,24.56690994874599]]]},"properties":{"grid_id":"G029_041","綠地類型":"河川沿岸自然地表","中心經度":121.725646,"中心緯度":24.5714,"分析面積_km2":1.04,"2020面積_ha":15.3,"2024面積_ha":15.3,"面積減少率_pct":0.0,"2020斑塊數":2,"2024斑塊數":2,"斑塊數增加率_pct":0.0,"2020平均斑塊面積_ha":2196.54,"2024平均斑塊面積_ha":2346.48,"平均斑塊面積下降率_pct":0.0,"道路切割密度_km_per_km2":0.0,"建成區邊界切割密度_km_per_km2":0.0,"孤立小斑塊比例_pct":0.0,"距大型連續綠地平均距離_m":0.0,"score_面積減少":36.206896551724135,"score_斑塊增加":44.260435571687836,"score_平均斑塊縮小":28.153357531760438,"score_道路建成區切割":25.941470054446462,"score_孤立比例":40.58529945553539,"score_距大型綠地":38.40744101633394,"綜合破碎化分數":35.6,"破碎化等級":"低","判定原因":"面積減少0.0%；斑塊增加0.0%；平均斑塊縮小0.0%；道路密度0.00 km/km²；孤立比例0.0%；距大型綠地0m","2021面積_ha":15.3,"2022面積_ha":15.3,"2023面積_ha":15.3}},{"type":"Feature","geometry":{"type":"Polygon","coordinates":[[[121.41467826202296,24.57709155402522],[121.41470798978526,24.586120203782432],[121.42458177915925,24.586092690289686],[121.4245513436594,24.57706405194717],[121.41467826202296,24.57709155402522]]]},"properties":{"grid_id":"G030_010","綠地類型":"河川沿岸自然地表","中心經度":121.41963,"中心緯度":24.581592,"分析面積_km2":1.04,"2020面積_ha":56.88,"2024面積_ha":56.88,"面積減少率_pct":0.0,"2020斑塊數":1,"2024斑塊數":1,"斑塊數增加率_pct":0.0,"2020平均斑塊面積_ha":290.88,"2024平均斑塊面積_ha":291.96,"平均斑塊面積下降率_pct":0.0,"道路切割密度_km_per_km2":0.0,"建成區邊界切割密度_km_per_km2":0.0,"孤立小斑塊比例_pct":0.0,"距大型連續綠地平均距離_m":0.0,"score_面積減少":36.206896551724135,"score_斑塊增加":44.260435571687836,"score_平均斑塊縮小":28.153357531760438,"score_道路建成區切割":25.941470054446462,"score_孤立比例":40.58529945553539,"score_距大型綠地":38.40744101633394,"綜合破碎化分數":35.6,"破碎化等級":"低","判定原因":"面積減少0.0%；斑塊增加0.0%；平均斑塊縮小0.0%；道路密度0.00 km/km²；孤立比例0.0%；距大型綠地0m","2021面積_ha":56.88,"2022面積_ha":56.88,"2023面積_ha":56.88}},{"type":"Feature","geometry":{"type":"Polygon","coordinates":[[[121.43442441045036,24.577035902817098],[121.43445555368311,24.58606452947637],[121.44432931301148,24.586035721346388],[121.44429746205066,24.577007106638906],[121.43442441045036,24.577035902817098]]]},"properties":{"grid_id":"G030_012","綠地類型":"河川沿岸自然地表","中心經度":121.439377,"中心緯度":24.581536,"分析面積_km2":1.04,"2020面積_ha":5.04,"2024面積_ha":5.04,"面積減少率_pct":0.0,"2020斑塊數":1,"2024斑塊數":1,"斑塊數增加率_pct":0.0,"2020平均斑塊面積_ha":290.88,"2024平均斑塊面積_ha":291.96,"平均斑塊面積下降率_pct":0.0,"道路切割密度_km_per_km2":0.461,"建成區邊界切割密度_km_per_km2":0.0,"孤立小斑塊比例_pct":0.0,"距大型連續綠地平均距離_m":0.0,"score_面積減少":36.206896551724135,"score_斑塊增加":44.260435571687836,"score_平均斑塊縮小":28.153357531760438,"score_道路建成區切割":36.51315789473684,"score_孤立比例":40.58529945553539,"score_距大型綠地":38.40744101633394,"綜合破碎化分數":37.4,"破碎化等級":"低","判定原因":"面積減少0.0%；斑塊增加0.0%；平均斑塊縮小0.0%；道路密度0.46 km/km²；孤立比例0.0%；距大型綠地0m","2021面積_ha":5.04,"2022面積_ha":4.86,"2023面積_ha":4.95}},{"type":"Feature","geometry":{"type":"Polygon","coordinates":[[[121.45417049811505,24.576977663416567],[121.45420305679909,24.586006265903706],[121.46407678470064,24.585976163152395],[121.4640435182984,24.576947573154154],[121.45417049811505,24.576977663416567]]]},"properties":{"grid_id":"G030_014","綠地類型":"河川沿岸自然地表","中心經度":121.459123,"中心緯度":24.581477,"分析面積_km2":1.04,"2020面積_ha":22.95,"2024面積_ha":22.95,"面積減少率_pct":0.0,"2020斑塊數":1,"2024斑塊數":1,"斑塊數增加率_pct":0.0,"2020平均斑塊面積_ha":1148.67,"2024平均斑塊面積_ha":1947.87,"平均斑塊面積下降率_pct":0.0,"道路切割密度_km_per_km2":0.0,"建成區邊界切割密度_km_per_km2":0.0,"孤立小斑塊比例_pct":0.0,"距大型連續綠地平均距離_m":0.0,"score_面積減少":36.206896551724135,"score_斑塊增加":44.260435571687836,"score_平均斑塊縮小":28.153357531760438,"score_道路建成區切割":25.941470054446462,"score_孤立比例":40.58529945553539,"score_距大型綠地":38.40744101633394,"綜合破碎化分數":35.6,"破碎化等級":"低","判定原因":"面積減少0.0%；斑塊增加0.0%；平均斑塊縮小0.0%；道路密度0.00 km/km²；孤立比例0.0%；距大型綠地0m","2021面積_ha":22.95,"2022面積_ha":22.95,"2023面積_ha":22.95}},{"type":"Feature","geometry":{"type":"Polygon","coordinates":[[[121.4640435182984,24.576947573154154],[121.46407678470064,24.585976163152395],[121.47395049637082,24.58594541309661],[121.47391652225546,24.576916835855805],[121.4640435182984,24.576947573154154]]]},"properties":{"grid_id":"G030_015","綠地類型":"河川沿岸自然地表","中心經度":121.468997,"中心緯度":24.581447,"分析面積_km2":1.04,"2020面積_ha":33.39,"2024面積_ha":33.39,"面積減少率_pct":0.0,"2020斑塊數":1,"2024斑塊數":1,"斑塊數增加率_pct":0.0,"2020平均斑塊面積_ha":1148.67,"2024平均斑塊面積_ha":1947.87,"平均斑塊面積下降率_pct":0.0,"道路切割密度_km_per_km2":0.0,"建成區邊界切割密度_km_per_km2":0.0,"孤立小斑塊比例_pct":0.0,"距大型連續綠地平均距離_m":0.0,"score_面積減少":36.206896551724135,"score_斑塊增加":44.260435571687836,"score_平均斑塊縮小":28.153357531760438,"score_道路建成區切割":25.941470054446462,"score_孤立比例":40.58529945553539,"score_距大型綠地":38.40744101633394,"綜合破碎化分數":35.6,"破碎化等級":"低","判定原因":"面積減少0.0%；斑塊增加0.0%；平均斑塊縮小0.0%；道路密度0.00 km/km²；孤立比例0.0%；距大型綠地0m","2021面積_ha":33.39,"2022面積_ha":33.39,"2023面積_ha":33.39}},{"type":"Feature","geometry":{"type":"Polygon","coordinates":[[[121.54302706662487,24.576683558129137],[121.54306599457942,24.585712038548824],[121.55293956396837,24.585676110217626],[121.55289992834552,24.576647644703648],[121.54302706662487,24.576683558129137]]]},"properties":{"grid_id":"G030_023","綠地類型":"河川沿岸自然地表","中心經度":121.547983,"中心緯度":24.58118,"分析面積_km2":1.04,"2020面積_ha":52.2,"2024面積_ha":52.29,"面積減少率_pct":0.0,"2020斑塊數":1,"2024斑塊數":1,"斑塊數增加率_pct":0.0,"2020平均斑塊面積_ha":777.87,"2024平均斑塊面積_ha":1947.87,"平均斑塊面積下降率_pct":0.0,"道路切割密度_km_per_km2":0.0,"建成區邊界切割密度_km_per_km2":0.0,"孤立小斑塊比例_pct":0.0,"距大型連續綠地平均距離_m":0.0,"score_面積減少":36.206896551724135,"score_斑塊增加":44.260435571687836,"score_平均斑塊縮小":28.153357531760438,"score_道路建成區切割":25.941470054446462,"score_孤立比例":40.58529945553539,"score_距大型綠地":38.40744101633394,"綜合破碎化分數":35.6,"破碎化等級":"低","判定原因":"面積減少0.0%；斑塊增加0.0%；平均斑塊縮小0.0%；道路密度0.00 km/km²；孤立比例0.0%；距大型綠地0m","2021面積_ha":52.29,"2022面積_ha":52.29,"2023面積_ha":52.29}},{"type":"Feature","geometry":{"type":"Polygon","coordinates":[[[121.55289992834552,24.576647644703648],[121.55293956396837,24.585676110217626],[121.56281311401841,24.585639534623386],[121.56277277073342,24.576611084283638],[121.55289992834552,24.576647644703648]]]},"properties":{"grid_id":"G030_024","綠地類型":"河川沿岸自然地表","中心經度":121.557856,"中心緯度":24.581144,"分析面積_km2":1.04,"2020面積_ha":10.62,"2024面積_ha":10.62,"面積減少率_pct":0.0,"2020斑塊數":1,"2024斑塊數":1,"斑塊數增加率_pct":0.0,"2020平均斑塊面積_ha":777.87,"2024平均斑塊面積_ha":1947.87,"平均斑塊面積下降率_pct":0.0,"道路切割密度_km_per_km2":0.0,"建成區邊界切割密度_km_per_km2":0.0,"孤立小斑塊比例_pct":0.0,"距大型連續綠地平均距離_m":0.0,"score_面積減少":36.206896551724135,"score_斑塊增加":44.260435571687836,"score_平均斑塊縮小":28.153357531760438,"score_道路建成區切割":25.941470054446462,"score_孤立比例":40.58529945553539,"score_距大型綠地":38.40744101633394,"綜合破碎化分數":35.6,"破碎化等級":"低","判定原因":"面積減少0.0%；斑塊增加0.0%；平均斑塊縮小0.0%；道路密度0.00 km/km²；孤立比例0.0%；距大型綠地0m","2021面積_ha":10.62,"2022面積_ha":10.62,"2023面積_ha":10.62}},{"type":"Feature","geometry":{"type":"Polygon","coordinates":[[[121.56277277073342,24.576611084283638],[121.56281311401841,24.585639534623386],[121.5726866443843,24.585602311771147],[121.57264559344335,24.576573876874168],[121.56277277073342,24.576611084283638]]]},"properties":{"grid_id":"G030_025","綠地類型":"河川沿岸自然地表","中心經度":121.56773,"中心緯度":24.581107,"分析面積_km2":1.04,"2020面積_ha":14.13,"2024面積_ha":14.13,"面積減少率_pct":0.0,"2020斑塊數":1,"2024斑塊數":1,"斑塊數增加率_pct":0.0,"2020平均斑塊面積_ha":777.87,"2024平均斑塊面積_ha":1947.87,"平均斑塊面積下降率_pct":0.0,"道路切割密度_km_per_km2":0.0,"建成區邊界切割密度_km_per_km2":0.0,"孤立小斑塊比例_pct":0.0,"距大型連續綠地平均距離_m":0.0,"score_面積減少":36.206896551724135,"score_斑塊增加":44.260435571687836,"score_平均斑塊縮小":28.153357531760438,"score_道路建成區切割":25.941470054446462,"score_孤立比例":40.58529945553539,"score_距大型綠地":38.40744101633394,"綜合破碎化分數":35.6,"破碎化等級":"低","判定原因":"面積減少0.0%；斑塊增加0.0%；平均斑塊縮小0.0%；道路密度0.00 km/km²；孤立比例0.0%；距大型綠地0m","2021面積_ha":14.13,"2022面積_ha":14.13,"2023面積_ha":14.13}},{"type":"Feature","geometry":{"type":"Polygon","coordinates":[[[121.57264559344335,24.576573876874168],[121.5726866443843,24.585602311771147],[121.5825601547208,24.58556444166606],[121.58251839613023,24.576536022480354],[121.57264559344335,24.576573876874168]]]},"properties":{"grid_id":"G030_026","綠地類型":"河川沿岸自然地表","中心經度":121.577603,"中心緯度":24.581069,"分析面積_km2":1.04,"2020面積_ha":32.31,"2024面積_ha":32.31,"面積減少率_pct":0.0,"2020斑塊數":2,"2024斑塊數":2,"斑塊數增加率_pct":0.0,"2020平均斑塊面積_ha":1681.02,"2024平均斑塊面積_ha":4164.255,"平均斑塊面積下降率_pct":0.0,"道路切割密度_km_per_km2":0.0,"建成區邊界切割密度_km_per_km2":0.0,"孤立小斑塊比例_pct":0.0,"距大型連續綠地平均距離_m":0.0,"score_面積減少":36.206896551724135,"score_斑塊增加":44.260435571687836,"score_平均斑塊縮小":28.153357531760438,"score_道路建成區切割":25.941470054446462,"score_孤立比例":40.58529945553539,"score_距大型綠地":38.40744101633394,"綜合破碎化分數":35.6,"破碎化等級":"低","判定原因":"面積減少0.0%；斑塊增加0.0%；平均斑塊縮小0.0%；道路密度0.00 km/km²；孤立比例0.0%；距大型綠地0m","2021面積_ha":32.22,"2022面積_ha":32.04,"2023面積_ha":32.31}},{"type":"Feature","geometry":{"type":"Polygon","coordinates":[[[121.58251839613023,24.576536022480354],[121.5825601547208,24.58556444166606],[121.59243364468263,24.58552592431335],[121.59239117844882,24.576497521107438],[121.58251839613023,24.576536022480354]]]},"properties":{"grid_id":"G030_027","綠地類型":"河川沿岸自然地表","中心經度":121.587476,"中心緯度":24.581031,"分析面積_km2":1.04,"2020面積_ha":60.12,"2024面積_ha":60.12,"面積減少率_pct":0.0,"2020斑塊數":1,"2024斑塊數":1,"斑塊數增加率_pct":0.0,"2020平均斑塊面積_ha":2584.17,"2024平均斑塊面積_ha":6380.64,"平均斑塊面積下降率_pct":0.0,"道路切割密度_km_per_km2":0.0,"建成區邊界切割密度_km_per_km2":0.0,"孤立小斑塊比例_pct":0.0,"距大型連續綠地平均距離_m":0.0,"score_面積減少":36.206896551724135,"score_斑塊增加":44.260435571687836,"score_平均斑塊縮小":28.153357531760438,"score_道路建成區切割":25.941470054446462,"score_孤立比例":40.58529945553539,"score_距大型綠地":38.40744101633394,"綜合破碎化分數":35.6,"破碎化等級":"低","判定原因":"面積減少0.0%；斑塊增加0.0%；平均斑塊縮小0.0%；道路密度0.00 km/km²；孤立比例0.0%；距大型綠地0m","2021面積_ha":60.03,"2022面積_ha":60.03,"2023面積_ha":60.12}},{"type":"Feature","geometry":{"type":"Polygon","coordinates":[[[121.59239117844882,24.576497521107438],[121.59243364468263,24.58552592431335],[121.60230711392457,24.58548675971834],[121.60226394005406,24.57645837276073],[121.59239117844882,24.576497521107438]]]},"properties":{"grid_id":"G030_028","綠地類型":"河川沿岸自然地表","中心經度":121.597349,"中心緯度":24.580992,"分析面積_km2":1.04,"2020面積_ha":50.49,"2024面積_ha":50.49,"面積減少率_pct":0.0,"2020斑塊數":1,"2024斑塊數":1,"斑塊數增加率_pct":0.0,"2020平均斑塊面積_ha":2584.17,"2024平均斑塊面積_ha":6380.64,"平均斑塊面積下降率_pct":0.0,"道路切割密度_km_per_km2":0.0,"建成區邊界切割密度_km_per_km2":0.0,"孤立小斑塊比例_pct":0.0,"距大型連續綠地平均距離_m":0.0,"score_面積減少":36.206896551724135,"score_斑塊增加":44.260435571687836,"score_平均斑塊縮小":28.153357531760438,"score_道路建成區切割":25.941470054446462,"score_孤立比例":40.58529945553539,"score_距大型綠地":38.40744101633394,"綜合破碎化分數":35.6,"破碎化等級":"低","判定原因":"面積減少0.0%；斑塊增加0.0%；平均斑塊縮小0.0%；道路密度0.00 km/km²；孤立比例0.0%；距大型綠地0m","2021面積_ha":50.49,"2022面積_ha":49.5,"2023面積_ha":50.49}},{"type":"Feature","geometry":{"type":"Polygon","coordinates":[[[121.60226394005406,24.57645837276073],[121.60230711392457,24.58548675971834],[121.61218056210134,24.585446947886428],[121.61213668060078,24.576418577445633],[121.60226394005406,24.57645837276073]]]},"properties":{"grid_id":"G030_029","綠地類型":"河川沿岸自然地表","中心經度":121.607222,"中心緯度":24.580953,"分析面積_km2":1.04,"2020面積_ha":71.82,"2024面積_ha":72.18,"面積減少率_pct":0.0,"2020斑塊數":1,"2024斑塊數":1,"斑塊數增加率_pct":0.0,"2020平均斑塊面積_ha":2584.17,"2024平均斑塊面積_ha":6380.64,"平均斑塊面積下降率_pct":0.0,"道路切割密度_km_per_km2":0.0,"建成區邊界切割密度_km_per_km2":0.0,"孤立小斑塊比例_pct":0.0,"距大型連續綠地平均距離_m":0.0,"score_面積減少":36.206896551724135,"score_斑塊增加":44.260435571687836,"score_平均斑塊縮小":28.153357531760438,"score_道路建成區切割":25.941470054446462,"score_孤立比例":40.58529945553539,"score_距大型綠地":38.40744101633394,"綜合破碎化分數":35.6,"破碎化等級":"低","判定原因":"面積減少0.0%；斑塊增加0.0%；平均斑塊縮小0.0%；道路密度0.00 km/km²；孤立比例0.0%；距大型綠地0m","2021面積_ha":72.18,"2022面積_ha":71.73,"2023面積_ha":71.91}},{"type":"Feature","geometry":{"type":"Polygon","coordinates":[[[121.61213668060078,24.576418577445633],[121.61218056210134,24.585446947886428],[121.62205398886775,24.58540648882311],[121.62200939974386,24.57637813516764],[121.61213668060078,24.576418577445633]]]},"properties":{"grid_id":"G030_030","綠地類型":"河川沿岸自然地表","中心經度":121.617095,"中心緯度":24.580913,"分析面積_km2":1.04,"2020面積_ha":18.27,"2024面積_ha":18.27,"面積減少率_pct":0.0,"2020斑塊數":2,"2024斑塊數":2,"斑塊數增加率_pct":0.0,"2020平均斑塊面積_ha":1579.545,"2024平均斑塊面積_ha":3870.225,"平均斑塊面積下降率_pct":0.0,"道路切割密度_km_per_km2":0.0,"建成區邊界切割密度_km_per_km2":0.0,"孤立小斑塊比例_pct":0.0,"距大型連續綠地平均距離_m":0.0,"score_面積減少":36.206896551724135,"score_斑塊增加":44.260435571687836,"score_平均斑塊縮小":28.153357531760438,"score_道路建成區切割":25.941470054446462,"score_孤立比例":40.58529945553539,"score_距大型綠地":38.40744101633394,"綜合破碎化分數":35.6,"破碎化等級":"低","判定原因":"面積減少0.0%；斑塊增加0.0%；平均斑塊縮小0.0%；道路密度0.00 km/km²；孤立比例0.0%；距大型綠地0m","2021面積_ha":18.27,"2022面積_ha":18.27,"2023面積_ha":18.27}},{"type":"Feature","geometry":{"type":"Polygon","coordinates":[[[121.62200939974386,24.57637813516764],[121.62205398886775,24.58540648882311],[121.63192739387853,24.585365382533986],[121.63188209713816,24.57633704593234],[121.62200939974386,24.57637813516764]]]},"properties":{"grid_id":"G030_031","綠地類型":"河川沿岸自然地表","中心經度":121.626968,"中心緯度":24.580872,"分析面積_km2":1.04,"2020面積_ha":47.61,"2024面積_ha":47.61,"面積減少率_pct":0.0,"2020斑塊數":1,"2024斑塊數":1,"斑塊數增加率_pct":0.0,"2020平均斑塊面積_ha":574.92,"2024平均斑塊面積_ha":1359.81,"平均斑塊面積下降率_pct":0.0,"道路切割密度_km_per_km2":0.0,"建成區邊界切割密度_km_per_km2":0.0,"孤立小斑塊比例_pct":0.0,"距大型連續綠地平均距離_m":0.0,"score_面積減少":36.206896551724135,"score_斑塊增加":44.260435571687836,"score_平均斑塊縮小":28.153357531760438,"score_道路建成區切割":25.941470054446462,"score_孤立比例":40.58529945553539,"score_距大型綠地":38.40744101633394,"綜合破碎化分數":35.6,"破碎化等級":"低","判定原因":"面積減少0.0%；斑塊增加0.0%；平均斑塊縮小0.0%；道路密度0.00 km/km²；孤立比例0.0%；距大型綠地0m","2021面積_ha":47.61,"2022面積_ha":47.61,"2023面積_ha":47.61}},{"type":"Feature","geometry":{"type":"Polygon","coordinates":[[[121.63188209713816,24.57633704593234],[121.63192739387853,24.585365382533986],[121.64180077678843,24.58532362902472],[121.6417547724386,24.576295309745404],[121.63188209713816,24.57633704593234]]]},"properties":{"grid_id":"G030_032","綠地類型":"河川沿岸自然地表","中心經度":121.636841,"中心緯度":24.58083,"分析面積_km2":1.04,"2020面積_ha":39.78,"2024面積_ha":39.78,"面積減少率_pct":0.0,"2020斑塊數":1,"2024斑塊數":1,"斑塊數增加率_pct":0.0,"2020平均斑塊面積_ha":574.92,"2024平均斑塊面積_ha":1359.81,"平均斑塊面積下降率_pct":0.0,"道路切割密度_km_per_km2":0.0,"建成區邊界切割密度_km_per_km2":0.0,"孤立小斑塊比例_pct":0.0,"距大型連續綠地平均距離_m":0.0,"score_面積減少":36.206896551724135,"score_斑塊增加":44.260435571687836,"score_平均斑塊縮小":28.153357531760438,"score_道路建成區切割":25.941470054446462,"score_孤立比例":40.58529945553539,"score_距大型綠地":38.40744101633394,"綜合破碎化分數":35.6,"破碎化等級":"低","判定原因":"面積減少0.0%；斑塊增加0.0%；平均斑塊縮小0.0%；道路密度0.00 km/km²；孤立比例0.0%；距大型綠地0m","2021面積_ha":39.78,"2022面積_ha":39.78,"2023面積_ha":39.78}},{"type":"Feature","geometry":{"type":"Polygon","coordinates":[[[121.6417547724386,24.576295309745404],[121.64180077678843,24.58532362902472],[121.65167413725226,24.58528122830108],[121.65162742529999,24.576252926612593],[121.6417547724386,24.576295309745404]]]},"properties":{"grid_id":"G030_033","綠地類型":"河川沿岸自然地表","中心經度":121.646714,"中心緯度":24.580788,"分析面積_km2":1.04,"2020面積_ha":37.26,"2024面積_ha":37.26,"面積減少率_pct":0.0,"2020斑塊數":1,"2024斑塊數":1,"斑塊數增加率_pct":0.0,"2020平均斑塊面積_ha":574.92,"2024平均斑塊面積_ha":1359.81,"平均斑塊面積下降率_pct":0.0,"道路切割密度_km_per_km2":0.0,"建成區邊界切割密度_km_per_km2":0.0,"孤立小斑塊比例_pct":0.0,"距大型連續綠地平均距離_m":0.0,"score_面積減少":36.206896551724135,"score_斑塊增加":44.260435571687836,"score_平均斑塊縮小":28.153357531760438,"score_道路建成區切割":25.941470054446462,"score_孤立比例":40.58529945553539,"score_距大型綠地":38.40744101633394,"綜合破碎化分數":35.6,"破碎化等級":"低","判定原因":"面積減少0.0%；斑塊增加0.0%；平均斑塊縮小0.0%；道路密度0.00 km/km²；孤立比例0.0%；距大型綠地0m","2021面積_ha":37.26,"2022面積_ha":37.26,"2023面積_ha":37.26}},{"type":"Feature","geometry":{"type":"Polygon","coordinates":[[[121.65162742529999,24.576252926612593],[121.65167413725226,24.58528122830108],[121.66154747492477,24.585238180368922],[121.66150005537729,24.57620989653976],[121.65162742529999,24.576252926612593]]]},"properties":{"grid_id":"G030_034","綠地類型":"河川沿岸自然地表","中心經度":121.656587,"中心緯度":24.580746,"分析面積_km2":1.04,"2020面積_ha":31.59,"2024面積_ha":31.59,"面積減少率_pct":0.0,"2020斑塊數":1,"2024斑塊數":1,"斑塊數增加率_pct":0.0,"2020平均斑塊面積_ha":574.92,"2024平均斑塊面積_ha":1359.81,"平均斑塊面積下降率_pct":0.0,"道路切割密度_km_per_km2":0.634,"建成區邊界切割密度_km_per_km2":0.0,"孤立小斑塊比例_pct":0.0,"距大型連續綠地平均距離_m":0.0,"score_面積減少":36.206896551724135,"score_斑塊增加":44.260435571687836,"score_平均斑塊縮小":28.153357531760438,"score_道路建成區切割":37.511343012704174,"score_孤立比例":40.58529945553539,"score_距大型綠地":38.40744101633394,"綜合破碎化分數":37.5,"破碎化等級":"低","判定原因":"面積減少0.0%；斑塊增加0.0%；平均斑塊縮小0.0%；道路密度0.63 km/km²；孤立比例0.0%；距大型綠地0m","2021面積_ha":31.59,"2022面積_ha":31.59,"2023面積_ha":31.59}},{"type":"Feature","geometry":{"type":"Polygon","coordinates":[[[121.71086285192324,24.57598504228628],[121.71091380933541,24.585013232791482],[121.72078700301073,24.584966301736145],[121.72073533804868,24.57593813070119],[121.71086285192324,24.57598504228628]]]},"properties":{"grid_id":"G030_040","綠地類型":"河川沿岸自然地表","中心經度":121.715825,"中心緯度":24.580476,"分析面積_km2":1.04,"2020面積_ha":41.58,"2024面積_ha":41.58,"面積減少率_pct":0.0,"2020斑塊數":1,"2024斑塊數":1,"斑塊數增加率_pct":0.0,"2020平均斑塊面積_ha":437.22,"2024平均斑塊面積_ha":454.68,"平均斑塊面積下降率_pct":0.0,"道路切割密度_km_per_km2":0.087,"建成區邊界切割密度_km_per_km2":0.0,"孤立小斑塊比例_pct":0.0,"距大型連續綠地平均距離_m":0.0,"score_面積減少":36.206896551724135,"score_斑塊增加":44.260435571687836,"score_平均斑塊縮小":28.153357531760438,"score_道路建成區切割":34.30127041742287,"score_孤立比例":40.58529945553539,"score_距大型綠地":38.40744101633394,"綜合破碎化分數":37.0,"破碎化等級":"低","判定原因":"面積減少0.0%；斑塊增加0.0%；平均斑塊縮小0.0%；道路密度0.09 km/km²；孤立比例0.0%；距大型綠地0m","2021面積_ha":41.58,"2022面積_ha":41.58,"2023面積_ha":41.58}},{"type":"Feature","geometry":{"type":"Polygon","coordinates":[[[121.72073533804868,24.57593813070119],[121.72078700301073,24.584966301736145],[121.7306601714783,24.58491872351577],[121.73060779897433,24.575890572219528],[121.72073533804868,24.57593813070119]]]},"properties":{"grid_id":"G030_041","綠地類型":"河川沿岸自然地表","中心經度":121.725698,"中心緯度":24.580429,"分析面積_km2":1.04,"2020面積_ha":36.72,"2024面積_ha":36.72,"面積減少率_pct":0.0,"2020斑塊數":1,"2024斑塊數":1,"斑塊數增加率_pct":0.0,"2020平均斑塊面積_ha":437.22,"2024平均斑塊面積_ha":454.68,"平均斑塊面積下降率_pct":0.0,"道路切割密度_km_per_km2":0.0,"建成區邊界切割密度_km_per_km2":0.0,"孤立小斑塊比例_pct":0.0,"距大型連續綠地平均距離_m":0.0,"score_面積減少":36.206896551724135,"score_斑塊增加":44.260435571687836,"score_平均斑塊縮小":28.153357531760438,"score_道路建成區切割":25.941470054446462,"score_孤立比例":40.58529945553539,"score_距大型綠地":38.40744101633394,"綜合破碎化分數":35.6,"破碎化等級":"低","判定原因":"面積減少0.0%；斑塊增加0.0%；平均斑塊縮小0.0%；道路密度0.00 km/km²；孤立比例0.0%；距大型綠地0m","2021面積_ha":36.72,"2022面積_ha":36.72,"2023面積_ha":36.72}},{"type":"Feature","geometry":{"type":"Polygon","coordinates":[[[121.74048023435515,24.575842366847862],[121.740533314393,24.584870498136922],[121.75040643140962,24.58482162560627],[121.75035264384604,24.575793514592856],[121.74048023435515,24.575842366847862]]]},"properties":{"grid_id":"G030_043","綠地類型":"河川沿岸自然地表","中心經度":121.745443,"中心緯度":24.580332,"分析面積_km2":1.04,"2020面積_ha":15.84,"2024面積_ha":15.84,"面積減少率_pct":0.0,"2020斑塊數":1,"2024斑塊數":1,"斑塊數增加率_pct":0.0,"2020平均斑塊面積_ha":437.22,"2024平均斑塊面積_ha":454.68,"平均斑塊面積下降率_pct":0.0,"道路切割密度_km_per_km2":1.644,"建成區邊界切割密度_km_per_km2":0.0,"孤立小斑塊比例_pct":0.0,"距大型連續綠地平均距離_m":0.0,"score_面積減少":36.206896551724135,"score_斑塊增加":44.260435571687836,"score_平均斑塊縮小":28.153357531760438,"score_道路建成區切割":43.93148820326679,"score_孤立比例":40.58529945553539,"score_距大型綠地":38.40744101633394,"綜合破碎化分數":38.6,"破碎化等級":"低","判定原因":"面積減少0.0%；斑塊增加0.0%；平均斑塊縮小0.0%；道路密度1.64 km/km²；孤立比例0.0%；距大型綠地0m","2021面積_ha":15.84,"2022面積_ha":15.84,"2023面積_ha":15.84}},{"type":"Feature","geometry":{"type":"Polygon","coordinates":[[[121.41473773205237,24.5951488426831],[121.41470798978526,24.586120203782432],[121.40556087873343,24.58614511472203],[121.4051706,24.586750099999993],[121.4048380968245,24.587363490814063],[121.40486022900227,24.594245797813198],[121.4049561,24.5943682],[121.4053495,24.594798000000004],[121.40584180646098,24.59517308530732],[121.41473773205237,24.5951488426831]]]},"properties":{"grid_id":"G031_009","綠地類型":"河川沿岸自然地表","中心經度":121.409786,"中心緯度":24.590791,"分析面積_km2":1.029,"2020面積_ha":6.57,"2024面積_ha":6.57,"面積減少率_pct":0.0,"2020斑塊數":1,"2024斑塊數":1,"斑塊數增加率_pct":0.0,"2020平均斑塊面積_ha":290.88,"2024平均斑塊面積_ha":291.96,"平均斑塊面積下降率_pct":0.0,"道路切割密度_km_per_km2":1.662,"建成區邊界切割密度_km_per_km2":0.0,"孤立小斑塊比例_pct":0.0,"距大型連續綠地平均距離_m":0.0,"score_面積減少":36.206896551724135,"score_斑塊增加":44.260435571687836,"score_平均斑塊縮小":28.153357531760438,"score_道路建成區切割":44.12431941923775,"score_孤立比例":40.58529945553539,"score_距大型綠地":38.40744101633394,"綜合破碎化分數":38.6,"破碎化等級":"低","判定原因":"面積減少0.0%；斑塊增加0.0%；平均斑塊縮小0.0%；道路密度1.66 km/km²；孤立比例0.0%；距大型綠地0m","2021面積_ha":6.57,"2022面積_ha":6.57,"2023面積_ha":6.57}},{"type":"Feature","geometry":{"type":"Polygon","coordinates":[[[121.42458177915925,24.586092690289686],[121.42461222950928,24.595121317774066],[121.43448671211131,24.595093145275886],[121.43445555368311,24.58606452947637],[121.42458177915925,24.586092690289686]]]},"properties":{"grid_id":"G031_011","綠地類型":"河川沿岸自然地表","中心經度":121.429534,"中心緯度":24.590593,"分析面積_km2":1.04,"2020面積_ha":6.48,"2024面積_ha":6.48,"面積減少率_pct":0.0,"2020斑塊數":2,"2024斑塊數":2,"斑塊數增加率_pct":0.0,"2020平均斑塊面積_ha":548.82,"2024平均斑塊面積_ha":549.36,"平均斑塊面積下降率_pct":0.0,"道路切割密度_km_per_km2":2.018,"建成區邊界切割密度_km_per_km2":0.0,"孤立小斑塊比例_pct":0.0,"距大型連續綠地平均距離_m":0.0,"score_面積減少":36.206896551724135,"score_斑塊增加":44.260435571687836,"score_平均斑塊縮小":28.153357531760438,"score_道路建成區切割":46.472323049001815,"score_孤立比例":40.58529945553539,"score_距大型綠地":38.40744101633394,"綜合破碎化分數":39.0,"破碎化等級":"低","判定原因":"面積減少0.0%；斑塊增加0.0%；平均斑塊縮小0.0%；道路密度2.02 km/km²；孤立比例0.0%；距大型綠地0m","2021面積_ha":6.48,"2022面積_ha":6.48,"2023面積_ha":6.48}},{"type":"Feature","geometry":{"type":"Polygon","coordinates":[[[121.45420305679909,24.586006265903706],[121.45423563136922,24.59503485752771],[121.46411006733425,24.59500474228577],[121.46407678470064,24.585976163152395],[121.45420305679909,24.586006265903706]]]},"properties":{"grid_id":"G031_014","綠地類型":"河川沿岸自然地表","中心經度":121.459156,"中心緯度":24.590506,"分析面積_km2":1.04,"2020面積_ha":2.61,"2024面積_ha":2.61,"面積減少率_pct":0.0,"2020斑塊數":1,"2024斑塊數":1,"斑塊數增加率_pct":0.0,"2020平均斑塊面積_ha":1148.67,"2024平均斑塊面積_ha":1947.87,"平均斑塊面積下降率_pct":0.0,"道路切割密度_km_per_km2":1.442,"建成區邊界切割密度_km_per_km2":0.0,"孤立小斑塊比例_pct":0.0,"距大型連續綠地平均距離_m":0.0,"score_面積減少":36.206896551724135,"score_斑塊增加":44.260435571687836,"score_平均斑塊縮小":28.153357531760438,"score_道路建成區切割":41.98049001814882,"score_孤立比例":40.58529945553539,"score_距大型綠地":38.40744101633394,"綜合破碎化分數":38.3,"破碎化等級":"低","判定原因":"面積減少0.0%；斑塊增加0.0%；平均斑塊縮小0.0%；道路密度1.44 km/km²；孤立比例0.0%；距大型綠地0m","2021面積_ha":2.61,"2022面積_ha":2.61,"2023面積_ha":2.61}},{"type":"Feature","geometry":{"type":"Polygon","coordinates":[[[121.47395049637082,24.58594541309661],[121.4739844870628,24.594973979470776],[121.48385889020946,24.59494256908697],[121.48382419146431,24.5859140157406],[121.47395049637082,24.58594541309661]]]},"properties":{"grid_id":"G031_016","綠地類型":"河川沿岸自然地表","中心經度":121.478905,"中心緯度":24.590444,"分析面積_km2":1.04,"2020面積_ha":15.03,"2024面積_ha":15.03,"面積減少率_pct":0.0,"2020斑塊數":1,"2024斑塊數":1,"斑塊數增加率_pct":0.0,"2020平均斑塊面積_ha":1148.67,"2024平均斑塊面積_ha":1947.87,"平均斑塊面積下降率_pct":0.0,"道路切割密度_km_per_km2":0.0,"建成區邊界切割密度_km_per_km2":0.0,"孤立小斑塊比例_pct":0.0,"距大型連續綠地平均距離_m":0.0,"score_面積減少":36.206896551724135,"score_斑塊增加":44.260435571687836,"score_平均斑塊縮小":28.153357531760438,"score_道路建成區切割":25.941470054446462,"score_孤立比例":40.58529945553539,"score_距大型綠地":38.40744101633394,"綜合破碎化分數":35.6,"破碎化等級":"低","判定原因":"面積減少0.0%；斑塊增加0.0%；平均斑塊縮小0.0%；道路密度0.00 km/km²；孤立比例0.0%；距大型綠地0m","2021面積_ha":15.03,"2022面積_ha":15.03,"2023面積_ha":15.03}},{"type":"Feature","geometry":{"type":"Polygon","coordinates":[[[121.48382419146431,24.5859140157406],[121.48385889020946,24.59494256908697],[121.49373327642883,24.5949105111387],[121.49369786963588,24.585881971088703],[121.48382419146431,24.5859140157406]]]},"properties":{"grid_id":"G031_017","綠地類型":"河川沿岸自然地表","中心經度":121.488779,"中心緯度":24.590412,"分析面積_km2":1.04,"2020面積_ha":15.21,"2024面積_ha":15.21,"面積減少率_pct":0.0,"2020斑塊數":1,"2024斑塊數":1,"斑塊數增加率_pct":0.0,"2020平均斑塊面積_ha":1148.67,"2024平均斑塊面積_ha":1947.87,"平均斑塊面積下降率_pct":0.0,"道路切割密度_km_per_km2":0.0,"建成區邊界切割密度_km_per_km2":0.0,"孤立小斑塊比例_pct":0.0,"距大型連續綠地平均距離_m":0.0,"score_面積減少":36.206896551724135,"score_斑塊增加":44.260435571687836,"score_平均斑塊縮小":28.153357531760438,"score_道路建成區切割":25.941470054446462,"score_孤立比例":40.58529945553539,"score_距大型綠地":38.40744101633394,"綜合破碎化分數":35.6,"破碎化等級":"低","判定原因":"面積減少0.0%；斑塊增加0.0%；平均斑塊縮小0.0%；道路密度0.00 km/km²；孤立比例0.0%；距大型綠地0m","2021面積_ha":15.21,"2022面積_ha":15.21,"2023面積_ha":15.21}},{"type":"Feature","geometry":{"type":"Polygon","coordinates":[[[121.49369786963588,24.585881971088703],[121.49373327642883,24.5949105111387],[121.50360764537552,24.594877805630393],[121.50357153054019,24.585849279145332],[121.49369786963588,24.585881971088703]]]},"properties":{"grid_id":"G031_018","綠地類型":"河川沿岸自然地表","中心經度":121.498653,"中心緯度":24.59038,"分析面積_km2":1.04,"2020面積_ha":13.32,"2024面積_ha":13.41,"面積減少率_pct":0.0,"2020斑塊數":1,"2024斑塊數":1,"斑塊數增加率_pct":0.0,"2020平均斑塊面積_ha":1148.67,"2024平均斑塊面積_ha":1947.87,"平均斑塊面積下降率_pct":0.0,"道路切割密度_km_per_km2":0.606,"建成區邊界切割密度_km_per_km2":0.0,"孤立小斑塊比例_pct":0.0,"距大型連續綠地平均距離_m":0.0,"score_面積減少":36.206896551724135,"score_斑塊增加":44.260435571687836,"score_平均斑塊縮小":28.153357531760438,"score_道路建成區切割":37.35254083484573,"score_孤立比例":40.58529945553539,"score_距大型綠地":38.40744101633394,"綜合破碎化分數":37.5,"破碎化等級":"低","判定原因":"面積減少0.0%；斑塊增加0.0%；平均斑塊縮小0.0%；道路密度0.61 km/km²；孤立比例0.0%；距大型綠地0m","2021面積_ha":13.5,"2022面積_ha":13.41,"2023面積_ha":13.41}},{"type":"Feature","geometry":{"type":"Polygon","coordinates":[[[121.54306599457942,24.585712038548824],[121.54310494152763,24.594740508088385],[121.55297921893006,24.594704564849394],[121.55293956396837,24.585676110217626],[121.54306599457942,24.585712038548824]]]},"properties":{"grid_id":"G031_023","綠地類型":"河川沿岸自然地表","中心經度":121.548022,"中心緯度":24.590208,"分析面積_km2":1.04,"2020面積_ha":24.66,"2024面積_ha":24.66,"面積減少率_pct":0.0,"2020斑塊數":1,"2024斑塊數":1,"斑塊數增加率_pct":0.0,"2020平均斑塊面積_ha":777.87,"2024平均斑塊面積_ha":1947.87,"平均斑塊面積下降率_pct":0.0,"道路切割密度_km_per_km2":0.0,"建成區邊界切割密度_km_per_km2":0.0,"孤立小斑塊比例_pct":0.0,"距大型連續綠地平均距離_m":0.0,"score_面積減少":36.206896551724135,"score_斑塊增加":44.260435571687836,"score_平均斑塊縮小":28.153357531760438,"score_道路建成區切割":25.941470054446462,"score_孤立比例":40.58529945553539,"score_距大型綠地":38.40744101633394,"綜合破碎化分數":35.6,"破碎化等級":"低","判定原因":"面積減少0.0%；斑塊增加0.0%；平均斑塊縮小0.0%；道路密度0.00 km/km²；孤立比例0.0%；距大型綠地0m","2021面積_ha":24.66,"2022面積_ha":24.66,"2023面積_ha":24.66}},{"type":"Feature","geometry":{"type":"Polygon","coordinates":[[[121.55293956396837,24.585676110217626],[121.55297921893006,24.594704564849394],[121.56285347698754,24.5946679740788],[121.56281311401841,24.585639534623386],[121.55293956396837,24.585676110217626]]]},"properties":{"grid_id":"G031_024","綠地類型":"河川沿岸自然地表","中心經度":121.557896,"中心緯度":24.590172,"分析面積_km2":1.04,"2020面積_ha":42.3,"2024面積_ha":42.3,"面積減少率_pct":0.0,"2020斑塊數":2,"2024斑塊數":2,"斑塊數增加率_pct":0.0,"2020平均斑塊面積_ha":1681.02,"2024平均斑塊面積_ha":4164.255,"平均斑塊面積下降率_pct":0.0,"道路切割密度_km_per_km2":0.0,"建成區邊界切割密度_km_per_km2":0.0,"孤立小斑塊比例_pct":0.0,"距大型連續綠地平均距離_m":0.0,"score_面積減少":36.206896551724135,"score_斑塊增加":44.260435571687836,"score_平均斑塊縮小":28.153357531760438,"score_道路建成區切割":25.941470054446462,"score_孤立比例":40.58529945553539,"score_距大型綠地":38.40744101633394,"綜合破碎化分數":35.6,"破碎化等級":"低","判定原因":"面積減少0.0%；斑塊增加0.0%；平均斑塊縮小0.0%；道路密度0.00 km/km²；孤立比例0.0%；距大型綠地0m","2021面積_ha":42.3,"2022面積_ha":42.3,"2023面積_ha":42.3}},{"type":"Feature","geometry":{"type":"Polygon","coordinates":[[[121.56281311401841,24.585639534623386],[121.56285347698754,24.5946679740788],[121.57272771535465,24.594630735781656],[121.5726866443843,24.585602311771147],[121.56281311401841,24.585639534623386]]]},"properties":{"grid_id":"G031_025","綠地類型":"河川沿岸自然地表","中心經度":121.56777,"中心緯度":24.590135,"分析面積_km2":1.04,"2020面積_ha":13.68,"2024面積_ha":13.68,"面積減少率_pct":0.0,"2020斑塊數":1,"2024斑塊數":1,"斑塊數增加率_pct":0.0,"2020平均斑塊面積_ha":2584.17,"2024平均斑塊面積_ha":6380.64,"平均斑塊面積下降率_pct":0.0,"道路切割密度_km_per_km2":0.0,"建成區邊界切割密度_km_per_km2":0.0,"孤立小斑塊比例_pct":0.0,"距大型連續綠地平均距離_m":0.0,"score_面積減少":36.206896551724135,"score_斑塊增加":44.260435571687836,"score_平均斑塊縮小":28.153357531760438,"score_道路建成區切割":25.941470054446462,"score_孤立比例":40.58529945553539,"score_距大型綠地":38.40744101633394,"綜合破碎化分數":35.6,"破碎化等級":"低","判定原因":"面積減少0.0%；斑塊增加0.0%；平均斑塊縮小0.0%；道路密度0.00 km/km²；孤立比例0.0%；距大型綠地0m","2021面積_ha":13.68,"2022面積_ha":13.68,"2023面積_ha":13.68}},{"type":"Feature","geometry":{"type":"Polygon","coordinates":[[[121.5726866443843,24.585602311771147],[121.57272771535465,24.594630735781656],[121.58260193368605,24.594592849963107],[121.5825601547208,24.58556444166606],[121.5726866443843,24.585602311771147]]]},"properties":{"grid_id":"G031_026","綠地類型":"河川沿岸自然地表","中心經度":121.577644,"中心緯度":24.590098,"分析面積_km2":1.04,"2020面積_ha":54.54,"2024面積_ha":54.54,"面積減少率_pct":0.0,"2020斑塊數":1,"2024斑塊數":1,"斑塊數增加率_pct":0.0,"2020平均斑塊面積_ha":2584.17,"2024平均斑塊面積_ha":6380.64,"平均斑塊面積下降率_pct":0.0,"道路切割密度_km_per_km2":0.0,"建成區邊界切割密度_km_per_km2":0.0,"孤立小斑塊比例_pct":0.0,"距大型連續綠地平均距離_m":0.0,"score_面積減少":36.206896551724135,"score_斑塊增加":44.260435571687836,"score_平均斑塊縮小":28.153357531760438,"score_道路建成區切割":25.941470054446462,"score_孤立比例":40.58529945553539,"score_距大型綠地":38.40744101633394,"綜合破碎化分數":35.6,"破碎化等級":"低","判定原因":"面積減少0.0%；斑塊增加0.0%；平均斑塊縮小0.0%；道路密度0.00 km/km²；孤立比例0.0%；距大型綠地0m","2021面積_ha":54.54,"2022面積_ha":54.54,"2023面積_ha":54.54}},{"type":"Feature","geometry":{"type":"Polygon","coordinates":[[[121.5825601547208,24.58556444166606],[121.58260193368605,24.594592849963107],[121.59247613163635,24.59455431662838],[121.59243364468263,24.58552592431335],[121.5825601547208,24.58556444166606]]]},"properties":{"grid_id":"G031_027","綠地類型":"河川沿岸自然地表","中心經度":121.587518,"中心緯度":24.590059,"分析面積_km2":1.04,"2020面積_ha":27.63,"2024面積_ha":27.63,"面積減少率_pct":0.0,"2020斑塊數":1,"2024斑塊數":1,"斑塊數增加率_pct":0.0,"2020平均斑塊面積_ha":2584.17,"2024平均斑塊面積_ha":6380.64,"平均斑塊面積下降率_pct":0.0,"道路切割密度_km_per_km2":0.0,"建成區邊界切割密度_km_per_km2":0.0,"孤立小斑塊比例_pct":0.0,"距大型連續綠地平均距離_m":0.0,"score_面積減少":36.206896551724135,"score_斑塊增加":44.260435571687836,"score_平均斑塊縮小":28.153357531760438,"score_道路建成區切割":25.941470054446462,"score_孤立比例":40.58529945553539,"score_距大型綠地":38.40744101633394,"綜合破碎化分數":35.6,"破碎化等級":"低","判定原因":"面積減少0.0%；斑塊增加0.0%；平均斑塊縮小0.0%；道路密度0.00 km/km²；孤立比例0.0%；距大型綠地0m","2021面積_ha":27.63,"2022面積_ha":27.63,"2023面積_ha":27.63}},{"type":"Feature","geometry":{"type":"Polygon","coordinates":[[[121.59243364468263,24.58552592431335],[121.59247613163635,24.59455431662838],[121.60235030886022,24.5945151357828],[121.60230711392457,24.58548675971834],[121.59243364468263,24.58552592431335]]]},"properties":{"grid_id":"G031_028","綠地類型":"河川沿岸自然地表","中心經度":121.597392,"中心緯度":24.590021,"分析面積_km2":1.04,"2020面積_ha":1.35,"2024面積_ha":1.35,"面積減少率_pct":0.0,"2020斑塊數":1,"2024斑塊數":1,"斑塊數增加率_pct":0.0,"2020平均斑塊面積_ha":2584.17,"2024平均斑塊面積_ha":6380.64,"平均斑塊面積下降率_pct":0.0,"道路切割密度_km_per_km2":0.0,"建成區邊界切割密度_km_per_km2":0.0,"孤立小斑塊比例_pct":0.0,"距大型連續綠地平均距離_m":0.0,"score_面積減少":36.206896551724135,"score_斑塊增加":44.260435571687836,"score_平均斑塊縮小":28.153357531760438,"score_道路建成區切割":25.941470054446462,"score_孤立比例":40.58529945553539,"score_距大型綠地":38.40744101633394,"綜合破碎化分數":35.6,"破碎化等級":"低","判定原因":"面積減少0.0%；斑塊增加0.0%；平均斑塊縮小0.0%；道路密度0.00 km/km²；孤立比例0.0%；距大型綠地0m","2021面積_ha":1.35,"2022面積_ha":1.35,"2023面積_ha":1.35}},{"type":"Feature","geometry":{"type":"Polygon","coordinates":[[[121.63192739387853,24.585365382533986],[121.63197271271972,24.594393708235465],[121.64184680358433,24.594351937401456],[121.64180077678843,24.58532362902472],[121.63192739387853,24.585365382533986]]]},"properties":{"grid_id":"G031_032","綠地類型":"河川沿岸自然地表","中心經度":121.636887,"中心緯度":24.589859,"分析面積_km2":1.04,"2020面積_ha":22.5,"2024面積_ha":22.5,"面積減少率_pct":0.0,"2020斑塊數":1,"2024斑塊數":1,"斑塊數增加率_pct":0.0,"2020平均斑塊面積_ha":574.92,"2024平均斑塊面積_ha":1359.81,"平均斑塊面積下降率_pct":0.0,"道路切割密度_km_per_km2":0.0,"建成區邊界切割密度_km_per_km2":0.0,"孤立小斑塊比例_pct":0.0,"距大型連續綠地平均距離_m":0.0,"score_面積減少":36.206896551724135,"score_斑塊增加":44.260435571687836,"score_平均斑塊縮小":28.153357531760438,"score_道路建成區切割":25.941470054446462,"score_孤立比例":40.58529945553539,"score_距大型綠地":38.40744101633394,"綜合破碎化分數":35.6,"破碎化等級":"低","判定原因":"面積減少0.0%；斑塊增加0.0%；平均斑塊縮小0.0%；道路密度0.00 km/km²；孤立比例0.0%；距大型綠地0m","2021面積_ha":22.5,"2022面積_ha":22.5,"2023面積_ha":22.5}},{"type":"Feature","geometry":{"type":"Polygon","coordinates":[[[121.64180077678843,24.58532362902472],[121.64184680358433,24.594351937401456],[121.6517208719958,24.59430951908454],[121.65167413725226,24.58528122830108],[121.64180077678843,24.58532362902472]]]},"properties":{"grid_id":"G031_033","綠地類型":"河川沿岸自然地表","中心經度":121.646761,"中心緯度":24.589817,"分析面積_km2":1.04,"2020面積_ha":54.72,"2024面積_ha":54.72,"面積減少率_pct":0.0,"2020斑塊數":1,"2024斑塊數":1,"斑塊數增加率_pct":0.0,"2020平均斑塊面積_ha":574.92,"2024平均斑塊面積_ha":1359.81,"平均斑塊面積下降率_pct":0.0,"道路切割密度_km_per_km2":0.0,"建成區邊界切割密度_km_per_km2":0.0,"孤立小斑塊比例_pct":0.0,"距大型連續綠地平均距離_m":0.0,"score_面積減少":36.206896551724135,"score_斑塊增加":44.260435571687836,"score_平均斑塊縮小":28.153357531760438,"score_道路建成區切割":25.941470054446462,"score_孤立比例":40.58529945553539,"score_距大型綠地":38.40744101633394,"綜合破碎化分數":35.6,"破碎化等級":"低","判定原因":"面積減少0.0%；斑塊增加0.0%；平均斑塊縮小0.0%；道路密度0.00 km/km²；孤立比例0.0%；距大型綠地0m","2021面積_ha":54.72,"2022面積_ha":54.72,"2023面積_ha":54.72}},{"type":"Feature","geometry":{"type":"Polygon","coordinates":[[[121.65167413725226,24.58528122830108],[121.6517208719958,24.59430951908454],[121.66159491760878,24.59426645329057],[121.66154747492477,24.585238180368922],[121.65167413725226,24.58528122830108]]]},"properties":{"grid_id":"G031_034","綠地類型":"河川沿岸自然地表","中心經度":121.656634,"中心緯度":24.589774,"分析面積_km2":1.04,"2020面積_ha":16.65,"2024面積_ha":16.65,"面積減少率_pct":0.0,"2020斑塊數":1,"2024斑塊數":1,"斑塊數增加率_pct":0.0,"2020平均斑塊面積_ha":574.92,"2024平均斑塊面積_ha":1359.81,"平均斑塊面積下降率_pct":0.0,"道路切割密度_km_per_km2":1.615,"建成區邊界切割密度_km_per_km2":0.0,"孤立小斑塊比例_pct":0.0,"距大型連續綠地平均距離_m":0.0,"score_面積減少":36.206896551724135,"score_斑塊增加":44.260435571687836,"score_平均斑塊縮小":28.153357531760438,"score_道路建成區切割":43.579854809437386,"score_孤立比例":40.58529945553539,"score_距大型綠地":38.40744101633394,"綜合破碎化分數":38.5,"破碎化等級":"低","判定原因":"面積減少0.0%；斑塊增加0.0%；平均斑塊縮小0.0%；道路密度1.61 km/km²；孤立比例0.0%；距大型綠地0m","2021面積_ha":16.65,"2022面積_ha":16.65,"2023面積_ha":16.65}},{"type":"Feature","geometry":{"type":"Polygon","coordinates":[[[121.70104059079758,24.585059516675297],[121.70109086516936,24.59408771546442],[121.71096479161012,24.594041412376164],[121.71091380933541,24.585013232791482],[121.70104059079758,24.585059516675297]]]},"properties":{"grid_id":"G031_039","綠地類型":"河川沿岸自然地表","中心經度":121.706003,"中心緯度":24.589551,"分析面積_km2":1.04,"2020面積_ha":28.62,"2024面積_ha":28.62,"面積減少率_pct":0.0,"2020斑塊數":2,"2024斑塊數":2,"斑塊數增加率_pct":0.0,"2020平均斑塊面積_ha":289.26,"2024平均斑塊面積_ha":290.835,"平均斑塊面積下降率_pct":0.0,"道路切割密度_km_per_km2":1.298,"建成區邊界切割密度_km_per_km2":0.0,"孤立小斑塊比例_pct":0.0,"距大型連續綠地平均距離_m":0.0,"score_面積減少":36.206896551724135,"score_斑塊增加":44.260435571687836,"score_平均斑塊縮小":28.153357531760438,"score_道路建成區切割":40.85753176043558,"score_孤立比例":40.58529945553539,"score_距大型綠地":38.40744101633394,"綜合破碎化分數":38.1,"破碎化等級":"低","判定原因":"面積減少0.0%；斑塊增加0.0%；平均斑塊縮小0.0%；道路密度1.30 km/km²；孤立比例0.0%；距大型綠地0m","2021面積_ha":28.62,"2022面積_ha":28.62,"2023面積_ha":28.62}},{"type":"Feature","geometry":{"type":"Polygon","coordinates":[[[121.72078700301073,24.584966301736145],[121.72083869318048,24.593994461847878],[121.73071256953519,24.593946863886043],[121.7306601714783,24.58491872351577],[121.72078700301073,24.584966301736145]]]},"properties":{"grid_id":"G031_041","綠地類型":"河川沿岸自然地表","中心經度":121.72575,"中心緯度":24.589457,"分析面積_km2":1.04,"2020面積_ha":50.49,"2024面積_ha":52.38,"面積減少率_pct":0.0,"2020斑塊數":1,"2024斑塊數":1,"斑塊數增加率_pct":0.0,"2020平均斑塊面積_ha":437.22,"2024平均斑塊面積_ha":454.68,"平均斑塊面積下降率_pct":0.0,"道路切割密度_km_per_km2":0.0,"建成區邊界切割密度_km_per_km2":0.0,"孤立小斑塊比例_pct":0.0,"距大型連續綠地平均距離_m":0.0,"score_面積減少":36.206896551724135,"score_斑塊增加":44.260435571687836,"score_平均斑塊縮小":28.153357531760438,"score_道路建成區切割":25.941470054446462,"score_孤立比例":40.58529945553539,"score_距大型綠地":38.40744101633394,"綜合破碎化分數":35.6,"破碎化等級":"低","判定原因":"面積減少0.0%；斑塊增加0.0%；平均斑塊縮小0.0%；道路密度0.00 km/km²；孤立比例0.0%；距大型綠地0m","2021面積_ha":53.46,"2022面積_ha":54.0,"2023面積_ha":50.85}},{"type":"Feature","geometry":{"type":"Polygon","coordinates":[[[121.7306601714783,24.58491872351577],[121.73071256953519,24.593946863886043],[121.74058642032894,24.593898618497228],[121.740533314393,24.584870498136922],[121.7306601714783,24.58491872351577]]]},"properties":{"grid_id":"G031_042","綠地類型":"河川沿岸自然地表","中心經度":121.735623,"中心緯度":24.589409,"分析面積_km2":1.04,"2020面積_ha":36.18,"2024面積_ha":36.18,"面積減少率_pct":0.0,"2020斑塊數":2,"2024斑塊數":2,"斑塊數增加率_pct":0.0,"2020平均斑塊面積_ha":357.075,"2024平均斑塊面積_ha":360.945,"平均斑塊面積下降率_pct":0.0,"道路切割密度_km_per_km2":0.0,"建成區邊界切割密度_km_per_km2":0.0,"孤立小斑塊比例_pct":0.0,"距大型連續綠地平均距離_m":0.0,"score_面積減少":36.206896551724135,"score_斑塊增加":44.260435571687836,"score_平均斑塊縮小":28.153357531760438,"score_道路建成區切割":25.941470054446462,"score_孤立比例":40.58529945553539,"score_距大型綠地":38.40744101633394,"綜合破碎化分數":35.6,"破碎化等級":"低","判定原因":"面積減少0.0%；斑塊增加0.0%；平均斑塊縮小0.0%；道路密度0.00 km/km²；孤立比例0.0%；距大型綠地0m","2021面積_ha":36.18,"2022面積_ha":36.18,"2023面積_ha":36.18}},{"type":"Feature","geometry":{"type":"Polygon","coordinates":[[[121.43448671211131,24.595093145275886],[121.43451788573978,24.604121750212695],[121.44439306156039,24.60409291817412],[121.4443611795131,24.59506432519244],[121.43448671211131,24.595093145275886]]]},"properties":{"grid_id":"G032_012","綠地類型":"河川沿岸自然地表","中心經度":121.43944,"中心緯度":24.599593,"分析面積_km2":1.04,"2020面積_ha":61.56,"2024面積_ha":61.56,"面積減少率_pct":0.0,"2020斑塊數":1,"2024斑塊數":1,"斑塊數增加率_pct":0.0,"2020平均斑塊面積_ha":806.76,"2024平均斑塊面積_ha":806.76,"平均斑塊面積下降率_pct":0.0,"道路切割密度_km_per_km2":1.528,"建成區邊界切割密度_km_per_km2":0.0,"孤立小斑塊比例_pct":0.0,"距大型連續綠地平均距離_m":0.0,"score_面積減少":36.206896551724135,"score_斑塊增加":44.260435571687836,"score_平均斑塊縮小":28.153357531760438,"score_道路建成區切割":42.91061705989111,"score_孤立比例":40.58529945553539,"score_距大型綠地":38.40744101633394,"綜合破碎化分數":38.4,"破碎化等級":"低","判定原因":"面積減少0.0%；斑塊增加0.0%；平均斑塊縮小0.0%；道路密度1.53 km/km²；孤立比例0.0%；距大型綠地0m","2021面積_ha":61.56,"2022面積_ha":61.56,"2023面積_ha":61.56}},{"type":"Feature","geometry":{"type":"Polygon","coordinates":[[[121.46411006733425,24.59500474228577],[121.46414336620435,24.60403331055133],[121.4740184943367,24.604002534975344],[121.4739844870628,24.594973979470776],[121.46411006733425,24.59500474228577]]]},"properties":{"grid_id":"G032_015","綠地類型":"河川沿岸自然地表","中心經度":121.469064,"中心緯度":24.599504,"分析面積_km2":1.04,"2020面積_ha":30.33,"2024面積_ha":30.33,"面積減少率_pct":0.0,"2020斑塊數":1,"2024斑塊數":1,"斑塊數增加率_pct":0.0,"2020平均斑塊面積_ha":1148.67,"2024平均斑塊面積_ha":1947.87,"平均斑塊面積下降率_pct":0.0,"道路切割密度_km_per_km2":1.211,"建成區邊界切割密度_km_per_km2":0.0,"孤立小斑塊比例_pct":0.0,"距大型連續綠地平均距離_m":0.0,"score_面積減少":36.206896551724135,"score_斑塊增加":44.260435571687836,"score_平均斑塊縮小":28.153357531760438,"score_道路建成區切割":40.369782214156075,"score_孤立比例":40.58529945553539,"score_距大型綠地":38.40744101633394,"綜合破碎化分數":38.0,"破碎化等級":"低","判定原因":"面積減少0.0%；斑塊增加0.0%；平均斑塊縮小0.0%；道路密度1.21 km/km²；孤立比例0.0%；距大型綠地0m","2021面積_ha":30.33,"2022面積_ha":30.33,"2023面積_ha":30.33}},{"type":"Feature","geometry":{"type":"Polygon","coordinates":[[[121.53323064512557,24.59477580379081],[121.53326890270851,24.603804277088535],[121.54314390747544,24.60376896674485],[121.54310494152763,24.594740508088385],[121.53323064512557,24.59477580379081]]]},"properties":{"grid_id":"G032_022","綠地類型":"河川沿岸自然地表","中心經度":121.538187,"中心緯度":24.599272,"分析面積_km2":1.04,"2020面積_ha":23.76,"2024面積_ha":26.64,"面積減少率_pct":0.0,"2020斑塊數":3,"2024斑塊數":2,"斑塊數增加率_pct":0.0,"2020平均斑塊面積_ha":1503.57,"2024平均斑塊面積_ha":4164.255,"平均斑塊面積下降率_pct":0.0,"道路切割密度_km_per_km2":1.903,"建成區邊界切割密度_km_per_km2":0.0,"孤立小斑塊比例_pct":0.0,"距大型連續綠地平均距離_m":0.0,"score_面積減少":36.206896551724135,"score_斑塊增加":44.260435571687836,"score_平均斑塊縮小":28.153357531760438,"score_道路建成區切割":45.80308529945553,"score_孤立比例":40.58529945553539,"score_距大型綠地":38.40744101633394,"綜合破碎化分數":38.9,"破碎化等級":"低","判定原因":"面積減少0.0%；斑塊增加0.0%；平均斑塊縮小0.0%；道路密度1.90 km/km²；孤立比例0.0%；距大型綠地0m","2021面積_ha":26.19,"2022面積_ha":19.44,"2023面積_ha":21.24}},{"type":"Feature","geometry":{"type":"Polygon","coordinates":[[[121.54310494152763,24.594740508088385],[121.54314390747544,24.60376896674485],[121.55301889323677,24.603733008596],[121.55297921893006,24.594704564849394],[121.54310494152763,24.594740508088385]]]},"properties":{"grid_id":"G032_023","綠地類型":"河川沿岸自然地表","中心經度":121.548062,"中心緯度":24.599237,"分析面積_km2":1.04,"2020面積_ha":11.7,"2024面積_ha":11.7,"面積減少率_pct":0.0,"2020斑塊數":2,"2024斑塊數":2,"斑塊數增加率_pct":0.0,"2020平均斑塊面積_ha":1681.02,"2024平均斑塊面積_ha":4164.255,"平均斑塊面積下降率_pct":0.0,"道路切割密度_km_per_km2":0.0,"建成區邊界切割密度_km_per_km2":0.0,"孤立小斑塊比例_pct":0.0,"距大型連續綠地平均距離_m":0.0,"score_面積減少":36.206896551724135,"score_斑塊增加":44.260435571687836,"score_平均斑塊縮小":28.153357531760438,"score_道路建成區切割":25.941470054446462,"score_孤立比例":40.58529945553539,"score_距大型綠地":38.40744101633394,"綜合破碎化分數":35.6,"破碎化等級":"低","判定原因":"面積減少0.0%；斑塊增加0.0%；平均斑塊縮小0.0%；道路密度0.00 km/km²；孤立比例0.0%；距大型綠地0m","2021面積_ha":11.7,"2022面積_ha":11.7,"2023面積_ha":11.7}},{"type":"Feature","geometry":{"type":"Polygon","coordinates":[[[121.55297921893006,24.594704564849394],[121.55301889323677,24.603733008596],[121.56289385964702,24.60369640264694],[121.56285347698754,24.5946679740788],[121.55297921893006,24.594704564849394]]]},"properties":{"grid_id":"G032_024","綠地類型":"河川沿岸自然地表","中心經度":121.557936,"中心緯度":24.599201,"分析面積_km2":1.04,"2020面積_ha":58.95,"2024面積_ha":58.95,"面積減少率_pct":0.0,"2020斑塊數":1,"2024斑塊數":1,"斑塊數增加率_pct":0.0,"2020平均斑塊面積_ha":2584.17,"2024平均斑塊面積_ha":6380.64,"平均斑塊面積下降率_pct":0.0,"道路切割密度_km_per_km2":0.0,"建成區邊界切割密度_km_per_km2":0.0,"孤立小斑塊比例_pct":0.0,"距大型連續綠地平均距離_m":0.0,"score_面積減少":36.206896551724135,"score_斑塊增加":44.260435571687836,"score_平均斑塊縮小":28.153357531760438,"score_道路建成區切割":25.941470054446462,"score_孤立比例":40.58529945553539,"score_距大型綠地":38.40744101633394,"綜合破碎化分數":35.6,"破碎化等級":"低","判定原因":"面積減少0.0%；斑塊增加0.0%；平均斑塊縮小0.0%；道路密度0.00 km/km²；孤立比例0.0%；距大型綠地0m","2021面積_ha":58.95,"2022面積_ha":58.95,"2023面積_ha":58.95}},{"type":"Feature","geometry":{"type":"Polygon","coordinates":[[[121.56285347698754,24.5946679740788],[121.56289385964702,24.60369640264694],[121.57276880636071,24.603659148902732],[121.57272771535465,24.594630735781656],[121.56285347698754,24.5946679740788]]]},"properties":{"grid_id":"G032_025","綠地類型":"河川沿岸自然地表","中心經度":121.567811,"中心緯度":24.599164,"分析面積_km2":1.04,"2020面積_ha":52.56,"2024面積_ha":52.56,"面積減少率_pct":0.0,"2020斑塊數":1,"2024斑塊數":1,"斑塊數增加率_pct":0.0,"2020平均斑塊面積_ha":2584.17,"2024平均斑塊面積_ha":6380.64,"平均斑塊面積下降率_pct":0.0,"道路切割密度_km_per_km2":0.0,"建成區邊界切割密度_km_per_km2":0.0,"孤立小斑塊比例_pct":0.0,"距大型連續綠地平均距離_m":0.0,"score_面積減少":36.206896551724135,"score_斑塊增加":44.260435571687836,"score_平均斑塊縮小":28.153357531760438,"score_道路建成區切割":25.941470054446462,"score_孤立比例":40.58529945553539,"score_距大型綠地":38.40744101633394,"綜合破碎化分數":35.6,"破碎化等級":"低","判定原因":"面積減少0.0%；斑塊增加0.0%；平均斑塊縮小0.0%；道路密度0.00 km/km²；孤立比例0.0%；距大型綠地0m","2021面積_ha":52.56,"2022面積_ha":52.56,"2023面積_ha":52.56}},{"type":"Feature","geometry":{"type":"Polygon","coordinates":[[[121.57272771535465,24.594630735781656],[121.57276880636071,24.603659148902732],[121.58264373303237,24.60362124736853],[121.58260193368605,24.594592849963107],[121.57272771535465,24.594630735781656]]]},"properties":{"grid_id":"G032_026","綠地類型":"河川沿岸自然地表","中心經度":121.577686,"中心緯度":24.599126,"分析面積_km2":1.04,"2020面積_ha":39.69,"2024面積_ha":39.69,"面積減少率_pct":0.0,"2020斑塊數":1,"2024斑塊數":1,"斑塊數增加率_pct":0.0,"2020平均斑塊面積_ha":2584.17,"2024平均斑塊面積_ha":6380.64,"平均斑塊面積下降率_pct":0.0,"道路切割密度_km_per_km2":0.0,"建成區邊界切割密度_km_per_km2":0.0,"孤立小斑塊比例_pct":0.0,"距大型連續綠地平均距離_m":0.0,"score_面積減少":36.206896551724135,"score_斑塊增加":44.260435571687836,"score_平均斑塊縮小":28.153357531760438,"score_道路建成區切割":25.941470054446462,"score_孤立比例":40.58529945553539,"score_距大型綠地":38.40744101633394,"綜合破碎化分數":35.6,"破碎化等級":"低","判定原因":"面積減少0.0%；斑塊增加0.0%；平均斑塊縮小0.0%；道路密度0.00 km/km²；孤立比例0.0%；距大型綠地0m","2021面積_ha":39.69,"2022面積_ha":39.69,"2023面積_ha":39.69}},{"type":"Feature","geometry":{"type":"Polygon","coordinates":[[[121.58260193368605,24.594592849963107],[121.58264373303237,24.60362124736853],[121.59251863931651,24.603582698049557],[121.59247613163635,24.59455431662838],[121.58260193368605,24.594592849963107]]]},"properties":{"grid_id":"G032_027","綠地類型":"河川沿岸自然地表","中心經度":121.58756,"中心緯度":24.599088,"分析面積_km2":1.04,"2020面積_ha":33.48,"2024面積_ha":33.48,"面積減少率_pct":0.0,"2020斑塊數":1,"2024斑塊數":1,"斑塊數增加率_pct":0.0,"2020平均斑塊面積_ha":2584.17,"2024平均斑塊面積_ha":6380.64,"平均斑塊面積下降率_pct":0.0,"道路切割密度_km_per_km2":0.0,"建成區邊界切割密度_km_per_km2":0.0,"孤立小斑塊比例_pct":0.0,"距大型連續綠地平均距離_m":0.0,"score_面積減少":36.206896551724135,"score_斑塊增加":44.260435571687836,"score_平均斑塊縮小":28.153357531760438,"score_道路建成區切割":25.941470054446462,"score_孤立比例":40.58529945553539,"score_距大型綠地":38.40744101633394,"綜合破碎化分數":35.6,"破碎化等級":"低","判定原因":"面積減少0.0%；斑塊增加0.0%；平均斑塊縮小0.0%；道路密度0.00 km/km²；孤立比例0.0%；距大型綠地0m","2021面積_ha":33.48,"2022面積_ha":33.48,"2023面積_ha":33.39}},{"type":"Feature","geometry":{"type":"Polygon","coordinates":[[[121.59247613163635,24.59455431662838],[121.59251863931651,24.603582698049557],[121.60239352486767,24.603543500951144],[121.60235030886022,24.5945151357828],[121.59247613163635,24.59455431662838]]]},"properties":{"grid_id":"G032_028","綠地類型":"河川沿岸自然地表","中心經度":121.597435,"中心緯度":24.599049,"分析面積_km2":1.04,"2020面積_ha":37.98,"2024面積_ha":38.43,"面積減少率_pct":0.0,"2020斑塊數":1,"2024斑塊數":1,"斑塊數增加率_pct":0.0,"2020平均斑塊面積_ha":2584.17,"2024平均斑塊面積_ha":6380.64,"平均斑塊面積下降率_pct":0.0,"道路切割密度_km_per_km2":0.0,"建成區邊界切割密度_km_per_km2":0.0,"孤立小斑塊比例_pct":0.0,"距大型連續綠地平均距離_m":0.0,"score_面積減少":36.206896551724135,"score_斑塊增加":44.260435571687836,"score_平均斑塊縮小":28.153357531760438,"score_道路建成區切割":25.941470054446462,"score_孤立比例":40.58529945553539,"score_距大型綠地":38.40744101633394,"綜合破碎化分數":35.6,"破碎化等級":"低","判定原因":"面積減少0.0%；斑塊增加0.0%；平均斑塊縮小0.0%；道路密度0.00 km/km²；孤立比例0.0%；距大型綠地0m","2021面積_ha":38.43,"2022面積_ha":38.07,"2023面積_ha":38.25}},{"type":"Feature","geometry":{"type":"Polygon","coordinates":[[[121.60235030886022,24.5945151357828],[121.60239352486767,24.603543500951144],[121.6122683893404,24.603503656078693],[121.61222446501229,24.594475307431768],[121.60235030886022,24.5945151357828]]]},"properties":{"grid_id":"G032_029","綠地類型":"河川沿岸自然地表","中心經度":121.607309,"中心緯度":24.599009,"分析面積_km2":1.04,"2020面積_ha":32.4,"2024面積_ha":33.48,"面積減少率_pct":0.0,"2020斑塊數":1,"2024斑塊數":1,"斑塊數增加率_pct":0.0,"2020平均斑塊面積_ha":2584.17,"2024平均斑塊面積_ha":6380.64,"平均斑塊面積下降率_pct":0.0,"道路切割密度_km_per_km2":0.0,"建成區邊界切割密度_km_per_km2":0.0,"孤立小斑塊比例_pct":0.0,"距大型連續綠地平均距離_m":0.0,"score_面積減少":36.206896551724135,"score_斑塊增加":44.260435571687836,"score_平均斑塊縮小":28.153357531760438,"score_道路建成區切割":25.941470054446462,"score_孤立比例":40.58529945553539,"score_距大型綠地":38.40744101633394,"綜合破碎化分數":35.6,"破碎化等級":"低","判定原因":"面積減少0.0%；斑塊增加0.0%；平均斑塊縮小0.0%；道路密度0.00 km/km²；孤立比例0.0%；距大型綠地0m","2021面積_ha":35.91,"2022面積_ha":31.23,"2023面積_ha":32.49}},{"type":"Feature","geometry":{"type":"Polygon","coordinates":[[[121.63197271271972,24.594393708235465],[121.63201805366872,24.60342202303381],[121.64189285283341,24.603380234872642],[121.64184680358433,24.594351937401456],[121.63197271271972,24.594393708235465]]]},"properties":{"grid_id":"G032_032","綠地類型":"河川沿岸自然地表","中心經度":121.636933,"中心緯度":24.598887,"分析面積_km2":1.04,"2020面積_ha":35.19,"2024面積_ha":36.0,"面積減少率_pct":0.0,"2020斑塊數":3,"2024斑塊數":1,"斑塊數增加率_pct":0.0,"2020平均斑塊面積_ha":1053.06,"2024平均斑塊面積_ha":1359.81,"平均斑塊面積下降率_pct":0.0,"道路切割密度_km_per_km2":0.029,"建成區邊界切割密度_km_per_km2":0.0,"孤立小斑塊比例_pct":0.0,"距大型連續綠地平均距離_m":0.0,"score_面積減少":36.206896551724135,"score_斑塊增加":44.260435571687836,"score_平均斑塊縮小":28.153357531760438,"score_道路建成區切割":33.82486388384755,"score_孤立比例":40.58529945553539,"score_距大型綠地":38.40744101633394,"綜合破碎化分數":36.9,"破碎化等級":"低","判定原因":"面積減少0.0%；斑塊增加0.0%；平均斑塊縮小0.0%；道路密度0.03 km/km²；孤立比例0.0%；距大型綠地0m","2021面積_ha":35.82,"2022面積_ha":35.37,"2023面積_ha":35.19}},{"type":"Feature","geometry":{"type":"Polygon","coordinates":[[[121.64184680358433,24.594351937401456],[121.64189285283341,24.603380234872642],[121.65176762953786,24.603337798959995],[121.6517208719958,24.59430951908454],[121.64184680358433,24.594351937401456]]]},"properties":{"grid_id":"G032_033","綠地類型":"河川沿岸自然地表","中心經度":121.646807,"中心緯度":24.598845,"分析面積_km2":1.04,"2020面積_ha":67.14,"2024面積_ha":70.56,"面積減少率_pct":0.0,"2020斑塊數":6,"2024斑塊數":1,"斑塊數增加率_pct":0.0,"2020平均斑塊面積_ha":526.635,"2024平均斑塊面積_ha":1359.81,"平均斑塊面積下降率_pct":0.0,"道路切割密度_km_per_km2":2.163,"建成區邊界切割密度_km_per_km2":0.0,"孤立小斑塊比例_pct":0.0,"距大型連續綠地平均距離_m":0.0,"score_面積減少":36.206896551724135,"score_斑塊增加":44.260435571687836,"score_平均斑塊縮小":28.153357531760438,"score_道路建成區切割":47.311705989110706,"score_孤立比例":40.58529945553539,"score_距大型綠地":38.40744101633394,"綜合破碎化分數":39.2,"破碎化等級":"低","判定原因":"面積減少0.0%；斑塊增加0.0%；平均斑塊縮小0.0%；道路密度2.16 km/km²；孤立比例0.0%；距大型綠地0m","2021面積_ha":67.77,"2022面積_ha":67.59,"2023面積_ha":67.77}},{"type":"Feature","geometry":{"type":"Polygon","coordinates":[[[121.72083869318048,24.593994461847878],[121.72089040856594,24.603022611033403],[121.73076499315302,24.602974993327358],[121.73071256953519,24.593946863886043],[121.72083869318048,24.593994461847878]]]},"properties":{"grid_id":"G032_041","綠地類型":"河川沿岸自然地表","中心經度":121.725802,"中心緯度":24.598485,"分析面積_km2":1.04,"2020面積_ha":22.14,"2024面積_ha":22.14,"面積減少率_pct":0.0,"2020斑塊數":1,"2024斑塊數":1,"斑塊數增加率_pct":0.0,"2020平均斑塊面積_ha":437.22,"2024平均斑塊面積_ha":454.68,"平均斑塊面積下降率_pct":0.0,"道路切割密度_km_per_km2":0.692,"建成區邊界切割密度_km_per_km2":0.0,"孤立小斑塊比例_pct":0.0,"距大型連續綠地平均距離_m":0.0,"score_面積減少":36.206896551724135,"score_斑塊增加":44.260435571687836,"score_平均斑塊縮小":28.153357531760438,"score_道路建成區切割":37.828947368421055,"score_孤立比例":40.58529945553539,"score_距大型綠地":38.40744101633394,"綜合破碎化分數":37.6,"破碎化等級":"低","判定原因":"面積減少0.0%；斑塊增加0.0%；平均斑塊縮小0.0%；道路密度0.69 km/km²；孤立比例0.0%；距大型綠地0m","2021面積_ha":22.14,"2022面積_ha":22.14,"2023面積_ha":22.14}},{"type":"Feature","geometry":{"type":"Polygon","coordinates":[[[121.43451788573978,24.604121750212695],[121.43454907457333,24.61315034428384],[121.44442495915827,24.613121500288475],[121.44439306156039,24.60409291817412],[121.43451788573978,24.604121750212695]]]},"properties":{"grid_id":"G033_012","綠地類型":"河川沿岸自然地表","中心經度":121.439471,"中心緯度":24.608622,"分析面積_km2":1.04,"2020面積_ha":49.86,"2024面積_ha":49.86,"面積減少率_pct":0.0,"2020斑塊數":1,"2024斑塊數":1,"斑塊數增加率_pct":0.0,"2020平均斑塊面積_ha":806.76,"2024平均斑塊面積_ha":806.76,"平均斑塊面積下降率_pct":0.0,"道路切割密度_km_per_km2":0.0,"建成區邊界切割密度_km_per_km2":0.0,"孤立小斑塊比例_pct":0.0,"距大型連續綠地平均距離_m":0.0,"score_面積減少":36.206896551724135,"score_斑塊增加":44.260435571687836,"score_平均斑塊縮小":28.153357531760438,"score_道路建成區切割":25.941470054446462,"score_孤立比例":40.58529945553539,"score_距大型綠地":38.40744101633394,"綜合破碎化分數":35.6,"破碎化等級":"低","判定原因":"面積減少0.0%；斑塊增加0.0%；平均斑塊縮小0.0%；道路密度0.00 km/km²；孤立比例0.0%；距大型綠地0m","2021面積_ha":49.86,"2022面積_ha":49.86,"2023面積_ha":49.86}},{"type":"Feature","geometry":{"type":"Polygon","coordinates":[[[121.44439306156039,24.60409291817412],[121.44442495915827,24.613121500288475],[121.45430082818773,24.613092008174537],[121.45426822183042,24.604063438285646],[121.44439306156039,24.60409291817412]]]},"properties":{"grid_id":"G033_013","綠地類型":"河川沿岸自然地表","中心經度":121.449347,"中心緯度":24.608593,"分析面積_km2":1.04,"2020面積_ha":55.35,"2024面積_ha":55.35,"面積減少率_pct":0.0,"2020斑塊數":1,"2024斑塊數":1,"斑塊數增加率_pct":0.0,"2020平均斑塊面積_ha":806.76,"2024平均斑塊面積_ha":806.76,"平均斑塊面積下降率_pct":0.0,"道路切割密度_km_per_km2":0.0,"建成區邊界切割密度_km_per_km2":0.0,"孤立小斑塊比例_pct":0.0,"距大型連續綠地平均距離_m":0.0,"score_面積減少":36.206896551724135,"score_斑塊增加":44.260435571687836,"score_平均斑塊縮小":28.153357531760438,"score_道路建成區切割":25.941470054446462,"score_孤立比例":40.58529945553539,"score_距大型綠地":38.40744101633394,"綜合破碎化分數":35.6,"破碎化等級":"低","判定原因":"面積減少0.0%；斑塊增加0.0%；平均斑塊縮小0.0%；道路密度0.00 km/km²；孤立比例0.0%；距大型綠地0m","2021面積_ha":55.35,"2022面積_ha":55.35,"2023面積_ha":55.35}},{"type":"Feature","geometry":{"type":"Polygon","coordinates":[[[121.46414336620435,24.60403331055133],[121.46417668131609,24.613061867946115],[121.4740525181977,24.613031079607357],[121.4740184943367,24.604002534975344],[121.46414336620435,24.60403331055133]]]},"properties":{"grid_id":"G033_015","綠地類型":"河川沿岸自然地表","中心經度":121.469098,"中心緯度":24.608532,"分析面積_km2":1.04,"2020面積_ha":43.74,"2024面積_ha":43.74,"面積減少率_pct":0.0,"2020斑塊數":1,"2024斑塊數":1,"斑塊數增加率_pct":0.0,"2020平均斑塊面積_ha":1148.67,"2024平均斑塊面積_ha":1947.87,"平均斑塊面積下降率_pct":0.0,"道路切割密度_km_per_km2":1.038,"建成區邊界切割密度_km_per_km2":0.0,"孤立小斑塊比例_pct":0.0,"距大型連續綠地平均距離_m":0.0,"score_面積減少":36.206896551724135,"score_斑塊增加":44.260435571687836,"score_平均斑塊縮小":28.153357531760438,"score_道路建成區切割":39.67785843920145,"score_孤立比例":40.58529945553539,"score_距大型綠地":38.40744101633394,"綜合破碎化分數":37.9,"破碎化等級":"低","判定原因":"面積減少0.0%；斑塊增加0.0%；平均斑塊縮小0.0%；道路密度1.04 km/km²；孤立比例0.0%；距大型綠地0m","2021面積_ha":43.74,"2022面積_ha":43.74,"2023面積_ha":43.74}},{"type":"Feature","geometry":{"type":"Polygon","coordinates":[[[121.55301889323677,24.603733008596],[121.55305858689458,24.612761441454463],[121.5629342620031,24.61272482032483],[121.56289385964702,24.60369640264694],[121.55301889323677,24.603733008596]]]},"properties":{"grid_id":"G033_024","綠地類型":"河川沿岸自然地表","中心經度":121.557976,"中心緯度":24.608229,"分析面積_km2":1.04,"2020面積_ha":26.37,"2024面積_ha":26.37,"面積減少率_pct":0.0,"2020斑塊數":1,"2024斑塊數":1,"斑塊數增加率_pct":0.0,"2020平均斑塊面積_ha":2584.17,"2024平均斑塊面積_ha":6380.64,"平均斑塊面積下降率_pct":0.0,"道路切割密度_km_per_km2":1.644,"建成區邊界切割密度_km_per_km2":0.0,"孤立小斑塊比例_pct":0.0,"距大型連續綠地平均距離_m":0.0,"score_面積減少":36.206896551724135,"score_斑塊增加":44.260435571687836,"score_平均斑塊縮小":28.153357531760438,"score_道路建成區切割":43.93148820326679,"score_孤立比例":40.58529945553539,"score_距大型綠地":38.40744101633394,"綜合破碎化分數":38.6,"破碎化等級":"低","判定原因":"面積減少0.0%；斑塊增加0.0%；平均斑塊縮小0.0%；道路密度1.64 km/km²；孤立比例0.0%；距大型綠地0m","2021面積_ha":26.37,"2022面積_ha":26.37,"2023面積_ha":26.37}},{"type":"Feature","geometry":{"type":"Polygon","coordinates":[[[121.56289385964702,24.60369640264694],[121.5629342620031,24.61272482032483],[121.57280991740882,24.61268755113141],[121.57276880636071,24.603659148902732],[121.56289385964702,24.60369640264694]]]},"properties":{"grid_id":"G033_025","綠地類型":"河川沿岸自然地表","中心經度":121.567852,"中心緯度":24.608192,"分析面積_km2":1.04,"2020面積_ha":20.25,"2024面積_ha":20.25,"面積減少率_pct":0.0,"2020斑塊數":2,"2024斑塊數":2,"斑塊數增加率_pct":0.0,"2020平均斑塊面積_ha":1445.13,"2024平均斑塊面積_ha":3333.735,"平均斑塊面積下降率_pct":0.0,"道路切割密度_km_per_km2":2.48,"建成區邊界切割密度_km_per_km2":0.0,"孤立小斑塊比例_pct":0.0,"距大型連續綠地平均距離_m":0.0,"score_面積減少":36.206896551724135,"score_斑塊增加":44.260435571687836,"score_平均斑塊縮小":28.153357531760438,"score_道路建成區切割":48.69555353901997,"score_孤立比例":40.58529945553539,"score_距大型綠地":38.40744101633394,"綜合破碎化分數":39.4,"破碎化等級":"低","判定原因":"面積減少0.0%；斑塊增加0.0%；平均斑塊縮小0.0%；道路密度2.48 km/km²；孤立比例0.0%；距大型綠地0m","2021面積_ha":20.25,"2022面積_ha":20.16,"2023面積_ha":20.25}},{"type":"Feature","geometry":{"type":"Polygon","coordinates":[[[121.57276880636071,24.603659148902732],[121.57280991740882,24.61268755113141],[121.58268555276621,24.612649633879357],[121.58264373303237,24.60362124736853],[121.57276880636071,24.603659148902732]]]},"properties":{"grid_id":"G033_026","綠地類型":"河川沿岸自然地表","中心經度":121.577727,"中心緯度":24.608154,"分析面積_km2":1.04,"2020面積_ha":54.72,"2024面積_ha":54.72,"面積減少率_pct":0.0,"2020斑塊數":1,"2024斑塊數":1,"斑塊數增加率_pct":0.0,"2020平均斑塊面積_ha":2584.17,"2024平均斑塊面積_ha":6380.64,"平均斑塊面積下降率_pct":0.0,"道路切割密度_km_per_km2":1.355,"建成區邊界切割密度_km_per_km2":0.0,"孤立小斑塊比例_pct":0.0,"距大型連續綠地平均距離_m":0.0,"score_面積減少":36.206896551724135,"score_斑塊增加":44.260435571687836,"score_平均斑塊縮小":28.153357531760438,"score_道路建成區切割":41.22050816696915,"score_孤立比例":40.58529945553539,"score_距大型綠地":38.40744101633394,"綜合破碎化分數":38.1,"破碎化等級":"低","判定原因":"面積減少0.0%；斑塊增加0.0%；平均斑塊縮小0.0%；道路密度1.35 km/km²；孤立比例0.0%；距大型綠地0m","2021面積_ha":54.72,"2022面積_ha":54.72,"2023面積_ha":54.72}},{"type":"Feature","geometry":{"type":"Polygon","coordinates":[[[121.59251863931651,24.603582698049557],[121.59256116772964,24.61261106857392],[121.60243676195356,24.612571855220402],[121.60239352486767,24.603543500951144],[121.59251863931651,24.603582698049557]]]},"properties":{"grid_id":"G033_028","綠地類型":"河川沿岸自然地表","中心經度":121.597478,"中心緯度":24.608077,"分析面積_km2":1.04,"2020面積_ha":36.18,"2024面積_ha":36.27,"面積減少率_pct":0.0,"2020斑塊數":1,"2024斑塊數":1,"斑塊數增加率_pct":0.0,"2020平均斑塊面積_ha":2584.17,"2024平均斑塊面積_ha":6380.64,"平均斑塊面積下降率_pct":0.0,"道路切割密度_km_per_km2":0.0,"建成區邊界切割密度_km_per_km2":0.0,"孤立小斑塊比例_pct":0.0,"距大型連續綠地平均距離_m":0.0,"score_面積減少":36.206896551724135,"score_斑塊增加":44.260435571687836,"score_平均斑塊縮小":28.153357531760438,"score_道路建成區切割":25.941470054446462,"score_孤立比例":40.58529945553539,"score_距大型綠地":38.40744101633394,"綜合破碎化分數":35.6,"破碎化等級":"低","判定原因":"面積減少0.0%；斑塊增加0.0%；平均斑塊縮小0.0%；道路密度0.00 km/km²；孤立比例0.0%；距大型綠地0m","2021面積_ha":37.71,"2022面積_ha":35.28,"2023面積_ha":35.55}},{"type":"Feature","geometry":{"type":"Polygon","coordinates":[[[121.60239352486767,24.603543500951144],[121.60243676195356,24.612571855220402],[121.6123123350924,24.612531993824234],[121.6122683893404,24.603503656078693],[121.60239352486767,24.603543500951144]]]},"properties":{"grid_id":"G033_029","綠地類型":"河川沿岸自然地表","中心經度":121.607353,"中心緯度":24.608038,"分析面積_km2":1.04,"2020面積_ha":4.05,"2024面積_ha":4.23,"面積減少率_pct":0.0,"2020斑塊數":1,"2024斑塊數":1,"斑塊數增加率_pct":0.0,"2020平均斑塊面積_ha":2584.17,"2024平均斑塊面積_ha":6380.64,"平均斑塊面積下降率_pct":0.0,"道路切割密度_km_per_km2":0.0,"建成區邊界切割密度_km_per_km2":0.0,"孤立小斑塊比例_pct":0.0,"距大型連續綠地平均距離_m":0.0,"score_面積減少":36.206896551724135,"score_斑塊增加":44.260435571687836,"score_平均斑塊縮小":28.153357531760438,"score_道路建成區切割":25.941470054446462,"score_孤立比例":40.58529945553539,"score_距大型綠地":38.40744101633394,"綜合破碎化分數":35.6,"破碎化等級":"低","判定原因":"面積減少0.0%；斑塊增加0.0%；平均斑塊縮小0.0%；道路密度0.00 km/km²；孤立比例0.0%；距大型綠地0m","2021面積_ha":4.23,"2022面積_ha":3.78,"2023面積_ha":4.14}},{"type":"Feature","geometry":{"type":"Polygon","coordinates":[[[121.72089040856594,24.603022611033403],[121.72094214917499,24.61205074928973],[121.73081744233987,24.61200311183671],[121.73076499315302,24.602974993327358],[121.72089040856594,24.603022611033403]]]},"properties":{"grid_id":"G033_041","綠地類型":"河川沿岸自然地表","中心經度":121.725854,"中心緯度":24.607513,"分析面積_km2":1.04,"2020面積_ha":16.47,"2024面積_ha":16.47,"面積減少率_pct":0.0,"2020斑塊數":3,"2024斑塊數":3,"斑塊數增加率_pct":0.0,"2020平均斑塊面積_ha":64.08,"2024平均斑塊面積_ha":196.95,"平均斑塊面積下降率_pct":0.0,"道路切割密度_km_per_km2":2.249,"建成區邊界切割密度_km_per_km2":0.0,"孤立小斑塊比例_pct":0.0,"距大型連續綠地平均距離_m":0.0,"score_面積減少":36.206896551724135,"score_斑塊增加":44.260435571687836,"score_平均斑塊縮小":28.153357531760438,"score_道路建成區切割":47.76542649727768,"score_孤立比例":40.58529945553539,"score_距大型綠地":38.40744101633394,"綜合破碎化分數":39.2,"破碎化等級":"低","判定原因":"面積減少0.0%；斑塊增加0.0%；平均斑塊縮小0.0%；道路密度2.25 km/km²；孤立比例0.0%；距大型綠地0m","2021面積_ha":16.47,"2022面積_ha":16.47,"2023面積_ha":16.47}},{"type":"Feature","geometry":{"type":"Polygon","coordinates":[[[121.77026307235732,24.602778045615022],[121.77031835577361,24.611806082450727],[121.78019351759811,24.61175520524476],[121.78013752564543,24.602727189498896],[121.77026307235732,24.602778045615022]]]},"properties":{"grid_id":"G033_046","綠地類型":"河川沿岸自然地表","中心經度":121.775228,"中心緯度":24.607267,"分析面積_km2":1.04,"2020面積_ha":41.85,"2024面積_ha":41.85,"面積減少率_pct":0.0,"2020斑塊數":1,"2024斑塊數":1,"斑塊數增加率_pct":0.0,"2020平均斑塊面積_ha":79.02,"2024平均斑塊面積_ha":81.0,"平均斑塊面積下降率_pct":0.0,"道路切割密度_km_per_km2":1.701,"建成區邊界切割密度_km_per_km2":0.0,"孤立小斑塊比例_pct":0.0,"距大型連續綠地平均距離_m":0.0,"score_面積減少":36.206896551724135,"score_斑塊增加":44.260435571687836,"score_平均斑塊縮小":28.153357531760438,"score_道路建成區切割":44.44192377495463,"score_孤立比例":40.58529945553539,"score_距大型綠地":38.40744101633394,"綜合破碎化分數":38.7,"破碎化等級":"低","判定原因":"面積減少0.0%；斑塊增加0.0%；平均斑塊縮小0.0%；道路密度1.70 km/km²；孤立比例0.0%；距大型綠地0m","2021面積_ha":41.85,"2022面積_ha":41.85,"2023面積_ha":41.85}},{"type":"Feature","geometry":{"type":"Polygon","coordinates":[[[121.44445687231159,24.622150071532563],[121.44442495915827,24.613121500288475],[121.43454907457333,24.61315034428384],[121.43457004971434,24.619219781252745],[121.43460770000002,24.6192375],[121.43482700000001,24.6194648],[121.43496740000002,24.6197149],[121.4350914,24.620356599999997],[121.435238,24.620812099999995],[121.4352878,24.6209158],[121.43562720000001,24.621274999999997],[121.4356741,24.6214452],[121.4355992,24.621699],[121.43531056505246,24.622176816045123],[121.44445687231159,24.622150071532563]]]},"properties":{"grid_id":"G034_012","綠地類型":"河川沿岸自然地表","中心經度":121.439498,"中心緯度":24.616171,"分析面積_km2":1.019,"2020面積_ha":31.5,"2024面積_ha":31.5,"面積減少率_pct":0.0,"2020斑塊數":1,"2024斑塊數":1,"斑塊數增加率_pct":0.0,"2020平均斑塊面積_ha":806.76,"2024平均斑塊面積_ha":806.76,"平均斑塊面積下降率_pct":0.0,"道路切割密度_km_per_km2":1.561,"建成區邊界切割密度_km_per_km2":0.0,"孤立小斑塊比例_pct":0.0,"距大型連續綠地平均距離_m":0.0,"score_面積減少":36.206896551724135,"score_斑塊增加":44.260435571687836,"score_平均斑塊縮小":28.153357531760438,"score_道路建成區切割":43.148820326678766,"score_孤立比例":40.58529945553539,"score_距大型綠地":38.40744101633394,"綜合破碎化分數":38.5,"破碎化等級":"低","判定原因":"面積減少0.0%；斑塊增加0.0%；平均斑塊縮小0.0%；道路密度1.56 km/km²；孤立比例0.0%；距大型綠地0m","2021面積_ha":31.5,"2022面積_ha":31.5,"2023面積_ha":31.5}},{"type":"Feature","geometry":{"type":"Polygon","coordinates":[[[121.44442495915827,24.613121500288475],[121.44445687231159,24.622150071532563],[121.45433345044611,24.622120567191466],[121.45430082818773,24.613092008174537],[121.44442495915827,24.613121500288475]]]},"properties":{"grid_id":"G034_013","綠地類型":"河川沿岸自然地表","中心經度":121.449379,"中心緯度":24.617621,"分析面積_km2":1.04,"2020面積_ha":65.7,"2024面積_ha":65.7,"面積減少率_pct":0.0,"2020斑塊數":1,"2024斑塊數":1,"斑塊數增加率_pct":0.0,"2020平均斑塊面積_ha":806.76,"2024平均斑塊面積_ha":806.76,"平均斑塊面積下降率_pct":0.0,"道路切割密度_km_per_km2":0.0,"建成區邊界切割密度_km_per_km2":0.0,"孤立小斑塊比例_pct":0.0,"距大型連續綠地平均距離_m":0.0,"score_面積減少":36.206896551724135,"score_斑塊增加":44.260435571687836,"score_平均斑塊縮小":28.153357531760438,"score_道路建成區切割":25.941470054446462,"score_孤立比例":40.58529945553539,"score_距大型綠地":38.40744101633394,"綜合破碎化分數":35.6,"破碎化等級":"低","判定原因":"面積減少0.0%；斑塊增加0.0%；平均斑塊縮小0.0%；道路密度0.00 km/km²；孤立比例0.0%；距大型綠地0m","2021面積_ha":65.7,"2022面積_ha":65.7,"2023面積_ha":65.7}},{"type":"Feature","geometry":{"type":"Polygon","coordinates":[[[121.45430082818773,24.613092008174537],[121.45433345044611,24.622120567191466],[121.46421001267451,24.622090414467184],[121.46417668131609,24.613061867946115],[121.45430082818773,24.613092008174537]]]},"properties":{"grid_id":"G034_014","綠地類型":"河川沿岸自然地表","中心經度":121.459255,"中心緯度":24.617591,"分析面積_km2":1.04,"2020面積_ha":19.8,"2024面積_ha":19.8,"面積減少率_pct":0.0,"2020斑塊數":1,"2024斑塊數":1,"斑塊數增加率_pct":0.0,"2020平均斑塊面積_ha":806.76,"2024平均斑塊面積_ha":806.76,"平均斑塊面積下降率_pct":0.0,"道路切割密度_km_per_km2":2.191,"建成區邊界切割密度_km_per_km2":0.0,"孤立小斑塊比例_pct":0.0,"距大型連續綠地平均距離_m":0.0,"score_面積減少":36.206896551724135,"score_斑塊增加":44.260435571687836,"score_平均斑塊縮小":28.153357531760438,"score_道路建成區切割":47.504537205081675,"score_孤立比例":40.58529945553539,"score_距大型綠地":38.40744101633394,"綜合破碎化分數":39.2,"破碎化等級":"低","判定原因":"面積減少0.0%；斑塊增加0.0%；平均斑塊縮小0.0%；道路密度2.19 km/km²；孤立比例0.0%；距大型綠地0m","2021面積_ha":19.8,"2022面積_ha":19.8,"2023面積_ha":19.8}},{"type":"Feature","geometry":{"type":"Polygon","coordinates":[[[121.55305858689458,24.612761441454463],[121.55309829990955,24.621789863421846],[121.56297468406191,24.621753227109508],[121.5629342620031,24.61272482032483],[121.55305858689458,24.612761441454463]]]},"properties":{"grid_id":"G034_024","綠地類型":"河川沿岸自然地表","中心經度":121.558016,"中心緯度":24.617257,"分析面積_km2":1.04,"2020面積_ha":40.86,"2024面積_ha":40.86,"面積減少率_pct":0.0,"2020斑塊數":2,"2024斑塊數":2,"斑塊數增加率_pct":0.0,"2020平均斑塊面積_ha":1445.13,"2024平均斑塊面積_ha":3333.735,"平均斑塊面積下降率_pct":0.0,"道路切割密度_km_per_km2":1.269,"建成區邊界切割密度_km_per_km2":0.0,"孤立小斑塊比例_pct":0.0,"距大型連續綠地平均距離_m":0.0,"score_面積減少":36.206896551724135,"score_斑塊增加":44.260435571687836,"score_平均斑塊縮小":28.153357531760438,"score_道路建成區切割":40.710072595281304,"score_孤立比例":40.58529945553539,"score_距大型綠地":38.40744101633394,"綜合破碎化分數":38.1,"破碎化等級":"低","判定原因":"面積減少0.0%；斑塊增加0.0%；平均斑塊縮小0.0%；道路密度1.27 km/km²；孤立比例0.0%；距大型綠地0m","2021面積_ha":40.86,"2022面積_ha":40.86,"2023面積_ha":40.86}},{"type":"Feature","geometry":{"type":"Polygon","coordinates":[[[121.58268555276621,24.612649633879357],[121.58272739289399,24.621678009492634],[121.5926037168823,24.62163942819849],[121.59256116772964,24.61261106857392],[121.58268555276621,24.612649633879357]]]},"properties":{"grid_id":"G034_027","綠地類型":"河川沿岸自然地表","中心經度":121.587644,"中心緯度":24.617145,"分析面積_km2":1.04,"2020面積_ha":13.23,"2024面積_ha":13.95,"面積減少率_pct":0.0,"2020斑塊數":1,"2024斑塊數":1,"斑塊數增加率_pct":0.0,"2020平均斑塊面積_ha":2584.17,"2024平均斑塊面積_ha":6380.64,"平均斑塊面積下降率_pct":0.0,"道路切割密度_km_per_km2":1.269,"建成區邊界切割密度_km_per_km2":0.0,"孤立小斑塊比例_pct":0.0,"距大型連續綠地平均距離_m":0.0,"score_面積減少":36.206896551724135,"score_斑塊增加":44.260435571687836,"score_平均斑塊縮小":28.153357531760438,"score_道路建成區切割":40.710072595281304,"score_孤立比例":40.58529945553539,"score_距大型綠地":38.40744101633394,"綜合破碎化分數":38.1,"破碎化等級":"低","判定原因":"面積減少0.0%；斑塊增加0.0%；平均斑塊縮小0.0%；道路密度1.27 km/km²；孤立比例0.0%；距大型綠地0m","2021面積_ha":13.95,"2022面積_ha":11.88,"2023面積_ha":11.61}},{"type":"Feature","geometry":{"type":"Polygon","coordinates":[[[121.44448880102533,24.63117863190342],[121.44445687231159,24.622150071532563],[121.43531056505246,24.622176816045123],[121.4352817,24.622224600000003],[121.435238,24.6223285],[121.43520000000001,24.622522699999998],[121.435138,24.623484699999995],[121.4349454,24.623961999999995],[121.4348605,24.624262599999998],[121.43485760000002,24.624597799999997],[121.43491460000001,24.624879000000004],[121.4350098,24.625159200000002],[121.4351005,24.625289499999994],[121.4352818,24.6254281],[121.4355424,24.625531599999995],[121.43561369999999,24.6256146],[121.43566770000001,24.626373099999995],[121.43590530000002,24.6270879],[121.43605449999998,24.627369899999998],[121.43658030000002,24.628263599999997],[121.43684179999998,24.6285085],[121.43699830000001,24.6287159],[121.43740900000002,24.629608299999997],[121.4377899,24.630266899999995],[121.4381793,24.6308523],[121.43838288829973,24.631196553915956],[121.44448880102533,24.63117863190342]]]},"properties":{"grid_id":"G035_012","綠地類型":"河川沿岸自然地表","中心經度":121.44013,"中心緯度":24.626718,"分析面積_km2":0.877,"2020面積_ha":30.78,"2024面積_ha":30.78,"面積減少率_pct":0.0,"2020斑塊數":1,"2024斑塊數":1,"斑塊數增加率_pct":0.0,"2020平均斑塊面積_ha":806.76,"2024平均斑塊面積_ha":806.76,"平均斑塊面積下降率_pct":0.0,"道路切割密度_km_per_km2":1.745,"建成區邊界切割密度_km_per_km2":0.0,"孤立小斑塊比例_pct":0.0,"距大型連續綠地平均距離_m":0.0,"score_面積減少":36.206896551724135,"score_斑塊增加":44.260435571687836,"score_平均斑塊縮小":28.153357531760438,"score_道路建成區切割":44.78221415607986,"score_孤立比例":40.58529945553539,"score_距大型綠地":38.40744101633394,"綜合破碎化分數":38.7,"破碎化等級":"低","判定原因":"面積減少0.0%；斑塊增加0.0%；平均斑塊縮小0.0%；道路密度1.75 km/km²；孤立比例0.0%；距大型綠地0m","2021面積_ha":30.78,"2022面積_ha":30.78,"2023面積_ha":30.78}},{"type":"Feature","geometry":{"type":"Polygon","coordinates":[[[121.44445687231159,24.622150071532563],[121.44448880102533,24.63117863190342],[121.45436608861066,24.63114911533346],[121.45433345044611,24.622120567191466],[121.44445687231159,24.622150071532563]]]},"properties":{"grid_id":"G035_013","綠地類型":"河川沿岸自然地表","中心經度":121.449411,"中心緯度":24.62665,"分析面積_km2":1.04,"2020面積_ha":63.27,"2024面積_ha":63.27,"面積減少率_pct":0.0,"2020斑塊數":1,"2024斑塊數":1,"斑塊數增加率_pct":0.0,"2020平均斑塊面積_ha":806.76,"2024平均斑塊面積_ha":806.76,"平均斑塊面積下降率_pct":0.0,"道路切割密度_km_per_km2":0.0,"建成區邊界切割密度_km_per_km2":0.0,"孤立小斑塊比例_pct":0.0,"距大型連續綠地平均距離_m":0.0,"score_面積減少":36.206896551724135,"score_斑塊增加":44.260435571687836,"score_平均斑塊縮小":28.153357531760438,"score_道路建成區切割":25.941470054446462,"score_孤立比例":40.58529945553539,"score_距大型綠地":38.40744101633394,"綜合破碎化分數":35.6,"破碎化等級":"低","判定原因":"面積減少0.0%；斑塊增加0.0%；平均斑塊縮小0.0%；道路密度0.00 km/km²；孤立比例0.0%；距大型綠地0m","2021面積_ha":63.27,"2022面積_ha":63.27,"2023面積_ha":63.27}},{"type":"Feature","geometry":{"type":"Polygon","coordinates":[[[121.45433345044611,24.622120567191466],[121.45436608861066,24.63114911533346],[121.46424336028483,24.63111895011158],[121.46421001267451,24.622090414467184],[121.45433345044611,24.622120567191466]]]},"properties":{"grid_id":"G035_014","綠地類型":"河川沿岸自然地表","中心經度":121.459288,"中心緯度":24.62662,"分析面積_km2":1.04,"2020面積_ha":22.23,"2024面積_ha":22.23,"面積減少率_pct":0.0,"2020斑塊數":1,"2024斑塊數":1,"斑塊數增加率_pct":0.0,"2020平均斑塊面積_ha":806.76,"2024平均斑塊面積_ha":806.76,"平均斑塊面積下降率_pct":0.0,"道路切割密度_km_per_km2":0.0,"建成區邊界切割密度_km_per_km2":0.0,"孤立小斑塊比例_pct":0.0,"距大型連續綠地平均距離_m":0.0,"score_面積減少":36.206896551724135,"score_斑塊增加":44.260435571687836,"score_平均斑塊縮小":28.153357531760438,"score_道路建成區切割":25.941470054446462,"score_孤立比例":40.58529945553539,"score_距大型綠地":38.40744101633394,"綜合破碎化分數":35.6,"破碎化等級":"低","判定原因":"面積減少0.0%；斑塊增加0.0%；平均斑塊縮小0.0%；道路密度0.00 km/km²；孤立比例0.0%；距大型綠地0m","2021面積_ha":22.23,"2022面積_ha":22.23,"2023面積_ha":22.23}},{"type":"Feature","geometry":{"type":"Polygon","coordinates":[[[121.46421001267451,24.622090414467184],[121.46424336028483,24.63111895011158],[121.474120615702,24.631088136241946],[121.47408655865107,24.622059613363877],[121.46421001267451,24.622090414467184]]]},"properties":{"grid_id":"G035_015","綠地類型":"河川沿岸自然地表","中心經度":121.469165,"中心緯度":24.626589,"分析面積_km2":1.04,"2020面積_ha":3.33,"2024面積_ha":3.33,"面積減少率_pct":0.0,"2020斑塊數":1,"2024斑塊數":1,"斑塊數增加率_pct":0.0,"2020平均斑塊面積_ha":806.76,"2024平均斑塊面積_ha":806.76,"平均斑塊面積下降率_pct":0.0,"道路切割密度_km_per_km2":0.923,"建成區邊界切割密度_km_per_km2":0.0,"孤立小斑塊比例_pct":0.0,"距大型連續綠地平均距離_m":0.0,"score_面積減少":36.206896551724135,"score_斑塊增加":44.260435571687836,"score_平均斑塊縮小":28.153357531760438,"score_道路建成區切割":39.16742286751361,"score_孤立比例":40.58529945553539,"score_距大型綠地":38.40744101633394,"綜合破碎化分數":37.8,"破碎化等級":"低","判定原因":"面積減少0.0%；斑塊增加0.0%；平均斑塊縮小0.0%；道路密度0.92 km/km²；孤立比例0.0%；距大型綠地0m","2021面積_ha":3.33,"2022面積_ha":3.33,"2023面積_ha":3.33}},{"type":"Feature","geometry":{"type":"Polygon","coordinates":[[[121.44448880102533,24.63117863190342],[121.43838288829973,24.631196553915956],[121.438641,24.631632999999994],[121.43922690000001,24.632509499999998],[121.4393527,24.632863299999997],[121.43937320000002,24.633352800000004],[121.4394154,24.633502199999995],[121.43984,24.633803299999997],[121.4399731,24.6339407],[121.44017370000002,24.6342641],[121.4404326,24.634959499999997],[121.44056139999999,24.635105799999995],[121.4407531,24.635189],[121.4412696,24.635307999999995],[121.44261420000001,24.635937],[121.443448,24.6362385],[121.4439072,24.636463100000004],[121.44441250000001,24.636763799999997],[121.44450881549922,24.6368359250828],[121.44448880102533,24.63117863190342]]]},"properties":{"grid_id":"G036_012","綠地類型":"河川沿岸自然地表","中心經度":121.442286,"中心緯度":24.634096,"分析面積_km2":0.274,"2020面積_ha":4.05,"2024面積_ha":4.05,"面積減少率_pct":0.0,"2020斑塊數":1,"2024斑塊數":1,"斑塊數增加率_pct":0.0,"2020平均斑塊面積_ha":806.76,"2024平均斑塊面積_ha":806.76,"平均斑塊面積下降率_pct":0.0,"道路切割密度_km_per_km2":1.864,"建成區邊界切割密度_km_per_km2":0.0,"孤立小斑塊比例_pct":0.0,"距大型連續綠地平均距離_m":0.0,"score_面積減少":36.206896551724135,"score_斑塊增加":44.260435571687836,"score_平均斑塊縮小":28.153357531760438,"score_道路建成區切割":45.53085299455535,"score_孤立比例":40.58529945553539,"score_距大型綠地":38.40744101633394,"綜合破碎化分數":38.9,"破碎化等級":"低","判定原因":"面積減少0.0%；斑塊增加0.0%；平均斑塊縮小0.0%；道路密度1.86 km/km²；孤立比例0.0%；距大型綠地0m","2021面積_ha":4.05,"2022面積_ha":4.05,"2023面積_ha":4.05}},{"type":"Feature","geometry":{"type":"Polygon","coordinates":[[[121.45439874268632,24.640177652597583],[121.45436608861066,24.63114911533346],[121.44448880102533,24.63117863190342],[121.44450881549922,24.6368359250828],[121.44471430000002,24.636989799999995],[121.4449875,24.637268199999998],[121.4452308,24.6376476],[121.4453752,24.6381026],[121.4454711,24.638738200000002],[121.4455939,24.639298000000004],[121.4456041,24.639498999999997],[121.4455834,24.6397924],[121.4454717,24.6401385],[121.44542698275285,24.64020449937448],[121.45439874268632,24.640177652597583]]]},"properties":{"grid_id":"G036_013","綠地類型":"河川沿岸自然地表","中心經度":121.449438,"中心緯度":24.633993,"分析面積_km2":1.004,"2020面積_ha":50.67,"2024面積_ha":50.67,"面積減少率_pct":0.0,"2020斑塊數":1,"2024斑塊數":1,"斑塊數增加率_pct":0.0,"2020平均斑塊面積_ha":806.76,"2024平均斑塊面積_ha":806.76,"平均斑塊面積下降率_pct":0.0,"道路切割密度_km_per_km2":0.418,"建成區邊界切割密度_km_per_km2":0.0,"孤立小斑塊比例_pct":0.0,"距大型連續綠地平均距離_m":0.0,"score_面積減少":36.206896551724135,"score_斑塊增加":44.260435571687836,"score_平均斑塊縮小":28.153357531760438,"score_道路建成區切割":36.274954627949185,"score_孤立比例":40.58529945553539,"score_距大型綠地":38.40744101633394,"綜合破碎化分數":37.3,"破碎化等級":"低","判定原因":"面積減少0.0%；斑塊增加0.0%；平均斑塊縮小0.0%；道路密度0.42 km/km²；孤立比例0.0%；距大型綠地0m","2021面積_ha":50.67,"2022面積_ha":50.67,"2023面積_ha":50.67}},{"type":"Feature","geometry":{"type":"Polygon","coordinates":[[[121.45436608861066,24.63114911533346],[121.45439874268632,24.640177652597583],[121.46427672415214,24.640147474876354],[121.46424336028483,24.63111895011158],[121.45436608861066,24.63114911533346]]]},"properties":{"grid_id":"G036_014","綠地類型":"河川沿岸自然地表","中心經度":121.459321,"中心緯度":24.635648,"分析面積_km2":1.04,"2020面積_ha":42.57,"2024面積_ha":42.57,"面積減少率_pct":0.0,"2020斑塊數":1,"2024斑塊數":1,"斑塊數增加率_pct":0.0,"2020平均斑塊面積_ha":806.76,"2024平均斑塊面積_ha":806.76,"平均斑塊面積下降率_pct":0.0,"道路切割密度_km_per_km2":0.231,"建成區邊界切割密度_km_per_km2":0.0,"孤立小斑塊比例_pct":0.0,"距大型連續綠地平均距離_m":0.0,"score_面積減少":36.206896551724135,"score_斑塊增加":44.260435571687836,"score_平均斑塊縮小":28.153357531760438,"score_道路建成區切割":35.186025408348456,"score_孤立比例":40.58529945553539,"score_距大型綠地":38.40744101633394,"綜合破碎化分數":37.1,"破碎化等級":"低","判定原因":"面積減少0.0%；斑塊增加0.0%；平均斑塊縮小0.0%；道路密度0.23 km/km²；孤立比例0.0%；距大型綠地0m","2021面積_ha":42.57,"2022面積_ha":42.57,"2023面積_ha":42.57}},{"type":"Feature","geometry":{"type":"Polygon","coordinates":[[[121.46424336028483,24.63111895011158],[121.46427672415214,24.640147474876354],[121.4741546893558,24.6401166482386],[121.474120615702,24.631088136241946],[121.46424336028483,24.63111895011158]]]},"properties":{"grid_id":"G036_015","綠地類型":"河川沿岸自然地表","中心經度":121.469199,"中心緯度":24.635618,"分析面積_km2":1.04,"2020面積_ha":30.42,"2024面積_ha":30.42,"面積減少率_pct":0.0,"2020斑塊數":1,"2024斑塊數":1,"斑塊數增加率_pct":0.0,"2020平均斑塊面積_ha":806.76,"2024平均斑塊面積_ha":806.76,"平均斑塊面積下降率_pct":0.0,"道路切割密度_km_per_km2":0.0,"建成區邊界切割密度_km_per_km2":0.0,"孤立小斑塊比例_pct":0.0,"距大型連續綠地平均距離_m":0.0,"score_面積減少":36.206896551724135,"score_斑塊增加":44.260435571687836,"score_平均斑塊縮小":28.153357531760438,"score_道路建成區切割":25.941470054446462,"score_孤立比例":40.58529945553539,"score_距大型綠地":38.40744101633394,"綜合破碎化分數":35.6,"破碎化等級":"低","判定原因":"面積減少0.0%；斑塊增加0.0%；平均斑塊縮小0.0%；道路密度0.00 km/km²；孤立比例0.0%；距大型綠地0m","2021面積_ha":30.42,"2022面積_ha":30.42,"2023面積_ha":30.42}},{"type":"Feature","geometry":{"type":"Polygon","coordinates":[[[121.53338378744154,24.63088963166584],[121.53342211970029,24.639918061409787],[121.54329996138271,24.639882692480615],[121.5432609193765,24.630854277386106],[121.53338378744154,24.63088963166584]]]},"properties":{"grid_id":"G036_022","綠地類型":"河川沿岸自然地表","中心經度":121.538342,"中心緯度":24.635386,"分析面積_km2":1.04,"2020面積_ha":18.63,"2024面積_ha":18.63,"面積減少率_pct":0.0,"2020斑塊數":1,"2024斑塊數":1,"斑塊數增加率_pct":0.0,"2020平均斑塊面積_ha":4961.97,"2024平均斑塊面積_ha":6380.64,"平均斑塊面積下降率_pct":0.0,"道路切割密度_km_per_km2":0.375,"建成區邊界切割密度_km_per_km2":0.0,"孤立小斑塊比例_pct":0.0,"距大型連續綠地平均距離_m":0.0,"score_面積減少":36.206896551724135,"score_斑塊增加":44.260435571687836,"score_平均斑塊縮小":28.153357531760438,"score_道路建成區切割":36.08212341197822,"score_孤立比例":40.58529945553539,"score_距大型綠地":38.40744101633394,"綜合破碎化分數":37.3,"破碎化等級":"低","判定原因":"面積減少0.0%；斑塊增加0.0%；平均斑塊縮小0.0%；道路密度0.38 km/km²；孤立比例0.0%；距大型綠地0m","2021面積_ha":18.63,"2022面積_ha":18.63,"2023面積_ha":18.63}},{"type":"Feature","geometry":{"type":"Polygon","coordinates":[[[121.5432609193765,24.630854277386106],[121.54329996138271,24.639882692480615],[121.55317778403553,24.639846674671492],[121.55313803228783,24.630818274495173],[121.5432609193765,24.630854277386106]]]},"properties":{"grid_id":"G036_023","綠地類型":"河川沿岸自然地表","中心經度":121.548219,"中心緯度":24.635351,"分析面積_km2":1.04,"2020面積_ha":33.12,"2024面積_ha":33.84,"面積減少率_pct":0.0,"2020斑塊數":1,"2024斑塊數":1,"斑塊數增加率_pct":0.0,"2020平均斑塊面積_ha":4961.97,"2024平均斑塊面積_ha":6380.64,"平均斑塊面積下降率_pct":0.0,"道路切割密度_km_per_km2":1.471,"建成區邊界切割密度_km_per_km2":0.0,"孤立小斑塊比例_pct":0.0,"距大型連續綠地平均距離_m":0.0,"score_面積減少":36.206896551724135,"score_斑塊增加":44.260435571687836,"score_平均斑塊縮小":28.153357531760438,"score_道路建成區切割":42.30943738656987,"score_孤立比例":40.58529945553539,"score_距大型綠地":38.40744101633394,"綜合破碎化分數":38.3,"破碎化等級":"低","判定原因":"面積減少0.0%；斑塊增加0.0%；平均斑塊縮小0.0%；道路密度1.47 km/km²；孤立比例0.0%；距大型綠地0m","2021面積_ha":34.65,"2022面積_ha":34.38,"2023面積_ha":34.38}},{"type":"Feature","geometry":{"type":"Polygon","coordinates":[[[121.58276925342214,24.630706374205396],[121.58281113435713,24.639734728014666],[121.59268887743232,24.639696114736417],[121.59264628678099,24.63066777692031],[121.58276925342214,24.630706374205396]]]},"properties":{"grid_id":"G036_027","綠地類型":"河川沿岸自然地表","中心經度":121.587729,"中心緯度":24.635201,"分析面積_km2":1.04,"2020面積_ha":34.47,"2024面積_ha":34.47,"面積減少率_pct":0.0,"2020斑塊數":2,"2024斑塊數":2,"斑塊數增加率_pct":0.0,"2020平均斑塊面積_ha":3773.07,"2024平均斑塊面積_ha":3870.225,"平均斑塊面積下降率_pct":0.0,"道路切割密度_km_per_km2":1.874,"建成區邊界切割密度_km_per_km2":0.0,"孤立小斑塊比例_pct":0.0,"距大型連續綠地平均距離_m":0.0,"score_面積減少":36.206896551724135,"score_斑塊增加":44.260435571687836,"score_平均斑塊縮小":28.153357531760438,"score_道路建成區切割":45.61025408348458,"score_孤立比例":40.58529945553539,"score_距大型綠地":38.40744101633394,"綜合破碎化分數":38.9,"破碎化等級":"低","判定原因":"面積減少0.0%；斑塊增加0.0%；平均斑塊縮小0.0%；道路密度1.87 km/km²；孤立比例0.0%；距大型綠地0m","2021面積_ha":34.29,"2022面積_ha":32.22,"2023面積_ha":32.94}},{"type":"Feature","geometry":{"type":"Polygon","coordinates":[[[121.45443141267819,24.64920617898089],[121.45439874268632,24.640177652597583],[121.44542698275285,24.64020449937448],[121.44529310000001,24.640402099999996],[121.4449626,24.640747899999997],[121.44483019999998,24.641030000000004],[121.4448186,24.641181299999996],[121.44492,24.6426083],[121.4449444,24.6428335],[121.44507680000001,24.6432473],[121.44534170000001,24.643661099999996],[121.4454876,24.643871499999992],[121.4460659,24.6443685],[121.4469038,24.644886699999997],[121.44771799999998,24.6453343],[121.4483652,24.645734199999996],[121.4487379,24.646046500000004],[121.4488848,24.6462131],[121.4490768,24.6465495],[121.4497648,24.648246599999997],[121.45004549999999,24.648874599999996],[121.45027124475824,24.64921869857527],[121.45443141267819,24.64920617898089]]]},"properties":{"grid_id":"G037_013","綠地類型":"河川沿岸自然地表","中心經度":121.45045,"中心緯度":24.644616,"分析面積_km2":0.77,"2020面積_ha":27.18,"2024面積_ha":27.18,"面積減少率_pct":0.0,"2020斑塊數":1,"2024斑塊數":1,"斑塊數增加率_pct":0.0,"2020平均斑塊面積_ha":806.76,"2024平均斑塊面積_ha":806.76,"平均斑塊面積下降率_pct":0.0,"道路切割密度_km_per_km2":2.066,"建成區邊界切割密度_km_per_km2":0.0,"孤立小斑塊比例_pct":0.0,"距大型連續綠地平均距離_m":0.0,"score_面積減少":36.206896551724135,"score_斑塊增加":44.260435571687836,"score_平均斑塊縮小":28.153357531760438,"score_道路建成區切割":46.82395644283122,"score_孤立比例":40.58529945553539,"score_距大型綠地":38.40744101633394,"綜合破碎化分數":39.1,"破碎化等級":"低","判定原因":"面積減少0.0%；斑塊增加0.0%；平均斑塊縮小0.0%；道路密度2.07 km/km²；孤立比例0.0%；距大型綠地0m","2021面積_ha":27.18,"2022面積_ha":27.18,"2023面積_ha":27.18}},{"type":"Feature","geometry":{"type":"Polygon","coordinates":[[[121.52354425933417,24.639952781454127],[121.52358190017729,24.64898121468493],[121.53346047064272,24.648946480257898],[121.53342211970029,24.639918061409787],[121.52354425933417,24.639952781454127]]]},"properties":{"grid_id":"G037_021","綠地類型":"河川沿岸自然地表","中心經度":121.528502,"中心緯度":24.64445,"分析面積_km2":1.04,"2020面積_ha":9.54,"2024面積_ha":9.54,"面積減少率_pct":0.0,"2020斑塊數":2,"2024斑塊數":2,"斑塊數增加率_pct":0.0,"2020平均斑塊面積_ha":3085.38,"2024平均斑塊面積_ha":3793.14,"平均斑塊面積下降率_pct":0.0,"道路切割密度_km_per_km2":2.018,"建成區邊界切割密度_km_per_km2":0.0,"孤立小斑塊比例_pct":0.0,"距大型連續綠地平均距離_m":0.0,"score_面積減少":36.206896551724135,"score_斑塊增加":44.260435571687836,"score_平均斑塊縮小":28.153357531760438,"score_道路建成區切割":46.472323049001815,"score_孤立比例":40.58529945553539,"score_距大型綠地":38.40744101633394,"綜合破碎化分數":39.0,"破碎化等級":"低","判定原因":"面積減少0.0%；斑塊增加0.0%；平均斑塊縮小0.0%；道路密度2.02 km/km²；孤立比例0.0%；距大型綠地0m","2021面積_ha":9.54,"2022面積_ha":9.54,"2023面積_ha":9.54}},{"type":"Feature","geometry":{"type":"Polygon","coordinates":[[[121.53342211970029,24.639918061409787],[121.53346047064272,24.648946480257898],[121.54333902241855,24.648911096677242],[121.54329996138271,24.639882692480615],[121.53342211970029,24.639918061409787]]]},"properties":{"grid_id":"G037_022","綠地類型":"河川沿岸自然地表","中心經度":121.53838,"中心緯度":24.644415,"分析面積_km2":1.04,"2020面積_ha":38.25,"2024面積_ha":38.25,"面積減少率_pct":0.0,"2020斑塊數":1,"2024斑塊數":1,"斑塊數增加率_pct":0.0,"2020平均斑塊面積_ha":4961.97,"2024平均斑塊面積_ha":6380.64,"平均斑塊面積下降率_pct":0.0,"道路切割密度_km_per_km2":0.288,"建成區邊界切割密度_km_per_km2":0.0,"孤立小斑塊比例_pct":0.0,"距大型連續綠地平均距離_m":0.0,"score_面積減少":36.206896551724135,"score_斑塊增加":44.260435571687836,"score_平均斑塊縮小":28.153357531760438,"score_道路建成區切割":35.526315789473685,"score_孤立比例":40.58529945553539,"score_距大型綠地":38.40744101633394,"綜合破碎化分數":37.2,"破碎化等級":"低","判定原因":"面積減少0.0%；斑塊增加0.0%；平均斑塊縮小0.0%；道路密度0.29 km/km²；孤立比例0.0%；距大型綠地0m","2021面積_ha":38.25,"2022面積_ha":38.25,"2023面積_ha":38.25}},{"type":"Feature","geometry":{"type":"Polygon","coordinates":[[[121.54329996138271,24.639882692480615],[121.54333902241855,24.648911096677242],[121.55321755515874,24.648875063947845],[121.55317778403553,24.639846674671492],[121.54329996138271,24.639882692480615]]]},"properties":{"grid_id":"G037_023","綠地類型":"河川沿岸自然地表","中心經度":121.548259,"中心緯度":24.644379,"分析面積_km2":1.04,"2020面積_ha":55.44,"2024面積_ha":55.44,"面積減少率_pct":0.0,"2020斑塊數":1,"2024斑塊數":1,"斑塊數增加率_pct":0.0,"2020平均斑塊面積_ha":4961.97,"2024平均斑塊面積_ha":6380.64,"平均斑塊面積下降率_pct":0.0,"道路切割密度_km_per_km2":0.0,"建成區邊界切割密度_km_per_km2":0.0,"孤立小斑塊比例_pct":0.0,"距大型連續綠地平均距離_m":0.0,"score_面積減少":36.206896551724135,"score_斑塊增加":44.260435571687836,"score_平均斑塊縮小":28.153357531760438,"score_道路建成區切割":25.941470054446462,"score_孤立比例":40.58529945553539,"score_距大型綠地":38.40744101633394,"綜合破碎化分數":35.6,"破碎化等級":"低","判定原因":"面積減少0.0%；斑塊增加0.0%；平均斑塊縮小0.0%；道路密度0.00 km/km²；孤立比例0.0%；距大型綠地0m","2021面積_ha":55.44,"2022面積_ha":55.44,"2023面積_ha":55.44}},{"type":"Feature","geometry":{"type":"Polygon","coordinates":[[[121.55317778403553,24.639846674671492],[121.55321755515874,24.648875063947845],[121.56309606851731,24.6488383820747],[121.56305558731279,24.639810007987403],[121.55317778403553,24.639846674671492]]]},"properties":{"grid_id":"G037_024","綠地類型":"河川沿岸自然地表","中心經度":121.558137,"中心緯度":24.644343,"分析面積_km2":1.04,"2020面積_ha":30.15,"2024面積_ha":31.5,"面積減少率_pct":0.0,"2020斑塊數":1,"2024斑塊數":1,"斑塊數增加率_pct":0.0,"2020平均斑塊面積_ha":4961.97,"2024平均斑塊面積_ha":6380.64,"平均斑塊面積下降率_pct":0.0,"道路切割密度_km_per_km2":0.923,"建成區邊界切割密度_km_per_km2":0.0,"孤立小斑塊比例_pct":0.0,"距大型連續綠地平均距離_m":0.0,"score_面積減少":36.206896551724135,"score_斑塊增加":44.260435571687836,"score_平均斑塊縮小":28.153357531760438,"score_道路建成區切割":39.16742286751361,"score_孤立比例":40.58529945553539,"score_距大型綠地":38.40744101633394,"綜合破碎化分數":37.8,"破碎化等級":"低","判定原因":"面積減少0.0%；斑塊增加0.0%；平均斑塊縮小0.0%；道路密度0.92 km/km²；孤立比例0.0%；距大型綠地0m","2021面積_ha":31.95,"2022面積_ha":31.23,"2023面積_ha":31.5}},{"type":"Feature","geometry":{"type":"Polygon","coordinates":[[[121.642077274503,24.639493315642444],[121.64212343612418,24.648521558541304],[121.65200175947726,24.648479034613178],[121.65195488783482,24.639450809322323],[121.642077274503,24.639493315642444]]]},"properties":{"grid_id":"G037_033","綠地類型":"河川沿岸自然地表","中心經度":121.647039,"中心緯度":24.643986,"分析面積_km2":1.04,"2020面積_ha":14.4,"2024面積_ha":14.4,"面積減少率_pct":0.0,"2020斑塊數":1,"2024斑塊數":1,"斑塊數增加率_pct":0.0,"2020平均斑塊面積_ha":4961.97,"2024平均斑塊面積_ha":6380.64,"平均斑塊面積下降率_pct":0.0,"道路切割密度_km_per_km2":0.0,"建成區邊界切割密度_km_per_km2":0.0,"孤立小斑塊比例_pct":0.0,"距大型連續綠地平均距離_m":0.0,"score_面積減少":36.206896551724135,"score_斑塊增加":44.260435571687836,"score_平均斑塊縮小":28.153357531760438,"score_道路建成區切割":25.941470054446462,"score_孤立比例":40.58529945553539,"score_距大型綠地":38.40744101633394,"綜合破碎化分數":35.6,"破碎化等級":"低","判定原因":"面積減少0.0%；斑塊增加0.0%；平均斑塊縮小0.0%；道路密度0.00 km/km²；孤立比例0.0%；距大型綠地0m","2021面積_ha":14.4,"2022面積_ha":14.4,"2023面積_ha":14.4}},{"type":"Feature","geometry":{"type":"Polygon","coordinates":[[[121.45446409859126,24.65823469448043],[121.45443141267819,24.64920617898089],[121.45027124475824,24.64921869857527],[121.4509088,24.6501905],[121.4513438,24.6509531],[121.4513724,24.651082000000002],[121.45137550000001,24.651197399999997],[121.4512896,24.651589799999993],[121.4511149,24.65178849999999],[121.4506429,24.652069799999992],[121.44932539999999,24.6527123],[121.4491158,24.652850500000003],[121.448878,24.653064599999997],[121.44865490000001,24.653509799999995],[121.4485225,24.653906099999997],[121.4482245,24.654604399999997],[121.4478717,24.655147599999996],[121.44766720000001,24.655787800000002],[121.4475593,24.656239499999995],[121.44749920000001,24.657277199999996],[121.4476614,24.658101699999996],[121.44770530447789,24.658254982898736],[121.45446409859126,24.65823469448043]]]},"properties":{"grid_id":"G038_013","綠地類型":"河川沿岸自然地表","中心經度":121.451518,"中心緯度":24.653699,"分析面積_km2":0.568,"2020面積_ha":21.87,"2024面積_ha":21.87,"面積減少率_pct":0.0,"2020斑塊數":1,"2024斑塊數":1,"斑塊數增加率_pct":0.0,"2020平均斑塊面積_ha":806.76,"2024平均斑塊面積_ha":806.76,"平均斑塊面積下降率_pct":0.0,"道路切割密度_km_per_km2":1.321,"建成區邊界切割密度_km_per_km2":0.0,"孤立小斑塊比例_pct":0.0,"距大型連續綠地平均距離_m":0.0,"score_面積減少":36.206896551724135,"score_斑塊增加":44.260435571687836,"score_平均斑塊縮小":28.153357531760438,"score_道路建成區切割":40.94827586206897,"score_孤立比例":40.58529945553539,"score_距大型綠地":38.40744101633394,"綜合破碎化分數":38.1,"破碎化等級":"低","判定原因":"面積減少0.0%；斑塊增加0.0%；平均斑塊縮小0.0%；道路密度1.32 km/km²；孤立比例0.0%；距大型綠地0m","2021面積_ha":21.87,"2022面積_ha":21.87,"2023面積_ha":21.87}},{"type":"Feature","geometry":{"type":"Polygon","coordinates":[[[121.45443141267819,24.64920617898089],[121.45446409859126,24.65823469448043],[121.46434350067824,24.65820449175527],[121.46431010428155,24.64917598875857],[121.45443141267819,24.64920617898089]]]},"properties":{"grid_id":"G038_014","綠地類型":"河川沿岸自然地表","中心經度":121.459387,"中心緯度":24.653705,"分析面積_km2":1.04,"2020面積_ha":42.66,"2024面積_ha":42.66,"面積減少率_pct":0.0,"2020斑塊數":1,"2024斑塊數":1,"斑塊數增加率_pct":0.0,"2020平均斑塊面積_ha":806.76,"2024平均斑塊面積_ha":806.76,"平均斑塊面積下降率_pct":0.0,"道路切割密度_km_per_km2":1.269,"建成區邊界切割密度_km_per_km2":0.0,"孤立小斑塊比例_pct":0.0,"距大型連續綠地平均距離_m":0.0,"score_面積減少":36.206896551724135,"score_斑塊增加":44.260435571687836,"score_平均斑塊縮小":28.153357531760438,"score_道路建成區切割":40.710072595281304,"score_孤立比例":40.58529945553539,"score_距大型綠地":38.40744101633394,"綜合破碎化分數":38.1,"破碎化等級":"低","判定原因":"面積減少0.0%；斑塊增加0.0%；平均斑塊縮小0.0%；道路密度1.27 km/km²；孤立比例0.0%；距大型綠地0m","2021面積_ha":42.66,"2022面積_ha":42.66,"2023面積_ha":42.66}},{"type":"Feature","geometry":{"type":"Polygon","coordinates":[[[121.52358190017729,24.64898121468493],[121.52361955936395,24.658009637018953],[121.53349884027472,24.657974888207214],[121.53346047064272,24.648946480257898],[121.52358190017729,24.64898121468493]]]},"properties":{"grid_id":"G038_021","綠地類型":"河川沿岸自然地表","中心經度":121.52854,"中心緯度":24.653478,"分析面積_km2":1.04,"2020面積_ha":17.37,"2024面積_ha":17.37,"面積減少率_pct":0.0,"2020斑塊數":1,"2024斑塊數":1,"斑塊數增加率_pct":0.0,"2020平均斑塊面積_ha":4961.97,"2024平均斑塊面積_ha":6380.64,"平均斑塊面積下降率_pct":0.0,"道路切割密度_km_per_km2":1.182,"建成區邊界切割密度_km_per_km2":0.0,"孤立小斑塊比例_pct":0.0,"距大型連續綠地平均距離_m":0.0,"score_面積減少":36.206896551724135,"score_斑塊增加":44.260435571687836,"score_平均斑塊縮小":28.153357531760438,"score_道路建成區切割":40.1429219600726,"score_孤立比例":40.58529945553539,"score_距大型綠地":38.40744101633394,"綜合破碎化分數":38.0,"破碎化等級":"低","判定原因":"面積減少0.0%；斑塊增加0.0%；平均斑塊縮小0.0%；道路密度1.18 km/km²；孤立比例0.0%；距大型綠地0m","2021面積_ha":17.37,"2022面積_ha":17.37,"2023面積_ha":17.37}},{"type":"Feature","geometry":{"type":"Polygon","coordinates":[[[121.53346047064272,24.648946480257898],[121.53349884027472,24.657974888207214],[121.54337810249001,24.65793948997303],[121.54333902241855,24.648911096677242],[121.53346047064272,24.648946480257898]]]},"properties":{"grid_id":"G038_022","綠地類型":"河川沿岸自然地表","中心經度":121.538419,"中心緯度":24.653443,"分析面積_km2":1.04,"2020面積_ha":36.27,"2024面積_ha":36.27,"面積減少率_pct":0.0,"2020斑塊數":1,"2024斑塊數":1,"斑塊數增加率_pct":0.0,"2020平均斑塊面積_ha":4961.97,"2024平均斑塊面積_ha":6380.64,"平均斑塊面積下降率_pct":0.0,"道路切割密度_km_per_km2":0.0,"建成區邊界切割密度_km_per_km2":0.0,"孤立小斑塊比例_pct":0.0,"距大型連續綠地平均距離_m":0.0,"score_面積減少":36.206896551724135,"score_斑塊增加":44.260435571687836,"score_平均斑塊縮小":28.153357531760438,"score_道路建成區切割":25.941470054446462,"score_孤立比例":40.58529945553539,"score_距大型綠地":38.40744101633394,"綜合破碎化分數":35.6,"破碎化等級":"低","判定原因":"面積減少0.0%；斑塊增加0.0%；平均斑塊縮小0.0%；道路密度0.00 km/km²；孤立比例0.0%；距大型綠地0m","2021面積_ha":36.27,"2022面積_ha":36.27,"2023面積_ha":36.27}},{"type":"Feature","geometry":{"type":"Polygon","coordinates":[[[121.54333902241855,24.648911096677242],[121.54337810249001,24.65793948997303],[121.55325734566362,24.65790344232128],[121.55321755515874,24.648875063947845],[121.54333902241855,24.648911096677242]]]},"properties":{"grid_id":"G038_023","綠地類型":"河川沿岸自然地表","中心經度":121.548298,"中心緯度":24.653407,"分析面積_km2":1.04,"2020面積_ha":41.13,"2024面積_ha":41.13,"面積減少率_pct":0.0,"2020斑塊數":1,"2024斑塊數":1,"斑塊數增加率_pct":0.0,"2020平均斑塊面積_ha":4961.97,"2024平均斑塊面積_ha":6380.64,"平均斑塊面積下降率_pct":0.0,"道路切割密度_km_per_km2":0.0,"建成區邊界切割密度_km_per_km2":0.0,"孤立小斑塊比例_pct":0.0,"距大型連續綠地平均距離_m":0.0,"score_面積減少":36.206896551724135,"score_斑塊增加":44.260435571687836,"score_平均斑塊縮小":28.153357531760438,"score_道路建成區切割":25.941470054446462,"score_孤立比例":40.58529945553539,"score_距大型綠地":38.40744101633394,"綜合破碎化分數":35.6,"破碎化等級":"低","判定原因":"面積減少0.0%；斑塊增加0.0%；平均斑塊縮小0.0%；道路密度0.00 km/km²；孤立比例0.0%；距大型綠地0m","2021面積_ha":41.13,"2022面積_ha":41.13,"2023面積_ha":41.13}},{"type":"Feature","geometry":{"type":"Polygon","coordinates":[[[121.55321755515874,24.648875063947845],[121.55325734566362,24.65790344232128],[121.5631365694495,24.65786674525696],[121.56309606851731,24.6488383820747],[121.55321755515874,24.648875063947845]]]},"properties":{"grid_id":"G038_024","綠地類型":"河川沿岸自然地表","中心經度":121.558177,"中心緯度":24.653371,"分析面積_km2":1.04,"2020面積_ha":26.82,"2024面積_ha":26.82,"面積減少率_pct":0.0,"2020斑塊數":1,"2024斑塊數":1,"斑塊數增加率_pct":0.0,"2020平均斑塊面積_ha":4961.97,"2024平均斑塊面積_ha":6380.64,"平均斑塊面積下降率_pct":0.0,"道路切割密度_km_per_km2":0.0,"建成區邊界切割密度_km_per_km2":0.0,"孤立小斑塊比例_pct":0.0,"距大型連續綠地平均距離_m":0.0,"score_面積減少":36.206896551724135,"score_斑塊增加":44.260435571687836,"score_平均斑塊縮小":28.153357531760438,"score_道路建成區切割":25.941470054446462,"score_孤立比例":40.58529945553539,"score_距大型綠地":38.40744101633394,"綜合破碎化分數":35.6,"破碎化等級":"低","判定原因":"面積減少0.0%；斑塊增加0.0%；平均斑塊縮小0.0%；道路密度0.00 km/km²；孤立比例0.0%；距大型綠地0m","2021面積_ha":26.82,"2022面積_ha":26.82,"2023面積_ha":26.82}},{"type":"Feature","geometry":{"type":"Polygon","coordinates":[[[121.56309606851731,24.6488383820747],[121.5631365694495,24.65786674525696],[121.57301577350141,24.657829398785122],[121.57297456214818,24.648801051062865],[121.56309606851731,24.6488383820747]]]},"properties":{"grid_id":"G038_025","綠地類型":"河川沿岸自然地表","中心經度":121.568056,"中心緯度":24.653334,"分析面積_km2":1.04,"2020面積_ha":3.51,"2024面積_ha":3.51,"面積減少率_pct":0.0,"2020斑塊數":1,"2024斑塊數":1,"斑塊數增加率_pct":0.0,"2020平均斑塊面積_ha":4961.97,"2024平均斑塊面積_ha":6380.64,"平均斑塊面積下降率_pct":0.0,"道路切割密度_km_per_km2":1.586,"建成區邊界切割密度_km_per_km2":0.0,"孤立小斑塊比例_pct":0.0,"距大型連續綠地平均距離_m":0.0,"score_面積減少":36.206896551724135,"score_斑塊增加":44.260435571687836,"score_平均斑塊縮小":28.153357531760438,"score_道路建成區切割":43.30762250453721,"score_孤立比例":40.58529945553539,"score_距大型綠地":38.40744101633394,"綜合破碎化分數":38.5,"破碎化等級":"低","判定原因":"面積減少0.0%；斑塊增加0.0%；平均斑塊縮小0.0%；道路密度1.59 km/km²；孤立比例0.0%；距大型綠地0m","2021面積_ha":3.51,"2022面積_ha":3.51,"2023面積_ha":3.51}},{"type":"Feature","geometry":{"type":"Polygon","coordinates":[[[121.58285303570537,24.648763070917504],[121.58289495747333,24.657791402910934],[121.59277412101903,24.657752757639653],[121.59273148884283,24.64872444164385],[121.58285303570537,24.648763070917504]]]},"properties":{"grid_id":"G038_027","綠地類型":"河川沿岸自然地表","中心經度":121.587813,"中心緯度":24.653258,"分析面積_km2":1.04,"2020面積_ha":22.95,"2024面積_ha":42.84,"面積減少率_pct":0.0,"2020斑塊數":3,"2024斑塊數":1,"斑塊數增加率_pct":0.0,"2020平均斑塊面積_ha":1654.11,"2024平均斑塊面積_ha":6380.64,"平均斑塊面積下降率_pct":0.0,"道路切割密度_km_per_km2":0.779,"建成區邊界切割密度_km_per_km2":0.0,"孤立小斑塊比例_pct":0.0,"距大型連續綠地平均距離_m":0.0,"score_面積減少":36.206896551724135,"score_斑塊增加":44.260435571687836,"score_平均斑塊縮小":28.153357531760438,"score_道路建成區切割":38.39609800362976,"score_孤立比例":40.58529945553539,"score_距大型綠地":38.40744101633394,"綜合破碎化分數":37.7,"破碎化等級":"低","判定原因":"面積減少0.0%；斑塊增加0.0%；平均斑塊縮小0.0%；道路密度0.78 km/km²；孤立比例0.0%；距大型綠地0m","2021面積_ha":35.01,"2022面積_ha":41.4,"2023面積_ha":41.4}},{"type":"Feature","geometry":{"type":"Polygon","coordinates":[[[121.46437691334735,24.66723298386351],[121.46434350067824,24.65820449175527],[121.45446409859126,24.65823469448043],[121.45449196050895,24.665927244690224],[121.45458070000001,24.666204499999996],[121.45475470000001,24.666929300000003],[121.454850403539,24.667262128920306],[121.46437691334735,24.66723298386351]]]},"properties":{"grid_id":"G039_014","綠地類型":"河川沿岸自然地表","中心經度":121.459418,"中心緯度":24.662066,"分析面積_km2":1.033,"2020面積_ha":43.02,"2024面積_ha":43.02,"面積減少率_pct":0.0,"2020斑塊數":1,"2024斑塊數":1,"斑塊數增加率_pct":0.0,"2020平均斑塊面積_ha":806.76,"2024平均斑塊面積_ha":806.76,"平均斑塊面積下降率_pct":0.0,"道路切割密度_km_per_km2":0.319,"建成區邊界切割密度_km_per_km2":0.0,"孤立小斑塊比例_pct":0.0,"距大型連續綠地平均距離_m":0.0,"score_面積減少":36.206896551724135,"score_斑塊增加":44.260435571687836,"score_平均斑塊縮小":28.153357531760438,"score_道路建成區切割":35.73049001814882,"score_孤立比例":40.58529945553539,"score_距大型綠地":38.40744101633394,"綜合破碎化分數":37.2,"破碎化等級":"低","判定原因":"面積減少0.0%；斑塊增加0.0%；平均斑塊縮小0.0%；道路密度0.32 km/km²；孤立比例0.0%；距大型綠地0m","2021面積_ha":43.02,"2022面積_ha":43.02,"2023面積_ha":43.02}},{"type":"Feature","geometry":{"type":"Polygon","coordinates":[[[121.53349884027472,24.657974888207214],[121.53353722860226,24.667003285254793],[121.54341720160312,24.666967872365024],[121.54337810249001,24.65793948997303],[121.53349884027472,24.657974888207214]]]},"properties":{"grid_id":"G039_022","綠地類型":"河川沿岸自然地表","中心經度":121.538458,"中心緯度":24.662471,"分析面積_km2":1.04,"2020面積_ha":1.98,"2024面積_ha":1.98,"面積減少率_pct":0.0,"2020斑塊數":1,"2024斑塊數":1,"斑塊數增加率_pct":0.0,"2020平均斑塊面積_ha":4961.97,"2024平均斑塊面積_ha":6380.64,"平均斑塊面積下降率_pct":0.0,"道路切割密度_km_per_km2":0.0,"建成區邊界切割密度_km_per_km2":0.0,"孤立小斑塊比例_pct":0.0,"距大型連續綠地平均距離_m":0.0,"score_面積減少":36.206896551724135,"score_斑塊增加":44.260435571687836,"score_平均斑塊縮小":28.153357531760438,"score_道路建成區切割":25.941470054446462,"score_孤立比例":40.58529945553539,"score_距大型綠地":38.40744101633394,"綜合破碎化分數":35.6,"破碎化等級":"低","判定原因":"面積減少0.0%；斑塊增加0.0%；平均斑塊縮小0.0%；道路密度0.00 km/km²；孤立比例0.0%；距大型綠地0m","2021面積_ha":1.98,"2022面積_ha":1.98,"2023面積_ha":1.98}},{"type":"Feature","geometry":{"type":"Polygon","coordinates":[[[121.54337810249001,24.65793948997303],[121.54341720160312,24.666967872365024],[121.55329715555631,24.66693180978884],[121.55325734566362,24.65790344232128],[121.54337810249001,24.65793948997303]]]},"properties":{"grid_id":"G039_023","綠地類型":"河川沿岸自然地表","中心經度":121.548337,"中心緯度":24.662436,"分析面積_km2":1.04,"2020面積_ha":17.73,"2024面積_ha":17.73,"面積減少率_pct":0.0,"2020斑塊數":1,"2024斑塊數":1,"斑塊數增加率_pct":0.0,"2020平均斑塊面積_ha":4961.97,"2024平均斑塊面積_ha":6380.64,"平均斑塊面積下降率_pct":0.0,"道路切割密度_km_per_km2":0.0,"建成區邊界切割密度_km_per_km2":0.0,"孤立小斑塊比例_pct":0.0,"距大型連續綠地平均距離_m":0.0,"score_面積減少":36.206896551724135,"score_斑塊增加":44.260435571687836,"score_平均斑塊縮小":28.153357531760438,"score_道路建成區切割":25.941470054446462,"score_孤立比例":40.58529945553539,"score_距大型綠地":38.40744101633394,"綜合破碎化分數":35.6,"破碎化等級":"低","判定原因":"面積減少0.0%；斑塊增加0.0%；平均斑塊縮小0.0%；道路密度0.00 km/km²；孤立比例0.0%；距大型綠地0m","2021面積_ha":17.73,"2022面積_ha":17.73,"2023面積_ha":17.73}},{"type":"Feature","geometry":{"type":"Polygon","coordinates":[[[121.55325734566362,24.65790344232128],[121.55329715555631,24.66693180978884],[121.56317709011559,24.666895097531206],[121.5631365694495,24.65786674525696],[121.55325734566362,24.65790344232128]]]},"properties":{"grid_id":"G039_024","綠地類型":"河川沿岸自然地表","中心經度":121.558217,"中心緯度":24.662399,"分析面積_km2":1.04,"2020面積_ha":42.03,"2024面積_ha":42.03,"面積減少率_pct":0.0,"2020斑塊數":1,"2024斑塊數":1,"斑塊數增加率_pct":0.0,"2020平均斑塊面積_ha":4961.97,"2024平均斑塊面積_ha":6380.64,"平均斑塊面積下降率_pct":0.0,"道路切割密度_km_per_km2":0.231,"建成區邊界切割密度_km_per_km2":0.0,"孤立小斑塊比例_pct":0.0,"距大型連續綠地平均距離_m":0.0,"score_面積減少":36.206896551724135,"score_斑塊增加":44.260435571687836,"score_平均斑塊縮小":28.153357531760438,"score_道路建成區切割":35.186025408348456,"score_孤立比例":40.58529945553539,"score_距大型綠地":38.40744101633394,"綜合破碎化分數":37.1,"破碎化等級":"低","判定原因":"面積減少0.0%；斑塊增加0.0%；平均斑塊縮小0.0%；道路密度0.23 km/km²；孤立比例0.0%；距大型綠地0m","2021面積_ha":42.03,"2022面積_ha":42.03,"2023面積_ha":42.03}},{"type":"Feature","geometry":{"type":"Polygon","coordinates":[[[121.52365723690001,24.66703804845324],[121.52369493279119,24.676066448984844],[121.5335756356312,24.676031671397674],[121.53353722860226,24.667003285254793],[121.52365723690001,24.66703804845324]]]},"properties":{"grid_id":"G040_021","綠地類型":"河川沿岸自然地表","中心經度":121.528616,"中心緯度":24.671535,"分析面積_km2":1.04,"2020面積_ha":15.84,"2024面積_ha":15.84,"面積減少率_pct":0.0,"2020斑塊數":1,"2024斑塊數":1,"斑塊數增加率_pct":0.0,"2020平均斑塊面積_ha":4961.97,"2024平均斑塊面積_ha":6380.64,"平均斑塊面積下降率_pct":0.0,"道路切割密度_km_per_km2":1.211,"建成區邊界切割密度_km_per_km2":0.0,"孤立小斑塊比例_pct":0.0,"距大型連續綠地平均距離_m":0.0,"score_面積減少":36.206896551724135,"score_斑塊增加":44.260435571687836,"score_平均斑塊縮小":28.153357531760438,"score_道路建成區切割":40.369782214156075,"score_孤立比例":40.58529945553539,"score_距大型綠地":38.40744101633394,"綜合破碎化分數":38.0,"破碎化等級":"低","判定原因":"面積減少0.0%；斑塊增加0.0%；平均斑塊縮小0.0%；道路密度1.21 km/km²；孤立比例0.0%；距大型綠地0m","2021面積_ha":15.84,"2022面積_ha":15.84,"2023面積_ha":15.84}},{"type":"Feature","geometry":{"type":"Polygon","coordinates":[[[121.53353722860226,24.667003285254793],[121.5335756356312,24.676031671397674],[121.54345631976388,24.675996243850285],[121.54341720160312,24.666967872365024],[121.53353722860226,24.667003285254793]]]},"properties":{"grid_id":"G040_022","綠地類型":"河川沿岸自然地表","中心經度":121.538497,"中心緯度":24.6715,"分析面積_km2":1.04,"2020面積_ha":56.25,"2024面積_ha":56.25,"面積減少率_pct":0.0,"2020斑塊數":1,"2024斑塊數":1,"斑塊數增加率_pct":0.0,"2020平均斑塊面積_ha":4961.97,"2024平均斑塊面積_ha":6380.64,"平均斑塊面積下降率_pct":0.0,"道路切割密度_km_per_km2":0.0,"建成區邊界切割密度_km_per_km2":0.0,"孤立小斑塊比例_pct":0.0,"距大型連續綠地平均距離_m":0.0,"score_面積減少":36.206896551724135,"score_斑塊增加":44.260435571687836,"score_平均斑塊縮小":28.153357531760438,"score_道路建成區切割":25.941470054446462,"score_孤立比例":40.58529945553539,"score_距大型綠地":38.40744101633394,"綜合破碎化分數":35.6,"破碎化等級":"低","判定原因":"面積減少0.0%；斑塊增加0.0%；平均斑塊縮小0.0%；道路密度0.00 km/km²；孤立比例0.0%；距大型綠地0m","2021面積_ha":56.25,"2022面積_ha":56.25,"2023面積_ha":56.25}},{"type":"Feature","geometry":{"type":"Polygon","coordinates":[[[121.54341720160312,24.666967872365024],[121.54345631976388,24.675996243850285],[121.55333698484286,24.675960166347565],[121.55329715555631,24.66693180978884],[121.54341720160312,24.666967872365024]]]},"properties":{"grid_id":"G040_023","綠地類型":"河川沿岸自然地表","中心經度":121.548377,"中心緯度":24.671464,"分析面積_km2":1.04,"2020面積_ha":49.14,"2024面積_ha":49.14,"面積減少率_pct":0.0,"2020斑塊數":1,"2024斑塊數":1,"斑塊數增加率_pct":0.0,"2020平均斑塊面積_ha":4961.97,"2024平均斑塊面積_ha":6380.64,"平均斑塊面積下降率_pct":0.0,"道路切割密度_km_per_km2":0.98,"建成區邊界切割密度_km_per_km2":0.0,"孤立小斑塊比例_pct":0.0,"距大型連續綠地平均距離_m":0.0,"score_面積減少":36.206896551724135,"score_斑塊增加":44.260435571687836,"score_平均斑塊縮小":28.153357531760438,"score_道路建成區切割":39.3942831215971,"score_孤立比例":40.58529945553539,"score_距大型綠地":38.40744101633394,"綜合破碎化分數":37.8,"破碎化等級":"低","判定原因":"面積減少0.0%；斑塊增加0.0%；平均斑塊縮小0.0%；道路密度0.98 km/km²；孤立比例0.0%；距大型綠地0m","2021面積_ha":49.14,"2022面積_ha":49.14,"2023面積_ha":49.14}},{"type":"Feature","geometry":{"type":"Polygon","coordinates":[[[121.55329715555631,24.66693180978884],[121.55333698484286,24.675960166347565],[121.56321763052183,24.675923438894507],[121.56317709011559,24.666895097531206],[121.55329715555631,24.66693180978884]]]},"properties":{"grid_id":"G040_024","綠地類型":"河川沿岸自然地表","中心經度":121.558257,"中心緯度":24.671428,"分析面積_km2":1.04,"2020面積_ha":45.9,"2024面積_ha":45.9,"面積減少率_pct":0.0,"2020斑塊數":1,"2024斑塊數":1,"斑塊數增加率_pct":0.0,"2020平均斑塊面積_ha":4961.97,"2024平均斑塊面積_ha":6380.64,"平均斑塊面積下降率_pct":0.0,"道路切割密度_km_per_km2":0.346,"建成區邊界切割密度_km_per_km2":0.0,"孤立小斑塊比例_pct":0.0,"距大型連續綠地平均距離_m":0.0,"score_面積減少":36.206896551724135,"score_斑塊增加":44.260435571687836,"score_平均斑塊縮小":28.153357531760438,"score_道路建成區切割":35.85526315789474,"score_孤立比例":40.58529945553539,"score_距大型綠地":38.40744101633394,"綜合破碎化分數":37.2,"破碎化等級":"低","判定原因":"面積減少0.0%；斑塊增加0.0%；平均斑塊縮小0.0%；道路密度0.35 km/km²；孤立比例0.0%；距大型綠地0m","2021面積_ha":45.9,"2022面積_ha":45.9,"2023面積_ha":45.9}},{"type":"Feature","geometry":{"type":"Polygon","coordinates":[[[121.53361406136744,24.68506004663291],[121.5335756356312,24.676031671397674],[121.52369493279119,24.676066448984844],[121.52372508609204,24.683285180683182],[121.5238298,24.683283599999992],[121.5240874,24.6833421],[121.52427730000001,24.683491],[121.5244327,24.6836718],[121.52487750000002,24.684352599999997],[121.52506360000001,24.684536199999997],[121.52629400000001,24.684788699999995],[121.52644619999998,24.684847199999997],[121.5267154,24.685001400000004],[121.52680420050787,24.685084093473865],[121.53361406136744,24.68506004663291]]]},"properties":{"grid_id":"G041_021","綠地類型":"河川沿岸自然地表","中心經度":121.528651,"中心緯度":24.679658,"分析面積_km2":1.007,"2020面積_ha":34.47,"2024面積_ha":34.47,"面積減少率_pct":0.0,"2020斑塊數":1,"2024斑塊數":1,"斑塊數增加率_pct":0.0,"2020平均斑塊面積_ha":4961.97,"2024平均斑塊面積_ha":6380.64,"平均斑塊面積下降率_pct":0.0,"道路切割密度_km_per_km2":0.983,"建成區邊界切割密度_km_per_km2":0.0,"孤立小斑塊比例_pct":0.0,"距大型連續綠地平均距離_m":0.0,"score_面積減少":36.206896551724135,"score_斑塊增加":44.260435571687836,"score_平均斑塊縮小":28.153357531760438,"score_道路建成區切割":39.473684210526315,"score_孤立比例":40.58529945553539,"score_距大型綠地":38.40744101633394,"綜合破碎化分數":37.8,"破碎化等級":"低","判定原因":"面積減少0.0%；斑塊增加0.0%；平均斑塊縮小0.0%；道路密度0.98 km/km²；孤立比例0.0%；距大型綠地0m","2021面積_ha":34.47,"2022面積_ha":34.47,"2023面積_ha":34.47}},{"type":"Feature","geometry":{"type":"Polygon","coordinates":[[[121.5335756356312,24.676031671397674],[121.53361406136744,24.68506004663291],[121.54349545697833,24.685024604425845],[121.54345631976388,24.675996243850285],[121.5335756356312,24.676031671397674]]]},"properties":{"grid_id":"G041_022","綠地類型":"河川沿岸自然地表","中心經度":121.538535,"中心緯度":24.680528,"分析面積_km2":1.04,"2020面積_ha":25.38,"2024面積_ha":25.38,"面積減少率_pct":0.0,"2020斑塊數":1,"2024斑塊數":1,"斑塊數增加率_pct":0.0,"2020平均斑塊面積_ha":4961.97,"2024平均斑塊面積_ha":6380.64,"平均斑塊面積下降率_pct":0.0,"道路切割密度_km_per_km2":0.0,"建成區邊界切割密度_km_per_km2":0.0,"孤立小斑塊比例_pct":0.0,"距大型連續綠地平均距離_m":0.0,"score_面積減少":36.206896551724135,"score_斑塊增加":44.260435571687836,"score_平均斑塊縮小":28.153357531760438,"score_道路建成區切割":25.941470054446462,"score_孤立比例":40.58529945553539,"score_距大型綠地":38.40744101633394,"綜合破碎化分數":35.6,"破碎化等級":"低","判定原因":"面積減少0.0%；斑塊增加0.0%；平均斑塊縮小0.0%；道路密度0.00 km/km²；孤立比例0.0%；距大型綠地0m","2021面積_ha":25.38,"2022面積_ha":25.38,"2023面積_ha":25.38}},{"type":"Feature","geometry":{"type":"Polygon","coordinates":[[[121.54345631976388,24.675996243850285],[121.54349545697833,24.685024604425845],[121.55337683352948,24.68498851199451],[121.55333698484286,24.675960166347565],[121.54345631976388,24.675996243850285]]]},"properties":{"grid_id":"G041_023","綠地類型":"河川沿岸自然地表","中心經度":121.548416,"中心緯度":24.680492,"分析面積_km2":1.04,"2020面積_ha":70.65,"2024面積_ha":70.65,"面積減少率_pct":0.0,"2020斑塊數":1,"2024斑塊數":1,"斑塊數增加率_pct":0.0,"2020平均斑塊面積_ha":4961.97,"2024平均斑塊面積_ha":6380.64,"平均斑塊面積下降率_pct":0.0,"道路切割密度_km_per_km2":1.845,"建成區邊界切割密度_km_per_km2":0.0,"孤立小斑塊比例_pct":0.0,"距大型連續綠地平均距離_m":0.0,"score_面積減少":36.206896551724135,"score_斑塊增加":44.260435571687836,"score_平均斑塊縮小":28.153357531760438,"score_道路建成區切割":45.4627949183303,"score_孤立比例":40.58529945553539,"score_距大型綠地":38.40744101633394,"綜合破碎化分數":38.8,"破碎化等級":"低","判定原因":"面積減少0.0%；斑塊增加0.0%；平均斑塊縮小0.0%；道路密度1.84 km/km²；孤立比例0.0%；距大型綠地0m","2021面積_ha":70.65,"2022面積_ha":70.65,"2023面積_ha":70.65}},{"type":"Feature","geometry":{"type":"Polygon","coordinates":[[[121.55333698484286,24.675960166347565],[121.55337683352948,24.68498851199451],[121.56325819067446,24.684951769343893],[121.56321763052183,24.675923438894507],[121.55333698484286,24.675960166347565]]]},"properties":{"grid_id":"G041_024","綠地類型":"河川沿岸自然地表","中心經度":121.558297,"中心緯度":24.680456,"分析面積_km2":1.04,"2020面積_ha":18.27,"2024面積_ha":18.27,"面積減少率_pct":0.0,"2020斑塊數":1,"2024斑塊數":1,"斑塊數增加率_pct":0.0,"2020平均斑塊面積_ha":4961.97,"2024平均斑塊面積_ha":6380.64,"平均斑塊面積下降率_pct":0.0,"道路切割密度_km_per_km2":1.24,"建成區邊界切割密度_km_per_km2":0.0,"孤立小斑塊比例_pct":0.0,"距大型連續綠地平均距離_m":0.0,"score_面積減少":36.206896551724135,"score_斑塊增加":44.260435571687836,"score_平均斑塊縮小":28.153357531760438,"score_道路建成區切割":40.57395644283122,"score_孤立比例":40.58529945553539,"score_距大型綠地":38.40744101633394,"綜合破碎化分數":38.0,"破碎化等級":"低","判定原因":"面積減少0.0%；斑塊增加0.0%；平均斑塊縮小0.0%；道路密度1.24 km/km²；孤立比例0.0%；距大型綠地0m","2021面積_ha":18.27,"2022面積_ha":18.27,"2023面積_ha":18.27}},{"type":"Feature","geometry":{"type":"Polygon","coordinates":[[[121.56321763052183,24.675923438894507],[121.56325819067446,24.684951769343893],[121.57313952806679,24.684914376479092],[121.57309825645439,24.67588606149619],[121.56321763052183,24.675923438894507]]]},"properties":{"grid_id":"G041_025","綠地類型":"河川沿岸自然地表","中心經度":121.568178,"中心緯度":24.680419,"分析面積_km2":1.04,"2020面積_ha":29.43,"2024面積_ha":29.43,"面積減少率_pct":0.0,"2020斑塊數":1,"2024斑塊數":1,"斑塊數增加率_pct":0.0,"2020平均斑塊面積_ha":4961.97,"2024平均斑塊面積_ha":6380.64,"平均斑塊面積下降率_pct":0.0,"道路切割密度_km_per_km2":1.355,"建成區邊界切割密度_km_per_km2":0.0,"孤立小斑塊比例_pct":0.0,"距大型連續綠地平均距離_m":0.0,"score_面積減少":36.206896551724135,"score_斑塊增加":44.260435571687836,"score_平均斑塊縮小":28.153357531760438,"score_道路建成區切割":41.22050816696915,"score_孤立比例":40.58529945553539,"score_距大型綠地":38.40744101633394,"綜合破碎化分數":38.1,"破碎化等級":"低","判定原因":"面積減少0.0%；斑塊增加0.0%；平均斑塊縮小0.0%；道路密度1.35 km/km²；孤立比例0.0%；距大型綠地0m","2021面積_ha":29.43,"2022面積_ha":29.43,"2023面積_ha":29.43}},{"type":"Feature","geometry":{"type":"Polygon","coordinates":[[[121.54349545697833,24.685024604425845],[121.54353461325249,24.69405295408875],[121.55341670162227,24.69401684672671],[121.55337683352948,24.68498851199451],[121.54349545697833,24.685024604425845]]]},"properties":{"grid_id":"G042_023","綠地類型":"河川沿岸自然地表","中心經度":121.548456,"中心緯度":24.689521,"分析面積_km2":1.04,"2020面積_ha":21.51,"2024面積_ha":21.51,"面積減少率_pct":0.0,"2020斑塊數":1,"2024斑塊數":1,"斑塊數增加率_pct":0.0,"2020平均斑塊面積_ha":4961.97,"2024平均斑塊面積_ha":6380.64,"平均斑塊面積下降率_pct":0.0,"道路切割密度_km_per_km2":1.874,"建成區邊界切割密度_km_per_km2":0.0,"孤立小斑塊比例_pct":0.0,"距大型連續綠地平均距離_m":0.0,"score_面積減少":36.206896551724135,"score_斑塊增加":44.260435571687836,"score_平均斑塊縮小":28.153357531760438,"score_道路建成區切割":45.61025408348458,"score_孤立比例":40.58529945553539,"score_距大型綠地":38.40744101633394,"綜合破碎化分數":38.9,"破碎化等級":"低","判定原因":"面積減少0.0%；斑塊增加0.0%；平均斑塊縮小0.0%；道路密度1.87 km/km²；孤立比例0.0%；距大型綠地0m","2021面積_ha":21.51,"2022面積_ha":21.51,"2023面積_ha":21.51}},{"type":"Feature","geometry":{"type":"Polygon","coordinates":[[[121.55337683352948,24.68498851199451],[121.55341670162227,24.69401684672671],[121.56329877057973,24.693980088876422],[121.56325819067446,24.684951769343893],[121.55337683352948,24.68498851199451]]]},"properties":{"grid_id":"G042_024","綠地類型":"河川沿岸自然地表","中心經度":121.558338,"中心緯度":24.689484,"分析面積_km2":1.04,"2020面積_ha":19.44,"2024面積_ha":19.44,"面積減少率_pct":0.0,"2020斑塊數":1,"2024斑塊數":1,"斑塊數增加率_pct":0.0,"2020平均斑塊面積_ha":4961.97,"2024平均斑塊面積_ha":6380.64,"平均斑塊面積下降率_pct":0.0,"道路切割密度_km_per_km2":1.586,"建成區邊界切割密度_km_per_km2":0.0,"孤立小斑塊比例_pct":0.0,"距大型連續綠地平均距離_m":0.0,"score_面積減少":36.206896551724135,"score_斑塊增加":44.260435571687836,"score_平均斑塊縮小":28.153357531760438,"score_道路建成區切割":43.30762250453721,"score_孤立比例":40.58529945553539,"score_距大型綠地":38.40744101633394,"綜合破碎化分數":38.5,"破碎化等級":"低","判定原因":"面積減少0.0%；斑塊增加0.0%；平均斑塊縮小0.0%；道路密度1.59 km/km²；孤立比例0.0%；距大型綠地0m","2021面積_ha":19.44,"2022面積_ha":19.44,"2023面積_ha":19.44}},{"type":"Feature","geometry":{"type":"Polygon","coordinates":[[[121.56325819067446,24.684951769343893],[121.56329877057973,24.693980088876422],[121.5731808197783,24.693942680542968],[121.57313952806679,24.684914376479092],[121.56325819067446,24.684951769343893]]]},"properties":{"grid_id":"G042_025","綠地類型":"河川沿岸自然地表","中心經度":121.568219,"中心緯度":24.689447,"分析面積_km2":1.04,"2020面積_ha":24.21,"2024面積_ha":24.21,"面積減少率_pct":0.0,"2020斑塊數":1,"2024斑塊數":1,"斑塊數增加率_pct":0.0,"2020平均斑塊面積_ha":4961.97,"2024平均斑塊面積_ha":6380.64,"平均斑塊面積下降率_pct":0.0,"道路切割密度_km_per_km2":0.0,"建成區邊界切割密度_km_per_km2":0.0,"孤立小斑塊比例_pct":0.0,"距大型連續綠地平均距離_m":0.0,"score_面積減少":36.206896551724135,"score_斑塊增加":44.260435571687836,"score_平均斑塊縮小":28.153357531760438,"score_道路建成區切割":25.941470054446462,"score_孤立比例":40.58529945553539,"score_距大型綠地":38.40744101633394,"綜合破碎化分數":35.6,"破碎化等級":"低","判定原因":"面積減少0.0%；斑塊增加0.0%；平均斑塊縮小0.0%；道路密度0.00 km/km²；孤立比例0.0%；距大型綠地0m","2021面積_ha":24.21,"2022面積_ha":24.21,"2023面積_ha":24.21}},{"type":"Feature","geometry":{"type":"Polygon","coordinates":[[[121.57313952806679,24.684914376479092],[121.5731808197783,24.693942680542968],[121.5830628488714,24.69390462173151],[121.58302084536004,24.684876333405256],[121.57313952806679,24.684914376479092]]]},"properties":{"grid_id":"G042_026","綠地類型":"河川沿岸自然地表","中心經度":121.578101,"中心緯度":24.68941,"分析面積_km2":1.04,"2020面積_ha":30.24,"2024面積_ha":30.24,"面積減少率_pct":0.0,"2020斑塊數":1,"2024斑塊數":1,"斑塊數增加率_pct":0.0,"2020平均斑塊面積_ha":4961.97,"2024平均斑塊面積_ha":6380.64,"平均斑塊面積下降率_pct":0.0,"道路切割密度_km_per_km2":1.384,"建成區邊界切割密度_km_per_km2":0.0,"孤立小斑塊比例_pct":0.0,"距大型連續綠地平均距離_m":0.0,"score_面積減少":36.206896551724135,"score_斑塊增加":44.260435571687836,"score_平均斑塊縮小":28.153357531760438,"score_道路建成區切割":41.44736842105263,"score_孤立比例":40.58529945553539,"score_距大型綠地":38.40744101633394,"綜合破碎化分數":38.2,"破碎化等級":"低","判定原因":"面積減少0.0%；斑塊增加0.0%；平均斑塊縮小0.0%；道路密度1.38 km/km²；孤立比例0.0%；距大型綠地0m","2021面積_ha":30.24,"2022面積_ha":30.24,"2023面積_ha":30.24}},{"type":"Feature","geometry":{"type":"Polygon","coordinates":[[[121.63242711821398,24.684676365087824],[121.63247268062551,24.693704570691537],[121.64235458180816,24.693662609125717],[121.64230830763725,24.684634420873373],[121.63242711821398,24.684676365087824]]]},"properties":{"grid_id":"G042_032","綠地類型":"河川沿岸自然地表","中心經度":121.637391,"中心緯度":24.68917,"分析面積_km2":1.04,"2020面積_ha":44.28,"2024面積_ha":47.34,"面積減少率_pct":0.0,"2020斑塊數":2,"2024斑塊數":1,"斑塊數增加率_pct":0.0,"2020平均斑塊面積_ha":2482.56,"2024平均斑塊面積_ha":6380.64,"平均斑塊面積下降率_pct":0.0,"道路切割密度_km_per_km2":1.298,"建成區邊界切割密度_km_per_km2":0.0,"孤立小斑塊比例_pct":0.0,"距大型連續綠地平均距離_m":0.0,"score_面積減少":36.206896551724135,"score_斑塊增加":44.260435571687836,"score_平均斑塊縮小":28.153357531760438,"score_道路建成區切割":40.85753176043558,"score_孤立比例":40.58529945553539,"score_距大型綠地":38.40744101633394,"綜合破碎化分數":38.1,"破碎化等級":"低","判定原因":"面積減少0.0%；斑塊增加0.0%；平均斑塊縮小0.0%；道路密度1.30 km/km²；孤立比例0.0%；距大型綠地0m","2021面積_ha":48.96,"2022面積_ha":48.24,"2023面積_ha":48.42}},{"type":"Feature","geometry":{"type":"Polygon","coordinates":[[[121.54357378859241,24.703081292836075],[121.54353461325249,24.69405295408875],[121.537616526812,24.694074266244236],[121.5376513,24.694100599999995],[121.53865290000002,24.694442699999996],[121.5388312,24.6945831],[121.53887230000001,24.694698399999993],[121.53883499999999,24.6949353],[121.53861570000001,24.695484300000004],[121.53858450000001,24.695661199999996],[121.53847080000001,24.696578500000005],[121.5384667,24.6967741],[121.5386074,24.6972478],[121.5386239,24.698003600000003],[121.5385991,24.6981089],[121.5385459,24.698197099999998],[121.53823080000001,24.698526299999997],[121.53802800000001,24.6988779],[121.5378376,24.699565899999993],[121.5378127,24.6997051],[121.5378583,24.699881799999996],[121.53791660000002,24.700001600000004],[121.5381232,24.700213999999995],[121.53855630000001,24.700607399999996],[121.5406191,24.7021482],[121.54085069999998,24.7023431],[121.5412428,24.702821700000005],[121.5413954408898,24.7030891673048],[121.54357378859241,24.703081292836075]]]},"properties":{"grid_id":"G043_022","綠地類型":"河川沿岸自然地表","中心經度":121.540842,"中心緯度":24.698692,"分析面積_km2":0.494,"2020面積_ha":14.58,"2024面積_ha":14.58,"面積減少率_pct":0.0,"2020斑塊數":1,"2024斑塊數":1,"斑塊數增加率_pct":0.0,"2020平均斑塊面積_ha":4961.97,"2024平均斑塊面積_ha":6380.64,"平均斑塊面積下降率_pct":0.0,"道路切割密度_km_per_km2":2.125,"建成區邊界切割密度_km_per_km2":0.0,"孤立小斑塊比例_pct":0.0,"距大型連續綠地平均距離_m":0.0,"score_面積減少":36.206896551724135,"score_斑塊增加":44.260435571687836,"score_平均斑塊縮小":28.153357531760438,"score_道路建成區切割":47.096188747731404,"score_孤立比例":40.58529945553539,"score_距大型綠地":38.40744101633394,"綜合破碎化分數":39.1,"破碎化等級":"低","判定原因":"面積減少0.0%；斑塊增加0.0%；平均斑塊縮小0.0%；道路密度2.12 km/km²；孤立比例0.0%；距大型綠地0m","2021面積_ha":14.58,"2022面積_ha":14.58,"2023面積_ha":14.58}},{"type":"Feature","geometry":{"type":"Polygon","coordinates":[[[121.54353461325249,24.69405295408875],[121.54357378859241,24.703081292836075],[121.55345658912739,24.703045170541237],[121.55341670162227,24.69401684672671],[121.54353461325249,24.69405295408875]]]},"properties":{"grid_id":"G043_023","綠地類型":"河川沿岸自然地表","中心經度":121.548495,"中心緯度":24.698549,"分析面積_km2":1.04,"2020面積_ha":58.32,"2024面積_ha":58.32,"面積減少率_pct":0.0,"2020斑塊數":1,"2024斑塊數":1,"斑塊數增加率_pct":0.0,"2020平均斑塊面積_ha":4961.97,"2024平均斑塊面積_ha":6380.64,"平均斑塊面積下降率_pct":0.0,"道路切割密度_km_per_km2":0.0,"建成區邊界切割密度_km_per_km2":0.0,"孤立小斑塊比例_pct":0.0,"距大型連續綠地平均距離_m":0.0,"score_面積減少":36.206896551724135,"score_斑塊增加":44.260435571687836,"score_平均斑塊縮小":28.153357531760438,"score_道路建成區切割":25.941470054446462,"score_孤立比例":40.58529945553539,"score_距大型綠地":38.40744101633394,"綜合破碎化分數":35.6,"破碎化等級":"低","判定原因":"面積減少0.0%；斑塊增加0.0%；平均斑塊縮小0.0%；道路密度0.00 km/km²；孤立比例0.0%；距大型綠地0m","2021面積_ha":58.32,"2022面積_ha":58.32,"2023面積_ha":58.32}},{"type":"Feature","geometry":{"type":"Polygon","coordinates":[[[121.55341670162227,24.69401684672671],[121.55345658912739,24.703045170541237],[121.56333937024391,24.703008397489143],[121.56329877057973,24.693980088876422],[121.55341670162227,24.69401684672671]]]},"properties":{"grid_id":"G043_024","綠地類型":"河川沿岸自然地表","中心經度":121.558378,"中心緯度":24.698513,"分析面積_km2":1.04,"2020面積_ha":45.63,"2024面積_ha":45.63,"面積減少率_pct":0.0,"2020斑塊數":1,"2024斑塊數":1,"斑塊數增加率_pct":0.0,"2020平均斑塊面積_ha":4961.97,"2024平均斑塊面積_ha":6380.64,"平均斑塊面積下降率_pct":0.0,"道路切割密度_km_per_km2":0.0,"建成區邊界切割密度_km_per_km2":0.0,"孤立小斑塊比例_pct":0.0,"距大型連續綠地平均距離_m":0.0,"score_面積減少":36.206896551724135,"score_斑塊增加":44.260435571687836,"score_平均斑塊縮小":28.153357531760438,"score_道路建成區切割":25.941470054446462,"score_孤立比例":40.58529945553539,"score_距大型綠地":38.40744101633394,"綜合破碎化分數":35.6,"破碎化等級":"低","判定原因":"面積減少0.0%；斑塊增加0.0%；平均斑塊縮小0.0%；道路密度0.00 km/km²；孤立比例0.0%；距大型綠地0m","2021面積_ha":45.63,"2022面積_ha":45.63,"2023面積_ha":45.63}},{"type":"Feature","geometry":{"type":"Polygon","coordinates":[[[121.56329877057973,24.693980088876422],[121.56333937024391,24.703008397489143],[121.57322213159529,24.702970973684863],[121.5731808197783,24.693942680542968],[121.56329877057973,24.693980088876422]]]},"properties":{"grid_id":"G043_025","綠地類型":"河川沿岸自然地表","中心經度":121.56826,"中心緯度":24.698476,"分析面積_km2":1.04,"2020面積_ha":65.07,"2024面積_ha":65.07,"面積減少率_pct":0.0,"2020斑塊數":1,"2024斑塊數":1,"斑塊數增加率_pct":0.0,"2020平均斑塊面積_ha":4961.97,"2024平均斑塊面積_ha":6380.64,"平均斑塊面積下降率_pct":0.0,"道路切割密度_km_per_km2":0.0,"建成區邊界切割密度_km_per_km2":0.0,"孤立小斑塊比例_pct":0.0,"距大型連續綠地平均距離_m":0.0,"score_面積減少":36.206896551724135,"score_斑塊增加":44.260435571687836,"score_平均斑塊縮小":28.153357531760438,"score_道路建成區切割":25.941470054446462,"score_孤立比例":40.58529945553539,"score_距大型綠地":38.40744101633394,"綜合破碎化分數":35.6,"破碎化等級":"低","判定原因":"面積減少0.0%；斑塊增加0.0%；平均斑塊縮小0.0%；道路密度0.00 km/km²；孤立比例0.0%；距大型綠地0m","2021面積_ha":65.07,"2022面積_ha":65.07,"2023面積_ha":65.07}},{"type":"Feature","geometry":{"type":"Polygon","coordinates":[[[121.5731808197783,24.693942680542968],[121.57322213159529,24.702970973684863],[121.58310487283484,24.702932899133586],[121.5830628488714,24.69390462173151],[121.5731808197783,24.693942680542968]]]},"properties":{"grid_id":"G043_026","綠地類型":"河川沿岸自然地表","中心經度":121.578143,"中心緯度":24.698438,"分析面積_km2":1.04,"2020面積_ha":11.61,"2024面積_ha":11.61,"面積減少率_pct":0.0,"2020斑塊數":1,"2024斑塊數":1,"斑塊數增加率_pct":0.0,"2020平均斑塊面積_ha":4961.97,"2024平均斑塊面積_ha":6380.64,"平均斑塊面積下降率_pct":0.0,"道路切割密度_km_per_km2":1.73,"建成區邊界切割密度_km_per_km2":0.0,"孤立小斑塊比例_pct":0.0,"距大型連續綠地平均距離_m":0.0,"score_面積減少":36.206896551724135,"score_斑塊增加":44.260435571687836,"score_平均斑塊縮小":28.153357531760438,"score_道路建成區切割":44.657441016333934,"score_孤立比例":40.58529945553539,"score_距大型綠地":38.40744101633394,"綜合破碎化分數":38.7,"破碎化等級":"低","判定原因":"面積減少0.0%；斑塊增加0.0%；平均斑塊縮小0.0%；道路密度1.73 km/km²；孤立比例0.0%；距大型綠地0m","2021面積_ha":11.61,"2022面積_ha":11.61,"2023面積_ha":11.61}},{"type":"Feature","geometry":{"type":"Polygon","coordinates":[[[121.5929448575125,24.69386591244732],[121.5929875936159,24.702894173840566],[121.60287029359178,24.702854797811156],[121.60282684535503,24.69382655269574],[121.5929448575125,24.69386591244732]]]},"properties":{"grid_id":"G043_028","綠地類型":"河川沿岸自然地表","中心經度":121.597907,"中心緯度":24.69836,"分析面積_km2":1.04,"2020面積_ha":9.81,"2024面積_ha":9.81,"面積減少率_pct":0.0,"2020斑塊數":1,"2024斑塊數":1,"斑塊數增加率_pct":0.0,"2020平均斑塊面積_ha":4961.97,"2024平均斑塊面積_ha":6380.64,"平均斑塊面積下降率_pct":0.0,"道路切割密度_km_per_km2":2.537,"建成區邊界切割密度_km_per_km2":0.0,"孤立小斑塊比例_pct":0.0,"距大型連續綠地平均距離_m":0.0,"score_面積減少":36.206896551724135,"score_斑塊增加":44.260435571687836,"score_平均斑塊縮小":28.153357531760438,"score_道路建成區切割":48.95644283121597,"score_孤立比例":40.58529945553539,"score_距大型綠地":38.40744101633394,"綜合破碎化分數":39.4,"破碎化等級":"低","判定原因":"面積減少0.0%；斑塊增加0.0%；平均斑塊縮小0.0%；道路密度2.54 km/km²；孤立比例0.0%；距大型綠地0m","2021面積_ha":9.81,"2022面積_ha":9.81,"2023面積_ha":9.81}},{"type":"Feature","geometry":{"type":"Polygon","coordinates":[[[121.64235458180816,24.693662609125717],[121.64240087851041,24.702690786439877],[121.65228346926058,24.702648156811975],[121.65223646045953,24.69361999712061],[121.64235458180816,24.693662609125717]]]},"properties":{"grid_id":"G043_033","綠地類型":"河川沿岸自然地表","中心經度":121.647319,"中心緯度":24.698155,"分析面積_km2":1.04,"2020面積_ha":15.39,"2024面積_ha":18.45,"面積減少率_pct":0.0,"2020斑塊數":2,"2024斑塊數":1,"斑塊數增加率_pct":0.0,"2020平均斑塊面積_ha":2482.56,"2024平均斑塊面積_ha":6380.64,"平均斑塊面積下降率_pct":0.0,"道路切割密度_km_per_km2":1.932,"建成區邊界切割密度_km_per_km2":0.0,"孤立小斑塊比例_pct":0.0,"距大型連續綠地平均距離_m":0.0,"score_面積減少":36.206896551724135,"score_斑塊增加":44.260435571687836,"score_平均斑塊縮小":28.153357531760438,"score_道路建成區切割":46.01860254083485,"score_孤立比例":40.58529945553539,"score_距大型綠地":38.40744101633394,"綜合破碎化分數":38.9,"破碎化等級":"低","判定原因":"面積減少0.0%；斑塊增加0.0%；平均斑塊縮小0.0%；道路密度1.93 km/km²；孤立比例0.0%；距大型綠地0m","2021面積_ha":18.18,"2022面積_ha":18.36,"2023面積_ha":18.36}},{"type":"Feature","geometry":{"type":"Polygon","coordinates":[[[121.65223646045953,24.69361999712061],[121.65228346926058,24.702648156811975],[121.66216603712567,24.7026048764817],[121.66211831623305,24.69357673468211],[121.65223646045953,24.69361999712061]]]},"properties":{"grid_id":"G043_034","綠地類型":"河川沿岸自然地表","中心經度":121.657201,"中心緯度":24.698113,"分析面積_km2":1.04,"2020面積_ha":20.7,"2024面積_ha":21.78,"面積減少率_pct":0.0,"2020斑塊數":1,"2024斑塊數":1,"斑塊數增加率_pct":0.0,"2020平均斑塊面積_ha":4961.97,"2024平均斑塊面積_ha":6380.64,"平均斑塊面積下降率_pct":0.0,"道路切割密度_km_per_km2":1.874,"建成區邊界切割密度_km_per_km2":0.0,"孤立小斑塊比例_pct":0.0,"距大型連續綠地平均距離_m":0.0,"score_面積減少":36.206896551724135,"score_斑塊增加":44.260435571687836,"score_平均斑塊縮小":28.153357531760438,"score_道路建成區切割":45.61025408348458,"score_孤立比例":40.58529945553539,"score_距大型綠地":38.40744101633394,"綜合破碎化分數":38.9,"破碎化等級":"低","判定原因":"面積減少0.0%；斑塊增加0.0%；平均斑塊縮小0.0%；道路密度1.87 km/km²；孤立比例0.0%；距大型綠地0m","2021面積_ha":21.87,"2022面積_ha":21.87,"2023面積_ha":21.42}},{"type":"Feature","geometry":{"type":"Polygon","coordinates":[[[121.56337998967322,24.71203669517908],[121.56333937024391,24.703008397489143],[121.55345658912739,24.703045170541237],[121.5534768858874,24.707637543232696],[121.55383900000001,24.707870999999997],[121.5542694,24.708262099999995],[121.55486680000001,24.708968899999995],[121.5552462,24.709766],[121.5558187,24.7107046],[121.5560915,24.710984999999994],[121.55636660000002,24.71118179999999],[121.5564951,24.711248399999995],[121.5567353,24.711309399999998],[121.5569519,24.711304100000003],[121.55726790000001,24.711213700000002],[121.5580464,24.71092659999999],[121.55821660000001,24.710933900000004],[121.5587253,24.711133899999997],[121.55946869999998,24.7113572],[121.55985500000001,24.7115167],[121.5603694,24.7117556],[121.56087990212043,24.712046062502356],[121.56337998967322,24.71203669517908]]]},"properties":{"grid_id":"G044_024","綠地類型":"河川沿岸自然地表","中心經度":121.558408,"中心緯度":24.705323,"分析面積_km2":0.898,"2020面積_ha":47.88,"2024面積_ha":47.88,"面積減少率_pct":0.0,"2020斑塊數":1,"2024斑塊數":1,"斑塊數增加率_pct":0.0,"2020平均斑塊面積_ha":4961.97,"2024平均斑塊面積_ha":6380.64,"平均斑塊面積下降率_pct":0.0,"道路切割密度_km_per_km2":0.701,"建成區邊界切割密度_km_per_km2":0.0,"孤立小斑塊比例_pct":0.0,"距大型連續綠地平均距離_m":0.0,"score_面積減少":36.206896551724135,"score_斑塊增加":44.260435571687836,"score_平均斑塊縮小":28.153357531760438,"score_道路建成區切割":37.862976406533576,"score_孤立比例":40.58529945553539,"score_距大型綠地":38.40744101633394,"綜合破碎化分數":37.6,"破碎化等級":"低","判定原因":"面積減少0.0%；斑塊增加0.0%；平均斑塊縮小0.0%；道路密度0.70 km/km²；孤立比例0.0%；距大型綠地0m","2021面積_ha":47.88,"2022面積_ha":47.88,"2023面積_ha":47.88}},{"type":"Feature","geometry":{"type":"Polygon","coordinates":[[[121.57322213159529,24.702970973684863],[121.56333937024391,24.703008397489143],[121.56337998967322,24.71203669517908],[121.56473260686836,24.71203160982814],[121.5648323,24.7119731],[121.5653217,24.711734700000004],[121.5656261,24.711654999999997],[121.56649820000001,24.711569899999997],[121.56712439999998,24.711543300000002],[121.56751070000001,24.711537999999997],[121.56773609999999,24.711569900000004],[121.5679409,24.7116178],[121.56831090000001,24.711793000000004],[121.56860917729419,24.712016967768893],[121.57152307374125,24.71200589584909],[121.5718174,24.7113304],[121.57205250000001,24.710679399999997],[121.5721832,24.710541600000003],[121.57234120000001,24.710440600000002],[121.5724683,24.710399599999995],[121.57325590952003,24.710349536470716],[121.57322213159529,24.702970973684863]]]},"properties":{"grid_id":"G044_025","綠地類型":"河川沿岸自然地表","中心經度":121.568297,"中心緯度":24.706679,"分析面積_km2":0.988,"2020面積_ha":62.28,"2024面積_ha":62.28,"面積減少率_pct":0.0,"2020斑塊數":1,"2024斑塊數":1,"斑塊數增加率_pct":0.0,"2020平均斑塊面積_ha":4961.97,"2024平均斑塊面積_ha":6380.64,"平均斑塊面積下降率_pct":0.0,"道路切割密度_km_per_km2":2.338,"建成區邊界切割密度_km_per_km2":0.0,"孤立小斑塊比例_pct":0.0,"距大型連續綠地平均距離_m":0.0,"score_面積減少":36.206896551724135,"score_斑塊增加":44.260435571687836,"score_平均斑塊縮小":28.153357531760438,"score_道路建成區切割":48.253176043557175,"score_孤立比例":40.58529945553539,"score_距大型綠地":38.40744101633394,"綜合破碎化分數":39.3,"破碎化等級":"低","判定原因":"面積減少0.0%；斑塊增加0.0%；平均斑塊縮小0.0%；道路密度2.34 km/km²；孤立比例0.0%；距大型綠地0m","2021面積_ha":62.28,"2022面積_ha":62.28,"2023面積_ha":62.28}},{"type":"Feature","geometry":{"type":"Polygon","coordinates":[[[121.58310487283484,24.702932899133586],[121.58314691725674,24.711961165608525],[121.59303035052444,24.71192242430443],[121.5929875936159,24.702894173840566],[121.58310487283484,24.702932899133586]]]},"properties":{"grid_id":"G044_027","綠地類型":"河川沿岸自然地表","中心經度":121.588067,"中心緯度":24.707428,"分析面積_km2":1.04,"2020面積_ha":42.12,"2024面積_ha":42.12,"面積減少率_pct":0.0,"2020斑塊數":1,"2024斑塊數":1,"斑塊數增加率_pct":0.0,"2020平均斑塊面積_ha":4961.97,"2024平均斑塊面積_ha":6380.64,"平均斑塊面積下降率_pct":0.0,"道路切割密度_km_per_km2":1.499,"建成區邊界切割密度_km_per_km2":0.0,"孤立小斑塊比例_pct":0.0,"距大型連續綠地平均距離_m":0.0,"score_面積減少":36.206896551724135,"score_斑塊增加":44.260435571687836,"score_平均斑塊縮小":28.153357531760438,"score_道路建成區切割":42.615698729582576,"score_孤立比例":40.58529945553539,"score_距大型綠地":38.40744101633394,"綜合破碎化分數":38.4,"破碎化等級":"低","判定原因":"面積減少0.0%；斑塊增加0.0%；平均斑塊縮小0.0%；道路密度1.50 km/km²；孤立比例0.0%；距大型綠地0m","2021面積_ha":42.12,"2022面積_ha":42.12,"2023面積_ha":42.12}},{"type":"Feature","geometry":{"type":"Polygon","coordinates":[[[121.5929875936159,24.702894173840566],[121.59303035052444,24.71192242430443],[121.60291376298038,24.71188303199492],[121.60287029359178,24.702854797811156],[121.5929875936159,24.702894173840566]]]},"properties":{"grid_id":"G044_028","綠地類型":"河川沿岸自然地表","中心經度":121.597951,"中心緯度":24.707389,"分析面積_km2":1.04,"2020面積_ha":57.42,"2024面積_ha":57.42,"面積減少率_pct":0.0,"2020斑塊數":1,"2024斑塊數":1,"斑塊數增加率_pct":0.0,"2020平均斑塊面積_ha":4961.97,"2024平均斑塊面積_ha":6380.64,"平均斑塊面積下降率_pct":0.0,"道路切割密度_km_per_km2":0.0,"建成區邊界切割密度_km_per_km2":0.0,"孤立小斑塊比例_pct":0.0,"距大型連續綠地平均距離_m":0.0,"score_面積減少":36.206896551724135,"score_斑塊增加":44.260435571687836,"score_平均斑塊縮小":28.153357531760438,"score_道路建成區切割":25.941470054446462,"score_孤立比例":40.58529945553539,"score_距大型綠地":38.40744101633394,"綜合破碎化分數":35.6,"破碎化等級":"低","判定原因":"面積減少0.0%；斑塊增加0.0%；平均斑塊縮小0.0%；道路密度0.00 km/km²；孤立比例0.0%；距大型綠地0m","2021面積_ha":57.42,"2022面積_ha":57.42,"2023面積_ha":57.42}},{"type":"Feature","geometry":{"type":"Polygon","coordinates":[[[121.59307312824473,24.720950663835968],[121.59303035052444,24.71192242430443],[121.58314691725674,24.711961165608525],[121.58318736852547,24.720643176527922],[121.58337010000001,24.7205719],[121.5837716,24.720444099999998],[121.5844669,24.720267400000004],[121.5848527,24.720228599999995],[121.585336,24.720105700000005],[121.5857458,24.720041799999997],[121.58636,24.720025199999995],[121.58701410000002,24.720073000000003],[121.5872978,24.720162399999996],[121.5876804,24.720323400000005],[121.587945,24.720503599999994],[121.588226,24.720789],[121.5883935605877,24.72096909435909],[121.59307312824473,24.720950663835968]]]},"properties":{"grid_id":"G045_027","綠地類型":"河川沿岸自然地表","中心經度":121.588108,"中心緯度":24.71598,"分析面積_km2":0.994,"2020面積_ha":55.98,"2024面積_ha":55.98,"面積減少率_pct":0.0,"2020斑塊數":1,"2024斑塊數":1,"斑塊數增加率_pct":0.0,"2020平均斑塊面積_ha":4961.97,"2024平均斑塊面積_ha":6380.64,"平均斑塊面積下降率_pct":0.0,"道路切割密度_km_per_km2":0.0,"建成區邊界切割密度_km_per_km2":0.0,"孤立小斑塊比例_pct":0.0,"距大型連續綠地平均距離_m":0.0,"score_面積減少":36.206896551724135,"score_斑塊增加":44.260435571687836,"score_平均斑塊縮小":28.153357531760438,"score_道路建成區切割":25.941470054446462,"score_孤立比例":40.58529945553539,"score_距大型綠地":38.40744101633394,"綜合破碎化分數":35.6,"破碎化等級":"低","判定原因":"面積減少0.0%；斑塊增加0.0%；平均斑塊縮小0.0%；道路密度0.00 km/km²；孤立比例0.0%；距大型綠地0m","2021面積_ha":55.98,"2022面積_ha":55.98,"2023面積_ha":55.98}},{"type":"Feature","geometry":{"type":"Polygon","coordinates":[[[121.59303035052444,24.71192242430443],[121.59307312824473,24.720950663835968],[121.60295725352749,24.72091125524406],[121.60291376298038,24.71188303199492],[121.59303035052444,24.71192242430443]]]},"properties":{"grid_id":"G045_028","綠地類型":"河川沿岸自然地表","中心經度":121.597994,"中心緯度":24.716417,"分析面積_km2":1.04,"2020面積_ha":48.24,"2024面積_ha":48.24,"面積減少率_pct":0.0,"2020斑塊數":2,"2024斑塊數":2,"斑塊數增加率_pct":0.0,"2020平均斑塊面積_ha":3734.595,"2024平均斑塊面積_ha":4442.04,"平均斑塊面積下降率_pct":0.0,"道路切割密度_km_per_km2":0.0,"建成區邊界切割密度_km_per_km2":0.0,"孤立小斑塊比例_pct":0.0,"距大型連續綠地平均距離_m":0.0,"score_面積減少":36.206896551724135,"score_斑塊增加":44.260435571687836,"score_平均斑塊縮小":28.153357531760438,"score_道路建成區切割":25.941470054446462,"score_孤立比例":40.58529945553539,"score_距大型綠地":38.40744101633394,"綜合破碎化分數":35.6,"破碎化等級":"低","判定原因":"面積減少0.0%；斑塊增加0.0%；平均斑塊縮小0.0%；道路密度0.00 km/km²；孤立比例0.0%；距大型綠地0m","2021面積_ha":48.24,"2022面積_ha":48.24,"2023面積_ha":48.24}},{"type":"Feature","geometry":{"type":"Polygon","coordinates":[[[121.60291376298038,24.71188303199492],[121.60295725352749,24.72091125524406],[121.61284135764501,24.7208711953831],[121.61279715427774,24.711842988685422],[121.60291376298038,24.71188303199492]]]},"properties":{"grid_id":"G045_029","綠地類型":"河川沿岸自然地表","中心經度":121.607877,"中心緯度":24.716377,"分析面積_km2":1.04,"2020面積_ha":25.65,"2024面積_ha":25.65,"面積減少率_pct":0.0,"2020斑塊數":2,"2024斑塊數":2,"斑塊數增加率_pct":0.0,"2020平均斑塊面積_ha":3734.595,"2024平均斑塊面積_ha":4442.04,"平均斑塊面積下降率_pct":0.0,"道路切割密度_km_per_km2":0.0,"建成區邊界切割密度_km_per_km2":0.0,"孤立小斑塊比例_pct":0.0,"距大型連續綠地平均距離_m":0.0,"score_面積減少":36.206896551724135,"score_斑塊增加":44.260435571687836,"score_平均斑塊縮小":28.153357531760438,"score_道路建成區切割":25.941470054446462,"score_孤立比例":40.58529945553539,"score_距大型綠地":38.40744101633394,"綜合破碎化分數":35.6,"破碎化等級":"低","判定原因":"面積減少0.0%；斑塊增加0.0%；平均斑塊縮小0.0%；道路密度0.00 km/km²；孤立比例0.0%；距大型綠地0m","2021面積_ha":25.65,"2022面積_ha":25.65,"2023面積_ha":25.65}},{"type":"Feature","geometry":{"type":"Polygon","coordinates":[[[121.59307312824473,24.720950663835968],[121.5883935605877,24.72096909435909],[121.58921810000001,24.721855299999998],[121.5896811,24.722516100000004],[121.5903868,24.723380299999995],[121.5906566,24.7236575],[121.5910203,24.7238227],[121.59163210000001,24.723987999999995],[121.5920502,24.7242011],[121.59283909999999,24.724798900000003],[121.59309267170488,24.725073846798107],[121.59307312824473,24.720950663835968]]]},"properties":{"grid_id":"G046_027","綠地類型":"河川沿岸自然地表","中心經度":121.591558,"中心緯度":24.722942,"分析面積_km2":0.142,"2020面積_ha":1.26,"2024面積_ha":1.26,"面積減少率_pct":0.0,"2020斑塊數":1,"2024斑塊數":1,"斑塊數增加率_pct":0.0,"2020平均斑塊面積_ha":4961.97,"2024平均斑塊面積_ha":6380.64,"平均斑塊面積下降率_pct":0.0,"道路切割密度_km_per_km2":0.0,"建成區邊界切割密度_km_per_km2":0.0,"孤立小斑塊比例_pct":0.0,"距大型連續綠地平均距離_m":0.0,"score_面積減少":36.206896551724135,"score_斑塊增加":44.260435571687836,"score_平均斑塊縮小":28.153357531760438,"score_道路建成區切割":25.941470054446462,"score_孤立比例":40.58529945553539,"score_距大型綠地":38.40744101633394,"綜合破碎化分數":35.6,"破碎化等級":"低","判定原因":"面積減少0.0%；斑塊增加0.0%；平均斑塊縮小0.0%；道路密度0.00 km/km²；孤立比例0.0%；距大型綠地0m","2021面積_ha":1.26,"2022面積_ha":1.26,"2023面積_ha":1.26}},{"type":"Feature","geometry":{"type":"Polygon","coordinates":[[[121.60300076523986,24.729939467555642],[121.60295725352749,24.72091125524406],[121.59307312824473,24.720950663835968],[121.59309267170488,24.725073846798107],[121.5933516,24.7253546],[121.59362910000002,24.725605999999996],[121.5943437,24.7260305],[121.5955678,24.726637699999998],[121.5959572,24.726867999999996],[121.59615439999999,24.726926],[121.5965544,24.726900599999997],[121.59668849999998,24.726942199999996],[121.5969546,24.7271985],[121.59739950000001,24.7275279],[121.5975689,24.7277194],[121.59761439999998,24.727816999999998],[121.59762239999999,24.7281729],[121.5979178,24.728861900000002],[121.597925,24.7290661],[121.5978862,24.729209999999995],[121.59780969999998,24.729253799999995],[121.59757329999998,24.729264000000004],[121.5969047,24.729143999999994],[121.59676940000001,24.729197599999996],[121.5957759,24.7293157],[121.59553220000001,24.729318099999997],[121.59494590000001,24.7292405],[121.594331,24.729244200000004],[121.5940679,24.7292973],[121.5938692,24.729451200000003],[121.5937289,24.729753899999995],[121.59368789999999,24.729923799999998],[121.59368245631201,24.72997665047819],[121.60300076523986,24.729939467555642]]]},"properties":{"grid_id":"G046_028","綠地類型":"河川沿岸自然地表","中心經度":121.598235,"中心緯度":24.725461,"分析面積_km2":0.888,"2020面積_ha":54.18,"2024面積_ha":54.18,"面積減少率_pct":0.0,"2020斑塊數":2,"2024斑塊數":2,"斑塊數增加率_pct":0.0,"2020平均斑塊面積_ha":3734.595,"2024平均斑塊面積_ha":4442.04,"平均斑塊面積下降率_pct":0.0,"道路切割密度_km_per_km2":0.034,"建成區邊界切割密度_km_per_km2":0.0,"孤立小斑塊比例_pct":0.0,"距大型連續綠地平均距離_m":0.0,"score_面積減少":36.206896551724135,"score_斑塊增加":44.260435571687836,"score_平均斑塊縮小":28.153357531760438,"score_道路建成區切割":34.029038112522684,"score_孤立比例":40.58529945553539,"score_距大型綠地":38.40744101633394,"綜合破碎化分數":36.9,"破碎化等級":"低","判定原因":"面積減少0.0%；斑塊增加0.0%；平均斑塊縮小0.0%；道路密度0.03 km/km²；孤立比例0.0%；距大型綠地0m","2021面積_ha":54.18,"2022面積_ha":54.18,"2023面積_ha":54.18}},{"type":"Feature","geometry":{"type":"Polygon","coordinates":[[[121.65237755552519,24.720704443360862],[121.65242463300326,24.72973257021247],[121.66230933922331,24.729689236191827],[121.66226154861344,24.72066112723952],[121.65237755552519,24.720704443360862]]]},"properties":{"grid_id":"G046_034","綠地類型":"河川沿岸自然地表","中心經度":121.657343,"中心緯度":24.725197,"分析面積_km2":1.04,"2020面積_ha":17.91,"2024面積_ha":17.91,"面積減少率_pct":0.0,"2020斑塊數":2,"2024斑塊數":2,"斑塊數增加率_pct":0.0,"2020平均斑塊面積_ha":2527.29,"2024平均斑塊面積_ha":3330.72,"平均斑塊面積下降率_pct":0.0,"道路切割密度_km_per_km2":1.413,"建成區邊界切割密度_km_per_km2":0.0,"孤立小斑塊比例_pct":0.0,"距大型連續綠地平均距離_m":0.0,"score_面積減少":36.206896551724135,"score_斑塊增加":44.260435571687836,"score_平均斑塊縮小":28.153357531760438,"score_道路建成區切割":41.685571687840294,"score_孤立比例":40.58529945553539,"score_距大型綠地":38.40744101633394,"綜合破碎化分數":38.2,"破碎化等級":"低","判定原因":"面積減少0.0%；斑塊增加0.0%；平均斑塊縮小0.0%；道路密度1.41 km/km²；孤立比例0.0%；距大型綠地0m","2021面積_ha":17.91,"2022面積_ha":17.91,"2023面積_ha":17.91}},{"type":"Feature","geometry":{"type":"Polygon","coordinates":[[[121.66226154861344,24.72066112723952],[121.66230933922331,24.729689236191827],[121.67219402218957,24.729645250667627],[121.67214551845524,24.7206171598837],[121.66226154861344,24.72066112723952]]]},"properties":{"grid_id":"G046_035","綠地類型":"河川沿岸自然地表","中心經度":121.667228,"中心緯度":24.725153,"分析面積_km2":1.04,"2020面積_ha":15.75,"2024面積_ha":15.75,"面積減少率_pct":0.0,"2020斑塊數":1,"2024斑塊數":1,"斑塊數增加率_pct":0.0,"2020平均斑塊面積_ha":92.61,"2024平均斑塊面積_ha":280.8,"平均斑塊面積下降率_pct":0.0,"道路切割密度_km_per_km2":1.038,"建成區邊界切割密度_km_per_km2":0.0,"孤立小斑塊比例_pct":0.0,"距大型連續綠地平均距離_m":0.0,"score_面積減少":36.206896551724135,"score_斑塊增加":44.260435571687836,"score_平均斑塊縮小":28.153357531760438,"score_道路建成區切割":39.67785843920145,"score_孤立比例":40.58529945553539,"score_距大型綠地":38.40744101633394,"綜合破碎化分數":37.9,"破碎化等級":"低","判定原因":"面積減少0.0%；斑塊增加0.0%；平均斑塊縮小0.0%；道路密度1.04 km/km²；孤立比例0.0%；距大型綠地0m","2021面積_ha":15.75,"2022面積_ha":15.75,"2023面積_ha":15.75}},{"type":"Feature","geometry":{"type":"Polygon","coordinates":[[[121.65242463300326,24.72973257021247],[121.65247173338817,24.738760686111572],[121.66235715308699,24.738717334189122],[121.66230933922331,24.729689236191827],[121.65242463300326,24.72973257021247]]]},"properties":{"grid_id":"G047_034","綠地類型":"河川沿岸自然地表","中心經度":121.657391,"中心緯度":24.734225,"分析面積_km2":1.04,"2020面積_ha":13.14,"2024面積_ha":13.14,"面積減少率_pct":0.0,"2020斑塊數":1,"2024斑塊數":1,"斑塊數增加率_pct":0.0,"2020平均斑塊面積_ha":92.61,"2024平均斑塊面積_ha":280.8,"平均斑塊面積下降率_pct":0.0,"道路切割密度_km_per_km2":2.509,"建成區邊界切割密度_km_per_km2":0.0,"孤立小斑塊比例_pct":0.0,"距大型連續綠地平均距離_m":0.0,"score_面積減少":36.206896551724135,"score_斑塊增加":44.260435571687836,"score_平均斑塊縮小":28.153357531760438,"score_道路建成區切割":48.8543557168784,"score_孤立比例":40.58529945553539,"score_距大型綠地":38.40744101633394,"綜合破碎化分數":39.4,"破碎化等級":"低","判定原因":"面積減少0.0%；斑塊增加0.0%；平均斑塊縮小0.0%；道路密度2.51 km/km²；孤立比例0.0%；距大型綠地0m","2021面積_ha":13.14,"2022面積_ha":13.14,"2023面積_ha":13.14}},{"type":"Feature","geometry":{"type":"Polygon","coordinates":[[[121.65266036414152,24.774873040123776],[121.65270757916966,24.783901101215996],[121.66259657147071,24.78385765974682],[121.66254864122732,24.77482961656897],[121.65266036414152,24.774873040123776]]]},"properties":{"grid_id":"G052_034","綠地類型":"河川沿岸自然地表","中心經度":121.657628,"中心緯度":24.779365,"分析面積_km2":1.04,"2020面積_ha":29.34,"2024面積_ha":29.34,"面積減少率_pct":0.0,"2020斑塊數":2,"2024斑塊數":2,"斑塊數增加率_pct":0.0,"2020平均斑塊面積_ha":1941.03,"2024平均斑塊面積_ha":1942.38,"平均斑塊面積下降率_pct":0.0,"道路切割密度_km_per_km2":1.586,"建成區邊界切割密度_km_per_km2":0.0,"孤立小斑塊比例_pct":0.0,"距大型連續綠地平均距離_m":0.0,"score_面積減少":36.206896551724135,"score_斑塊增加":44.260435571687836,"score_平均斑塊縮小":28.153357531760438,"score_道路建成區切割":43.30762250453721,"score_孤立比例":40.58529945553539,"score_距大型綠地":38.40744101633394,"綜合破碎化分數":38.5,"破碎化等級":"低","判定原因":"面積減少0.0%；斑塊增加0.0%；平均斑塊縮小0.0%；道路密度1.59 km/km²；孤立比例0.0%；距大型綠地0m","2021面積_ha":29.34,"2022面積_ha":29.34,"2023面積_ha":29.34}},{"type":"Feature","geometry":{"type":"Polygon","coordinates":[[[121.63292952606369,24.783986024773654],[121.63297533289479,24.79301410992135],[121.64286508632654,24.792971957329772],[121.64281856391811,24.78394388956025],[121.63292952606369,24.783986024773654]]]},"properties":{"grid_id":"G053_032","綠地類型":"河川沿岸自然地表","中心經度":121.637897,"中心緯度":24.788479,"分析面積_km2":1.04,"2020面積_ha":38.25,"2024面積_ha":38.25,"面積減少率_pct":0.0,"2020斑塊數":2,"2024斑塊數":2,"斑塊數增加率_pct":0.0,"2020平均斑塊面積_ha":1941.03,"2024平均斑塊面積_ha":1942.38,"平均斑塊面積下降率_pct":0.0,"道路切割密度_km_per_km2":1.384,"建成區邊界切割密度_km_per_km2":0.0,"孤立小斑塊比例_pct":0.0,"距大型連續綠地平均距離_m":0.0,"score_面積減少":36.206896551724135,"score_斑塊增加":44.260435571687836,"score_平均斑塊縮小":28.153357531760438,"score_道路建成區切割":41.44736842105263,"score_孤立比例":40.58529945553539,"score_距大型綠地":38.40744101633394,"綜合破碎化分數":38.2,"破碎化等級":"低","判定原因":"面積減少0.0%；斑塊增加0.0%；平均斑塊縮小0.0%；道路密度1.38 km/km²；孤立比例0.0%；距大型綠地0m","2021面積_ha":38.25,"2022面積_ha":38.25,"2023面積_ha":38.25}},{"type":"Feature","geometry":{"type":"Polygon","coordinates":[[[121.64281856391811,24.78394388956025],[121.64286508632654,24.792971957329772],[121.65275481714828,24.792929151337987],[121.65270757916966,24.783901101215996],[121.64281856391811,24.78394388956025]]]},"properties":{"grid_id":"G053_033","綠地類型":"河川沿岸自然地表","中心經度":121.647787,"中心緯度":24.788437,"分析面積_km2":1.04,"2020面積_ha":26.82,"2024面積_ha":26.82,"面積減少率_pct":0.0,"2020斑塊數":2,"2024斑塊數":2,"斑塊數增加率_pct":0.0,"2020平均斑塊面積_ha":1941.03,"2024平均斑塊面積_ha":1942.38,"平均斑塊面積下降率_pct":0.0,"道路切割密度_km_per_km2":0.98,"建成區邊界切割密度_km_per_km2":0.0,"孤立小斑塊比例_pct":0.0,"距大型連續綠地平均距離_m":0.0,"score_面積減少":36.206896551724135,"score_斑塊增加":44.260435571687836,"score_平均斑塊縮小":28.153357531760438,"score_道路建成區切割":39.3942831215971,"score_孤立比例":40.58529945553539,"score_距大型綠地":38.40744101633394,"綜合破碎化分數":37.8,"破碎化等級":"低","判定原因":"面積減少0.0%；斑塊增加0.0%；平均斑塊縮小0.0%；道路密度0.98 km/km²；孤立比例0.0%；距大型綠地0m","2021面積_ha":26.82,"2022面積_ha":26.82,"2023面積_ha":26.82}},{"type":"Feature","geometry":{"type":"Polygon","coordinates":[[[121.65270757916966,24.783901101215996],[121.65275481714828,24.792929151337987],[121.66264452501224,24.7928856919519],[121.66259657147071,24.78385765974682],[121.65270757916966,24.783901101215996]]]},"properties":{"grid_id":"G053_034","綠地類型":"河川沿岸自然地表","中心經度":121.657676,"中心緯度":24.788393,"分析面積_km2":1.04,"2020面積_ha":59.49,"2024面積_ha":59.49,"面積減少率_pct":0.0,"2020斑塊數":1,"2024斑塊數":1,"斑塊數增加率_pct":0.0,"2020平均斑塊面積_ha":1374.84,"2024平均斑塊面積_ha":1381.32,"平均斑塊面積下降率_pct":0.0,"道路切割密度_km_per_km2":1.298,"建成區邊界切割密度_km_per_km2":0.0,"孤立小斑塊比例_pct":0.0,"距大型連續綠地平均距離_m":0.0,"score_面積減少":36.206896551724135,"score_斑塊增加":44.260435571687836,"score_平均斑塊縮小":28.153357531760438,"score_道路建成區切割":40.85753176043558,"score_孤立比例":40.58529945553539,"score_距大型綠地":38.40744101633394,"綜合破碎化分數":38.1,"破碎化等級":"低","判定原因":"面積減少0.0%；斑塊增加0.0%；平均斑塊縮小0.0%；道路密度1.30 km/km²；孤立比例0.0%；距大型綠地0m","2021面積_ha":59.49,"2022面積_ha":59.22,"2023面積_ha":59.49}},{"type":"Feature","geometry":{"type":"Polygon","coordinates":[[[121.63302116198814,24.802042184100774],[121.63297533289479,24.79301410992135],[121.62308555720074,24.79305560910688],[121.62309080163206,24.794105355898036],[121.62356259999999,24.794382299999995],[121.6238585,24.794532999999998],[121.62431980000001,24.794713799999993],[121.6244861,24.7947298],[121.624937,24.794848700000003],[121.625139,24.7949177],[121.6253099,24.794966099999996],[121.62560399999998,24.795129499999994],[121.6258191,24.795436799999997],[121.62588960000001,24.795943700000002],[121.62602690000001,24.796487000000003],[121.62601349999998,24.796679999999995],[121.6258774,24.7970319],[121.62581489999998,24.797140499999994],[121.6257523,24.7973023],[121.62562580000001,24.7977519],[121.62555310000002,24.79787629999999],[121.62554689999999,24.797958800000004],[121.625473,24.798166],[121.62546619999999,24.798305099999997],[121.62515540000001,24.7994769],[121.6251191,24.79969919999999],[121.62504010000002,24.800070899999998],[121.6249558,24.800453500000003],[121.62488869999999,24.80081789999999],[121.62481879999999,24.801149699999993],[121.62482029999998,24.801411500000004],[121.62482050000001,24.801603099999998],[121.6248894,24.801966399999998],[121.62492940689165,24.802076198664068],[121.63302116198814,24.802042184100774]]]},"properties":{"grid_id":"G054_031","綠地類型":"河川沿岸自然地表","中心經度":121.629344,"中心緯度":24.797512,"分析面積_km2":0.839,"2020面積_ha":46.26,"2024面積_ha":46.26,"面積減少率_pct":0.0,"2020斑塊數":1,"2024斑塊數":1,"斑塊數增加率_pct":0.0,"2020平均斑塊面積_ha":1374.84,"2024平均斑塊面積_ha":1381.32,"平均斑塊面積下降率_pct":0.0,"道路切割密度_km_per_km2":2.504,"建成區邊界切割密度_km_per_km2":0.0,"孤立小斑塊比例_pct":0.0,"距大型連續綠地平均距離_m":0.0,"score_面積減少":36.206896551724135,"score_斑塊增加":44.260435571687836,"score_平均斑塊縮小":28.153357531760438,"score_道路建成區切割":48.79764065335753,"score_孤立比例":40.58529945553539,"score_距大型綠地":38.40744101633394,"綜合破碎化分數":39.4,"破碎化等級":"低","判定原因":"面積減少0.0%；斑塊增加0.0%；平均斑塊縮小0.0%；道路密度2.50 km/km²；孤立比例0.0%；距大型綠地0m","2021面積_ha":46.26,"2022面積_ha":46.26,"2023面積_ha":46.26}},{"type":"Feature","geometry":{"type":"Polygon","coordinates":[[[121.65275481714828,24.792929151337987],[121.65280207808465,24.801957190486775],[121.66269250185924,24.80191371318128],[121.66264452501224,24.7928856919519],[121.65275481714828,24.792929151337987]]]},"properties":{"grid_id":"G054_034","綠地類型":"河川沿岸自然地表","中心經度":121.657723,"中心緯度":24.797422,"分析面積_km2":1.04,"2020面積_ha":40.59,"2024面積_ha":40.59,"面積減少率_pct":0.0,"2020斑塊數":1,"2024斑塊數":1,"斑塊數增加率_pct":0.0,"2020平均斑塊面積_ha":1374.84,"2024平均斑塊面積_ha":1381.32,"平均斑塊面積下降率_pct":0.0,"道路切割密度_km_per_km2":0.461,"建成區邊界切割密度_km_per_km2":0.0,"孤立小斑塊比例_pct":0.0,"距大型連續綠地平均距離_m":0.0,"score_面積減少":36.206896551724135,"score_斑塊增加":44.260435571687836,"score_平均斑塊縮小":28.153357531760438,"score_道路建成區切割":36.51315789473684,"score_孤立比例":40.58529945553539,"score_距大型綠地":38.40744101633394,"綜合破碎化分數":37.4,"破碎化等級":"低","判定原因":"面積減少0.0%；斑塊增加0.0%；平均斑塊縮小0.0%；道路密度0.46 km/km²；孤立比例0.0%；距大型綠地0m","2021面積_ha":40.59,"2022面積_ha":40.59,"2023面積_ha":40.59}},{"type":"Feature","geometry":{"type":"Polygon","coordinates":[[[121.66264452501224,24.7928856919519],[121.66269250185924,24.80191371318128],[121.67258290232091,24.801869582218107],[121.67253420957067,24.79284157917754],[121.66264452501224,24.7928856919519]]]},"properties":{"grid_id":"G054_035","綠地類型":"河川沿岸自然地表","中心經度":121.667614,"中心緯度":24.797378,"分析面積_km2":1.04,"2020面積_ha":48.6,"2024面積_ha":48.6,"面積減少率_pct":0.0,"2020斑塊數":1,"2024斑塊數":1,"斑塊數增加率_pct":0.0,"2020平均斑塊面積_ha":1374.84,"2024平均斑塊面積_ha":1381.32,"平均斑塊面積下降率_pct":0.0,"道路切割密度_km_per_km2":1.817,"建成區邊界切割密度_km_per_km2":0.0,"孤立小斑塊比例_pct":0.0,"距大型連續綠地平均距離_m":0.0,"score_面積減少":36.206896551724135,"score_斑塊增加":44.260435571687836,"score_平均斑塊縮小":28.153357531760438,"score_道路建成區切割":45.30399274047187,"score_孤立比例":40.58529945553539,"score_距大型綠地":38.40744101633394,"綜合破碎化分數":38.8,"破碎化等級":"低","判定原因":"面積減少0.0%；斑塊增加0.0%；平均斑塊縮小0.0%；道路密度1.82 km/km²；孤立比例0.0%；距大型綠地0m","2021面積_ha":48.6,"2022面積_ha":48.6,"2023面積_ha":48.6}},{"type":"Feature","geometry":{"type":"Polygon","coordinates":[[[121.64291163134502,24.802000014128584],[121.63302116198814,24.802042184100774],[121.63305753420333,24.809204178116044],[121.6333302,24.809204499999993],[121.63436490000001,24.809142700000002],[121.634915,24.8092009],[121.63534000000001,24.8092391],[121.6363195,24.8093074],[121.63722030000001,24.809432699999995],[121.63741760000002,24.809517600000003],[121.6375372,24.8095781],[121.637771,24.809742099999994],[121.6380235,24.8099431],[121.63820880000002,24.810127100000003],[121.6384298,24.810412699999993],[121.6384799,24.810449399999996],[121.63867050000002,24.810635199999997],[121.6388085,24.810726999999996],[121.6390455,24.810663799999997],[121.6394781,24.8105124],[121.6398373,24.81035789999999],[121.64004980000001,24.810320699999995],[121.6403001,24.8103043],[121.64059450000002,24.8103264],[121.6408354,24.810365599999997],[121.64098670000001,24.8103606],[121.6412756,24.810381200000002],[121.64167920000001,24.810375999999994],[121.6420407,24.810437399999998],[121.64223,24.8103764],[121.6423478,24.810269],[121.64255680000001,24.8101023],[121.64295208251252,24.809842513891326],[121.64291163134502,24.802000014128584]]]},"properties":{"grid_id":"G055_032","綠地類型":"河川沿岸自然地表","中心經度":121.637985,"中心緯度":24.805574,"分析面積_km2":0.901,"2020面積_ha":37.35,"2024面積_ha":37.35,"面積減少率_pct":0.0,"2020斑塊數":1,"2024斑塊數":1,"斑塊數增加率_pct":0.0,"2020平均斑塊面積_ha":1374.84,"2024平均斑塊面積_ha":1381.32,"平均斑塊面積下降率_pct":0.0,"道路切割密度_km_per_km2":1.765,"建成區邊界切割密度_km_per_km2":0.0,"孤立小斑塊比例_pct":0.0,"距大型連續綠地平均距離_m":0.0,"score_面積減少":36.206896551724135,"score_斑塊增加":44.260435571687836,"score_平均斑塊縮小":28.153357531760438,"score_道路建成區切割":44.918330308529946,"score_孤立比例":40.58529945553539,"score_距大型綠地":38.40744101633394,"綜合破碎化分數":38.8,"破碎化等級":"低","判定原因":"面積減少0.0%；斑塊增加0.0%；平均斑塊縮小0.0%；道路密度1.76 km/km²；孤立比例0.0%；距大型綠地0m","2021面積_ha":37.35,"2022面積_ha":37.35,"2023面積_ha":37.35}},{"type":"Feature","geometry":{"type":"Polygon","coordinates":[[[121.66274050201919,24.810941723431988],[121.66269250185924,24.80191371318128],[121.65280207808465,24.801957190486775],[121.65284936198611,24.810985218659425],[121.65872480174542,24.81095946090709],[121.65873680000001,24.810956199999993],[121.6588516461447,24.81095890228017],[121.66049072286758,24.810951674057325],[121.6606387,24.8108379],[121.66069269999998,24.810829299999995],[121.66073670000002,24.810852800000003],[121.6608091027293,24.810950267939507],[121.66274050201919,24.810941723431988]]]},"properties":{"grid_id":"G055_034","綠地類型":"河川沿岸自然地表","中心經度":121.657771,"中心緯度":24.806389,"分析面積_km2":1.04,"2020面積_ha":50.22,"2024面積_ha":50.22,"面積減少率_pct":0.0,"2020斑塊數":1,"2024斑塊數":1,"斑塊數增加率_pct":0.0,"2020平均斑塊面積_ha":1374.84,"2024平均斑塊面積_ha":1381.32,"平均斑塊面積下降率_pct":0.0,"道路切割密度_km_per_km2":0.836,"建成區邊界切割密度_km_per_km2":0.0,"孤立小斑塊比例_pct":0.0,"距大型連續綠地平均距離_m":0.0,"score_面積減少":36.206896551724135,"score_斑塊增加":44.260435571687836,"score_平均斑塊縮小":28.153357531760438,"score_道路建成區切割":38.77041742286751,"score_孤立比例":40.58529945553539,"score_距大型綠地":38.40744101633394,"綜合破碎化分數":37.7,"破碎化等級":"低","判定原因":"面積減少0.0%；斑塊增加0.0%；平均斑塊縮小0.0%；道路密度0.84 km/km²；孤立比例0.0%；距大型綠地0m","2021面積_ha":50.22,"2022面積_ha":50.22,"2023面積_ha":50.22}},{"type":"Feature","geometry":{"type":"Polygon","coordinates":[[[121.66269250185924,24.80191371318128],[121.66274050201919,24.810941723431988],[121.67263161873191,24.81089757427744],[121.67258290232091,24.801869582218107],[121.66269250185924,24.80191371318128]]]},"properties":{"grid_id":"G055_035","綠地類型":"河川沿岸自然地表","中心經度":121.667662,"中心緯度":24.806406,"分析面積_km2":1.04,"2020面積_ha":88.92,"2024面積_ha":88.92,"面積減少率_pct":0.0,"2020斑塊數":1,"2024斑塊數":1,"斑塊數增加率_pct":0.0,"2020平均斑塊面積_ha":1374.84,"2024平均斑塊面積_ha":1381.32,"平均斑塊面積下降率_pct":0.0,"道路切割密度_km_per_km2":0.0,"建成區邊界切割密度_km_per_km2":0.0,"孤立小斑塊比例_pct":0.0,"距大型連續綠地平均距離_m":0.0,"score_面積減少":36.206896551724135,"score_斑塊增加":44.260435571687836,"score_平均斑塊縮小":28.153357531760438,"score_道路建成區切割":25.941470054446462,"score_孤立比例":40.58529945553539,"score_距大型綠地":38.40744101633394,"綜合破碎化分數":35.6,"破碎化等級":"低","判定原因":"面積減少0.0%；斑塊增加0.0%；平均斑塊縮小0.0%；道路密度0.00 km/km²；孤立比例0.0%；距大型綠地0m","2021面積_ha":88.92,"2022面積_ha":88.92,"2023面積_ha":88.92}},{"type":"Feature","geometry":{"type":"Polygon","coordinates":[[[121.67258290232091,24.801869582218107],[121.67263161873191,24.81089757427744],[121.68252271177637,24.810852771201894],[121.68247327912184,24.801824797603363],[121.67258290232091,24.801869582218107]]]},"properties":{"grid_id":"G055_036","綠地類型":"河川沿岸自然地表","中心經度":121.677553,"中心緯度":24.806361,"分析面積_km2":1.04,"2020面積_ha":59.49,"2024面積_ha":59.49,"面積減少率_pct":0.0,"2020斑塊數":1,"2024斑塊數":1,"斑塊數增加率_pct":0.0,"2020平均斑塊面積_ha":1374.84,"2024平均斑塊面積_ha":1381.32,"平均斑塊面積下降率_pct":0.0,"道路切割密度_km_per_km2":0.0,"建成區邊界切割密度_km_per_km2":0.0,"孤立小斑塊比例_pct":0.0,"距大型連續綠地平均距離_m":0.0,"score_面積減少":36.206896551724135,"score_斑塊增加":44.260435571687836,"score_平均斑塊縮小":28.153357531760438,"score_道路建成區切割":25.941470054446462,"score_孤立比例":40.58529945553539,"score_距大型綠地":38.40744101633394,"綜合破碎化分數":35.6,"破碎化等級":"低","判定原因":"面積減少0.0%；斑塊增加0.0%；平均斑塊縮小0.0%；道路密度0.00 km/km²；孤立比例0.0%；距大型綠地0m","2021面積_ha":59.49,"2022面積_ha":59.49,"2023面積_ha":59.49}},{"type":"Feature","geometry":{"type":"Polygon","coordinates":[[[121.68247327912184,24.801824797603363],[121.68252271177637,24.810852771201894],[121.69241378080461,24.810807314211548],[121.69236363191415,24.801779359343243],[121.68247327912184,24.801824797603363]]]},"properties":{"grid_id":"G055_037","綠地類型":"河川沿岸自然地表","中心經度":121.687443,"中心緯度":24.806316,"分析面積_km2":1.04,"2020面積_ha":46.17,"2024面積_ha":46.17,"面積減少率_pct":0.0,"2020斑塊數":1,"2024斑塊數":1,"斑塊數增加率_pct":0.0,"2020平均斑塊面積_ha":1374.84,"2024平均斑塊面積_ha":1381.32,"平均斑塊面積下降率_pct":0.0,"道路切割密度_km_per_km2":0.317,"建成區邊界切割密度_km_per_km2":0.0,"孤立小斑塊比例_pct":0.0,"距大型連續綠地平均距離_m":0.0,"score_面積減少":36.206896551724135,"score_斑塊增加":44.260435571687836,"score_平均斑塊縮小":28.153357531760438,"score_道路建成區切割":35.6510889292196,"score_孤立比例":40.58529945553539,"score_距大型綠地":38.40744101633394,"綜合破碎化分數":37.2,"破碎化等級":"低","判定原因":"面積減少0.0%；斑塊增加0.0%；平均斑塊縮小0.0%；道路密度0.32 km/km²；孤立比例0.0%；距大型綠地0m","2021面積_ha":46.17,"2022面積_ha":46.17,"2023面積_ha":46.17}},{"type":"Feature","geometry":{"type":"Polygon","coordinates":[[[121.7220345427612,24.801639122753986],[121.72208684031251,24.810667019815057],[121.73197780979643,24.81061894722932],[121.73192479604084,24.801591069976165],[121.7220345427612,24.801639122753986]]]},"properties":{"grid_id":"G055_041","綠地類型":"河川沿岸自然地表","中心經度":121.727006,"中心緯度":24.806129,"分析面積_km2":1.04,"2020面積_ha":12.6,"2024面積_ha":12.6,"面積減少率_pct":0.0,"2020斑塊數":2,"2024斑塊數":2,"斑塊數增加率_pct":0.0,"2020平均斑塊面積_ha":100.35,"2024平均斑塊面積_ha":107.145,"平均斑塊面積下降率_pct":0.0,"道路切割密度_km_per_km2":0.865,"建成區邊界切割密度_km_per_km2":0.0,"孤立小斑塊比例_pct":0.0,"距大型連續綠地平均距離_m":0.0,"score_面積減少":36.206896551724135,"score_斑塊增加":44.260435571687836,"score_平均斑塊縮小":28.153357531760438,"score_道路建成區切割":38.917876588021784,"score_孤立比例":40.58529945553539,"score_距大型綠地":38.40744101633394,"綜合破碎化分數":37.8,"破碎化等級":"低","判定原因":"面積減少0.0%；斑塊增加0.0%；平均斑塊縮小0.0%；道路密度0.86 km/km²；孤立比例0.0%；距大型綠地0m","2021面積_ha":12.6,"2022面積_ha":12.6,"2023面積_ha":12.6}},{"type":"Feature","geometry":{"type":"Polygon","coordinates":[[[121.67263161873191,24.81089757427744],[121.66274050201919,24.810941723431988],[121.66274917715913,24.812572900117257],[121.6628008,24.812579400000004],[121.66286519999998,24.8125987],[121.663015,24.8126197],[121.6630871,24.812674099999995],[121.6631513,24.812748999999997],[121.66332120000001,24.8130048],[121.663415,24.8131263],[121.66350750000001,24.813206999999995],[121.66410870000001,24.813433],[121.6642643,24.813593599999994],[121.6646619,24.8142665],[121.66481050000002,24.814429300000004],[121.6650618,24.814530200000004],[121.6651994,24.8145288],[121.6654291,24.814587799999995],[121.6657695,24.8147738],[121.6660305,24.8150366],[121.66611419999998,24.81516299999999],[121.66631540000002,24.8153859],[121.6664056,24.815432399999995],[121.6665442,24.8155547],[121.66739940000001,24.816276],[121.66768419999998,24.8164379],[121.6681455,24.816587899999995],[121.6685676,24.816752399999995],[121.6687243,24.816873499999996],[121.6687893,24.816946799999997],[121.6688756,24.817173099999998],[121.6689276,24.817771799999996],[121.66899460000002,24.818022799999998],[121.67059110000001,24.8170348],[121.67113670000002,24.816770000000005],[121.6713503,24.816331299999998],[121.6718817,24.8158396],[121.67265461778311,24.815158168398792],[121.67263161873191,24.81089757427744]]]},"properties":{"grid_id":"G056_035","綠地類型":"河川沿岸自然地表","中心經度":121.668793,"中心緯度":24.814462,"分析面積_km2":0.523,"2020面積_ha":30.06,"2024面積_ha":30.06,"面積減少率_pct":0.0,"2020斑塊數":1,"2024斑塊數":1,"斑塊數增加率_pct":0.0,"2020平均斑塊面積_ha":1374.84,"2024平均斑塊面積_ha":1381.32,"平均斑塊面積下降率_pct":0.0,"道路切割密度_km_per_km2":2.008,"建成區邊界切割密度_km_per_km2":0.0,"孤立小斑塊比例_pct":0.0,"距大型連續綠地平均距離_m":0.0,"score_面積減少":36.206896551724135,"score_斑塊增加":44.260435571687836,"score_平均斑塊縮小":28.153357531760438,"score_道路建成區切割":46.37023593466425,"score_孤立比例":40.58529945553539,"score_距大型綠地":38.40744101633394,"綜合破碎化分數":39.0,"破碎化等級":"低","判定原因":"面積減少0.0%；斑塊增加0.0%；平均斑塊縮小0.0%；道路密度2.01 km/km²；孤立比例0.0%；距大型綠地0m","2021面積_ha":30.06,"2022面積_ha":30.06,"2023面積_ha":30.06}},{"type":"Feature","geometry":{"type":"Polygon","coordinates":[[[121.68252271177637,24.810852771201894],[121.67263161873191,24.81089757427744],[121.67265461778311,24.815158168398792],[121.67269360000002,24.815123799999995],[121.67358059999998,24.814436199999996],[121.67415000000001,24.8140917],[121.6745612,24.814105999999995],[121.6748218,24.814227299999995],[121.6751781,24.81466590000001],[121.67538370000001,24.814651599999998],[121.6758795,24.8144273],[121.6761113,24.8145942],[121.6766333,24.814206499999997],[121.6768231,24.8140486],[121.67718689999998,24.814077300000005],[121.6774716,24.814350099999995],[121.6776021,24.814596299999994],[121.6777405,24.8147808],[121.6782941,24.815053599999995],[121.6787054,24.815125400000003],[121.6789432,24.8153214],[121.6795121,24.816202099999998],[121.6797968,24.816345699999996],[121.67998659999999,24.816733300000003],[121.6802238,24.81692],[121.6806351,24.8175229],[121.68108950000001,24.8175702],[121.6814734,24.8176378],[121.6817468,24.817498999999998],[121.68223139999999,24.8170568],[121.68239310000001,24.816984100000003],[121.68255616272812,24.816959484988423],[121.68252271177637,24.810852771201894]]]},"properties":{"grid_id":"G056_036","綠地類型":"河川沿岸自然地表","中心經度":121.679971,"中心緯度":24.814271,"分析面積_km2":0.519,"2020面積_ha":42.21,"2024面積_ha":42.21,"面積減少率_pct":0.0,"2020斑塊數":1,"2024斑塊數":1,"斑塊數增加率_pct":0.0,"2020平均斑塊面積_ha":1374.84,"2024平均斑塊面積_ha":1381.32,"平均斑塊面積下降率_pct":0.0,"道路切割密度_km_per_km2":1.502,"建成區邊界切割密度_km_per_km2":0.0,"孤立小斑塊比例_pct":0.0,"距大型連續綠地平均距離_m":0.0,"score_面積減少":36.206896551724135,"score_斑塊增加":44.260435571687836,"score_平均斑塊縮小":28.153357531760438,"score_道路建成區切割":42.797186932849364,"score_孤立比例":40.58529945553539,"score_距大型綠地":38.40744101633394,"綜合破碎化分數":38.4,"破碎化等級":"低","判定原因":"面積減少0.0%；斑塊增加0.0%；平均斑塊縮小0.0%；道路密度1.50 km/km²；孤立比例0.0%；距大型綠地0m","2021面積_ha":42.21,"2022面積_ha":42.21,"2023面積_ha":42.21}},{"type":"Feature","geometry":{"type":"Polygon","coordinates":[[[121.79178256319771,24.882538405515625],[121.79184012491234,24.891566058996176],[121.80173736776909,24.891513213997],[121.80167908677483,24.882485582237713],[121.79178256319771,24.882538405515625]]]},"properties":{"grid_id":"G064_048","綠地類型":"河川沿岸自然地表","中心經度":121.79676,"中心緯度":24.887026,"分析面積_km2":1.04,"2020面積_ha":26.64,"2024面積_ha":26.64,"面積減少率_pct":0.0,"2020斑塊數":1,"2024斑塊數":1,"斑塊數增加率_pct":0.0,"2020平均斑塊面積_ha":211.05,"2024平均斑塊面積_ha":211.95,"平均斑塊面積下降率_pct":0.0,"道路切割密度_km_per_km2":1.557,"建成區邊界切割密度_km_per_km2":0.0,"孤立小斑塊比例_pct":0.0,"距大型連續綠地平均距離_m":0.0,"score_面積減少":36.206896551724135,"score_斑塊增加":44.260435571687836,"score_平均斑塊縮小":28.153357531760438,"score_道路建成區切割":43.06941923774955,"score_孤立比例":40.58529945553539,"score_距大型綠地":38.40744101633394,"綜合破碎化分數":38.4,"破碎化等級":"低","判定原因":"面積減少0.0%；斑塊增加0.0%；平均斑塊縮小0.0%；道路密度1.56 km/km²；孤立比例0.0%；距大型綠地0m","2021面積_ha":26.64,"2022面積_ha":26.64,"2023面積_ha":26.64}},{"type":"Feature","geometry":{"type":"Polygon","coordinates":[[[121.82147204879111,24.882377967719865],[121.82153176831746,24.891405555227443],[121.83142892531134,24.891350741471978],[121.83136848653272,24.88232317649484],[121.82147204879111,24.882377967719865]]]},"properties":{"grid_id":"G064_051","綠地類型":"河川沿岸自然地表","中心經度":121.82645,"中心緯度":24.886864,"分析面積_km2":1.04,"2020面積_ha":45.18,"2024面積_ha":45.18,"面積減少率_pct":0.0,"2020斑塊數":2,"2024斑塊數":2,"斑塊數增加率_pct":0.0,"2020平均斑塊面積_ha":236.205,"2024平均斑塊面積_ha":237.825,"平均斑塊面積下降率_pct":0.0,"道路切割密度_km_per_km2":0.663,"建成區邊界切割密度_km_per_km2":0.0,"孤立小斑塊比例_pct":0.0,"距大型連續綠地平均距離_m":0.0,"score_面積減少":36.206896551724135,"score_斑塊增加":44.260435571687836,"score_平均斑塊縮小":28.153357531760438,"score_道路建成區切割":37.68148820326679,"score_孤立比例":40.58529945553539,"score_距大型綠地":38.40744101633394,"綜合破碎化分數":37.5,"破碎化等級":"低","判定原因":"面積減少0.0%；斑塊增加0.0%；平均斑塊縮小0.0%；道路密度0.66 km/km²；孤立比例0.0%；距大型綠地0m","2021面積_ha":45.18,"2022面積_ha":45.18,"2023面積_ha":45.18}},{"type":"Feature","geometry":{"type":"Polygon","coordinates":[[[121.80173736776909,24.891513213997],[121.80179567703544,24.900540834708668],[121.81169361123962,24.90048731145585],[121.81163458235376,24.891459712738282],[121.80173736776909,24.891513213997]]]},"properties":{"grid_id":"G065_049","綠地類型":"河川沿岸自然地表","中心經度":121.806715,"中心緯度":24.896,"分析面積_km2":1.04,"2020面積_ha":5.67,"2024面積_ha":5.67,"面積減少率_pct":0.0,"2020斑塊數":1,"2024斑塊數":1,"斑塊數增加率_pct":0.0,"2020平均斑塊面積_ha":211.05,"2024平均斑塊面積_ha":211.95,"平均斑塊面積下降率_pct":0.0,"道路切割密度_km_per_km2":2.076,"建成區邊界切割密度_km_per_km2":0.0,"孤立小斑塊比例_pct":0.0,"距大型連續綠地平均距離_m":0.0,"score_面積減少":36.206896551724135,"score_斑塊增加":44.260435571687836,"score_平均斑塊縮小":28.153357531760438,"score_道路建成區切割":46.903357531760435,"score_孤立比例":40.58529945553539,"score_距大型綠地":38.40744101633394,"綜合破碎化分數":39.1,"破碎化等級":"低","判定原因":"面積減少0.0%；斑塊增加0.0%；平均斑塊縮小0.0%；道路密度2.08 km/km²；孤立比例0.0%；距大型綠地0m","2021面積_ha":5.67,"2022面積_ha":5.67,"2023面積_ha":5.67}},{"type":"Feature","geometry":{"type":"Polygon","coordinates":[[[121.82153176831746,24.891405555227443],[121.82159151681368,24.900433131681147],[121.83148939340867,24.900378295392056],[121.83142892531134,24.891350741471978],[121.82153176831746,24.891405555227443]]]},"properties":{"grid_id":"G065_051","綠地類型":"河川沿岸自然地表","中心經度":121.82651,"中心緯度":24.895892,"分析面積_km2":1.04,"2020面積_ha":24.12,"2024面積_ha":24.12,"面積減少率_pct":0.0,"2020斑塊數":1,"2024斑塊數":1,"斑塊數增加率_pct":0.0,"2020平均斑塊面積_ha":382.32,"2024平均斑塊面積_ha":385.92,"平均斑塊面積下降率_pct":0.0,"道路切割密度_km_per_km2":1.845,"建成區邊界切割密度_km_per_km2":0.0,"孤立小斑塊比例_pct":0.0,"距大型連續綠地平均距離_m":0.0,"score_面積減少":36.206896551724135,"score_斑塊增加":44.260435571687836,"score_平均斑塊縮小":28.153357531760438,"score_道路建成區切割":45.4627949183303,"score_孤立比例":40.58529945553539,"score_距大型綠地":38.40744101633394,"綜合破碎化分數":38.8,"破碎化等級":"低","判定原因":"面積減少0.0%；斑塊增加0.0%；平均斑塊縮小0.0%；道路密度1.84 km/km²；孤立比例0.0%；距大型綠地0m","2021面積_ha":24.12,"2022面積_ha":24.12,"2023面積_ha":24.12}},{"type":"Feature","geometry":{"type":"Polygon","coordinates":[[[121.83148939340867,24.900378295392056],[121.82159151681368,24.900433131681147],[121.82161531015126,24.9040269157396],[121.82163720000001,24.9040406],[121.821772,24.904082400000007],[121.8218411,24.904104599999997],[121.82186250000001,24.904106000000002],[121.82189430000001,24.904117099999997],[121.8219689,24.9041503],[121.82204310000002,24.9041795],[121.8220955,24.904201099999998],[121.822184,24.904257500000003],[121.82227620000002,24.9043631],[121.8223064,24.904435500000005],[121.82231070000002,24.9044956],[121.82238999999998,24.904550699999998],[121.822521,24.9045708],[121.82268280000001,24.9045898],[121.82310169999998,24.904615],[121.823214,24.904612],[121.8232811,24.9046177],[121.8234195,24.9046044],[121.8235239,24.904597800000005],[121.8236282,24.904652999999996],[121.82368060000002,24.904710499999997],[121.8237204,24.904771299999997],[121.823829,24.904855100000002],[121.82399090000001,24.904884500000005],[121.82414120000001,24.904890400000003],[121.82427389999998,24.904901799999994],[121.82448200000002,24.9048927],[121.82465519999998,24.90490889999999],[121.8247398,24.904923399999994],[121.8249053,24.9049654],[121.8252228,24.905098999999996],[121.8253733,24.9051739],[121.82551710000001,24.905260999999996],[121.8255844,24.9052724],[121.8257695,24.905261399999997],[121.8259709,24.905226899999995],[121.8260252,24.90517029999999],[121.82620620000002,24.9050681],[121.8263951,24.904982099999998],[121.8265415,24.904939],[121.82667259999998,24.90488169999999],[121.8267488,24.9048501],[121.82680050000002,24.904816499999995],[121.82691489999999,24.9046981],[121.8270057,24.9045432],[121.8271625,24.904691099999994],[121.8273139,24.904831199999997],[121.82758100000001,24.904967800000005],[121.82771459999998,24.905047699999997],[121.82783780000001,24.905230399999997],[121.8279469,24.9053285],[121.82803430000001,24.905361499999998],[121.82809930000002,24.905372099999997],[121.82839609999999,24.90535579999999],[121.8285124,24.905331399999994],[121.8286069,24.905308800000004],[121.8287213,24.905253699999996],[121.82892800000002,24.9052372],[121.8290518,24.9052478],[121.8292969,24.905279099999998],[121.82935809999998,24.905269999999998],[121.82951280000002,24.9051366],[121.8296664,24.905094099999992],[121.82976849999999,24.9050731],[121.8299764,24.904969999999988],[121.8301363,24.9049566],[121.83023280000002,24.9049578],[121.8305879,24.905043100000004],[121.83084010000002,24.9050236],[121.83093700000002,24.904971],[121.8311155,24.904849000000002],[121.83129610000002,24.9048235],[121.8314257,24.9048267],[121.83151930821059,24.9048427884629],[121.83148939340867,24.900378295392056]]]},"properties":{"grid_id":"G066_051","綠地類型":"河川沿岸自然地表","中心經度":121.826552,"中心緯度":24.902203,"分析面積_km2":0.521,"2020面積_ha":28.53,"2024面積_ha":28.53,"面積減少率_pct":0.0,"2020斑塊數":1,"2024斑塊數":1,"斑塊數增加率_pct":0.0,"2020平均斑塊面積_ha":382.32,"2024平均斑塊面積_ha":385.92,"平均斑塊面積下降率_pct":0.0,"道路切割密度_km_per_km2":1.9,"建成區邊界切割密度_km_per_km2":0.0,"孤立小斑塊比例_pct":0.0,"距大型連續綠地平均距離_m":0.0,"score_面積減少":36.206896551724135,"score_斑塊增加":44.260435571687836,"score_平均斑塊縮小":28.153357531760438,"score_道路建成區切割":45.71234119782214,"score_孤立比例":40.58529945553539,"score_距大型綠地":38.40744101633394,"綜合破碎化分數":38.9,"破碎化等級":"低","判定原因":"面積減少0.0%；斑塊增加0.0%；平均斑塊縮小0.0%；道路密度1.90 km/km²；孤立比例0.0%；距大型綠地0m","2021面積_ha":28.53,"2022面積_ha":28.53,"2023面積_ha":28.53}},{"type":"Feature","geometry":{"type":"Polygon","coordinates":[[[121.85134699556299,24.90929415027825],[121.85140896289593,24.91832163618581],[121.86130819065238,24.918264783703837],[121.86124550304865,24.909237321145753],[121.85134699556299,24.90929415027825]]]},"properties":{"grid_id":"G067_054","綠地類型":"河川沿岸自然地表","中心經度":121.856327,"中心緯度":24.91378,"分析面積_km2":1.04,"2020面積_ha":47.61,"2024面積_ha":47.61,"面積減少率_pct":0.0,"2020斑塊數":1,"2024斑塊數":1,"斑塊數增加率_pct":0.0,"2020平均斑塊面積_ha":382.32,"2024平均斑塊面積_ha":385.92,"平均斑塊面積下降率_pct":0.0,"道路切割密度_km_per_km2":1.615,"建成區邊界切割密度_km_per_km2":0.0,"孤立小斑塊比例_pct":0.0,"距大型連續綠地平均距離_m":0.0,"score_面積減少":36.206896551724135,"score_斑塊增加":44.260435571687836,"score_平均斑塊縮小":28.153357531760438,"score_道路建成區切割":43.579854809437386,"score_孤立比例":40.58529945553539,"score_距大型綠地":38.40744101633394,"綜合破碎化分數":38.5,"破碎化等級":"低","判定原因":"面積減少0.0%；斑塊增加0.0%；平均斑塊縮小0.0%；道路密度1.61 km/km²；孤立比例0.0%；距大型綠地0m","2021面積_ha":47.61,"2022面積_ha":47.61,"2023面積_ha":47.61}},{"type":"Feature","geometry":{"type":"Polygon","coordinates":[[[121.85140896289593,24.91832163618581],[121.84540985428458,24.918355769985492],[121.8454263,24.9184621],[121.84547550000002,24.918692500000002],[121.845489,24.918843000000003],[121.845513,24.918888900000002],[121.84552270000002,24.919022599999995],[121.8455217,24.9191273],[121.84554700000001,24.919284499999996],[121.84560470000001,24.919376899999996],[121.8457673,24.919504699999997],[121.8462844,24.91991799999999],[121.84639639999999,24.920033200000002],[121.8465259,24.9201243],[121.84671869999998,24.9202855],[121.84703510000001,24.920480799999993],[121.8471634,24.920537299999996],[121.84727190000001,24.920569499999996],[121.84748610000001,24.9206476],[121.84761420000001,24.920697499999992],[121.84767669999998,24.9207309],[121.8478457,24.920831899999996],[121.8479492,24.9209002],[121.84806600000002,24.9210006],[121.8481177,24.9210281],[121.84822260000001,24.921105199999996],[121.84828780000001,24.9211443],[121.84841910000002,24.9212271],[121.8487511,24.9215063],[121.84886419999998,24.9216225],[121.84900780000001,24.921728999999996],[121.8491228,24.921772399999995],[121.8493056,24.921879199999996],[121.84957940000001,24.921962799999996],[121.8497082,24.922026399999996],[121.84992949999999,24.9221884],[121.84999880000001,24.922262500000002],[121.85017850000001,24.9224434],[121.8502951,24.922557899999997],[121.8504393,24.922737699999995],[121.85050859999998,24.9228263],[121.85054430000001,24.9228774],[121.8505778,24.9229121],[121.8506038,24.922933799999996],[121.85061650000002,24.922952899999995],[121.850629,24.9229715],[121.85065910000002,24.923005300000003],[121.8506785,24.923033999999998],[121.85076770000002,24.9231517],[121.85080020000001,24.9233245],[121.8508515,24.923423399999994],[121.8509307,24.9234581],[121.85101190000002,24.9234736],[121.8511308,24.923444199999995],[121.85122869999998,24.923399699999997],[121.851394,24.92337849999999],[121.85144379699814,24.923394390304995],[121.85140896289593,24.91832163618581]]]},"properties":{"grid_id":"G068_053","綠地類型":"河川沿岸自然地表","中心經度":121.849717,"中心緯度":24.920941,"分析面積_km2":0.201,"2020面積_ha":0.09,"2024面積_ha":0.09,"面積減少率_pct":0.0,"2020斑塊數":1,"2024斑塊數":1,"斑塊數增加率_pct":0.0,"2020平均斑塊面積_ha":382.32,"2024平均斑塊面積_ha":385.92,"平均斑塊面積下降率_pct":0.0,"道路切割密度_km_per_km2":0.299,"建成區邊界切割密度_km_per_km2":0.0,"孤立小斑塊比例_pct":0.0,"距大型連續綠地平均距離_m":0.0,"score_面積減少":36.206896551724135,"score_斑塊增加":44.260435571687836,"score_平均斑塊縮小":28.153357531760438,"score_道路建成區切割":35.57168784029038,"score_孤立比例":40.58529945553539,"score_距大型綠地":38.40744101633394,"綜合破碎化分數":37.2,"破碎化等級":"低","判定原因":"面積減少0.0%；斑塊增加0.0%；平均斑塊縮小0.0%；道路密度0.30 km/km²；孤立比例0.0%；距大型綠地0m","2021面積_ha":0.09,"2022面積_ha":0.09,"2023面積_ha":0.09}},{"type":"Feature","geometry":{"type":"Polygon","coordinates":[[[121.8613709086504,24.927292235186165],[121.86130819065238,24.918264783703837],[121.85140896289593,24.91832163618581],[121.85144379699814,24.923394390304995],[121.851572,24.9234353],[121.8518783,24.9235804],[121.85212950000002,24.9237356],[121.8527088,24.924336999999994],[121.85316769999999,24.924757799999995],[121.85333270000001,24.924885799999995],[121.8535555,24.925049999999995],[121.8536406,24.9251269],[121.85385440000002,24.925435399999998],[121.8539404,24.925640100000003],[121.8539842,24.925915699999994],[121.85398840000002,24.926050600000003],[121.8539724,24.926155199999993],[121.85391509999998,24.9263284],[121.85387590000002,24.926557999999996],[121.8538921,24.9269048],[121.8538863,24.9269713],[121.85385929999998,24.927036499999996],[121.85379179999998,24.927120599999995],[121.8537441,24.927195299999994],[121.8537408,24.9273187],[121.85374310050604,24.927336115562394],[121.8613709086504,24.927292235186165]]]},"properties":{"grid_id":"G068_054","綠地類型":"河川沿岸自然地表","中心經度":121.856376,"中心緯度":24.92083,"分析面積_km2":0.952,"2020面積_ha":11.79,"2024面積_ha":11.79,"面積減少率_pct":0.0,"2020斑塊數":2,"2024斑塊數":2,"斑塊數增加率_pct":0.0,"2020平均斑塊面積_ha":402.525,"2024平均斑塊面積_ha":404.37,"平均斑塊面積下降率_pct":0.0,"道路切割密度_km_per_km2":0.126,"建成區邊界切割密度_km_per_km2":0.0,"孤立小斑塊比例_pct":0.0,"距大型連續綠地平均距離_m":0.0,"score_面積減少":36.206896551724135,"score_斑塊增加":44.260435571687836,"score_平均斑塊縮小":28.153357531760438,"score_道路建成區切割":34.437386569872956,"score_孤立比例":40.58529945553539,"score_距大型綠地":38.40744101633394,"綜合破碎化分數":37.0,"破碎化等級":"低","判定原因":"面積減少0.0%；斑塊增加0.0%；平均斑塊縮小0.0%；道路密度0.13 km/km²；孤立比例0.0%；距大型綠地0m","2021面積_ha":11.79,"2022面積_ha":11.79,"2023面積_ha":11.79}},{"type":"Feature","geometry":{"type":"Polygon","coordinates":[[[121.84169362446579,24.945460292171486],[121.84166215155156,24.940828646975465],[121.84162159999998,24.9408703],[121.84149730000001,24.940978999999995],[121.841399,24.941021],[121.8410924,24.941127599999998],[121.84101660000002,24.941141700000003],[121.840918,24.941156499999995],[121.8407987,24.941196699999992],[121.8406637,24.941232999999997],[121.8404882,24.9413394],[121.8402899,24.9415207],[121.84017369999998,24.941650399999997],[121.8400921,24.9417299],[121.839973,24.9419242],[121.83989,24.9420751],[121.8398369,24.9422181],[121.83980990000002,24.9424285],[121.83977490000001,24.942598600000004],[121.83974969999998,24.942837199999996],[121.83970460000002,24.9431275],[121.8396868,24.943224800000007],[121.83961500000001,24.943401100000003],[121.83951680000001,24.943630299999995],[121.8393951,24.943890399999994],[121.83927410000001,24.944115299999996],[121.8391309,24.944364699999998],[121.8390858,24.9444916],[121.8390483,24.944638599999998],[121.83905600000001,24.9447747],[121.8390933,24.9448843],[121.8391434,24.944977099999996],[121.8391987,24.9450573],[121.83921860000001,24.945129499999997],[121.83938180000001,24.945453999999998],[121.83938780421067,24.945473300507416],[121.84169362446579,24.945460292171486]]]},"properties":{"grid_id":"G070_052","綠地類型":"河川沿岸自然地表","中心經度":121.840687,"中心緯度":24.943171,"分析面積_km2":0.105,"2020面積_ha":3.6,"2024面積_ha":3.6,"面積減少率_pct":0.0,"2020斑塊數":1,"2024斑塊數":1,"斑塊數增加率_pct":0.0,"2020平均斑塊面積_ha":422.73,"2024平均斑塊面積_ha":422.82,"平均斑塊面積下降率_pct":0.0,"道路切割密度_km_per_km2":0.57,"建成區邊界切割密度_km_per_km2":0.0,"孤立小斑塊比例_pct":0.0,"距大型連續綠地平均距離_m":0.0,"score_面積減少":36.206896551724135,"score_斑塊增加":44.260435571687836,"score_平均斑塊縮小":28.153357531760438,"score_道路建成區切割":37.023593466424686,"score_孤立比例":40.58529945553539,"score_距大型綠地":38.40744101633394,"綜合破碎化分數":37.4,"破碎化等級":"低","判定原因":"面積減少0.0%；斑塊增加0.0%；平均斑塊縮小0.0%；道路密度0.57 km/km²；孤立比例0.0%；距大型綠地0m","2021面積_ha":3.6,"2022面積_ha":3.6,"2023面積_ha":3.6}},{"type":"Feature","geometry":{"type":"Polygon","coordinates":[[[121.84175499035908,24.954487756864154],[121.85165713277505,24.95443146906183],[121.85159504520398,24.94540402746189],[121.84169362446579,24.945460292171486],[121.8417317078898,24.95106321623068],[121.841754,24.9511202],[121.84176219999999,24.9512061],[121.8417607,24.9513493],[121.84173405472542,24.951408433038477],[121.84175499035908,24.954487756864154]]]},"properties":{"grid_id":"G071_053","綠地類型":"河川沿岸自然地表","中心經度":121.846663,"中心緯度":24.948234,"分析面積_km2":1.039,"2020面積_ha":46.71,"2024面積_ha":46.71,"面積減少率_pct":0.0,"2020斑塊數":1,"2024斑塊數":1,"斑塊數增加率_pct":0.0,"2020平均斑塊面積_ha":422.73,"2024平均斑塊面積_ha":422.82,"平均斑塊面積下降率_pct":0.0,"道路切割密度_km_per_km2":1.444,"建成區邊界切割密度_km_per_km2":0.0,"孤立小斑塊比例_pct":0.0,"距大型連續綠地平均距離_m":0.0,"score_面積減少":36.206896551724135,"score_斑塊增加":44.260435571687836,"score_平均斑塊縮小":28.153357531760438,"score_道路建成區切割":42.150635208711435,"score_孤立比例":40.58529945553539,"score_距大型綠地":38.40744101633394,"綜合破碎化分數":38.3,"破碎化等級":"低","判定原因":"面積減少0.0%；斑塊增加0.0%；平均斑塊縮小0.0%；道路密度1.44 km/km²；孤立比例0.0%；距大型綠地0m","2021面積_ha":46.71,"2022面積_ha":46.71,"2023面積_ha":46.71}},{"type":"Feature","geometry":{"type":"Polygon","coordinates":[[[121.88129912557694,24.945231286320922],[121.8813633781232,24.954258657022844],[121.89126539810727,24.95419973682577],[121.89120042392236,24.945172390296467],[121.88129912557694,24.945231286320922]]]},"properties":{"grid_id":"G071_057","綠地類型":"河川沿岸自然地表","中心經度":121.886282,"中心緯度":24.949716,"分析面積_km2":1.04,"2020面積_ha":34.47,"2024面積_ha":34.47,"面積減少率_pct":0.0,"2020斑塊數":1,"2024斑塊數":1,"斑塊數增加率_pct":0.0,"2020平均斑塊面積_ha":422.73,"2024平均斑塊面積_ha":422.82,"平均斑塊面積下降率_pct":0.0,"道路切割密度_km_per_km2":1.903,"建成區邊界切割密度_km_per_km2":0.0,"孤立小斑塊比例_pct":0.0,"距大型連續綠地平均距離_m":0.0,"score_面積減少":36.206896551724135,"score_斑塊增加":44.260435571687836,"score_平均斑塊縮小":28.153357531760438,"score_道路建成區切割":45.80308529945553,"score_孤立比例":40.58529945553539,"score_距大型綠地":38.40744101633394,"綜合破碎化分數":38.9,"破碎化等級":"低","判定原因":"面積減少0.0%；斑塊增加0.0%；平均斑塊縮小0.0%；道路密度1.90 km/km²；孤立比例0.0%；距大型綠地0m","2021面積_ha":34.47,"2022面積_ha":34.2,"2023面積_ha":34.47}},{"type":"Feature","geometry":{"type":"Polygon","coordinates":[[[121.89120042392236,24.945172390296467],[121.89126539810727,24.95419973682577],[121.90116738660936,24.954140158550207],[121.90110169079584,24.945112836463466],[121.89120042392236,24.945172390296467]]]},"properties":{"grid_id":"G071_058","綠地類型":"河川沿岸自然地表","中心經度":121.896184,"中心緯度":24.949656,"分析面積_km2":1.04,"2020面積_ha":7.56,"2024面積_ha":7.56,"面積減少率_pct":0.0,"2020斑塊數":1,"2024斑塊數":1,"斑塊數增加率_pct":0.0,"2020平均斑塊面積_ha":422.73,"2024平均斑塊面積_ha":422.82,"平均斑塊面積下降率_pct":0.0,"道路切割密度_km_per_km2":1.644,"建成區邊界切割密度_km_per_km2":0.0,"孤立小斑塊比例_pct":0.0,"距大型連續綠地平均距離_m":0.0,"score_面積減少":36.206896551724135,"score_斑塊增加":44.260435571687836,"score_平均斑塊縮小":28.153357531760438,"score_道路建成區切割":43.93148820326679,"score_孤立比例":40.58529945553539,"score_距大型綠地":38.40744101633394,"綜合破碎化分數":38.6,"破碎化等級":"低","判定原因":"面積減少0.0%；斑塊增加0.0%；平均斑塊縮小0.0%；道路密度1.64 km/km²；孤立比例0.0%；距大型綠地0m","2021面積_ha":7.56,"2022面積_ha":7.56,"2023面積_ha":7.56}},{"type":"Feature","geometry":{"type":"Polygon","coordinates":[[[121.86162208477985,24.963401930298488],[121.86155924510747,24.954374523148896],[121.85165713277505,24.95443146906183],[121.85169516120828,24.959958583119178],[121.8517256,24.959939399999996],[121.8518091,24.9599127],[121.8521575,24.9598768],[121.8522855,24.959852799999997],[121.8523697,24.9597856],[121.85257009999998,24.959603199999997],[121.85268010000001,24.959653600000003],[121.85294629999999,24.9598217],[121.8533067,24.960013499999995],[121.8534559,24.9600455],[121.8535452,24.9600452],[121.8536151,24.9600461],[121.8538603,24.9599518],[121.85397299999998,24.9599409],[121.8540292,24.960003800000003],[121.8540293,24.960441699999997],[121.85401079999998,24.9605036],[121.85403230000001,24.960703000000002],[121.85412380000001,24.9611538],[121.8541691,24.961289099999995],[121.85430470000001,24.961530999999994],[121.8543838,24.961586199999996],[121.8545479,24.961638],[121.85499960000001,24.961662699999994],[121.85520460000001,24.961738199999996],[121.8553367,24.961804599999997],[121.8558068,24.962230500000004],[121.85637400000002,24.9623021],[121.85646969999999,24.9623573],[121.85679199999998,24.962604199999998],[121.85684930000001,24.962634499999997],[121.85699230000002,24.962672899999994],[121.85725870000002,24.962691999999997],[121.85746490000001,24.962736499999995],[121.8576039,24.962781300000003],[121.857774,24.96290739999999],[121.85811000000001,24.963154200000005],[121.8581789,24.963189999999997],[121.8583067,24.963222699999992],[121.8586157,24.9633505],[121.8588233,24.9633889],[121.8590774,24.963342799999992],[121.8592414,24.9633474],[121.8594692,24.963407599999996],[121.85957049999999,24.963413500000005],[121.85957141125749,24.963413781531845],[121.86162208477985,24.963401930298488]]]},"properties":{"grid_id":"G072_054","綠地類型":"河川沿岸自然地表","中心經度":121.856626,"中心緯度":24.956991,"分析面積_km2":0.88,"2020面積_ha":6.03,"2024面積_ha":6.03,"面積減少率_pct":0.0,"2020斑塊數":1,"2024斑塊數":1,"斑塊數增加率_pct":0.0,"2020平均斑塊面積_ha":422.73,"2024平均斑塊面積_ha":422.82,"平均斑塊面積下降率_pct":0.0,"道路切割密度_km_per_km2":0.682,"建成區邊界切割密度_km_per_km2":0.0,"孤立小斑塊比例_pct":0.0,"距大型連續綠地平均距離_m":0.0,"score_面積減少":36.206896551724135,"score_斑塊增加":44.260435571687836,"score_平均斑塊縮小":28.153357531760438,"score_道路建成區切割":37.772232304900186,"score_孤立比例":40.58529945553539,"score_距大型綠地":38.40744101633394,"綜合破碎化分數":37.6,"破碎化等級":"低","判定原因":"面積減少0.0%；斑塊增加0.0%；平均斑塊縮小0.0%；道路密度0.68 km/km²；孤立比例0.0%；距大型綠地0m","2021面積_ha":6.03,"2022面積_ha":6.03,"2023面積_ha":6.03}},{"type":"Feature","geometry":{"type":"Polygon","coordinates":[[[121.87146132700673,24.954316919133237],[121.86155924510747,24.954374523148896],[121.86162208477985,24.963401930298488],[121.8618376084166,24.963400683106332],[121.8618626,24.963373799999996],[121.8620612,24.963278599999995],[121.8622216,24.9632148],[121.86233759999999,24.963141800000002],[121.86252180000001,24.962975599999996],[121.86263770000001,24.962900499999993],[121.86279630000001,24.9628226],[121.8629408,24.9627096],[121.8630642,24.962613299999994],[121.86316629999999,24.9625162],[121.8632528,24.962456299999996],[121.86334080000002,24.962388499999996],[121.8634883,24.9622448],[121.86362479999998,24.9621368],[121.86378640000001,24.962093600000003],[121.86393070000001,24.96207679999999],[121.86407560000002,24.962078199999993],[121.86432250000001,24.962096100000004],[121.8651471,24.9622245],[121.86542120000001,24.962210300000002],[121.86578250000001,24.962158899999995],[121.86620970000001,24.962049499999992],[121.86652560000002,24.9620001],[121.86693540000002,24.961865500000002],[121.8671654,24.9617796],[121.86735250000001,24.9617171],[121.86794050000002,24.961722099999996],[121.86824510000001,24.961675100000008],[121.8688801,24.9615455],[121.86928049999999,24.961422599999988],[121.8698528,24.9610341],[121.8699976,24.9609267],[121.8704612,24.960809499999996],[121.8710963,24.960723200000004],[121.8713951,24.960734999999996],[121.87150642768383,24.96072281991034],[121.87146132700673,24.954316919133237]]]},"properties":{"grid_id":"G072_055","綠地類型":"河川沿岸自然地表","中心經度":121.866533,"中心緯度":24.957548,"分析面積_km2":0.862,"2020面積_ha":9.09,"2024面積_ha":9.09,"面積減少率_pct":0.0,"2020斑塊數":1,"2024斑塊數":1,"斑塊數增加率_pct":0.0,"2020平均斑塊面積_ha":422.73,"2024平均斑塊面積_ha":422.82,"平均斑塊面積下降率_pct":0.0,"道路切割密度_km_per_km2":2.227,"建成區邊界切割密度_km_per_km2":0.0,"孤立小斑塊比例_pct":0.0,"距大型連續綠地平均距離_m":0.0,"score_面積減少":36.206896551724135,"score_斑塊增加":44.260435571687836,"score_平均斑塊縮小":28.153357531760438,"score_道路建成區切割":47.686025408348456,"score_孤立比例":40.58529945553539,"score_距大型綠地":38.40744101633394,"綜合破碎化分數":39.2,"破碎化等級":"低","判定原因":"面積減少0.0%；斑塊增加0.0%；平均斑塊縮小0.0%；道路密度2.23 km/km²；孤立比例0.0%；距大型綠地0m","2021面積_ha":9.09,"2022面積_ha":9.09,"2023面積_ha":9.09}},{"type":"Feature","geometry":{"type":"Polygon","coordinates":[[[121.93107693896545,24.98103915007021],[121.93100897965498,24.972011936275475],[121.92110564345208,24.972073539252243],[121.92116039572643,24.979424947183816],[121.92120350000002,24.979379699999996],[121.9212688,24.979296499999997],[121.9213745,24.9791248],[121.92152790000002,24.9789361],[121.92165459999998,24.978850199999997],[121.92181890000002,24.978769699999997],[121.92219370000001,24.978640000000002],[121.92230830000001,24.978604699999998],[121.922463,24.978591599999994],[121.92274729999998,24.9785958],[121.9230464,24.97868279999999],[121.923271,24.978758599999995],[121.9233189,24.978800299999993],[121.9234905,24.978887200000003],[121.92378409999999,24.9790875],[121.92382259999998,24.9790973],[121.923886,24.9791571],[121.9240278,24.979255999999996],[121.92427980000001,24.979361],[121.9243853,24.979394399999997],[121.9246934,24.979429899999996],[121.9251352,24.9794903],[121.9257866,24.979576599999998],[121.9260641,24.979617],[121.9263062,24.979655499999996],[121.9264329,24.979704099999996],[121.92652700000001,24.9797797],[121.92661270000002,24.979877599999995],[121.9266574,24.979978299999996],[121.9267374,24.980105299999998],[121.92677770000002,24.9801659],[121.9268694,24.9801702],[121.9272378,24.980091200000004],[121.9273846,24.980086399999998],[121.92764389999999,24.9800184],[121.92794070000001,24.9799601],[121.9281409,24.979841299999993],[121.9284109,24.979668799999995],[121.9284769,24.9796433],[121.92855870000001,24.979669600000005],[121.9286906,24.979869199999996],[121.9287386,24.979985400000004],[121.92881889999998,24.980118799999996],[121.9288729,24.980180899999997],[121.9289026,24.980256699999998],[121.92899129999999,24.980358399999997],[121.9290428,24.9804091],[121.92927730000001,24.9805302],[121.9294068,24.980577299999997],[121.9294674,24.980598999999994],[121.92975420000002,24.9806888],[121.92995859999999,24.9807443],[121.9302119,24.980853300000003],[121.9302923,24.9809051],[121.93050730000002,24.980996],[121.9306197,24.981031299999994],[121.9306999,24.981035599999995],[121.93073930336936,24.981041261866636],[121.93107693896545,24.98103915007021]]]},"properties":{"grid_id":"G074_061","綠地類型":"河川沿岸自然地表","中心經度":121.926082,"中心緯度":24.975306,"分析面積_km2":0.866,"2020面積_ha":21.96,"2024面積_ha":21.96,"面積減少率_pct":0.0,"2020斑塊數":3,"2024斑塊數":3,"斑塊數增加率_pct":0.0,"2020平均斑塊面積_ha":16.89,"2024平均斑塊面積_ha":17.04,"平均斑塊面積下降率_pct":0.0,"道路切割密度_km_per_km2":1.629,"建成區邊界切割密度_km_per_km2":0.0,"孤立小斑塊比例_pct":0.0,"距大型連續綠地平均距離_m":0.0,"score_面積減少":36.206896551724135,"score_斑塊增加":44.260435571687836,"score_平均斑塊縮小":28.153357531760438,"score_道路建成區切割":43.738656987295826,"score_孤立比例":40.58529945553539,"score_距大型綠地":38.40744101633394,"綜合破碎化分數":38.6,"破碎化等級":"低","判定原因":"面積減少0.0%；斑塊增加0.0%；平均斑塊縮小0.0%；道路密度1.63 km/km²；孤立比例0.0%；距大型綠地0m","2021面積_ha":21.96,"2022面積_ha":21.96,"2023面積_ha":21.96}}]}