{"type":"FeatureCollection","features":[{"type":"Feature","geometry":{"type":"MultiPolygon","coordinates":[[[[121.60106359105929,24.323657803655887],[121.60114,24.323559999999997],[121.60129,24.323279999999997],[121.60131000000001,24.323149999999995],[121.60134,24.323],[121.60129,24.322809999999997],[121.60119000000002,24.32236],[121.60105570346437,24.321985089791063],[121.60106359105929,24.323657803655887]]],[[[121.60104979182059,24.32073131392268],[121.60110000000002,24.320600000000002],[121.60131000000001,24.3203],[121.6017,24.319979999999994],[121.60258000000002,24.319459999999992],[121.60315999999999,24.31925],[121.60351999999999,24.31905],[121.60436,24.318469999999998],[121.60470000000001,24.318149999999996],[121.60515999999998,24.3174],[121.60528000000001,24.317159999999998],[121.60537000000001,24.31689],[121.60539000000001,24.316609999999997],[121.60537000000001,24.31648],[121.60509000000002,24.315829999999995],[121.60509000000002,24.315620000000003],[121.60518000000002,24.31536],[121.60526,24.31523],[121.60578455481722,24.314611496137953],[121.60124511118701,24.314629538734806],[121.60102175609978,24.31478416928436],[121.60104979182059,24.32073131392268]]]]},"properties":{"grid_id":"G001_029","綠地類型":"河川沿岸自然地表","中心經度":121.602983,"中心緯度":24.317783,"分析面積_km2":0.245,"2020面積_ha":8.82,"2024面積_ha":8.82,"面積減少率_pct":0.0,"2020斑塊數":1,"2024斑塊數":1,"斑塊數增加率_pct":0.0,"2020平均斑塊面積_ha":8.82,"2024平均斑塊面積_ha":8.82,"平均斑塊面積下降率_pct":0.0,"道路切割密度_km_per_km2":0.0,"建成區邊界切割密度_km_per_km2":0.0,"孤立小斑塊比例_pct":0.0,"距大型連續綠地平均距離_m":447.9,"score_面積減少":36.206896551724135,"score_斑塊增加":44.260435571687836,"score_平均斑塊縮小":28.153357531760438,"score_道路建成區切割":25.941470054446462,"score_孤立比例":40.58529945553539,"score_距大型綠地":97.23230490018149,"綜合破碎化分數":45.4,"破碎化等級":"中","判定原因":"面積減少0.0%；斑塊增加0.0%；平均斑塊縮小0.0%；道路密度0.00 km/km²；孤立比例0.0%；距大型綠地448m","2021面積_ha":8.82,"2022面積_ha":8.82,"2023面積_ha":8.82}},{"type":"Feature","geometry":{"type":"Polygon","coordinates":[[[121.57150427352506,24.32377329192298],[121.57154476618997,24.33280203043301],[121.58139859244619,24.33276459942089],[121.58135740175483,24.323735876561358],[121.57150427352506,24.32377329192298]]]},"properties":{"grid_id":"G002_026","綠地類型":"河川沿岸自然地表","中心經度":121.576451,"中心緯度":24.328269,"分析面積_km2":1.04,"2020面積_ha":27.72,"2024面積_ha":27.63,"面積減少率_pct":0.32,"2020斑塊數":1,"2024斑塊數":1,"斑塊數增加率_pct":0.0,"2020平均斑塊面積_ha":2319.48,"2024平均斑塊面積_ha":2320.02,"平均斑塊面積下降率_pct":0.0,"道路切割密度_km_per_km2":0.0,"建成區邊界切割密度_km_per_km2":0.0,"孤立小斑塊比例_pct":0.0,"距大型連續綠地平均距離_m":0.0,"score_面積減少":74.11524500907441,"score_斑塊增加":44.260435571687836,"score_平均斑塊縮小":28.153357531760438,"score_道路建成區切割":25.941470054446462,"score_孤立比例":40.58529945553539,"score_距大型綠地":38.40744101633394,"綜合破碎化分數":41.9,"破碎化等級":"中","判定原因":"面積減少0.3%；斑塊增加0.0%；平均斑塊縮小0.0%；道路密度0.00 km/km²；孤立比例0.0%；距大型綠地0m","2021面積_ha":27.72,"2022面積_ha":27.72,"2023面積_ha":27.72}},{"type":"Feature","geometry":{"type":"MultiPolygon","coordinates":[[[[121.60110618402699,24.332687818172193],[121.60109688551276,24.330716845155397],[121.60093,24.33079],[121.60063,24.330999999999996],[121.60050000000001,24.33115],[121.60039,24.331349999999997],[121.6002,24.33193],[121.60001000000001,24.332309999999996],[121.59979623198747,24.332693001179695],[121.60110618402699,24.332687818172193]]],[[[121.59121050979441,24.32369782172398],[121.59125239850593,24.332726528665535],[121.59641341016724,24.33270633348171],[121.59634,24.33257],[121.59612,24.332179999999997],[121.5958,24.331840000000003],[121.59567,24.33161],[121.59565000000002,24.3315],[121.59569,24.331280000000003],[121.59582,24.330939999999995],[121.59591,24.330529999999996],[121.59591,24.330169999999992],[121.59582,24.329719999999995],[121.59586000000002,24.329479999999997],[121.59631,24.328789999999998],[121.59644000000002,24.328469999999992],[121.59644000000002,24.32832],[121.59655,24.328149999999997],[121.59685,24.327889999999996],[121.59827,24.326879999999996],[121.59853000000001,24.326629999999998],[121.59863,24.326500000000003],[121.5987,24.326409999999996],[121.59873999999999,24.326220000000003],[121.5987,24.3256],[121.59878,24.32536],[121.59951,24.324929999999995],[121.59968,24.324780000000004],[121.60013,24.32427],[121.60069,24.324009999999998],[121.60089,24.32388],[121.60106255364441,24.323659131548517],[121.59121050979441,24.32369782172398]]]]},"properties":{"grid_id":"G002_028","綠地類型":"河川沿岸自然地表","中心經度":121.593863,"中心緯度":24.328245,"分析面積_km2":0.668,"2020面積_ha":33.21,"2024面積_ha":33.12,"面積減少率_pct":0.27,"2020斑塊數":2,"2024斑塊數":2,"斑塊數增加率_pct":0.0,"2020平均斑塊面積_ha":1171.8,"2024平均斑塊面積_ha":1171.98,"平均斑塊面積下降率_pct":0.0,"道路切割密度_km_per_km2":0.0,"建成區邊界切割密度_km_per_km2":0.0,"孤立小斑塊比例_pct":0.0,"距大型連續綠地平均距離_m":0.0,"score_面積減少":73.66152450090743,"score_斑塊增加":44.260435571687836,"score_平均斑塊縮小":28.153357531760438,"score_道路建成區切割":25.941470054446462,"score_孤立比例":40.58529945553539,"score_距大型綠地":38.40744101633394,"綜合破碎化分數":41.8,"破碎化等級":"中","判定原因":"面積減少0.3%；斑塊增加0.0%；平均斑塊縮小0.0%；道路密度0.00 km/km²；孤立比例0.0%；距大型綠地0m","2021面積_ha":33.21,"2022面積_ha":33.03,"2023面積_ha":33.12}},{"type":"Feature","geometry":{"type":"Polygon","coordinates":[[[121.71934988369443,24.332173394717547],[121.72920337107134,24.332126368147534],[121.7291658961085,24.325577462986214],[121.72879,24.325729999999993],[121.72783000000001,24.325979999999998],[121.72749,24.325999999999997],[121.72610999999999,24.325920000000004],[121.72577,24.325849999999996],[121.72519,24.32563999999999],[121.72487000000001,24.32555],[121.72351999999998,24.325490000000002],[121.72322,24.32551],[121.72225,24.325619999999997],[121.72184000000001,24.325679999999995],[121.72108999999999,24.32588],[121.72068,24.3259],[121.71972,24.326049999999995],[121.71931562101783,24.326103917468362],[121.71934988369443,24.332173394717547]]]},"properties":{"grid_id":"G002_041","綠地類型":"河川沿岸自然地表","中心經度":121.724259,"中心緯度":24.329115,"分析面積_km2":0.74,"2020面積_ha":20.7,"2024面積_ha":21.42,"面積減少率_pct":0.0,"2020斑塊數":1,"2024斑塊數":1,"斑塊數增加率_pct":0.0,"2020平均斑塊面積_ha":25.38,"2024平均斑塊面積_ha":26.1,"平均斑塊面積下降率_pct":0.0,"道路切割密度_km_per_km2":4.826,"建成區邊界切割密度_km_per_km2":0.0,"孤立小斑塊比例_pct":0.0,"距大型連續綠地平均距離_m":0.0,"score_面積減少":36.206896551724135,"score_斑塊增加":44.260435571687836,"score_平均斑塊縮小":28.153357531760438,"score_道路建成區切割":55.60344827586208,"score_孤立比例":40.58529945553539,"score_距大型綠地":38.40744101633394,"綜合破碎化分數":40.5,"破碎化等級":"中","判定原因":"面積減少0.0%；斑塊增加0.0%；平均斑塊縮小0.0%；道路密度4.83 km/km²；孤立比例0.0%；距大型綠地0m","2021面積_ha":21.78,"2022面積_ha":20.43,"2023面積_ha":20.79}},{"type":"Feature","geometry":{"type":"Polygon","coordinates":[[[121.5616909200795,24.332838821696747],[121.56173073422372,24.341867564788892],[121.57158527870911,24.34183075814003],[121.57154476618997,24.33280203043301],[121.5616909200795,24.332838821696747]]]},"properties":{"grid_id":"G003_025","綠地類型":"河川沿岸自然地表","中心經度":121.566638,"中心緯度":24.337335,"分析面積_km2":1.04,"2020面積_ha":49.23,"2024面積_ha":49.05,"面積減少率_pct":0.37,"2020斑塊數":1,"2024斑塊數":1,"斑塊數增加率_pct":0.0,"2020平均斑塊面積_ha":2319.48,"2024平均斑塊面積_ha":2320.02,"平均斑塊面積下降率_pct":0.0,"道路切割密度_km_per_km2":0.0,"建成區邊界切割密度_km_per_km2":0.0,"孤立小斑塊比例_pct":0.0,"距大型連續綠地平均距離_m":0.0,"score_面積減少":74.50090744101632,"score_斑塊增加":44.260435571687836,"score_平均斑塊縮小":28.153357531760438,"score_道路建成區切割":25.941470054446462,"score_孤立比例":40.58529945553539,"score_距大型綠地":38.40744101633394,"綜合破碎化分數":42.0,"破碎化等級":"中","判定原因":"面積減少0.4%；斑塊增加0.0%；平均斑塊縮小0.0%；道路密度0.00 km/km²；孤立比例0.0%；距大型綠地0m","2021面積_ha":49.23,"2022面積_ha":49.05,"2023面積_ha":49.23}},{"type":"Feature","geometry":{"type":"Polygon","coordinates":[[[121.61100325462276,24.341677131437525],[121.61691988194667,24.34165318812978],[121.61683000000001,24.34148],[121.61655000000002,24.34077],[121.61642,24.340189999999993],[121.61636,24.33961],[121.61610000000002,24.33817],[121.61607999999998,24.337869999999995],[121.61610000000002,24.337419999999998],[121.61616,24.33727],[121.61633,24.337009999999996],[121.61644000000001,24.336909999999996],[121.61681,24.33673],[121.61809,24.336369999999995],[121.61835,24.336129999999994],[121.61848,24.33598],[121.61863,24.33568],[121.61867,24.33534],[121.61865,24.334949999999992],[121.61861000000002,24.334759999999996],[121.61848,24.334499999999995],[121.61831000000001,24.334289999999992],[121.61792000000001,24.333900000000003],[121.61749000000002,24.33362],[121.61726,24.33354],[121.61606,24.333299999999994],[121.61555999999999,24.333259999999996],[121.61519999999999,24.333339999999993],[121.61488,24.333539999999992],[121.61455,24.333839999999995],[121.614,24.334570000000003],[121.61312,24.335579999999997],[121.61271000000002,24.335770000000004],[121.61194,24.335939999999997],[121.61125,24.335999999999995],[121.61097602179704,24.336000000086685],[121.61100325462276,24.341677131437525]]]},"properties":{"grid_id":"G003_030","綠地類型":"河川沿岸自然地表","中心經度":121.613537,"中心緯度":24.337655,"分析面積_km2":0.492,"2020面積_ha":7.56,"2024面積_ha":7.47,"面積減少率_pct":1.19,"2020斑塊數":1,"2024斑塊數":1,"斑塊數增加率_pct":0.0,"2020平均斑塊面積_ha":55.26,"2024平均斑塊面積_ha":55.26,"平均斑塊面積下降率_pct":0.0,"道路切割密度_km_per_km2":0.0,"建成區邊界切割密度_km_per_km2":0.0,"孤立小斑塊比例_pct":0.0,"距大型連續綠地平均距離_m":0.0,"score_面積減少":77.9491833030853,"score_斑塊增加":44.260435571687836,"score_平均斑塊縮小":28.153357531760438,"score_道路建成區切割":25.941470054446462,"score_孤立比例":40.58529945553539,"score_距大型綠地":38.40744101633394,"綜合破碎化分數":42.5,"破碎化等級":"中","判定原因":"面積減少1.2%；斑塊增加0.0%；平均斑塊縮小0.0%；道路密度0.00 km/km²；孤立比例0.0%；距大型綠地0m","2021面積_ha":7.56,"2022面積_ha":7.56,"2023面積_ha":7.56}},{"type":"Feature","geometry":{"type":"Polygon","coordinates":[[[121.63071211657021,24.341596478096417],[121.63067390469115,24.3338790671657],[121.62979,24.33358],[121.62950999999998,24.333519999999996],[121.62907999999999,24.333519999999993],[121.62889,24.33358],[121.62861,24.333729999999996],[121.62831,24.33407],[121.62775,24.334869999999995],[121.62758,24.334969999999995],[121.62706,24.33514999999999],[121.62687000000001,24.3353],[121.62668,24.335599999999992],[121.62659,24.335879999999996],[121.62661,24.33627999999999],[121.6267,24.336479999999998],[121.62690999999998,24.33686],[121.62745000000001,24.337569999999992],[121.62777,24.33817],[121.62792000000002,24.338489999999997],[121.62802999999998,24.338919999999998],[121.62802999999998,24.33918],[121.62799000000001,24.33944],[121.62756000000002,24.34077],[121.62741,24.341109999999997],[121.62736000000001,24.341149999999995],[121.62728,24.341180000000005],[121.62715,24.341149999999992],[121.62708999999998,24.341109999999993],[121.62656999999999,24.34064],[121.6261,24.340299999999996],[121.6258,24.34015],[121.62533,24.339949999999995],[121.62405999999999,24.33961],[121.62335,24.339569999999995],[121.62273,24.339480000000002],[121.62254000000001,24.339669999999995],[121.62234000000001,24.34002],[121.62174,24.341579999999993],[121.62170855574045,24.341633640457164],[121.63071211657021,24.341596478096417]]]},"properties":{"grid_id":"G003_031","綠地類型":"河川沿岸自然地表","中心經度":121.628935,"中心緯度":24.337208,"分析面積_km2":0.395,"2020面積_ha":19.98,"2024面積_ha":18.99,"面積減少率_pct":4.95,"2020斑塊數":2,"2024斑塊數":1,"斑塊數增加率_pct":0.0,"2020平均斑塊面積_ha":45.855,"2024平均斑塊面積_ha":89.55,"平均斑塊面積下降率_pct":0.0,"道路切割密度_km_per_km2":0.0,"建成區邊界切割密度_km_per_km2":0.0,"孤立小斑塊比例_pct":0.0,"距大型連續綠地平均距離_m":0.0,"score_面積減少":84.75499092558984,"score_斑塊增加":44.260435571687836,"score_平均斑塊縮小":28.153357531760438,"score_道路建成區切割":25.941470054446462,"score_孤立比例":40.58529945553539,"score_距大型綠地":38.40744101633394,"綜合破碎化分數":43.7,"破碎化等級":"中","判定原因":"面積減少5.0%；斑塊增加0.0%；平均斑塊縮小0.0%；道路密度0.00 km/km²；孤立比例0.0%；距大型綠地0m","2021面積_ha":21.6,"2022面積_ha":19.53,"2023面積_ha":19.89}},{"type":"Feature","geometry":{"type":"Polygon","coordinates":[[[121.67998388194593,24.341383645131046],[121.67997055876577,24.33888816912542],[121.67888,24.338339999999995],[121.67824,24.338040000000003],[121.67691,24.33758999999999],[121.67646,24.337509999999998],[121.67590000000001,24.337479999999996],[121.67513,24.337659999999996],[121.67481,24.33778999999999],[121.67444000000002,24.33811],[121.67418,24.33856],[121.67401,24.338919999999995],[121.67383640000001,24.3391842],[121.67378,24.33927],[121.67350000000002,24.339819999999996],[121.67343,24.340019999999996],[121.67341000000002,24.34025],[121.67354000000002,24.3409],[121.67376305619054,24.34141139905217],[121.67998388194593,24.341383645131046]]]},"properties":{"grid_id":"G003_036","綠地類型":"河川沿岸自然地表","中心經度":121.676807,"中心緯度":24.339531,"分析面積_km2":0.253,"2020面積_ha":7.29,"2024面積_ha":7.56,"面積減少率_pct":0.0,"2020斑塊數":1,"2024斑塊數":1,"斑塊數增加率_pct":0.0,"2020平均斑塊面積_ha":580.23,"2024平均斑塊面積_ha":579.87,"平均斑塊面積下降率_pct":0.06,"道路切割密度_km_per_km2":6.287,"建成區邊界切割密度_km_per_km2":0.0,"孤立小斑塊比例_pct":0.0,"距大型連續綠地平均距離_m":0.0,"score_面積減少":36.206896551724135,"score_斑塊增加":44.260435571687836,"score_平均斑塊縮小":57.4410163339383,"score_道路建成區切割":58.166969147005446,"score_孤立比例":40.58529945553539,"score_距大型綠地":38.40744101633394,"綜合破碎化分數":45.8,"破碎化等級":"中","判定原因":"面積減少0.0%；斑塊增加0.0%；平均斑塊縮小0.1%；道路密度6.29 km/km²；孤立比例0.0%；距大型綠地0m","2021面積_ha":7.74,"2022面積_ha":7.65,"2023面積_ha":7.92}},{"type":"Feature","geometry":{"type":"Polygon","coordinates":[[[121.61100325462276,24.341677131437525],[121.61104658180821,24.350705784114],[121.62090172225315,24.35066576071308],[121.62086935089737,24.344027614173985],[121.6208,24.344239999999996],[121.62041,24.34519],[121.62030000000001,24.345299999999995],[121.62015,24.345399999999998],[121.61992000000001,24.345490000000005],[121.61953,24.34551],[121.61880000000001,24.345450000000003],[121.61870000000002,24.345400000000005],[121.61849999999998,24.345250000000004],[121.61814,24.34489],[121.61792000000001,24.34452],[121.61779000000001,24.34418],[121.61754,24.34306],[121.61724,24.34227],[121.61691988194667,24.34165318812978],[121.61100325462276,24.341677131437525]]]},"properties":{"grid_id":"G004_030","綠地類型":"河川沿岸自然地表","中心經度":121.615962,"中心緯度":24.348105,"分析面積_km2":0.894,"2020面積_ha":26.82,"2024面積_ha":26.73,"面積減少率_pct":0.34,"2020斑塊數":1,"2024斑塊數":1,"斑塊數增加率_pct":0.0,"2020平均斑塊面積_ha":70.47,"2024平均斑塊面積_ha":89.55,"平均斑塊面積下降率_pct":0.0,"道路切割密度_km_per_km2":0.0,"建成區邊界切割密度_km_per_km2":0.0,"孤立小斑塊比例_pct":0.0,"距大型連續綠地平均距離_m":0.0,"score_面積減少":74.2059891107078,"score_斑塊增加":44.260435571687836,"score_平均斑塊縮小":28.153357531760438,"score_道路建成區切割":25.941470054446462,"score_孤立比例":40.58529945553539,"score_距大型綠地":38.40744101633394,"綜合破碎化分數":41.9,"破碎化等級":"中","判定原因":"面積減少0.3%；斑塊增加0.0%；平均斑塊縮小0.0%；道路密度0.00 km/km²；孤立比例0.0%；距大型綠地0m","2021面積_ha":26.91,"2022面積_ha":26.82,"2023面積_ha":26.64}},{"type":"Feature","geometry":{"type":"Polygon","coordinates":[[[121.63071211657021,24.341596478096417],[121.62170855574045,24.341633640457164],[121.62140000000001,24.342160000000003],[121.62112000000002,24.34326],[121.62086935089737,24.344027614173985],[121.62090172225315,24.35066576071308],[121.62707482017727,24.35064036453957],[121.62676,24.349930000000004],[121.62676,24.34969],[121.62680999999999,24.349570000000003],[121.62685,24.349520000000002],[121.6273,24.349459999999997],[121.62923,24.349479999999996],[121.62949,24.34944],[121.62968,24.34933],[121.62979,24.34922],[121.6299,24.34907],[121.62994,24.348919999999996],[121.63001999999999,24.348490000000005],[121.63007000000002,24.348389999999995],[121.63019999999999,24.348319999999998],[121.63037,24.34828],[121.63054,24.34828],[121.63074534191901,24.348304157967274],[121.63071211657021,24.341596478096417]]]},"properties":{"grid_id":"G004_031","綠地類型":"河川沿岸自然地表","中心經度":121.625807,"中心緯度":24.346153,"分析面積_km2":0.964,"2020面積_ha":33.66,"2024面積_ha":34.38,"面積減少率_pct":0.0,"2020斑塊數":4,"2024斑塊數":3,"斑塊數增加率_pct":0.0,"2020平均斑塊面積_ha":31.883,"2024平均斑塊面積_ha":41.25,"平均斑塊面積下降率_pct":0.0,"道路切割密度_km_per_km2":0.0,"建成區邊界切割密度_km_per_km2":0.0,"孤立小斑塊比例_pct":0.0,"距大型連續綠地平均距離_m":3.6,"score_面積減少":36.206896551724135,"score_斑塊增加":44.260435571687836,"score_平均斑塊縮小":28.153357531760438,"score_道路建成區切割":25.941470054446462,"score_孤立比例":40.58529945553539,"score_距大型綠地":81.91923774954628,"綜合破碎化分數":42.8,"破碎化等級":"中","判定原因":"面積減少0.0%；斑塊增加0.0%；平均斑塊縮小0.0%；道路密度0.00 km/km²；孤立比例0.0%；距大型綠地4m","2021面積_ha":35.46,"2022面積_ha":33.84,"2023面積_ha":34.83}},{"type":"Feature","geometry":{"type":"Polygon","coordinates":[[[121.67017709394666,24.350456039970123],[121.68003209978221,24.350412175114318],[121.67998388194593,24.341383645131046],[121.67376305619054,24.34141139905217],[121.67395,24.341839999999994],[121.67405999999998,24.34229],[121.67408000000002,24.342569999999995],[121.67405999999998,24.343169999999997],[121.67395,24.34339],[121.67369,24.343579999999992],[121.67328,24.343769999999996],[121.67308999999999,24.343789999999995],[121.67292,24.343789999999995],[121.67255,24.343689999999995],[121.67202000000002,24.34347],[121.67112000000002,24.34326],[121.67057999999999,24.34298],[121.67013703068831,24.342844397234202],[121.67017709394666,24.350456039970123]]]},"properties":{"grid_id":"G004_036","綠地類型":"河川沿岸自然地表","中心經度":121.675087,"中心緯度":24.347108,"分析面積_km2":0.949,"2020面積_ha":39.51,"2024面積_ha":40.14,"面積減少率_pct":0.0,"2020斑塊數":1,"2024斑塊數":1,"斑塊數增加率_pct":0.0,"2020平均斑塊面積_ha":580.23,"2024平均斑塊面積_ha":579.87,"平均斑塊面積下降率_pct":0.06,"道路切割密度_km_per_km2":0.569,"建成區邊界切割密度_km_per_km2":0.0,"孤立小斑塊比例_pct":0.0,"距大型連續綠地平均距離_m":0.0,"score_面積減少":36.206896551724135,"score_斑塊增加":44.260435571687836,"score_平均斑塊縮小":57.4410163339383,"score_道路建成區切割":37.00090744101634,"score_孤立比例":40.58529945553539,"score_距大型綠地":38.40744101633394,"綜合破碎化分數":42.3,"破碎化等級":"中","判定原因":"面積減少0.0%；斑塊增加0.0%；平均斑塊縮小0.1%；道路密度0.57 km/km²；孤立比例0.0%；距大型綠地0m","2021面積_ha":39.78,"2022面積_ha":39.51,"2023面積_ha":40.59}},{"type":"Feature","geometry":{"type":"Polygon","coordinates":[[[121.68983816551241,24.341339158651103],[121.68988708198442,24.350367670036665],[121.6997420402109,24.350322524743294],[121.69969242511064,24.341294032222976],[121.68983816551241,24.341339158651103]]]},"properties":{"grid_id":"G004_038","綠地類型":"河川沿岸自然地表","中心經度":121.69479,"中心緯度":24.345831,"分析面積_km2":1.04,"2020面積_ha":16.47,"2024面積_ha":16.47,"面積減少率_pct":0.0,"2020斑塊數":1,"2024斑塊數":1,"斑塊數增加率_pct":0.0,"2020平均斑塊面積_ha":580.23,"2024平均斑塊面積_ha":579.87,"平均斑塊面積下降率_pct":0.06,"道路切割密度_km_per_km2":0.0,"建成區邊界切割密度_km_per_km2":0.0,"孤立小斑塊比例_pct":0.0,"距大型連續綠地平均距離_m":0.0,"score_面積減少":36.206896551724135,"score_斑塊增加":44.260435571687836,"score_平均斑塊縮小":57.4410163339383,"score_道路建成區切割":25.941470054446462,"score_孤立比例":40.58529945553539,"score_距大型綠地":38.40744101633394,"綜合破碎化分數":40.5,"破碎化等級":"中","判定原因":"面積減少0.0%；斑塊增加0.0%；平均斑塊縮小0.1%；道路密度0.00 km/km²；孤立比例0.0%；距大型綠地0m","2021面積_ha":16.47,"2022面積_ha":16.47,"2023面積_ha":16.47}},{"type":"Feature","geometry":{"type":"Polygon","coordinates":[[[121.69969242511064,24.341294032222976],[121.6997420402109,24.350322524743294],[121.70959697411924,24.35027673924043],[121.70954666039833,24.34124826585286],[121.69969242511064,24.341294032222976]]]},"properties":{"grid_id":"G004_039","綠地類型":"河川沿岸自然地表","中心經度":121.704645,"中心緯度":24.345785,"分析面積_km2":1.04,"2020面積_ha":6.3,"2024面積_ha":6.3,"面積減少率_pct":0.0,"2020斑塊數":1,"2024斑塊數":1,"斑塊數增加率_pct":0.0,"2020平均斑塊面積_ha":580.23,"2024平均斑塊面積_ha":579.87,"平均斑塊面積下降率_pct":0.06,"道路切割密度_km_per_km2":0.0,"建成區邊界切割密度_km_per_km2":0.0,"孤立小斑塊比例_pct":0.0,"距大型連續綠地平均距離_m":0.0,"score_面積減少":36.206896551724135,"score_斑塊增加":44.260435571687836,"score_平均斑塊縮小":57.4410163339383,"score_道路建成區切割":25.941470054446462,"score_孤立比例":40.58529945553539,"score_距大型綠地":38.40744101633394,"綜合破碎化分數":40.5,"破碎化等級":"中","判定原因":"面積減少0.0%；斑塊增加0.0%；平均斑塊縮小0.1%；道路密度0.00 km/km²；孤立比例0.0%；距大型綠地0m","2021面積_ha":6.3,"2022面積_ha":6.3,"2023面積_ha":6.3}},{"type":"Feature","geometry":{"type":"Polygon","coordinates":[[[121.72925505667297,24.341154813311988],[121.72930676761197,24.350183247631524],[121.73916162651162,24.35013554153836],[121.73910921697538,24.341107127154103],[121.72925505667297,24.341154813311988]]]},"properties":{"grid_id":"G004_042","綠地類型":"河川沿岸自然地表","中心經度":121.734208,"中心緯度":24.345645,"分析面積_km2":1.04,"2020面積_ha":40.68,"2024面積_ha":40.77,"面積減少率_pct":0.0,"2020斑塊數":1,"2024斑塊數":1,"斑塊數增加率_pct":0.0,"2020平均斑塊面積_ha":566.28,"2024平均斑塊面積_ha":566.55,"平均斑塊面積下降率_pct":0.0,"道路切割密度_km_per_km2":3.172,"建成區邊界切割密度_km_per_km2":0.0,"孤立小斑塊比例_pct":0.0,"距大型連續綠地平均距離_m":0.0,"score_面積減少":36.206896551724135,"score_斑塊增加":44.260435571687836,"score_平均斑塊縮小":28.153357531760438,"score_道路建成區切割":51.53130671506352,"score_孤立比例":40.58529945553539,"score_距大型綠地":38.40744101633394,"綜合破碎化分數":39.9,"破碎化等級":"中","判定原因":"面積減少0.0%；斑塊增加0.0%；平均斑塊縮小0.0%；道路密度3.17 km/km²；孤立比例0.0%；距大型綠地0m","2021面積_ha":40.77,"2022面積_ha":39.33,"2023面積_ha":40.77}},{"type":"Feature","geometry":{"type":"Polygon","coordinates":[[[121.75881746019905,24.34100983509627],[121.75887126690559,24.350038208807465],[121.76872604771515,24.34998858218314],[121.76867154243578,24.340960229209728],[121.75881746019905,24.34100983509627]]]},"properties":{"grid_id":"G004_045","綠地類型":"河川沿岸自然地表","中心經度":121.763772,"中心緯度":24.345499,"分析面積_km2":1.04,"2020面積_ha":31.59,"2024面積_ha":31.59,"面積減少率_pct":0.0,"2020斑塊數":1,"2024斑塊數":1,"斑塊數增加率_pct":0.0,"2020平均斑塊面積_ha":61.2,"2024平均斑塊面積_ha":59.94,"平均斑塊面積下降率_pct":2.06,"道路切割密度_km_per_km2":3.143,"建成區邊界切割密度_km_per_km2":0.0,"孤立小斑塊比例_pct":0.0,"距大型連續綠地平均距離_m":0.0,"score_面積減少":36.206896551724135,"score_斑塊增加":44.260435571687836,"score_平均斑塊縮小":71.89201451905626,"score_道路建成區切割":51.38384754990926,"score_孤立比例":40.58529945553539,"score_距大型綠地":38.40744101633394,"綜合破碎化分數":47.1,"破碎化等級":"中","判定原因":"面積減少0.0%；斑塊增加0.0%；平均斑塊縮小2.1%；道路密度3.14 km/km²；孤立比例0.0%；距大型綠地0m","2021面積_ha":31.59,"2022面積_ha":31.59,"2023面積_ha":31.59}},{"type":"Feature","geometry":{"type":"Polygon","coordinates":[[[121.463249980807,24.360258161432846],[121.46323861762556,24.357136645670334],[121.46231,24.357569999999992],[121.46126,24.357929999999996],[121.46081,24.358229999999995],[121.45957000000001,24.35924],[121.45896,24.359889999999996],[121.45867532192491,24.360272068413053],[121.463249980807,24.360258161432846]]]},"properties":{"grid_id":"G005_014","綠地類型":"河川沿岸自然地表","中心經度":121.461717,"中心緯度":24.35873,"分析面積_km2":0.106,"2020面積_ha":2.43,"2024面積_ha":2.34,"面積減少率_pct":3.7,"2020斑塊數":1,"2024斑塊數":1,"斑塊數增加率_pct":0.0,"2020平均斑塊面積_ha":2319.48,"2024平均斑塊面積_ha":2320.02,"平均斑塊面積下降率_pct":0.0,"道路切割密度_km_per_km2":0.0,"建成區邊界切割密度_km_per_km2":0.282,"孤立小斑塊比例_pct":0.0,"距大型連續綠地平均距離_m":0.0,"score_面積減少":83.34845735027223,"score_斑塊增加":44.260435571687836,"score_平均斑塊縮小":28.153357531760438,"score_道路建成區切割":46.24546279491834,"score_孤立比例":40.58529945553539,"score_距大型綠地":38.40744101633394,"綜合破碎化分數":46.8,"破碎化等級":"中","判定原因":"面積減少3.7%；斑塊增加0.0%；平均斑塊縮小0.0%；道路密度0.00 km/km²；孤立比例0.0%；距大型綠地0m","2021面積_ha":2.16,"2022面積_ha":1.89,"2023面積_ha":1.8}},{"type":"Feature","geometry":{"type":"Polygon","coordinates":[[[121.55191530515924,24.35093247882474],[121.55195445927997,24.35996121542789],[121.5618104210726,24.359925018558524],[121.56177056788606,24.350896297077153],[121.55191530515924,24.35093247882474]]]},"properties":{"grid_id":"G005_024","綠地類型":"河川沿岸自然地表","中心經度":121.556863,"中心緯度":24.355429,"分析面積_km2":1.04,"2020面積_ha":50.94,"2024面積_ha":50.67,"面積減少率_pct":0.53,"2020斑塊數":1,"2024斑塊數":1,"斑塊數增加率_pct":0.0,"2020平均斑塊面積_ha":2319.48,"2024平均斑塊面積_ha":2320.02,"平均斑塊面積下降率_pct":0.0,"道路切割密度_km_per_km2":0.0,"建成區邊界切割密度_km_per_km2":0.0,"孤立小斑塊比例_pct":0.0,"距大型連續綠地平均距離_m":0.0,"score_面積減少":75.38566243194192,"score_斑塊增加":44.260435571687836,"score_平均斑塊縮小":28.153357531760438,"score_道路建成區切割":25.941470054446462,"score_孤立比例":40.58529945553539,"score_距大型綠地":38.40744101633394,"綜合破碎化分數":42.1,"破碎化等級":"中","判定原因":"面積減少0.5%；斑塊增加0.0%；平均斑塊縮小0.0%；道路密度0.00 km/km²；孤立比例0.0%；距大型綠地0m","2021面積_ha":51.12,"2022面積_ha":50.22,"2023面積_ha":51.12}},{"type":"Feature","geometry":{"type":"Polygon","coordinates":[[[121.56177056788606,24.350896297077153],[121.5618104210726,24.359925018558524],[121.5716663633349,24.359888181133037],[121.57162581108868,24.350859475041034],[121.56177056788606,24.350896297077153]]]},"properties":{"grid_id":"G005_025","綠地類型":"河川沿岸自然地表","中心經度":121.566718,"中心緯度":24.355392,"分析面積_km2":1.04,"2020面積_ha":23.67,"2024面積_ha":23.67,"面積減少率_pct":0.0,"2020斑塊數":2,"2024斑塊數":2,"斑塊數增加率_pct":0.0,"2020平均斑塊面積_ha":1677.465,"2024平均斑塊面積_ha":1675.845,"平均斑塊面積下降率_pct":0.1,"道路切割密度_km_per_km2":0.0,"建成區邊界切割密度_km_per_km2":0.0,"孤立小斑塊比例_pct":0.0,"距大型連續綠地平均距離_m":0.0,"score_面積減少":36.206896551724135,"score_斑塊增加":44.260435571687836,"score_平均斑塊縮小":58.0989110707804,"score_道路建成區切割":25.941470054446462,"score_孤立比例":40.58529945553539,"score_距大型綠地":38.40744101633394,"綜合破碎化分數":40.6,"破碎化等級":"中","判定原因":"面積減少0.0%；斑塊增加0.0%；平均斑塊縮小0.1%；道路密度0.00 km/km²；孤立比例0.0%；距大型綠地0m","2021面積_ha":23.67,"2022面積_ha":23.67,"2023面積_ha":23.67}},{"type":"Feature","geometry":{"type":"Polygon","coordinates":[[[121.57162581108868,24.350859475041034],[121.5716663633349,24.359888181133037],[121.58152228572438,24.359850703156496],[121.58148103442467,24.350822012721455],[121.57162581108868,24.350859475041034]]]},"properties":{"grid_id":"G005_026","綠地類型":"河川沿岸自然地表","中心經度":121.576574,"中心緯度":24.355355,"分析面積_km2":1.04,"2020面積_ha":14.4,"2024面積_ha":14.4,"面積減少率_pct":0.0,"2020斑塊數":2,"2024斑塊數":2,"斑塊數增加率_pct":0.0,"2020平均斑塊面積_ha":1677.465,"2024平均斑塊面積_ha":1675.845,"平均斑塊面積下降率_pct":0.1,"道路切割密度_km_per_km2":0.0,"建成區邊界切割密度_km_per_km2":0.0,"孤立小斑塊比例_pct":0.0,"距大型連續綠地平均距離_m":0.0,"score_面積減少":36.206896551724135,"score_斑塊增加":44.260435571687836,"score_平均斑塊縮小":58.0989110707804,"score_道路建成區切割":25.941470054446462,"score_孤立比例":40.58529945553539,"score_距大型綠地":38.40744101633394,"綜合破碎化分數":40.6,"破碎化等級":"中","判定原因":"面積減少0.0%；斑塊增加0.0%；平均斑塊縮小0.1%；道路密度0.00 km/km²；孤立比例0.0%；距大型綠地0m","2021面積_ha":14.4,"2022面積_ha":14.4,"2023面積_ha":14.4}},{"type":"Feature","geometry":{"type":"Polygon","coordinates":[[[121.58148103442467,24.350822012721455],[121.58152228572438,24.359850703156496],[121.59137818789844,24.359812584634067],[121.59133623755154,24.350783910123575],[121.58148103442467,24.350822012721455]]]},"properties":{"grid_id":"G005_027","綠地類型":"河川沿岸自然地表","中心經度":121.586429,"中心緯度":24.355317,"分析面積_km2":1.04,"2020面積_ha":12.6,"2024面積_ha":12.6,"面積減少率_pct":0.0,"2020斑塊數":2,"2024斑塊數":2,"斑塊數增加率_pct":0.0,"2020平均斑塊面積_ha":1677.465,"2024平均斑塊面積_ha":1675.845,"平均斑塊面積下降率_pct":0.1,"道路切割密度_km_per_km2":0.0,"建成區邊界切割密度_km_per_km2":0.0,"孤立小斑塊比例_pct":0.0,"距大型連續綠地平均距離_m":0.0,"score_面積減少":36.206896551724135,"score_斑塊增加":44.260435571687836,"score_平均斑塊縮小":58.0989110707804,"score_道路建成區切割":25.941470054446462,"score_孤立比例":40.58529945553539,"score_距大型綠地":38.40744101633394,"綜合破碎化分數":40.6,"破碎化等級":"中","判定原因":"面積減少0.0%；斑塊增加0.0%；平均斑塊縮小0.1%；道路密度0.00 km/km²；孤立比例0.0%；距大型綠地0m","2021面積_ha":12.6,"2022面積_ha":12.6,"2023面積_ha":12.6}},{"type":"Feature","geometry":{"type":"Polygon","coordinates":[[[121.59133623755154,24.350783910123575],[121.59137818789844,24.359812584634067],[121.60123406951452,24.359773825571],[121.60119142012687,24.35074516725265],[121.59133623755154,24.350783910123575]]]},"properties":{"grid_id":"G005_028","綠地類型":"河川沿岸自然地表","中心經度":121.596285,"中心緯度":24.355279,"分析面積_km2":1.04,"2020面積_ha":11.52,"2024面積_ha":11.43,"面積減少率_pct":0.78,"2020斑塊數":2,"2024斑塊數":2,"斑塊數增加率_pct":0.0,"2020平均斑塊面積_ha":552.96,"2024平均斑塊面積_ha":560.61,"平均斑塊面積下降率_pct":0.0,"道路切割密度_km_per_km2":0.0,"建成區邊界切割密度_km_per_km2":0.0,"孤立小斑塊比例_pct":0.0,"距大型連續綠地平均距離_m":0.0,"score_面積減少":76.58802177858439,"score_斑塊增加":44.260435571687836,"score_平均斑塊縮小":28.153357531760438,"score_道路建成區切割":25.941470054446462,"score_孤立比例":40.58529945553539,"score_距大型綠地":38.40744101633394,"綜合破碎化分數":42.3,"破碎化等級":"中","判定原因":"面積減少0.8%；斑塊增加0.0%；平均斑塊縮小0.0%；道路密度0.00 km/km²；孤立比例0.0%；距大型綠地0m","2021面積_ha":11.52,"2022面積_ha":11.52,"2023面積_ha":11.52}},{"type":"Feature","geometry":{"type":"Polygon","coordinates":[[[121.60119142012687,24.35074516725265],[121.60123406951452,24.359773825571],[121.61108993023011,24.35973442597264],[121.61104658180821,24.350705784114],[121.60119142012687,24.35074516725265]]]},"properties":{"grid_id":"G005_029","綠地類型":"河川沿岸自然地表","中心經度":121.606141,"中心緯度":24.35524,"分析面積_km2":1.04,"2020面積_ha":28.89,"2024面積_ha":27.27,"面積減少率_pct":5.61,"2020斑塊數":1,"2024斑塊數":1,"斑塊數增加率_pct":0.0,"2020平均斑塊面積_ha":70.47,"2024平均斑塊面積_ha":89.55,"平均斑塊面積下降率_pct":0.0,"道路切割密度_km_per_km2":0.0,"建成區邊界切割密度_km_per_km2":0.0,"孤立小斑塊比例_pct":0.0,"距大型連續綠地平均距離_m":0.0,"score_面積減少":85.66243194192378,"score_斑塊增加":44.260435571687836,"score_平均斑塊縮小":28.153357531760438,"score_道路建成區切割":25.941470054446462,"score_孤立比例":40.58529945553539,"score_距大型綠地":38.40744101633394,"綜合破碎化分數":43.8,"破碎化等級":"中","判定原因":"面積減少5.6%；斑塊增加0.0%；平均斑塊縮小0.0%；道路密度0.00 km/km²；孤立比例0.0%；距大型綠地0m","2021面積_ha":28.8,"2022面積_ha":28.89,"2023面積_ha":27.72}},{"type":"Feature","geometry":{"type":"Polygon","coordinates":[[[121.61104658180821,24.350705784114],[121.61108993023011,24.35973442597264],[121.62094576970262,24.359694385844413],[121.62090172225315,24.35066576071308],[121.61104658180821,24.350705784114]]]},"properties":{"grid_id":"G005_030","綠地類型":"河川沿岸自然地表","中心經度":121.615996,"中心緯度":24.3552,"分析面積_km2":1.04,"2020面積_ha":9.9,"2024面積_ha":9.63,"面積減少率_pct":2.73,"2020斑塊數":3,"2024斑塊數":3,"斑塊數增加率_pct":0.0,"2020平均斑塊面積_ha":52.02,"2024平均斑塊面積_ha":56.01,"平均斑塊面積下降率_pct":0.0,"道路切割密度_km_per_km2":0.0,"建成區邊界切割密度_km_per_km2":0.0,"孤立小斑塊比例_pct":0.0,"距大型連續綠地平均距離_m":0.0,"score_面積減少":81.94192377495463,"score_斑塊增加":44.260435571687836,"score_平均斑塊縮小":28.153357531760438,"score_道路建成區切割":25.941470054446462,"score_孤立比例":40.58529945553539,"score_距大型綠地":38.40744101633394,"綜合破碎化分數":43.2,"破碎化等級":"中","判定原因":"面積減少2.7%；斑塊增加0.0%；平均斑塊縮小0.0%；道路密度0.00 km/km²；孤立比例0.0%；距大型綠地0m","2021面積_ha":9.9,"2022面積_ha":9.18,"2023面積_ha":9.45}},{"type":"Feature","geometry":{"type":"Polygon","coordinates":[[[121.67017709394666,24.350456039970123],[121.67022463643076,24.35948457745136],[121.68008034125184,24.359440694262837],[121.68003209978221,24.350412175114318],[121.67017709394666,24.350456039970123]]]},"properties":{"grid_id":"G005_036","綠地類型":"河川沿岸自然地表","中心經度":121.675129,"中心緯度":24.354948,"分析面積_km2":1.04,"2020面積_ha":42.57,"2024面積_ha":42.57,"面積減少率_pct":0.0,"2020斑塊數":1,"2024斑塊數":1,"斑塊數增加率_pct":0.0,"2020平均斑塊面積_ha":580.23,"2024平均斑塊面積_ha":579.87,"平均斑塊面積下降率_pct":0.06,"道路切割密度_km_per_km2":0.0,"建成區邊界切割密度_km_per_km2":0.0,"孤立小斑塊比例_pct":0.0,"距大型連續綠地平均距離_m":0.0,"score_面積減少":36.206896551724135,"score_斑塊增加":44.260435571687836,"score_平均斑塊縮小":57.4410163339383,"score_道路建成區切割":25.941470054446462,"score_孤立比例":40.58529945553539,"score_距大型綠地":38.40744101633394,"綜合破碎化分數":40.5,"破碎化等級":"中","判定原因":"面積減少0.0%；斑塊增加0.0%；平均斑塊縮小0.1%；道路密度0.00 km/km²；孤立比例0.0%；距大型綠地0m","2021面積_ha":42.57,"2022面積_ha":42.57,"2023面積_ha":42.57}},{"type":"Feature","geometry":{"type":"Polygon","coordinates":[[[121.68003209978221,24.350412175114318],[121.68008034125184,24.359440694262837],[121.68993602243219,24.359396170584912],[121.68988708198442,24.350367670036665],[121.68003209978221,24.350412175114318]]]},"properties":{"grid_id":"G005_037","綠地類型":"河川沿岸自然地表","中心經度":121.684984,"中心緯度":24.354904,"分析面積_km2":1.04,"2020面積_ha":0.54,"2024面積_ha":0.54,"面積減少率_pct":0.0,"2020斑塊數":1,"2024斑塊數":1,"斑塊數增加率_pct":0.0,"2020平均斑塊面積_ha":580.23,"2024平均斑塊面積_ha":579.87,"平均斑塊面積下降率_pct":0.06,"道路切割密度_km_per_km2":0.0,"建成區邊界切割密度_km_per_km2":0.0,"孤立小斑塊比例_pct":0.0,"距大型連續綠地平均距離_m":0.0,"score_面積減少":36.206896551724135,"score_斑塊增加":44.260435571687836,"score_平均斑塊縮小":57.4410163339383,"score_道路建成區切割":25.941470054446462,"score_孤立比例":40.58529945553539,"score_距大型綠地":38.40744101633394,"綜合破碎化分數":40.5,"破碎化等級":"中","判定原因":"面積減少0.0%；斑塊增加0.0%；平均斑塊縮小0.1%；道路密度0.00 km/km²；孤立比例0.0%；距大型綠地0m","2021面積_ha":0.54,"2022面積_ha":0.54,"2023面積_ha":0.54}},{"type":"Feature","geometry":{"type":"Polygon","coordinates":[[[121.68988708198442,24.350367670036665],[121.68993602243219,24.359396170584912],[121.6997916796293,24.35935100642371],[121.6997420402109,24.350322524743294],[121.68988708198442,24.350367670036665]]]},"properties":{"grid_id":"G005_038","綠地類型":"河川沿岸自然地表","中心經度":121.694839,"中心緯度":24.354859,"分析面積_km2":1.04,"2020面積_ha":50.31,"2024面積_ha":49.59,"面積減少率_pct":1.43,"2020斑塊數":1,"2024斑塊數":1,"斑塊數增加率_pct":0.0,"2020平均斑塊面積_ha":580.23,"2024平均斑塊面積_ha":579.87,"平均斑塊面積下降率_pct":0.06,"道路切割密度_km_per_km2":0.0,"建成區邊界切割密度_km_per_km2":0.0,"孤立小斑塊比例_pct":0.0,"距大型連續綠地平均距離_m":0.0,"score_面積減少":78.99274047186933,"score_斑塊增加":44.260435571687836,"score_平均斑塊縮小":57.4410163339383,"score_道路建成區切割":25.941470054446462,"score_孤立比例":40.58529945553539,"score_距大型綠地":38.40744101633394,"綜合破碎化分數":47.6,"破碎化等級":"中","判定原因":"面積減少1.4%；斑塊增加0.0%；平均斑塊縮小0.1%；道路密度0.00 km/km²；孤立比例0.0%；距大型綠地0m","2021面積_ha":50.31,"2022面積_ha":50.04,"2023面積_ha":50.31}},{"type":"Feature","geometry":{"type":"Polygon","coordinates":[[[121.6997420402109,24.350322524743294],[121.6997916796293,24.35935100642371],[121.70964731250068,24.35930520178546],[121.70959697411924,24.35027673924043],[121.6997420402109,24.350322524743294]]]},"properties":{"grid_id":"G005_039","綠地類型":"河川沿岸自然地表","中心經度":121.704695,"中心緯度":24.354814,"分析面積_km2":1.04,"2020面積_ha":29.7,"2024面積_ha":29.7,"面積減少率_pct":0.0,"2020斑塊數":1,"2024斑塊數":1,"斑塊數增加率_pct":0.0,"2020平均斑塊面積_ha":580.23,"2024平均斑塊面積_ha":579.87,"平均斑塊面積下降率_pct":0.06,"道路切割密度_km_per_km2":0.0,"建成區邊界切割密度_km_per_km2":0.0,"孤立小斑塊比例_pct":0.0,"距大型連續綠地平均距離_m":0.0,"score_面積減少":36.206896551724135,"score_斑塊增加":44.260435571687836,"score_平均斑塊縮小":57.4410163339383,"score_道路建成區切割":25.941470054446462,"score_孤立比例":40.58529945553539,"score_距大型綠地":38.40744101633394,"綜合破碎化分數":40.5,"破碎化等級":"中","判定原因":"面積減少0.0%；斑塊增加0.0%；平均斑塊縮小0.1%；道路密度0.00 km/km²；孤立比例0.0%；距大型綠地0m","2021面積_ha":29.7,"2022面積_ha":29.7,"2023面積_ha":29.7}},{"type":"Feature","geometry":{"type":"Polygon","coordinates":[[[121.75887126690559,24.350038208807465],[121.75892509998448,24.359066571662378],[121.76878057970926,24.359016924297414],[121.76872604771515,24.34998858218314],[121.75887126690559,24.350038208807465]]]},"properties":{"grid_id":"G005_045","綠地類型":"河川沿岸自然地表","中心經度":121.763826,"中心緯度":24.354528,"分析面積_km2":1.04,"2020面積_ha":25.38,"2024面積_ha":25.38,"面積減少率_pct":0.0,"2020斑塊數":2,"2024斑塊數":2,"斑塊數增加率_pct":0.0,"2020平均斑塊面積_ha":103.5,"2024平均斑塊面積_ha":102.69,"平均斑塊面積下降率_pct":0.78,"道路切割密度_km_per_km2":0.663,"建成區邊界切割密度_km_per_km2":0.0,"孤立小斑塊比例_pct":0.0,"距大型連續綠地平均距離_m":0.0,"score_面積減少":36.206896551724135,"score_斑塊增加":44.260435571687836,"score_平均斑塊縮小":68.3076225045372,"score_道路建成區切割":37.68148820326679,"score_孤立比例":40.58529945553539,"score_距大型綠地":38.40744101633394,"綜合破碎化分數":44.2,"破碎化等級":"中","判定原因":"面積減少0.0%；斑塊增加0.0%；平均斑塊縮小0.8%；道路密度0.66 km/km²；孤立比例0.0%；距大型綠地0m","2021面積_ha":25.38,"2022面積_ha":25.38,"2023面積_ha":25.38}},{"type":"Feature","geometry":{"type":"Polygon","coordinates":[[[121.76872604771515,24.34998858218314],[121.76878057970926,24.359016924297414],[121.77863603271095,24.358966636501425],[121.77862030406753,24.35639600483788],[121.7785737,24.3562877],[121.77769260000001,24.3545099],[121.777117,24.3530608],[121.7768593,24.351934899999996],[121.77683160000001,24.351452699999996],[121.7765785,24.3509189],[121.77619010000001,24.35023],[121.77609350866939,24.349951062903326],[121.76872604771515,24.34998858218314]]]},"properties":{"grid_id":"G005_046","綠地類型":"河川沿岸自然地表","中心經度":121.773077,"中心緯度":24.353807,"分析面積_km2":0.938,"2020面積_ha":1.26,"2024面積_ha":1.26,"面積減少率_pct":0.0,"2020斑塊數":1,"2024斑塊數":1,"斑塊數增加率_pct":0.0,"2020平均斑塊面積_ha":145.8,"2024平均斑塊面積_ha":145.44,"平均斑塊面積下降率_pct":0.25,"道路切割密度_km_per_km2":5.566,"建成區邊界切割密度_km_per_km2":0.0,"孤立小斑塊比例_pct":0.0,"距大型連續綠地平均距離_m":0.0,"score_面積減少":36.206896551724135,"score_斑塊增加":44.260435571687836,"score_平均斑塊縮小":63.77041742286751,"score_道路建成區切割":56.96460980036298,"score_孤立比例":40.58529945553539,"score_距大型綠地":38.40744101633394,"綜合破碎化分數":46.7,"破碎化等級":"中","判定原因":"面積減少0.0%；斑塊增加0.0%；平均斑塊縮小0.2%；道路密度5.57 km/km²；孤立比例0.0%；距大型綠地0m","2021面積_ha":1.26,"2022面積_ha":1.26,"2023面積_ha":1.26}},{"type":"Feature","geometry":{"type":"Polygon","coordinates":[[[121.45342602146555,24.36931681479506],[121.46328285918311,24.36928701129922],[121.463249980807,24.360258161432846],[121.45867532192491,24.360272068413053],[121.45858000000001,24.360399999999995],[121.45832,24.360659999999996],[121.45778,24.36081],[121.45715999999999,24.36111],[121.45684,24.361320000000003],[121.4563,24.3618],[121.45607000000001,24.362139999999997],[121.45538,24.36285],[121.45464999999999,24.363409999999995],[121.45413999999998,24.363729999999997],[121.45343,24.36431],[121.45340822435047,24.36432379128362],[121.45342602146555,24.36931681479506]]]},"properties":{"grid_id":"G006_014","綠地類型":"河川沿岸自然地表","中心經度":121.458345,"中心緯度":24.366805,"分析面積_km2":0.911,"2020面積_ha":29.79,"2024面積_ha":29.07,"面積減少率_pct":2.42,"2020斑塊數":1,"2024斑塊數":1,"斑塊數增加率_pct":0.0,"2020平均斑塊面積_ha":2319.48,"2024平均斑塊面積_ha":2320.02,"平均斑塊面積下降率_pct":0.0,"道路切割密度_km_per_km2":0.395,"建成區邊界切割密度_km_per_km2":0.0,"孤立小斑塊比例_pct":0.0,"距大型連續綠地平均距離_m":0.0,"score_面積減少":81.32940108892922,"score_斑塊增加":44.260435571687836,"score_平均斑塊縮小":28.153357531760438,"score_道路建成區切割":36.20689655172414,"score_孤立比例":40.58529945553539,"score_距大型綠地":38.40744101633394,"綜合破碎化分數":44.8,"破碎化等級":"中","判定原因":"面積減少2.4%；斑塊增加0.0%；平均斑塊縮小0.0%；道路密度0.40 km/km²；孤立比例0.0%；距大型綠地0m","2021面積_ha":29.79,"2022面積_ha":29.7,"2023面積_ha":28.44}},{"type":"Feature","geometry":{"type":"Polygon","coordinates":[[[121.54209847829962,24.359996771736146],[121.54213695219372,24.369025512387733],[121.55199363258845,24.36898994122325],[121.55195445927997,24.35996121542789],[121.54209847829962,24.359996771736146]]]},"properties":{"grid_id":"G006_023","綠地類型":"河川沿岸自然地表","中心經度":121.547046,"中心緯度":24.364493,"分析面積_km2":1.04,"2020面積_ha":41.58,"2024面積_ha":41.31,"面積減少率_pct":0.65,"2020斑塊數":1,"2024斑塊數":1,"斑塊數增加率_pct":0.0,"2020平均斑塊面積_ha":2319.48,"2024平均斑塊面積_ha":2320.02,"平均斑塊面積下降率_pct":0.0,"道路切割密度_km_per_km2":0.0,"建成區邊界切割密度_km_per_km2":0.0,"孤立小斑塊比例_pct":0.0,"距大型連續綠地平均距離_m":0.0,"score_面積減少":75.83938294010889,"score_斑塊增加":44.260435571687836,"score_平均斑塊縮小":28.153357531760438,"score_道路建成區切割":25.941470054446462,"score_孤立比例":40.58529945553539,"score_距大型綠地":38.40744101633394,"綜合破碎化分數":42.2,"破碎化等級":"中","判定原因":"面積減少0.7%；斑塊增加0.0%；平均斑塊縮小0.0%；道路密度0.00 km/km²；孤立比例0.0%；距大型綠地0m","2021面積_ha":41.67,"2022面積_ha":41.4,"2023面積_ha":41.58}},{"type":"Feature","geometry":{"type":"Polygon","coordinates":[[[121.55195445927997,24.35996121542789],[121.55199363258845,24.36898994122325],[121.56185029378942,24.36895372923002],[121.5618104210726,24.359925018558524],[121.55195445927997,24.35996121542789]]]},"properties":{"grid_id":"G006_024","綠地類型":"河川沿岸自然地表","中心經度":121.556902,"中心緯度":24.364458,"分析面積_km2":1.04,"2020面積_ha":27.72,"2024面積_ha":27.72,"面積減少率_pct":0.0,"2020斑塊數":2,"2024斑塊數":2,"斑塊數增加率_pct":0.0,"2020平均斑塊面積_ha":1677.465,"2024平均斑塊面積_ha":1675.845,"平均斑塊面積下降率_pct":0.1,"道路切割密度_km_per_km2":0.0,"建成區邊界切割密度_km_per_km2":0.0,"孤立小斑塊比例_pct":0.0,"距大型連續綠地平均距離_m":0.0,"score_面積減少":36.206896551724135,"score_斑塊增加":44.260435571687836,"score_平均斑塊縮小":58.0989110707804,"score_道路建成區切割":25.941470054446462,"score_孤立比例":40.58529945553539,"score_距大型綠地":38.40744101633394,"綜合破碎化分數":40.6,"破碎化等級":"中","判定原因":"面積減少0.0%；斑塊增加0.0%；平均斑塊縮小0.1%；道路密度0.00 km/km²；孤立比例0.0%；距大型綠地0m","2021面積_ha":27.72,"2022面積_ha":27.72,"2023面積_ha":27.72}},{"type":"Feature","geometry":{"type":"Polygon","coordinates":[[[121.5618104210726,24.359925018558524],[121.56185029378942,24.36895372923002],[121.571706935454,24.368916876413042],[121.5716663633349,24.359888181133037],[121.5618104210726,24.359925018558524]]]},"properties":{"grid_id":"G006_025","綠地類型":"河川沿岸自然地表","中心經度":121.566759,"中心緯度":24.364421,"分析面積_km2":1.04,"2020面積_ha":24.75,"2024面積_ha":24.75,"面積減少率_pct":0.0,"2020斑塊數":1,"2024斑塊數":1,"斑塊數增加率_pct":0.0,"2020平均斑塊面積_ha":1035.45,"2024平均斑塊面積_ha":1031.67,"平均斑塊面積下降率_pct":0.37,"道路切割密度_km_per_km2":0.0,"建成區邊界切割密度_km_per_km2":0.0,"孤立小斑塊比例_pct":0.0,"距大型連續綠地平均距離_m":0.0,"score_面積減少":36.206896551724135,"score_斑塊增加":44.260435571687836,"score_平均斑塊縮小":66.51542649727767,"score_道路建成區切割":25.941470054446462,"score_孤立比例":40.58529945553539,"score_距大型綠地":38.40744101633394,"綜合破碎化分數":42.0,"破碎化等級":"中","判定原因":"面積減少0.0%；斑塊增加0.0%；平均斑塊縮小0.4%；道路密度0.00 km/km²；孤立比例0.0%；距大型綠地0m","2021面積_ha":24.75,"2022面積_ha":24.75,"2023面積_ha":24.75}},{"type":"Feature","geometry":{"type":"Polygon","coordinates":[[[121.5716663633349,24.359888181133037],[121.571706935454,24.368916876413042],[121.58156355723953,24.36887938277738],[121.58152228572438,24.359850703156496],[121.5716663633349,24.359888181133037]]]},"properties":{"grid_id":"G006_026","綠地類型":"河川沿岸自然地表","中心經度":121.576615,"中心緯度":24.364384,"分析面積_km2":1.04,"2020面積_ha":37.89,"2024面積_ha":37.89,"面積減少率_pct":0.0,"2020斑塊數":1,"2024斑塊數":1,"斑塊數增加率_pct":0.0,"2020平均斑塊面積_ha":1035.45,"2024平均斑塊面積_ha":1031.67,"平均斑塊面積下降率_pct":0.37,"道路切割密度_km_per_km2":0.0,"建成區邊界切割密度_km_per_km2":0.0,"孤立小斑塊比例_pct":0.0,"距大型連續綠地平均距離_m":0.0,"score_面積減少":36.206896551724135,"score_斑塊增加":44.260435571687836,"score_平均斑塊縮小":66.51542649727767,"score_道路建成區切割":25.941470054446462,"score_孤立比例":40.58529945553539,"score_距大型綠地":38.40744101633394,"綜合破碎化分數":42.0,"破碎化等級":"中","判定原因":"面積減少0.0%；斑塊增加0.0%；平均斑塊縮小0.4%；道路密度0.00 km/km²；孤立比例0.0%；距大型綠地0m","2021面積_ha":37.89,"2022面積_ha":37.89,"2023面積_ha":37.89}},{"type":"Feature","geometry":{"type":"Polygon","coordinates":[[[121.58152228572438,24.359850703156496],[121.58156355723953,24.36887938277738],[121.5914201588033,24.368841248328206],[121.59137818789844,24.359812584634067],[121.58152228572438,24.359850703156496]]]},"properties":{"grid_id":"G006_027","綠地類型":"河川沿岸自然地表","中心經度":121.586471,"中心緯度":24.364346,"分析面積_km2":1.04,"2020面積_ha":37.44,"2024面積_ha":37.44,"面積減少率_pct":0.0,"2020斑塊數":1,"2024斑塊數":1,"斑塊數增加率_pct":0.0,"2020平均斑塊面積_ha":1035.45,"2024平均斑塊面積_ha":1031.67,"平均斑塊面積下降率_pct":0.37,"道路切割密度_km_per_km2":0.0,"建成區邊界切割密度_km_per_km2":0.0,"孤立小斑塊比例_pct":0.0,"距大型連續綠地平均距離_m":0.0,"score_面積減少":36.206896551724135,"score_斑塊增加":44.260435571687836,"score_平均斑塊縮小":66.51542649727767,"score_道路建成區切割":25.941470054446462,"score_孤立比例":40.58529945553539,"score_距大型綠地":38.40744101633394,"綜合破碎化分數":42.0,"破碎化等級":"中","判定原因":"面積減少0.0%；斑塊增加0.0%；平均斑塊縮小0.4%；道路密度0.00 km/km²；孤立比例0.0%；距大型綠地0m","2021面積_ha":37.44,"2022面積_ha":37.44,"2023面積_ha":37.44}},{"type":"Feature","geometry":{"type":"Polygon","coordinates":[[[121.59137818789844,24.359812584634067],[121.5914201588033,24.368841248328206],[121.6012767398027,24.36880247307077],[121.60123406951452,24.359773825571],[121.59137818789844,24.359812584634067]]]},"properties":{"grid_id":"G006_028","綠地類型":"河川沿岸自然地表","中心經度":121.596327,"中心緯度":24.364308,"分析面積_km2":1.04,"2020面積_ha":21.6,"2024面積_ha":21.6,"面積減少率_pct":0.0,"2020斑塊數":1,"2024斑塊數":1,"斑塊數增加率_pct":0.0,"2020平均斑塊面積_ha":1035.45,"2024平均斑塊面積_ha":1031.67,"平均斑塊面積下降率_pct":0.37,"道路切割密度_km_per_km2":0.0,"建成區邊界切割密度_km_per_km2":0.0,"孤立小斑塊比例_pct":0.0,"距大型連續綠地平均距離_m":0.0,"score_面積減少":36.206896551724135,"score_斑塊增加":44.260435571687836,"score_平均斑塊縮小":66.51542649727767,"score_道路建成區切割":25.941470054446462,"score_孤立比例":40.58529945553539,"score_距大型綠地":38.40744101633394,"綜合破碎化分數":42.0,"破碎化等級":"中","判定原因":"面積減少0.0%；斑塊增加0.0%；平均斑塊縮小0.4%；道路密度0.00 km/km²；孤立比例0.0%；距大型綠地0m","2021面積_ha":21.6,"2022面積_ha":21.6,"2023面積_ha":21.6}},{"type":"Feature","geometry":{"type":"Polygon","coordinates":[[[121.60123406951452,24.359773825571],[121.6012767398027,24.36880247307077],[121.61113329989503,24.368763057010423],[121.61108993023011,24.35973442597264],[121.60123406951452,24.359773825571]]]},"properties":{"grid_id":"G006_029","綠地類型":"河川沿岸自然地表","中心經度":121.606184,"中心緯度":24.364269,"分析面積_km2":1.04,"2020面積_ha":5.94,"2024面積_ha":5.94,"面積減少率_pct":0.0,"2020斑塊數":1,"2024斑塊數":1,"斑塊數增加率_pct":0.0,"2020平均斑塊面積_ha":64.98,"2024平均斑塊面積_ha":62.19,"平均斑塊面積下降率_pct":4.29,"道路切割密度_km_per_km2":0.0,"建成區邊界切割密度_km_per_km2":0.0,"孤立小斑塊比例_pct":0.0,"距大型連續綠地平均距離_m":0.0,"score_面積減少":36.206896551724135,"score_斑塊增加":44.260435571687836,"score_平均斑塊縮小":74.00181488203266,"score_道路建成區切割":25.941470054446462,"score_孤立比例":40.58529945553539,"score_距大型綠地":38.40744101633394,"綜合破碎化分數":43.2,"破碎化等級":"中","判定原因":"面積減少0.0%；斑塊增加0.0%；平均斑塊縮小4.3%；道路密度0.00 km/km²；孤立比例0.0%；距大型綠地0m","2021面積_ha":5.94,"2022面積_ha":5.94,"2023面積_ha":5.94}},{"type":"Feature","geometry":{"type":"Polygon","coordinates":[[[121.65055932434102,24.368598984849797],[121.66041577475849,24.368556364858087],[121.6603689083115,24.359527820144436],[121.65099541651303,24.359568352641762],[121.65088000000002,24.359710000000003],[121.65062,24.359839999999995],[121.65051464626819,24.359861690563573],[121.65055932434102,24.368598984849797]]]},"properties":{"grid_id":"G006_034","綠地類型":"河川沿岸自然地表","中心經度":121.655465,"中心緯度":24.364209,"分析面積_km2":1.039,"2020面積_ha":40.05,"2024面積_ha":40.59,"面積減少率_pct":0.0,"2020斑塊數":3,"2024斑塊數":2,"斑塊數增加率_pct":0.0,"2020平均斑塊面積_ha":916.59,"2024平均斑塊面積_ha":1379.79,"平均斑塊面積下降率_pct":0.0,"道路切割密度_km_per_km2":1.502,"建成區邊界切割密度_km_per_km2":0.0,"孤立小斑塊比例_pct":0.0,"距大型連續綠地平均距離_m":2.5,"score_面積減少":36.206896551724135,"score_斑塊增加":44.260435571687836,"score_平均斑塊縮小":28.153357531760438,"score_道路建成區切割":42.797186932849364,"score_孤立比例":40.58529945553539,"score_距大型綠地":81.07985480943739,"綜合破碎化分數":45.5,"破碎化等級":"中","判定原因":"面積減少0.0%；斑塊增加0.0%；平均斑塊縮小0.0%；道路密度1.50 km/km²；孤立比例0.0%；距大型綠地2m","2021面積_ha":41.67,"2022面積_ha":40.14,"2023面積_ha":41.04}},{"type":"Feature","geometry":{"type":"Polygon","coordinates":[[[121.67022463643076,24.35948457745136],[121.67027220221307,24.36851310409737],[121.68012860636217,24.3684692025736],[121.68008034125184,24.359440694262837],[121.67022463643076,24.35948457745136]]]},"properties":{"grid_id":"G006_036","綠地類型":"河川沿岸自然地表","中心經度":121.675176,"中心緯度":24.363977,"分析面積_km2":1.04,"2020面積_ha":31.14,"2024面積_ha":31.14,"面積減少率_pct":0.0,"2020斑塊數":1,"2024斑塊數":1,"斑塊數增加率_pct":0.0,"2020平均斑塊面積_ha":580.23,"2024平均斑塊面積_ha":579.87,"平均斑塊面積下降率_pct":0.06,"道路切割密度_km_per_km2":0.0,"建成區邊界切割密度_km_per_km2":0.0,"孤立小斑塊比例_pct":0.0,"距大型連續綠地平均距離_m":0.0,"score_面積減少":36.206896551724135,"score_斑塊增加":44.260435571687836,"score_平均斑塊縮小":57.4410163339383,"score_道路建成區切割":25.941470054446462,"score_孤立比例":40.58529945553539,"score_距大型綠地":38.40744101633394,"綜合破碎化分數":40.5,"破碎化等級":"中","判定原因":"面積減少0.0%；斑塊增加0.0%；平均斑塊縮小0.1%；道路密度0.00 km/km²；孤立比例0.0%；距大型綠地0m","2021面積_ha":31.14,"2022面積_ha":31.14,"2023面積_ha":31.14}},{"type":"Feature","geometry":{"type":"Polygon","coordinates":[[[121.68008034125184,24.359440694262837],[121.68012860636217,24.3684692025736],[121.68998498686317,24.368424660292835],[121.68993602243219,24.359396170584912],[121.68008034125184,24.359440694262837]]]},"properties":{"grid_id":"G006_037","綠地類型":"河川沿岸自然地表","中心經度":121.685032,"中心緯度":24.363933,"分析面積_km2":1.04,"2020面積_ha":26.64,"2024面積_ha":26.64,"面積減少率_pct":0.0,"2020斑塊數":1,"2024斑塊數":1,"斑塊數增加率_pct":0.0,"2020平均斑塊面積_ha":580.23,"2024平均斑塊面積_ha":579.87,"平均斑塊面積下降率_pct":0.06,"道路切割密度_km_per_km2":0.0,"建成區邊界切割密度_km_per_km2":0.0,"孤立小斑塊比例_pct":0.0,"距大型連續綠地平均距離_m":0.0,"score_面積減少":36.206896551724135,"score_斑塊增加":44.260435571687836,"score_平均斑塊縮小":57.4410163339383,"score_道路建成區切割":25.941470054446462,"score_孤立比例":40.58529945553539,"score_距大型綠地":38.40744101633394,"綜合破碎化分數":40.5,"破碎化等級":"中","判定原因":"面積減少0.0%；斑塊增加0.0%；平均斑塊縮小0.1%；道路密度0.00 km/km²；孤立比例0.0%；距大型綠地0m","2021面積_ha":26.64,"2022面積_ha":26.64,"2023面積_ha":26.64}},{"type":"Feature","geometry":{"type":"Polygon","coordinates":[[[121.68993602243219,24.359396170584912],[121.68998498686317,24.368424660292835],[121.69984134337342,24.368379477261197],[121.6997916796293,24.35935100642371],[121.68993602243219,24.359396170584912]]]},"properties":{"grid_id":"G006_038","綠地類型":"河川沿岸自然地表","中心經度":121.694889,"中心緯度":24.363888,"分析面積_km2":1.04,"2020面積_ha":40.68,"2024面積_ha":40.68,"面積減少率_pct":0.0,"2020斑塊數":1,"2024斑塊數":1,"斑塊數增加率_pct":0.0,"2020平均斑塊面積_ha":580.23,"2024平均斑塊面積_ha":579.87,"平均斑塊面積下降率_pct":0.06,"道路切割密度_km_per_km2":0.0,"建成區邊界切割密度_km_per_km2":0.0,"孤立小斑塊比例_pct":0.0,"距大型連續綠地平均距離_m":0.0,"score_面積減少":36.206896551724135,"score_斑塊增加":44.260435571687836,"score_平均斑塊縮小":57.4410163339383,"score_道路建成區切割":25.941470054446462,"score_孤立比例":40.58529945553539,"score_距大型綠地":38.40744101633394,"綜合破碎化分數":40.5,"破碎化等級":"中","判定原因":"面積減少0.0%；斑塊增加0.0%；平均斑塊縮小0.1%；道路密度0.00 km/km²；孤立比例0.0%；距大型綠地0m","2021面積_ha":40.68,"2022面積_ha":40.68,"2023面積_ha":40.68}},{"type":"Feature","geometry":{"type":"Polygon","coordinates":[[[121.6997916796293,24.35935100642371],[121.69984134337342,24.368379477261197],[121.70969767555033,24.368333653484925],[121.70964731250068,24.35930520178546],[121.6997916796293,24.35935100642371]]]},"properties":{"grid_id":"G006_039","綠地類型":"河川沿岸自然地表","中心經度":121.704745,"中心緯度":24.363842,"分析面積_km2":1.04,"2020面積_ha":31.5,"2024面積_ha":31.5,"面積減少率_pct":0.0,"2020斑塊數":1,"2024斑塊數":1,"斑塊數增加率_pct":0.0,"2020平均斑塊面積_ha":580.23,"2024平均斑塊面積_ha":579.87,"平均斑塊面積下降率_pct":0.06,"道路切割密度_km_per_km2":0.0,"建成區邊界切割密度_km_per_km2":0.0,"孤立小斑塊比例_pct":0.0,"距大型連續綠地平均距離_m":0.0,"score_面積減少":36.206896551724135,"score_斑塊增加":44.260435571687836,"score_平均斑塊縮小":57.4410163339383,"score_道路建成區切割":25.941470054446462,"score_孤立比例":40.58529945553539,"score_距大型綠地":38.40744101633394,"綜合破碎化分數":40.5,"破碎化等級":"中","判定原因":"面積減少0.0%；斑塊增加0.0%；平均斑塊縮小0.1%；道路密度0.00 km/km²；孤立比例0.0%；距大型綠地0m","2021面積_ha":31.5,"2022面積_ha":31.5,"2023面積_ha":31.5}},{"type":"Feature","geometry":{"type":"Polygon","coordinates":[[[121.70964731250068,24.35930520178546],[121.70969767555033,24.368333653484925],[121.71955398305131,24.36828718897032],[121.71950292070385,24.359258756676468],[121.70964731250068,24.35930520178546]]]},"properties":{"grid_id":"G006_040","綠地類型":"河川沿岸自然地表","中心經度":121.7146,"中心緯度":24.363796,"分析面積_km2":1.04,"2020面積_ha":7.29,"2024面積_ha":7.2,"面積減少率_pct":1.23,"2020斑塊數":2,"2024斑塊數":2,"斑塊數增加率_pct":0.0,"2020平均斑塊面積_ha":573.255,"2024平均斑塊面積_ha":573.21,"平均斑塊面積下降率_pct":0.01,"道路切割密度_km_per_km2":0.0,"建成區邊界切割密度_km_per_km2":0.0,"孤立小斑塊比例_pct":0.0,"距大型連續綠地平均距離_m":0.0,"score_面積減少":78.24410163339383,"score_斑塊增加":44.260435571687836,"score_平均斑塊縮小":56.329401088929224,"score_道路建成區切割":25.941470054446462,"score_孤立比例":40.58529945553539,"score_距大型綠地":38.40744101633394,"綜合破碎化分數":47.3,"破碎化等級":"中","判定原因":"面積減少1.2%；斑塊增加0.0%；平均斑塊縮小0.0%；道路密度0.00 km/km²；孤立比例0.0%；距大型綠地0m","2021面積_ha":7.29,"2022面積_ha":7.29,"2023面積_ha":7.11}},{"type":"Feature","geometry":{"type":"Polygon","coordinates":[[[121.71950292070385,24.359258756676468],[121.71955398305131,24.36828718897032],[121.72941026553377,24.368240083723798],[121.7293585038963,24.359211671103132],[121.71950292070385,24.359258756676468]]]},"properties":{"grid_id":"G006_041","綠地類型":"河川沿岸自然地表","中心經度":121.724456,"中心緯度":24.36375,"分析面積_km2":1.04,"2020面積_ha":64.8,"2024面積_ha":64.35,"面積減少率_pct":0.69,"2020斑塊數":1,"2024斑塊數":1,"斑塊數增加率_pct":0.0,"2020平均斑塊面積_ha":566.28,"2024平均斑塊面積_ha":566.55,"平均斑塊面積下降率_pct":0.0,"道路切割密度_km_per_km2":0.0,"建成區邊界切割密度_km_per_km2":0.0,"孤立小斑塊比例_pct":0.0,"距大型連續綠地平均距離_m":0.0,"score_面積減少":76.22504537205081,"score_斑塊增加":44.260435571687836,"score_平均斑塊縮小":28.153357531760438,"score_道路建成區切割":25.941470054446462,"score_孤立比例":40.58529945553539,"score_距大型綠地":38.40744101633394,"綜合破碎化分數":42.3,"破碎化等級":"中","判定原因":"面積減少0.7%；斑塊增加0.0%；平均斑塊縮小0.0%；道路密度0.00 km/km²；孤立比例0.0%；距大型綠地0m","2021面積_ha":64.89,"2022面積_ha":64.89,"2023面積_ha":64.26}},{"type":"Feature","geometry":{"type":"Polygon","coordinates":[[[121.75892509998448,24.359066571662378],[121.75897895944402,24.368094923657996],[121.76883513842647,24.36804525554954],[121.76878057970926,24.359016924297414],[121.75892509998448,24.359066571662378]]]},"properties":{"grid_id":"G006_045","綠地類型":"河川沿岸自然地表","中心經度":121.76388,"中心緯度":24.363556,"分析面積_km2":1.04,"2020面積_ha":22.5,"2024面積_ha":22.5,"面積減少率_pct":0.0,"2020斑塊數":1,"2024斑塊數":1,"斑塊數增加率_pct":0.0,"2020平均斑塊面積_ha":145.8,"2024平均斑塊面積_ha":145.44,"平均斑塊面積下降率_pct":0.25,"道路切割密度_km_per_km2":0.0,"建成區邊界切割密度_km_per_km2":0.0,"孤立小斑塊比例_pct":0.0,"距大型連續綠地平均距離_m":0.0,"score_面積減少":36.206896551724135,"score_斑塊增加":44.260435571687836,"score_平均斑塊縮小":63.77041742286751,"score_道路建成區切割":25.941470054446462,"score_孤立比例":40.58529945553539,"score_距大型綠地":38.40744101633394,"綜合破碎化分數":41.5,"破碎化等級":"中","判定原因":"面積減少0.0%；斑塊增加0.0%；平均斑塊縮小0.2%；道路密度0.00 km/km²；孤立比例0.0%；距大型綠地0m","2021面積_ha":22.5,"2022面積_ha":22.5,"2023面積_ha":22.5}},{"type":"Feature","geometry":{"type":"Polygon","coordinates":[[[121.76878057970926,24.359016924297414],[121.76883513842647,24.36804525554954],[121.77869129067746,24.36799494674248],[121.77863603271095,24.358966636501425],[121.76878057970926,24.359016924297414]]]},"properties":{"grid_id":"G006_046","綠地類型":"河川沿岸自然地表","中心經度":121.773736,"中心緯度":24.363506,"分析面積_km2":1.04,"2020面積_ha":44.1,"2024面積_ha":44.1,"面積減少率_pct":0.0,"2020斑塊數":1,"2024斑塊數":1,"斑塊數增加率_pct":0.0,"2020平均斑塊面積_ha":145.8,"2024平均斑塊面積_ha":145.44,"平均斑塊面積下降率_pct":0.25,"道路切割密度_km_per_km2":3.057,"建成區邊界切割密度_km_per_km2":0.0,"孤立小斑塊比例_pct":0.0,"距大型連續綠地平均距離_m":0.0,"score_面積減少":36.206896551724135,"score_斑塊增加":44.260435571687836,"score_平均斑塊縮小":63.77041742286751,"score_道路建成區切割":50.99818511796734,"score_孤立比例":40.58529945553539,"score_距大型綠地":38.40744101633394,"綜合破碎化分數":45.7,"破碎化等級":"中","判定原因":"面積減少0.0%；斑塊增加0.0%；平均斑塊縮小0.2%；道路密度3.06 km/km²；孤立比例0.0%；距大型綠地0m","2021面積_ha":44.1,"2022面積_ha":44.1,"2023面積_ha":44.1}},{"type":"Feature","geometry":{"type":"Polygon","coordinates":[[[121.50271004553102,24.369161388661528],[121.50274573919016,24.378190175260755],[121.512603192713,24.378157153671804],[121.5125667992739,24.36912838086015],[121.50271004553102,24.369161388661528]]]},"properties":{"grid_id":"G007_019","綠地類型":"河川沿岸自然地表","中心經度":121.507656,"中心緯度":24.373659,"分析面積_km2":1.04,"2020面積_ha":27.0,"2024面積_ha":26.37,"面積減少率_pct":2.33,"2020斑塊數":1,"2024斑塊數":1,"斑塊數增加率_pct":0.0,"2020平均斑塊面積_ha":2319.48,"2024平均斑塊面積_ha":2320.02,"平均斑塊面積下降率_pct":0.0,"道路切割密度_km_per_km2":0.0,"建成區邊界切割密度_km_per_km2":0.0,"孤立小斑塊比例_pct":0.0,"距大型連續綠地平均距離_m":0.0,"score_面積減少":81.17059891107078,"score_斑塊增加":44.260435571687836,"score_平均斑塊縮小":28.153357531760438,"score_道路建成區切割":25.941470054446462,"score_孤立比例":40.58529945553539,"score_距大型綠地":38.40744101633394,"綜合破碎化分數":43.1,"破碎化等級":"中","判定原因":"面積減少2.3%；斑塊增加0.0%；平均斑塊縮小0.0%；道路密度0.00 km/km²；孤立比例0.0%；距大型綠地0m","2021面積_ha":27.36,"2022面積_ha":26.01,"2023面積_ha":27.09}},{"type":"Feature","geometry":{"type":"Polygon","coordinates":[[[121.5125667992739,24.36912838086015],[121.512603192713,24.378157153671804],[121.52246062840729,24.378123490967347],[121.52242353519375,24.369094732210954],[121.5125667992739,24.36912838086015]]]},"properties":{"grid_id":"G007_020","綠地類型":"河川沿岸自然地表","中心經度":121.517514,"中心緯度":24.373626,"分析面積_km2":1.04,"2020面積_ha":34.65,"2024面積_ha":34.02,"面積減少率_pct":1.82,"2020斑塊數":1,"2024斑塊數":1,"斑塊數增加率_pct":0.0,"2020平均斑塊面積_ha":2319.48,"2024平均斑塊面積_ha":2320.02,"平均斑塊面積下降率_pct":0.0,"道路切割密度_km_per_km2":1.384,"建成區邊界切割密度_km_per_km2":0.0,"孤立小斑塊比例_pct":0.0,"距大型連續綠地平均距離_m":0.0,"score_面積減少":80.1043557168784,"score_斑塊增加":44.260435571687836,"score_平均斑塊縮小":28.153357531760438,"score_道路建成區切割":41.44736842105263,"score_孤立比例":40.58529945553539,"score_距大型綠地":38.40744101633394,"綜合破碎化分數":45.5,"破碎化等級":"中","判定原因":"面積減少1.8%；斑塊增加0.0%；平均斑塊縮小0.0%；道路密度1.38 km/km²；孤立比例0.0%；距大型綠地0m","2021面積_ha":34.65,"2022面積_ha":33.57,"2023面積_ha":34.56}},{"type":"Feature","geometry":{"type":"Polygon","coordinates":[[[121.53228025294794,24.36906044271857],[121.53231804593017,24.37808918715203],[121.54217544493889,24.378054242230593],[121.54213695219372,24.369025512387733],[121.53228025294794,24.36906044271857]]]},"properties":{"grid_id":"G007_022","綠地類型":"河川沿岸自然地表","中心經度":121.537228,"中心緯度":24.373557,"分析面積_km2":1.04,"2020面積_ha":45.09,"2024面積_ha":45.0,"面積減少率_pct":0.2,"2020斑塊數":1,"2024斑塊數":1,"斑塊數增加率_pct":0.0,"2020平均斑塊面積_ha":2319.48,"2024平均斑塊面積_ha":2320.02,"平均斑塊面積下降率_pct":0.0,"道路切割密度_km_per_km2":0.0,"建成區邊界切割密度_km_per_km2":0.0,"孤立小斑塊比例_pct":0.0,"距大型連續綠地平均距離_m":0.0,"score_面積減少":73.02631578947368,"score_斑塊增加":44.260435571687836,"score_平均斑塊縮小":28.153357531760438,"score_道路建成區切割":25.941470054446462,"score_孤立比例":40.58529945553539,"score_距大型綠地":38.40744101633394,"綜合破碎化分數":41.7,"破碎化等級":"中","判定原因":"面積減少0.2%；斑塊增加0.0%；平均斑塊縮小0.0%；道路密度0.00 km/km²；孤立比例0.0%；距大型綠地0m","2021面積_ha":45.36,"2022面積_ha":45.0,"2023面積_ha":45.18}},{"type":"Feature","geometry":{"type":"Polygon","coordinates":[[[121.54213695219372,24.369025512387733],[121.54217544493889,24.378054242230593],[121.55203282509066,24.378018656207825],[121.55199363258845,24.36898994122325],[121.54213695219372,24.369025512387733]]]},"properties":{"grid_id":"G007_023","綠地類型":"河川沿岸自然地表","中心經度":121.547085,"中心緯度":24.373522,"分析面積_km2":1.04,"2020面積_ha":32.22,"2024面積_ha":32.22,"面積減少率_pct":0.0,"2020斑塊數":2,"2024斑塊數":2,"斑塊數增加率_pct":0.0,"2020平均斑塊面積_ha":1677.465,"2024平均斑塊面積_ha":1675.845,"平均斑塊面積下降率_pct":0.1,"道路切割密度_km_per_km2":0.0,"建成區邊界切割密度_km_per_km2":0.0,"孤立小斑塊比例_pct":0.0,"距大型連續綠地平均距離_m":0.0,"score_面積減少":36.206896551724135,"score_斑塊增加":44.260435571687836,"score_平均斑塊縮小":58.0989110707804,"score_道路建成區切割":25.941470054446462,"score_孤立比例":40.58529945553539,"score_距大型綠地":38.40744101633394,"綜合破碎化分數":40.6,"破碎化等級":"中","判定原因":"面積減少0.0%；斑塊增加0.0%；平均斑塊縮小0.1%；道路密度0.00 km/km²；孤立比例0.0%；距大型綠地0m","2021面積_ha":32.22,"2022面積_ha":32.22,"2023面積_ha":32.22}},{"type":"Feature","geometry":{"type":"Polygon","coordinates":[[[121.55199363258845,24.36898994122325],[121.55203282509066,24.378018656207825],[121.56189018604266,24.37798242908865],[121.56185029378942,24.36895372923002],[121.55199363258845,24.36898994122325]]]},"properties":{"grid_id":"G007_024","綠地類型":"河川沿岸自然地表","中心經度":121.556942,"中心緯度":24.373486,"分析面積_km2":1.04,"2020面積_ha":60.57,"2024面積_ha":60.57,"面積減少率_pct":0.0,"2020斑塊數":1,"2024斑塊數":1,"斑塊數增加率_pct":0.0,"2020平均斑塊面積_ha":1035.45,"2024平均斑塊面積_ha":1031.67,"平均斑塊面積下降率_pct":0.37,"道路切割密度_km_per_km2":0.0,"建成區邊界切割密度_km_per_km2":0.0,"孤立小斑塊比例_pct":0.0,"距大型連續綠地平均距離_m":0.0,"score_面積減少":36.206896551724135,"score_斑塊增加":44.260435571687836,"score_平均斑塊縮小":66.51542649727767,"score_道路建成區切割":25.941470054446462,"score_孤立比例":40.58529945553539,"score_距大型綠地":38.40744101633394,"綜合破碎化分數":42.0,"破碎化等級":"中","判定原因":"面積減少0.0%；斑塊增加0.0%；平均斑塊縮小0.4%；道路密度0.00 km/km²；孤立比例0.0%；距大型綠地0m","2021面積_ha":60.57,"2022面積_ha":60.57,"2023面積_ha":60.57}},{"type":"Feature","geometry":{"type":"Polygon","coordinates":[[[121.56185029378942,24.36895372923002],[121.56189018604266,24.37798242908865],[121.57174752745217,24.377945560878054],[121.571706935454,24.368916876413042],[121.56185029378942,24.36895372923002]]]},"properties":{"grid_id":"G007_025","綠地類型":"河川沿岸自然地表","中心經度":121.566799,"中心緯度":24.37345,"分析面積_km2":1.04,"2020面積_ha":66.6,"2024面積_ha":66.6,"面積減少率_pct":0.0,"2020斑塊數":1,"2024斑塊數":1,"斑塊數增加率_pct":0.0,"2020平均斑塊面積_ha":1035.45,"2024平均斑塊面積_ha":1031.67,"平均斑塊面積下降率_pct":0.37,"道路切割密度_km_per_km2":0.0,"建成區邊界切割密度_km_per_km2":0.0,"孤立小斑塊比例_pct":0.0,"距大型連續綠地平均距離_m":0.0,"score_面積減少":36.206896551724135,"score_斑塊增加":44.260435571687836,"score_平均斑塊縮小":66.51542649727767,"score_道路建成區切割":25.941470054446462,"score_孤立比例":40.58529945553539,"score_距大型綠地":38.40744101633394,"綜合破碎化分數":42.0,"破碎化等級":"中","判定原因":"面積減少0.0%；斑塊增加0.0%；平均斑塊縮小0.4%；道路密度0.00 km/km²；孤立比例0.0%；距大型綠地0m","2021面積_ha":66.6,"2022面積_ha":66.6,"2023面積_ha":66.6}},{"type":"Feature","geometry":{"type":"Polygon","coordinates":[[[121.571706935454,24.368916876413042],[121.57174752745217,24.377945560878054],[121.5816048489764,24.377908051581112],[121.58156355723953,24.36887938277738],[121.571706935454,24.368916876413042]]]},"properties":{"grid_id":"G007_026","綠地類型":"河川沿岸自然地表","中心經度":121.576656,"中心緯度":24.373413,"分析面積_km2":1.04,"2020面積_ha":55.62,"2024面積_ha":55.62,"面積減少率_pct":0.0,"2020斑塊數":1,"2024斑塊數":1,"斑塊數增加率_pct":0.0,"2020平均斑塊面積_ha":1035.45,"2024平均斑塊面積_ha":1031.67,"平均斑塊面積下降率_pct":0.37,"道路切割密度_km_per_km2":0.0,"建成區邊界切割密度_km_per_km2":0.0,"孤立小斑塊比例_pct":0.0,"距大型連續綠地平均距離_m":0.0,"score_面積減少":36.206896551724135,"score_斑塊增加":44.260435571687836,"score_平均斑塊縮小":66.51542649727767,"score_道路建成區切割":25.941470054446462,"score_孤立比例":40.58529945553539,"score_距大型綠地":38.40744101633394,"綜合破碎化分數":42.0,"破碎化等級":"中","判定原因":"面積減少0.0%；斑塊增加0.0%；平均斑塊縮小0.4%；道路密度0.00 km/km²；孤立比例0.0%；距大型綠地0m","2021面積_ha":55.62,"2022面積_ha":55.62,"2023面積_ha":55.62}},{"type":"Feature","geometry":{"type":"Polygon","coordinates":[[[121.58156355723953,24.36887938277738],[121.5816048489764,24.377908051581112],[121.59146215027256,24.377869901202995],[121.5914201588033,24.368841248328206],[121.58156355723953,24.36887938277738]]]},"properties":{"grid_id":"G007_027","綠地類型":"河川沿岸自然地表","中心經度":121.586513,"中心緯度":24.373375,"分析面積_km2":1.04,"2020面積_ha":39.06,"2024面積_ha":39.06,"面積減少率_pct":0.0,"2020斑塊數":1,"2024斑塊數":1,"斑塊數增加率_pct":0.0,"2020平均斑塊面積_ha":1035.45,"2024平均斑塊面積_ha":1031.67,"平均斑塊面積下降率_pct":0.37,"道路切割密度_km_per_km2":0.0,"建成區邊界切割密度_km_per_km2":0.0,"孤立小斑塊比例_pct":0.0,"距大型連續綠地平均距離_m":0.0,"score_面積減少":36.206896551724135,"score_斑塊增加":44.260435571687836,"score_平均斑塊縮小":66.51542649727767,"score_道路建成區切割":25.941470054446462,"score_孤立比例":40.58529945553539,"score_距大型綠地":38.40744101633394,"綜合破碎化分數":42.0,"破碎化等級":"中","判定原因":"面積減少0.0%；斑塊增加0.0%；平均斑塊縮小0.4%；道路密度0.00 km/km²；孤立比例0.0%；距大型綠地0m","2021面積_ha":39.06,"2022面積_ha":39.06,"2023面積_ha":39.06}},{"type":"Feature","geometry":{"type":"Polygon","coordinates":[[[121.5914201588033,24.368841248328206],[121.59146215027256,24.377869901202995],[121.6013194309979,24.37783110974896],[121.6012767398027,24.36880247307077],[121.5914201588033,24.368841248328206]]]},"properties":{"grid_id":"G007_028","綠地類型":"河川沿岸自然地表","中心經度":121.59637,"中心緯度":24.373336,"分析面積_km2":1.04,"2020面積_ha":40.41,"2024面積_ha":40.41,"面積減少率_pct":0.0,"2020斑塊數":1,"2024斑塊數":1,"斑塊數增加率_pct":0.0,"2020平均斑塊面積_ha":1035.45,"2024平均斑塊面積_ha":1031.67,"平均斑塊面積下降率_pct":0.37,"道路切割密度_km_per_km2":0.0,"建成區邊界切割密度_km_per_km2":0.0,"孤立小斑塊比例_pct":0.0,"距大型連續綠地平均距離_m":0.0,"score_面積減少":36.206896551724135,"score_斑塊增加":44.260435571687836,"score_平均斑塊縮小":66.51542649727767,"score_道路建成區切割":25.941470054446462,"score_孤立比例":40.58529945553539,"score_距大型綠地":38.40744101633394,"綜合破碎化分數":42.0,"破碎化等級":"中","判定原因":"面積減少0.0%；斑塊增加0.0%；平均斑塊縮小0.4%；道路密度0.00 km/km²；孤立比例0.0%；距大型綠地0m","2021面積_ha":40.41,"2022面積_ha":40.41,"2023面積_ha":40.41}},{"type":"Feature","geometry":{"type":"Polygon","coordinates":[[[121.6012767398027,24.36880247307077],[121.6013194309979,24.37783110974896],[121.61117669080964,24.377791677224355],[121.61113329989503,24.368763057010423],[121.6012767398027,24.36880247307077]]]},"properties":{"grid_id":"G007_029","綠地類型":"河川沿岸自然地表","中心經度":121.606227,"中心緯度":24.373297,"分析面積_km2":1.04,"2020面積_ha":2.43,"2024面積_ha":2.43,"面積減少率_pct":0.0,"2020斑塊數":1,"2024斑塊數":1,"斑塊數增加率_pct":0.0,"2020平均斑塊面積_ha":1035.45,"2024平均斑塊面積_ha":1031.67,"平均斑塊面積下降率_pct":0.37,"道路切割密度_km_per_km2":0.0,"建成區邊界切割密度_km_per_km2":0.0,"孤立小斑塊比例_pct":0.0,"距大型連續綠地平均距離_m":0.0,"score_面積減少":36.206896551724135,"score_斑塊增加":44.260435571687836,"score_平均斑塊縮小":66.51542649727767,"score_道路建成區切割":25.941470054446462,"score_孤立比例":40.58529945553539,"score_距大型綠地":38.40744101633394,"綜合破碎化分數":42.0,"破碎化等級":"中","判定原因":"面積減少0.0%；斑塊增加0.0%；平均斑塊縮小0.4%；道路密度0.00 km/km²；孤立比例0.0%；距大型綠地0m","2021面積_ha":2.43,"2022面積_ha":2.43,"2023面積_ha":2.43}},{"type":"Feature","geometry":{"type":"Polygon","coordinates":[[[121.61113329989503,24.368763057010423],[121.61117669080964,24.377791677224355],[121.62103392936505,24.37775160363461],[121.62098983873767,24.36872300015259],[121.61113329989503,24.368763057010423]]]},"properties":{"grid_id":"G007_030","綠地類型":"河川沿岸自然地表","中心經度":121.616083,"中心緯度":24.373257,"分析面積_km2":1.04,"2020面積_ha":13.05,"2024面積_ha":13.05,"面積減少率_pct":0.0,"2020斑塊數":1,"2024斑塊數":1,"斑塊數增加率_pct":0.0,"2020平均斑塊面積_ha":64.98,"2024平均斑塊面積_ha":62.19,"平均斑塊面積下降率_pct":4.29,"道路切割密度_km_per_km2":0.0,"建成區邊界切割密度_km_per_km2":0.0,"孤立小斑塊比例_pct":0.0,"距大型連續綠地平均距離_m":0.0,"score_面積減少":36.206896551724135,"score_斑塊增加":44.260435571687836,"score_平均斑塊縮小":74.00181488203266,"score_道路建成區切割":25.941470054446462,"score_孤立比例":40.58529945553539,"score_距大型綠地":38.40744101633394,"綜合破碎化分數":43.2,"破碎化等級":"中","判定原因":"面積減少0.0%；斑塊增加0.0%；平均斑塊縮小4.3%；道路密度0.00 km/km²；孤立比例0.0%；距大型綠地0m","2021面積_ha":13.05,"2022面積_ha":13.05,"2023面積_ha":13.05}},{"type":"Feature","geometry":{"type":"Polygon","coordinates":[[[121.64070285130332,24.36864096406662],[121.64074834133588,24.377669533281875],[121.65060551406577,24.377627536530195],[121.65055932434102,24.368598984849797],[121.64070285130332,24.36864096406662]]]},"properties":{"grid_id":"G007_033","綠地類型":"河川沿岸自然地表","中心經度":121.645654,"中心緯度":24.373134,"分析面積_km2":1.04,"2020面積_ha":41.76,"2024面積_ha":41.58,"面積減少率_pct":0.43,"2020斑塊數":1,"2024斑塊數":1,"斑塊數增加率_pct":0.0,"2020平均斑塊面積_ha":2712.51,"2024平均斑塊面積_ha":2751.66,"平均斑塊面積下降率_pct":0.0,"道路切割密度_km_per_km2":1.701,"建成區邊界切割密度_km_per_km2":0.0,"孤立小斑塊比例_pct":0.0,"距大型連續綠地平均距離_m":0.0,"score_面積減少":74.79582577132487,"score_斑塊增加":44.260435571687836,"score_平均斑塊縮小":28.153357531760438,"score_道路建成區切割":44.44192377495463,"score_孤立比例":40.58529945553539,"score_距大型綠地":38.40744101633394,"綜合破碎化分數":45.1,"破碎化等級":"中","判定原因":"面積減少0.4%；斑塊增加0.0%；平均斑塊縮小0.0%；道路密度1.70 km/km²；孤立比例0.0%；距大型綠地0m","2021面積_ha":42.12,"2022面積_ha":41.49,"2023面積_ha":41.85}},{"type":"Feature","geometry":{"type":"Polygon","coordinates":[[[121.68012860636217,24.3684692025736],[121.68017689512062,24.377497700043595],[121.69003397528488,24.377453139157417],[121.68998498686317,24.368424660292835],[121.68012860636217,24.3684692025736]]]},"properties":{"grid_id":"G007_037","綠地類型":"河川沿岸自然地表","中心經度":121.685081,"中心緯度":24.372961,"分析面積_km2":1.04,"2020面積_ha":42.3,"2024面積_ha":42.3,"面積減少率_pct":0.0,"2020斑塊數":1,"2024斑塊數":1,"斑塊數增加率_pct":0.0,"2020平均斑塊面積_ha":580.23,"2024平均斑塊面積_ha":579.87,"平均斑塊面積下降率_pct":0.06,"道路切割密度_km_per_km2":0.0,"建成區邊界切割密度_km_per_km2":0.0,"孤立小斑塊比例_pct":0.0,"距大型連續綠地平均距離_m":0.0,"score_面積減少":36.206896551724135,"score_斑塊增加":44.260435571687836,"score_平均斑塊縮小":57.4410163339383,"score_道路建成區切割":25.941470054446462,"score_孤立比例":40.58529945553539,"score_距大型綠地":38.40744101633394,"綜合破碎化分數":40.5,"破碎化等級":"中","判定原因":"面積減少0.0%；斑塊增加0.0%；平均斑塊縮小0.1%；道路密度0.00 km/km²；孤立比例0.0%；距大型綠地0m","2021面積_ha":42.3,"2022面積_ha":42.3,"2023面積_ha":42.3}},{"type":"Feature","geometry":{"type":"Polygon","coordinates":[[[121.68998498686317,24.368424660292835],[121.69003397528488,24.377453139157417],[121.69989103145086,24.377407937252748],[121.69984134337342,24.368379477261197],[121.68998498686317,24.368424660292835]]]},"properties":{"grid_id":"G007_038","綠地類型":"河川沿岸自然地表","中心經度":121.694938,"中心緯度":24.372916,"分析面積_km2":1.04,"2020面積_ha":55.71,"2024面積_ha":55.71,"面積減少率_pct":0.0,"2020斑塊數":1,"2024斑塊數":1,"斑塊數增加率_pct":0.0,"2020平均斑塊面積_ha":580.23,"2024平均斑塊面積_ha":579.87,"平均斑塊面積下降率_pct":0.06,"道路切割密度_km_per_km2":0.0,"建成區邊界切割密度_km_per_km2":0.0,"孤立小斑塊比例_pct":0.0,"距大型連續綠地平均距離_m":0.0,"score_面積減少":36.206896551724135,"score_斑塊增加":44.260435571687836,"score_平均斑塊縮小":57.4410163339383,"score_道路建成區切割":25.941470054446462,"score_孤立比例":40.58529945553539,"score_距大型綠地":38.40744101633394,"綜合破碎化分數":40.5,"破碎化等級":"中","判定原因":"面積減少0.0%；斑塊增加0.0%；平均斑塊縮小0.1%；道路密度0.00 km/km²；孤立比例0.0%；距大型綠地0m","2021面積_ha":55.71,"2022面積_ha":55.71,"2023面積_ha":55.71}},{"type":"Feature","geometry":{"type":"Polygon","coordinates":[[[121.69984134337342,24.368379477261197],[121.69989103145086,24.377407937252748],[121.70974806327592,24.377362094335815],[121.70969767555033,24.368333653484925],[121.69984134337342,24.368379477261197]]]},"properties":{"grid_id":"G007_039","綠地類型":"河川沿岸自然地表","中心經度":121.704795,"中心緯度":24.372871,"分析面積_km2":1.04,"2020面積_ha":29.07,"2024面積_ha":29.07,"面積減少率_pct":0.0,"2020斑塊數":1,"2024斑塊數":1,"斑塊數增加率_pct":0.0,"2020平均斑塊面積_ha":580.23,"2024平均斑塊面積_ha":579.87,"平均斑塊面積下降率_pct":0.06,"道路切割密度_km_per_km2":0.0,"建成區邊界切割密度_km_per_km2":0.0,"孤立小斑塊比例_pct":0.0,"距大型連續綠地平均距離_m":0.0,"score_面積減少":36.206896551724135,"score_斑塊增加":44.260435571687836,"score_平均斑塊縮小":57.4410163339383,"score_道路建成區切割":25.941470054446462,"score_孤立比例":40.58529945553539,"score_距大型綠地":38.40744101633394,"綜合破碎化分數":40.5,"破碎化等級":"中","判定原因":"面積減少0.0%；斑塊增加0.0%；平均斑塊縮小0.1%；道路密度0.00 km/km²；孤立比例0.0%；距大型綠地0m","2021面積_ha":29.07,"2022面積_ha":29.07,"2023面積_ha":29.07}},{"type":"Feature","geometry":{"type":"Polygon","coordinates":[[[121.72941026553377,24.368240083723798],[121.7294620525324,24.377268485490497],[121.73931900927838,24.377220719575003],[121.73926652265509,24.36819233775183],[121.72941026553377,24.368240083723798]]]},"properties":{"grid_id":"G007_042","綠地類型":"河川沿岸自然地表","中心經度":121.734364,"中心緯度":24.37273,"分析面積_km2":1.04,"2020面積_ha":7.47,"2024面積_ha":7.47,"面積減少率_pct":0.0,"2020斑塊數":1,"2024斑塊數":1,"斑塊數增加率_pct":0.0,"2020平均斑塊面積_ha":4118.13,"2024平均斑塊面積_ha":3542.58,"平均斑塊面積下降率_pct":13.98,"道路切割密度_km_per_km2":0.577,"建成區邊界切割密度_km_per_km2":0.0,"孤立小斑塊比例_pct":0.0,"距大型連續綠地平均距離_m":0.0,"score_面積減少":36.206896551724135,"score_斑塊增加":44.260435571687836,"score_平均斑塊縮小":79.33303085299455,"score_道路建成區切割":37.137023593466424,"score_孤立比例":40.58529945553539,"score_距大型綠地":38.40744101633394,"綜合破碎化分數":46.0,"破碎化等級":"中","判定原因":"面積減少0.0%；斑塊增加0.0%；平均斑塊縮小14.0%；道路密度0.58 km/km²；孤立比例0.0%；距大型綠地0m","2021面積_ha":7.47,"2022面積_ha":7.47,"2023面積_ha":7.47}},{"type":"Feature","geometry":{"type":"Polygon","coordinates":[[[121.75897895944402,24.368094923657996],[121.75903284529242,24.377123264791283],[121.7688897238751,24.37707357593648],[121.76883513842647,24.36804525554954],[121.75897895944402,24.368094923657996]]]},"properties":{"grid_id":"G007_045","綠地類型":"河川沿岸自然地表","中心經度":121.763934,"中心緯度":24.372584,"分析面積_km2":1.04,"2020面積_ha":37.17,"2024面積_ha":37.17,"面積減少率_pct":0.0,"2020斑塊數":2,"2024斑塊數":2,"斑塊數增加率_pct":0.0,"2020平均斑塊面積_ha":2131.965,"2024平均斑塊面積_ha":277.47,"平均斑塊面積下降率_pct":86.99,"道路切割密度_km_per_km2":0.0,"建成區邊界切割密度_km_per_km2":0.0,"孤立小斑塊比例_pct":0.0,"距大型連續綠地平均距離_m":0.0,"score_面積減少":36.206896551724135,"score_斑塊增加":44.260435571687836,"score_平均斑塊縮小":96.3475499092559,"score_道路建成區切割":25.941470054446462,"score_孤立比例":40.58529945553539,"score_距大型綠地":38.40744101633394,"綜合破碎化分數":47.0,"破碎化等級":"中","判定原因":"面積減少0.0%；斑塊增加0.0%；平均斑塊縮小87.0%；道路密度0.00 km/km²；孤立比例0.0%；距大型綠地0m","2021面積_ha":37.17,"2022面積_ha":37.17,"2023面積_ha":37.17}},{"type":"Feature","geometry":{"type":"Polygon","coordinates":[[[121.77869129067746,24.36799494674248],[121.77874657571799,24.37702324611547],[121.78716999999823,24.376979727450774],[121.78717000000002,24.376830100000003],[121.78746,24.3760601],[121.78747,24.375539899999996],[121.7872001,24.373990000000003],[121.7871988,24.373489100000004],[121.7863961,24.372365399999996],[121.7860821,24.371995899999998],[121.78568910000001,24.371382999999998],[121.78507110000001,24.371036599999996],[121.78440930000001,24.3696141],[121.7842975,24.368772499999995],[121.7842492,24.3686284],[121.7842747,24.368452500000004],[121.7843552,24.368193499999997],[121.7844709,24.368225400000004],[121.7846113,24.367995599999997],[121.7846097598447,24.367964429129437],[121.77869129067746,24.36799494674248]]]},"properties":{"grid_id":"G007_047","綠地類型":"河川沿岸自然地表","中心經度":121.78276,"中心緯度":24.372948,"分析面積_km2":0.781,"2020面積_ha":10.89,"2024面積_ha":10.89,"面積減少率_pct":0.0,"2020斑塊數":2,"2024斑塊數":2,"斑塊數增加率_pct":0.0,"2020平均斑塊面積_ha":88.47,"2024平均斑塊面積_ha":88.29,"平均斑塊面積下降率_pct":0.2,"道路切割密度_km_per_km2":6.989,"建成區邊界切割密度_km_per_km2":0.0,"孤立小斑塊比例_pct":0.0,"距大型連續綠地平均距離_m":0.0,"score_面積減少":36.206896551724135,"score_斑塊增加":44.260435571687836,"score_平均斑塊縮小":61.63793103448276,"score_道路建成區切割":59.437386569872956,"score_孤立比例":40.58529945553539,"score_距大型綠地":38.40744101633394,"綜合破碎化分數":46.8,"破碎化等級":"中","判定原因":"面積減少0.0%；斑塊增加0.0%；平均斑塊縮小0.2%；道路密度6.99 km/km²；孤立比例0.0%；距大型綠地0m","2021面積_ha":10.89,"2022面積_ha":10.71,"2023面積_ha":10.8}},{"type":"Feature","geometry":{"type":"Polygon","coordinates":[[[121.46331575366875,24.378315850371923],[121.46334866426898,24.38734467864797],[121.47320688582222,24.387314208847034],[121.47317327507798,24.378285393289573],[121.46331575366875,24.378315850371923]]]},"properties":{"grid_id":"G008_015","綠地類型":"河川沿岸自然地表","中心經度":121.468261,"中心緯度":24.382815,"分析面積_km2":1.04,"2020面積_ha":30.78,"2024面積_ha":30.78,"面積減少率_pct":0.0,"2020斑塊數":2,"2024斑塊數":2,"斑塊數增加率_pct":0.0,"2020平均斑塊面積_ha":1675.215,"2024平均斑塊面積_ha":1570.95,"平均斑塊面積下降率_pct":6.22,"道路切割密度_km_per_km2":1.586,"建成區邊界切割密度_km_per_km2":0.0,"孤立小斑塊比例_pct":0.0,"距大型連續綠地平均距離_m":0.0,"score_面積減少":36.206896551724135,"score_斑塊增加":44.260435571687836,"score_平均斑塊縮小":74.47822141560798,"score_道路建成區切割":43.30762250453721,"score_孤立比例":40.58529945553539,"score_距大型綠地":38.40744101633394,"綜合破碎化分數":46.2,"破碎化等級":"中","判定原因":"面積減少0.0%；斑塊增加0.0%；平均斑塊縮小6.2%；道路密度1.59 km/km²；孤立比例0.0%；距大型綠地0m","2021面積_ha":30.78,"2022面積_ha":30.78,"2023面積_ha":30.78}},{"type":"Feature","geometry":{"type":"Polygon","coordinates":[[[121.47317327507798,24.378285393289573],[121.47320688582222,24.387314208847034],[121.48306509091293,24.387283097645202],[121.48303078002984,24.378254295074058],[121.47317327507798,24.378285393289573]]]},"properties":{"grid_id":"G008_016","綠地類型":"河川沿岸自然地表","中心經度":121.478119,"中心緯度":24.382784,"分析面積_km2":1.04,"2020面積_ha":53.82,"2024面積_ha":54.45,"面積減少率_pct":0.0,"2020斑塊數":1,"2024斑塊數":1,"斑塊數增加率_pct":0.0,"2020平均斑塊面積_ha":1030.95,"2024平均斑塊面積_ha":821.88,"平均斑塊面積下降率_pct":20.28,"道路切割密度_km_per_km2":1.615,"建成區邊界切割密度_km_per_km2":0.0,"孤立小斑塊比例_pct":0.0,"距大型連續綠地平均距離_m":0.0,"score_面積減少":36.206896551724135,"score_斑塊增加":44.260435571687836,"score_平均斑塊縮小":82.9627949183303,"score_道路建成區切割":43.579854809437386,"score_孤立比例":40.58529945553539,"score_距大型綠地":38.40744101633394,"綜合破碎化分數":47.7,"破碎化等級":"中","判定原因":"面積減少0.0%；斑塊增加0.0%；平均斑塊縮小20.3%；道路密度1.61 km/km²；孤立比例0.0%；距大型綠地0m","2021面積_ha":53.91,"2022面積_ha":53.64,"2023面積_ha":53.91}},{"type":"Feature","geometry":{"type":"Polygon","coordinates":[[[121.48303078002984,24.378254295074058],[121.48306509091293,24.387283097645202],[121.49292327919818,24.387251345046764],[121.49288826818149,24.37822255572966],[121.48303078002984,24.378254295074058]]]},"properties":{"grid_id":"G008_017","綠地類型":"河川沿岸自然地表","中心經度":121.487977,"中心緯度":24.382753,"分析面積_km2":1.04,"2020面積_ha":52.29,"2024面積_ha":52.29,"面積減少率_pct":0.0,"2020斑塊數":2,"2024斑塊數":2,"斑塊數增加率_pct":0.0,"2020平均斑塊面積_ha":1675.215,"2024平均斑塊面積_ha":1570.95,"平均斑塊面積下降率_pct":6.22,"道路切割密度_km_per_km2":0.49,"建成區邊界切割密度_km_per_km2":0.0,"孤立小斑塊比例_pct":0.0,"距大型連續綠地平均距離_m":0.0,"score_面積減少":36.206896551724135,"score_斑塊增加":44.260435571687836,"score_平均斑塊縮小":74.47822141560798,"score_道路建成區切割":36.649274047186935,"score_孤立比例":40.58529945553539,"score_距大型綠地":38.40744101633394,"綜合破碎化分數":45.1,"破碎化等級":"中","判定原因":"面積減少0.0%；斑塊增加0.0%；平均斑塊縮小6.2%；道路密度0.49 km/km²；孤立比例0.0%；距大型綠地0m","2021面積_ha":52.29,"2022面積_ha":52.2,"2023面積_ha":52.2}},{"type":"Feature","geometry":{"type":"Polygon","coordinates":[[[121.53231804593017,24.37808918715203],[121.53235585742658,24.38711792077579],[121.54221395654103,24.387082961261726],[121.54217544493889,24.378054242230593],[121.53231804593017,24.37808918715203]]]},"properties":{"grid_id":"G008_022","綠地類型":"河川沿岸自然地表","中心經度":121.537266,"中心緯度":24.382586,"分析面積_km2":1.04,"2020面積_ha":40.32,"2024面積_ha":40.32,"面積減少率_pct":0.0,"2020斑塊數":2,"2024斑塊數":2,"斑塊數增加率_pct":0.0,"2020平均斑塊面積_ha":1677.465,"2024平均斑塊面積_ha":1675.845,"平均斑塊面積下降率_pct":0.1,"道路切割密度_km_per_km2":0.0,"建成區邊界切割密度_km_per_km2":0.0,"孤立小斑塊比例_pct":0.0,"距大型連續綠地平均距離_m":0.0,"score_面積減少":36.206896551724135,"score_斑塊增加":44.260435571687836,"score_平均斑塊縮小":58.0989110707804,"score_道路建成區切割":25.941470054446462,"score_孤立比例":40.58529945553539,"score_距大型綠地":38.40744101633394,"綜合破碎化分數":40.6,"破碎化等級":"中","判定原因":"面積減少0.0%；斑塊增加0.0%；平均斑塊縮小0.1%；道路密度0.00 km/km²；孤立比例0.0%；距大型綠地0m","2021面積_ha":40.5,"2022面積_ha":40.32,"2023面積_ha":40.32}},{"type":"Feature","geometry":{"type":"Polygon","coordinates":[[[121.54217544493889,24.378054242230593],[121.54221395654103,24.387082961261726],[121.5520720367926,24.387047360378638],[121.55203282509066,24.378018656207825],[121.54217544493889,24.378054242230593]]]},"properties":{"grid_id":"G008_023","綠地類型":"河川沿岸自然地表","中心經度":121.547124,"中心緯度":24.382551,"分析面積_km2":1.04,"2020面積_ha":36.72,"2024面積_ha":36.72,"面積減少率_pct":0.0,"2020斑塊數":1,"2024斑塊數":1,"斑塊數增加率_pct":0.0,"2020平均斑塊面積_ha":1035.45,"2024平均斑塊面積_ha":1031.67,"平均斑塊面積下降率_pct":0.37,"道路切割密度_km_per_km2":0.0,"建成區邊界切割密度_km_per_km2":0.0,"孤立小斑塊比例_pct":0.0,"距大型連續綠地平均距離_m":0.0,"score_面積減少":36.206896551724135,"score_斑塊增加":44.260435571687836,"score_平均斑塊縮小":66.51542649727767,"score_道路建成區切割":25.941470054446462,"score_孤立比例":40.58529945553539,"score_距大型綠地":38.40744101633394,"綜合破碎化分數":42.0,"破碎化等級":"中","判定原因":"面積減少0.0%；斑塊增加0.0%；平均斑塊縮小0.4%；道路密度0.00 km/km²；孤立比例0.0%；距大型綠地0m","2021面積_ha":36.72,"2022面積_ha":36.72,"2023面積_ha":36.72}},{"type":"Feature","geometry":{"type":"Polygon","coordinates":[[[121.55203282509066,24.378018656207825],[121.5520720367926,24.387047360378638],[121.56193009783844,24.387011118131426],[121.56189018604266,24.37798242908865],[121.55203282509066,24.378018656207825]]]},"properties":{"grid_id":"G008_024","綠地類型":"河川沿岸自然地表","中心經度":121.556981,"中心緯度":24.382515,"分析面積_km2":1.04,"2020面積_ha":62.28,"2024面積_ha":62.28,"面積減少率_pct":0.0,"2020斑塊數":1,"2024斑塊數":1,"斑塊數增加率_pct":0.0,"2020平均斑塊面積_ha":1035.45,"2024平均斑塊面積_ha":1031.67,"平均斑塊面積下降率_pct":0.37,"道路切割密度_km_per_km2":0.0,"建成區邊界切割密度_km_per_km2":0.0,"孤立小斑塊比例_pct":0.0,"距大型連續綠地平均距離_m":0.0,"score_面積減少":36.206896551724135,"score_斑塊增加":44.260435571687836,"score_平均斑塊縮小":66.51542649727767,"score_道路建成區切割":25.941470054446462,"score_孤立比例":40.58529945553539,"score_距大型綠地":38.40744101633394,"綜合破碎化分數":42.0,"破碎化等級":"中","判定原因":"面積減少0.0%；斑塊增加0.0%；平均斑塊縮小0.4%；道路密度0.00 km/km²；孤立比例0.0%；距大型綠地0m","2021面積_ha":62.28,"2022面積_ha":62.28,"2023面積_ha":62.28}},{"type":"Feature","geometry":{"type":"Polygon","coordinates":[[[121.56189018604266,24.37798242908865],[121.56193009783844,24.387011118131426],[121.57178813933564,24.386974234525084],[121.57174752745217,24.377945560878054],[121.56189018604266,24.37798242908865]]]},"properties":{"grid_id":"G008_025","綠地類型":"河川沿岸自然地表","中心經度":121.566839,"中心緯度":24.382478,"分析面積_km2":1.04,"2020面積_ha":77.04,"2024面積_ha":77.04,"面積減少率_pct":0.0,"2020斑塊數":1,"2024斑塊數":1,"斑塊數增加率_pct":0.0,"2020平均斑塊面積_ha":1035.45,"2024平均斑塊面積_ha":1031.67,"平均斑塊面積下降率_pct":0.37,"道路切割密度_km_per_km2":0.0,"建成區邊界切割密度_km_per_km2":0.0,"孤立小斑塊比例_pct":0.0,"距大型連續綠地平均距離_m":0.0,"score_面積減少":36.206896551724135,"score_斑塊增加":44.260435571687836,"score_平均斑塊縮小":66.51542649727767,"score_道路建成區切割":25.941470054446462,"score_孤立比例":40.58529945553539,"score_距大型綠地":38.40744101633394,"綜合破碎化分數":42.0,"破碎化等級":"中","判定原因":"面積減少0.0%；斑塊增加0.0%；平均斑塊縮小0.4%；道路密度0.00 km/km²；孤立比例0.0%；距大型綠地0m","2021面積_ha":77.04,"2022面積_ha":77.04,"2023面積_ha":77.04}},{"type":"Feature","geometry":{"type":"Polygon","coordinates":[[[121.57174752745217,24.377945560878054],[121.57178813933564,24.386974234525084],[121.58164616094132,24.386936709564708],[121.5816048489764,24.377908051581112],[121.57174752745217,24.377945560878054]]]},"properties":{"grid_id":"G008_026","綠地類型":"河川沿岸自然地表","中心經度":121.576697,"中心緯度":24.382441,"分析面積_km2":1.04,"2020面積_ha":49.23,"2024面積_ha":49.23,"面積減少率_pct":0.0,"2020斑塊數":1,"2024斑塊數":1,"斑塊數增加率_pct":0.0,"2020平均斑塊面積_ha":1035.45,"2024平均斑塊面積_ha":1031.67,"平均斑塊面積下降率_pct":0.37,"道路切割密度_km_per_km2":0.0,"建成區邊界切割密度_km_per_km2":0.0,"孤立小斑塊比例_pct":0.0,"距大型連續綠地平均距離_m":0.0,"score_面積減少":36.206896551724135,"score_斑塊增加":44.260435571687836,"score_平均斑塊縮小":66.51542649727767,"score_道路建成區切割":25.941470054446462,"score_孤立比例":40.58529945553539,"score_距大型綠地":38.40744101633394,"綜合破碎化分數":42.0,"破碎化等級":"中","判定原因":"面積減少0.0%；斑塊增加0.0%；平均斑塊縮小0.4%；道路密度0.00 km/km²；孤立比例0.0%；距大型綠地0m","2021面積_ha":49.23,"2022面積_ha":49.23,"2023面積_ha":49.23}},{"type":"Feature","geometry":{"type":"Polygon","coordinates":[[[121.5816048489764,24.377908051581112],[121.58164616094132,24.386936709564708],[121.59150416231265,24.38689854325545],[121.59146215027256,24.377869901202995],[121.5816048489764,24.377908051581112]]]},"properties":{"grid_id":"G008_027","綠地類型":"河川沿岸自然地表","中心經度":121.586554,"中心緯度":24.382403,"分析面積_km2":1.04,"2020面積_ha":7.38,"2024面積_ha":7.38,"面積減少率_pct":0.0,"2020斑塊數":1,"2024斑塊數":1,"斑塊數增加率_pct":0.0,"2020平均斑塊面積_ha":1035.45,"2024平均斑塊面積_ha":1031.67,"平均斑塊面積下降率_pct":0.37,"道路切割密度_km_per_km2":0.0,"建成區邊界切割密度_km_per_km2":0.0,"孤立小斑塊比例_pct":0.0,"距大型連續綠地平均距離_m":0.0,"score_面積減少":36.206896551724135,"score_斑塊增加":44.260435571687836,"score_平均斑塊縮小":66.51542649727767,"score_道路建成區切割":25.941470054446462,"score_孤立比例":40.58529945553539,"score_距大型綠地":38.40744101633394,"綜合破碎化分數":42.0,"破碎化等級":"中","判定原因":"面積減少0.0%；斑塊增加0.0%；平均斑塊縮小0.4%；道路密度0.00 km/km²；孤立比例0.0%；距大型綠地0m","2021面積_ha":7.38,"2022面積_ha":7.38,"2023面積_ha":7.38}},{"type":"Feature","geometry":{"type":"Polygon","coordinates":[[[121.59146215027256,24.377869901202995],[121.59150416231265,24.38689854325545],[121.6013621431067,24.386859735602584],[121.6013194309979,24.37783110974896],[121.59146215027256,24.377869901202995]]]},"properties":{"grid_id":"G008_028","綠地類型":"河川沿岸自然地表","中心經度":121.596412,"中心緯度":24.382365,"分析面積_km2":1.04,"2020面積_ha":46.98,"2024面積_ha":46.98,"面積減少率_pct":0.0,"2020斑塊數":1,"2024斑塊數":1,"斑塊數增加率_pct":0.0,"2020平均斑塊面積_ha":1035.45,"2024平均斑塊面積_ha":1031.67,"平均斑塊面積下降率_pct":0.37,"道路切割密度_km_per_km2":0.0,"建成區邊界切割密度_km_per_km2":0.0,"孤立小斑塊比例_pct":0.0,"距大型連續綠地平均距離_m":0.0,"score_面積減少":36.206896551724135,"score_斑塊增加":44.260435571687836,"score_平均斑塊縮小":66.51542649727767,"score_道路建成區切割":25.941470054446462,"score_孤立比例":40.58529945553539,"score_距大型綠地":38.40744101633394,"綜合破碎化分數":42.0,"破碎化等級":"中","判定原因":"面積減少0.0%；斑塊增加0.0%；平均斑塊縮小0.4%；道路密度0.00 km/km²；孤立比例0.0%；距大型綠地0m","2021面積_ha":46.98,"2022面積_ha":46.98,"2023面積_ha":46.98}},{"type":"Feature","geometry":{"type":"Polygon","coordinates":[[[121.68017689512062,24.377497700043595],[121.68022520753459,24.386526186669823],[121.6900829877048,24.38648160717567],[121.69003397528488,24.377453139157417],[121.68017689512062,24.377497700043595]]]},"properties":{"grid_id":"G008_037","綠地類型":"河川沿岸自然地表","中心經度":121.68513,"中心緯度":24.38199,"分析面積_km2":1.04,"2020面積_ha":34.29,"2024面積_ha":34.29,"面積減少率_pct":0.0,"2020斑塊數":1,"2024斑塊數":1,"斑塊數增加率_pct":0.0,"2020平均斑塊面積_ha":580.23,"2024平均斑塊面積_ha":579.87,"平均斑塊面積下降率_pct":0.06,"道路切割密度_km_per_km2":0.0,"建成區邊界切割密度_km_per_km2":0.0,"孤立小斑塊比例_pct":0.0,"距大型連續綠地平均距離_m":0.0,"score_面積減少":36.206896551724135,"score_斑塊增加":44.260435571687836,"score_平均斑塊縮小":57.4410163339383,"score_道路建成區切割":25.941470054446462,"score_孤立比例":40.58529945553539,"score_距大型綠地":38.40744101633394,"綜合破碎化分數":40.5,"破碎化等級":"中","判定原因":"面積減少0.0%；斑塊增加0.0%；平均斑塊縮小0.1%；道路密度0.00 km/km²；孤立比例0.0%；距大型綠地0m","2021面積_ha":34.29,"2022面積_ha":34.29,"2023面積_ha":34.29}},{"type":"Feature","geometry":{"type":"Polygon","coordinates":[[[121.69003397528488,24.377453139157417],[121.6900829877048,24.38648160717567],[121.69994074386928,24.386436386395367],[121.69989103145086,24.377407937252748],[121.69003397528488,24.377453139157417]]]},"properties":{"grid_id":"G008_038","綠地類型":"河川沿岸自然地表","中心經度":121.694987,"中心緯度":24.381945,"分析面積_km2":1.04,"2020面積_ha":54.27,"2024面積_ha":54.27,"面積減少率_pct":0.0,"2020斑塊數":1,"2024斑塊數":1,"斑塊數增加率_pct":0.0,"2020平均斑塊面積_ha":580.23,"2024平均斑塊面積_ha":579.87,"平均斑塊面積下降率_pct":0.06,"道路切割密度_km_per_km2":0.0,"建成區邊界切割密度_km_per_km2":0.0,"孤立小斑塊比例_pct":0.0,"距大型連續綠地平均距離_m":0.0,"score_面積減少":36.206896551724135,"score_斑塊增加":44.260435571687836,"score_平均斑塊縮小":57.4410163339383,"score_道路建成區切割":25.941470054446462,"score_孤立比例":40.58529945553539,"score_距大型綠地":38.40744101633394,"綜合破碎化分數":40.5,"破碎化等級":"中","判定原因":"面積減少0.0%；斑塊增加0.0%；平均斑塊縮小0.1%；道路密度0.00 km/km²；孤立比例0.0%；距大型綠地0m","2021面積_ha":54.27,"2022面積_ha":54.27,"2023面積_ha":54.27}},{"type":"Feature","geometry":{"type":"Polygon","coordinates":[[[121.69989103145086,24.377407937252748],[121.69994074386928,24.386436386395367],[121.70979847568519,24.386390524335127],[121.70974806327592,24.377362094335815],[121.69989103145086,24.377407937252748]]]},"properties":{"grid_id":"G008_039","綠地類型":"河川沿岸自然地表","中心經度":121.704845,"中心緯度":24.381899,"分析面積_km2":1.04,"2020面積_ha":16.74,"2024面積_ha":16.74,"面積減少率_pct":0.0,"2020斑塊數":1,"2024斑塊數":1,"斑塊數增加率_pct":0.0,"2020平均斑塊面積_ha":580.23,"2024平均斑塊面積_ha":579.87,"平均斑塊面積下降率_pct":0.06,"道路切割密度_km_per_km2":0.0,"建成區邊界切割密度_km_per_km2":0.0,"孤立小斑塊比例_pct":0.0,"距大型連續綠地平均距離_m":0.0,"score_面積減少":36.206896551724135,"score_斑塊增加":44.260435571687836,"score_平均斑塊縮小":57.4410163339383,"score_道路建成區切割":25.941470054446462,"score_孤立比例":40.58529945553539,"score_距大型綠地":38.40744101633394,"綜合破碎化分數":40.5,"破碎化等級":"中","判定原因":"面積減少0.0%；斑塊增加0.0%；平均斑塊縮小0.1%；道路密度0.00 km/km²；孤立比例0.0%；距大型綠地0m","2021面積_ha":16.74,"2022面積_ha":16.74,"2023面積_ha":16.74}},{"type":"Feature","geometry":{"type":"Polygon","coordinates":[[[121.71960507041733,24.37731561041293],[121.71965618280971,24.38634402100128],[121.72951386490006,24.386296876400223],[121.7294620525324,24.377268485490497],[121.71960507041733,24.37731561041293]]]},"properties":{"grid_id":"G008_041","綠地類型":"河川沿岸自然地表","中心經度":121.724559,"中心緯度":24.381806,"分析面積_km2":1.04,"2020面積_ha":39.69,"2024面積_ha":39.69,"面積減少率_pct":0.0,"2020斑塊數":1,"2024斑塊數":1,"斑塊數增加率_pct":0.0,"2020平均斑塊面積_ha":4118.13,"2024平均斑塊面積_ha":3542.58,"平均斑塊面積下降率_pct":13.98,"道路切割密度_km_per_km2":1.644,"建成區邊界切割密度_km_per_km2":0.0,"孤立小斑塊比例_pct":0.0,"距大型連續綠地平均距離_m":0.0,"score_面積減少":36.206896551724135,"score_斑塊增加":44.260435571687836,"score_平均斑塊縮小":79.33303085299455,"score_道路建成區切割":43.93148820326679,"score_孤立比例":40.58529945553539,"score_距大型綠地":38.40744101633394,"綜合破碎化分數":47.1,"破碎化等級":"中","判定原因":"面積減少0.0%；斑塊增加0.0%；平均斑塊縮小14.0%；道路密度1.64 km/km²；孤立比例0.0%；距大型綠地0m","2021面積_ha":39.69,"2022面積_ha":39.69,"2023面積_ha":39.69}},{"type":"Feature","geometry":{"type":"Polygon","coordinates":[[[121.7294620525324,24.377268485490497],[121.72951386490006,24.386296876400223],[121.73937152161342,24.386249090538463],[121.73931900927838,24.377220719575003],[121.7294620525324,24.377268485490497]]]},"properties":{"grid_id":"G008_042","綠地類型":"河川沿岸自然地表","中心經度":121.734417,"中心緯度":24.381759,"分析面積_km2":1.04,"2020面積_ha":30.33,"2024面積_ha":30.33,"面積減少率_pct":0.0,"2020斑塊數":1,"2024斑塊數":1,"斑塊數增加率_pct":0.0,"2020平均斑塊面積_ha":4118.13,"2024平均斑塊面積_ha":3542.58,"平均斑塊面積下降率_pct":13.98,"道路切割密度_km_per_km2":2.22,"建成區邊界切割密度_km_per_km2":0.0,"孤立小斑塊比例_pct":0.0,"距大型連續綠地平均距離_m":0.0,"score_面積減少":36.206896551724135,"score_斑塊增加":44.260435571687836,"score_平均斑塊縮小":79.33303085299455,"score_道路建成區切割":47.62931034482759,"score_孤立比例":40.58529945553539,"score_距大型綠地":38.40744101633394,"綜合破碎化分數":47.7,"破碎化等級":"中","判定原因":"面積減少0.0%；斑塊增加0.0%；平均斑塊縮小14.0%；道路密度2.22 km/km²；孤立比例0.0%；距大型綠地0m","2021面積_ha":30.33,"2022面積_ha":30.33,"2023面積_ha":30.33}},{"type":"Feature","geometry":{"type":"Polygon","coordinates":[[[121.75903284529242,24.377123264791283],[121.75908675753796,24.386151595059243],[121.76894433606354,24.386101885455226],[121.7688897238751,24.37707357593648],[121.75903284529242,24.377123264791283]]]},"properties":{"grid_id":"G008_045","綠地類型":"河川沿岸自然地表","中心經度":121.763988,"中心緯度":24.381613,"分析面積_km2":1.04,"2020面積_ha":3.15,"2024面積_ha":3.15,"面積減少率_pct":0.0,"2020斑塊數":1,"2024斑塊數":1,"斑塊數增加率_pct":0.0,"2020平均斑塊面積_ha":4118.13,"2024平均斑塊面積_ha":409.5,"平均斑塊面積下降率_pct":90.06,"道路切割密度_km_per_km2":0.0,"建成區邊界切割密度_km_per_km2":0.0,"孤立小斑塊比例_pct":0.0,"距大型連續綠地平均距離_m":0.0,"score_面積減少":36.206896551724135,"score_斑塊增加":44.260435571687836,"score_平均斑塊縮小":97.48185117967331,"score_道路建成區切割":25.941470054446462,"score_孤立比例":40.58529945553539,"score_距大型綠地":38.40744101633394,"綜合破碎化分數":47.1,"破碎化等級":"中","判定原因":"面積減少0.0%；斑塊增加0.0%；平均斑塊縮小90.1%；道路密度0.00 km/km²；孤立比例0.0%；距大型綠地0m","2021面積_ha":3.15,"2022面積_ha":3.15,"2023面積_ha":3.15}},{"type":"Feature","geometry":{"type":"Polygon","coordinates":[[[121.77874657571799,24.37702324611547],[121.77880188784097,24.386051534617362],[121.787652735626,24.38600577940375],[121.7876599,24.385070099999997],[121.7876599,24.384809999999998],[121.7875201,24.38468],[121.78738,24.384549999999997],[121.78738,24.384290099999994],[121.78738,24.383259999999996],[121.78726000000002,24.38313],[121.7871199,24.383],[121.7871199,24.382740099999996],[121.7874,24.382489999999997],[121.7874037,24.382207599999997],[121.78741009999999,24.381720099999995],[121.7873317,24.381099099999993],[121.78720550000001,24.380099899999998],[121.78715000000001,24.37966],[121.78743989999998,24.37889],[121.78743989999998,24.3786301],[121.78716,24.378110000000003],[121.78716,24.3778599],[121.78717000000002,24.3770799],[121.78716999999823,24.376979727450774],[121.77874657571799,24.37702324611547]]]},"properties":{"grid_id":"G008_047","綠地類型":"河川沿岸自然地表","中心經度":121.783072,"中心緯度":24.381432,"分析面積_km2":0.912,"2020面積_ha":37.98,"2024面積_ha":38.16,"面積減少率_pct":0.0,"2020斑塊數":2,"2024斑塊數":2,"斑塊數增加率_pct":0.0,"2020平均斑塊面積_ha":22.005,"2024平均斑塊面積_ha":22.095,"平均斑塊面積下降率_pct":0.0,"道路切割密度_km_per_km2":4.804,"建成區邊界切割密度_km_per_km2":0.0,"孤立小斑塊比例_pct":0.0,"距大型連續綠地平均距離_m":0.0,"score_面積減少":36.206896551724135,"score_斑塊增加":44.260435571687836,"score_平均斑塊縮小":28.153357531760438,"score_道路建成區切割":55.580762250453716,"score_孤立比例":40.58529945553539,"score_距大型綠地":38.40744101633394,"綜合破碎化分數":40.5,"破碎化等級":"中","判定原因":"面積減少0.0%；斑塊增加0.0%；平均斑塊縮小0.0%；道路密度4.80 km/km²；孤立比例0.0%；距大型綠地0m","2021面積_ha":38.16,"2022面積_ha":38.16,"2023面積_ha":37.8}},{"type":"Feature","geometry":{"type":"Polygon","coordinates":[[[121.34507336689136,24.396689234784056],[121.35493245978694,24.396666452589024],[121.35492291161181,24.3932488020135],[121.35481,24.393320000000003],[121.35456999999998,24.39345],[121.35427,24.393529999999995],[121.35395,24.393599999999996],[121.35359000000001,24.39361999999999],[121.35317999999998,24.393580000000004],[121.35296000000001,24.393489999999996],[121.35187,24.3927],[121.35159000000002,24.39257],[121.35144,24.39252],[121.35114000000002,24.392589999999995],[121.3505,24.39293],[121.35022,24.393039999999996],[121.34979,24.393099999999997],[121.34944,24.39315],[121.34895,24.39315],[121.34811000000002,24.393150000000002],[121.34745000000001,24.393169999999998],[121.3452,24.393319999999996],[121.34506421219781,24.39331880984027],[121.34507336689136,24.396689234784056]]]},"properties":{"grid_id":"G009_003","綠地類型":"河川沿岸自然地表","中心經度":121.349999,"中心緯度":24.395153,"分析面積_km2":0.405,"2020面積_ha":26.73,"2024面積_ha":26.73,"面積減少率_pct":0.0,"2020斑塊數":1,"2024斑塊數":1,"斑塊數增加率_pct":0.0,"2020平均斑塊面積_ha":3042.63,"2024平均斑塊面積_ha":3203.82,"平均斑塊面積下降率_pct":0.0,"道路切割密度_km_per_km2":10.593,"建成區邊界切割密度_km_per_km2":0.0,"孤立小斑塊比例_pct":0.0,"距大型連續綠地平均距離_m":0.0,"score_面積減少":36.206896551724135,"score_斑塊增加":44.260435571687836,"score_平均斑塊縮小":28.153357531760438,"score_道路建成區切割":64.20145190562613,"score_孤立比例":40.58529945553539,"score_距大型綠地":38.40744101633394,"綜合破碎化分數":42.0,"破碎化等級":"中","判定原因":"面積減少0.0%；斑塊增加0.0%；平均斑塊縮小0.0%；道路密度10.59 km/km²；孤立比例0.0%；距大型綠地0m","2021面積_ha":26.73,"2022面積_ha":26.73,"2023面積_ha":26.73}},{"type":"Feature","geometry":{"type":"Polygon","coordinates":[[[121.35493245978694,24.396666452589024],[121.36479154033135,24.396643028680753],[121.36476824496279,24.38852905828235],[121.36468000000002,24.3886],[121.36435999999999,24.389179999999996],[121.36421000000001,24.389349999999993],[121.36401,24.389499999999995],[121.36375999999998,24.389560000000003],[121.36339000000001,24.389609999999998],[121.36245,24.38957999999999],[121.36191000000001,24.389649999999993],[121.36174,24.38967],[121.36135,24.38986],[121.36072999999999,24.390399999999996],[121.36052000000001,24.39053],[121.3603,24.390589999999996],[121.35983,24.390590000000003],[121.35940000000001,24.390639999999998],[121.35831000000002,24.390939999999997],[121.35768,24.391429999999996],[121.35704000000001,24.39183999999999],[121.35638,24.39233],[121.35492291161181,24.3932488020135],[121.35493245978694,24.396666452589024]]]},"properties":{"grid_id":"G009_004","綠地類型":"河川沿岸自然地表","中心經度":121.360216,"中心緯度":24.392779,"分析面積_km2":0.679,"2020面積_ha":19.17,"2024面積_ha":19.17,"面積減少率_pct":0.0,"2020斑塊數":1,"2024斑塊數":1,"斑塊數增加率_pct":0.0,"2020平均斑塊面積_ha":3042.63,"2024平均斑塊面積_ha":3203.82,"平均斑塊面積下降率_pct":0.0,"道路切割密度_km_per_km2":3.006,"建成區邊界切割密度_km_per_km2":0.0,"孤立小斑塊比例_pct":0.0,"距大型連續綠地平均距離_m":0.0,"score_面積減少":36.206896551724135,"score_斑塊增加":44.260435571687836,"score_平均斑塊縮小":28.153357531760438,"score_道路建成區切割":50.77132486388385,"score_孤立比例":40.58529945553539,"score_距大型綠地":38.40744101633394,"綜合破碎化分數":39.7,"破碎化等級":"中","判定原因":"面積減少0.0%；斑塊增加0.0%；平均斑塊縮小0.0%；道路密度3.01 km/km²；孤立比例0.0%；距大型綠地0m","2021面積_ha":19.17,"2022面積_ha":19.17,"2023面積_ha":19.17}},{"type":"Feature","geometry":{"type":"Polygon","coordinates":[[[121.46334866426898,24.38734467864797],[121.4633815909888,24.396373496124383],[121.47324051302898,24.3963430136031],[121.47320688582222,24.387314208847034],[121.46334866426898,24.38734467864797]]]},"properties":{"grid_id":"G009_015","綠地類型":"河川沿岸自然地表","中心經度":121.468294,"中心緯度":24.391844,"分析面積_km2":1.04,"2020面積_ha":81.72,"2024面積_ha":81.72,"面積減少率_pct":0.0,"2020斑塊數":1,"2024斑塊數":1,"斑塊數增加率_pct":0.0,"2020平均斑塊面積_ha":1030.95,"2024平均斑塊面積_ha":821.88,"平均斑塊面積下降率_pct":20.28,"道路切割密度_km_per_km2":0.0,"建成區邊界切割密度_km_per_km2":0.0,"孤立小斑塊比例_pct":0.0,"距大型連續綠地平均距離_m":0.0,"score_面積減少":36.206896551724135,"score_斑塊增加":44.260435571687836,"score_平均斑塊縮小":82.9627949183303,"score_道路建成區切割":25.941470054446462,"score_孤立比例":40.58529945553539,"score_距大型綠地":38.40744101633394,"綜合破碎化分數":44.7,"破碎化等級":"中","判定原因":"面積減少0.0%；斑塊增加0.0%；平均斑塊縮小20.3%；道路密度0.00 km/km²；孤立比例0.0%；距大型綠地0m","2021面積_ha":81.72,"2022面積_ha":81.72,"2023面積_ha":81.72}},{"type":"Feature","geometry":{"type":"Polygon","coordinates":[[[121.47320688582222,24.387314208847034],[121.47324051302898,24.3963430136031],[121.48309941860147,24.396311889413155],[121.48306509091293,24.387283097645202],[121.47320688582222,24.387314208847034]]]},"properties":{"grid_id":"G009_016","綠地類型":"河川沿岸自然地表","中心經度":121.478153,"中心緯度":24.391813,"分析面積_km2":1.04,"2020面積_ha":70.38,"2024面積_ha":70.38,"面積減少率_pct":0.0,"2020斑塊數":1,"2024斑塊數":1,"斑塊數增加率_pct":0.0,"2020平均斑塊面積_ha":1030.95,"2024平均斑塊面積_ha":821.88,"平均斑塊面積下降率_pct":20.28,"道路切割密度_km_per_km2":0.0,"建成區邊界切割密度_km_per_km2":0.0,"孤立小斑塊比例_pct":0.0,"距大型連續綠地平均距離_m":0.0,"score_面積減少":36.206896551724135,"score_斑塊增加":44.260435571687836,"score_平均斑塊縮小":82.9627949183303,"score_道路建成區切割":25.941470054446462,"score_孤立比例":40.58529945553539,"score_距大型綠地":38.40744101633394,"綜合破碎化分數":44.7,"破碎化等級":"中","判定原因":"面積減少0.0%；斑塊增加0.0%；平均斑塊縮小20.3%；道路密度0.00 km/km²；孤立比例0.0%；距大型綠地0m","2021面積_ha":70.38,"2022面積_ha":70.38,"2023面積_ha":70.38}},{"type":"Feature","geometry":{"type":"Polygon","coordinates":[[[121.48306509091293,24.387283097645202],[121.48309941860147,24.396311889413155],[121.49295830736325,24.39628012355885],[121.49292327919818,24.387251345046764],[121.48306509091293,24.387283097645202]]]},"properties":{"grid_id":"G009_017","綠地類型":"河川沿岸自然地表","中心經度":121.488012,"中心緯度":24.391782,"分析面積_km2":1.04,"2020面積_ha":51.12,"2024面積_ha":51.66,"面積減少率_pct":0.0,"2020斑塊數":1,"2024斑塊數":1,"斑塊數增加率_pct":0.0,"2020平均斑塊面積_ha":1030.95,"2024平均斑塊面積_ha":821.88,"平均斑塊面積下降率_pct":20.28,"道路切割密度_km_per_km2":0.0,"建成區邊界切割密度_km_per_km2":0.0,"孤立小斑塊比例_pct":0.0,"距大型連續綠地平均距離_m":0.0,"score_面積減少":36.206896551724135,"score_斑塊增加":44.260435571687836,"score_平均斑塊縮小":82.9627949183303,"score_道路建成區切割":25.941470054446462,"score_孤立比例":40.58529945553539,"score_距大型綠地":38.40744101633394,"綜合破碎化分數":44.7,"破碎化等級":"中","判定原因":"面積減少0.0%；斑塊增加0.0%；平均斑塊縮小20.3%；道路密度0.00 km/km²；孤立比例0.0%；距大型綠地0m","2021面積_ha":51.3,"2022面積_ha":51.3,"2023面積_ha":51.57}},{"type":"Feature","geometry":{"type":"Polygon","coordinates":[[[121.49292327919818,24.387251345046764],[121.49295830736325,24.39628012355885],[121.50281717897128,24.39624771604456],[121.50278145033508,24.3872189510561],[121.49292327919818,24.387251345046764]]]},"properties":{"grid_id":"G009_018","綠地類型":"河川沿岸自然地表","中心經度":121.49787,"中心緯度":24.39175,"分析面積_km2":1.04,"2020面積_ha":30.06,"2024面積_ha":30.06,"面積減少率_pct":0.0,"2020斑塊數":1,"2024斑塊數":1,"斑塊數增加率_pct":0.0,"2020平均斑塊面積_ha":1030.95,"2024平均斑塊面積_ha":821.88,"平均斑塊面積下降率_pct":20.28,"道路切割密度_km_per_km2":0.0,"建成區邊界切割密度_km_per_km2":0.0,"孤立小斑塊比例_pct":0.0,"距大型連續綠地平均距離_m":0.0,"score_面積減少":36.206896551724135,"score_斑塊增加":44.260435571687836,"score_平均斑塊縮小":82.9627949183303,"score_道路建成區切割":25.941470054446462,"score_孤立比例":40.58529945553539,"score_距大型綠地":38.40744101633394,"綜合破碎化分數":44.7,"破碎化等級":"中","判定原因":"面積減少0.0%；斑塊增加0.0%；平均斑塊縮小20.3%；道路密度0.00 km/km²；孤立比例0.0%；距大型綠地0m","2021面積_ha":30.06,"2022面積_ha":30.06,"2023面積_ha":30.06}},{"type":"Feature","geometry":{"type":"Polygon","coordinates":[[[121.50278145033508,24.3872189510561],[121.50281717897128,24.39624771604456],[121.5126760330826,24.396214666874744],[121.51263960398072,24.387185915677666],[121.50278145033508,24.3872189510561]]]},"properties":{"grid_id":"G009_019","綠地類型":"河川沿岸自然地表","中心經度":121.507729,"中心緯度":24.391717,"分析面積_km2":1.04,"2020面積_ha":24.57,"2024面積_ha":24.57,"面積減少率_pct":0.0,"2020斑塊數":2,"2024斑塊數":2,"斑塊數增加率_pct":0.0,"2020平均斑塊面積_ha":1675.215,"2024平均斑塊面積_ha":1570.95,"平均斑塊面積下降率_pct":6.22,"道路切割密度_km_per_km2":0.0,"建成區邊界切割密度_km_per_km2":0.0,"孤立小斑塊比例_pct":0.0,"距大型連續綠地平均距離_m":0.0,"score_面積減少":36.206896551724135,"score_斑塊增加":44.260435571687836,"score_平均斑塊縮小":74.47822141560798,"score_道路建成區切割":25.941470054446462,"score_孤立比例":40.58529945553539,"score_距大型綠地":38.40744101633394,"綜合破碎化分數":43.3,"破碎化等級":"中","判定原因":"面積減少0.0%；斑塊增加0.0%；平均斑塊縮小6.2%；道路密度0.00 km/km²；孤立比例0.0%；距大型綠地0m","2021面積_ha":24.57,"2022面積_ha":24.57,"2023面積_ha":24.57}},{"type":"Feature","geometry":{"type":"Polygon","coordinates":[[[121.53235585742658,24.38711792077579],[121.53239368744298,24.39614664358685],[121.542252487006,24.39611166947816],[121.54221395654103,24.387082961261726],[121.53235585742658,24.38711792077579]]]},"properties":{"grid_id":"G009_022","綠地類型":"河川沿岸自然地表","中心經度":121.537304,"中心緯度":24.391615,"分析面積_km2":1.04,"2020面積_ha":61.02,"2024面積_ha":61.02,"面積減少率_pct":0.0,"2020斑塊數":1,"2024斑塊數":1,"斑塊數增加率_pct":0.0,"2020平均斑塊面積_ha":1035.45,"2024平均斑塊面積_ha":1031.67,"平均斑塊面積下降率_pct":0.37,"道路切割密度_km_per_km2":0.0,"建成區邊界切割密度_km_per_km2":0.0,"孤立小斑塊比例_pct":0.0,"距大型連續綠地平均距離_m":0.0,"score_面積減少":36.206896551724135,"score_斑塊增加":44.260435571687836,"score_平均斑塊縮小":66.51542649727767,"score_道路建成區切割":25.941470054446462,"score_孤立比例":40.58529945553539,"score_距大型綠地":38.40744101633394,"綜合破碎化分數":42.0,"破碎化等級":"中","判定原因":"面積減少0.0%；斑塊增加0.0%；平均斑塊縮小0.4%；道路密度0.00 km/km²；孤立比例0.0%；距大型綠地0m","2021面積_ha":61.02,"2022面積_ha":61.02,"2023面積_ha":60.93}},{"type":"Feature","geometry":{"type":"Polygon","coordinates":[[[121.54221395654103,24.387082961261726],[121.542252487006,24.39611166947816],[121.55211126770028,24.39607605373269],[121.5520720367926,24.387047360378638],[121.54221395654103,24.387082961261726]]]},"properties":{"grid_id":"G009_023","綠地類型":"河川沿岸自然地表","中心經度":121.547162,"中心緯度":24.39158,"分析面積_km2":1.04,"2020面積_ha":51.93,"2024面積_ha":51.93,"面積減少率_pct":0.0,"2020斑塊數":1,"2024斑塊數":1,"斑塊數增加率_pct":0.0,"2020平均斑塊面積_ha":1035.45,"2024平均斑塊面積_ha":1031.67,"平均斑塊面積下降率_pct":0.37,"道路切割密度_km_per_km2":0.0,"建成區邊界切割密度_km_per_km2":0.0,"孤立小斑塊比例_pct":0.0,"距大型連續綠地平均距離_m":0.0,"score_面積減少":36.206896551724135,"score_斑塊增加":44.260435571687836,"score_平均斑塊縮小":66.51542649727767,"score_道路建成區切割":25.941470054446462,"score_孤立比例":40.58529945553539,"score_距大型綠地":38.40744101633394,"綜合破碎化分數":42.0,"破碎化等級":"中","判定原因":"面積減少0.0%；斑塊增加0.0%；平均斑塊縮小0.4%；道路密度0.00 km/km²；孤立比例0.0%；距大型綠地0m","2021面積_ha":51.93,"2022面積_ha":51.93,"2023面積_ha":51.93}},{"type":"Feature","geometry":{"type":"Polygon","coordinates":[[[121.5520720367926,24.387047360378638],[121.55211126770028,24.39607605373269],[121.56197002918282,24.396039796355357],[121.56193009783844,24.387011118131426],[121.5520720367926,24.387047360378638]]]},"properties":{"grid_id":"G009_024","綠地類型":"河川沿岸自然地表","中心經度":121.557021,"中心緯度":24.391544,"分析面積_km2":1.04,"2020面積_ha":32.04,"2024面積_ha":32.04,"面積減少率_pct":0.0,"2020斑塊數":1,"2024斑塊數":1,"斑塊數增加率_pct":0.0,"2020平均斑塊面積_ha":1035.45,"2024平均斑塊面積_ha":1031.67,"平均斑塊面積下降率_pct":0.37,"道路切割密度_km_per_km2":0.0,"建成區邊界切割密度_km_per_km2":0.0,"孤立小斑塊比例_pct":0.0,"距大型連續綠地平均距離_m":0.0,"score_面積減少":36.206896551724135,"score_斑塊增加":44.260435571687836,"score_平均斑塊縮小":66.51542649727767,"score_道路建成區切割":25.941470054446462,"score_孤立比例":40.58529945553539,"score_距大型綠地":38.40744101633394,"綜合破碎化分數":42.0,"破碎化等級":"中","判定原因":"面積減少0.0%；斑塊增加0.0%；平均斑塊縮小0.4%；道路密度0.00 km/km²；孤立比例0.0%；距大型綠地0m","2021面積_ha":32.04,"2022面積_ha":32.04,"2023面積_ha":32.04}},{"type":"Feature","geometry":{"type":"Polygon","coordinates":[[[121.57178813933564,24.386974234525084],[121.57182877111059,24.396002897351153],[121.58168749314065,24.395965356725167],[121.58164616094132,24.386936709564708],[121.57178813933564,24.386974234525084]]]},"properties":{"grid_id":"G009_026","綠地類型":"河川沿岸自然地表","中心經度":121.576738,"中心緯度":24.39147,"分析面積_km2":1.04,"2020面積_ha":51.21,"2024面積_ha":50.22,"面積減少率_pct":1.93,"2020斑塊數":3,"2024斑塊數":2,"斑塊數增加率_pct":0.0,"2020平均斑塊面積_ha":377.16,"2024平均斑塊面積_ha":562.14,"平均斑塊面積下降率_pct":0.0,"道路切割密度_km_per_km2":0.0,"建成區邊界切割密度_km_per_km2":0.087,"孤立小斑塊比例_pct":0.0,"距大型連續綠地平均距離_m":0.0,"score_面積減少":80.62613430127041,"score_斑塊增加":44.260435571687836,"score_平均斑塊縮小":28.153357531760438,"score_道路建成區切割":44.793557168784034,"score_孤立比例":40.58529945553539,"score_距大型綠地":38.40744101633394,"綜合破碎化分數":46.1,"破碎化等級":"中","判定原因":"面積減少1.9%；斑塊增加0.0%；平均斑塊縮小0.0%；道路密度0.00 km/km²；孤立比例0.0%；距大型綠地0m","2021面積_ha":52.29,"2022面積_ha":51.12,"2023面積_ha":50.76}},{"type":"Feature","geometry":{"type":"Polygon","coordinates":[[[121.63093595859664,24.386739464636214],[121.63098079282061,24.39576802945269],[121.64083938826174,24.39572663920775],[121.64079385365304,24.386698091663252],[121.63093595859664,24.386739464636214]]]},"properties":{"grid_id":"G009_032","綠地類型":"河川沿岸自然地表","中心經度":121.635887,"中心緯度":24.391233,"分析面積_km2":1.04,"2020面積_ha":6.84,"2024面積_ha":6.75,"面積減少率_pct":1.32,"2020斑塊數":3,"2024斑塊數":3,"斑塊數增加率_pct":0.0,"2020平均斑塊面積_ha":921.0,"2024平均斑塊面積_ha":936.24,"平均斑塊面積下降率_pct":0.0,"道路切割密度_km_per_km2":0.634,"建成區邊界切割密度_km_per_km2":0.0,"孤立小斑塊比例_pct":0.0,"距大型連續綠地平均距離_m":0.0,"score_面積減少":78.53901996370236,"score_斑塊增加":44.260435571687836,"score_平均斑塊縮小":28.153357531760438,"score_道路建成區切割":37.511343012704174,"score_孤立比例":40.58529945553539,"score_距大型綠地":38.40744101633394,"綜合破碎化分數":44.6,"破碎化等級":"中","判定原因":"面積減少1.3%；斑塊增加0.0%；平均斑塊縮小0.0%；道路密度0.63 km/km²；孤立比例0.0%；距大型綠地0m","2021面積_ha":6.75,"2022面積_ha":6.57,"2023面積_ha":7.29}},{"type":"Feature","geometry":{"type":"Polygon","coordinates":[[[121.68022520753459,24.386526186669823],[121.68027354361148,24.39555466244926],[121.69013202413046,24.395510064344577],[121.6900829877048,24.38648160717567],[121.68022520753459,24.386526186669823]]]},"properties":{"grid_id":"G009_037","綠地類型":"河川沿岸自然地表","中心經度":121.685178,"中心緯度":24.391018,"分析面積_km2":1.04,"2020面積_ha":0.09,"2024面積_ha":0.09,"面積減少率_pct":0.0,"2020斑塊數":1,"2024斑塊數":1,"斑塊數增加率_pct":0.0,"2020平均斑塊面積_ha":580.23,"2024平均斑塊面積_ha":579.87,"平均斑塊面積下降率_pct":0.06,"道路切割密度_km_per_km2":0.75,"建成區邊界切割密度_km_per_km2":0.0,"孤立小斑塊比例_pct":0.0,"距大型連續綠地平均距離_m":0.0,"score_面積減少":36.206896551724135,"score_斑塊增加":44.260435571687836,"score_平均斑塊縮小":57.4410163339383,"score_道路建成區切割":38.169237749546284,"score_孤立比例":40.58529945553539,"score_距大型綠地":38.40744101633394,"綜合破碎化分數":42.5,"破碎化等級":"中","判定原因":"面積減少0.0%；斑塊增加0.0%；平均斑塊縮小0.1%；道路密度0.75 km/km²；孤立比例0.0%；距大型綠地0m","2021面積_ha":0.09,"2022面積_ha":0.09,"2023面積_ha":0.09}},{"type":"Feature","geometry":{"type":"Polygon","coordinates":[[[121.6900829877048,24.38648160717567],[121.69013202413046,24.395510064344577],[121.69999048063623,24.395464824686027],[121.69994074386928,24.386436386395367],[121.6900829877048,24.38648160717567]]]},"properties":{"grid_id":"G009_038","綠地類型":"河川沿岸自然地表","中心經度":121.695037,"中心緯度":24.390973,"分析面積_km2":1.04,"2020面積_ha":1.44,"2024面積_ha":1.44,"面積減少率_pct":0.0,"2020斑塊數":2,"2024斑塊數":2,"斑塊數增加率_pct":0.0,"2020平均斑塊面積_ha":2349.18,"2024平均斑塊面積_ha":2061.225,"平均斑塊面積下降率_pct":12.26,"道路切割密度_km_per_km2":0.231,"建成區邊界切割密度_km_per_km2":0.0,"孤立小斑塊比例_pct":0.0,"距大型連續綠地平均距離_m":0.0,"score_面積減少":36.206896551724135,"score_斑塊增加":44.260435571687836,"score_平均斑塊縮小":77.0644283121597,"score_道路建成區切割":35.186025408348456,"score_孤立比例":40.58529945553539,"score_距大型綠地":38.40744101633394,"綜合破碎化分數":45.3,"破碎化等級":"中","判定原因":"面積減少0.0%；斑塊增加0.0%；平均斑塊縮小12.3%；道路密度0.23 km/km²；孤立比例0.0%；距大型綠地0m","2021面積_ha":1.44,"2022面積_ha":1.44,"2023面積_ha":1.44}},{"type":"Feature","geometry":{"type":"Polygon","coordinates":[[[121.69994074386928,24.386436386395367],[121.69999048063623,24.395464824686027],[121.7098489127858,24.39541894347985],[121.70979847568519,24.386390524335127],[121.69994074386928,24.386436386395367]]]},"properties":{"grid_id":"G009_039","綠地類型":"河川沿岸自然地表","中心經度":121.704895,"中心緯度":24.390928,"分析面積_km2":1.04,"2020面積_ha":2.7,"2024面積_ha":2.7,"面積減少率_pct":0.0,"2020斑塊數":1,"2024斑塊數":1,"斑塊數增加率_pct":0.0,"2020平均斑塊面積_ha":4118.13,"2024平均斑塊面積_ha":3542.58,"平均斑塊面積下降率_pct":13.98,"道路切割密度_km_per_km2":0.0,"建成區邊界切割密度_km_per_km2":0.0,"孤立小斑塊比例_pct":0.0,"距大型連續綠地平均距離_m":0.0,"score_面積減少":36.206896551724135,"score_斑塊增加":44.260435571687836,"score_平均斑塊縮小":79.33303085299455,"score_道路建成區切割":25.941470054446462,"score_孤立比例":40.58529945553539,"score_距大型綠地":38.40744101633394,"綜合破碎化分數":44.1,"破碎化等級":"中","判定原因":"面積減少0.0%；斑塊增加0.0%；平均斑塊縮小14.0%；道路密度0.00 km/km²；孤立比例0.0%；距大型綠地0m","2021面積_ha":2.7,"2022面積_ha":2.7,"2023面積_ha":2.7}},{"type":"Feature","geometry":{"type":"Polygon","coordinates":[[[121.71965618280971,24.38634402100128],[121.71970732023628,24.395372420732357],[121.72956570264475,24.39532525644997],[121.72951386490006,24.386296876400223],[121.71965618280971,24.38634402100128]]]},"properties":{"grid_id":"G009_041","綠地類型":"河川沿岸自然地表","中心經度":121.724611,"中心緯度":24.390835,"分析面積_km2":1.04,"2020面積_ha":48.96,"2024面積_ha":48.96,"面積減少率_pct":0.0,"2020斑塊數":1,"2024斑塊數":1,"斑塊數增加率_pct":0.0,"2020平均斑塊面積_ha":4118.13,"2024平均斑塊面積_ha":3542.58,"平均斑塊面積下降率_pct":13.98,"道路切割密度_km_per_km2":0.0,"建成區邊界切割密度_km_per_km2":0.0,"孤立小斑塊比例_pct":0.0,"距大型連續綠地平均距離_m":0.0,"score_面積減少":36.206896551724135,"score_斑塊增加":44.260435571687836,"score_平均斑塊縮小":79.33303085299455,"score_道路建成區切割":25.941470054446462,"score_孤立比例":40.58529945553539,"score_距大型綠地":38.40744101633394,"綜合破碎化分數":44.1,"破碎化等級":"中","判定原因":"面積減少0.0%；斑塊增加0.0%；平均斑塊縮小14.0%；道路密度0.00 km/km²；孤立比例0.0%；距大型綠地0m","2021面積_ha":48.96,"2022面積_ha":48.96,"2023面積_ha":48.96}},{"type":"Feature","geometry":{"type":"Polygon","coordinates":[[[121.72951386490006,24.386296876400223],[121.72956570264475,24.39532525644997],[121.73942405966827,24.39527745063919],[121.73937152161342,24.386249090538463],[121.72951386490006,24.386296876400223]]]},"properties":{"grid_id":"G009_042","綠地類型":"河川沿岸自然地表","中心經度":121.734469,"中心緯度":24.390787,"分析面積_km2":1.04,"2020面積_ha":51.75,"2024面積_ha":51.75,"面積減少率_pct":0.0,"2020斑塊數":1,"2024斑塊數":1,"斑塊數增加率_pct":0.0,"2020平均斑塊面積_ha":4118.13,"2024平均斑塊面積_ha":3542.58,"平均斑塊面積下降率_pct":13.98,"道路切割密度_km_per_km2":0.0,"建成區邊界切割密度_km_per_km2":0.0,"孤立小斑塊比例_pct":0.0,"距大型連續綠地平均距離_m":0.0,"score_面積減少":36.206896551724135,"score_斑塊增加":44.260435571687836,"score_平均斑塊縮小":79.33303085299455,"score_道路建成區切割":25.941470054446462,"score_孤立比例":40.58529945553539,"score_距大型綠地":38.40744101633394,"綜合破碎化分數":44.1,"破碎化等級":"中","判定原因":"面積減少0.0%；斑塊增加0.0%；平均斑塊縮小14.0%；道路密度0.00 km/km²；孤立比例0.0%；距大型綠地0m","2021面積_ha":51.75,"2022面積_ha":51.75,"2023面積_ha":51.75}},{"type":"Feature","geometry":{"type":"Polygon","coordinates":[[[121.749229152607,24.386200663422578],[121.74928239096396,24.395229003306586],[121.75914069618888,24.395179914458858],[121.75908675753796,24.386151595059243],[121.749229152607,24.386200663422578]]]},"properties":{"grid_id":"G009_044","綠地類型":"河川沿岸自然地表","中心經度":121.754185,"中心緯度":24.39069,"分析面積_km2":1.04,"2020面積_ha":2.34,"2024面積_ha":2.34,"面積減少率_pct":0.0,"2020斑塊數":1,"2024斑塊數":1,"斑塊數增加率_pct":0.0,"2020平均斑塊面積_ha":4118.13,"2024平均斑塊面積_ha":409.5,"平均斑塊面積下降率_pct":90.06,"道路切割密度_km_per_km2":0.0,"建成區邊界切割密度_km_per_km2":0.0,"孤立小斑塊比例_pct":0.0,"距大型連續綠地平均距離_m":0.0,"score_面積減少":36.206896551724135,"score_斑塊增加":44.260435571687836,"score_平均斑塊縮小":97.48185117967331,"score_道路建成區切割":25.941470054446462,"score_孤立比例":40.58529945553539,"score_距大型綠地":38.40744101633394,"綜合破碎化分數":47.1,"破碎化等級":"中","判定原因":"面積減少0.0%；斑塊增加0.0%；平均斑塊縮小90.1%；道路密度0.00 km/km²；孤立比例0.0%；距大型綠地0m","2021面積_ha":2.34,"2022面積_ha":2.34,"2023面積_ha":2.34}},{"type":"Feature","geometry":{"type":"Polygon","coordinates":[[[121.75908675753796,24.386151595059243],[121.75914069618888,24.395179914458858],[121.76899897500017,24.395130184102758],[121.76894433606354,24.386101885455226],[121.75908675753796,24.386151595059243]]]},"properties":{"grid_id":"G009_045","綠地類型":"河川沿岸自然地表","中心經度":121.764043,"中心緯度":24.390641,"分析面積_km2":1.04,"2020面積_ha":25.38,"2024面積_ha":25.38,"面積減少率_pct":0.0,"2020斑塊數":1,"2024斑塊數":1,"斑塊數增加率_pct":0.0,"2020平均斑塊面積_ha":4118.13,"2024平均斑塊面積_ha":409.5,"平均斑塊面積下降率_pct":90.06,"道路切割密度_km_per_km2":0.0,"建成區邊界切割密度_km_per_km2":0.0,"孤立小斑塊比例_pct":0.0,"距大型連續綠地平均距離_m":0.0,"score_面積減少":36.206896551724135,"score_斑塊增加":44.260435571687836,"score_平均斑塊縮小":97.48185117967331,"score_道路建成區切割":25.941470054446462,"score_孤立比例":40.58529945553539,"score_距大型綠地":38.40744101633394,"綜合破碎化分數":47.1,"破碎化等級":"中","判定原因":"面積減少0.0%；斑塊增加0.0%；平均斑塊縮小90.1%；道路密度0.00 km/km²；孤立比例0.0%；距大型綠地0m","2021面積_ha":25.38,"2022面積_ha":25.38,"2023面積_ha":25.38}},{"type":"Feature","geometry":{"type":"Polygon","coordinates":[[[121.77880188784097,24.386051534617362],[121.7788572270549,24.39507981224514],[121.78839999996897,24.395030441199737],[121.7884,24.394589999999997],[121.7884,24.39434],[121.7882669,24.393376099999998],[121.78814999999999,24.392529899999996],[121.78814999999999,24.392019999999995],[121.78815269999998,24.391745099999998],[121.78816,24.390989899999997],[121.78817,24.39047],[121.7881744,24.390025499999997],[121.78818000000001,24.389450000000004],[121.78790999999998,24.38789999999999],[121.7876501,24.38635],[121.787652735626,24.38600577940375],[121.77880188784097,24.386051534617362]]]},"properties":{"grid_id":"G009_047","綠地類型":"河川沿岸自然地表","中心經度":121.783498,"中心緯度":24.390754,"分析面積_km2":0.978,"2020面積_ha":16.92,"2024面積_ha":17.01,"面積減少率_pct":0.0,"2020斑塊數":2,"2024斑塊數":2,"斑塊數增加率_pct":0.0,"2020平均斑塊面積_ha":12.51,"2024平均斑塊面積_ha":12.6,"平均斑塊面積下降率_pct":0.0,"道路切割密度_km_per_km2":6.654,"建成區邊界切割密度_km_per_km2":0.0,"孤立小斑塊比例_pct":0.0,"距大型連續綠地平均距離_m":0.0,"score_面積減少":36.206896551724135,"score_斑塊增加":44.260435571687836,"score_平均斑塊縮小":28.153357531760438,"score_道路建成區切割":58.8929219600726,"score_孤立比例":40.58529945553539,"score_距大型綠地":38.40744101633394,"綜合破碎化分數":41.1,"破碎化等級":"中","判定原因":"面積減少0.0%；斑塊增加0.0%；平均斑塊縮小0.0%；道路密度6.65 km/km²；孤立比例0.0%；距大型綠地0m","2021面積_ha":17.1,"2022面積_ha":16.92,"2023面積_ha":16.56}},{"type":"Feature","geometry":{"type":"Polygon","coordinates":[[[121.33521426198762,24.39671137526272],[121.33523809362246,24.405740322953257],[121.34509789941337,24.405718173234053],[121.34507336689136,24.396689234784056],[121.33521426198762,24.39671137526272]]]},"properties":{"grid_id":"G010_002","綠地類型":"河川沿岸自然地表","中心經度":121.340156,"中心緯度":24.401215,"分析面積_km2":1.04,"2020面積_ha":50.76,"2024面積_ha":50.76,"面積減少率_pct":0.0,"2020斑塊數":1,"2024斑塊數":1,"斑塊數增加率_pct":0.0,"2020平均斑塊面積_ha":3042.63,"2024平均斑塊面積_ha":3203.82,"平均斑塊面積下降率_pct":0.0,"道路切割密度_km_per_km2":2.682,"建成區邊界切割密度_km_per_km2":0.0,"孤立小斑塊比例_pct":0.0,"距大型連續綠地平均距離_m":0.0,"score_面積減少":36.206896551724135,"score_斑塊增加":44.260435571687836,"score_平均斑塊縮小":28.153357531760438,"score_道路建成區切割":49.671052631578945,"score_孤立比例":40.58529945553539,"score_距大型綠地":38.40744101633394,"綜合破碎化分數":39.5,"破碎化等級":"中","判定原因":"面積減少0.0%；斑塊增加0.0%；平均斑塊縮小0.0%；道路密度2.68 km/km²；孤立比例0.0%；距大型綠地0m","2021面積_ha":50.76,"2022面積_ha":50.76,"2023面積_ha":50.76}},{"type":"Feature","geometry":{"type":"Polygon","coordinates":[[[121.35493245978694,24.396666452589024],[121.35495769319242,24.405695381530656],[121.36481747461642,24.40567194784621],[121.36479154033135,24.396643028680753],[121.35493245978694,24.396666452589024]]]},"properties":{"grid_id":"G010_004","綠地類型":"河川沿岸自然地表","中心經度":121.359875,"中心緯度":24.401169,"分析面積_km2":1.04,"2020面積_ha":31.32,"2024面積_ha":31.32,"面積減少率_pct":0.0,"2020斑塊數":1,"2024斑塊數":1,"斑塊數增加率_pct":0.0,"2020平均斑塊面積_ha":3042.63,"2024平均斑塊面積_ha":3203.82,"平均斑塊面積下降率_pct":0.0,"道路切割密度_km_per_km2":3.431,"建成區邊界切割密度_km_per_km2":0.0,"孤立小斑塊比例_pct":0.0,"距大型連續綠地平均距離_m":0.0,"score_面積減少":36.206896551724135,"score_斑塊增加":44.260435571687836,"score_平均斑塊縮小":28.153357531760438,"score_道路建成區切割":52.48411978221415,"score_孤立比例":40.58529945553539,"score_距大型綠地":38.40744101633394,"綜合破碎化分數":40.0,"破碎化等級":"中","判定原因":"面積減少0.0%；斑塊增加0.0%；平均斑塊縮小0.0%；道路密度3.43 km/km²；孤立比例0.0%；距大型綠地0m","2021面積_ha":31.32,"2022面積_ha":31.32,"2023面積_ha":31.32}},{"type":"Feature","geometry":{"type":"Polygon","coordinates":[[[121.44366369887751,24.396432536144278],[121.44369524004708,24.405461367458887],[121.45355489483347,24.40543215610092],[121.45352265282398,24.396403336972817],[121.44366369887751,24.396432536144278]]]},"properties":{"grid_id":"G010_013","綠地類型":"河川沿岸自然地表","中心經度":121.448609,"中心緯度":24.400932,"分析面積_km2":1.04,"2020面積_ha":7.92,"2024面積_ha":8.46,"面積減少率_pct":0.0,"2020斑塊數":1,"2024斑塊數":1,"斑塊數增加率_pct":0.0,"2020平均斑塊面積_ha":1030.95,"2024平均斑塊面積_ha":821.88,"平均斑塊面積下降率_pct":20.28,"道路切割密度_km_per_km2":0.346,"建成區邊界切割密度_km_per_km2":0.0,"孤立小斑塊比例_pct":0.0,"距大型連續綠地平均距離_m":0.0,"score_面積減少":36.206896551724135,"score_斑塊增加":44.260435571687836,"score_平均斑塊縮小":82.9627949183303,"score_道路建成區切割":35.85526315789474,"score_孤立比例":40.58529945553539,"score_距大型綠地":38.40744101633394,"綜合破碎化分數":46.4,"破碎化等級":"中","判定原因":"面積減少0.0%；斑塊增加0.0%；平均斑塊縮小20.3%；道路密度0.35 km/km²；孤立比例0.0%；距大型綠地0m","2021面積_ha":9.36,"2022面積_ha":8.37,"2023面積_ha":8.37}},{"type":"Feature","geometry":{"type":"Polygon","coordinates":[[[121.45352265282398,24.396403336972817],[121.45355489483347,24.40543215610092],[121.46341453383332,24.405402302798198],[121.4633815909888,24.396373496124383],[121.45352265282398,24.396403336972817]]]},"properties":{"grid_id":"G010_014","綠地類型":"河川沿岸自然地表","中心經度":121.458468,"中心緯度":24.400903,"分析面積_km2":1.04,"2020面積_ha":24.12,"2024面積_ha":24.57,"面積減少率_pct":0.0,"2020斑塊數":1,"2024斑塊數":1,"斑塊數增加率_pct":0.0,"2020平均斑塊面積_ha":1030.95,"2024平均斑塊面積_ha":821.88,"平均斑塊面積下降率_pct":20.28,"道路切割密度_km_per_km2":0.0,"建成區邊界切割密度_km_per_km2":0.0,"孤立小斑塊比例_pct":0.0,"距大型連續綠地平均距離_m":0.0,"score_面積減少":36.206896551724135,"score_斑塊增加":44.260435571687836,"score_平均斑塊縮小":82.9627949183303,"score_道路建成區切割":25.941470054446462,"score_孤立比例":40.58529945553539,"score_距大型綠地":38.40744101633394,"綜合破碎化分數":44.7,"破碎化等級":"中","判定原因":"面積減少0.0%；斑塊增加0.0%；平均斑塊縮小20.3%；道路密度0.00 km/km²；孤立比例0.0%；距大型綠地0m","2021面積_ha":25.29,"2022面積_ha":23.04,"2023面積_ha":24.21}},{"type":"Feature","geometry":{"type":"Polygon","coordinates":[[[121.4633815909888,24.396373496124383],[121.46341453383332,24.405402302798198],[121.47327415670343,24.405371807554808],[121.47324051302898,24.3963430136031],[121.4633815909888,24.396373496124383]]]},"properties":{"grid_id":"G010_015","綠地類型":"河川沿岸自然地表","中心經度":121.468328,"中心緯度":24.400873,"分析面積_km2":1.04,"2020面積_ha":34.11,"2024面積_ha":35.64,"面積減少率_pct":0.0,"2020斑塊數":1,"2024斑塊數":1,"斑塊數增加率_pct":0.0,"2020平均斑塊面積_ha":1030.95,"2024平均斑塊面積_ha":821.88,"平均斑塊面積下降率_pct":20.28,"道路切割密度_km_per_km2":0.0,"建成區邊界切割密度_km_per_km2":0.0,"孤立小斑塊比例_pct":0.0,"距大型連續綠地平均距離_m":0.0,"score_面積減少":36.206896551724135,"score_斑塊增加":44.260435571687836,"score_平均斑塊縮小":82.9627949183303,"score_道路建成區切割":25.941470054446462,"score_孤立比例":40.58529945553539,"score_距大型綠地":38.40744101633394,"綜合破碎化分數":44.7,"破碎化等級":"中","判定原因":"面積減少0.0%；斑塊增加0.0%；平均斑塊縮小20.3%；道路密度0.00 km/km²；孤立比例0.0%；距大型綠地0m","2021面積_ha":35.55,"2022面積_ha":35.46,"2023面積_ha":35.46}},{"type":"Feature","geometry":{"type":"Polygon","coordinates":[[[121.47324051302898,24.3963430136031],[121.47327415670343,24.405371807554808],[121.48313376310071,24.40534067037497],[121.48309941860147,24.396311889413155],[121.47324051302898,24.3963430136031]]]},"properties":{"grid_id":"G010_016","綠地類型":"河川沿岸自然地表","中心經度":121.478187,"中心緯度":24.400842,"分析面積_km2":1.04,"2020面積_ha":52.83,"2024面積_ha":54.63,"面積減少率_pct":0.0,"2020斑塊數":1,"2024斑塊數":1,"斑塊數增加率_pct":0.0,"2020平均斑塊面積_ha":1030.95,"2024平均斑塊面積_ha":821.88,"平均斑塊面積下降率_pct":20.28,"道路切割密度_km_per_km2":0.0,"建成區邊界切割密度_km_per_km2":0.0,"孤立小斑塊比例_pct":0.0,"距大型連續綠地平均距離_m":0.0,"score_面積減少":36.206896551724135,"score_斑塊增加":44.260435571687836,"score_平均斑塊縮小":82.9627949183303,"score_道路建成區切割":25.941470054446462,"score_孤立比例":40.58529945553539,"score_距大型綠地":38.40744101633394,"綜合破碎化分數":44.7,"破碎化等級":"中","判定原因":"面積減少0.0%；斑塊增加0.0%；平均斑塊縮小20.3%；道路密度0.00 km/km²；孤立比例0.0%；距大型綠地0m","2021面積_ha":54.99,"2022面積_ha":52.83,"2023面積_ha":54.99}},{"type":"Feature","geometry":{"type":"Polygon","coordinates":[[[121.53239368744298,24.39614664358685],[121.53243153598511,24.405175355582244],[121.54229103633975,24.405140366876896],[121.542252487006,24.39611166947816],[121.53239368744298,24.39614664358685]]]},"properties":{"grid_id":"G010_022","綠地類型":"河川沿岸自然地表","中心經度":121.537342,"中心緯度":24.400644,"分析面積_km2":1.04,"2020面積_ha":11.97,"2024面積_ha":11.97,"面積減少率_pct":0.0,"2020斑塊數":2,"2024斑塊數":2,"斑塊數增加率_pct":0.0,"2020平均斑塊面積_ha":656.1,"2024平均斑塊面積_ha":653.805,"平均斑塊面積下降率_pct":0.35,"道路切割密度_km_per_km2":1.701,"建成區邊界切割密度_km_per_km2":0.0,"孤立小斑塊比例_pct":0.0,"距大型連續綠地平均距離_m":0.0,"score_面積減少":36.206896551724135,"score_斑塊增加":44.260435571687836,"score_平均斑塊縮小":65.99364791288566,"score_道路建成區切割":44.44192377495463,"score_孤立比例":40.58529945553539,"score_距大型綠地":38.40744101633394,"綜合破碎化分數":45.0,"破碎化等級":"中","判定原因":"面積減少0.0%；斑塊增加0.0%；平均斑塊縮小0.3%；道路密度1.70 km/km²；孤立比例0.0%；距大型綠地0m","2021面積_ha":11.97,"2022面積_ha":11.97,"2023面積_ha":11.97}},{"type":"Feature","geometry":{"type":"Polygon","coordinates":[[[121.542252487006,24.39611166947816],[121.54229103633975,24.405140366876896],[121.55215051781974,24.405104736266996],[121.55211126770028,24.39607605373269],[121.542252487006,24.39611166947816]]]},"properties":{"grid_id":"G010_023","綠地類型":"河川沿岸自然地表","中心經度":121.547201,"中心緯度":24.400608,"分析面積_km2":1.04,"2020面積_ha":26.19,"2024面積_ha":26.19,"面積減少率_pct":0.0,"2020斑塊數":2,"2024斑塊數":2,"斑塊數增加率_pct":0.0,"2020平均斑塊面積_ha":656.1,"2024平均斑塊面積_ha":653.805,"平均斑塊面積下降率_pct":0.35,"道路切割密度_km_per_km2":0.0,"建成區邊界切割密度_km_per_km2":0.0,"孤立小斑塊比例_pct":0.0,"距大型連續綠地平均距離_m":0.0,"score_面積減少":36.206896551724135,"score_斑塊增加":44.260435571687836,"score_平均斑塊縮小":65.99364791288566,"score_道路建成區切割":25.941470054446462,"score_孤立比例":40.58529945553539,"score_距大型綠地":38.40744101633394,"綜合破碎化分數":41.9,"破碎化等級":"中","判定原因":"面積減少0.0%；斑塊增加0.0%；平均斑塊縮小0.3%；道路密度0.00 km/km²；孤立比例0.0%；距大型綠地0m","2021面積_ha":26.19,"2022面積_ha":26.19,"2023面積_ha":26.19}},{"type":"Feature","geometry":{"type":"Polygon","coordinates":[[[121.67041503942217,24.395598618993937],[121.6704626984702,24.404627102268964],[121.68032190335866,24.404583127378928],[121.68027354361148,24.39555466244926],[121.67041503942217,24.395598618993937]]]},"properties":{"grid_id":"G010_036","綠地類型":"河川沿岸自然地表","中心經度":121.675368,"中心緯度":24.400091,"分析面積_km2":1.04,"2020面積_ha":17.1,"2024面積_ha":17.1,"面積減少率_pct":0.0,"2020斑塊數":2,"2024斑塊數":2,"斑塊數增加率_pct":0.0,"2020平均斑塊面積_ha":3415.32,"2024平均斑塊面積_ha":3147.12,"平均斑塊面積下降率_pct":7.85,"道路切割密度_km_per_km2":1.153,"建成區邊界切割密度_km_per_km2":0.0,"孤立小斑塊比例_pct":0.0,"距大型連續綠地平均距離_m":0.0,"score_面積減少":36.206896551724135,"score_斑塊增加":44.260435571687836,"score_平均斑塊縮小":75.20417422867513,"score_道路建成區切割":40.040834845735034,"score_孤立比例":40.58529945553539,"score_距大型綠地":38.40744101633394,"綜合破碎化分數":45.8,"破碎化等級":"中","判定原因":"面積減少0.0%；斑塊增加0.0%；平均斑塊縮小7.8%；道路密度1.15 km/km²；孤立比例0.0%；距大型綠地0m","2021面積_ha":17.1,"2022面積_ha":17.1,"2023面積_ha":17.1}},{"type":"Feature","geometry":{"type":"Polygon","coordinates":[[[121.68027354361148,24.39555466244926],[121.68032190335866,24.404583127378928],[121.69018108456939,24.404538510661137],[121.69013202413046,24.395510064344577],[121.68027354361148,24.39555466244926]]]},"properties":{"grid_id":"G010_037","綠地類型":"河川沿岸自然地表","中心經度":121.685227,"中心緯度":24.400047,"分析面積_km2":1.04,"2020面積_ha":0.36,"2024面積_ha":0.36,"面積減少率_pct":0.0,"2020斑塊數":1,"2024斑塊數":1,"斑塊數增加率_pct":0.0,"2020平均斑塊面積_ha":4118.13,"2024平均斑塊面積_ha":3542.58,"平均斑塊面積下降率_pct":13.98,"道路切割密度_km_per_km2":1.73,"建成區邊界切割密度_km_per_km2":0.0,"孤立小斑塊比例_pct":0.0,"距大型連續綠地平均距離_m":0.0,"score_面積減少":36.206896551724135,"score_斑塊增加":44.260435571687836,"score_平均斑塊縮小":79.33303085299455,"score_道路建成區切割":44.657441016333934,"score_孤立比例":40.58529945553539,"score_距大型綠地":38.40744101633394,"綜合破碎化分數":47.2,"破碎化等級":"中","判定原因":"面積減少0.0%；斑塊增加0.0%；平均斑塊縮小14.0%；道路密度1.73 km/km²；孤立比例0.0%；距大型綠地0m","2021面積_ha":0.36,"2022面積_ha":0.36,"2023面積_ha":0.36}},{"type":"Feature","geometry":{"type":"Polygon","coordinates":[[[121.69013202413046,24.395510064344577],[121.69018108456939,24.404538510661137],[121.70004024175937,24.40449325212174],[121.69999048063623,24.395464824686027],[121.69013202413046,24.395510064344577]]]},"properties":{"grid_id":"G010_038","綠地類型":"河川沿岸自然地表","中心經度":121.695086,"中心緯度":24.400002,"分析面積_km2":1.04,"2020面積_ha":42.3,"2024面積_ha":42.3,"面積減少率_pct":0.0,"2020斑塊數":1,"2024斑塊數":1,"斑塊數增加率_pct":0.0,"2020平均斑塊面積_ha":4118.13,"2024平均斑塊面積_ha":3542.58,"平均斑塊面積下降率_pct":13.98,"道路切割密度_km_per_km2":0.75,"建成區邊界切割密度_km_per_km2":0.0,"孤立小斑塊比例_pct":0.0,"距大型連續綠地平均距離_m":0.0,"score_面積減少":36.206896551724135,"score_斑塊增加":44.260435571687836,"score_平均斑塊縮小":79.33303085299455,"score_道路建成區切割":38.169237749546284,"score_孤立比例":40.58529945553539,"score_距大型綠地":38.40744101633394,"綜合破碎化分數":46.2,"破碎化等級":"中","判定原因":"面積減少0.0%；斑塊增加0.0%；平均斑塊縮小14.0%；道路密度0.75 km/km²；孤立比例0.0%；距大型綠地0m","2021面積_ha":42.3,"2022面積_ha":42.3,"2023面積_ha":42.3}},{"type":"Feature","geometry":{"type":"Polygon","coordinates":[[[121.69999048063623,24.395464824686027],[121.70004024175937,24.40449325212174],[121.70989937458555,24.404447351766972],[121.7098489127858,24.39541894347985],[121.69999048063623,24.395464824686027]]]},"properties":{"grid_id":"G010_039","綠地類型":"河川沿岸自然地表","中心經度":121.704945,"中心緯度":24.399956,"分析面積_km2":1.04,"2020面積_ha":63.09,"2024面積_ha":63.09,"面積減少率_pct":0.0,"2020斑塊數":1,"2024斑塊數":1,"斑塊數增加率_pct":0.0,"2020平均斑塊面積_ha":4118.13,"2024平均斑塊面積_ha":3542.58,"平均斑塊面積下降率_pct":13.98,"道路切割密度_km_per_km2":0.0,"建成區邊界切割密度_km_per_km2":0.0,"孤立小斑塊比例_pct":0.0,"距大型連續綠地平均距離_m":0.0,"score_面積減少":36.206896551724135,"score_斑塊增加":44.260435571687836,"score_平均斑塊縮小":79.33303085299455,"score_道路建成區切割":25.941470054446462,"score_孤立比例":40.58529945553539,"score_距大型綠地":38.40744101633394,"綜合破碎化分數":44.1,"破碎化等級":"中","判定原因":"面積減少0.0%；斑塊增加0.0%；平均斑塊縮小14.0%；道路密度0.00 km/km²；孤立比例0.0%；距大型綠地0m","2021面積_ha":63.09,"2022面積_ha":63.09,"2023面積_ha":63.09}},{"type":"Feature","geometry":{"type":"Polygon","coordinates":[[[121.7098489127858,24.39541894347985],[121.70989937458555,24.404447351766972],[121.71975848270486,24.404400809603157],[121.71970732023628,24.395372420732357],[121.7098489127858,24.39541894347985]]]},"properties":{"grid_id":"G010_040","綠地類型":"河川沿岸自然地表","中心經度":121.714804,"中心緯度":24.39991,"分析面積_km2":1.04,"2020面積_ha":3.6,"2024面積_ha":3.6,"面積減少率_pct":0.0,"2020斑塊數":1,"2024斑塊數":1,"斑塊數增加率_pct":0.0,"2020平均斑塊面積_ha":4118.13,"2024平均斑塊面積_ha":3542.58,"平均斑塊面積下降率_pct":13.98,"道路切割密度_km_per_km2":0.0,"建成區邊界切割密度_km_per_km2":0.0,"孤立小斑塊比例_pct":0.0,"距大型連續綠地平均距離_m":0.0,"score_面積減少":36.206896551724135,"score_斑塊增加":44.260435571687836,"score_平均斑塊縮小":79.33303085299455,"score_道路建成區切割":25.941470054446462,"score_孤立比例":40.58529945553539,"score_距大型綠地":38.40744101633394,"綜合破碎化分數":44.1,"破碎化等級":"中","判定原因":"面積減少0.0%；斑塊增加0.0%；平均斑塊縮小14.0%；道路密度0.00 km/km²；孤立比例0.0%；距大型綠地0m","2021面積_ha":3.6,"2022面積_ha":3.6,"2023面積_ha":3.6}},{"type":"Feature","geometry":{"type":"Polygon","coordinates":[[[121.71970732023628,24.395372420732357],[121.71975848270486,24.404400809603157],[121.72961756577435,24.404353625636723],[121.72956570264475,24.39532525644997],[121.71970732023628,24.395372420732357]]]},"properties":{"grid_id":"G010_041","綠地類型":"河川沿岸自然地表","中心經度":121.724662,"中心緯度":24.399863,"分析面積_km2":1.04,"2020面積_ha":7.56,"2024面積_ha":7.56,"面積減少率_pct":0.0,"2020斑塊數":1,"2024斑塊數":1,"斑塊數增加率_pct":0.0,"2020平均斑塊面積_ha":4118.13,"2024平均斑塊面積_ha":3542.58,"平均斑塊面積下降率_pct":13.98,"道路切割密度_km_per_km2":0.0,"建成區邊界切割密度_km_per_km2":0.0,"孤立小斑塊比例_pct":0.0,"距大型連續綠地平均距離_m":0.0,"score_面積減少":36.206896551724135,"score_斑塊增加":44.260435571687836,"score_平均斑塊縮小":79.33303085299455,"score_道路建成區切割":25.941470054446462,"score_孤立比例":40.58529945553539,"score_距大型綠地":38.40744101633394,"綜合破碎化分數":44.1,"破碎化等級":"中","判定原因":"面積減少0.0%；斑塊增加0.0%；平均斑塊縮小14.0%；道路密度0.00 km/km²；孤立比例0.0%；距大型綠地0m","2021面積_ha":7.56,"2022面積_ha":7.56,"2023面積_ha":7.56}},{"type":"Feature","geometry":{"type":"Polygon","coordinates":[[[121.72956570264475,24.39532525644997],[121.72961756577435,24.404353625636723],[121.73947662345095,24.40430579987416],[121.73942405966827,24.39527745063919],[121.72956570264475,24.39532525644997]]]},"properties":{"grid_id":"G010_042","綠地類型":"河川沿岸自然地表","中心經度":121.734521,"中心緯度":24.399816,"分析面積_km2":1.04,"2020面積_ha":49.05,"2024面積_ha":49.05,"面積減少率_pct":0.0,"2020斑塊數":1,"2024斑塊數":1,"斑塊數增加率_pct":0.0,"2020平均斑塊面積_ha":4118.13,"2024平均斑塊面積_ha":3542.58,"平均斑塊面積下降率_pct":13.98,"道路切割密度_km_per_km2":0.923,"建成區邊界切割密度_km_per_km2":0.0,"孤立小斑塊比例_pct":0.0,"距大型連續綠地平均距離_m":0.0,"score_面積減少":36.206896551724135,"score_斑塊增加":44.260435571687836,"score_平均斑塊縮小":79.33303085299455,"score_道路建成區切割":39.16742286751361,"score_孤立比例":40.58529945553539,"score_距大型綠地":38.40744101633394,"綜合破碎化分數":46.3,"破碎化等級":"中","判定原因":"面積減少0.0%；斑塊增加0.0%；平均斑塊縮小14.0%；道路密度0.92 km/km²；孤立比例0.0%；距大型綠地0m","2021面積_ha":49.05,"2022面積_ha":49.05,"2023面積_ha":49.05}},{"type":"Feature","geometry":{"type":"Polygon","coordinates":[[[121.7788572270549,24.39507981224514],[121.77891259336828,24.404108078995783],[121.78877151893533,24.40405704435322],[121.78873100797442,24.397534161262477],[121.78866989999999,24.397169999999992],[121.78858050000001,24.396656300000004],[121.7884384,24.395840599999996],[121.7884,24.3956201],[121.78839999996897,24.395030441199737],[121.7788572270549,24.39507981224514]]]},"properties":{"grid_id":"G010_047","綠地類型":"河川沿岸自然地表","中心經度":121.783822,"中心緯度":24.400821,"分析面積_km2":1.034,"2020面積_ha":29.52,"2024面積_ha":29.61,"面積減少率_pct":0.0,"2020斑塊數":2,"2024斑塊數":2,"斑塊數增加率_pct":0.0,"2020平均斑塊面積_ha":15.795,"2024平均斑塊面積_ha":15.93,"平均斑塊面積下降率_pct":0.0,"道路切割密度_km_per_km2":5.454,"建成區邊界切割密度_km_per_km2":0.0,"孤立小斑塊比例_pct":0.0,"距大型連續綠地平均距離_m":0.0,"score_面積減少":36.206896551724135,"score_斑塊增加":44.260435571687836,"score_平均斑塊縮小":28.153357531760438,"score_道路建成區切割":56.73774954627949,"score_孤立比例":40.58529945553539,"score_距大型綠地":38.40744101633394,"綜合破碎化分數":40.7,"破碎化等級":"中","判定原因":"面積減少0.0%；斑塊增加0.0%；平均斑塊縮小0.0%；道路密度5.45 km/km²；孤立比例0.0%；距大型綠地0m","2021面積_ha":29.7,"2022面積_ha":29.52,"2023面積_ha":29.52}},{"type":"Feature","geometry":{"type":"Polygon","coordinates":[[[121.33526193692602,24.414769259857685],[121.33523809362246,24.405740322953257],[121.32537827616281,24.405761830685215],[121.32538749183493,24.409357882869617],[121.32545,24.40945],[121.32565000000001,24.409859999999995],[121.32573,24.41018],[121.32603000000002,24.411789999999996],[121.32636,24.412569999999995],[121.32655000000001,24.41339999999999],[121.32657,24.414149999999996],[121.32651,24.414469999999998],[121.32641138543961,24.414788602231074],[121.33526193692602,24.414769259857685]]]},"properties":{"grid_id":"G011_001","綠地類型":"河川沿岸自然地表","中心經度":121.330566,"中心緯度":24.410975,"分析面積_km2":0.987,"2020面積_ha":47.25,"2024面積_ha":47.25,"面積減少率_pct":0.0,"2020斑塊數":1,"2024斑塊數":1,"斑塊數增加率_pct":0.0,"2020平均斑塊面積_ha":3042.63,"2024平均斑塊面積_ha":3203.82,"平均斑塊面積下降率_pct":0.0,"道路切割密度_km_per_km2":4.376,"建成區邊界切割密度_km_per_km2":0.0,"孤立小斑塊比例_pct":0.0,"距大型連續綠地平均距離_m":0.0,"score_面積減少":36.206896551724135,"score_斑塊增加":44.260435571687836,"score_平均斑塊縮小":28.153357531760438,"score_道路建成區切割":54.78675136116152,"score_孤立比例":40.58529945553539,"score_距大型綠地":38.40744101633394,"綜合破碎化分數":40.4,"破碎化等級":"中","判定原因":"面積減少0.0%；斑塊增加0.0%；平均斑塊縮小0.0%；道路密度4.38 km/km²；孤立比例0.0%；距大型綠地0m","2021面積_ha":47.25,"2022面積_ha":47.25,"2023面積_ha":47.25}},{"type":"Feature","geometry":{"type":"Polygon","coordinates":[[[121.35495769319242,24.405695381530656],[121.35498293895296,24.414724299683595],[121.36484342159967,24.414700856221614],[121.36481747461642,24.40567194784621],[121.35495769319242,24.405695381530656]]]},"properties":{"grid_id":"G011_004","綠地類型":"河川沿岸自然地表","中心經度":121.3599,"中心緯度":24.410198,"分析面積_km2":1.04,"2020面積_ha":51.39,"2024面積_ha":51.39,"面積減少率_pct":0.0,"2020斑塊數":1,"2024斑塊數":1,"斑塊數增加率_pct":0.0,"2020平均斑塊面積_ha":3042.63,"2024平均斑塊面積_ha":3203.82,"平均斑塊面積下降率_pct":0.0,"道路切割密度_km_per_km2":2.999,"建成區邊界切割密度_km_per_km2":0.0,"孤立小斑塊比例_pct":0.0,"距大型連續綠地平均距離_m":0.0,"score_面積減少":36.206896551724135,"score_斑塊增加":44.260435571687836,"score_平均斑塊縮小":28.153357531760438,"score_道路建成區切割":50.71460980036298,"score_孤立比例":40.58529945553539,"score_距大型綠地":38.40744101633394,"綜合破碎化分數":39.7,"破碎化等級":"中","判定原因":"面積減少0.0%；斑塊增加0.0%；平均斑塊縮小0.0%；道路密度3.00 km/km²；孤立比例0.0%；距大型綠地0m","2021面積_ha":51.39,"2022面積_ha":51.39,"2023面積_ha":51.39}},{"type":"Feature","geometry":{"type":"Polygon","coordinates":[[[121.37467724334218,24.405647872183938],[121.37470389154421,24.414676770513953],[121.38456434844326,24.41465204256393],[121.38453699902655,24.40562315454716],[121.37467724334218,24.405647872183938]]]},"properties":{"grid_id":"G011_006","綠地類型":"河川沿岸自然地表","中心經度":121.379621,"中心緯度":24.41015,"分析面積_km2":1.04,"2020面積_ha":31.23,"2024面積_ha":30.51,"面積減少率_pct":2.31,"2020斑塊數":1,"2024斑塊數":1,"斑塊數增加率_pct":0.0,"2020平均斑塊面積_ha":3042.63,"2024平均斑塊面積_ha":3203.82,"平均斑塊面積下降率_pct":0.0,"道路切割密度_km_per_km2":1.788,"建成區邊界切割密度_km_per_km2":0.0,"孤立小斑塊比例_pct":0.0,"距大型連續綠地平均距離_m":0.0,"score_面積減少":81.12522686025409,"score_斑塊增加":44.260435571687836,"score_平均斑塊縮小":28.153357531760438,"score_道路建成區切割":45.07713248638839,"score_孤立比例":40.58529945553539,"score_距大型綠地":38.40744101633394,"綜合破碎化分數":46.3,"破碎化等級":"中","判定原因":"面積減少2.3%；斑塊增加0.0%；平均斑塊縮小0.0%；道路密度1.79 km/km²；孤立比例0.0%；距大型綠地0m","2021面積_ha":34.47,"2022面積_ha":30.42,"2023面積_ha":31.5}},{"type":"Feature","geometry":{"type":"Polygon","coordinates":[[[121.46341453383332,24.405402302798198],[121.46344749280753,24.414431098666412],[121.4733078168507,24.41440059069917],[121.47327415670343,24.405371807554808],[121.46341453383332,24.405402302798198]]]},"properties":{"grid_id":"G011_015","綠地類型":"河川沿岸自然地表","中心經度":121.468361,"中心緯度":24.409902,"分析面積_km2":1.04,"2020面積_ha":15.57,"2024面積_ha":15.57,"面積減少率_pct":0.0,"2020斑塊數":1,"2024斑塊數":1,"斑塊數增加率_pct":0.0,"2020平均斑塊面積_ha":1030.95,"2024平均斑塊面積_ha":821.88,"平均斑塊面積下降率_pct":20.28,"道路切割密度_km_per_km2":0.0,"建成區邊界切割密度_km_per_km2":0.0,"孤立小斑塊比例_pct":0.0,"距大型連續綠地平均距離_m":0.0,"score_面積減少":36.206896551724135,"score_斑塊增加":44.260435571687836,"score_平均斑塊縮小":82.9627949183303,"score_道路建成區切割":25.941470054446462,"score_孤立比例":40.58529945553539,"score_距大型綠地":38.40744101633394,"綜合破碎化分數":44.7,"破碎化等級":"中","判定原因":"面積減少0.0%；斑塊增加0.0%；平均斑塊縮小20.3%；道路密度0.00 km/km²；孤立比例0.0%；距大型綠地0m","2021面積_ha":15.57,"2022面積_ha":15.57,"2023面積_ha":15.57}},{"type":"Feature","geometry":{"type":"Polygon","coordinates":[[[121.49299335268202,24.40530889126296],[121.4930284151599,24.414337648156096],[121.50288868873939,24.414305213588946],[121.50285292510424,24.40527647022317],[121.49299335268202,24.40530889126296]]]},"properties":{"grid_id":"G011_018","綠地類型":"河川沿岸自然地表","中心經度":121.497941,"中心緯度":24.409807,"分析面積_km2":1.04,"2020面積_ha":38.07,"2024面積_ha":40.05,"面積減少率_pct":0.0,"2020斑塊數":1,"2024斑塊數":1,"斑塊數增加率_pct":0.0,"2020平均斑塊面積_ha":1030.95,"2024平均斑塊面積_ha":821.88,"平均斑塊面積下降率_pct":20.28,"道路切割密度_km_per_km2":0.0,"建成區邊界切割密度_km_per_km2":0.0,"孤立小斑塊比例_pct":0.0,"距大型連續綠地平均距離_m":0.0,"score_面積減少":36.206896551724135,"score_斑塊增加":44.260435571687836,"score_平均斑塊縮小":82.9627949183303,"score_道路建成區切割":25.941470054446462,"score_孤立比例":40.58529945553539,"score_距大型綠地":38.40744101633394,"綜合破碎化分數":44.7,"破碎化等級":"中","判定原因":"面積減少0.0%；斑塊增加0.0%；平均斑塊縮小20.3%；道路密度0.00 km/km²；孤立比例0.0%；距大型綠地0m","2021面積_ha":41.22,"2022面積_ha":39.06,"2023面積_ha":38.97}},{"type":"Feature","geometry":{"type":"Polygon","coordinates":[[[121.50285292510424,24.40527647022317],[121.50288868873939,24.414305213588946],[121.5127489448112,24.414272136830647],[121.51271248002423,24.40524340726007],[121.50285292510424,24.40527647022317]]]},"properties":{"grid_id":"G011_019","綠地類型":"河川沿岸自然地表","中心經度":121.507801,"中心緯度":24.409774,"分析面積_km2":1.04,"2020面積_ha":50.22,"2024面積_ha":50.49,"面積減少率_pct":0.0,"2020斑塊數":2,"2024斑塊數":2,"斑塊數增加率_pct":0.0,"2020平均斑塊面積_ha":868.635,"2024平均斑塊面積_ha":780.48,"平均斑塊面積下降率_pct":10.15,"道路切割密度_km_per_km2":0.0,"建成區邊界切割密度_km_per_km2":0.0,"孤立小斑塊比例_pct":0.0,"距大型連續綠地平均距離_m":0.0,"score_面積減少":36.206896551724135,"score_斑塊增加":44.260435571687836,"score_平均斑塊縮小":76.38384754990926,"score_道路建成區切割":25.941470054446462,"score_孤立比例":40.58529945553539,"score_距大型綠地":38.40744101633394,"綜合破碎化分數":43.6,"破碎化等級":"中","判定原因":"面積減少0.0%；斑塊增加0.0%；平均斑塊縮小10.2%；道路密度0.00 km/km²；孤立比例0.0%；距大型綠地0m","2021面積_ha":50.4,"2022面積_ha":50.49,"2023面積_ha":50.49}},{"type":"Feature","geometry":{"type":"Polygon","coordinates":[[[121.56200998008195,24.405068463757445],[121.56204995054195,24.414097120334716],[121.57191009435998,24.414060190528414],[121.57186942278331,24.405031549353254],[121.56200998008195,24.405068463757445]]]},"properties":{"grid_id":"G011_025","綠地類型":"河川沿岸自然地表","中心經度":121.56696,"中心緯度":24.409564,"分析面積_km2":1.04,"2020面積_ha":28.62,"2024面積_ha":28.62,"面積減少率_pct":0.0,"2020斑塊數":1,"2024斑塊數":1,"斑塊數增加率_pct":0.0,"2020平均斑塊面積_ha":94.95,"2024平均斑塊面積_ha":92.61,"平均斑塊面積下降率_pct":2.46,"道路切割密度_km_per_km2":0.0,"建成區邊界切割密度_km_per_km2":0.0,"孤立小斑塊比例_pct":0.0,"距大型連續綠地平均距離_m":0.0,"score_面積減少":36.206896551724135,"score_斑塊增加":44.260435571687836,"score_平均斑塊縮小":72.3230490018149,"score_道路建成區切割":25.941470054446462,"score_孤立比例":40.58529945553539,"score_距大型綠地":38.40744101633394,"綜合破碎化分數":43.0,"破碎化等級":"中","判定原因":"面積減少0.0%；斑塊增加0.0%；平均斑塊縮小2.5%；道路密度0.00 km/km²；孤立比例0.0%；距大型綠地0m","2021面積_ha":28.62,"2022面積_ha":28.62,"2023面積_ha":28.62}},{"type":"Feature","geometry":{"type":"Polygon","coordinates":[[[121.58172884558067,24.404993993059513],[121.58177021826778,24.41402261856474],[121.59163032192218,24.413984404448872],[121.59158824813102,24.404955794881385],[121.58172884558067,24.404993993059513]]]},"properties":{"grid_id":"G011_027","綠地類型":"河川沿岸自然地表","中心經度":121.586679,"中心緯度":24.409489,"分析面積_km2":1.04,"2020面積_ha":51.66,"2024面積_ha":51.66,"面積減少率_pct":0.0,"2020斑塊數":2,"2024斑塊數":2,"斑塊數增加率_pct":0.0,"2020平均斑塊面積_ha":83.34,"2024平均斑塊面積_ha":82.845,"平均斑塊面積下降率_pct":0.59,"道路切割密度_km_per_km2":0.0,"建成區邊界切割密度_km_per_km2":0.0,"孤立小斑塊比例_pct":0.0,"距大型連續綠地平均距離_m":0.0,"score_面積減少":36.206896551724135,"score_斑塊增加":44.260435571687836,"score_平均斑塊縮小":67.6497277676951,"score_道路建成區切割":25.941470054446462,"score_孤立比例":40.58529945553539,"score_距大型綠地":38.40744101633394,"綜合破碎化分數":42.2,"破碎化等級":"中","判定原因":"面積減少0.0%；斑塊增加0.0%；平均斑塊縮小0.6%；道路密度0.00 km/km²；孤立比例0.0%；距大型綠地0m","2021面積_ha":51.66,"2022面積_ha":51.66,"2023面積_ha":51.66}},{"type":"Feature","geometry":{"type":"Polygon","coordinates":[[[121.61130699111818,24.40487747289313],[121.61135046709808,24.413906049781723],[121.62121050793316,24.41386590924125],[121.62116633086883,24.4048373490938],[121.61130699111818,24.40487747289313]]]},"properties":{"grid_id":"G011_030","綠地類型":"河川沿岸自然地表","中心經度":121.616259,"中心緯度":24.409372,"分析面積_km2":1.04,"2020面積_ha":44.55,"2024面積_ha":43.74,"面積減少率_pct":1.82,"2020斑塊數":2,"2024斑塊數":2,"斑塊數增加率_pct":0.0,"2020平均斑塊面積_ha":1427.76,"2024平均斑塊面積_ha":2908.26,"平均斑塊面積下降率_pct":0.0,"道路切割密度_km_per_km2":1.817,"建成區邊界切割密度_km_per_km2":0.0,"孤立小斑塊比例_pct":0.0,"距大型連續綠地平均距離_m":0.0,"score_面積減少":80.1043557168784,"score_斑塊增加":44.260435571687836,"score_平均斑塊縮小":28.153357531760438,"score_道路建成區切割":45.30399274047187,"score_孤立比例":40.58529945553539,"score_距大型綠地":38.40744101633394,"綜合破碎化分數":46.1,"破碎化等級":"中","判定原因":"面積減少1.8%；斑塊增加0.0%；平均斑塊縮小0.0%；道路密度1.82 km/km²；孤立比例0.0%；距大型綠地0m","2021面積_ha":46.26,"2022面積_ha":43.47,"2023面積_ha":43.47}},{"type":"Feature","geometry":{"type":"Polygon","coordinates":[[[121.62116633086883,24.4048373490938],[121.62121050793316,24.41386590924125],[121.6310705271421,24.413825126570178],[121.63102564900012,24.404796583431676],[121.62116633086883,24.4048373490938]]]},"properties":{"grid_id":"G011_031","綠地類型":"河川沿岸自然地表","中心經度":121.626118,"中心緯度":24.409331,"分析面積_km2":1.04,"2020面積_ha":49.14,"2024面積_ha":48.96,"面積減少率_pct":0.37,"2020斑塊數":1,"2024斑塊數":1,"斑塊數增加率_pct":0.0,"2020平均斑塊面積_ha":2712.51,"2024平均斑塊面積_ha":2751.66,"平均斑塊面積下降率_pct":0.0,"道路切割密度_km_per_km2":1.326,"建成區邊界切割密度_km_per_km2":0.0,"孤立小斑塊比例_pct":0.0,"距大型連續綠地平均距離_m":0.0,"score_面積減少":74.50090744101632,"score_斑塊增加":44.260435571687836,"score_平均斑塊縮小":28.153357531760438,"score_道路建成區切割":41.03901996370236,"score_孤立比例":40.58529945553539,"score_距大型綠地":38.40744101633394,"綜合破碎化分數":44.5,"破碎化等級":"中","判定原因":"面積減少0.4%；斑塊增加0.0%；平均斑塊縮小0.0%；道路密度1.33 km/km²；孤立比例0.0%；距大型綠地0m","2021面積_ha":50.13,"2022面積_ha":48.78,"2023面積_ha":49.32}},{"type":"Feature","geometry":{"type":"Polygon","coordinates":[[[121.66060347024705,24.404670435325187],[121.66065045158028,24.413698925830072],[121.67051038085292,24.413655574693742],[121.6704626984702,24.404627102268964],[121.66060347024705,24.404670435325187]]]},"properties":{"grid_id":"G011_035","綠地類型":"河川沿岸自然地表","中心經度":121.665557,"中心緯度":24.409163,"分析面積_km2":1.04,"2020面積_ha":8.28,"2024面積_ha":8.28,"面積減少率_pct":0.0,"2020斑塊數":2,"2024斑塊數":2,"斑塊數增加率_pct":0.0,"2020平均斑塊面積_ha":3415.32,"2024平均斑塊面積_ha":3147.12,"平均斑塊面積下降率_pct":7.85,"道路切割密度_km_per_km2":1.788,"建成區邊界切割密度_km_per_km2":0.0,"孤立小斑塊比例_pct":0.0,"距大型連續綠地平均距離_m":0.0,"score_面積減少":36.206896551724135,"score_斑塊增加":44.260435571687836,"score_平均斑塊縮小":75.20417422867513,"score_道路建成區切割":45.07713248638839,"score_孤立比例":40.58529945553539,"score_距大型綠地":38.40744101633394,"綜合破碎化分數":46.6,"破碎化等級":"中","判定原因":"面積減少0.0%；斑塊增加0.0%；平均斑塊縮小7.8%；道路密度1.79 km/km²；孤立比例0.0%；距大型綠地0m","2021面積_ha":8.28,"2022面積_ha":8.28,"2023面積_ha":8.28}},{"type":"Feature","geometry":{"type":"Polygon","coordinates":[[[121.6704626984702,24.404627102268964],[121.67051038085292,24.413655574693742],[121.68037028678357,24.41361158145581],[121.68032190335866,24.404583127378928],[121.6704626984702,24.404627102268964]]]},"properties":{"grid_id":"G011_036","綠地類型":"河川沿岸自然地表","中心經度":121.675416,"中心緯度":24.409119,"分析面積_km2":1.04,"2020面積_ha":45.36,"2024面積_ha":45.36,"面積減少率_pct":0.0,"2020斑塊數":1,"2024斑塊數":1,"斑塊數增加率_pct":0.0,"2020平均斑塊面積_ha":4118.13,"2024平均斑塊面積_ha":3542.58,"平均斑塊面積下降率_pct":13.98,"道路切割密度_km_per_km2":0.779,"建成區邊界切割密度_km_per_km2":0.0,"孤立小斑塊比例_pct":0.0,"距大型連續綠地平均距離_m":0.0,"score_面積減少":36.206896551724135,"score_斑塊增加":44.260435571687836,"score_平均斑塊縮小":79.33303085299455,"score_道路建成區切割":38.39609800362976,"score_孤立比例":40.58529945553539,"score_距大型綠地":38.40744101633394,"綜合破碎化分數":46.2,"破碎化等級":"中","判定原因":"面積減少0.0%；斑塊增加0.0%；平均斑塊縮小14.0%；道路密度0.78 km/km²；孤立比例0.0%；距大型綠地0m","2021面積_ha":45.36,"2022面積_ha":45.36,"2023面積_ha":45.36}},{"type":"Feature","geometry":{"type":"Polygon","coordinates":[[[121.68032190335866,24.404583127378928],[121.68037028678357,24.41361158145581],[121.69023016902908,24.413566946122334],[121.69018108456939,24.404538510661137],[121.68032190335866,24.404583127378928]]]},"properties":{"grid_id":"G011_037","綠地類型":"河川沿岸自然地表","中心經度":121.685276,"中心緯度":24.409075,"分析面積_km2":1.04,"2020面積_ha":18.45,"2024面積_ha":18.45,"面積減少率_pct":0.0,"2020斑塊數":1,"2024斑塊數":1,"斑塊數增加率_pct":0.0,"2020平均斑塊面積_ha":4118.13,"2024平均斑塊面積_ha":3542.58,"平均斑塊面積下降率_pct":13.98,"道路切割密度_km_per_km2":0.0,"建成區邊界切割密度_km_per_km2":0.0,"孤立小斑塊比例_pct":0.0,"距大型連續綠地平均距離_m":0.0,"score_面積減少":36.206896551724135,"score_斑塊增加":44.260435571687836,"score_平均斑塊縮小":79.33303085299455,"score_道路建成區切割":25.941470054446462,"score_孤立比例":40.58529945553539,"score_距大型綠地":38.40744101633394,"綜合破碎化分數":44.1,"破碎化等級":"中","判定原因":"面積減少0.0%；斑塊增加0.0%；平均斑塊縮小14.0%；道路密度0.00 km/km²；孤立比例0.0%；距大型綠地0m","2021面積_ha":18.45,"2022面積_ha":18.45,"2023面積_ha":18.45}},{"type":"Feature","geometry":{"type":"Polygon","coordinates":[[[121.69018108456939,24.404538510661137],[121.69023016902908,24.413566946122334],[121.7000900272463,24.413521668699484],[121.70004024175937,24.40449325212174],[121.69018108456939,24.404538510661137]]]},"properties":{"grid_id":"G011_038","綠地類型":"河川沿岸自然地表","中心經度":121.695135,"中心緯度":24.40903,"分析面積_km2":1.04,"2020面積_ha":44.28,"2024面積_ha":44.28,"面積減少率_pct":0.0,"2020斑塊數":1,"2024斑塊數":1,"斑塊數增加率_pct":0.0,"2020平均斑塊面積_ha":4118.13,"2024平均斑塊面積_ha":3542.58,"平均斑塊面積下降率_pct":13.98,"道路切割密度_km_per_km2":0.0,"建成區邊界切割密度_km_per_km2":0.0,"孤立小斑塊比例_pct":0.0,"距大型連續綠地平均距離_m":0.0,"score_面積減少":36.206896551724135,"score_斑塊增加":44.260435571687836,"score_平均斑塊縮小":79.33303085299455,"score_道路建成區切割":25.941470054446462,"score_孤立比例":40.58529945553539,"score_距大型綠地":38.40744101633394,"綜合破碎化分數":44.1,"破碎化等級":"中","判定原因":"面積減少0.0%；斑塊增加0.0%；平均斑塊縮小14.0%；道路密度0.00 km/km²；孤立比例0.0%；距大型綠地0m","2021面積_ha":44.28,"2022面積_ha":44.28,"2023面積_ha":44.28}},{"type":"Feature","geometry":{"type":"Polygon","coordinates":[[[121.70004024175937,24.40449325212174],[121.7000900272463,24.413521668699484],[121.70994986109208,24.413475749193488],[121.70989937458555,24.404447351766972],[121.70004024175937,24.40449325212174]]]},"properties":{"grid_id":"G011_039","綠地類型":"河川沿岸自然地表","中心經度":121.704995,"中心緯度":24.408985,"分析面積_km2":1.04,"2020面積_ha":55.44,"2024面積_ha":55.44,"面積減少率_pct":0.0,"2020斑塊數":1,"2024斑塊數":1,"斑塊數增加率_pct":0.0,"2020平均斑塊面積_ha":4118.13,"2024平均斑塊面積_ha":3542.58,"平均斑塊面積下降率_pct":13.98,"道路切割密度_km_per_km2":0.0,"建成區邊界切割密度_km_per_km2":0.0,"孤立小斑塊比例_pct":0.0,"距大型連續綠地平均距離_m":0.0,"score_面積減少":36.206896551724135,"score_斑塊增加":44.260435571687836,"score_平均斑塊縮小":79.33303085299455,"score_道路建成區切割":25.941470054446462,"score_孤立比例":40.58529945553539,"score_距大型綠地":38.40744101633394,"綜合破碎化分數":44.1,"破碎化等級":"中","判定原因":"面積減少0.0%；斑塊增加0.0%；平均斑塊縮小14.0%；道路密度0.00 km/km²；孤立比例0.0%；距大型綠地0m","2021面積_ha":55.44,"2022面積_ha":55.44,"2023面積_ha":55.44}},{"type":"Feature","geometry":{"type":"Polygon","coordinates":[[[121.70989937458555,24.404447351766972],[121.70994986109208,24.413475749193488],[121.71980967022333,24.41342918761067],[121.71975848270486,24.404400809603157],[121.70989937458555,24.404447351766972]]]},"properties":{"grid_id":"G011_040","綠地類型":"河川沿岸自然地表","中心經度":121.714854,"中心緯度":24.408938,"分析面積_km2":1.04,"2020面積_ha":0.45,"2024面積_ha":0.45,"面積減少率_pct":0.0,"2020斑塊數":1,"2024斑塊數":1,"斑塊數增加率_pct":0.0,"2020平均斑塊面積_ha":4118.13,"2024平均斑塊面積_ha":3542.58,"平均斑塊面積下降率_pct":13.98,"道路切割密度_km_per_km2":0.029,"建成區邊界切割密度_km_per_km2":0.0,"孤立小斑塊比例_pct":0.0,"距大型連續綠地平均距離_m":0.0,"score_面積減少":36.206896551724135,"score_斑塊增加":44.260435571687836,"score_平均斑塊縮小":79.33303085299455,"score_道路建成區切割":33.82486388384755,"score_孤立比例":40.58529945553539,"score_距大型綠地":38.40744101633394,"綜合破碎化分數":45.4,"破碎化等級":"中","判定原因":"面積減少0.0%；斑塊增加0.0%；平均斑塊縮小14.0%；道路密度0.03 km/km²；孤立比例0.0%；距大型綠地0m","2021面積_ha":0.45,"2022面積_ha":0.45,"2023面積_ha":0.45}},{"type":"Feature","geometry":{"type":"Polygon","coordinates":[[[121.71975848270486,24.404400809603157],[121.71980967022333,24.41342918761067],[121.72966945429684,24.413381983957464],[121.72961756577435,24.404353625636723],[121.71975848270486,24.404400809603157]]]},"properties":{"grid_id":"G011_041","綠地類型":"河川沿岸自然地表","中心經度":121.724714,"中心緯度":24.408891,"分析面積_km2":1.04,"2020面積_ha":26.01,"2024面積_ha":26.01,"面積減少率_pct":0.0,"2020斑塊數":1,"2024斑塊數":1,"斑塊數增加率_pct":0.0,"2020平均斑塊面積_ha":4118.13,"2024平均斑塊面積_ha":3542.58,"平均斑塊面積下降率_pct":13.98,"道路切割密度_km_per_km2":0.0,"建成區邊界切割密度_km_per_km2":0.0,"孤立小斑塊比例_pct":0.0,"距大型連續綠地平均距離_m":0.0,"score_面積減少":36.206896551724135,"score_斑塊增加":44.260435571687836,"score_平均斑塊縮小":79.33303085299455,"score_道路建成區切割":25.941470054446462,"score_孤立比例":40.58529945553539,"score_距大型綠地":38.40744101633394,"綜合破碎化分數":44.1,"破碎化等級":"中","判定原因":"面積減少0.0%；斑塊增加0.0%；平均斑塊縮小14.0%；道路密度0.00 km/km²；孤立比例0.0%；距大型綠地0m","2021面積_ha":26.01,"2022面積_ha":26.01,"2023面積_ha":26.01}},{"type":"Feature","geometry":{"type":"Polygon","coordinates":[[[121.72961756577435,24.404353625636723],[121.72966945429684,24.413381983957464],[121.73952921296954,24.413334138240366],[121.73947662345095,24.40430579987416],[121.72961756577435,24.404353625636723]]]},"properties":{"grid_id":"G011_042","綠地類型":"河川沿岸自然地表","中心經度":121.734573,"中心緯度":24.408844,"分析面積_km2":1.04,"2020面積_ha":41.13,"2024面積_ha":41.13,"面積減少率_pct":0.0,"2020斑塊數":1,"2024斑塊數":1,"斑塊數增加率_pct":0.0,"2020平均斑塊面積_ha":4118.13,"2024平均斑塊面積_ha":3542.58,"平均斑塊面積下降率_pct":13.98,"道路切割密度_km_per_km2":0.779,"建成區邊界切割密度_km_per_km2":0.0,"孤立小斑塊比例_pct":0.0,"距大型連續綠地平均距離_m":0.0,"score_面積減少":36.206896551724135,"score_斑塊增加":44.260435571687836,"score_平均斑塊縮小":79.33303085299455,"score_道路建成區切割":38.39609800362976,"score_孤立比例":40.58529945553539,"score_距大型綠地":38.40744101633394,"綜合破碎化分數":46.2,"破碎化等級":"中","判定原因":"面積減少0.0%；斑塊增加0.0%；平均斑塊縮小14.0%；道路密度0.78 km/km²；孤立比例0.0%；距大型綠地0m","2021面積_ha":41.13,"2022面積_ha":41.13,"2023面積_ha":41.13}},{"type":"Feature","geometry":{"type":"Polygon","coordinates":[[[121.74933565539163,24.404257332322057],[121.74938894589826,24.41328565046597],[121.75924865273991,24.41323652064096],[121.75919466125345,24.4042082229871],[121.74933565539163,24.404257332322057]]]},"properties":{"grid_id":"G011_044","綠地類型":"河川沿岸自然地表","中心經度":121.754292,"中心緯度":24.408747,"分析面積_km2":1.04,"2020面積_ha":38.79,"2024面積_ha":38.79,"面積減少率_pct":0.0,"2020斑塊數":2,"2024斑塊數":1,"斑塊數增加率_pct":0.0,"2020平均斑塊面積_ha":2106.0,"2024平均斑塊面積_ha":3542.58,"平均斑塊面積下降率_pct":0.0,"道路切割密度_km_per_km2":5.046,"建成區邊界切割密度_km_per_km2":0.0,"孤立小斑塊比例_pct":0.0,"距大型連續綠地平均距離_m":0.0,"score_面積減少":36.206896551724135,"score_斑塊增加":44.260435571687836,"score_平均斑塊縮小":28.153357531760438,"score_道路建成區切割":56.04582577132487,"score_孤立比例":40.58529945553539,"score_距大型綠地":38.40744101633394,"綜合破碎化分數":40.6,"破碎化等級":"中","判定原因":"面積減少0.0%；斑塊增加0.0%；平均斑塊縮小0.0%；道路密度5.05 km/km²；孤立比例0.0%；距大型綠地0m","2021面積_ha":38.79,"2022面積_ha":38.79,"2023面積_ha":38.79}},{"type":"Feature","geometry":{"type":"Polygon","coordinates":[[[121.36484342159967,24.414700856221614],[121.36486938128515,24.423729753804004],[121.3747305527917,24.423705658049567],[121.37470389154421,24.414676770513953],[121.36484342159967,24.414700856221614]]]},"properties":{"grid_id":"G012_005","綠地類型":"河川沿岸自然地表","中心經度":121.369787,"中心緯度":24.419203,"分析面積_km2":1.04,"2020面積_ha":45.0,"2024面積_ha":45.9,"面積減少率_pct":0.0,"2020斑塊數":1,"2024斑塊數":1,"斑塊數增加率_pct":0.0,"2020平均斑塊面積_ha":3042.63,"2024平均斑塊面積_ha":3203.82,"平均斑塊面積下降率_pct":0.0,"道路切割密度_km_per_km2":8.333,"建成區邊界切割密度_km_per_km2":0.606,"孤立小斑塊比例_pct":0.0,"距大型連續綠地平均距離_m":0.0,"score_面積減少":36.206896551724135,"score_斑塊增加":44.260435571687836,"score_平均斑塊縮小":28.153357531760438,"score_道路建成區切割":83.65471869328493,"score_孤立比例":40.58529945553539,"score_距大型綠地":38.40744101633394,"綜合破碎化分數":45.2,"破碎化等級":"中","判定原因":"面積減少0.0%；斑塊增加0.0%；平均斑塊縮小0.0%；道路密度8.33 km/km²；孤立比例0.0%；距大型綠地0m","2021面積_ha":47.52,"2022面積_ha":44.82,"2023面積_ha":47.79}},{"type":"Feature","geometry":{"type":"Polygon","coordinates":[[[121.5127489448112,24.414272136830647],[121.51278542744909,24.42330085558352],[121.5226463671594,24.423267122573684],[121.52260918303205,24.414238417885777],[121.5127489448112,24.414272136830647]]]},"properties":{"grid_id":"G012_020","綠地類型":"河川沿岸自然地表","中心經度":121.517697,"中心緯度":24.41877,"分析面積_km2":1.04,"2020面積_ha":10.35,"2024面積_ha":10.08,"面積減少率_pct":2.61,"2020斑塊數":1,"2024斑塊數":1,"斑塊數增加率_pct":0.0,"2020平均斑塊面積_ha":706.32,"2024平均斑塊面積_ha":739.08,"平均斑塊面積下降率_pct":0.0,"道路切割密度_km_per_km2":0.0,"建成區邊界切割密度_km_per_km2":0.0,"孤立小斑塊比例_pct":0.0,"距大型連續綠地平均距離_m":0.0,"score_面積減少":81.66969147005445,"score_斑塊增加":44.260435571687836,"score_平均斑塊縮小":28.153357531760438,"score_道路建成區切割":25.941470054446462,"score_孤立比例":40.58529945553539,"score_距大型綠地":38.40744101633394,"綜合破碎化分數":43.2,"破碎化等級":"中","判定原因":"面積減少2.6%；斑塊增加0.0%；平均斑塊縮小0.0%；道路密度0.00 km/km²；孤立比例0.0%；距大型綠地0m","2021面積_ha":10.44,"2022面積_ha":10.35,"2023面積_ha":10.26}},{"type":"Feature","geometry":{"type":"Polygon","coordinates":[[[121.55218978715695,24.414133407978568],[121.55222907571797,24.423162068864436],[121.56208994056895,24.423125766084198],[121.56204995054195,24.414097120334716],[121.55218978715695,24.414133407978568]]]},"properties":{"grid_id":"G012_024","綠地類型":"河川沿岸自然地表","中心經度":121.55714,"中心緯度":24.41863,"分析面積_km2":1.04,"2020面積_ha":29.52,"2024面積_ha":29.52,"面積減少率_pct":0.0,"2020斑塊數":1,"2024斑塊數":1,"斑塊數增加率_pct":0.0,"2020平均斑塊面積_ha":276.75,"2024平均斑塊面積_ha":275.94,"平均斑塊面積下降率_pct":0.29,"道路切割密度_km_per_km2":0.0,"建成區邊界切割密度_km_per_km2":0.0,"孤立小斑塊比例_pct":0.0,"距大型連續綠地平均距離_m":0.0,"score_面積減少":36.206896551724135,"score_斑塊增加":44.260435571687836,"score_平均斑塊縮小":65.76678765880217,"score_道路建成區切割":25.941470054446462,"score_孤立比例":40.58529945553539,"score_距大型綠地":38.40744101633394,"綜合破碎化分數":41.9,"破碎化等級":"中","判定原因":"面積減少0.0%；斑塊增加0.0%；平均斑塊縮小0.3%；道路密度0.00 km/km²；孤立比例0.0%；距大型綠地0m","2021面積_ha":29.52,"2022面積_ha":29.52,"2023面積_ha":29.52}},{"type":"Feature","geometry":{"type":"Polygon","coordinates":[[[121.56204995054195,24.414097120334716],[121.56208994056895,24.423125766084198],[121.57195078584681,24.423088820873645],[121.57191009435998,24.414060190528414],[121.56204995054195,24.414097120334716]]]},"properties":{"grid_id":"G012_025","綠地類型":"河川沿岸自然地表","中心經度":121.567,"中心緯度":24.418593,"分析面積_km2":1.04,"2020面積_ha":25.47,"2024面積_ha":25.47,"面積減少率_pct":0.0,"2020斑塊數":2,"2024斑塊數":2,"斑塊數增加率_pct":0.0,"2020平均斑塊面積_ha":107.73,"2024平均斑塊面積_ha":106.11,"平均斑塊面積下降率_pct":1.5,"道路切割密度_km_per_km2":0.0,"建成區邊界切割密度_km_per_km2":0.0,"孤立小斑塊比例_pct":0.0,"距大型連續綠地平均距離_m":0.0,"score_面積減少":36.206896551724135,"score_斑塊增加":44.260435571687836,"score_平均斑塊縮小":70.57622504537206,"score_道路建成區切割":25.941470054446462,"score_孤立比例":40.58529945553539,"score_距大型綠地":38.40744101633394,"綜合破碎化分數":42.7,"破碎化等級":"中","判定原因":"面積減少0.0%；斑塊增加0.0%；平均斑塊縮小1.5%；道路密度0.00 km/km²；孤立比例0.0%；距大型綠地0m","2021面積_ha":25.47,"2022面積_ha":25.47,"2023面積_ha":25.47}},{"type":"Feature","geometry":{"type":"Polygon","coordinates":[[[121.57191009435998,24.414060190528414],[121.57195078584681,24.423088820873645],[121.58181161120827,24.42305123323787],[121.58177021826778,24.41402261856474],[121.57191009435998,24.414060190528414]]]},"properties":{"grid_id":"G012_026","綠地類型":"河川沿岸自然地表","中心經度":121.576861,"中心緯度":24.418556,"分析面積_km2":1.04,"2020面積_ha":31.77,"2024面積_ha":31.77,"面積減少率_pct":0.0,"2020斑塊數":2,"2024斑塊數":2,"斑塊數增加率_pct":0.0,"2020平均斑塊面積_ha":83.34,"2024平均斑塊面積_ha":82.845,"平均斑塊面積下降率_pct":0.59,"道路切割密度_km_per_km2":0.029,"建成區邊界切割密度_km_per_km2":0.0,"孤立小斑塊比例_pct":0.0,"距大型連續綠地平均距離_m":0.0,"score_面積減少":36.206896551724135,"score_斑塊增加":44.260435571687836,"score_平均斑塊縮小":67.6497277676951,"score_道路建成區切割":33.82486388384755,"score_孤立比例":40.58529945553539,"score_距大型綠地":38.40744101633394,"綜合破碎化分數":43.5,"破碎化等級":"中","判定原因":"面積減少0.0%；斑塊增加0.0%；平均斑塊縮小0.6%；道路密度0.03 km/km²；孤立比例0.0%；距大型綠地0m","2021面積_ha":31.77,"2022面積_ha":31.77,"2023面積_ha":31.77}},{"type":"Feature","geometry":{"type":"Polygon","coordinates":[[[121.58177021826778,24.41402261856474],[121.58181161120827,24.42305123323787],[121.59167241630996,24.42301300318207],[121.59163032192218,24.413984404448872],[121.58177021826778,24.41402261856474]]]},"properties":{"grid_id":"G012_027","綠地類型":"河川沿岸自然地表","中心經度":121.586721,"中心緯度":24.418518,"分析面積_km2":1.04,"2020面積_ha":35.28,"2024面積_ha":35.28,"面積減少率_pct":0.0,"2020斑塊數":2,"2024斑塊數":2,"斑塊數增加率_pct":0.0,"2020平均斑塊面積_ha":83.34,"2024平均斑塊面積_ha":82.845,"平均斑塊面積下降率_pct":0.59,"道路切割密度_km_per_km2":1.471,"建成區邊界切割密度_km_per_km2":0.0,"孤立小斑塊比例_pct":0.0,"距大型連續綠地平均距離_m":0.0,"score_面積減少":36.206896551724135,"score_斑塊增加":44.260435571687836,"score_平均斑塊縮小":67.6497277676951,"score_道路建成區切割":42.30943738656987,"score_孤立比例":40.58529945553539,"score_距大型綠地":38.40744101633394,"綜合破碎化分數":44.9,"破碎化等級":"中","判定原因":"面積減少0.0%；斑塊增加0.0%；平均斑塊縮小0.6%；道路密度1.47 km/km²；孤立比例0.0%；距大型綠地0m","2021面積_ha":35.28,"2022面積_ha":35.28,"2023面積_ha":35.28}},{"type":"Feature","geometry":{"type":"Polygon","coordinates":[[[121.61135046709808,24.413906049781723],[121.61139396436093,24.42293461583151],[121.62125470662362,24.42289445854757],[121.62121050793316,24.41386590924125],[121.61135046709808,24.413906049781723]]]},"properties":{"grid_id":"G012_030","綠地類型":"河川沿岸自然地表","中心經度":121.616302,"中心緯度":24.4184,"分析面積_km2":1.04,"2020面積_ha":32.85,"2024面積_ha":35.91,"面積減少率_pct":0.0,"2020斑塊數":4,"2024斑塊數":2,"斑塊數增加率_pct":0.0,"2020平均斑塊面積_ha":1443.69,"2024平均斑塊面積_ha":2908.26,"平均斑塊面積下降率_pct":0.0,"道路切割密度_km_per_km2":4.412,"建成區邊界切割密度_km_per_km2":0.0,"孤立小斑塊比例_pct":0.0,"距大型連續綠地平均距離_m":0.0,"score_面積減少":36.206896551724135,"score_斑塊增加":44.260435571687836,"score_平均斑塊縮小":28.153357531760438,"score_道路建成區切割":54.854809437386564,"score_孤立比例":40.58529945553539,"score_距大型綠地":38.40744101633394,"綜合破碎化分數":40.4,"破碎化等級":"中","判定原因":"面積減少0.0%；斑塊增加0.0%；平均斑塊縮小0.0%；道路密度4.41 km/km²；孤立比例0.0%；距大型綠地0m","2021面積_ha":35.37,"2022面積_ha":34.92,"2023面積_ha":36.27}},{"type":"Feature","geometry":{"type":"Polygon","coordinates":[[[121.64093052438172,24.41378370177414],[121.64097612590695,24.42281221679003],[121.65083680224105,24.42277013232777],[121.65079049930883,24.413741634858837],[121.64093052438172,24.41378370177414]]]},"properties":{"grid_id":"G012_033","綠地類型":"河川沿岸自然地表","中心經度":121.645883,"中心緯度":24.418277,"分析面積_km2":1.04,"2020面積_ha":26.64,"2024面積_ha":26.64,"面積減少率_pct":0.0,"2020斑塊數":1,"2024斑塊數":1,"斑塊數增加率_pct":0.0,"2020平均斑塊面積_ha":2712.51,"2024平均斑塊面積_ha":2751.66,"平均斑塊面積下降率_pct":0.0,"道路切割密度_km_per_km2":3.403,"建成區邊界切割密度_km_per_km2":0.0,"孤立小斑塊比例_pct":0.0,"距大型連續綠地平均距離_m":0.0,"score_面積減少":36.206896551724135,"score_斑塊增加":44.260435571687836,"score_平均斑塊縮小":28.153357531760438,"score_道路建成區切割":52.38203266787659,"score_孤立比例":40.58529945553539,"score_距大型綠地":38.40744101633394,"綜合破碎化分數":40.0,"破碎化等級":"中","判定原因":"面積減少0.0%；斑塊增加0.0%；平均斑塊縮小0.0%；道路密度3.40 km/km²；孤立比例0.0%；距大型綠地0m","2021面積_ha":26.64,"2022面積_ha":26.64,"2023面積_ha":26.64}},{"type":"Feature","geometry":{"type":"Polygon","coordinates":[[[121.66065045158028,24.413698925830072],[121.66069745591236,24.422727405484224],[121.67055808657763,24.422684036265274],[121.67051038085292,24.413655574693742],[121.66065045158028,24.413698925830072]]]},"properties":{"grid_id":"G012_035","綠地類型":"河川沿岸自然地表","中心經度":121.665604,"中心緯度":24.418192,"分析面積_km2":1.04,"2020面積_ha":45.18,"2024面積_ha":45.18,"面積減少率_pct":0.0,"2020斑塊數":1,"2024斑塊數":1,"斑塊數增加率_pct":0.0,"2020平均斑塊面積_ha":4118.13,"2024平均斑塊面積_ha":3542.58,"平均斑塊面積下降率_pct":13.98,"道路切割密度_km_per_km2":1.038,"建成區邊界切割密度_km_per_km2":0.0,"孤立小斑塊比例_pct":0.0,"距大型連續綠地平均距離_m":0.0,"score_面積減少":36.206896551724135,"score_斑塊增加":44.260435571687836,"score_平均斑塊縮小":79.33303085299455,"score_道路建成區切割":39.67785843920145,"score_孤立比例":40.58529945553539,"score_距大型綠地":38.40744101633394,"綜合破碎化分數":46.4,"破碎化等級":"中","判定原因":"面積減少0.0%；斑塊增加0.0%；平均斑塊縮小14.0%；道路密度1.04 km/km²；孤立比例0.0%；距大型綠地0m","2021面積_ha":45.18,"2022面積_ha":45.18,"2023面積_ha":45.18}},{"type":"Feature","geometry":{"type":"Polygon","coordinates":[[[121.67051038085292,24.413655574693742],[121.67055808657763,24.422684036265274],[121.68041869389361,24.42264002467691],[121.68037028678357,24.41361158145581],[121.67051038085292,24.413655574693742]]]},"properties":{"grid_id":"G012_036","綠地類型":"河川沿岸自然地表","中心經度":121.675464,"中心緯度":24.418148,"分析面積_km2":1.04,"2020面積_ha":51.48,"2024面積_ha":51.48,"面積減少率_pct":0.0,"2020斑塊數":1,"2024斑塊數":1,"斑塊數增加率_pct":0.0,"2020平均斑塊面積_ha":4118.13,"2024平均斑塊面積_ha":3542.58,"平均斑塊面積下降率_pct":13.98,"道路切割密度_km_per_km2":0.0,"建成區邊界切割密度_km_per_km2":0.0,"孤立小斑塊比例_pct":0.0,"距大型連續綠地平均距離_m":0.0,"score_面積減少":36.206896551724135,"score_斑塊增加":44.260435571687836,"score_平均斑塊縮小":79.33303085299455,"score_道路建成區切割":25.941470054446462,"score_孤立比例":40.58529945553539,"score_距大型綠地":38.40744101633394,"綜合破碎化分數":44.1,"破碎化等級":"中","判定原因":"面積減少0.0%；斑塊增加0.0%；平均斑塊縮小14.0%；道路密度0.00 km/km²；孤立比例0.0%；距大型綠地0m","2021面積_ha":51.48,"2022面積_ha":51.48,"2023面積_ha":51.48}},{"type":"Feature","geometry":{"type":"Polygon","coordinates":[[[121.68037028678357,24.41361158145581],[121.68041869389361,24.42264002467691],[121.69027927751705,24.422595370725187],[121.69023016902908,24.413566946122334],[121.68037028678357,24.41361158145581]]]},"properties":{"grid_id":"G012_037","綠地類型":"河川沿岸自然地表","中心經度":121.685325,"中心緯度":24.418104,"分析面積_km2":1.04,"2020面積_ha":45.0,"2024面積_ha":45.0,"面積減少率_pct":0.0,"2020斑塊數":1,"2024斑塊數":1,"斑塊數增加率_pct":0.0,"2020平均斑塊面積_ha":4118.13,"2024平均斑塊面積_ha":3542.58,"平均斑塊面積下降率_pct":13.98,"道路切割密度_km_per_km2":0.0,"建成區邊界切割密度_km_per_km2":0.0,"孤立小斑塊比例_pct":0.0,"距大型連續綠地平均距離_m":0.0,"score_面積減少":36.206896551724135,"score_斑塊增加":44.260435571687836,"score_平均斑塊縮小":79.33303085299455,"score_道路建成區切割":25.941470054446462,"score_孤立比例":40.58529945553539,"score_距大型綠地":38.40744101633394,"綜合破碎化分數":44.1,"破碎化等級":"中","判定原因":"面積減少0.0%；斑塊增加0.0%；平均斑塊縮小14.0%；道路密度0.00 km/km²；孤立比例0.0%；距大型綠地0m","2021面積_ha":45.0,"2022面積_ha":45.0,"2023面積_ha":45.0}},{"type":"Feature","geometry":{"type":"Polygon","coordinates":[[[121.69023016902908,24.413566946122334],[121.69027927751705,24.422595370725187],[121.70013983710467,24.42255007441627],[121.7000900272463,24.413521668699484],[121.69023016902908,24.413566946122334]]]},"properties":{"grid_id":"G012_038","綠地類型":"河川沿岸自然地表","中心經度":121.695185,"中心緯度":24.418059,"分析面積_km2":1.04,"2020面積_ha":34.83,"2024面積_ha":34.83,"面積減少率_pct":0.0,"2020斑塊數":1,"2024斑塊數":1,"斑塊數增加率_pct":0.0,"2020平均斑塊面積_ha":4118.13,"2024平均斑塊面積_ha":3542.58,"平均斑塊面積下降率_pct":13.98,"道路切割密度_km_per_km2":0.231,"建成區邊界切割密度_km_per_km2":0.0,"孤立小斑塊比例_pct":0.0,"距大型連續綠地平均距離_m":0.0,"score_面積減少":36.206896551724135,"score_斑塊增加":44.260435571687836,"score_平均斑塊縮小":79.33303085299455,"score_道路建成區切割":35.186025408348456,"score_孤立比例":40.58529945553539,"score_距大型綠地":38.40744101633394,"綜合破碎化分數":45.7,"破碎化等級":"中","判定原因":"面積減少0.0%；斑塊增加0.0%；平均斑塊縮小14.0%；道路密度0.23 km/km²；孤立比例0.0%；距大型綠地0m","2021面積_ha":34.83,"2022面積_ha":34.83,"2023面積_ha":34.83}},{"type":"Feature","geometry":{"type":"Polygon","coordinates":[[[121.7000900272463,24.413521668699484],[121.70013983710467,24.42255007441627],[121.71000037231322,24.422504135756395],[121.70994986109208,24.413475749193488],[121.7000900272463,24.413521668699484]]]},"properties":{"grid_id":"G012_039","綠地類型":"河川沿岸自然地表","中心經度":121.705045,"中心緯度":24.418013,"分析面積_km2":1.04,"2020面積_ha":46.8,"2024面積_ha":46.8,"面積減少率_pct":0.0,"2020斑塊數":1,"2024斑塊數":1,"斑塊數增加率_pct":0.0,"2020平均斑塊面積_ha":4118.13,"2024平均斑塊面積_ha":3542.58,"平均斑塊面積下降率_pct":13.98,"道路切割密度_km_per_km2":0.0,"建成區邊界切割密度_km_per_km2":0.0,"孤立小斑塊比例_pct":0.0,"距大型連續綠地平均距離_m":0.0,"score_面積減少":36.206896551724135,"score_斑塊增加":44.260435571687836,"score_平均斑塊縮小":79.33303085299455,"score_道路建成區切割":25.941470054446462,"score_孤立比例":40.58529945553539,"score_距大型綠地":38.40744101633394,"綜合破碎化分數":44.1,"破碎化等級":"中","判定原因":"面積減少0.0%；斑塊增加0.0%；平均斑塊縮小14.0%；道路密度0.00 km/km²；孤立比例0.0%；距大型綠地0m","2021面積_ha":46.8,"2022面積_ha":46.8,"2023面積_ha":46.8}},{"type":"Feature","geometry":{"type":"Polygon","coordinates":[[[121.74938894589826,24.41328565046597],[121.74944226249194,24.422313957735327],[121.7593026706566,24.422264807417424],[121.75924865273991,24.41323652064096],[121.74938894589826,24.41328565046597]]]},"properties":{"grid_id":"G012_044","綠地類型":"河川沿岸自然地表","中心經度":121.754346,"中心緯度":24.417775,"分析面積_km2":1.04,"2020面積_ha":39.15,"2024面積_ha":39.15,"面積減少率_pct":0.0,"2020斑塊數":1,"2024斑塊數":1,"斑塊數增加率_pct":0.0,"2020平均斑塊面積_ha":93.87,"2024平均斑塊面積_ha":3542.58,"平均斑塊面積下降率_pct":0.0,"道路切割密度_km_per_km2":3.547,"建成區邊界切割密度_km_per_km2":0.0,"孤立小斑塊比例_pct":0.0,"距大型連續綠地平均距離_m":0.0,"score_面積減少":36.206896551724135,"score_斑塊增加":44.260435571687836,"score_平均斑塊縮小":28.153357531760438,"score_道路建成區切割":52.722323049001815,"score_孤立比例":40.58529945553539,"score_距大型綠地":38.40744101633394,"綜合破碎化分數":40.1,"破碎化等級":"中","判定原因":"面積減少0.0%；斑塊增加0.0%；平均斑塊縮小0.0%；道路密度3.55 km/km²；孤立比例0.0%；距大型綠地0m","2021面積_ha":39.15,"2022面積_ha":39.15,"2023面積_ha":39.15}},{"type":"Feature","geometry":{"type":"Polygon","coordinates":[[[121.77896798678958,24.413136334866273],[121.77902340732724,24.422164579853604],[121.78888373514684,24.422113502621478],[121.78882761331134,24.413085278930406],[121.77896798678958,24.413136334866273]]]},"properties":{"grid_id":"G012_047","綠地類型":"河川沿岸自然地表","中心經度":121.783926,"中心緯度":24.417625,"分析面積_km2":1.04,"2020面積_ha":1.26,"2024面積_ha":1.26,"面積減少率_pct":0.0,"2020斑塊數":1,"2024斑塊數":1,"斑塊數增加率_pct":0.0,"2020平均斑塊面積_ha":97.02,"2024平均斑塊面積_ha":140.4,"平均斑塊面積下降率_pct":0.0,"道路切割密度_km_per_km2":5.507,"建成區邊界切割密度_km_per_km2":0.0,"孤立小斑塊比例_pct":0.0,"距大型連續綠地平均距離_m":0.0,"score_面積減少":36.206896551724135,"score_斑塊增加":44.260435571687836,"score_平均斑塊縮小":28.153357531760438,"score_道路建成區切割":56.79446460980037,"score_孤立比例":40.58529945553539,"score_距大型綠地":38.40744101633394,"綜合破碎化分數":40.7,"破碎化等級":"中","判定原因":"面積減少0.0%；斑塊增加0.0%；平均斑塊縮小0.0%；道路密度5.51 km/km²；孤立比例0.0%；距大型綠地0m","2021面積_ha":1.26,"2022面積_ha":1.26,"2023面積_ha":1.26}},{"type":"Feature","geometry":{"type":"Polygon","coordinates":[[[121.78882761331134,24.413085278930406],[121.78888373514684,24.422113502621478],[121.79542776105413,24.422079249412857],[121.79532860000002,24.421888000000003],[121.7950812,24.420863399999998],[121.79493020000001,24.420521799999996],[121.794547,24.419865],[121.79432860000001,24.4191752],[121.7940422,24.418495699999998],[121.79383490000001,24.418187400000004],[121.7936922,24.4178622],[121.7934399,24.417340499999998],[121.79333140000001,24.4171127],[121.79317,24.416740299999994],[121.79302830000002,24.416329500000003],[121.79260200000002,24.41512],[121.7923426,24.414288399999993],[121.79212140000001,24.4134605],[121.79206670744216,24.41306836584839],[121.78882761331134,24.413085278930406]]]},"properties":{"grid_id":"G012_048","綠地類型":"河川沿岸自然地表","中心經度":121.791211,"中心緯度":24.417614,"分析面積_km2":0.496,"2020面積_ha":0.36,"2024面積_ha":0.36,"面積減少率_pct":0.0,"2020斑塊數":1,"2024斑塊數":1,"斑塊數增加率_pct":0.0,"2020平均斑塊面積_ha":97.02,"2024平均斑塊面積_ha":140.4,"平均斑塊面積下降率_pct":0.0,"道路切割密度_km_per_km2":7.623,"建成區邊界切割密度_km_per_km2":0.0,"孤立小斑塊比例_pct":0.0,"距大型連續綠地平均距離_m":0.0,"score_面積減少":36.206896551724135,"score_斑塊增加":44.260435571687836,"score_平均斑塊縮小":28.153357531760438,"score_道路建成區切割":60.36751361161525,"score_孤立比例":40.58529945553539,"score_距大型綠地":38.40744101633394,"綜合破碎化分數":41.3,"破碎化等級":"中","判定原因":"面積減少0.0%；斑塊增加0.0%；平均斑塊縮小0.0%；道路密度7.62 km/km²；孤立比例0.0%；距大型綠地0m","2021面積_ha":0.36,"2022面積_ha":0.36,"2023面積_ha":0.36}},{"type":"Feature","geometry":{"type":"Polygon","coordinates":[[[121.33528579190195,24.423798185973048],[121.33530965855391,24.43282710129638],[121.34517156906588,24.432804923847897],[121.34514700049688,24.423776017768933],[121.33528579190195,24.423798185973048]]]},"properties":{"grid_id":"G013_002","綠地類型":"河川沿岸自然地表","中心經度":121.340229,"中心緯度":24.428302,"分析面積_km2":1.04,"2020面積_ha":75.15,"2024面積_ha":74.88,"面積減少率_pct":0.36,"2020斑塊數":1,"2024斑塊數":1,"斑塊數增加率_pct":0.0,"2020平均斑塊面積_ha":3042.63,"2024平均斑塊面積_ha":3203.82,"平均斑塊面積下降率_pct":0.0,"道路切割密度_km_per_km2":0.087,"建成區邊界切割密度_km_per_km2":0.0,"孤立小斑塊比例_pct":0.0,"距大型連續綠地平均距離_m":0.0,"score_面積減少":74.38747731397459,"score_斑塊增加":44.260435571687836,"score_平均斑塊縮小":28.153357531760438,"score_道路建成區切割":34.30127041742287,"score_孤立比例":40.58529945553539,"score_距大型綠地":38.40744101633394,"綜合破碎化分數":43.3,"破碎化等級":"中","判定原因":"面積減少0.4%；斑塊增加0.0%；平均斑塊縮小0.0%；道路密度0.09 km/km²；孤立比例0.0%；距大型綠地0m","2021面積_ha":75.15,"2022面積_ha":74.52,"2023面積_ha":74.97}},{"type":"Feature","geometry":{"type":"Polygon","coordinates":[[[121.34514700049688,24.423776017768933],[121.34517156906588,24.432804923847897],[121.35503346755468,24.432782103611533],[121.35500819707242,24.423753207044875],[121.34514700049688,24.423776017768933]]]},"properties":{"grid_id":"G013_003","綠地類型":"河川沿岸自然地表","中心經度":121.35009,"中心緯度":24.428279,"分析面積_km2":1.04,"2020面積_ha":32.85,"2024面積_ha":32.4,"面積減少率_pct":1.37,"2020斑塊數":1,"2024斑塊數":1,"斑塊數增加率_pct":0.0,"2020平均斑塊面積_ha":3042.63,"2024平均斑塊面積_ha":3203.82,"平均斑塊面積下降率_pct":0.0,"道路切割密度_km_per_km2":0.087,"建成區邊界切割密度_km_per_km2":0.0,"孤立小斑塊比例_pct":0.0,"距大型連續綠地平均距離_m":0.0,"score_面積減少":78.76588021778585,"score_斑塊增加":44.260435571687836,"score_平均斑塊縮小":28.153357531760438,"score_道路建成區切割":34.30127041742287,"score_孤立比例":40.58529945553539,"score_距大型綠地":38.40744101633394,"綜合破碎化分數":44.1,"破碎化等級":"中","判定原因":"面積減少1.4%；斑塊增加0.0%；平均斑塊縮小0.0%；道路密度0.09 km/km²；孤立比例0.0%；距大型綠地0m","2021面積_ha":33.39,"2022面積_ha":32.94,"2023面積_ha":32.85}},{"type":"Feature","geometry":{"type":"Polygon","coordinates":[[[121.3845917112487,24.423680919784868],[121.38461908744709,24.43270978620702],[121.39448093440828,24.432684394851464],[121.39445285631277,24.42365553901333],[121.3845917112487,24.423680919784868]]]},"properties":{"grid_id":"G013_007","綠地類型":"河川沿岸自然地表","中心經度":121.389536,"中心緯度":24.428183,"分析面積_km2":1.04,"2020面積_ha":30.06,"2024面積_ha":28.89,"面積減少率_pct":3.89,"2020斑塊數":1,"2024斑塊數":1,"斑塊數增加率_pct":0.0,"2020平均斑塊面積_ha":3042.63,"2024平均斑塊面積_ha":3203.82,"平均斑塊面積下降率_pct":0.0,"道路切割密度_km_per_km2":2.566,"建成區邊界切割密度_km_per_km2":0.0,"孤立小斑塊比例_pct":0.0,"距大型連續綠地平均距離_m":0.0,"score_面積減少":83.59800362976407,"score_斑塊增加":44.260435571687836,"score_平均斑塊縮小":28.153357531760438,"score_道路建成區切割":49.10390199637024,"score_孤立比例":40.58529945553539,"score_距大型綠地":38.40744101633394,"綜合破碎化分數":47.4,"破碎化等級":"中","判定原因":"面積減少3.9%；斑塊增加0.0%；平均斑塊縮小0.0%；道路密度2.57 km/km²；孤立比例0.0%；距大型綠地0m","2021面積_ha":30.96,"2022面積_ha":29.34,"2023面積_ha":29.34}},{"type":"Feature","geometry":{"type":"Polygon","coordinates":[[[121.47334149347601,24.423429363033215],[121.47337518658448,24.432458124553975],[121.48323689751533,24.43242694839366],[121.48320250255239,24.423398199868185],[121.47334149347601,24.423429363033215]]]},"properties":{"grid_id":"G013_016","綠地類型":"河川沿岸自然地表","中心經度":121.478289,"中心緯度":24.427928,"分析面積_km2":1.04,"2020面積_ha":21.78,"2024面積_ha":21.78,"面積減少率_pct":0.0,"2020斑塊數":1,"2024斑塊數":1,"斑塊數增加率_pct":0.0,"2020平均斑塊面積_ha":1030.95,"2024平均斑塊面積_ha":193.68,"平均斑塊面積下降率_pct":81.21,"道路切割密度_km_per_km2":0.0,"建成區邊界切割密度_km_per_km2":0.0,"孤立小斑塊比例_pct":0.0,"距大型連續綠地平均距離_m":0.0,"score_面積減少":36.206896551724135,"score_斑塊增加":44.260435571687836,"score_平均斑塊縮小":95.28130671506352,"score_道路建成區切割":25.941470054446462,"score_孤立比例":40.58529945553539,"score_距大型綠地":38.40744101633394,"綜合破碎化分數":46.8,"破碎化等級":"中","判定原因":"面積減少0.0%；斑塊增加0.0%；平均斑塊縮小81.2%；道路密度0.00 km/km²；孤立比例0.0%；距大型綠地0m","2021面積_ha":21.78,"2022面積_ha":21.78,"2023面積_ha":21.78}},{"type":"Feature","geometry":{"type":"Polygon","coordinates":[[[121.48320250255239,24.423398199868185],[121.48323689751533,24.43242694839366],[121.49309859161443,24.432395129497564],[121.49306349480223,24.423366394235295],[121.48320250255239,24.423398199868185]]]},"properties":{"grid_id":"G013_017","綠地類型":"河川沿岸自然地表","中心經度":121.48815,"中心緯度":24.427897,"分析面積_km2":1.04,"2020面積_ha":15.48,"2024面積_ha":15.48,"面積減少率_pct":0.0,"2020斑塊數":2,"2024斑塊數":2,"斑塊數增加率_pct":0.0,"2020平均斑塊面積_ha":868.635,"2024平均斑塊面積_ha":466.38,"平均斑塊面積下降率_pct":46.31,"道路切割密度_km_per_km2":0.0,"建成區邊界切割密度_km_per_km2":0.0,"孤立小斑塊比例_pct":0.0,"距大型連續綠地平均距離_m":0.0,"score_面積減少":36.206896551724135,"score_斑塊增加":44.260435571687836,"score_平均斑塊縮小":87.88566243194192,"score_道路建成區切割":25.941470054446462,"score_孤立比例":40.58529945553539,"score_距大型綠地":38.40744101633394,"綜合破碎化分數":45.5,"破碎化等級":"中","判定原因":"面積減少0.0%；斑塊增加0.0%；平均斑塊縮小46.3%；道路密度0.00 km/km²；孤立比例0.0%；距大型綠地0m","2021面積_ha":15.48,"2022面積_ha":15.48,"2023面積_ha":15.48}},{"type":"Feature","geometry":{"type":"Polygon","coordinates":[[[121.51278542744909,24.42330085558352],[121.51282192794348,24.432329563515694],[121.52268356948656,24.43229581643895],[121.5226463671594,24.423267122573684],[121.51278542744909,24.42330085558352]]]},"properties":{"grid_id":"G013_020","綠地類型":"河川沿岸自然地表","中心經度":121.517734,"中心緯度":24.427798,"分析面積_km2":1.04,"2020面積_ha":41.13,"2024面積_ha":41.04,"面積減少率_pct":0.22,"2020斑塊數":1,"2024斑塊數":1,"斑塊數增加率_pct":0.0,"2020平均斑塊面積_ha":706.32,"2024平均斑塊面積_ha":739.08,"平均斑塊面積下降率_pct":0.0,"道路切割密度_km_per_km2":0.0,"建成區邊界切割密度_km_per_km2":0.0,"孤立小斑塊比例_pct":0.0,"距大型連續綠地平均距離_m":0.0,"score_面積減少":73.23049001814881,"score_斑塊增加":44.260435571687836,"score_平均斑塊縮小":28.153357531760438,"score_道路建成區切割":25.941470054446462,"score_孤立比例":40.58529945553539,"score_距大型綠地":38.40744101633394,"綜合破碎化分數":41.8,"破碎化等級":"中","判定原因":"面積減少0.2%；斑塊增加0.0%；平均斑塊縮小0.0%；道路密度0.00 km/km²；孤立比例0.0%；距大型綠地0m","2021面積_ha":41.58,"2022面積_ha":40.86,"2023面積_ha":40.95}},{"type":"Feature","geometry":{"type":"Polygon","coordinates":[[[121.54236819163714,24.42319772920936],[121.54240679761263,24.43222639413712],[121.55226838350877,24.432190718921603],[121.55222907571797,24.423162068864436],[121.54236819163714,24.42319772920936]]]},"properties":{"grid_id":"G013_023","綠地類型":"河川沿岸自然地表","中心經度":121.547318,"中心緯度":24.427694,"分析面積_km2":1.04,"2020面積_ha":12.15,"2024面積_ha":12.6,"面積減少率_pct":0.0,"2020斑塊數":1,"2024斑塊數":1,"斑塊數增加率_pct":0.0,"2020平均斑塊面積_ha":276.75,"2024平均斑塊面積_ha":275.94,"平均斑塊面積下降率_pct":0.29,"道路切割密度_km_per_km2":0.0,"建成區邊界切割密度_km_per_km2":0.0,"孤立小斑塊比例_pct":0.0,"距大型連續綠地平均距離_m":0.0,"score_面積減少":36.206896551724135,"score_斑塊增加":44.260435571687836,"score_平均斑塊縮小":65.76678765880217,"score_道路建成區切割":25.941470054446462,"score_孤立比例":40.58529945553539,"score_距大型綠地":38.40744101633394,"綜合破碎化分數":41.9,"破碎化等級":"中","判定原因":"面積減少0.0%；斑塊增加0.0%；平均斑塊縮小0.3%；道路密度0.00 km/km²；孤立比例0.0%；距大型綠地0m","2021面積_ha":12.51,"2022面積_ha":12.51,"2023面積_ha":12.78}},{"type":"Feature","geometry":{"type":"Polygon","coordinates":[[[121.55222907571797,24.423162068864436],[121.55226838350877,24.432190718921603],[121.56212995016908,24.432154401002876],[121.56208994056895,24.423125766084198],[121.55222907571797,24.423162068864436]]]},"properties":{"grid_id":"G013_024","綠地類型":"河川沿岸自然地表","中心經度":121.557179,"中心緯度":24.427658,"分析面積_km2":1.04,"2020面積_ha":37.35,"2024面積_ha":37.35,"面積減少率_pct":0.0,"2020斑塊數":1,"2024斑塊數":1,"斑塊數增加率_pct":0.0,"2020平均斑塊面積_ha":276.75,"2024平均斑塊面積_ha":275.94,"平均斑塊面積下降率_pct":0.29,"道路切割密度_km_per_km2":0.0,"建成區邊界切割密度_km_per_km2":0.0,"孤立小斑塊比例_pct":0.0,"距大型連續綠地平均距離_m":0.0,"score_面積減少":36.206896551724135,"score_斑塊增加":44.260435571687836,"score_平均斑塊縮小":65.76678765880217,"score_道路建成區切割":25.941470054446462,"score_孤立比例":40.58529945553539,"score_距大型綠地":38.40744101633394,"綜合破碎化分數":41.9,"破碎化等級":"中","判定原因":"面積減少0.0%；斑塊增加0.0%；平均斑塊縮小0.3%；道路密度0.00 km/km²；孤立比例0.0%；距大型綠地0m","2021面積_ha":37.35,"2022面積_ha":37.35,"2023面積_ha":37.35}},{"type":"Feature","geometry":{"type":"Polygon","coordinates":[[[121.56208994056895,24.423125766084198],[121.56212995016908,24.432154401002876],[121.57199149725011,24.432117440385955],[121.57195078584681,24.423088820873645],[121.56208994056895,24.423125766084198]]]},"properties":{"grid_id":"G013_025","綠地類型":"河川沿岸自然地表","中心經度":121.567041,"中心緯度":24.427622,"分析面積_km2":1.04,"2020面積_ha":31.32,"2024面積_ha":31.32,"面積減少率_pct":0.0,"2020斑塊數":2,"2024斑塊數":2,"斑塊數增加率_pct":0.0,"2020平均斑塊面積_ha":107.73,"2024平均斑塊面積_ha":106.11,"平均斑塊面積下降率_pct":1.5,"道路切割密度_km_per_km2":0.461,"建成區邊界切割密度_km_per_km2":0.0,"孤立小斑塊比例_pct":0.0,"距大型連續綠地平均距離_m":0.0,"score_面積減少":36.206896551724135,"score_斑塊增加":44.260435571687836,"score_平均斑塊縮小":70.57622504537206,"score_道路建成區切割":36.51315789473684,"score_孤立比例":40.58529945553539,"score_距大型綠地":38.40744101633394,"綜合破碎化分數":44.4,"破碎化等級":"中","判定原因":"面積減少0.0%；斑塊增加0.0%；平均斑塊縮小1.5%；道路密度0.46 km/km²；孤立比例0.0%；距大型綠地0m","2021面積_ha":31.32,"2022面積_ha":31.32,"2023面積_ha":31.32}},{"type":"Feature","geometry":{"type":"Polygon","coordinates":[[[121.59167241630996,24.42301300318207],[121.59171453130077,24.432041591077972],[121.60157601758355,24.43200270239738],[121.60153320080862,24.4229741307115],[121.59167241630996,24.42301300318207]]]},"properties":{"grid_id":"G013_028","綠地類型":"河川沿岸自然地表","中心經度":121.596624,"中心緯度":24.427508,"分析面積_km2":1.04,"2020面積_ha":46.71,"2024面積_ha":46.26,"面積減少率_pct":0.96,"2020斑塊數":1,"2024斑塊數":1,"斑塊數增加率_pct":0.0,"2020平均斑塊面積_ha":2919.15,"2024平均斑塊面積_ha":3064.86,"平均斑塊面積下降率_pct":0.0,"道路切割密度_km_per_km2":0.202,"建成區邊界切割密度_km_per_km2":0.0,"孤立小斑塊比例_pct":0.0,"距大型連續綠地平均距離_m":0.0,"score_面積減少":77.17785843920146,"score_斑塊增加":44.260435571687836,"score_平均斑塊縮小":28.153357531760438,"score_道路建成區切割":34.9931941923775,"score_孤立比例":40.58529945553539,"score_距大型綠地":38.40744101633394,"綜合破碎化分數":43.9,"破碎化等級":"中","判定原因":"面積減少1.0%；斑塊增加0.0%；平均斑塊縮小0.0%；道路密度0.20 km/km²；孤立比例0.0%；距大型綠地0m","2021面積_ha":46.53,"2022面積_ha":46.35,"2023面積_ha":46.71}},{"type":"Feature","geometry":{"type":"Polygon","coordinates":[[[121.60153320080862,24.4229741307115],[121.60157601758355,24.43200270239738],[121.61143748291344,24.431963171039495],[121.61139396436093,24.42293461583151],[121.60153320080862,24.4229741307115]]]},"properties":{"grid_id":"G013_029","綠地類型":"河川沿岸自然地表","中心經度":121.606485,"中心緯度":24.427469,"分析面積_km2":1.04,"2020面積_ha":34.56,"2024面積_ha":34.11,"面積減少率_pct":1.3,"2020斑塊數":1,"2024斑塊數":1,"斑塊數增加率_pct":0.0,"2020平均斑塊面積_ha":2919.15,"2024平均斑塊面積_ha":3064.86,"平均斑塊面積下降率_pct":0.0,"道路切割密度_km_per_km2":1.845,"建成區邊界切割密度_km_per_km2":0.0,"孤立小斑塊比例_pct":0.0,"距大型連續綠地平均距離_m":0.0,"score_面積減少":78.4709618874773,"score_斑塊增加":44.260435571687836,"score_平均斑塊縮小":28.153357531760438,"score_道路建成區切割":45.4627949183303,"score_孤立比例":40.58529945553539,"score_距大型綠地":38.40744101633394,"綜合破碎化分數":45.9,"破碎化等級":"中","判定原因":"面積減少1.3%；斑塊增加0.0%；平均斑塊縮小0.0%；道路密度1.84 km/km²；孤立比例0.0%；距大型綠地0m","2021面積_ha":35.55,"2022面積_ha":33.66,"2023面積_ha":35.19}},{"type":"Feature","geometry":{"type":"Polygon","coordinates":[[[121.62125470662362,24.42289445854757],[121.62129892694702,24.43192299700977],[121.6311603493409,24.431882180313757],[121.6311154272534,24.4228536588652],[121.62125470662362,24.42289445854757]]]},"properties":{"grid_id":"G013_031","綠地類型":"河川沿岸自然地表","中心經度":121.626207,"中心緯度":24.427388,"分析面積_km2":1.04,"2020面積_ha":39.51,"2024面積_ha":38.79,"面積減少率_pct":1.82,"2020斑塊數":1,"2024斑塊數":1,"斑塊數增加率_pct":0.0,"2020平均斑塊面積_ha":2712.51,"2024平均斑塊面積_ha":2751.66,"平均斑塊面積下降率_pct":0.0,"道路切割密度_km_per_km2":2.71,"建成區邊界切割密度_km_per_km2":0.0,"孤立小斑塊比例_pct":0.0,"距大型連續綠地平均距離_m":0.0,"score_面積減少":80.1043557168784,"score_斑塊增加":44.260435571687836,"score_平均斑塊縮小":28.153357531760438,"score_道路建成區切割":49.78448275862069,"score_孤立比例":40.58529945553539,"score_距大型綠地":38.40744101633394,"綜合破碎化分數":46.9,"破碎化等級":"中","判定原因":"面積減少1.8%；斑塊增加0.0%；平均斑塊縮小0.0%；道路密度2.71 km/km²；孤立比例0.0%；距大型綠地0m","2021面積_ha":42.12,"2022面積_ha":38.97,"2023面積_ha":40.05}},{"type":"Feature","geometry":{"type":"Polygon","coordinates":[[[121.65083680224105,24.42277013232777],[121.65088312783598,24.431798618945425],[121.66074448325043,24.43175587428462],[121.66069745591236,24.422727405484224],[121.65083680224105,24.42277013232777]]]},"properties":{"grid_id":"G013_034","綠地類型":"河川沿岸自然地表","中心經度":121.65579,"中心緯度":24.427263,"分析面積_km2":1.04,"2020面積_ha":2.79,"2024面積_ha":2.79,"面積減少率_pct":0.0,"2020斑塊數":1,"2024斑塊數":1,"斑塊數增加率_pct":0.0,"2020平均斑塊面積_ha":4118.13,"2024平均斑塊面積_ha":3542.58,"平均斑塊面積下降率_pct":13.98,"道路切割密度_km_per_km2":0.721,"建成區邊界切割密度_km_per_km2":0.0,"孤立小斑塊比例_pct":0.0,"距大型連續綠地平均距離_m":0.0,"score_面積減少":36.206896551724135,"score_斑塊增加":44.260435571687836,"score_平均斑塊縮小":79.33303085299455,"score_道路建成區切割":37.96506352087114,"score_孤立比例":40.58529945553539,"score_距大型綠地":38.40744101633394,"綜合破碎化分數":46.1,"破碎化等級":"中","判定原因":"面積減少0.0%；斑塊增加0.0%；平均斑塊縮小14.0%；道路密度0.72 km/km²；孤立比例0.0%；距大型綠地0m","2021面積_ha":2.79,"2022面積_ha":2.79,"2023面積_ha":2.79}},{"type":"Feature","geometry":{"type":"Polygon","coordinates":[[[121.66069745591236,24.422727405484224],[121.66074448325043,24.43175587428462],[121.67060581565164,24.431712486980565],[121.67055808657763,24.422684036265274],[121.66069745591236,24.422727405484224]]]},"properties":{"grid_id":"G013_035","綠地類型":"河川沿岸自然地表","中心經度":121.665651,"中心緯度":24.42722,"分析面積_km2":1.04,"2020面積_ha":41.67,"2024面積_ha":41.67,"面積減少率_pct":0.0,"2020斑塊數":1,"2024斑塊數":1,"斑塊數增加率_pct":0.0,"2020平均斑塊面積_ha":4118.13,"2024平均斑塊面積_ha":3542.58,"平均斑塊面積下降率_pct":13.98,"道路切割密度_km_per_km2":1.499,"建成區邊界切割密度_km_per_km2":0.0,"孤立小斑塊比例_pct":0.0,"距大型連續綠地平均距離_m":0.0,"score_面積減少":36.206896551724135,"score_斑塊增加":44.260435571687836,"score_平均斑塊縮小":79.33303085299455,"score_道路建成區切割":42.615698729582576,"score_孤立比例":40.58529945553539,"score_距大型綠地":38.40744101633394,"綜合破碎化分數":46.9,"破碎化等級":"中","判定原因":"面積減少0.0%；斑塊增加0.0%；平均斑塊縮小14.0%；道路密度1.50 km/km²；孤立比例0.0%；距大型綠地0m","2021面積_ha":41.67,"2022面積_ha":41.67,"2023面積_ha":41.67}},{"type":"Feature","geometry":{"type":"Polygon","coordinates":[[[121.67055808657763,24.422684036265274],[121.67060581565164,24.431712486980565],[121.68046712469625,24.43166845703923],[121.68041869389361,24.42264002467691],[121.67055808657763,24.422684036265274]]]},"properties":{"grid_id":"G013_036","綠地類型":"河川沿岸自然地表","中心經度":121.675512,"中心緯度":24.427176,"分析面積_km2":1.04,"2020面積_ha":50.22,"2024面積_ha":50.22,"面積減少率_pct":0.0,"2020斑塊數":1,"2024斑塊數":1,"斑塊數增加率_pct":0.0,"2020平均斑塊面積_ha":4118.13,"2024平均斑塊面積_ha":3542.58,"平均斑塊面積下降率_pct":13.98,"道路切割密度_km_per_km2":1.038,"建成區邊界切割密度_km_per_km2":0.0,"孤立小斑塊比例_pct":0.0,"距大型連續綠地平均距離_m":0.0,"score_面積減少":36.206896551724135,"score_斑塊增加":44.260435571687836,"score_平均斑塊縮小":79.33303085299455,"score_道路建成區切割":39.67785843920145,"score_孤立比例":40.58529945553539,"score_距大型綠地":38.40744101633394,"綜合破碎化分數":46.4,"破碎化等級":"中","判定原因":"面積減少0.0%；斑塊增加0.0%；平均斑塊縮小14.0%；道路密度1.04 km/km²；孤立比例0.0%；距大型綠地0m","2021面積_ha":50.22,"2022面積_ha":50.22,"2023面積_ha":50.22}},{"type":"Feature","geometry":{"type":"Polygon","coordinates":[[[121.68041869389361,24.42264002467691],[121.68046712469625,24.43166845703923],[121.69032841004083,24.43162378446668],[121.69027927751705,24.422595370725187],[121.68041869389361,24.42264002467691]]]},"properties":{"grid_id":"G013_037","綠地類型":"河川沿岸自然地表","中心經度":121.685373,"中心緯度":24.427132,"分析面積_km2":1.04,"2020面積_ha":41.13,"2024面積_ha":41.13,"面積減少率_pct":0.0,"2020斑塊數":1,"2024斑塊數":1,"斑塊數增加率_pct":0.0,"2020平均斑塊面積_ha":4118.13,"2024平均斑塊面積_ha":3542.58,"平均斑塊面積下降率_pct":13.98,"道路切割密度_km_per_km2":1.788,"建成區邊界切割密度_km_per_km2":0.0,"孤立小斑塊比例_pct":0.0,"距大型連續綠地平均距離_m":0.0,"score_面積減少":36.206896551724135,"score_斑塊增加":44.260435571687836,"score_平均斑塊縮小":79.33303085299455,"score_道路建成區切割":45.07713248638839,"score_孤立比例":40.58529945553539,"score_距大型綠地":38.40744101633394,"綜合破碎化分數":47.3,"破碎化等級":"中","判定原因":"面積減少0.0%；斑塊增加0.0%；平均斑塊縮小14.0%；道路密度1.79 km/km²；孤立比例0.0%；距大型綠地0m","2021面積_ha":41.13,"2022面積_ha":41.13,"2023面積_ha":41.13}},{"type":"Feature","geometry":{"type":"Polygon","coordinates":[[[121.76916305238275,24.4222150147879],[121.7692177983958,24.431243269920415],[121.77907885498982,24.431192813954745],[121.77902340732724,24.422164579853604],[121.76916305238275,24.4222150147879]]]},"properties":{"grid_id":"G013_046","綠地類型":"河川沿岸自然地表","中心經度":121.774121,"中心緯度":24.426704,"分析面積_km2":1.04,"2020面積_ha":15.66,"2024面積_ha":15.66,"面積減少率_pct":0.0,"2020斑塊數":1,"2024斑塊數":1,"斑塊數增加率_pct":0.0,"2020平均斑塊面積_ha":34.83,"2024平均斑塊面積_ha":140.4,"平均斑塊面積下降率_pct":0.0,"道路切割密度_km_per_km2":4.556,"建成區邊界切割密度_km_per_km2":0.0,"孤立小斑塊比例_pct":0.0,"距大型連續綠地平均距離_m":0.0,"score_面積減少":36.206896551724135,"score_斑塊增加":44.260435571687836,"score_平均斑塊縮小":28.153357531760438,"score_道路建成區切割":55.05898366606171,"score_孤立比例":40.58529945553539,"score_距大型綠地":38.40744101633394,"綜合破碎化分數":40.4,"破碎化等級":"中","判定原因":"面積減少0.0%；斑塊增加0.0%；平均斑塊縮小0.0%；道路密度4.56 km/km²；孤立比例0.0%；距大型綠地0m","2021面積_ha":15.66,"2022面積_ha":15.66,"2023面積_ha":15.66}},{"type":"Feature","geometry":{"type":"Polygon","coordinates":[[[121.77902340732724,24.422164579853604],[121.77907885498982,24.431192813954745],[121.78893988445044,24.431141715423436],[121.78888373514684,24.422113502621478],[121.77902340732724,24.422164579853604]]]},"properties":{"grid_id":"G013_047","綠地類型":"河川沿岸自然地表","中心經度":121.783981,"中心緯度":24.426653,"分析面積_km2":1.04,"2020面積_ha":28.17,"2024面積_ha":28.17,"面積減少率_pct":0.0,"2020斑塊數":2,"2024斑塊數":1,"斑塊數增加率_pct":0.0,"2020平均斑塊面積_ha":65.925,"2024平均斑塊面積_ha":140.4,"平均斑塊面積下降率_pct":0.0,"道路切割密度_km_per_km2":6.517,"建成區邊界切割密度_km_per_km2":0.0,"孤立小斑塊比例_pct":0.0,"距大型連續綠地平均距離_m":0.0,"score_面積減少":36.206896551724135,"score_斑塊增加":44.260435571687836,"score_平均斑塊縮小":28.153357531760438,"score_道路建成區切割":58.55263157894737,"score_孤立比例":40.58529945553539,"score_距大型綠地":38.40744101633394,"綜合破碎化分數":41.0,"破碎化等級":"中","判定原因":"面積減少0.0%；斑塊增加0.0%；平均斑塊縮小0.0%；道路密度6.52 km/km²；孤立比例0.0%；距大型綠地0m","2021面積_ha":28.17,"2022面積_ha":28.17,"2023面積_ha":28.17}},{"type":"Feature","geometry":{"type":"Polygon","coordinates":[[[121.78888373514684,24.422113502621478],[121.78893988445044,24.431141715423436],[121.79880088643435,24.43108997433353],[121.79879426389743,24.430038512720703],[121.79852269999999,24.4294958],[121.7982336,24.428791399999998],[121.7981205,24.428615899999997],[121.79803540000002,24.428421999999998],[121.79781490000002,24.427931899999997],[121.79760559999998,24.427428900000002],[121.7975136,24.427161999999992],[121.79737630000001,24.426878],[121.7968799,24.4258346],[121.7967227,24.425567699999995],[121.79661459999998,24.4252176],[121.7963725,24.4247699],[121.79636010000002,24.4245971],[121.79632480000001,24.424396999999995],[121.7961239,24.423959299999996],[121.7958982,24.423523599999992],[121.7957713,24.4231527],[121.79570990000002,24.4226234],[121.79542776105413,24.422079249412857],[121.78888373514684,24.422113502621478]]]},"properties":{"grid_id":"G013_048","綠地類型":"河川沿岸自然地表","中心經度":121.793019,"中心緯度":24.426378,"分析面積_km2":0.86,"2020面積_ha":2.16,"2024面積_ha":2.16,"面積減少率_pct":0.0,"2020斑塊數":1,"2024斑塊數":1,"斑塊數增加率_pct":0.0,"2020平均斑塊面積_ha":97.02,"2024平均斑塊面積_ha":140.4,"平均斑塊面積下降率_pct":0.0,"道路切割密度_km_per_km2":3.909,"建成區邊界切割密度_km_per_km2":0.0,"孤立小斑塊比例_pct":0.0,"距大型連續綠地平均距離_m":0.0,"score_面積減少":36.206896551724135,"score_斑塊增加":44.260435571687836,"score_平均斑塊縮小":28.153357531760438,"score_道路建成區切割":53.7885662431942,"score_孤立比例":40.58529945553539,"score_距大型綠地":38.40744101633394,"綜合破碎化分數":40.2,"破碎化等級":"中","判定原因":"面積減少0.0%；斑塊增加0.0%；平均斑塊縮小0.0%；道路密度3.91 km/km²；孤立比例0.0%；距大型綠地0m","2021面積_ha":2.16,"2022面積_ha":2.16,"2023面積_ha":2.16}},{"type":"Feature","geometry":{"type":"Polygon","coordinates":[[[121.32547091242971,24.441877549459928],[121.3254545052694,24.435486119095764],[121.32541,24.43552],[121.32433999999999,24.43647],[121.32412,24.43671],[121.32376,24.437179999999998],[121.32312,24.43823],[121.32254,24.438939999999995],[121.32146,24.44003],[121.32097,24.440459999999998],[121.32034999999999,24.440929999999994],[121.32005000000001,24.44113],[121.31953000000001,24.441339999999997],[121.31896999999998,24.44145],[121.31816,24.441509999999994],[121.31766159999998,24.441491499999994],[121.3178554,24.441771299999992],[121.31792940000001,24.441878199999998],[121.31793623808126,24.44189357467605],[121.32547091242971,24.441877549459928]]]},"properties":{"grid_id":"G014_000","綠地類型":"河川沿岸自然地表","中心經度":121.324146,"中心緯度":24.438582,"分析面積_km2":0.249,"2020面積_ha":0.18,"2024面積_ha":0.18,"面積減少率_pct":0.0,"2020斑塊數":1,"2024斑塊數":1,"斑塊數增加率_pct":0.0,"2020平均斑塊面積_ha":3042.63,"2024平均斑塊面積_ha":3203.82,"平均斑塊面積下降率_pct":0.0,"道路切割密度_km_per_km2":7.1,"建成區邊界切割密度_km_per_km2":0.0,"孤立小斑塊比例_pct":0.0,"距大型連續綠地平均距離_m":0.0,"score_面積減少":36.206896551724135,"score_斑塊增加":44.260435571687836,"score_平均斑塊縮小":28.153357531760438,"score_道路建成區切割":59.70961887477314,"score_孤立比例":40.58529945553539,"score_距大型綠地":38.40744101633394,"綜合破碎化分數":41.2,"破碎化等級":"中","判定原因":"面積減少0.0%；斑塊增加0.0%；平均斑塊縮小0.0%；道路密度7.10 km/km²；孤立比例0.0%；距大型綠地0m","2021面積_ha":0.18,"2022面積_ha":0.18,"2023面積_ha":0.18}},{"type":"Feature","geometry":{"type":"Polygon","coordinates":[[[121.36489535367681,24.43275864059042],[121.36492133877861,24.441787516577904],[121.37478391443949,24.441763400725733],[121.37475722708876,24.432734534787816],[121.36489535367681,24.43275864059042]]]},"properties":{"grid_id":"G014_005","綠地類型":"河川沿岸自然地表","中心經度":121.369839,"中心緯度":24.437261,"分析面積_km2":1.04,"2020面積_ha":1.17,"2024面積_ha":1.17,"面積減少率_pct":0.0,"2020斑塊數":1,"2024斑塊數":1,"斑塊數增加率_pct":0.0,"2020平均斑塊面積_ha":12.96,"2024平均斑塊面積_ha":12.78,"平均斑塊面積下降率_pct":1.39,"道路切割密度_km_per_km2":0.75,"建成區邊界切割密度_km_per_km2":0.0,"孤立小斑塊比例_pct":0.0,"距大型連續綠地平均距離_m":0.0,"score_面積減少":36.206896551724135,"score_斑塊增加":44.260435571687836,"score_平均斑塊縮小":70.4627949183303,"score_道路建成區切割":38.169237749546284,"score_孤立比例":40.58529945553539,"score_距大型綠地":38.40744101633394,"綜合破碎化分數":44.7,"破碎化等級":"中","判定原因":"面積減少0.0%；斑塊增加0.0%；平均斑塊縮小1.4%；道路密度0.75 km/km²；孤立比例0.0%；距大型綠地0m","2021面積_ha":1.17,"2022面積_ha":1.17,"2023面積_ha":1.17}},{"type":"Feature","geometry":{"type":"Polygon","coordinates":[[[121.38461908744709,24.43270978620702],[121.3846464770426,24.441738641827417],[121.39450902624438,24.44171323988637],[121.39448093440828,24.432684394851464],[121.38461908744709,24.43270978620702]]]},"properties":{"grid_id":"G014_007","綠地類型":"河川沿岸自然地表","中心經度":121.389564,"中心緯度":24.437212,"分析面積_km2":1.04,"2020面積_ha":22.68,"2024面積_ha":27.72,"面積減少率_pct":0.0,"2020斑塊數":1,"2024斑塊數":1,"斑塊數增加率_pct":0.0,"2020平均斑塊面積_ha":3042.63,"2024平均斑塊面積_ha":3203.82,"平均斑塊面積下降率_pct":0.0,"道路切割密度_km_per_km2":5.334,"建成區邊界切割密度_km_per_km2":0.0,"孤立小斑塊比例_pct":0.0,"距大型連續綠地平均距離_m":0.0,"score_面積減少":36.206896551724135,"score_斑塊增加":44.260435571687836,"score_平均斑塊縮小":28.153357531760438,"score_道路建成區切割":56.431488203266795,"score_孤立比例":40.58529945553539,"score_距大型綠地":38.40744101633394,"綜合破碎化分數":40.7,"破碎化等級":"中","判定原因":"面積減少0.0%；斑塊增加0.0%；平均斑塊縮小0.0%；道路密度5.33 km/km²；孤立比例0.0%；距大型綠地0m","2021面積_ha":31.14,"2022面積_ha":29.52,"2023面積_ha":29.88}},{"type":"Feature","geometry":{"type":"Polygon","coordinates":[[[121.40434276762888,24.432658360724634],[121.40437156170125,24.441687194906088],[121.41423408306966,24.441660506890162],[121.41420458676538,24.43263168383012],[121.40434276762888,24.432658360724634]]]},"properties":{"grid_id":"G014_009","綠地類型":"河川沿岸自然地表","中心經度":121.409288,"中心緯度":24.43716,"分析面積_km2":1.04,"2020面積_ha":10.89,"2024面積_ha":10.89,"面積減少率_pct":0.0,"2020斑塊數":1,"2024斑塊數":1,"斑塊數增加率_pct":0.0,"2020平均斑塊面積_ha":3042.63,"2024平均斑塊面積_ha":3203.82,"平均斑塊面積下降率_pct":0.0,"道路切割密度_km_per_km2":2.999,"建成區邊界切割密度_km_per_km2":0.0,"孤立小斑塊比例_pct":0.0,"距大型連續綠地平均距離_m":0.0,"score_面積減少":36.206896551724135,"score_斑塊增加":44.260435571687836,"score_平均斑塊縮小":28.153357531760438,"score_道路建成區切割":50.71460980036298,"score_孤立比例":40.58529945553539,"score_距大型綠地":38.40744101633394,"綜合破碎化分數":39.7,"破碎化等級":"中","判定原因":"面積減少0.0%；斑塊增加0.0%；平均斑塊縮小0.0%；道路密度3.00 km/km²；孤立比例0.0%；距大型綠地0m","2021面積_ha":10.89,"2022面積_ha":10.89,"2023面積_ha":10.89}},{"type":"Feature","geometry":{"type":"Polygon","coordinates":[[[121.54240679761263,24.43222639413712],[121.54244542248053,24.44125504823526],[121.55230771053542,24.44121935814709],[121.55226838350877,24.432190718921603],[121.54240679761263,24.43222639413712]]]},"properties":{"grid_id":"G014_023","綠地類型":"河川沿岸自然地表","中心經度":121.547357,"中心緯度":24.436723,"分析面積_km2":1.04,"2020面積_ha":5.67,"2024面積_ha":5.67,"面積減少率_pct":0.0,"2020斑塊數":1,"2024斑塊數":1,"斑塊數增加率_pct":0.0,"2020平均斑塊面積_ha":276.75,"2024平均斑塊面積_ha":275.94,"平均斑塊面積下降率_pct":0.29,"道路切割密度_km_per_km2":0.0,"建成區邊界切割密度_km_per_km2":0.0,"孤立小斑塊比例_pct":0.0,"距大型連續綠地平均距離_m":0.0,"score_面積減少":36.206896551724135,"score_斑塊增加":44.260435571687836,"score_平均斑塊縮小":65.76678765880217,"score_道路建成區切割":25.941470054446462,"score_孤立比例":40.58529945553539,"score_距大型綠地":38.40744101633394,"綜合破碎化分數":41.9,"破碎化等級":"中","判定原因":"面積減少0.0%；斑塊增加0.0%；平均斑塊縮小0.3%；道路密度0.00 km/km²；孤立比例0.0%；距大型綠地0m","2021面積_ha":5.67,"2022面積_ha":5.67,"2023面積_ha":5.67}},{"type":"Feature","geometry":{"type":"Polygon","coordinates":[[[121.55226838350877,24.432190718921603],[121.55230771053542,24.44121935814709],[121.56216997934845,24.44118302508779],[121.56212995016908,24.432154401002876],[121.55226838350877,24.432190718921603]]]},"properties":{"grid_id":"G014_024","綠地類型":"河川沿岸自然地表","中心經度":121.557219,"中心緯度":24.436687,"分析面積_km2":1.04,"2020面積_ha":45.27,"2024面積_ha":45.27,"面積減少率_pct":0.0,"2020斑塊數":1,"2024斑塊數":1,"斑塊數增加率_pct":0.0,"2020平均斑塊面積_ha":276.75,"2024平均斑塊面積_ha":275.94,"平均斑塊面積下降率_pct":0.29,"道路切割密度_km_per_km2":0.0,"建成區邊界切割密度_km_per_km2":0.0,"孤立小斑塊比例_pct":0.0,"距大型連續綠地平均距離_m":0.0,"score_面積減少":36.206896551724135,"score_斑塊增加":44.260435571687836,"score_平均斑塊縮小":65.76678765880217,"score_道路建成區切割":25.941470054446462,"score_孤立比例":40.58529945553539,"score_距大型綠地":38.40744101633394,"綜合破碎化分數":41.9,"破碎化等級":"中","判定原因":"面積減少0.0%；斑塊增加0.0%；平均斑塊縮小0.3%；道路密度0.00 km/km²；孤立比例0.0%；距大型綠地0m","2021面積_ha":45.27,"2022面積_ha":45.27,"2023面積_ha":45.27}},{"type":"Feature","geometry":{"type":"Polygon","coordinates":[[[121.58185302440849,24.432079837075925],[121.58189445787482,24.4411084300759],[121.59175666690109,24.441070168133606],[121.59171453130077,24.432041591077972],[121.58185302440849,24.432079837075925]]]},"properties":{"grid_id":"G014_027","綠地類型":"河川沿岸自然地表","中心經度":121.586805,"中心緯度":24.436575,"分析面積_km2":1.04,"2020面積_ha":26.46,"2024面積_ha":26.28,"面積減少率_pct":0.68,"2020斑塊數":1,"2024斑塊數":1,"斑塊數增加率_pct":0.0,"2020平均斑塊面積_ha":2919.15,"2024平均斑塊面積_ha":3064.86,"平均斑塊面積下降率_pct":0.0,"道路切割密度_km_per_km2":0.0,"建成區邊界切割密度_km_per_km2":0.0,"孤立小斑塊比例_pct":0.0,"距大型連續綠地平均距離_m":0.0,"score_面積減少":76.08892921960071,"score_斑塊增加":44.260435571687836,"score_平均斑塊縮小":28.153357531760438,"score_道路建成區切割":25.941470054446462,"score_孤立比例":40.58529945553539,"score_距大型綠地":38.40744101633394,"綜合破碎化分數":42.2,"破碎化等級":"中","判定原因":"面積減少0.7%；斑塊增加0.0%；平均斑塊縮小0.0%；道路密度0.00 km/km²；孤立比例0.0%；距大型綠地0m","2021面積_ha":26.28,"2022面積_ha":26.1,"2023面積_ha":26.37}},{"type":"Feature","geometry":{"type":"Polygon","coordinates":[[[121.62129892694702,24.43192299700977],[121.62134316891012,24.440951524624865],[121.63120529341148,24.440910690912844],[121.6311603493409,24.431882180313757],[121.62129892694702,24.43192299700977]]]},"properties":{"grid_id":"G014_031","綠地類型":"河川沿岸自然地表","中心經度":121.626252,"中心緯度":24.436417,"分析面積_km2":1.04,"2020面積_ha":43.02,"2024面積_ha":43.02,"面積減少率_pct":0.0,"2020斑塊數":1,"2024斑塊數":1,"斑塊數增加率_pct":0.0,"2020平均斑塊面積_ha":2712.51,"2024平均斑塊面積_ha":2751.66,"平均斑塊面積下降率_pct":0.0,"道路切割密度_km_per_km2":1.442,"建成區邊界切割密度_km_per_km2":0.029,"孤立小斑塊比例_pct":0.0,"距大型連續綠地平均距離_m":0.0,"score_面積減少":36.206896551724135,"score_斑塊增加":44.260435571687836,"score_平均斑塊縮小":28.153357531760438,"score_道路建成區切割":60.322141560798556,"score_孤立比例":40.58529945553539,"score_距大型綠地":38.40744101633394,"綜合破碎化分數":41.3,"破碎化等級":"中","判定原因":"面積減少0.0%；斑塊增加0.0%；平均斑塊縮小0.0%；道路密度1.44 km/km²；孤立比例0.0%；距大型綠地0m","2021面積_ha":43.02,"2022面積_ha":43.02,"2023面積_ha":43.02}},{"type":"Feature","geometry":{"type":"Polygon","coordinates":[[[121.6311603493409,24.431882180313757],[121.63120529341148,24.440910690912844],[121.64106739592289,24.44086921427224],[121.64102174975167,24.431840720957066],[121.6311603493409,24.431882180313757]]]},"properties":{"grid_id":"G014_032","綠地類型":"河川沿岸自然地表","中心經度":121.636114,"中心緯度":24.436376,"分析面積_km2":1.04,"2020面積_ha":39.06,"2024面積_ha":38.97,"面積減少率_pct":0.23,"2020斑塊數":1,"2024斑塊數":1,"斑塊數增加率_pct":0.0,"2020平均斑塊面積_ha":2712.51,"2024平均斑塊面積_ha":2751.66,"平均斑塊面積下降率_pct":0.0,"道路切割密度_km_per_km2":0.0,"建成區邊界切割密度_km_per_km2":0.519,"孤立小斑塊比例_pct":0.0,"距大型連續綠地平均距離_m":0.0,"score_面積減少":73.36660617059891,"score_斑塊增加":44.260435571687836,"score_平均斑塊縮小":28.153357531760438,"score_道路建成區切割":47.67468239564428,"score_孤立比例":40.58529945553539,"score_距大型綠地":38.40744101633394,"綜合破碎化分數":45.4,"破碎化等級":"中","判定原因":"面積減少0.2%；斑塊增加0.0%；平均斑塊縮小0.0%；道路密度0.00 km/km²；孤立比例0.0%；距大型綠地0m","2021面積_ha":39.6,"2022面積_ha":39.69,"2023面積_ha":39.69}},{"type":"Feature","geometry":{"type":"Polygon","coordinates":[[[121.64102174975167,24.431840720957066],[121.64106739592289,24.44086921427224],[121.65092947610081,24.440827094708787],[121.65088312783598,24.431798618945425],[121.64102174975167,24.431840720957066]]]},"properties":{"grid_id":"G014_033","綠地類型":"河川沿岸自然地表","中心經度":121.645975,"中心緯度":24.436334,"分析面積_km2":1.04,"2020面積_ha":65.61,"2024面積_ha":65.52,"面積減少率_pct":0.14,"2020斑塊數":1,"2024斑塊數":1,"斑塊數增加率_pct":0.0,"2020平均斑塊面積_ha":2712.51,"2024平均斑塊面積_ha":2751.66,"平均斑塊面積下降率_pct":0.0,"道路切割密度_km_per_km2":0.0,"建成區邊界切割密度_km_per_km2":0.0,"孤立小斑塊比例_pct":0.0,"距大型連續綠地平均距離_m":0.0,"score_面積減少":72.48185117967331,"score_斑塊增加":44.260435571687836,"score_平均斑塊縮小":28.153357531760438,"score_道路建成區切割":25.941470054446462,"score_孤立比例":40.58529945553539,"score_距大型綠地":38.40744101633394,"綜合破碎化分數":41.6,"破碎化等級":"中","判定原因":"面積減少0.1%；斑塊增加0.0%；平均斑塊縮小0.0%；道路密度0.00 km/km²；孤立比例0.0%；距大型綠地0m","2021面積_ha":65.61,"2022面積_ha":65.61,"2023面積_ha":65.61}},{"type":"Feature","geometry":{"type":"Polygon","coordinates":[[[121.65088312783598,24.431798618945425],[121.65092947610081,24.440827094708787],[121.66079153360177,24.440784332228272],[121.66074448325043,24.43175587428462],[121.65088312783598,24.431798618945425]]]},"properties":{"grid_id":"G014_034","綠地類型":"河川沿岸自然地表","中心經度":121.655837,"中心緯度":24.436292,"分析面積_km2":1.04,"2020面積_ha":17.64,"2024面積_ha":17.64,"面積減少率_pct":0.0,"2020斑塊數":2,"2024斑塊數":2,"斑塊數增加率_pct":0.0,"2020平均斑塊面積_ha":3415.32,"2024平均斑塊面積_ha":3147.12,"平均斑塊面積下降率_pct":7.85,"道路切割密度_km_per_km2":0.0,"建成區邊界切割密度_km_per_km2":0.0,"孤立小斑塊比例_pct":0.0,"距大型連續綠地平均距離_m":0.0,"score_面積減少":36.206896551724135,"score_斑塊增加":44.260435571687836,"score_平均斑塊縮小":75.20417422867513,"score_道路建成區切割":25.941470054446462,"score_孤立比例":40.58529945553539,"score_距大型綠地":38.40744101633394,"綜合破碎化分數":43.4,"破碎化等級":"中","判定原因":"面積減少0.0%；斑塊增加0.0%；平均斑塊縮小7.8%；道路密度0.00 km/km²；孤立比例0.0%；距大型綠地0m","2021面積_ha":17.64,"2022面積_ha":17.64,"2023面積_ha":17.64}},{"type":"Feature","geometry":{"type":"Polygon","coordinates":[[[121.66074448325043,24.43175587428462],[121.66079153360177,24.440784332228272],[121.67065356808226,24.440740926836597],[121.67060581565164,24.431712486980565],[121.66074448325043,24.43175587428462]]]},"properties":{"grid_id":"G014_035","綠地類型":"河川沿岸自然地表","中心經度":121.665699,"中心緯度":24.436248,"分析面積_km2":1.04,"2020面積_ha":36.72,"2024面積_ha":36.72,"面積減少率_pct":0.0,"2020斑塊數":1,"2024斑塊數":1,"斑塊數增加率_pct":0.0,"2020平均斑塊面積_ha":4118.13,"2024平均斑塊面積_ha":3542.58,"平均斑塊面積下降率_pct":13.98,"道路切割密度_km_per_km2":2.163,"建成區邊界切割密度_km_per_km2":0.0,"孤立小斑塊比例_pct":0.0,"距大型連續綠地平均距離_m":0.0,"score_面積減少":36.206896551724135,"score_斑塊增加":44.260435571687836,"score_平均斑塊縮小":79.33303085299455,"score_道路建成區切割":47.311705989110706,"score_孤立比例":40.58529945553539,"score_距大型綠地":38.40744101633394,"綜合破碎化分數":47.7,"破碎化等級":"中","判定原因":"面積減少0.0%；斑塊增加0.0%；平均斑塊縮小14.0%；道路密度2.16 km/km²；孤立比例0.0%；距大型綠地0m","2021面積_ha":36.72,"2022面積_ha":36.72,"2023面積_ha":36.72}},{"type":"Feature","geometry":{"type":"Polygon","coordinates":[[[121.71005090825668,24.431532511452687],[121.71010146893018,24.440560876279363],[121.7199633831563,24.440514256423445],[121.7199121204412,24.431485911023824],[121.71005090825668,24.431532511452687]]]},"properties":{"grid_id":"G014_040","綠地類型":"河川沿岸自然地表","中心經度":121.715007,"中心緯度":24.436023,"分析面積_km2":1.04,"2020面積_ha":30.24,"2024面積_ha":30.24,"面積減少率_pct":0.0,"2020斑塊數":1,"2024斑塊數":1,"斑塊數增加率_pct":0.0,"2020平均斑塊面積_ha":4118.13,"2024平均斑塊面積_ha":3542.58,"平均斑塊面積下降率_pct":13.98,"道路切割密度_km_per_km2":0.058,"建成區邊界切割密度_km_per_km2":0.0,"孤立小斑塊比例_pct":0.0,"距大型連續綠地平均距離_m":0.0,"score_面積減少":36.206896551724135,"score_斑塊增加":44.260435571687836,"score_平均斑塊縮小":79.33303085299455,"score_道路建成區切割":34.11978221415608,"score_孤立比例":40.58529945553539,"score_距大型綠地":38.40744101633394,"綜合破碎化分數":45.5,"破碎化等級":"中","判定原因":"面積減少0.0%；斑塊增加0.0%；平均斑塊縮小14.0%；道路密度0.06 km/km²；孤立比例0.0%；距大型綠地0m","2021面積_ha":30.24,"2022面積_ha":30.24,"2023面積_ha":30.24}},{"type":"Feature","geometry":{"type":"Polygon","coordinates":[[[121.7199121204412,24.431485911023824],[121.7199633831563,24.440514256423445],[121.72982527230113,24.440466993693597],[121.72977330755226,24.431438667988918],[121.7199121204412,24.431485911023824]]]},"properties":{"grid_id":"G014_041","綠地類型":"河川沿岸自然地表","中心經度":121.724869,"中心緯度":24.435977,"分析面積_km2":1.04,"2020面積_ha":11.07,"2024面積_ha":11.07,"面積減少率_pct":0.0,"2020斑塊數":1,"2024斑塊數":1,"斑塊數增加率_pct":0.0,"2020平均斑塊面積_ha":4118.13,"2024平均斑塊面積_ha":3542.58,"平均斑塊面積下降率_pct":13.98,"道路切割密度_km_per_km2":0.0,"建成區邊界切割密度_km_per_km2":0.0,"孤立小斑塊比例_pct":0.0,"距大型連續綠地平均距離_m":0.0,"score_面積減少":36.206896551724135,"score_斑塊增加":44.260435571687836,"score_平均斑塊縮小":79.33303085299455,"score_道路建成區切割":25.941470054446462,"score_孤立比例":40.58529945553539,"score_距大型綠地":38.40744101633394,"綜合破碎化分數":44.1,"破碎化等級":"中","判定原因":"面積減少0.0%；斑塊增加0.0%；平均斑塊縮小14.0%；道路密度0.00 km/km²；孤立比例0.0%；距大型綠地0m","2021面積_ha":11.07,"2022面積_ha":11.07,"2023面積_ha":11.07}},{"type":"Feature","geometry":{"type":"Polygon","coordinates":[[[121.72977330755226,24.431438667988918],[121.72982527230113,24.440466993693597],[121.73968713602127,24.44041908809634],[121.73963446924661,24.431390782354473],[121.72977330755226,24.431438667988918]]]},"properties":{"grid_id":"G014_042","綠地類型":"河川沿岸自然地表","中心經度":121.73473,"中心緯度":24.435929,"分析面積_km2":1.04,"2020面積_ha":12.15,"2024面積_ha":12.15,"面積減少率_pct":0.0,"2020斑塊數":1,"2024斑塊數":1,"斑塊數增加率_pct":0.0,"2020平均斑塊面積_ha":4118.13,"2024平均斑塊面積_ha":119.79,"平均斑塊面積下降率_pct":97.09,"道路切割密度_km_per_km2":0.0,"建成區邊界切割密度_km_per_km2":0.0,"孤立小斑塊比例_pct":0.0,"距大型連續綠地平均距離_m":0.0,"score_面積減少":36.206896551724135,"score_斑塊增加":44.260435571687836,"score_平均斑塊縮小":98.93375680580763,"score_道路建成區切割":25.941470054446462,"score_孤立比例":40.58529945553539,"score_距大型綠地":38.40744101633394,"綜合破碎化分數":47.4,"破碎化等級":"中","判定原因":"面積減少0.0%；斑塊增加0.0%；平均斑塊縮小97.1%；道路密度0.00 km/km²；孤立比例0.0%；距大型綠地0m","2021面積_ha":12.15,"2022面積_ha":12.15,"2023面積_ha":12.15}},{"type":"Feature","geometry":{"type":"Polygon","coordinates":[[[121.77907885498982,24.431192813954745],[121.77913432978575,24.440221037166694],[121.78899606123072,24.440169917333243],[121.78893988445044,24.431141715423436],[121.77907885498982,24.431192813954745]]]},"properties":{"grid_id":"G014_047","綠地類型":"河川沿岸自然地表","中心經度":121.784037,"中心緯度":24.435681,"分析面積_km2":1.04,"2020面積_ha":44.28,"2024面積_ha":47.79,"面積減少率_pct":0.0,"2020斑塊數":3,"2024斑塊數":1,"斑塊數增加率_pct":0.0,"2020平均斑塊面積_ha":43.98,"2024平均斑塊面積_ha":140.4,"平均斑塊面積下降率_pct":0.0,"道路切割密度_km_per_km2":7.987,"建成區邊界切割密度_km_per_km2":1.096,"孤立小斑塊比例_pct":0.0,"距大型連續綠地平均距離_m":0.0,"score_面積減少":36.206896551724135,"score_斑塊增加":44.260435571687836,"score_平均斑塊縮小":28.153357531760438,"score_道路建成區切割":85.75317604355716,"score_孤立比例":40.58529945553539,"score_距大型綠地":38.40744101633394,"綜合破碎化分數":45.6,"破碎化等級":"中","判定原因":"面積減少0.0%；斑塊增加0.0%；平均斑塊縮小0.0%；道路密度7.99 km/km²；孤立比例0.0%；距大型綠地0m","2021面積_ha":45.27,"2022面積_ha":45.63,"2023面積_ha":47.7}},{"type":"Feature","geometry":{"type":"Polygon","coordinates":[[[121.78893988445044,24.431141715423436],[121.78899606123072,24.440169917333243],[121.79885776519035,24.440118154673343],[121.79880088643435,24.43108997433353],[121.78893988445044,24.431141715423436]]]},"properties":{"grid_id":"G014_048","綠地類型":"河川沿岸自然地表","中心經度":121.793899,"中心緯度":24.43563,"分析面積_km2":1.04,"2020面積_ha":5.31,"2024面積_ha":5.31,"面積減少率_pct":0.0,"2020斑塊數":1,"2024斑塊數":1,"斑塊數增加率_pct":0.0,"2020平均斑塊面積_ha":97.02,"2024平均斑塊面積_ha":140.4,"平均斑塊面積下降率_pct":0.0,"道路切割密度_km_per_km2":3.374,"建成區邊界切割密度_km_per_km2":0.0,"孤立小斑塊比例_pct":0.0,"距大型連續綠地平均距離_m":0.0,"score_面積減少":36.206896551724135,"score_斑塊增加":44.260435571687836,"score_平均斑塊縮小":28.153357531760438,"score_道路建成區切割":52.26860254083485,"score_孤立比例":40.58529945553539,"score_距大型綠地":38.40744101633394,"綜合破碎化分數":40.0,"破碎化等級":"中","判定原因":"面積減少0.0%；斑塊增加0.0%；平均斑塊縮小0.0%；道路密度3.37 km/km²；孤立比例0.0%；距大型綠地0m","2021面積_ha":5.31,"2022面積_ha":5.31,"2023面積_ha":5.31}},{"type":"Feature","geometry":{"type":"Polygon","coordinates":[[[121.35505875040361,24.441810989380603],[121.3550840456231,24.450839864349124],[121.36494733659457,24.45081638176348],[121.36492133877861,24.441787516577904],[121.35505875040361,24.441810989380603]]]},"properties":{"grid_id":"G015_004","綠地類型":"河川沿岸自然地表","中心經度":121.360003,"中心緯度":24.446314,"分析面積_km2":1.04,"2020面積_ha":2.43,"2024面積_ha":2.43,"面積減少率_pct":0.0,"2020斑塊數":1,"2024斑塊數":1,"斑塊數增加率_pct":0.0,"2020平均斑塊面積_ha":3042.63,"2024平均斑塊面積_ha":3203.82,"平均斑塊面積下降率_pct":0.0,"道路切割密度_km_per_km2":3.23,"建成區邊界切割密度_km_per_km2":0.0,"孤立小斑塊比例_pct":0.0,"距大型連續綠地平均距離_m":0.0,"score_面積減少":36.206896551724135,"score_斑塊增加":44.260435571687836,"score_平均斑塊縮小":28.153357531760438,"score_道路建成區切割":51.690108892921955,"score_孤立比例":40.58529945553539,"score_距大型綠地":38.40744101633394,"綜合破碎化分數":39.9,"破碎化等級":"中","判定原因":"面積減少0.0%；斑塊增加0.0%；平均斑塊縮小0.0%；道路密度3.23 km/km²；孤立比例0.0%；距大型綠地0m","2021面積_ha":2.43,"2022面積_ha":2.43,"2023面積_ha":2.43}},{"type":"Feature","geometry":{"type":"Polygon","coordinates":[[[121.37478391443949,24.441763400725733],[121.3748106148479,24.45079225586036],[121.38467388003941,24.45076748664309],[121.3846464770426,24.441738641827417],[121.37478391443949,24.441763400725733]]]},"properties":{"grid_id":"G015_006","綠地類型":"河川沿岸自然地表","中心經度":121.379729,"中心緯度":24.446266,"分析面積_km2":1.04,"2020面積_ha":31.32,"2024面積_ha":31.77,"面積減少率_pct":0.0,"2020斑塊數":2,"2024斑塊數":2,"斑塊數增加率_pct":0.0,"2020平均斑塊面積_ha":1527.795,"2024平均斑塊面積_ha":1608.3,"平均斑塊面積下降率_pct":0.0,"道路切割密度_km_per_km2":4.527,"建成區邊界切割密度_km_per_km2":0.634,"孤立小斑塊比例_pct":0.0,"距大型連續綠地平均距離_m":0.0,"score_面積減少":36.206896551724135,"score_斑塊增加":44.260435571687836,"score_平均斑塊縮小":28.153357531760438,"score_道路建成區切割":77.55217785843921,"score_孤立比例":40.58529945553539,"score_距大型綠地":38.40744101633394,"綜合破碎化分數":44.2,"破碎化等級":"中","判定原因":"面積減少0.0%；斑塊增加0.0%；平均斑塊縮小0.0%；道路密度4.53 km/km²；孤立比例0.0%；距大型綠地0m","2021面積_ha":29.97,"2022面積_ha":30.42,"2023面積_ha":30.06}},{"type":"Feature","geometry":{"type":"Polygon","coordinates":[[[121.3846464770426,24.441738641827417],[121.38467388003941,24.45076748664309],[121.3945371318254,24.45074207411509],[121.39450902624438,24.44171323988637],[121.3846464770426,24.441738641827417]]]},"properties":{"grid_id":"G015_007","綠地類型":"河川沿岸自然地表","中心經度":121.389592,"中心緯度":24.44624,"分析面積_km2":1.04,"2020面積_ha":44.1,"2024面積_ha":46.89,"面積減少率_pct":0.0,"2020斑塊數":1,"2024斑塊數":1,"斑塊數增加率_pct":0.0,"2020平均斑塊面積_ha":3042.63,"2024平均斑塊面積_ha":3203.82,"平均斑塊面積下降率_pct":0.0,"道路切割密度_km_per_km2":10.957,"建成區邊界切割密度_km_per_km2":0.0,"孤立小斑塊比例_pct":0.0,"距大型連續綠地平均距離_m":0.0,"score_面積減少":36.206896551724135,"score_斑塊增加":44.260435571687836,"score_平均斑塊縮小":28.153357531760438,"score_道路建成區切割":64.71188747731398,"score_孤立比例":40.58529945553539,"score_距大型綠地":38.40744101633394,"綜合破碎化分數":42.1,"破碎化等級":"中","判定原因":"面積減少0.0%；斑塊增加0.0%；平均斑塊縮小0.0%；道路密度10.96 km/km²；孤立比例0.0%；距大型綠地0m","2021面積_ha":49.32,"2022面積_ha":47.16,"2023面積_ha":47.25}},{"type":"Feature","geometry":{"type":"Polygon","coordinates":[[[121.39450902624438,24.44171323988637],[121.3945371318254,24.45074207411509],[121.40440036986217,24.450716018279856],[121.40437156170125,24.441687194906088],[121.39450902624438,24.44171323988637]]]},"properties":{"grid_id":"G015_008","綠地類型":"河川沿岸自然地表","中心經度":121.399455,"中心緯度":24.446215,"分析面積_km2":1.04,"2020面積_ha":39.6,"2024面積_ha":39.42,"面積減少率_pct":0.45,"2020斑塊數":1,"2024斑塊數":1,"斑塊數增加率_pct":0.0,"2020平均斑塊面積_ha":3042.63,"2024平均斑塊面積_ha":3203.82,"平均斑塊面積下降率_pct":0.0,"道路切割密度_km_per_km2":3.258,"建成區邊界切割密度_km_per_km2":0.0,"孤立小斑塊比例_pct":0.0,"距大型連續綠地平均距離_m":0.0,"score_面積減少":74.9546279491833,"score_斑塊增加":44.260435571687836,"score_平均斑塊縮小":28.153357531760438,"score_道路建成區切割":51.81488203266788,"score_孤立比例":40.58529945553539,"score_距大型綠地":38.40744101633394,"綜合破碎化分數":46.4,"破碎化等級":"中","判定原因":"面積減少0.5%；斑塊增加0.0%；平均斑塊縮小0.0%；道路密度3.26 km/km²；孤立比例0.0%；距大型綠地0m","2021面積_ha":39.87,"2022面積_ha":39.6,"2023面積_ha":39.51}},{"type":"Feature","geometry":{"type":"Polygon","coordinates":[[[121.47340889618124,24.44148687525847],[121.47344262227152,24.45051561514373],[121.48330573794188,24.450484412987443],[121.48327130931007,24.441455686101065],[121.47340889618124,24.44148687525847]]]},"properties":{"grid_id":"G015_016","綠地類型":"河川沿岸自然地表","中心經度":121.478357,"中心緯度":24.445986,"分析面積_km2":1.04,"2020面積_ha":52.29,"2024面積_ha":52.29,"面積減少率_pct":0.0,"2020斑塊數":1,"2024斑塊數":1,"斑塊數增加率_pct":0.0,"2020平均斑塊面積_ha":706.32,"2024平均斑塊面積_ha":739.08,"平均斑塊面積下降率_pct":0.0,"道路切割密度_km_per_km2":2.884,"建成區邊界切割密度_km_per_km2":0.0,"孤立小斑塊比例_pct":0.0,"距大型連續綠地平均距離_m":0.0,"score_面積減少":36.206896551724135,"score_斑塊增加":44.260435571687836,"score_平均斑塊縮小":28.153357531760438,"score_道路建成區切割":50.3516333938294,"score_孤立比例":40.58529945553539,"score_距大型綠地":38.40744101633394,"綜合破碎化分數":39.7,"破碎化等級":"中","判定原因":"面積減少0.0%；斑塊增加0.0%；平均斑塊縮小0.0%；道路密度2.88 km/km²；孤立比例0.0%；距大型綠地0m","2021面積_ha":52.29,"2022面積_ha":52.29,"2023面積_ha":52.29}},{"type":"Feature","geometry":{"type":"Polygon","coordinates":[[[121.51285844629999,24.441358260624185],[121.51289498252422,24.45038694690603],[121.52275802876325,24.45035317168964],[121.52272079001926,24.44132449947859],[121.51285844629999,24.441358260624185]]]},"properties":{"grid_id":"G015_020","綠地類型":"河川沿岸自然地表","中心經度":121.517808,"中心緯度":24.445856,"分析面積_km2":1.04,"2020面積_ha":46.98,"2024面積_ha":47.7,"面積減少率_pct":0.0,"2020斑塊數":2,"2024斑塊數":2,"斑塊數增加率_pct":0.0,"2020平均斑塊面積_ha":125.955,"2024平均斑塊面積_ha":477.945,"平均斑塊面積下降率_pct":0.0,"道路切割密度_km_per_km2":3.604,"建成區邊界切割密度_km_per_km2":0.0,"孤立小斑塊比例_pct":0.0,"距大型連續綠地平均距離_m":0.0,"score_面積減少":36.206896551724135,"score_斑塊增加":44.260435571687836,"score_平均斑塊縮小":28.153357531760438,"score_道路建成區切割":52.93784029038113,"score_孤立比例":40.58529945553539,"score_距大型綠地":38.40744101633394,"綜合破碎化分數":40.1,"破碎化等級":"中","判定原因":"面積減少0.0%；斑塊增加0.0%；平均斑塊縮小0.0%；道路密度3.60 km/km²；孤立比例0.0%；距大型綠地0m","2021面積_ha":47.7,"2022面積_ha":47.52,"2023面積_ha":47.34}},{"type":"Feature","geometry":{"type":"Polygon","coordinates":[[[121.52272079001926,24.44132449947859],[121.52275802876325,24.45035317168964],[121.53262105678532,24.450318753219648],[121.5325831155273,24.441290095347373],[121.52272079001926,24.44132449947859]]]},"properties":{"grid_id":"G015_021","綠地類型":"河川沿岸自然地表","中心經度":121.527671,"中心緯度":24.445822,"分析面積_km2":1.04,"2020面積_ha":36.9,"2024面積_ha":37.26,"面積減少率_pct":0.0,"2020斑塊數":1,"2024斑塊數":1,"斑塊數增加率_pct":0.0,"2020平均斑塊面積_ha":217.35,"2024平均斑塊面積_ha":216.81,"平均斑塊面積下降率_pct":0.25,"道路切割密度_km_per_km2":0.0,"建成區邊界切割密度_km_per_km2":0.0,"孤立小斑塊比例_pct":0.0,"距大型連續綠地平均距離_m":0.0,"score_面積減少":36.206896551724135,"score_斑塊增加":44.260435571687836,"score_平均斑塊縮小":63.77041742286751,"score_道路建成區切割":25.941470054446462,"score_孤立比例":40.58529945553539,"score_距大型綠地":38.40744101633394,"綜合破碎化分數":41.5,"破碎化等級":"中","判定原因":"面積減少0.0%；斑塊增加0.0%；平均斑塊縮小0.2%；道路密度0.00 km/km²；孤立比例0.0%；距大型綠地0m","2021面積_ha":37.71,"2022面積_ha":36.99,"2023面積_ha":37.35}},{"type":"Feature","geometry":{"type":"Polygon","coordinates":[[[121.5325831155273,24.441290095347373],[121.53262105678532,24.450318753219648],[121.54248406624676,24.4502836915008],[121.54244542248053,24.44125504823526],[121.5325831155273,24.441290095347373]]]},"properties":{"grid_id":"G015_022","綠地類型":"河川沿岸自然地表","中心經度":121.537533,"中心緯度":24.445787,"分析面積_km2":1.04,"2020面積_ha":46.26,"2024面積_ha":46.17,"面積減少率_pct":0.19,"2020斑塊數":1,"2024斑塊數":1,"斑塊數增加率_pct":0.0,"2020平均斑塊面積_ha":217.35,"2024平均斑塊面積_ha":216.81,"平均斑塊面積下降率_pct":0.25,"道路切割密度_km_per_km2":0.0,"建成區邊界切割密度_km_per_km2":0.0,"孤立小斑塊比例_pct":0.0,"距大型連續綠地平均距離_m":0.0,"score_面積減少":72.82214156079854,"score_斑塊增加":44.260435571687836,"score_平均斑塊縮小":63.77041742286751,"score_道路建成區切割":25.941470054446462,"score_孤立比例":40.58529945553539,"score_距大型綠地":38.40744101633394,"綜合破碎化分數":47.6,"破碎化等級":"中","判定原因":"面積減少0.2%；斑塊增加0.0%；平均斑塊縮小0.2%；道路密度0.00 km/km²；孤立比例0.0%；距大型綠地0m","2021面積_ha":46.35,"2022面積_ha":46.08,"2023面積_ha":45.99}},{"type":"Feature","geometry":{"type":"Polygon","coordinates":[[[121.54244542248053,24.44125504823526],[121.54248406624676,24.4502836915008],[121.55234705680395,24.450247986537924],[121.55230771053542,24.44121935814709],[121.54244542248053,24.44125504823526]]]},"properties":{"grid_id":"G015_023","綠地類型":"河川沿岸自然地表","中心經度":121.547396,"中心緯度":24.445752,"分析面積_km2":1.04,"2020面積_ha":15.66,"2024面積_ha":15.66,"面積減少率_pct":0.0,"2020斑塊數":2,"2024斑塊數":2,"斑塊數增加率_pct":0.0,"2020平均斑塊面積_ha":247.05,"2024平均斑塊面積_ha":246.375,"平均斑塊面積下降率_pct":0.27,"道路切割密度_km_per_km2":2.047,"建成區邊界切割密度_km_per_km2":0.0,"孤立小斑塊比例_pct":0.0,"距大型連續綠地平均距離_m":0.0,"score_面積減少":36.206896551724135,"score_斑塊增加":44.260435571687836,"score_平均斑塊縮小":65.58529945553539,"score_道路建成區切割":46.67649727767696,"score_孤立比例":40.58529945553539,"score_距大型綠地":38.40744101633394,"綜合破碎化分數":45.3,"破碎化等級":"中","判定原因":"面積減少0.0%；斑塊增加0.0%；平均斑塊縮小0.3%；道路密度2.05 km/km²；孤立比例0.0%；距大型綠地0m","2021面積_ha":15.66,"2022面積_ha":15.66,"2023面積_ha":15.66}},{"type":"Feature","geometry":{"type":"Polygon","coordinates":[[[121.58189445787482,24.4411084300759],[121.58193591161357,24.45013701223483],[121.59179882311736,24.45009873434598],[121.59175666690109,24.441070168133606],[121.58189445787482,24.4411084300759]]]},"properties":{"grid_id":"G015_027","綠地類型":"河川沿岸自然地表","中心經度":121.586846,"中心緯度":24.445604,"分析面積_km2":1.04,"2020面積_ha":65.52,"2024面積_ha":65.43,"面積減少率_pct":0.14,"2020斑塊數":1,"2024斑塊數":1,"斑塊數增加率_pct":0.0,"2020平均斑塊面積_ha":2919.15,"2024平均斑塊面積_ha":3064.86,"平均斑塊面積下降率_pct":0.0,"道路切割密度_km_per_km2":0.0,"建成區邊界切割密度_km_per_km2":0.0,"孤立小斑塊比例_pct":0.0,"距大型連續綠地平均距離_m":0.0,"score_面積減少":72.48185117967331,"score_斑塊增加":44.260435571687836,"score_平均斑塊縮小":28.153357531760438,"score_道路建成區切割":25.941470054446462,"score_孤立比例":40.58529945553539,"score_距大型綠地":38.40744101633394,"綜合破碎化分數":41.6,"破碎化等級":"中","判定原因":"面積減少0.1%；斑塊增加0.0%；平均斑塊縮小0.0%；道路密度0.00 km/km²；孤立比例0.0%；距大型綠地0m","2021面積_ha":65.61,"2022面積_ha":65.34,"2023面積_ha":65.52}},{"type":"Feature","geometry":{"type":"Polygon","coordinates":[[[121.61148102276223,24.440991715402678],[121.61152458391403,24.450020248918083],[121.62138743251967,24.44998004138986],[121.62134316891012,24.440951524624865],[121.61148102276223,24.440991715402678]]]},"properties":{"grid_id":"G015_030","綠地類型":"河川沿岸自然地表","中心經度":121.616434,"中心緯度":24.445486,"分析面積_km2":1.04,"2020面積_ha":48.6,"2024面積_ha":48.51,"面積減少率_pct":0.19,"2020斑塊數":1,"2024斑塊數":1,"斑塊數增加率_pct":0.0,"2020平均斑塊面積_ha":2712.51,"2024平均斑塊面積_ha":2751.66,"平均斑塊面積下降率_pct":0.0,"道路切割密度_km_per_km2":0.663,"建成區邊界切割密度_km_per_km2":0.0,"孤立小斑塊比例_pct":0.0,"距大型連續綠地平均距離_m":0.0,"score_面積減少":72.82214156079854,"score_斑塊增加":44.260435571687836,"score_平均斑塊縮小":28.153357531760438,"score_道路建成區切割":37.68148820326679,"score_孤立比例":40.58529945553539,"score_距大型綠地":38.40744101633394,"綜合破碎化分數":43.7,"破碎化等級":"中","判定原因":"面積減少0.2%；斑塊增加0.0%；平均斑塊縮小0.0%；道路密度0.66 km/km²；孤立比例0.0%；距大型綠地0m","2021面積_ha":48.6,"2022面積_ha":48.51,"2023面積_ha":48.51}},{"type":"Feature","geometry":{"type":"Polygon","coordinates":[[[121.65092947610081,24.440827094708787],[121.6509758470426,24.44985555961488],[121.66083860697354,24.44981277931219],[121.66079153360177,24.440784332228272],[121.65092947610081,24.440827094708787]]]},"properties":{"grid_id":"G015_034","綠地類型":"河川沿岸自然地表","中心經度":121.655884,"中心緯度":24.44532,"分析面積_km2":1.04,"2020面積_ha":29.52,"2024面積_ha":29.52,"面積減少率_pct":0.0,"2020斑塊數":2,"2024斑塊數":2,"斑塊數增加率_pct":0.0,"2020平均斑塊面積_ha":3415.32,"2024平均斑塊面積_ha":3147.12,"平均斑塊面積下降率_pct":7.85,"道路切割密度_km_per_km2":2.076,"建成區邊界切割密度_km_per_km2":0.0,"孤立小斑塊比例_pct":0.0,"距大型連續綠地平均距離_m":0.0,"score_面積減少":36.206896551724135,"score_斑塊增加":44.260435571687836,"score_平均斑塊縮小":75.20417422867513,"score_道路建成區切割":46.903357531760435,"score_孤立比例":40.58529945553539,"score_距大型綠地":38.40744101633394,"綜合破碎化分數":46.9,"破碎化等級":"中","判定原因":"面積減少0.0%；斑塊增加0.0%；平均斑塊縮小7.8%；道路密度2.08 km/km²；孤立比例0.0%；距大型綠地0m","2021面積_ha":29.52,"2022面積_ha":29.52,"2023面積_ha":29.52}},{"type":"Feature","geometry":{"type":"Polygon","coordinates":[[[121.66079153360177,24.440784332228272],[121.66083860697354,24.44981277931219],[121.67070134387683,24.4497693558304],[121.67065356808226,24.440740926836597],[121.66079153360177,24.440784332228272]]]},"properties":{"grid_id":"G015_035","綠地類型":"河川沿岸自然地表","中心經度":121.665746,"中心緯度":24.445277,"分析面積_km2":1.04,"2020面積_ha":31.41,"2024面積_ha":31.41,"面積減少率_pct":0.0,"2020斑塊數":1,"2024斑塊數":1,"斑塊數增加率_pct":0.0,"2020平均斑塊面積_ha":4118.13,"2024平均斑塊面積_ha":3542.58,"平均斑塊面積下降率_pct":13.98,"道路切割密度_km_per_km2":0.173,"建成區邊界切割密度_km_per_km2":0.0,"孤立小斑塊比例_pct":0.0,"距大型連續綠地平均距離_m":0.0,"score_面積減少":36.206896551724135,"score_斑塊增加":44.260435571687836,"score_平均斑塊縮小":79.33303085299455,"score_道路建成區切割":34.720961887477316,"score_孤立比例":40.58529945553539,"score_距大型綠地":38.40744101633394,"綜合破碎化分數":45.6,"破碎化等級":"中","判定原因":"面積減少0.0%；斑塊增加0.0%；平均斑塊縮小14.0%；道路密度0.17 km/km²；孤立比例0.0%；距大型綠地0m","2021面積_ha":31.41,"2022面積_ha":31.41,"2023面積_ha":31.41}},{"type":"Feature","geometry":{"type":"Polygon","coordinates":[[[121.68051557919881,24.440696878539757],[121.68056405740884,24.449725289175515],[121.690426747226,24.449680579353597],[121.69037756660798,24.440652187343815],[121.68051557919881,24.440696878539757]]]},"properties":{"grid_id":"G015_037","綠地類型":"河川沿岸自然地表","中心經度":121.685471,"中心緯度":24.445189,"分析面積_km2":1.04,"2020面積_ha":44.64,"2024面積_ha":44.64,"面積減少率_pct":0.0,"2020斑塊數":1,"2024斑塊數":1,"斑塊數增加率_pct":0.0,"2020平均斑塊面積_ha":4118.13,"2024平均斑塊面積_ha":3542.58,"平均斑塊面積下降率_pct":13.98,"道路切割密度_km_per_km2":0.519,"建成區邊界切割密度_km_per_km2":0.0,"孤立小斑塊比例_pct":0.0,"距大型連續綠地平均距離_m":0.0,"score_面積減少":36.206896551724135,"score_斑塊增加":44.260435571687836,"score_平均斑塊縮小":79.33303085299455,"score_道路建成區切割":36.77404718693285,"score_孤立比例":40.58529945553539,"score_距大型綠地":38.40744101633394,"綜合破碎化分數":45.9,"破碎化等級":"中","判定原因":"面積減少0.0%；斑塊增加0.0%；平均斑塊縮小14.0%；道路密度0.52 km/km²；孤立比例0.0%；距大型綠地0m","2021面積_ha":44.64,"2022面積_ha":44.64,"2023面積_ha":44.64}},{"type":"Feature","geometry":{"type":"Polygon","coordinates":[[[121.69037756660798,24.440652187343815],[121.690426747226,24.449680579353597],[121.70028941298476,24.449635226370816],[121.70023952996625,24.440606853254934],[121.69037756660798,24.440652187343815]]]},"properties":{"grid_id":"G015_038","綠地類型":"河川沿岸自然地表","中心經度":121.695333,"中心緯度":24.445144,"分析面積_km2":1.04,"2020面積_ha":13.68,"2024面積_ha":13.68,"面積減少率_pct":0.0,"2020斑塊數":1,"2024斑塊數":1,"斑塊數增加率_pct":0.0,"2020平均斑塊面積_ha":4118.13,"2024平均斑塊面積_ha":3542.58,"平均斑塊面積下降率_pct":13.98,"道路切割密度_km_per_km2":0.0,"建成區邊界切割密度_km_per_km2":0.0,"孤立小斑塊比例_pct":0.0,"距大型連續綠地平均距離_m":0.0,"score_面積減少":36.206896551724135,"score_斑塊增加":44.260435571687836,"score_平均斑塊縮小":79.33303085299455,"score_道路建成區切割":25.941470054446462,"score_孤立比例":40.58529945553539,"score_距大型綠地":38.40744101633394,"綜合破碎化分數":44.1,"破碎化等級":"中","判定原因":"面積減少0.0%；斑塊增加0.0%；平均斑塊縮小14.0%；道路密度0.00 km/km²；孤立比例0.0%；距大型綠地0m","2021面積_ha":13.68,"2022面積_ha":13.68,"2023面積_ha":13.68}},{"type":"Feature","geometry":{"type":"Polygon","coordinates":[[[121.70023952996625,24.440606853254934],[121.70028941298476,24.449635226370816],[121.71015205434148,24.449589230233418],[121.71010146893018,24.440560876279363],[121.70023952996625,24.440606853254934]]]},"properties":{"grid_id":"G015_039","綠地類型":"河川沿岸自然地表","中心經度":121.705196,"中心緯度":24.445098,"分析面積_km2":1.04,"2020面積_ha":22.05,"2024面積_ha":22.05,"面積減少率_pct":0.0,"2020斑塊數":1,"2024斑塊數":1,"斑塊數增加率_pct":0.0,"2020平均斑塊面積_ha":4118.13,"2024平均斑塊面積_ha":3542.58,"平均斑塊面積下降率_pct":13.98,"道路切割密度_km_per_km2":0.0,"建成區邊界切割密度_km_per_km2":0.0,"孤立小斑塊比例_pct":0.0,"距大型連續綠地平均距離_m":0.0,"score_面積減少":36.206896551724135,"score_斑塊增加":44.260435571687836,"score_平均斑塊縮小":79.33303085299455,"score_道路建成區切割":25.941470054446462,"score_孤立比例":40.58529945553539,"score_距大型綠地":38.40744101633394,"綜合破碎化分數":44.1,"破碎化等級":"中","判定原因":"面積減少0.0%；斑塊增加0.0%；平均斑塊縮小14.0%；道路密度0.00 km/km²；孤立比例0.0%；距大型綠地0m","2021面積_ha":22.05,"2022面積_ha":22.05,"2023面積_ha":22.05}},{"type":"Feature","geometry":{"type":"Polygon","coordinates":[[[121.71010146893018,24.440560876279363],[121.71015205434148,24.449589230233418],[121.72001467095268,24.44954259094775],[121.7199633831563,24.440514256423445],[121.71010146893018,24.440560876279363]]]},"properties":{"grid_id":"G015_040","綠地類型":"河川沿岸自然地表","中心經度":121.715058,"中心緯度":24.445052,"分析面積_km2":1.04,"2020面積_ha":63.27,"2024面積_ha":63.27,"面積減少率_pct":0.0,"2020斑塊數":1,"2024斑塊數":1,"斑塊數增加率_pct":0.0,"2020平均斑塊面積_ha":4118.13,"2024平均斑塊面積_ha":3542.58,"平均斑塊面積下降率_pct":13.98,"道路切割密度_km_per_km2":0.0,"建成區邊界切割密度_km_per_km2":0.0,"孤立小斑塊比例_pct":0.0,"距大型連續綠地平均距離_m":0.0,"score_面積減少":36.206896551724135,"score_斑塊增加":44.260435571687836,"score_平均斑塊縮小":79.33303085299455,"score_道路建成區切割":25.941470054446462,"score_孤立比例":40.58529945553539,"score_距大型綠地":38.40744101633394,"綜合破碎化分數":44.1,"破碎化等級":"中","判定原因":"面積減少0.0%；斑塊增加0.0%；平均斑塊縮小14.0%；道路密度0.00 km/km²；孤立比例0.0%；距大型綠地0m","2021面積_ha":63.27,"2022面積_ha":63.27,"2023面積_ha":63.27}},{"type":"Feature","geometry":{"type":"Polygon","coordinates":[[[121.7199633831563,24.440514256423445],[121.72001467095268,24.44954259094775],[121.72987726247473,24.44949530852025],[121.72982527230113,24.440466993693597],[121.7199633831563,24.440514256423445]]]},"properties":{"grid_id":"G015_041","綠地類型":"河川沿岸自然地表","中心經度":121.72492,"中心緯度":24.445005,"分析面積_km2":1.04,"2020面積_ha":26.91,"2024面積_ha":26.91,"面積減少率_pct":0.0,"2020斑塊數":1,"2024斑塊數":1,"斑塊數增加率_pct":0.0,"2020平均斑塊面積_ha":4118.13,"2024平均斑塊面積_ha":3542.58,"平均斑塊面積下降率_pct":13.98,"道路切割密度_km_per_km2":1.096,"建成區邊界切割密度_km_per_km2":0.0,"孤立小斑塊比例_pct":0.0,"距大型連續綠地平均距離_m":0.0,"score_面積減少":36.206896551724135,"score_斑塊增加":44.260435571687836,"score_平均斑塊縮小":79.33303085299455,"score_道路建成區切割":39.91606170598911,"score_孤立比例":40.58529945553539,"score_距大型綠地":38.40744101633394,"綜合破碎化分數":46.5,"破碎化等級":"中","判定原因":"面積減少0.0%；斑塊增加0.0%；平均斑塊縮小14.0%；道路密度1.10 km/km²；孤立比例0.0%；距大型綠地0m","2021面積_ha":26.91,"2022面積_ha":26.91,"2023面積_ha":26.91}},{"type":"Feature","geometry":{"type":"Polygon","coordinates":[[[121.72982527230113,24.440466993693597],[121.72987726247473,24.44949530852025],[121.73973982856408,24.449447382957434],[121.73968713602127,24.44041908809634],[121.72982527230113,24.440466993693597]]]},"properties":{"grid_id":"G015_042","綠地類型":"河川沿岸自然地表","中心經度":121.734782,"中心緯度":24.444957,"分析面積_km2":1.04,"2020面積_ha":28.71,"2024面積_ha":28.71,"面積減少率_pct":0.0,"2020斑塊數":1,"2024斑塊數":1,"斑塊數增加率_pct":0.0,"2020平均斑塊面積_ha":4118.13,"2024平均斑塊面積_ha":119.79,"平均斑塊面積下降率_pct":97.09,"道路切割密度_km_per_km2":0.0,"建成區邊界切割密度_km_per_km2":0.0,"孤立小斑塊比例_pct":0.0,"距大型連續綠地平均距離_m":0.0,"score_面積減少":36.206896551724135,"score_斑塊增加":44.260435571687836,"score_平均斑塊縮小":98.93375680580763,"score_道路建成區切割":25.941470054446462,"score_孤立比例":40.58529945553539,"score_距大型綠地":38.40744101633394,"綜合破碎化分數":47.4,"破碎化等級":"中","判定原因":"面積減少0.0%；斑塊增加0.0%；平均斑塊縮小97.1%；道路密度0.00 km/km²；孤立比例0.0%；距大型綠地0m","2021面積_ha":28.71,"2022面積_ha":28.71,"2023面積_ha":28.71}},{"type":"Feature","geometry":{"type":"Polygon","coordinates":[[[121.73968713602127,24.44041908809634],[121.73973982856408,24.449447382957434],[121.74960236887718,24.449398814265898],[121.74954897397322,24.440370539638295],[121.73968713602127,24.44041908809634]]]},"properties":{"grid_id":"G015_043","綠地類型":"河川沿岸自然地表","中心經度":121.744645,"中心緯度":24.444909,"分析面積_km2":1.04,"2020面積_ha":13.32,"2024面積_ha":13.32,"面積減少率_pct":0.0,"2020斑塊數":1,"2024斑塊數":1,"斑塊數增加率_pct":0.0,"2020平均斑塊面積_ha":4118.13,"2024平均斑塊面積_ha":119.79,"平均斑塊面積下降率_pct":97.09,"道路切割密度_km_per_km2":0.0,"建成區邊界切割密度_km_per_km2":0.0,"孤立小斑塊比例_pct":0.0,"距大型連續綠地平均距離_m":0.0,"score_面積減少":36.206896551724135,"score_斑塊增加":44.260435571687836,"score_平均斑塊縮小":98.93375680580763,"score_道路建成區切割":25.941470054446462,"score_孤立比例":40.58529945553539,"score_距大型綠地":38.40744101633394,"綜合破碎化分數":47.4,"破碎化等級":"中","判定原因":"面積減少0.0%；斑塊增加0.0%；平均斑塊縮小97.1%；道路密度0.00 km/km²；孤立比例0.0%；距大型綠地0m","2021面積_ha":13.32,"2022面積_ha":13.32,"2023面積_ha":13.23}},{"type":"Feature","geometry":{"type":"Polygon","coordinates":[[[121.3550840456231,24.450839864349124],[121.35510935321702,24.459868728514135],[121.36497334712867,24.459845236144197],[121.36494733659457,24.45081638176348],[121.3550840456231,24.450839864349124]]]},"properties":{"grid_id":"G016_004","綠地類型":"河川沿岸自然地表","中心經度":121.360029,"中心緯度":24.455343,"分析面積_km2":1.04,"2020面積_ha":25.83,"2024面積_ha":24.93,"面積減少率_pct":3.48,"2020斑塊數":1,"2024斑塊數":1,"斑塊數增加率_pct":0.0,"2020平均斑塊面積_ha":3042.63,"2024平均斑塊面積_ha":3203.82,"平均斑塊面積下降率_pct":0.0,"道路切割密度_km_per_km2":1.182,"建成區邊界切割密度_km_per_km2":0.0,"孤立小斑塊比例_pct":0.0,"距大型連續綠地平均距離_m":0.0,"score_面積減少":82.98548094373865,"score_斑塊增加":44.260435571687836,"score_平均斑塊縮小":28.153357531760438,"score_道路建成區切割":40.1429219600726,"score_孤立比例":40.58529945553539,"score_距大型綠地":38.40744101633394,"綜合破碎化分數":45.8,"破碎化等級":"中","判定原因":"面積減少3.5%；斑塊增加0.0%；平均斑塊縮小0.0%；道路密度1.18 km/km²；孤立比例0.0%；距大型綠地0m","2021面積_ha":25.92,"2022面積_ha":25.83,"2023面積_ha":24.57}},{"type":"Feature","geometry":{"type":"Polygon","coordinates":[[[121.3748106148479,24.45079225586036],[121.37483732831818,24.459821100188737],[121.38470129644179,24.459796320651087],[121.38467388003941,24.45076748664309],[121.3748106148479,24.45079225586036]]]},"properties":{"grid_id":"G016_006","綠地類型":"河川沿岸自然地表","中心經度":121.379756,"中心緯度":24.455294,"分析面積_km2":1.04,"2020面積_ha":13.41,"2024面積_ha":13.41,"面積減少率_pct":0.0,"2020斑塊數":1,"2024斑塊數":1,"斑塊數增加率_pct":0.0,"2020平均斑塊面積_ha":3042.63,"2024平均斑塊面積_ha":3203.82,"平均斑塊面積下降率_pct":0.0,"道路切割密度_km_per_km2":6.142,"建成區邊界切割密度_km_per_km2":0.0,"孤立小斑塊比例_pct":0.0,"距大型連續綠地平均距離_m":0.0,"score_面積減少":36.206896551724135,"score_斑塊增加":44.260435571687836,"score_平均斑塊縮小":28.153357531760438,"score_道路建成區切割":57.82667876588022,"score_孤立比例":40.58529945553539,"score_距大型綠地":38.40744101633394,"綜合破碎化分數":40.9,"破碎化等級":"中","判定原因":"面積減少0.0%；斑塊增加0.0%；平均斑塊縮小0.0%；道路密度6.14 km/km²；孤立比例0.0%；距大型綠地0m","2021面積_ha":13.41,"2022面積_ha":13.41,"2023面積_ha":13.41}},{"type":"Feature","geometry":{"type":"Polygon","coordinates":[[[121.38467388003941,24.45076748664309],[121.38470129644179,24.459796320651087],[121.39456525115564,24.459770897534668],[121.3945371318254,24.45074207411509],[121.38467388003941,24.45076748664309]]]},"properties":{"grid_id":"G016_007","綠地類型":"河川沿岸自然地表","中心經度":121.389619,"中心緯度":24.455269,"分析面積_km2":1.04,"2020面積_ha":51.48,"2024面積_ha":52.2,"面積減少率_pct":0.0,"2020斑塊數":1,"2024斑塊數":1,"斑塊數增加率_pct":0.0,"2020平均斑塊面積_ha":3042.63,"2024平均斑塊面積_ha":3203.82,"平均斑塊面積下降率_pct":0.0,"道路切割密度_km_per_km2":7.468,"建成區邊界切割密度_km_per_km2":0.202,"孤立小斑塊比例_pct":0.0,"距大型連續綠地平均距離_m":0.0,"score_面積減少":36.206896551724135,"score_斑塊增加":44.260435571687836,"score_平均斑塊縮小":28.153357531760438,"score_道路建成區切割":80.0703266787659,"score_孤立比例":40.58529945553539,"score_距大型綠地":38.40744101633394,"綜合破碎化分數":44.6,"破碎化等級":"中","判定原因":"面積減少0.0%；斑塊增加0.0%；平均斑塊縮小0.0%；道路密度7.47 km/km²；孤立比例0.0%；距大型綠地0m","2021面積_ha":54.81,"2022面積_ha":52.47,"2023面積_ha":52.92}},{"type":"Feature","geometry":{"type":"Polygon","coordinates":[[[121.3945371318254,24.45074207411509],[121.39456525115564,24.459770897534668],[121.40442919211597,24.45974483084298],[121.40440036986217,24.450716018279856],[121.3945371318254,24.45074207411509]]]},"properties":{"grid_id":"G016_008","綠地類型":"河川沿岸自然地表","中心經度":121.399483,"中心緯度":24.455244,"分析面積_km2":1.04,"2020面積_ha":28.35,"2024面積_ha":30.87,"面積減少率_pct":0.0,"2020斑塊數":1,"2024斑塊數":1,"斑塊數增加率_pct":0.0,"2020平均斑塊面積_ha":3042.63,"2024平均斑塊面積_ha":3203.82,"平均斑塊面積下降率_pct":0.0,"道路切割密度_km_per_km2":4.787,"建成區邊界切割密度_km_per_km2":0.0,"孤立小斑塊比例_pct":0.0,"距大型連續綠地平均距離_m":0.0,"score_面積減少":36.206896551724135,"score_斑塊增加":44.260435571687836,"score_平均斑塊縮小":28.153357531760438,"score_道路建成區切割":55.546733212341195,"score_孤立比例":40.58529945553539,"score_距大型綠地":38.40744101633394,"綜合破碎化分數":40.5,"破碎化等級":"中","判定原因":"面積減少0.0%；斑塊增加0.0%；平均斑塊縮小0.0%；道路密度4.79 km/km²；孤立比例0.0%；距大型綠地0m","2021面積_ha":31.41,"2022面積_ha":30.78,"2023面積_ha":30.96}},{"type":"Feature","geometry":{"type":"Polygon","coordinates":[[[121.49316883676987,24.450452567559456],[121.49320398512391,24.459481270353123],[121.50306776964041,24.45944876812111],[121.50303191841188,24.45042007886416],[121.49316883676987,24.450452567559456]]]},"properties":{"grid_id":"G016_018","綠地類型":"河川沿岸自然地表","中心經度":121.498118,"中心緯度":24.454951,"分析面積_km2":1.04,"2020面積_ha":2.88,"2024面積_ha":2.88,"面積減少率_pct":0.0,"2020斑塊數":1,"2024斑塊數":1,"斑塊數增加率_pct":0.0,"2020平均斑塊面積_ha":2919.15,"2024平均斑塊面積_ha":3064.86,"平均斑塊面積下降率_pct":0.0,"道路切割密度_km_per_km2":3.604,"建成區邊界切割密度_km_per_km2":0.0,"孤立小斑塊比例_pct":0.0,"距大型連續綠地平均距離_m":0.0,"score_面積減少":36.206896551724135,"score_斑塊增加":44.260435571687836,"score_平均斑塊縮小":28.153357531760438,"score_道路建成區切割":52.93784029038113,"score_孤立比例":40.58529945553539,"score_距大型綠地":38.40744101633394,"綜合破碎化分數":40.1,"破碎化等級":"中","判定原因":"面積減少0.0%；斑塊增加0.0%；平均斑塊縮小0.0%；道路密度3.60 km/km²；孤立比例0.0%；距大型綠地0m","2021面積_ha":2.88,"2022面積_ha":2.88,"2023面積_ha":2.88}},{"type":"Feature","geometry":{"type":"Polygon","coordinates":[[[121.51289498252422,24.45038694690603],[121.51293153662178,24.45941562235825],[121.5227952857242,24.45938183306912],[121.52275802876325,24.45035317168964],[121.51289498252422,24.45038694690603]]]},"properties":{"grid_id":"G016_020","綠地類型":"河川沿岸自然地表","中心經度":121.517845,"中心緯度":24.454884,"分析面積_km2":1.04,"2020面積_ha":20.88,"2024面積_ha":20.88,"面積減少率_pct":0.0,"2020斑塊數":2,"2024斑塊數":2,"斑塊數增加率_pct":0.0,"2020平均斑塊面積_ha":1568.25,"2024平均斑塊面積_ha":1640.835,"平均斑塊面積下降率_pct":0.0,"道路切割密度_km_per_km2":5.017,"建成區邊界切割密度_km_per_km2":0.0,"孤立小斑塊比例_pct":0.0,"距大型連續綠地平均距離_m":0.0,"score_面積減少":36.206896551724135,"score_斑塊增加":44.260435571687836,"score_平均斑塊縮小":28.153357531760438,"score_道路建成區切割":55.93239564428312,"score_孤立比例":40.58529945553539,"score_距大型綠地":38.40744101633394,"綜合破碎化分數":40.6,"破碎化等級":"中","判定原因":"面積減少0.0%；斑塊增加0.0%；平均斑塊縮小0.0%；道路密度5.02 km/km²；孤立比例0.0%；距大型綠地0m","2021面積_ha":20.88,"2022面積_ha":20.88,"2023面積_ha":20.88}},{"type":"Feature","geometry":{"type":"Polygon","coordinates":[[[121.52275802876325,24.45035317168964],[121.5227952857242,24.45938183306912],[121.53265901660394,24.459347400258366],[121.53262105678532,24.450318753219648],[121.52275802876325,24.45035317168964]]]},"properties":{"grid_id":"G016_021","綠地類型":"河川沿岸自然地表","中心經度":121.527708,"中心緯度":24.45485,"分析面積_km2":1.04,"2020面積_ha":26.37,"2024面積_ha":26.37,"面積減少率_pct":0.0,"2020斑塊數":1,"2024斑塊數":1,"斑塊數增加率_pct":0.0,"2020平均斑塊面積_ha":217.35,"2024平均斑塊面積_ha":216.81,"平均斑塊面積下降率_pct":0.25,"道路切割密度_km_per_km2":1.788,"建成區邊界切割密度_km_per_km2":0.0,"孤立小斑塊比例_pct":0.0,"距大型連續綠地平均距離_m":0.0,"score_面積減少":36.206896551724135,"score_斑塊增加":44.260435571687836,"score_平均斑塊縮小":63.77041742286751,"score_道路建成區切割":45.07713248638839,"score_孤立比例":40.58529945553539,"score_距大型綠地":38.40744101633394,"綜合破碎化分數":44.7,"破碎化等級":"中","判定原因":"面積減少0.0%；斑塊增加0.0%；平均斑塊縮小0.2%；道路密度1.79 km/km²；孤立比例0.0%；距大型綠地0m","2021面積_ha":26.37,"2022面積_ha":26.37,"2023面積_ha":26.37}},{"type":"Feature","geometry":{"type":"Polygon","coordinates":[[[121.53262105678532,24.450318753219648],[121.53265901660394,24.459347400258366],[121.54252272891725,24.459312323930757],[121.54248406624676,24.4502836915008],[121.53262105678532,24.450318753219648]]]},"properties":{"grid_id":"G016_022","綠地類型":"河川沿岸自然地表","中心經度":121.537572,"中心緯度":24.454816,"分析面積_km2":1.04,"2020面積_ha":15.21,"2024面積_ha":15.21,"面積減少率_pct":0.0,"2020斑塊數":1,"2024斑塊數":1,"斑塊數增加率_pct":0.0,"2020平均斑塊面積_ha":217.35,"2024平均斑塊面積_ha":216.81,"平均斑塊面積下降率_pct":0.25,"道路切割密度_km_per_km2":0.577,"建成區邊界切割密度_km_per_km2":0.0,"孤立小斑塊比例_pct":0.0,"距大型連續綠地平均距離_m":0.0,"score_面積減少":36.206896551724135,"score_斑塊增加":44.260435571687836,"score_平均斑塊縮小":63.77041742286751,"score_道路建成區切割":37.137023593466424,"score_孤立比例":40.58529945553539,"score_距大型綠地":38.40744101633394,"綜合破碎化分數":43.4,"破碎化等級":"中","判定原因":"面積減少0.0%；斑塊增加0.0%；平均斑塊縮小0.2%；道路密度0.58 km/km²；孤立比例0.0%；距大型綠地0m","2021面積_ha":15.21,"2022面積_ha":15.21,"2023面積_ha":15.21}},{"type":"Feature","geometry":{"type":"Polygon","coordinates":[[[121.54248406624676,24.4502836915008],[121.54252272891725,24.459312323930757],[121.55238642232038,24.459276604091116],[121.55234705680395,24.450247986537924],[121.54248406624676,24.4502836915008]]]},"properties":{"grid_id":"G016_023","綠地類型":"河川沿岸自然地表","中心經度":121.547435,"中心緯度":24.45478,"分析面積_km2":1.04,"2020面積_ha":0.45,"2024面積_ha":0.45,"面積減少率_pct":0.0,"2020斑塊數":1,"2024斑塊數":1,"斑塊數增加率_pct":0.0,"2020平均斑塊面積_ha":217.35,"2024平均斑塊面積_ha":216.81,"平均斑塊面積下降率_pct":0.25,"道路切割密度_km_per_km2":3.864,"建成區邊界切割密度_km_per_km2":0.0,"孤立小斑塊比例_pct":0.0,"距大型連續綠地平均距離_m":0.0,"score_面積減少":36.206896551724135,"score_斑塊增加":44.260435571687836,"score_平均斑塊縮小":63.77041742286751,"score_道路建成區切割":53.69782214156079,"score_孤立比例":40.58529945553539,"score_距大型綠地":38.40744101633394,"綜合破碎化分數":46.2,"破碎化等級":"中","判定原因":"面積減少0.0%；斑塊增加0.0%；平均斑塊縮小0.2%；道路密度3.86 km/km²；孤立比例0.0%；距大型綠地0m","2021面積_ha":0.45,"2022面積_ha":0.45,"2023面積_ha":0.45}},{"type":"Feature","geometry":{"type":"Polygon","coordinates":[[[121.61152458391403,24.450020248918083],[121.61156816637546,24.459048771582715],[121.62143171778251,24.459008547301767],[121.62138743251967,24.44998004138986],[121.61152458391403,24.450020248918083]]]},"properties":{"grid_id":"G016_030","綠地類型":"河川沿岸自然地表","中心經度":121.616478,"中心緯度":24.454514,"分析面積_km2":1.04,"2020面積_ha":38.16,"2024面積_ha":37.89,"面積減少率_pct":0.71,"2020斑塊數":1,"2024斑塊數":1,"斑塊數增加率_pct":0.0,"2020平均斑塊面積_ha":2712.51,"2024平均斑塊面積_ha":2751.66,"平均斑塊面積下降率_pct":0.0,"道路切割密度_km_per_km2":0.26,"建成區邊界切割密度_km_per_km2":0.0,"孤立小斑塊比例_pct":0.0,"距大型連續綠地平均距離_m":0.0,"score_面積減少":76.33847549909257,"score_斑塊增加":44.260435571687836,"score_平均斑塊縮小":28.153357531760438,"score_道路建成區切割":35.367513611615244,"score_孤立比例":40.58529945553539,"score_距大型綠地":38.40744101633394,"綜合破碎化分數":43.9,"破碎化等級":"中","判定原因":"面積減少0.7%；斑塊增加0.0%；平均斑塊縮小0.0%；道路密度0.26 km/km²；孤立比例0.0%；距大型綠地0m","2021面積_ha":38.16,"2022面積_ha":38.07,"2023面積_ha":38.07}},{"type":"Feature","geometry":{"type":"Polygon","coordinates":[[[121.64111306442757,24.449897696732577],[121.64115875527274,24.458926168335086],[121.65102224066847,24.458884013660708],[121.6509758470426,24.44985555961488],[121.64111306442757,24.449897696732577]]]},"properties":{"grid_id":"G016_033","綠地類型":"河川沿岸自然地表","中心經度":121.646067,"中心緯度":24.454391,"分析面積_km2":1.04,"2020面積_ha":29.34,"2024面積_ha":29.34,"面積減少率_pct":0.0,"2020斑塊數":2,"2024斑塊數":2,"斑塊數增加率_pct":0.0,"2020平均斑塊面積_ha":3415.32,"2024平均斑塊面積_ha":3147.12,"平均斑塊面積下降率_pct":7.85,"道路切割密度_km_per_km2":2.163,"建成區邊界切割密度_km_per_km2":0.0,"孤立小斑塊比例_pct":0.0,"距大型連續綠地平均距離_m":0.0,"score_面積減少":36.206896551724135,"score_斑塊增加":44.260435571687836,"score_平均斑塊縮小":75.20417422867513,"score_道路建成區切割":47.311705989110706,"score_孤立比例":40.58529945553539,"score_距大型綠地":38.40744101633394,"綜合破碎化分數":47.0,"破碎化等級":"中","判定原因":"面積減少0.0%；斑塊增加0.0%；平均斑塊縮小7.8%；道路密度2.16 km/km²；孤立比例0.0%；距大型綠地0m","2021面積_ha":29.34,"2022面積_ha":29.34,"2023面積_ha":29.34}},{"type":"Feature","geometry":{"type":"Polygon","coordinates":[[[121.68056405740884,24.449725289175515],[121.68061255933368,24.458753688943492],[121.69047595190244,24.45870896049302],[121.690426747226,24.449680579353597],[121.68056405740884,24.449725289175515]]]},"properties":{"grid_id":"G016_037","綠地類型":"河川沿岸自然地表","中心經度":121.68552,"中心緯度":24.454217,"分析面積_km2":1.04,"2020面積_ha":46.89,"2024面積_ha":47.07,"面積減少率_pct":0.0,"2020斑塊數":1,"2024斑塊數":1,"斑塊數增加率_pct":0.0,"2020平均斑塊面積_ha":4118.13,"2024平均斑塊面積_ha":3542.58,"平均斑塊面積下降率_pct":13.98,"道路切割密度_km_per_km2":0.0,"建成區邊界切割密度_km_per_km2":0.0,"孤立小斑塊比例_pct":0.0,"距大型連續綠地平均距離_m":0.0,"score_面積減少":36.206896551724135,"score_斑塊增加":44.260435571687836,"score_平均斑塊縮小":79.33303085299455,"score_道路建成區切割":25.941470054446462,"score_孤立比例":40.58529945553539,"score_距大型綠地":38.40744101633394,"綜合破碎化分數":44.1,"破碎化等級":"中","判定原因":"面積減少0.0%；斑塊增加0.0%；平均斑塊縮小14.0%；道路密度0.00 km/km²；孤立比例0.0%；距大型綠地0m","2021面積_ha":48.06,"2022面積_ha":47.25,"2023面積_ha":47.7}},{"type":"Feature","geometry":{"type":"Polygon","coordinates":[[[121.690426747226,24.449680579353597],[121.69047595190244,24.45870896049302],[121.70033932040523,24.458663588613724],[121.70028941298476,24.449635226370816],[121.690426747226,24.449680579353597]]]},"properties":{"grid_id":"G016_038","綠地類型":"河川沿岸自然地表","中心經度":121.695383,"中心緯度":24.454172,"分析面積_km2":1.04,"2020面積_ha":13.59,"2024面積_ha":13.59,"面積減少率_pct":0.0,"2020斑塊數":1,"2024斑塊數":1,"斑塊數增加率_pct":0.0,"2020平均斑塊面積_ha":4118.13,"2024平均斑塊面積_ha":3542.58,"平均斑塊面積下降率_pct":13.98,"道路切割密度_km_per_km2":0.0,"建成區邊界切割密度_km_per_km2":0.0,"孤立小斑塊比例_pct":0.0,"距大型連續綠地平均距離_m":0.0,"score_面積減少":36.206896551724135,"score_斑塊增加":44.260435571687836,"score_平均斑塊縮小":79.33303085299455,"score_道路建成區切割":25.941470054446462,"score_孤立比例":40.58529945553539,"score_距大型綠地":38.40744101633394,"綜合破碎化分數":44.1,"破碎化等級":"中","判定原因":"面積減少0.0%；斑塊增加0.0%；平均斑塊縮小14.0%；道路密度0.00 km/km²；孤立比例0.0%；距大型綠地0m","2021面積_ha":13.59,"2022面積_ha":13.59,"2023面積_ha":13.59}},{"type":"Feature","geometry":{"type":"Polygon","coordinates":[[[121.70028941298476,24.449635226370816],[121.70033932040523,24.458663588613724],[121.71020266449838,24.458617573311855],[121.71015205434148,24.449589230233418],[121.70028941298476,24.449635226370816]]]},"properties":{"grid_id":"G016_039","綠地類型":"河川沿岸自然地表","中心經度":121.705246,"中心緯度":24.454126,"分析面積_km2":1.04,"2020面積_ha":2.97,"2024面積_ha":2.97,"面積減少率_pct":0.0,"2020斑塊數":1,"2024斑塊數":1,"斑塊數增加率_pct":0.0,"2020平均斑塊面積_ha":4118.13,"2024平均斑塊面積_ha":3542.58,"平均斑塊面積下降率_pct":13.98,"道路切割密度_km_per_km2":0.0,"建成區邊界切割密度_km_per_km2":0.0,"孤立小斑塊比例_pct":0.0,"距大型連續綠地平均距離_m":0.0,"score_面積減少":36.206896551724135,"score_斑塊增加":44.260435571687836,"score_平均斑塊縮小":79.33303085299455,"score_道路建成區切割":25.941470054446462,"score_孤立比例":40.58529945553539,"score_距大型綠地":38.40744101633394,"綜合破碎化分數":44.1,"破碎化等級":"中","判定原因":"面積減少0.0%；斑塊增加0.0%；平均斑塊縮小14.0%；道路密度0.00 km/km²；孤立比例0.0%；距大型綠地0m","2021面積_ha":2.97,"2022面積_ha":2.97,"2023面積_ha":2.97}},{"type":"Feature","geometry":{"type":"Polygon","coordinates":[[[121.71015205434148,24.449589230233418],[121.71020266449838,24.458617573311855],[121.7200659838382,24.458570914593757],[121.72001467095268,24.44954259094775],[121.71015205434148,24.449589230233418]]]},"properties":{"grid_id":"G016_040","綠地類型":"河川沿岸自然地表","中心經度":121.715109,"中心緯度":24.45408,"分析面積_km2":1.04,"2020面積_ha":64.35,"2024面積_ha":64.35,"面積減少率_pct":0.0,"2020斑塊數":1,"2024斑塊數":1,"斑塊數增加率_pct":0.0,"2020平均斑塊面積_ha":4118.13,"2024平均斑塊面積_ha":3542.58,"平均斑塊面積下降率_pct":13.98,"道路切割密度_km_per_km2":1.903,"建成區邊界切割密度_km_per_km2":0.0,"孤立小斑塊比例_pct":0.0,"距大型連續綠地平均距離_m":0.0,"score_面積減少":36.206896551724135,"score_斑塊增加":44.260435571687836,"score_平均斑塊縮小":79.33303085299455,"score_道路建成區切割":45.80308529945553,"score_孤立比例":40.58529945553539,"score_距大型綠地":38.40744101633394,"綜合破碎化分數":47.4,"破碎化等級":"中","判定原因":"面積減少0.0%；斑塊增加0.0%；平均斑塊縮小14.0%；道路密度1.90 km/km²；孤立比例0.0%；距大型綠地0m","2021面積_ha":64.35,"2022面積_ha":64.35,"2023面積_ha":64.35}},{"type":"Feature","geometry":{"type":"Polygon","coordinates":[[[121.73973982856408,24.449447382957434],[121.73979254688312,24.458475666934714],[121.74965578990096,24.4584270780069],[121.74960236887718,24.449398814265898],[121.73973982856408,24.449447382957434]]]},"properties":{"grid_id":"G016_043","綠地類型":"河川沿岸自然地表","中心經度":121.744698,"中心緯度":24.453937,"分析面積_km2":1.04,"2020面積_ha":17.01,"2024面積_ha":17.01,"面積減少率_pct":0.0,"2020斑塊數":2,"2024斑塊數":2,"斑塊數增加率_pct":0.0,"2020平均斑塊面積_ha":2421.405,"2024平均斑塊面積_ha":2179.035,"平均斑塊面積下降率_pct":10.01,"道路切割密度_km_per_km2":2.855,"建成區邊界切割密度_km_per_km2":0.0,"孤立小斑塊比例_pct":0.0,"距大型連續綠地平均距離_m":0.0,"score_面積減少":36.206896551724135,"score_斑塊增加":44.260435571687836,"score_平均斑塊縮小":76.08892921960071,"score_道路建成區切割":50.28357531760436,"score_孤立比例":40.58529945553539,"score_距大型綠地":38.40744101633394,"綜合破碎化分數":47.6,"破碎化等級":"中","判定原因":"面積減少0.0%；斑塊增加0.0%；平均斑塊縮小10.0%；道路密度2.85 km/km²；孤立比例0.0%；距大型綠地0m","2021面積_ha":17.01,"2022面積_ha":17.01,"2023面積_ha":17.01}},{"type":"Feature","geometry":{"type":"Polygon","coordinates":[[[121.75946488307052,24.449349602452344],[121.75951900679078,24.45837784568913],[121.76938219720896,24.458327969988183],[121.76932737080051,24.449299747523572],[121.75946488307052,24.449349602452344]]]},"properties":{"grid_id":"G016_045","綠地類型":"河川沿岸自然地表","中心經度":121.764423,"中心緯度":24.453839,"分析面積_km2":1.04,"2020面積_ha":26.19,"2024面積_ha":26.19,"面積減少率_pct":0.0,"2020斑塊數":2,"2024斑塊數":2,"斑塊數增加率_pct":0.0,"2020平均斑塊面積_ha":2421.405,"2024平均斑塊面積_ha":2154.015,"平均斑塊面積下降率_pct":11.04,"道路切割密度_km_per_km2":1.211,"建成區邊界切割密度_km_per_km2":0.0,"孤立小斑塊比例_pct":0.0,"距大型連續綠地平均距離_m":0.0,"score_面積減少":36.206896551724135,"score_斑塊增加":44.260435571687836,"score_平均斑塊縮小":76.63339382940109,"score_道路建成區切割":40.369782214156075,"score_孤立比例":40.58529945553539,"score_距大型綠地":38.40744101633394,"綜合破碎化分數":46.1,"破碎化等級":"中","判定原因":"面積減少0.0%；斑塊增加0.0%；平均斑塊縮小11.0%；道路密度1.21 km/km²；孤立比例0.0%；距大型綠地0m","2021面積_ha":26.19,"2022面積_ha":25.65,"2023面積_ha":26.19}},{"type":"Feature","geometry":{"type":"Polygon","coordinates":[[[121.35510935321702,24.459868728514135],[121.35513467318924,24.46889758187268],[121.36499937038487,24.468874079717086],[121.36497334712867,24.459845236144197],[121.35510935321702,24.459868728514135]]]},"properties":{"grid_id":"G017_004","綠地類型":"河川沿岸自然地表","中心經度":121.360054,"中心緯度":24.464371,"分析面積_km2":1.04,"2020面積_ha":33.66,"2024面積_ha":31.95,"面積減少率_pct":5.08,"2020斑塊數":1,"2024斑塊數":1,"斑塊數增加率_pct":0.0,"2020平均斑塊面積_ha":3042.63,"2024平均斑塊面積_ha":3203.82,"平均斑塊面積下降率_pct":0.0,"道路切割密度_km_per_km2":1.355,"建成區邊界切割密度_km_per_km2":0.0,"孤立小斑塊比例_pct":0.0,"距大型連續綠地平均距離_m":0.0,"score_面積減少":84.89110707803992,"score_斑塊增加":44.260435571687836,"score_平均斑塊縮小":28.153357531760438,"score_道路建成區切割":41.22050816696915,"score_孤立比例":40.58529945553539,"score_距大型綠地":38.40744101633394,"綜合破碎化分數":46.3,"破碎化等級":"中","判定原因":"面積減少5.1%；斑塊增加0.0%；平均斑塊縮小0.0%；道路密度1.35 km/km²；孤立比例0.0%；距大型綠地0m","2021面積_ha":33.66,"2022面積_ha":33.66,"2023面積_ha":32.04}},{"type":"Feature","geometry":{"type":"Polygon","coordinates":[[[121.36497334712867,24.459845236144197],[121.36499937038487,24.468874079717086],[121.3748640548544,24.468849933707897],[121.37483732831818,24.459821100188737],[121.36497334712867,24.459845236144197]]]},"properties":{"grid_id":"G017_005","綠地類型":"河川沿岸自然地表","中心經度":121.369919,"中心緯度":24.464348,"分析面積_km2":1.04,"2020面積_ha":49.95,"2024面積_ha":49.32,"面積減少率_pct":1.26,"2020斑塊數":1,"2024斑塊數":1,"斑塊數增加率_pct":0.0,"2020平均斑塊面積_ha":3042.63,"2024平均斑塊面積_ha":3203.82,"平均斑塊面積下降率_pct":0.0,"道路切割密度_km_per_km2":1.788,"建成區邊界切割密度_km_per_km2":0.0,"孤立小斑塊比例_pct":0.0,"距大型連續綠地平均距離_m":0.0,"score_面積減少":78.35753176043558,"score_斑塊增加":44.260435571687836,"score_平均斑塊縮小":28.153357531760438,"score_道路建成區切割":45.07713248638839,"score_孤立比例":40.58529945553539,"score_距大型綠地":38.40744101633394,"綜合破碎化分數":45.8,"破碎化等級":"中","判定原因":"面積減少1.3%；斑塊增加0.0%；平均斑塊縮小0.0%；道路密度1.79 km/km²；孤立比例0.0%；距大型綠地0m","2021面積_ha":49.95,"2022面積_ha":49.86,"2023面積_ha":49.5}},{"type":"Feature","geometry":{"type":"Polygon","coordinates":[[[121.37483732831818,24.459821100188737],[121.3748640548544,24.468849933707897],[121.38472872625385,24.468825143848438],[121.38470129644179,24.459796320651087],[121.37483732831818,24.459821100188737]]]},"properties":{"grid_id":"G017_006","綠地類型":"河川沿岸自然地表","中心經度":121.379783,"中心緯度":24.464323,"分析面積_km2":1.04,"2020面積_ha":37.8,"2024面積_ha":35.82,"面積減少率_pct":5.24,"2020斑塊數":1,"2024斑塊數":1,"斑塊數增加率_pct":0.0,"2020平均斑塊面積_ha":3042.63,"2024平均斑塊面積_ha":3203.82,"平均斑塊面積下降率_pct":0.0,"道路切割密度_km_per_km2":0.26,"建成區邊界切割密度_km_per_km2":0.0,"孤立小斑塊比例_pct":0.0,"距大型連續綠地平均距離_m":0.0,"score_面積減少":85.2087114337568,"score_斑塊增加":44.260435571687836,"score_平均斑塊縮小":28.153357531760438,"score_道路建成區切割":35.367513611615244,"score_孤立比例":40.58529945553539,"score_距大型綠地":38.40744101633394,"綜合破碎化分數":45.3,"破碎化等級":"中","判定原因":"面積減少5.2%；斑塊增加0.0%；平均斑塊縮小0.0%；道路密度0.26 km/km²；孤立比例0.0%；距大型綠地0m","2021面積_ha":37.8,"2022面積_ha":37.8,"2023面積_ha":36.09}},{"type":"Feature","geometry":{"type":"Polygon","coordinates":[[[121.38470129644179,24.459796320651087],[121.38472872625385,24.468825143848438],[121.39459338423943,24.46879971014213],[121.39456525115564,24.459770897534668],[121.38470129644179,24.459796320651087]]]},"properties":{"grid_id":"G017_007","綠地類型":"河川沿岸自然地表","中心經度":121.389647,"中心緯度":24.464298,"分析面積_km2":1.04,"2020面積_ha":26.55,"2024面積_ha":26.91,"面積減少率_pct":0.0,"2020斑塊數":1,"2024斑塊數":1,"斑塊數增加率_pct":0.0,"2020平均斑塊面積_ha":3042.63,"2024平均斑塊面積_ha":3203.82,"平均斑塊面積下降率_pct":0.0,"道路切割密度_km_per_km2":3.345,"建成區邊界切割密度_km_per_km2":0.0,"孤立小斑塊比例_pct":0.0,"距大型連續綠地平均距離_m":0.0,"score_面積減少":36.206896551724135,"score_斑塊增加":44.260435571687836,"score_平均斑塊縮小":28.153357531760438,"score_道路建成區切割":52.166515426497284,"score_孤立比例":40.58529945553539,"score_距大型綠地":38.40744101633394,"綜合破碎化分數":40.0,"破碎化等級":"中","判定原因":"面積減少0.0%；斑塊增加0.0%；平均斑塊縮小0.0%；道路密度3.35 km/km²；孤立比例0.0%；距大型綠地0m","2021面積_ha":28.08,"2022面積_ha":26.64,"2023面積_ha":25.65}},{"type":"Feature","geometry":{"type":"Polygon","coordinates":[[[121.40442919211597,24.45974483084298],[121.4044580284671,24.468773632592484],[121.41432265859305,24.468746911203084],[121.41429311897896,24.459718120579613],[121.40442919211597,24.45974483084298]]]},"properties":{"grid_id":"G017_009","綠地類型":"河川沿岸自然地表","中心經度":121.409376,"中心緯度":24.464246,"分析面積_km2":1.04,"2020面積_ha":33.21,"2024面積_ha":35.82,"面積減少率_pct":0.0,"2020斑塊數":2,"2024斑塊數":1,"斑塊數增加率_pct":0.0,"2020平均斑塊面積_ha":1593.675,"2024平均斑塊面積_ha":3203.82,"平均斑塊面積下降率_pct":0.0,"道路切割密度_km_per_km2":6.92,"建成區邊界切割密度_km_per_km2":0.115,"孤立小斑塊比例_pct":0.0,"距大型連續綠地平均距離_m":0.0,"score_面積減少":36.206896551724135,"score_斑塊增加":44.260435571687836,"score_平均斑塊縮小":28.153357531760438,"score_道路建成區切割":78.51633393829401,"score_孤立比例":40.58529945553539,"score_距大型綠地":38.40744101633394,"綜合破碎化分數":44.4,"破碎化等級":"中","判定原因":"面積減少0.0%；斑塊增加0.0%；平均斑塊縮小0.0%；道路密度6.92 km/km²；孤立比例0.0%；距大型綠地0m","2021面積_ha":37.53,"2022面積_ha":35.1,"2023面積_ha":35.73}},{"type":"Feature","geometry":{"type":"Polygon","coordinates":[[[121.43402092903776,24.45966276935269],[121.43405187516404,24.46869153691989],[121.44391646092127,24.468662884033723],[121.44388481154597,24.459634128396758],[121.43402092903776,24.45966276935269]]]},"properties":{"grid_id":"G017_012","綠地類型":"河川沿岸自然地表","中心經度":121.438969,"中心緯度":24.464163,"分析面積_km2":1.04,"2020面積_ha":39.42,"2024面積_ha":39.33,"面積減少率_pct":0.23,"2020斑塊數":1,"2024斑塊數":1,"斑塊數增加率_pct":0.0,"2020平均斑塊面積_ha":925.11,"2024平均斑塊面積_ha":1185.21,"平均斑塊面積下降率_pct":0.0,"道路切割密度_km_per_km2":0.0,"建成區邊界切割密度_km_per_km2":0.0,"孤立小斑塊比例_pct":0.0,"距大型連續綠地平均距離_m":0.0,"score_面積減少":73.36660617059891,"score_斑塊增加":44.260435571687836,"score_平均斑塊縮小":28.153357531760438,"score_道路建成區切割":25.941470054446462,"score_孤立比例":40.58529945553539,"score_距大型綠地":38.40744101633394,"綜合破碎化分數":41.8,"破碎化等級":"中","判定原因":"面積減少0.2%；斑塊增加0.0%；平均斑塊縮小0.0%；道路密度0.00 km/km²；孤立比例0.0%；距大型綠地0m","2021面積_ha":39.42,"2022面積_ha":39.15,"2023面積_ha":39.42}},{"type":"Feature","geometry":{"type":"Polygon","coordinates":[[[121.44388481154597,24.459634128396758],[121.44391646092127,24.468662884033723],[121.45378103120116,24.468633587323087],[121.4537486785817,24.459604843884424],[121.44388481154597,24.459634128396758]]]},"properties":{"grid_id":"G017_013","綠地類型":"河川沿岸自然地表","中心經度":121.448833,"中心緯度":24.464134,"分析面積_km2":1.04,"2020面積_ha":40.77,"2024面積_ha":40.68,"面積減少率_pct":0.22,"2020斑塊數":1,"2024斑塊數":1,"斑塊數增加率_pct":0.0,"2020平均斑塊面積_ha":925.11,"2024平均斑塊面積_ha":1185.21,"平均斑塊面積下降率_pct":0.0,"道路切割密度_km_per_km2":0.0,"建成區邊界切割密度_km_per_km2":0.0,"孤立小斑塊比例_pct":0.0,"距大型連續綠地平均距離_m":0.0,"score_面積減少":73.23049001814881,"score_斑塊增加":44.260435571687836,"score_平均斑塊縮小":28.153357531760438,"score_道路建成區切割":25.941470054446462,"score_孤立比例":40.58529945553539,"score_距大型綠地":38.40744101633394,"綜合破碎化分數":41.8,"破碎化等級":"中","判定原因":"面積減少0.2%；斑塊增加0.0%；平均斑塊縮小0.0%；道路密度0.00 km/km²；孤立比例0.0%；距大型綠地0m","2021面積_ha":40.77,"2022面積_ha":40.41,"2023面積_ha":40.77}},{"type":"Feature","geometry":{"type":"Polygon","coordinates":[[[121.49320398512391,24.459481270353123],[121.49323915066932,24.468509962317977],[121.50310363840413,24.46847744654737],[121.50306776964041,24.45944876812111],[121.49320398512391,24.459481270353123]]]},"properties":{"grid_id":"G017_018","綠地類型":"河川沿岸自然地表","中心經度":121.498154,"中心緯度":24.463979,"分析面積_km2":1.04,"2020面積_ha":59.94,"2024面積_ha":59.76,"面積減少率_pct":0.3,"2020斑塊數":1,"2024斑塊數":1,"斑塊數增加率_pct":0.0,"2020平均斑塊面積_ha":2919.15,"2024平均斑塊面積_ha":3064.86,"平均斑塊面積下降率_pct":0.0,"道路切割密度_km_per_km2":0.0,"建成區邊界切割密度_km_per_km2":0.0,"孤立小斑塊比例_pct":0.0,"距大型連續綠地平均距離_m":0.0,"score_面積減少":73.95644283121598,"score_斑塊增加":44.260435571687836,"score_平均斑塊縮小":28.153357531760438,"score_道路建成區切割":25.941470054446462,"score_孤立比例":40.58529945553539,"score_距大型綠地":38.40744101633394,"綜合破碎化分數":41.9,"破碎化等級":"中","判定原因":"面積減少0.3%；斑塊增加0.0%；平均斑塊縮小0.0%；道路密度0.00 km/km²；孤立比例0.0%；距大型綠地0m","2021面積_ha":59.94,"2022面積_ha":59.94,"2023面積_ha":59.94}},{"type":"Feature","geometry":{"type":"Polygon","coordinates":[[[121.56225009646954,24.45924024074437],[121.56229018442355,24.468268832310077],[121.57215454215253,24.46823181004634],[121.57211375102105,24.459203233895536],[121.56225009646954,24.45924024074437]]]},"properties":{"grid_id":"G017_025","綠地類型":"河川沿岸自然地表","中心經度":121.567202,"中心緯度":24.463736,"分析面積_km2":1.04,"2020面積_ha":21.24,"2024面積_ha":20.79,"面積減少率_pct":2.12,"2020斑塊數":1,"2024斑塊數":1,"斑塊數增加率_pct":0.0,"2020平均斑塊面積_ha":2919.15,"2024平均斑塊面積_ha":3064.86,"平均斑塊面積下降率_pct":0.0,"道路切割密度_km_per_km2":0.0,"建成區邊界切割密度_km_per_km2":0.0,"孤立小斑塊比例_pct":0.0,"距大型連續綠地平均距離_m":0.0,"score_面積減少":81.07985480943739,"score_斑塊增加":44.260435571687836,"score_平均斑塊縮小":28.153357531760438,"score_道路建成區切割":25.941470054446462,"score_孤立比例":40.58529945553539,"score_距大型綠地":38.40744101633394,"綜合破碎化分數":43.1,"破碎化等級":"中","判定原因":"面積減少2.1%；斑塊增加0.0%；平均斑塊縮小0.0%；道路密度0.00 km/km²；孤立比例0.0%；距大型綠地0m","2021面積_ha":21.51,"2022面積_ha":20.52,"2023面積_ha":20.16}},{"type":"Feature","geometry":{"type":"Polygon","coordinates":[[[121.61156816637546,24.459048771582715],[121.61161177015325,24.468077283393594],[121.62147602470543,24.468037042357587],[121.62143171778251,24.459008547301767],[121.61156816637546,24.459048771582715]]]},"properties":{"grid_id":"G017_030","綠地類型":"河川沿岸自然地表","中心經度":121.616522,"中心緯度":24.463543,"分析面積_km2":1.04,"2020面積_ha":55.71,"2024面積_ha":55.08,"面積減少率_pct":1.13,"2020斑塊數":1,"2024斑塊數":1,"斑塊數增加率_pct":0.0,"2020平均斑塊面積_ha":2712.51,"2024平均斑塊面積_ha":2751.66,"平均斑塊面積下降率_pct":0.0,"道路切割密度_km_per_km2":0.0,"建成區邊界切割密度_km_per_km2":0.0,"孤立小斑塊比例_pct":0.0,"距大型連續綠地平均距離_m":0.0,"score_面積減少":77.58620689655173,"score_斑塊增加":44.260435571687836,"score_平均斑塊縮小":28.153357531760438,"score_道路建成區切割":25.941470054446462,"score_孤立比例":40.58529945553539,"score_距大型綠地":38.40744101633394,"綜合破碎化分數":42.5,"破碎化等級":"中","判定原因":"面積減少1.1%；斑塊增加0.0%；平均斑塊縮小0.0%；道路密度0.00 km/km²；孤立比例0.0%；距大型綠地0m","2021面積_ha":55.71,"2022面積_ha":55.62,"2023面積_ha":55.71}},{"type":"Feature","geometry":{"type":"Polygon","coordinates":[[[121.63129524752952,24.458967679550675],[121.63134025759075,24.467996157583432],[121.64120446846539,24.467954629076747],[121.64115875527274,24.458926168335086],[121.63129524752952,24.458967679550675]]]},"properties":{"grid_id":"G017_032","綠地類型":"河川沿岸自然地表","中心經度":121.63625,"中心緯度":24.463461,"分析面積_km2":1.04,"2020面積_ha":14.04,"2024面積_ha":14.04,"面積減少率_pct":0.0,"2020斑塊數":2,"2024斑塊數":2,"斑塊數增加率_pct":0.0,"2020平均斑塊面積_ha":3415.32,"2024平均斑塊面積_ha":3147.12,"平均斑塊面積下降率_pct":7.85,"道路切割密度_km_per_km2":1.557,"建成區邊界切割密度_km_per_km2":0.0,"孤立小斑塊比例_pct":0.0,"距大型連續綠地平均距離_m":0.0,"score_面積減少":36.206896551724135,"score_斑塊增加":44.260435571687836,"score_平均斑塊縮小":75.20417422867513,"score_道路建成區切割":43.06941923774955,"score_孤立比例":40.58529945553539,"score_距大型綠地":38.40744101633394,"綜合破碎化分數":46.3,"破碎化等級":"中","判定原因":"面積減少0.0%；斑塊增加0.0%；平均斑塊縮小7.8%；道路密度1.56 km/km²；孤立比例0.0%；距大型綠地0m","2021面積_ha":14.04,"2022面積_ha":14.04,"2023面積_ha":14.04}},{"type":"Feature","geometry":{"type":"Polygon","coordinates":[[[121.64115875527274,24.458926168335086],[121.64120446846539,24.467954629076747],[121.65106865698554,24.467912456843273],[121.65102224066847,24.458884013660708],[121.64115875527274,24.458926168335086]]]},"properties":{"grid_id":"G017_033","綠地類型":"河川沿岸自然地表","中心經度":121.646114,"中心緯度":24.463419,"分析面積_km2":1.04,"2020面積_ha":67.41,"2024面積_ha":67.41,"面積減少率_pct":0.0,"2020斑塊數":1,"2024斑塊數":1,"斑塊數增加率_pct":0.0,"2020平均斑塊面積_ha":4118.13,"2024平均斑塊面積_ha":3542.58,"平均斑塊面積下降率_pct":13.98,"道路切割密度_km_per_km2":0.144,"建成區邊界切割密度_km_per_km2":0.0,"孤立小斑塊比例_pct":0.0,"距大型連續綠地平均距離_m":0.0,"score_面積減少":36.206896551724135,"score_斑塊增加":44.260435571687836,"score_平均斑塊縮小":79.33303085299455,"score_道路建成區切割":34.52813067150635,"score_孤立比例":40.58529945553539,"score_距大型綠地":38.40744101633394,"綜合破碎化分數":45.6,"破碎化等級":"中","判定原因":"面積減少0.0%；斑塊增加0.0%；平均斑塊縮小14.0%；道路密度0.14 km/km²；孤立比例0.0%；距大型綠地0m","2021面積_ha":67.41,"2022面積_ha":67.41,"2023面積_ha":67.41}},{"type":"Feature","geometry":{"type":"Polygon","coordinates":[[[121.65102224066847,24.458884013660708],[121.65106865698554,24.467912456843273],[121.66093282280734,24.467869640888825],[121.660885703373,24.45884121553337],[121.65102224066847,24.458884013660708]]]},"properties":{"grid_id":"G017_034","綠地類型":"河川沿岸自然地表","中心經度":121.655977,"中心緯度":24.463377,"分析面積_km2":1.04,"2020面積_ha":52.74,"2024面積_ha":52.74,"面積減少率_pct":0.0,"2020斑塊數":1,"2024斑塊數":1,"斑塊數增加率_pct":0.0,"2020平均斑塊面積_ha":4118.13,"2024平均斑塊面積_ha":3542.58,"平均斑塊面積下降率_pct":13.98,"道路切割密度_km_per_km2":0.0,"建成區邊界切割密度_km_per_km2":0.0,"孤立小斑塊比例_pct":0.0,"距大型連續綠地平均距離_m":0.0,"score_面積減少":36.206896551724135,"score_斑塊增加":44.260435571687836,"score_平均斑塊縮小":79.33303085299455,"score_道路建成區切割":25.941470054446462,"score_孤立比例":40.58529945553539,"score_距大型綠地":38.40744101633394,"綜合破碎化分數":44.1,"破碎化等級":"中","判定原因":"面積減少0.0%；斑塊增加0.0%；平均斑塊縮小14.0%；道路密度0.00 km/km²；孤立比例0.0%；距大型綠地0m","2021面積_ha":52.74,"2022面積_ha":52.74,"2023面積_ha":52.74}},{"type":"Feature","geometry":{"type":"Polygon","coordinates":[[[121.660885703373,24.45884121553337],[121.66093282280734,24.467869640888825],[121.67079696558704,24.467826181219298],[121.67074914304264,24.458797773958967],[121.660885703373,24.45884121553337]]]},"properties":{"grid_id":"G017_035","綠地類型":"河川沿岸自然地表","中心經度":121.665841,"中心緯度":24.463334,"分析面積_km2":1.04,"2020面積_ha":50.13,"2024面積_ha":50.13,"面積減少率_pct":0.0,"2020斑塊數":1,"2024斑塊數":1,"斑塊數增加率_pct":0.0,"2020平均斑塊面積_ha":4118.13,"2024平均斑塊面積_ha":3542.58,"平均斑塊面積下降率_pct":13.98,"道路切割密度_km_per_km2":0.0,"建成區邊界切割密度_km_per_km2":0.0,"孤立小斑塊比例_pct":0.0,"距大型連續綠地平均距離_m":0.0,"score_面積減少":36.206896551724135,"score_斑塊增加":44.260435571687836,"score_平均斑塊縮小":79.33303085299455,"score_道路建成區切割":25.941470054446462,"score_孤立比例":40.58529945553539,"score_距大型綠地":38.40744101633394,"綜合破碎化分數":44.1,"破碎化等級":"中","判定原因":"面積減少0.0%；斑塊增加0.0%；平均斑塊縮小14.0%；道路密度0.00 km/km²；孤立比例0.0%；距大型綠地0m","2021面積_ha":50.13,"2022面積_ha":50.13,"2023面積_ha":50.13}},{"type":"Feature","geometry":{"type":"Polygon","coordinates":[[[121.67074914304264,24.458797773958967],[121.67079696558704,24.467826181219298],[121.68066108498081,24.467782077840692],[121.68061255933368,24.458753688943492],[121.67074914304264,24.458797773958967]]]},"properties":{"grid_id":"G017_036","綠地類型":"河川沿岸自然地表","中心經度":121.675705,"中心緯度":24.46329,"分析面積_km2":1.04,"2020面積_ha":46.26,"2024面積_ha":46.44,"面積減少率_pct":0.0,"2020斑塊數":1,"2024斑塊數":1,"斑塊數增加率_pct":0.0,"2020平均斑塊面積_ha":4118.13,"2024平均斑塊面積_ha":3542.58,"平均斑塊面積下降率_pct":13.98,"道路切割密度_km_per_km2":0.0,"建成區邊界切割密度_km_per_km2":0.0,"孤立小斑塊比例_pct":0.0,"距大型連續綠地平均距離_m":0.0,"score_面積減少":36.206896551724135,"score_斑塊增加":44.260435571687836,"score_平均斑塊縮小":79.33303085299455,"score_道路建成區切割":25.941470054446462,"score_孤立比例":40.58529945553539,"score_距大型綠地":38.40744101633394,"綜合破碎化分數":44.1,"破碎化等級":"中","判定原因":"面積減少0.0%；斑塊增加0.0%；平均斑塊縮小14.0%；道路密度0.00 km/km²；孤立比例0.0%；距大型綠地0m","2021面積_ha":46.44,"2022面積_ha":46.35,"2023面積_ha":46.44}},{"type":"Feature","geometry":{"type":"Polygon","coordinates":[[[121.68061255933368,24.458753688943492],[121.68066108498081,24.467782077840692],[121.69052518064487,24.467737330759093],[121.69047595190244,24.45870896049302],[121.68061255933368,24.458753688943492]]]},"properties":{"grid_id":"G017_037","綠地類型":"河川沿岸自然地表","中心經度":121.685569,"中心緯度":24.463246,"分析面積_km2":1.04,"2020面積_ha":31.05,"2024面積_ha":31.32,"面積減少率_pct":0.0,"2020斑塊數":1,"2024斑塊數":1,"斑塊數增加率_pct":0.0,"2020平均斑塊面積_ha":4118.13,"2024平均斑塊面積_ha":3542.58,"平均斑塊面積下降率_pct":13.98,"道路切割密度_km_per_km2":0.0,"建成區邊界切割密度_km_per_km2":0.0,"孤立小斑塊比例_pct":0.0,"距大型連續綠地平均距離_m":0.0,"score_面積減少":36.206896551724135,"score_斑塊增加":44.260435571687836,"score_平均斑塊縮小":79.33303085299455,"score_道路建成區切割":25.941470054446462,"score_孤立比例":40.58529945553539,"score_距大型綠地":38.40744101633394,"綜合破碎化分數":44.1,"破碎化等級":"中","判定原因":"面積減少0.0%；斑塊增加0.0%；平均斑塊縮小14.0%；道路密度0.00 km/km²；孤立比例0.0%；距大型綠地0m","2021面積_ha":31.32,"2022面積_ha":31.32,"2023面積_ha":31.32}},{"type":"Feature","geometry":{"type":"Polygon","coordinates":[[[121.69047595190244,24.45870896049302],[121.69052518064487,24.467737330759093],[121.70038925223538,24.46769193998066],[121.70033932040523,24.458663588613724],[121.69047595190244,24.45870896049302]]]},"properties":{"grid_id":"G017_038","綠地類型":"河川沿岸自然地表","中心經度":121.695432,"中心緯度":24.463201,"分析面積_km2":1.04,"2020面積_ha":44.55,"2024面積_ha":44.55,"面積減少率_pct":0.0,"2020斑塊數":1,"2024斑塊數":1,"斑塊數增加率_pct":0.0,"2020平均斑塊面積_ha":4118.13,"2024平均斑塊面積_ha":3542.58,"平均斑塊面積下降率_pct":13.98,"道路切割密度_km_per_km2":0.0,"建成區邊界切割密度_km_per_km2":0.0,"孤立小斑塊比例_pct":0.0,"距大型連續綠地平均距離_m":0.0,"score_面積減少":36.206896551724135,"score_斑塊增加":44.260435571687836,"score_平均斑塊縮小":79.33303085299455,"score_道路建成區切割":25.941470054446462,"score_孤立比例":40.58529945553539,"score_距大型綠地":38.40744101633394,"綜合破碎化分數":44.1,"破碎化等級":"中","判定原因":"面積減少0.0%；斑塊增加0.0%；平均斑塊縮小14.0%；道路密度0.00 km/km²；孤立比例0.0%；距大型綠地0m","2021面積_ha":44.55,"2022面積_ha":44.55,"2023面積_ha":44.55}},{"type":"Feature","geometry":{"type":"Polygon","coordinates":[[[121.70033932040523,24.458663588613724],[121.70038925223538,24.46769193998066],[121.71025329940858,24.46764590551166],[121.71020266449838,24.458617573311855],[121.70033932040523,24.458663588613724]]]},"properties":{"grid_id":"G017_039","綠地類型":"河川沿岸自然地表","中心經度":121.705296,"中心緯度":24.463155,"分析面積_km2":1.04,"2020面積_ha":7.92,"2024面積_ha":7.92,"面積減少率_pct":0.0,"2020斑塊數":1,"2024斑塊數":1,"斑塊數增加率_pct":0.0,"2020平均斑塊面積_ha":4118.13,"2024平均斑塊面積_ha":3542.58,"平均斑塊面積下降率_pct":13.98,"道路切割密度_km_per_km2":0.0,"建成區邊界切割密度_km_per_km2":0.0,"孤立小斑塊比例_pct":0.0,"距大型連續綠地平均距離_m":0.0,"score_面積減少":36.206896551724135,"score_斑塊增加":44.260435571687836,"score_平均斑塊縮小":79.33303085299455,"score_道路建成區切割":25.941470054446462,"score_孤立比例":40.58529945553539,"score_距大型綠地":38.40744101633394,"綜合破碎化分數":44.1,"破碎化等級":"中","判定原因":"面積減少0.0%；斑塊增加0.0%；平均斑塊縮小14.0%；道路密度0.00 km/km²；孤立比例0.0%；距大型綠地0m","2021面積_ha":7.92,"2022面積_ha":7.92,"2023面積_ha":7.92}},{"type":"Feature","geometry":{"type":"Polygon","coordinates":[[[121.73979254688312,24.458475666934714],[121.73984529098651,24.46750394002519],[121.74970923705267,24.46745533085829],[121.74965578990096,24.4584270780069],[121.73979254688312,24.458475666934714]]]},"properties":{"grid_id":"G017_043","綠地類型":"河川沿岸自然地表","中心經度":121.744751,"中心緯度":24.462966,"分析面積_km2":1.04,"2020面積_ha":34.83,"2024面積_ha":34.83,"面積減少率_pct":0.0,"2020斑塊數":1,"2024斑塊數":1,"斑塊數增加率_pct":0.0,"2020平均斑塊面積_ha":724.68,"2024平均斑塊面積_ha":4238.28,"平均斑塊面積下降率_pct":0.0,"道路切割密度_km_per_km2":4.642,"建成區邊界切割密度_km_per_km2":0.0,"孤立小斑塊比例_pct":0.0,"距大型連續綠地平均距離_m":0.0,"score_面積減少":36.206896551724135,"score_斑塊增加":44.260435571687836,"score_平均斑塊縮小":28.153357531760438,"score_道路建成區切割":55.18375680580762,"score_孤立比例":40.58529945553539,"score_距大型綠地":38.40744101633394,"綜合破碎化分數":40.5,"破碎化等級":"中","判定原因":"面積減少0.0%；斑塊增加0.0%；平均斑塊縮小0.0%；道路密度4.64 km/km²；孤立比例0.0%；距大型綠地0m","2021面積_ha":34.83,"2022面積_ha":34.83,"2023面積_ha":34.83}},{"type":"Feature","geometry":{"type":"Polygon","coordinates":[[[121.74965578990096,24.4584270780069],[121.74970923705267,24.46745533085829],[121.75957315698267,24.467406078033456],[121.75951900679078,24.45837784568913],[121.74965578990096,24.4584270780069]]]},"properties":{"grid_id":"G017_044","綠地類型":"河川沿岸自然地表","中心經度":121.754614,"中心緯度":24.462917,"分析面積_km2":1.04,"2020面積_ha":58.41,"2024面積_ha":58.41,"面積減少率_pct":0.0,"2020斑塊數":1,"2024斑塊數":1,"斑塊數增加率_pct":0.0,"2020平均斑塊面積_ha":724.68,"2024平均斑塊面積_ha":4238.28,"平均斑塊面積下降率_pct":0.0,"道路切割密度_km_per_km2":6.949,"建成區邊界切割密度_km_per_km2":0.0,"孤立小斑塊比例_pct":0.0,"距大型連續綠地平均距離_m":0.0,"score_面積減少":36.206896551724135,"score_斑塊增加":44.260435571687836,"score_平均斑塊縮小":28.153357531760438,"score_道路建成區切割":59.33529945553539,"score_孤立比例":40.58529945553539,"score_距大型綠地":38.40744101633394,"綜合破碎化分數":41.2,"破碎化等級":"中","判定原因":"面積減少0.0%；斑塊增加0.0%；平均斑塊縮小0.0%；道路密度6.95 km/km²；孤立比例0.0%；距大型綠地0m","2021面積_ha":58.41,"2022面積_ha":58.41,"2023面積_ha":58.41}},{"type":"Feature","geometry":{"type":"Polygon","coordinates":[[[121.75951900679078,24.45837784568913],[121.75957315698267,24.467406078033456],[121.7694370504327,24.467356181557474],[121.76938219720896,24.458327969988183],[121.75951900679078,24.45837784568913]]]},"properties":{"grid_id":"G017_045","綠地類型":"河川沿岸自然地表","中心經度":121.764478,"中心緯度":24.462867,"分析面積_km2":1.04,"2020面積_ha":52.38,"2024面積_ha":52.56,"面積減少率_pct":0.0,"2020斑塊數":1,"2024斑塊數":1,"斑塊數增加率_pct":0.0,"2020平均斑塊面積_ha":724.68,"2024平均斑塊面積_ha":4238.28,"平均斑塊面積下降率_pct":0.0,"道路切割密度_km_per_km2":3.316,"建成區邊界切割密度_km_per_km2":0.923,"孤立小斑塊比例_pct":0.0,"距大型連續綠地平均距離_m":0.0,"score_面積減少":36.206896551724135,"score_斑塊增加":44.260435571687836,"score_平均斑塊縮小":28.153357531760438,"score_道路建成區切割":76.21370235934664,"score_孤立比例":40.58529945553539,"score_距大型綠地":38.40744101633394,"綜合破碎化分數":44.0,"破碎化等級":"中","判定原因":"面積減少0.0%；斑塊增加0.0%；平均斑塊縮小0.0%；道路密度3.32 km/km²；孤立比例0.0%；距大型綠地0m","2021面積_ha":54.81,"2022面積_ha":51.57,"2023面積_ha":54.18}},{"type":"Feature","geometry":{"type":"Polygon","coordinates":[[[121.34529459233404,24.477949292239437],[121.34526996361141,24.46892044017143],[121.33598327275638,24.46894137069766],[121.33596870000001,24.4700692],[121.33590480000001,24.470485499999995],[121.33558020000001,24.471649099999997],[121.3355796,24.4718019],[121.3356127,24.471960199999998],[121.33588590000001,24.4722389],[121.3368869,24.472880399999998],[121.3371689,24.473135400000004],[121.3373841,24.4734142],[121.3376655,24.473685400000004],[121.33799650000002,24.473927899999996],[121.3384602,24.474159999999998],[121.33936280000002,24.4744473],[121.3397374,24.4746029],[121.34002719999998,24.474783699999993],[121.340201,24.4750323],[121.3405155,24.4755295],[121.34108670000002,24.476546600000002],[121.3413222,24.477058300000003],[121.341354,24.477143099999992],[121.3415171,24.477578700000002],[121.3416164,24.477895099999994],[121.34162921031285,24.47795762439279],[121.34529459233404,24.477949292239437]]]},"properties":{"grid_id":"G018_002","綠地類型":"河川沿岸自然地表","中心經度":121.341404,"中心緯度":24.473541,"分析面積_km2":0.734,"2020面積_ha":28.53,"2024面積_ha":28.53,"面積減少率_pct":0.0,"2020斑塊數":1,"2024斑塊數":1,"斑塊數增加率_pct":0.0,"2020平均斑塊面積_ha":3042.63,"2024平均斑塊面積_ha":3203.82,"平均斑塊面積下降率_pct":0.0,"道路切割密度_km_per_km2":2.574,"建成區邊界切割密度_km_per_km2":0.0,"孤立小斑塊比例_pct":0.0,"距大型連續綠地平均距離_m":0.0,"score_面積減少":36.206896551724135,"score_斑塊增加":44.260435571687836,"score_平均斑塊縮小":28.153357531760438,"score_道路建成區切割":49.205989110707804,"score_孤立比例":40.58529945553539,"score_距大型綠地":38.40744101633394,"綜合破碎化分數":39.5,"破碎化等級":"中","判定原因":"面積減少0.0%；斑塊增加0.0%；平均斑塊縮小0.0%；道路密度2.57 km/km²；孤立比例0.0%；距大型綠地0m","2021面積_ha":28.53,"2022面積_ha":28.53,"2023面積_ha":28.53}},{"type":"Feature","geometry":{"type":"Polygon","coordinates":[[[121.38472872625385,24.468825143848438],[121.38475616947991,24.477853956232185],[121.39462153108104,24.47782851193453],[121.39459338423943,24.46879971014213],[121.38472872625385,24.468825143848438]]]},"properties":{"grid_id":"G018_007","綠地類型":"河川沿岸自然地表","中心經度":121.389675,"中心緯度":24.473327,"分析面積_km2":1.04,"2020面積_ha":30.33,"2024面積_ha":29.97,"面積減少率_pct":1.19,"2020斑塊數":1,"2024斑塊數":1,"斑塊數增加率_pct":0.0,"2020平均斑塊面積_ha":144.72,"2024平均斑塊面積_ha":3203.82,"平均斑塊面積下降率_pct":0.0,"道路切割密度_km_per_km2":1.355,"建成區邊界切割密度_km_per_km2":0.0,"孤立小斑塊比例_pct":0.0,"距大型連續綠地平均距離_m":0.0,"score_面積減少":77.9491833030853,"score_斑塊增加":44.260435571687836,"score_平均斑塊縮小":28.153357531760438,"score_道路建成區切割":41.22050816696915,"score_孤立比例":40.58529945553539,"score_距大型綠地":38.40744101633394,"綜合破碎化分數":45.1,"破碎化等級":"中","判定原因":"面積減少1.2%；斑塊增加0.0%；平均斑塊縮小0.0%；道路密度1.35 km/km²；孤立比例0.0%；距大型綠地0m","2021面積_ha":30.33,"2022面積_ha":27.27,"2023面積_ha":29.34}},{"type":"Feature","geometry":{"type":"Polygon","coordinates":[[[121.39459338423943,24.46879971014213],[121.39462153108104,24.47782851193453],[121.40448687892001,24.477802423525414],[121.4044580284671,24.468773632592484],[121.39459338423943,24.46879971014213]]]},"properties":{"grid_id":"G018_008","綠地類型":"河川沿岸自然地表","中心經度":121.39954,"中心緯度":24.473301,"分析面積_km2":1.04,"2020面積_ha":14.67,"2024面積_ha":14.13,"面積減少率_pct":3.68,"2020斑塊數":1,"2024斑塊數":1,"斑塊數增加率_pct":0.0,"2020平均斑塊面積_ha":144.72,"2024平均斑塊面積_ha":3203.82,"平均斑塊面積下降率_pct":0.0,"道路切割密度_km_per_km2":2.249,"建成區邊界切割密度_km_per_km2":0.0,"孤立小斑塊比例_pct":0.0,"距大型連續綠地平均距離_m":0.0,"score_面積減少":83.30308529945553,"score_斑塊增加":44.260435571687836,"score_平均斑塊縮小":28.153357531760438,"score_道路建成區切割":47.76542649727768,"score_孤立比例":40.58529945553539,"score_距大型綠地":38.40744101633394,"綜合破碎化分數":47.1,"破碎化等級":"中","判定原因":"面積減少3.7%；斑塊增加0.0%；平均斑塊縮小0.0%；道路密度2.25 km/km²；孤立比例0.0%；距大型綠地0m","2021面積_ha":14.67,"2022面積_ha":13.95,"2023面積_ha":14.13}},{"type":"Feature","geometry":{"type":"Polygon","coordinates":[[[121.46364558565979,24.468603646792022],[121.46367865768362,24.477632366937947],[121.47354389955512,24.477601769854385],[121.4735101239533,24.46857306244465],[121.46364558565979,24.468603646792022]]]},"properties":{"grid_id":"G018_015","綠地類型":"河川沿岸自然地表","中心經度":121.468595,"中心緯度":24.473103,"分析面積_km2":1.04,"2020面積_ha":20.16,"2024面積_ha":20.16,"面積減少率_pct":0.0,"2020斑塊數":1,"2024斑塊數":1,"斑塊數增加率_pct":0.0,"2020平均斑塊面積_ha":201.33,"2024平均斑塊面積_ha":410.76,"平均斑塊面積下降率_pct":0.0,"道路切割密度_km_per_km2":3.057,"建成區邊界切割密度_km_per_km2":0.0,"孤立小斑塊比例_pct":0.0,"距大型連續綠地平均距離_m":0.0,"score_面積減少":36.206896551724135,"score_斑塊增加":44.260435571687836,"score_平均斑塊縮小":28.153357531760438,"score_道路建成區切割":50.99818511796734,"score_孤立比例":40.58529945553539,"score_距大型綠地":38.40744101633394,"綜合破碎化分數":39.8,"破碎化等級":"中","判定原因":"面積減少0.0%；斑塊增加0.0%；平均斑塊縮小0.0%；道路密度3.06 km/km²；孤立比例0.0%；距大型綠地0m","2021面積_ha":20.16,"2022面積_ha":20.16,"2023面積_ha":20.16}},{"type":"Feature","geometry":{"type":"Polygon","coordinates":[[[121.4735101239533,24.46857306244465],[121.47354389955512,24.477601769854385],[121.48340912491244,24.477570528690656],[121.48337464573777,24.4685418342852],[121.4735101239533,24.46857306244465]]]},"properties":{"grid_id":"G018_016","綠地類型":"河川沿岸自然地表","中心經度":121.478459,"中心緯度":24.473072,"分析面積_km2":1.04,"2020面積_ha":12.42,"2024面積_ha":12.42,"面積減少率_pct":0.0,"2020斑塊數":1,"2024斑塊數":1,"斑塊數增加率_pct":0.0,"2020平均斑塊面積_ha":2919.15,"2024平均斑塊面積_ha":3064.86,"平均斑塊面積下降率_pct":0.0,"道路切割密度_km_per_km2":3.604,"建成區邊界切割密度_km_per_km2":0.0,"孤立小斑塊比例_pct":0.0,"距大型連續綠地平均距離_m":0.0,"score_面積減少":36.206896551724135,"score_斑塊增加":44.260435571687836,"score_平均斑塊縮小":28.153357531760438,"score_道路建成區切割":52.93784029038113,"score_孤立比例":40.58529945553539,"score_距大型綠地":38.40744101633394,"綜合破碎化分數":40.1,"破碎化等級":"中","判定原因":"面積減少0.0%；斑塊增加0.0%；平均斑塊縮小0.0%；道路密度3.60 km/km²；孤立比例0.0%；距大型綠地0m","2021面積_ha":12.42,"2022面積_ha":12.42,"2023面積_ha":12.42}},{"type":"Feature","geometry":{"type":"Polygon","coordinates":[[[121.56229018442355,24.468268832310077],[121.56233029198138,24.47729741303009],[121.57219535323172,24.477260375349317],[121.57215454215253,24.46823181004634],[121.56229018442355,24.468268832310077]]]},"properties":{"grid_id":"G018_025","綠地類型":"河川沿岸自然地表","中心經度":121.567243,"中心緯度":24.472765,"分析面積_km2":1.04,"2020面積_ha":49.95,"2024面積_ha":48.51,"面積減少率_pct":2.88,"2020斑塊數":1,"2024斑塊數":1,"斑塊數增加率_pct":0.0,"2020平均斑塊面積_ha":2919.15,"2024平均斑塊面積_ha":3064.86,"平均斑塊面積下降率_pct":0.0,"道路切割密度_km_per_km2":0.0,"建成區邊界切割密度_km_per_km2":0.0,"孤立小斑塊比例_pct":0.0,"距大型連續綠地平均距離_m":0.0,"score_面積減少":82.2141560798548,"score_斑塊增加":44.260435571687836,"score_平均斑塊縮小":28.153357531760438,"score_道路建成區切割":25.941470054446462,"score_孤立比例":40.58529945553539,"score_距大型綠地":38.40744101633394,"綜合破碎化分數":43.3,"破碎化等級":"中","判定原因":"面積減少2.9%；斑塊增加0.0%；平均斑塊縮小0.0%；道路密度0.00 km/km²；孤立比例0.0%；距大型綠地0m","2021面積_ha":50.13,"2022面積_ha":48.24,"2023面積_ha":49.05}},{"type":"Feature","geometry":{"type":"Polygon","coordinates":[[[121.63134025759075,24.467996157583432],[121.63138528966267,24.477024624754772],[121.64125020401255,24.47698307895461],[121.64120446846539,24.467954629076747],[121.63134025759075,24.467996157583432]]]},"properties":{"grid_id":"G018_032","綠地類型":"河川沿岸自然地表","中心經度":121.636295,"中心緯度":24.47249,"分析面積_km2":1.04,"2020面積_ha":22.77,"2024面積_ha":22.77,"面積減少率_pct":0.0,"2020斑塊數":2,"2024斑塊數":2,"斑塊數增加率_pct":0.0,"2020平均斑塊面積_ha":3415.32,"2024平均斑塊面積_ha":3147.12,"平均斑塊面積下降率_pct":7.85,"道路切割密度_km_per_km2":1.788,"建成區邊界切割密度_km_per_km2":0.0,"孤立小斑塊比例_pct":0.0,"距大型連續綠地平均距離_m":0.0,"score_面積減少":36.206896551724135,"score_斑塊增加":44.260435571687836,"score_平均斑塊縮小":75.20417422867513,"score_道路建成區切割":45.07713248638839,"score_孤立比例":40.58529945553539,"score_距大型綠地":38.40744101633394,"綜合破碎化分數":46.6,"破碎化等級":"中","判定原因":"面積減少0.0%；斑塊增加0.0%；平均斑塊縮小7.8%；道路密度1.79 km/km²；孤立比例0.0%；距大型綠地0m","2021面積_ha":22.77,"2022面積_ha":22.77,"2023面積_ha":22.77}},{"type":"Feature","geometry":{"type":"Polygon","coordinates":[[[121.64120446846539,24.467954629076747],[121.64125020401255,24.47698307895461],[121.65111509600092,24.476940889159597],[121.65106865698554,24.467912456843273],[121.64120446846539,24.467954629076747]]]},"properties":{"grid_id":"G018_033","綠地類型":"河川沿岸自然地表","中心經度":121.64616,"中心緯度":24.472448,"分析面積_km2":1.04,"2020面積_ha":36.0,"2024面積_ha":36.0,"面積減少率_pct":0.0,"2020斑塊數":1,"2024斑塊數":1,"斑塊數增加率_pct":0.0,"2020平均斑塊面積_ha":4118.13,"2024平均斑塊面積_ha":3542.58,"平均斑塊面積下降率_pct":13.98,"道路切割密度_km_per_km2":0.0,"建成區邊界切割密度_km_per_km2":0.0,"孤立小斑塊比例_pct":0.0,"距大型連續綠地平均距離_m":0.0,"score_面積減少":36.206896551724135,"score_斑塊增加":44.260435571687836,"score_平均斑塊縮小":79.33303085299455,"score_道路建成區切割":25.941470054446462,"score_孤立比例":40.58529945553539,"score_距大型綠地":38.40744101633394,"綜合破碎化分數":44.1,"破碎化等級":"中","判定原因":"面積減少0.0%；斑塊增加0.0%；平均斑塊縮小14.0%；道路密度0.00 km/km²；孤立比例0.0%；距大型綠地0m","2021面積_ha":36.0,"2022面積_ha":36.0,"2023面積_ha":36.0}},{"type":"Feature","geometry":{"type":"Polygon","coordinates":[[[121.65106865698554,24.467912456843273],[121.65111509600092,24.476940889159597],[121.66097996528383,24.47689805537556],[121.66093282280734,24.467869640888825],[121.65106865698554,24.467912456843273]]]},"properties":{"grid_id":"G018_034","綠地類型":"河川沿岸自然地表","中心經度":121.656024,"中心緯度":24.472405,"分析面積_km2":1.04,"2020面積_ha":43.92,"2024面積_ha":43.92,"面積減少率_pct":0.0,"2020斑塊數":1,"2024斑塊數":1,"斑塊數增加率_pct":0.0,"2020平均斑塊面積_ha":4118.13,"2024平均斑塊面積_ha":3542.58,"平均斑塊面積下降率_pct":13.98,"道路切割密度_km_per_km2":0.0,"建成區邊界切割密度_km_per_km2":0.0,"孤立小斑塊比例_pct":0.0,"距大型連續綠地平均距離_m":0.0,"score_面積減少":36.206896551724135,"score_斑塊增加":44.260435571687836,"score_平均斑塊縮小":79.33303085299455,"score_道路建成區切割":25.941470054446462,"score_孤立比例":40.58529945553539,"score_距大型綠地":38.40744101633394,"綜合破碎化分數":44.1,"破碎化等級":"中","判定原因":"面積減少0.0%；斑塊增加0.0%；平均斑塊縮小14.0%；道路密度0.00 km/km²；孤立比例0.0%；距大型綠地0m","2021面積_ha":43.92,"2022面積_ha":43.92,"2023面積_ha":43.92}},{"type":"Feature","geometry":{"type":"Polygon","coordinates":[[[121.66093282280734,24.467869640888825],[121.66097996528383,24.47689805537556],[121.6708448115174,24.47685457760841],[121.67079696558704,24.467826181219298],[121.66093282280734,24.467869640888825]]]},"properties":{"grid_id":"G018_035","綠地類型":"河川沿岸自然地表","中心經度":121.665889,"中心緯度":24.472362,"分析面積_km2":1.04,"2020面積_ha":42.03,"2024面積_ha":42.03,"面積減少率_pct":0.0,"2020斑塊數":1,"2024斑塊數":1,"斑塊數增加率_pct":0.0,"2020平均斑塊面積_ha":4118.13,"2024平均斑塊面積_ha":3542.58,"平均斑塊面積下降率_pct":13.98,"道路切割密度_km_per_km2":0.0,"建成區邊界切割密度_km_per_km2":0.0,"孤立小斑塊比例_pct":0.0,"距大型連續綠地平均距離_m":0.0,"score_面積減少":36.206896551724135,"score_斑塊增加":44.260435571687836,"score_平均斑塊縮小":79.33303085299455,"score_道路建成區切割":25.941470054446462,"score_孤立比例":40.58529945553539,"score_距大型綠地":38.40744101633394,"綜合破碎化分數":44.1,"破碎化等級":"中","判定原因":"面積減少0.0%；斑塊增加0.0%；平均斑塊縮小14.0%；道路密度0.00 km/km²；孤立比例0.0%；距大型綠地0m","2021面積_ha":42.03,"2022面積_ha":42.03,"2023面積_ha":42.03}},{"type":"Feature","geometry":{"type":"Polygon","coordinates":[[[121.67079696558704,24.467826181219298],[121.6708448115174,24.47685457760841],[121.68070963435768,24.47681045586413],[121.68066108498081,24.467782077840692],[121.67079696558704,24.467826181219298]]]},"properties":{"grid_id":"G018_036","綠地類型":"河川沿岸自然地表","中心經度":121.675753,"中心緯度":24.472318,"分析面積_km2":1.04,"2020面積_ha":25.02,"2024面積_ha":25.47,"面積減少率_pct":0.0,"2020斑塊數":1,"2024斑塊數":1,"斑塊數增加率_pct":0.0,"2020平均斑塊面積_ha":4118.13,"2024平均斑塊面積_ha":3542.58,"平均斑塊面積下降率_pct":13.98,"道路切割密度_km_per_km2":0.0,"建成區邊界切割密度_km_per_km2":0.0,"孤立小斑塊比例_pct":0.0,"距大型連續綠地平均距離_m":0.0,"score_面積減少":36.206896551724135,"score_斑塊增加":44.260435571687836,"score_平均斑塊縮小":79.33303085299455,"score_道路建成區切割":25.941470054446462,"score_孤立比例":40.58529945553539,"score_距大型綠地":38.40744101633394,"綜合破碎化分數":44.1,"破碎化等級":"中","判定原因":"面積減少0.0%；斑塊增加0.0%；平均斑塊縮小14.0%；道路密度0.00 km/km²；孤立比例0.0%；距大型綠地0m","2021面積_ha":25.47,"2022面積_ha":24.57,"2023面積_ha":25.56}},{"type":"Feature","geometry":{"type":"Polygon","coordinates":[[[121.68066108498081,24.467782077840692],[121.68070963435768,24.47681045586413],[121.6905744334608,24.476765690148817],[121.69052518064487,24.467737330759093],[121.68066108498081,24.467782077840692]]]},"properties":{"grid_id":"G018_037","綠地類型":"河川沿岸自然地表","中心經度":121.685618,"中心緯度":24.472274,"分析面積_km2":1.04,"2020面積_ha":41.04,"2024面積_ha":41.04,"面積減少率_pct":0.0,"2020斑塊數":1,"2024斑塊數":1,"斑塊數增加率_pct":0.0,"2020平均斑塊面積_ha":4118.13,"2024平均斑塊面積_ha":3542.58,"平均斑塊面積下降率_pct":13.98,"道路切割密度_km_per_km2":0.0,"建成區邊界切割密度_km_per_km2":0.0,"孤立小斑塊比例_pct":0.0,"距大型連續綠地平均距離_m":0.0,"score_面積減少":36.206896551724135,"score_斑塊增加":44.260435571687836,"score_平均斑塊縮小":79.33303085299455,"score_道路建成區切割":25.941470054446462,"score_孤立比例":40.58529945553539,"score_距大型綠地":38.40744101633394,"綜合破碎化分數":44.1,"破碎化等級":"中","判定原因":"面積減少0.0%；斑塊增加0.0%；平均斑塊縮小14.0%；道路密度0.00 km/km²；孤立比例0.0%；距大型綠地0m","2021面積_ha":41.04,"2022面積_ha":41.04,"2023面積_ha":41.04}},{"type":"Feature","geometry":{"type":"Polygon","coordinates":[[[121.69052518064487,24.467737330759093],[121.6905744334608,24.476765690148817],[121.70043920848283,24.476720280468637],[121.70038925223538,24.46769193998066],[121.69052518064487,24.467737330759093]]]},"properties":{"grid_id":"G018_038","綠地類型":"河川沿岸自然地表","中心經度":121.695482,"中心緯度":24.472229,"分析面積_km2":1.04,"2020面積_ha":45.54,"2024面積_ha":45.54,"面積減少率_pct":0.0,"2020斑塊數":1,"2024斑塊數":1,"斑塊數增加率_pct":0.0,"2020平均斑塊面積_ha":4118.13,"2024平均斑塊面積_ha":3542.58,"平均斑塊面積下降率_pct":13.98,"道路切割密度_km_per_km2":0.0,"建成區邊界切割密度_km_per_km2":0.0,"孤立小斑塊比例_pct":0.0,"距大型連續綠地平均距離_m":0.0,"score_面積減少":36.206896551724135,"score_斑塊增加":44.260435571687836,"score_平均斑塊縮小":79.33303085299455,"score_道路建成區切割":25.941470054446462,"score_孤立比例":40.58529945553539,"score_距大型綠地":38.40744101633394,"綜合破碎化分數":44.1,"破碎化等級":"中","判定原因":"面積減少0.0%；斑塊增加0.0%；平均斑塊縮小14.0%；道路密度0.00 km/km²；孤立比例0.0%；距大型綠地0m","2021面積_ha":45.54,"2022面積_ha":45.54,"2023面積_ha":45.54}},{"type":"Feature","geometry":{"type":"Polygon","coordinates":[[[121.70038925223538,24.46769193998066],[121.70043920848283,24.476720280468637],[121.7103039590799,24.476674226829857],[121.71025329940858,24.46764590551166],[121.70038925223538,24.46769193998066]]]},"properties":{"grid_id":"G018_039","綠地類型":"河川沿岸自然地表","中心經度":121.705346,"中心緯度":24.472183,"分析面積_km2":1.04,"2020面積_ha":30.06,"2024面積_ha":30.06,"面積減少率_pct":0.0,"2020斑塊數":1,"2024斑塊數":1,"斑塊數增加率_pct":0.0,"2020平均斑塊面積_ha":4118.13,"2024平均斑塊面積_ha":3542.58,"平均斑塊面積下降率_pct":13.98,"道路切割密度_km_per_km2":0.0,"建成區邊界切割密度_km_per_km2":0.0,"孤立小斑塊比例_pct":0.0,"距大型連續綠地平均距離_m":0.0,"score_面積減少":36.206896551724135,"score_斑塊增加":44.260435571687836,"score_平均斑塊縮小":79.33303085299455,"score_道路建成區切割":25.941470054446462,"score_孤立比例":40.58529945553539,"score_距大型綠地":38.40744101633394,"綜合破碎化分數":44.1,"破碎化等級":"中","判定原因":"面積減少0.0%；斑塊增加0.0%；平均斑塊縮小14.0%；道路密度0.00 km/km²；孤立比例0.0%；距大型綠地0m","2021面積_ha":30.06,"2022面積_ha":30.06,"2023面積_ha":30.06}},{"type":"Feature","geometry":{"type":"Polygon","coordinates":[[[121.73984529098651,24.46750394002519],[121.73989806088233,24.47653220222586],[121.74976271034062,24.476483572817077],[121.74970923705267,24.46745533085829],[121.73984529098651,24.46750394002519]]]},"properties":{"grid_id":"G018_043","綠地類型":"河川沿岸自然地表","中心經度":121.744804,"中心緯度":24.471994,"分析面積_km2":1.04,"2020面積_ha":40.59,"2024面積_ha":40.5,"面積減少率_pct":0.22,"2020斑塊數":1,"2024斑塊數":1,"斑塊數增加率_pct":0.0,"2020平均斑塊面積_ha":724.68,"2024平均斑塊面積_ha":4238.28,"平均斑塊面積下降率_pct":0.0,"道路切割密度_km_per_km2":0.606,"建成區邊界切割密度_km_per_km2":0.0,"孤立小斑塊比例_pct":0.0,"距大型連續綠地平均距離_m":0.0,"score_面積減少":73.23049001814881,"score_斑塊增加":44.260435571687836,"score_平均斑塊縮小":28.153357531760438,"score_道路建成區切割":37.35254083484573,"score_孤立比例":40.58529945553539,"score_距大型綠地":38.40744101633394,"綜合破碎化分數":43.7,"破碎化等級":"中","判定原因":"面積減少0.2%；斑塊增加0.0%；平均斑塊縮小0.0%；道路密度0.61 km/km²；孤立比例0.0%；距大型綠地0m","2021面積_ha":40.59,"2022面積_ha":40.59,"2023面積_ha":40.5}},{"type":"Feature","geometry":{"type":"Polygon","coordinates":[[[121.75957315698267,24.467406078033456],[121.75962733365449,24.476434299482335],[121.76949193048016,24.476384382228435],[121.7694370504327,24.467356181557474],[121.75957315698267,24.467406078033456]]]},"properties":{"grid_id":"G018_045","綠地類型":"河川沿岸自然地表","中心經度":121.764532,"中心緯度":24.471895,"分析面積_km2":1.04,"2020面積_ha":47.97,"2024面積_ha":48.06,"面積減少率_pct":0.0,"2020斑塊數":2,"2024斑塊數":1,"斑塊數增加率_pct":0.0,"2020平均斑塊面積_ha":362.52,"2024平均斑塊面積_ha":4238.28,"平均斑塊面積下降率_pct":0.0,"道路切割密度_km_per_km2":3.604,"建成區邊界切割密度_km_per_km2":0.173,"孤立小斑塊比例_pct":0.0,"距大型連續綠地平均距離_m":0.0,"score_面積減少":36.206896551724135,"score_斑塊增加":44.260435571687836,"score_平均斑塊縮小":28.153357531760438,"score_道路建成區切割":72.66333938294011,"score_孤立比例":40.58529945553539,"score_距大型綠地":38.40744101633394,"綜合破碎化分數":43.4,"破碎化等級":"中","判定原因":"面積減少0.0%；斑塊增加0.0%；平均斑塊縮小0.0%；道路密度3.60 km/km²；孤立比例0.0%；距大型綠地0m","2021面積_ha":48.24,"2022面積_ha":47.16,"2023面積_ha":48.06}},{"type":"Feature","geometry":{"type":"Polygon","coordinates":[[[121.7694370504327,24.467356181557474],[121.76949193048016,24.476384382228435],[121.77935650047367,24.47633382106226],[121.77930091705903,24.46730564143723],[121.7694370504327,24.467356181557474]]]},"properties":{"grid_id":"G018_046","綠地類型":"河川沿岸自然地表","中心經度":121.774397,"中心緯度":24.471845,"分析面積_km2":1.04,"2020面積_ha":36.63,"2024面積_ha":38.25,"面積減少率_pct":0.0,"2020斑塊數":3,"2024斑塊數":1,"斑塊數增加率_pct":0.0,"2020平均斑塊面積_ha":249.36,"2024平均斑塊面積_ha":4238.28,"平均斑塊面積下降率_pct":0.0,"道路切割密度_km_per_km2":6.546,"建成區邊界切割密度_km_per_km2":1.182,"孤立小斑塊比例_pct":0.0,"距大型連續綠地平均距離_m":0.0,"score_面積減少":36.206896551724135,"score_斑塊增加":44.260435571687836,"score_平均斑塊縮小":28.153357531760438,"score_道路建成區切割":83.81352087114337,"score_孤立比例":40.58529945553539,"score_距大型綠地":38.40744101633394,"綜合破碎化分數":45.2,"破碎化等級":"中","判定原因":"面積減少0.0%；斑塊增加0.0%；平均斑塊縮小0.0%；道路密度6.55 km/km²；孤立比例0.0%；距大型綠地0m","2021面積_ha":36.72,"2022面積_ha":37.44,"2023面積_ha":37.35}},{"type":"Feature","geometry":{"type":"Polygon","coordinates":[[[121.41435221265279,24.477775691008443],[121.41438178116276,24.486804459992715],[121.42424780439164,24.486777071974327],[121.4242175319354,24.47774831438731],[121.41435221265279,24.477775691008443]]]},"properties":{"grid_id":"G019_010","綠地類型":"河川沿岸自然地表","中心經度":121.4193,"中心緯度":24.482276,"分析面積_km2":1.04,"2020面積_ha":41.76,"2024面積_ha":47.52,"面積減少率_pct":0.0,"2020斑塊數":4,"2024斑塊數":3,"斑塊數增加率_pct":0.0,"2020平均斑塊面積_ha":351.428,"2024平均斑塊面積_ha":1575.15,"平均斑塊面積下降率_pct":0.0,"道路切割密度_km_per_km2":2.537,"建成區邊界切割密度_km_per_km2":0.115,"孤立小斑塊比例_pct":0.0,"距大型連續綠地平均距離_m":0.0,"score_面積減少":36.206896551724135,"score_斑塊增加":44.260435571687836,"score_平均斑塊縮小":28.153357531760438,"score_道路建成區切割":68.22822141560799,"score_孤立比例":40.58529945553539,"score_距大型綠地":38.40744101633394,"綜合破碎化分數":42.6,"破碎化等級":"中","判定原因":"面積減少0.0%；斑塊增加0.0%；平均斑塊縮小0.0%；道路密度2.54 km/km²；孤立比例0.0%；距大型綠地0m","2021面積_ha":44.37,"2022面積_ha":44.46,"2023面積_ha":48.15}},{"type":"Feature","geometry":{"type":"Polygon","coordinates":[[[121.45381339964187,24.4776623199371],[121.4538457839088,24.486691041723493],[121.46371174587762,24.48666107625451],[121.46367865768362,24.477632366937947],[121.45381339964187,24.4776623199371]]]},"properties":{"grid_id":"G019_014","綠地類型":"河川沿岸自然地表","中心經度":121.458762,"中心緯度":24.482162,"分析面積_km2":1.04,"2020面積_ha":34.11,"2024面積_ha":34.11,"面積減少率_pct":0.0,"2020斑塊數":2,"2024斑塊數":2,"斑塊數增加率_pct":0.0,"2020平均斑塊面積_ha":563.22,"2024平均斑塊面積_ha":797.985,"平均斑塊面積下降率_pct":0.0,"道路切割密度_km_per_km2":5.017,"建成區邊界切割密度_km_per_km2":0.0,"孤立小斑塊比例_pct":0.0,"距大型連續綠地平均距離_m":0.0,"score_面積減少":36.206896551724135,"score_斑塊增加":44.260435571687836,"score_平均斑塊縮小":28.153357531760438,"score_道路建成區切割":55.93239564428312,"score_孤立比例":40.58529945553539,"score_距大型綠地":38.40744101633394,"綜合破碎化分數":40.6,"破碎化等級":"中","判定原因":"面積減少0.0%；斑塊增加0.0%；平均斑塊縮小0.0%；道路密度5.02 km/km²；孤立比例0.0%；距大型綠地0m","2021面積_ha":34.11,"2022面積_ha":34.11,"2023面積_ha":34.11}},{"type":"Feature","geometry":{"type":"Polygon","coordinates":[[[121.46367865768362,24.477632366937947],[121.46371174587762,24.48666107625451],[121.47357769167115,24.486630466433006],[121.47354389955512,24.477601769854385],[121.46367865768362,24.477632366937947]]]},"properties":{"grid_id":"G019_015","綠地類型":"河川沿岸自然地表","中心經度":121.468628,"中心緯度":24.482132,"分析面積_km2":1.04,"2020面積_ha":11.07,"2024面積_ha":11.07,"面積減少率_pct":0.0,"2020斑塊數":2,"2024斑塊數":2,"斑塊數增加率_pct":0.0,"2020平均斑塊面積_ha":924.525,"2024平均斑塊面積_ha":1027.485,"平均斑塊面積下降率_pct":0.0,"道路切割密度_km_per_km2":3.806,"建成區邊界切割密度_km_per_km2":0.0,"孤立小斑塊比例_pct":0.0,"距大型連續綠地平均距離_m":0.0,"score_面積減少":36.206896551724135,"score_斑塊增加":44.260435571687836,"score_平均斑塊縮小":28.153357531760438,"score_道路建成區切割":53.45961887477314,"score_孤立比例":40.58529945553539,"score_距大型綠地":38.40744101633394,"綜合破碎化分數":40.2,"破碎化等級":"中","判定原因":"面積減少0.0%；斑塊增加0.0%；平均斑塊縮小0.0%；道路密度3.81 km/km²；孤立比例0.0%；距大型綠地0m","2021面積_ha":11.07,"2022面積_ha":11.07,"2023面積_ha":11.07}},{"type":"Feature","geometry":{"type":"Polygon","coordinates":[[[121.47354389955512,24.477601769854385],[121.47357769167115,24.486630466433006],[121.4834436209453,24.486599212263183],[121.48340912491244,24.477570528690656],[121.47354389955512,24.477601769854385]]]},"properties":{"grid_id":"G019_016","綠地類型":"河川沿岸自然地表","中心經度":121.478494,"中心緯度":24.482101,"分析面積_km2":1.04,"2020面積_ha":6.39,"2024面積_ha":6.39,"面積減少率_pct":0.0,"2020斑塊數":1,"2024斑塊數":1,"斑塊數增加率_pct":0.0,"2020平均斑塊面積_ha":1647.72,"2024平均斑塊面積_ha":1644.21,"平均斑塊面積下降率_pct":0.21,"道路切割密度_km_per_km2":2.884,"建成區邊界切割密度_km_per_km2":0.0,"孤立小斑塊比例_pct":0.0,"距大型連續綠地平均距離_m":0.0,"score_面積減少":36.206896551724135,"score_斑塊增加":44.260435571687836,"score_平均斑塊縮小":62.545372050816695,"score_道路建成區切割":50.3516333938294,"score_孤立比例":40.58529945553539,"score_距大型綠地":38.40744101633394,"綜合破碎化分數":45.4,"破碎化等級":"中","判定原因":"面積減少0.0%；斑塊增加0.0%；平均斑塊縮小0.2%；道路密度2.88 km/km²；孤立比例0.0%；距大型綠地0m","2021面積_ha":6.39,"2022面積_ha":6.39,"2023面積_ha":6.39}},{"type":"Feature","geometry":{"type":"Polygon","coordinates":[[[121.48340912491244,24.477570528690656],[121.4834436209453,24.486599212263183],[121.49330953335593,24.486567313749365],[121.49327433341153,24.477538643451048],[121.48340912491244,24.477570528690656]]]},"properties":{"grid_id":"G019_017","綠地類型":"河川沿岸自然地表","中心經度":121.488359,"中心緯度":24.482069,"分析面積_km2":1.04,"2020面積_ha":30.33,"2024面積_ha":30.33,"面積減少率_pct":0.0,"2020斑塊數":1,"2024斑塊數":1,"斑塊數增加率_pct":0.0,"2020平均斑塊面積_ha":1647.72,"2024平均斑塊面積_ha":1644.21,"平均斑塊面積下降率_pct":0.21,"道路切割密度_km_per_km2":1.211,"建成區邊界切割密度_km_per_km2":0.0,"孤立小斑塊比例_pct":0.0,"距大型連續綠地平均距離_m":0.0,"score_面積減少":36.206896551724135,"score_斑塊增加":44.260435571687836,"score_平均斑塊縮小":62.545372050816695,"score_道路建成區切割":40.369782214156075,"score_孤立比例":40.58529945553539,"score_距大型綠地":38.40744101633394,"綜合破碎化分數":43.7,"破碎化等級":"中","判定原因":"面積減少0.0%；斑塊增加0.0%；平均斑塊縮小0.2%；道路密度1.21 km/km²；孤立比例0.0%；距大型綠地0m","2021面積_ha":30.33,"2022面積_ha":30.33,"2023面積_ha":30.33}},{"type":"Feature","geometry":{"type":"Polygon","coordinates":[[[121.49327433341153,24.477538643451048],[121.49330953335593,24.486567313749365],[121.50317542855899,24.486534770895947],[121.50313952470846,24.477506114139974],[121.49327433341153,24.477538643451048]]]},"properties":{"grid_id":"G019_018","綠地類型":"河川沿岸自然地表","中心經度":121.498225,"中心緯度":24.482037,"分析面積_km2":1.04,"2020面積_ha":63.54,"2024面積_ha":63.54,"面積減少率_pct":0.0,"2020斑塊數":1,"2024斑塊數":1,"斑塊數增加率_pct":0.0,"2020平均斑塊面積_ha":1647.72,"2024平均斑塊面積_ha":1644.21,"平均斑塊面積下降率_pct":0.21,"道路切割密度_km_per_km2":0.0,"建成區邊界切割密度_km_per_km2":0.0,"孤立小斑塊比例_pct":0.0,"距大型連續綠地平均距離_m":0.0,"score_面積減少":36.206896551724135,"score_斑塊增加":44.260435571687836,"score_平均斑塊縮小":62.545372050816695,"score_道路建成區切割":25.941470054446462,"score_孤立比例":40.58529945553539,"score_距大型綠地":38.40744101633394,"綜合破碎化分數":41.3,"破碎化等級":"中","判定原因":"面積減少0.0%；斑塊增加0.0%；平均斑塊縮小0.2%；道路密度0.00 km/km²；孤立比例0.0%；距大型綠地0m","2021面積_ha":63.54,"2022面積_ha":63.54,"2023面積_ha":63.54}},{"type":"Feature","geometry":{"type":"Polygon","coordinates":[[[121.50313952470846,24.477506114139974],[121.50317542855899,24.486534770895947],[121.51304130621035,24.486501583707415],[121.51300469845921,24.47747294076191],[121.50313952470846,24.477506114139974]]]},"properties":{"grid_id":"G019_019","綠地類型":"河川沿岸自然地表","中心經度":121.50809,"中心緯度":24.482004,"分析面積_km2":1.04,"2020面積_ha":22.86,"2024面積_ha":22.86,"面積減少率_pct":0.0,"2020斑塊數":1,"2024斑塊數":1,"斑塊數增加率_pct":0.0,"2020平均斑塊面積_ha":1647.72,"2024平均斑塊面積_ha":1644.21,"平均斑塊面積下降率_pct":0.21,"道路切割密度_km_per_km2":0.894,"建成區邊界切割密度_km_per_km2":0.0,"孤立小斑塊比例_pct":0.0,"距大型連續綠地平均距離_m":0.0,"score_面積減少":36.206896551724135,"score_斑塊增加":44.260435571687836,"score_平均斑塊縮小":62.545372050816695,"score_道路建成區切割":39.008620689655174,"score_孤立比例":40.58529945553539,"score_距大型綠地":38.40744101633394,"綜合破碎化分數":43.5,"破碎化等級":"中","判定原因":"面積減少0.0%；斑塊增加0.0%；平均斑塊縮小0.2%；道路密度0.89 km/km²；孤立比例0.0%；距大型綠地0m","2021面積_ha":22.86,"2022面積_ha":22.86,"2023面積_ha":22.86}},{"type":"Feature","geometry":{"type":"Polygon","coordinates":[[[121.51300469845921,24.47747294076191],[121.51304130621035,24.486501583707415],[121.52290716596599,24.48646775218835],[121.52286985431984,24.477439123321446],[121.51300469845921,24.47747294076191]]]},"properties":{"grid_id":"G019_020","綠地類型":"河川沿岸自然地表","中心經度":121.517956,"中心緯度":24.48197,"分析面積_km2":1.04,"2020面積_ha":9.72,"2024面積_ha":9.72,"面積減少率_pct":0.0,"2020斑塊數":1,"2024斑塊數":1,"斑塊數增加率_pct":0.0,"2020平均斑塊面積_ha":1647.72,"2024平均斑塊面積_ha":1644.21,"平均斑塊面積下降率_pct":0.21,"道路切割密度_km_per_km2":1.99,"建成區邊界切割密度_km_per_km2":0.0,"孤立小斑塊比例_pct":0.0,"距大型連續綠地平均距離_m":0.0,"score_面積減少":36.206896551724135,"score_斑塊增加":44.260435571687836,"score_平均斑塊縮小":62.545372050816695,"score_道路建成區切割":46.290834845735034,"score_孤立比例":40.58529945553539,"score_距大型綠地":38.40744101633394,"綜合破碎化分數":44.7,"破碎化等級":"中","判定原因":"面積減少0.0%；斑塊增加0.0%；平均斑塊縮小0.2%；道路密度1.99 km/km²；孤立比例0.0%；距大型綠地0m","2021面積_ha":9.72,"2022面積_ha":9.72,"2023面積_ha":9.72}},{"type":"Feature","geometry":{"type":"Polygon","coordinates":[[[121.58206039452809,24.47722269363545],[121.58210192942022,24.486251232400342],[121.59196765427139,24.486212890703193],[121.59192541552656,24.477184367893692],[121.58206039452809,24.47722269363545]]]},"properties":{"grid_id":"G019_027","綠地類型":"河川沿岸自然地表","中心經度":121.587014,"中心緯度":24.481718,"分析面積_km2":1.04,"2020面積_ha":35.46,"2024面積_ha":35.37,"面積減少率_pct":0.25,"2020斑塊數":2,"2024斑塊數":2,"斑塊數增加率_pct":0.0,"2020平均斑塊面積_ha":2815.83,"2024平均斑塊面積_ha":2908.26,"平均斑塊面積下降率_pct":0.0,"道路切割密度_km_per_km2":1.644,"建成區邊界切割密度_km_per_km2":0.0,"孤立小斑塊比例_pct":0.0,"距大型連續綠地平均距離_m":0.0,"score_面積減少":73.502722323049,"score_斑塊增加":44.260435571687836,"score_平均斑塊縮小":28.153357531760438,"score_道路建成區切割":43.93148820326679,"score_孤立比例":40.58529945553539,"score_距大型綠地":38.40744101633394,"綜合破碎化分數":44.8,"破碎化等級":"中","判定原因":"面積減少0.2%；斑塊增加0.0%；平均斑塊縮小0.0%；道路密度1.64 km/km²；孤立比例0.0%；距大型綠地0m","2021面積_ha":35.46,"2022面積_ha":35.28,"2023面積_ha":35.46}},{"type":"Feature","geometry":{"type":"Polygon","coordinates":[[[121.64125020401255,24.47698307895461],[121.64129596192123,24.48601151796566],[121.65116155772174,24.485969310606684],[121.65111509600092,24.476940889159597],[121.64125020401255,24.47698307895461]]]},"properties":{"grid_id":"G019_033","綠地類型":"河川沿岸自然地表","中心經度":121.646206,"中心緯度":24.481476,"分析面積_km2":1.04,"2020面積_ha":23.67,"2024面積_ha":23.67,"面積減少率_pct":0.0,"2020斑塊數":1,"2024斑塊數":1,"斑塊數增加率_pct":0.0,"2020平均斑塊面積_ha":4118.13,"2024平均斑塊面積_ha":3542.58,"平均斑塊面積下降率_pct":13.98,"道路切割密度_km_per_km2":0.288,"建成區邊界切割密度_km_per_km2":0.0,"孤立小斑塊比例_pct":0.0,"距大型連續綠地平均距離_m":0.0,"score_面積減少":36.206896551724135,"score_斑塊增加":44.260435571687836,"score_平均斑塊縮小":79.33303085299455,"score_道路建成區切割":35.526315789473685,"score_孤立比例":40.58529945553539,"score_距大型綠地":38.40744101633394,"綜合破碎化分數":45.7,"破碎化等級":"中","判定原因":"面積減少0.0%；斑塊增加0.0%；平均斑塊縮小14.0%；道路密度0.29 km/km²；孤立比例0.0%；距大型綠地0m","2021面積_ha":23.67,"2022面積_ha":23.67,"2023面積_ha":23.67}},{"type":"Feature","geometry":{"type":"Polygon","coordinates":[[[121.65111509600092,24.476940889159597],[121.65116155772174,24.485969310606684],[121.66102713080966,24.485926458990598],[121.66097996528383,24.47689805537556],[121.65111509600092,24.476940889159597]]]},"properties":{"grid_id":"G019_034","綠地類型":"河川沿岸自然地表","中心經度":121.656071,"中心緯度":24.481434,"分析面積_km2":1.04,"2020面積_ha":42.21,"2024面積_ha":42.21,"面積減少率_pct":0.0,"2020斑塊數":1,"2024斑塊數":1,"斑塊數增加率_pct":0.0,"2020平均斑塊面積_ha":4118.13,"2024平均斑塊面積_ha":3542.58,"平均斑塊面積下降率_pct":13.98,"道路切割密度_km_per_km2":0.0,"建成區邊界切割密度_km_per_km2":0.0,"孤立小斑塊比例_pct":0.0,"距大型連續綠地平均距離_m":0.0,"score_面積減少":36.206896551724135,"score_斑塊增加":44.260435571687836,"score_平均斑塊縮小":79.33303085299455,"score_道路建成區切割":25.941470054446462,"score_孤立比例":40.58529945553539,"score_距大型綠地":38.40744101633394,"綜合破碎化分數":44.1,"破碎化等級":"中","判定原因":"面積減少0.0%；斑塊增加0.0%；平均斑塊縮小14.0%；道路密度0.00 km/km²；孤立比例0.0%；距大型綠地0m","2021面積_ha":42.21,"2022面積_ha":42.21,"2023面積_ha":42.21}},{"type":"Feature","geometry":{"type":"Polygon","coordinates":[[[121.66097996528383,24.47689805537556],[121.66102713080966,24.485926458990598],[121.67089268084099,24.485882963123302],[121.6708448115174,24.47685457760841],[121.66097996528383,24.47689805537556]]]},"properties":{"grid_id":"G019_035","綠地類型":"河川沿岸自然地表","中心經度":121.665936,"中心緯度":24.481391,"分析面積_km2":1.04,"2020面積_ha":44.82,"2024面積_ha":44.82,"面積減少率_pct":0.0,"2020斑塊數":1,"2024斑塊數":1,"斑塊數增加率_pct":0.0,"2020平均斑塊面積_ha":4118.13,"2024平均斑塊面積_ha":3542.58,"平均斑塊面積下降率_pct":13.98,"道路切割密度_km_per_km2":0.0,"建成區邊界切割密度_km_per_km2":0.0,"孤立小斑塊比例_pct":0.0,"距大型連續綠地平均距離_m":0.0,"score_面積減少":36.206896551724135,"score_斑塊增加":44.260435571687836,"score_平均斑塊縮小":79.33303085299455,"score_道路建成區切割":25.941470054446462,"score_孤立比例":40.58529945553539,"score_距大型綠地":38.40744101633394,"綜合破碎化分數":44.1,"破碎化等級":"中","判定原因":"面積減少0.0%；斑塊增加0.0%；平均斑塊縮小14.0%；道路密度0.00 km/km²；孤立比例0.0%；距大型綠地0m","2021面積_ha":44.82,"2022面積_ha":44.82,"2023面積_ha":44.82}},{"type":"Feature","geometry":{"type":"Polygon","coordinates":[[[121.6708448115174,24.47685457760841],[121.67089268084099,24.485882963123302],[121.68075820747171,24.48583882301081],[121.68070963435768,24.47681045586413],[121.6708448115174,24.47685457760841]]]},"properties":{"grid_id":"G019_036","綠地類型":"河川沿岸自然地表","中心經度":121.675801,"中心緯度":24.481347,"分析面積_km2":1.04,"2020面積_ha":44.1,"2024面積_ha":44.19,"面積減少率_pct":0.0,"2020斑塊數":1,"2024斑塊數":1,"斑塊數增加率_pct":0.0,"2020平均斑塊面積_ha":4118.13,"2024平均斑塊面積_ha":3542.58,"平均斑塊面積下降率_pct":13.98,"道路切割密度_km_per_km2":0.0,"建成區邊界切割密度_km_per_km2":0.0,"孤立小斑塊比例_pct":0.0,"距大型連續綠地平均距離_m":0.0,"score_面積減少":36.206896551724135,"score_斑塊增加":44.260435571687836,"score_平均斑塊縮小":79.33303085299455,"score_道路建成區切割":25.941470054446462,"score_孤立比例":40.58529945553539,"score_距大型綠地":38.40744101633394,"綜合破碎化分數":44.1,"破碎化等級":"中","判定原因":"面積減少0.0%；斑塊增加0.0%；平均斑塊縮小14.0%；道路密度0.00 km/km²；孤立比例0.0%；距大型綠地0m","2021面積_ha":43.92,"2022面積_ha":43.38,"2023面積_ha":44.1}},{"type":"Feature","geometry":{"type":"Polygon","coordinates":[[[121.68070963435768,24.47681045586413],[121.68075820747171,24.48583882301081],[121.69062371035781,24.4857940386592],[121.6905744334608,24.476765690148817],[121.68070963435768,24.47681045586413]]]},"properties":{"grid_id":"G019_037","綠地類型":"河川沿岸自然地表","中心經度":121.685666,"中心緯度":24.481302,"分析面積_km2":1.04,"2020面積_ha":26.91,"2024面積_ha":26.91,"面積減少率_pct":0.0,"2020斑塊數":1,"2024斑塊數":1,"斑塊數增加率_pct":0.0,"2020平均斑塊面積_ha":4118.13,"2024平均斑塊面積_ha":3542.58,"平均斑塊面積下降率_pct":13.98,"道路切割密度_km_per_km2":0.0,"建成區邊界切割密度_km_per_km2":0.0,"孤立小斑塊比例_pct":0.0,"距大型連續綠地平均距離_m":0.0,"score_面積減少":36.206896551724135,"score_斑塊增加":44.260435571687836,"score_平均斑塊縮小":79.33303085299455,"score_道路建成區切割":25.941470054446462,"score_孤立比例":40.58529945553539,"score_距大型綠地":38.40744101633394,"綜合破碎化分數":44.1,"破碎化等級":"中","判定原因":"面積減少0.0%；斑塊增加0.0%；平均斑塊縮小14.0%；道路密度0.00 km/km²；孤立比例0.0%；距大型綠地0m","2021面積_ha":26.91,"2022面積_ha":26.91,"2023面積_ha":26.91}},{"type":"Feature","geometry":{"type":"Polygon","coordinates":[[[121.6905744334608,24.476765690148817],[121.69062371035781,24.4857940386592],[121.70048918915526,24.485748610074648],[121.70043920848283,24.476720280468637],[121.6905744334608,24.476765690148817]]]},"properties":{"grid_id":"G019_038","綠地類型":"河川沿岸自然地表","中心經度":121.695532,"中心緯度":24.481257,"分析面積_km2":1.04,"2020面積_ha":44.46,"2024面積_ha":44.46,"面積減少率_pct":0.0,"2020斑塊數":1,"2024斑塊數":1,"斑塊數增加率_pct":0.0,"2020平均斑塊面積_ha":4118.13,"2024平均斑塊面積_ha":3542.58,"平均斑塊面積下降率_pct":13.98,"道路切割密度_km_per_km2":0.0,"建成區邊界切割密度_km_per_km2":0.0,"孤立小斑塊比例_pct":0.0,"距大型連續綠地平均距離_m":0.0,"score_面積減少":36.206896551724135,"score_斑塊增加":44.260435571687836,"score_平均斑塊縮小":79.33303085299455,"score_道路建成區切割":25.941470054446462,"score_孤立比例":40.58529945553539,"score_距大型綠地":38.40744101633394,"綜合破碎化分數":44.1,"破碎化等級":"中","判定原因":"面積減少0.0%；斑塊增加0.0%；平均斑塊縮小14.0%；道路密度0.00 km/km²；孤立比例0.0%；距大型綠地0m","2021面積_ha":44.46,"2022面積_ha":44.46,"2023面積_ha":44.46}},{"type":"Feature","geometry":{"type":"Polygon","coordinates":[[[121.70043920848283,24.476720280468637],[121.70048918915526,24.485748610074648],[121.71035464352009,24.48570253726342],[121.7103039590799,24.476674226829857],[121.70043920848283,24.476720280468637]]]},"properties":{"grid_id":"G019_039","綠地類型":"河川沿岸自然地表","中心經度":121.705397,"中心緯度":24.481211,"分析面積_km2":1.04,"2020面積_ha":30.96,"2024面積_ha":30.96,"面積減少率_pct":0.0,"2020斑塊數":2,"2024斑塊數":2,"斑塊數增加率_pct":0.0,"2020平均斑塊面積_ha":4036.995,"2024平均斑塊面積_ha":3890.43,"平均斑塊面積下降率_pct":3.63,"道路切割密度_km_per_km2":0.0,"建成區邊界切割密度_km_per_km2":0.0,"孤立小斑塊比例_pct":0.0,"距大型連續綠地平均距離_m":0.0,"score_面積減少":36.206896551724135,"score_斑塊增加":44.260435571687836,"score_平均斑塊縮小":73.04900181488203,"score_道路建成區切割":25.941470054446462,"score_孤立比例":40.58529945553539,"score_距大型綠地":38.40744101633394,"綜合破碎化分數":43.1,"破碎化等級":"中","判定原因":"面積減少0.0%；斑塊增加0.0%；平均斑塊縮小3.6%；道路密度0.00 km/km²；孤立比例0.0%；距大型綠地0m","2021面積_ha":30.96,"2022面積_ha":30.96,"2023面積_ha":30.96}},{"type":"Feature","geometry":{"type":"Polygon","coordinates":[[[121.73989806088233,24.47653220222586],[121.73995085657866,24.48556045353372],[121.74981620977292,24.485511803880247],[121.74976271034062,24.476483572817077],[121.73989806088233,24.47653220222586]]]},"properties":{"grid_id":"G019_043","綠地類型":"河川沿岸自然地表","中心經度":121.744857,"中心緯度":24.481022,"分析面積_km2":1.04,"2020面積_ha":23.94,"2024面積_ha":22.59,"面積減少率_pct":5.64,"2020斑塊數":1,"2024斑塊數":1,"斑塊數增加率_pct":0.0,"2020平均斑塊面積_ha":724.68,"2024平均斑塊面積_ha":4238.28,"平均斑塊面積下降率_pct":0.0,"道路切割密度_km_per_km2":1.326,"建成區邊界切割密度_km_per_km2":0.0,"孤立小斑塊比例_pct":0.0,"距大型連續綠地平均距離_m":0.0,"score_面積減少":85.75317604355716,"score_斑塊增加":44.260435571687836,"score_平均斑塊縮小":28.153357531760438,"score_道路建成區切割":41.03901996370236,"score_孤立比例":40.58529945553539,"score_距大型綠地":38.40744101633394,"綜合破碎化分數":46.4,"破碎化等級":"中","判定原因":"面積減少5.6%；斑塊增加0.0%；平均斑塊縮小0.0%；道路密度1.33 km/km²；孤立比例0.0%；距大型綠地0m","2021面積_ha":24.12,"2022面積_ha":24.12,"2023面積_ha":23.04}},{"type":"Feature","geometry":{"type":"Polygon","coordinates":[[[121.78922104329122,24.47628261599078],[121.78927735758434,24.485310763394676],[121.79914257657593,24.485258892840022],[121.79908555858896,24.476230767021057],[121.78922104329122,24.47628261599078]]]},"properties":{"grid_id":"G019_048","綠地類型":"河川沿岸自然地表","中心經度":121.794182,"中心緯度":24.480771,"分析面積_km2":1.04,"2020面積_ha":33.84,"2024面積_ha":33.84,"面積減少率_pct":0.0,"2020斑塊數":2,"2024斑塊數":2,"斑塊數增加率_pct":0.0,"2020平均斑塊面積_ha":84.105,"2024平均斑塊面積_ha":82.53,"平均斑塊面積下降率_pct":1.87,"道路切割密度_km_per_km2":1.009,"建成區邊界切割密度_km_per_km2":0.0,"孤立小斑塊比例_pct":0.0,"距大型連續綠地平均距離_m":0.0,"score_面積減少":36.206896551724135,"score_斑塊增加":44.260435571687836,"score_平均斑塊縮小":70.96188747731398,"score_道路建成區切割":39.530399274047184,"score_孤立比例":40.58529945553539,"score_距大型綠地":38.40744101633394,"綜合破碎化分數":45.0,"破碎化等級":"中","判定原因":"面積減少0.0%；斑塊增加0.0%；平均斑塊縮小1.9%；道路密度1.01 km/km²；孤立比例0.0%；距大型綠地0m","2021面積_ha":33.84,"2022面積_ha":33.84,"2023面積_ha":33.84}},{"type":"Feature","geometry":{"type":"Polygon","coordinates":[[[121.79908555858896,24.476230767021057],[121.79914257657593,24.485258892840022],[121.8090077676951,24.485206378126243],[121.80895004602303,24.47617827416024],[121.79908555858896,24.476230767021057]]]},"properties":{"grid_id":"G019_049","綠地類型":"河川沿岸自然地表","中心經度":121.804046,"中心緯度":24.480719,"分析面積_km2":1.04,"2020面積_ha":37.53,"2024面積_ha":37.53,"面積減少率_pct":0.0,"2020斑塊數":1,"2024斑塊數":1,"斑塊數增加率_pct":0.0,"2020平均斑塊面積_ha":57.24,"2024平均斑塊面積_ha":55.89,"平均斑塊面積下降率_pct":2.36,"道路切割密度_km_per_km2":0.519,"建成區邊界切割密度_km_per_km2":0.0,"孤立小斑塊比例_pct":0.0,"距大型連續綠地平均距離_m":0.0,"score_面積減少":36.206896551724135,"score_斑塊增加":44.260435571687836,"score_平均斑塊縮小":72.23230490018149,"score_道路建成區切割":36.77404718693285,"score_孤立比例":40.58529945553539,"score_距大型綠地":38.40744101633394,"綜合破碎化分數":44.7,"破碎化等級":"中","判定原因":"面積減少0.0%；斑塊增加0.0%；平均斑塊縮小2.4%；道路密度0.52 km/km²；孤立比例0.0%；距大型綠地0m","2021面積_ha":37.53,"2022面積_ha":37.53,"2023面積_ha":37.53}},{"type":"Feature","geometry":{"type":"Polygon","coordinates":[[[121.42424780439164,24.486777071974327],[121.4242780916468,24.495805818735718],[121.43414480436262,24.49577777468177],[121.43411381282169,24.486749039587394],[121.42424780439164,24.486777071974327]]]},"properties":{"grid_id":"G020_011","綠地類型":"河川沿岸自然地表","中心經度":121.429196,"中心緯度":24.491278,"分析面積_km2":1.04,"2020面積_ha":32.76,"2024面積_ha":36.99,"面積減少率_pct":0.0,"2020斑塊數":3,"2024斑塊數":1,"斑塊數增加率_pct":0.0,"2020平均斑塊面積_ha":380.07,"2024平均斑塊面積_ha":1185.21,"平均斑塊面積下降率_pct":0.0,"道路切割密度_km_per_km2":4.671,"建成區邊界切割密度_km_per_km2":0.115,"孤立小斑塊比例_pct":0.0,"距大型連續綠地平均距離_m":0.0,"score_面積減少":36.206896551724135,"score_斑塊增加":44.260435571687836,"score_平均斑塊縮小":28.153357531760438,"score_道路建成區切割":74.53493647912885,"score_孤立比例":40.58529945553539,"score_距大型綠地":38.40744101633394,"綜合破碎化分數":43.7,"破碎化等級":"中","判定原因":"面積減少0.0%；斑塊增加0.0%；平均斑塊縮小0.0%；道路密度4.67 km/km²；孤立比例0.0%；距大型綠地0m","2021面積_ha":37.35,"2022面積_ha":35.46,"2023面積_ha":36.45}},{"type":"Feature","geometry":{"type":"Polygon","coordinates":[[[121.4439798061088,24.486720362835793],[121.44401150193075,24.495749085994976],[121.45387818400691,24.495719752679292],[121.4538457839088,24.486691041723493],[121.4439798061088,24.486720362835793]]]},"properties":{"grid_id":"G020_013","綠地類型":"河川沿岸自然地表","中心經度":121.448929,"中心緯度":24.49122,"分析面積_km2":1.04,"2020面積_ha":26.82,"2024面積_ha":26.82,"面積減少率_pct":0.0,"2020斑塊數":2,"2024斑塊數":2,"斑塊數增加率_pct":0.0,"2020平均斑塊面積_ha":563.22,"2024平均斑塊面積_ha":797.985,"平均斑塊面積下降率_pct":0.0,"道路切割密度_km_per_km2":3.287,"建成區邊界切割密度_km_per_km2":0.0,"孤立小斑塊比例_pct":0.0,"距大型連續綠地平均距離_m":0.0,"score_面積減少":36.206896551724135,"score_斑塊增加":44.260435571687836,"score_平均斑塊縮小":28.153357531760438,"score_道路建成區切割":51.92831215970962,"score_孤立比例":40.58529945553539,"score_距大型綠地":38.40744101633394,"綜合破碎化分數":39.9,"破碎化等級":"中","判定原因":"面積減少0.0%；斑塊增加0.0%；平均斑塊縮小0.0%；道路密度3.29 km/km²；孤立比例0.0%；距大型綠地0m","2021面積_ha":26.82,"2022面積_ha":26.82,"2023面積_ha":26.82}},{"type":"Feature","geometry":{"type":"Polygon","coordinates":[[[121.4538457839088,24.486691041723493],[121.45387818400691,24.495719752679292],[121.46374485024694,24.495689774738764],[121.46371174587762,24.48666107625451],[121.4538457839088,24.486691041723493]]]},"properties":{"grid_id":"G020_014","綠地類型":"河川沿岸自然地表","中心經度":121.458795,"中心緯度":24.49119,"分析面積_km2":1.04,"2020面積_ha":35.28,"2024面積_ha":35.28,"面積減少率_pct":0.0,"2020斑塊數":1,"2024斑塊數":1,"斑塊數增加率_pct":0.0,"2020平均斑塊面積_ha":201.33,"2024平均斑塊面積_ha":410.76,"平均斑塊面積下降率_pct":0.0,"道路切割密度_km_per_km2":3.258,"建成區邊界切割密度_km_per_km2":0.0,"孤立小斑塊比例_pct":0.0,"距大型連續綠地平均距離_m":0.0,"score_面積減少":36.206896551724135,"score_斑塊增加":44.260435571687836,"score_平均斑塊縮小":28.153357531760438,"score_道路建成區切割":51.81488203266788,"score_孤立比例":40.58529945553539,"score_距大型綠地":38.40744101633394,"綜合破碎化分數":39.9,"破碎化等級":"中","判定原因":"面積減少0.0%；斑塊增加0.0%；平均斑塊縮小0.0%；道路密度3.26 km/km²；孤立比例0.0%；距大型綠地0m","2021面積_ha":35.28,"2022面積_ha":35.28,"2023面積_ha":35.28}},{"type":"Feature","geometry":{"type":"Polygon","coordinates":[[[121.46371174587762,24.48666107625451],[121.46374485024694,24.495689774738764],[121.47361150030657,24.495659152177538],[121.47357769167115,24.486630466433006],[121.46371174587762,24.48666107625451]]]},"properties":{"grid_id":"G020_015","綠地類型":"河川沿岸自然地表","中心經度":121.468661,"中心緯度":24.49116,"分析面積_km2":1.04,"2020面積_ha":24.39,"2024面積_ha":24.39,"面積減少率_pct":0.0,"2020斑塊數":1,"2024斑塊數":1,"斑塊數增加率_pct":0.0,"2020平均斑塊面積_ha":1647.72,"2024平均斑塊面積_ha":1644.21,"平均斑塊面積下降率_pct":0.21,"道路切割密度_km_per_km2":3.72,"建成區邊界切割密度_km_per_km2":0.0,"孤立小斑塊比例_pct":0.0,"距大型連續綠地平均距離_m":0.0,"score_面積減少":36.206896551724135,"score_斑塊增加":44.260435571687836,"score_平均斑塊縮小":62.545372050816695,"score_道路建成區切割":53.19872958257713,"score_孤立比例":40.58529945553539,"score_距大型綠地":38.40744101633394,"綜合破碎化分數":45.9,"破碎化等級":"中","判定原因":"面積減少0.0%；斑塊增加0.0%；平均斑塊縮小0.2%；道路密度3.72 km/km²；孤立比例0.0%；距大型綠地0m","2021面積_ha":24.39,"2022面積_ha":24.39,"2023面積_ha":24.39}},{"type":"Feature","geometry":{"type":"Polygon","coordinates":[[[121.47357769167115,24.486630466433006],[121.47361150030657,24.495659152177538],[121.48347813384164,24.49562788499983],[121.4834436209453,24.486599212263183],[121.47357769167115,24.486630466433006]]]},"properties":{"grid_id":"G020_016","綠地類型":"河川沿岸自然地表","中心經度":121.478528,"中心緯度":24.491129,"分析面積_km2":1.04,"2020面積_ha":33.93,"2024面積_ha":33.93,"面積減少率_pct":0.0,"2020斑塊數":1,"2024斑塊數":1,"斑塊數增加率_pct":0.0,"2020平均斑塊面積_ha":1647.72,"2024平均斑塊面積_ha":1644.21,"平均斑塊面積下降率_pct":0.21,"道路切割密度_km_per_km2":2.422,"建成區邊界切割密度_km_per_km2":0.0,"孤立小斑塊比例_pct":0.0,"距大型連續綠地平均距離_m":0.0,"score_面積減少":36.206896551724135,"score_斑塊增加":44.260435571687836,"score_平均斑塊縮小":62.545372050816695,"score_道路建成區切割":48.53675136116152,"score_孤立比例":40.58529945553539,"score_距大型綠地":38.40744101633394,"綜合破碎化分數":45.1,"破碎化等級":"中","判定原因":"面積減少0.0%；斑塊增加0.0%；平均斑塊縮小0.2%；道路密度2.42 km/km²；孤立比例0.0%；距大型綠地0m","2021面積_ha":33.93,"2022面積_ha":33.93,"2023面積_ha":33.93}},{"type":"Feature","geometry":{"type":"Polygon","coordinates":[[[121.4834436209453,24.486599212263183],[121.48347813384164,24.49562788499983],[121.4933447505079,24.495595973209955],[121.49330953335593,24.486567313749365],[121.4834436209453,24.486599212263183]]]},"properties":{"grid_id":"G020_017","綠地類型":"河川沿岸自然地表","中心經度":121.488394,"中心緯度":24.491098,"分析面積_km2":1.04,"2020面積_ha":15.57,"2024面積_ha":15.57,"面積減少率_pct":0.0,"2020斑塊數":1,"2024斑塊數":1,"斑塊數增加率_pct":0.0,"2020平均斑塊面積_ha":1647.72,"2024平均斑塊面積_ha":1644.21,"平均斑塊面積下降率_pct":0.21,"道路切割密度_km_per_km2":1.903,"建成區邊界切割密度_km_per_km2":0.0,"孤立小斑塊比例_pct":0.0,"距大型連續綠地平均距離_m":0.0,"score_面積減少":36.206896551724135,"score_斑塊增加":44.260435571687836,"score_平均斑塊縮小":62.545372050816695,"score_道路建成區切割":45.80308529945553,"score_孤立比例":40.58529945553539,"score_距大型綠地":38.40744101633394,"綜合破碎化分數":44.6,"破碎化等級":"中","判定原因":"面積減少0.0%；斑塊增加0.0%；平均斑塊縮小0.2%；道路密度1.90 km/km²；孤立比例0.0%；距大型綠地0m","2021面積_ha":15.57,"2022面積_ha":15.57,"2023面積_ha":15.57}},{"type":"Feature","geometry":{"type":"Polygon","coordinates":[[[121.49330953335593,24.486567313749365],[121.4933447505079,24.495595973209955],[121.50321134996119,24.49556341681231],[121.50317542855899,24.486534770895947],[121.49330953335593,24.486567313749365]]]},"properties":{"grid_id":"G020_018","綠地類型":"河川沿岸自然地表","中心經度":121.49826,"中心緯度":24.491065,"分析面積_km2":1.04,"2020面積_ha":77.67,"2024面積_ha":77.67,"面積減少率_pct":0.0,"2020斑塊數":1,"2024斑塊數":1,"斑塊數增加率_pct":0.0,"2020平均斑塊面積_ha":1647.72,"2024平均斑塊面積_ha":1644.21,"平均斑塊面積下降率_pct":0.21,"道路切割密度_km_per_km2":0.087,"建成區邊界切割密度_km_per_km2":0.0,"孤立小斑塊比例_pct":0.0,"距大型連續綠地平均距離_m":0.0,"score_面積減少":36.206896551724135,"score_斑塊增加":44.260435571687836,"score_平均斑塊縮小":62.545372050816695,"score_道路建成區切割":34.30127041742287,"score_孤立比例":40.58529945553539,"score_距大型綠地":38.40744101633394,"綜合破碎化分數":42.7,"破碎化等級":"中","判定原因":"面積減少0.0%；斑塊增加0.0%；平均斑塊縮小0.2%；道路密度0.09 km/km²；孤立比例0.0%；距大型綠地0m","2021面積_ha":77.67,"2022面積_ha":77.67,"2023面積_ha":77.67}},{"type":"Feature","geometry":{"type":"Polygon","coordinates":[[[121.50317542855899,24.486534770895947],[121.50321134996119,24.49556341681231],[121.51307793185728,24.495530215811396],[121.51304130621035,24.486501583707415],[121.50317542855899,24.486534770895947]]]},"properties":{"grid_id":"G020_019","綠地類型":"河川沿岸自然地表","中心經度":121.508127,"中心緯度":24.491033,"分析面積_km2":1.04,"2020面積_ha":57.06,"2024面積_ha":57.06,"面積減少率_pct":0.0,"2020斑塊數":1,"2024斑塊數":1,"斑塊數增加率_pct":0.0,"2020平均斑塊面積_ha":1647.72,"2024平均斑塊面積_ha":1644.21,"平均斑塊面積下降率_pct":0.21,"道路切割密度_km_per_km2":0.0,"建成區邊界切割密度_km_per_km2":0.0,"孤立小斑塊比例_pct":0.0,"距大型連續綠地平均距離_m":0.0,"score_面積減少":36.206896551724135,"score_斑塊增加":44.260435571687836,"score_平均斑塊縮小":62.545372050816695,"score_道路建成區切割":25.941470054446462,"score_孤立比例":40.58529945553539,"score_距大型綠地":38.40744101633394,"綜合破碎化分數":41.3,"破碎化等級":"中","判定原因":"面積減少0.0%；斑塊增加0.0%；平均斑塊縮小0.2%；道路密度0.00 km/km²；孤立比例0.0%；距大型綠地0m","2021面積_ha":57.06,"2022面積_ha":57.06,"2023面積_ha":57.06}},{"type":"Feature","geometry":{"type":"Polygon","coordinates":[[[121.51304130621035,24.486501583707415],[121.51307793185728,24.495530215811396],[121.52294449585197,24.49549637021179],[121.52290716596599,24.48646775218835],[121.51304130621035,24.486501583707415]]]},"properties":{"grid_id":"G020_020","綠地類型":"河川沿岸自然地表","中心經度":121.517993,"中心緯度":24.490999,"分析面積_km2":1.04,"2020面積_ha":41.58,"2024面積_ha":41.58,"面積減少率_pct":0.0,"2020斑塊數":1,"2024斑塊數":1,"斑塊數增加率_pct":0.0,"2020平均斑塊面積_ha":1647.72,"2024平均斑塊面積_ha":1644.21,"平均斑塊面積下降率_pct":0.21,"道路切割密度_km_per_km2":0.577,"建成區邊界切割密度_km_per_km2":0.0,"孤立小斑塊比例_pct":0.0,"距大型連續綠地平均距離_m":0.0,"score_面積減少":36.206896551724135,"score_斑塊增加":44.260435571687836,"score_平均斑塊縮小":62.545372050816695,"score_道路建成區切割":37.137023593466424,"score_孤立比例":40.58529945553539,"score_距大型綠地":38.40744101633394,"綜合破碎化分數":43.2,"破碎化等級":"中","判定原因":"面積減少0.0%；斑塊增加0.0%；平均斑塊縮小0.2%；道路密度0.58 km/km²；孤立比例0.0%；距大型綠地0m","2021面積_ha":41.58,"2022面積_ha":41.58,"2023面積_ha":41.58}},{"type":"Feature","geometry":{"type":"Polygon","coordinates":[[[121.53277300748175,24.486433276343423],[121.53281104160111,24.495461880018155],[121.54267756876047,24.49542674523526],[121.54263883041361,24.486398156177383],[121.53277300748175,24.486433276343423]]]},"properties":{"grid_id":"G020_022","綠地類型":"河川沿岸自然地表","中心經度":121.537725,"中心緯度":24.49093,"分析面積_km2":1.04,"2020面積_ha":54.09,"2024面積_ha":55.26,"面積減少率_pct":0.0,"2020斑塊數":1,"2024斑塊數":1,"斑塊數增加率_pct":0.0,"2020平均斑塊面積_ha":2919.15,"2024平均斑塊面積_ha":3064.86,"平均斑塊面積下降率_pct":0.0,"道路切割密度_km_per_km2":2.624,"建成區邊界切割密度_km_per_km2":0.49,"孤立小斑塊比例_pct":0.0,"距大型連續綠地平均距離_m":0.0,"score_面積減少":36.206896551724135,"score_斑塊增加":44.260435571687836,"score_平均斑塊縮小":28.153357531760438,"score_道路建成區切割":71.00725952813067,"score_孤立比例":40.58529945553539,"score_距大型綠地":38.40744101633394,"綜合破碎化分數":43.1,"破碎化等級":"中","判定原因":"面積減少0.0%；斑塊增加0.0%；平均斑塊縮小0.0%；道路密度2.62 km/km²；孤立比例0.0%；距大型綠地0m","2021面積_ha":54.9,"2022面積_ha":54.99,"2023面積_ha":54.27}},{"type":"Feature","geometry":{"type":"Polygon","coordinates":[[[121.57223618426484,24.486288929801493],[121.57227703525814,24.495317473399876],[121.58214348461664,24.495279760309266],[121.58210192942022,24.486251232400342],[121.57223618426484,24.486288929801493]]]},"properties":{"grid_id":"G020_026","綠地類型":"河川沿岸自然地表","中心經度":121.57719,"中心緯度":24.490784,"分析面積_km2":1.04,"2020面積_ha":31.5,"2024面積_ha":30.69,"面積減少率_pct":2.57,"2020斑塊數":1,"2024斑塊數":1,"斑塊數增加率_pct":0.0,"2020平均斑塊面積_ha":2919.15,"2024平均斑塊面積_ha":3064.86,"平均斑塊面積下降率_pct":0.0,"道路切割密度_km_per_km2":0.0,"建成區邊界切割密度_km_per_km2":0.0,"孤立小斑塊比例_pct":0.0,"距大型連續綠地平均距離_m":0.0,"score_面積減少":81.57894736842105,"score_斑塊增加":44.260435571687836,"score_平均斑塊縮小":28.153357531760438,"score_道路建成區切割":25.941470054446462,"score_孤立比例":40.58529945553539,"score_距大型綠地":38.40744101633394,"綜合破碎化分數":43.2,"破碎化等級":"中","判定原因":"面積減少2.6%；斑塊增加0.0%；平均斑塊縮小0.0%；道路密度0.00 km/km²；孤立比例0.0%；距大型綠地0m","2021面積_ha":31.86,"2022面積_ha":29.25,"2023面積_ha":31.14}},{"type":"Feature","geometry":{"type":"Polygon","coordinates":[[[121.63143034375219,24.4860530810617],[121.63147541986622,24.495081526501245],[121.64134174219843,24.49503994610692],[121.64129596192123,24.48601151796566],[121.63143034375219,24.4860530810617]]]},"properties":{"grid_id":"G020_032","綠地類型":"河川沿岸自然地表","中心經度":121.636386,"中心緯度":24.490547,"分析面積_km2":1.04,"2020面積_ha":9.09,"2024面積_ha":9.09,"面積減少率_pct":0.0,"2020斑塊數":2,"2024斑塊數":2,"斑塊數增加率_pct":0.0,"2020平均斑塊面積_ha":3415.32,"2024平均斑塊面積_ha":3147.12,"平均斑塊面積下降率_pct":7.85,"道路切割密度_km_per_km2":1.413,"建成區邊界切割密度_km_per_km2":0.0,"孤立小斑塊比例_pct":0.0,"距大型連續綠地平均距離_m":0.0,"score_面積減少":36.206896551724135,"score_斑塊增加":44.260435571687836,"score_平均斑塊縮小":75.20417422867513,"score_道路建成區切割":41.685571687840294,"score_孤立比例":40.58529945553539,"score_距大型綠地":38.40744101633394,"綜合破碎化分數":46.1,"破碎化等級":"中","判定原因":"面積減少0.0%；斑塊增加0.0%；平均斑塊縮小7.8%；道路密度1.41 km/km²；孤立比例0.0%；距大型綠地0m","2021面積_ha":9.09,"2022面積_ha":9.09,"2023面積_ha":9.09}},{"type":"Feature","geometry":{"type":"Polygon","coordinates":[[[121.64129596192123,24.48601151796566],[121.64134174219843,24.49503994610692],[121.65120804215513,24.49499772118154],[121.65116155772174,24.485969310606684],[121.64129596192123,24.48601151796566]]]},"properties":{"grid_id":"G020_033","綠地類型":"河川沿岸自然地表","中心經度":121.646252,"中心緯度":24.490505,"分析面積_km2":1.04,"2020面積_ha":58.14,"2024面積_ha":58.23,"面積減少率_pct":0.0,"2020斑塊數":1,"2024斑塊數":1,"斑塊數增加率_pct":0.0,"2020平均斑塊面積_ha":4118.13,"2024平均斑塊面積_ha":3542.58,"平均斑塊面積下降率_pct":13.98,"道路切割密度_km_per_km2":0.0,"建成區邊界切割密度_km_per_km2":0.0,"孤立小斑塊比例_pct":0.0,"距大型連續綠地平均距離_m":0.0,"score_面積減少":36.206896551724135,"score_斑塊增加":44.260435571687836,"score_平均斑塊縮小":79.33303085299455,"score_道路建成區切割":25.941470054446462,"score_孤立比例":40.58529945553539,"score_距大型綠地":38.40744101633394,"綜合破碎化分數":44.1,"破碎化等級":"中","判定原因":"面積減少0.0%；斑塊增加0.0%；平均斑塊縮小14.0%；道路密度0.00 km/km²；孤立比例0.0%；距大型綠地0m","2021面積_ha":58.05,"2022面積_ha":58.23,"2023面積_ha":58.23}},{"type":"Feature","geometry":{"type":"Polygon","coordinates":[[[121.65116155772174,24.485969310606684],[121.65120804215513,24.49499772118154],[121.6610743193921,24.494954851730924],[121.66102713080966,24.485926458990598],[121.65116155772174,24.485969310606684]]]},"properties":{"grid_id":"G020_034","綠地類型":"河川沿岸自然地表","中心經度":121.656118,"中心緯度":24.490462,"分析面積_km2":1.04,"2020面積_ha":35.28,"2024面積_ha":35.28,"面積減少率_pct":0.0,"2020斑塊數":1,"2024斑塊數":1,"斑塊數增加率_pct":0.0,"2020平均斑塊面積_ha":4118.13,"2024平均斑塊面積_ha":3542.58,"平均斑塊面積下降率_pct":13.98,"道路切割密度_km_per_km2":0.0,"建成區邊界切割密度_km_per_km2":0.0,"孤立小斑塊比例_pct":0.0,"距大型連續綠地平均距離_m":0.0,"score_面積減少":36.206896551724135,"score_斑塊增加":44.260435571687836,"score_平均斑塊縮小":79.33303085299455,"score_道路建成區切割":25.941470054446462,"score_孤立比例":40.58529945553539,"score_距大型綠地":38.40744101633394,"綜合破碎化分數":44.1,"破碎化等級":"中","判定原因":"面積減少0.0%；斑塊增加0.0%；平均斑塊縮小14.0%；道路密度0.00 km/km²；孤立比例0.0%；距大型綠地0m","2021面積_ha":35.28,"2022面積_ha":35.28,"2023面積_ha":35.28}},{"type":"Feature","geometry":{"type":"Polygon","coordinates":[[[121.66102713080966,24.485926458990598],[121.6610743193921,24.494954851730924],[121.67094057356522,24.49491133776099],[121.67089268084099,24.485882963123302],[121.66102713080966,24.485926458990598]]]},"properties":{"grid_id":"G020_035","綠地類型":"河川沿岸自然地表","中心經度":121.665984,"中心緯度":24.490419,"分析面積_km2":1.04,"2020面積_ha":49.41,"2024面積_ha":49.41,"面積減少率_pct":0.0,"2020斑塊數":1,"2024斑塊數":1,"斑塊數增加率_pct":0.0,"2020平均斑塊面積_ha":4118.13,"2024平均斑塊面積_ha":3542.58,"平均斑塊面積下降率_pct":13.98,"道路切割密度_km_per_km2":0.0,"建成區邊界切割密度_km_per_km2":0.0,"孤立小斑塊比例_pct":0.0,"距大型連續綠地平均距離_m":0.0,"score_面積減少":36.206896551724135,"score_斑塊增加":44.260435571687836,"score_平均斑塊縮小":79.33303085299455,"score_道路建成區切割":25.941470054446462,"score_孤立比例":40.58529945553539,"score_距大型綠地":38.40744101633394,"綜合破碎化分數":44.1,"破碎化等級":"中","判定原因":"面積減少0.0%；斑塊增加0.0%；平均斑塊縮小14.0%；道路密度0.00 km/km²；孤立比例0.0%；距大型綠地0m","2021面積_ha":49.41,"2022面積_ha":49.41,"2023面積_ha":49.41}},{"type":"Feature","geometry":{"type":"Polygon","coordinates":[[[121.67089268084099,24.485882963123302],[121.67094057356522,24.49491133776099],[121.68080680433039,24.49486717927773],[121.68075820747171,24.48583882301081],[121.67089268084099,24.485882963123302]]]},"properties":{"grid_id":"G020_036","綠地類型":"河川沿岸自然地表","中心經度":121.67585,"中心緯度":24.490375,"分析面積_km2":1.04,"2020面積_ha":35.01,"2024面積_ha":35.01,"面積減少率_pct":0.0,"2020斑塊數":1,"2024斑塊數":1,"斑塊數增加率_pct":0.0,"2020平均斑塊面積_ha":4118.13,"2024平均斑塊面積_ha":3542.58,"平均斑塊面積下降率_pct":13.98,"道路切割密度_km_per_km2":0.0,"建成區邊界切割密度_km_per_km2":0.0,"孤立小斑塊比例_pct":0.0,"距大型連續綠地平均距離_m":0.0,"score_面積減少":36.206896551724135,"score_斑塊增加":44.260435571687836,"score_平均斑塊縮小":79.33303085299455,"score_道路建成區切割":25.941470054446462,"score_孤立比例":40.58529945553539,"score_距大型綠地":38.40744101633394,"綜合破碎化分數":44.1,"破碎化等級":"中","判定原因":"面積減少0.0%；斑塊增加0.0%；平均斑塊縮小14.0%；道路密度0.00 km/km²；孤立比例0.0%；距大型綠地0m","2021面積_ha":35.01,"2022面積_ha":35.01,"2023面積_ha":35.01}},{"type":"Feature","geometry":{"type":"Polygon","coordinates":[[[121.68075820747171,24.48583882301081],[121.68080680433039,24.49486717927773],[121.69067301134346,24.494822376287242],[121.69062371035781,24.4857940386592],[121.68075820747171,24.48583882301081]]]},"properties":{"grid_id":"G020_037","綠地類型":"河川沿岸自然地表","中心經度":121.685715,"中心緯度":24.490331,"分析面積_km2":1.04,"2020面積_ha":6.12,"2024面積_ha":6.12,"面積減少率_pct":0.0,"2020斑塊數":1,"2024斑塊數":1,"斑塊數增加率_pct":0.0,"2020平均斑塊面積_ha":4118.13,"2024平均斑塊面積_ha":3542.58,"平均斑塊面積下降率_pct":13.98,"道路切割密度_km_per_km2":0.0,"建成區邊界切割密度_km_per_km2":0.0,"孤立小斑塊比例_pct":0.0,"距大型連續綠地平均距離_m":0.0,"score_面積減少":36.206896551724135,"score_斑塊增加":44.260435571687836,"score_平均斑塊縮小":79.33303085299455,"score_道路建成區切割":25.941470054446462,"score_孤立比例":40.58529945553539,"score_距大型綠地":38.40744101633394,"綜合破碎化分數":44.1,"破碎化等級":"中","判定原因":"面積減少0.0%；斑塊增加0.0%；平均斑塊縮小14.0%；道路密度0.00 km/km²；孤立比例0.0%；距大型綠地0m","2021面積_ha":6.12,"2022面積_ha":6.12,"2023面積_ha":6.12}},{"type":"Feature","geometry":{"type":"Polygon","coordinates":[[[121.69062371035781,24.4857940386592],[121.69067301134346,24.494822376287242],[121.70053919426034,24.4947769287957],[121.70048918915526,24.485748610074648],[121.69062371035781,24.4857940386592]]]},"properties":{"grid_id":"G020_038","綠地類型":"河川沿岸自然地表","中心經度":121.695581,"中心緯度":24.490286,"分析面積_km2":1.04,"2020面積_ha":41.04,"2024面積_ha":41.04,"面積減少率_pct":0.0,"2020斑塊數":2,"2024斑塊數":2,"斑塊數增加率_pct":0.0,"2020平均斑塊面積_ha":4036.995,"2024平均斑塊面積_ha":3890.43,"平均斑塊面積下降率_pct":3.63,"道路切割密度_km_per_km2":0.0,"建成區邊界切割密度_km_per_km2":0.0,"孤立小斑塊比例_pct":0.0,"距大型連續綠地平均距離_m":0.0,"score_面積減少":36.206896551724135,"score_斑塊增加":44.260435571687836,"score_平均斑塊縮小":73.04900181488203,"score_道路建成區切割":25.941470054446462,"score_孤立比例":40.58529945553539,"score_距大型綠地":38.40744101633394,"綜合破碎化分數":43.1,"破碎化等級":"中","判定原因":"面積減少0.0%；斑塊增加0.0%；平均斑塊縮小3.6%；道路密度0.00 km/km²；孤立比例0.0%；距大型綠地0m","2021面積_ha":41.04,"2022面積_ha":41.04,"2023面積_ha":41.04}},{"type":"Feature","geometry":{"type":"Polygon","coordinates":[[[121.70048918915526,24.485748610074648],[121.70053919426034,24.4947769287957],[121.71040535273691,24.494730836809378],[121.71035464352009,24.48570253726342],[121.70048918915526,24.485748610074648]]]},"properties":{"grid_id":"G020_039","綠地類型":"河川沿岸自然地表","中心經度":121.705447,"中心緯度":24.49024,"分析面積_km2":1.04,"2020面積_ha":46.8,"2024面積_ha":46.8,"面積減少率_pct":0.0,"2020斑塊數":2,"2024斑塊數":2,"斑塊數增加率_pct":0.0,"2020平均斑塊面積_ha":4036.995,"2024平均斑塊面積_ha":3890.43,"平均斑塊面積下降率_pct":3.63,"道路切割密度_km_per_km2":0.0,"建成區邊界切割密度_km_per_km2":0.0,"孤立小斑塊比例_pct":0.0,"距大型連續綠地平均距離_m":0.0,"score_面積減少":36.206896551724135,"score_斑塊增加":44.260435571687836,"score_平均斑塊縮小":73.04900181488203,"score_道路建成區切割":25.941470054446462,"score_孤立比例":40.58529945553539,"score_距大型綠地":38.40744101633394,"綜合破碎化分數":43.1,"破碎化等級":"中","判定原因":"面積減少0.0%；斑塊增加0.0%；平均斑塊縮小3.6%；道路密度0.00 km/km²；孤立比例0.0%；距大型綠地0m","2021面積_ha":46.8,"2022面積_ha":46.8,"2023面積_ha":46.8}},{"type":"Feature","geometry":{"type":"Polygon","coordinates":[[[121.76954683735971,24.485412571998065],[121.76960177107979,24.49444075086334],[121.77946774883938,24.494390147596558],[121.77941211106427,24.48536198978304],[121.76954683735971,24.485412571998065]]]},"properties":{"grid_id":"G020_046","綠地類型":"河川沿岸自然地表","中心經度":121.774507,"中心緯度":24.489901,"分析面積_km2":1.04,"2020面積_ha":51.21,"2024面積_ha":52.65,"面積減少率_pct":0.0,"2020斑塊數":1,"2024斑塊數":1,"斑塊數增加率_pct":0.0,"2020平均斑塊面積_ha":3955.86,"2024平均斑塊面積_ha":4238.28,"平均斑塊面積下降率_pct":0.0,"道路切割密度_km_per_km2":4.7,"建成區邊界切割密度_km_per_km2":0.0,"孤立小斑塊比例_pct":0.0,"距大型連續綠地平均距離_m":0.0,"score_面積減少":36.206896551724135,"score_斑塊增加":44.260435571687836,"score_平均斑塊縮小":28.153357531760438,"score_道路建成區切割":55.35390199637024,"score_孤立比例":40.58529945553539,"score_距大型綠地":38.40744101633394,"綜合破碎化分數":40.5,"破碎化等級":"中","判定原因":"面積減少0.0%；斑塊增加0.0%；平均斑塊縮小0.0%；道路密度4.70 km/km²；孤立比例0.0%；距大型綠地0m","2021面積_ha":51.57,"2022面積_ha":52.56,"2023面積_ha":53.01}},{"type":"Feature","geometry":{"type":"Polygon","coordinates":[[[121.77941211106427,24.48536198978304],[121.77946774883938,24.494390147596558],[121.7893336994059,24.494338899888348],[121.78927735758434,24.485310763394676],[121.77941211106427,24.48536198978304]]]},"properties":{"grid_id":"G020_047","綠地類型":"河川沿岸自然地表","中心經度":121.784373,"中心緯度":24.489851,"分析面積_km2":1.04,"2020面積_ha":35.28,"2024面積_ha":35.37,"面積減少率_pct":0.0,"2020斑塊數":2,"2024斑塊數":2,"斑塊數增加率_pct":0.0,"2020平均斑塊面積_ha":2054.52,"2024平均斑塊面積_ha":2194.2,"平均斑塊面積下降率_pct":0.0,"道路切割密度_km_per_km2":1.788,"建成區邊界切割密度_km_per_km2":0.433,"孤立小斑塊比例_pct":0.0,"距大型連續綠地平均距離_m":0.0,"score_面積減少":36.206896551724135,"score_斑塊增加":44.260435571687836,"score_平均斑塊縮小":28.153357531760438,"score_道路建成區切割":66.22050816696915,"score_孤立比例":40.58529945553539,"score_距大型綠地":38.40744101633394,"綜合破碎化分數":42.3,"破碎化等級":"中","判定原因":"面積減少0.0%；斑塊增加0.0%；平均斑塊縮小0.0%；道路密度1.79 km/km²；孤立比例0.0%；距大型綠地0m","2021面積_ha":34.92,"2022面積_ha":34.92,"2023面積_ha":34.65}},{"type":"Feature","geometry":{"type":"Polygon","coordinates":[[[121.78927735758434,24.485310763394676],[121.7893336994059,24.494338899888348],[121.79919962243531,24.49428700774578],[121.79914257657593,24.485258892840022],[121.78927735758434,24.485310763394676]]]},"properties":{"grid_id":"G020_048","綠地類型":"河川沿岸自然地表","中心經度":121.794238,"中心緯度":24.489799,"分析面積_km2":1.04,"2020面積_ha":57.69,"2024面積_ha":57.69,"面積減少率_pct":0.0,"2020斑塊數":1,"2024斑塊數":1,"斑塊數增加率_pct":0.0,"2020平均斑塊面積_ha":153.18,"2024平均斑塊面積_ha":150.12,"平均斑塊面積下降率_pct":2.0,"道路切割密度_km_per_km2":0.0,"建成區邊界切割密度_km_per_km2":0.0,"孤立小斑塊比例_pct":0.0,"距大型連續綠地平均距離_m":0.0,"score_面積減少":36.206896551724135,"score_斑塊增加":44.260435571687836,"score_平均斑塊縮小":71.75589836660617,"score_道路建成區切割":25.941470054446462,"score_孤立比例":40.58529945553539,"score_距大型綠地":38.40744101633394,"綜合破碎化分數":42.9,"破碎化等級":"中","判定原因":"面積減少0.0%；斑塊增加0.0%；平均斑塊縮小2.0%；道路密度0.00 km/km²；孤立比例0.0%；距大型綠地0m","2021面積_ha":57.69,"2022面積_ha":57.69,"2023面積_ha":57.69}},{"type":"Feature","geometry":{"type":"Polygon","coordinates":[[[121.79914257657593,24.485258892840022],[121.79919962243531,24.49428700774578],[121.80906551758358,24.494234471176004],[121.8090077676951,24.485206378126243],[121.79914257657593,24.485258892840022]]]},"properties":{"grid_id":"G020_049","綠地類型":"河川沿岸自然地表","中心經度":121.804104,"中心緯度":24.489747,"分析面積_km2":1.04,"2020面積_ha":26.01,"2024面積_ha":26.01,"面積減少率_pct":0.0,"2020斑塊數":1,"2024斑塊數":1,"斑塊數增加率_pct":0.0,"2020平均斑塊面積_ha":153.18,"2024平均斑塊面積_ha":150.12,"平均斑塊面積下降率_pct":2.0,"道路切割密度_km_per_km2":1.298,"建成區邊界切割密度_km_per_km2":0.0,"孤立小斑塊比例_pct":0.0,"距大型連續綠地平均距離_m":0.0,"score_面積減少":36.206896551724135,"score_斑塊增加":44.260435571687836,"score_平均斑塊縮小":71.75589836660617,"score_道路建成區切割":40.85753176043558,"score_孤立比例":40.58529945553539,"score_距大型綠地":38.40744101633394,"綜合破碎化分數":45.3,"破碎化等級":"中","判定原因":"面積減少0.0%；斑塊增加0.0%；平均斑塊縮小2.0%；道路密度1.30 km/km²；孤立比例0.0%；距大型綠地0m","2021面積_ha":26.01,"2022面積_ha":26.01,"2023面積_ha":26.01}},{"type":"Feature","geometry":{"type":"Polygon","coordinates":[[[121.8287380649405,24.485099416250357],[121.82879722286036,24.494127464783922],[121.8386630323008,24.494072994976378],[121.83860317037878,24.485044969103008],[121.8287380649405,24.485099416250357]]]},"properties":{"grid_id":"G020_052","綠地類型":"河川沿岸自然地表","中心經度":121.8337,"中心緯度":24.489586,"分析面積_km2":1.04,"2020面積_ha":35.91,"2024面積_ha":35.91,"面積減少率_pct":0.0,"2020斑塊數":1,"2024斑塊數":1,"斑塊數增加率_pct":0.0,"2020平均斑塊面積_ha":82.8,"2024平均斑塊面積_ha":83.25,"平均斑塊面積下降率_pct":0.0,"道路切割密度_km_per_km2":4.354,"建成區邊界切割密度_km_per_km2":0.0,"孤立小斑塊比例_pct":0.0,"距大型連續綠地平均距離_m":0.0,"score_面積減少":36.206896551724135,"score_斑塊增加":44.260435571687836,"score_平均斑塊縮小":28.153357531760438,"score_道路建成區切割":54.741379310344826,"score_孤立比例":40.58529945553539,"score_距大型綠地":38.40744101633394,"綜合破碎化分數":40.4,"破碎化等級":"中","判定原因":"面積減少0.0%；斑塊增加0.0%；平均斑塊縮小0.0%；道路密度4.35 km/km²；孤立比例0.0%；距大型綠地0m","2021面積_ha":35.91,"2022面積_ha":35.91,"2023面積_ha":35.91}},{"type":"Feature","geometry":{"type":"Polygon","coordinates":[[[121.83860317037878,24.485044969103008],[121.8386630323008,24.494072994976378],[121.84852881248389,24.49401788077115],[121.84846824656891,24.48498987782603],[121.83860317037878,24.485044969103008]]]},"properties":{"grid_id":"G020_053","綠地類型":"河川沿岸自然地表","中心經度":121.843566,"中心緯度":24.489532,"分析面積_km2":1.04,"2020面積_ha":34.47,"2024面積_ha":34.47,"面積減少率_pct":0.0,"2020斑塊數":2,"2024斑塊數":2,"斑塊數增加率_pct":0.0,"2020平均斑塊面積_ha":51.705,"2024平均斑塊面積_ha":51.93,"平均斑塊面積下降率_pct":0.0,"道路切割密度_km_per_km2":3.835,"建成區邊界切割密度_km_per_km2":0.0,"孤立小斑塊比例_pct":0.0,"距大型連續綠地平均距離_m":0.0,"score_面積減少":36.206896551724135,"score_斑塊增加":44.260435571687836,"score_平均斑塊縮小":28.153357531760438,"score_道路建成區切割":53.584392014519054,"score_孤立比例":40.58529945553539,"score_距大型綠地":38.40744101633394,"綜合破碎化分數":40.2,"破碎化等級":"中","判定原因":"面積減少0.0%；斑塊增加0.0%；平均斑塊縮小0.0%；道路密度3.83 km/km²；孤立比例0.0%；距大型綠地0m","2021面積_ha":34.47,"2022面積_ha":34.47,"2023面積_ha":34.47}},{"type":"Feature","geometry":{"type":"Polygon","coordinates":[[[121.47361150030657,24.495659152177538],[121.47364532546658,24.504687827085036],[121.48351266360677,24.504656546897635],[121.48347813384164,24.49562788499983],[121.47361150030657,24.495659152177538]]]},"properties":{"grid_id":"G021_016","綠地類型":"河川沿岸自然地表","中心經度":121.478562,"中心緯度":24.500158,"分析面積_km2":1.04,"2020面積_ha":57.33,"2024面積_ha":57.33,"面積減少率_pct":0.0,"2020斑塊數":1,"2024斑塊數":1,"斑塊數增加率_pct":0.0,"2020平均斑塊面積_ha":1647.72,"2024平均斑塊面積_ha":1644.21,"平均斑塊面積下降率_pct":0.21,"道路切割密度_km_per_km2":2.509,"建成區邊界切割密度_km_per_km2":0.0,"孤立小斑塊比例_pct":0.0,"距大型連續綠地平均距離_m":0.0,"score_面積減少":36.206896551724135,"score_斑塊增加":44.260435571687836,"score_平均斑塊縮小":62.545372050816695,"score_道路建成區切割":48.8543557168784,"score_孤立比例":40.58529945553539,"score_距大型綠地":38.40744101633394,"綜合破碎化分數":45.1,"破碎化等級":"中","判定原因":"面積減少0.0%；斑塊增加0.0%；平均斑塊縮小0.2%；道路密度2.51 km/km²；孤立比例0.0%；距大型綠地0m","2021面積_ha":57.33,"2022面積_ha":57.33,"2023面積_ha":57.33}},{"type":"Feature","geometry":{"type":"Polygon","coordinates":[[[121.48347813384164,24.49562788499983],[121.48351266360677,24.504656546897635],[121.49337998487289,24.504624621829855],[121.4933447505079,24.495595973209955],[121.48347813384164,24.49562788499983]]]},"properties":{"grid_id":"G021_017","綠地類型":"河川沿岸自然地表","中心經度":121.488429,"中心緯度":24.500126,"分析面積_km2":1.04,"2020面積_ha":52.74,"2024面積_ha":52.74,"面積減少率_pct":0.0,"2020斑塊數":1,"2024斑塊數":1,"斑塊數增加率_pct":0.0,"2020平均斑塊面積_ha":1647.72,"2024平均斑塊面積_ha":1644.21,"平均斑塊面積下降率_pct":0.21,"道路切割密度_km_per_km2":1.067,"建成區邊界切割密度_km_per_km2":0.0,"孤立小斑塊比例_pct":0.0,"距大型連續綠地平均距離_m":0.0,"score_面積減少":36.206896551724135,"score_斑塊增加":44.260435571687836,"score_平均斑塊縮小":62.545372050816695,"score_道路建成區切割":39.80263157894737,"score_孤立比例":40.58529945553539,"score_距大型綠地":38.40744101633394,"綜合破碎化分數":43.6,"破碎化等級":"中","判定原因":"面積減少0.0%；斑塊增加0.0%；平均斑塊縮小0.2%；道路密度1.07 km/km²；孤立比例0.0%；距大型綠地0m","2021面積_ha":52.74,"2022面積_ha":52.74,"2023面積_ha":52.74}},{"type":"Feature","geometry":{"type":"Polygon","coordinates":[[[121.4933447505079,24.495595973209955],[121.49337998487289,24.504624621829855],[121.50324728892059,24.50459205188612],[121.50321134996119,24.49556341681231],[121.4933447505079,24.495595973209955]]]},"properties":{"grid_id":"G021_018","綠地類型":"河川沿岸自然地表","中心經度":121.498296,"中心緯度":24.500094,"分析面積_km2":1.04,"2020面積_ha":48.96,"2024面積_ha":48.96,"面積減少率_pct":0.0,"2020斑塊數":1,"2024斑塊數":1,"斑塊數增加率_pct":0.0,"2020平均斑塊面積_ha":1647.72,"2024平均斑塊面積_ha":1644.21,"平均斑塊面積下降率_pct":0.21,"道路切割密度_km_per_km2":0.029,"建成區邊界切割密度_km_per_km2":0.0,"孤立小斑塊比例_pct":0.0,"距大型連續綠地平均距離_m":0.0,"score_面積減少":36.206896551724135,"score_斑塊增加":44.260435571687836,"score_平均斑塊縮小":62.545372050816695,"score_道路建成區切割":33.82486388384755,"score_孤立比例":40.58529945553539,"score_距大型綠地":38.40744101633394,"綜合破碎化分數":42.6,"破碎化等級":"中","判定原因":"面積減少0.0%；斑塊增加0.0%；平均斑塊縮小0.2%；道路密度0.03 km/km²；孤立比例0.0%；距大型綠地0m","2021面積_ha":48.96,"2022面積_ha":48.96,"2023面積_ha":48.96}},{"type":"Feature","geometry":{"type":"Polygon","coordinates":[[[121.50321134996119,24.49556341681231],[121.50324728892059,24.50459205188612],[121.51311457540557,24.5045588370709],[121.51307793185728,24.495530215811396],[121.50321134996119,24.49556341681231]]]},"properties":{"grid_id":"G021_019","綠地類型":"河川沿岸自然地表","中心經度":121.508163,"中心緯度":24.500061,"分析面積_km2":1.04,"2020面積_ha":36.27,"2024面積_ha":36.27,"面積減少率_pct":0.0,"2020斑塊數":1,"2024斑塊數":1,"斑塊數增加率_pct":0.0,"2020平均斑塊面積_ha":1647.72,"2024平均斑塊面積_ha":1644.21,"平均斑塊面積下降率_pct":0.21,"道路切割密度_km_per_km2":0.0,"建成區邊界切割密度_km_per_km2":0.0,"孤立小斑塊比例_pct":0.0,"距大型連續綠地平均距離_m":0.0,"score_面積減少":36.206896551724135,"score_斑塊增加":44.260435571687836,"score_平均斑塊縮小":62.545372050816695,"score_道路建成區切割":25.941470054446462,"score_孤立比例":40.58529945553539,"score_距大型綠地":38.40744101633394,"綜合破碎化分數":41.3,"破碎化等級":"中","判定原因":"面積減少0.0%；斑塊增加0.0%；平均斑塊縮小0.2%；道路密度0.00 km/km²；孤立比例0.0%；距大型綠地0m","2021面積_ha":36.27,"2022面積_ha":36.27,"2023面積_ha":36.27}},{"type":"Feature","geometry":{"type":"Polygon","coordinates":[[[121.51307793185728,24.495530215811396],[121.51311457540557,24.5045588370709],[121.52298184398354,24.50452497738879],[121.52294449585197,24.49549637021179],[121.51307793185728,24.495530215811396]]]},"properties":{"grid_id":"G021_020","綠地類型":"河川沿岸自然地表","中心經度":121.51803,"中心緯度":24.500028,"分析面積_km2":1.04,"2020面積_ha":48.87,"2024面積_ha":48.87,"面積減少率_pct":0.0,"2020斑塊數":1,"2024斑塊數":1,"斑塊數增加率_pct":0.0,"2020平均斑塊面積_ha":1647.72,"2024平均斑塊面積_ha":1644.21,"平均斑塊面積下降率_pct":0.21,"道路切割密度_km_per_km2":0.0,"建成區邊界切割密度_km_per_km2":0.0,"孤立小斑塊比例_pct":0.0,"距大型連續綠地平均距離_m":0.0,"score_面積減少":36.206896551724135,"score_斑塊增加":44.260435571687836,"score_平均斑塊縮小":62.545372050816695,"score_道路建成區切割":25.941470054446462,"score_孤立比例":40.58529945553539,"score_距大型綠地":38.40744101633394,"綜合破碎化分數":41.3,"破碎化等級":"中","判定原因":"面積減少0.0%；斑塊增加0.0%；平均斑塊縮小0.2%；道路密度0.00 km/km²；孤立比例0.0%；距大型綠地0m","2021面積_ha":48.87,"2022面積_ha":48.87,"2023面積_ha":48.87}},{"type":"Feature","geometry":{"type":"Polygon","coordinates":[[[121.56241056593318,24.49535454192113],[121.56245073233944,24.504383090086208],[121.57231790621793,24.5043460061415],[121.57227703525814,24.495317473399876],[121.56241056593318,24.49535454192113]]]},"properties":{"grid_id":"G021_025","綠地類型":"河川沿岸自然地表","中心經度":121.567364,"中心緯度":24.49985,"分析面積_km2":1.04,"2020面積_ha":28.53,"2024面積_ha":28.53,"面積減少率_pct":0.0,"2020斑塊數":1,"2024斑塊數":1,"斑塊數增加率_pct":0.0,"2020平均斑塊面積_ha":2919.15,"2024平均斑塊面積_ha":3064.86,"平均斑塊面積下降率_pct":0.0,"道路切割密度_km_per_km2":4.325,"建成區邊界切割密度_km_per_km2":0.0,"孤立小斑塊比例_pct":0.0,"距大型連續綠地平均距離_m":0.0,"score_面積減少":36.206896551724135,"score_斑塊增加":44.260435571687836,"score_平均斑塊縮小":28.153357531760438,"score_道路建成區切割":54.63929219600726,"score_孤立比例":40.58529945553539,"score_距大型綠地":38.40744101633394,"綜合破碎化分數":40.4,"破碎化等級":"中","判定原因":"面積減少0.0%；斑塊增加0.0%；平均斑塊縮小0.0%；道路密度4.33 km/km²；孤立比例0.0%；距大型綠地0m","2021面積_ha":28.53,"2022面積_ha":28.53,"2023面積_ha":28.53}},{"type":"Feature","geometry":{"type":"Polygon","coordinates":[[[121.58214348461664,24.495279760309266],[121.58218506012369,24.504308277359257],[121.5920521937124,24.504269903744692],[121.59200991366448,24.495241402654514],[121.58214348461664,24.495279760309266]]]},"properties":{"grid_id":"G021_027","綠地類型":"河川沿岸自然地表","中心經度":121.587098,"中心緯度":24.499775,"分析面積_km2":1.04,"2020面積_ha":19.44,"2024面積_ha":19.44,"面積減少率_pct":0.0,"2020斑塊數":2,"2024斑塊數":2,"斑塊數增加率_pct":0.0,"2020平均斑塊面積_ha":2815.83,"2024平均斑塊面積_ha":2908.26,"平均斑塊面積下降率_pct":0.0,"道路切割密度_km_per_km2":2.797,"建成區邊界切割密度_km_per_km2":0.0,"孤立小斑塊比例_pct":0.0,"距大型連續綠地平均距離_m":0.0,"score_面積減少":36.206896551724135,"score_斑塊增加":44.260435571687836,"score_平均斑塊縮小":28.153357531760438,"score_道路建成區切割":50.07940108892922,"score_孤立比例":40.58529945553539,"score_距大型綠地":38.40744101633394,"綜合破碎化分數":39.6,"破碎化等級":"中","判定原因":"面積減少0.0%；斑塊增加0.0%；平均斑塊縮小0.0%；道路密度2.80 km/km²；孤立比例0.0%；距大型綠地0m","2021面積_ha":19.44,"2022面積_ha":19.44,"2023面積_ha":19.44}},{"type":"Feature","geometry":{"type":"Polygon","coordinates":[[[121.61174270945159,24.495162753673835],[121.6117863985617,24.50419122203985],[121.62165346913372,24.50415091396044],[121.62160907550255,24.495122462358758],[121.61174270945159,24.495162753673835]]]},"properties":{"grid_id":"G021_030","綠地類型":"河川沿岸自然地表","中心經度":121.616698,"中心緯度":24.499657,"分析面積_km2":1.04,"2020面積_ha":50.94,"2024面積_ha":50.76,"面積減少率_pct":0.35,"2020斑塊數":1,"2024斑塊數":1,"斑塊數增加率_pct":0.0,"2020平均斑塊面積_ha":2712.51,"2024平均斑塊面積_ha":2751.66,"平均斑塊面積下降率_pct":0.0,"道路切割密度_km_per_km2":0.0,"建成區邊界切割密度_km_per_km2":0.0,"孤立小斑塊比例_pct":0.0,"距大型連續綠地平均距離_m":0.0,"score_面積減少":74.2967332123412,"score_斑塊增加":44.260435571687836,"score_平均斑塊縮小":28.153357531760438,"score_道路建成區切割":25.941470054446462,"score_孤立比例":40.58529945553539,"score_距大型綠地":38.40744101633394,"綜合破碎化分數":41.9,"破碎化等級":"中","判定原因":"面積減少0.3%；斑塊增加0.0%；平均斑塊縮小0.0%；道路密度0.00 km/km²；孤立比例0.0%；距大型綠地0m","2021面積_ha":50.94,"2022面積_ha":50.85,"2023面積_ha":50.94}},{"type":"Feature","geometry":{"type":"Polygon","coordinates":[[[121.63147541986622,24.495081526501245],[121.63152051801164,24.50410996107041],[121.64138754485124,24.50406836337541],[121.64134174219843,24.49503994610692],[121.63147541986622,24.495081526501245]]]},"properties":{"grid_id":"G021_032","綠地類型":"河川沿岸自然地表","中心經度":121.636431,"中心緯度":24.499575,"分析面積_km2":1.04,"2020面積_ha":12.33,"2024面積_ha":12.33,"面積減少率_pct":0.0,"2020斑塊數":2,"2024斑塊數":2,"斑塊數增加率_pct":0.0,"2020平均斑塊面積_ha":3415.32,"2024平均斑塊面積_ha":3147.12,"平均斑塊面積下降率_pct":7.85,"道路切割密度_km_per_km2":2.739,"建成區邊界切割密度_km_per_km2":0.0,"孤立小斑塊比例_pct":0.0,"距大型連續綠地平均距離_m":0.0,"score_面積減少":36.206896551724135,"score_斑塊增加":44.260435571687836,"score_平均斑塊縮小":75.20417422867513,"score_道路建成區切割":49.88656987295826,"score_孤立比例":40.58529945553539,"score_距大型綠地":38.40744101633394,"綜合破碎化分數":47.4,"破碎化等級":"中","判定原因":"面積減少0.0%；斑塊增加0.0%；平均斑塊縮小7.8%；道路密度2.74 km/km²；孤立比例0.0%；距大型綠地0m","2021面積_ha":12.33,"2022面積_ha":12.33,"2023面積_ha":12.33}},{"type":"Feature","geometry":{"type":"Polygon","coordinates":[[[121.65120804215513,24.49499772118154],[121.65125454930822,24.504026120881196],[121.66112153103836,24.50398323359358],[121.6610743193921,24.494954851730924],[121.65120804215513,24.49499772118154]]]},"properties":{"grid_id":"G021_034","綠地類型":"河川沿岸自然地表","中心經度":121.656165,"中心緯度":24.499491,"分析面積_km2":1.04,"2020面積_ha":64.62,"2024面積_ha":64.62,"面積減少率_pct":0.0,"2020斑塊數":1,"2024斑塊數":1,"斑塊數增加率_pct":0.0,"2020平均斑塊面積_ha":4118.13,"2024平均斑塊面積_ha":3542.58,"平均斑塊面積下降率_pct":13.98,"道路切割密度_km_per_km2":0.0,"建成區邊界切割密度_km_per_km2":0.0,"孤立小斑塊比例_pct":0.0,"距大型連續綠地平均距離_m":0.0,"score_面積減少":36.206896551724135,"score_斑塊增加":44.260435571687836,"score_平均斑塊縮小":79.33303085299455,"score_道路建成區切割":25.941470054446462,"score_孤立比例":40.58529945553539,"score_距大型綠地":38.40744101633394,"綜合破碎化分數":44.1,"破碎化等級":"中","判定原因":"面積減少0.0%；斑塊增加0.0%；平均斑塊縮小14.0%；道路密度0.00 km/km²；孤立比例0.0%；距大型綠地0m","2021面積_ha":64.62,"2022面積_ha":64.62,"2023面積_ha":64.62}},{"type":"Feature","geometry":{"type":"Polygon","coordinates":[[[121.6610743193921,24.494954851730924],[121.66112153103836,24.50398323359358],[121.67098848969741,24.503939701518483],[121.67094057356522,24.49491133776099],[121.6610743193921,24.494954851730924]]]},"properties":{"grid_id":"G021_035","綠地類型":"河川沿岸自然地表","中心經度":121.666031,"中心緯度":24.499447,"分析面積_km2":1.04,"2020面積_ha":52.29,"2024面積_ha":52.29,"面積減少率_pct":0.0,"2020斑塊數":1,"2024斑塊數":1,"斑塊數增加率_pct":0.0,"2020平均斑塊面積_ha":4118.13,"2024平均斑塊面積_ha":3542.58,"平均斑塊面積下降率_pct":13.98,"道路切割密度_km_per_km2":0.0,"建成區邊界切割密度_km_per_km2":0.0,"孤立小斑塊比例_pct":0.0,"距大型連續綠地平均距離_m":0.0,"score_面積減少":36.206896551724135,"score_斑塊增加":44.260435571687836,"score_平均斑塊縮小":79.33303085299455,"score_道路建成區切割":25.941470054446462,"score_孤立比例":40.58529945553539,"score_距大型綠地":38.40744101633394,"綜合破碎化分數":44.1,"破碎化等級":"中","判定原因":"面積減少0.0%；斑塊增加0.0%；平均斑塊縮小14.0%；道路密度0.00 km/km²；孤立比例0.0%；距大型綠地0m","2021面積_ha":52.29,"2022面積_ha":52.29,"2023面積_ha":52.29}},{"type":"Feature","geometry":{"type":"Polygon","coordinates":[[[121.67094057356522,24.49491133776099],[121.67098848969741,24.503939701518483],[121.68085542494114,24.50389552466191],[121.68080680433039,24.49486717927773],[121.67094057356522,24.49491133776099]]]},"properties":{"grid_id":"G021_036","綠地類型":"河川沿岸自然地表","中心經度":121.675898,"中心緯度":24.499404,"分析面積_km2":1.04,"2020面積_ha":74.34,"2024面積_ha":74.34,"面積減少率_pct":0.0,"2020斑塊數":1,"2024斑塊數":1,"斑塊數增加率_pct":0.0,"2020平均斑塊面積_ha":4118.13,"2024平均斑塊面積_ha":3542.58,"平均斑塊面積下降率_pct":13.98,"道路切割密度_km_per_km2":0.807,"建成區邊界切割密度_km_per_km2":0.0,"孤立小斑塊比例_pct":0.0,"距大型連續綠地平均距離_m":0.0,"score_面積減少":36.206896551724135,"score_斑塊增加":44.260435571687836,"score_平均斑塊縮小":79.33303085299455,"score_道路建成區切割":38.56624319419238,"score_孤立比例":40.58529945553539,"score_距大型綠地":38.40744101633394,"綜合破碎化分數":46.2,"破碎化等級":"中","判定原因":"面積減少0.0%；斑塊增加0.0%；平均斑塊縮小14.0%；道路密度0.81 km/km²；孤立比例0.0%；距大型綠地0m","2021面積_ha":74.34,"2022面積_ha":74.34,"2023面積_ha":74.34}},{"type":"Feature","geometry":{"type":"Polygon","coordinates":[[[121.68080680433039,24.49486717927773],[121.68085542494114,24.50389552466191],[121.69072233642535,24.503850703029954],[121.69067301134346,24.494822376287242],[121.68080680433039,24.49486717927773]]]},"properties":{"grid_id":"G021_037","綠地類型":"河川沿岸自然地表","中心經度":121.685764,"中心緯度":24.499359,"分析面積_km2":1.04,"2020面積_ha":9.18,"2024面積_ha":9.18,"面積減少率_pct":0.0,"2020斑塊數":1,"2024斑塊數":1,"斑塊數增加率_pct":0.0,"2020平均斑塊面積_ha":4118.13,"2024平均斑塊面積_ha":3542.58,"平均斑塊面積下降率_pct":13.98,"道路切割密度_km_per_km2":0.634,"建成區邊界切割密度_km_per_km2":0.0,"孤立小斑塊比例_pct":0.0,"距大型連續綠地平均距離_m":0.0,"score_面積減少":36.206896551724135,"score_斑塊增加":44.260435571687836,"score_平均斑塊縮小":79.33303085299455,"score_道路建成區切割":37.511343012704174,"score_孤立比例":40.58529945553539,"score_距大型綠地":38.40744101633394,"綜合破碎化分數":46.1,"破碎化等級":"中","判定原因":"面積減少0.0%；斑塊增加0.0%；平均斑塊縮小14.0%；道路密度0.63 km/km²；孤立比例0.0%；距大型綠地0m","2021面積_ha":9.18,"2022面積_ha":9.18,"2023面積_ha":9.18}},{"type":"Feature","geometry":{"type":"Polygon","coordinates":[[[121.76960177107979,24.49444075086334],[121.76965673164887,24.503468918821284],[121.7795234138075,24.503418294499816],[121.77946774883938,24.494390147596558],[121.76960177107979,24.49444075086334]]]},"properties":{"grid_id":"G021_046","綠地類型":"河川沿岸自然地表","中心經度":121.774562,"中心緯度":24.49893,"分析面積_km2":1.04,"2020面積_ha":36.63,"2024面積_ha":36.45,"面積減少率_pct":0.49,"2020斑塊數":1,"2024斑塊數":1,"斑塊數增加率_pct":0.0,"2020平均斑塊面積_ha":3955.86,"2024平均斑塊面積_ha":4238.28,"平均斑塊面積下降率_pct":0.0,"道路切割密度_km_per_km2":0.346,"建成區邊界切割密度_km_per_km2":0.0,"孤立小斑塊比例_pct":0.0,"距大型連續綠地平均距離_m":0.0,"score_面積減少":75.1361161524501,"score_斑塊增加":44.260435571687836,"score_平均斑塊縮小":28.153357531760438,"score_道路建成區切割":35.85526315789474,"score_孤立比例":40.58529945553539,"score_距大型綠地":38.40744101633394,"綜合破碎化分數":43.7,"破碎化等級":"中","判定原因":"面積減少0.5%；斑塊增加0.0%；平均斑塊縮小0.0%；道路密度0.35 km/km²；孤立比例0.0%；距大型綠地0m","2021面積_ha":36.9,"2022面積_ha":36.36,"2023面積_ha":36.81}},{"type":"Feature","geometry":{"type":"Polygon","coordinates":[[[121.79919962243531,24.49428700774578],[121.79925669617586,24.503315111735322],[121.80912329569723,24.50326255330652],[121.80906551758358,24.494234471176004],[121.79919962243531,24.49428700774578]]]},"properties":{"grid_id":"G021_049","綠地類型":"河川沿岸自然地表","中心經度":121.804161,"中心緯度":24.498775,"分析面積_km2":1.04,"2020面積_ha":14.58,"2024面積_ha":14.58,"面積減少率_pct":0.0,"2020斑塊數":2,"2024斑塊數":2,"斑塊數增加率_pct":0.0,"2020平均斑塊面積_ha":196.11,"2024平均斑塊面積_ha":193.95,"平均斑塊面積下降率_pct":1.1,"道路切割密度_km_per_km2":0.0,"建成區邊界切割密度_km_per_km2":0.0,"孤立小斑塊比例_pct":0.0,"距大型連續綠地平均距離_m":0.0,"score_面積減少":36.206896551724135,"score_斑塊增加":44.260435571687836,"score_平均斑塊縮小":68.69328493647913,"score_道路建成區切割":25.941470054446462,"score_孤立比例":40.58529945553539,"score_距大型綠地":38.40744101633394,"綜合破碎化分數":42.3,"破碎化等級":"中","判定原因":"面積減少0.0%；斑塊增加0.0%；平均斑塊縮小1.1%；道路密度0.00 km/km²；孤立比例0.0%；距大型綠地0m","2021面積_ha":14.58,"2022面積_ha":14.58,"2023面積_ha":14.58}},{"type":"Feature","geometry":{"type":"Polygon","coordinates":[[[121.80906551758358,24.494234471176004],[121.80912329569723,24.50326255330652],[121.81898986698451,24.503209350189664],[121.8189313845066,24.494181290186276],[121.80906551758358,24.494234471176004]]]},"properties":{"grid_id":"G021_050","綠地類型":"河川沿岸自然地表","中心經度":121.814028,"中心緯度":24.498722,"分析面積_km2":1.04,"2020面積_ha":25.29,"2024面積_ha":25.29,"面積減少率_pct":0.0,"2020斑塊數":1,"2024斑塊數":1,"斑塊數增加率_pct":0.0,"2020平均斑塊面積_ha":239.04,"2024平均斑塊面積_ha":237.78,"平均斑塊面積下降率_pct":0.53,"道路切割密度_km_per_km2":0.461,"建成區邊界切割密度_km_per_km2":0.0,"孤立小斑塊比例_pct":0.0,"距大型連續綠地平均距離_m":0.0,"score_面積減少":36.206896551724135,"score_斑塊增加":44.260435571687836,"score_平均斑塊縮小":67.37749546279493,"score_道路建成區切割":36.51315789473684,"score_孤立比例":40.58529945553539,"score_距大型綠地":38.40744101633394,"綜合破碎化分數":43.9,"破碎化等級":"中","判定原因":"面積減少0.0%；斑塊增加0.0%；平均斑塊縮小0.5%；道路密度0.46 km/km²；孤立比例0.0%；距大型綠地0m","2021面積_ha":25.29,"2022面積_ha":25.29,"2023面積_ha":25.29}},{"type":"Feature","geometry":{"type":"Polygon","coordinates":[[[121.8189313845066,24.494181290186276],[121.81898986698451,24.503209350189664],[121.82885640969354,24.503155502392072],[121.82879722286036,24.494127464783922],[121.8189313845066,24.494181290186276]]]},"properties":{"grid_id":"G021_051","綠地類型":"河川沿岸自然地表","中心經度":121.823894,"中心緯度":24.498668,"分析面積_km2":1.04,"2020面積_ha":22.77,"2024面積_ha":22.77,"面積減少率_pct":0.0,"2020斑塊數":2,"2024斑塊數":2,"斑塊數增加率_pct":0.0,"2020平均斑塊面積_ha":160.92,"2024平均斑塊面積_ha":160.515,"平均斑塊面積下降率_pct":0.25,"道路切割密度_km_per_km2":0.144,"建成區邊界切割密度_km_per_km2":0.0,"孤立小斑塊比例_pct":0.0,"距大型連續綠地平均距離_m":0.0,"score_面積減少":36.206896551724135,"score_斑塊增加":44.260435571687836,"score_平均斑塊縮小":63.77041742286751,"score_道路建成區切割":34.52813067150635,"score_孤立比例":40.58529945553539,"score_距大型綠地":38.40744101633394,"綜合破碎化分數":43.0,"破碎化等級":"中","判定原因":"面積減少0.0%；斑塊增加0.0%；平均斑塊縮小0.2%；道路密度0.14 km/km²；孤立比例0.0%；距大型綠地0m","2021面積_ha":22.77,"2022面積_ha":22.77,"2023面積_ha":22.77}},{"type":"Feature","geometry":{"type":"Polygon","coordinates":[[[121.8386630323008,24.494072994976378],[121.82879722286036,24.494127464783922],[121.82885640969354,24.503155502392072],[121.83827999999929,24.503103469998777],[121.83828,24.503079999999997],[121.8384447,24.502488099999994],[121.8383899,24.5021567],[121.83846040000002,24.5017754],[121.83853000000002,24.5009459],[121.83870431751973,24.500296815119256],[121.8386630323008,24.494072994976378]]]},"properties":{"grid_id":"G021_052","綠地類型":"河川沿岸自然地表","中心經度":121.833751,"中心緯度":24.497212,"分析面積_km2":1.03,"2020面積_ha":4.23,"2024面積_ha":4.23,"面積減少率_pct":0.0,"2020斑塊數":2,"2024斑塊數":2,"斑塊數增加率_pct":0.0,"2020平均斑塊面積_ha":160.92,"2024平均斑塊面積_ha":160.515,"平均斑塊面積下降率_pct":0.25,"道路切割密度_km_per_km2":1.923,"建成區邊界切割密度_km_per_km2":0.0,"孤立小斑塊比例_pct":0.0,"距大型連續綠地平均距離_m":0.0,"score_面積減少":36.206896551724135,"score_斑塊增加":44.260435571687836,"score_平均斑塊縮小":63.77041742286751,"score_道路建成區切割":45.90517241379311,"score_孤立比例":40.58529945553539,"score_距大型綠地":38.40744101633394,"綜合破碎化分數":44.9,"破碎化等級":"中","判定原因":"面積減少0.0%；斑塊增加0.0%；平均斑塊縮小0.2%；道路密度1.92 km/km²；孤立比例0.0%；距大型綠地0m","2021面積_ha":4.23,"2022面積_ha":4.23,"2023面積_ha":4.23}},{"type":"Feature","geometry":{"type":"Polygon","coordinates":[[[121.84852881248389,24.49401788077115],[121.8386630323008,24.494072994976378],[121.83870431751973,24.500296815119256],[121.8387344,24.500184800000003],[121.83885319999999,24.499962000000004],[121.83898360000002,24.499657099999997],[121.83929999999998,24.499240099999998],[121.8395899,24.4991],[121.83973529999999,24.498745599999996],[121.839997,24.4983383],[121.8407936,24.497713500000007],[121.8409883,24.4976082],[121.84134069999999,24.4975167],[121.84177189999998,24.4975379],[121.84193810000001,24.497676200000004],[121.8419874,24.498006899999993],[121.84202680000001,24.498411999999995],[121.84205890000001,24.498600999999997],[121.8422839,24.498680199999995],[121.8428356,24.498285399999997],[121.8435956,24.498124299999997],[121.8440728,24.498639600000004],[121.8444235,24.498854099999996],[121.84503579999999,24.498215800000004],[121.84373070000001,24.497846999999997],[121.8437192,24.4974284],[121.84393440000001,24.4971693],[121.8442262,24.497475199999997],[121.84450470000002,24.497527699999996],[121.84418970000002,24.497047999999996],[121.8447409,24.496824699999998],[121.8449235,24.4969987],[121.84501870000001,24.496991299999998],[121.8450348,24.496757000000002],[121.8454845,24.496797900000004],[121.8456962,24.497003399999997],[121.84585420000002,24.4970182],[121.84614049999999,24.496380799999997],[121.8465925,24.496551199999995],[121.8466693,24.497015],[121.84687940000002,24.497086499999998],[121.8469835,24.496684399999996],[121.84753329999998,24.4974313],[121.8479312,24.497465499999997],[121.84808850000002,24.497270799999995],[121.84855135208872,24.49737652317986],[121.84855030346934,24.49722028123898],[121.8480536,24.496872999999994],[121.8481696,24.4966602],[121.84820079999999,24.496441000000004],[121.84791419999999,24.496421399999992],[121.847779,24.496122099999997],[121.84752479999999,24.4959162],[121.84776999999998,24.495819899999994],[121.84807779999998,24.4954842],[121.8483401,24.4956901],[121.84854095886365,24.49582789742307],[121.84852881248389,24.49401788077115]]]},"properties":{"grid_id":"G021_053","綠地類型":"河川沿岸自然地表","中心經度":121.841465,"中心緯度":24.49715,"分析面積_km2":0.428,"2020面積_ha":12.96,"2024面積_ha":13.41,"面積減少率_pct":0.0,"2020斑塊數":1,"2024斑塊數":1,"斑塊數增加率_pct":0.0,"2020平均斑塊面積_ha":82.8,"2024平均斑塊面積_ha":83.25,"平均斑塊面積下降率_pct":0.0,"道路切割密度_km_per_km2":4.622,"建成區邊界切割密度_km_per_km2":0.56,"孤立小斑塊比例_pct":0.0,"距大型連續綠地平均距離_m":0.0,"score_面積減少":36.206896551724135,"score_斑塊增加":44.260435571687836,"score_平均斑塊縮小":28.153357531760438,"score_道路建成區切割":77.2005444646098,"score_孤立比例":40.58529945553539,"score_距大型綠地":38.40744101633394,"綜合破碎化分數":44.1,"破碎化等級":"中","判定原因":"面積減少0.0%；斑塊增加0.0%；平均斑塊縮小0.0%；道路密度4.62 km/km²；孤立比例0.0%；距大型綠地0m","2021面積_ha":14.04,"2022面積_ha":13.23,"2023面積_ha":12.42}},{"type":"Feature","geometry":{"type":"Polygon","coordinates":[[[121.43417581105126,24.504806498945953],[121.43420683289239,24.513835212376964],[121.44407494005533,24.513806499814805],[121.44404321324463,24.504777798322305],[121.43417581105126,24.504806498945953]]]},"properties":{"grid_id":"G022_012","綠地類型":"河川沿岸自然地表","中心經度":121.439125,"中心緯度":24.509307,"分析面積_km2":1.04,"2020面積_ha":28.8,"2024面積_ha":30.33,"面積減少率_pct":0.0,"2020斑塊數":2,"2024斑塊數":1,"斑塊數增加率_pct":0.0,"2020平均斑塊面積_ha":203.85,"2024平均斑塊面積_ha":410.76,"平均斑塊面積下降率_pct":0.0,"道路切割密度_km_per_km2":3.316,"建成區邊界切割密度_km_per_km2":0.519,"孤立小斑塊比例_pct":0.0,"距大型連續綠地平均距離_m":0.0,"score_面積減少":36.206896551724135,"score_斑塊增加":44.260435571687836,"score_平均斑塊縮小":28.153357531760438,"score_道路建成區切割":73.78629764065336,"score_孤立比例":40.58529945553539,"score_距大型綠地":38.40744101633394,"綜合破碎化分數":43.6,"破碎化等級":"中","判定原因":"面積減少0.0%；斑塊增加0.0%；平均斑塊縮小0.0%；道路密度3.32 km/km²；孤立比例0.0%；距大型綠地0m","2021面積_ha":30.06,"2022面積_ha":29.43,"2023面積_ha":30.06}},{"type":"Feature","geometry":{"type":"Polygon","coordinates":[[[121.46377797079661,24.504718462387753],[121.46381110753177,24.513747139198486],[121.47367916715636,24.51371649115252],[121.47364532546658,24.504687827085036],[121.46377797079661,24.504718462387753]]]},"properties":{"grid_id":"G022_015","綠地類型":"河川沿岸自然地表","中心經度":121.468728,"中心緯度":24.509218,"分析面積_km2":1.04,"2020面積_ha":17.46,"2024面積_ha":17.46,"面積減少率_pct":0.0,"2020斑塊數":2,"2024斑塊數":2,"斑塊數增加率_pct":0.0,"2020平均斑塊面積_ha":927.045,"2024平均斑塊面積_ha":1027.485,"平均斑塊面積下降率_pct":0.0,"道路切割密度_km_per_km2":2.826,"建成區邊界切割密度_km_per_km2":0.0,"孤立小斑塊比例_pct":0.0,"距大型連續綠地平均距離_m":0.0,"score_面積減少":36.206896551724135,"score_斑塊增加":44.260435571687836,"score_平均斑塊縮小":28.153357531760438,"score_道路建成區切割":50.21551724137931,"score_孤立比例":40.58529945553539,"score_距大型綠地":38.40744101633394,"綜合破碎化分數":39.6,"破碎化等級":"中","判定原因":"面積減少0.0%；斑塊增加0.0%；平均斑塊縮小0.0%；道路密度2.83 km/km²；孤立比例0.0%；距大型綠地0m","2021面積_ha":17.46,"2022面積_ha":17.46,"2023面積_ha":17.46}},{"type":"Feature","geometry":{"type":"Polygon","coordinates":[[[121.47364532546658,24.504687827085036],[121.47367916715636,24.51371649115252],[121.48354721024599,24.513685197953606],[121.48351266360677,24.504656546897635],[121.47364532546658,24.504687827085036]]]},"properties":{"grid_id":"G022_016","綠地類型":"河川沿岸自然地表","中心經度":121.478596,"中心緯度":24.509187,"分析面積_km2":1.04,"2020面積_ha":35.91,"2024面積_ha":35.91,"面積減少率_pct":0.0,"2020斑塊數":1,"2024斑塊數":1,"斑塊數增加率_pct":0.0,"2020平均斑塊面積_ha":1647.72,"2024平均斑塊面積_ha":1644.21,"平均斑塊面積下降率_pct":0.21,"道路切割密度_km_per_km2":1.759,"建成區邊界切割密度_km_per_km2":0.0,"孤立小斑塊比例_pct":0.0,"距大型連續綠地平均距離_m":0.0,"score_面積減少":36.206896551724135,"score_斑塊增加":44.260435571687836,"score_平均斑塊縮小":62.545372050816695,"score_道路建成區切割":44.8502722323049,"score_孤立比例":40.58529945553539,"score_距大型綠地":38.40744101633394,"綜合破碎化分數":44.5,"破碎化等級":"中","判定原因":"面積減少0.0%；斑塊增加0.0%；平均斑塊縮小0.2%；道路密度1.76 km/km²；孤立比例0.0%；距大型綠地0m","2021面積_ha":36.0,"2022面積_ha":35.91,"2023面積_ha":36.0}},{"type":"Feature","geometry":{"type":"Polygon","coordinates":[[[121.48351266360677,24.504656546897635],[121.48354721024599,24.513685197953606],[121.49341523645624,24.5136532596061],[121.49337998487289,24.504624621829855],[121.48351266360677,24.504656546897635]]]},"properties":{"grid_id":"G022_017","綠地類型":"河川沿岸自然地表","中心經度":121.488464,"中心緯度":24.509155,"分析面積_km2":1.04,"2020面積_ha":43.2,"2024面積_ha":43.2,"面積減少率_pct":0.0,"2020斑塊數":1,"2024斑塊數":1,"斑塊數增加率_pct":0.0,"2020平均斑塊面積_ha":1647.72,"2024平均斑塊面積_ha":1644.21,"平均斑塊面積下降率_pct":0.21,"道路切割密度_km_per_km2":0.029,"建成區邊界切割密度_km_per_km2":0.0,"孤立小斑塊比例_pct":0.0,"距大型連續綠地平均距離_m":0.0,"score_面積減少":36.206896551724135,"score_斑塊增加":44.260435571687836,"score_平均斑塊縮小":62.545372050816695,"score_道路建成區切割":33.82486388384755,"score_孤立比例":40.58529945553539,"score_距大型綠地":38.40744101633394,"綜合破碎化分數":42.6,"破碎化等級":"中","判定原因":"面積減少0.0%；斑塊增加0.0%；平均斑塊縮小0.2%；道路密度0.03 km/km²；孤立比例0.0%；距大型綠地0m","2021面積_ha":43.2,"2022面積_ha":43.2,"2023面積_ha":43.2}},{"type":"Feature","geometry":{"type":"Polygon","coordinates":[[[121.49337998487289,24.504624621829855],[121.49341523645624,24.5136532596061],[121.50328324544267,24.51362067611437],[121.50324728892059,24.50459205188612],[121.49337998487289,24.504624621829855]]]},"properties":{"grid_id":"G022_018","綠地類型":"河川沿岸自然地表","中心經度":121.498331,"中心緯度":24.509123,"分析面積_km2":1.04,"2020面積_ha":57.06,"2024面積_ha":57.06,"面積減少率_pct":0.0,"2020斑塊數":1,"2024斑塊數":1,"斑塊數增加率_pct":0.0,"2020平均斑塊面積_ha":1647.72,"2024平均斑塊面積_ha":1644.21,"平均斑塊面積下降率_pct":0.21,"道路切割密度_km_per_km2":0.0,"建成區邊界切割密度_km_per_km2":0.0,"孤立小斑塊比例_pct":0.0,"距大型連續綠地平均距離_m":0.0,"score_面積減少":36.206896551724135,"score_斑塊增加":44.260435571687836,"score_平均斑塊縮小":62.545372050816695,"score_道路建成區切割":25.941470054446462,"score_孤立比例":40.58529945553539,"score_距大型綠地":38.40744101633394,"綜合破碎化分數":41.3,"破碎化等級":"中","判定原因":"面積減少0.0%；斑塊增加0.0%；平均斑塊縮小0.2%；道路密度0.00 km/km²；孤立比例0.0%；距大型綠地0m","2021面積_ha":57.06,"2022面積_ha":57.06,"2023面積_ha":57.06}},{"type":"Feature","geometry":{"type":"Polygon","coordinates":[[[121.50324728892059,24.50459205188612],[121.50328324544267,24.51362067611437],[121.51315123686088,24.513587447482937],[121.51311457540557,24.5045588370709],[121.50324728892059,24.50459205188612]]]},"properties":{"grid_id":"G022_019","綠地類型":"河川沿岸自然地表","中心經度":121.508199,"中心緯度":24.50909,"分析面積_km2":1.04,"2020面積_ha":58.05,"2024面積_ha":58.05,"面積減少率_pct":0.0,"2020斑塊數":1,"2024斑塊數":1,"斑塊數增加率_pct":0.0,"2020平均斑塊面積_ha":1647.72,"2024平均斑塊面積_ha":1644.21,"平均斑塊面積下降率_pct":0.21,"道路切割密度_km_per_km2":0.0,"建成區邊界切割密度_km_per_km2":0.0,"孤立小斑塊比例_pct":0.0,"距大型連續綠地平均距離_m":0.0,"score_面積減少":36.206896551724135,"score_斑塊增加":44.260435571687836,"score_平均斑塊縮小":62.545372050816695,"score_道路建成區切割":25.941470054446462,"score_孤立比例":40.58529945553539,"score_距大型綠地":38.40744101633394,"綜合破碎化分數":41.3,"破碎化等級":"中","判定原因":"面積減少0.0%；斑塊增加0.0%；平均斑塊縮小0.2%；道路密度0.00 km/km²；孤立比例0.0%；距大型綠地0m","2021面積_ha":58.05,"2022面積_ha":58.05,"2023面積_ha":58.05}},{"type":"Feature","geometry":{"type":"Polygon","coordinates":[[[121.51311457540557,24.5045588370709],[121.51315123686088,24.513587447482937],[121.52301921036644,24.51355357371638],[121.52298184398354,24.50452497738879],[121.51311457540557,24.5045588370709]]]},"properties":{"grid_id":"G022_020","綠地類型":"河川沿岸自然地表","中心經度":121.518067,"中心緯度":24.509056,"分析面積_km2":1.04,"2020面積_ha":54.81,"2024面積_ha":54.81,"面積減少率_pct":0.0,"2020斑塊數":1,"2024斑塊數":1,"斑塊數增加率_pct":0.0,"2020平均斑塊面積_ha":1647.72,"2024平均斑塊面積_ha":1644.21,"平均斑塊面積下降率_pct":0.21,"道路切割密度_km_per_km2":0.923,"建成區邊界切割密度_km_per_km2":0.0,"孤立小斑塊比例_pct":0.0,"距大型連續綠地平均距離_m":0.0,"score_面積減少":36.206896551724135,"score_斑塊增加":44.260435571687836,"score_平均斑塊縮小":62.545372050816695,"score_道路建成區切割":39.16742286751361,"score_孤立比例":40.58529945553539,"score_距大型綠地":38.40744101633394,"綜合破碎化分數":43.5,"破碎化等級":"中","判定原因":"面積減少0.0%；斑塊增加0.0%；平均斑塊縮小0.2%；道路密度0.92 km/km²；孤立比例0.0%；距大型綠地0m","2021面積_ha":54.81,"2022面積_ha":54.81,"2023面積_ha":54.81}},{"type":"Feature","geometry":{"type":"Polygon","coordinates":[[[121.56245073233944,24.504383090086208],[121.5624909183742,24.513411627393687],[121.57235879715049,24.51337452802338],[121.57231790621793,24.5043460061415],[121.56245073233944,24.504383090086208]]]},"properties":{"grid_id":"G022_025","綠地類型":"河川沿岸自然地表","中心經度":121.567405,"中心緯度":24.508879,"分析面積_km2":1.04,"2020面積_ha":50.94,"2024面積_ha":50.94,"面積減少率_pct":0.0,"2020斑塊數":1,"2024斑塊數":1,"斑塊數增加率_pct":0.0,"2020平均斑塊面積_ha":2919.15,"2024平均斑塊面積_ha":3064.86,"平均斑塊面積下降率_pct":0.0,"道路切割密度_km_per_km2":3.057,"建成區邊界切割密度_km_per_km2":0.0,"孤立小斑塊比例_pct":0.0,"距大型連續綠地平均距離_m":0.0,"score_面積減少":36.206896551724135,"score_斑塊增加":44.260435571687836,"score_平均斑塊縮小":28.153357531760438,"score_道路建成區切割":50.99818511796734,"score_孤立比例":40.58529945553539,"score_距大型綠地":38.40744101633394,"綜合破碎化分數":39.8,"破碎化等級":"中","判定原因":"面積減少0.0%；斑塊增加0.0%；平均斑塊縮小0.0%；道路密度3.06 km/km²；孤立比例0.0%；距大型綠地0m","2021面積_ha":50.94,"2022面積_ha":50.94,"2023面積_ha":50.94}},{"type":"Feature","geometry":{"type":"Polygon","coordinates":[[[121.58218506012369,24.504308277359257],[121.58222665594779,24.513336783547327],[121.59209449442166,24.513298393970732],[121.5920521937124,24.504269903744692],[121.58218506012369,24.504308277359257]]]},"properties":{"grid_id":"G022_027","綠地類型":"河川沿岸自然地表","中心經度":121.58714,"中心緯度":24.508803,"分析面積_km2":1.04,"2020面積_ha":60.3,"2024面積_ha":60.3,"面積減少率_pct":0.0,"2020斑塊數":1,"2024斑塊數":1,"斑塊數增加率_pct":0.0,"2020平均斑塊面積_ha":2712.51,"2024平均斑塊面積_ha":2751.66,"平均斑塊面積下降率_pct":0.0,"道路切割密度_km_per_km2":6.315,"建成區邊界切割密度_km_per_km2":0.0,"孤立小斑塊比例_pct":0.0,"距大型連續綠地平均距離_m":0.0,"score_面積減少":36.206896551724135,"score_斑塊增加":44.260435571687836,"score_平均斑塊縮小":28.153357531760438,"score_道路建成區切割":58.21234119782214,"score_孤立比例":40.58529945553539,"score_距大型綠地":38.40744101633394,"綜合破碎化分數":41.0,"破碎化等級":"中","判定原因":"面積減少0.0%；斑塊增加0.0%；平均斑塊縮小0.0%；道路密度6.32 km/km²；孤立比例0.0%；距大型綠地0m","2021面積_ha":60.3,"2022面積_ha":60.3,"2023面積_ha":60.3}},{"type":"Feature","geometry":{"type":"Polygon","coordinates":[[[121.5920521937124,24.504269903744692],[121.59209449442166,24.513298393970732],[121.60196231222774,24.51325935929889],[121.60191930663984,24.504230885303095],[121.5920521937124,24.504269903744692]]]},"properties":{"grid_id":"G022_028","綠地類型":"河川沿岸自然地表","中心經度":121.597007,"中心緯度":24.508765,"分析面積_km2":1.04,"2020面積_ha":53.28,"2024面積_ha":53.28,"面積減少率_pct":0.0,"2020斑塊數":1,"2024斑塊數":1,"斑塊數增加率_pct":0.0,"2020平均斑塊面積_ha":2712.51,"2024平均斑塊面積_ha":2751.66,"平均斑塊面積下降率_pct":0.0,"道路切割密度_km_per_km2":2.826,"建成區邊界切割密度_km_per_km2":0.0,"孤立小斑塊比例_pct":0.0,"距大型連續綠地平均距離_m":0.0,"score_面積減少":36.206896551724135,"score_斑塊增加":44.260435571687836,"score_平均斑塊縮小":28.153357531760438,"score_道路建成區切割":50.21551724137931,"score_孤立比例":40.58529945553539,"score_距大型綠地":38.40744101633394,"綜合破碎化分數":39.6,"破碎化等級":"中","判定原因":"面積減少0.0%；斑塊增加0.0%；平均斑塊縮小0.0%；道路密度2.83 km/km²；孤立比例0.0%；距大型綠地0m","2021面積_ha":53.28,"2022面積_ha":53.28,"2023面積_ha":53.28}},{"type":"Feature","geometry":{"type":"Polygon","coordinates":[[[121.66112153103836,24.50398323359358],[121.66116876575572,24.513011604575553],[121.67103642924492,24.512968054392783],[121.67098848969741,24.503939701518483],[121.66112153103836,24.50398323359358]]]},"properties":{"grid_id":"G022_035","綠地類型":"河川沿岸自然地表","中心經度":121.666079,"中心緯度":24.508476,"分析面積_km2":1.04,"2020面積_ha":44.64,"2024面積_ha":44.64,"面積減少率_pct":0.0,"2020斑塊數":2,"2024斑塊數":2,"斑塊數增加率_pct":0.0,"2020平均斑塊面積_ha":4036.995,"2024平均斑塊面積_ha":3890.43,"平均斑塊面積下降率_pct":3.63,"道路切割密度_km_per_km2":1.932,"建成區邊界切割密度_km_per_km2":0.0,"孤立小斑塊比例_pct":0.0,"距大型連續綠地平均距離_m":0.0,"score_面積減少":36.206896551724135,"score_斑塊增加":44.260435571687836,"score_平均斑塊縮小":73.04900181488203,"score_道路建成區切割":46.01860254083485,"score_孤立比例":40.58529945553539,"score_距大型綠地":38.40744101633394,"綜合破碎化分數":46.4,"破碎化等級":"中","判定原因":"面積減少0.0%；斑塊增加0.0%；平均斑塊縮小3.6%；道路密度1.93 km/km²；孤立比例0.0%；距大型綠地0m","2021面積_ha":44.64,"2022面積_ha":44.64,"2023面積_ha":44.64}},{"type":"Feature","geometry":{"type":"Polygon","coordinates":[[[121.67098848969741,24.503939701518483],[121.67103642924492,24.512968054392783],[121.68090406931147,24.51292385916035],[121.68085542494114,24.50389552466191],[121.67098848969741,24.503939701518483]]]},"properties":{"grid_id":"G022_036","綠地類型":"河川沿岸自然地表","中心經度":121.675946,"中心緯度":24.508432,"分析面積_km2":1.04,"2020面積_ha":14.85,"2024面積_ha":14.85,"面積減少率_pct":0.0,"2020斑塊數":2,"2024斑塊數":2,"斑塊數增加率_pct":0.0,"2020平均斑塊面積_ha":4036.995,"2024平均斑塊面積_ha":3890.43,"平均斑塊面積下降率_pct":3.63,"道路切割密度_km_per_km2":1.644,"建成區邊界切割密度_km_per_km2":0.0,"孤立小斑塊比例_pct":0.0,"距大型連續綠地平均距離_m":0.0,"score_面積減少":36.206896551724135,"score_斑塊增加":44.260435571687836,"score_平均斑塊縮小":73.04900181488203,"score_道路建成區切割":43.93148820326679,"score_孤立比例":40.58529945553539,"score_距大型綠地":38.40744101633394,"綜合破碎化分數":46.1,"破碎化等級":"中","判定原因":"面積減少0.0%；斑塊增加0.0%；平均斑塊縮小3.6%；道路密度1.64 km/km²；孤立比例0.0%；距大型綠地0m","2021面積_ha":14.85,"2022面積_ha":14.85,"2023面積_ha":14.85}},{"type":"Feature","geometry":{"type":"Polygon","coordinates":[[[121.74005652540525,24.503616923459006],[121.74010939855175,24.512645142070415],[121.7499768650183,24.512596431666022],[121.74992328710354,24.503568233307725],[121.74005652540525,24.503616923459006]]]},"properties":{"grid_id":"G022_043","綠地類型":"河川沿岸自然地表","中心經度":121.745017,"中心緯度":24.508107,"分析面積_km2":1.04,"2020面積_ha":46.53,"2024面積_ha":46.08,"面積減少率_pct":0.97,"2020斑塊數":1,"2024斑塊數":1,"斑塊數增加率_pct":0.0,"2020平均斑塊面積_ha":3955.86,"2024平均斑塊面積_ha":4238.28,"平均斑塊面積下降率_pct":0.0,"道路切割密度_km_per_km2":0.0,"建成區邊界切割密度_km_per_km2":0.0,"孤立小斑塊比例_pct":0.0,"距大型連續綠地平均距離_m":0.0,"score_面積減少":77.22323049001815,"score_斑塊增加":44.260435571687836,"score_平均斑塊縮小":28.153357531760438,"score_道路建成區切割":25.941470054446462,"score_孤立比例":40.58529945553539,"score_距大型綠地":38.40744101633394,"綜合破碎化分數":42.4,"破碎化等級":"中","判定原因":"面積減少1.0%；斑塊增加0.0%；平均斑塊縮小0.0%；道路密度0.00 km/km²；孤立比例0.0%；距大型綠地0m","2021面積_ha":47.25,"2022面積_ha":45.63,"2023面積_ha":45.81}},{"type":"Feature","geometry":{"type":"Polygon","coordinates":[[[121.79925669617586,24.503315111735322],[121.79931379780633,24.51234320480563],[121.80918110204496,24.512290624514776],[121.80912329569723,24.50326255330652],[121.79925669617586,24.503315111735322]]]},"properties":{"grid_id":"G022_049","綠地類型":"河川沿岸自然地表","中心經度":121.804219,"中心緯度":24.507803,"分析面積_km2":1.04,"2020面積_ha":54.27,"2024面積_ha":54.27,"面積減少率_pct":0.0,"2020斑塊數":1,"2024斑塊數":1,"斑塊數增加率_pct":0.0,"2020平均斑塊面積_ha":239.04,"2024平均斑塊面積_ha":237.78,"平均斑塊面積下降率_pct":0.53,"道路切割密度_km_per_km2":0.0,"建成區邊界切割密度_km_per_km2":0.0,"孤立小斑塊比例_pct":0.0,"距大型連續綠地平均距離_m":0.0,"score_面積減少":36.206896551724135,"score_斑塊增加":44.260435571687836,"score_平均斑塊縮小":67.37749546279493,"score_道路建成區切割":25.941470054446462,"score_孤立比例":40.58529945553539,"score_距大型綠地":38.40744101633394,"綜合破碎化分數":42.1,"破碎化等級":"中","判定原因":"面積減少0.0%；斑塊增加0.0%；平均斑塊縮小0.5%；道路密度0.00 km/km²；孤立比例0.0%；距大型綠地0m","2021面積_ha":54.27,"2022面積_ha":54.27,"2023面積_ha":54.27}},{"type":"Feature","geometry":{"type":"Polygon","coordinates":[[[121.80912329569723,24.50326255330652],[121.80918110204496,24.512290624514776],[121.81904837804066,24.512237399267708],[121.81898986698451,24.503209350189664],[121.80912329569723,24.50326255330652]]]},"properties":{"grid_id":"G022_050","綠地類型":"河川沿岸自然地表","中心經度":121.814086,"中心緯度":24.50775,"分析面積_km2":1.04,"2020面積_ha":34.02,"2024面積_ha":34.02,"面積減少率_pct":0.0,"2020斑塊數":1,"2024斑塊數":1,"斑塊數增加率_pct":0.0,"2020平均斑塊面積_ha":239.04,"2024平均斑塊面積_ha":237.78,"平均斑塊面積下降率_pct":0.53,"道路切割密度_km_per_km2":4.21,"建成區邊界切割密度_km_per_km2":0.0,"孤立小斑塊比例_pct":0.0,"距大型連續綠地平均距離_m":0.0,"score_面積減少":36.206896551724135,"score_斑塊增加":44.260435571687836,"score_平均斑塊縮小":67.37749546279493,"score_道路建成區切割":54.49183303085299,"score_孤立比例":40.58529945553539,"score_距大型綠地":38.40744101633394,"綜合破碎化分數":46.9,"破碎化等級":"中","判定原因":"面積減少0.0%；斑塊增加0.0%；平均斑塊縮小0.5%；道路密度4.21 km/km²；孤立比例0.0%；距大型綠地0m","2021面積_ha":34.02,"2022面積_ha":33.93,"2023面積_ha":34.02}},{"type":"Feature","geometry":{"type":"Polygon","coordinates":[[[121.81898986698451,24.503209350189664],[121.81904837804066,24.512237399267708],[121.82891562544913,24.512183529071777],[121.82885640969354,24.503155502392072],[121.81898986698451,24.503209350189664]]]},"properties":{"grid_id":"G022_051","綠地類型":"河川沿岸自然地表","中心經度":121.823953,"中心緯度":24.507697,"分析面積_km2":1.04,"2020面積_ha":10.17,"2024面積_ha":10.17,"面積減少率_pct":0.0,"2020斑塊數":1,"2024斑塊數":1,"斑塊數增加率_pct":0.0,"2020平均斑塊面積_ha":239.04,"2024平均斑塊面積_ha":237.78,"平均斑塊面積下降率_pct":0.53,"道路切割密度_km_per_km2":2.682,"建成區邊界切割密度_km_per_km2":0.0,"孤立小斑塊比例_pct":0.0,"距大型連續綠地平均距離_m":0.0,"score_面積減少":36.206896551724135,"score_斑塊增加":44.260435571687836,"score_平均斑塊縮小":67.37749546279493,"score_道路建成區切割":49.671052631578945,"score_孤立比例":40.58529945553539,"score_距大型綠地":38.40744101633394,"綜合破碎化分數":46.1,"破碎化等級":"中","判定原因":"面積減少0.0%；斑塊增加0.0%；平均斑塊縮小0.5%；道路密度2.68 km/km²；孤立比例0.0%；距大型綠地0m","2021面積_ha":10.17,"2022面積_ha":10.17,"2023面積_ha":10.17}},{"type":"Feature","geometry":{"type":"Polygon","coordinates":[[[121.44407494005533,24.513806499814805],[121.44410668236773,24.522835190469532],[121.45397547933814,24.522805820533566],[121.45394303171662,24.513777142087292],[121.44407494005533,24.513806499814805]]]},"properties":{"grid_id":"G023_013","綠地類型":"河川沿岸自然地表","中心經度":121.449025,"中心緯度":24.518306,"分析面積_km2":1.04,"2020面積_ha":37.53,"2024面積_ha":37.44,"面積減少率_pct":0.24,"2020斑塊數":2,"2024斑塊數":2,"斑塊數增加率_pct":0.0,"2020平均斑塊面積_ha":130.185,"2024平均斑塊面積_ha":238.41,"平均斑塊面積下降率_pct":0.0,"道路切割密度_km_per_km2":1.903,"建成區邊界切割密度_km_per_km2":0.0,"孤立小斑塊比例_pct":0.0,"距大型連續綠地平均距離_m":0.0,"score_面積減少":73.4573502722323,"score_斑塊增加":44.260435571687836,"score_平均斑塊縮小":28.153357531760438,"score_道路建成區切割":45.80308529945553,"score_孤立比例":40.58529945553539,"score_距大型綠地":38.40744101633394,"綜合破碎化分數":45.1,"破碎化等級":"中","判定原因":"面積減少0.2%；斑塊增加0.0%；平均斑塊縮小0.0%；道路密度1.90 km/km²；孤立比例0.0%；距大型綠地0m","2021面積_ha":37.53,"2022面積_ha":37.44,"2023面積_ha":37.44}},{"type":"Feature","geometry":{"type":"Polygon","coordinates":[[[121.46381110753177,24.513747139198486],[121.46384426045744,24.522775805168017],[121.47371302538113,24.52274514437702],[121.47367916715636,24.51371649115252],[121.46381110753177,24.513747139198486]]]},"properties":{"grid_id":"G023_015","綠地類型":"河川沿岸自然地表","中心經度":121.468762,"中心緯度":24.518246,"分析面積_km2":1.04,"2020面積_ha":19.44,"2024面積_ha":19.44,"面積減少率_pct":0.0,"2020斑塊數":3,"2024斑塊數":3,"斑塊數增加率_pct":0.0,"2020平均斑塊面積_ha":469.68,"2024平均斑塊面積_ha":804.39,"平均斑塊面積下降率_pct":0.0,"道路切割密度_km_per_km2":4.354,"建成區邊界切割密度_km_per_km2":0.0,"孤立小斑塊比例_pct":0.0,"距大型連續綠地平均距離_m":0.0,"score_面積減少":36.206896551724135,"score_斑塊增加":44.260435571687836,"score_平均斑塊縮小":28.153357531760438,"score_道路建成區切割":54.741379310344826,"score_孤立比例":40.58529945553539,"score_距大型綠地":38.40744101633394,"綜合破碎化分數":40.4,"破碎化等級":"中","判定原因":"面積減少0.0%；斑塊增加0.0%；平均斑塊縮小0.0%；道路密度4.35 km/km²；孤立比例0.0%；距大型綠地0m","2021面積_ha":19.44,"2022面積_ha":19.44,"2023面積_ha":19.44}},{"type":"Feature","geometry":{"type":"Polygon","coordinates":[[[121.48354721024599,24.513685197953606],[121.48358177376461,24.52271383816481],[121.49345050526343,24.522681886535715],[121.49341523645624,24.5136532596061],[121.48354721024599,24.513685197953606]]]},"properties":{"grid_id":"G023_017","綠地類型":"河川沿岸自然地表","中心經度":121.488499,"中心緯度":24.518184,"分析面積_km2":1.04,"2020面積_ha":44.64,"2024面積_ha":44.64,"面積減少率_pct":0.0,"2020斑塊數":1,"2024斑塊數":1,"斑塊數增加率_pct":0.0,"2020平均斑塊面積_ha":1647.72,"2024平均斑塊面積_ha":1644.21,"平均斑塊面積下降率_pct":0.21,"道路切割密度_km_per_km2":0.0,"建成區邊界切割密度_km_per_km2":0.0,"孤立小斑塊比例_pct":0.0,"距大型連續綠地平均距離_m":0.0,"score_面積減少":36.206896551724135,"score_斑塊增加":44.260435571687836,"score_平均斑塊縮小":62.545372050816695,"score_道路建成區切割":25.941470054446462,"score_孤立比例":40.58529945553539,"score_距大型綠地":38.40744101633394,"綜合破碎化分數":41.3,"破碎化等級":"中","判定原因":"面積減少0.0%；斑塊增加0.0%；平均斑塊縮小0.2%；道路密度0.00 km/km²；孤立比例0.0%；距大型綠地0m","2021面積_ha":44.64,"2022面積_ha":44.64,"2023面積_ha":44.64}},{"type":"Feature","geometry":{"type":"Polygon","coordinates":[[[121.49341523645624,24.5136532596061],[121.49345050526343,24.522681886535715],[121.503319219533,24.522649289494133],[121.50328324544267,24.51362067611437],[121.49341523645624,24.5136532596061]]]},"properties":{"grid_id":"G023_018","綠地類型":"河川沿岸自然地表","中心經度":121.498367,"中心緯度":24.518151,"分析面積_km2":1.04,"2020面積_ha":54.0,"2024面積_ha":54.0,"面積減少率_pct":0.0,"2020斑塊數":1,"2024斑塊數":1,"斑塊數增加率_pct":0.0,"2020平均斑塊面積_ha":1647.72,"2024平均斑塊面積_ha":1644.21,"平均斑塊面積下降率_pct":0.21,"道路切割密度_km_per_km2":0.0,"建成區邊界切割密度_km_per_km2":0.0,"孤立小斑塊比例_pct":0.0,"距大型連續綠地平均距離_m":0.0,"score_面積減少":36.206896551724135,"score_斑塊增加":44.260435571687836,"score_平均斑塊縮小":62.545372050816695,"score_道路建成區切割":25.941470054446462,"score_孤立比例":40.58529945553539,"score_距大型綠地":38.40744101633394,"綜合破碎化分數":41.3,"破碎化等級":"中","判定原因":"面積減少0.0%；斑塊增加0.0%；平均斑塊縮小0.2%；道路密度0.00 km/km²；孤立比例0.0%；距大型綠地0m","2021面積_ha":54.0,"2022面積_ha":53.82,"2023面積_ha":54.0}},{"type":"Feature","geometry":{"type":"Polygon","coordinates":[[[121.50328324544267,24.51362067611437],[121.503319219533,24.522649289494133],[121.51318791622883,24.522616047044558],[121.51315123686088,24.513587447482937],[121.50328324544267,24.51362067611437]]]},"properties":{"grid_id":"G023_019","綠地類型":"河川沿岸自然地表","中心經度":121.508235,"中心緯度":24.518118,"分析面積_km2":1.04,"2020面積_ha":45.63,"2024面積_ha":45.63,"面積減少率_pct":0.0,"2020斑塊數":1,"2024斑塊數":1,"斑塊數增加率_pct":0.0,"2020平均斑塊面積_ha":1647.72,"2024平均斑塊面積_ha":1644.21,"平均斑塊面積下降率_pct":0.21,"道路切割密度_km_per_km2":0.0,"建成區邊界切割密度_km_per_km2":0.0,"孤立小斑塊比例_pct":0.0,"距大型連續綠地平均距離_m":0.0,"score_面積減少":36.206896551724135,"score_斑塊增加":44.260435571687836,"score_平均斑塊縮小":62.545372050816695,"score_道路建成區切割":25.941470054446462,"score_孤立比例":40.58529945553539,"score_距大型綠地":38.40744101633394,"綜合破碎化分數":41.3,"破碎化等級":"中","判定原因":"面積減少0.0%；斑塊增加0.0%；平均斑塊縮小0.2%；道路密度0.00 km/km²；孤立比例0.0%；距大型綠地0m","2021面積_ha":45.63,"2022面積_ha":45.63,"2023面積_ha":45.63}},{"type":"Feature","geometry":{"type":"Polygon","coordinates":[[[121.51315123686088,24.513587447482937],[121.51318791622883,24.522616047044558],[121.52305659500635,24.52258215919159],[121.52301921036644,24.51355357371638],[121.51315123686088,24.513587447482937]]]},"properties":{"grid_id":"G023_020","綠地類型":"河川沿岸自然地表","中心經度":121.518104,"中心緯度":24.518085,"分析面積_km2":1.04,"2020面積_ha":26.55,"2024面積_ha":26.55,"面積減少率_pct":0.0,"2020斑塊數":1,"2024斑塊數":1,"斑塊數增加率_pct":0.0,"2020平均斑塊面積_ha":1647.72,"2024平均斑塊面積_ha":1644.21,"平均斑塊面積下降率_pct":0.21,"道路切割密度_km_per_km2":2.48,"建成區邊界切割密度_km_per_km2":0.0,"孤立小斑塊比例_pct":0.0,"距大型連續綠地平均距離_m":0.0,"score_面積減少":36.206896551724135,"score_斑塊增加":44.260435571687836,"score_平均斑塊縮小":62.545372050816695,"score_道路建成區切割":48.69555353901997,"score_孤立比例":40.58529945553539,"score_距大型綠地":38.40744101633394,"綜合破碎化分數":45.1,"破碎化等級":"中","判定原因":"面積減少0.0%；斑塊增加0.0%；平均斑塊縮小0.2%；道路密度2.48 km/km²；孤立比例0.0%；距大型綠地0m","2021面積_ha":26.55,"2022面積_ha":26.55,"2023面積_ha":26.55}},{"type":"Feature","geometry":{"type":"Polygon","coordinates":[[[121.542755102262,24.51348389079666],[121.5427938974286,24.522512447294254],[121.55266252038423,24.5224766232595],[121.55262301996324,24.513448081653124],[121.542755102262,24.51348389079666]]]},"properties":{"grid_id":"G023_023","綠地類型":"河川沿岸自然地表","中心經度":121.547709,"中心緯度":24.51798,"分析面積_km2":1.04,"2020面積_ha":52.83,"2024面積_ha":52.47,"面積減少率_pct":0.68,"2020斑塊數":1,"2024斑塊數":1,"斑塊數增加率_pct":0.0,"2020平均斑塊面積_ha":2919.15,"2024平均斑塊面積_ha":3064.86,"平均斑塊面積下降率_pct":0.0,"道路切割密度_km_per_km2":0.0,"建成區邊界切割密度_km_per_km2":0.0,"孤立小斑塊比例_pct":0.0,"距大型連續綠地平均距離_m":0.0,"score_面積減少":76.08892921960071,"score_斑塊增加":44.260435571687836,"score_平均斑塊縮小":28.153357531760438,"score_道路建成區切割":25.941470054446462,"score_孤立比例":40.58529945553539,"score_距大型綠地":38.40744101633394,"綜合破碎化分數":42.2,"破碎化等級":"中","判定原因":"面積減少0.7%；斑塊增加0.0%；平均斑塊縮小0.0%；道路密度0.00 km/km²；孤立比例0.0%；距大型綠地0m","2021面積_ha":52.92,"2022面積_ha":52.38,"2023面積_ha":52.47}},{"type":"Feature","geometry":{"type":"Polygon","coordinates":[[[121.57235879715049,24.51337452802338],[121.5723997080621,24.52240303904255],[121.58226827209529,24.522365278870502],[121.58222665594779,24.513336783547327],[121.57235879715049,24.51337452802338]]]},"properties":{"grid_id":"G023_026","綠地類型":"河川沿岸自然地表","中心經度":121.577313,"中心緯度":24.51787,"分析面積_km2":1.04,"2020面積_ha":57.51,"2024面積_ha":57.51,"面積減少率_pct":0.0,"2020斑塊數":2,"2024斑塊數":2,"斑塊數增加率_pct":0.0,"2020平均斑塊面積_ha":2751.66,"2024平均斑塊面積_ha":4722.75,"平均斑塊面積下降率_pct":0.0,"道路切割密度_km_per_km2":2.97,"建成區邊界切割密度_km_per_km2":0.0,"孤立小斑塊比例_pct":0.0,"距大型連續綠地平均距離_m":0.0,"score_面積減少":36.206896551724135,"score_斑塊增加":44.260435571687836,"score_平均斑塊縮小":28.153357531760438,"score_道路建成區切割":50.63520871143376,"score_孤立比例":40.58529945553539,"score_距大型綠地":38.40744101633394,"綜合破碎化分數":39.7,"破碎化等級":"中","判定原因":"面積減少0.0%；斑塊增加0.0%；平均斑塊縮小0.0%；道路密度2.97 km/km²；孤立比例0.0%；距大型綠地0m","2021面積_ha":57.51,"2022面積_ha":57.51,"2023面積_ha":57.51}},{"type":"Feature","geometry":{"type":"Polygon","coordinates":[[[121.58222665594779,24.513336783547327],[121.58226827209529,24.522365278870502],[121.59213681579868,24.52232687332966],[121.59209449442166,24.513298393970732],[121.58222665594779,24.513336783547327]]]},"properties":{"grid_id":"G023_027","綠地類型":"河川沿岸自然地表","中心經度":121.587182,"中心緯度":24.517832,"分析面積_km2":1.04,"2020面積_ha":20.07,"2024面積_ha":20.07,"面積減少率_pct":0.0,"2020斑塊數":3,"2024斑塊數":3,"斑塊數增加率_pct":0.0,"2020平均斑塊面積_ha":1177.71,"2024平均斑塊面積_ha":1373.31,"平均斑塊面積下降率_pct":0.0,"道路切割密度_km_per_km2":3.633,"建成區邊界切割密度_km_per_km2":0.0,"孤立小斑塊比例_pct":0.0,"距大型連續綠地平均距離_m":0.0,"score_面積減少":36.206896551724135,"score_斑塊增加":44.260435571687836,"score_平均斑塊縮小":28.153357531760438,"score_道路建成區切割":53.05127041742287,"score_孤立比例":40.58529945553539,"score_距大型綠地":38.40744101633394,"綜合破碎化分數":40.1,"破碎化等級":"中","判定原因":"面積減少0.0%；斑塊增加0.0%；平均斑塊縮小0.0%；道路密度3.63 km/km²；孤立比例0.0%；距大型綠地0m","2021面積_ha":20.07,"2022面積_ha":20.07,"2023面積_ha":20.07}},{"type":"Feature","geometry":{"type":"Polygon","coordinates":[[[121.74010939855175,24.512645142070415],[121.74016229753121,24.52167334977703],[121.75003046911031,24.521624619116707],[121.7499768650183,24.512596431666022],[121.74010939855175,24.512645142070415]]]},"properties":{"grid_id":"G023_043","綠地類型":"河川沿岸自然地表","中心經度":121.74507,"中心緯度":24.517135,"分析面積_km2":1.04,"2020面積_ha":44.55,"2024面積_ha":44.46,"面積減少率_pct":0.2,"2020斑塊數":1,"2024斑塊數":1,"斑塊數增加率_pct":0.0,"2020平均斑塊面積_ha":3955.86,"2024平均斑塊面積_ha":4238.28,"平均斑塊面積下降率_pct":0.0,"道路切割密度_km_per_km2":0.0,"建成區邊界切割密度_km_per_km2":0.0,"孤立小斑塊比例_pct":0.0,"距大型連續綠地平均距離_m":0.0,"score_面積減少":73.02631578947368,"score_斑塊增加":44.260435571687836,"score_平均斑塊縮小":28.153357531760438,"score_道路建成區切割":25.941470054446462,"score_孤立比例":40.58529945553539,"score_距大型綠地":38.40744101633394,"綜合破碎化分數":41.7,"破碎化等級":"中","判定原因":"面積減少0.2%；斑塊增加0.0%；平均斑塊縮小0.0%；道路密度0.00 km/km²；孤立比例0.0%；距大型綠地0m","2021面積_ha":44.73,"2022面積_ha":44.55,"2023面積_ha":44.28}},{"type":"Feature","geometry":{"type":"Polygon","coordinates":[[[121.7499768650183,24.512596431666022],[121.75003046911031,24.521624619116707],[121.75989861450394,24.521575243189787],[121.75984430530761,24.51254707626324],[121.7499768650183,24.512596431666022]]]},"properties":{"grid_id":"G023_044","綠地類型":"河川沿岸自然地表","中心經度":121.754938,"中心緯度":24.517086,"分析面積_km2":1.04,"2020面積_ha":41.94,"2024面積_ha":41.76,"面積減少率_pct":0.43,"2020斑塊數":1,"2024斑塊數":1,"斑塊數增加率_pct":0.0,"2020平均斑塊面積_ha":3955.86,"2024平均斑塊面積_ha":4238.28,"平均斑塊面積下降率_pct":0.0,"道路切割密度_km_per_km2":0.0,"建成區邊界切割密度_km_per_km2":0.0,"孤立小斑塊比例_pct":0.0,"距大型連續綠地平均距離_m":0.0,"score_面積減少":74.79582577132487,"score_斑塊增加":44.260435571687836,"score_平均斑塊縮小":28.153357531760438,"score_道路建成區切割":25.941470054446462,"score_孤立比例":40.58529945553539,"score_距大型綠地":38.40744101633394,"綜合破碎化分數":42.0,"破碎化等級":"中","判定原因":"面積減少0.4%；斑塊增加0.0%；平均斑塊縮小0.0%；道路密度0.00 km/km²；孤立比例0.0%；距大型綠地0m","2021面積_ha":42.03,"2022面積_ha":41.67,"2023面積_ha":41.67}},{"type":"Feature","geometry":{"type":"Polygon","coordinates":[[[121.80918110204496,24.512290624514776],[121.8092389366357,24.521318684797755],[121.81910691768405,24.52126543741741],[121.81904837804066,24.512237399267708],[121.80918110204496,24.512290624514776]]]},"properties":{"grid_id":"G023_050","綠地類型":"河川沿岸自然地表","中心經度":121.814144,"中心緯度":24.516778,"分析面積_km2":1.04,"2020面積_ha":25.74,"2024面積_ha":25.74,"面積減少率_pct":0.0,"2020斑塊數":2,"2024斑塊數":2,"斑塊數增加率_pct":0.0,"2020平均斑塊面積_ha":315.09,"2024平均斑塊面積_ha":317.25,"平均斑塊面積下降率_pct":0.0,"道路切割密度_km_per_km2":5.507,"建成區邊界切割密度_km_per_km2":0.0,"孤立小斑塊比例_pct":0.0,"距大型連續綠地平均距離_m":0.0,"score_面積減少":36.206896551724135,"score_斑塊增加":44.260435571687836,"score_平均斑塊縮小":28.153357531760438,"score_道路建成區切割":56.79446460980037,"score_孤立比例":40.58529945553539,"score_距大型綠地":38.40744101633394,"綜合破碎化分數":40.7,"破碎化等級":"中","判定原因":"面積減少0.0%；斑塊增加0.0%；平均斑塊縮小0.0%；道路密度5.51 km/km²；孤立比例0.0%；距大型綠地0m","2021面積_ha":25.74,"2022面積_ha":25.65,"2023面積_ha":25.74}},{"type":"Feature","geometry":{"type":"Polygon","coordinates":[[[121.82891562544913,24.512183529071777],[121.8289748701362,24.52121154482003],[121.83884279364773,24.52115700701304],[121.83878284392608,24.512129013934416],[121.82891562544913,24.512183529071777]]]},"properties":{"grid_id":"G023_052","綠地類型":"河川沿岸自然地表","中心經度":121.833879,"中心緯度":24.51667,"分析面積_km2":1.04,"2020面積_ha":38.97,"2024面積_ha":41.13,"面積減少率_pct":0.0,"2020斑塊數":4,"2024斑塊數":2,"斑塊數增加率_pct":0.0,"2020平均斑塊面積_ha":67.297,"2024平均斑塊面積_ha":132.57,"平均斑塊面積下降率_pct":0.0,"道路切割密度_km_per_km2":10.063,"建成區邊界切割密度_km_per_km2":2.364,"孤立小斑塊比例_pct":0.0,"距大型連續綠地平均距離_m":0.0,"score_面積減少":36.206896551724135,"score_斑塊增加":44.260435571687836,"score_平均斑塊縮小":28.153357531760438,"score_道路建成區切割":91.5494555353902,"score_孤立比例":40.58529945553539,"score_距大型綠地":38.40744101633394,"綜合破碎化分數":46.5,"破碎化等級":"中","判定原因":"面積減少0.0%；斑塊增加0.0%；平均斑塊縮小0.0%；道路密度10.06 km/km²；孤立比例0.0%；距大型綠地0m","2021面積_ha":38.07,"2022面積_ha":47.43,"2023面積_ha":43.74}},{"type":"Feature","geometry":{"type":"Polygon","coordinates":[[[121.4046602780225,24.53197494180914],[121.40463134286595,24.522946215837813],[121.39476247180825,24.522972358566832],[121.3947676963872,24.524643687971245],[121.39649860000002,24.5246211],[121.3974204,24.524685799999997],[121.39756640000002,24.524726499999996],[121.3976947,24.524794299999996],[121.39810859999999,24.525276199999997],[121.3982737,24.5256503],[121.3983517,24.525731499999996],[121.39865909999999,24.525927600000003],[121.3992509,24.526195],[121.399524,24.526447199999996],[121.39989519999999,24.526914999999995],[121.4001614,24.5273885],[121.400418,24.527746200000003],[121.40073260000001,24.5281265],[121.40141600000001,24.5288337],[121.4015313,24.529003799999995],[121.4016511,24.529272300000002],[121.4016787,24.529430499999997],[121.4016522,24.529722100000008],[121.40159660000002,24.529943099999997],[121.40147369999998,24.530222600000002],[121.40118050000001,24.5305067],[121.4002773,24.5311553],[121.39932778595434,24.53198915268649],[121.4046602780225,24.53197494180914]]]},"properties":{"grid_id":"G024_008","綠地類型":"河川沿岸自然地表","中心經度":121.402468,"中心緯度":24.527562,"分析面積_km2":0.576,"2020面積_ha":0.63,"2024面積_ha":0.63,"面積減少率_pct":0.0,"2020斑塊數":1,"2024斑塊數":1,"斑塊數增加率_pct":0.0,"2020平均斑塊面積_ha":270.45,"2024平均斑塊面積_ha":271.44,"平均斑塊面積下降率_pct":0.0,"道路切割密度_km_per_km2":7.083,"建成區邊界切割密度_km_per_km2":0.0,"孤立小斑塊比例_pct":0.0,"距大型連續綠地平均距離_m":0.0,"score_面積減少":36.206896551724135,"score_斑塊增加":44.260435571687836,"score_平均斑塊縮小":28.153357531760438,"score_道路建成區切割":59.573502722323056,"score_孤立比例":40.58529945553539,"score_距大型綠地":38.40744101633394,"綜合破碎化分數":41.2,"破碎化等級":"中","判定原因":"面積減少0.0%；斑塊增加0.0%；平均斑塊縮小0.0%；道路密度7.08 km/km²；孤立比例0.0%；距大型綠地0m","2021面積_ha":0.63,"2022面積_ha":0.63,"2023面積_ha":0.63}},{"type":"Feature","geometry":{"type":"Polygon","coordinates":[[[121.46384426045744,24.522775805168017],[121.46387742957879,24.531804460293383],[121.47374690014607,24.531773786755597],[121.47371302538113,24.52274514437702],[121.46384426045744,24.522775805168017]]]},"properties":{"grid_id":"G024_015","綠地類型":"河川沿岸自然地表","中心經度":121.468795,"中心緯度":24.527275,"分析面積_km2":1.04,"2020面積_ha":24.84,"2024面積_ha":24.84,"面積減少率_pct":0.0,"2020斑塊數":2,"2024斑塊數":2,"斑塊數增加率_pct":0.0,"2020平均斑塊面積_ha":601.335,"2024平均斑塊面積_ha":1001.205,"平均斑塊面積下降率_pct":0.0,"道路切割密度_km_per_km2":2.999,"建成區邊界切割密度_km_per_km2":0.0,"孤立小斑塊比例_pct":0.0,"距大型連續綠地平均距離_m":0.0,"score_面積減少":36.206896551724135,"score_斑塊增加":44.260435571687836,"score_平均斑塊縮小":28.153357531760438,"score_道路建成區切割":50.71460980036298,"score_孤立比例":40.58529945553539,"score_距大型綠地":38.40744101633394,"綜合破碎化分數":39.7,"破碎化等級":"中","判定原因":"面積減少0.0%；斑塊增加0.0%；平均斑塊縮小0.0%；道路密度3.00 km/km²；孤立比例0.0%；距大型綠地0m","2021面積_ha":24.84,"2022面積_ha":24.84,"2023面積_ha":24.84}},{"type":"Feature","geometry":{"type":"Polygon","coordinates":[[[121.49345050526343,24.522681886535715],[121.49348579129983,24.531710502615752],[121.50335521119709,24.531677892022422],[121.503319219533,24.522649289494133],[121.49345050526343,24.522681886535715]]]},"properties":{"grid_id":"G024_018","綠地類型":"河川沿岸自然地表","中心經度":121.498403,"中心緯度":24.52718,"分析面積_km2":1.04,"2020面積_ha":55.98,"2024面積_ha":55.8,"面積減少率_pct":0.32,"2020斑塊數":1,"2024斑塊數":1,"斑塊數增加率_pct":0.0,"2020平均斑塊面積_ha":1647.72,"2024平均斑塊面積_ha":1644.21,"平均斑塊面積下降率_pct":0.21,"道路切割密度_km_per_km2":0.0,"建成區邊界切割密度_km_per_km2":0.0,"孤立小斑塊比例_pct":0.0,"距大型連續綠地平均距離_m":0.0,"score_面積減少":74.11524500907441,"score_斑塊增加":44.260435571687836,"score_平均斑塊縮小":62.545372050816695,"score_道路建成區切割":25.941470054446462,"score_孤立比例":40.58529945553539,"score_距大型綠地":38.40744101633394,"綜合破碎化分數":47.6,"破碎化等級":"中","判定原因":"面積減少0.3%；斑塊增加0.0%；平均斑塊縮小0.2%；道路密度0.00 km/km²；孤立比例0.0%；距大型綠地0m","2021面積_ha":56.07,"2022面積_ha":55.8,"2023面積_ha":56.16}},{"type":"Feature","geometry":{"type":"Polygon","coordinates":[[[121.503319219533,24.522649289494133],[121.50335521119709,24.531677892022422],[121.51322461351505,24.531644635752794],[121.51318791622883,24.522616047044558],[121.503319219533,24.522649289494133]]]},"properties":{"grid_id":"G024_019","綠地類型":"河川沿岸自然地表","中心經度":121.508272,"中心緯度":24.527147,"分析面積_km2":1.04,"2020面積_ha":42.75,"2024面積_ha":42.75,"面積減少率_pct":0.0,"2020斑塊數":1,"2024斑塊數":1,"斑塊數增加率_pct":0.0,"2020平均斑塊面積_ha":1647.72,"2024平均斑塊面積_ha":1644.21,"平均斑塊面積下降率_pct":0.21,"道路切割密度_km_per_km2":0.0,"建成區邊界切割密度_km_per_km2":0.0,"孤立小斑塊比例_pct":0.0,"距大型連續綠地平均距離_m":0.0,"score_面積減少":36.206896551724135,"score_斑塊增加":44.260435571687836,"score_平均斑塊縮小":62.545372050816695,"score_道路建成區切割":25.941470054446462,"score_孤立比例":40.58529945553539,"score_距大型綠地":38.40744101633394,"綜合破碎化分數":41.3,"破碎化等級":"中","判定原因":"面積減少0.0%；斑塊增加0.0%；平均斑塊縮小0.2%；道路密度0.00 km/km²；孤立比例0.0%；距大型綠地0m","2021面積_ha":42.75,"2022面積_ha":42.66,"2023面積_ha":42.75}},{"type":"Feature","geometry":{"type":"Polygon","coordinates":[[[121.51318791622883,24.522616047044558],[121.51322461351505,24.531644635752794],[121.5230939979091,24.531610733811462],[121.52305659500635,24.52258215919159],[121.51318791622883,24.522616047044558]]]},"properties":{"grid_id":"G024_020","綠地類型":"河川沿岸自然地表","中心經度":121.518141,"中心緯度":24.527113,"分析面積_km2":1.04,"2020面積_ha":25.56,"2024面積_ha":25.56,"面積減少率_pct":0.0,"2020斑塊數":2,"2024斑塊數":2,"斑塊數增加率_pct":0.0,"2020平均斑塊面積_ha":2283.435,"2024平均斑塊面積_ha":2354.535,"平均斑塊面積下降率_pct":0.0,"道路切割密度_km_per_km2":5.536,"建成區邊界切割密度_km_per_km2":0.0,"孤立小斑塊比例_pct":0.0,"距大型連續綠地平均距離_m":0.0,"score_面積減少":36.206896551724135,"score_斑塊增加":44.260435571687836,"score_平均斑塊縮小":28.153357531760438,"score_道路建成區切割":56.85117967332124,"score_孤立比例":40.58529945553539,"score_距大型綠地":38.40744101633394,"綜合破碎化分數":40.7,"破碎化等級":"中","判定原因":"面積減少0.0%；斑塊增加0.0%；平均斑塊縮小0.0%；道路密度5.54 km/km²；孤立比例0.0%；距大型綠地0m","2021面積_ha":25.56,"2022面積_ha":25.56,"2023面積_ha":25.56}},{"type":"Feature","geometry":{"type":"Polygon","coordinates":[[[121.53292525552115,24.522547625939904],[121.53296336403461,24.531576186203097],[121.54283271154698,24.531540992932474],[121.5427938974286,24.522512447294254],[121.53292525552115,24.522547625939904]]]},"properties":{"grid_id":"G024_022","綠地類型":"河川沿岸自然地表","中心經度":121.537879,"中心緯度":24.527044,"分析面積_km2":1.04,"2020面積_ha":52.83,"2024面積_ha":49.59,"面積減少率_pct":6.13,"2020斑塊數":1,"2024斑塊數":1,"斑塊數增加率_pct":0.0,"2020平均斑塊面積_ha":2919.15,"2024平均斑塊面積_ha":3064.86,"平均斑塊面積下降率_pct":0.0,"道路切割密度_km_per_km2":0.0,"建成區邊界切割密度_km_per_km2":0.0,"孤立小斑塊比例_pct":0.0,"距大型連續綠地平均距離_m":0.0,"score_面積減少":86.29764065335753,"score_斑塊增加":44.260435571687836,"score_平均斑塊縮小":28.153357531760438,"score_道路建成區切割":25.941470054446462,"score_孤立比例":40.58529945553539,"score_距大型綠地":38.40744101633394,"綜合破碎化分數":43.9,"破碎化等級":"中","判定原因":"面積減少6.1%；斑塊增加0.0%；平均斑塊縮小0.0%；道路密度0.00 km/km²；孤立比例0.0%；距大型綠地0m","2021面積_ha":54.9,"2022面積_ha":48.15,"2023面積_ha":51.03}},{"type":"Feature","geometry":{"type":"Polygon","coordinates":[[[121.5427938974286,24.522512447294254],[121.54283271154698,24.531540992932474],[121.55270204010156,24.531505154004442],[121.55266252038423,24.5224766232595],[121.5427938974286,24.522512447294254]]]},"properties":{"grid_id":"G024_023","綠地類型":"河川沿岸自然地表","中心經度":121.547748,"中心緯度":24.527009,"分析面積_km2":1.04,"2020面積_ha":2.34,"2024面積_ha":2.25,"面積減少率_pct":3.85,"2020斑塊數":2,"2024斑塊數":2,"斑塊數增加率_pct":0.0,"2020平均斑塊面積_ha":1543.95,"2024平均斑塊面積_ha":1613.295,"平均斑塊面積下降率_pct":0.0,"道路切割密度_km_per_km2":0.0,"建成區邊界切割密度_km_per_km2":0.0,"孤立小斑塊比例_pct":0.0,"距大型連續綠地平均距離_m":0.0,"score_面積減少":83.46188747731398,"score_斑塊增加":44.260435571687836,"score_平均斑塊縮小":28.153357531760438,"score_道路建成區切割":25.941470054446462,"score_孤立比例":40.58529945553539,"score_距大型綠地":38.40744101633394,"綜合破碎化分數":43.5,"破碎化等級":"中","判定原因":"面積減少3.9%；斑塊增加0.0%；平均斑塊縮小0.0%；道路密度0.00 km/km²；孤立比例0.0%；距大型綠地0m","2021面積_ha":2.34,"2022面積_ha":1.71,"2023面積_ha":2.25}},{"type":"Feature","geometry":{"type":"Polygon","coordinates":[[[121.56253112404357,24.522440153840588],[121.56257134935376,24.53146866942395],[121.57244063895898,24.531431539196035],[121.5723997080621,24.52240303904255],[121.56253112404357,24.522440153840588]]]},"properties":{"grid_id":"G024_025","綠地類型":"河川沿岸自然地表","中心經度":121.567486,"中心緯度":24.526936,"分析面積_km2":1.04,"2020面積_ha":41.31,"2024面積_ha":41.31,"面積減少率_pct":0.0,"2020斑塊數":1,"2024斑塊數":1,"斑塊數增加率_pct":0.0,"2020平均斑塊面積_ha":168.75,"2024平均斑塊面積_ha":161.73,"平均斑塊面積下降率_pct":4.16,"道路切割密度_km_per_km2":0.894,"建成區邊界切割密度_km_per_km2":0.0,"孤立小斑塊比例_pct":0.0,"距大型連續綠地平均距離_m":0.0,"score_面積減少":36.206896551724135,"score_斑塊增加":44.260435571687836,"score_平均斑塊縮小":73.88838475499092,"score_道路建成區切割":39.008620689655174,"score_孤立比例":40.58529945553539,"score_距大型綠地":38.40744101633394,"綜合破碎化分數":45.4,"破碎化等級":"中","判定原因":"面積減少0.0%；斑塊增加0.0%；平均斑塊縮小4.2%；道路密度0.89 km/km²；孤立比例0.0%；距大型綠地0m","2021面積_ha":41.31,"2022面積_ha":41.31,"2023面積_ha":41.31}},{"type":"Feature","geometry":{"type":"Polygon","coordinates":[[[121.60200533882778,24.52228782242533],[121.60204838644663,24.531316274679433],[121.61191759401787,24.53127656191395],[121.61187384083811,24.52224812616288],[121.60200533882778,24.52228782242533]]]},"properties":{"grid_id":"G024_029","綠地類型":"河川沿岸自然地表","中心經度":121.606961,"中心緯度":24.526782,"分析面積_km2":1.04,"2020面積_ha":59.85,"2024面積_ha":59.85,"面積減少率_pct":0.0,"2020斑塊數":1,"2024斑塊數":1,"斑塊數增加率_pct":0.0,"2020平均斑塊面積_ha":755.55,"2024平均斑塊面積_ha":1303.2,"平均斑塊面積下降率_pct":0.0,"道路切割密度_km_per_km2":2.97,"建成區邊界切割密度_km_per_km2":0.0,"孤立小斑塊比例_pct":0.0,"距大型連續綠地平均距離_m":0.0,"score_面積減少":36.206896551724135,"score_斑塊增加":44.260435571687836,"score_平均斑塊縮小":28.153357531760438,"score_道路建成區切割":50.63520871143376,"score_孤立比例":40.58529945553539,"score_距大型綠地":38.40744101633394,"綜合破碎化分數":39.7,"破碎化等級":"中","判定原因":"面積減少0.0%；斑塊增加0.0%；平均斑塊縮小0.0%；道路密度2.97 km/km²；孤立比例0.0%；距大型綠地0m","2021面積_ha":59.85,"2022面積_ha":59.85,"2023面積_ha":59.85}},{"type":"Feature","geometry":{"type":"Polygon","coordinates":[[[121.72042587719419,24.52176887527106],[121.72047739107651,24.53079711178261],[121.73034631946646,24.53074965195332],[121.73029410011101,24.52172143516402],[121.72042587719419,24.52176887527106]]]},"properties":{"grid_id":"G024_041","綠地類型":"河川沿岸自然地表","中心經度":121.725386,"中心緯度":24.526259,"分析面積_km2":1.04,"2020面積_ha":51.75,"2024面積_ha":51.57,"面積減少率_pct":0.35,"2020斑塊數":1,"2024斑塊數":1,"斑塊數增加率_pct":0.0,"2020平均斑塊面積_ha":3955.86,"2024平均斑塊面積_ha":4238.28,"平均斑塊面積下降率_pct":0.0,"道路切割密度_km_per_km2":0.0,"建成區邊界切割密度_km_per_km2":0.0,"孤立小斑塊比例_pct":0.0,"距大型連續綠地平均距離_m":0.0,"score_面積減少":74.2967332123412,"score_斑塊增加":44.260435571687836,"score_平均斑塊縮小":28.153357531760438,"score_道路建成區切割":25.941470054446462,"score_孤立比例":40.58529945553539,"score_距大型綠地":38.40744101633394,"綜合破碎化分數":41.9,"破碎化等級":"中","判定原因":"面積減少0.3%；斑塊增加0.0%；平均斑塊縮小0.0%；道路密度0.00 km/km²；孤立比例0.0%；距大型綠地0m","2021面積_ha":52.38,"2022面積_ha":51.57,"2023面積_ha":51.93}},{"type":"Feature","geometry":{"type":"Polygon","coordinates":[[[121.81910691768405,24.52126543741741],[121.81916548592365,24.53029346463577],[121.82903414376385,24.530239549633826],[121.8289748701362,24.52121154482003],[121.81910691768405,24.52126543741741]]]},"properties":{"grid_id":"G024_051","綠地類型":"河川沿岸自然地表","中心經度":121.82407,"中心緯度":24.525753,"分析面積_km2":1.04,"2020面積_ha":17.55,"2024面積_ha":20.52,"面積減少率_pct":0.0,"2020斑塊數":2,"2024斑塊數":1,"斑塊數增加率_pct":0.0,"2020平均斑塊面積_ha":197.37,"2024平均斑塊面積_ha":396.72,"平均斑塊面積下降率_pct":0.0,"道路切割密度_km_per_km2":3.374,"建成區邊界切割密度_km_per_km2":1.125,"孤立小斑塊比例_pct":0.0,"距大型連續綠地平均距離_m":0.0,"score_面積減少":36.206896551724135,"score_斑塊增加":44.260435571687836,"score_平均斑塊縮小":28.153357531760438,"score_道路建成區切割":77.25725952813067,"score_孤立比例":40.58529945553539,"score_距大型綠地":38.40744101633394,"綜合破碎化分數":44.1,"破碎化等級":"中","判定原因":"面積減少0.0%；斑塊增加0.0%；平均斑塊縮小0.0%；道路密度3.37 km/km²；孤立比例0.0%；距大型綠地0m","2021面積_ha":18.54,"2022面積_ha":22.5,"2023面積_ha":20.43}},{"type":"Feature","geometry":{"type":"Polygon","coordinates":[[[121.83884279364773,24.52115700701304],[121.83890277265435,24.53018498915406],[121.8487713722507,24.53012978320401],[121.8487168322848,24.52201612345022],[121.84757789999999,24.521928700000004],[121.8460138,24.5219257],[121.8449472,24.521680800000002],[121.84415700000001,24.5215197],[121.8429094,24.5211408],[121.84290157533165,24.521134387720604],[121.83884279364773,24.52115700701304]]]},"properties":{"grid_id":"G024_053","綠地類型":"河川沿岸自然地表","中心經度":121.84381,"中心緯度":24.526101,"分析面積_km2":0.996,"2020面積_ha":0.99,"2024面積_ha":0.99,"面積減少率_pct":0.0,"2020斑塊數":1,"2024斑塊數":1,"斑塊數增加率_pct":0.0,"2020平均斑塊面積_ha":52.29,"2024平均斑塊面積_ha":52.29,"平均斑塊面積下降率_pct":0.0,"道路切割密度_km_per_km2":3.553,"建成區邊界切割密度_km_per_km2":0.0,"孤立小斑塊比例_pct":0.0,"距大型連續綠地平均距離_m":0.0,"score_面積減少":36.206896551724135,"score_斑塊增加":44.260435571687836,"score_平均斑塊縮小":28.153357531760438,"score_道路建成區切割":52.76769509981851,"score_孤立比例":40.58529945553539,"score_距大型綠地":38.40744101633394,"綜合破碎化分數":40.1,"破碎化等級":"中","判定原因":"面積減少0.0%；斑塊增加0.0%；平均斑塊縮小0.0%；道路密度3.55 km/km²；孤立比例0.0%；距大型綠地0m","2021面積_ha":0.99,"2022面積_ha":0.99,"2023面積_ha":0.99}},{"type":"Feature","geometry":{"type":"Polygon","coordinates":[[[121.8487713722507,24.53012978320401],[121.85863994220843,24.530073931791286],[121.8586135876214,24.526198784220558],[121.85849189999999,24.526108],[121.8579189,24.525727400000005],[121.85744099999998,24.525428299999998],[121.85720330000001,24.5250908],[121.8566538,24.524893799999997],[121.85622019999998,24.5247835],[121.8558806,24.524567599999997],[121.8554918,24.524410099999994],[121.8551543,24.524277999999995],[121.8543178,24.524038599999994],[121.8540379,24.5237786],[121.85347789999999,24.5235185],[121.8531033,24.5234831],[121.852638,24.523258599999995],[121.852078,24.522998599999998],[121.85094800000002,24.5229886],[121.8506679,24.522728699999995],[121.8501079,24.5225987],[121.84985900000001,24.5223014],[121.84960039999999,24.522191900000003],[121.84920379999998,24.522053499999995],[121.8487168322848,24.52201612345022],[121.8487713722507,24.53012978320401]]]},"properties":{"grid_id":"G024_054","綠地類型":"河川沿岸自然地表","中心經度":121.853474,"中心緯度":24.525945,"分析面積_km2":0.717,"2020面積_ha":31.32,"2024面積_ha":31.32,"面積減少率_pct":0.0,"2020斑塊數":2,"2024斑塊數":2,"斑塊數增加率_pct":0.0,"2020平均斑塊面積_ha":41.49,"2024平均斑塊面積_ha":41.355,"平均斑塊面積下降率_pct":0.33,"道路切割密度_km_per_km2":2.802,"建成區邊界切割密度_km_per_km2":0.0,"孤立小斑塊比例_pct":0.0,"距大型連續綠地平均距離_m":0.0,"score_面積減少":36.206896551724135,"score_斑塊增加":44.260435571687836,"score_平均斑塊縮小":65.92558983666062,"score_道路建成區切割":50.15880217785844,"score_孤立比例":40.58529945553539,"score_距大型綠地":38.40744101633394,"綜合破碎化分數":45.9,"破碎化等級":"中","判定原因":"面積減少0.0%；斑塊增加0.0%；平均斑塊縮小0.3%；道路密度2.80 km/km²；孤立比例0.0%；距大型綠地0m","2021面積_ha":31.41,"2022面積_ha":31.32,"2023面積_ha":31.23}},{"type":"Feature","geometry":{"type":"Polygon","coordinates":[[[121.45400794281078,24.53183448813741],[121.45404042213947,24.540863144895855],[121.46391061490083,24.540833104571625],[121.46387742957879,24.531804460293383],[121.45400794281078,24.53183448813741]]]},"properties":{"grid_id":"G025_014","綠地類型":"河川沿岸自然地表","中心經度":121.458959,"中心緯度":24.536334,"分析面積_km2":1.04,"2020面積_ha":30.51,"2024面積_ha":32.04,"面積減少率_pct":0.0,"2020斑塊數":1,"2024斑塊數":1,"斑塊數增加率_pct":0.0,"2020平均斑塊面積_ha":34.02,"2024平均斑塊面積_ha":35.55,"平均斑塊面積下降率_pct":0.0,"道路切割密度_km_per_km2":2.393,"建成區邊界切割密度_km_per_km2":0.115,"孤立小斑塊比例_pct":0.0,"距大型連續綠地平均距離_m":0.0,"score_面積減少":36.206896551724135,"score_斑塊增加":44.260435571687836,"score_平均斑塊縮小":28.153357531760438,"score_道路建成區切割":67.71778584392014,"score_孤立比例":40.58529945553539,"score_距大型綠地":38.40744101633394,"綜合破碎化分數":42.6,"破碎化等級":"中","判定原因":"面積減少0.0%；斑塊增加0.0%；平均斑塊縮小0.0%；道路密度2.39 km/km²；孤立比例0.0%；距大型綠地0m","2021面積_ha":31.68,"2022面積_ha":31.95,"2023面積_ha":32.13}},{"type":"Feature","geometry":{"type":"Polygon","coordinates":[[[121.46387742957879,24.531804460293383],[121.46391061490083,24.540833104571625],[121.47378079145636,24.540802418285267],[121.47374690014607,24.531773786755597],[121.46387742957879,24.531804460293383]]]},"properties":{"grid_id":"G025_015","綠地類型":"河川沿岸自然地表","中心經度":121.468829,"中心緯度":24.536304,"分析面積_km2":1.04,"2020面積_ha":13.32,"2024面積_ha":13.32,"面積減少率_pct":0.0,"2020斑塊數":2,"2024斑塊數":2,"斑塊數增加率_pct":0.0,"2020平均斑塊面積_ha":591.345,"2024平均斑塊面積_ha":991.71,"平均斑塊面積下降率_pct":0.0,"道路切割密度_km_per_km2":2.941,"建成區邊界切割密度_km_per_km2":0.0,"孤立小斑塊比例_pct":0.0,"距大型連續綠地平均距離_m":0.0,"score_面積減少":36.206896551724135,"score_斑塊增加":44.260435571687836,"score_平均斑塊縮小":28.153357531760438,"score_道路建成區切割":50.555807622504545,"score_孤立比例":40.58529945553539,"score_距大型綠地":38.40744101633394,"綜合破碎化分數":39.7,"破碎化等級":"中","判定原因":"面積減少0.0%；斑塊增加0.0%；平均斑塊縮小0.0%；道路密度2.94 km/km²；孤立比例0.0%；距大型綠地0m","2021面積_ha":13.32,"2022面積_ha":13.32,"2023面積_ha":13.32}},{"type":"Feature","geometry":{"type":"Polygon","coordinates":[[[121.50335521119709,24.531677892022422],[121.50339122044045,24.54070648369627],[121.51326132872518,24.540673213604673],[121.51322461351505,24.531644635752794],[121.50335521119709,24.531677892022422]]]},"properties":{"grid_id":"G025_019","綠地類型":"河川沿岸自然地表","中心經度":121.508308,"中心緯度":24.536176,"分析面積_km2":1.04,"2020面積_ha":57.06,"2024面積_ha":57.06,"面積減少率_pct":0.0,"2020斑塊數":1,"2024斑塊數":1,"斑塊數增加率_pct":0.0,"2020平均斑塊面積_ha":1647.72,"2024平均斑塊面積_ha":1644.21,"平均斑塊面積下降率_pct":0.21,"道路切割密度_km_per_km2":1.355,"建成區邊界切割密度_km_per_km2":0.0,"孤立小斑塊比例_pct":0.0,"距大型連續綠地平均距離_m":0.0,"score_面積減少":36.206896551724135,"score_斑塊增加":44.260435571687836,"score_平均斑塊縮小":62.545372050816695,"score_道路建成區切割":41.22050816696915,"score_孤立比例":40.58529945553539,"score_距大型綠地":38.40744101633394,"綜合破碎化分數":43.9,"破碎化等級":"中","判定原因":"面積減少0.0%；斑塊增加0.0%；平均斑塊縮小0.2%；道路密度1.35 km/km²；孤立比例0.0%；距大型綠地0m","2021面積_ha":57.06,"2022面積_ha":56.97,"2023面積_ha":57.06}},{"type":"Feature","geometry":{"type":"Polygon","coordinates":[[[121.51322461351505,24.531644635752794],[121.51326132872518,24.540673213604673],[121.52313141908036,24.540639297573016],[121.5230939979091,24.531610733811462],[121.51322461351505,24.531644635752794]]]},"properties":{"grid_id":"G025_020","綠地類型":"河川沿岸自然地表","中心經度":121.518178,"中心緯度":24.536142,"分析面積_km2":1.04,"2020面積_ha":27.09,"2024面積_ha":27.09,"面積減少率_pct":0.0,"2020斑塊數":3,"2024斑塊數":3,"斑塊數增加率_pct":0.0,"2020平均斑塊面積_ha":1534.5,"2024平均斑塊面積_ha":1581.72,"平均斑塊面積下降率_pct":0.0,"道路切割密度_km_per_km2":4.412,"建成區邊界切割密度_km_per_km2":0.0,"孤立小斑塊比例_pct":0.0,"距大型連續綠地平均距離_m":0.0,"score_面積減少":36.206896551724135,"score_斑塊增加":44.260435571687836,"score_平均斑塊縮小":28.153357531760438,"score_道路建成區切割":54.854809437386564,"score_孤立比例":40.58529945553539,"score_距大型綠地":38.40744101633394,"綜合破碎化分數":40.4,"破碎化等級":"中","判定原因":"面積減少0.0%；斑塊增加0.0%；平均斑塊縮小0.0%；道路密度4.41 km/km²；孤立比例0.0%；距大型綠地0m","2021面積_ha":27.09,"2022面積_ha":27.09,"2023面積_ha":27.09}},{"type":"Feature","geometry":{"type":"Polygon","coordinates":[[[121.56257134935376,24.53146866942395],[121.56261159431098,24.540497174140796],[121.57248158984748,24.540460028480858],[121.57244063895898,24.531431539196035],[121.56257134935376,24.53146866942395]]]},"properties":{"grid_id":"G025_025","綠地類型":"河川沿岸自然地表","中心經度":121.567526,"中心緯度":24.535964,"分析面積_km2":1.04,"2020面積_ha":18.18,"2024面積_ha":18.36,"面積減少率_pct":0.0,"2020斑塊數":2,"2024斑塊數":2,"斑塊數增加率_pct":0.0,"2020平均斑塊面積_ha":169.425,"2024平均斑塊面積_ha":168.57,"平均斑塊面積下降率_pct":0.5,"道路切割密度_km_per_km2":0.202,"建成區邊界切割密度_km_per_km2":0.0,"孤立小斑塊比例_pct":0.0,"距大型連續綠地平均距離_m":0.0,"score_面積減少":36.206896551724135,"score_斑塊增加":44.260435571687836,"score_平均斑塊縮小":67.17332123411978,"score_道路建成區切割":34.9931941923775,"score_孤立比例":40.58529945553539,"score_距大型綠地":38.40744101633394,"綜合破碎化分數":43.6,"破碎化等級":"中","判定原因":"面積減少0.0%；斑塊增加0.0%；平均斑塊縮小0.5%；道路密度0.20 km/km²；孤立比例0.0%；距大型綠地0m","2021面積_ha":18.27,"2022面積_ha":17.64,"2023面積_ha":18.27}},{"type":"Feature","geometry":{"type":"Polygon","coordinates":[[[121.57244063895898,24.531431539196035],[121.57248158984748,24.540460028480858],[121.58235156538612,24.540422236910295],[121.58230990857261,24.53139376332582],[121.57244063895898,24.531431539196035]]]},"properties":{"grid_id":"G025_026","綠地類型":"河川沿岸自然地表","中心經度":121.577396,"中心緯度":24.535927,"分析面積_km2":1.04,"2020面積_ha":42.75,"2024面積_ha":42.57,"面積減少率_pct":0.42,"2020斑塊數":1,"2024斑塊數":1,"斑塊數增加率_pct":0.0,"2020平均斑塊面積_ha":2584.17,"2024平均斑塊面積_ha":6380.64,"平均斑塊面積下降率_pct":0.0,"道路切割密度_km_per_km2":1.615,"建成區邊界切割密度_km_per_km2":0.0,"孤立小斑塊比例_pct":0.0,"距大型連續綠地平均距離_m":0.0,"score_面積減少":74.68239564428312,"score_斑塊增加":44.260435571687836,"score_平均斑塊縮小":28.153357531760438,"score_道路建成區切割":43.579854809437386,"score_孤立比例":40.58529945553539,"score_距大型綠地":38.40744101633394,"綜合破碎化分數":44.9,"破碎化等級":"中","判定原因":"面積減少0.4%；斑塊增加0.0%；平均斑塊縮小0.0%；道路密度1.61 km/km²；孤立比例0.0%；距大型綠地0m","2021面積_ha":43.2,"2022面積_ha":43.2,"2023面積_ha":43.2}},{"type":"Feature","geometry":{"type":"Polygon","coordinates":[[[121.59217915785003,24.531355341818514],[121.59222152058214,24.54038379943431],[121.60209145509086,24.54034471605821],[121.60204838644663,24.531316274679433],[121.59217915785003,24.531355341818514]]]},"properties":{"grid_id":"G025_028","綠地類型":"河川沿岸自然地表","中心經度":121.597135,"中心緯度":24.53585,"分析面積_km2":1.04,"2020面積_ha":50.31,"2024面積_ha":50.22,"面積減少率_pct":0.18,"2020斑塊數":2,"2024斑塊數":2,"斑塊數增加率_pct":0.0,"2020平均斑塊面積_ha":1669.86,"2024平均斑塊面積_ha":3841.92,"平均斑塊面積下降率_pct":0.0,"道路切割密度_km_per_km2":3.489,"建成區邊界切割密度_km_per_km2":0.0,"孤立小斑塊比例_pct":0.0,"距大型連續綠地平均距離_m":0.0,"score_面積減少":72.66333938294011,"score_斑塊增加":44.260435571687836,"score_平均斑塊縮小":28.153357531760438,"score_道路建成區切割":52.5975499092559,"score_孤立比例":40.58529945553539,"score_距大型綠地":38.40744101633394,"綜合破碎化分數":46.1,"破碎化等級":"中","判定原因":"面積減少0.2%；斑塊增加0.0%；平均斑塊縮小0.0%；道路密度3.49 km/km²；孤立比例0.0%；距大型綠地0m","2021面積_ha":50.31,"2022面積_ha":50.31,"2023面積_ha":50.31}},{"type":"Feature","geometry":{"type":"Polygon","coordinates":[[[121.71060843752642,24.53084392605715],[121.71065927074332,24.539872171120102],[121.72052893011896,24.539825337388862],[121.72047739107651,24.53079711178261],[121.71060843752642,24.53084392605715]]]},"properties":{"grid_id":"G025_040","綠地類型":"河川沿岸自然地表","中心經度":121.715569,"中心緯度":24.535335,"分析面積_km2":1.04,"2020面積_ha":45.36,"2024面積_ha":45.0,"面積減少率_pct":0.79,"2020斑塊數":1,"2024斑塊數":1,"斑塊數增加率_pct":0.0,"2020平均斑塊面積_ha":3955.86,"2024平均斑塊面積_ha":4238.28,"平均斑塊面積下降率_pct":0.0,"道路切割密度_km_per_km2":0.0,"建成區邊界切割密度_km_per_km2":0.0,"孤立小斑塊比例_pct":0.0,"距大型連續綠地平均距離_m":0.0,"score_面積減少":76.65607985480943,"score_斑塊增加":44.260435571687836,"score_平均斑塊縮小":28.153357531760438,"score_道路建成區切割":25.941470054446462,"score_孤立比例":40.58529945553539,"score_距大型綠地":38.40744101633394,"綜合破碎化分數":42.3,"破碎化等級":"中","判定原因":"面積減少0.8%；斑塊增加0.0%；平均斑塊縮小0.0%；道路密度0.00 km/km²；孤立比例0.0%；距大型綠地0m","2021面積_ha":45.54,"2022面積_ha":44.64,"2023面積_ha":45.36}},{"type":"Feature","geometry":{"type":"Polygon","coordinates":[[[121.80929679947826,24.530346734152452],[121.80935469058154,24.539374772575858],[121.81922408276849,24.539321480919757],[121.81916548592365,24.53029346463577],[121.80929679947826,24.530346734152452]]]},"properties":{"grid_id":"G025_050","綠地類型":"河川沿岸自然地表","中心經度":121.81426,"中心緯度":24.534834,"分析面積_km2":1.04,"2020面積_ha":30.87,"2024面積_ha":30.69,"面積減少率_pct":0.58,"2020斑塊數":1,"2024斑塊數":1,"斑塊數增加率_pct":0.0,"2020平均斑塊面積_ha":391.14,"2024平均斑塊面積_ha":396.72,"平均斑塊面積下降率_pct":0.0,"道路切割密度_km_per_km2":5.075,"建成區邊界切割密度_km_per_km2":0.0,"孤立小斑塊比例_pct":0.0,"距大型連續綠地平均距離_m":0.0,"score_面積減少":75.72595281306715,"score_斑塊增加":44.260435571687836,"score_平均斑塊縮小":28.153357531760438,"score_道路建成區切割":56.10254083484574,"score_孤立比例":40.58529945553539,"score_距大型綠地":38.40744101633394,"綜合破碎化分數":47.2,"破碎化等級":"中","判定原因":"面積減少0.6%；斑塊增加0.0%；平均斑塊縮小0.0%；道路密度5.08 km/km²；孤立比例0.0%；距大型綠地0m","2021面積_ha":29.88,"2022面積_ha":30.96,"2023面積_ha":29.07}},{"type":"Feature","geometry":{"type":"Polygon","coordinates":[[[121.82903414376385,24.530239549633826],[121.82909344634119,24.53926754351014],[121.8389627809551,24.53921296035445],[121.83890277265435,24.53018498915406],[121.82903414376385,24.530239549633826]]]},"properties":{"grid_id":"G025_052","綠地類型":"河川沿岸自然地表","中心經度":121.833998,"中心緯度":24.534726,"分析面積_km2":1.04,"2020面積_ha":45.27,"2024面積_ha":45.45,"面積減少率_pct":0.0,"2020斑塊數":1,"2024斑塊數":1,"斑塊數增加率_pct":0.0,"2020平均斑塊面積_ha":183.06,"2024平均斑塊面積_ha":185.4,"平均斑塊面積下降率_pct":0.0,"道路切割密度_km_per_km2":7.526,"建成區邊界切割密度_km_per_km2":0.836,"孤立小斑塊比例_pct":0.0,"距大型連續綠地平均距離_m":0.0,"score_面積減少":36.206896551724135,"score_斑塊增加":44.260435571687836,"score_平均斑塊縮小":28.153357531760438,"score_道路建成區切割":83.94963702359347,"score_孤立比例":40.58529945553539,"score_距大型綠地":38.40744101633394,"綜合破碎化分數":45.3,"破碎化等級":"中","判定原因":"面積減少0.0%；斑塊增加0.0%；平均斑塊縮小0.0%；道路密度7.53 km/km²；孤立比例0.0%；距大型綠地0m","2021面積_ha":45.36,"2022面積_ha":44.91,"2023面積_ha":44.37}},{"type":"Feature","geometry":{"type":"Polygon","coordinates":[[[121.85863994220843,24.530073931791286],[121.85870136192825,24.539101856835092],[121.86857060759833,24.53904533648676],[121.86850848218306,24.53001743492359],[121.85863994220843,24.530073931791286]]]},"properties":{"grid_id":"G025_055","綠地類型":"河川沿岸自然地表","中心經度":121.863605,"中心緯度":24.53456,"分析面積_km2":1.04,"2020面積_ha":33.12,"2024面積_ha":33.12,"面積減少率_pct":0.0,"2020斑塊數":2,"2024斑塊數":2,"斑塊數增加率_pct":0.0,"2020平均斑塊面積_ha":32.985,"2024平均斑塊面積_ha":32.895,"平均斑塊面積下降率_pct":0.27,"道路切割密度_km_per_km2":3.028,"建成區邊界切割密度_km_per_km2":0.0,"孤立小斑塊比例_pct":0.0,"距大型連續綠地平均距離_m":0.0,"score_面積減少":36.206896551724135,"score_斑塊增加":44.260435571687836,"score_平均斑塊縮小":65.58529945553539,"score_道路建成區切割":50.850725952813065,"score_孤立比例":40.58529945553539,"score_距大型綠地":38.40744101633394,"綜合破碎化分數":46.0,"破碎化等級":"中","判定原因":"面積減少0.0%；斑塊增加0.0%；平均斑塊縮小0.3%；道路密度3.03 km/km²；孤立比例0.0%；距大型綠地0m","2021面積_ha":33.12,"2022面積_ha":33.12,"2023面積_ha":33.12}},{"type":"Feature","geometry":{"type":"Polygon","coordinates":[[[121.40471819073841,24.550032361236987],[121.40468922731182,24.541003656943182],[121.39681421048547,24.541024584391632],[121.3968722,24.5413839],[121.39716979999999,24.542299299999993],[121.39756849999999,24.5432886],[121.39826489999999,24.5454704],[121.3986599,24.5471901],[121.3987357,24.547930000000004],[121.3987219,24.547999900000004],[121.39875719999999,24.548188499999995],[121.398344,24.548958299999995],[121.398058,24.549670099999997],[121.39767589352954,24.55005110167443],[121.40471819073841,24.550032361236987]]]},"properties":{"grid_id":"G026_008","綠地類型":"河川沿岸自然地表","中心經度":121.401584,"中心緯度":24.546322,"分析面積_km2":0.694,"2020面積_ha":10.89,"2024面積_ha":10.89,"面積減少率_pct":0.0,"2020斑塊數":1,"2024斑塊數":1,"斑塊數增加率_pct":0.0,"2020平均斑塊面積_ha":333.27,"2024平均斑塊面積_ha":333.18,"平均斑塊面積下降率_pct":0.03,"道路切割密度_km_per_km2":3.026,"建成區邊界切割密度_km_per_km2":0.0,"孤立小斑塊比例_pct":0.0,"距大型連續綠地平均距離_m":0.0,"score_面積減少":36.206896551724135,"score_斑塊增加":44.260435571687836,"score_平均斑塊縮小":56.6923774954628,"score_道路建成區切割":50.81669691470054,"score_孤立比例":40.58529945553539,"score_距大型綠地":38.40744101633394,"綜合破碎化分數":44.5,"破碎化等級":"中","判定原因":"面積減少0.0%；斑塊增加0.0%；平均斑塊縮小0.0%；道路密度3.03 km/km²；孤立比例0.0%；距大型綠地0m","2021面積_ha":10.89,"2022面積_ha":10.89,"2023面積_ha":10.89}},{"type":"Feature","geometry":{"type":"Polygon","coordinates":[[[121.41455949593093,24.540976846489976],[121.4145891657195,24.550005539643845],[121.42446012621402,24.54997807180033],[121.42442975006803,24.540949390054802],[121.41455949593093,24.540976846489976]]]},"properties":{"grid_id":"G026_010","綠地類型":"河川沿岸自然地表","中心經度":121.41951,"中心緯度":24.545478,"分析面積_km2":1.04,"2020面積_ha":7.65,"2024面積_ha":7.65,"面積減少率_pct":0.0,"2020斑塊數":1,"2024斑塊數":1,"斑塊數增加率_pct":0.0,"2020平均斑塊面積_ha":333.27,"2024平均斑塊面積_ha":333.18,"平均斑塊面積下降率_pct":0.03,"道路切割密度_km_per_km2":0.087,"建成區邊界切割密度_km_per_km2":0.0,"孤立小斑塊比例_pct":0.0,"距大型連續綠地平均距離_m":0.0,"score_面積減少":36.206896551724135,"score_斑塊增加":44.260435571687836,"score_平均斑塊縮小":56.6923774954628,"score_道路建成區切割":34.30127041742287,"score_孤立比例":40.58529945553539,"score_距大型綠地":38.40744101633394,"綜合破碎化分數":41.7,"破碎化等級":"中","判定原因":"面積減少0.0%；斑塊增加0.0%；平均斑塊縮小0.0%；道路密度0.09 km/km²；孤立比例0.0%；距大型綠地0m","2021面積_ha":7.65,"2022面積_ha":7.65,"2023面積_ha":7.65}},{"type":"Feature","geometry":{"type":"Polygon","coordinates":[[[121.42442975006803,24.540949390054802],[121.42446012621402,24.54997807180033],[121.43433107187705,24.54994995771024],[121.43429998937833,24.540921287641456],[121.42442975006803,24.540949390054802]]]},"properties":{"grid_id":"G026_011","綠地類型":"河川沿岸自然地表","中心經度":121.42938,"中心緯度":24.54545,"分析面積_km2":1.04,"2020面積_ha":48.69,"2024面積_ha":48.69,"面積減少率_pct":0.0,"2020斑塊數":1,"2024斑塊數":1,"斑塊數增加率_pct":0.0,"2020平均斑塊面積_ha":333.27,"2024平均斑塊面積_ha":333.18,"平均斑塊面積下降率_pct":0.03,"道路切割密度_km_per_km2":1.586,"建成區邊界切割密度_km_per_km2":0.0,"孤立小斑塊比例_pct":0.0,"距大型連續綠地平均距離_m":0.0,"score_面積減少":36.206896551724135,"score_斑塊增加":44.260435571687836,"score_平均斑塊縮小":56.6923774954628,"score_道路建成區切割":43.30762250453721,"score_孤立比例":40.58529945553539,"score_距大型綠地":38.40744101633394,"綜合破碎化分數":43.2,"破碎化等級":"中","判定原因":"面積減少0.0%；斑塊增加0.0%；平均斑塊縮小0.0%；道路密度1.59 km/km²；孤立比例0.0%；距大型綠地0m","2021面積_ha":48.69,"2022面積_ha":48.69,"2023面積_ha":48.69}},{"type":"Feature","geometry":{"type":"Polygon","coordinates":[[[121.43429998937833,24.540921287641456],[121.43433107187705,24.54994995771024],[121.44420200236377,24.549921197377458],[121.44417021351708,24.540892539253818],[121.43429998937833,24.540921287641456]]]},"properties":{"grid_id":"G026_012","綠地類型":"河川沿岸自然地表","中心經度":121.439251,"中心緯度":24.545421,"分析面積_km2":1.04,"2020面積_ha":36.36,"2024面積_ha":36.36,"面積減少率_pct":0.0,"2020斑塊數":1,"2024斑塊數":1,"斑塊數增加率_pct":0.0,"2020平均斑塊面積_ha":333.27,"2024平均斑塊面積_ha":333.18,"平均斑塊面積下降率_pct":0.03,"道路切割密度_km_per_km2":1.672,"建成區邊界切割密度_km_per_km2":0.0,"孤立小斑塊比例_pct":0.0,"距大型連續綠地平均距離_m":0.0,"score_面積減少":36.206896551724135,"score_斑塊增加":44.260435571687836,"score_平均斑塊縮小":56.6923774954628,"score_道路建成區切割":44.21506352087114,"score_孤立比例":40.58529945553539,"score_距大型綠地":38.40744101633394,"綜合破碎化分數":43.4,"破碎化等級":"中","判定原因":"面積減少0.0%；斑塊增加0.0%；平均斑塊縮小0.0%；道路密度1.67 km/km²；孤立比例0.0%；距大型綠地0m","2021面積_ha":36.36,"2022面積_ha":36.36,"2023面積_ha":36.36}},{"type":"Feature","geometry":{"type":"Polygon","coordinates":[[[121.46391061490083,24.540833104571625],[121.46394381642871,24.549861737999773],[121.47381469931723,24.549831038963084],[121.47378079145636,24.540802418285267],[121.46391061490083,24.540833104571625]]]},"properties":{"grid_id":"G026_015","綠地類型":"河川沿岸自然地表","中心經度":121.468862,"中心緯度":24.545332,"分析面積_km2":1.04,"2020面積_ha":36.18,"2024面積_ha":36.18,"面積減少率_pct":0.0,"2020斑塊數":1,"2024斑塊數":1,"斑塊數增加率_pct":0.0,"2020平均斑塊面積_ha":1148.67,"2024平均斑塊面積_ha":1947.87,"平均斑塊面積下降率_pct":0.0,"道路切割密度_km_per_km2":5.133,"建成區邊界切割密度_km_per_km2":0.0,"孤立小斑塊比例_pct":0.0,"距大型連續綠地平均距離_m":0.0,"score_面積減少":36.206896551724135,"score_斑塊增加":44.260435571687836,"score_平均斑塊縮小":28.153357531760438,"score_道路建成區切割":56.18194192377496,"score_孤立比例":40.58529945553539,"score_距大型綠地":38.40744101633394,"綜合破碎化分數":40.6,"破碎化等級":"中","判定原因":"面積減少0.0%；斑塊增加0.0%；平均斑塊縮小0.0%；道路密度5.13 km/km²；孤立比例0.0%；距大型綠地0m","2021面積_ha":36.18,"2022面積_ha":36.18,"2023面積_ha":36.18}},{"type":"Feature","geometry":{"type":"Polygon","coordinates":[[[121.4935210945709,24.540739107843226],[121.49355641508204,24.549767702215185],[121.50342724726862,24.549735064512724],[121.50339122044045,24.54070648369627],[121.4935210945709,24.540739107843226]]]},"properties":{"grid_id":"G026_018","綠地類型":"河川沿岸自然地表","中心經度":121.498474,"中心緯度":24.545237,"分析面積_km2":1.04,"2020面積_ha":23.58,"2024面積_ha":27.0,"面積減少率_pct":0.0,"2020斑塊數":1,"2024斑塊數":1,"斑塊數增加率_pct":0.0,"2020平均斑塊面積_ha":1647.72,"2024平均斑塊面積_ha":1644.21,"平均斑塊面積下降率_pct":0.21,"道路切割密度_km_per_km2":1.471,"建成區邊界切割密度_km_per_km2":0.0,"孤立小斑塊比例_pct":0.0,"距大型連續綠地平均距離_m":0.0,"score_面積減少":36.206896551724135,"score_斑塊增加":44.260435571687836,"score_平均斑塊縮小":62.545372050816695,"score_道路建成區切割":42.30943738656987,"score_孤立比例":40.58529945553539,"score_距大型綠地":38.40744101633394,"綜合破碎化分數":44.1,"破碎化等級":"中","判定原因":"面積減少0.0%；斑塊增加0.0%；平均斑塊縮小0.2%；道路密度1.47 km/km²；孤立比例0.0%；距大型綠地0m","2021面積_ha":29.16,"2022面積_ha":28.26,"2023面積_ha":27.9}},{"type":"Feature","geometry":{"type":"Polygon","coordinates":[[[121.59222152058214,24.54038379943431],[121.59226390400156,24.54941224617407],[121.6021345447671,24.549373146558704],[121.60209145509086,24.54034471605821],[121.59222152058214,24.54038379943431]]]},"properties":{"grid_id":"G026_028","綠地類型":"河川沿岸自然地表","中心經度":121.597178,"中心緯度":24.544879,"分析面積_km2":1.04,"2020面積_ha":51.39,"2024面積_ha":50.76,"面積減少率_pct":1.23,"2020斑塊數":1,"2024斑塊數":1,"斑塊數增加率_pct":0.0,"2020平均斑塊面積_ha":2584.17,"2024平均斑塊面積_ha":6380.64,"平均斑塊面積下降率_pct":0.0,"道路切割密度_km_per_km2":0.807,"建成區邊界切割密度_km_per_km2":0.0,"孤立小斑塊比例_pct":0.0,"距大型連續綠地平均距離_m":0.0,"score_面積減少":78.24410163339383,"score_斑塊增加":44.260435571687836,"score_平均斑塊縮小":28.153357531760438,"score_道路建成區切割":38.56624319419238,"score_孤立比例":40.58529945553539,"score_距大型綠地":38.40744101633394,"綜合破碎化分數":44.7,"破碎化等級":"中","判定原因":"面積減少1.2%；斑塊增加0.0%；平均斑塊縮小0.0%；道路密度0.81 km/km²；孤立比例0.0%；距大型綠地0m","2021面積_ha":51.57,"2022面積_ha":51.39,"2023面積_ha":51.48}},{"type":"Feature","geometry":{"type":"Polygon","coordinates":[[[121.60209145509086,24.54034471605821],[121.6021345447671,24.549373146558704],[121.612005164494,24.54933340078027],[121.61196136856758,24.540304986787394],[121.60209145509086,24.54034471605821]]]},"properties":{"grid_id":"G026_029","綠地類型":"河川沿岸自然地表","中心經度":121.607048,"中心緯度":24.544839,"分析面積_km2":1.04,"2020面積_ha":42.12,"2024面積_ha":41.94,"面積減少率_pct":0.43,"2020斑塊數":2,"2024斑塊數":2,"斑塊數增加率_pct":0.0,"2020平均斑塊面積_ha":1669.86,"2024平均斑塊面積_ha":3841.92,"平均斑塊面積下降率_pct":0.0,"道路切割密度_km_per_km2":3.749,"建成區邊界切割密度_km_per_km2":0.0,"孤立小斑塊比例_pct":0.0,"距大型連續綠地平均距離_m":0.0,"score_面積減少":74.79582577132487,"score_斑塊增加":44.260435571687836,"score_平均斑塊縮小":28.153357531760438,"score_道路建成區切割":53.300816696914694,"score_孤立比例":40.58529945553539,"score_距大型綠地":38.40744101633394,"綜合破碎化分數":46.6,"破碎化等級":"中","判定原因":"面積減少0.4%；斑塊增加0.0%；平均斑塊縮小0.0%；道路密度3.75 km/km²；孤立比例0.0%；距大型綠地0m","2021面積_ha":42.12,"2022面積_ha":42.12,"2023面積_ha":42.12}},{"type":"Feature","geometry":{"type":"Polygon","coordinates":[[[121.72052893011896,24.539825337388862],[121.72058049432948,24.548853552086843],[121.73045083469938,24.548806052804835],[121.73039856432656,24.53977785783459],[121.72052893011896,24.539825337388862]]]},"properties":{"grid_id":"G026_041","綠地類型":"河川沿岸自然地表","中心經度":121.72549,"中心緯度":24.544316,"分析面積_km2":1.04,"2020面積_ha":46.35,"2024面積_ha":46.26,"面積減少率_pct":0.19,"2020斑塊數":1,"2024斑塊數":1,"斑塊數增加率_pct":0.0,"2020平均斑塊面積_ha":3955.86,"2024平均斑塊面積_ha":4238.28,"平均斑塊面積下降率_pct":0.0,"道路切割密度_km_per_km2":0.548,"建成區邊界切割密度_km_per_km2":0.0,"孤立小斑塊比例_pct":0.0,"距大型連續綠地平均距離_m":0.0,"score_面積減少":72.82214156079854,"score_斑塊增加":44.260435571687836,"score_平均斑塊縮小":28.153357531760438,"score_道路建成區切割":36.94419237749546,"score_孤立比例":40.58529945553539,"score_距大型綠地":38.40744101633394,"綜合破碎化分數":43.5,"破碎化等級":"中","判定原因":"面積減少0.2%；斑塊增加0.0%；平均斑塊縮小0.0%；道路密度0.55 km/km²；孤立比例0.0%；距大型綠地0m","2021面積_ha":46.89,"2022面積_ha":45.63,"2023面積_ha":46.26}},{"type":"Feature","geometry":{"type":"Polygon","coordinates":[[[121.73039856432656,24.53977785783459],[121.73045083469938,24.548806052804835],[121.74032114954855,24.548757907438016],[121.74026817302146,24.539729732463822],[121.73039856432656,24.53977785783459]]]},"properties":{"grid_id":"G026_042","綠地類型":"河川沿岸自然地表","中心經度":121.73536,"中心緯度":24.544268,"分析面積_km2":1.04,"2020面積_ha":22.95,"2024面積_ha":22.95,"面積減少率_pct":0.0,"2020斑塊數":1,"2024斑塊數":1,"斑塊數增加率_pct":0.0,"2020平均斑塊面積_ha":3955.86,"2024平均斑塊面積_ha":4238.28,"平均斑塊面積下降率_pct":0.0,"道路切割密度_km_per_km2":5.392,"建成區邊界切割密度_km_per_km2":0.0,"孤立小斑塊比例_pct":0.0,"距大型連續綠地平均距離_m":0.0,"score_面積減少":36.206896551724135,"score_斑塊增加":44.260435571687836,"score_平均斑塊縮小":28.153357531760438,"score_道路建成區切割":56.56760435571688,"score_孤立比例":40.58529945553539,"score_距大型綠地":38.40744101633394,"綜合破碎化分數":40.7,"破碎化等級":"中","判定原因":"面積減少0.0%；斑塊增加0.0%；平均斑塊縮小0.0%；道路密度5.39 km/km²；孤立比例0.0%；距大型綠地0m","2021面積_ha":22.95,"2022面積_ha":22.95,"2023面積_ha":22.95}},{"type":"Feature","geometry":{"type":"Polygon","coordinates":[[[121.74026817302146,24.539729732463822],[121.74032114954855,24.548757907438016],[121.75019143853221,24.54870911599303],[121.75013775585904,24.53968096128321],[121.74026817302146,24.539729732463822]]]},"properties":{"grid_id":"G026_043","綠地類型":"河川沿岸自然地表","中心經度":121.74523,"中心緯度":24.54422,"分析面積_km2":1.04,"2020面積_ha":32.94,"2024面積_ha":32.94,"面積減少率_pct":0.0,"2020斑塊數":1,"2024斑塊數":1,"斑塊數增加率_pct":0.0,"2020平均斑塊面積_ha":3955.86,"2024平均斑塊面積_ha":4238.28,"平均斑塊面積下降率_pct":0.0,"道路切割密度_km_per_km2":3.374,"建成區邊界切割密度_km_per_km2":0.0,"孤立小斑塊比例_pct":0.0,"距大型連續綠地平均距離_m":0.0,"score_面積減少":36.206896551724135,"score_斑塊增加":44.260435571687836,"score_平均斑塊縮小":28.153357531760438,"score_道路建成區切割":52.26860254083485,"score_孤立比例":40.58529945553539,"score_距大型綠地":38.40744101633394,"綜合破碎化分數":40.0,"破碎化等級":"中","判定原因":"面積減少0.0%；斑塊增加0.0%；平均斑塊縮小0.0%；道路密度3.37 km/km²；孤立比例0.0%；距大型綠地0m","2021面積_ha":32.94,"2022面積_ha":32.94,"2023面積_ha":32.94}},{"type":"Feature","geometry":{"type":"Polygon","coordinates":[[[121.75013775585904,24.53968096128321],[121.75019143853221,24.54870911599303],[121.76006170130569,24.548659678476618],[121.76000731249462,24.539631544299482],[121.75013775585904,24.53968096128321]]]},"properties":{"grid_id":"G026_044","綠地類型":"河川沿岸自然地表","中心經度":121.7551,"中心緯度":24.54417,"分析面積_km2":1.04,"2020面積_ha":6.66,"2024面積_ha":6.66,"面積減少率_pct":0.0,"2020斑塊數":2,"2024斑塊數":2,"斑塊數增加率_pct":0.0,"2020平均斑塊面積_ha":2772.855,"2024平均斑塊面積_ha":2903.265,"平均斑塊面積下降率_pct":0.0,"道路切割密度_km_per_km2":3.403,"建成區邊界切割密度_km_per_km2":0.0,"孤立小斑塊比例_pct":0.0,"距大型連續綠地平均距離_m":0.0,"score_面積減少":36.206896551724135,"score_斑塊增加":44.260435571687836,"score_平均斑塊縮小":28.153357531760438,"score_道路建成區切割":52.38203266787659,"score_孤立比例":40.58529945553539,"score_距大型綠地":38.40744101633394,"綜合破碎化分數":40.0,"破碎化等級":"中","判定原因":"面積減少0.0%；斑塊增加0.0%；平均斑塊縮小0.0%；道路密度3.40 km/km²；孤立比例0.0%；距大型綠地0m","2021面積_ha":6.66,"2022面積_ha":6.66,"2023面積_ha":6.66}},{"type":"Feature","geometry":{"type":"Polygon","coordinates":[[[121.82909344634119,24.53926754351014],[121.82915277787733,24.54829552644596],[121.83902281855923,24.548240920611196],[121.8389627809551,24.53921296035445],[121.82909344634119,24.53926754351014]]]},"properties":{"grid_id":"G026_052","綠地類型":"河川沿岸自然地表","中心經度":121.834058,"中心緯度":24.543754,"分析面積_km2":1.04,"2020面積_ha":41.85,"2024面積_ha":41.85,"面積減少率_pct":0.0,"2020斑塊數":1,"2024斑塊數":1,"斑塊數增加率_pct":0.0,"2020平均斑塊面積_ha":183.06,"2024平均斑塊面積_ha":185.4,"平均斑塊面積下降率_pct":0.0,"道路切割密度_km_per_km2":3.979,"建成區邊界切割密度_km_per_km2":0.0,"孤立小斑塊比例_pct":0.0,"距大型連續綠地平均距離_m":0.0,"score_面積減少":36.206896551724135,"score_斑塊增加":44.260435571687836,"score_平均斑塊縮小":28.153357531760438,"score_道路建成區切割":53.98139745916515,"score_孤立比例":40.58529945553539,"score_距大型綠地":38.40744101633394,"綜合破碎化分數":40.3,"破碎化等級":"中","判定原因":"面積減少0.0%；斑塊增加0.0%；平均斑塊縮小0.0%；道路密度3.98 km/km²；孤立比例0.0%；距大型綠地0m","2021面積_ha":41.85,"2022面積_ha":41.85,"2023面積_ha":41.85}},{"type":"Feature","geometry":{"type":"Polygon","coordinates":[[[121.84883208626565,24.53915773146023],[121.84889282992854,24.54818566876962],[121.85876281164057,24.54812977092885],[121.85870136192825,24.539101856835092],[121.84883208626565,24.53915773146023]]]},"properties":{"grid_id":"G026_054","綠地類型":"河川沿岸自然地表","中心經度":121.853797,"中心緯度":24.543644,"分析面積_km2":1.04,"2020面積_ha":1.17,"2024面積_ha":1.17,"面積減少率_pct":0.0,"2020斑塊數":1,"2024斑塊數":1,"斑塊數增加率_pct":0.0,"2020平均斑塊面積_ha":236.43,"2024平均斑塊面積_ha":179.37,"平均斑塊面積下降率_pct":24.13,"道路切割密度_km_per_km2":0.0,"建成區邊界切割密度_km_per_km2":0.0,"孤立小斑塊比例_pct":0.0,"距大型連續綠地平均距離_m":0.0,"score_面積減少":36.206896551724135,"score_斑塊增加":44.260435571687836,"score_平均斑塊縮小":83.87023593466425,"score_道路建成區切割":25.941470054446462,"score_孤立比例":40.58529945553539,"score_距大型綠地":38.40744101633394,"綜合破碎化分數":44.9,"破碎化等級":"中","判定原因":"面積減少0.0%；斑塊增加0.0%；平均斑塊縮小24.1%；道路密度0.00 km/km²；孤立比例0.0%；距大型綠地0m","2021面積_ha":1.17,"2022面積_ha":1.17,"2023面積_ha":1.17}},{"type":"Feature","geometry":{"type":"Polygon","coordinates":[[[121.86857060759833,24.53904533648676],[121.86863276335069,24.548073227096598],[121.87227648269278,24.548052189337696],[121.8722853,24.5480217],[121.8723901,24.547682800000004],[121.8728179,24.5472085],[121.87382010000002,24.54581629999999],[121.8738806,24.5454053],[121.873408,24.5441286],[121.8731279,24.543858499999992],[121.87284800000002,24.543358600000005],[121.87231460000001,24.5418207],[121.8722176,24.539469099999994],[121.87240131571306,24.53902322433589],[121.86857060759833,24.53904533648676]]]},"properties":{"grid_id":"G026_056","綠地類型":"河川沿岸自然地表","中心經度":121.870795,"中心緯度":24.543621,"分析面積_km2":0.456,"2020面積_ha":14.67,"2024面積_ha":14.85,"面積減少率_pct":0.0,"2020斑塊數":2,"2024斑塊數":2,"斑塊數增加率_pct":0.0,"2020平均斑塊面積_ha":130.995,"2024平均斑塊面積_ha":131.67,"平均斑塊面積下降率_pct":0.0,"道路切割密度_km_per_km2":5.588,"建成區邊界切割密度_km_per_km2":0.0,"孤立小斑塊比例_pct":0.0,"距大型連續綠地平均距離_m":0.0,"score_面積減少":36.206896551724135,"score_斑塊增加":44.260435571687836,"score_平均斑塊縮小":28.153357531760438,"score_道路建成區切割":56.98729582577133,"score_孤立比例":40.58529945553539,"score_距大型綠地":38.40744101633394,"綜合破碎化分數":40.8,"破碎化等級":"中","判定原因":"面積減少0.0%；斑塊增加0.0%；平均斑塊縮小0.0%；道路密度5.59 km/km²；孤立比例0.0%；距大型綠地0m","2021面積_ha":14.76,"2022面積_ha":14.58,"2023面積_ha":14.31}},{"type":"Feature","geometry":{"type":"Polygon","coordinates":[[[121.40474716830671,24.559061054687604],[121.40471819073841,24.550032361236987],[121.39767589352954,24.55005110167443],[121.3973671,24.550358999999997],[121.3971468,24.550626600000005],[121.3969185,24.550945999999993],[121.39653220000001,24.551398499999994],[121.3962579,24.5519062],[121.3955129,24.552824799999993],[121.39543419999998,24.552980199999997],[121.39533090000002,24.553339800000003],[121.39523200000001,24.554168099999995],[121.3951693,24.554361099999994],[121.39486273507094,24.5550199154947],[121.39486606411505,24.556083037179224],[121.3949542,24.55619039999999],[121.396191,24.557357999999997],[121.3964327,24.557619699999993],[121.3965287,24.5577236],[121.3973044,24.5588984],[121.39739204234687,24.55908062670963],[121.40474716830671,24.559061054687604]]]},"properties":{"grid_id":"G027_008","綠地類型":"河川沿岸自然地表","中心經度":121.399875,"中心緯度":24.554678,"分析面積_km2":0.908,"2020面積_ha":2.25,"2024面積_ha":2.25,"面積減少率_pct":0.0,"2020斑塊數":1,"2024斑塊數":1,"斑塊數增加率_pct":0.0,"2020平均斑塊面積_ha":333.27,"2024平均斑塊面積_ha":333.18,"平均斑塊面積下降率_pct":0.03,"道路切割密度_km_per_km2":1.817,"建成區邊界切割密度_km_per_km2":0.0,"孤立小斑塊比例_pct":0.0,"距大型連續綠地平均距離_m":0.0,"score_面積減少":36.206896551724135,"score_斑塊增加":44.260435571687836,"score_平均斑塊縮小":56.6923774954628,"score_道路建成區切割":45.30399274047187,"score_孤立比例":40.58529945553539,"score_距大型綠地":38.40744101633394,"綜合破碎化分數":43.6,"破碎化等級":"中","判定原因":"面積減少0.0%；斑塊增加0.0%；平均斑塊縮小0.0%；道路密度1.82 km/km²；孤立比例0.0%；距大型綠地0m","2021面積_ha":2.25,"2022面積_ha":2.25,"2023面積_ha":2.25}},{"type":"Feature","geometry":{"type":"Polygon","coordinates":[[[121.40471819073841,24.550032361236987],[121.40474716830671,24.559061054687604],[121.41461884999465,24.559034221952974],[121.4145891657195,24.550005539643845],[121.40471819073841,24.550032361236987]]]},"properties":{"grid_id":"G027_009","綠地類型":"河川沿岸自然地表","中心經度":121.409668,"中心緯度":24.554533,"分析面積_km2":1.04,"2020面積_ha":47.61,"2024面積_ha":47.61,"面積減少率_pct":0.0,"2020斑塊數":1,"2024斑塊數":1,"斑塊數增加率_pct":0.0,"2020平均斑塊面積_ha":333.27,"2024平均斑塊面積_ha":333.18,"平均斑塊面積下降率_pct":0.03,"道路切割密度_km_per_km2":0.0,"建成區邊界切割密度_km_per_km2":0.0,"孤立小斑塊比例_pct":0.0,"距大型連續綠地平均距離_m":0.0,"score_面積減少":36.206896551724135,"score_斑塊增加":44.260435571687836,"score_平均斑塊縮小":56.6923774954628,"score_道路建成區切割":25.941470054446462,"score_孤立比例":40.58529945553539,"score_距大型綠地":38.40744101633394,"綜合破碎化分數":40.3,"破碎化等級":"中","判定原因":"面積減少0.0%；斑塊增加0.0%；平均斑塊縮小0.0%；道路密度0.00 km/km²；孤立比例0.0%；距大型綠地0m","2021面積_ha":47.61,"2022面積_ha":47.61,"2023面積_ha":47.61}},{"type":"Feature","geometry":{"type":"Polygon","coordinates":[[[121.4145891657195,24.550005539643845],[121.41461884999465,24.559034221952974],[121.42449051719144,24.559006742699534],[121.42446012621402,24.54997807180033],[121.4145891657195,24.550005539643845]]]},"properties":{"grid_id":"G027_010","綠地類型":"河川沿岸自然地表","中心經度":121.41954,"中心緯度":24.554506,"分析面積_km2":1.04,"2020面積_ha":54.81,"2024面積_ha":54.81,"面積減少率_pct":0.0,"2020斑塊數":1,"2024斑塊數":1,"斑塊數增加率_pct":0.0,"2020平均斑塊面積_ha":333.27,"2024平均斑塊面積_ha":333.18,"平均斑塊面積下降率_pct":0.03,"道路切割密度_km_per_km2":0.346,"建成區邊界切割密度_km_per_km2":0.0,"孤立小斑塊比例_pct":0.0,"距大型連續綠地平均距離_m":0.0,"score_面積減少":36.206896551724135,"score_斑塊增加":44.260435571687836,"score_平均斑塊縮小":56.6923774954628,"score_道路建成區切割":35.85526315789474,"score_孤立比例":40.58529945553539,"score_距大型綠地":38.40744101633394,"綜合破碎化分數":42.0,"破碎化等級":"中","判定原因":"面積減少0.0%；斑塊增加0.0%；平均斑塊縮小0.0%；道路密度0.35 km/km²；孤立比例0.0%；距大型綠地0m","2021面積_ha":54.81,"2022面積_ha":54.81,"2023面積_ha":54.81}},{"type":"Feature","geometry":{"type":"Polygon","coordinates":[[[121.42446012621402,24.54997807180033],[121.42449051719144,24.559006742699534],[121.43436216955212,24.558978616931082],[121.43433107187705,24.54994995771024],[121.42446012621402,24.54997807180033]]]},"properties":{"grid_id":"G027_011","綠地類型":"河川沿岸自然地表","中心經度":121.429411,"中心緯度":24.554478,"分析面積_km2":1.04,"2020面積_ha":22.05,"2024面積_ha":22.05,"面積減少率_pct":0.0,"2020斑塊數":1,"2024斑塊數":1,"斑塊數增加率_pct":0.0,"2020平均斑塊面積_ha":333.27,"2024平均斑塊面積_ha":333.18,"平均斑塊面積下降率_pct":0.03,"道路切割密度_km_per_km2":2.018,"建成區邊界切割密度_km_per_km2":0.0,"孤立小斑塊比例_pct":0.0,"距大型連續綠地平均距離_m":0.0,"score_面積減少":36.206896551724135,"score_斑塊增加":44.260435571687836,"score_平均斑塊縮小":56.6923774954628,"score_道路建成區切割":46.472323049001815,"score_孤立比例":40.58529945553539,"score_距大型綠地":38.40744101633394,"綜合破碎化分數":43.8,"破碎化等級":"中","判定原因":"面積減少0.0%；斑塊增加0.0%；平均斑塊縮小0.0%；道路密度2.02 km/km²；孤立比例0.0%；距大型綠地0m","2021面積_ha":22.05,"2022面積_ha":22.05,"2023面積_ha":22.05}},{"type":"Feature","geometry":{"type":"Polygon","coordinates":[[[121.43433107187705,24.54994995771024],[121.43436216955212,24.558978616931082],[121.44423380673166,24.55894984465149],[121.44420200236377,24.549921197377458],[121.43433107187705,24.54994995771024]]]},"properties":{"grid_id":"G027_012","綠地類型":"河川沿岸自然地表","中心經度":121.439282,"中心緯度":24.55445,"分析面積_km2":1.04,"2020面積_ha":33.48,"2024面積_ha":33.48,"面積減少率_pct":0.0,"2020斑塊數":1,"2024斑塊數":1,"斑塊數增加率_pct":0.0,"2020平均斑塊面積_ha":333.27,"2024平均斑塊面積_ha":333.18,"平均斑塊面積下降率_pct":0.03,"道路切割密度_km_per_km2":0.0,"建成區邊界切割密度_km_per_km2":0.0,"孤立小斑塊比例_pct":0.0,"距大型連續綠地平均距離_m":0.0,"score_面積減少":36.206896551724135,"score_斑塊增加":44.260435571687836,"score_平均斑塊縮小":56.6923774954628,"score_道路建成區切割":25.941470054446462,"score_孤立比例":40.58529945553539,"score_距大型綠地":38.40744101633394,"綜合破碎化分數":40.3,"破碎化等級":"中","判定原因":"面積減少0.0%；斑塊增加0.0%；平均斑塊縮小0.0%；道路密度0.00 km/km²；孤立比例0.0%；距大型綠地0m","2021面積_ha":33.48,"2022面積_ha":33.48,"2023面積_ha":33.48}},{"type":"Feature","geometry":{"type":"Polygon","coordinates":[[[121.44420200236377,24.549921197377458],[121.44423380673166,24.55894984465149],[121.45410542838515,24.55892042586474],[121.45407291732927,24.549891790805955],[121.44420200236377,24.549921197377458]]]},"properties":{"grid_id":"G027_013","綠地類型":"河川沿岸自然地表","中心經度":121.449154,"中心緯度":24.554421,"分析面積_km2":1.04,"2020面積_ha":0.45,"2024面積_ha":0.45,"面積減少率_pct":0.0,"2020斑塊數":1,"2024斑塊數":1,"斑塊數增加率_pct":0.0,"2020平均斑塊面積_ha":5.58,"2024平均斑塊面積_ha":6.03,"平均斑塊面積下降率_pct":0.0,"道路切割密度_km_per_km2":0.029,"建成區邊界切割密度_km_per_km2":0.0,"孤立小斑塊比例_pct":0.0,"距大型連續綠地平均距離_m":378.7,"score_面積減少":36.206896551724135,"score_斑塊增加":44.260435571687836,"score_平均斑塊縮小":28.153357531760438,"score_道路建成區切割":33.82486388384755,"score_孤立比例":40.58529945553539,"score_距大型綠地":96.50635208711434,"綜合破碎化分數":46.6,"破碎化等級":"中","判定原因":"面積減少0.0%；斑塊增加0.0%；平均斑塊縮小0.0%；道路密度0.03 km/km²；孤立比例0.0%；距大型綠地379m","2021面積_ha":0.45,"2022面積_ha":0.45,"2023面積_ha":0.45}},{"type":"Feature","geometry":{"type":"Polygon","coordinates":[[[121.47381469931723,24.549831038963084],[121.4738486237339,24.55885964878609],[121.48372019673927,24.558828290502575],[121.48368556564996,24.549799693700113],[121.47381469931723,24.549831038963084]]]},"properties":{"grid_id":"G027_016","綠地類型":"河川沿岸自然地表","中心經度":121.478767,"中心緯度":24.55433,"分析面積_km2":1.04,"2020面積_ha":48.51,"2024面積_ha":49.23,"面積減少率_pct":0.0,"2020斑塊數":1,"2024斑塊數":1,"斑塊數增加率_pct":0.0,"2020平均斑塊面積_ha":1148.67,"2024平均斑塊面積_ha":1947.87,"平均斑塊面積下降率_pct":0.0,"道路切割密度_km_per_km2":3.287,"建成區邊界切割密度_km_per_km2":0.115,"孤立小斑塊比例_pct":0.0,"距大型連續綠地平均距離_m":0.0,"score_面積減少":36.206896551724135,"score_斑塊增加":44.260435571687836,"score_平均斑塊縮小":28.153357531760438,"score_道路建成區切割":71.20009074410163,"score_孤立比例":40.58529945553539,"score_距大型綠地":38.40744101633394,"綜合破碎化分數":43.1,"破碎化等級":"中","判定原因":"面積減少0.0%；斑塊增加0.0%；平均斑塊縮小0.0%；道路密度3.29 km/km²；孤立比例0.0%；距大型綠地0m","2021面積_ha":49.32,"2022面積_ha":49.32,"2023面積_ha":49.14}},{"type":"Feature","geometry":{"type":"Polygon","coordinates":[[[121.48368556564996,24.549799693700113],[121.48372019673927,24.558828290502575],[121.49359175283867,24.558796285728675],[121.49355641508204,24.549767702215185],[121.48368556564996,24.549799693700113]]]},"properties":{"grid_id":"G027_017","綠地類型":"河川沿岸自然地表","中心經度":121.488638,"中心緯度":24.554298,"分析面積_km2":1.04,"2020面積_ha":8.01,"2024面積_ha":8.01,"面積減少率_pct":0.0,"2020斑塊數":1,"2024斑塊數":1,"斑塊數增加率_pct":0.0,"2020平均斑塊面積_ha":1647.72,"2024平均斑塊面積_ha":1644.21,"平均斑塊面積下降率_pct":0.21,"道路切割密度_km_per_km2":1.557,"建成區邊界切割密度_km_per_km2":0.0,"孤立小斑塊比例_pct":0.0,"距大型連續綠地平均距離_m":0.0,"score_面積減少":36.206896551724135,"score_斑塊增加":44.260435571687836,"score_平均斑塊縮小":62.545372050816695,"score_道路建成區切割":43.06941923774955,"score_孤立比例":40.58529945553539,"score_距大型綠地":38.40744101633394,"綜合破碎化分數":44.2,"破碎化等級":"中","判定原因":"面積減少0.0%；斑塊增加0.0%；平均斑塊縮小0.2%；道路密度1.56 km/km²；孤立比例0.0%；距大型綠地0m","2021面積_ha":8.01,"2022面積_ha":8.01,"2023面積_ha":8.01}},{"type":"Feature","geometry":{"type":"Polygon","coordinates":[[[121.49355641508204,24.549767702215185],[121.49359175283867,24.558796285728675],[121.50346329168714,24.55876363446882],[121.50342724726862,24.549735064512724],[121.49355641508204,24.549767702215185]]]},"properties":{"grid_id":"G027_018","綠地類型":"河川沿岸自然地表","中心經度":121.49851,"中心緯度":24.554266,"分析面積_km2":1.04,"2020面積_ha":42.48,"2024面積_ha":42.93,"面積減少率_pct":0.0,"2020斑塊數":1,"2024斑塊數":1,"斑塊數增加率_pct":0.0,"2020平均斑塊面積_ha":1647.72,"2024平均斑塊面積_ha":1644.21,"平均斑塊面積下降率_pct":0.21,"道路切割密度_km_per_km2":0.836,"建成區邊界切割密度_km_per_km2":0.0,"孤立小斑塊比例_pct":0.0,"距大型連續綠地平均距離_m":0.0,"score_面積減少":36.206896551724135,"score_斑塊增加":44.260435571687836,"score_平均斑塊縮小":62.545372050816695,"score_道路建成區切割":38.77041742286751,"score_孤立比例":40.58529945553539,"score_距大型綠地":38.40744101633394,"綜合破碎化分數":43.5,"破碎化等級":"中","判定原因":"面積減少0.0%；斑塊增加0.0%；平均斑塊縮小0.2%；道路密度0.84 km/km²；孤立比例0.0%；距大型綠地0m","2021面積_ha":44.28,"2022面積_ha":43.56,"2023面積_ha":43.65}},{"type":"Feature","geometry":{"type":"Polygon","coordinates":[[[121.52316885852588,24.549667850473288],[121.52320631625146,24.558696392509326],[121.53307780127743,24.558661801818975],[121.53303963690689,24.549633274145602],[121.52316885852588,24.549667850473288]]]},"properties":{"grid_id":"G027_021","綠地類型":"河川沿岸自然地表","中心經度":121.528123,"中心緯度":24.554165,"分析面積_km2":1.04,"2020面積_ha":40.41,"2024面積_ha":40.41,"面積減少率_pct":0.0,"2020斑塊數":2,"2024斑塊數":2,"斑塊數增加率_pct":0.0,"2020平均斑塊面積_ha":75.645,"2024平均斑塊面積_ha":75.15,"平均斑塊面積下降率_pct":0.65,"道路切割密度_km_per_km2":0.0,"建成區邊界切割密度_km_per_km2":0.0,"孤立小斑塊比例_pct":0.0,"距大型連續綠地平均距離_m":0.0,"score_面積減少":36.206896551724135,"score_斑塊增加":44.260435571687836,"score_平均斑塊縮小":67.96733212341198,"score_道路建成區切割":25.941470054446462,"score_孤立比例":40.58529945553539,"score_距大型綠地":38.40744101633394,"綜合破碎化分數":42.2,"破碎化等級":"中","判定原因":"面積減少0.0%；斑塊增加0.0%；平均斑塊縮小0.7%；道路密度0.00 km/km²；孤立比例0.0%；距大型綠地0m","2021面積_ha":40.41,"2022面積_ha":40.41,"2023面積_ha":40.41}},{"type":"Feature","geometry":{"type":"Polygon","coordinates":[[[121.64161689399491,24.54921028652177],[121.64166283104889,24.558238638490955],[121.65153406974068,24.558196290532457],[121.65148742611929,24.549167956146757],[121.64161689399491,24.54921028652177]]]},"properties":{"grid_id":"G027_033","綠地類型":"河川沿岸自然地表","中心經度":121.646575,"中心緯度":24.553703,"分析面積_km2":1.04,"2020面積_ha":11.88,"2024面積_ha":11.88,"面積減少率_pct":0.0,"2020斑塊數":1,"2024斑塊數":1,"斑塊數增加率_pct":0.0,"2020平均斑塊面積_ha":755.55,"2024平均斑塊面積_ha":1303.2,"平均斑塊面積下降率_pct":0.0,"道路切割密度_km_per_km2":3.604,"建成區邊界切割密度_km_per_km2":0.0,"孤立小斑塊比例_pct":0.0,"距大型連續綠地平均距離_m":0.0,"score_面積減少":36.206896551724135,"score_斑塊增加":44.260435571687836,"score_平均斑塊縮小":28.153357531760438,"score_道路建成區切割":52.93784029038113,"score_孤立比例":40.58529945553539,"score_距大型綠地":38.40744101633394,"綜合破碎化分數":40.1,"破碎化等級":"中","判定原因":"面積減少0.0%；斑塊增加0.0%；平均斑塊縮小0.0%；道路密度3.60 km/km²；孤立比例0.0%；距大型綠地0m","2021面積_ha":11.88,"2022面積_ha":11.88,"2023面積_ha":11.88}},{"type":"Feature","geometry":{"type":"Polygon","coordinates":[[[121.65148742611929,24.549167956146757],[121.65153406974068,24.558196290532457],[121.66140528566271,24.55815329617082],[121.66135793548106,24.54912497963699],[121.65148742611929,24.549167956146757]]]},"properties":{"grid_id":"G027_034","綠地類型":"河川沿岸自然地表","中心經度":121.656446,"中心緯度":24.553661,"分析面積_km2":1.04,"2020面積_ha":23.4,"2024面積_ha":26.55,"面積減少率_pct":0.0,"2020斑塊數":3,"2024斑塊數":3,"斑塊數增加率_pct":0.0,"2020平均斑塊面積_ha":1331.94,"2024平均斑塊面積_ha":1852.38,"平均斑塊面積下降率_pct":0.0,"道路切割密度_km_per_km2":2.566,"建成區邊界切割密度_km_per_km2":0.0,"孤立小斑塊比例_pct":0.0,"距大型連續綠地平均距離_m":0.0,"score_面積減少":36.206896551724135,"score_斑塊增加":44.260435571687836,"score_平均斑塊縮小":28.153357531760438,"score_道路建成區切割":49.10390199637024,"score_孤立比例":40.58529945553539,"score_距大型綠地":38.40744101633394,"綜合破碎化分數":39.5,"破碎化等級":"中","判定原因":"面積減少0.0%；斑塊增加0.0%；平均斑塊縮小0.0%；道路密度2.57 km/km²；孤立比例0.0%；距大型綠地0m","2021面積_ha":29.07,"2022面積_ha":26.55,"2023面積_ha":25.83}},{"type":"Feature","geometry":{"type":"Polygon","coordinates":[[[121.75019143853221,24.54870911599303],[121.75024514741561,24.557737259783245],[121.76011611667168,24.55768780173129],[121.76006170130569,24.548659678476618],[121.75019143853221,24.54870911599303]]]},"properties":{"grid_id":"G027_044","綠地類型":"河川沿岸自然地表","中心經度":121.755154,"中心緯度":24.553199,"分析面積_km2":1.04,"2020面積_ha":19.53,"2024面積_ha":19.53,"面積減少率_pct":0.0,"2020斑塊數":2,"2024斑塊數":2,"斑塊數增加率_pct":0.0,"2020平均斑塊面積_ha":2772.855,"2024平均斑塊面積_ha":2903.265,"平均斑塊面積下降率_pct":0.0,"道路切割密度_km_per_km2":4.787,"建成區邊界切割密度_km_per_km2":0.0,"孤立小斑塊比例_pct":0.0,"距大型連續綠地平均距離_m":0.0,"score_面積減少":36.206896551724135,"score_斑塊增加":44.260435571687836,"score_平均斑塊縮小":28.153357531760438,"score_道路建成區切割":55.546733212341195,"score_孤立比例":40.58529945553539,"score_距大型綠地":38.40744101633394,"綜合破碎化分數":40.5,"破碎化等級":"中","判定原因":"面積減少0.0%；斑塊增加0.0%；平均斑塊縮小0.0%；道路密度4.79 km/km²；孤立比例0.0%；距大型綠地0m","2021面積_ha":19.53,"2022面積_ha":19.53,"2023面積_ha":19.08}},{"type":"Feature","geometry":{"type":"Polygon","coordinates":[[[121.7699319375242,24.548609594895595],[121.76998705936445,24.55763769734638],[121.77985797514908,24.55758694663542],[121.77980214684307,24.548558865256872],[121.7699319375242,24.548609594895595]]]},"properties":{"grid_id":"G027_046","綠地類型":"河川沿岸自然地表","中心經度":121.774895,"中心緯度":24.553098,"分析面積_km2":1.04,"2020面積_ha":9.18,"2024面積_ha":9.18,"面積減少率_pct":0.0,"2020斑塊數":1,"2024斑塊數":1,"斑塊數增加率_pct":0.0,"2020平均斑塊面積_ha":1589.85,"2024平均斑塊面積_ha":1568.25,"平均斑塊面積下降率_pct":1.36,"道路切割密度_km_per_km2":2.076,"建成區邊界切割密度_km_per_km2":0.0,"孤立小斑塊比例_pct":0.0,"距大型連續綠地平均距離_m":0.0,"score_面積減少":36.206896551724135,"score_斑塊增加":44.260435571687836,"score_平均斑塊縮小":69.73684210526315,"score_道路建成區切割":46.903357531760435,"score_孤立比例":40.58529945553539,"score_距大型綠地":38.40744101633394,"綜合破碎化分數":46.0,"破碎化等級":"中","判定原因":"面積減少0.0%；斑塊增加0.0%；平均斑塊縮小1.4%；道路密度2.08 km/km²；孤立比例0.0%；距大型綠地0m","2021面積_ha":9.18,"2022面積_ha":9.18,"2023面積_ha":9.18}},{"type":"Feature","geometry":{"type":"Polygon","coordinates":[[[121.77980214684307,24.548558865256872],[121.77985797514908,24.55758694663542],[121.78972886368075,24.557535549605426],[121.78967232891755,24.548507489567452],[121.77980214684307,24.548558865256872]]]},"properties":{"grid_id":"G027_047","綠地類型":"河川沿岸自然地表","中心經度":121.784765,"中心緯度":24.553047,"分析面積_km2":1.04,"2020面積_ha":42.75,"2024面積_ha":42.75,"面積減少率_pct":0.0,"2020斑塊數":1,"2024斑塊數":1,"斑塊數增加率_pct":0.0,"2020平均斑塊面積_ha":1589.85,"2024平均斑塊面積_ha":1568.25,"平均斑塊面積下降率_pct":1.36,"道路切割密度_km_per_km2":2.047,"建成區邊界切割密度_km_per_km2":0.0,"孤立小斑塊比例_pct":0.0,"距大型連續綠地平均距離_m":0.0,"score_面積減少":36.206896551724135,"score_斑塊增加":44.260435571687836,"score_平均斑塊縮小":69.73684210526315,"score_道路建成區切割":46.67649727767696,"score_孤立比例":40.58529945553539,"score_距大型綠地":38.40744101633394,"綜合破碎化分數":46.0,"破碎化等級":"中","判定原因":"面積減少0.0%；斑塊增加0.0%；平均斑塊縮小1.4%；道路密度2.05 km/km²；孤立比例0.0%；距大型綠地0m","2021面積_ha":42.75,"2022面積_ha":38.88,"2023面積_ha":36.09}},{"type":"Feature","geometry":{"type":"Polygon","coordinates":[[[121.79954248340292,24.54845546783443],[121.79959972461462,24.557483506263488],[121.80947055760589,24.557430816616797],[121.80941260995446,24.548402800064974],[121.79954248340292,24.54845546783443]]]},"properties":{"grid_id":"G027_049","綠地類型":"河川沿岸自然地表","中心經度":121.804506,"中心緯度":24.552943,"分析面積_km2":1.04,"2020面積_ha":16.47,"2024面積_ha":16.47,"面積減少率_pct":0.0,"2020斑塊數":2,"2024斑塊數":2,"斑塊數增加率_pct":0.0,"2020平均斑塊面積_ha":990.495,"2024平均斑塊面積_ha":982.485,"平均斑塊面積下降率_pct":0.81,"道路切割密度_km_per_km2":3.028,"建成區邊界切割密度_km_per_km2":0.0,"孤立小斑塊比例_pct":0.0,"距大型連續綠地平均距離_m":0.0,"score_面積減少":36.206896551724135,"score_斑塊增加":44.260435571687836,"score_平均斑塊縮小":68.3983666061706,"score_道路建成區切割":50.850725952813065,"score_孤立比例":40.58529945553539,"score_距大型綠地":38.40744101633394,"綜合破碎化分數":46.5,"破碎化等級":"中","判定原因":"面積減少0.0%；斑塊增加0.0%；平均斑塊縮小0.8%；道路密度3.03 km/km²；孤立比例0.0%；距大型綠地0m","2021面積_ha":16.47,"2022面積_ha":16.47,"2023面積_ha":16.47}},{"type":"Feature","geometry":{"type":"Polygon","coordinates":[[[121.80941260995446,24.548402800064974],[121.80947055760589,24.557430816616797],[121.81934136230976,24.557377480672606],[121.81928270822749,24.548349486266364],[121.80941260995446,24.548402800064974]]]},"properties":{"grid_id":"G027_050","綠地類型":"河川沿岸自然地表","中心經度":121.814377,"中心緯度":24.55289,"分析面積_km2":1.04,"2020面積_ha":13.95,"2024面積_ha":13.95,"面積減少率_pct":0.0,"2020斑塊數":3,"2024斑塊數":3,"斑塊數增加率_pct":0.0,"2020平均斑塊面積_ha":721.35,"2024平均斑塊面積_ha":716.79,"平均斑塊面積下降率_pct":0.63,"道路切割密度_km_per_km2":1.586,"建成區邊界切割密度_km_per_km2":0.0,"孤立小斑塊比例_pct":0.0,"距大型連續綠地平均距離_m":0.0,"score_面積減少":36.206896551724135,"score_斑塊增加":44.260435571687836,"score_平均斑塊縮小":67.85390199637024,"score_道路建成區切割":43.30762250453721,"score_孤立比例":40.58529945553539,"score_距大型綠地":38.40744101633394,"綜合破碎化分數":45.1,"破碎化等級":"中","判定原因":"面積減少0.0%；斑塊增加0.0%；平均斑塊縮小0.6%；道路密度1.59 km/km²；孤立比例0.0%；距大型綠地0m","2021面積_ha":13.95,"2022面積_ha":13.95,"2023面積_ha":13.95}},{"type":"Feature","geometry":{"type":"Polygon","coordinates":[[[121.84889282992854,24.54818566876962],[121.84895360324872,24.557213595129177],[121.85882429135488,24.557157674069543],[121.85876281164057,24.54812977092885],[121.84889282992854,24.54818566876962]]]},"properties":{"grid_id":"G027_054","綠地類型":"河川沿岸自然地表","中心經度":121.853858,"中心緯度":24.552672,"分析面積_km2":1.04,"2020面積_ha":6.93,"2024面積_ha":6.93,"面積減少率_pct":0.0,"2020斑塊數":2,"2024斑塊數":2,"斑塊數增加率_pct":0.0,"2020平均斑塊面積_ha":231.57,"2024平均斑塊面積_ha":203.67,"平均斑塊面積下降率_pct":12.05,"道路切割密度_km_per_km2":0.029,"建成區邊界切割密度_km_per_km2":0.0,"孤立小斑塊比例_pct":0.0,"距大型連續綠地平均距離_m":0.0,"score_面積減少":36.206896551724135,"score_斑塊增加":44.260435571687836,"score_平均斑塊縮小":76.99637023593466,"score_道路建成區切割":33.82486388384755,"score_孤立比例":40.58529945553539,"score_距大型綠地":38.40744101633394,"綜合破碎化分數":45.0,"破碎化等級":"中","判定原因":"面積減少0.0%；斑塊增加0.0%；平均斑塊縮小12.1%；道路密度0.03 km/km²；孤立比例0.0%；距大型綠地0m","2021面積_ha":6.93,"2022面積_ha":6.93,"2023面積_ha":6.93}},{"type":"Feature","geometry":{"type":"Polygon","coordinates":[[[121.85876281164057,24.54812977092885],[121.85882429135488,24.557157674069543],[121.86869494944965,24.55710110675012],[121.86863276335069,24.548073227096598],[121.85876281164057,24.54812977092885]]]},"properties":{"grid_id":"G027_055","綠地類型":"河川沿岸自然地表","中心經度":121.863729,"中心緯度":24.552616,"分析面積_km2":1.04,"2020面積_ha":48.33,"2024面積_ha":48.33,"面積減少率_pct":0.0,"2020斑塊數":2,"2024斑塊數":2,"斑塊數增加率_pct":0.0,"2020平均斑塊面積_ha":115.83,"2024平均斑塊面積_ha":116.46,"平均斑塊面積下降率_pct":0.0,"道路切割密度_km_per_km2":2.595,"建成區邊界切割密度_km_per_km2":0.0,"孤立小斑塊比例_pct":0.0,"距大型連續綠地平均距離_m":6.4,"score_面積減少":36.206896551724135,"score_斑塊增加":44.260435571687836,"score_平均斑塊縮小":28.153357531760438,"score_道路建成區切割":49.330762250453716,"score_孤立比例":40.58529945553539,"score_距大型綠地":83.41651542649727,"綜合破碎化分數":47.0,"破碎化等級":"中","判定原因":"面積減少0.0%；斑塊增加0.0%；平均斑塊縮小0.0%；道路密度2.60 km/km²；孤立比例0.0%；距大型綠地6m","2021面積_ha":48.33,"2022面積_ha":48.33,"2023面積_ha":48.33}},{"type":"Feature","geometry":{"type":"Polygon","coordinates":[[[121.40474716830671,24.559061054687604],[121.40477616002117,24.568089737292084],[121.41464854876097,24.568062893414417],[121.41461884999465,24.559034221952974],[121.40474716830671,24.559061054687604]]]},"properties":{"grid_id":"G028_009","綠地類型":"河川沿岸自然地表","中心經度":121.409698,"中心緯度":24.563562,"分析面積_km2":1.04,"2020面積_ha":24.93,"2024面積_ha":24.93,"面積減少率_pct":0.0,"2020斑塊數":1,"2024斑塊數":1,"斑塊數增加率_pct":0.0,"2020平均斑塊面積_ha":333.27,"2024平均斑塊面積_ha":333.18,"平均斑塊面積下降率_pct":0.03,"道路切割密度_km_per_km2":0.894,"建成區邊界切割密度_km_per_km2":0.0,"孤立小斑塊比例_pct":0.0,"距大型連續綠地平均距離_m":0.0,"score_面積減少":36.206896551724135,"score_斑塊增加":44.260435571687836,"score_平均斑塊縮小":56.6923774954628,"score_道路建成區切割":39.008620689655174,"score_孤立比例":40.58529945553539,"score_距大型綠地":38.40744101633394,"綜合破碎化分數":42.5,"破碎化等級":"中","判定原因":"面積減少0.0%；斑塊增加0.0%；平均斑塊縮小0.0%；道路密度0.89 km/km²；孤立比例0.0%；距大型綠地0m","2021面積_ha":24.93,"2022面積_ha":24.93,"2023面積_ha":24.93}},{"type":"Feature","geometry":{"type":"Polygon","coordinates":[[[121.41461884999465,24.559034221952974],[121.41464854876097,24.568062893414417],[121.42452092300502,24.568035402749462],[121.42449051719144,24.559006742699534],[121.41461884999465,24.559034221952974]]]},"properties":{"grid_id":"G028_010","綠地類型":"河川沿岸自然地表","中心經度":121.41957,"中心緯度":24.563535,"分析面積_km2":1.04,"2020面積_ha":3.87,"2024面積_ha":3.87,"面積減少率_pct":0.0,"2020斑塊數":1,"2024斑塊數":1,"斑塊數增加率_pct":0.0,"2020平均斑塊面積_ha":333.27,"2024平均斑塊面積_ha":333.18,"平均斑塊面積下降率_pct":0.03,"道路切割密度_km_per_km2":0.634,"建成區邊界切割密度_km_per_km2":0.0,"孤立小斑塊比例_pct":0.0,"距大型連續綠地平均距離_m":0.0,"score_面積減少":36.206896551724135,"score_斑塊增加":44.260435571687836,"score_平均斑塊縮小":56.6923774954628,"score_道路建成區切割":37.511343012704174,"score_孤立比例":40.58529945553539,"score_距大型綠地":38.40744101633394,"綜合破碎化分數":42.3,"破碎化等級":"中","判定原因":"面積減少0.0%；斑塊增加0.0%；平均斑塊縮小0.0%；道路密度0.63 km/km²；孤立比例0.0%；距大型綠地0m","2021面積_ha":3.87,"2022面積_ha":3.87,"2023面積_ha":3.87}},{"type":"Feature","geometry":{"type":"Polygon","coordinates":[[[121.42449051719144,24.559006742699534],[121.42452092300502,24.568035402749462],[121.4343932824083,24.568007265301024],[121.43436216955212,24.558978616931082],[121.42449051719144,24.559006742699534]]]},"properties":{"grid_id":"G028_011","綠地類型":"河川沿岸自然地表","中心經度":121.429442,"中心緯度":24.563507,"分析面積_km2":1.04,"2020面積_ha":9.45,"2024面積_ha":9.45,"面積減少率_pct":0.0,"2020斑塊數":1,"2024斑塊數":1,"斑塊數增加率_pct":0.0,"2020平均斑塊面積_ha":333.27,"2024平均斑塊面積_ha":333.18,"平均斑塊面積下降率_pct":0.03,"道路切割密度_km_per_km2":1.528,"建成區邊界切割密度_km_per_km2":0.0,"孤立小斑塊比例_pct":0.0,"距大型連續綠地平均距離_m":0.0,"score_面積減少":36.206896551724135,"score_斑塊增加":44.260435571687836,"score_平均斑塊縮小":56.6923774954628,"score_道路建成區切割":42.91061705989111,"score_孤立比例":40.58529945553539,"score_距大型綠地":38.40744101633394,"綜合破碎化分數":43.2,"破碎化等級":"中","判定原因":"面積減少0.0%；斑塊增加0.0%；平均斑塊縮小0.0%；道路密度1.53 km/km²；孤立比例0.0%；距大型綠地0m","2021面積_ha":9.45,"2022面積_ha":9.45,"2023面積_ha":9.45}},{"type":"Feature","geometry":{"type":"Polygon","coordinates":[[[121.45410542838515,24.55892042586474],[121.45413795531206,24.567949050069267],[121.4640102681224,24.567918972294],[121.46397703416753,24.558890360574885],[121.45410542838515,24.55892042586474]]]},"properties":{"grid_id":"G028_014","綠地類型":"河川沿岸自然地表","中心經度":121.459058,"中心緯度":24.56342,"分析面積_km2":1.04,"2020面積_ha":16.83,"2024面積_ha":15.3,"面積減少率_pct":9.09,"2020斑塊數":2,"2024斑塊數":2,"斑塊數增加率_pct":0.0,"2020平均斑塊面積_ha":719.775,"2024平均斑塊面積_ha":1119.915,"平均斑塊面積下降率_pct":0.0,"道路切割密度_km_per_km2":0.0,"建成區邊界切割密度_km_per_km2":0.0,"孤立小斑塊比例_pct":0.0,"距大型連續綠地平均距離_m":0.0,"score_面積減少":88.45281306715064,"score_斑塊增加":44.260435571687836,"score_平均斑塊縮小":28.153357531760438,"score_道路建成區切割":25.941470054446462,"score_孤立比例":40.58529945553539,"score_距大型綠地":38.40744101633394,"綜合破碎化分數":44.3,"破碎化等級":"中","判定原因":"面積減少9.1%；斑塊增加0.0%；平均斑塊縮小0.0%；道路密度0.00 km/km²；孤立比例0.0%；距大型綠地0m","2021面積_ha":17.28,"2022面積_ha":15.66,"2023面積_ha":15.48}},{"type":"Feature","geometry":{"type":"Polygon","coordinates":[[[121.48372019673927,24.558828290502575],[121.48375484473455,24.567856876445447],[121.49362710784624,24.567824858380735],[121.49359175283867,24.558796285728675],[121.48372019673927,24.558828290502575]]]},"properties":{"grid_id":"G028_017","綠地類型":"河川沿岸自然地表","中心經度":121.488673,"中心緯度":24.563327,"分析面積_km2":1.04,"2020面積_ha":43.02,"2024面積_ha":43.02,"面積減少率_pct":0.0,"2020斑塊數":1,"2024斑塊數":1,"斑塊數增加率_pct":0.0,"2020平均斑塊面積_ha":1647.72,"2024平均斑塊面積_ha":1644.21,"平均斑塊面積下降率_pct":0.21,"道路切割密度_km_per_km2":0.577,"建成區邊界切割密度_km_per_km2":0.0,"孤立小斑塊比例_pct":0.0,"距大型連續綠地平均距離_m":0.0,"score_面積減少":36.206896551724135,"score_斑塊增加":44.260435571687836,"score_平均斑塊縮小":62.545372050816695,"score_道路建成區切割":37.137023593466424,"score_孤立比例":40.58529945553539,"score_距大型綠地":38.40744101633394,"綜合破碎化分數":43.2,"破碎化等級":"中","判定原因":"面積減少0.0%；斑塊增加0.0%；平均斑塊縮小0.2%；道路密度0.58 km/km²；孤立比例0.0%；距大型綠地0m","2021面積_ha":43.02,"2022面積_ha":43.02,"2023面積_ha":43.02}},{"type":"Feature","geometry":{"type":"Polygon","coordinates":[[[121.52320631625146,24.558696392509326],[121.52324379226283,24.567724923678153],[121.53311598427868,24.567690318623146],[121.53307780127743,24.558661801818975],[121.52320631625146,24.558696392509326]]]},"properties":{"grid_id":"G028_021","綠地類型":"河川沿岸自然地表","中心經度":121.528161,"中心緯度":24.563193,"分析面積_km2":1.04,"2020面積_ha":30.15,"2024面積_ha":30.15,"面積減少率_pct":0.0,"2020斑塊數":1,"2024斑塊數":1,"斑塊數增加率_pct":0.0,"2020平均斑塊面積_ha":66.15,"2024平均斑塊面積_ha":64.62,"平均斑塊面積下降率_pct":2.31,"道路切割密度_km_per_km2":0.952,"建成區邊界切割密度_km_per_km2":0.0,"孤立小斑塊比例_pct":0.0,"距大型連續綠地平均距離_m":0.0,"score_面積減少":36.206896551724135,"score_斑塊增加":44.260435571687836,"score_平均斑塊縮小":72.1869328493648,"score_道路建成區切割":39.30353901996371,"score_孤立比例":40.58529945553539,"score_距大型綠地":38.40744101633394,"綜合破碎化分數":45.2,"破碎化等級":"中","判定原因":"面積減少0.0%；斑塊增加0.0%；平均斑塊縮小2.3%；道路密度0.95 km/km²；孤立比例0.0%；距大型綠地0m","2021面積_ha":30.15,"2022面積_ha":30.15,"2023面積_ha":30.15}},{"type":"Feature","geometry":{"type":"Polygon","coordinates":[[[121.55282071509218,24.558590681040936],[121.5528603120555,24.567619168310433],[121.56273244712638,24.567582623062545],[121.5626921431911,24.55855415096306],[121.55282071509218,24.558590681040936]]]},"properties":{"grid_id":"G028_024","綠地類型":"河川沿岸自然地表","中心經度":121.557776,"中心緯度":24.563087,"分析面積_km2":1.04,"2020面積_ha":59.22,"2024面積_ha":59.04,"面積減少率_pct":0.3,"2020斑塊數":1,"2024斑塊數":1,"斑塊數增加率_pct":0.0,"2020平均斑塊面積_ha":777.87,"2024平均斑塊面積_ha":1947.87,"平均斑塊面積下降率_pct":0.0,"道路切割密度_km_per_km2":0.0,"建成區邊界切割密度_km_per_km2":0.0,"孤立小斑塊比例_pct":0.0,"距大型連續綠地平均距離_m":0.0,"score_面積減少":73.95644283121598,"score_斑塊增加":44.260435571687836,"score_平均斑塊縮小":28.153357531760438,"score_道路建成區切割":25.941470054446462,"score_孤立比例":40.58529945553539,"score_距大型綠地":38.40744101633394,"綜合破碎化分數":41.9,"破碎化等級":"中","判定原因":"面積減少0.3%；斑塊增加0.0%；平均斑塊縮小0.0%；道路密度0.00 km/km²；孤立比例0.0%；距大型綠地0m","2021面積_ha":60.57,"2022面積_ha":58.05,"2023面積_ha":58.68}},{"type":"Feature","geometry":{"type":"Polygon","coordinates":[[[121.5626921431911,24.55855415096306],[121.56273244712638,24.567582623062545],[121.57260456252551,24.56754543109368],[121.57256355162447,24.55851697443265],[121.5626921431911,24.55855415096306]]]},"properties":{"grid_id":"G028_025","綠地類型":"河川沿岸自然地表","中心經度":121.567648,"中心緯度":24.56305,"分析面積_km2":1.04,"2020面積_ha":66.87,"2024面積_ha":65.16,"面積減少率_pct":2.56,"2020斑塊數":1,"2024斑塊數":1,"斑塊數增加率_pct":0.0,"2020平均斑塊面積_ha":777.87,"2024平均斑塊面積_ha":1947.87,"平均斑塊面積下降率_pct":0.0,"道路切割密度_km_per_km2":0.0,"建成區邊界切割密度_km_per_km2":0.0,"孤立小斑塊比例_pct":0.0,"距大型連續綠地平均距離_m":0.0,"score_面積減少":81.53357531760436,"score_斑塊增加":44.260435571687836,"score_平均斑塊縮小":28.153357531760438,"score_道路建成區切割":25.941470054446462,"score_孤立比例":40.58529945553539,"score_距大型綠地":38.40744101633394,"綜合破碎化分數":43.1,"破碎化等級":"中","判定原因":"面積減少2.6%；斑塊增加0.0%；平均斑塊縮小0.0%；道路密度0.00 km/km²；孤立比例0.0%；距大型綠地0m","2021面積_ha":67.14,"2022面積_ha":65.34,"2023面積_ha":65.25}},{"type":"Feature","geometry":{"type":"Polygon","coordinates":[[[121.66140528566271,24.55815329617082],[121.66145265895904,24.56718160180607],[121.67132455866424,24.567137942924447],[121.67127647847008,24.55810965541197],[121.66140528566271,24.55815329617082]]]},"properties":{"grid_id":"G028_035","綠地類型":"河川沿岸自然地表","中心經度":121.666365,"中心緯度":24.562646,"分析面積_km2":1.04,"2020面積_ha":36.36,"2024面積_ha":36.36,"面積減少率_pct":0.0,"2020斑塊數":2,"2024斑塊數":2,"斑塊數增加率_pct":0.0,"2020平均斑塊面積_ha":2265.255,"2024平均斑塊面積_ha":2394.945,"平均斑塊面積下降率_pct":0.0,"道路切割密度_km_per_km2":5.421,"建成區邊界切割密度_km_per_km2":0.0,"孤立小斑塊比例_pct":0.0,"距大型連續綠地平均距離_m":0.0,"score_面積減少":36.206896551724135,"score_斑塊增加":44.260435571687836,"score_平均斑塊縮小":28.153357531760438,"score_道路建成區切割":56.6470054446461,"score_孤立比例":40.58529945553539,"score_距大型綠地":38.40744101633394,"綜合破碎化分數":40.7,"破碎化等級":"中","判定原因":"面積減少0.0%；斑塊增加0.0%；平均斑塊縮小0.0%；道路密度5.42 km/km²；孤立比例0.0%；距大型綠地0m","2021面積_ha":36.36,"2022面積_ha":36.0,"2023面積_ha":36.36}},{"type":"Feature","geometry":{"type":"Polygon","coordinates":[[[121.71076101165518,24.557928628526298],[121.71081191936578,24.56695684086357],[121.72068369828642,24.56690994874599],[121.72063208371601,24.55788175587355],[121.71076101165518,24.557928628526298]]]},"properties":{"grid_id":"G028_040","綠地類型":"河川沿岸自然地表","中心經度":121.715722,"中心緯度":24.562419,"分析面積_km2":1.04,"2020面積_ha":22.05,"2024面積_ha":21.87,"面積減少率_pct":0.82,"2020斑塊數":1,"2024斑塊數":1,"斑塊數增加率_pct":0.0,"2020平均斑塊面積_ha":3955.86,"2024平均斑塊面積_ha":4238.28,"平均斑塊面積下降率_pct":0.0,"道路切割密度_km_per_km2":0.0,"建成區邊界切割密度_km_per_km2":0.0,"孤立小斑塊比例_pct":0.0,"距大型連續綠地平均距離_m":0.0,"score_面積減少":76.79219600725953,"score_斑塊增加":44.260435571687836,"score_平均斑塊縮小":28.153357531760438,"score_道路建成區切割":25.941470054446462,"score_孤立比例":40.58529945553539,"score_距大型綠地":38.40744101633394,"綜合破碎化分數":42.4,"破碎化等級":"中","判定原因":"面積減少0.8%；斑塊增加0.0%；平均斑塊縮小0.0%；道路密度0.00 km/km²；孤立比例0.0%；距大型綠地0m","2021面積_ha":23.76,"2022面積_ha":22.68,"2023面積_ha":22.32}},{"type":"Feature","geometry":{"type":"Polygon","coordinates":[[[121.72063208371601,24.55788175587355],[121.72068369828642,24.56690994874599],[121.73055545201524,24.5668624100003],[121.73050313059292,24.55783423686107],[121.72063208371601,24.55788175587355]]]},"properties":{"grid_id":"G028_041","綠地類型":"河川沿岸自然地表","中心經度":121.725594,"中心緯度":24.562372,"分析面積_km2":1.04,"2020面積_ha":29.16,"2024面積_ha":30.24,"面積減少率_pct":0.0,"2020斑塊數":1,"2024斑塊數":1,"斑塊數增加率_pct":0.0,"2020平均斑塊面積_ha":3955.86,"2024平均斑塊面積_ha":4238.28,"平均斑塊面積下降率_pct":0.0,"道路切割密度_km_per_km2":2.941,"建成區邊界切割密度_km_per_km2":0.0,"孤立小斑塊比例_pct":0.0,"距大型連續綠地平均距離_m":0.0,"score_面積減少":36.206896551724135,"score_斑塊增加":44.260435571687836,"score_平均斑塊縮小":28.153357531760438,"score_道路建成區切割":50.555807622504545,"score_孤立比例":40.58529945553539,"score_距大型綠地":38.40744101633394,"綜合破碎化分數":39.7,"破碎化等級":"中","判定原因":"面積減少0.0%；斑塊增加0.0%；平均斑塊縮小0.0%；道路密度2.94 km/km²；孤立比例0.0%；距大型綠地0m","2021面積_ha":29.34,"2022面積_ha":29.07,"2023面積_ha":29.88}},{"type":"Feature","geometry":{"type":"Polygon","coordinates":[[[121.74037415194107,24.557786071495418],[121.74042718020725,24.56681422463303],[121.75029888251748,24.566765392650847],[121.75024514741561,24.557737259783245],[121.74037415194107,24.557786071495418]]]},"properties":{"grid_id":"G028_043","綠地類型":"河川沿岸自然地表","中心經度":121.745336,"中心緯度":24.562276,"分析面積_km2":1.04,"2020面積_ha":42.48,"2024面積_ha":42.39,"面積減少率_pct":0.21,"2020斑塊數":1,"2024斑塊數":1,"斑塊數增加率_pct":0.0,"2020平均斑塊面積_ha":3955.86,"2024平均斑塊面積_ha":4238.28,"平均斑塊面積下降率_pct":0.0,"道路切割密度_km_per_km2":1.413,"建成區邊界切割密度_km_per_km2":0.0,"孤立小斑塊比例_pct":0.0,"距大型連續綠地平均距離_m":0.0,"score_面積減少":73.13974591651544,"score_斑塊增加":44.260435571687836,"score_平均斑塊縮小":28.153357531760438,"score_道路建成區切割":41.685571687840294,"score_孤立比例":40.58529945553539,"score_距大型綠地":38.40744101633394,"綜合破碎化分數":44.4,"破碎化等級":"中","判定原因":"面積減少0.2%；斑塊增加0.0%；平均斑塊縮小0.0%；道路密度1.41 km/km²；孤立比例0.0%；距大型綠地0m","2021面積_ha":42.48,"2022面積_ha":42.48,"2023面積_ha":42.39}},{"type":"Feature","geometry":{"type":"Polygon","coordinates":[[[121.76011611667168,24.55768780173129],[121.76017055860099,24.566715914060495],[121.77004220811283,24.566665788868804],[121.76998705936445,24.55763769734638],[121.76011611667168,24.55768780173129]]]},"properties":{"grid_id":"G028_045","綠地類型":"河川沿岸自然地表","中心經度":121.765079,"中心緯度":24.562177,"分析面積_km2":1.04,"2020面積_ha":44.91,"2024面積_ha":44.91,"面積減少率_pct":0.0,"2020斑塊數":1,"2024斑塊數":1,"斑塊數增加率_pct":0.0,"2020平均斑塊面積_ha":1589.85,"2024平均斑塊面積_ha":1568.25,"平均斑塊面積下降率_pct":1.36,"道路切割密度_km_per_km2":0.0,"建成區邊界切割密度_km_per_km2":0.0,"孤立小斑塊比例_pct":0.0,"距大型連續綠地平均距離_m":0.0,"score_面積減少":36.206896551724135,"score_斑塊增加":44.260435571687836,"score_平均斑塊縮小":69.73684210526315,"score_道路建成區切割":25.941470054446462,"score_孤立比例":40.58529945553539,"score_距大型綠地":38.40744101633394,"綜合破碎化分數":42.5,"破碎化等級":"中","判定原因":"面積減少0.0%；斑塊增加0.0%；平均斑塊縮小1.4%；道路密度0.00 km/km²；孤立比例0.0%；距大型綠地0m","2021面積_ha":44.91,"2022面積_ha":44.91,"2023面積_ha":44.91}},{"type":"Feature","geometry":{"type":"Polygon","coordinates":[[[121.76998705936445,24.55763769734638],[121.77004220811283,24.566665788868804],[121.77991383070808,24.566615017082682],[121.77985797514908,24.55758694663542],[121.76998705936445,24.55763769734638]]]},"properties":{"grid_id":"G028_046","綠地類型":"河川沿岸自然地表","中心經度":121.77495,"中心緯度":24.562126,"分析面積_km2":1.04,"2020面積_ha":30.87,"2024面積_ha":30.87,"面積減少率_pct":0.0,"2020斑塊數":1,"2024斑塊數":1,"斑塊數增加率_pct":0.0,"2020平均斑塊面積_ha":1589.85,"2024平均斑塊面積_ha":1568.25,"平均斑塊面積下降率_pct":1.36,"道路切割密度_km_per_km2":0.0,"建成區邊界切割密度_km_per_km2":0.0,"孤立小斑塊比例_pct":0.0,"距大型連續綠地平均距離_m":0.0,"score_面積減少":36.206896551724135,"score_斑塊增加":44.260435571687836,"score_平均斑塊縮小":69.73684210526315,"score_道路建成區切割":25.941470054446462,"score_孤立比例":40.58529945553539,"score_距大型綠地":38.40744101633394,"綜合破碎化分數":42.5,"破碎化等級":"中","判定原因":"面積減少0.0%；斑塊增加0.0%；平均斑塊縮小1.4%；道路密度0.00 km/km²；孤立比例0.0%；距大型綠地0m","2021面積_ha":30.87,"2022面積_ha":30.87,"2023面積_ha":30.87}},{"type":"Feature","geometry":{"type":"Polygon","coordinates":[[[121.78972886368075,24.557535549605426],[121.78978542604176,24.56656359870915],[121.79965699376896,24.566511533755293],[121.79959972461462,24.557483506263488],[121.78972886368075,24.557535549605426]]]},"properties":{"grid_id":"G028_048","綠地類型":"河川沿岸自然地表","中心經度":121.794693,"中心緯度":24.562024,"分析面積_km2":1.04,"2020面積_ha":45.81,"2024面積_ha":45.81,"面積減少率_pct":0.0,"2020斑塊數":1,"2024斑塊數":1,"斑塊數增加率_pct":0.0,"2020平均斑塊面積_ha":1589.85,"2024平均斑塊面積_ha":1568.25,"平均斑塊面積下降率_pct":1.36,"道路切割密度_km_per_km2":2.076,"建成區邊界切割密度_km_per_km2":0.0,"孤立小斑塊比例_pct":0.0,"距大型連續綠地平均距離_m":0.0,"score_面積減少":36.206896551724135,"score_斑塊增加":44.260435571687836,"score_平均斑塊縮小":69.73684210526315,"score_道路建成區切割":46.903357531760435,"score_孤立比例":40.58529945553539,"score_距大型綠地":38.40744101633394,"綜合破碎化分數":46.0,"破碎化等級":"中","判定原因":"面積減少0.0%；斑塊增加0.0%；平均斑塊縮小1.4%；道路密度2.08 km/km²；孤立比例0.0%；距大型綠地0m","2021面積_ha":45.81,"2022面積_ha":45.0,"2023面積_ha":44.46}},{"type":"Feature","geometry":{"type":"Polygon","coordinates":[[[121.79959972461462,24.557483506263488],[121.79965699376896,24.566511533755293],[121.80952853354474,24.566458822228306],[121.80947055760589,24.557430816616797],[121.79959972461462,24.557483506263488]]]},"properties":{"grid_id":"G028_049","綠地類型":"河川沿岸自然地表","中心經度":121.804564,"中心緯度":24.561971,"分析面積_km2":1.04,"2020面積_ha":72.81,"2024面積_ha":72.81,"面積減少率_pct":0.0,"2020斑塊數":1,"2024斑塊數":1,"斑塊數增加率_pct":0.0,"2020平均斑塊面積_ha":1589.85,"2024平均斑塊面積_ha":1568.25,"平均斑塊面積下降率_pct":1.36,"道路切割密度_km_per_km2":0.75,"建成區邊界切割密度_km_per_km2":0.0,"孤立小斑塊比例_pct":0.0,"距大型連續綠地平均距離_m":0.0,"score_面積減少":36.206896551724135,"score_斑塊增加":44.260435571687836,"score_平均斑塊縮小":69.73684210526315,"score_道路建成區切割":38.169237749546284,"score_孤立比例":40.58529945553539,"score_距大型綠地":38.40744101633394,"綜合破碎化分數":44.6,"破碎化等級":"中","判定原因":"面積減少0.0%；斑塊增加0.0%；平均斑塊縮小1.4%；道路密度0.75 km/km²；孤立比例0.0%；距大型綠地0m","2021面積_ha":72.81,"2022面積_ha":72.81,"2023面積_ha":72.81}},{"type":"Feature","geometry":{"type":"Polygon","coordinates":[[[121.80947055760589,24.557430816616797],[121.80952853354474,24.566458822228306],[121.81940004502421,24.56640546413546],[121.81934136230976,24.557377480672606],[121.80947055760589,24.557430816616797]]]},"properties":{"grid_id":"G028_050","綠地類型":"河川沿岸自然地表","中心經度":121.814435,"中心緯度":24.561918,"分析面積_km2":1.04,"2020面積_ha":46.89,"2024面積_ha":46.89,"面積減少率_pct":0.0,"2020斑塊數":2,"2024斑塊數":2,"斑塊數增加率_pct":0.0,"2020平均斑塊面積_ha":941.445,"2024平均斑塊面積_ha":930.51,"平均斑塊面積下降率_pct":1.16,"道路切割密度_km_per_km2":3.403,"建成區邊界切割密度_km_per_km2":0.0,"孤立小斑塊比例_pct":0.0,"距大型連續綠地平均距離_m":0.0,"score_面積減少":36.206896551724135,"score_斑塊增加":44.260435571687836,"score_平均斑塊縮小":68.82940108892922,"score_道路建成區切割":52.38203266787659,"score_孤立比例":40.58529945553539,"score_距大型綠地":38.40744101633394,"綜合破碎化分數":46.8,"破碎化等級":"中","判定原因":"面積減少0.0%；斑塊增加0.0%；平均斑塊縮小1.2%；道路密度3.40 km/km²；孤立比例0.0%；距大型綠地0m","2021面積_ha":46.89,"2022面積_ha":46.89,"2023面積_ha":46.89}},{"type":"Feature","geometry":{"type":"Polygon","coordinates":[[[121.81934136230976,24.557377480672606],[121.81940004502421,24.56640546413546],[121.82927152786243,24.566351459484125],[121.82921213838135,24.557323498438294],[121.81934136230976,24.557377480672606]]]},"properties":{"grid_id":"G028_051","綠地類型":"河川沿岸自然地表","中心經度":121.824306,"中心緯度":24.561865,"分析面積_km2":1.04,"2020面積_ha":63.72,"2024面積_ha":63.72,"面積減少率_pct":0.0,"2020斑塊數":1,"2024斑塊數":1,"斑塊數增加率_pct":0.0,"2020平均斑塊面積_ha":293.04,"2024平均斑塊面積_ha":292.77,"平均斑塊面積下降率_pct":0.09,"道路切割密度_km_per_km2":6.373,"建成區邊界切割密度_km_per_km2":0.0,"孤立小斑塊比例_pct":0.0,"距大型連續綠地平均距離_m":0.0,"score_面積減少":36.206896551724135,"score_斑塊增加":44.260435571687836,"score_平均斑塊縮小":57.917422867513615,"score_道路建成區切割":58.40517241379311,"score_孤立比例":40.58529945553539,"score_距大型綠地":38.40744101633394,"綜合破碎化分數":46.0,"破碎化等級":"中","判定原因":"面積減少0.0%；斑塊增加0.0%；平均斑塊縮小0.1%；道路密度6.37 km/km²；孤立比例0.0%；距大型綠地0m","2021面積_ha":63.72,"2022面積_ha":63.72,"2023面積_ha":63.72}},{"type":"Feature","geometry":{"type":"Polygon","coordinates":[[[121.84895360324872,24.557213595129177],[121.84901440623551,24.566241510535882],[121.85888580108055,24.566185566254156],[121.85882429135488,24.557157674069543],[121.84895360324872,24.557213595129177]]]},"properties":{"grid_id":"G028_054","綠地類型":"河川沿岸自然地表","中心經度":121.85392,"中心緯度":24.5617,"分析面積_km2":1.04,"2020面積_ha":35.28,"2024面積_ha":35.28,"面積減少率_pct":0.0,"2020斑塊數":2,"2024斑塊數":2,"斑塊數增加率_pct":0.0,"2020平均斑塊面積_ha":231.57,"2024平均斑塊面積_ha":141.705,"平均斑塊面積下降率_pct":38.81,"道路切割密度_km_per_km2":0.0,"建成區邊界切割密度_km_per_km2":0.0,"孤立小斑塊比例_pct":0.0,"距大型連續綠地平均距離_m":0.0,"score_面積減少":36.206896551724135,"score_斑塊增加":44.260435571687836,"score_平均斑塊縮小":86.93284936479128,"score_道路建成區切割":25.941470054446462,"score_孤立比例":40.58529945553539,"score_距大型綠地":38.40744101633394,"綜合破碎化分數":45.4,"破碎化等級":"中","判定原因":"面積減少0.0%；斑塊增加0.0%；平均斑塊縮小38.8%；道路密度0.00 km/km²；孤立比例0.0%；距大型綠地0m","2021面積_ha":35.28,"2022面積_ha":35.28,"2023面積_ha":35.28}},{"type":"Feature","geometry":{"type":"Polygon","coordinates":[[[121.85882429135488,24.557157674069543],[121.85888580108055,24.566185566254156],[121.86875716590478,24.566128975444286],[121.86869494944965,24.55710110675012],[121.85882429135488,24.557157674069543]]]},"properties":{"grid_id":"G028_055","綠地類型":"河川沿岸自然地表","中心經度":121.863791,"中心緯度":24.561643,"分析面積_km2":1.04,"2020面積_ha":56.61,"2024面積_ha":56.61,"面積減少率_pct":0.0,"2020斑塊數":2,"2024斑塊數":2,"斑塊數增加率_pct":0.0,"2020平均斑塊面積_ha":115.83,"2024平均斑塊面積_ha":116.46,"平均斑塊面積下降率_pct":0.0,"道路切割密度_km_per_km2":1.874,"建成區邊界切割密度_km_per_km2":0.0,"孤立小斑塊比例_pct":0.0,"距大型連續綠地平均距離_m":6.7,"score_面積減少":36.206896551724135,"score_斑塊增加":44.260435571687836,"score_平均斑塊縮小":28.153357531760438,"score_道路建成區切割":45.61025408348458,"score_孤立比例":40.58529945553539,"score_距大型綠地":83.59800362976407,"綜合破碎化分數":46.4,"破碎化等級":"中","判定原因":"面積減少0.0%；斑塊增加0.0%；平均斑塊縮小0.0%；道路密度1.87 km/km²；孤立比例0.0%；距大型綠地7m","2021面積_ha":56.61,"2022面積_ha":56.61,"2023面積_ha":56.61}},{"type":"Feature","geometry":{"type":"Polygon","coordinates":[[[121.41467826202296,24.57709155402522],[121.41464854876097,24.568062893414417],[121.40477616002117,24.568089737292084],[121.40478025605645,24.56936498029359],[121.40583770000002,24.5698481],[121.4060323,24.569878399999993],[121.4070449,24.569851800000002],[121.4072568,24.5698582],[121.40756,24.569947599999995],[121.4076873,24.570032699999995],[121.40785060000002,24.570212999999995],[121.4080538,24.5705597],[121.40824009999999,24.570808100000004],[121.4089869,24.571544699999997],[121.4092648,24.5717081],[121.40954630000002,24.571873699999998],[121.41106930000001,24.5724456],[121.4117215,24.572738900000004],[121.41207730000002,24.572993599999997],[121.41227189999998,24.573247099999996],[121.4123319,24.5734428],[121.41227399999998,24.5738982],[121.4121306,24.574620899999996],[121.41181210000002,24.575593800000007],[121.41125700000002,24.576948600000005],[121.41114968746544,24.57710122612692],[121.41467826202296,24.57709155402522]]]},"properties":{"grid_id":"G029_009","綠地類型":"河川沿岸自然地表","中心經度":121.413029,"中心緯度":24.572588,"分析面積_km2":0.54,"2020面積_ha":1.08,"2024面積_ha":1.08,"面積減少率_pct":0.0,"2020斑塊數":1,"2024斑塊數":1,"斑塊數增加率_pct":0.0,"2020平均斑塊面積_ha":290.88,"2024平均斑塊面積_ha":291.96,"平均斑塊面積下降率_pct":0.0,"道路切割密度_km_per_km2":4.333,"建成區邊界切割密度_km_per_km2":0.0,"孤立小斑塊比例_pct":0.0,"距大型連續綠地平均距離_m":0.0,"score_面積減少":36.206896551724135,"score_斑塊增加":44.260435571687836,"score_平均斑塊縮小":28.153357531760438,"score_道路建成區切割":54.69600725952813,"score_孤立比例":40.58529945553539,"score_距大型綠地":38.40744101633394,"綜合破碎化分數":40.4,"破碎化等級":"中","判定原因":"面積減少0.0%；斑塊增加0.0%；平均斑塊縮小0.0%；道路密度4.33 km/km²；孤立比例0.0%；距大型綠地0m","2021面積_ha":1.08,"2022面積_ha":1.08,"2023面積_ha":1.08}},{"type":"Feature","geometry":{"type":"Polygon","coordinates":[[[121.48375484473455,24.567856876445447],[121.48378950964111,24.576885451525776],[121.49366248011015,24.576853420168394],[121.49362710784624,24.567824858380735],[121.48375484473455,24.567856876445447]]]},"properties":{"grid_id":"G029_017","綠地類型":"河川沿岸自然地表","中心經度":121.488708,"中心緯度":24.572355,"分析面積_km2":1.04,"2020面積_ha":9.63,"2024面積_ha":9.63,"面積減少率_pct":0.0,"2020斑塊數":1,"2024斑塊數":1,"斑塊數增加率_pct":0.0,"2020平均斑塊面積_ha":1647.72,"2024平均斑塊面積_ha":1644.21,"平均斑塊面積下降率_pct":0.21,"道路切割密度_km_per_km2":1.73,"建成區邊界切割密度_km_per_km2":0.0,"孤立小斑塊比例_pct":0.0,"距大型連續綠地平均距離_m":0.0,"score_面積減少":36.206896551724135,"score_斑塊增加":44.260435571687836,"score_平均斑塊縮小":62.545372050816695,"score_道路建成區切割":44.657441016333934,"score_孤立比例":40.58529945553539,"score_距大型綠地":38.40744101633394,"綜合破碎化分數":44.4,"破碎化等級":"中","判定原因":"面積減少0.0%；斑塊增加0.0%；平均斑塊縮小0.2%；道路密度1.73 km/km²；孤立比例0.0%；距大型綠地0m","2021面積_ha":9.63,"2022面積_ha":9.63,"2023面積_ha":9.63}},{"type":"Feature","geometry":{"type":"Polygon","coordinates":[[[121.52324379226283,24.567724923678153],[121.52328128656573,24.576753443976816],[121.53315418591653,24.576718824555147],[121.53311598427868,24.567690318623146],[121.52324379226283,24.567724923678153]]]},"properties":{"grid_id":"G029_021","綠地類型":"河川沿岸自然地表","中心經度":121.528199,"中心緯度":24.572222,"分析面積_km2":1.04,"2020面積_ha":17.91,"2024面積_ha":17.91,"面積減少率_pct":0.0,"2020斑塊數":2,"2024斑塊數":2,"斑塊數增加率_pct":0.0,"2020平均斑塊面積_ha":446.85,"2024平均斑塊面積_ha":1031.49,"平均斑塊面積下降率_pct":0.0,"道路切割密度_km_per_km2":3.172,"建成區邊界切割密度_km_per_km2":0.0,"孤立小斑塊比例_pct":0.0,"距大型連續綠地平均距離_m":0.0,"score_面積減少":36.206896551724135,"score_斑塊增加":44.260435571687836,"score_平均斑塊縮小":28.153357531760438,"score_道路建成區切割":51.53130671506352,"score_孤立比例":40.58529945553539,"score_距大型綠地":38.40744101633394,"綜合破碎化分數":39.9,"破碎化等級":"中","判定原因":"面積減少0.0%；斑塊增加0.0%；平均斑塊縮小0.0%；道路密度3.17 km/km²；孤立比例0.0%；距大型綠地0m","2021面積_ha":17.91,"2022面積_ha":17.91,"2023面積_ha":17.91}},{"type":"Feature","geometry":{"type":"Polygon","coordinates":[[[121.63183682249172,24.567308698433514],[121.63188209713816,24.57633704593234],[121.6417547724386,24.576295309745404],[121.64170879052779,24.567266979566494],[121.63183682249172,24.567308698433514]]]},"properties":{"grid_id":"G029_032","綠地類型":"河川沿岸自然地表","中心經度":121.636796,"中心緯度":24.571802,"分析面積_km2":1.04,"2020面積_ha":46.53,"2024面積_ha":46.44,"面積減少率_pct":0.19,"2020斑塊數":1,"2024斑塊數":1,"斑塊數增加率_pct":0.0,"2020平均斑塊面積_ha":574.92,"2024平均斑塊面積_ha":1359.81,"平均斑塊面積下降率_pct":0.0,"道路切割密度_km_per_km2":0.0,"建成區邊界切割密度_km_per_km2":0.0,"孤立小斑塊比例_pct":0.0,"距大型連續綠地平均距離_m":0.0,"score_面積減少":72.82214156079854,"score_斑塊增加":44.260435571687836,"score_平均斑塊縮小":28.153357531760438,"score_道路建成區切割":25.941470054446462,"score_孤立比例":40.58529945553539,"score_距大型綠地":38.40744101633394,"綜合破碎化分數":41.7,"破碎化等級":"中","判定原因":"面積減少0.2%；斑塊增加0.0%；平均斑塊縮小0.0%；道路密度0.00 km/km²；孤立比例0.0%；距大型綠地0m","2021面積_ha":46.53,"2022面積_ha":46.53,"2023面積_ha":45.63}},{"type":"Feature","geometry":{"type":"Polygon","coordinates":[[[121.67132455866424,24.567137942924447],[121.67137266232534,24.576166219532844],[121.68124524579906,24.576121895597872],[121.68119643490249,24.567093637383223],[121.67132455866424,24.567137942924447]]]},"properties":{"grid_id":"G029_036","綠地類型":"河川沿岸自然地表","中心經度":121.676285,"中心緯度":24.57163,"分析面積_km2":1.04,"2020面積_ha":38.61,"2024面積_ha":38.61,"面積減少率_pct":0.0,"2020斑塊數":1,"2024斑塊數":1,"斑塊數增加率_pct":0.0,"2020平均斑塊面積_ha":574.65,"2024平均斑塊面積_ha":551.61,"平均斑塊面積下降率_pct":4.01,"道路切割密度_km_per_km2":3.287,"建成區邊界切割密度_km_per_km2":0.0,"孤立小斑塊比例_pct":0.0,"距大型連續綠地平均距離_m":0.0,"score_面積減少":36.206896551724135,"score_斑塊增加":44.260435571687836,"score_平均斑塊縮小":73.57078039927404,"score_道路建成區切割":51.92831215970962,"score_孤立比例":40.58529945553539,"score_距大型綠地":38.40744101633394,"綜合破碎化分數":47.5,"破碎化等級":"中","判定原因":"面積減少0.0%；斑塊增加0.0%；平均斑塊縮小4.0%；道路密度3.29 km/km²；孤立比例0.0%；距大型綠地0m","2021面積_ha":38.61,"2022面積_ha":38.61,"2023面積_ha":38.61}},{"type":"Feature","geometry":{"type":"Polygon","coordinates":[[[121.73055545201524,24.5668624100003],[121.73060779897433,24.575890572219528],[121.74048023435515,24.575842366847862],[121.74042718020725,24.56681422463303],[121.73055545201524,24.5668624100003]]]},"properties":{"grid_id":"G029_042","綠地類型":"河川沿岸自然地表","中心經度":121.735518,"中心緯度":24.571352,"分析面積_km2":1.04,"2020面積_ha":38.97,"2024面積_ha":38.34,"面積減少率_pct":1.62,"2020斑塊數":1,"2024斑塊數":1,"斑塊數增加率_pct":0.0,"2020平均斑塊面積_ha":437.22,"2024平均斑塊面積_ha":454.68,"平均斑塊面積下降率_pct":0.0,"道路切割密度_km_per_km2":0.173,"建成區邊界切割密度_km_per_km2":0.0,"孤立小斑塊比例_pct":0.0,"距大型連續綠地平均距離_m":0.0,"score_面積減少":79.62794918330309,"score_斑塊增加":44.260435571687836,"score_平均斑塊縮小":28.153357531760438,"score_道路建成區切割":34.720961887477316,"score_孤立比例":40.58529945553539,"score_距大型綠地":38.40744101633394,"綜合破碎化分數":44.3,"破碎化等級":"中","判定原因":"面積減少1.6%；斑塊增加0.0%；平均斑塊縮小0.0%；道路密度0.17 km/km²；孤立比例0.0%；距大型綠地0m","2021面積_ha":39.24,"2022面積_ha":39.15,"2023面積_ha":38.34}},{"type":"Feature","geometry":{"type":"Polygon","coordinates":[[[121.74042718020725,24.56681422463303],[121.74048023435515,24.575842366847862],[121.75035264384604,24.575793514592856],[121.75029888251748,24.566765392650847],[121.74042718020725,24.56681422463303]]]},"properties":{"grid_id":"G029_043","綠地類型":"河川沿岸自然地表","中心經度":121.74539,"中心緯度":24.571304,"分析面積_km2":1.04,"2020面積_ha":45.63,"2024面積_ha":45.63,"面積減少率_pct":0.0,"2020斑塊數":2,"2024斑塊數":2,"斑塊數增加率_pct":0.0,"2020平均斑塊面積_ha":1013.535,"2024平均斑塊面積_ha":1011.465,"平均斑塊面積下降率_pct":0.2,"道路切割密度_km_per_km2":2.307,"建成區邊界切割密度_km_per_km2":0.0,"孤立小斑塊比例_pct":0.0,"距大型連續綠地平均距離_m":0.0,"score_面積減少":36.206896551724135,"score_斑塊增加":44.260435571687836,"score_平均斑塊縮小":61.63793103448276,"score_道路建成區切割":48.07168784029038,"score_孤立比例":40.58529945553539,"score_距大型綠地":38.40744101633394,"綜合破碎化分數":44.9,"破碎化等級":"中","判定原因":"面積減少0.0%；斑塊增加0.0%；平均斑塊縮小0.2%；道路密度2.31 km/km²；孤立比例0.0%；距大型綠地0m","2021面積_ha":45.63,"2022面積_ha":45.63,"2023面積_ha":45.63}},{"type":"Feature","geometry":{"type":"Polygon","coordinates":[[[121.75029888251748,24.566765392650847],[121.75035264384604,24.575793514592856],[121.76022502710195,24.57574401546125],[121.76017055860099,24.566715914060495],[121.75029888251748,24.566765392650847]]]},"properties":{"grid_id":"G029_044","綠地類型":"河川沿岸自然地表","中心經度":121.755262,"中心緯度":24.571255,"分析面積_km2":1.04,"2020面積_ha":40.68,"2024面積_ha":40.68,"面積減少率_pct":0.0,"2020斑塊數":1,"2024斑塊數":1,"斑塊數增加率_pct":0.0,"2020平均斑塊面積_ha":1589.85,"2024平均斑塊面積_ha":1568.25,"平均斑塊面積下降率_pct":1.36,"道路切割密度_km_per_km2":0.0,"建成區邊界切割密度_km_per_km2":0.0,"孤立小斑塊比例_pct":0.0,"距大型連續綠地平均距離_m":0.0,"score_面積減少":36.206896551724135,"score_斑塊增加":44.260435571687836,"score_平均斑塊縮小":69.73684210526315,"score_道路建成區切割":25.941470054446462,"score_孤立比例":40.58529945553539,"score_距大型綠地":38.40744101633394,"綜合破碎化分數":42.5,"破碎化等級":"中","判定原因":"面積減少0.0%；斑塊增加0.0%；平均斑塊縮小1.4%；道路密度0.00 km/km²；孤立比例0.0%；距大型綠地0m","2021面積_ha":40.68,"2022面積_ha":40.68,"2023面積_ha":40.68}},{"type":"Feature","geometry":{"type":"Polygon","coordinates":[[[121.76017055860099,24.566715914060495],[121.76022502710195,24.57574401546125],[121.77009738377782,24.57569386945988],[121.77004220811283,24.566665788868804],[121.76017055860099,24.566715914060495]]]},"properties":{"grid_id":"G029_045","綠地類型":"河川沿岸自然地表","中心經度":121.765134,"中心緯度":24.571205,"分析面積_km2":1.04,"2020面積_ha":53.37,"2024面積_ha":53.37,"面積減少率_pct":0.0,"2020斑塊數":1,"2024斑塊數":1,"斑塊數增加率_pct":0.0,"2020平均斑塊面積_ha":1589.85,"2024平均斑塊面積_ha":1568.25,"平均斑塊面積下降率_pct":1.36,"道路切割密度_km_per_km2":0.0,"建成區邊界切割密度_km_per_km2":0.0,"孤立小斑塊比例_pct":0.0,"距大型連續綠地平均距離_m":0.0,"score_面積減少":36.206896551724135,"score_斑塊增加":44.260435571687836,"score_平均斑塊縮小":69.73684210526315,"score_道路建成區切割":25.941470054446462,"score_孤立比例":40.58529945553539,"score_距大型綠地":38.40744101633394,"綜合破碎化分數":42.5,"破碎化等級":"中","判定原因":"面積減少0.0%；斑塊增加0.0%；平均斑塊縮小1.4%；道路密度0.00 km/km²；孤立比例0.0%；距大型綠地0m","2021面積_ha":53.37,"2022面積_ha":53.37,"2023面積_ha":53.37}},{"type":"Feature","geometry":{"type":"Polygon","coordinates":[[[121.77004220811283,24.566665788868804],[121.77009738377782,24.57569386945988],[121.7799697135286,24.57564307659566],[121.77991383070808,24.566615017082682],[121.77004220811283,24.566665788868804]]]},"properties":{"grid_id":"G029_046","綠地類型":"河川沿岸自然地表","中心經度":121.775006,"中心緯度":24.571155,"分析面積_km2":1.04,"2020面積_ha":26.82,"2024面積_ha":26.82,"面積減少率_pct":0.0,"2020斑塊數":1,"2024斑塊數":1,"斑塊數增加率_pct":0.0,"2020平均斑塊面積_ha":1589.85,"2024平均斑塊面積_ha":1568.25,"平均斑塊面積下降率_pct":1.36,"道路切割密度_km_per_km2":0.0,"建成區邊界切割密度_km_per_km2":0.0,"孤立小斑塊比例_pct":0.0,"距大型連續綠地平均距離_m":0.0,"score_面積減少":36.206896551724135,"score_斑塊增加":44.260435571687836,"score_平均斑塊縮小":69.73684210526315,"score_道路建成區切割":25.941470054446462,"score_孤立比例":40.58529945553539,"score_距大型綠地":38.40744101633394,"綜合破碎化分數":42.5,"破碎化等級":"中","判定原因":"面積減少0.0%；斑塊增加0.0%；平均斑塊縮小1.4%；道路密度0.00 km/km²；孤立比例0.0%；距大型綠地0m","2021面積_ha":26.82,"2022面積_ha":26.82,"2023面積_ha":26.82}},{"type":"Feature","geometry":{"type":"Polygon","coordinates":[[[121.77991383070808,24.566615017082682],[121.7799697135286,24.57564307659566],[121.78984201600923,24.575591636875604],[121.78978542604176,24.56656359870915],[121.77991383070808,24.566615017082682]]]},"properties":{"grid_id":"G029_047","綠地類型":"河川沿岸自然地表","中心經度":121.784878,"中心緯度":24.571103,"分析面積_km2":1.04,"2020面積_ha":23.4,"2024面積_ha":23.4,"面積減少率_pct":0.0,"2020斑塊數":1,"2024斑塊數":1,"斑塊數增加率_pct":0.0,"2020平均斑塊面積_ha":1589.85,"2024平均斑塊面積_ha":1568.25,"平均斑塊面積下降率_pct":1.36,"道路切割密度_km_per_km2":0.0,"建成區邊界切割密度_km_per_km2":0.0,"孤立小斑塊比例_pct":0.0,"距大型連續綠地平均距離_m":0.0,"score_面積減少":36.206896551724135,"score_斑塊增加":44.260435571687836,"score_平均斑塊縮小":69.73684210526315,"score_道路建成區切割":25.941470054446462,"score_孤立比例":40.58529945553539,"score_距大型綠地":38.40744101633394,"綜合破碎化分數":42.5,"破碎化等級":"中","判定原因":"面積減少0.0%；斑塊增加0.0%；平均斑塊縮小1.4%；道路密度0.00 km/km²；孤立比例0.0%；距大型綠地0m","2021面積_ha":23.4,"2022面積_ha":23.4,"2023面積_ha":23.4}},{"type":"Feature","geometry":{"type":"Polygon","coordinates":[[[121.78978542604176,24.56656359870915],[121.78984201600923,24.575591636875604],[121.7997142908747,24.57553955030683],[121.79965699376896,24.566511533755293],[121.78978542604176,24.56656359870915]]]},"properties":{"grid_id":"G029_048","綠地類型":"河川沿岸自然地表","中心經度":121.79475,"中心緯度":24.571052,"分析面積_km2":1.04,"2020面積_ha":8.64,"2024面積_ha":8.64,"面積減少率_pct":0.0,"2020斑塊數":1,"2024斑塊數":1,"斑塊數增加率_pct":0.0,"2020平均斑塊面積_ha":1589.85,"2024平均斑塊面積_ha":1568.25,"平均斑塊面積下降率_pct":1.36,"道路切割密度_km_per_km2":0.0,"建成區邊界切割密度_km_per_km2":0.0,"孤立小斑塊比例_pct":0.0,"距大型連續綠地平均距離_m":0.0,"score_面積減少":36.206896551724135,"score_斑塊增加":44.260435571687836,"score_平均斑塊縮小":69.73684210526315,"score_道路建成區切割":25.941470054446462,"score_孤立比例":40.58529945553539,"score_距大型綠地":38.40744101633394,"綜合破碎化分數":42.5,"破碎化等級":"中","判定原因":"面積減少0.0%；斑塊增加0.0%；平均斑塊縮小1.4%；道路密度0.00 km/km²；孤立比例0.0%；距大型綠地0m","2021面積_ha":8.64,"2022面積_ha":8.64,"2023面積_ha":8.64}},{"type":"Feature","geometry":{"type":"Polygon","coordinates":[[[121.79965699376896,24.566511533755293],[121.7997142908747,24.57553955030683],[121.80958653777994,24.575486816896504],[121.80952853354474,24.566458822228306],[121.79965699376896,24.566511533755293]]]},"properties":{"grid_id":"G029_049","綠地類型":"河川沿岸自然地表","中心經度":121.804622,"中心緯度":24.570999,"分析面積_km2":1.04,"2020面積_ha":73.8,"2024面積_ha":73.8,"面積減少率_pct":0.0,"2020斑塊數":1,"2024斑塊數":1,"斑塊數增加率_pct":0.0,"2020平均斑塊面積_ha":1589.85,"2024平均斑塊面積_ha":1568.25,"平均斑塊面積下降率_pct":1.36,"道路切割密度_km_per_km2":1.298,"建成區邊界切割密度_km_per_km2":0.0,"孤立小斑塊比例_pct":0.0,"距大型連續綠地平均距離_m":0.0,"score_面積減少":36.206896551724135,"score_斑塊增加":44.260435571687836,"score_平均斑塊縮小":69.73684210526315,"score_道路建成區切割":40.85753176043558,"score_孤立比例":40.58529945553539,"score_距大型綠地":38.40744101633394,"綜合破碎化分數":45.0,"破碎化等級":"中","判定原因":"面積減少0.0%；斑塊增加0.0%；平均斑塊縮小1.4%；道路密度1.30 km/km²；孤立比例0.0%；距大型綠地0m","2021面積_ha":73.8,"2022面積_ha":73.8,"2023面積_ha":73.71}},{"type":"Feature","geometry":{"type":"Polygon","coordinates":[[[121.80952853354474,24.566458822228306],[121.80958653777994,24.575486816896504],[121.81945875637992,24.575433436651913],[121.81940004502421,24.56640546413546],[121.80952853354474,24.566458822228306]]]},"properties":{"grid_id":"G029_050","綠地類型":"河川沿岸自然地表","中心經度":121.814493,"中心緯度":24.570946,"分析面積_km2":1.04,"2020面積_ha":29.07,"2024面積_ha":29.07,"面積減少率_pct":0.0,"2020斑塊數":2,"2024斑塊數":2,"斑塊數增加率_pct":0.0,"2020平均斑塊面積_ha":941.445,"2024平均斑塊面積_ha":930.51,"平均斑塊面積下降率_pct":1.16,"道路切割密度_km_per_km2":1.038,"建成區邊界切割密度_km_per_km2":0.0,"孤立小斑塊比例_pct":0.0,"距大型連續綠地平均距離_m":0.0,"score_面積減少":36.206896551724135,"score_斑塊增加":44.260435571687836,"score_平均斑塊縮小":68.82940108892922,"score_道路建成區切割":39.67785843920145,"score_孤立比例":40.58529945553539,"score_距大型綠地":38.40744101633394,"綜合破碎化分數":44.7,"破碎化等級":"中","判定原因":"面積減少0.0%；斑塊增加0.0%；平均斑塊縮小1.2%；道路密度1.04 km/km²；孤立比例0.0%；距大型綠地0m","2021面積_ha":29.07,"2022面積_ha":29.07,"2023面積_ha":29.07}},{"type":"Feature","geometry":{"type":"Polygon","coordinates":[[[121.41470798978526,24.586120203782432],[121.41467826202296,24.57709155402522],[121.41114968746544,24.57710122612692],[121.4108004,24.57759799999999],[121.4105897,24.578492199999996],[121.41020700000001,24.579366100000005],[121.4093492,24.580946499999996],[121.4089278,24.5815853],[121.408423,24.582253400000003],[121.40777479999998,24.583171399999998],[121.4071623,24.583949199999996],[121.40670690000002,24.584614300000002],[121.40586860000002,24.5856681],[121.40556087873343,24.58614511472203],[121.41470798978526,24.586120203782432]]]},"properties":{"grid_id":"G030_009","綠地類型":"河川沿岸自然地表","中心經度":121.411685,"中心緯度":24.581911,"分析面積_km2":0.644,"2020面積_ha":6.12,"2024面積_ha":6.12,"面積減少率_pct":0.0,"2020斑塊數":1,"2024斑塊數":1,"斑塊數增加率_pct":0.0,"2020平均斑塊面積_ha":290.88,"2024平均斑塊面積_ha":291.96,"平均斑塊面積下降率_pct":0.0,"道路切割密度_km_per_km2":4.196,"建成區邊界切割密度_km_per_km2":0.0,"孤立小斑塊比例_pct":0.0,"距大型連續綠地平均距離_m":0.0,"score_面積減少":36.206896551724135,"score_斑塊增加":44.260435571687836,"score_平均斑塊縮小":28.153357531760438,"score_道路建成區切割":54.423774954627945,"score_孤立比例":40.58529945553539,"score_距大型綠地":38.40744101633394,"綜合破碎化分數":40.3,"破碎化等級":"中","判定原因":"面積減少0.0%；斑塊增加0.0%；平均斑塊縮小0.0%；道路密度4.20 km/km²；孤立比例0.0%；距大型綠地0m","2021面積_ha":6.12,"2022面積_ha":6.12,"2023面積_ha":6.12}},{"type":"Feature","geometry":{"type":"Polygon","coordinates":[[[121.4245513436594,24.57706405194717],[121.42458177915925,24.586092690289686],[121.43445555368311,24.58606452947637],[121.43442441045036,24.577035902817098],[121.4245513436594,24.57706405194717]]]},"properties":{"grid_id":"G030_011","綠地類型":"河川沿岸自然地表","中心經度":121.429503,"中心緯度":24.581564,"分析面積_km2":1.04,"2020面積_ha":58.5,"2024面積_ha":57.78,"面積減少率_pct":1.23,"2020斑塊數":1,"2024斑塊數":1,"斑塊數增加率_pct":0.0,"2020平均斑塊面積_ha":290.88,"2024平均斑塊面積_ha":291.96,"平均斑塊面積下降率_pct":0.0,"道路切割密度_km_per_km2":0.0,"建成區邊界切割密度_km_per_km2":0.0,"孤立小斑塊比例_pct":0.0,"距大型連續綠地平均距離_m":0.0,"score_面積減少":78.24410163339383,"score_斑塊增加":44.260435571687836,"score_平均斑塊縮小":28.153357531760438,"score_道路建成區切割":25.941470054446462,"score_孤立比例":40.58529945553539,"score_距大型綠地":38.40744101633394,"綜合破碎化分數":42.6,"破碎化等級":"中","判定原因":"面積減少1.2%；斑塊增加0.0%；平均斑塊縮小0.0%；道路密度0.00 km/km²；孤立比例0.0%；距大型綠地0m","2021面積_ha":58.23,"2022面積_ha":57.33,"2023面積_ha":57.78}},{"type":"Feature","geometry":{"type":"Polygon","coordinates":[[[121.48378950964111,24.576885451525776],[121.48382419146431,24.5859140157406],[121.49369786963588,24.585881971088703],[121.49366248011015,24.576853420168394],[121.48378950964111,24.576885451525776]]]},"properties":{"grid_id":"G030_017","綠地類型":"河川沿岸自然地表","中心經度":121.488744,"中心緯度":24.581384,"分析面積_km2":1.04,"2020面積_ha":43.29,"2024面積_ha":44.91,"面積減少率_pct":0.0,"2020斑塊數":1,"2024斑塊數":1,"斑塊數增加率_pct":0.0,"2020平均斑塊面積_ha":1148.67,"2024平均斑塊面積_ha":1947.87,"平均斑塊面積下降率_pct":0.0,"道路切割密度_km_per_km2":4.441,"建成區邊界切割密度_km_per_km2":0.0,"孤立小斑塊比例_pct":0.0,"距大型連續綠地平均距離_m":0.0,"score_面積減少":36.206896551724135,"score_斑塊增加":44.260435571687836,"score_平均斑塊縮小":28.153357531760438,"score_道路建成區切割":54.90018148820327,"score_孤立比例":40.58529945553539,"score_距大型綠地":38.40744101633394,"綜合破碎化分數":40.4,"破碎化等級":"中","判定原因":"面積減少0.0%；斑塊增加0.0%；平均斑塊縮小0.0%；道路密度4.44 km/km²；孤立比例0.0%；距大型綠地0m","2021面積_ha":48.06,"2022面積_ha":45.81,"2023面積_ha":45.63}},{"type":"Feature","geometry":{"type":"Polygon","coordinates":[[[121.49366248011015,24.576853420168394],[121.49369786963588,24.585881971088703],[121.50357153054019,24.585849279145332],[121.50353543331738,24.57682074178808],[121.49366248011015,24.576853420168394]]]},"properties":{"grid_id":"G030_018","綠地類型":"河川沿岸自然地表","中心經度":121.498617,"中心緯度":24.581351,"分析面積_km2":1.04,"2020面積_ha":55.08,"2024面積_ha":58.68,"面積減少率_pct":0.0,"2020斑塊數":2,"2024斑塊數":1,"斑塊數增加率_pct":0.0,"2020平均斑塊面積_ha":574.515,"2024平均斑塊面積_ha":1947.87,"平均斑塊面積下降率_pct":0.0,"道路切割密度_km_per_km2":3.143,"建成區邊界切割密度_km_per_km2":0.0,"孤立小斑塊比例_pct":0.0,"距大型連續綠地平均距離_m":0.0,"score_面積減少":36.206896551724135,"score_斑塊增加":44.260435571687836,"score_平均斑塊縮小":28.153357531760438,"score_道路建成區切割":51.38384754990926,"score_孤立比例":40.58529945553539,"score_距大型綠地":38.40744101633394,"綜合破碎化分數":39.8,"破碎化等級":"中","判定原因":"面積減少0.0%；斑塊增加0.0%；平均斑塊縮小0.0%；道路密度3.14 km/km²；孤立比例0.0%；距大型綠地0m","2021面積_ha":65.43,"2022面積_ha":60.84,"2023面積_ha":60.39}},{"type":"Feature","geometry":{"type":"Polygon","coordinates":[[[121.51340836891764,24.576787416389354],[121.51344517383198,24.585815939915015],[121.52331879916598,24.585781953402346],[121.52328128656573,24.576753443976816],[121.51340836891764,24.576787416389354]]]},"properties":{"grid_id":"G030_020","綠地類型":"河川沿岸自然地表","中心經度":121.518363,"中心緯度":24.581285,"分析面積_km2":1.04,"2020面積_ha":31.86,"2024面積_ha":31.77,"面積減少率_pct":0.28,"2020斑塊數":1,"2024斑塊數":1,"斑塊數增加率_pct":0.0,"2020平均斑塊面積_ha":1148.67,"2024平均斑塊面積_ha":1947.87,"平均斑塊面積下降率_pct":0.0,"道路切割密度_km_per_km2":2.047,"建成區邊界切割密度_km_per_km2":0.0,"孤立小斑塊比例_pct":0.0,"距大型連續綠地平均距離_m":0.0,"score_面積減少":73.82032667876588,"score_斑塊增加":44.260435571687836,"score_平均斑塊縮小":28.153357531760438,"score_道路建成區切割":46.67649727767696,"score_孤立比例":40.58529945553539,"score_距大型綠地":38.40744101633394,"綜合破碎化分數":45.3,"破碎化等級":"中","判定原因":"面積減少0.3%；斑塊增加0.0%；平均斑塊縮小0.0%；道路密度2.05 km/km²；孤立比例0.0%；距大型綠地0m","2021面積_ha":31.86,"2022面積_ha":31.77,"2023面積_ha":31.86}},{"type":"Feature","geometry":{"type":"Polygon","coordinates":[[[121.52328128656573,24.576753443976816],[121.52331879916598,24.585781953402346],[121.53319240619687,24.585747319612018],[121.53315418591653,24.576718824555147],[121.52328128656573,24.576753443976816]]]},"properties":{"grid_id":"G030_021","綠地類型":"河川沿岸自然地表","中心經度":121.528237,"中心緯度":24.58125,"分析面積_km2":1.04,"2020面積_ha":2.25,"2024面積_ha":2.25,"面積減少率_pct":0.0,"2020斑塊數":1,"2024斑塊數":1,"斑塊數增加率_pct":0.0,"2020平均斑塊面積_ha":777.87,"2024平均斑塊面積_ha":1947.87,"平均斑塊面積下降率_pct":0.0,"道路切割密度_km_per_km2":3.316,"建成區邊界切割密度_km_per_km2":0.0,"孤立小斑塊比例_pct":0.0,"距大型連續綠地平均距離_m":0.0,"score_面積減少":36.206896551724135,"score_斑塊增加":44.260435571687836,"score_平均斑塊縮小":28.153357531760438,"score_道路建成區切割":52.05308529945553,"score_孤立比例":40.58529945553539,"score_距大型綠地":38.40744101633394,"綜合破碎化分數":39.9,"破碎化等級":"中","判定原因":"面積減少0.0%；斑塊增加0.0%；平均斑塊縮小0.0%；道路密度3.32 km/km²；孤立比例0.0%；距大型綠地0m","2021面積_ha":2.25,"2022面積_ha":2.25,"2023面積_ha":2.25}},{"type":"Feature","geometry":{"type":"Polygon","coordinates":[[[121.53315418591653,24.576718824555147],[121.53319240619687,24.585747319612018],[121.54306599457942,24.585712038548824],[121.54302706662487,24.576683558129137],[121.53315418591653,24.576718824555147]]]},"properties":{"grid_id":"G030_022","綠地類型":"河川沿岸自然地表","中心經度":121.53811,"中心緯度":24.581216,"分析面積_km2":1.04,"2020面積_ha":45.36,"2024面積_ha":44.82,"面積減少率_pct":1.19,"2020斑塊數":1,"2024斑塊數":1,"斑塊數增加率_pct":0.0,"2020平均斑塊面積_ha":777.87,"2024平均斑塊面積_ha":1947.87,"平均斑塊面積下降率_pct":0.0,"道路切割密度_km_per_km2":1.903,"建成區邊界切割密度_km_per_km2":0.0,"孤立小斑塊比例_pct":0.0,"距大型連續綠地平均距離_m":0.0,"score_面積減少":77.9491833030853,"score_斑塊增加":44.260435571687836,"score_平均斑塊縮小":28.153357531760438,"score_道路建成區切割":45.80308529945553,"score_孤立比例":40.58529945553539,"score_距大型綠地":38.40744101633394,"綜合破碎化分數":45.9,"破碎化等級":"中","判定原因":"面積減少1.2%；斑塊增加0.0%；平均斑塊縮小0.0%；道路密度1.90 km/km²；孤立比例0.0%；距大型綠地0m","2021面積_ha":46.98,"2022面積_ha":45.18,"2023面積_ha":44.28}},{"type":"Feature","geometry":{"type":"Polygon","coordinates":[[[121.66150005537729,24.57620989653976],[121.66154747492477,24.585238180368922],[121.67142078946078,24.585194485234187],[121.67137266232534,24.576166219532844],[121.66150005537729,24.57620989653976]]]},"properties":{"grid_id":"G030_035","綠地類型":"河川沿岸自然地表","中心經度":121.66646,"中心緯度":24.580702,"分析面積_km2":1.04,"2020面積_ha":15.12,"2024面積_ha":15.12,"面積減少率_pct":0.0,"2020斑塊數":1,"2024斑塊數":1,"斑塊數增加率_pct":0.0,"2020平均斑塊面積_ha":574.65,"2024平均斑塊面積_ha":551.61,"平均斑塊面積下降率_pct":4.01,"道路切割密度_km_per_km2":3.143,"建成區邊界切割密度_km_per_km2":0.0,"孤立小斑塊比例_pct":0.0,"距大型連續綠地平均距離_m":0.0,"score_面積減少":36.206896551724135,"score_斑塊增加":44.260435571687836,"score_平均斑塊縮小":73.57078039927404,"score_道路建成區切割":51.38384754990926,"score_孤立比例":40.58529945553539,"score_距大型綠地":38.40744101633394,"綜合破碎化分數":47.4,"破碎化等級":"中","判定原因":"面積減少0.0%；斑塊增加0.0%；平均斑塊縮小4.0%；道路密度3.14 km/km²；孤立比例0.0%；距大型綠地0m","2021面積_ha":15.12,"2022面積_ha":15.12,"2023面積_ha":15.12}},{"type":"Feature","geometry":{"type":"Polygon","coordinates":[[[121.67137266232534,24.576166219532844],[121.67142078946078,24.585194485234187],[121.68129408051504,24.585150142902908],[121.68124524579906,24.576121895597872],[121.67137266232534,24.576166219532844]]]},"properties":{"grid_id":"G030_036","綠地類型":"河川沿岸自然地表","中心經度":121.676333,"中心緯度":24.580658,"分析面積_km2":1.04,"2020面積_ha":63.36,"2024面積_ha":63.36,"面積減少率_pct":0.0,"2020斑塊數":1,"2024斑塊數":1,"斑塊數增加率_pct":0.0,"2020平均斑塊面積_ha":574.65,"2024平均斑塊面積_ha":551.61,"平均斑塊面積下降率_pct":4.01,"道路切割密度_km_per_km2":3.489,"建成區邊界切割密度_km_per_km2":0.0,"孤立小斑塊比例_pct":0.0,"距大型連續綠地平均距離_m":0.0,"score_面積減少":36.206896551724135,"score_斑塊增加":44.260435571687836,"score_平均斑塊縮小":73.57078039927404,"score_道路建成區切割":52.5975499092559,"score_孤立比例":40.58529945553539,"score_距大型綠地":38.40744101633394,"綜合破碎化分數":47.6,"破碎化等級":"中","判定原因":"面積減少0.0%；斑塊增加0.0%；平均斑塊縮小4.0%；道路密度3.49 km/km²；孤立比例0.0%；距大型綠地0m","2021面積_ha":63.36,"2022面積_ha":63.36,"2023面積_ha":63.36}},{"type":"Feature","geometry":{"type":"Polygon","coordinates":[[[121.68124524579906,24.576121895597872],[121.68129408051504,24.585150142902908],[121.69116734774238,24.585105153381207],[121.69111780545335,24.57607692474097],[121.68124524579906,24.576121895597872]]]},"properties":{"grid_id":"G030_037","綠地類型":"河川沿岸自然地表","中心經度":121.686206,"中心緯度":24.580614,"分析面積_km2":1.04,"2020面積_ha":42.21,"2024面積_ha":42.21,"面積減少率_pct":0.0,"2020斑塊數":1,"2024斑塊數":1,"斑塊數增加率_pct":0.0,"2020平均斑塊面積_ha":574.65,"2024平均斑塊面積_ha":551.61,"平均斑塊面積下降率_pct":4.01,"道路切割密度_km_per_km2":1.211,"建成區邊界切割密度_km_per_km2":0.0,"孤立小斑塊比例_pct":0.0,"距大型連續綠地平均距離_m":0.0,"score_面積減少":36.206896551724135,"score_斑塊增加":44.260435571687836,"score_平均斑塊縮小":73.57078039927404,"score_道路建成區切割":40.369782214156075,"score_孤立比例":40.58529945553539,"score_距大型綠地":38.40744101633394,"綜合破碎化分數":45.6,"破碎化等級":"中","判定原因":"面積減少0.0%；斑塊增加0.0%；平均斑塊縮小4.0%；道路密度1.21 km/km²；孤立比例0.0%；距大型綠地0m","2021面積_ha":42.21,"2022面積_ha":42.21,"2023面積_ha":42.21}},{"type":"Feature","geometry":{"type":"Polygon","coordinates":[[[121.69111780545335,24.57607692474097],[121.69116734774238,24.585105153381207],[121.70104059079758,24.585059516675297],[121.70099034094311,24.576031306968343],[121.69111780545335,24.57607692474097]]]},"properties":{"grid_id":"G030_038","綠地類型":"河川沿岸自然地表","中心經度":121.696079,"中心緯度":24.580568,"分析面積_km2":1.04,"2020面積_ha":4.77,"2024面積_ha":4.77,"面積減少率_pct":0.0,"2020斑塊數":2,"2024斑塊數":2,"斑塊數增加率_pct":0.0,"2020平均斑塊面積_ha":357.975,"2024平均斑塊面積_ha":339.3,"平均斑塊面積下降率_pct":5.22,"道路切割密度_km_per_km2":1.644,"建成區邊界切割密度_km_per_km2":0.0,"孤立小斑塊比例_pct":0.0,"距大型連續綠地平均距離_m":0.0,"score_面積減少":36.206896551724135,"score_斑塊增加":44.260435571687836,"score_平均斑塊縮小":74.13793103448276,"score_道路建成區切割":43.93148820326679,"score_孤立比例":40.58529945553539,"score_距大型綠地":38.40744101633394,"綜合破碎化分數":46.3,"破碎化等級":"中","判定原因":"面積減少0.0%；斑塊增加0.0%；平均斑塊縮小5.2%；道路密度1.64 km/km²；孤立比例0.0%；距大型綠地0m","2021面積_ha":4.77,"2022面積_ha":4.77,"2023面積_ha":4.77}},{"type":"Feature","geometry":{"type":"Polygon","coordinates":[[[121.70099034094311,24.576031306968343],[121.70104059079758,24.585059516675297],[121.71091380933541,24.585013232791482],[121.71086285192324,24.57598504228628],[121.70099034094311,24.576031306968343]]]},"properties":{"grid_id":"G030_039","綠地類型":"河川沿岸自然地表","中心經度":121.705952,"中心緯度":24.580522,"分析面積_km2":1.04,"2020面積_ha":19.89,"2024面積_ha":19.89,"面積減少率_pct":0.0,"2020斑塊數":3,"2024斑塊數":3,"斑塊數增加率_pct":0.0,"2020平均斑塊面積_ha":1511.46,"2024平均斑塊面積_ha":1606.65,"平均斑塊面積下降率_pct":0.0,"道路切割密度_km_per_km2":3.23,"建成區邊界切割密度_km_per_km2":0.0,"孤立小斑塊比例_pct":0.0,"距大型連續綠地平均距離_m":0.0,"score_面積減少":36.206896551724135,"score_斑塊增加":44.260435571687836,"score_平均斑塊縮小":28.153357531760438,"score_道路建成區切割":51.690108892921955,"score_孤立比例":40.58529945553539,"score_距大型綠地":38.40744101633394,"綜合破碎化分數":39.9,"破碎化等級":"中","判定原因":"面積減少0.0%；斑塊增加0.0%；平均斑塊縮小0.0%；道路密度3.23 km/km²；孤立比例0.0%；距大型綠地0m","2021面積_ha":19.89,"2022面積_ha":19.89,"2023面積_ha":19.89}},{"type":"Feature","geometry":{"type":"Polygon","coordinates":[[[121.73060779897433,24.575890572219528],[121.7306601714783,24.58491872351577],[121.740533314393,24.584870498136922],[121.74048023435515,24.575842366847862],[121.73060779897433,24.575890572219528]]]},"properties":{"grid_id":"G030_042","綠地類型":"河川沿岸自然地表","中心經度":121.73557,"中心緯度":24.580381,"分析面積_km2":1.04,"2020面積_ha":63.27,"2024面積_ha":62.91,"面積減少率_pct":0.57,"2020斑塊數":1,"2024斑塊數":1,"斑塊數增加率_pct":0.0,"2020平均斑塊面積_ha":437.22,"2024平均斑塊面積_ha":454.68,"平均斑塊面積下降率_pct":0.0,"道路切割密度_km_per_km2":0.0,"建成區邊界切割密度_km_per_km2":0.0,"孤立小斑塊比例_pct":0.0,"距大型連續綠地平均距離_m":0.0,"score_面積減少":75.61252268602541,"score_斑塊增加":44.260435571687836,"score_平均斑塊縮小":28.153357531760438,"score_道路建成區切割":25.941470054446462,"score_孤立比例":40.58529945553539,"score_距大型綠地":38.40744101633394,"綜合破碎化分數":42.2,"破碎化等級":"中","判定原因":"面積減少0.6%；斑塊增加0.0%；平均斑塊縮小0.0%；道路密度0.00 km/km²；孤立比例0.0%；距大型綠地0m","2021面積_ha":63.27,"2022面積_ha":63.0,"2023面積_ha":62.46}},{"type":"Feature","geometry":{"type":"Polygon","coordinates":[[[121.75035264384604,24.575793514592856],[121.75040643140962,24.58482162560627],[121.76027952218297,24.584772105930547],[121.76022502710195,24.57574401546125],[121.75035264384604,24.575793514592856]]]},"properties":{"grid_id":"G030_044","綠地類型":"河川沿岸自然地表","中心經度":121.755316,"中心緯度":24.580283,"分析面積_km2":1.04,"2020面積_ha":33.66,"2024面積_ha":33.66,"面積減少率_pct":0.0,"2020斑塊數":1,"2024斑塊數":1,"斑塊數增加率_pct":0.0,"2020平均斑塊面積_ha":1589.85,"2024平均斑塊面積_ha":1568.25,"平均斑塊面積下降率_pct":1.36,"道路切割密度_km_per_km2":0.0,"建成區邊界切割密度_km_per_km2":0.0,"孤立小斑塊比例_pct":0.0,"距大型連續綠地平均距離_m":0.0,"score_面積減少":36.206896551724135,"score_斑塊增加":44.260435571687836,"score_平均斑塊縮小":69.73684210526315,"score_道路建成區切割":25.941470054446462,"score_孤立比例":40.58529945553539,"score_距大型綠地":38.40744101633394,"綜合破碎化分數":42.5,"破碎化等級":"中","判定原因":"面積減少0.0%；斑塊增加0.0%；平均斑塊縮小1.4%；道路密度0.00 km/km²；孤立比例0.0%；距大型綠地0m","2021面積_ha":33.66,"2022面積_ha":33.66,"2023面積_ha":33.66}},{"type":"Feature","geometry":{"type":"Polygon","coordinates":[[[121.76022502710195,24.57574401546125],[121.76027952218297,24.584772105930547],[121.7701525863679,24.5847219391166],[121.77009738377782,24.57569386945988],[121.76022502710195,24.57574401546125]]]},"properties":{"grid_id":"G030_045","綠地類型":"河川沿岸自然地表","中心經度":121.765189,"中心緯度":24.580233,"分析面積_km2":1.04,"2020面積_ha":67.5,"2024面積_ha":67.5,"面積減少率_pct":0.0,"2020斑塊數":1,"2024斑塊數":1,"斑塊數增加率_pct":0.0,"2020平均斑塊面積_ha":1589.85,"2024平均斑塊面積_ha":1568.25,"平均斑塊面積下降率_pct":1.36,"道路切割密度_km_per_km2":0.0,"建成區邊界切割密度_km_per_km2":0.0,"孤立小斑塊比例_pct":0.0,"距大型連續綠地平均距離_m":0.0,"score_面積減少":36.206896551724135,"score_斑塊增加":44.260435571687836,"score_平均斑塊縮小":69.73684210526315,"score_道路建成區切割":25.941470054446462,"score_孤立比例":40.58529945553539,"score_距大型綠地":38.40744101633394,"綜合破碎化分數":42.5,"破碎化等級":"中","判定原因":"面積減少0.0%；斑塊增加0.0%；平均斑塊縮小1.4%；道路密度0.00 km/km²；孤立比例0.0%；距大型綠地0m","2021面積_ha":67.5,"2022面積_ha":67.5,"2023面積_ha":67.5}},{"type":"Feature","geometry":{"type":"Polygon","coordinates":[[[121.77009738377782,24.57569386945988],[121.7701525863679,24.5847219391166],[121.78002562361928,24.58467112517135],[121.7799697135286,24.57564307659566],[121.77009738377782,24.57569386945988]]]},"properties":{"grid_id":"G030_046","綠地類型":"河川沿岸自然地表","中心經度":121.775061,"中心緯度":24.580183,"分析面積_km2":1.04,"2020面積_ha":50.58,"2024面積_ha":50.58,"面積減少率_pct":0.0,"2020斑塊數":1,"2024斑塊數":1,"斑塊數增加率_pct":0.0,"2020平均斑塊面積_ha":1589.85,"2024平均斑塊面積_ha":1568.25,"平均斑塊面積下降率_pct":1.36,"道路切割密度_km_per_km2":0.0,"建成區邊界切割密度_km_per_km2":0.0,"孤立小斑塊比例_pct":0.0,"距大型連續綠地平均距離_m":0.0,"score_面積減少":36.206896551724135,"score_斑塊增加":44.260435571687836,"score_平均斑塊縮小":69.73684210526315,"score_道路建成區切割":25.941470054446462,"score_孤立比例":40.58529945553539,"score_距大型綠地":38.40744101633394,"綜合破碎化分數":42.5,"破碎化等級":"中","判定原因":"面積減少0.0%；斑塊增加0.0%；平均斑塊縮小1.4%；道路密度0.00 km/km²；孤立比例0.0%；距大型綠地0m","2021面積_ha":50.58,"2022面積_ha":50.58,"2023面積_ha":50.58}},{"type":"Feature","geometry":{"type":"Polygon","coordinates":[[[121.7799697135286,24.57564307659566],[121.78002562361928,24.58467112517135],[121.7898986335919,24.58461966410181],[121.78984201600923,24.575591636875604],[121.7799697135286,24.57564307659566]]]},"properties":{"grid_id":"G030_047","綠地類型":"河川沿岸自然地表","中心經度":121.784934,"中心緯度":24.580131,"分析面積_km2":1.04,"2020面積_ha":34.02,"2024面積_ha":34.02,"面積減少率_pct":0.0,"2020斑塊數":1,"2024斑塊數":1,"斑塊數增加率_pct":0.0,"2020平均斑塊面積_ha":1589.85,"2024平均斑塊面積_ha":1568.25,"平均斑塊面積下降率_pct":1.36,"道路切割密度_km_per_km2":0.0,"建成區邊界切割密度_km_per_km2":0.0,"孤立小斑塊比例_pct":0.0,"距大型連續綠地平均距離_m":0.0,"score_面積減少":36.206896551724135,"score_斑塊增加":44.260435571687836,"score_平均斑塊縮小":69.73684210526315,"score_道路建成區切割":25.941470054446462,"score_孤立比例":40.58529945553539,"score_距大型綠地":38.40744101633394,"綜合破碎化分數":42.5,"破碎化等級":"中","判定原因":"面積減少0.0%；斑塊增加0.0%；平均斑塊縮小1.4%；道路密度0.00 km/km²；孤立比例0.0%；距大型綠地0m","2021面積_ha":34.02,"2022面積_ha":34.02,"2023面積_ha":34.02}},{"type":"Feature","geometry":{"type":"Polygon","coordinates":[[[121.78984201600923,24.575591636875604],[121.7898986335919,24.58461966410181],[121.79977161594064,24.584567555915097],[121.7997142908747,24.57553955030683],[121.78984201600923,24.575591636875604]]]},"properties":{"grid_id":"G030_048","綠地類型":"河川沿岸自然地表","中心經度":121.794807,"中心緯度":24.58008,"分析面積_km2":1.04,"2020面積_ha":38.79,"2024面積_ha":38.79,"面積減少率_pct":0.0,"2020斑塊數":1,"2024斑塊數":1,"斑塊數增加率_pct":0.0,"2020平均斑塊面積_ha":1589.85,"2024平均斑塊面積_ha":1568.25,"平均斑塊面積下降率_pct":1.36,"道路切割密度_km_per_km2":0.0,"建成區邊界切割密度_km_per_km2":0.0,"孤立小斑塊比例_pct":0.0,"距大型連續綠地平均距離_m":0.0,"score_面積減少":36.206896551724135,"score_斑塊增加":44.260435571687836,"score_平均斑塊縮小":69.73684210526315,"score_道路建成區切割":25.941470054446462,"score_孤立比例":40.58529945553539,"score_距大型綠地":38.40744101633394,"綜合破碎化分數":42.5,"破碎化等級":"中","判定原因":"面積減少0.0%；斑塊增加0.0%；平均斑塊縮小1.4%；道路密度0.00 km/km²；孤立比例0.0%；距大型綠地0m","2021面積_ha":38.79,"2022面積_ha":38.79,"2023面積_ha":38.79}},{"type":"Feature","geometry":{"type":"Polygon","coordinates":[[[121.7997142908747,24.57553955030683],[121.79977161594064,24.584567555915097],[121.80964457032037,24.58451480061839],[121.80958653777994,24.575486816896504],[121.7997142908747,24.57553955030683]]]},"properties":{"grid_id":"G030_049","綠地類型":"河川沿岸自然地表","中心經度":121.804679,"中心緯度":24.580027,"分析面積_km2":1.04,"2020面積_ha":62.01,"2024面積_ha":62.01,"面積減少率_pct":0.0,"2020斑塊數":1,"2024斑塊數":1,"斑塊數增加率_pct":0.0,"2020平均斑塊面積_ha":1589.85,"2024平均斑塊面積_ha":1568.25,"平均斑塊面積下降率_pct":1.36,"道路切割密度_km_per_km2":1.615,"建成區邊界切割密度_km_per_km2":0.0,"孤立小斑塊比例_pct":0.0,"距大型連續綠地平均距離_m":0.0,"score_面積減少":36.206896551724135,"score_斑塊增加":44.260435571687836,"score_平均斑塊縮小":69.73684210526315,"score_道路建成區切割":43.579854809437386,"score_孤立比例":40.58529945553539,"score_距大型綠地":38.40744101633394,"綜合破碎化分數":45.5,"破碎化等級":"中","判定原因":"面積減少0.0%；斑塊增加0.0%；平均斑塊縮小1.4%；道路密度1.61 km/km²；孤立比例0.0%；距大型綠地0m","2021面積_ha":62.01,"2022面積_ha":62.01,"2023面積_ha":62.01}},{"type":"Feature","geometry":{"type":"Polygon","coordinates":[[[121.80958653777994,24.575486816896504],[121.80964457032037,24.58451480061839],[121.81951749638591,24.58446139821898],[121.81945875637992,24.575433436651913],[121.80958653777994,24.575486816896504]]]},"properties":{"grid_id":"G030_050","綠地類型":"河川沿岸自然地表","中心經度":121.814552,"中心緯度":24.579974,"分析面積_km2":1.04,"2020面積_ha":30.6,"2024面積_ha":30.6,"面積減少率_pct":0.0,"2020斑塊數":2,"2024斑塊數":2,"斑塊數增加率_pct":0.0,"2020平均斑塊面積_ha":941.445,"2024平均斑塊面積_ha":930.51,"平均斑塊面積下降率_pct":1.16,"道路切割密度_km_per_km2":0.346,"建成區邊界切割密度_km_per_km2":0.0,"孤立小斑塊比例_pct":0.0,"距大型連續綠地平均距離_m":0.0,"score_面積減少":36.206896551724135,"score_斑塊增加":44.260435571687836,"score_平均斑塊縮小":68.82940108892922,"score_道路建成區切割":35.85526315789474,"score_孤立比例":40.58529945553539,"score_距大型綠地":38.40744101633394,"綜合破碎化分數":44.0,"破碎化等級":"中","判定原因":"面積減少0.0%；斑塊增加0.0%；平均斑塊縮小1.2%；道路密度0.35 km/km²；孤立比例0.0%；距大型綠地0m","2021面積_ha":30.6,"2022面積_ha":30.6,"2023面積_ha":30.6}},{"type":"Feature","geometry":{"type":"Polygon","coordinates":[[[121.81945875637992,24.575433436651913],[121.81951749638591,24.58446139821898],[121.82939039379217,24.58440734872424],[121.82933094632965,24.575379409580435],[121.81945875637992,24.575433436651913]]]},"properties":{"grid_id":"G030_051","綠地類型":"河川沿岸自然地表","中心經度":121.824424,"中心緯度":24.57992,"分析面積_km2":1.04,"2020面積_ha":53.64,"2024面積_ha":53.64,"面積減少率_pct":0.0,"2020斑塊數":2,"2024斑塊數":2,"斑塊數增加率_pct":0.0,"2020平均斑塊面積_ha":172.98,"2024平均斑塊面積_ha":173.115,"平均斑塊面積下降率_pct":0.0,"道路切割密度_km_per_km2":4.383,"建成區邊界切割密度_km_per_km2":0.0,"孤立小斑塊比例_pct":0.0,"距大型連續綠地平均距離_m":0.0,"score_面積減少":36.206896551724135,"score_斑塊增加":44.260435571687836,"score_平均斑塊縮小":28.153357531760438,"score_道路建成區切割":54.80943738656988,"score_孤立比例":40.58529945553539,"score_距大型綠地":38.40744101633394,"綜合破碎化分數":40.4,"破碎化等級":"中","判定原因":"面積減少0.0%；斑塊增加0.0%；平均斑塊縮小0.0%；道路密度4.38 km/km²；孤立比例0.0%；距大型綠地0m","2021面積_ha":53.64,"2022面積_ha":53.64,"2023面積_ha":53.64}},{"type":"Feature","geometry":{"type":"Polygon","coordinates":[[[121.82933094632965,24.575379409580435],[121.82939039379217,24.58440734872424],[121.83926326219401,24.584352652141625],[121.8392031072841,24.575324735689527],[121.82933094632965,24.575379409580435]]]},"properties":{"grid_id":"G030_052","綠地類型":"河川沿岸自然地表","中心經度":121.834297,"中心緯度":24.579866,"分析面積_km2":1.04,"2020面積_ha":40.14,"2024面積_ha":40.23,"面積減少率_pct":0.0,"2020斑塊數":2,"2024斑塊數":2,"斑塊數增加率_pct":0.0,"2020平均斑塊面積_ha":166.32,"2024平均斑塊面積_ha":166.365,"平均斑塊面積下降率_pct":0.0,"道路切割密度_km_per_km2":5.709,"建成區邊界切割密度_km_per_km2":0.923,"孤立小斑塊比例_pct":0.0,"距大型連續綠地平均距離_m":0.0,"score_面積減少":36.206896551724135,"score_斑塊增加":44.260435571687836,"score_平均斑塊縮小":28.153357531760438,"score_道路建成區切割":81.39745916515426,"score_孤立比例":40.58529945553539,"score_距大型綠地":38.40744101633394,"綜合破碎化分數":44.8,"破碎化等級":"中","判定原因":"面積減少0.0%；斑塊增加0.0%；平均斑塊縮小0.0%；道路密度5.71 km/km²；孤立比例0.0%；距大型綠地0m","2021面積_ha":41.04,"2022面積_ha":39.78,"2023面積_ha":40.68}},{"type":"Feature","geometry":{"type":"Polygon","coordinates":[[[121.84907523889824,24.57526941498672],[121.84913610124629,24.584297308478696],[121.85900891060392,24.58424131774309],[121.85894734082709,24.57521344747967],[121.84907523889824,24.57526941498672]]]},"properties":{"grid_id":"G030_054","綠地類型":"河川沿岸自然地表","中心經度":121.854042,"中心緯度":24.579755,"分析面積_km2":1.04,"2020面積_ha":38.52,"2024面積_ha":39.69,"面積減少率_pct":0.0,"2020斑塊數":1,"2024斑塊數":1,"斑塊數增加率_pct":0.0,"2020平均斑塊面積_ha":226.71,"2024平均斑塊面積_ha":227.97,"平均斑塊面積下降率_pct":0.0,"道路切割密度_km_per_km2":6.603,"建成區邊界切割密度_km_per_km2":2.393,"孤立小斑塊比例_pct":0.0,"距大型連續綠地平均距離_m":0.0,"score_面積減少":36.206896551724135,"score_斑塊增加":44.260435571687836,"score_平均斑塊縮小":28.153357531760438,"score_道路建成區切割":86.78539019963702,"score_孤立比例":40.58529945553539,"score_距大型綠地":38.40744101633394,"綜合破碎化分數":45.7,"破碎化等級":"中","判定原因":"面積減少0.0%；斑塊增加0.0%；平均斑塊縮小0.0%；道路密度6.60 km/km²；孤立比例0.0%；距大型綠地0m","2021面積_ha":43.02,"2022面積_ha":37.53,"2023面積_ha":33.66}},{"type":"Feature","geometry":{"type":"Polygon","coordinates":[[[121.85894734082709,24.57521344747967],[121.85900891060392,24.58424131774309],[121.86888168992178,24.584184679942528],[121.86881941272563,24.575156833176095],[121.85894734082709,24.57521344747967]]]},"properties":{"grid_id":"G030_055","綠地類型":"河川沿岸自然地表","中心經度":121.863914,"中心緯度":24.579699,"分析面積_km2":1.04,"2020面積_ha":19.62,"2024面積_ha":19.8,"面積減少率_pct":0.0,"2020斑塊數":4,"2024斑塊數":4,"斑塊數增加率_pct":0.0,"2020平均斑塊面積_ha":67.5,"2024平均斑塊面積_ha":67.927,"平均斑塊面積下降率_pct":0.0,"道路切割密度_km_per_km2":12.082,"建成區邊界切割密度_km_per_km2":0.923,"孤立小斑塊比例_pct":0.0,"距大型連續綠地平均距離_m":0.0,"score_面積減少":36.206896551724135,"score_斑塊增加":44.260435571687836,"score_平均斑塊縮小":28.153357531760438,"score_道路建成區切割":89.93874773139746,"score_孤立比例":40.58529945553539,"score_距大型綠地":38.40744101633394,"綜合破碎化分數":46.3,"破碎化等級":"中","判定原因":"面積減少0.0%；斑塊增加0.0%；平均斑塊縮小0.0%；道路密度12.08 km/km²；孤立比例0.0%；距大型綠地0m","2021面積_ha":19.98,"2022面積_ha":19.8,"2023面積_ha":19.08}},{"type":"Feature","geometry":{"type":"Polygon","coordinates":[[[121.41470798978526,24.586120203782432],[121.41473773205237,24.5951488426831],[121.42461222950928,24.595121317774066],[121.42458177915925,24.586092690289686],[121.41470798978526,24.586120203782432]]]},"properties":{"grid_id":"G031_010","綠地類型":"河川沿岸自然地表","中心經度":121.41966,"中心緯度":24.590621,"分析面積_km2":1.04,"2020面積_ha":2.07,"2024面積_ha":2.07,"面積減少率_pct":0.0,"2020斑塊數":1,"2024斑塊數":1,"斑塊數增加率_pct":0.0,"2020平均斑塊面積_ha":290.88,"2024平均斑塊面積_ha":291.96,"平均斑塊面積下降率_pct":0.0,"道路切割密度_km_per_km2":2.682,"建成區邊界切割密度_km_per_km2":0.0,"孤立小斑塊比例_pct":0.0,"距大型連續綠地平均距離_m":0.0,"score_面積減少":36.206896551724135,"score_斑塊增加":44.260435571687836,"score_平均斑塊縮小":28.153357531760438,"score_道路建成區切割":49.671052631578945,"score_孤立比例":40.58529945553539,"score_距大型綠地":38.40744101633394,"綜合破碎化分數":39.5,"破碎化等級":"中","判定原因":"面積減少0.0%；斑塊增加0.0%；平均斑塊縮小0.0%；道路密度2.68 km/km²；孤立比例0.0%；距大型綠地0m","2021面積_ha":2.07,"2022面積_ha":2.07,"2023面積_ha":2.07}},{"type":"Feature","geometry":{"type":"Polygon","coordinates":[[[121.43445555368311,24.58606452947637],[121.43448671211131,24.595093145275886],[121.4443611795131,24.59506432519244],[121.44432931301148,24.586035721346388],[121.43445555368311,24.58606452947637]]]},"properties":{"grid_id":"G031_012","綠地類型":"河川沿岸自然地表","中心經度":121.439408,"中心緯度":24.590565,"分析面積_km2":1.04,"2020面積_ha":10.17,"2024面積_ha":10.17,"面積減少率_pct":0.0,"2020斑塊數":1,"2024斑塊數":1,"斑塊數增加率_pct":0.0,"2020平均斑塊面積_ha":806.76,"2024平均斑塊面積_ha":806.76,"平均斑塊面積下降率_pct":0.0,"道路切割密度_km_per_km2":4.21,"建成區邊界切割密度_km_per_km2":0.0,"孤立小斑塊比例_pct":0.0,"距大型連續綠地平均距離_m":0.0,"score_面積減少":36.206896551724135,"score_斑塊增加":44.260435571687836,"score_平均斑塊縮小":28.153357531760438,"score_道路建成區切割":54.49183303085299,"score_孤立比例":40.58529945553539,"score_距大型綠地":38.40744101633394,"綜合破碎化分數":40.4,"破碎化等級":"中","判定原因":"面積減少0.0%；斑塊增加0.0%；平均斑塊縮小0.0%；道路密度4.21 km/km²；孤立比例0.0%；距大型綠地0m","2021面積_ha":10.17,"2022面積_ha":10.17,"2023面積_ha":10.17}},{"type":"Feature","geometry":{"type":"Polygon","coordinates":[[[121.52331879916598,24.585781953402346],[121.52335633006928,24.594810451951787],[121.53323064512557,24.59477580379081],[121.53319240619687,24.585747319612018],[121.52331879916598,24.585781953402346]]]},"properties":{"grid_id":"G031_021","綠地類型":"河川沿岸自然地表","中心經度":121.528275,"中心緯度":24.590279,"分析面積_km2":1.04,"2020面積_ha":32.04,"2024面積_ha":31.95,"面積減少率_pct":0.28,"2020斑塊數":1,"2024斑塊數":1,"斑塊數增加率_pct":0.0,"2020平均斑塊面積_ha":1148.67,"2024平均斑塊面積_ha":1947.87,"平均斑塊面積下降率_pct":0.0,"道路切割密度_km_per_km2":0.836,"建成區邊界切割密度_km_per_km2":0.115,"孤立小斑塊比例_pct":0.0,"距大型連續綠地平均距離_m":0.0,"score_面積減少":73.82032667876588,"score_斑塊增加":44.260435571687836,"score_平均斑塊縮小":28.153357531760438,"score_道路建成區切割":58.04219600725953,"score_孤立比例":40.58529945553539,"score_距大型綠地":38.40744101633394,"綜合破碎化分數":47.2,"破碎化等級":"中","判定原因":"面積減少0.3%；斑塊增加0.0%；平均斑塊縮小0.0%；道路密度0.84 km/km²；孤立比例0.0%；距大型綠地0m","2021面積_ha":32.04,"2022面積_ha":31.32,"2023面積_ha":32.04}},{"type":"Feature","geometry":{"type":"Polygon","coordinates":[[[121.53319240619687,24.585747319612018],[121.53323064512557,24.59477580379081],[121.54310494152763,24.594740508088385],[121.54306599457942,24.585712038548824],[121.53319240619687,24.585747319612018]]]},"properties":{"grid_id":"G031_022","綠地類型":"河川沿岸自然地表","中心經度":121.538148,"中心緯度":24.590244,"分析面積_km2":1.04,"2020面積_ha":34.74,"2024面積_ha":34.02,"面積減少率_pct":2.07,"2020斑塊數":1,"2024斑塊數":1,"斑塊數增加率_pct":0.0,"2020平均斑塊面積_ha":777.87,"2024平均斑塊面積_ha":1947.87,"平均斑塊面積下降率_pct":0.0,"道路切割密度_km_per_km2":2.191,"建成區邊界切割密度_km_per_km2":0.0,"孤立小斑塊比例_pct":0.0,"距大型連續綠地平均距離_m":0.0,"score_面積減少":80.98911070780399,"score_斑塊增加":44.260435571687836,"score_平均斑塊縮小":28.153357531760438,"score_道路建成區切割":47.504537205081675,"score_孤立比例":40.58529945553539,"score_距大型綠地":38.40744101633394,"綜合破碎化分數":46.7,"破碎化等級":"中","判定原因":"面積減少2.1%；斑塊增加0.0%；平均斑塊縮小0.0%；道路密度2.19 km/km²；孤立比例0.0%；距大型綠地0m","2021面積_ha":35.46,"2022面積_ha":31.41,"2023面積_ha":32.22}},{"type":"Feature","geometry":{"type":"Polygon","coordinates":[[[121.60230711392457,24.58548675971834],[121.60235030886022,24.5945151357828],[121.61222446501229,24.594475307431768],[121.61218056210134,24.585446947886428],[121.60230711392457,24.58548675971834]]]},"properties":{"grid_id":"G031_029","綠地類型":"河川沿岸自然地表","中心經度":121.607266,"中心緯度":24.589981,"分析面積_km2":1.04,"2020面積_ha":44.82,"2024面積_ha":44.28,"面積減少率_pct":1.2,"2020斑塊數":1,"2024斑塊數":1,"斑塊數增加率_pct":0.0,"2020平均斑塊面積_ha":2584.17,"2024平均斑塊面積_ha":6380.64,"平均斑塊面積下降率_pct":0.0,"道路切割密度_km_per_km2":0.0,"建成區邊界切割密度_km_per_km2":0.0,"孤立小斑塊比例_pct":0.0,"距大型連續綠地平均距離_m":0.0,"score_面積減少":78.13067150635209,"score_斑塊增加":44.260435571687836,"score_平均斑塊縮小":28.153357531760438,"score_道路建成區切割":25.941470054446462,"score_孤立比例":40.58529945553539,"score_距大型綠地":38.40744101633394,"綜合破碎化分數":42.6,"破碎化等級":"中","判定原因":"面積減少1.2%；斑塊增加0.0%；平均斑塊縮小0.0%；道路密度0.00 km/km²；孤立比例0.0%；距大型綠地0m","2021面積_ha":45.18,"2022面積_ha":44.1,"2023面積_ha":44.55}},{"type":"Feature","geometry":{"type":"Polygon","coordinates":[[[121.61218056210134,24.585446947886428],[121.61222446501229,24.594475307431768],[121.62209859974725,24.5944348315808],[121.62205398886775,24.58540648882311],[121.61218056210134,24.585446947886428]]]},"properties":{"grid_id":"G031_030","綠地類型":"河川沿岸自然地表","中心經度":121.617139,"中心緯度":24.589941,"分析面積_km2":1.04,"2020面積_ha":33.66,"2024面積_ha":33.66,"面積減少率_pct":0.0,"2020斑塊數":1,"2024斑塊數":2,"斑塊數增加率_pct":100.0,"2020平均斑塊面積_ha":2584.17,"2024平均斑塊面積_ha":3870.225,"平均斑塊面積下降率_pct":0.0,"道路切割密度_km_per_km2":0.0,"建成區邊界切割密度_km_per_km2":0.0,"孤立小斑塊比例_pct":0.0,"距大型連續綠地平均距離_m":0.0,"score_面積減少":36.206896551724135,"score_斑塊增加":96.50635208711434,"score_平均斑塊縮小":28.153357531760438,"score_道路建成區切割":25.941470054446462,"score_孤立比例":40.58529945553539,"score_距大型綠地":38.40744101633394,"綜合破碎化分數":44.3,"破碎化等級":"中","判定原因":"面積減少0.0%；斑塊增加100.0%；平均斑塊縮小0.0%；道路密度0.00 km/km²；孤立比例0.0%；距大型綠地0m","2021面積_ha":33.66,"2022面積_ha":33.66,"2023面積_ha":33.66}},{"type":"Feature","geometry":{"type":"Polygon","coordinates":[[[121.62205398886775,24.58540648882311],[121.62209859974725,24.5944348315808],[121.63197271271972,24.594393708235465],[121.63192739387853,24.585365382533986],[121.62205398886775,24.58540648882311]]]},"properties":{"grid_id":"G031_031","綠地類型":"河川沿岸自然地表","中心經度":121.627013,"中心緯度":24.5899,"分析面積_km2":1.04,"2020面積_ha":11.97,"2024面積_ha":11.97,"面積減少率_pct":0.0,"2020斑塊數":1,"2024斑塊數":1,"斑塊數增加率_pct":0.0,"2020平均斑塊面積_ha":2584.17,"2024平均斑塊面積_ha":1359.81,"平均斑塊面積下降率_pct":47.38,"道路切割密度_km_per_km2":0.0,"建成區邊界切割密度_km_per_km2":0.0,"孤立小斑塊比例_pct":0.0,"距大型連續綠地平均距離_m":0.0,"score_面積減少":36.206896551724135,"score_斑塊增加":44.260435571687836,"score_平均斑塊縮小":88.4301270417423,"score_道路建成區切割":25.941470054446462,"score_孤立比例":40.58529945553539,"score_距大型綠地":38.40744101633394,"綜合破碎化分數":45.6,"破碎化等級":"中","判定原因":"面積減少0.0%；斑塊增加0.0%；平均斑塊縮小47.4%；道路密度0.00 km/km²；孤立比例0.0%；距大型綠地0m","2021面積_ha":11.97,"2022面積_ha":11.97,"2023面積_ha":11.97}},{"type":"Feature","geometry":{"type":"Polygon","coordinates":[[[121.66154747492477,24.585238180368922],[121.66159491760878,24.59426645329057],[121.67146894007796,24.594222740025486],[121.67142078946078,24.585194485234187],[121.66154747492477,24.585238180368922]]]},"properties":{"grid_id":"G031_035","綠地類型":"河川沿岸自然地表","中心經度":121.666508,"中心緯度":24.589731,"分析面積_km2":1.04,"2020面積_ha":16.56,"2024面積_ha":16.56,"面積減少率_pct":0.0,"2020斑塊數":1,"2024斑塊數":1,"斑塊數增加率_pct":0.0,"2020平均斑塊面積_ha":574.65,"2024平均斑塊面積_ha":551.61,"平均斑塊面積下降率_pct":4.01,"道路切割密度_km_per_km2":2.509,"建成區邊界切割密度_km_per_km2":0.0,"孤立小斑塊比例_pct":0.0,"距大型連續綠地平均距離_m":0.0,"score_面積減少":36.206896551724135,"score_斑塊增加":44.260435571687836,"score_平均斑塊縮小":73.57078039927404,"score_道路建成區切割":48.8543557168784,"score_孤立比例":40.58529945553539,"score_距大型綠地":38.40744101633394,"綜合破碎化分數":47.0,"破碎化等級":"中","判定原因":"面積減少0.0%；斑塊增加0.0%；平均斑塊縮小4.0%；道路密度2.51 km/km²；孤立比例0.0%；距大型綠地0m","2021面積_ha":16.56,"2022面積_ha":16.56,"2023面積_ha":16.56}},{"type":"Feature","geometry":{"type":"Polygon","coordinates":[[[121.67142078946078,24.585194485234187],[121.67146894007796,24.594222740025486],[121.68134293905798,24.59417837929534],[121.68129408051504,24.585150142902908],[121.67142078946078,24.585194485234187]]]},"properties":{"grid_id":"G031_036","綠地類型":"河川沿岸自然地表","中心經度":121.676382,"中心緯度":24.589687,"分析面積_km2":1.04,"2020面積_ha":64.26,"2024面積_ha":64.26,"面積減少率_pct":0.0,"2020斑塊數":1,"2024斑塊數":1,"斑塊數增加率_pct":0.0,"2020平均斑塊面積_ha":574.65,"2024平均斑塊面積_ha":551.61,"平均斑塊面積下降率_pct":4.01,"道路切割密度_km_per_km2":2.191,"建成區邊界切割密度_km_per_km2":0.0,"孤立小斑塊比例_pct":0.0,"距大型連續綠地平均距離_m":0.0,"score_面積減少":36.206896551724135,"score_斑塊增加":44.260435571687836,"score_平均斑塊縮小":73.57078039927404,"score_道路建成區切割":47.504537205081675,"score_孤立比例":40.58529945553539,"score_距大型綠地":38.40744101633394,"綜合破碎化分數":46.8,"破碎化等級":"中","判定原因":"面積減少0.0%；斑塊增加0.0%；平均斑塊縮小4.0%；道路密度2.19 km/km²；孤立比例0.0%；距大型綠地0m","2021面積_ha":64.26,"2022面積_ha":64.26,"2023面積_ha":64.26}},{"type":"Feature","geometry":{"type":"Polygon","coordinates":[[[121.69116734774238,24.585105153381207],[121.69121691420357,24.594133371106242],[121.70109086516936,24.59408771546442],[121.70104059079758,24.585059516675297],[121.69116734774238,24.585105153381207]]]},"properties":{"grid_id":"G031_038","綠地類型":"河川沿岸自然地表","中心經度":121.696129,"中心緯度":24.589597,"分析面積_km2":1.04,"2020面積_ha":29.43,"2024面積_ha":29.43,"面積減少率_pct":0.0,"2020斑塊數":1,"2024斑塊數":1,"斑塊數增加率_pct":0.0,"2020平均斑塊面積_ha":141.3,"2024平均斑塊面積_ha":126.99,"平均斑塊面積下降率_pct":10.13,"道路切割密度_km_per_km2":2.48,"建成區邊界切割密度_km_per_km2":0.0,"孤立小斑塊比例_pct":0.0,"距大型連續綠地平均距離_m":0.0,"score_面積減少":36.206896551724135,"score_斑塊增加":44.260435571687836,"score_平均斑塊縮小":76.29310344827587,"score_道路建成區切割":48.69555353901997,"score_孤立比例":40.58529945553539,"score_距大型綠地":38.40744101633394,"綜合破碎化分數":47.4,"破碎化等級":"中","判定原因":"面積減少0.0%；斑塊增加0.0%；平均斑塊縮小10.1%；道路密度2.48 km/km²；孤立比例0.0%；距大型綠地0m","2021面積_ha":29.43,"2022面積_ha":29.43,"2023面積_ha":29.43}},{"type":"Feature","geometry":{"type":"Polygon","coordinates":[[[121.71091380933541,24.585013232791482],[121.71096479161012,24.594041412376164],[121.72083869318048,24.593994461847878],[121.72078700301073,24.584966301736145],[121.71091380933541,24.585013232791482]]]},"properties":{"grid_id":"G031_040","綠地類型":"河川沿岸自然地表","中心經度":121.715876,"中心緯度":24.589504,"分析面積_km2":1.04,"2020面積_ha":70.11,"2024面積_ha":70.02,"面積減少率_pct":0.13,"2020斑塊數":1,"2024斑塊數":1,"斑塊數增加率_pct":0.0,"2020平均斑塊面積_ha":437.22,"2024平均斑塊面積_ha":454.68,"平均斑塊面積下降率_pct":0.0,"道路切割密度_km_per_km2":0.0,"建成區邊界切割密度_km_per_km2":0.0,"孤立小斑塊比例_pct":0.0,"距大型連續綠地平均距離_m":0.0,"score_面積減少":72.41379310344827,"score_斑塊增加":44.260435571687836,"score_平均斑塊縮小":28.153357531760438,"score_道路建成區切割":25.941470054446462,"score_孤立比例":40.58529945553539,"score_距大型綠地":38.40744101633394,"綜合破碎化分數":41.6,"破碎化等級":"中","判定原因":"面積減少0.1%；斑塊增加0.0%；平均斑塊縮小0.0%；道路密度0.00 km/km²；孤立比例0.0%；距大型綠地0m","2021面積_ha":70.83,"2022面積_ha":70.2,"2023面積_ha":69.66}},{"type":"Feature","geometry":{"type":"Polygon","coordinates":[[[121.740533314393,24.584870498136922],[121.74058642032894,24.593898618497228],[121.75046024521643,24.5938497256881],[121.75040643140962,24.58482162560627],[121.740533314393,24.584870498136922]]]},"properties":{"grid_id":"G031_043","綠地類型":"河川沿岸自然地表","中心經度":121.745497,"中心緯度":24.58936,"分析面積_km2":1.04,"2020面積_ha":17.19,"2024面積_ha":17.19,"面積減少率_pct":0.0,"2020斑塊數":1,"2024斑塊數":1,"斑塊數增加率_pct":0.0,"2020平均斑塊面積_ha":276.93,"2024平均斑塊面積_ha":267.21,"平均斑塊面積下降率_pct":3.51,"道路切割密度_km_per_km2":1.644,"建成區邊界切割密度_km_per_km2":0.0,"孤立小斑塊比例_pct":0.0,"距大型連續綠地平均距離_m":0.0,"score_面積減少":36.206896551724135,"score_斑塊增加":44.260435571687836,"score_平均斑塊縮小":72.77676950998185,"score_道路建成區切割":43.93148820326679,"score_孤立比例":40.58529945553539,"score_距大型綠地":38.40744101633394,"綜合破碎化分數":46.0,"破碎化等級":"中","判定原因":"面積減少0.0%；斑塊增加0.0%；平均斑塊縮小3.5%；道路密度1.64 km/km²；孤立比例0.0%；距大型綠地0m","2021面積_ha":17.19,"2022面積_ha":17.19,"2023面積_ha":17.19}},{"type":"Feature","geometry":{"type":"Polygon","coordinates":[[[121.75040643140962,24.58482162560627],[121.75046024521643,24.5938497256881],[121.7603340438524,24.593800185465405],[121.76027952218297,24.584772105930547],[121.75040643140962,24.58482162560627]]]},"properties":{"grid_id":"G031_044","綠地類型":"河川沿岸自然地表","中心經度":121.75537,"中心緯度":24.589311,"分析面積_km2":1.04,"2020面積_ha":19.71,"2024面積_ha":19.71,"面積減少率_pct":0.0,"2020斑塊數":2,"2024斑塊數":2,"斑塊數增加率_pct":0.0,"2020平均斑塊面積_ha":933.39,"2024平均斑塊面積_ha":917.73,"平均斑塊面積下降率_pct":1.68,"道路切割密度_km_per_km2":1.442,"建成區邊界切割密度_km_per_km2":0.0,"孤立小斑塊比例_pct":0.0,"距大型連續綠地平均距離_m":0.0,"score_面積減少":36.206896551724135,"score_斑塊增加":44.260435571687836,"score_平均斑塊縮小":70.75771324863884,"score_道路建成區切割":41.98049001814882,"score_孤立比例":40.58529945553539,"score_距大型綠地":38.40744101633394,"綜合破碎化分數":45.4,"破碎化等級":"中","判定原因":"面積減少0.0%；斑塊增加0.0%；平均斑塊縮小1.7%；道路密度1.44 km/km²；孤立比例0.0%；距大型綠地0m","2021面積_ha":19.71,"2022面積_ha":19.71,"2023面積_ha":19.71}},{"type":"Feature","geometry":{"type":"Polygon","coordinates":[[[121.76027952218297,24.584772105930547],[121.7603340438524,24.593800185465405],[121.77020781589157,24.593749997835975],[121.7701525863679,24.5847219391166],[121.76027952218297,24.584772105930547]]]},"properties":{"grid_id":"G031_045","綠地類型":"河川沿岸自然地表","中心經度":121.765243,"中心緯度":24.589261,"分析面積_km2":1.04,"2020面積_ha":22.68,"2024面積_ha":22.68,"面積減少率_pct":0.0,"2020斑塊數":1,"2024斑塊數":1,"斑塊數增加率_pct":0.0,"2020平均斑塊面積_ha":1589.85,"2024平均斑塊面積_ha":1568.25,"平均斑塊面積下降率_pct":1.36,"道路切割密度_km_per_km2":0.0,"建成區邊界切割密度_km_per_km2":0.0,"孤立小斑塊比例_pct":0.0,"距大型連續綠地平均距離_m":0.0,"score_面積減少":36.206896551724135,"score_斑塊增加":44.260435571687836,"score_平均斑塊縮小":69.73684210526315,"score_道路建成區切割":25.941470054446462,"score_孤立比例":40.58529945553539,"score_距大型綠地":38.40744101633394,"綜合破碎化分數":42.5,"破碎化等級":"中","判定原因":"面積減少0.0%；斑塊增加0.0%；平均斑塊縮小1.4%；道路密度0.00 km/km²；孤立比例0.0%；距大型綠地0m","2021面積_ha":22.68,"2022面積_ha":22.68,"2023面積_ha":22.68}},{"type":"Feature","geometry":{"type":"Polygon","coordinates":[[[121.7701525863679,24.5847219391166],[121.77020781589157,24.593749997835975],[121.78008156098868,24.593699162806764],[121.78002562361928,24.58467112517135],[121.7701525863679,24.5847219391166]]]},"properties":{"grid_id":"G031_046","綠地類型":"河川沿岸自然地表","中心經度":121.775117,"中心緯度":24.589211,"分析面積_km2":1.04,"2020面積_ha":71.37,"2024面積_ha":71.37,"面積減少率_pct":0.0,"2020斑塊數":1,"2024斑塊數":1,"斑塊數增加率_pct":0.0,"2020平均斑塊面積_ha":1589.85,"2024平均斑塊面積_ha":1568.25,"平均斑塊面積下降率_pct":1.36,"道路切割密度_km_per_km2":0.0,"建成區邊界切割密度_km_per_km2":0.0,"孤立小斑塊比例_pct":0.0,"距大型連續綠地平均距離_m":0.0,"score_面積減少":36.206896551724135,"score_斑塊增加":44.260435571687836,"score_平均斑塊縮小":69.73684210526315,"score_道路建成區切割":25.941470054446462,"score_孤立比例":40.58529945553539,"score_距大型綠地":38.40744101633394,"綜合破碎化分數":42.5,"破碎化等級":"中","判定原因":"面積減少0.0%；斑塊增加0.0%；平均斑塊縮小1.4%；道路密度0.00 km/km²；孤立比例0.0%；距大型綠地0m","2021面積_ha":71.37,"2022面積_ha":71.37,"2023面積_ha":71.37}},{"type":"Feature","geometry":{"type":"Polygon","coordinates":[[[121.78002562361928,24.58467112517135],[121.78008156098868,24.593699162806764],[121.78995527879844,24.59364768038477],[121.7898986335919,24.58461966410181],[121.78002562361928,24.58467112517135]]]},"properties":{"grid_id":"G031_047","綠地類型":"河川沿岸自然地表","中心經度":121.78499,"中心緯度":24.589159,"分析面積_km2":1.04,"2020面積_ha":49.23,"2024面積_ha":49.23,"面積減少率_pct":0.0,"2020斑塊數":1,"2024斑塊數":1,"斑塊數增加率_pct":0.0,"2020平均斑塊面積_ha":1589.85,"2024平均斑塊面積_ha":1568.25,"平均斑塊面積下降率_pct":1.36,"道路切割密度_km_per_km2":0.0,"建成區邊界切割密度_km_per_km2":0.0,"孤立小斑塊比例_pct":0.0,"距大型連續綠地平均距離_m":0.0,"score_面積減少":36.206896551724135,"score_斑塊增加":44.260435571687836,"score_平均斑塊縮小":69.73684210526315,"score_道路建成區切割":25.941470054446462,"score_孤立比例":40.58529945553539,"score_距大型綠地":38.40744101633394,"綜合破碎化分數":42.5,"破碎化等級":"中","判定原因":"面積減少0.0%；斑塊增加0.0%；平均斑塊縮小1.4%；道路密度0.00 km/km²；孤立比例0.0%；距大型綠地0m","2021面積_ha":49.23,"2022面積_ha":49.23,"2023面積_ha":49.23}},{"type":"Feature","geometry":{"type":"Polygon","coordinates":[[[121.7898986335919,24.58461966410181],[121.78995527879844,24.59364768038477],[121.79982896897562,24.593595550577103],[121.79977161594064,24.584567555915097],[121.7898986335919,24.58461966410181]]]},"properties":{"grid_id":"G031_048","綠地類型":"河川沿岸自然地表","中心經度":121.794864,"中心緯度":24.589108,"分析面積_km2":1.04,"2020面積_ha":44.91,"2024面積_ha":44.91,"面積減少率_pct":0.0,"2020斑塊數":1,"2024斑塊數":1,"斑塊數增加率_pct":0.0,"2020平均斑塊面積_ha":1589.85,"2024平均斑塊面積_ha":1568.25,"平均斑塊面積下降率_pct":1.36,"道路切割密度_km_per_km2":0.0,"建成區邊界切割密度_km_per_km2":0.0,"孤立小斑塊比例_pct":0.0,"距大型連續綠地平均距離_m":0.0,"score_面積減少":36.206896551724135,"score_斑塊增加":44.260435571687836,"score_平均斑塊縮小":69.73684210526315,"score_道路建成區切割":25.941470054446462,"score_孤立比例":40.58529945553539,"score_距大型綠地":38.40744101633394,"綜合破碎化分數":42.5,"破碎化等級":"中","判定原因":"面積減少0.0%；斑塊增加0.0%；平均斑塊縮小1.4%；道路密度0.00 km/km²；孤立比例0.0%；距大型綠地0m","2021面積_ha":44.91,"2022面積_ha":44.91,"2023面積_ha":44.91}},{"type":"Feature","geometry":{"type":"Polygon","coordinates":[[[121.79977161594064,24.584567555915097],[121.79982896897562,24.593595550577103],[121.80970263117497,24.59354277339097],[121.80964457032037,24.58451480061839],[121.79977161594064,24.584567555915097]]]},"properties":{"grid_id":"G031_049","綠地類型":"河川沿岸自然地表","中心經度":121.804737,"中心緯度":24.589055,"分析面積_km2":1.04,"2020面積_ha":59.58,"2024面積_ha":59.58,"面積減少率_pct":0.0,"2020斑塊數":1,"2024斑塊數":1,"斑塊數增加率_pct":0.0,"2020平均斑塊面積_ha":1589.85,"2024平均斑塊面積_ha":1568.25,"平均斑塊面積下降率_pct":1.36,"道路切割密度_km_per_km2":2.163,"建成區邊界切割密度_km_per_km2":0.0,"孤立小斑塊比例_pct":0.0,"距大型連續綠地平均距離_m":0.0,"score_面積減少":36.206896551724135,"score_斑塊增加":44.260435571687836,"score_平均斑塊縮小":69.73684210526315,"score_道路建成區切割":47.311705989110706,"score_孤立比例":40.58529945553539,"score_距大型綠地":38.40744101633394,"綜合破碎化分數":46.1,"破碎化等級":"中","判定原因":"面積減少0.0%；斑塊增加0.0%；平均斑塊縮小1.4%；道路密度2.16 km/km²；孤立比例0.0%；距大型綠地0m","2021面積_ha":59.58,"2022面積_ha":59.58,"2023面積_ha":59.4}},{"type":"Feature","geometry":{"type":"Polygon","coordinates":[[[121.80964457032037,24.58451480061839],[121.80970263117497,24.59354277339097],[121.8195762650512,24.593489348833643],[121.81951749638591,24.58446139821898],[121.80964457032037,24.58451480061839]]]},"properties":{"grid_id":"G031_050","綠地類型":"河川沿岸自然地表","中心經度":121.81461,"中心緯度":24.589002,"分析面積_km2":1.04,"2020面積_ha":45.9,"2024面積_ha":45.9,"面積減少率_pct":0.0,"2020斑塊數":1,"2024斑塊數":1,"斑塊數增加率_pct":0.0,"2020平均斑塊面積_ha":1589.85,"2024平均斑塊面積_ha":1568.25,"平均斑塊面積下降率_pct":1.36,"道路切割密度_km_per_km2":2.71,"建成區邊界切割密度_km_per_km2":0.0,"孤立小斑塊比例_pct":0.0,"距大型連續綠地平均距離_m":0.0,"score_面積減少":36.206896551724135,"score_斑塊增加":44.260435571687836,"score_平均斑塊縮小":69.73684210526315,"score_道路建成區切割":49.78448275862069,"score_孤立比例":40.58529945553539,"score_距大型綠地":38.40744101633394,"綜合破碎化分數":46.5,"破碎化等級":"中","判定原因":"面積減少0.0%；斑塊增加0.0%；平均斑塊縮小1.4%；道路密度2.71 km/km²；孤立比例0.0%；距大型綠地0m","2021面積_ha":45.9,"2022面積_ha":45.72,"2023面積_ha":45.18}},{"type":"Feature","geometry":{"type":"Polygon","coordinates":[[[121.81951749638591,24.58446139821898],[121.8195762650512,24.593489348833643],[121.82944987025911,24.593435276912516],[121.82939039379217,24.58440734872424],[121.81951749638591,24.58446139821898]]]},"properties":{"grid_id":"G031_051","綠地類型":"河川沿岸自然地表","中心經度":121.824484,"中心緯度":24.588948,"分析面積_km2":1.04,"2020面積_ha":31.32,"2024面積_ha":31.32,"面積減少率_pct":0.0,"2020斑塊數":2,"2024斑塊數":2,"斑塊數增加率_pct":0.0,"2020平均斑塊面積_ha":34.875,"2024平均斑塊面積_ha":35.055,"平均斑塊面積下降率_pct":0.0,"道路切割密度_km_per_km2":2.71,"建成區邊界切割密度_km_per_km2":0.0,"孤立小斑塊比例_pct":0.0,"距大型連續綠地平均距離_m":0.0,"score_面積減少":36.206896551724135,"score_斑塊增加":44.260435571687836,"score_平均斑塊縮小":28.153357531760438,"score_道路建成區切割":49.78448275862069,"score_孤立比例":40.58529945553539,"score_距大型綠地":38.40744101633394,"綜合破碎化分數":39.6,"破碎化等級":"中","判定原因":"面積減少0.0%；斑塊增加0.0%；平均斑塊縮小0.0%；道路密度2.71 km/km²；孤立比例0.0%；距大型綠地0m","2021面積_ha":31.32,"2022面積_ha":31.32,"2023面積_ha":31.32}},{"type":"Feature","geometry":{"type":"Polygon","coordinates":[[[121.82939039379217,24.58440734872424],[121.82944987025911,24.593435276912516],[121.83932344645343,24.593380557635044],[121.83926326219401,24.584352652141625],[121.82939039379217,24.58440734872424]]]},"properties":{"grid_id":"G031_052","綠地類型":"河川沿岸自然地表","中心經度":121.834357,"中心緯度":24.588894,"分析面積_km2":1.04,"2020面積_ha":40.68,"2024面積_ha":41.22,"面積減少率_pct":0.0,"2020斑塊數":3,"2024斑塊數":3,"斑塊數增加率_pct":0.0,"2020平均斑塊面積_ha":36.45,"2024平均斑塊面積_ha":36.69,"平均斑塊面積下降率_pct":0.0,"道路切割密度_km_per_km2":6.892,"建成區邊界切割密度_km_per_km2":0.606,"孤立小斑塊比例_pct":0.0,"距大型連續綠地平均距離_m":0.0,"score_面積減少":36.206896551724135,"score_斑塊增加":44.260435571687836,"score_平均斑塊縮小":28.153357531760438,"score_道路建成區切割":81.54491833030853,"score_孤立比例":40.58529945553539,"score_距大型綠地":38.40744101633394,"綜合破碎化分數":44.9,"破碎化等級":"中","判定原因":"面積減少0.0%；斑塊增加0.0%；平均斑塊縮小0.0%；道路密度6.89 km/km²；孤立比例0.0%；距大型綠地0m","2021面積_ha":40.32,"2022面積_ha":40.32,"2023面積_ha":41.04}},{"type":"Feature","geometry":{"type":"Polygon","coordinates":[[[121.85900891060392,24.58424131774309],[121.85907051042052,24.593269177041385],[121.86894399750281,24.593212515740575],[121.86888168992178,24.584184679942528],[121.85900891060392,24.58424131774309]]]},"properties":{"grid_id":"G031_055","綠地類型":"河川沿岸自然地表","中心經度":121.863976,"中心緯度":24.588727,"分析面積_km2":1.04,"2020面積_ha":6.48,"2024面積_ha":7.02,"面積減少率_pct":0.0,"2020斑塊數":1,"2024斑塊數":1,"斑塊數增加率_pct":0.0,"2020平均斑塊面積_ha":9.81,"2024平均斑塊面積_ha":10.26,"平均斑塊面積下降率_pct":0.0,"道路切割密度_km_per_km2":8.074,"建成區邊界切割密度_km_per_km2":0.202,"孤立小斑塊比例_pct":0.0,"距大型連續綠地平均距離_m":0.0,"score_面積減少":36.206896551724135,"score_斑塊增加":44.260435571687836,"score_平均斑塊縮小":28.153357531760438,"score_道路建成區切割":80.97776769509983,"score_孤立比例":40.58529945553539,"score_距大型綠地":38.40744101633394,"綜合破碎化分數":44.8,"破碎化等級":"中","判定原因":"面積減少0.0%；斑塊增加0.0%；平均斑塊縮小0.0%；道路密度8.07 km/km²；孤立比例0.0%；距大型綠地0m","2021面積_ha":6.93,"2022面積_ha":6.84,"2023面積_ha":6.48}},{"type":"Feature","geometry":{"type":"Polygon","coordinates":[[[121.43451788573978,24.604121750212695],[121.43448671211131,24.595093145275886],[121.42461222950928,24.595121317774066],[121.42463941545039,24.603178309289323],[121.42471200000001,24.603246699999993],[121.42481619999998,24.603357699999997],[121.42519950000002,24.603766000000004],[121.42530390000002,24.6038318],[121.4255274,24.6039014],[121.42567210000001,24.604023599999994],[121.42573684872815,24.604146843554815],[121.43451788573978,24.604121750212695]]]},"properties":{"grid_id":"G032_011","綠地類型":"河川沿岸自然地表","中心經度":121.429563,"中心緯度":24.599136,"分析面積_km2":1.03,"2020面積_ha":33.66,"2024面積_ha":33.66,"面積減少率_pct":0.0,"2020斑塊數":1,"2024斑塊數":1,"斑塊數增加率_pct":0.0,"2020平均斑塊面積_ha":806.76,"2024平均斑塊面積_ha":806.76,"平均斑塊面積下降率_pct":0.0,"道路切割密度_km_per_km2":3.057,"建成區邊界切割密度_km_per_km2":0.0,"孤立小斑塊比例_pct":0.0,"距大型連續綠地平均距離_m":0.0,"score_面積減少":36.206896551724135,"score_斑塊增加":44.260435571687836,"score_平均斑塊縮小":28.153357531760438,"score_道路建成區切割":50.99818511796734,"score_孤立比例":40.58529945553539,"score_距大型綠地":38.40744101633394,"綜合破碎化分數":39.8,"破碎化等級":"中","判定原因":"面積減少0.0%；斑塊增加0.0%；平均斑塊縮小0.0%；道路密度3.06 km/km²；孤立比例0.0%；距大型綠地0m","2021面積_ha":33.66,"2022面積_ha":33.66,"2023面積_ha":33.66}},{"type":"Feature","geometry":{"type":"Polygon","coordinates":[[[121.4443611795131,24.59506432519244],[121.44439306156039,24.60409291817412],[121.45426822183042,24.604063438285646],[121.45423563136922,24.59503485752771],[121.4443611795131,24.59506432519244]]]},"properties":{"grid_id":"G032_013","綠地類型":"河川沿岸自然地表","中心經度":121.449315,"中心緯度":24.599564,"分析面積_km2":1.04,"2020面積_ha":19.8,"2024面積_ha":19.8,"面積減少率_pct":0.0,"2020斑塊數":1,"2024斑塊數":1,"斑塊數增加率_pct":0.0,"2020平均斑塊面積_ha":806.76,"2024平均斑塊面積_ha":806.76,"平均斑塊面積下降率_pct":0.0,"道路切割密度_km_per_km2":3.057,"建成區邊界切割密度_km_per_km2":0.0,"孤立小斑塊比例_pct":0.0,"距大型連續綠地平均距離_m":0.0,"score_面積減少":36.206896551724135,"score_斑塊增加":44.260435571687836,"score_平均斑塊縮小":28.153357531760438,"score_道路建成區切割":50.99818511796734,"score_孤立比例":40.58529945553539,"score_距大型綠地":38.40744101633394,"綜合破碎化分數":39.8,"破碎化等級":"中","判定原因":"面積減少0.0%；斑塊增加0.0%；平均斑塊縮小0.0%；道路密度3.06 km/km²；孤立比例0.0%；距大型綠地0m","2021面積_ha":19.8,"2022面積_ha":19.8,"2023面積_ha":19.8}},{"type":"Feature","geometry":{"type":"Polygon","coordinates":[[[121.4739844870628,24.594973979470776],[121.4740184943367,24.604002534975344],[121.4838936058819,24.60397111156193],[121.48385889020946,24.59494256908697],[121.4739844870628,24.594973979470776]]]},"properties":{"grid_id":"G032_016","綠地類型":"河川沿岸自然地表","中心經度":121.478939,"中心緯度":24.599473,"分析面積_km2":1.04,"2020面積_ha":22.86,"2024面積_ha":22.86,"面積減少率_pct":0.0,"2020斑塊數":1,"2024斑塊數":1,"斑塊數增加率_pct":0.0,"2020平均斑塊面積_ha":1148.67,"2024平均斑塊面積_ha":1947.87,"平均斑塊面積下降率_pct":0.0,"道路切割密度_km_per_km2":3.431,"建成區邊界切割密度_km_per_km2":0.0,"孤立小斑塊比例_pct":0.0,"距大型連續綠地平均距離_m":0.0,"score_面積減少":36.206896551724135,"score_斑塊增加":44.260435571687836,"score_平均斑塊縮小":28.153357531760438,"score_道路建成區切割":52.48411978221415,"score_孤立比例":40.58529945553539,"score_距大型綠地":38.40744101633394,"綜合破碎化分數":40.0,"破碎化等級":"中","判定原因":"面積減少0.0%；斑塊增加0.0%；平均斑塊縮小0.0%；道路密度3.43 km/km²；孤立比例0.0%；距大型綠地0m","2021面積_ha":22.86,"2022面積_ha":22.86,"2023面積_ha":22.86}},{"type":"Feature","geometry":{"type":"Polygon","coordinates":[[[121.48385889020946,24.59494256908697],[121.4838936058819,24.60397111156193],[121.49376870049448,24.603939040315435],[121.49373327642883,24.5949105111387],[121.48385889020946,24.59494256908697]]]},"properties":{"grid_id":"G032_017","綠地類型":"河川沿岸自然地表","中心經度":121.488814,"中心緯度":24.599441,"分析面積_km2":1.04,"2020面積_ha":27.81,"2024面積_ha":27.36,"面積減少率_pct":1.62,"2020斑塊數":1,"2024斑塊數":1,"斑塊數增加率_pct":0.0,"2020平均斑塊面積_ha":1148.67,"2024平均斑塊面積_ha":1947.87,"平均斑塊面積下降率_pct":0.0,"道路切割密度_km_per_km2":1.845,"建成區邊界切割密度_km_per_km2":0.0,"孤立小斑塊比例_pct":0.0,"距大型連續綠地平均距離_m":0.0,"score_面積減少":79.62794918330309,"score_斑塊增加":44.260435571687836,"score_平均斑塊縮小":28.153357531760438,"score_道路建成區切割":45.4627949183303,"score_孤立比例":40.58529945553539,"score_距大型綠地":38.40744101633394,"綜合破碎化分數":46.1,"破碎化等級":"中","判定原因":"面積減少1.6%；斑塊增加0.0%；平均斑塊縮小0.0%；道路密度1.84 km/km²；孤立比例0.0%；距大型綠地0m","2021面積_ha":27.81,"2022面積_ha":27.81,"2023面積_ha":27.27}},{"type":"Feature","geometry":{"type":"Polygon","coordinates":[[[121.49373327642883,24.5949105111387],[121.49376870049448,24.603939040315435],[121.50364377782896,24.603906321240284],[121.50360764537552,24.594877805630393],[121.49373327642883,24.5949105111387]]]},"properties":{"grid_id":"G032_018","綠地類型":"河川沿岸自然地表","中心經度":121.498688,"中心緯度":24.599409,"分析面積_km2":1.04,"2020面積_ha":28.44,"2024面積_ha":23.76,"面積減少率_pct":16.46,"2020斑塊數":1,"2024斑塊數":1,"斑塊數增加率_pct":0.0,"2020平均斑塊面積_ha":1148.67,"2024平均斑塊面積_ha":1947.87,"平均斑塊面積下降率_pct":0.0,"道路切割密度_km_per_km2":0.26,"建成區邊界切割密度_km_per_km2":0.0,"孤立小斑塊比例_pct":0.0,"距大型連續綠地平均距離_m":0.0,"score_面積減少":92.33212341197822,"score_斑塊增加":44.260435571687836,"score_平均斑塊縮小":28.153357531760438,"score_道路建成區切割":35.367513611615244,"score_孤立比例":40.58529945553539,"score_距大型綠地":38.40744101633394,"綜合破碎化分數":46.5,"破碎化等級":"中","判定原因":"面積減少16.5%；斑塊增加0.0%；平均斑塊縮小0.0%；道路密度0.26 km/km²；孤立比例0.0%；距大型綠地0m","2021面積_ha":28.44,"2022面積_ha":28.44,"2023面積_ha":22.86}},{"type":"Feature","geometry":{"type":"Polygon","coordinates":[[[121.61222446501229,24.594475307431768],[121.6122683893404,24.603503656078693],[121.62214323238923,24.603463163437723],[121.62209859974725,24.5944348315808],[121.61222446501229,24.594475307431768]]]},"properties":{"grid_id":"G032_030","綠地類型":"河川沿岸自然地表","中心經度":121.617184,"中心緯度":24.598969,"分析面積_km2":1.04,"2020面積_ha":34.38,"2024面積_ha":34.38,"面積減少率_pct":0.0,"2020斑塊數":1,"2024斑塊數":1,"斑塊數增加率_pct":0.0,"2020平均斑塊面積_ha":2584.17,"2024平均斑塊面積_ha":1359.81,"平均斑塊面積下降率_pct":47.38,"道路切割密度_km_per_km2":0.0,"建成區邊界切割密度_km_per_km2":0.0,"孤立小斑塊比例_pct":0.0,"距大型連續綠地平均距離_m":0.0,"score_面積減少":36.206896551724135,"score_斑塊增加":44.260435571687836,"score_平均斑塊縮小":88.4301270417423,"score_道路建成區切割":25.941470054446462,"score_孤立比例":40.58529945553539,"score_距大型綠地":38.40744101633394,"綜合破碎化分數":45.6,"破碎化等級":"中","判定原因":"面積減少0.0%；斑塊增加0.0%；平均斑塊縮小47.4%；道路密度0.00 km/km²；孤立比例0.0%；距大型綠地0m","2021面積_ha":34.38,"2022面積_ha":34.38,"2023面積_ha":34.38}},{"type":"Feature","geometry":{"type":"Polygon","coordinates":[[[121.62209859974725,24.5944348315808],[121.62214323238923,24.603463163437723],[121.63201805366872,24.60342202303381],[121.63197271271972,24.594393708235465],[121.62209859974725,24.5944348315808]]]},"properties":{"grid_id":"G032_031","綠地類型":"河川沿岸自然地表","中心經度":121.627058,"中心緯度":24.598929,"分析面積_km2":1.04,"2020面積_ha":22.77,"2024面積_ha":22.77,"面積減少率_pct":0.0,"2020斑塊數":1,"2024斑塊數":1,"斑塊數增加率_pct":0.0,"2020平均斑塊面積_ha":2584.17,"2024平均斑塊面積_ha":1359.81,"平均斑塊面積下降率_pct":47.38,"道路切割密度_km_per_km2":0.0,"建成區邊界切割密度_km_per_km2":0.0,"孤立小斑塊比例_pct":0.0,"距大型連續綠地平均距離_m":0.0,"score_面積減少":36.206896551724135,"score_斑塊增加":44.260435571687836,"score_平均斑塊縮小":88.4301270417423,"score_道路建成區切割":25.941470054446462,"score_孤立比例":40.58529945553539,"score_距大型綠地":38.40744101633394,"綜合破碎化分數":45.6,"破碎化等級":"中","判定原因":"面積減少0.0%；斑塊增加0.0%；平均斑塊縮小47.4%；道路密度0.00 km/km²；孤立比例0.0%；距大型綠地0m","2021面積_ha":22.77,"2022面積_ha":22.77,"2023面積_ha":22.77}},{"type":"Feature","geometry":{"type":"Polygon","coordinates":[[[121.66159491760878,24.59426645329057],[121.66164238343663,24.60329471530172],[121.67151711418425,24.603250983903767],[121.67146894007796,24.594222740025486],[121.66159491760878,24.59426645329057]]]},"properties":{"grid_id":"G032_035","綠地類型":"河川沿岸自然地表","中心經度":121.666556,"中心緯度":24.598759,"分析面積_km2":1.04,"2020面積_ha":36.36,"2024面積_ha":36.36,"面積減少率_pct":0.0,"2020斑塊數":2,"2024斑塊數":2,"斑塊數增加率_pct":0.0,"2020平均斑塊面積_ha":514.665,"2024平均斑塊面積_ha":469.26,"平均斑塊面積下降率_pct":8.82,"道路切割密度_km_per_km2":2.047,"建成區邊界切割密度_km_per_km2":0.0,"孤立小斑塊比例_pct":0.0,"距大型連續綠地平均距離_m":0.0,"score_面積減少":36.206896551724135,"score_斑塊增加":44.260435571687836,"score_平均斑塊縮小":75.6578947368421,"score_道路建成區切割":46.67649727767696,"score_孤立比例":40.58529945553539,"score_距大型綠地":38.40744101633394,"綜合破碎化分數":47.0,"破碎化等級":"中","判定原因":"面積減少0.0%；斑塊增加0.0%；平均斑塊縮小8.8%；道路密度2.05 km/km²；孤立比例0.0%；距大型綠地0m","2021面積_ha":36.36,"2022面積_ha":36.36,"2023面積_ha":36.36}},{"type":"Feature","geometry":{"type":"Polygon","coordinates":[[[121.67146894007796,24.594222740025486],[121.67151711418425,24.603250983903767],[121.68139182143538,24.603206604772186],[121.68134293905798,24.59417837929534],[121.67146894007796,24.594222740025486]]]},"properties":{"grid_id":"G032_036","綠地類型":"河川沿岸自然地表","中心經度":121.67643,"中心緯度":24.598715,"分析面積_km2":1.04,"2020面積_ha":38.52,"2024面積_ha":38.52,"面積減少率_pct":0.0,"2020斑塊數":1,"2024斑塊數":1,"斑塊數增加率_pct":0.0,"2020平均斑塊面積_ha":574.65,"2024平均斑塊面積_ha":551.61,"平均斑塊面積下降率_pct":4.01,"道路切割密度_km_per_km2":2.999,"建成區邊界切割密度_km_per_km2":0.0,"孤立小斑塊比例_pct":0.0,"距大型連續綠地平均距離_m":0.0,"score_面積減少":36.206896551724135,"score_斑塊增加":44.260435571687836,"score_平均斑塊縮小":73.57078039927404,"score_道路建成區切割":50.71460980036298,"score_孤立比例":40.58529945553539,"score_距大型綠地":38.40744101633394,"綜合破碎化分數":47.3,"破碎化等級":"中","判定原因":"面積減少0.0%；斑塊增加0.0%；平均斑塊縮小4.0%；道路密度3.00 km/km²；孤立比例0.0%；距大型綠地0m","2021面積_ha":38.52,"2022面積_ha":38.52,"2023面積_ha":38.52}},{"type":"Feature","geometry":{"type":"Polygon","coordinates":[[[121.68134293905798,24.59417837929534],[121.68139182143538,24.603206604772186],[121.69126650484452,24.6031615779131],[121.69121691420357,24.594133371106242],[121.68134293905798,24.59417837929534]]]},"properties":{"grid_id":"G032_037","綠地類型":"河川沿岸自然地表","中心經度":121.686305,"中心緯度":24.59867,"分析面積_km2":1.04,"2020面積_ha":28.89,"2024面積_ha":29.79,"面積減少率_pct":0.0,"2020斑塊數":1,"2024斑塊數":1,"斑塊數增加率_pct":0.0,"2020平均斑塊面積_ha":574.65,"2024平均斑塊面積_ha":551.61,"平均斑塊面積下降率_pct":4.01,"道路切割密度_km_per_km2":3.749,"建成區邊界切割密度_km_per_km2":0.0,"孤立小斑塊比例_pct":0.0,"距大型連續綠地平均距離_m":0.0,"score_面積減少":36.206896551724135,"score_斑塊增加":44.260435571687836,"score_平均斑塊縮小":73.57078039927404,"score_道路建成區切割":53.300816696914694,"score_孤立比例":40.58529945553539,"score_距大型綠地":38.40744101633394,"綜合破碎化分數":47.7,"破碎化等級":"中","判定原因":"面積減少0.0%；斑塊增加0.0%；平均斑塊縮小4.0%；道路密度3.75 km/km²；孤立比例0.0%；距大型綠地0m","2021面積_ha":29.97,"2022面積_ha":29.88,"2023面積_ha":27.0}},{"type":"Feature","geometry":{"type":"Polygon","coordinates":[[[121.69121691420357,24.594133371106242],[121.69126650484452,24.6031615779131],[121.70114116406626,24.603115903332718],[121.70109086516936,24.59408771546442],[121.69121691420357,24.594133371106242]]]},"properties":{"grid_id":"G032_038","綠地類型":"河川沿岸自然地表","中心經度":121.696179,"中心緯度":24.598625,"分析面積_km2":1.04,"2020面積_ha":52.02,"2024面積_ha":52.02,"面積減少率_pct":0.0,"2020斑塊數":1,"2024斑塊數":1,"斑塊數增加率_pct":0.0,"2020平均斑塊面積_ha":141.3,"2024平均斑塊面積_ha":126.99,"平均斑塊面積下降率_pct":10.13,"道路切割密度_km_per_km2":1.499,"建成區邊界切割密度_km_per_km2":0.0,"孤立小斑塊比例_pct":0.0,"距大型連續綠地平均距離_m":0.0,"score_面積減少":36.206896551724135,"score_斑塊增加":44.260435571687836,"score_平均斑塊縮小":76.29310344827587,"score_道路建成區切割":42.615698729582576,"score_孤立比例":40.58529945553539,"score_距大型綠地":38.40744101633394,"綜合破碎化分數":46.4,"破碎化等級":"中","判定原因":"面積減少0.0%；斑塊增加0.0%；平均斑塊縮小10.1%；道路密度1.50 km/km²；孤立比例0.0%；距大型綠地0m","2021面積_ha":52.02,"2022面積_ha":52.02,"2023面積_ha":52.02}},{"type":"Feature","geometry":{"type":"Polygon","coordinates":[[[121.70109086516936,24.59408771546442],[121.70114116406626,24.603115903332718],[121.7110157987552,24.60306958103735],[121.71096479161012,24.594041412376164],[121.70109086516936,24.59408771546442]]]},"properties":{"grid_id":"G032_039","綠地類型":"河川沿岸自然地表","中心經度":121.706053,"中心緯度":24.598579,"分析面積_km2":1.04,"2020面積_ha":15.12,"2024面積_ha":15.12,"面積減少率_pct":0.0,"2020斑塊數":2,"2024斑塊數":2,"斑塊數增加率_pct":0.0,"2020平均斑塊面積_ha":84.96,"2024平均斑塊面積_ha":77.85,"平均斑塊面積下降率_pct":8.37,"道路切割密度_km_per_km2":1.471,"建成區邊界切割密度_km_per_km2":0.0,"孤立小斑塊比例_pct":0.0,"距大型連續綠地平均距離_m":0.0,"score_面積減少":36.206896551724135,"score_斑塊增加":44.260435571687836,"score_平均斑塊縮小":75.58983666061707,"score_道路建成區切割":42.30943738656987,"score_孤立比例":40.58529945553539,"score_距大型綠地":38.40744101633394,"綜合破碎化分數":46.2,"破碎化等級":"中","判定原因":"面積減少0.0%；斑塊增加0.0%；平均斑塊縮小8.4%；道路密度1.47 km/km²；孤立比例0.0%；距大型綠地0m","2021面積_ha":15.12,"2022面積_ha":15.12,"2023面積_ha":15.12}},{"type":"Feature","geometry":{"type":"Polygon","coordinates":[[[121.71096479161012,24.594041412376164],[121.7110157987552,24.60306958103735],[121.72089040856594,24.603022611033403],[121.72083869318048,24.593994461847878],[121.71096479161012,24.594041412376164]]]},"properties":{"grid_id":"G032_040","綠地類型":"河川沿岸自然地表","中心經度":121.715927,"中心緯度":24.598532,"分析面積_km2":1.04,"2020面積_ha":32.67,"2024面積_ha":32.4,"面積減少率_pct":0.83,"2020斑塊數":4,"2024斑塊數":1,"斑塊數增加率_pct":0.0,"2020平均斑塊面積_ha":113.782,"2024平均斑塊面積_ha":454.68,"平均斑塊面積下降率_pct":0.0,"道路切割密度_km_per_km2":0.0,"建成區邊界切割密度_km_per_km2":0.0,"孤立小斑塊比例_pct":0.0,"距大型連續綠地平均距離_m":0.0,"score_面積減少":76.86025408348456,"score_斑塊增加":44.260435571687836,"score_平均斑塊縮小":28.153357531760438,"score_道路建成區切割":25.941470054446462,"score_孤立比例":40.58529945553539,"score_距大型綠地":38.40744101633394,"綜合破碎化分數":42.4,"破碎化等級":"中","判定原因":"面積減少0.8%；斑塊增加0.0%；平均斑塊縮小0.0%；道路密度0.00 km/km²；孤立比例0.0%；距大型綠地0m","2021面積_ha":37.26,"2022面積_ha":35.19,"2023面積_ha":29.97}},{"type":"Feature","geometry":{"type":"Polygon","coordinates":[[[121.73071256953519,24.593946863886043],[121.73076499315302,24.602974993327358],[121.7406395521711,24.602926727925784],[121.74058642032894,24.593898618497228],[121.73071256953519,24.593946863886043]]]},"properties":{"grid_id":"G032_042","綠地類型":"河川沿岸自然地表","中心經度":121.735676,"中心緯度":24.598437,"分析面積_km2":1.04,"2020面積_ha":44.64,"2024面積_ha":44.64,"面積減少率_pct":0.0,"2020斑塊數":2,"2024斑塊數":2,"斑塊數增加率_pct":0.0,"2020平均斑塊面積_ha":219.825,"2024平均斑塊面積_ha":195.345,"平均斑塊面積下降率_pct":11.14,"道路切割密度_km_per_km2":1.644,"建成區邊界切割密度_km_per_km2":0.0,"孤立小斑塊比例_pct":0.0,"距大型連續綠地平均距離_m":0.0,"score_面積減少":36.206896551724135,"score_斑塊增加":44.260435571687836,"score_平均斑塊縮小":76.70145190562614,"score_道路建成區切割":43.93148820326679,"score_孤立比例":40.58529945553539,"score_距大型綠地":38.40744101633394,"綜合破碎化分數":46.7,"破碎化等級":"中","判定原因":"面積減少0.0%；斑塊增加0.0%；平均斑塊縮小11.1%；道路密度1.64 km/km²；孤立比例0.0%；距大型綠地0m","2021面積_ha":44.64,"2022面積_ha":44.64,"2023面積_ha":44.64}},{"type":"Feature","geometry":{"type":"Polygon","coordinates":[[[121.74058642032894,24.593898618497228],[121.7406395521711,24.602926727925784],[121.75051408527477,24.602877814835356],[121.75046024521643,24.5938497256881],[121.74058642032894,24.593898618497228]]]},"properties":{"grid_id":"G032_043","綠地類型":"河川沿岸自然地表","中心經度":121.74555,"中心緯度":24.598388,"分析面積_km2":1.04,"2020面積_ha":52.56,"2024面積_ha":52.56,"面積減少率_pct":0.0,"2020斑塊數":1,"2024斑塊數":1,"斑塊數增加率_pct":0.0,"2020平均斑塊面積_ha":276.93,"2024平均斑塊面積_ha":267.21,"平均斑塊面積下降率_pct":3.51,"道路切割密度_km_per_km2":0.75,"建成區邊界切割密度_km_per_km2":0.0,"孤立小斑塊比例_pct":0.0,"距大型連續綠地平均距離_m":0.0,"score_面積減少":36.206896551724135,"score_斑塊增加":44.260435571687836,"score_平均斑塊縮小":72.77676950998185,"score_道路建成區切割":38.169237749546284,"score_孤立比例":40.58529945553539,"score_距大型綠地":38.40744101633394,"綜合破碎化分數":45.1,"破碎化等級":"中","判定原因":"面積減少0.0%；斑塊增加0.0%；平均斑塊縮小3.5%；道路密度0.75 km/km²；孤立比例0.0%；距大型綠地0m","2021面積_ha":52.56,"2022面積_ha":52.56,"2023面積_ha":52.56}},{"type":"Feature","geometry":{"type":"Polygon","coordinates":[[[121.75046024521643,24.5938497256881],[121.75051408527477,24.602877814835356],[121.76038859211864,24.602828254062814],[121.7603340438524,24.593800185465405],[121.75046024521643,24.5938497256881]]]},"properties":{"grid_id":"G032_044","綠地類型":"河川沿岸自然地表","中心經度":121.755424,"中心緯度":24.598339,"分析面積_km2":1.04,"2020面積_ha":30.51,"2024面積_ha":30.51,"面積減少率_pct":0.0,"2020斑塊數":2,"2024斑塊數":2,"斑塊數增加率_pct":0.0,"2020平均斑塊面積_ha":933.39,"2024平均斑塊面積_ha":917.73,"平均斑塊面積下降率_pct":1.68,"道路切割密度_km_per_km2":2.105,"建成區邊界切割密度_km_per_km2":0.0,"孤立小斑塊比例_pct":0.0,"距大型連續綠地平均距離_m":0.0,"score_面積減少":36.206896551724135,"score_斑塊增加":44.260435571687836,"score_平均斑塊縮小":70.75771324863884,"score_道路建成區切割":47.02813067150635,"score_孤立比例":40.58529945553539,"score_距大型綠地":38.40744101633394,"綜合破碎化分數":46.2,"破碎化等級":"中","判定原因":"面積減少0.0%；斑塊增加0.0%；平均斑塊縮小1.7%；道路密度2.10 km/km²；孤立比例0.0%；距大型綠地0m","2021面積_ha":30.51,"2022面積_ha":30.51,"2023面積_ha":30.51}},{"type":"Feature","geometry":{"type":"Polygon","coordinates":[[[121.7603340438524,24.593800185465405],[121.76038859211864,24.602828254062814],[121.77026307235732,24.602778045615022],[121.77020781589157,24.593749997835975],[121.7603340438524,24.593800185465405]]]},"properties":{"grid_id":"G032_045","綠地類型":"河川沿岸自然地表","中心經度":121.765298,"中心緯度":24.598289,"分析面積_km2":1.04,"2020面積_ha":60.03,"2024面積_ha":60.03,"面積減少率_pct":0.0,"2020斑塊數":1,"2024斑塊數":1,"斑塊數增加率_pct":0.0,"2020平均斑塊面積_ha":1589.85,"2024平均斑塊面積_ha":1568.25,"平均斑塊面積下降率_pct":1.36,"道路切割密度_km_per_km2":0.0,"建成區邊界切割密度_km_per_km2":0.0,"孤立小斑塊比例_pct":0.0,"距大型連續綠地平均距離_m":0.0,"score_面積減少":36.206896551724135,"score_斑塊增加":44.260435571687836,"score_平均斑塊縮小":69.73684210526315,"score_道路建成區切割":25.941470054446462,"score_孤立比例":40.58529945553539,"score_距大型綠地":38.40744101633394,"綜合破碎化分數":42.5,"破碎化等級":"中","判定原因":"面積減少0.0%；斑塊增加0.0%；平均斑塊縮小1.4%；道路密度0.00 km/km²；孤立比例0.0%；距大型綠地0m","2021面積_ha":60.03,"2022面積_ha":60.03,"2023面積_ha":60.03}},{"type":"Feature","geometry":{"type":"Polygon","coordinates":[[[121.77020781589157,24.593749997835975],[121.77026307235732,24.602778045615022],[121.78013752564543,24.602727189498896],[121.78008156098868,24.593699162806764],[121.77020781589157,24.593749997835975]]]},"properties":{"grid_id":"G032_046","綠地類型":"河川沿岸自然地表","中心經度":121.775172,"中心緯度":24.598239,"分析面積_km2":1.04,"2020面積_ha":19.44,"2024面積_ha":19.44,"面積減少率_pct":0.0,"2020斑塊數":1,"2024斑塊數":1,"斑塊數增加率_pct":0.0,"2020平均斑塊面積_ha":1589.85,"2024平均斑塊面積_ha":1568.25,"平均斑塊面積下降率_pct":1.36,"道路切割密度_km_per_km2":1.528,"建成區邊界切割密度_km_per_km2":0.0,"孤立小斑塊比例_pct":0.0,"距大型連續綠地平均距離_m":0.0,"score_面積減少":36.206896551724135,"score_斑塊增加":44.260435571687836,"score_平均斑塊縮小":69.73684210526315,"score_道路建成區切割":42.91061705989111,"score_孤立比例":40.58529945553539,"score_距大型綠地":38.40744101633394,"綜合破碎化分數":45.4,"破碎化等級":"中","判定原因":"面積減少0.0%；斑塊增加0.0%；平均斑塊縮小1.4%；道路密度1.53 km/km²；孤立比例0.0%；距大型綠地0m","2021面積_ha":19.44,"2022面積_ha":19.44,"2023面積_ha":19.44}},{"type":"Feature","geometry":{"type":"Polygon","coordinates":[[[121.78008156098868,24.593699162806764],[121.78013752564543,24.602727189498896],[121.79001195163758,24.60267568572147],[121.78995527879844,24.59364768038477],[121.78008156098868,24.593699162806764]]]},"properties":{"grid_id":"G032_047","綠地類型":"河川沿岸自然地表","中心經度":121.785047,"中心緯度":24.598188,"分析面積_km2":1.04,"2020面積_ha":40.59,"2024面積_ha":40.59,"面積減少率_pct":0.0,"2020斑塊數":1,"2024斑塊數":1,"斑塊數增加率_pct":0.0,"2020平均斑塊面積_ha":1589.85,"2024平均斑塊面積_ha":1568.25,"平均斑塊面積下降率_pct":1.36,"道路切割密度_km_per_km2":0.173,"建成區邊界切割密度_km_per_km2":0.0,"孤立小斑塊比例_pct":0.0,"距大型連續綠地平均距離_m":0.0,"score_面積減少":36.206896551724135,"score_斑塊增加":44.260435571687836,"score_平均斑塊縮小":69.73684210526315,"score_道路建成區切割":34.720961887477316,"score_孤立比例":40.58529945553539,"score_距大型綠地":38.40744101633394,"綜合破碎化分數":44.0,"破碎化等級":"中","判定原因":"面積減少0.0%；斑塊增加0.0%；平均斑塊縮小1.4%；道路密度0.17 km/km²；孤立比例0.0%；距大型綠地0m","2021面積_ha":40.59,"2022面積_ha":40.59,"2023面積_ha":40.59}},{"type":"Feature","geometry":{"type":"Polygon","coordinates":[[[121.78995527879844,24.59364768038477],[121.79001195163758,24.60267568572147],[121.79988634998845,24.602623534289844],[121.79982896897562,24.593595550577103],[121.78995527879844,24.59364768038477]]]},"properties":{"grid_id":"G032_048","綠地類型":"河川沿岸自然地表","中心經度":121.794921,"中心緯度":24.598136,"分析面積_km2":1.04,"2020面積_ha":25.2,"2024面積_ha":25.2,"面積減少率_pct":0.0,"2020斑塊數":1,"2024斑塊數":1,"斑塊數增加率_pct":0.0,"2020平均斑塊面積_ha":1589.85,"2024平均斑塊面積_ha":1568.25,"平均斑塊面積下降率_pct":1.36,"道路切割密度_km_per_km2":1.701,"建成區邊界切割密度_km_per_km2":0.0,"孤立小斑塊比例_pct":0.0,"距大型連續綠地平均距離_m":0.0,"score_面積減少":36.206896551724135,"score_斑塊增加":44.260435571687836,"score_平均斑塊縮小":69.73684210526315,"score_道路建成區切割":44.44192377495463,"score_孤立比例":40.58529945553539,"score_距大型綠地":38.40744101633394,"綜合破碎化分數":45.6,"破碎化等級":"中","判定原因":"面積減少0.0%；斑塊增加0.0%；平均斑塊縮小1.4%；道路密度1.70 km/km²；孤立比例0.0%；距大型綠地0m","2021面積_ha":25.2,"2022面積_ha":25.2,"2023面積_ha":25.2}},{"type":"Feature","geometry":{"type":"Polygon","coordinates":[[[121.8195762650512,24.593489348833643],[121.8196350623848,24.60251728849291],[121.8295093757396,24.60246319414227],[121.82944987025911,24.593435276912516],[121.8195762650512,24.593489348833643]]]},"properties":{"grid_id":"G032_051","綠地類型":"河川沿岸自然地表","中心經度":121.824543,"中心緯度":24.597976,"分析面積_km2":1.04,"2020面積_ha":38.79,"2024面積_ha":38.79,"面積減少率_pct":0.0,"2020斑塊數":2,"2024斑塊數":2,"斑塊數增加率_pct":0.0,"2020平均斑塊面積_ha":39.555,"2024平均斑塊面積_ha":35.685,"平均斑塊面積下降率_pct":9.78,"道路切割密度_km_per_km2":2.912,"建成區邊界切割密度_km_per_km2":0.0,"孤立小斑塊比例_pct":0.0,"距大型連續綠地平均距離_m":0.0,"score_面積減少":36.206896551724135,"score_斑塊增加":44.260435571687836,"score_平均斑塊縮小":76.04355716878402,"score_道路建成區切割":50.44237749546279,"score_孤立比例":40.58529945553539,"score_距大型綠地":38.40744101633394,"綜合破碎化分數":47.7,"破碎化等級":"中","判定原因":"面積減少0.0%；斑塊增加0.0%；平均斑塊縮小9.8%；道路密度2.91 km/km²；孤立比例0.0%；距大型綠地0m","2021面積_ha":38.79,"2022面積_ha":38.79,"2023面積_ha":38.79}},{"type":"Feature","geometry":{"type":"Polygon","coordinates":[[[121.4740184943367,24.604002534975344],[121.4740525181977,24.613031079607357],[121.48392833848698,24.612999643162517],[121.4838936058819,24.60397111156193],[121.4740184943367,24.604002534975344]]]},"properties":{"grid_id":"G033_016","綠地類型":"河川沿岸自然地表","中心經度":121.478973,"中心緯度":24.608501,"分析面積_km2":1.04,"2020面積_ha":50.49,"2024面積_ha":50.31,"面積減少率_pct":0.36,"2020斑塊數":1,"2024斑塊數":1,"斑塊數增加率_pct":0.0,"2020平均斑塊面積_ha":1148.67,"2024平均斑塊面積_ha":1947.87,"平均斑塊面積下降率_pct":0.0,"道路切割密度_km_per_km2":2.278,"建成區邊界切割密度_km_per_km2":0.0,"孤立小斑塊比例_pct":0.0,"距大型連續綠地平均距離_m":0.0,"score_面積減少":74.38747731397459,"score_斑塊增加":44.260435571687836,"score_平均斑塊縮小":28.153357531760438,"score_道路建成區切割":47.91288566243195,"score_孤立比例":40.58529945553539,"score_距大型綠地":38.40744101633394,"綜合破碎化分數":45.6,"破碎化等級":"中","判定原因":"面積減少0.4%；斑塊增加0.0%；平均斑塊縮小0.0%；道路密度2.28 km/km²；孤立比例0.0%；距大型綠地0m","2021面積_ha":50.49,"2022面積_ha":50.49,"2023面積_ha":50.22}},{"type":"Feature","geometry":{"type":"Polygon","coordinates":[[[121.49376870049448,24.603939040315435],[121.49380414183827,24.612967558615946],[121.50367992790598,24.612934825972072],[121.50364377782896,24.603906321240284],[121.49376870049448,24.603939040315435]]]},"properties":{"grid_id":"G033_018","綠地類型":"河川沿岸自然地表","中心經度":121.498724,"中心緯度":24.608437,"分析面積_km2":1.04,"2020面積_ha":2.7,"2024面積_ha":2.61,"面積減少率_pct":3.33,"2020斑塊數":1,"2024斑塊數":1,"斑塊數增加率_pct":0.0,"2020平均斑塊面積_ha":1148.67,"2024平均斑塊面積_ha":1947.87,"平均斑塊面積下降率_pct":0.0,"道路切割密度_km_per_km2":3.172,"建成區邊界切割密度_km_per_km2":0.0,"孤立小斑塊比例_pct":0.0,"距大型連續綠地平均距離_m":0.0,"score_面積減少":82.75862068965517,"score_斑塊增加":44.260435571687836,"score_平均斑塊縮小":28.153357531760438,"score_道路建成區切割":51.53130671506352,"score_孤立比例":40.58529945553539,"score_距大型綠地":38.40744101633394,"綜合破碎化分數":47.6,"破碎化等級":"中","判定原因":"面積減少3.3%；斑塊增加0.0%；平均斑塊縮小0.0%；道路密度3.17 km/km²；孤立比例0.0%；距大型綠地0m","2021面積_ha":2.7,"2022面積_ha":2.7,"2023面積_ha":2.43}},{"type":"Feature","geometry":{"type":"Polygon","coordinates":[[[121.51351883753975,24.603872954341],[121.51355569634453,24.612901445235405],[121.52343144680825,24.612867416410573],[121.52339387928144,24.603838939622182],[121.51351883753975,24.603872954341]]]},"properties":{"grid_id":"G033_020","綠地類型":"河川沿岸自然地表","中心經度":121.518475,"中心緯度":24.60837,"分析面積_km2":1.04,"2020面積_ha":8.64,"2024面積_ha":8.73,"面積減少率_pct":0.0,"2020斑塊數":2,"2024斑塊數":2,"斑塊數增加率_pct":0.0,"2020平均斑塊面積_ha":1178.73,"2024平均斑塊面積_ha":1576.755,"平均斑塊面積下降率_pct":0.0,"道路切割密度_km_per_km2":5.363,"建成區邊界切割密度_km_per_km2":0.0,"孤立小斑塊比例_pct":0.0,"距大型連續綠地平均距離_m":0.0,"score_面積減少":36.206896551724135,"score_斑塊增加":44.260435571687836,"score_平均斑塊縮小":28.153357531760438,"score_道路建成區切割":56.51088929219601,"score_孤立比例":40.58529945553539,"score_距大型綠地":38.40744101633394,"綜合破碎化分數":40.7,"破碎化等級":"中","判定原因":"面積減少0.0%；斑塊增加0.0%；平均斑塊縮小0.0%；道路密度5.36 km/km²；孤立比例0.0%；距大型綠地0m","2021面積_ha":9.0,"2022面積_ha":8.73,"2023面積_ha":9.09}},{"type":"Feature","geometry":{"type":"Polygon","coordinates":[[[121.58264373303237,24.60362124736853],[121.58268555276621,24.612649633879357],[121.59256116772964,24.61261106857392],[121.59251863931651,24.603582698049557],[121.58264373303237,24.60362124736853]]]},"properties":{"grid_id":"G033_027","綠地類型":"河川沿岸自然地表","中心經度":121.587602,"中心緯度":24.608116,"分析面積_km2":1.04,"2020面積_ha":39.24,"2024面積_ha":39.06,"面積減少率_pct":0.46,"2020斑塊數":1,"2024斑塊數":1,"斑塊數增加率_pct":0.0,"2020平均斑塊面積_ha":2584.17,"2024平均斑塊面積_ha":6380.64,"平均斑塊面積下降率_pct":0.0,"道路切割密度_km_per_km2":0.0,"建成區邊界切割密度_km_per_km2":0.0,"孤立小斑塊比例_pct":0.0,"距大型連續綠地平均距離_m":0.0,"score_面積減少":75.0,"score_斑塊增加":44.260435571687836,"score_平均斑塊縮小":28.153357531760438,"score_道路建成區切割":25.941470054446462,"score_孤立比例":40.58529945553539,"score_距大型綠地":38.40744101633394,"綜合破碎化分數":42.1,"破碎化等級":"中","判定原因":"面積減少0.5%；斑塊增加0.0%；平均斑塊縮小0.0%；道路密度0.00 km/km²；孤立比例0.0%；距大型綠地0m","2021面積_ha":39.24,"2022面積_ha":39.15,"2023面積_ha":37.98}},{"type":"Feature","geometry":{"type":"Polygon","coordinates":[[[121.6122683893404,24.603503656078693],[121.6123123350924,24.612531993824234],[121.62218788680056,24.61249148439091],[121.62214323238923,24.603463163437723],[121.6122683893404,24.603503656078693]]]},"properties":{"grid_id":"G033_030","綠地類型":"河川沿岸自然地表","中心經度":121.617228,"中心緯度":24.607998,"分析面積_km2":1.04,"2020面積_ha":28.98,"2024面積_ha":28.98,"面積減少率_pct":0.0,"2020斑塊數":1,"2024斑塊數":1,"斑塊數增加率_pct":0.0,"2020平均斑塊面積_ha":2584.17,"2024平均斑塊面積_ha":1359.81,"平均斑塊面積下降率_pct":47.38,"道路切割密度_km_per_km2":0.0,"建成區邊界切割密度_km_per_km2":0.0,"孤立小斑塊比例_pct":0.0,"距大型連續綠地平均距離_m":0.0,"score_面積減少":36.206896551724135,"score_斑塊增加":44.260435571687836,"score_平均斑塊縮小":88.4301270417423,"score_道路建成區切割":25.941470054446462,"score_孤立比例":40.58529945553539,"score_距大型綠地":38.40744101633394,"綜合破碎化分數":45.6,"破碎化等級":"中","判定原因":"面積減少0.0%；斑塊增加0.0%；平均斑塊縮小47.4%；道路密度0.00 km/km²；孤立比例0.0%；距大型綠地0m","2021面積_ha":28.98,"2022面積_ha":28.98,"2023面積_ha":28.98}},{"type":"Feature","geometry":{"type":"Polygon","coordinates":[[[121.62214323238923,24.603463163437723],[121.62218788680056,24.61249148439091],[121.63206341673254,24.612450326926048],[121.63201805366872,24.60342202303381],[121.62214323238923,24.603463163437723]]]},"properties":{"grid_id":"G033_031","綠地類型":"河川沿岸自然地表","中心經度":121.627103,"中心緯度":24.607957,"分析面積_km2":1.04,"2020面積_ha":32.4,"2024面積_ha":32.4,"面積減少率_pct":0.0,"2020斑塊數":1,"2024斑塊數":1,"斑塊數增加率_pct":0.0,"2020平均斑塊面積_ha":2584.17,"2024平均斑塊面積_ha":1359.81,"平均斑塊面積下降率_pct":47.38,"道路切割密度_km_per_km2":0.0,"建成區邊界切割密度_km_per_km2":0.0,"孤立小斑塊比例_pct":0.0,"距大型連續綠地平均距離_m":0.0,"score_面積減少":36.206896551724135,"score_斑塊增加":44.260435571687836,"score_平均斑塊縮小":88.4301270417423,"score_道路建成區切割":25.941470054446462,"score_孤立比例":40.58529945553539,"score_距大型綠地":38.40744101633394,"綜合破碎化分數":45.6,"破碎化等級":"中","判定原因":"面積減少0.0%；斑塊增加0.0%；平均斑塊縮小47.4%；道路密度0.00 km/km²；孤立比例0.0%；距大型綠地0m","2021面積_ha":32.4,"2022面積_ha":32.4,"2023面積_ha":32.4}},{"type":"Feature","geometry":{"type":"Polygon","coordinates":[[[121.65176762953786,24.603337798959995],[121.65181440988557,24.612366067924473],[121.66168987241556,24.612322966399404],[121.66164238343663,24.60329471530172],[121.65176762953786,24.603337798959995]]]},"properties":{"grid_id":"G033_034","綠地類型":"河川沿岸自然地表","中心經度":121.656729,"中心緯度":24.60783,"分析面積_km2":1.04,"2020面積_ha":44.01,"2024面積_ha":44.01,"面積減少率_pct":0.0,"2020斑塊數":1,"2024斑塊數":1,"斑塊數增加率_pct":0.0,"2020平均斑塊面積_ha":454.68,"2024平均斑塊面積_ha":386.91,"平均斑塊面積下降率_pct":14.9,"道路切割密度_km_per_km2":1.211,"建成區邊界切割密度_km_per_km2":0.0,"孤立小斑塊比例_pct":0.0,"距大型連續綠地平均距離_m":0.0,"score_面積減少":36.206896551724135,"score_斑塊增加":44.260435571687836,"score_平均斑塊縮小":81.85117967332124,"score_道路建成區切割":40.369782214156075,"score_孤立比例":40.58529945553539,"score_距大型綠地":38.40744101633394,"綜合破碎化分數":46.9,"破碎化等級":"中","判定原因":"面積減少0.0%；斑塊增加0.0%；平均斑塊縮小14.9%；道路密度1.21 km/km²；孤立比例0.0%；距大型綠地0m","2021面積_ha":44.01,"2022面積_ha":44.01,"2023面積_ha":44.01}},{"type":"Feature","geometry":{"type":"Polygon","coordinates":[[[121.66164238343663,24.60329471530172],[121.66168987241556,24.612322966399404],[121.67156531178712,24.61227921686606],[121.67151711418425,24.603250983903767],[121.66164238343663,24.60329471530172]]]},"properties":{"grid_id":"G033_035","綠地類型":"河川沿岸自然地表","中心經度":121.666604,"中心緯度":24.607787,"分析面積_km2":1.04,"2020面積_ha":58.95,"2024面積_ha":58.95,"面積減少率_pct":0.0,"2020斑塊數":2,"2024斑塊數":2,"斑塊數增加率_pct":0.0,"2020平均斑塊面積_ha":514.665,"2024平均斑塊面積_ha":469.26,"平均斑塊面積下降率_pct":8.82,"道路切割密度_km_per_km2":0.0,"建成區邊界切割密度_km_per_km2":0.0,"孤立小斑塊比例_pct":0.0,"距大型連續綠地平均距離_m":0.0,"score_面積減少":36.206896551724135,"score_斑塊增加":44.260435571687836,"score_平均斑塊縮小":75.6578947368421,"score_道路建成區切割":25.941470054446462,"score_孤立比例":40.58529945553539,"score_距大型綠地":38.40744101633394,"綜合破碎化分數":43.5,"破碎化等級":"中","判定原因":"面積減少0.0%；斑塊增加0.0%；平均斑塊縮小8.8%；道路密度0.00 km/km²；孤立比例0.0%；距大型綠地0m","2021面積_ha":58.95,"2022面積_ha":58.95,"2023面積_ha":58.95}},{"type":"Feature","geometry":{"type":"Polygon","coordinates":[[[121.70114116406626,24.603115903332718],[121.70119148749595,24.612144080277204],[121.71106683077849,24.612097738772054],[121.7110157987552,24.60306958103735],[121.70114116406626,24.603115903332718]]]},"properties":{"grid_id":"G033_039","綠地類型":"河川沿岸自然地表","中心經度":121.706104,"中心緯度":24.607607,"分析面積_km2":1.04,"2020面積_ha":32.85,"2024面積_ha":32.67,"面積減少率_pct":0.55,"2020斑塊數":4,"2024斑塊數":2,"斑塊數增加率_pct":0.0,"2020平均斑塊面積_ha":18.742,"2024平均斑塊面積_ha":35.775,"平均斑塊面積下降率_pct":0.0,"道路切割密度_km_per_km2":0.461,"建成區邊界切割密度_km_per_km2":0.0,"孤立小斑塊比例_pct":0.0,"距大型連續綠地平均距離_m":0.0,"score_面積減少":75.47640653357531,"score_斑塊增加":44.260435571687836,"score_平均斑塊縮小":28.153357531760438,"score_道路建成區切割":36.51315789473684,"score_孤立比例":40.58529945553539,"score_距大型綠地":38.40744101633394,"綜合破碎化分數":43.9,"破碎化等級":"中","判定原因":"面積減少0.6%；斑塊增加0.0%；平均斑塊縮小0.0%；道路密度0.46 km/km²；孤立比例0.0%；距大型綠地0m","2021面積_ha":33.03,"2022面積_ha":33.21,"2023面積_ha":32.49}},{"type":"Feature","geometry":{"type":"Polygon","coordinates":[[[121.75051408527477,24.602877814835356],[121.75056795159291,24.61190589304504],[121.76044316699007,24.6118563117198],[121.76038859211864,24.602828254062814],[121.75051408527477,24.602877814835356]]]},"properties":{"grid_id":"G033_044","綠地類型":"河川沿岸自然地表","中心經度":121.755478,"中心緯度":24.607367,"分析面積_km2":1.04,"2020面積_ha":42.3,"2024面積_ha":42.3,"面積減少率_pct":0.0,"2020斑塊數":1,"2024斑塊數":1,"斑塊數增加率_pct":0.0,"2020平均斑塊面積_ha":276.93,"2024平均斑塊面積_ha":267.21,"平均斑塊面積下降率_pct":3.51,"道路切割密度_km_per_km2":0.577,"建成區邊界切割密度_km_per_km2":0.0,"孤立小斑塊比例_pct":0.0,"距大型連續綠地平均距離_m":0.0,"score_面積減少":36.206896551724135,"score_斑塊增加":44.260435571687836,"score_平均斑塊縮小":72.77676950998185,"score_道路建成區切割":37.137023593466424,"score_孤立比例":40.58529945553539,"score_距大型綠地":38.40744101633394,"綜合破碎化分數":44.9,"破碎化等級":"中","判定原因":"面積減少0.0%；斑塊增加0.0%；平均斑塊縮小3.5%；道路密度0.58 km/km²；孤立比例0.0%；距大型綠地0m","2021面積_ha":42.3,"2022面積_ha":42.3,"2023面積_ha":42.3}},{"type":"Feature","geometry":{"type":"Polygon","coordinates":[[[121.76038859211864,24.602828254062814],[121.76044316699007,24.6118563117198],[121.77031835577361,24.611806082450727],[121.77026307235732,24.602778045615022],[121.76038859211864,24.602828254062814]]]},"properties":{"grid_id":"G033_045","綠地類型":"河川沿岸自然地表","中心經度":121.765353,"中心緯度":24.607317,"分析面積_km2":1.04,"2020面積_ha":18.45,"2024面積_ha":18.45,"面積減少率_pct":0.0,"2020斑塊數":2,"2024斑塊數":2,"斑塊數增加率_pct":0.0,"2020平均斑塊面積_ha":60.57,"2024平均斑塊面積_ha":61.425,"平均斑塊面積下降率_pct":0.0,"道路切割密度_km_per_km2":4.268,"建成區邊界切割密度_km_per_km2":0.0,"孤立小斑塊比例_pct":0.0,"距大型連續綠地平均距離_m":0.0,"score_面積減少":36.206896551724135,"score_斑塊增加":44.260435571687836,"score_平均斑塊縮小":28.153357531760438,"score_道路建成區切割":54.54854809437387,"score_孤立比例":40.58529945553539,"score_距大型綠地":38.40744101633394,"綜合破碎化分數":40.4,"破碎化等級":"中","判定原因":"面積減少0.0%；斑塊增加0.0%；平均斑塊縮小0.0%；道路密度4.27 km/km²；孤立比例0.0%；距大型綠地0m","2021面積_ha":18.45,"2022面積_ha":18.45,"2023面積_ha":18.45}},{"type":"Feature","geometry":{"type":"Polygon","coordinates":[[[121.78013752564543,24.602727189498896],[121.78019351759811,24.61175520524476],[121.79006865211802,24.611703680108917],[121.79001195163758,24.60267568572147],[121.78013752564543,24.602727189498896]]]},"properties":{"grid_id":"G033_047","綠地類型":"河川沿岸自然地表","中心經度":121.785103,"中心緯度":24.607216,"分析面積_km2":1.04,"2020面積_ha":7.29,"2024面積_ha":7.29,"面積減少率_pct":0.0,"2020斑塊數":2,"2024斑塊數":2,"斑塊數增加率_pct":0.0,"2020平均斑塊面積_ha":834.435,"2024平均斑塊面積_ha":824.625,"平均斑塊面積下降率_pct":1.18,"道路切割密度_km_per_km2":1.24,"建成區邊界切割密度_km_per_km2":0.0,"孤立小斑塊比例_pct":0.0,"距大型連續綠地平均距離_m":0.0,"score_面積減少":36.206896551724135,"score_斑塊增加":44.260435571687836,"score_平均斑塊縮小":68.92014519056261,"score_道路建成區切割":40.57395644283122,"score_孤立比例":40.58529945553539,"score_距大型綠地":38.40744101633394,"綜合破碎化分數":44.8,"破碎化等級":"中","判定原因":"面積減少0.0%；斑塊增加0.0%；平均斑塊縮小1.2%；道路密度1.24 km/km²；孤立比例0.0%；距大型綠地0m","2021面積_ha":7.29,"2022面積_ha":7.29,"2023面積_ha":7.29}},{"type":"Feature","geometry":{"type":"Polygon","coordinates":[[[121.86900633547829,24.60224034056722],[121.85913214028636,24.602297025371566],[121.8591938002109,24.611324862730598],[121.86326419382874,24.61130156631098],[121.8633747,24.611184899999998],[121.8638138,24.610778],[121.8641182,24.6105081],[121.8647775,24.6099046],[121.86531590000001,24.60951929999999],[121.8656815,24.609411799999997],[121.8659141,24.609495900000006],[121.86617630000002,24.6095475],[121.8665311,24.6094834],[121.8671684,24.609478699999997],[121.86743599999998,24.609464000000003],[121.8676449,24.609363499999997],[121.8680144,24.609105200000002],[121.8683544,24.6089217],[121.8687193,24.6087926],[121.86905077673897,24.60867365843632],[121.86900633547829,24.60224034056722]]]},"properties":{"grid_id":"G033_055","綠地類型":"河川沿岸自然地表","中心經度":121.864091,"中心緯度":24.605485,"分析面積_km2":0.925,"2020面積_ha":9.45,"2024面積_ha":9.81,"面積減少率_pct":0.0,"2020斑塊數":1,"2024斑塊數":1,"斑塊數增加率_pct":0.0,"2020平均斑塊面積_ha":23.67,"2024平均斑塊面積_ha":24.03,"平均斑塊面積下降率_pct":0.0,"道路切割密度_km_per_km2":7.393,"建成區邊界切割密度_km_per_km2":0.811,"孤立小斑塊比例_pct":0.0,"距大型連續綠地平均距離_m":0.0,"score_面積減少":36.206896551724135,"score_斑塊增加":44.260435571687836,"score_平均斑塊縮小":28.153357531760438,"score_道路建成區切割":83.7568058076225,"score_孤立比例":40.58529945553539,"score_距大型綠地":38.40744101633394,"綜合破碎化分數":45.2,"破碎化等級":"中","判定原因":"面積減少0.0%；斑塊增加0.0%；平均斑塊縮小0.0%；道路密度7.39 km/km²；孤立比例0.0%；距大型綠地0m","2021面積_ha":9.72,"2022面積_ha":9.81,"2023面積_ha":9.9}},{"type":"Feature","geometry":{"type":"Polygon","coordinates":[[[121.46417668131609,24.613061867946115],[121.46421001267451,24.622090414467184],[121.47408655865107,24.622059613363877],[121.4740525181977,24.613031079607357],[121.46417668131609,24.613061867946115]]]},"properties":{"grid_id":"G034_015","綠地類型":"河川沿岸自然地表","中心經度":121.469131,"中心緯度":24.617561,"分析面積_km2":1.04,"2020面積_ha":3.42,"2024面積_ha":3.42,"面積減少率_pct":0.0,"2020斑塊數":1,"2024斑塊數":1,"斑塊數增加率_pct":0.0,"2020平均斑塊面積_ha":1148.67,"2024平均斑塊面積_ha":1947.87,"平均斑塊面積下降率_pct":0.0,"道路切割密度_km_per_km2":4.181,"建成區邊界切割密度_km_per_km2":0.0,"孤立小斑塊比例_pct":0.0,"距大型連續綠地平均距離_m":0.0,"score_面積減少":36.206896551724135,"score_斑塊增加":44.260435571687836,"score_平均斑塊縮小":28.153357531760438,"score_道路建成區切割":54.367059891107075,"score_孤立比例":40.58529945553539,"score_距大型綠地":38.40744101633394,"綜合破碎化分數":40.3,"破碎化等級":"中","判定原因":"面積減少0.0%；斑塊增加0.0%；平均斑塊縮小0.0%；道路密度4.18 km/km²；孤立比例0.0%；距大型綠地0m","2021面積_ha":3.42,"2022面積_ha":3.42,"2023面積_ha":3.42}},{"type":"Feature","geometry":{"type":"Polygon","coordinates":[[[121.4740525181977,24.613031079607357],[121.47408655865107,24.622059613363877],[121.48396308803001,24.622028163885794],[121.48392833848698,24.612999643162517],[121.4740525181977,24.613031079607357]]]},"properties":{"grid_id":"G034_016","綠地類型":"河川沿岸自然地表","中心經度":121.479008,"中心緯度":24.61753,"分析面積_km2":1.04,"2020面積_ha":9.99,"2024面積_ha":9.99,"面積減少率_pct":0.0,"2020斑塊數":1,"2024斑塊數":1,"斑塊數增加率_pct":0.0,"2020平均斑塊面積_ha":1148.67,"2024平均斑塊面積_ha":1947.87,"平均斑塊面積下降率_pct":0.0,"道路切割密度_km_per_km2":5.709,"建成區邊界切割密度_km_per_km2":0.0,"孤立小斑塊比例_pct":0.0,"距大型連續綠地平均距離_m":0.0,"score_面積減少":36.206896551724135,"score_斑塊增加":44.260435571687836,"score_平均斑塊縮小":28.153357531760438,"score_道路建成區切割":57.236842105263165,"score_孤立比例":40.58529945553539,"score_距大型綠地":38.40744101633394,"綜合破碎化分數":40.8,"破碎化等級":"中","判定原因":"面積減少0.0%；斑塊增加0.0%；平均斑塊縮小0.0%；道路密度5.71 km/km²；孤立比例0.0%；距大型綠地0m","2021面積_ha":9.99,"2022面積_ha":9.99,"2023面積_ha":9.99}},{"type":"Feature","geometry":{"type":"Polygon","coordinates":[[[121.48392833848698,24.612999643162517],[121.48396308803001,24.622028163885794],[121.49383960046563,24.621996066037287],[121.49380414183827,24.612967558615946],[121.48392833848698,24.612999643162517]]]},"properties":{"grid_id":"G034_017","綠地類型":"河川沿岸自然地表","中心經度":121.488884,"中心緯度":24.617498,"分析面積_km2":1.04,"2020面積_ha":13.05,"2024面積_ha":13.05,"面積減少率_pct":0.0,"2020斑塊數":1,"2024斑塊數":1,"斑塊數增加率_pct":0.0,"2020平均斑塊面積_ha":1148.67,"2024平均斑塊面積_ha":1947.87,"平均斑塊面積下降率_pct":0.0,"道路切割密度_km_per_km2":5.219,"建成區邊界切割密度_km_per_km2":0.0,"孤立小斑塊比例_pct":0.0,"距大型連續綠地平均距離_m":0.0,"score_面積減少":36.206896551724135,"score_斑塊增加":44.260435571687836,"score_平均斑塊縮小":28.153357531760438,"score_道路建成區切割":56.238656987295826,"score_孤立比例":40.58529945553539,"score_距大型綠地":38.40744101633394,"綜合破碎化分數":40.6,"破碎化等級":"中","判定原因":"面積減少0.0%；斑塊增加0.0%；平均斑塊縮小0.0%；道路密度5.22 km/km²；孤立比例0.0%；距大型綠地0m","2021面積_ha":13.05,"2022面積_ha":13.05,"2023面積_ha":13.05}},{"type":"Feature","geometry":{"type":"Polygon","coordinates":[[[121.49380414183827,24.612967558615946],[121.49383960046563,24.621996066037287],[121.50371609561225,24.621963319822786],[121.50367992790598,24.612934825972072],[121.49380414183827,24.612967558615946]]]},"properties":{"grid_id":"G034_018","綠地類型":"河川沿岸自然地表","中心經度":121.49876,"中心緯度":24.617466,"分析面積_km2":1.04,"2020面積_ha":2.34,"2024面積_ha":2.34,"面積減少率_pct":0.0,"2020斑塊數":1,"2024斑塊數":1,"斑塊數增加率_pct":0.0,"2020平均斑塊面積_ha":1208.79,"2024平均斑塊面積_ha":1205.64,"平均斑塊面積下降率_pct":0.26,"道路切割密度_km_per_km2":0.952,"建成區邊界切割密度_km_per_km2":0.0,"孤立小斑塊比例_pct":0.0,"距大型連續綠地平均距離_m":0.0,"score_面積減少":36.206896551724135,"score_斑塊增加":44.260435571687836,"score_平均斑塊縮小":64.7912885662432,"score_道路建成區切割":39.30353901996371,"score_孤立比例":40.58529945553539,"score_距大型綠地":38.40744101633394,"綜合破碎化分數":43.9,"破碎化等級":"中","判定原因":"面積減少0.0%；斑塊增加0.0%；平均斑塊縮小0.3%；道路密度0.95 km/km²；孤立比例0.0%；距大型綠地0m","2021面積_ha":2.34,"2022面積_ha":2.34,"2023面積_ha":2.34}},{"type":"Feature","geometry":{"type":"Polygon","coordinates":[[[121.50367992790598,24.612934825972072],[121.50371609561225,24.621963319822786],[121.51359257312407,24.62192992524682],[121.51355569634453,24.612901445235405],[121.50367992790598,24.612934825972072]]]},"properties":{"grid_id":"G034_019","綠地類型":"河川沿岸自然地表","中心經度":121.508636,"中心緯度":24.617432,"分析面積_km2":1.04,"2020面積_ha":18.27,"2024面積_ha":18.27,"面積減少率_pct":0.0,"2020斑塊數":1,"2024斑塊數":1,"斑塊數增加率_pct":0.0,"2020平均斑塊面積_ha":1208.79,"2024平均斑塊面積_ha":1205.64,"平均斑塊面積下降率_pct":0.26,"道路切割密度_km_per_km2":0.0,"建成區邊界切割密度_km_per_km2":0.0,"孤立小斑塊比例_pct":0.0,"距大型連續綠地平均距離_m":0.0,"score_面積減少":36.206896551724135,"score_斑塊增加":44.260435571687836,"score_平均斑塊縮小":64.7912885662432,"score_道路建成區切割":25.941470054446462,"score_孤立比例":40.58529945553539,"score_距大型綠地":38.40744101633394,"綜合破碎化分數":41.7,"破碎化等級":"中","判定原因":"面積減少0.0%；斑塊增加0.0%；平均斑塊縮小0.3%；道路密度0.00 km/km²；孤立比例0.0%；距大型綠地0m","2021面積_ha":18.27,"2022面積_ha":18.27,"2023面積_ha":18.27}},{"type":"Feature","geometry":{"type":"Polygon","coordinates":[[[121.5629342620031,24.61272482032483],[121.56297468406191,24.621753227109508],[121.57285104850529,24.62171594246472],[121.57280991740882,24.61268755113141],[121.5629342620031,24.61272482032483]]]},"properties":{"grid_id":"G034_025","綠地類型":"河川沿岸自然地表","中心經度":121.567892,"中心緯度":24.61722,"分析面積_km2":1.04,"2020面積_ha":54.36,"2024面積_ha":54.36,"面積減少率_pct":0.0,"2020斑塊數":1,"2024斑塊數":1,"斑塊數增加率_pct":0.0,"2020平均斑塊面積_ha":306.09,"2024平均斑塊面積_ha":286.83,"平均斑塊面積下降率_pct":6.29,"道路切割密度_km_per_km2":0.0,"建成區邊界切割密度_km_per_km2":0.0,"孤立小斑塊比例_pct":0.0,"距大型連續綠地平均距離_m":0.0,"score_面積減少":36.206896551724135,"score_斑塊增加":44.260435571687836,"score_平均斑塊縮小":74.68239564428312,"score_道路建成區切割":25.941470054446462,"score_孤立比例":40.58529945553539,"score_距大型綠地":38.40744101633394,"綜合破碎化分數":43.3,"破碎化等級":"中","判定原因":"面積減少0.0%；斑塊增加0.0%；平均斑塊縮小6.3%；道路密度0.00 km/km²；孤立比例0.0%；距大型綠地0m","2021面積_ha":54.36,"2022面積_ha":54.36,"2023面積_ha":54.36}},{"type":"Feature","geometry":{"type":"Polygon","coordinates":[[[121.57280991740882,24.61268755113141],[121.57285104850529,24.62171594246472],[121.58272739289399,24.621678009492634],[121.58268555276621,24.612649633879357],[121.57280991740882,24.61268755113141]]]},"properties":{"grid_id":"G034_026","綠地類型":"河川沿岸自然地表","中心經度":121.577768,"中心緯度":24.617183,"分析面積_km2":1.04,"2020面積_ha":31.59,"2024面積_ha":31.59,"面積減少率_pct":0.0,"2020斑塊數":1,"2024斑塊數":1,"斑塊數增加率_pct":0.0,"2020平均斑塊面積_ha":306.09,"2024平均斑塊面積_ha":286.83,"平均斑塊面積下降率_pct":6.29,"道路切割密度_km_per_km2":0.375,"建成區邊界切割密度_km_per_km2":0.0,"孤立小斑塊比例_pct":0.0,"距大型連續綠地平均距離_m":0.0,"score_面積減少":36.206896551724135,"score_斑塊增加":44.260435571687836,"score_平均斑塊縮小":74.68239564428312,"score_道路建成區切割":36.08212341197822,"score_孤立比例":40.58529945553539,"score_距大型綠地":38.40744101633394,"綜合破碎化分數":45.0,"破碎化等級":"中","判定原因":"面積減少0.0%；斑塊增加0.0%；平均斑塊縮小6.3%；道路密度0.38 km/km²；孤立比例0.0%；距大型綠地0m","2021面積_ha":31.59,"2022面積_ha":31.59,"2023面積_ha":31.59}},{"type":"Feature","geometry":{"type":"Polygon","coordinates":[[[121.68144072765473,24.61223481933047],[121.68148965772359,24.621263022967224],[121.69136575869622,24.621217958760326],[121.69131611967285,24.612189773798786],[121.68144072765473,24.61223481933047]]]},"properties":{"grid_id":"G034_037","綠地類型":"河川沿岸自然地表","中心經度":121.686403,"中心緯度":24.616726,"分析面積_km2":1.04,"2020面積_ha":61.47,"2024面積_ha":62.28,"面積減少率_pct":0.0,"2020斑塊數":3,"2024斑塊數":2,"斑塊數增加率_pct":0.0,"2020平均斑塊面積_ha":390.21,"2024平均斑塊面積_ha":469.26,"平均斑塊面積下降率_pct":0.0,"道路切割密度_km_per_km2":6.257,"建成區邊界切割密度_km_per_km2":1.99,"孤立小斑塊比例_pct":0.0,"距大型連續綠地平均距離_m":0.0,"score_面積減少":36.206896551724135,"score_斑塊增加":44.260435571687836,"score_平均斑塊縮小":28.153357531760438,"score_道路建成區切割":85.37885662431941,"score_孤立比例":40.58529945553539,"score_距大型綠地":38.40744101633394,"綜合破碎化分數":45.5,"破碎化等級":"中","判定原因":"面積減少0.0%；斑塊增加0.0%；平均斑塊縮小0.0%；道路密度6.26 km/km²；孤立比例0.0%；距大型綠地0m","2021面積_ha":68.31,"2022面積_ha":63.9,"2023面積_ha":56.43}},{"type":"Feature","geometry":{"type":"Polygon","coordinates":[[[121.8591938002109,24.611324862730598],[121.85922540539896,24.61595057491267],[121.8593038,24.6158495],[121.85953780000001,24.615578499999998],[121.85988520000001,24.615082899999997],[121.8602046,24.6148213],[121.8605781,24.614502499999997],[121.86084980000001,24.6140746],[121.8611565,24.613619999999997],[121.86151370000002,24.6131631],[121.8621113,24.612575],[121.862369,24.612223899999996],[121.86263339999999,24.611989299999998],[121.8628853,24.611659999999993],[121.8631379,24.611434899999995],[121.86326419382874,24.61130156631098],[121.8591938002109,24.611324862730598]]]},"properties":{"grid_id":"G034_055","綠地類型":"河川沿岸自然地表","中心經度":121.860107,"中心緯度":24.613852,"分析面積_km2":0.117,"2020面積_ha":7.56,"2024面積_ha":7.56,"面積減少率_pct":0.0,"2020斑塊數":1,"2024斑塊數":1,"斑塊數增加率_pct":0.0,"2020平均斑塊面積_ha":23.67,"2024平均斑塊面積_ha":24.03,"平均斑塊面積下降率_pct":0.0,"道路切割密度_km_per_km2":9.487,"建成區邊界切割密度_km_per_km2":0.0,"孤立小斑塊比例_pct":0.0,"距大型連續綠地平均距離_m":0.0,"score_面積減少":36.206896551724135,"score_斑塊增加":44.260435571687836,"score_平均斑塊縮小":28.153357531760438,"score_道路建成區切割":62.74954627949184,"score_孤立比例":40.58529945553539,"score_距大型綠地":38.40744101633394,"綜合破碎化分數":41.7,"破碎化等級":"中","判定原因":"面積減少0.0%；斑塊增加0.0%；平均斑塊縮小0.0%；道路密度9.49 km/km²；孤立比例0.0%；距大型綠地0m","2021面積_ha":7.65,"2022面積_ha":7.56,"2023面積_ha":7.2}},{"type":"Feature","geometry":{"type":"Polygon","coordinates":[[[121.47408655865107,24.622059613363877],[121.474120615702,24.631088136241946],[121.48399785451637,24.631056673728796],[121.48396308803001,24.622028163885794],[121.47408655865107,24.622059613363877]]]},"properties":{"grid_id":"G035_016","綠地類型":"河川沿岸自然地表","中心經度":121.479042,"中心緯度":24.626558,"分析面積_km2":1.04,"2020面積_ha":5.76,"2024面積_ha":5.76,"面積減少率_pct":0.0,"2020斑塊數":1,"2024斑塊數":1,"斑塊數增加率_pct":0.0,"2020平均斑塊面積_ha":1208.79,"2024平均斑塊面積_ha":1205.64,"平均斑塊面積下降率_pct":0.26,"道路切割密度_km_per_km2":2.71,"建成區邊界切割密度_km_per_km2":0.0,"孤立小斑塊比例_pct":0.0,"距大型連續綠地平均距離_m":0.0,"score_面積減少":36.206896551724135,"score_斑塊增加":44.260435571687836,"score_平均斑塊縮小":64.7912885662432,"score_道路建成區切割":49.78448275862069,"score_孤立比例":40.58529945553539,"score_距大型綠地":38.40744101633394,"綜合破碎化分數":45.7,"破碎化等級":"中","判定原因":"面積減少0.0%；斑塊增加0.0%；平均斑塊縮小0.3%；道路密度2.71 km/km²；孤立比例0.0%；距大型綠地0m","2021面積_ha":5.76,"2022面積_ha":5.76,"2023面積_ha":5.76}},{"type":"Feature","geometry":{"type":"Polygon","coordinates":[[[121.48396308803001,24.622028163885794],[121.48399785451637,24.631056673728796],[121.49387507638204,24.631024562576503],[121.49383960046563,24.621996066037287],[121.48396308803001,24.622028163885794]]]},"properties":{"grid_id":"G035_017","綠地類型":"河川沿岸自然地表","中心經度":121.488919,"中心緯度":24.626526,"分析面積_km2":1.04,"2020面積_ha":43.38,"2024面積_ha":43.38,"面積減少率_pct":0.0,"2020斑塊數":1,"2024斑塊數":1,"斑塊數增加率_pct":0.0,"2020平均斑塊面積_ha":1208.79,"2024平均斑塊面積_ha":1205.64,"平均斑塊面積下降率_pct":0.26,"道路切割密度_km_per_km2":2.278,"建成區邊界切割密度_km_per_km2":0.0,"孤立小斑塊比例_pct":0.0,"距大型連續綠地平均距離_m":0.0,"score_面積減少":36.206896551724135,"score_斑塊增加":44.260435571687836,"score_平均斑塊縮小":64.7912885662432,"score_道路建成區切割":47.91288566243195,"score_孤立比例":40.58529945553539,"score_距大型綠地":38.40744101633394,"綜合破碎化分數":45.4,"破碎化等級":"中","判定原因":"面積減少0.0%；斑塊增加0.0%；平均斑塊縮小0.3%；道路密度2.28 km/km²；孤立比例0.0%；距大型綠地0m","2021面積_ha":43.38,"2022面積_ha":43.38,"2023面積_ha":43.38}},{"type":"Feature","geometry":{"type":"Polygon","coordinates":[[[121.49383960046563,24.621996066037287],[121.49387507638204,24.631024562576503],[121.50375228095324,24.630991802789488],[121.50371609561225,24.621963319822786],[121.49383960046563,24.621996066037287]]]},"properties":{"grid_id":"G035_018","綠地類型":"河川沿岸自然地表","中心經度":121.498796,"中心緯度":24.626494,"分析面積_km2":1.04,"2020面積_ha":52.02,"2024面積_ha":52.02,"面積減少率_pct":0.0,"2020斑塊數":1,"2024斑塊數":1,"斑塊數增加率_pct":0.0,"2020平均斑塊面積_ha":1208.79,"2024平均斑塊面積_ha":1205.64,"平均斑塊面積下降率_pct":0.26,"道路切割密度_km_per_km2":0.0,"建成區邊界切割密度_km_per_km2":0.0,"孤立小斑塊比例_pct":0.0,"距大型連續綠地平均距離_m":0.0,"score_面積減少":36.206896551724135,"score_斑塊增加":44.260435571687836,"score_平均斑塊縮小":64.7912885662432,"score_道路建成區切割":25.941470054446462,"score_孤立比例":40.58529945553539,"score_距大型綠地":38.40744101633394,"綜合破碎化分數":41.7,"破碎化等級":"中","判定原因":"面積減少0.0%；斑塊增加0.0%；平均斑塊縮小0.3%；道路密度0.00 km/km²；孤立比例0.0%；距大型綠地0m","2021面積_ha":52.02,"2022面積_ha":52.02,"2023面積_ha":52.02}},{"type":"Feature","geometry":{"type":"Polygon","coordinates":[[[121.52346903265541,24.621895882314],[121.52350663682881,24.630924337329496],[121.53338378744154,24.63088963166584],[121.5333454738606,24.621861191029012],[121.52346903265541,24.621895882314]]]},"properties":{"grid_id":"G035_021","綠地類型":"河川沿岸自然地表","中心經度":121.528426,"中心緯度":24.626393,"分析面積_km2":1.04,"2020面積_ha":1.71,"2024面積_ha":1.71,"面積減少率_pct":0.0,"2020斑塊數":1,"2024斑塊數":1,"斑塊數增加率_pct":0.0,"2020平均斑塊面積_ha":4961.97,"2024平均斑塊面積_ha":6380.64,"平均斑塊面積下降率_pct":0.0,"道路切割密度_km_per_km2":6.344,"建成區邊界切割密度_km_per_km2":0.0,"孤立小斑塊比例_pct":0.0,"距大型連續綠地平均距離_m":0.0,"score_面積減少":36.206896551724135,"score_斑塊增加":44.260435571687836,"score_平均斑塊縮小":28.153357531760438,"score_道路建成區切割":58.33711433756805,"score_孤立比例":40.58529945553539,"score_距大型綠地":38.40744101633394,"綜合破碎化分數":41.0,"破碎化等級":"中","判定原因":"面積減少0.0%；斑塊增加0.0%；平均斑塊縮小0.0%；道路密度6.34 km/km²；孤立比例0.0%；距大型綠地0m","2021面積_ha":1.71,"2022面積_ha":1.71,"2023面積_ha":1.71}},{"type":"Feature","geometry":{"type":"Polygon","coordinates":[[[121.5333454738606,24.621861191029012],[121.53338378744154,24.63088963166584],[121.5432609193765,24.630854277386106],[121.54322189639387,24.621825851396668],[121.5333454738606,24.621861191029012]]]},"properties":{"grid_id":"G035_022","綠地類型":"河川沿岸自然地表","中心經度":121.538303,"中心緯度":24.626358,"分析面積_km2":1.04,"2020面積_ha":44.01,"2024面積_ha":44.64,"面積減少率_pct":0.0,"2020斑塊數":1,"2024斑塊數":1,"斑塊數增加率_pct":0.0,"2020平均斑塊面積_ha":4961.97,"2024平均斑塊面積_ha":6380.64,"平均斑塊面積下降率_pct":0.0,"道路切割密度_km_per_km2":7.439,"建成區邊界切割密度_km_per_km2":0.26,"孤立小斑塊比例_pct":0.0,"距大型連續綠地平均距離_m":0.0,"score_面積減少":36.206896551724135,"score_斑塊增加":44.260435571687836,"score_平均斑塊縮小":28.153357531760438,"score_道路建成區切割":80.36524500907441,"score_孤立比例":40.58529945553539,"score_距大型綠地":38.40744101633394,"綜合破碎化分數":44.7,"破碎化等級":"中","判定原因":"面積減少0.0%；斑塊增加0.0%；平均斑塊縮小0.0%；道路密度7.44 km/km²；孤立比例0.0%；距大型綠地0m","2021面積_ha":43.47,"2022面積_ha":42.84,"2023面積_ha":44.55}},{"type":"Feature","geometry":{"type":"Polygon","coordinates":[[[121.55309829990955,24.621789863421846],[121.55313803228783,24.630818274495173],[121.56301512582975,24.630781622998022],[121.56297468406191,24.621753227109508],[121.55309829990955,24.621789863421846]]]},"properties":{"grid_id":"G035_024","綠地類型":"河川沿岸自然地表","中心經度":121.558057,"中心緯度":24.626286,"分析面積_km2":1.04,"2020面積_ha":28.8,"2024面積_ha":29.16,"面積減少率_pct":0.0,"2020斑塊數":1,"2024斑塊數":1,"斑塊數增加率_pct":0.0,"2020平均斑塊面積_ha":306.09,"2024平均斑塊面積_ha":286.83,"平均斑塊面積下降率_pct":6.29,"道路切割密度_km_per_km2":2.653,"建成區邊界切割密度_km_per_km2":0.0,"孤立小斑塊比例_pct":0.0,"距大型連續綠地平均距離_m":0.0,"score_面積減少":36.206896551724135,"score_斑塊增加":44.260435571687836,"score_平均斑塊縮小":74.68239564428312,"score_道路建成區切割":49.54627949183303,"score_孤立比例":40.58529945553539,"score_距大型綠地":38.40744101633394,"綜合破碎化分數":47.3,"破碎化等級":"中","判定原因":"面積減少0.0%；斑塊增加0.0%；平均斑塊縮小6.3%；道路密度2.65 km/km²；孤立比例0.0%；距大型綠地0m","2021面積_ha":29.16,"2022面積_ha":29.16,"2023面積_ha":28.08}},{"type":"Feature","geometry":{"type":"Polygon","coordinates":[[[121.56297468406191,24.621753227109508],[121.56301512582975,24.630781622998022],[121.57289219965645,24.63074432289971],[121.57285104850529,24.62171594246472],[121.56297468406191,24.621753227109508]]]},"properties":{"grid_id":"G035_025","綠地類型":"河川沿岸自然地表","中心經度":121.567933,"中心緯度":24.626249,"分析面積_km2":1.04,"2020面積_ha":66.24,"2024面積_ha":66.24,"面積減少率_pct":0.0,"2020斑塊數":1,"2024斑塊數":1,"斑塊數增加率_pct":0.0,"2020平均斑塊面積_ha":306.09,"2024平均斑塊面積_ha":286.83,"平均斑塊面積下降率_pct":6.29,"道路切割密度_km_per_km2":0.0,"建成區邊界切割密度_km_per_km2":0.0,"孤立小斑塊比例_pct":0.0,"距大型連續綠地平均距離_m":0.0,"score_面積減少":36.206896551724135,"score_斑塊增加":44.260435571687836,"score_平均斑塊縮小":74.68239564428312,"score_道路建成區切割":25.941470054446462,"score_孤立比例":40.58529945553539,"score_距大型綠地":38.40744101633394,"綜合破碎化分數":43.3,"破碎化等級":"中","判定原因":"面積減少0.0%；斑塊增加0.0%；平均斑塊縮小6.3%；道路密度0.00 km/km²；孤立比例0.0%；距大型綠地0m","2021面積_ha":66.24,"2022面積_ha":66.24,"2023面積_ha":66.24}},{"type":"Feature","geometry":{"type":"Polygon","coordinates":[[[121.63210880191812,24.621478619909205],[121.63215420923247,24.63050690198032],[121.64203113537042,24.630465061823173],[121.64198501871935,24.621436797086474],[121.63210880191812,24.621478619909205]]]},"properties":{"grid_id":"G035_032","綠地類型":"河川沿岸自然地表","中心經度":121.63707,"中心緯度":24.625972,"分析面積_km2":1.04,"2020面積_ha":46.71,"2024面積_ha":46.71,"面積減少率_pct":0.0,"2020斑塊數":1,"2024斑塊數":1,"斑塊數增加率_pct":0.0,"2020平均斑塊面積_ha":2584.17,"2024平均斑塊面積_ha":1359.81,"平均斑塊面積下降率_pct":47.38,"道路切割密度_km_per_km2":0.029,"建成區邊界切割密度_km_per_km2":0.0,"孤立小斑塊比例_pct":0.0,"距大型連續綠地平均距離_m":0.0,"score_面積減少":36.206896551724135,"score_斑塊增加":44.260435571687836,"score_平均斑塊縮小":88.4301270417423,"score_道路建成區切割":33.82486388384755,"score_孤立比例":40.58529945553539,"score_距大型綠地":38.40744101633394,"綜合破碎化分數":47.0,"破碎化等級":"中","判定原因":"面積減少0.0%；斑塊增加0.0%；平均斑塊縮小47.4%；道路密度0.03 km/km²；孤立比例0.0%；距大型綠地0m","2021面積_ha":46.71,"2022面積_ha":46.71,"2023面積_ha":46.71}},{"type":"Feature","geometry":{"type":"Polygon","coordinates":[[[121.65186121304619,24.621394325975004],[121.65190803902686,24.630422573108614],[121.66178491985603,24.63037943584248],[121.66173738455292,24.621351206580652],[121.65186121304619,24.621394325975004]]]},"properties":{"grid_id":"G035_034","綠地類型":"河川沿岸自然地表","中心經度":121.656823,"中心緯度":24.625887,"分析面積_km2":1.04,"2020面積_ha":3.24,"2024面積_ha":3.24,"面積減少率_pct":0.0,"2020斑塊數":1,"2024斑塊數":1,"斑塊數增加率_pct":0.0,"2020平均斑塊面積_ha":454.68,"2024平均斑塊面積_ha":386.91,"平均斑塊面積下降率_pct":14.9,"道路切割密度_km_per_km2":0.807,"建成區邊界切割密度_km_per_km2":0.0,"孤立小斑塊比例_pct":0.0,"距大型連續綠地平均距離_m":0.0,"score_面積減少":36.206896551724135,"score_斑塊增加":44.260435571687836,"score_平均斑塊縮小":81.85117967332124,"score_道路建成區切割":38.56624319419238,"score_孤立比例":40.58529945553539,"score_距大型綠地":38.40744101633394,"綜合破碎化分數":46.6,"破碎化等級":"中","判定原因":"面積減少0.0%；斑塊增加0.0%；平均斑塊縮小14.9%；道路密度0.81 km/km²；孤立比例0.0%；距大型綠地0m","2021面積_ha":3.24,"2022面積_ha":3.24,"2023面積_ha":3.24}},{"type":"Feature","geometry":{"type":"Polygon","coordinates":[[[121.474120615702,24.631088136241946],[121.4741546893558,24.6401166482386],[121.4840326379514,24.64008517268858],[121.48399785451637,24.631056673728796],[121.474120615702,24.631088136241946]]]},"properties":{"grid_id":"G036_016","綠地類型":"河川沿岸自然地表","中心經度":121.479076,"中心緯度":24.635587,"分析面積_km2":1.04,"2020面積_ha":20.88,"2024面積_ha":20.88,"面積減少率_pct":0.0,"2020斑塊數":2,"2024斑塊數":2,"斑塊數增加率_pct":0.0,"2020平均斑塊面積_ha":1007.775,"2024平均斑塊面積_ha":1006.2,"平均斑塊面積下降率_pct":0.16,"道路切割密度_km_per_km2":3.114,"建成區邊界切割密度_km_per_km2":0.0,"孤立小斑塊比例_pct":0.0,"距大型連續綠地平均距離_m":0.0,"score_面積減少":36.206896551724135,"score_斑塊增加":44.260435571687836,"score_平均斑塊縮小":61.365698729582576,"score_道路建成區切割":51.20235934664247,"score_孤立比例":40.58529945553539,"score_距大型綠地":38.40744101633394,"綜合破碎化分數":45.3,"破碎化等級":"中","判定原因":"面積減少0.0%；斑塊增加0.0%；平均斑塊縮小0.2%；道路密度3.11 km/km²；孤立比例0.0%；距大型綠地0m","2021面積_ha":20.88,"2022面積_ha":20.88,"2023面積_ha":20.88}},{"type":"Feature","geometry":{"type":"Polygon","coordinates":[[[121.48399785451637,24.631056673728796],[121.4840326379514,24.64008517268858],[121.49391056959296,24.640053048230637],[121.49387507638204,24.631024562576503],[121.48399785451637,24.631056673728796]]]},"properties":{"grid_id":"G036_017","綠地類型":"河川沿岸自然地表","中心經度":121.488954,"中心緯度":24.635555,"分析面積_km2":1.04,"2020面積_ha":47.7,"2024面積_ha":47.7,"面積減少率_pct":0.0,"2020斑塊數":1,"2024斑塊數":1,"斑塊數增加率_pct":0.0,"2020平均斑塊面積_ha":1208.79,"2024平均斑塊面積_ha":1205.64,"平均斑塊面積下降率_pct":0.26,"道路切割密度_km_per_km2":1.096,"建成區邊界切割密度_km_per_km2":0.0,"孤立小斑塊比例_pct":0.0,"距大型連續綠地平均距離_m":0.0,"score_面積減少":36.206896551724135,"score_斑塊增加":44.260435571687836,"score_平均斑塊縮小":64.7912885662432,"score_道路建成區切割":39.91606170598911,"score_孤立比例":40.58529945553539,"score_距大型綠地":38.40744101633394,"綜合破碎化分數":44.0,"破碎化等級":"中","判定原因":"面積減少0.0%；斑塊增加0.0%；平均斑塊縮小0.3%；道路密度1.10 km/km²；孤立比例0.0%；距大型綠地0m","2021面積_ha":47.7,"2022面積_ha":47.7,"2023面積_ha":47.7}},{"type":"Feature","geometry":{"type":"Polygon","coordinates":[[[121.49387507638204,24.631024562576503],[121.49391056959296,24.640053048230637],[121.50378848393457,24.64002027486921],[121.50375228095324,24.630991802789488],[121.49387507638204,24.631024562576503]]]},"properties":{"grid_id":"G036_018","綠地類型":"河川沿岸自然地表","中心經度":121.498832,"中心緯度":24.635523,"分析面積_km2":1.04,"2020面積_ha":58.14,"2024面積_ha":58.14,"面積減少率_pct":0.0,"2020斑塊數":1,"2024斑塊數":1,"斑塊數增加率_pct":0.0,"2020平均斑塊面積_ha":1208.79,"2024平均斑塊面積_ha":1205.64,"平均斑塊面積下降率_pct":0.26,"道路切割密度_km_per_km2":0.0,"建成區邊界切割密度_km_per_km2":0.0,"孤立小斑塊比例_pct":0.0,"距大型連續綠地平均距離_m":0.0,"score_面積減少":36.206896551724135,"score_斑塊增加":44.260435571687836,"score_平均斑塊縮小":64.7912885662432,"score_道路建成區切割":25.941470054446462,"score_孤立比例":40.58529945553539,"score_距大型綠地":38.40744101633394,"綜合破碎化分數":41.7,"破碎化等級":"中","判定原因":"面積減少0.0%；斑塊增加0.0%；平均斑塊縮小0.3%；道路密度0.00 km/km²；孤立比例0.0%；距大型綠地0m","2021面積_ha":58.14,"2022面積_ha":58.14,"2023面積_ha":58.14}},{"type":"Feature","geometry":{"type":"Polygon","coordinates":[[[121.52350663682881,24.630924337329496],[121.52354425933417,24.639952781454127],[121.53342211970029,24.639918061409787],[121.53338378744154,24.63088963166584],[121.52350663682881,24.630924337329496]]]},"properties":{"grid_id":"G036_021","綠地類型":"河川沿岸自然地表","中心經度":121.528464,"中心緯度":24.635421,"分析面積_km2":1.04,"2020面積_ha":33.39,"2024面積_ha":33.39,"面積減少率_pct":0.0,"2020斑塊數":1,"2024斑塊數":1,"斑塊數增加率_pct":0.0,"2020平均斑塊面積_ha":4961.97,"2024平均斑塊面積_ha":6380.64,"平均斑塊面積下降率_pct":0.0,"道路切割密度_km_per_km2":2.826,"建成區邊界切割密度_km_per_km2":0.0,"孤立小斑塊比例_pct":0.0,"距大型連續綠地平均距離_m":0.0,"score_面積減少":36.206896551724135,"score_斑塊增加":44.260435571687836,"score_平均斑塊縮小":28.153357531760438,"score_道路建成區切割":50.21551724137931,"score_孤立比例":40.58529945553539,"score_距大型綠地":38.40744101633394,"綜合破碎化分數":39.6,"破碎化等級":"中","判定原因":"面積減少0.0%；斑塊增加0.0%；平均斑塊縮小0.0%；道路密度2.83 km/km²；孤立比例0.0%；距大型綠地0m","2021面積_ha":33.39,"2022面積_ha":33.39,"2023面積_ha":33.39}},{"type":"Feature","geometry":{"type":"Polygon","coordinates":[[[121.65190803902686,24.630422573108614],[121.65195488783482,24.639450809322323],[121.66183247833214,24.639407654181923],[121.66178491985603,24.63037943584248],[121.65190803902686,24.630422573108614]]]},"properties":{"grid_id":"G036_034","綠地類型":"河川沿岸自然地表","中心經度":121.65687,"中心緯度":24.634915,"分析面積_km2":1.04,"2020面積_ha":3.6,"2024面積_ha":3.6,"面積減少率_pct":0.0,"2020斑塊數":1,"2024斑塊數":1,"斑塊數增加率_pct":0.0,"2020平均斑塊面積_ha":454.68,"2024平均斑塊面積_ha":386.91,"平均斑塊面積下降率_pct":14.9,"道路切割密度_km_per_km2":1.586,"建成區邊界切割密度_km_per_km2":0.0,"孤立小斑塊比例_pct":0.0,"距大型連續綠地平均距離_m":0.0,"score_面積減少":36.206896551724135,"score_斑塊增加":44.260435571687836,"score_平均斑塊縮小":81.85117967332124,"score_道路建成區切割":43.30762250453721,"score_孤立比例":40.58529945553539,"score_距大型綠地":38.40744101633394,"綜合破碎化分數":47.4,"破碎化等級":"中","判定原因":"面積減少0.0%；斑塊增加0.0%；平均斑塊縮小14.9%；道路密度1.59 km/km²；孤立比例0.0%；距大型綠地0m","2021面積_ha":3.6,"2022面積_ha":3.6,"2023面積_ha":3.6}},{"type":"Feature","geometry":{"type":"Polygon","coordinates":[[[121.68153861164946,24.630291215679467],[121.68158758943989,24.63931939746421],[121.69146510935855,24.63927429589909],[121.69141542192224,24.63024613279476],[121.68153861164946,24.630291215679467]]]},"properties":{"grid_id":"G036_037","綠地類型":"河川沿岸自然地表","中心經度":121.686502,"中心緯度":24.634783,"分析面積_km2":1.04,"2020面積_ha":8.64,"2024面積_ha":8.64,"面積減少率_pct":0.0,"2020斑塊數":2,"2024斑塊數":2,"斑塊數增加率_pct":0.0,"2020平均斑塊面積_ha":236.25,"2024平均斑塊面積_ha":47.43,"平均斑塊面積下降率_pct":79.92,"道路切割密度_km_per_km2":0.0,"建成區邊界切割密度_km_per_km2":0.0,"孤立小斑塊比例_pct":0.0,"距大型連續綠地平均距離_m":0.0,"score_面積減少":36.206896551724135,"score_斑塊增加":44.260435571687836,"score_平均斑塊縮小":95.05444646098003,"score_道路建成區切割":25.941470054446462,"score_孤立比例":40.58529945553539,"score_距大型綠地":38.40744101633394,"綜合破碎化分數":46.7,"破碎化等級":"中","判定原因":"面積減少0.0%；斑塊增加0.0%；平均斑塊縮小79.9%；道路密度0.00 km/km²；孤立比例0.0%；距大型綠地0m","2021面積_ha":8.64,"2022面積_ha":8.64,"2023面積_ha":8.64}},{"type":"Feature","geometry":{"type":"Polygon","coordinates":[[[121.45439874268632,24.640177652597583],[121.45443141267819,24.64920617898089],[121.46431010428155,24.64917598875857],[121.46427672415214,24.640147474876354],[121.45439874268632,24.640177652597583]]]},"properties":{"grid_id":"G037_014","綠地類型":"河川沿岸自然地表","中心經度":121.459354,"中心緯度":24.644677,"分析面積_km2":1.04,"2020面積_ha":57.42,"2024面積_ha":57.42,"面積減少率_pct":0.0,"2020斑塊數":1,"2024斑塊數":1,"斑塊數增加率_pct":0.0,"2020平均斑塊面積_ha":806.76,"2024平均斑塊面積_ha":806.76,"平均斑塊面積下降率_pct":0.0,"道路切割密度_km_per_km2":3.114,"建成區邊界切割密度_km_per_km2":0.0,"孤立小斑塊比例_pct":0.0,"距大型連續綠地平均距離_m":0.0,"score_面積減少":36.206896551724135,"score_斑塊增加":44.260435571687836,"score_平均斑塊縮小":28.153357531760438,"score_道路建成區切割":51.20235934664247,"score_孤立比例":40.58529945553539,"score_距大型綠地":38.40744101633394,"綜合破碎化分數":39.8,"破碎化等級":"中","判定原因":"面積減少0.0%；斑塊增加0.0%；平均斑塊縮小0.0%；道路密度3.11 km/km²；孤立比例0.0%；距大型綠地0m","2021面積_ha":57.42,"2022面積_ha":57.42,"2023面積_ha":57.42}},{"type":"Feature","geometry":{"type":"Polygon","coordinates":[[[121.46427672415214,24.640147474876354],[121.46431010428155,24.64917598875857],[121.47418877961766,24.649145149350918],[121.4741546893558,24.6401166482386],[121.46427672415214,24.640147474876354]]]},"properties":{"grid_id":"G037_015","綠地類型":"河川沿岸自然地表","中心經度":121.469233,"中心緯度":24.644646,"分析面積_km2":1.04,"2020面積_ha":20.25,"2024面積_ha":20.25,"面積減少率_pct":0.0,"2020斑塊數":2,"2024斑塊數":2,"斑塊數增加率_pct":0.0,"2020平均斑塊面積_ha":1007.775,"2024平均斑塊面積_ha":1006.2,"平均斑塊面積下降率_pct":0.16,"道路切割密度_km_per_km2":0.721,"建成區邊界切割密度_km_per_km2":0.0,"孤立小斑塊比例_pct":0.0,"距大型連續綠地平均距離_m":0.0,"score_面積減少":36.206896551724135,"score_斑塊增加":44.260435571687836,"score_平均斑塊縮小":61.365698729582576,"score_道路建成區切割":37.96506352087114,"score_孤立比例":40.58529945553539,"score_距大型綠地":38.40744101633394,"綜合破碎化分數":43.1,"破碎化等級":"中","判定原因":"面積減少0.0%；斑塊增加0.0%；平均斑塊縮小0.2%；道路密度0.72 km/km²；孤立比例0.0%；距大型綠地0m","2021面積_ha":20.25,"2022面積_ha":20.25,"2023面積_ha":20.25}},{"type":"Feature","geometry":{"type":"Polygon","coordinates":[[[121.4741546893558,24.6401166482386],[121.47418877961766,24.649145149350918],[121.48406743834043,24.649113660762193],[121.4840326379514,24.64008517268858],[121.4741546893558,24.6401166482386]]]},"properties":{"grid_id":"G037_016","綠地類型":"河川沿岸自然地表","中心經度":121.479111,"中心緯度":24.644615,"分析面積_km2":1.04,"2020面積_ha":39.42,"2024面積_ha":39.42,"面積減少率_pct":0.0,"2020斑塊數":1,"2024斑塊數":1,"斑塊數增加率_pct":0.0,"2020平均斑塊面積_ha":1208.79,"2024平均斑塊面積_ha":1205.64,"平均斑塊面積下降率_pct":0.26,"道路切割密度_km_per_km2":5.421,"建成區邊界切割密度_km_per_km2":0.0,"孤立小斑塊比例_pct":0.0,"距大型連續綠地平均距離_m":0.0,"score_面積減少":36.206896551724135,"score_斑塊增加":44.260435571687836,"score_平均斑塊縮小":64.7912885662432,"score_道路建成區切割":56.6470054446461,"score_孤立比例":40.58529945553539,"score_距大型綠地":38.40744101633394,"綜合破碎化分數":46.8,"破碎化等級":"中","判定原因":"面積減少0.0%；斑塊增加0.0%；平均斑塊縮小0.3%；道路密度5.42 km/km²；孤立比例0.0%；距大型綠地0m","2021面積_ha":39.42,"2022面積_ha":39.42,"2023面積_ha":39.42}},{"type":"Feature","geometry":{"type":"Polygon","coordinates":[[[121.4840326379514,24.64008517268858],[121.48406743834043,24.649113660762193],[121.49394608010383,24.64908152299674],[121.49391056959296,24.640053048230637],[121.4840326379514,24.64008517268858]]]},"properties":{"grid_id":"G037_017","綠地類型":"河川沿岸自然地表","中心經度":121.488989,"中心緯度":24.644583,"分析面積_km2":1.04,"2020面積_ha":34.47,"2024面積_ha":34.47,"面積減少率_pct":0.0,"2020斑塊數":1,"2024斑塊數":1,"斑塊數增加率_pct":0.0,"2020平均斑塊面積_ha":1208.79,"2024平均斑塊面積_ha":1205.64,"平均斑塊面積下降率_pct":0.26,"道路切割密度_km_per_km2":1.788,"建成區邊界切割密度_km_per_km2":0.0,"孤立小斑塊比例_pct":0.0,"距大型連續綠地平均距離_m":0.0,"score_面積減少":36.206896551724135,"score_斑塊增加":44.260435571687836,"score_平均斑塊縮小":64.7912885662432,"score_道路建成區切割":45.07713248638839,"score_孤立比例":40.58529945553539,"score_距大型綠地":38.40744101633394,"綜合破碎化分數":44.9,"破碎化等級":"中","判定原因":"面積減少0.0%；斑塊增加0.0%；平均斑塊縮小0.3%；道路密度1.79 km/km²；孤立比例0.0%；距大型綠地0m","2021面積_ha":34.47,"2022面積_ha":34.47,"2023面積_ha":34.47}},{"type":"Feature","geometry":{"type":"Polygon","coordinates":[[[121.49391056959296,24.640053048230637],[121.49394608010383,24.64908152299674],[121.5038247045618,24.64904873605902],[121.50378848393457,24.64002027486921],[121.49391056959296,24.640053048230637]]]},"properties":{"grid_id":"G037_018","綠地類型":"河川沿岸自然地表","中心經度":121.498867,"中心緯度":24.644551,"分析面積_km2":1.04,"2020面積_ha":38.34,"2024面積_ha":38.34,"面積減少率_pct":0.0,"2020斑塊數":1,"2024斑塊數":1,"斑塊數增加率_pct":0.0,"2020平均斑塊面積_ha":1208.79,"2024平均斑塊面積_ha":1205.64,"平均斑塊面積下降率_pct":0.26,"道路切割密度_km_per_km2":0.519,"建成區邊界切割密度_km_per_km2":0.0,"孤立小斑塊比例_pct":0.0,"距大型連續綠地平均距離_m":0.0,"score_面積減少":36.206896551724135,"score_斑塊增加":44.260435571687836,"score_平均斑塊縮小":64.7912885662432,"score_道路建成區切割":36.77404718693285,"score_孤立比例":40.58529945553539,"score_距大型綠地":38.40744101633394,"綜合破碎化分數":43.5,"破碎化等級":"中","判定原因":"面積減少0.0%；斑塊增加0.0%；平均斑塊縮小0.3%；道路密度0.52 km/km²；孤立比例0.0%；距大型綠地0m","2021面積_ha":38.88,"2022面積_ha":36.9,"2023面積_ha":37.98}},{"type":"Feature","geometry":{"type":"Polygon","coordinates":[[[121.51366638063028,24.639986852608835],[121.5137033113683,24.64901529995354],[121.52358190017729,24.64898121468493],[121.52354425933417,24.639952781454127],[121.51366638063028,24.639986852608835]]]},"properties":{"grid_id":"G037_020","綠地類型":"河川沿岸自然地表","中心經度":121.518624,"中心緯度":24.644484,"分析面積_km2":1.04,"2020面積_ha":54.27,"2024面積_ha":54.54,"面積減少率_pct":0.0,"2020斑塊數":1,"2024斑塊數":1,"斑塊數增加率_pct":0.0,"2020平均斑塊面積_ha":1208.79,"2024平均斑塊面積_ha":1205.64,"平均斑塊面積下降率_pct":0.26,"道路切割密度_km_per_km2":1.528,"建成區邊界切割密度_km_per_km2":0.0,"孤立小斑塊比例_pct":0.0,"距大型連續綠地平均距離_m":0.0,"score_面積減少":36.206896551724135,"score_斑塊增加":44.260435571687836,"score_平均斑塊縮小":64.7912885662432,"score_道路建成區切割":42.91061705989111,"score_孤立比例":40.58529945553539,"score_距大型綠地":38.40744101633394,"綜合破碎化分數":44.5,"破碎化等級":"中","判定原因":"面積減少0.0%；斑塊增加0.0%；平均斑塊縮小0.3%；道路密度1.53 km/km²；孤立比例0.0%；距大型綠地0m","2021面積_ha":54.81,"2022面積_ha":54.54,"2023面積_ha":54.54}},{"type":"Feature","geometry":{"type":"Polygon","coordinates":[[[121.61244430095937,24.639616941622833],[121.61248833247456,24.64864523573315],[121.62236672227682,24.648604659107033],[121.62232198071939,24.639576381798438],[121.61244430095937,24.639616941622833]]]},"properties":{"grid_id":"G037_030","綠地類型":"河川沿岸自然地表","中心經度":121.617405,"中心緯度":24.644111,"分析面積_km2":1.04,"2020面積_ha":25.47,"2024面積_ha":25.29,"面積減少率_pct":0.71,"2020斑塊數":2,"2024斑塊數":2,"斑塊數增加率_pct":0.0,"2020平均斑塊面積_ha":3773.07,"2024平均斑塊面積_ha":3870.225,"平均斑塊面積下降率_pct":0.0,"道路切割密度_km_per_km2":3.922,"建成區邊界切割密度_km_per_km2":0.0,"孤立小斑塊比例_pct":0.0,"距大型連續綠地平均距離_m":0.0,"score_面積減少":76.33847549909257,"score_斑塊增加":44.260435571687836,"score_平均斑塊縮小":28.153357531760438,"score_道路建成區切割":53.845281306715066,"score_孤立比例":40.58529945553539,"score_距大型綠地":38.40744101633394,"綜合破碎化分數":46.9,"破碎化等級":"中","判定原因":"面積減少0.7%；斑塊增加0.0%；平均斑塊縮小0.0%；道路密度3.92 km/km²；孤立比例0.0%；距大型綠地0m","2021面積_ha":25.47,"2022面積_ha":25.2,"2023面積_ha":25.38}},{"type":"Feature","geometry":{"type":"Polygon","coordinates":[[[121.66183247833214,24.639407654181923],[121.66188005998866,24.64843586159601],[121.67175833731234,24.64839203949576],[121.67171004564914,24.639363850227202],[121.66183247833214,24.639407654181923]]]},"properties":{"grid_id":"G037_035","綠地類型":"河川沿岸自然地表","中心經度":121.666795,"中心緯度":24.6439,"分析面積_km2":1.04,"2020面積_ha":21.51,"2024面積_ha":21.51,"面積減少率_pct":0.0,"2020斑塊數":1,"2024斑塊數":1,"斑塊數增加率_pct":0.0,"2020平均斑塊面積_ha":4961.97,"2024平均斑塊面積_ha":100.53,"平均斑塊面積下降率_pct":97.97,"道路切割密度_km_per_km2":0.0,"建成區邊界切割密度_km_per_km2":0.0,"孤立小斑塊比例_pct":0.0,"距大型連續綠地平均距離_m":0.0,"score_面積減少":36.206896551724135,"score_斑塊增加":44.260435571687836,"score_平均斑塊縮小":99.2513611615245,"score_道路建成區切割":25.941470054446462,"score_孤立比例":40.58529945553539,"score_距大型綠地":38.40744101633394,"綜合破碎化分數":47.4,"破碎化等級":"中","判定原因":"面積減少0.0%；斑塊增加0.0%；平均斑塊縮小98.0%；道路密度0.00 km/km²；孤立比例0.0%；距大型綠地0m","2021面積_ha":21.51,"2022面積_ha":21.51,"2023面積_ha":21.51}},{"type":"Feature","geometry":{"type":"Polygon","coordinates":[[[121.46431010428155,24.64917598875857],[121.46434350067824,24.65820449175527],[121.47422288649283,24.658173639575935],[121.47418877961766,24.649145149350918],[121.46431010428155,24.64917598875857]]]},"properties":{"grid_id":"G038_015","綠地類型":"河川沿岸自然地表","中心經度":121.469266,"中心緯度":24.653675,"分析面積_km2":1.04,"2020面積_ha":14.31,"2024面積_ha":14.31,"面積減少率_pct":0.0,"2020斑塊數":2,"2024斑塊數":2,"斑塊數增加率_pct":0.0,"2020平均斑塊面積_ha":609.885,"2024平均斑塊面積_ha":608.31,"平均斑塊面積下降率_pct":0.26,"道路切割密度_km_per_km2":4.931,"建成區邊界切割密度_km_per_km2":0.0,"孤立小斑塊比例_pct":0.0,"距大型連續綠地平均距離_m":0.0,"score_面積減少":36.206896551724135,"score_斑塊增加":44.260435571687836,"score_平均斑塊縮小":64.7912885662432,"score_道路建成區切割":55.72822141560799,"score_孤立比例":40.58529945553539,"score_距大型綠地":38.40744101633394,"綜合破碎化分數":46.7,"破碎化等級":"中","判定原因":"面積減少0.0%；斑塊增加0.0%；平均斑塊縮小0.3%；道路密度4.93 km/km²；孤立比例0.0%；距大型綠地0m","2021面積_ha":14.31,"2022面積_ha":13.86,"2023面積_ha":14.31}},{"type":"Feature","geometry":{"type":"Polygon","coordinates":[[[121.47418877961766,24.649145149350918],[121.47422288649283,24.658173639575935],[121.48410225568885,24.65814213794669],[121.48406743834043,24.649113660762193],[121.47418877961766,24.649145149350918]]]},"properties":{"grid_id":"G038_016","綠地類型":"河川沿岸自然地表","中心經度":121.479145,"中心緯度":24.653644,"分析面積_km2":1.04,"2020面積_ha":54.0,"2024面積_ha":54.0,"面積減少率_pct":0.0,"2020斑塊數":1,"2024斑塊數":1,"斑塊數增加率_pct":0.0,"2020平均斑塊面積_ha":1208.79,"2024平均斑塊面積_ha":1205.64,"平均斑塊面積下降率_pct":0.26,"道路切割密度_km_per_km2":5.277,"建成區邊界切割密度_km_per_km2":0.0,"孤立小斑塊比例_pct":0.0,"距大型連續綠地平均距離_m":0.0,"score_面積減少":36.206896551724135,"score_斑塊增加":44.260435571687836,"score_平均斑塊縮小":64.7912885662432,"score_道路建成區切割":56.32940108892922,"score_孤立比例":40.58529945553539,"score_距大型綠地":38.40744101633394,"綜合破碎化分數":46.8,"破碎化等級":"中","判定原因":"面積減少0.0%；斑塊增加0.0%；平均斑塊縮小0.3%；道路密度5.28 km/km²；孤立比例0.0%；距大型綠地0m","2021面積_ha":54.0,"2022面積_ha":54.0,"2023面積_ha":54.0}},{"type":"Feature","geometry":{"type":"Polygon","coordinates":[[[121.48406743834043,24.649113660762193],[121.48410225568885,24.65814213794669],[121.49398160792012,24.658109986871874],[121.49394608010383,24.64908152299674],[121.48406743834043,24.649113660762193]]]},"properties":{"grid_id":"G038_017","綠地類型":"河川沿岸自然地表","中心經度":121.489024,"中心緯度":24.653612,"分析面積_km2":1.04,"2020面積_ha":53.01,"2024面積_ha":53.01,"面積減少率_pct":0.0,"2020斑塊數":1,"2024斑塊數":1,"斑塊數增加率_pct":0.0,"2020平均斑塊面積_ha":1208.79,"2024平均斑塊面積_ha":1205.64,"平均斑塊面積下降率_pct":0.26,"道路切割密度_km_per_km2":2.537,"建成區邊界切割密度_km_per_km2":0.0,"孤立小斑塊比例_pct":0.0,"距大型連續綠地平均距離_m":0.0,"score_面積減少":36.206896551724135,"score_斑塊增加":44.260435571687836,"score_平均斑塊縮小":64.7912885662432,"score_道路建成區切割":48.95644283121597,"score_孤立比例":40.58529945553539,"score_距大型綠地":38.40744101633394,"綜合破碎化分數":45.5,"破碎化等級":"中","判定原因":"面積減少0.0%；斑塊增加0.0%；平均斑塊縮小0.3%；道路密度2.54 km/km²；孤立比例0.0%；距大型綠地0m","2021面積_ha":53.01,"2022面積_ha":53.01,"2023面積_ha":53.01}},{"type":"Feature","geometry":{"type":"Polygon","coordinates":[[[121.49394608010383,24.64908152299674],[121.49398160792012,24.658109986871874],[121.50386094284052,24.658077186355946],[121.5038247045618,24.64904873605902],[121.49394608010383,24.64908152299674]]]},"properties":{"grid_id":"G038_018","綠地類型":"河川沿岸自然地表","中心經度":121.498903,"中心緯度":24.653579,"分析面積_km2":1.04,"2020面積_ha":29.07,"2024面積_ha":29.07,"面積減少率_pct":0.0,"2020斑塊數":1,"2024斑塊數":1,"斑塊數增加率_pct":0.0,"2020平均斑塊面積_ha":1208.79,"2024平均斑塊面積_ha":1205.64,"平均斑塊面積下降率_pct":0.26,"道路切割密度_km_per_km2":1.701,"建成區邊界切割密度_km_per_km2":0.0,"孤立小斑塊比例_pct":0.0,"距大型連續綠地平均距離_m":0.0,"score_面積減少":36.206896551724135,"score_斑塊增加":44.260435571687836,"score_平均斑塊縮小":64.7912885662432,"score_道路建成區切割":44.44192377495463,"score_孤立比例":40.58529945553539,"score_距大型綠地":38.40744101633394,"綜合破碎化分數":44.8,"破碎化等級":"中","判定原因":"面積減少0.0%；斑塊增加0.0%；平均斑塊縮小0.3%；道路密度1.70 km/km²；孤立比例0.0%；距大型綠地0m","2021面積_ha":29.07,"2022面積_ha":29.07,"2023面積_ha":29.07}},{"type":"Feature","geometry":{"type":"Polygon","coordinates":[[[121.5038247045618,24.64904873605902],[121.50386094284052,24.658077186355946],[121.51374026010383,24.65804373640343],[121.5137033113683,24.64901529995354],[121.5038247045618,24.64904873605902]]]},"properties":{"grid_id":"G038_019","綠地類型":"河川沿岸自然地表","中心經度":121.508782,"中心緯度":24.653546,"分析面積_km2":1.04,"2020面積_ha":51.48,"2024面積_ha":51.48,"面積減少率_pct":0.0,"2020斑塊數":1,"2024斑塊數":1,"斑塊數增加率_pct":0.0,"2020平均斑塊面積_ha":1208.79,"2024平均斑塊面積_ha":1205.64,"平均斑塊面積下降率_pct":0.26,"道路切割密度_km_per_km2":0.375,"建成區邊界切割密度_km_per_km2":0.0,"孤立小斑塊比例_pct":0.0,"距大型連續綠地平均距離_m":0.0,"score_面積減少":36.206896551724135,"score_斑塊增加":44.260435571687836,"score_平均斑塊縮小":64.7912885662432,"score_道路建成區切割":36.08212341197822,"score_孤立比例":40.58529945553539,"score_距大型綠地":38.40744101633394,"綜合破碎化分數":43.4,"破碎化等級":"中","判定原因":"面積減少0.0%；斑塊增加0.0%；平均斑塊縮小0.3%；道路密度0.38 km/km²；孤立比例0.0%；距大型綠地0m","2021面積_ha":51.48,"2022面積_ha":51.48,"2023面積_ha":51.48}},{"type":"Feature","geometry":{"type":"Polygon","coordinates":[[[121.5137033113683,24.64901529995354],[121.51374026010383,24.65804373640343],[121.52361955936395,24.658009637018953],[121.52358190017729,24.64898121468493],[121.5137033113683,24.64901529995354]]]},"properties":{"grid_id":"G038_020","綠地類型":"河川沿岸自然地表","中心經度":121.518661,"中心緯度":24.653513,"分析面積_km2":1.04,"2020面積_ha":38.43,"2024面積_ha":38.43,"面積減少率_pct":0.0,"2020斑塊數":1,"2024斑塊數":1,"斑塊數增加率_pct":0.0,"2020平均斑塊面積_ha":1208.79,"2024平均斑塊面積_ha":1205.64,"平均斑塊面積下降率_pct":0.26,"道路切割密度_km_per_km2":1.672,"建成區邊界切割密度_km_per_km2":0.0,"孤立小斑塊比例_pct":0.0,"距大型連續綠地平均距離_m":0.0,"score_面積減少":36.206896551724135,"score_斑塊增加":44.260435571687836,"score_平均斑塊縮小":64.7912885662432,"score_道路建成區切割":44.21506352087114,"score_孤立比例":40.58529945553539,"score_距大型綠地":38.40744101633394,"綜合破碎化分數":44.7,"破碎化等級":"中","判定原因":"面積減少0.0%；斑塊增加0.0%；平均斑塊縮小0.3%；道路密度1.67 km/km²；孤立比例0.0%；距大型綠地0m","2021面積_ha":38.43,"2022面積_ha":38.43,"2023面積_ha":38.43}},{"type":"Feature","geometry":{"type":"Polygon","coordinates":[[[121.57297456214818,24.648801051062865],[121.57301577350141,24.657829398785122],[121.58289495747333,24.657791402910934],[121.58285303570537,24.648763070917504],[121.57297456214818,24.648801051062865]]]},"properties":{"grid_id":"G038_026","綠地類型":"河川沿岸自然地表","中心經度":121.577935,"中心緯度":24.653296,"分析面積_km2":1.04,"2020面積_ha":40.59,"2024面積_ha":44.55,"面積減少率_pct":0.0,"2020斑塊數":2,"2024斑塊數":1,"斑塊數增加率_pct":0.0,"2020平均斑塊面積_ha":2481.12,"2024平均斑塊面積_ha":6380.64,"平均斑塊面積下降率_pct":0.0,"道路切割密度_km_per_km2":7.987,"建成區邊界切割密度_km_per_km2":1.961,"孤立小斑塊比例_pct":0.0,"距大型連續綠地平均距離_m":0.0,"score_面積減少":36.206896551724135,"score_斑塊增加":44.260435571687836,"score_平均斑塊縮小":28.153357531760438,"score_道路建成區切割":88.15789473684211,"score_孤立比例":40.58529945553539,"score_距大型綠地":38.40744101633394,"綜合破碎化分數":46.0,"破碎化等級":"中","判定原因":"面積減少0.0%；斑塊增加0.0%；平均斑塊縮小0.0%；道路密度7.99 km/km²；孤立比例0.0%；距大型綠地0m","2021面積_ha":47.43,"2022面積_ha":43.74,"2023面積_ha":43.11}},{"type":"Feature","geometry":{"type":"Polygon","coordinates":[[[121.59273148884283,24.64872444164385],[121.59277412101903,24.657752757639653],[121.60265326379248,24.657713462976616],[121.60260992121457,24.648685163247258],[121.59273148884283,24.64872444164385]]]},"properties":{"grid_id":"G038_028","綠地類型":"河川沿岸自然地表","中心經度":121.597692,"中心緯度":24.653219,"分析面積_km2":1.04,"2020面積_ha":54.45,"2024面積_ha":61.29,"面積減少率_pct":0.0,"2020斑塊數":1,"2024斑塊數":1,"斑塊數增加率_pct":0.0,"2020平均斑塊面積_ha":4961.97,"2024平均斑塊面積_ha":6380.64,"平均斑塊面積下降率_pct":0.0,"道路切割密度_km_per_km2":0.173,"建成區邊界切割密度_km_per_km2":0.029,"孤立小斑塊比例_pct":0.0,"距大型連續綠地平均距離_m":0.0,"score_面積減少":36.206896551724135,"score_斑塊增加":44.260435571687836,"score_平均斑塊縮小":28.153357531760438,"score_道路建成區切割":53.062613430127044,"score_孤立比例":40.58529945553539,"score_距大型綠地":38.40744101633394,"綜合破碎化分數":40.1,"破碎化等級":"中","判定原因":"面積減少0.0%；斑塊增加0.0%；平均斑塊縮小0.0%；道路密度0.17 km/km²；孤立比例0.0%；距大型綠地0m","2021面積_ha":61.02,"2022面積_ha":61.65,"2023面積_ha":60.57}},{"type":"Feature","geometry":{"type":"Polygon","coordinates":[[[121.60260992121457,24.648685163247258],[121.60265326379248,24.657713462976616],[121.61253238544751,24.65767351892724],[121.61248833247456,24.64864523573315],[121.60260992121457,24.648685163247258]]]},"properties":{"grid_id":"G038_029","綠地類型":"河川沿岸自然地表","中心經度":121.607571,"中心緯度":24.653179,"分析面積_km2":1.04,"2020面積_ha":35.46,"2024面積_ha":35.55,"面積減少率_pct":0.0,"2020斑塊數":1,"2024斑塊數":1,"斑塊數增加率_pct":0.0,"2020平均斑塊面積_ha":4961.97,"2024平均斑塊面積_ha":6380.64,"平均斑塊面積下降率_pct":0.0,"道路切割密度_km_per_km2":4.123,"建成區邊界切割密度_km_per_km2":0.0,"孤立小斑塊比例_pct":0.0,"距大型連續綠地平均距離_m":0.0,"score_面積減少":36.206896551724135,"score_斑塊增加":44.260435571687836,"score_平均斑塊縮小":28.153357531760438,"score_道路建成區切割":54.23094373865699,"score_孤立比例":40.58529945553539,"score_距大型綠地":38.40744101633394,"綜合破碎化分數":40.3,"破碎化等級":"中","判定原因":"面積減少0.0%；斑塊增加0.0%；平均斑塊縮小0.0%；道路密度4.12 km/km²；孤立比例0.0%；距大型綠地0m","2021面積_ha":36.0,"2022面積_ha":35.55,"2023面積_ha":35.82}},{"type":"Feature","geometry":{"type":"Polygon","coordinates":[[[121.65200175947726,24.648479034613178],[121.65204865396143,24.657507248978195],[121.66192766483285,24.657464058081768],[121.66188005998866,24.64843586159601],[121.65200175947726,24.648479034613178]]]},"properties":{"grid_id":"G038_034","綠地類型":"河川沿岸自然地表","中心經度":121.656965,"中心緯度":24.652972,"分析面積_km2":1.04,"2020面積_ha":31.14,"2024面積_ha":31.14,"面積減少率_pct":0.0,"2020斑塊數":1,"2024斑塊數":1,"斑塊數增加率_pct":0.0,"2020平均斑塊面積_ha":4961.97,"2024平均斑塊面積_ha":6380.64,"平均斑塊面積下降率_pct":0.0,"道路切割密度_km_per_km2":4.729,"建成區邊界切割密度_km_per_km2":0.231,"孤立小斑塊比例_pct":0.0,"距大型連續綠地平均距離_m":0.0,"score_面積減少":36.206896551724135,"score_斑塊增加":44.260435571687836,"score_平均斑塊縮小":28.153357531760438,"score_道路建成區切割":75.54446460980037,"score_孤立比例":40.58529945553539,"score_距大型綠地":38.40744101633394,"綜合破碎化分數":43.9,"破碎化等級":"中","判定原因":"面積減少0.0%；斑塊增加0.0%；平均斑塊縮小0.0%；道路密度4.73 km/km²；孤立比例0.0%；距大型綠地0m","2021面積_ha":30.96,"2022面積_ha":30.87,"2023面積_ha":31.14}},{"type":"Feature","geometry":{"type":"Polygon","coordinates":[[[121.45446409859126,24.65823469448043],[121.44770530447789,24.658254982898736],[121.44773020000001,24.658341899999996],[121.4479841,24.6589334],[121.4484267,24.659525900000002],[121.4485818,24.659835499999996],[121.4489916,24.6609718],[121.449221,24.6616081],[121.44936270000001,24.6619234],[121.4495383,24.662192700000002],[121.44961340000002,24.6622693],[121.44982910000002,24.6623795],[121.45112830000001,24.662871999999993],[121.45168660000002,24.6631843],[121.4519384,24.6633655],[121.45217810000001,24.6635379],[121.4535166,24.664114600000005],[121.4537035,24.66421379999999],[121.4538512,24.664344299999996],[121.45437810000001,24.6655715],[121.45449196050895,24.665927244690224],[121.45446409859126,24.65823469448043]]]},"properties":{"grid_id":"G039_013","綠地類型":"河川沿岸自然地表","中心經度":121.451964,"中心緯度":24.662051,"分析面積_km2":0.345,"2020面積_ha":8.46,"2024面積_ha":8.46,"面積減少率_pct":0.0,"2020斑塊數":1,"2024斑塊數":1,"斑塊數增加率_pct":0.0,"2020平均斑塊面積_ha":806.76,"2024平均斑塊面積_ha":806.76,"平均斑塊面積下降率_pct":0.0,"道路切割密度_km_per_km2":2.611,"建成區邊界切割密度_km_per_km2":0.0,"孤立小斑塊比例_pct":0.0,"距大型連續綠地平均距離_m":0.0,"score_面積減少":36.206896551724135,"score_斑塊增加":44.260435571687836,"score_平均斑塊縮小":28.153357531760438,"score_道路建成區切割":49.38747731397459,"score_孤立比例":40.58529945553539,"score_距大型綠地":38.40744101633394,"綜合破碎化分數":39.5,"破碎化等級":"中","判定原因":"面積減少0.0%；斑塊增加0.0%；平均斑塊縮小0.0%；道路密度2.61 km/km²；孤立比例0.0%；距大型綠地0m","2021面積_ha":8.46,"2022面積_ha":8.46,"2023面積_ha":8.46}},{"type":"Feature","geometry":{"type":"Polygon","coordinates":[[[121.46434350067824,24.65820449175527],[121.46437691334735,24.66723298386351],[121.47425700998657,24.667202118910712],[121.47422288649283,24.658173639575935],[121.46434350067824,24.65820449175527]]]},"properties":{"grid_id":"G039_015","綠地類型":"河川沿岸自然地表","中心經度":121.4693,"中心緯度":24.662703,"分析面積_km2":1.04,"2020面積_ha":20.25,"2024面積_ha":20.25,"面積減少率_pct":0.0,"2020斑塊數":2,"2024斑塊數":2,"斑塊數增加率_pct":0.0,"2020平均斑塊面積_ha":1007.775,"2024平均斑塊面積_ha":1006.2,"平均斑塊面積下降率_pct":0.16,"道路切割密度_km_per_km2":2.566,"建成區邊界切割密度_km_per_km2":0.0,"孤立小斑塊比例_pct":0.0,"距大型連續綠地平均距離_m":0.0,"score_面積減少":36.206896551724135,"score_斑塊增加":44.260435571687836,"score_平均斑塊縮小":61.365698729582576,"score_道路建成區切割":49.10390199637024,"score_孤立比例":40.58529945553539,"score_距大型綠地":38.40744101633394,"綜合破碎化分數":45.0,"破碎化等級":"中","判定原因":"面積減少0.0%；斑塊增加0.0%；平均斑塊縮小0.2%；道路密度2.57 km/km²；孤立比例0.0%；距大型綠地0m","2021面積_ha":20.25,"2022面積_ha":20.25,"2023面積_ha":20.25}},{"type":"Feature","geometry":{"type":"Polygon","coordinates":[[[121.47422288649283,24.658173639575935],[121.47425700998657,24.667202118910712],[121.48413709000201,24.667170604239118],[121.48410225568885,24.65814213794669],[121.47422288649283,24.658173639575935]]]},"properties":{"grid_id":"G039_016","綠地類型":"河川沿岸自然地表","中心經度":121.47918,"中心緯度":24.662672,"分析面積_km2":1.04,"2020面積_ha":22.95,"2024面積_ha":22.95,"面積減少率_pct":0.0,"2020斑塊數":1,"2024斑塊數":1,"斑塊數增加率_pct":0.0,"2020平均斑塊面積_ha":1208.79,"2024平均斑塊面積_ha":1205.64,"平均斑塊面積下降率_pct":0.26,"道路切割密度_km_per_km2":2.797,"建成區邊界切割密度_km_per_km2":0.0,"孤立小斑塊比例_pct":0.0,"距大型連續綠地平均距離_m":0.0,"score_面積減少":36.206896551724135,"score_斑塊增加":44.260435571687836,"score_平均斑塊縮小":64.7912885662432,"score_道路建成區切割":50.07940108892922,"score_孤立比例":40.58529945553539,"score_距大型綠地":38.40744101633394,"綜合破碎化分數":45.7,"破碎化等級":"中","判定原因":"面積減少0.0%；斑塊增加0.0%；平均斑塊縮小0.3%；道路密度2.80 km/km²；孤立比例0.0%；距大型綠地0m","2021面積_ha":22.95,"2022面積_ha":22.95,"2023面積_ha":22.95}},{"type":"Feature","geometry":{"type":"Polygon","coordinates":[[[121.48410225568885,24.65814213794669],[121.48413709000201,24.667170604239118],[121.49401715304732,24.66713843985308],[121.49398160792012,24.658109986871874],[121.48410225568885,24.65814213794669]]]},"properties":{"grid_id":"G039_017","綠地類型":"河川沿岸自然地表","中心經度":121.48906,"中心緯度":24.66264,"分析面積_km2":1.04,"2020面積_ha":51.66,"2024面積_ha":51.66,"面積減少率_pct":0.0,"2020斑塊數":1,"2024斑塊數":1,"斑塊數增加率_pct":0.0,"2020平均斑塊面積_ha":1208.79,"2024平均斑塊面積_ha":1205.64,"平均斑塊面積下降率_pct":0.26,"道路切割密度_km_per_km2":4.152,"建成區邊界切割密度_km_per_km2":0.0,"孤立小斑塊比例_pct":0.0,"距大型連續綠地平均距離_m":0.0,"score_面積減少":36.206896551724135,"score_斑塊增加":44.260435571687836,"score_平均斑塊縮小":64.7912885662432,"score_道路建成區切割":54.28765880217786,"score_孤立比例":40.58529945553539,"score_距大型綠地":38.40744101633394,"綜合破碎化分數":46.4,"破碎化等級":"中","判定原因":"面積減少0.0%；斑塊增加0.0%；平均斑塊縮小0.3%；道路密度4.15 km/km²；孤立比例0.0%；距大型綠地0m","2021面積_ha":51.66,"2022面積_ha":51.66,"2023面積_ha":51.66}},{"type":"Feature","geometry":{"type":"Polygon","coordinates":[[[121.49398160792012,24.658109986871874],[121.49401715304732,24.66713843985308],[121.50389719877626,24.66710562575705],[121.50386094284052,24.658077186355946],[121.49398160792012,24.658109986871874]]]},"properties":{"grid_id":"G039_018","綠地類型":"河川沿岸自然地表","中心經度":121.498939,"中心緯度":24.662608,"分析面積_km2":1.04,"2020面積_ha":51.3,"2024面積_ha":51.3,"面積減少率_pct":0.0,"2020斑塊數":1,"2024斑塊數":1,"斑塊數增加率_pct":0.0,"2020平均斑塊面積_ha":1208.79,"2024平均斑塊面積_ha":1205.64,"平均斑塊面積下降率_pct":0.26,"道路切割密度_km_per_km2":1.471,"建成區邊界切割密度_km_per_km2":0.0,"孤立小斑塊比例_pct":0.0,"距大型連續綠地平均距離_m":0.0,"score_面積減少":36.206896551724135,"score_斑塊增加":44.260435571687836,"score_平均斑塊縮小":64.7912885662432,"score_道路建成區切割":42.30943738656987,"score_孤立比例":40.58529945553539,"score_距大型綠地":38.40744101633394,"綜合破碎化分數":44.4,"破碎化等級":"中","判定原因":"面積減少0.0%；斑塊增加0.0%；平均斑塊縮小0.3%；道路密度1.47 km/km²；孤立比例0.0%；距大型綠地0m","2021面積_ha":51.3,"2022面積_ha":51.3,"2023面積_ha":51.3}},{"type":"Feature","geometry":{"type":"Polygon","coordinates":[[[121.50386094284052,24.658077186355946],[121.50389719877626,24.66710562575705],[121.51377722684258,24.66707216195556],[121.51374026010383,24.65804373640343],[121.50386094284052,24.658077186355946]]]},"properties":{"grid_id":"G039_019","綠地類型":"河川沿岸自然地表","中心經度":121.508819,"中心緯度":24.662575,"分析面積_km2":1.04,"2020面積_ha":23.4,"2024面積_ha":23.4,"面積減少率_pct":0.0,"2020斑塊數":1,"2024斑塊數":1,"斑塊數增加率_pct":0.0,"2020平均斑塊面積_ha":1208.79,"2024平均斑塊面積_ha":1205.64,"平均斑塊面積下降率_pct":0.26,"道路切割密度_km_per_km2":0.202,"建成區邊界切割密度_km_per_km2":0.0,"孤立小斑塊比例_pct":0.0,"距大型連續綠地平均距離_m":0.0,"score_面積減少":36.206896551724135,"score_斑塊增加":44.260435571687836,"score_平均斑塊縮小":64.7912885662432,"score_道路建成區切割":34.9931941923775,"score_孤立比例":40.58529945553539,"score_距大型綠地":38.40744101633394,"綜合破碎化分數":43.2,"破碎化等級":"中","判定原因":"面積減少0.0%；斑塊增加0.0%；平均斑塊縮小0.3%；道路密度0.20 km/km²；孤立比例0.0%；距大型綠地0m","2021面積_ha":23.4,"2022面積_ha":23.4,"2023面積_ha":23.4}},{"type":"Feature","geometry":{"type":"Polygon","coordinates":[[[121.51374026010383,24.65804373640343],[121.51377722684258,24.66707216195556],[121.52365723690001,24.66703804845324],[121.52361955936395,24.658009637018953],[121.51374026010383,24.65804373640343]]]},"properties":{"grid_id":"G039_020","綠地類型":"河川沿岸自然地表","中心經度":121.518699,"中心緯度":24.662541,"分析面積_km2":1.04,"2020面積_ha":42.12,"2024面積_ha":42.12,"面積減少率_pct":0.0,"2020斑塊數":1,"2024斑塊數":1,"斑塊數增加率_pct":0.0,"2020平均斑塊面積_ha":1208.79,"2024平均斑塊面積_ha":1205.64,"平均斑塊面積下降率_pct":0.26,"道路切割密度_km_per_km2":1.384,"建成區邊界切割密度_km_per_km2":0.0,"孤立小斑塊比例_pct":0.0,"距大型連續綠地平均距離_m":0.0,"score_面積減少":36.206896551724135,"score_斑塊增加":44.260435571687836,"score_平均斑塊縮小":64.7912885662432,"score_道路建成區切割":41.44736842105263,"score_孤立比例":40.58529945553539,"score_距大型綠地":38.40744101633394,"綜合破碎化分數":44.3,"破碎化等級":"中","判定原因":"面積減少0.0%；斑塊增加0.0%；平均斑塊縮小0.3%；道路密度1.38 km/km²；孤立比例0.0%；距大型綠地0m","2021面積_ha":42.12,"2022面積_ha":42.12,"2023面積_ha":42.12}},{"type":"Feature","geometry":{"type":"Polygon","coordinates":[[[121.59277412101903,24.657752757639653],[121.59281677396756,24.666781062720858],[121.6026966274888,24.666741751789097],[121.60265326379248,24.657713462976616],[121.59277412101903,24.657752757639653]]]},"properties":{"grid_id":"G039_028","綠地類型":"河川沿岸自然地表","中心經度":121.597735,"中心緯度":24.662247,"分析面積_km2":1.04,"2020面積_ha":27.36,"2024面積_ha":37.08,"面積減少率_pct":0.0,"2020斑塊數":3,"2024斑塊數":1,"斑塊數增加率_pct":0.0,"2020平均斑塊面積_ha":1678.68,"2024平均斑塊面積_ha":6380.64,"平均斑塊面積下降率_pct":0.0,"道路切割密度_km_per_km2":1.932,"建成區邊界切割密度_km_per_km2":0.461,"孤立小斑塊比例_pct":0.0,"距大型連續綠地平均距離_m":0.0,"score_面積減少":36.206896551724135,"score_斑塊增加":44.260435571687836,"score_平均斑塊縮小":28.153357531760438,"score_道路建成區切割":67.35480943738656,"score_孤立比例":40.58529945553539,"score_距大型綠地":38.40744101633394,"綜合破碎化分數":42.5,"破碎化等級":"中","判定原因":"面積減少0.0%；斑塊增加0.0%；平均斑塊縮小0.0%；道路密度1.93 km/km²；孤立比例0.0%；距大型綠地0m","2021面積_ha":33.21,"2022面積_ha":35.1,"2023面積_ha":36.9}},{"type":"Feature","geometry":{"type":"Polygon","coordinates":[[[121.48413709000201,24.667170604239118],[121.47425700998657,24.667202118910712],[121.47427950234851,24.6731507947085],[121.47515909999998,24.6733422],[121.4753259,24.673378499999995],[121.47618240000001,24.673671300000002],[121.4766645,24.6737721],[121.4775965,24.673770899999997],[121.47827539999999,24.673590099999995],[121.47859729999999,24.673606],[121.4789953,24.673728400000005],[121.47917090000001,24.6737496],[121.47970689999998,24.673761499999998],[121.4798532,24.6737758],[121.4810126,24.674230699999995],[121.48152439999998,24.674307799999994],[121.4819608,24.674251900000005],[121.4826838,24.673922899999994],[121.48310720000002,24.6738007],[121.48369359999998,24.6737499],[121.48416254307729,24.673764825728213],[121.48413709000201,24.667170604239118]]]},"properties":{"grid_id":"G040_016","綠地類型":"河川沿岸自然地表","中心經度":121.479208,"中心緯度":24.670161,"分析面積_km2":0.765,"2020面積_ha":12.06,"2024面積_ha":12.06,"面積減少率_pct":0.0,"2020斑塊數":1,"2024斑塊數":1,"斑塊數增加率_pct":0.0,"2020平均斑塊面積_ha":1208.79,"2024平均斑塊面積_ha":1205.64,"平均斑塊面積下降率_pct":0.26,"道路切割密度_km_per_km2":2.627,"建成區邊界切割密度_km_per_km2":0.0,"孤立小斑塊比例_pct":0.0,"距大型連續綠地平均距離_m":0.0,"score_面積減少":36.206896551724135,"score_斑塊增加":44.260435571687836,"score_平均斑塊縮小":64.7912885662432,"score_道路建成區切割":49.50090744101634,"score_孤立比例":40.58529945553539,"score_距大型綠地":38.40744101633394,"綜合破碎化分數":45.6,"破碎化等級":"中","判定原因":"面積減少0.0%；斑塊增加0.0%；平均斑塊縮小0.3%；道路密度2.63 km/km²；孤立比例0.0%；距大型綠地0m","2021面積_ha":12.06,"2022面積_ha":12.06,"2023面積_ha":12.06}},{"type":"Feature","geometry":{"type":"Polygon","coordinates":[[[121.49401715304732,24.66713843985308],[121.48413709000201,24.667170604239118],[121.48416254307729,24.673764825728213],[121.48463620000001,24.673779900000003],[121.4849394,24.673851499999998],[121.4850263,24.6739004],[121.48555160000001,24.6743551],[121.48648310000002,24.6749722],[121.4867107,24.675088799999994],[121.4869715,24.675175299999996],[121.4874737,24.6751983],[121.4882007,24.675152699999995],[121.48852759999998,24.67507],[121.4886642,24.6749722],[121.4891998,24.674285799999993],[121.489333,24.674172499999997],[121.48952330000002,24.6741048],[121.49050010000002,24.6739092],[121.4910629,24.673758800000005],[121.4915636,24.6735779],[121.492437,24.673202199999995],[121.492586,24.673164599999993],[121.4927764,24.673179599999997],[121.49310749999998,24.6732398],[121.4934882,24.673367699999996],[121.49392340000001,24.6735609],[121.49404286047553,24.673665373967363],[121.49401715304732,24.66713843985308]]]},"properties":{"grid_id":"G040_017","綠地類型":"河川沿岸自然地表","中心經度":121.489089,"中心緯度":24.670165,"分析面積_km2":0.807,"2020面積_ha":30.96,"2024面積_ha":30.96,"面積減少率_pct":0.0,"2020斑塊數":1,"2024斑塊數":1,"斑塊數增加率_pct":0.0,"2020平均斑塊面積_ha":1208.79,"2024平均斑塊面積_ha":1205.64,"平均斑塊面積下降率_pct":0.26,"道路切割密度_km_per_km2":2.49,"建成區邊界切割密度_km_per_km2":0.0,"孤立小斑塊比例_pct":0.0,"距大型連續綠地平均距離_m":0.0,"score_面積減少":36.206896551724135,"score_斑塊增加":44.260435571687836,"score_平均斑塊縮小":64.7912885662432,"score_道路建成區切割":48.75226860254084,"score_孤立比例":40.58529945553539,"score_距大型綠地":38.40744101633394,"綜合破碎化分數":45.5,"破碎化等級":"中","判定原因":"面積減少0.0%；斑塊增加0.0%；平均斑塊縮小0.3%；道路密度2.49 km/km²；孤立比例0.0%；距大型綠地0m","2021面積_ha":30.96,"2022面積_ha":30.96,"2023面積_ha":30.96}},{"type":"Feature","geometry":{"type":"Polygon","coordinates":[[[121.50393347237467,24.676134054259386],[121.50389719877626,24.66710562575705],[121.49401715304732,24.66713843985308],[121.49404286047553,24.673665373967363],[121.4943905,24.6739694],[121.4947795,24.674255200000005],[121.4950775,24.6744358],[121.4959926,24.6749082],[121.4964279,24.675172899999996],[121.49661830000001,24.675308299999998],[121.4968087,24.675496299999995],[121.49697430000002,24.675722],[121.49707575494227,24.676156907252583],[121.50393347237467,24.676134054259386]]]},"properties":{"grid_id":"G040_018","綠地類型":"河川沿岸自然地表","中心經度":121.49897,"中心緯度":24.670386,"分析面積_km2":0.991,"2020面積_ha":11.25,"2024面積_ha":11.25,"面積減少率_pct":0.0,"2020斑塊數":1,"2024斑塊數":1,"斑塊數增加率_pct":0.0,"2020平均斑塊面積_ha":1208.79,"2024平均斑塊面積_ha":1205.64,"平均斑塊面積下降率_pct":0.26,"道路切割密度_km_per_km2":1.423,"建成區邊界切割密度_km_per_km2":0.0,"孤立小斑塊比例_pct":0.0,"距大型連續綠地平均距離_m":0.0,"score_面積減少":36.206896551724135,"score_斑塊增加":44.260435571687836,"score_平均斑塊縮小":64.7912885662432,"score_道路建成區切割":41.810344827586206,"score_孤立比例":40.58529945553539,"score_距大型綠地":38.40744101633394,"綜合破碎化分數":44.3,"破碎化等級":"中","判定原因":"面積減少0.0%；斑塊增加0.0%；平均斑塊縮小0.3%；道路密度1.42 km/km²；孤立比例0.0%；距大型綠地0m","2021面積_ha":11.25,"2022面積_ha":11.25,"2023面積_ha":11.25}},{"type":"Feature","geometry":{"type":"Polygon","coordinates":[[[121.50389719877626,24.66710562575705],[121.50393347237467,24.676134054259386],[121.51381421159023,24.676100576606988],[121.51377722684258,24.66707216195556],[121.50389719877626,24.66710562575705]]]},"properties":{"grid_id":"G040_019","綠地類型":"河川沿岸自然地表","中心經度":121.508856,"中心緯度":24.671603,"分析面積_km2":1.04,"2020面積_ha":22.41,"2024面積_ha":22.41,"面積減少率_pct":0.0,"2020斑塊數":1,"2024斑塊數":1,"斑塊數增加率_pct":0.0,"2020平均斑塊面積_ha":1208.79,"2024平均斑塊面積_ha":1205.64,"平均斑塊面積下降率_pct":0.26,"道路切割密度_km_per_km2":1.355,"建成區邊界切割密度_km_per_km2":0.0,"孤立小斑塊比例_pct":0.0,"距大型連續綠地平均距離_m":0.0,"score_面積減少":36.206896551724135,"score_斑塊增加":44.260435571687836,"score_平均斑塊縮小":64.7912885662432,"score_道路建成區切割":41.22050816696915,"score_孤立比例":40.58529945553539,"score_距大型綠地":38.40744101633394,"綜合破碎化分數":44.2,"破碎化等級":"中","判定原因":"面積減少0.0%；斑塊增加0.0%；平均斑塊縮小0.3%；道路密度1.35 km/km²；孤立比例0.0%；距大型綠地0m","2021面積_ha":22.41,"2022面積_ha":22.41,"2023面積_ha":22.41}},{"type":"Feature","geometry":{"type":"Polygon","coordinates":[[[121.51377722684258,24.66707216195556],[121.51381421159023,24.676100576606988],[121.52369493279119,24.676066448984844],[121.52365723690001,24.66703804845324],[121.51377722684258,24.66707216195556]]]},"properties":{"grid_id":"G040_020","綠地類型":"河川沿岸自然地表","中心經度":121.518736,"中心緯度":24.671569,"分析面積_km2":1.04,"2020面積_ha":63.81,"2024面積_ha":63.81,"面積減少率_pct":0.0,"2020斑塊數":1,"2024斑塊數":1,"斑塊數增加率_pct":0.0,"2020平均斑塊面積_ha":1208.79,"2024平均斑塊面積_ha":1205.64,"平均斑塊面積下降率_pct":0.26,"道路切割密度_km_per_km2":1.615,"建成區邊界切割密度_km_per_km2":0.0,"孤立小斑塊比例_pct":0.0,"距大型連續綠地平均距離_m":0.0,"score_面積減少":36.206896551724135,"score_斑塊增加":44.260435571687836,"score_平均斑塊縮小":64.7912885662432,"score_道路建成區切割":43.579854809437386,"score_孤立比例":40.58529945553539,"score_距大型綠地":38.40744101633394,"綜合破碎化分數":44.6,"破碎化等級":"中","判定原因":"面積減少0.0%；斑塊增加0.0%；平均斑塊縮小0.3%；道路密度1.61 km/km²；孤立比例0.0%；距大型綠地0m","2021面積_ha":63.81,"2022面積_ha":63.81,"2023面積_ha":63.81}},{"type":"Feature","geometry":{"type":"Polygon","coordinates":[[[121.56317709011559,24.666895097531206],[121.56321763052183,24.675923438894507],[121.57309825645439,24.67588606149619],[121.5730570049347,24.666857735597215],[121.56317709011559,24.666895097531206]]]},"properties":{"grid_id":"G040_025","綠地類型":"河川沿岸自然地表","中心經度":121.568137,"中心緯度":24.671391,"分析面積_km2":1.04,"2020面積_ha":26.82,"2024面積_ha":26.82,"面積減少率_pct":0.0,"2020斑塊數":2,"2024斑塊數":1,"斑塊數增加率_pct":0.0,"2020平均斑塊面積_ha":2517.975,"2024平均斑塊面積_ha":6380.64,"平均斑塊面積下降率_pct":0.0,"道路切割密度_km_per_km2":3.143,"建成區邊界切割密度_km_per_km2":0.0,"孤立小斑塊比例_pct":0.0,"距大型連續綠地平均距離_m":0.0,"score_面積減少":36.206896551724135,"score_斑塊增加":44.260435571687836,"score_平均斑塊縮小":28.153357531760438,"score_道路建成區切割":51.38384754990926,"score_孤立比例":40.58529945553539,"score_距大型綠地":38.40744101633394,"綜合破碎化分數":39.8,"破碎化等級":"中","判定原因":"面積減少0.0%；斑塊增加0.0%；平均斑塊縮小0.0%；道路密度3.14 km/km²；孤立比例0.0%；距大型綠地0m","2021面積_ha":26.82,"2022面積_ha":26.82,"2023面積_ha":26.82}},{"type":"Feature","geometry":{"type":"Polygon","coordinates":[[[121.5730570049347,24.666857735597215],[121.57309825645439,24.67588606149619],[121.58297886229418,24.675848034157767],[121.58293689966744,24.66681972399201],[121.5730570049347,24.666857735597215]]]},"properties":{"grid_id":"G040_026","綠地類型":"河川沿岸自然地表","中心經度":121.578018,"中心緯度":24.671353,"分析面積_km2":1.04,"2020面積_ha":41.49,"2024面積_ha":41.49,"面積減少率_pct":0.0,"2020斑塊數":2,"2024斑塊數":1,"斑塊數增加率_pct":0.0,"2020平均斑塊面積_ha":56.835,"2024平均斑塊面積_ha":6380.64,"平均斑塊面積下降率_pct":0.0,"道路切割密度_km_per_km2":6.978,"建成區邊界切割密度_km_per_km2":0.0,"孤立小斑塊比例_pct":0.0,"距大型連續綠地平均距離_m":0.0,"score_面積減少":36.206896551724135,"score_斑塊增加":44.260435571687836,"score_平均斑塊縮小":28.153357531760438,"score_道路建成區切割":59.403357531760435,"score_孤立比例":40.58529945553539,"score_距大型綠地":38.40744101633394,"綜合破碎化分數":41.2,"破碎化等級":"中","判定原因":"面積減少0.0%；斑塊增加0.0%；平均斑塊縮小0.0%；道路密度6.98 km/km²；孤立比例0.0%；距大型綠地0m","2021面積_ha":41.49,"2022面積_ha":41.49,"2023面積_ha":41.49}},{"type":"Feature","geometry":{"type":"Polygon","coordinates":[[[121.61257645988498,24.666701791202158],[121.61262055579375,24.67573005255493],[121.6225010777992,24.675689425509574],[121.62245627080986,24.666661180965566],[121.61257645988498,24.666701791202158]]]},"properties":{"grid_id":"G040_030","綠地類型":"河川沿岸自然地表","中心經度":121.617539,"中心緯度":24.671196,"分析面積_km2":1.04,"2020面積_ha":43.83,"2024面積_ha":50.22,"面積減少率_pct":0.0,"2020斑塊數":1,"2024斑塊數":1,"斑塊數增加率_pct":0.0,"2020平均斑塊面積_ha":4961.97,"2024平均斑塊面積_ha":6380.64,"平均斑塊面積下降率_pct":0.0,"道路切割密度_km_per_km2":6.401,"建成區邊界切割密度_km_per_km2":0.288,"孤立小斑塊比例_pct":0.0,"距大型連續綠地平均距離_m":0.0,"score_面積減少":36.206896551724135,"score_斑塊增加":44.260435571687836,"score_平均斑塊縮小":28.153357531760438,"score_道路建成區切割":78.86796733212341,"score_孤立比例":40.58529945553539,"score_距大型綠地":38.40744101633394,"綜合破碎化分數":44.4,"破碎化等級":"中","判定原因":"面積減少0.0%；斑塊增加0.0%；平均斑塊縮小0.0%；道路密度6.40 km/km²；孤立比例0.0%；距大型綠地0m","2021面積_ha":46.98,"2022面積_ha":48.78,"2023面積_ha":49.05}},{"type":"Feature","geometry":{"type":"Polygon","coordinates":[[[121.51381421159023,24.676100576606988],[121.50393347237467,24.676134054259386],[121.50394642136693,24.67935596614334],[121.5041974,24.679349],[121.5047645,24.679401899999988],[121.50502110000001,24.679469599999994],[121.5053963,24.679774900000005],[121.50564210000002,24.680009],[121.50618000000001,24.6807633],[121.50652080000002,24.681196699999997],[121.50675390000002,24.681756299999996],[121.50684169999998,24.681889199999997],[121.50692950000001,24.6820115],[121.507187,24.6822296],[121.5076143,24.6824795],[121.50817620000001,24.682649699999995],[121.50881420000002,24.68297949999999],[121.50909089999999,24.6831088],[121.51017879999999,24.683238899999996],[121.5104529,24.6833332],[121.51078060000002,24.683545899999995],[121.5113901,24.684110300000004],[121.5116315,24.6842722],[121.51181360000001,24.684347499999998],[121.5121844,24.684444599999996],[121.51260410000002,24.684486600000003],[121.5131695,24.6844277],[121.5136925,24.6843023],[121.5138126,24.684242200000003],[121.51384745644594,24.684212279637507],[121.51381421159023,24.676100576606988]]]},"properties":{"grid_id":"G041_019","綠地類型":"河川沿岸自然地表","中心經度":121.509871,"中心緯度":24.680373,"分析面積_km2":0.72,"2020面積_ha":23.67,"2024面積_ha":23.67,"面積減少率_pct":0.0,"2020斑塊數":1,"2024斑塊數":1,"斑塊數增加率_pct":0.0,"2020平均斑塊面積_ha":1208.79,"2024平均斑塊面積_ha":1205.64,"平均斑塊面積下降率_pct":0.26,"道路切割密度_km_per_km2":3.25,"建成區邊界切割密度_km_per_km2":0.0,"孤立小斑塊比例_pct":0.0,"距大型連續綠地平均距離_m":0.0,"score_面積減少":36.206896551724135,"score_斑塊增加":44.260435571687836,"score_平均斑塊縮小":64.7912885662432,"score_道路建成區切割":51.74682395644284,"score_孤立比例":40.58529945553539,"score_距大型綠地":38.40744101633394,"綜合破碎化分數":46.0,"破碎化等級":"中","判定原因":"面積減少0.0%；斑塊增加0.0%；平均斑塊縮小0.3%；道路密度3.25 km/km²；孤立比例0.0%；距大型綠地0m","2021面積_ha":23.67,"2022面積_ha":23.67,"2023面積_ha":23.67}},{"type":"Feature","geometry":{"type":"Polygon","coordinates":[[[121.52369493279119,24.676066448984844],[121.51381421159023,24.676100576606988],[121.51384745644594,24.684212279637507],[121.5139616,24.684114300000005],[121.51418920000002,24.683790899999998],[121.5145037,24.6834449],[121.5147109,24.683280199999995],[121.51479340000002,24.683248600000002],[121.5169962,24.683207800000005],[121.51804120000001,24.6832304],[121.5186148,24.6832676],[121.5198205,24.683310200000005],[121.5204058,24.683405899999997],[121.5206282,24.68339],[121.52095600000001,24.6832996],[121.5217169,24.683257700000002],[121.52312750000002,24.683294200000002],[121.52372508609204,24.683285180683182],[121.52369493279119,24.676066448984844]]]},"properties":{"grid_id":"G041_020","綠地類型":"河川沿岸自然地表","中心經度":121.518769,"中心緯度":24.679643,"分析面積_km2":0.821,"2020面積_ha":36.27,"2024面積_ha":36.27,"面積減少率_pct":0.0,"2020斑塊數":1,"2024斑塊數":1,"斑塊數增加率_pct":0.0,"2020平均斑塊面積_ha":1208.79,"2024平均斑塊面積_ha":1205.64,"平均斑塊面積下降率_pct":0.26,"道路切割密度_km_per_km2":3.034,"建成區邊界切割密度_km_per_km2":0.0,"孤立小斑塊比例_pct":0.0,"距大型連續綠地平均距離_m":0.0,"score_面積減少":36.206896551724135,"score_斑塊增加":44.260435571687836,"score_平均斑塊縮小":64.7912885662432,"score_道路建成區切割":50.907441016333934,"score_孤立比例":40.58529945553539,"score_距大型綠地":38.40744101633394,"綜合破碎化分數":45.9,"破碎化等級":"中","判定原因":"面積減少0.0%；斑塊增加0.0%；平均斑塊縮小0.3%；道路密度3.03 km/km²；孤立比例0.0%；距大型綠地0m","2021面積_ha":36.27,"2022面積_ha":36.27,"2023面積_ha":36.27}},{"type":"Feature","geometry":{"type":"Polygon","coordinates":[[[121.57309825645439,24.67588606149619],[121.57313952806679,24.684914376479092],[121.58302084536004,24.684876333405256],[121.58297886229418,24.675848034157767],[121.57309825645439,24.67588606149619]]]},"properties":{"grid_id":"G041_026","綠地類型":"河川沿岸自然地表","中心經度":121.578059,"中心緯度":24.680381,"分析面積_km2":1.04,"2020面積_ha":32.31,"2024面積_ha":32.31,"面積減少率_pct":0.0,"2020斑塊數":1,"2024斑塊數":1,"斑塊數增加率_pct":0.0,"2020平均斑塊面積_ha":4961.97,"2024平均斑塊面積_ha":6380.64,"平均斑塊面積下降率_pct":0.0,"道路切割密度_km_per_km2":2.797,"建成區邊界切割密度_km_per_km2":0.0,"孤立小斑塊比例_pct":0.0,"距大型連續綠地平均距離_m":0.0,"score_面積減少":36.206896551724135,"score_斑塊增加":44.260435571687836,"score_平均斑塊縮小":28.153357531760438,"score_道路建成區切割":50.07940108892922,"score_孤立比例":40.58529945553539,"score_距大型綠地":38.40744101633394,"綜合破碎化分數":39.6,"破碎化等級":"中","判定原因":"面積減少0.0%；斑塊增加0.0%；平均斑塊縮小0.0%；道路密度2.80 km/km²；孤立比例0.0%；距大型綠地0m","2021面積_ha":32.31,"2022面積_ha":32.31,"2023面積_ha":32.31}},{"type":"Feature","geometry":{"type":"Polygon","coordinates":[[[121.58297886229418,24.675848034157767],[121.58302084536004,24.684876333405256],[121.5929021422077,24.684837640127647],[121.59285944769493,24.675809356884507],[121.58297886229418,24.675848034157767]]]},"properties":{"grid_id":"G041_027","綠地類型":"河川沿岸自然地表","中心經度":121.58794,"中心緯度":24.680343,"分析面積_km2":1.04,"2020面積_ha":38.79,"2024面積_ha":38.79,"面積減少率_pct":0.0,"2020斑塊數":1,"2024斑塊數":1,"斑塊數增加率_pct":0.0,"2020平均斑塊面積_ha":4961.97,"2024平均斑塊面積_ha":6380.64,"平均斑塊面積下降率_pct":0.0,"道路切割密度_km_per_km2":2.653,"建成區邊界切割密度_km_per_km2":0.0,"孤立小斑塊比例_pct":0.0,"距大型連續綠地平均距離_m":0.0,"score_面積減少":36.206896551724135,"score_斑塊增加":44.260435571687836,"score_平均斑塊縮小":28.153357531760438,"score_道路建成區切割":49.54627949183303,"score_孤立比例":40.58529945553539,"score_距大型綠地":38.40744101633394,"綜合破碎化分數":39.5,"破碎化等級":"中","判定原因":"面積減少0.0%；斑塊增加0.0%；平均斑塊縮小0.0%；道路密度2.65 km/km²；孤立比例0.0%；距大型綠地0m","2021面積_ha":38.79,"2022面積_ha":38.79,"2023面積_ha":38.79}},{"type":"Feature","geometry":{"type":"Polygon","coordinates":[[[121.59285944769493,24.675809356884507],[121.5929021422077,24.684837640127647],[121.6027834182634,24.68479829665162],[121.6027400123102,24.675770029681754],[121.59285944769493,24.675809356884507]]]},"properties":{"grid_id":"G041_028","綠地類型":"河川沿岸自然地表","中心經度":121.597821,"中心緯度":24.680304,"分析面積_km2":1.04,"2020面積_ha":21.78,"2024面積_ha":21.78,"面積減少率_pct":0.0,"2020斑塊數":2,"2024斑塊數":2,"斑塊數增加率_pct":0.0,"2020平均斑塊面積_ha":2521.08,"2024平均斑塊面積_ha":3230.37,"平均斑塊面積下降率_pct":0.0,"道路切割密度_km_per_km2":5.392,"建成區邊界切割密度_km_per_km2":0.0,"孤立小斑塊比例_pct":0.0,"距大型連續綠地平均距離_m":0.0,"score_面積減少":36.206896551724135,"score_斑塊增加":44.260435571687836,"score_平均斑塊縮小":28.153357531760438,"score_道路建成區切割":56.56760435571688,"score_孤立比例":40.58529945553539,"score_距大型綠地":38.40744101633394,"綜合破碎化分數":40.7,"破碎化等級":"中","判定原因":"面積減少0.0%；斑塊增加0.0%；平均斑塊縮小0.0%；道路密度5.39 km/km²；孤立比例0.0%；距大型綠地0m","2021面積_ha":21.78,"2022面積_ha":21.78,"2023面積_ha":21.78}},{"type":"Feature","geometry":{"type":"Polygon","coordinates":[[[121.6225010777992,24.675689425509574],[121.62254590661297,24.684717659126136],[121.63242711821398,24.684676365087824],[121.63238157798024,24.675648148551293],[121.6225010777992,24.675689425509574]]]},"properties":{"grid_id":"G041_031","綠地類型":"河川沿岸自然地表","中心經度":121.627464,"中心緯度":24.680183,"分析面積_km2":1.04,"2020面積_ha":46.44,"2024面積_ha":54.72,"面積減少率_pct":0.0,"2020斑塊數":3,"2024斑塊數":1,"斑塊數增加率_pct":0.0,"2020平均斑塊面積_ha":1654.26,"2024平均斑塊面積_ha":6380.64,"平均斑塊面積下降率_pct":0.0,"道路切割密度_km_per_km2":2.797,"建成區邊界切割密度_km_per_km2":0.346,"孤立小斑塊比例_pct":0.0,"距大型連續綠地平均距離_m":0.0,"score_面積減少":36.206896551724135,"score_斑塊增加":44.260435571687836,"score_平均斑塊縮小":28.153357531760438,"score_道路建成區切割":70.8257713248639,"score_孤立比例":40.58529945553539,"score_距大型綠地":38.40744101633394,"綜合破碎化分數":43.1,"破碎化等級":"中","判定原因":"面積減少0.0%；斑塊增加0.0%；平均斑塊縮小0.0%；道路密度2.80 km/km²；孤立比例0.0%；距大型綠地0m","2021面積_ha":54.72,"2022面積_ha":54.27,"2023面積_ha":54.09}},{"type":"Feature","geometry":{"type":"Polygon","coordinates":[[[121.54353461325249,24.69405295408875],[121.54349545697833,24.685024604425845],[121.53361406136744,24.68506004663291],[121.53362809329988,24.688355841774285],[121.5340369,24.6882503],[121.5346931,24.688268899999997],[121.5355517,24.6882428],[121.53628840000002,24.6882729],[121.5365946,24.688332999999997],[121.53679090000001,24.688421099999992],[121.5368898,24.6885494],[121.53706399999999,24.689097300000004],[121.5372301,24.6895003],[121.53753560000001,24.689959899999998],[121.53759769999999,24.6901965],[121.53775010000001,24.691391999999997],[121.5377584,24.691835699999995],[121.53766919999998,24.6931226],[121.5375109,24.693834500000005],[121.537552,24.6940254],[121.537616526812,24.694074266244236],[121.54353461325249,24.69405295408875]]]},"properties":{"grid_id":"G042_022","綠地類型":"河川沿岸自然地表","中心經度":121.540449,"中心緯度":24.689719,"分析面積_km2":0.778,"2020面積_ha":7.02,"2024面積_ha":7.02,"面積減少率_pct":0.0,"2020斑塊數":1,"2024斑塊數":1,"斑塊數增加率_pct":0.0,"2020平均斑塊面積_ha":4961.97,"2024平均斑塊面積_ha":6380.64,"平均斑塊面積下降率_pct":0.0,"道路切割密度_km_per_km2":2.662,"建成區邊界切割密度_km_per_km2":0.0,"孤立小斑塊比例_pct":0.0,"距大型連續綠地平均距離_m":0.0,"score_面積減少":36.206896551724135,"score_斑塊增加":44.260435571687836,"score_平均斑塊縮小":28.153357531760438,"score_道路建成區切割":49.614337568058076,"score_孤立比例":40.58529945553539,"score_距大型綠地":38.40744101633394,"綜合破碎化分數":39.5,"破碎化等級":"中","判定原因":"面積減少0.0%；斑塊增加0.0%；平均斑塊縮小0.0%；道路密度2.66 km/km²；孤立比例0.0%；距大型綠地0m","2021面積_ha":7.02,"2022面積_ha":7.02,"2023面積_ha":7.02}},{"type":"Feature","geometry":{"type":"Polygon","coordinates":[[[121.58302084536004,24.684876333405256],[121.5830628488714,24.69390462173151],[121.5929448575125,24.69386591244732],[121.5929021422077,24.684837640127647],[121.58302084536004,24.684876333405256]]]},"properties":{"grid_id":"G042_027","綠地類型":"河川沿岸自然地表","中心經度":121.587983,"中心緯度":24.689371,"分析面積_km2":1.04,"2020面積_ha":25.56,"2024面積_ha":25.56,"面積減少率_pct":0.0,"2020斑塊數":2,"2024斑塊數":2,"斑塊數增加率_pct":0.0,"2020平均斑塊面積_ha":2521.08,"2024平均斑塊面積_ha":3230.37,"平均斑塊面積下降率_pct":0.0,"道路切割密度_km_per_km2":3.72,"建成區邊界切割密度_km_per_km2":0.0,"孤立小斑塊比例_pct":0.0,"距大型連續綠地平均距離_m":0.0,"score_面積減少":36.206896551724135,"score_斑塊增加":44.260435571687836,"score_平均斑塊縮小":28.153357531760438,"score_道路建成區切割":53.19872958257713,"score_孤立比例":40.58529945553539,"score_距大型綠地":38.40744101633394,"綜合破碎化分數":40.1,"破碎化等級":"中","判定原因":"面積減少0.0%；斑塊增加0.0%；平均斑塊縮小0.0%；道路密度3.72 km/km²；孤立比例0.0%；距大型綠地0m","2021面積_ha":25.56,"2022面積_ha":25.56,"2023面積_ha":25.56}},{"type":"Feature","geometry":{"type":"Polygon","coordinates":[[[121.5929021422077,24.684837640127647],[121.5929448575125,24.69386591244732],[121.60282684535503,24.69382655269574],[121.6027834182634,24.68479829665162],[121.5929021422077,24.684837640127647]]]},"properties":{"grid_id":"G042_028","綠地類型":"河川沿岸自然地表","中心經度":121.597864,"中心緯度":24.689332,"分析面積_km2":1.04,"2020面積_ha":32.49,"2024面積_ha":32.76,"面積減少率_pct":0.0,"2020斑塊數":1,"2024斑塊數":1,"斑塊數增加率_pct":0.0,"2020平均斑塊面積_ha":80.19,"2024平均斑塊面積_ha":80.1,"平均斑塊面積下降率_pct":0.11,"道路切割密度_km_per_km2":6.2,"建成區邊界切割密度_km_per_km2":0.0,"孤立小斑塊比例_pct":0.0,"距大型連續綠地平均距離_m":0.0,"score_面積減少":36.206896551724135,"score_斑塊增加":44.260435571687836,"score_平均斑塊縮小":58.37114337568058,"score_道路建成區切割":57.906079854809434,"score_孤立比例":40.58529945553539,"score_距大型綠地":38.40744101633394,"綜合破碎化分數":46.0,"破碎化等級":"中","判定原因":"面積減少0.0%；斑塊增加0.0%；平均斑塊縮小0.1%；道路密度6.20 km/km²；孤立比例0.0%；距大型綠地0m","2021面積_ha":32.76,"2022面積_ha":32.4,"2023面積_ha":32.76}},{"type":"Feature","geometry":{"type":"Polygon","coordinates":[[[121.6027834182634,24.68479829665162],[121.60282684535503,24.69382655269574],[121.61270881205239,24.693786542482215],[121.61266467318062,24.6847583029826],[121.6027834182634,24.68479829665162]]]},"properties":{"grid_id":"G042_029","綠地類型":"河川沿岸自然地表","中心經度":121.607746,"中心緯度":24.689293,"分析面積_km2":1.04,"2020面積_ha":1.89,"2024面積_ha":1.89,"面積減少率_pct":0.0,"2020斑塊數":1,"2024斑塊數":1,"斑塊數增加率_pct":0.0,"2020平均斑塊面積_ha":80.19,"2024平均斑塊面積_ha":80.1,"平均斑塊面積下降率_pct":0.11,"道路切割密度_km_per_km2":6.719,"建成區邊界切割密度_km_per_km2":0.0,"孤立小斑塊比例_pct":0.0,"距大型連續綠地平均距離_m":0.0,"score_面積減少":36.206896551724135,"score_斑塊增加":44.260435571687836,"score_平均斑塊縮小":58.37114337568058,"score_道路建成區切割":58.99500907441016,"score_孤立比例":40.58529945553539,"score_距大型綠地":38.40744101633394,"綜合破碎化分數":46.1,"破碎化等級":"中","判定原因":"面積減少0.0%；斑塊增加0.0%；平均斑塊縮小0.1%；道路密度6.72 km/km²；孤立比例0.0%；距大型綠地0m","2021面積_ha":1.89,"2022面積_ha":1.89,"2023面積_ha":1.89}},{"type":"Feature","geometry":{"type":"Polygon","coordinates":[[[121.61266467318062,24.6847583029826],[121.61270881205239,24.693786542482215],[121.62259075725807,24.693745881812273],[121.62254590661297,24.684717659126136],[121.61266467318062,24.6847583029826]]]},"properties":{"grid_id":"G042_030","綠地類型":"河川沿岸自然地表","中心經度":121.617628,"中心緯度":24.689252,"分析面積_km2":1.04,"2020面積_ha":33.12,"2024面積_ha":34.2,"面積減少率_pct":0.0,"2020斑塊數":1,"2024斑塊數":1,"斑塊數增加率_pct":0.0,"2020平均斑塊面積_ha":4961.97,"2024平均斑塊面積_ha":6380.64,"平均斑塊面積下降率_pct":0.0,"道路切割密度_km_per_km2":6.632,"建成區邊界切割密度_km_per_km2":0.807,"孤立小斑塊比例_pct":0.0,"距大型連續綠地平均距離_m":0.0,"score_面積減少":36.206896551724135,"score_斑塊增加":44.260435571687836,"score_平均斑塊縮小":28.153357531760438,"score_道路建成區切割":82.38430127041742,"score_孤立比例":40.58529945553539,"score_距大型綠地":38.40744101633394,"綜合破碎化分數":45.0,"破碎化等級":"中","判定原因":"面積減少0.0%；斑塊增加0.0%；平均斑塊縮小0.0%；道路密度6.63 km/km²；孤立比例0.0%；距大型綠地0m","2021面積_ha":33.57,"2022面積_ha":31.68,"2023面積_ha":32.31}},{"type":"Feature","geometry":{"type":"Polygon","coordinates":[[[121.62254590661297,24.684717659126136],[121.62259075725807,24.693745881812273],[121.63247268062551,24.693704570691537],[121.63242711821398,24.684676365087824],[121.62254590661297,24.684717659126136]]]},"properties":{"grid_id":"G042_031","綠地類型":"河川沿岸自然地表","中心經度":121.627509,"中心緯度":24.689211,"分析面積_km2":1.04,"2020面積_ha":31.14,"2024面積_ha":32.04,"面積減少率_pct":0.0,"2020斑塊數":1,"2024斑塊數":1,"斑塊數增加率_pct":0.0,"2020平均斑塊面積_ha":4961.97,"2024平均斑塊面積_ha":6380.64,"平均斑塊面積下降率_pct":0.0,"道路切割密度_km_per_km2":3.777,"建成區邊界切割密度_km_per_km2":0.461,"孤立小斑塊比例_pct":0.0,"距大型連續綠地平均距離_m":0.0,"score_面積減少":36.206896551724135,"score_斑塊增加":44.260435571687836,"score_平均斑塊縮小":28.153357531760438,"score_道路建成區切割":74.70508166969148,"score_孤立比例":40.58529945553539,"score_距大型綠地":38.40744101633394,"綜合破碎化分數":43.7,"破碎化等級":"中","判定原因":"面積減少0.0%；斑塊增加0.0%；平均斑塊縮小0.0%；道路密度3.78 km/km²；孤立比例0.0%；距大型綠地0m","2021面積_ha":32.13,"2022面積_ha":32.4,"2023面積_ha":31.05}},{"type":"Feature","geometry":{"type":"Polygon","coordinates":[[[121.64230830763725,24.684634420873373],[121.64235458180816,24.693662609125717],[121.65223646045953,24.69361999712061],[121.65218947453634,24.68459182648859],[121.64230830763725,24.684634420873373]]]},"properties":{"grid_id":"G042_033","綠地類型":"河川沿岸自然地表","中心經度":121.647272,"中心緯度":24.689127,"分析面積_km2":1.04,"2020面積_ha":69.66,"2024面積_ha":71.19,"面積減少率_pct":0.0,"2020斑塊數":2,"2024斑塊數":1,"斑塊數增加率_pct":0.0,"2020平均斑塊面積_ha":2482.56,"2024平均斑塊面積_ha":6380.64,"平均斑塊面積下降率_pct":0.0,"道路切割密度_km_per_km2":3.604,"建成區邊界切割密度_km_per_km2":1.932,"孤立小斑塊比例_pct":0.0,"距大型連續綠地平均距離_m":0.0,"score_面積減少":36.206896551724135,"score_斑塊增加":44.260435571687836,"score_平均斑塊縮小":28.153357531760438,"score_道路建成區切割":80.09301270417424,"score_孤立比例":40.58529945553539,"score_距大型綠地":38.40744101633394,"綜合破碎化分數":44.6,"破碎化等級":"中","判定原因":"面積減少0.0%；斑塊增加0.0%；平均斑塊縮小0.0%；道路密度3.60 km/km²；孤立比例0.0%；距大型綠地0m","2021面積_ha":73.62,"2022面積_ha":66.24,"2023面積_ha":71.1}},{"type":"Feature","geometry":{"type":"Polygon","coordinates":[[[121.67195173937624,24.68450468723165],[121.67200014878219,24.69353282181619],[121.68188195776042,24.69348825852893],[121.68183283662425,24.68446014237155],[121.67195173937624,24.68450468723165]]]},"properties":{"grid_id":"G042_036","綠地類型":"河川沿岸自然地表","中心經度":121.676917,"中心緯度":24.688997,"分析面積_km2":1.04,"2020面積_ha":53.37,"2024面積_ha":55.62,"面積減少率_pct":0.0,"2020斑塊數":1,"2024斑塊數":1,"斑塊數增加率_pct":0.0,"2020平均斑塊面積_ha":4961.97,"2024平均斑塊面積_ha":6380.64,"平均斑塊面積下降率_pct":0.0,"道路切割密度_km_per_km2":10.265,"建成區邊界切割密度_km_per_km2":4.008,"孤立小斑塊比例_pct":0.0,"距大型連續綠地平均距離_m":0.0,"score_面積減少":36.206896551724135,"score_斑塊增加":44.260435571687836,"score_平均斑塊縮小":28.153357531760438,"score_道路建成區切割":94.31715063520872,"score_孤立比例":40.58529945553539,"score_距大型綠地":38.40744101633394,"綜合破碎化分數":47.0,"破碎化等級":"中","判定原因":"面積減少0.0%；斑塊增加0.0%；平均斑塊縮小0.0%；道路密度10.27 km/km²；孤立比例0.0%；距大型綠地0m","2021面積_ha":53.64,"2022面積_ha":48.06,"2023面積_ha":59.49}},{"type":"Feature","geometry":{"type":"Polygon","coordinates":[[[121.5830628488714,24.69390462173151],[121.58310487283484,24.702932899133586],[121.5929875936159,24.702894173840566],[121.5929448575125,24.69386591244732],[121.5830628488714,24.69390462173151]]]},"properties":{"grid_id":"G043_027","綠地類型":"河川沿岸自然地表","中心經度":121.588025,"中心緯度":24.698399,"分析面積_km2":1.04,"2020面積_ha":8.19,"2024面積_ha":8.19,"面積減少率_pct":0.0,"2020斑塊數":1,"2024斑塊數":1,"斑塊數增加率_pct":0.0,"2020平均斑塊面積_ha":80.19,"2024平均斑塊面積_ha":80.1,"平均斑塊面積下降率_pct":0.11,"道路切割密度_km_per_km2":3.143,"建成區邊界切割密度_km_per_km2":0.0,"孤立小斑塊比例_pct":0.0,"距大型連續綠地平均距離_m":0.0,"score_面積減少":36.206896551724135,"score_斑塊增加":44.260435571687836,"score_平均斑塊縮小":58.37114337568058,"score_道路建成區切割":51.38384754990926,"score_孤立比例":40.58529945553539,"score_距大型綠地":38.40744101633394,"綜合破碎化分數":44.9,"破碎化等級":"中","判定原因":"面積減少0.0%；斑塊增加0.0%；平均斑塊縮小0.1%；道路密度3.14 km/km²；孤立比例0.0%；距大型綠地0m","2021面積_ha":8.19,"2022面積_ha":8.19,"2023面積_ha":8.19}},{"type":"Feature","geometry":{"type":"Polygon","coordinates":[[[121.61270881205239,24.693786542482215],[121.61275297241582,24.70281477105081],[121.62263562974138,24.702774093565044],[121.62259075725807,24.693745881812273],[121.61270881205239,24.693786542482215]]]},"properties":{"grid_id":"G043_030","綠地類型":"河川沿岸自然地表","中心經度":121.617672,"中心緯度":24.69828,"分析面積_km2":1.04,"2020面積_ha":35.73,"2024面積_ha":37.08,"面積減少率_pct":0.0,"2020斑塊數":1,"2024斑塊數":1,"斑塊數增加率_pct":0.0,"2020平均斑塊面積_ha":4961.97,"2024平均斑塊面積_ha":6380.64,"平均斑塊面積下降率_pct":0.0,"道路切割密度_km_per_km2":2.566,"建成區邊界切割密度_km_per_km2":0.606,"孤立小斑塊比例_pct":0.0,"距大型連續綠地平均距離_m":0.0,"score_面積減少":36.206896551724135,"score_斑塊增加":44.260435571687836,"score_平均斑塊縮小":28.153357531760438,"score_道路建成區切割":71.4382940108893,"score_孤立比例":40.58529945553539,"score_距大型綠地":38.40744101633394,"綜合破碎化分數":43.2,"破碎化等級":"中","判定原因":"面積減少0.0%；斑塊增加0.0%；平均斑塊縮小0.0%；道路密度2.57 km/km²；孤立比例0.0%；距大型綠地0m","2021面積_ha":38.07,"2022面積_ha":35.82,"2023面積_ha":35.82}},{"type":"Feature","geometry":{"type":"Polygon","coordinates":[[[121.63247268062551,24.693704570691537],[121.63251826522179,24.7027327653595],[121.64240087851041,24.702690786439877],[121.64235458180816,24.693662609125717],[121.63247268062551,24.693704570691537]]]},"properties":{"grid_id":"G043_032","綠地類型":"河川沿岸自然地表","中心經度":121.637437,"中心緯度":24.698198,"分析面積_km2":1.04,"2020面積_ha":0.27,"2024面積_ha":0.27,"面積減少率_pct":0.0,"2020斑塊數":1,"2024斑塊數":1,"斑塊數增加率_pct":0.0,"2020平均斑塊面積_ha":3.15,"2024平均斑塊面積_ha":6380.64,"平均斑塊面積下降率_pct":0.0,"道路切割密度_km_per_km2":3.922,"建成區邊界切割密度_km_per_km2":0.0,"孤立小斑塊比例_pct":0.0,"距大型連續綠地平均距離_m":0.0,"score_面積減少":36.206896551724135,"score_斑塊增加":44.260435571687836,"score_平均斑塊縮小":28.153357531760438,"score_道路建成區切割":53.845281306715066,"score_孤立比例":40.58529945553539,"score_距大型綠地":38.40744101633394,"綜合破碎化分數":40.2,"破碎化等級":"中","判定原因":"面積減少0.0%；斑塊增加0.0%；平均斑塊縮小0.0%；道路密度3.92 km/km²；孤立比例0.0%；距大型綠地0m","2021面積_ha":0.27,"2022面積_ha":0.27,"2023面積_ha":0.27}},{"type":"Feature","geometry":{"type":"Polygon","coordinates":[[[121.55345658912739,24.703045170541237],[121.54357378859241,24.703081292836075],[121.54358531343928,24.70573646767693],[121.5441123,24.705779],[121.54520759999998,24.705772599999996],[121.54551530000002,24.7058129],[121.5458836,24.705921899999996],[121.54639269999998,24.706155],[121.54656580000001,24.706203899999995],[121.5470921,24.7062377],[121.5475929,24.706230199999997],[121.5482262,24.7061324],[121.5496292,24.705726399999996],[121.5499727,24.705666200000003],[121.550341,24.7056587],[121.5506786,24.705738699999994],[121.55132269999999,24.705960999999995],[121.5522994,24.706878399999997],[121.5534768858874,24.707637543232696],[121.55345658912739,24.703045170541237]]]},"properties":{"grid_id":"G044_023","綠地類型":"河川沿岸自然地表","中心經度":121.548521,"中心緯度":24.704364,"分析面積_km2":0.349,"2020面積_ha":0.18,"2024面積_ha":0.18,"面積減少率_pct":0.0,"2020斑塊數":1,"2024斑塊數":1,"斑塊數增加率_pct":0.0,"2020平均斑塊面積_ha":4961.97,"2024平均斑塊面積_ha":6380.64,"平均斑塊面積下降率_pct":0.0,"道路切割密度_km_per_km2":3.179,"建成區邊界切割密度_km_per_km2":0.0,"孤立小斑塊比例_pct":0.0,"距大型連續綠地平均距離_m":0.0,"score_面積減少":36.206896551724135,"score_斑塊增加":44.260435571687836,"score_平均斑塊縮小":28.153357531760438,"score_道路建成區切割":51.61070780399274,"score_孤立比例":40.58529945553539,"score_距大型綠地":38.40744101633394,"綜合破碎化分數":39.9,"破碎化等級":"中","判定原因":"面積減少0.0%；斑塊增加0.0%；平均斑塊縮小0.0%；道路密度3.18 km/km²；孤立比例0.0%；距大型綠地0m","2021面積_ha":0.18,"2022面積_ha":0.18,"2023面積_ha":0.18}},{"type":"Feature","geometry":{"type":"Polygon","coordinates":[[[121.58314691725674,24.711961165608525],[121.58310487283484,24.702932899133586],[121.57322213159529,24.702970973684863],[121.57325590952003,24.710349536470716],[121.57328479999998,24.7103477],[121.5741391,24.710089599999996],[121.5744552,24.710041800000003],[121.5746893,24.710068400000004],[121.57493510000002,24.710196],[121.5755477,24.710934699999996],[121.57594136766988,24.711988999711636],[121.58314691725674,24.711961165608525]]]},"properties":{"grid_id":"G044_026","綠地類型":"河川沿岸自然地表","中心經度":121.57818,"中心緯度":24.70649,"分析面積_km2":0.984,"2020面積_ha":54.09,"2024面積_ha":54.09,"面積減少率_pct":0.0,"2020斑塊數":1,"2024斑塊數":1,"斑塊數增加率_pct":0.0,"2020平均斑塊面積_ha":4961.97,"2024平均斑塊面積_ha":6380.64,"平均斑塊面積下降率_pct":0.0,"道路切割密度_km_per_km2":2.592,"建成區邊界切割密度_km_per_km2":0.0,"孤立小斑塊比例_pct":0.0,"距大型連續綠地平均距離_m":0.0,"score_面積減少":36.206896551724135,"score_斑塊增加":44.260435571687836,"score_平均斑塊縮小":28.153357531760438,"score_道路建成區切割":49.27404718693285,"score_孤立比例":40.58529945553539,"score_距大型綠地":38.40744101633394,"綜合破碎化分數":39.5,"破碎化等級":"中","判定原因":"面積減少0.0%；斑塊增加0.0%；平均斑塊縮小0.0%；道路密度2.59 km/km²；孤立比例0.0%；距大型綠地0m","2021面積_ha":54.09,"2022面積_ha":54.09,"2023面積_ha":54.09}},{"type":"Feature","geometry":{"type":"Polygon","coordinates":[[[121.60287029359178,24.702854797811156],[121.60291376298038,24.71188303199492],[121.61279715427774,24.711842988685422],[121.61275297241582,24.70281477105081],[121.60287029359178,24.702854797811156]]]},"properties":{"grid_id":"G044_029","綠地類型":"河川沿岸自然地表","中心經度":121.607834,"中心緯度":24.707349,"分析面積_km2":1.04,"2020面積_ha":43.56,"2024面積_ha":43.56,"面積減少率_pct":0.0,"2020斑塊數":1,"2024斑塊數":1,"斑塊數增加率_pct":0.0,"2020平均斑塊面積_ha":4961.97,"2024平均斑塊面積_ha":6380.64,"平均斑塊面積下降率_pct":0.0,"道路切割密度_km_per_km2":0.346,"建成區邊界切割密度_km_per_km2":0.029,"孤立小斑塊比例_pct":0.0,"距大型連續綠地平均距離_m":0.0,"score_面積減少":36.206896551724135,"score_斑塊增加":44.260435571687836,"score_平均斑塊縮小":28.153357531760438,"score_道路建成區切割":54.19691470054447,"score_孤立比例":40.58529945553539,"score_距大型綠地":38.40744101633394,"綜合破碎化分數":40.3,"破碎化等級":"中","判定原因":"面積減少0.0%；斑塊增加0.0%；平均斑塊縮小0.0%；道路密度0.35 km/km²；孤立比例0.0%；距大型綠地0m","2021面積_ha":43.56,"2022面積_ha":43.56,"2023面積_ha":43.56}},{"type":"Feature","geometry":{"type":"Polygon","coordinates":[[[121.58314691725674,24.711961165608525],[121.57594136766988,24.711988999711636],[121.5761057,24.7124291],[121.5768608,24.713832800000002],[121.57721810000001,24.714768699999997],[121.5774168,24.715661799999992],[121.57750460000001,24.7164381],[121.5774567,24.71690149999999],[121.5772705,24.717283499999997],[121.5772412,24.7174536],[121.57753969999999,24.718336199999996],[121.5776568,24.718804099999993],[121.5775159,24.720307600000005],[121.5775456,24.720797800000003],[121.57759223935471,24.721011078046484],[121.58229074380792,24.72099291100324],[121.58318736852547,24.720643176527922],[121.58314691725674,24.711961165608525]]]},"properties":{"grid_id":"G045_026","綠地類型":"河川沿岸自然地表","中心經度":121.580325,"中心緯度":24.716659,"分析面積_km2":0.614,"2020面積_ha":46.08,"2024面積_ha":46.08,"面積減少率_pct":0.0,"2020斑塊數":1,"2024斑塊數":1,"斑塊數增加率_pct":0.0,"2020平均斑塊面積_ha":4961.97,"2024平均斑塊面積_ha":6380.64,"平均斑塊面積下降率_pct":0.0,"道路切割密度_km_per_km2":2.688,"建成區邊界切割密度_km_per_km2":0.0,"孤立小斑塊比例_pct":0.0,"距大型連續綠地平均距離_m":0.0,"score_面積減少":36.206896551724135,"score_斑塊增加":44.260435571687836,"score_平均斑塊縮小":28.153357531760438,"score_道路建成區切割":49.727767695099814,"score_孤立比例":40.58529945553539,"score_距大型綠地":38.40744101633394,"綜合破碎化分數":39.6,"破碎化等級":"中","判定原因":"面積減少0.0%；斑塊增加0.0%；平均斑塊縮小0.0%；道路密度2.69 km/km²；孤立比例0.0%；距大型綠地0m","2021面積_ha":46.08,"2022面積_ha":46.08,"2023面積_ha":46.08}},{"type":"Feature","geometry":{"type":"Polygon","coordinates":[[[121.61279715427774,24.711842988685422],[121.61284135764501,24.7208711953831],[121.62272544025039,24.720830484258634],[121.62268052406988,24.711802294381485],[121.61279715427774,24.711842988685422]]]},"properties":{"grid_id":"G045_030","綠地類型":"河川沿岸自然地表","中心經度":121.617761,"中心緯度":24.716337,"分析面積_km2":1.04,"2020面積_ha":42.48,"2024面積_ha":42.48,"面積減少率_pct":0.0,"2020斑塊數":1,"2024斑塊數":1,"斑塊數增加率_pct":0.0,"2020平均斑塊面積_ha":2507.22,"2024平均斑塊面積_ha":2503.44,"平均斑塊面積下降率_pct":0.15,"道路切割密度_km_per_km2":0.0,"建成區邊界切割密度_km_per_km2":0.0,"孤立小斑塊比例_pct":0.0,"距大型連續綠地平均距離_m":0.0,"score_面積減少":36.206896551724135,"score_斑塊增加":44.260435571687836,"score_平均斑塊縮小":60.04990925589837,"score_道路建成區切割":25.941470054446462,"score_孤立比例":40.58529945553539,"score_距大型綠地":38.40744101633394,"綜合破碎化分數":40.9,"破碎化等級":"中","判定原因":"面積減少0.0%；斑塊增加0.0%；平均斑塊縮小0.1%；道路密度0.00 km/km²；孤立比例0.0%；距大型綠地0m","2021面積_ha":42.48,"2022面積_ha":42.48,"2023面積_ha":42.48}},{"type":"Feature","geometry":{"type":"Polygon","coordinates":[[[121.62268052406988,24.711802294381485],[121.62272544025039,24.720830484258634],[121.63260950099681,24.720789121876273],[121.6325638720099,24.711760949088728],[121.62268052406988,24.711802294381485]]]},"properties":{"grid_id":"G045_031","綠地類型":"河川沿岸自然地表","中心經度":121.627645,"中心緯度":24.716296,"分析面積_km2":1.04,"2020面積_ha":19.44,"2024面積_ha":19.44,"面積減少率_pct":0.0,"2020斑塊數":1,"2024斑塊數":1,"斑塊數增加率_pct":0.0,"2020平均斑塊面積_ha":2507.22,"2024平均斑塊面積_ha":2503.44,"平均斑塊面積下降率_pct":0.15,"道路切割密度_km_per_km2":0.0,"建成區邊界切割密度_km_per_km2":0.0,"孤立小斑塊比例_pct":0.0,"距大型連續綠地平均距離_m":0.0,"score_面積減少":36.206896551724135,"score_斑塊增加":44.260435571687836,"score_平均斑塊縮小":60.04990925589837,"score_道路建成區切割":25.941470054446462,"score_孤立比例":40.58529945553539,"score_距大型綠地":38.40744101633394,"綜合破碎化分數":40.9,"破碎化等級":"中","判定原因":"面積減少0.0%；斑塊增加0.0%；平均斑塊縮小0.1%；道路密度0.00 km/km²；孤立比例0.0%；距大型綠地0m","2021面積_ha":19.44,"2022面積_ha":19.44,"2023面積_ha":19.44}},{"type":"Feature","geometry":{"type":"Polygon","coordinates":[[[121.65233050094672,24.71167630555971],[121.65237755552519,24.720704443360862],[121.66226154861344,24.72066112723952],[121.66221378125002,24.711633007335156],[121.65233050094672,24.71167630555971]]]},"properties":{"grid_id":"G045_034","綠地類型":"河川沿岸自然地表","中心經度":121.657296,"中心緯度":24.716169,"分析面積_km2":1.04,"2020面積_ha":28.71,"2024面積_ha":28.62,"面積減少率_pct":0.31,"2020斑塊數":1,"2024斑塊數":1,"斑塊數增加率_pct":0.0,"2020平均斑塊面積_ha":4961.97,"2024平均斑塊面積_ha":6380.64,"平均斑塊面積下降率_pct":0.0,"道路切割密度_km_per_km2":0.26,"建成區邊界切割密度_km_per_km2":0.144,"孤立小斑塊比例_pct":0.0,"距大型連續綠地平均距離_m":0.0,"score_面積減少":74.04718693284936,"score_斑塊增加":44.260435571687836,"score_平均斑塊縮小":28.153357531760438,"score_道路建成區切割":54.95689655172413,"score_孤立比例":40.58529945553539,"score_距大型綠地":38.40744101633394,"綜合破碎化分數":46.7,"破碎化等級":"中","判定原因":"面積減少0.3%；斑塊增加0.0%；平均斑塊縮小0.0%；道路密度0.26 km/km²；孤立比例0.0%；距大型綠地0m","2021面積_ha":28.71,"2022面積_ha":28.53,"2023面積_ha":28.35}},{"type":"Feature","geometry":{"type":"Polygon","coordinates":[[[121.60295725352749,24.72091125524406],[121.60300076523986,24.729939467555642],[121.61288558252434,24.7298993911409],[121.61284135764501,24.7208711953831],[121.60295725352749,24.72091125524406]]]},"properties":{"grid_id":"G046_029","綠地類型":"河川沿岸自然地表","中心經度":121.607921,"中心緯度":24.725405,"分析面積_km2":1.04,"2020面積_ha":48.15,"2024面積_ha":48.15,"面積減少率_pct":0.0,"2020斑塊數":1,"2024斑塊數":1,"斑塊數增加率_pct":0.0,"2020平均斑塊面積_ha":2507.22,"2024平均斑塊面積_ha":2503.44,"平均斑塊面積下降率_pct":0.15,"道路切割密度_km_per_km2":0.0,"建成區邊界切割密度_km_per_km2":0.0,"孤立小斑塊比例_pct":0.0,"距大型連續綠地平均距離_m":0.0,"score_面積減少":36.206896551724135,"score_斑塊增加":44.260435571687836,"score_平均斑塊縮小":60.04990925589837,"score_道路建成區切割":25.941470054446462,"score_孤立比例":40.58529945553539,"score_距大型綠地":38.40744101633394,"綜合破碎化分數":40.9,"破碎化等級":"中","判定原因":"面積減少0.0%；斑塊增加0.0%；平均斑塊縮小0.1%；道路密度0.00 km/km²；孤立比例0.0%；距大型綠地0m","2021面積_ha":48.15,"2022面積_ha":48.15,"2023面積_ha":48.15}},{"type":"Feature","geometry":{"type":"Polygon","coordinates":[[[121.61284135764501,24.7208711953831],[121.61288558252434,24.7298993911409],[121.62277037828994,24.729858663193536],[121.62272544025039,24.720830484258634],[121.61284135764501,24.7208711953831]]]},"properties":{"grid_id":"G046_030","綠地類型":"河川沿岸自然地表","中心經度":121.617806,"中心緯度":24.725365,"分析面積_km2":1.04,"2020面積_ha":23.22,"2024面積_ha":23.22,"面積減少率_pct":0.0,"2020斑塊數":1,"2024斑塊數":1,"斑塊數增加率_pct":0.0,"2020平均斑塊面積_ha":2507.22,"2024平均斑塊面積_ha":2503.44,"平均斑塊面積下降率_pct":0.15,"道路切割密度_km_per_km2":0.0,"建成區邊界切割密度_km_per_km2":0.0,"孤立小斑塊比例_pct":0.0,"距大型連續綠地平均距離_m":0.0,"score_面積減少":36.206896551724135,"score_斑塊增加":44.260435571687836,"score_平均斑塊縮小":60.04990925589837,"score_道路建成區切割":25.941470054446462,"score_孤立比例":40.58529945553539,"score_距大型綠地":38.40744101633394,"綜合破碎化分數":40.9,"破碎化等級":"中","判定原因":"面積減少0.0%；斑塊增加0.0%；平均斑塊縮小0.1%；道路密度0.00 km/km²；孤立比例0.0%；距大型綠地0m","2021面積_ha":23.22,"2022面積_ha":23.22,"2023面積_ha":23.22}},{"type":"Feature","geometry":{"type":"Polygon","coordinates":[[[121.62272544025039,24.720830484258634],[121.62277037828994,24.729858663193536],[121.6326551521896,24.729817283719186],[121.63260950099681,24.720789121876273],[121.62272544025039,24.720830484258634]]]},"properties":{"grid_id":"G046_031","綠地類型":"河川沿岸自然地表","中心經度":121.62769,"中心緯度":24.725324,"分析面積_km2":1.04,"2020面積_ha":56.07,"2024面積_ha":56.07,"面積減少率_pct":0.0,"2020斑塊數":1,"2024斑塊數":1,"斑塊數增加率_pct":0.0,"2020平均斑塊面積_ha":2507.22,"2024平均斑塊面積_ha":2503.44,"平均斑塊面積下降率_pct":0.15,"道路切割密度_km_per_km2":0.0,"建成區邊界切割密度_km_per_km2":0.0,"孤立小斑塊比例_pct":0.0,"距大型連續綠地平均距離_m":0.0,"score_面積減少":36.206896551724135,"score_斑塊增加":44.260435571687836,"score_平均斑塊縮小":60.04990925589837,"score_道路建成區切割":25.941470054446462,"score_孤立比例":40.58529945553539,"score_距大型綠地":38.40744101633394,"綜合破碎化分數":40.9,"破碎化等級":"中","判定原因":"面積減少0.0%；斑塊增加0.0%；平均斑塊縮小0.1%；道路密度0.00 km/km²；孤立比例0.0%；距大型綠地0m","2021面積_ha":56.07,"2022面積_ha":56.07,"2023面積_ha":56.07}},{"type":"Feature","geometry":{"type":"Polygon","coordinates":[[[121.63260950099681,24.720789121876273],[121.6326551521896,24.729817283719186],[121.64253990387637,24.729775252723556],[121.64249353953737,24.720747108241746],[121.63260950099681,24.720789121876273]]]},"properties":{"grid_id":"G046_032","綠地類型":"河川沿岸自然地表","中心經度":121.637575,"中心緯度":24.725282,"分析面積_km2":1.04,"2020面積_ha":26.91,"2024面積_ha":26.91,"面積減少率_pct":0.0,"2020斑塊數":1,"2024斑塊數":1,"斑塊數增加率_pct":0.0,"2020平均斑塊面積_ha":2507.22,"2024平均斑塊面積_ha":2503.44,"平均斑塊面積下降率_pct":0.15,"道路切割密度_km_per_km2":0.0,"建成區邊界切割密度_km_per_km2":0.0,"孤立小斑塊比例_pct":0.0,"距大型連續綠地平均距離_m":0.0,"score_面積減少":36.206896551724135,"score_斑塊增加":44.260435571687836,"score_平均斑塊縮小":60.04990925589837,"score_道路建成區切割":25.941470054446462,"score_孤立比例":40.58529945553539,"score_距大型綠地":38.40744101633394,"綜合破碎化分數":40.9,"破碎化等級":"中","判定原因":"面積減少0.0%；斑塊增加0.0%；平均斑塊縮小0.1%；道路密度0.00 km/km²；孤立比例0.0%；距大型綠地0m","2021面積_ha":26.91,"2022面積_ha":26.91,"2023面積_ha":26.91}},{"type":"Feature","geometry":{"type":"Polygon","coordinates":[[[121.64249353953737,24.720747108241746],[121.64253990387637,24.729775252723556],[121.65242463300326,24.72973257021247],[121.65237755552519,24.720704443360862],[121.64249353953737,24.720747108241746]]]},"properties":{"grid_id":"G046_033","綠地類型":"河川沿岸自然地表","中心經度":121.647459,"中心緯度":24.72524,"分析面積_km2":1.04,"2020面積_ha":18.0,"2024面積_ha":18.0,"面積減少率_pct":0.0,"2020斑塊數":1,"2024斑塊數":1,"斑塊數增加率_pct":0.0,"2020平均斑塊面積_ha":2507.22,"2024平均斑塊面積_ha":2503.44,"平均斑塊面積下降率_pct":0.15,"道路切割密度_km_per_km2":2.912,"建成區邊界切割密度_km_per_km2":0.0,"孤立小斑塊比例_pct":0.0,"距大型連續綠地平均距離_m":0.0,"score_面積減少":36.206896551724135,"score_斑塊增加":44.260435571687836,"score_平均斑塊縮小":60.04990925589837,"score_道路建成區切割":50.44237749546279,"score_孤立比例":40.58529945553539,"score_距大型綠地":38.40744101633394,"綜合破碎化分數":45.0,"破碎化等級":"中","判定原因":"面積減少0.0%；斑塊增加0.0%；平均斑塊縮小0.1%；道路密度2.91 km/km²；孤立比例0.0%；距大型綠地0m","2021面積_ha":18.0,"2022面積_ha":18.0,"2023面積_ha":18.0}},{"type":"Feature","geometry":{"type":"Polygon","coordinates":[[[121.67214551845524,24.7206171598837],[121.67219402218957,24.729645250667627],[121.68207868155504,24.729600613645935],[121.68202946470375,24.720572541299493],[121.67214551845524,24.7206171598837]]]},"properties":{"grid_id":"G046_036","綠地類型":"河川沿岸自然地表","中心經度":121.677112,"中心緯度":24.725109,"分析面積_km2":1.04,"2020面積_ha":38.16,"2024面積_ha":39.42,"面積減少率_pct":0.0,"2020斑塊數":2,"2024斑塊數":1,"斑塊數增加率_pct":0.0,"2020平均斑塊面積_ha":56.07,"2024平均斑塊面積_ha":280.8,"平均斑塊面積下降率_pct":0.0,"道路切割密度_km_per_km2":4.181,"建成區邊界切割密度_km_per_km2":1.442,"孤立小斑塊比例_pct":0.0,"距大型連續綠地平均距離_m":0.0,"score_面積減少":36.206896551724135,"score_斑塊增加":44.260435571687836,"score_平均斑塊縮小":28.153357531760438,"score_道路建成區切割":80.22912885662433,"score_孤立比例":40.58529945553539,"score_距大型綠地":38.40744101633394,"綜合破碎化分數":44.6,"破碎化等級":"中","判定原因":"面積減少0.0%；斑塊增加0.0%；平均斑塊縮小0.0%；道路密度4.18 km/km²；孤立比例0.0%；距大型綠地0m","2021面積_ha":37.08,"2022面積_ha":35.46,"2023面積_ha":32.67}},{"type":"Feature","geometry":{"type":"Polygon","coordinates":[[[121.60304429812415,24.738967668926698],[121.60300076523986,24.729939467555642],[121.59368245631201,24.72997665047819],[121.5936704,24.730093699999998],[121.5937289,24.730321999999997],[121.5938984,24.7306618],[121.59421410000002,24.7311662],[121.5949272,24.7321644],[121.59505510000001,24.732441599999998],[121.5951089,24.732708199999998],[121.59509229999999,24.733083599999993],[121.5949958,24.7334265],[121.5943105,24.734596300000003],[121.59422370000001,24.7348704],[121.5942196,24.735031800000005],[121.59432100000001,24.7355358],[121.5949259,24.7366887],[121.5949668,24.736842699999997],[121.59503689999998,24.7374055],[121.5952428,24.737951899999995],[121.5953585,24.738647799999992],[121.59538600406778,24.73899828071581],[121.60304429812415,24.738967668926698]]]},"properties":{"grid_id":"G047_028","綠地類型":"河川沿岸自然地表","中心經度":121.598837,"中心緯度":24.733995,"分析面積_km2":0.868,"2020面積_ha":66.69,"2024面積_ha":66.69,"面積減少率_pct":0.0,"2020斑塊數":1,"2024斑塊數":1,"斑塊數增加率_pct":0.0,"2020平均斑塊面積_ha":2507.22,"2024平均斑塊面積_ha":2503.44,"平均斑塊面積下降率_pct":0.15,"道路切割密度_km_per_km2":0.346,"建成區邊界切割密度_km_per_km2":0.0,"孤立小斑塊比例_pct":0.0,"距大型連續綠地平均距離_m":0.0,"score_面積減少":36.206896551724135,"score_斑塊增加":44.260435571687836,"score_平均斑塊縮小":60.04990925589837,"score_道路建成區切割":35.85526315789474,"score_孤立比例":40.58529945553539,"score_距大型綠地":38.40744101633394,"綜合破碎化分數":42.6,"破碎化等級":"中","判定原因":"面積減少0.0%；斑塊增加0.0%；平均斑塊縮小0.1%；道路密度0.35 km/km²；孤立比例0.0%；距大型綠地0m","2021面積_ha":66.69,"2022面積_ha":66.69,"2023面積_ha":66.69}},{"type":"Feature","geometry":{"type":"Polygon","coordinates":[[[121.60300076523986,24.729939467555642],[121.60304429812415,24.738967668926698],[121.61292982892262,24.738927575955852],[121.61288558252434,24.7298993911409],[121.60300076523986,24.729939467555642]]]},"properties":{"grid_id":"G047_029","綠地類型":"河川沿岸自然地表","中心經度":121.607965,"中心緯度":24.734434,"分析面積_km2":1.04,"2020面積_ha":51.03,"2024面積_ha":51.03,"面積減少率_pct":0.0,"2020斑塊數":1,"2024斑塊數":1,"斑塊數增加率_pct":0.0,"2020平均斑塊面積_ha":2507.22,"2024平均斑塊面積_ha":2503.44,"平均斑塊面積下降率_pct":0.15,"道路切割密度_km_per_km2":0.0,"建成區邊界切割密度_km_per_km2":0.0,"孤立小斑塊比例_pct":0.0,"距大型連續綠地平均距離_m":0.0,"score_面積減少":36.206896551724135,"score_斑塊增加":44.260435571687836,"score_平均斑塊縮小":60.04990925589837,"score_道路建成區切割":25.941470054446462,"score_孤立比例":40.58529945553539,"score_距大型綠地":38.40744101633394,"綜合破碎化分數":40.9,"破碎化等級":"中","判定原因":"面積減少0.0%；斑塊增加0.0%；平均斑塊縮小0.1%；道路密度0.00 km/km²；孤立比例0.0%；距大型綠地0m","2021面積_ha":51.03,"2022面積_ha":51.03,"2023面積_ha":51.03}},{"type":"Feature","geometry":{"type":"Polygon","coordinates":[[[121.61288558252434,24.7298993911409],[121.61292982892262,24.738927575955852],[121.62281533819538,24.738886831183244],[121.62277037828994,24.729858663193536],[121.61288558252434,24.7298993911409]]]},"properties":{"grid_id":"G047_030","綠地類型":"河川沿岸自然地表","中心經度":121.61785,"中心緯度":24.734393,"分析面積_km2":1.04,"2020面積_ha":22.77,"2024面積_ha":22.77,"面積減少率_pct":0.0,"2020斑塊數":1,"2024斑塊數":1,"斑塊數增加率_pct":0.0,"2020平均斑塊面積_ha":2507.22,"2024平均斑塊面積_ha":2503.44,"平均斑塊面積下降率_pct":0.15,"道路切割密度_km_per_km2":0.0,"建成區邊界切割密度_km_per_km2":0.0,"孤立小斑塊比例_pct":0.0,"距大型連續綠地平均距離_m":0.0,"score_面積減少":36.206896551724135,"score_斑塊增加":44.260435571687836,"score_平均斑塊縮小":60.04990925589837,"score_道路建成區切割":25.941470054446462,"score_孤立比例":40.58529945553539,"score_距大型綠地":38.40744101633394,"綜合破碎化分數":40.9,"破碎化等級":"中","判定原因":"面積減少0.0%；斑塊增加0.0%；平均斑塊縮小0.1%；道路密度0.00 km/km²；孤立比例0.0%；距大型綠地0m","2021面積_ha":22.77,"2022面積_ha":22.77,"2023面積_ha":22.77}},{"type":"Feature","geometry":{"type":"Polygon","coordinates":[[[121.62277037828994,24.729858663193536],[121.62281533819538,24.738886831183244],[121.63270082559526,24.738845434614486],[121.6326551521896,24.729817283719186],[121.62277037828994,24.729858663193536]]]},"properties":{"grid_id":"G047_031","綠地類型":"河川沿岸自然地表","中心經度":121.627735,"中心緯度":24.734352,"分析面積_km2":1.04,"2020面積_ha":44.64,"2024面積_ha":44.64,"面積減少率_pct":0.0,"2020斑塊數":1,"2024斑塊數":1,"斑塊數增加率_pct":0.0,"2020平均斑塊面積_ha":2507.22,"2024平均斑塊面積_ha":2503.44,"平均斑塊面積下降率_pct":0.15,"道路切割密度_km_per_km2":0.0,"建成區邊界切割密度_km_per_km2":0.0,"孤立小斑塊比例_pct":0.0,"距大型連續綠地平均距離_m":0.0,"score_面積減少":36.206896551724135,"score_斑塊增加":44.260435571687836,"score_平均斑塊縮小":60.04990925589837,"score_道路建成區切割":25.941470054446462,"score_孤立比例":40.58529945553539,"score_距大型綠地":38.40744101633394,"綜合破碎化分數":40.9,"破碎化等級":"中","判定原因":"面積減少0.0%；斑塊增加0.0%；平均斑塊縮小0.1%；道路密度0.00 km/km²；孤立比例0.0%；距大型綠地0m","2021面積_ha":44.64,"2022面積_ha":44.64,"2023面積_ha":44.64}},{"type":"Feature","geometry":{"type":"Polygon","coordinates":[[[121.6326551521896,24.729817283719186],[121.63270082559526,24.738845434614486],[121.64258629077523,24.73880338625533],[121.64253990387637,24.729775252723556],[121.6326551521896,24.729817283719186]]]},"properties":{"grid_id":"G047_032","綠地類型":"河川沿岸自然地表","中心經度":121.637621,"中心緯度":24.73431,"分析面積_km2":1.04,"2020面積_ha":2.97,"2024面積_ha":2.97,"面積減少率_pct":0.0,"2020斑塊數":1,"2024斑塊數":1,"斑塊數增加率_pct":0.0,"2020平均斑塊面積_ha":2507.22,"2024平均斑塊面積_ha":2503.44,"平均斑塊面積下降率_pct":0.15,"道路切割密度_km_per_km2":0.0,"建成區邊界切割密度_km_per_km2":0.0,"孤立小斑塊比例_pct":0.0,"距大型連續綠地平均距離_m":0.0,"score_面積減少":36.206896551724135,"score_斑塊增加":44.260435571687836,"score_平均斑塊縮小":60.04990925589837,"score_道路建成區切割":25.941470054446462,"score_孤立比例":40.58529945553539,"score_距大型綠地":38.40744101633394,"綜合破碎化分數":40.9,"破碎化等級":"中","判定原因":"面積減少0.0%；斑塊增加0.0%；平均斑塊縮小0.1%；道路密度0.00 km/km²；孤立比例0.0%；距大型綠地0m","2021面積_ha":2.97,"2022面積_ha":2.97,"2023面積_ha":2.97}},{"type":"Feature","geometry":{"type":"Polygon","coordinates":[[[121.66230933922331,24.729689236191827],[121.66235715308699,24.738717334189122],[121.67224254952465,24.73867333049398],[121.67219402218957,24.729645250667627],[121.66230933922331,24.729689236191827]]]},"properties":{"grid_id":"G047_035","綠地類型":"河川沿岸自然地表","中心經度":121.667276,"中心緯度":24.734181,"分析面積_km2":1.04,"2020面積_ha":15.66,"2024面積_ha":15.66,"面積減少率_pct":0.0,"2020斑塊數":1,"2024斑塊數":1,"斑塊數增加率_pct":0.0,"2020平均斑塊面積_ha":92.61,"2024平均斑塊面積_ha":280.8,"平均斑塊面積下降率_pct":0.0,"道路切割密度_km_per_km2":3.691,"建成區邊界切割密度_km_per_km2":0.0,"孤立小斑塊比例_pct":0.0,"距大型連續綠地平均距離_m":0.0,"score_面積減少":36.206896551724135,"score_斑塊增加":44.260435571687836,"score_平均斑塊縮小":28.153357531760438,"score_道路建成區切割":53.10798548094374,"score_孤立比例":40.58529945553539,"score_距大型綠地":38.40744101633394,"綜合破碎化分數":40.1,"破碎化等級":"中","判定原因":"面積減少0.0%；斑塊增加0.0%；平均斑塊縮小0.0%；道路密度3.69 km/km²；孤立比例0.0%；距大型綠地0m","2021面積_ha":15.66,"2022面積_ha":15.66,"2023面積_ha":15.66}},{"type":"Feature","geometry":{"type":"Polygon","coordinates":[[[121.6030878521871,24.74799585935428],[121.60304429812415,24.738967668926698],[121.59538600406778,24.73899828071581],[121.59539350000001,24.7390938],[121.59529420000001,24.739948600000005],[121.5952065,24.740320199999992],[121.59511879999998,24.740590999999995],[121.5949722,24.740860699999992],[121.5947593,24.74099449999999],[121.59433839999998,24.741100699999997],[121.59408120000002,24.741297099999997],[121.5938027,24.741659899999995],[121.5934849,24.7422527],[121.59321599999998,24.742603099999997],[121.59317598380116,24.742640328334694],[121.5931919014724,24.74599469791376],[121.5934615,24.746006199999997],[121.5939897,24.746096399999995],[121.59431500000001,24.746218600000002],[121.59473589999999,24.7464575],[121.5949899,24.746726699999996],[121.59536140000002,24.74736],[121.59598702514793,24.748024265723856],[121.6030878521871,24.74799585935428]]]},"properties":{"grid_id":"G048_028","綠地類型":"河川沿岸自然地表","中心經度":121.598127,"中心緯度":24.744298,"分析面積_km2":0.926,"2020面積_ha":61.83,"2024面積_ha":61.83,"面積減少率_pct":0.0,"2020斑塊數":1,"2024斑塊數":1,"斑塊數增加率_pct":0.0,"2020平均斑塊面積_ha":2507.22,"2024平均斑塊面積_ha":2503.44,"平均斑塊面積下降率_pct":0.15,"道路切割密度_km_per_km2":1.555,"建成區邊界切割密度_km_per_km2":0.0,"孤立小斑塊比例_pct":0.0,"距大型連續綠地平均距離_m":0.0,"score_面積減少":36.206896551724135,"score_斑塊增加":44.260435571687836,"score_平均斑塊縮小":60.04990925589837,"score_道路建成區切割":42.990018148820326,"score_孤立比例":40.58529945553539,"score_距大型綠地":38.40744101633394,"綜合破碎化分數":43.8,"破碎化等級":"中","判定原因":"面積減少0.0%；斑塊增加0.0%；平均斑塊縮小0.1%；道路密度1.55 km/km²；孤立比例0.0%；距大型綠地0m","2021面積_ha":61.83,"2022面積_ha":61.83,"2023面積_ha":61.83}},{"type":"Feature","geometry":{"type":"Polygon","coordinates":[[[121.60304429812415,24.738967668926698],[121.6030878521871,24.74799585935428],[121.61297409684667,24.747955749825007],[121.61292982892262,24.738927575955852],[121.60304429812415,24.738967668926698]]]},"properties":{"grid_id":"G048_029","綠地類型":"河川沿岸自然地表","中心經度":121.608009,"中心緯度":24.743462,"分析面積_km2":1.04,"2020面積_ha":57.6,"2024面積_ha":57.6,"面積減少率_pct":0.0,"2020斑塊數":1,"2024斑塊數":1,"斑塊數增加率_pct":0.0,"2020平均斑塊面積_ha":2507.22,"2024平均斑塊面積_ha":2503.44,"平均斑塊面積下降率_pct":0.15,"道路切割密度_km_per_km2":2.047,"建成區邊界切割密度_km_per_km2":0.0,"孤立小斑塊比例_pct":0.0,"距大型連續綠地平均距離_m":0.0,"score_面積減少":36.206896551724135,"score_斑塊增加":44.260435571687836,"score_平均斑塊縮小":60.04990925589837,"score_道路建成區切割":46.67649727767696,"score_孤立比例":40.58529945553539,"score_距大型綠地":38.40744101633394,"綜合破碎化分數":44.4,"破碎化等級":"中","判定原因":"面積減少0.0%；斑塊增加0.0%；平均斑塊縮小0.1%；道路密度2.05 km/km²；孤立比例0.0%；距大型綠地0m","2021面積_ha":57.6,"2022面積_ha":57.6,"2023面積_ha":57.6}},{"type":"Feature","geometry":{"type":"Polygon","coordinates":[[[121.61292982892262,24.738927575955852],[121.61297409684667,24.747955749825007],[121.62286031997365,24.747914988224785],[121.62281533819538,24.738886831183244],[121.61292982892262,24.738927575955852]]]},"properties":{"grid_id":"G048_030","綠地類型":"河川沿岸自然地表","中心經度":121.617895,"中心緯度":24.743421,"分析面積_km2":1.04,"2020面積_ha":31.5,"2024面積_ha":31.5,"面積減少率_pct":0.0,"2020斑塊數":1,"2024斑塊數":1,"斑塊數增加率_pct":0.0,"2020平均斑塊面積_ha":2507.22,"2024平均斑塊面積_ha":2503.44,"平均斑塊面積下降率_pct":0.15,"道路切割密度_km_per_km2":0.058,"建成區邊界切割密度_km_per_km2":0.0,"孤立小斑塊比例_pct":0.0,"距大型連續綠地平均距離_m":0.0,"score_面積減少":36.206896551724135,"score_斑塊增加":44.260435571687836,"score_平均斑塊縮小":60.04990925589837,"score_道路建成區切割":34.11978221415608,"score_孤立比例":40.58529945553539,"score_距大型綠地":38.40744101633394,"綜合破碎化分數":42.3,"破碎化等級":"中","判定原因":"面積減少0.0%；斑塊增加0.0%；平均斑塊縮小0.1%；道路密度0.06 km/km²；孤立比例0.0%；距大型綠地0m","2021面積_ha":31.5,"2022面積_ha":31.5,"2023面積_ha":31.5}},{"type":"Feature","geometry":{"type":"Polygon","coordinates":[[[121.62281533819538,24.738886831183244],[121.62286031997365,24.747914988224785],[121.6327465212209,24.747873574559243],[121.63270082559526,24.738845434614486],[121.62281533819538,24.738886831183244]]]},"properties":{"grid_id":"G048_031","綠地類型":"河川沿岸自然地表","中心經度":121.627781,"中心緯度":24.74338,"分析面積_km2":1.04,"2020面積_ha":41.58,"2024面積_ha":41.58,"面積減少率_pct":0.0,"2020斑塊數":1,"2024斑塊數":1,"斑塊數增加率_pct":0.0,"2020平均斑塊面積_ha":2507.22,"2024平均斑塊面積_ha":2503.44,"平均斑塊面積下降率_pct":0.15,"道路切割密度_km_per_km2":0.0,"建成區邊界切割密度_km_per_km2":0.0,"孤立小斑塊比例_pct":0.0,"距大型連續綠地平均距離_m":0.0,"score_面積減少":36.206896551724135,"score_斑塊增加":44.260435571687836,"score_平均斑塊縮小":60.04990925589837,"score_道路建成區切割":25.941470054446462,"score_孤立比例":40.58529945553539,"score_距大型綠地":38.40744101633394,"綜合破碎化分數":40.9,"破碎化等級":"中","判定原因":"面積減少0.0%；斑塊增加0.0%；平均斑塊縮小0.1%；道路密度0.00 km/km²；孤立比例0.0%；距大型綠地0m","2021面積_ha":41.58,"2022面積_ha":41.58,"2023面積_ha":41.58}},{"type":"Feature","geometry":{"type":"Polygon","coordinates":[[[121.63270082559526,24.738845434614486],[121.6327465212209,24.747873574559243],[121.64263270024111,24.747831508834107],[121.64258629077523,24.73880338625533],[121.63270082559526,24.738845434614486]]]},"properties":{"grid_id":"G048_032","綠地類型":"河川沿岸自然地表","中心經度":121.637667,"中心緯度":24.743339,"分析面積_km2":1.04,"2020面積_ha":5.85,"2024面積_ha":5.85,"面積減少率_pct":0.0,"2020斑塊數":1,"2024斑塊數":1,"斑塊數增加率_pct":0.0,"2020平均斑塊面積_ha":2507.22,"2024平均斑塊面積_ha":2503.44,"平均斑塊面積下降率_pct":0.15,"道路切割密度_km_per_km2":0.433,"建成區邊界切割密度_km_per_km2":0.0,"孤立小斑塊比例_pct":0.0,"距大型連續綠地平均距離_m":0.0,"score_面積減少":36.206896551724135,"score_斑塊增加":44.260435571687836,"score_平均斑塊縮小":60.04990925589837,"score_道路建成區切割":36.37704174228675,"score_孤立比例":40.58529945553539,"score_距大型綠地":38.40744101633394,"綜合破碎化分數":42.6,"破碎化等級":"中","判定原因":"面積減少0.0%；斑塊增加0.0%；平均斑塊縮小0.1%；道路密度0.43 km/km²；孤立比例0.0%；距大型綠地0m","2021面積_ha":5.85,"2022面積_ha":5.85,"2023面積_ha":5.85}},{"type":"Feature","geometry":{"type":"Polygon","coordinates":[[[121.66235715308699,24.738717334189122],[121.66240499021187,24.74774542122844],[121.67229110046799,24.74770139935981],[121.67224254952465,24.73867333049398],[121.66235715308699,24.738717334189122]]]},"properties":{"grid_id":"G048_035","綠地類型":"河川沿岸自然地表","中心經度":121.667324,"中心緯度":24.743209,"分析面積_km2":1.04,"2020面積_ha":0.81,"2024面積_ha":0.81,"面積減少率_pct":0.0,"2020斑塊數":1,"2024斑塊數":1,"斑塊數增加率_pct":0.0,"2020平均斑塊面積_ha":2507.22,"2024平均斑塊面積_ha":2503.44,"平均斑塊面積下降率_pct":0.15,"道路切割密度_km_per_km2":0.606,"建成區邊界切割密度_km_per_km2":0.0,"孤立小斑塊比例_pct":0.0,"距大型連續綠地平均距離_m":0.0,"score_面積減少":36.206896551724135,"score_斑塊增加":44.260435571687836,"score_平均斑塊縮小":60.04990925589837,"score_道路建成區切割":37.35254083484573,"score_孤立比例":40.58529945553539,"score_距大型綠地":38.40744101633394,"綜合破碎化分數":42.8,"破碎化等級":"中","判定原因":"面積減少0.0%；斑塊增加0.0%；平均斑塊縮小0.1%；道路密度0.61 km/km²；孤立比例0.0%；距大型綠地0m","2021面積_ha":0.63,"2022面積_ha":0.63,"2023面積_ha":0.72}},{"type":"Feature","geometry":{"type":"Polygon","coordinates":[[[121.59324444737544,24.75706351257975],[121.5932116732207,24.75016040062806],[121.5929836,24.750174499999996],[121.5925024,24.7502564],[121.592086,24.7503812],[121.59157750000001,24.7506148],[121.5909956,24.750838099999996],[121.5906704,24.7510062],[121.59052140000001,24.751121999999995],[121.5903529,24.751285900000003],[121.59024810000001,24.751447799999994],[121.59003840000001,24.75190479999999],[121.5899465,24.7522286],[121.5898787,24.753029499999993],[121.58975550000001,24.753593799999997],[121.58926490000002,24.754776],[121.58905559999998,24.755079],[121.58904319999999,24.7551492],[121.58940672534362,24.757078658901808],[121.59324444737544,24.75706351257975]]]},"properties":{"grid_id":"G049_027","綠地類型":"河川沿岸自然地表","中心經度":121.59137,"中心緯度":24.754178,"分析面積_km2":0.276,"2020面積_ha":19.08,"2024面積_ha":19.08,"面積減少率_pct":0.0,"2020斑塊數":1,"2024斑塊數":1,"斑塊數增加率_pct":0.0,"2020平均斑塊面積_ha":2507.22,"2024平均斑塊面積_ha":2503.44,"平均斑塊面積下降率_pct":0.15,"道路切割密度_km_per_km2":1.737,"建成區邊界切割密度_km_per_km2":0.0,"孤立小斑塊比例_pct":0.0,"距大型連續綠地平均距離_m":0.0,"score_面積減少":36.206896551724135,"score_斑塊增加":44.260435571687836,"score_平均斑塊縮小":60.04990925589837,"score_道路建成區切割":44.73684210526316,"score_孤立比例":40.58529945553539,"score_距大型綠地":38.40744101633394,"綜合破碎化分數":44.0,"破碎化等級":"中","判定原因":"面積減少0.0%；斑塊增加0.0%；平均斑塊縮小0.1%；道路密度1.74 km/km²；孤立比例0.0%；距大型綠地0m","2021面積_ha":19.08,"2022面積_ha":19.08,"2023面積_ha":19.08}},{"type":"Feature","geometry":{"type":"Polygon","coordinates":[[[121.59324444737544,24.75706351257975],[121.60313142743541,24.757024038835446],[121.6030878521871,24.74799585935428],[121.59598702514793,24.748024265723856],[121.5961564,24.748204099999995],[121.5961539,24.748344699999997],[121.59604940000001,24.748417299999993],[121.5955521,24.74853179999999],[121.59535870000002,24.7486461],[121.59525349999998,24.748802699999995],[121.5948044,24.7499298],[121.5946613,24.750158599999992],[121.5945912,24.7502223],[121.5944684,24.750246200000003],[121.593757,24.750156399999998],[121.59324080000002,24.7501586],[121.5932116732207,24.75016040062806],[121.59324444737544,24.75706351257975]]]},"properties":{"grid_id":"G049_028","綠地類型":"河川沿岸自然地表","中心經度":121.598172,"中心緯度":24.753638,"分析面積_km2":0.981,"2020面積_ha":73.35,"2024面積_ha":73.35,"面積減少率_pct":0.0,"2020斑塊數":1,"2024斑塊數":1,"斑塊數增加率_pct":0.0,"2020平均斑塊面積_ha":2507.22,"2024平均斑塊面積_ha":2503.44,"平均斑塊面積下降率_pct":0.15,"道路切割密度_km_per_km2":2.141,"建成區邊界切割密度_km_per_km2":0.0,"孤立小斑塊比例_pct":0.0,"距大型連續綠地平均距離_m":0.0,"score_面積減少":36.206896551724135,"score_斑塊增加":44.260435571687836,"score_平均斑塊縮小":60.04990925589837,"score_道路建成區切割":47.186932849364794,"score_孤立比例":40.58529945553539,"score_距大型綠地":38.40744101633394,"綜合破碎化分數":44.4,"破碎化等級":"中","判定原因":"面積減少0.0%；斑塊增加0.0%；平均斑塊縮小0.1%；道路密度2.14 km/km²；孤立比例0.0%；距大型綠地0m","2021面積_ha":73.35,"2022面積_ha":73.35,"2023面積_ha":73.35}},{"type":"Feature","geometry":{"type":"Polygon","coordinates":[[[121.6030878521871,24.74799585935428],[121.60313142743541,24.757024038835446],[121.61301838630327,24.756983912745426],[121.61297409684667,24.747955749825007],[121.6030878521871,24.74799585935428]]]},"properties":{"grid_id":"G049_029","綠地類型":"河川沿岸自然地表","中心經度":121.608053,"中心緯度":24.75249,"分析面積_km2":1.04,"2020面積_ha":67.86,"2024面積_ha":67.86,"面積減少率_pct":0.0,"2020斑塊數":1,"2024斑塊數":1,"斑塊數增加率_pct":0.0,"2020平均斑塊面積_ha":2507.22,"2024平均斑塊面積_ha":2503.44,"平均斑塊面積下降率_pct":0.15,"道路切割密度_km_per_km2":2.595,"建成區邊界切割密度_km_per_km2":0.0,"孤立小斑塊比例_pct":0.0,"距大型連續綠地平均距離_m":0.0,"score_面積減少":36.206896551724135,"score_斑塊增加":44.260435571687836,"score_平均斑塊縮小":60.04990925589837,"score_道路建成區切割":49.330762250453716,"score_孤立比例":40.58529945553539,"score_距大型綠地":38.40744101633394,"綜合破碎化分數":44.8,"破碎化等級":"中","判定原因":"面積減少0.0%；斑塊增加0.0%；平均斑塊縮小0.1%；道路密度2.60 km/km²；孤立比例0.0%；距大型綠地0m","2021面積_ha":67.86,"2022面積_ha":67.86,"2023面積_ha":67.86}},{"type":"Feature","geometry":{"type":"Polygon","coordinates":[[[121.61297409684667,24.747955749825007],[121.61301838630327,24.756983912745426],[121.62290532363174,24.756943134315225],[121.62286031997365,24.747914988224785],[121.61297409684667,24.747955749825007]]]},"properties":{"grid_id":"G049_030","綠地類型":"河川沿岸自然地表","中心經度":121.61794,"中心緯度":24.75245,"分析面積_km2":1.04,"2020面積_ha":60.93,"2024面積_ha":60.93,"面積減少率_pct":0.0,"2020斑塊數":1,"2024斑塊數":1,"斑塊數增加率_pct":0.0,"2020平均斑塊面積_ha":2507.22,"2024平均斑塊面積_ha":2503.44,"平均斑塊面積下降率_pct":0.15,"道路切割密度_km_per_km2":3.95,"建成區邊界切割密度_km_per_km2":0.0,"孤立小斑塊比例_pct":0.0,"距大型連續綠地平均距離_m":0.0,"score_面積減少":36.206896551724135,"score_斑塊增加":44.260435571687836,"score_平均斑塊縮小":60.04990925589837,"score_道路建成區切割":53.91333938294011,"score_孤立比例":40.58529945553539,"score_距大型綠地":38.40744101633394,"綜合破碎化分數":45.6,"破碎化等級":"中","判定原因":"面積減少0.0%；斑塊增加0.0%；平均斑塊縮小0.1%；道路密度3.95 km/km²；孤立比例0.0%；距大型綠地0m","2021面積_ha":60.93,"2022面積_ha":60.93,"2023面積_ha":60.93}},{"type":"Feature","geometry":{"type":"Polygon","coordinates":[[[121.65251885668718,24.74778879105521],[121.65256600290755,24.756816885040433],[121.66245285060528,24.756773497306828],[121.66240499021187,24.74774542122844],[121.65251885668718,24.74778879105521]]]},"properties":{"grid_id":"G049_034","綠地類型":"河川沿岸自然地表","中心經度":121.657486,"中心緯度":24.752281,"分析面積_km2":1.04,"2020面積_ha":40.05,"2024面積_ha":40.05,"面積減少率_pct":0.0,"2020斑塊數":1,"2024斑塊數":1,"斑塊數增加率_pct":0.0,"2020平均斑塊面積_ha":2507.22,"2024平均斑塊面積_ha":2503.44,"平均斑塊面積下降率_pct":0.15,"道路切割密度_km_per_km2":2.537,"建成區邊界切割密度_km_per_km2":0.0,"孤立小斑塊比例_pct":0.0,"距大型連續綠地平均距離_m":0.0,"score_面積減少":36.206896551724135,"score_斑塊增加":44.260435571687836,"score_平均斑塊縮小":60.04990925589837,"score_道路建成區切割":48.95644283121597,"score_孤立比例":40.58529945553539,"score_距大型綠地":38.40744101633394,"綜合破碎化分數":44.7,"破碎化等級":"中","判定原因":"面積減少0.0%；斑塊增加0.0%；平均斑塊縮小0.1%；道路密度2.54 km/km²；孤立比例0.0%；距大型綠地0m","2021面積_ha":40.05,"2022面積_ha":40.05,"2023面積_ha":40.05}},{"type":"Feature","geometry":{"type":"Polygon","coordinates":[[[121.59324444737544,24.75706351257975],[121.58940672534362,24.757078658901808],[121.5894154,24.7571247],[121.58957249999999,24.757383699999995],[121.5898103,24.757656],[121.59026279999999,24.758018100000005],[121.59060999999998,24.7583972],[121.59086550000002,24.7587766],[121.59087870000002,24.758926399999993],[121.5908084,24.759504499999995],[121.5907242,24.759812699999998],[121.5905811,24.760086299999998],[121.59050670000002,24.760371599999996],[121.5905249,24.760654300000002],[121.59072840000002,24.761176599999995],[121.5910674,24.761675499999992],[121.5920881,24.762818799999998],[121.59276130000002,24.763897399999998],[121.59328001412344,24.764551909450034],[121.59324444737544,24.75706351257975]]]},"properties":{"grid_id":"G050_027","綠地類型":"河川沿岸自然地表","中心經度":121.591945,"中心緯度":24.76091,"分析面積_km2":0.193,"2020面積_ha":17.28,"2024面積_ha":17.28,"面積減少率_pct":0.0,"2020斑塊數":1,"2024斑塊數":1,"斑塊數增加率_pct":0.0,"2020平均斑塊面積_ha":2507.22,"2024平均斑塊面積_ha":2503.44,"平均斑塊面積下降率_pct":0.15,"道路切割密度_km_per_km2":4.206,"建成區邊界切割密度_km_per_km2":0.0,"孤立小斑塊比例_pct":0.0,"距大型連續綠地平均距離_m":0.0,"score_面積減少":36.206896551724135,"score_斑塊增加":44.260435571687836,"score_平均斑塊縮小":60.04990925589837,"score_道路建成區切割":54.44646098003629,"score_孤立比例":40.58529945553539,"score_距大型綠地":38.40744101633394,"綜合破碎化分數":45.7,"破碎化等級":"中","判定原因":"面積減少0.0%；斑塊增加0.0%；平均斑塊縮小0.1%；道路密度4.21 km/km²；孤立比例0.0%；距大型綠地0m","2021面積_ha":17.28,"2022面積_ha":17.28,"2023面積_ha":17.28}},{"type":"Feature","geometry":{"type":"Polygon","coordinates":[[[121.60317502387582,24.766052207367242],[121.60313142743541,24.757024038835446],[121.59324444737544,24.75706351257975],[121.59328001412344,24.764551909450034],[121.5934993,24.764828600000005],[121.5942943,24.765550499999996],[121.59466290000002,24.765793399999996],[121.595061,24.766055799999997],[121.59511254185146,24.766084456889384],[121.60317502387582,24.766052207367242]]]},"properties":{"grid_id":"G050_028","綠地類型":"河川沿岸自然地表","中心經度":121.598206,"中心緯度":24.760788,"分析面積_km2":1.021,"2020面積_ha":50.4,"2024面積_ha":50.4,"面積減少率_pct":0.0,"2020斑塊數":1,"2024斑塊數":1,"斑塊數增加率_pct":0.0,"2020平均斑塊面積_ha":2507.22,"2024平均斑塊面積_ha":2503.44,"平均斑塊面積下降率_pct":0.15,"道路切割密度_km_per_km2":2.146,"建成區邊界切割密度_km_per_km2":0.0,"孤立小斑塊比例_pct":0.0,"距大型連續綠地平均距離_m":0.0,"score_面積減少":36.206896551724135,"score_斑塊增加":44.260435571687836,"score_平均斑塊縮小":60.04990925589837,"score_道路建成區切割":47.23230490018149,"score_孤立比例":40.58529945553539,"score_距大型綠地":38.40744101633394,"綜合破碎化分數":44.5,"破碎化等級":"中","判定原因":"面積減少0.0%；斑塊增加0.0%；平均斑塊縮小0.1%；道路密度2.15 km/km²；孤立比例0.0%；距大型綠地0m","2021面積_ha":50.4,"2022面積_ha":50.4,"2023面積_ha":50.4}},{"type":"Feature","geometry":{"type":"Polygon","coordinates":[[[121.60313142743541,24.757024038835446],[121.60317502387582,24.766052207367242],[121.6130626972993,24.76601206471414],[121.61301838630327,24.756983912745426],[121.60313142743541,24.757024038835446]]]},"properties":{"grid_id":"G050_029","綠地類型":"河川沿岸自然地表","中心經度":121.608097,"中心緯度":24.761518,"分析面積_km2":1.04,"2020面積_ha":39.51,"2024面積_ha":39.51,"面積減少率_pct":0.0,"2020斑塊數":1,"2024斑塊數":1,"斑塊數增加率_pct":0.0,"2020平均斑塊面積_ha":2507.22,"2024平均斑塊面積_ha":2503.44,"平均斑塊面積下降率_pct":0.15,"道路切割密度_km_per_km2":4.268,"建成區邊界切割密度_km_per_km2":0.0,"孤立小斑塊比例_pct":0.0,"距大型連續綠地平均距離_m":0.0,"score_面積減少":36.206896551724135,"score_斑塊增加":44.260435571687836,"score_平均斑塊縮小":60.04990925589837,"score_道路建成區切割":54.54854809437387,"score_孤立比例":40.58529945553539,"score_距大型綠地":38.40744101633394,"綜合破碎化分數":45.7,"破碎化等級":"中","判定原因":"面積減少0.0%；斑塊增加0.0%；平均斑塊縮小0.1%；道路密度4.27 km/km²；孤立比例0.0%；距大型綠地0m","2021面積_ha":39.51,"2022面積_ha":39.51,"2023面積_ha":39.51}},{"type":"Feature","geometry":{"type":"Polygon","coordinates":[[[121.61301838630327,24.756983912745426],[121.6130626972993,24.76601206471414],[121.62295034917653,24.765971269451605],[121.62290532363174,24.756943134315225],[121.61301838630327,24.756983912745426]]]},"properties":{"grid_id":"G050_030","綠地類型":"河川沿岸自然地表","中心經度":121.617984,"中心緯度":24.761478,"分析面積_km2":1.04,"2020面積_ha":44.64,"2024面積_ha":44.64,"面積減少率_pct":0.0,"2020斑塊數":1,"2024斑塊數":1,"斑塊數增加率_pct":0.0,"2020平均斑塊面積_ha":2507.22,"2024平均斑塊面積_ha":2503.44,"平均斑塊面積下降率_pct":0.15,"道路切割密度_km_per_km2":2.826,"建成區邊界切割密度_km_per_km2":0.0,"孤立小斑塊比例_pct":0.0,"距大型連續綠地平均距離_m":0.0,"score_面積減少":36.206896551724135,"score_斑塊增加":44.260435571687836,"score_平均斑塊縮小":60.04990925589837,"score_道路建成區切割":50.21551724137931,"score_孤立比例":40.58529945553539,"score_距大型綠地":38.40744101633394,"綜合破碎化分數":45.0,"破碎化等級":"中","判定原因":"面積減少0.0%；斑塊增加0.0%；平均斑塊縮小0.1%；道路密度2.83 km/km²；孤立比例0.0%；距大型綠地0m","2021面積_ha":44.64,"2022面積_ha":44.64,"2023面積_ha":44.64}},{"type":"Feature","geometry":{"type":"Polygon","coordinates":[[[121.62290532363174,24.756943134315225],[121.62295034917653,24.765971269451605],[121.6328379791601,24.765929821585274],[121.63279223907348,24.756901703550493],[121.62290532363174,24.756943134315225]]]},"properties":{"grid_id":"G050_031","綠地類型":"河川沿岸自然地表","中心經度":121.627871,"中心緯度":24.761437,"分析面積_km2":1.04,"2020面積_ha":45.54,"2024面積_ha":45.54,"面積減少率_pct":0.0,"2020斑塊數":1,"2024斑塊數":1,"斑塊數增加率_pct":0.0,"2020平均斑塊面積_ha":2507.22,"2024平均斑塊面積_ha":2503.44,"平均斑塊面積下降率_pct":0.15,"道路切割密度_km_per_km2":0.779,"建成區邊界切割密度_km_per_km2":0.0,"孤立小斑塊比例_pct":0.0,"距大型連續綠地平均距離_m":0.0,"score_面積減少":36.206896551724135,"score_斑塊增加":44.260435571687836,"score_平均斑塊縮小":60.04990925589837,"score_道路建成區切割":38.39609800362976,"score_孤立比例":40.58529945553539,"score_距大型綠地":38.40744101633394,"綜合破碎化分數":43.0,"破碎化等級":"中","判定原因":"面積減少0.0%；斑塊增加0.0%；平均斑塊縮小0.1%；道路密度0.78 km/km²；孤立比例0.0%；距大型綠地0m","2021面積_ha":45.54,"2022面積_ha":45.54,"2023面積_ha":45.54}},{"type":"Feature","geometry":{"type":"Polygon","coordinates":[[[121.63279223907348,24.756901703550493],[121.6328379791601,24.765929821585274],[121.64272558690259,24.76588772112089],[121.64267913228117,24.756859620456954],[121.63279223907348,24.756901703550493]]]},"properties":{"grid_id":"G050_032","綠地類型":"河川沿岸自然地表","中心經度":121.637759,"中心緯度":24.761395,"分析面積_km2":1.04,"2020面積_ha":42.03,"2024面積_ha":42.03,"面積減少率_pct":0.0,"2020斑塊數":1,"2024斑塊數":1,"斑塊數增加率_pct":0.0,"2020平均斑塊面積_ha":2507.22,"2024平均斑塊面積_ha":2503.44,"平均斑塊面積下降率_pct":0.15,"道路切割密度_km_per_km2":0.0,"建成區邊界切割密度_km_per_km2":0.0,"孤立小斑塊比例_pct":0.0,"距大型連續綠地平均距離_m":0.0,"score_面積減少":36.206896551724135,"score_斑塊增加":44.260435571687836,"score_平均斑塊縮小":60.04990925589837,"score_道路建成區切割":25.941470054446462,"score_孤立比例":40.58529945553539,"score_距大型綠地":38.40744101633394,"綜合破碎化分數":40.9,"破碎化等級":"中","判定原因":"面積減少0.0%；斑塊增加0.0%；平均斑塊縮小0.1%；道路密度0.00 km/km²；孤立比例0.0%；距大型綠地0m","2021面積_ha":42.03,"2022面積_ha":42.03,"2023面積_ha":42.03}},{"type":"Feature","geometry":{"type":"Polygon","coordinates":[[[121.64267913228117,24.756859620456954],[121.64272558690259,24.76588772112089],[121.65261317205658,24.765844968064272],[121.65256600290755,24.756816885040433],[121.64267913228117,24.756859620456954]]]},"properties":{"grid_id":"G050_033","綠地類型":"河川沿岸自然地表","中心經度":121.647646,"中心緯度":24.761352,"分析面積_km2":1.04,"2020面積_ha":57.78,"2024面積_ha":57.78,"面積減少率_pct":0.0,"2020斑塊數":1,"2024斑塊數":1,"斑塊數增加率_pct":0.0,"2020平均斑塊面積_ha":2507.22,"2024平均斑塊面積_ha":2503.44,"平均斑塊面積下降率_pct":0.15,"道路切割密度_km_per_km2":0.0,"建成區邊界切割密度_km_per_km2":0.0,"孤立小斑塊比例_pct":0.0,"距大型連續綠地平均距離_m":0.0,"score_面積減少":36.206896551724135,"score_斑塊增加":44.260435571687836,"score_平均斑塊縮小":60.04990925589837,"score_道路建成區切割":25.941470054446462,"score_孤立比例":40.58529945553539,"score_距大型綠地":38.40744101633394,"綜合破碎化分數":40.9,"破碎化等級":"中","判定原因":"面積減少0.0%；斑塊增加0.0%；平均斑塊縮小0.1%；道路密度0.00 km/km²；孤立比例0.0%；距大型綠地0m","2021面積_ha":57.78,"2022面積_ha":57.78,"2023面積_ha":57.78}},{"type":"Feature","geometry":{"type":"Polygon","coordinates":[[[121.65256600290755,24.756816885040433],[121.65261317205658,24.765844968064272],[121.66250073427463,24.76580156242132],[121.66245285060528,24.756773497306828],[121.65256600290755,24.756816885040433]]]},"properties":{"grid_id":"G050_034","綠地類型":"河川沿岸自然地表","中心經度":121.657533,"中心緯度":24.761309,"分析面積_km2":1.04,"2020面積_ha":53.19,"2024面積_ha":53.19,"面積減少率_pct":0.0,"2020斑塊數":1,"2024斑塊數":1,"斑塊數增加率_pct":0.0,"2020平均斑塊面積_ha":2507.22,"2024平均斑塊面積_ha":2503.44,"平均斑塊面積下降率_pct":0.15,"道路切割密度_km_per_km2":0.0,"建成區邊界切割密度_km_per_km2":0.0,"孤立小斑塊比例_pct":0.0,"距大型連續綠地平均距離_m":0.0,"score_面積減少":36.206896551724135,"score_斑塊增加":44.260435571687836,"score_平均斑塊縮小":60.04990925589837,"score_道路建成區切割":25.941470054446462,"score_孤立比例":40.58529945553539,"score_距大型綠地":38.40744101633394,"綜合破碎化分數":40.9,"破碎化等級":"中","判定原因":"面積減少0.0%；斑塊增加0.0%；平均斑塊縮小0.1%；道路密度0.00 km/km²；孤立比例0.0%；距大型綠地0m","2021面積_ha":53.19,"2022面積_ha":53.19,"2023面積_ha":53.19}},{"type":"Feature","geometry":{"type":"Polygon","coordinates":[[[121.66245285060528,24.756773497306828],[121.66250073427463,24.76580156242132],[121.67238827320938,24.765757504198067],[121.67233967502706,24.75672945726216],[121.66245285060528,24.756773497306828]]]},"properties":{"grid_id":"G050_035","綠地類型":"河川沿岸自然地表","中心經度":121.66742,"中心緯度":24.761266,"分析面積_km2":1.04,"2020面積_ha":8.01,"2024面積_ha":8.01,"面積減少率_pct":0.0,"2020斑塊數":1,"2024斑塊數":1,"斑塊數增加率_pct":0.0,"2020平均斑塊面積_ha":2507.22,"2024平均斑塊面積_ha":2503.44,"平均斑塊面積下降率_pct":0.15,"道路切割密度_km_per_km2":0.0,"建成區邊界切割密度_km_per_km2":0.0,"孤立小斑塊比例_pct":0.0,"距大型連續綠地平均距離_m":0.0,"score_面積減少":36.206896551724135,"score_斑塊增加":44.260435571687836,"score_平均斑塊縮小":60.04990925589837,"score_道路建成區切割":25.941470054446462,"score_孤立比例":40.58529945553539,"score_距大型綠地":38.40744101633394,"綜合破碎化分數":40.9,"破碎化等級":"中","判定原因":"面積減少0.0%；斑塊增加0.0%；平均斑塊縮小0.1%；道路密度0.00 km/km²；孤立比例0.0%；距大型綠地0m","2021面積_ha":8.01,"2022面積_ha":8.01,"2023面積_ha":8.01}},{"type":"Feature","geometry":{"type":"Polygon","coordinates":[[[121.81075257848448,24.756044407549247],[121.81081117901091,24.76507217171597],[121.81848058728148,24.76503046032242],[121.81871,24.764096399999996],[121.8187,24.7613199],[121.8190001,24.75926],[121.81906920000002,24.75850959999999],[121.81919289999999,24.757945399999997],[121.81930000000001,24.757209899999996],[121.81947670000001,24.7561409],[121.81949462492135,24.75599684730269],[121.81075257848448,24.756044407549247]]]},"properties":{"grid_id":"G050_050","綠地類型":"河川沿岸自然地表","中心經度":121.814815,"中心緯度":24.760312,"分析面積_km2":0.856,"2020面積_ha":23.85,"2024面積_ha":24.21,"面積減少率_pct":0.0,"2020斑塊數":2,"2024斑塊數":1,"斑塊數增加率_pct":0.0,"2020平均斑塊面積_ha":229.23,"2024平均斑塊面積_ha":241.29,"平均斑塊面積下降率_pct":0.0,"道路切割密度_km_per_km2":10.095,"建成區邊界切割密度_km_per_km2":1.122,"孤立小斑塊比例_pct":0.0,"距大型連續綠地平均距離_m":0.0,"score_面積減少":36.206896551724135,"score_斑塊增加":44.260435571687836,"score_平均斑塊縮小":28.153357531760438,"score_道路建成區切割":88.56624319419238,"score_孤立比例":40.58529945553539,"score_距大型綠地":38.40744101633394,"綜合破碎化分數":46.0,"破碎化等級":"中","判定原因":"面積減少0.0%；斑塊增加0.0%；平均斑塊縮小0.0%；道路密度10.10 km/km²；孤立比例0.0%；距大型綠地0m","2021面積_ha":24.3,"2022面積_ha":23.85,"2023面積_ha":23.04}},{"type":"Feature","geometry":{"type":"Polygon","coordinates":[[[121.60321864151503,24.77508036494671],[121.60317502387582,24.766052207367242],[121.59511254185146,24.766084456889384],[121.5959871,24.766570699999995],[121.59620629999999,24.766759699999994],[121.596294,24.766892399999993],[121.596349,24.7670504],[121.59631109999998,24.767296799999997],[121.5961152,24.767873100000003],[121.59564649999999,24.76886929999999],[121.5956143,24.769081299999996],[121.59565150000002,24.769329],[121.5957714,24.769608299999998],[121.5974965,24.7718185],[121.5975953,24.771993800000004],[121.59764489999999,24.772226500000002],[121.5976201,24.772579299999997],[121.59640070000002,24.774780499999995],[121.59623032891098,24.775108352436575],[121.60321864151503,24.77508036494671]]]},"properties":{"grid_id":"G051_028","綠地類型":"河川沿岸自然地表","中心經度":121.599916,"中心緯度":24.7707,"分析面積_km2":0.7,"2020面積_ha":35.82,"2024面積_ha":35.82,"面積減少率_pct":0.0,"2020斑塊數":1,"2024斑塊數":1,"斑塊數增加率_pct":0.0,"2020平均斑塊面積_ha":2507.22,"2024平均斑塊面積_ha":2503.44,"平均斑塊面積下降率_pct":0.15,"道路切割密度_km_per_km2":1.628,"建成區邊界切割密度_km_per_km2":0.0,"孤立小斑塊比例_pct":0.0,"距大型連續綠地平均距離_m":0.0,"score_面積減少":36.206896551724135,"score_斑塊增加":44.260435571687836,"score_平均斑塊縮小":60.04990925589837,"score_道路建成區切割":43.71597096188748,"score_孤立比例":40.58529945553539,"score_距大型綠地":38.40744101633394,"綜合破碎化分數":43.9,"破碎化等級":"中","判定原因":"面積減少0.0%；斑塊增加0.0%；平均斑塊縮小0.1%；道路密度1.63 km/km²；孤立比例0.0%；距大型綠地0m","2021面積_ha":35.82,"2022面積_ha":35.82,"2023面積_ha":35.82}},{"type":"Feature","geometry":{"type":"Polygon","coordinates":[[[121.60317502387582,24.766052207367242],[121.60321864151503,24.77508036494671],[121.61310702984156,24.775040205728203],[121.6130626972993,24.76601206471414],[121.60317502387582,24.766052207367242]]]},"properties":{"grid_id":"G051_029","綠地類型":"河川沿岸自然地表","中心經度":121.608141,"中心緯度":24.770546,"分析面積_km2":1.04,"2020面積_ha":47.07,"2024面積_ha":47.07,"面積減少率_pct":0.0,"2020斑塊數":1,"2024斑塊數":1,"斑塊數增加率_pct":0.0,"2020平均斑塊面積_ha":2507.22,"2024平均斑塊面積_ha":2503.44,"平均斑塊面積下降率_pct":0.15,"道路切割密度_km_per_km2":2.047,"建成區邊界切割密度_km_per_km2":0.0,"孤立小斑塊比例_pct":0.0,"距大型連續綠地平均距離_m":0.0,"score_面積減少":36.206896551724135,"score_斑塊增加":44.260435571687836,"score_平均斑塊縮小":60.04990925589837,"score_道路建成區切割":46.67649727767696,"score_孤立比例":40.58529945553539,"score_距大型綠地":38.40744101633394,"綜合破碎化分數":44.4,"破碎化等級":"中","判定原因":"面積減少0.0%；斑塊增加0.0%；平均斑塊縮小0.1%；道路密度2.05 km/km²；孤立比例0.0%；距大型綠地0m","2021面積_ha":47.07,"2022面積_ha":47.07,"2023面積_ha":47.07}},{"type":"Feature","geometry":{"type":"Polygon","coordinates":[[[121.6130626972993,24.76601206471414],[121.61310702984156,24.775040205728203],[121.622995396615,24.774999393630974],[121.62295034917653,24.765971269451605],[121.6130626972993,24.76601206471414]]]},"properties":{"grid_id":"G051_030","綠地類型":"河川沿岸自然地表","中心經度":121.618029,"中心緯度":24.770506,"分析面積_km2":1.04,"2020面積_ha":33.12,"2024面積_ha":33.12,"面積減少率_pct":0.0,"2020斑塊數":1,"2024斑塊數":1,"斑塊數增加率_pct":0.0,"2020平均斑塊面積_ha":2507.22,"2024平均斑塊面積_ha":2503.44,"平均斑塊面積下降率_pct":0.15,"道路切割密度_km_per_km2":1.672,"建成區邊界切割密度_km_per_km2":0.0,"孤立小斑塊比例_pct":0.0,"距大型連續綠地平均距離_m":0.0,"score_面積減少":36.206896551724135,"score_斑塊增加":44.260435571687836,"score_平均斑塊縮小":60.04990925589837,"score_道路建成區切割":44.21506352087114,"score_孤立比例":40.58529945553539,"score_距大型綠地":38.40744101633394,"綜合破碎化分數":44.0,"破碎化等級":"中","判定原因":"面積減少0.0%；斑塊增加0.0%；平均斑塊縮小0.1%；道路密度1.67 km/km²；孤立比例0.0%；距大型綠地0m","2021面積_ha":33.12,"2022面積_ha":33.12,"2023面積_ha":33.12}},{"type":"Feature","geometry":{"type":"Polygon","coordinates":[[[121.62295034917653,24.765971269451605],[121.622995396615,24.774999393630974],[121.63288374148782,24.774957928660644],[121.6328379791601,24.765929821585274],[121.62295034917653,24.765971269451605]]]},"properties":{"grid_id":"G051_031","綠地類型":"河川沿岸自然地表","中心經度":121.627917,"中心緯度":24.770465,"分析面積_km2":1.04,"2020面積_ha":70.29,"2024面積_ha":70.29,"面積減少率_pct":0.0,"2020斑塊數":1,"2024斑塊數":1,"斑塊數增加率_pct":0.0,"2020平均斑塊面積_ha":2507.22,"2024平均斑塊面積_ha":2503.44,"平均斑塊面積下降率_pct":0.15,"道路切割密度_km_per_km2":0.807,"建成區邊界切割密度_km_per_km2":0.0,"孤立小斑塊比例_pct":0.0,"距大型連續綠地平均距離_m":0.0,"score_面積減少":36.206896551724135,"score_斑塊增加":44.260435571687836,"score_平均斑塊縮小":60.04990925589837,"score_道路建成區切割":38.56624319419238,"score_孤立比例":40.58529945553539,"score_距大型綠地":38.40744101633394,"綜合破碎化分數":43.0,"破碎化等級":"中","判定原因":"面積減少0.0%；斑塊增加0.0%；平均斑塊縮小0.1%；道路密度0.81 km/km²；孤立比例0.0%；距大型綠地0m","2021面積_ha":70.29,"2022面積_ha":70.29,"2023面積_ha":70.29}},{"type":"Feature","geometry":{"type":"Polygon","coordinates":[[[121.6328379791601,24.765929821585274],[121.63288374148782,24.774957928660644],[121.6427720641125,24.77491581082297],[121.64272558690259,24.76588772112089],[121.6328379791601,24.765929821585274]]]},"properties":{"grid_id":"G051_032","綠地類型":"河川沿岸自然地表","中心經度":121.637805,"中心緯度":24.770423,"分析面積_km2":1.04,"2020面積_ha":56.88,"2024面積_ha":56.88,"面積減少率_pct":0.0,"2020斑塊數":1,"2024斑塊數":1,"斑塊數增加率_pct":0.0,"2020平均斑塊面積_ha":2507.22,"2024平均斑塊面積_ha":2503.44,"平均斑塊面積下降率_pct":0.15,"道路切割密度_km_per_km2":0.0,"建成區邊界切割密度_km_per_km2":0.0,"孤立小斑塊比例_pct":0.0,"距大型連續綠地平均距離_m":0.0,"score_面積減少":36.206896551724135,"score_斑塊增加":44.260435571687836,"score_平均斑塊縮小":60.04990925589837,"score_道路建成區切割":25.941470054446462,"score_孤立比例":40.58529945553539,"score_距大型綠地":38.40744101633394,"綜合破碎化分數":40.9,"破碎化等級":"中","判定原因":"面積減少0.0%；斑塊增加0.0%；平均斑塊縮小0.1%；道路密度0.00 km/km²；孤立比例0.0%；距大型綠地0m","2021面積_ha":56.88,"2022面積_ha":56.88,"2023面積_ha":56.88}},{"type":"Feature","geometry":{"type":"Polygon","coordinates":[[[121.64272558690259,24.76588772112089],[121.6427720641125,24.77491581082297],[121.65266036414152,24.774873040123776],[121.65261317205658,24.765844968064272],[121.64272558690259,24.76588772112089]]]},"properties":{"grid_id":"G051_033","綠地類型":"河川沿岸自然地表","中心經度":121.647693,"中心緯度":24.77038,"分析面積_km2":1.04,"2020面積_ha":70.38,"2024面積_ha":70.38,"面積減少率_pct":0.0,"2020斑塊數":1,"2024斑塊數":1,"斑塊數增加率_pct":0.0,"2020平均斑塊面積_ha":2507.22,"2024平均斑塊面積_ha":2503.44,"平均斑塊面積下降率_pct":0.15,"道路切割密度_km_per_km2":0.0,"建成區邊界切割密度_km_per_km2":0.0,"孤立小斑塊比例_pct":0.0,"距大型連續綠地平均距離_m":0.0,"score_面積減少":36.206896551724135,"score_斑塊增加":44.260435571687836,"score_平均斑塊縮小":60.04990925589837,"score_道路建成區切割":25.941470054446462,"score_孤立比例":40.58529945553539,"score_距大型綠地":38.40744101633394,"綜合破碎化分數":40.9,"破碎化等級":"中","判定原因":"面積減少0.0%；斑塊增加0.0%；平均斑塊縮小0.1%；道路密度0.00 km/km²；孤立比例0.0%；距大型綠地0m","2021面積_ha":70.38,"2022面積_ha":70.38,"2023面積_ha":70.38}},{"type":"Feature","geometry":{"type":"Polygon","coordinates":[[[121.65261317205658,24.765844968064272],[121.65266036414152,24.774873040123776],[121.66254864122732,24.77482961656897],[121.66250073427463,24.76580156242132],[121.65261317205658,24.765844968064272]]]},"properties":{"grid_id":"G051_034","綠地類型":"河川沿岸自然地表","中心經度":121.657581,"中心緯度":24.770337,"分析面積_km2":1.04,"2020面積_ha":79.65,"2024面積_ha":79.65,"面積減少率_pct":0.0,"2020斑塊數":1,"2024斑塊數":1,"斑塊數增加率_pct":0.0,"2020平均斑塊面積_ha":2507.22,"2024平均斑塊面積_ha":2503.44,"平均斑塊面積下降率_pct":0.15,"道路切割密度_km_per_km2":0.0,"建成區邊界切割密度_km_per_km2":0.0,"孤立小斑塊比例_pct":0.0,"距大型連續綠地平均距離_m":0.0,"score_面積減少":36.206896551724135,"score_斑塊增加":44.260435571687836,"score_平均斑塊縮小":60.04990925589837,"score_道路建成區切割":25.941470054446462,"score_孤立比例":40.58529945553539,"score_距大型綠地":38.40744101633394,"綜合破碎化分數":40.9,"破碎化等級":"中","判定原因":"面積減少0.0%；斑塊增加0.0%；平均斑塊縮小0.1%；道路密度0.00 km/km²；孤立比例0.0%；距大型綠地0m","2021面積_ha":79.65,"2022面積_ha":79.65,"2023面積_ha":79.65}},{"type":"Feature","geometry":{"type":"Polygon","coordinates":[[[121.66250073427463,24.76580156242132],[121.66254864122732,24.77482961656897],[121.67243689502241,24.77478554016456],[121.67238827320938,24.765757504198067],[121.66250073427463,24.76580156242132]]]},"properties":{"grid_id":"G051_035","綠地類型":"河川沿岸自然地表","中心經度":121.667469,"中心緯度":24.770294,"分析面積_km2":1.04,"2020面積_ha":47.34,"2024面積_ha":47.34,"面積減少率_pct":0.0,"2020斑塊數":1,"2024斑塊數":1,"斑塊數增加率_pct":0.0,"2020平均斑塊面積_ha":2507.22,"2024平均斑塊面積_ha":2503.44,"平均斑塊面積下降率_pct":0.15,"道路切割密度_km_per_km2":1.644,"建成區邊界切割密度_km_per_km2":0.0,"孤立小斑塊比例_pct":0.0,"距大型連續綠地平均距離_m":0.0,"score_面積減少":36.206896551724135,"score_斑塊增加":44.260435571687836,"score_平均斑塊縮小":60.04990925589837,"score_道路建成區切割":43.93148820326679,"score_孤立比例":40.58529945553539,"score_距大型綠地":38.40744101633394,"綜合破碎化分數":43.9,"破碎化等級":"中","判定原因":"面積減少0.0%；斑塊增加0.0%；平均斑塊縮小0.1%；道路密度1.64 km/km²；孤立比例0.0%；距大型綠地0m","2021面積_ha":47.34,"2022面積_ha":47.34,"2023面積_ha":47.34}},{"type":"Feature","geometry":{"type":"Polygon","coordinates":[[[121.67238827320938,24.765757504198067],[121.67243689502241,24.77478554016456],[121.68232512517928,24.774740810916654],[121.6822757885134,24.765712793400578],[121.67238827320938,24.765757504198067]]]},"properties":{"grid_id":"G051_036","綠地類型":"河川沿岸自然地表","中心經度":121.677357,"中心緯度":24.770249,"分析面積_km2":1.04,"2020面積_ha":55.98,"2024面積_ha":56.07,"面積減少率_pct":0.0,"2020斑塊數":2,"2024斑塊數":2,"斑塊數增加率_pct":0.0,"2020平均斑塊面積_ha":1278.855,"2024平均斑塊面積_ha":1276.56,"平均斑塊面積下降率_pct":0.18,"道路切割密度_km_per_km2":6.315,"建成區邊界切割密度_km_per_km2":0.0,"孤立小斑塊比例_pct":0.0,"距大型連續綠地平均距離_m":0.0,"score_面積減少":36.206896551724135,"score_斑塊增加":44.260435571687836,"score_平均斑塊縮小":61.56987295825771,"score_道路建成區切割":58.21234119782214,"score_孤立比例":40.58529945553539,"score_距大型綠地":38.40744101633394,"綜合破碎化分數":46.5,"破碎化等級":"中","判定原因":"面積減少0.0%；斑塊增加0.0%；平均斑塊縮小0.2%；道路密度6.32 km/km²；孤立比例0.0%；距大型綠地0m","2021面積_ha":56.07,"2022面積_ha":56.07,"2023面積_ha":56.07}},{"type":"Feature","geometry":{"type":"Polygon","coordinates":[[[121.6822757885134,24.765712793400578],[121.68232512517928,24.774740810916654],[121.69221333135043,24.774695428831436],[121.69216327983929,24.765667430035055],[121.6822757885134,24.765712793400578]]]},"properties":{"grid_id":"G051_037","綠地類型":"河川沿岸自然地表","中心經度":121.687244,"中心緯度":24.770204,"分析面積_km2":1.04,"2020面積_ha":4.41,"2024面積_ha":4.41,"面積減少率_pct":0.0,"2020斑塊數":2,"2024斑塊數":2,"斑塊數增加率_pct":0.0,"2020平均斑塊面積_ha":37.125,"2024平均斑塊面積_ha":36.09,"平均斑塊面積下降率_pct":2.79,"道路切割密度_km_per_km2":3.23,"建成區邊界切割密度_km_per_km2":0.0,"孤立小斑塊比例_pct":0.0,"距大型連續綠地平均距離_m":0.0,"score_面積減少":36.206896551724135,"score_斑塊增加":44.260435571687836,"score_平均斑塊縮小":72.45916515426497,"score_道路建成區切割":51.690108892921955,"score_孤立比例":40.58529945553539,"score_距大型綠地":38.40744101633394,"綜合破碎化分數":47.3,"破碎化等級":"中","判定原因":"面積減少0.0%；斑塊增加0.0%；平均斑塊縮小2.8%；道路密度3.23 km/km²；孤立比例0.0%；距大型綠地0m","2021面積_ha":4.41,"2022面積_ha":4.41,"2023面積_ha":4.41}},{"type":"Feature","geometry":{"type":"Polygon","coordinates":[[[121.59337315557039,24.784148034203533],[121.60326228035979,24.78410851157092],[121.60321864151503,24.77508036494671],[121.59623032891098,24.775108352436575],[121.59578620000002,24.775963],[121.5954956,24.776604899999995],[121.59524650000002,24.777339],[121.59505710000002,24.7780211],[121.5947994,24.778412800000005],[121.5944209,24.778959500000003],[121.59433030000001,24.779368099999992],[121.5944316,24.780020999999998],[121.5944315,24.7805508],[121.59436240000001,24.781067000000004],[121.5941698,24.781380899999995],[121.59395520000001,24.781590800000004],[121.5935599,24.781727100000005],[121.59345239999999,24.781813699999997],[121.59336275215274,24.781960276337166],[121.59337315557039,24.784148034203533]]]},"properties":{"grid_id":"G052_028","綠地類型":"河川沿岸自然地表","中心經度":121.598811,"中心緯度":24.779677,"分析面積_km2":0.908,"2020面積_ha":66.6,"2024面積_ha":66.6,"面積減少率_pct":0.0,"2020斑塊數":1,"2024斑塊數":1,"斑塊數增加率_pct":0.0,"2020平均斑塊面積_ha":2507.22,"2024平均斑塊面積_ha":2503.44,"平均斑塊面積下降率_pct":0.15,"道路切割密度_km_per_km2":0.429,"建成區邊界切割密度_km_per_km2":0.0,"孤立小斑塊比例_pct":0.0,"距大型連續綠地平均距離_m":0.0,"score_面積減少":36.206896551724135,"score_斑塊增加":44.260435571687836,"score_平均斑塊縮小":60.04990925589837,"score_道路建成區切割":36.29764065335753,"score_孤立比例":40.58529945553539,"score_距大型綠地":38.40744101633394,"綜合破碎化分數":42.6,"破碎化等級":"中","判定原因":"面積減少0.0%；斑塊增加0.0%；平均斑塊縮小0.1%；道路密度0.43 km/km²；孤立比例0.0%；距大型綠地0m","2021面積_ha":66.6,"2022面積_ha":66.6,"2023面積_ha":66.6}},{"type":"Feature","geometry":{"type":"Polygon","coordinates":[[[121.60321864151503,24.77508036494671],[121.60326228035979,24.78410851157092],[121.6131513839369,24.78406833578468],[121.61310702984156,24.775040205728203],[121.60321864151503,24.77508036494671]]]},"properties":{"grid_id":"G052_029","綠地類型":"河川沿岸自然地表","中心經度":121.608185,"中心緯度":24.779574,"分析面積_km2":1.04,"2020面積_ha":71.82,"2024面積_ha":71.82,"面積減少率_pct":0.0,"2020斑塊數":1,"2024斑塊數":1,"斑塊數增加率_pct":0.0,"2020平均斑塊面積_ha":2507.22,"2024平均斑塊面積_ha":2503.44,"平均斑塊面積下降率_pct":0.15,"道路切割密度_km_per_km2":1.557,"建成區邊界切割密度_km_per_km2":0.0,"孤立小斑塊比例_pct":0.0,"距大型連續綠地平均距離_m":0.0,"score_面積減少":36.206896551724135,"score_斑塊增加":44.260435571687836,"score_平均斑塊縮小":60.04990925589837,"score_道路建成區切割":43.06941923774955,"score_孤立比例":40.58529945553539,"score_距大型綠地":38.40744101633394,"綜合破碎化分數":43.8,"破碎化等級":"中","判定原因":"面積減少0.0%；斑塊增加0.0%；平均斑塊縮小0.1%；道路密度1.56 km/km²；孤立比例0.0%；距大型綠地0m","2021面積_ha":71.82,"2022面積_ha":71.82,"2023面積_ha":71.82}},{"type":"Feature","geometry":{"type":"Polygon","coordinates":[[[121.61310702984156,24.775040205728203],[121.6131513839369,24.78406833578468],[121.62304046595409,24.78402750685038],[121.622995396615,24.774999393630974],[121.61310702984156,24.775040205728203]]]},"properties":{"grid_id":"G052_030","綠地類型":"河川沿岸自然地表","中心經度":121.618074,"中心緯度":24.779534,"分析面積_km2":1.04,"2020面積_ha":85.23,"2024面積_ha":85.23,"面積減少率_pct":0.0,"2020斑塊數":1,"2024斑塊數":1,"斑塊數增加率_pct":0.0,"2020平均斑塊面積_ha":2507.22,"2024平均斑塊面積_ha":2503.44,"平均斑塊面積下降率_pct":0.15,"道路切割密度_km_per_km2":3.72,"建成區邊界切割密度_km_per_km2":0.0,"孤立小斑塊比例_pct":0.0,"距大型連續綠地平均距離_m":0.0,"score_面積減少":36.206896551724135,"score_斑塊增加":44.260435571687836,"score_平均斑塊縮小":60.04990925589837,"score_道路建成區切割":53.19872958257713,"score_孤立比例":40.58529945553539,"score_距大型綠地":38.40744101633394,"綜合破碎化分數":45.5,"破碎化等級":"中","判定原因":"面積減少0.0%；斑塊增加0.0%；平均斑塊縮小0.1%；道路密度3.72 km/km²；孤立比例0.0%；距大型綠地0m","2021面積_ha":85.23,"2022面積_ha":85.23,"2023面積_ha":85.23}},{"type":"Feature","geometry":{"type":"Polygon","coordinates":[[[121.622995396615,24.774999393630974],[121.62304046595409,24.78402750685038],[121.63292952606369,24.783986024773654],[121.63288374148782,24.774957928660644],[121.622995396615,24.774999393630974]]]},"properties":{"grid_id":"G052_031","綠地類型":"河川沿岸自然地表","中心經度":121.627962,"中心緯度":24.779493,"分析面積_km2":1.04,"2020面積_ha":81.9,"2024面積_ha":81.9,"面積減少率_pct":0.0,"2020斑塊數":1,"2024斑塊數":1,"斑塊數增加率_pct":0.0,"2020平均斑塊面積_ha":2507.22,"2024平均斑塊面積_ha":2503.44,"平均斑塊面積下降率_pct":0.15,"道路切割密度_km_per_km2":0.548,"建成區邊界切割密度_km_per_km2":0.0,"孤立小斑塊比例_pct":0.0,"距大型連續綠地平均距離_m":0.0,"score_面積減少":36.206896551724135,"score_斑塊增加":44.260435571687836,"score_平均斑塊縮小":60.04990925589837,"score_道路建成區切割":36.94419237749546,"score_孤立比例":40.58529945553539,"score_距大型綠地":38.40744101633394,"綜合破碎化分數":42.7,"破碎化等級":"中","判定原因":"面積減少0.0%；斑塊增加0.0%；平均斑塊縮小0.1%；道路密度0.55 km/km²；孤立比例0.0%；距大型綠地0m","2021面積_ha":81.9,"2022面積_ha":81.9,"2023面積_ha":81.9}},{"type":"Feature","geometry":{"type":"Polygon","coordinates":[[[121.63288374148782,24.774957928660644],[121.63292952606369,24.783986024773654],[121.64281856391811,24.78394388956025],[121.6427720641125,24.77491581082297],[121.63288374148782,24.774957928660644]]]},"properties":{"grid_id":"G052_032","綠地類型":"河川沿岸自然地表","中心經度":121.637851,"中心緯度":24.779451,"分析面積_km2":1.04,"2020面積_ha":73.26,"2024面積_ha":73.26,"面積減少率_pct":0.0,"2020斑塊數":1,"2024斑塊數":1,"斑塊數增加率_pct":0.0,"2020平均斑塊面積_ha":2507.22,"2024平均斑塊面積_ha":2503.44,"平均斑塊面積下降率_pct":0.15,"道路切割密度_km_per_km2":0.0,"建成區邊界切割密度_km_per_km2":0.0,"孤立小斑塊比例_pct":0.0,"距大型連續綠地平均距離_m":0.0,"score_面積減少":36.206896551724135,"score_斑塊增加":44.260435571687836,"score_平均斑塊縮小":60.04990925589837,"score_道路建成區切割":25.941470054446462,"score_孤立比例":40.58529945553539,"score_距大型綠地":38.40744101633394,"綜合破碎化分數":40.9,"破碎化等級":"中","判定原因":"面積減少0.0%；斑塊增加0.0%；平均斑塊縮小0.1%；道路密度0.00 km/km²；孤立比例0.0%；距大型綠地0m","2021面積_ha":73.26,"2022面積_ha":73.26,"2023面積_ha":73.26}},{"type":"Feature","geometry":{"type":"Polygon","coordinates":[[[121.6427720641125,24.77491581082297],[121.64281856391811,24.78394388956025],[121.65270757916966,24.783901101215996],[121.65266036414152,24.774873040123776],[121.6427720641125,24.77491581082297]]]},"properties":{"grid_id":"G052_033","綠地類型":"河川沿岸自然地表","中心經度":121.64774,"中心緯度":24.779409,"分析面積_km2":1.04,"2020面積_ha":72.9,"2024面積_ha":72.9,"面積減少率_pct":0.0,"2020斑塊數":1,"2024斑塊數":1,"斑塊數增加率_pct":0.0,"2020平均斑塊面積_ha":2507.22,"2024平均斑塊面積_ha":2503.44,"平均斑塊面積下降率_pct":0.15,"道路切割密度_km_per_km2":0.663,"建成區邊界切割密度_km_per_km2":0.0,"孤立小斑塊比例_pct":0.0,"距大型連續綠地平均距離_m":0.0,"score_面積減少":36.206896551724135,"score_斑塊增加":44.260435571687836,"score_平均斑塊縮小":60.04990925589837,"score_道路建成區切割":37.68148820326679,"score_孤立比例":40.58529945553539,"score_距大型綠地":38.40744101633394,"綜合破碎化分數":42.9,"破碎化等級":"中","判定原因":"面積減少0.0%；斑塊增加0.0%；平均斑塊縮小0.1%；道路密度0.66 km/km²；孤立比例0.0%；距大型綠地0m","2021面積_ha":72.9,"2022面積_ha":72.9,"2023面積_ha":72.9}},{"type":"Feature","geometry":{"type":"Polygon","coordinates":[[[121.66254864122732,24.77482961656897],[121.66259657147071,24.78385765974682],[121.67248554047369,24.78381356515871],[121.67243689502241,24.77478554016456],[121.66254864122732,24.77482961656897]]]},"properties":{"grid_id":"G052_035","綠地類型":"河川沿岸自然地表","中心經度":121.667517,"中心緯度":24.779322,"分析面積_km2":1.04,"2020面積_ha":24.93,"2024面積_ha":24.93,"面積減少率_pct":0.0,"2020斑塊數":1,"2024斑塊數":1,"斑塊數增加率_pct":0.0,"2020平均斑塊面積_ha":1374.84,"2024平均斑塊面積_ha":1381.32,"平均斑塊面積下降率_pct":0.0,"道路切割密度_km_per_km2":2.595,"建成區邊界切割密度_km_per_km2":0.0,"孤立小斑塊比例_pct":0.0,"距大型連續綠地平均距離_m":0.0,"score_面積減少":36.206896551724135,"score_斑塊增加":44.260435571687836,"score_平均斑塊縮小":28.153357531760438,"score_道路建成區切割":49.330762250453716,"score_孤立比例":40.58529945553539,"score_距大型綠地":38.40744101633394,"綜合破碎化分數":39.5,"破碎化等級":"中","判定原因":"面積減少0.0%；斑塊增加0.0%；平均斑塊縮小0.0%；道路密度2.60 km/km²；孤立比例0.0%；距大型綠地0m","2021面積_ha":24.93,"2022面積_ha":24.93,"2023面積_ha":24.93}},{"type":"Feature","geometry":{"type":"Polygon","coordinates":[[[121.68232512517928,24.774740810916654],[121.6823744858309,24.783768817457783],[121.69226340719479,24.78372341665023],[121.69221333135043,24.774695428831436],[121.68232512517928,24.774740810916654]]]},"properties":{"grid_id":"G052_037","綠地類型":"河川沿岸自然地表","中心經度":121.687294,"中心緯度":24.779232,"分析面積_km2":1.04,"2020面積_ha":30.78,"2024面積_ha":31.59,"面積減少率_pct":0.0,"2020斑塊數":1,"2024斑塊數":1,"斑塊數增加率_pct":0.0,"2020平均斑塊面積_ha":1374.84,"2024平均斑塊面積_ha":1381.32,"平均斑塊面積下降率_pct":0.0,"道路切割密度_km_per_km2":1.528,"建成區邊界切割密度_km_per_km2":0.779,"孤立小斑塊比例_pct":0.0,"距大型連續綠地平均距離_m":0.0,"score_面積減少":36.206896551724135,"score_斑塊增加":44.260435571687836,"score_平均斑塊縮小":28.153357531760438,"score_道路建成區切割":66.23185117967333,"score_孤立比例":40.58529945553539,"score_距大型綠地":38.40744101633394,"綜合破碎化分數":42.3,"破碎化等級":"中","判定原因":"面積減少0.0%；斑塊增加0.0%；平均斑塊縮小0.0%；道路密度1.53 km/km²；孤立比例0.0%；距大型綠地0m","2021面積_ha":32.85,"2022面積_ha":30.15,"2023面積_ha":30.87}},{"type":"Feature","geometry":{"type":"Polygon","coordinates":[[[121.72187780247444,24.774555365615097],[121.72193002385022,24.783583295651045],[121.73181884576462,24.783535282480678],[121.73176590922765,24.774507372244283],[121.72187780247444,24.774555365615097]]]},"properties":{"grid_id":"G052_041","綠地類型":"河川沿岸自然地表","中心經度":121.726848,"中心緯度":24.779045,"分析面積_km2":1.04,"2020面積_ha":10.35,"2024面積_ha":24.48,"面積減少率_pct":0.0,"2020斑塊數":5,"2024斑塊數":2,"斑塊數增加率_pct":0.0,"2020平均斑塊面積_ha":11.61,"2024平均斑塊面積_ha":37.62,"平均斑塊面積下降率_pct":0.0,"道路切割密度_km_per_km2":6.92,"建成區邊界切割密度_km_per_km2":1.672,"孤立小斑塊比例_pct":0.0,"距大型連續綠地平均距離_m":0.0,"score_面積減少":36.206896551724135,"score_斑塊增加":44.260435571687836,"score_平均斑塊縮小":28.153357531760438,"score_道路建成區切割":85.83257713248639,"score_孤立比例":40.58529945553539,"score_距大型綠地":38.40744101633394,"綜合破碎化分數":45.6,"破碎化等級":"中","判定原因":"面積減少0.0%；斑塊增加0.0%；平均斑塊縮小0.0%；道路密度6.92 km/km²；孤立比例0.0%；距大型綠地0m","2021面積_ha":16.92,"2022面積_ha":17.1,"2023面積_ha":11.43}},{"type":"Feature","geometry":{"type":"Polygon","coordinates":[[[121.73176590922765,24.774507372244283],[121.73181884576462,24.783535282480678],[121.74170764194768,24.783486616236],[121.74165399025769,24.774458726068456],[121.73176590922765,24.774507372244283]]]},"properties":{"grid_id":"G052_042","綠地類型":"河川沿岸自然地表","中心經度":121.736737,"中心緯度":24.778997,"分析面積_km2":1.04,"2020面積_ha":1.53,"2024面積_ha":2.79,"面積減少率_pct":0.0,"2020斑塊數":4,"2024斑塊數":1,"斑塊數增加率_pct":0.0,"2020平均斑塊面積_ha":1.89,"2024平均斑塊面積_ha":57.24,"平均斑塊面積下降率_pct":0.0,"道路切割密度_km_per_km2":12.572,"建成區邊界切割密度_km_per_km2":0.029,"孤立小斑塊比例_pct":0.0,"距大型連續綠地平均距離_m":0.0,"score_面積減少":36.206896551724135,"score_斑塊增加":44.260435571687836,"score_平均斑塊縮小":28.153357531760438,"score_道路建成區切割":84.69827586206897,"score_孤立比例":40.58529945553539,"score_距大型綠地":38.40744101633394,"綜合破碎化分數":45.4,"破碎化等級":"中","判定原因":"面積減少0.0%；斑塊增加0.0%；平均斑塊縮小0.0%；道路密度12.57 km/km²；孤立比例0.0%；距大型綠地0m","2021面積_ha":4.5,"2022面積_ha":0.09,"2023面積_ha":1.08}},{"type":"Feature","geometry":{"type":"Polygon","coordinates":[[[121.60326228035979,24.78410851157092],[121.59337315557039,24.784148034203533],[121.59337392637187,24.7843101174819],[121.593448,24.7845714],[121.59342320000002,24.784873500000003],[121.59337752587379,24.785066998001202],[121.59338839900576,24.787353143768073],[121.593541,24.7872928],[121.59405120000001,24.78738869999999],[121.59484519999998,24.7873812],[121.5951193,24.787431199999997],[121.5982518,24.787719699999997],[121.59888850000002,24.78772169999999],[121.5989793,24.7877347],[121.59933469999999,24.7879298],[121.6003423,24.788381200000003],[121.601205,24.788642899999992],[121.60136300000002,24.7887076],[121.60174200000002,24.7888478],[121.60197249999999,24.788962699999995],[121.6024059,24.789115499999998],[121.6027041,24.7892931],[121.6029372,24.7894393],[121.60328794057762,24.78941512832256],[121.60326228035979,24.78410851157092]]]},"properties":{"grid_id":"G053_028","綠地類型":"河川沿岸自然地表","中心經度":121.598327,"中心緯度":24.786161,"分析面積_km2":0.438,"2020面積_ha":18.72,"2024面積_ha":18.72,"面積減少率_pct":0.0,"2020斑塊數":1,"2024斑塊數":1,"斑塊數增加率_pct":0.0,"2020平均斑塊面積_ha":2507.22,"2024平均斑塊面積_ha":2503.44,"平均斑塊面積下降率_pct":0.15,"道路切割密度_km_per_km2":1.506,"建成區邊界切割密度_km_per_km2":0.0,"孤立小斑塊比例_pct":0.0,"距大型連續綠地平均距離_m":0.0,"score_面積減少":36.206896551724135,"score_斑塊增加":44.260435571687836,"score_平均斑塊縮小":60.04990925589837,"score_道路建成區切割":42.83121597096189,"score_孤立比例":40.58529945553539,"score_距大型綠地":38.40744101633394,"綜合破碎化分數":43.7,"破碎化等級":"中","判定原因":"面積減少0.0%；斑塊增加0.0%；平均斑塊縮小0.1%；道路密度1.51 km/km²；孤立比例0.0%；距大型綠地0m","2021面積_ha":18.72,"2022面積_ha":18.72,"2023面積_ha":18.72}},{"type":"Feature","geometry":{"type":"Polygon","coordinates":[[[121.62304046595409,24.78402750685038],[121.62308555720074,24.79305560910688],[121.63297533289479,24.79301410992135],[121.63292952606369,24.783986024773654],[121.62304046595409,24.78402750685038]]]},"properties":{"grid_id":"G053_031","綠地類型":"河川沿岸自然地表","中心經度":121.628008,"中心緯度":24.788521,"分析面積_km2":1.04,"2020面積_ha":28.35,"2024面積_ha":28.35,"面積減少率_pct":0.0,"2020斑塊數":2,"2024斑塊數":2,"斑塊數增加率_pct":0.0,"2020平均斑塊面積_ha":1941.03,"2024平均斑塊面積_ha":1942.38,"平均斑塊面積下降率_pct":0.0,"道路切割密度_km_per_km2":3.345,"建成區邊界切割密度_km_per_km2":0.0,"孤立小斑塊比例_pct":0.0,"距大型連續綠地平均距離_m":0.0,"score_面積減少":36.206896551724135,"score_斑塊增加":44.260435571687836,"score_平均斑塊縮小":28.153357531760438,"score_道路建成區切割":52.166515426497284,"score_孤立比例":40.58529945553539,"score_距大型綠地":38.40744101633394,"綜合破碎化分數":40.0,"破碎化等級":"中","判定原因":"面積減少0.0%；斑塊增加0.0%；平均斑塊縮小0.0%；道路密度3.35 km/km²；孤立比例0.0%；距大型綠地0m","2021面積_ha":28.35,"2022面積_ha":28.35,"2023面積_ha":28.35}},{"type":"Feature","geometry":{"type":"Polygon","coordinates":[[[121.6823744858309,24.783768817457783],[121.68242387047589,24.792796813021006],[121.69231350738012,24.792751393488487],[121.69226340719479,24.78372341665023],[121.6823744858309,24.783768817457783]]]},"properties":{"grid_id":"G053_037","綠地類型":"河川沿岸自然地表","中心經度":121.687344,"中心緯度":24.78826,"分析面積_km2":1.04,"2020面積_ha":44.1,"2024面積_ha":44.82,"面積減少率_pct":0.0,"2020斑塊數":4,"2024斑塊數":3,"斑塊數增加率_pct":0.0,"2020平均斑塊面積_ha":356.377,"2024平均斑塊面積_ha":476.61,"平均斑塊面積下降率_pct":0.0,"道路切割密度_km_per_km2":6.2,"建成區邊界切割密度_km_per_km2":1.442,"孤立小斑塊比例_pct":0.0,"距大型連續綠地平均距離_m":0.0,"score_面積減少":36.206896551724135,"score_斑塊增加":44.260435571687836,"score_平均斑塊縮小":28.153357531760438,"score_道路建成區切割":83.76814882032667,"score_孤立比例":40.58529945553539,"score_距大型綠地":38.40744101633394,"綜合破碎化分數":45.2,"破碎化等級":"中","判定原因":"面積減少0.0%；斑塊增加0.0%；平均斑塊縮小0.0%；道路密度6.20 km/km²；孤立比例0.0%；距大型綠地0m","2021面積_ha":50.67,"2022面積_ha":38.43,"2023面積_ha":44.19}},{"type":"Feature","geometry":{"type":"Polygon","coordinates":[[[121.63297533289479,24.79301410992135],[121.63302116198814,24.802042184100774],[121.64291163134502,24.802000014128584],[121.64286508632654,24.792971957329772],[121.63297533289479,24.79301410992135]]]},"properties":{"grid_id":"G054_032","綠地類型":"河川沿岸自然地表","中心經度":121.637943,"中心緯度":24.797507,"分析面積_km2":1.04,"2020面積_ha":63.63,"2024面積_ha":63.63,"面積減少率_pct":0.0,"2020斑塊數":1,"2024斑塊數":1,"斑塊數增加率_pct":0.0,"2020平均斑塊面積_ha":1374.84,"2024平均斑塊面積_ha":1381.32,"平均斑塊面積下降率_pct":0.0,"道路切割密度_km_per_km2":2.912,"建成區邊界切割密度_km_per_km2":0.0,"孤立小斑塊比例_pct":0.0,"距大型連續綠地平均距離_m":0.0,"score_面積減少":36.206896551724135,"score_斑塊增加":44.260435571687836,"score_平均斑塊縮小":28.153357531760438,"score_道路建成區切割":50.44237749546279,"score_孤立比例":40.58529945553539,"score_距大型綠地":38.40744101633394,"綜合破碎化分數":39.7,"破碎化等級":"中","判定原因":"面積減少0.0%；斑塊增加0.0%；平均斑塊縮小0.0%；道路密度2.91 km/km²；孤立比例0.0%；距大型綠地0m","2021面積_ha":63.63,"2022面積_ha":63.63,"2023面積_ha":63.63}},{"type":"Feature","geometry":{"type":"Polygon","coordinates":[[[121.64286508632654,24.792971957329772],[121.64291163134502,24.802000014128584],[121.65280207808465,24.801957190486775],[121.65275481714828,24.792929151337987],[121.64286508632654,24.792971957329772]]]},"properties":{"grid_id":"G054_033","綠地類型":"河川沿岸自然地表","中心經度":121.647833,"中心緯度":24.797465,"分析面積_km2":1.04,"2020面積_ha":59.4,"2024面積_ha":59.4,"面積減少率_pct":0.0,"2020斑塊數":1,"2024斑塊數":1,"斑塊數增加率_pct":0.0,"2020平均斑塊面積_ha":1374.84,"2024平均斑塊面積_ha":1381.32,"平均斑塊面積下降率_pct":0.0,"道路切割密度_km_per_km2":3.835,"建成區邊界切割密度_km_per_km2":0.0,"孤立小斑塊比例_pct":0.0,"距大型連續綠地平均距離_m":0.0,"score_面積減少":36.206896551724135,"score_斑塊增加":44.260435571687836,"score_平均斑塊縮小":28.153357531760438,"score_道路建成區切割":53.584392014519054,"score_孤立比例":40.58529945553539,"score_距大型綠地":38.40744101633394,"綜合破碎化分數":40.2,"破碎化等級":"中","判定原因":"面積減少0.0%；斑塊增加0.0%；平均斑塊縮小0.0%；道路密度3.83 km/km²；孤立比例0.0%；距大型綠地0m","2021面積_ha":59.4,"2022面積_ha":59.4,"2023面積_ha":59.4}},{"type":"Feature","geometry":{"type":"Polygon","coordinates":[[[121.67253420957067,24.79284157917754],[121.67258290232091,24.801869582218107],[121.68247327912184,24.801824797603363],[121.68242387047589,24.792796813021006],[121.67253420957067,24.79284157917754]]]},"properties":{"grid_id":"G054_036","綠地類型":"河川沿岸自然地表","中心經度":121.677504,"中心緯度":24.797333,"分析面積_km2":1.04,"2020面積_ha":31.05,"2024面積_ha":31.05,"面積減少率_pct":0.0,"2020斑塊數":1,"2024斑塊數":1,"斑塊數增加率_pct":0.0,"2020平均斑塊面積_ha":1374.84,"2024平均斑塊面積_ha":1381.32,"平均斑塊面積下降率_pct":0.0,"道路切割密度_km_per_km2":3.287,"建成區邊界切割密度_km_per_km2":0.0,"孤立小斑塊比例_pct":0.0,"距大型連續綠地平均距離_m":0.0,"score_面積減少":36.206896551724135,"score_斑塊增加":44.260435571687836,"score_平均斑塊縮小":28.153357531760438,"score_道路建成區切割":51.92831215970962,"score_孤立比例":40.58529945553539,"score_距大型綠地":38.40744101633394,"綜合破碎化分數":39.9,"破碎化等級":"中","判定原因":"面積減少0.0%；斑塊增加0.0%；平均斑塊縮小0.0%；道路密度3.29 km/km²；孤立比例0.0%；距大型綠地0m","2021面積_ha":31.05,"2022面積_ha":31.05,"2023面積_ha":31.05}},{"type":"Feature","geometry":{"type":"Polygon","coordinates":[[[121.68242387047589,24.792796813021006],[121.68247327912184,24.801824797603363],[121.69236363191415,24.801779359343243],[121.69231350738012,24.792751393488487],[121.68242387047589,24.792796813021006]]]},"properties":{"grid_id":"G054_037","綠地類型":"河川沿岸自然地表","中心經度":121.687394,"中心緯度":24.797288,"分析面積_km2":1.04,"2020面積_ha":8.82,"2024面積_ha":8.82,"面積減少率_pct":0.0,"2020斑塊數":2,"2024斑塊數":2,"斑塊數增加率_pct":0.0,"2020平均斑塊面積_ha":25.29,"2024平均斑塊面積_ha":24.255,"平均斑塊面積下降率_pct":4.09,"道路切割密度_km_per_km2":0.0,"建成區邊界切割密度_km_per_km2":0.0,"孤立小斑塊比例_pct":0.0,"距大型連續綠地平均距離_m":0.0,"score_面積減少":36.206896551724135,"score_斑塊增加":44.260435571687836,"score_平均斑塊縮小":73.82032667876588,"score_道路建成區切割":25.941470054446462,"score_孤立比例":40.58529945553539,"score_距大型綠地":38.40744101633394,"綜合破碎化分數":43.2,"破碎化等級":"中","判定原因":"面積減少0.0%；斑塊增加0.0%；平均斑塊縮小4.1%；道路密度0.00 km/km²；孤立比例0.0%；距大型綠地0m","2021面積_ha":8.82,"2022面積_ha":8.82,"2023面積_ha":8.82}},{"type":"Feature","geometry":{"type":"Polygon","coordinates":[[[121.69231350738012,24.792751393488487],[121.69236363191415,24.801779359343243],[121.70225396035003,24.801733267444042],[121.70220311993566,24.79270532058627],[121.69231350738012,24.792751393488487]]]},"properties":{"grid_id":"G054_038","綠地類型":"河川沿岸自然地表","中心經度":121.697284,"中心緯度":24.797242,"分析面積_km2":1.04,"2020面積_ha":13.59,"2024面積_ha":13.59,"面積減少率_pct":0.0,"2020斑塊數":3,"2024斑塊數":3,"斑塊數增加率_pct":0.0,"2020平均斑塊面積_ha":40.02,"2024平均斑塊面積_ha":38.52,"平均斑塊面積下降率_pct":3.75,"道路切割密度_km_per_km2":0.029,"建成區邊界切割密度_km_per_km2":0.0,"孤立小斑塊比例_pct":0.0,"距大型連續綠地平均距離_m":0.0,"score_面積減少":36.206896551724135,"score_斑塊增加":44.260435571687836,"score_平均斑塊縮小":73.18511796733212,"score_道路建成區切割":33.82486388384755,"score_孤立比例":40.58529945553539,"score_距大型綠地":38.40744101633394,"綜合破碎化分數":44.4,"破碎化等級":"中","判定原因":"面積減少0.0%；斑塊增加0.0%；平均斑塊縮小3.8%；道路密度0.03 km/km²；孤立比例0.0%；距大型綠地0m","2021面積_ha":13.59,"2022面積_ha":13.59,"2023面積_ha":13.59}},{"type":"Feature","geometry":{"type":"Polygon","coordinates":[[[121.70220311993566,24.79270532058627],[121.70225396035003,24.801733267444042],[121.71214426408164,24.80168652191214],[121.71209270779478,24.792658594320727],[121.70220311993566,24.79270532058627]]]},"properties":{"grid_id":"G054_039","綠地類型":"河川沿岸自然地表","中心經度":121.707174,"中心緯度":24.797196,"分析面積_km2":1.04,"2020面積_ha":22.14,"2024面積_ha":22.14,"面積減少率_pct":0.0,"2020斑塊數":1,"2024斑塊數":1,"斑塊數增加率_pct":0.0,"2020平均斑塊面積_ha":65.43,"2024平均斑塊面積_ha":62.19,"平均斑塊面積下降率_pct":4.95,"道路切割密度_km_per_km2":2.912,"建成區邊界切割密度_km_per_km2":0.0,"孤立小斑塊比例_pct":0.0,"距大型連續綠地平均距離_m":0.0,"score_面積減少":36.206896551724135,"score_斑塊增加":44.260435571687836,"score_平均斑塊縮小":74.09255898366605,"score_道路建成區切割":50.44237749546279,"score_孤立比例":40.58529945553539,"score_距大型綠地":38.40744101633394,"綜合破碎化分數":47.3,"破碎化等級":"中","判定原因":"面積減少0.0%；斑塊增加0.0%；平均斑塊縮小5.0%；道路密度2.91 km/km²；孤立比例0.0%；距大型綠地0m","2021面積_ha":22.14,"2022面積_ha":22.14,"2023面積_ha":22.14}},{"type":"Feature","geometry":{"type":"Polygon","coordinates":[[[121.71209270779478,24.792658594320727],[121.71214426408164,24.80168652191214],[121.7220345427612,24.801639122753986],[121.7219822706098,24.792611214698333],[121.71209270779478,24.792658594320727]]]},"properties":{"grid_id":"G054_040","綠地類型":"河川沿岸自然地表","中心經度":121.717063,"中心緯度":24.797149,"分析面積_km2":1.04,"2020面積_ha":25.56,"2024面積_ha":27.81,"面積減少率_pct":0.0,"2020斑塊數":1,"2024斑塊數":1,"斑塊數增加率_pct":0.0,"2020平均斑塊面積_ha":1374.84,"2024平均斑塊面積_ha":1381.32,"平均斑塊面積下降率_pct":0.0,"道路切割密度_km_per_km2":3.604,"建成區邊界切割密度_km_per_km2":1.153,"孤立小斑塊比例_pct":0.0,"距大型連續綠地平均距離_m":0.0,"score_面積減少":36.206896551724135,"score_斑塊增加":44.260435571687836,"score_平均斑塊縮小":28.153357531760438,"score_道路建成區切割":78.05127041742287,"score_孤立比例":40.58529945553539,"score_距大型綠地":38.40744101633394,"綜合破碎化分數":44.3,"破碎化等級":"中","判定原因":"面積減少0.0%；斑塊增加0.0%；平均斑塊縮小0.0%；道路密度3.60 km/km²；孤立比例0.0%；距大型綠地0m","2021面積_ha":26.55,"2022面積_ha":25.92,"2023面積_ha":27.36}},{"type":"Feature","geometry":{"type":"Polygon","coordinates":[[[121.63302116198814,24.802042184100774],[121.62492940689165,24.802076198664068],[121.62493480000002,24.802091],[121.62512930000001,24.802295199999996],[121.62537070000002,24.802419799999996],[121.62567530000001,24.8025244],[121.62582110000001,24.802651899999997],[121.6259646,24.802849399999996],[121.6261108,24.803340700000003],[121.6261558,24.803938699999993],[121.62621830000002,24.804322799999998],[121.6263286,24.804661300000003],[121.62639980000002,24.8052148],[121.6264432,24.8057439],[121.6262237,24.8066671],[121.62598730000002,24.807138399999996],[121.6258273,24.807653],[121.6258119,24.807839800000004],[121.62573259999999,24.808234199999998],[121.62569300000001,24.808582799999996],[121.6257291,24.8087036],[121.62582590000001,24.8087772],[121.62599350000002,24.80881000000001],[121.6272989,24.808308900000004],[121.62774720000002,24.808104700000005],[121.6282448,24.807933899999995],[121.6284066,24.807922899999998],[121.62866720000001,24.807961199999998],[121.6289397,24.808058199999998],[121.62915490000002,24.808265799999997],[121.6295853,24.8087366],[121.62971840000002,24.808816199999995],[121.62990080000002,24.808882599999993],[121.63007610000001,24.8089492],[121.6303051,24.808993300000004],[121.6309575,24.809078099999997],[121.6312488,24.8091337],[121.63166,24.8091751],[121.6322274,24.8092201],[121.6324119,24.8092135],[121.63265329999999,24.809203699999994],[121.63305753420333,24.809204178116044],[121.63302116198814,24.802042184100774]]]},"properties":{"grid_id":"G055_031","綠地類型":"河川沿岸自然地表","中心經度":121.62973,"中心緯度":24.805465,"分析面積_km2":0.545,"2020面積_ha":33.03,"2024面積_ha":33.03,"面積減少率_pct":0.0,"2020斑塊數":1,"2024斑塊數":1,"斑塊數增加率_pct":0.0,"2020平均斑塊面積_ha":1374.84,"2024平均斑塊面積_ha":1381.32,"平均斑塊面積下降率_pct":0.0,"道路切割密度_km_per_km2":3.41,"建成區邊界切割密度_km_per_km2":0.0,"孤立小斑塊比例_pct":0.0,"距大型連續綠地平均距離_m":0.0,"score_面積減少":36.206896551724135,"score_斑塊增加":44.260435571687836,"score_平均斑塊縮小":28.153357531760438,"score_道路建成區切割":52.45009074410163,"score_孤立比例":40.58529945553539,"score_距大型綠地":38.40744101633394,"綜合破碎化分數":40.0,"破碎化等級":"中","判定原因":"面積減少0.0%；斑塊增加0.0%；平均斑塊縮小0.0%；道路密度3.41 km/km²；孤立比例0.0%；距大型綠地0m","2021面積_ha":33.03,"2022面積_ha":33.03,"2023面積_ha":33.03}},{"type":"Feature","geometry":{"type":"Polygon","coordinates":[[[121.65284936198611,24.810985218659425],[121.65280207808465,24.801957190486775],[121.64291163134502,24.802000014128584],[121.64295208251252,24.809842513891326],[121.6430577,24.809773099999997],[121.6432272,24.809676299999992],[121.64330120000001,24.8096402],[121.64378180000001,24.809406000000003],[121.643941,24.8093417],[121.6441341,24.8092547],[121.6443616,24.80919],[121.64462490000001,24.809201800000004],[121.64503889999999,24.809284599999998],[121.6451146,24.8093121],[121.64532090000002,24.809420599999996],[121.64573040000002,24.809690099999997],[121.64590840000001,24.809849899999996],[121.6459841,24.809937599999998],[121.64609680000001,24.810089500000004],[121.6462298,24.810347699999998],[121.64641990000001,24.810767999999996],[121.646500569368,24.811012792165226],[121.65284936198611,24.810985218659425]]]},"properties":{"grid_id":"G055_033","綠地類型":"河川沿岸自然地表","中心經度":121.647876,"中心緯度":24.805577,"分析面積_km2":0.982,"2020面積_ha":31.05,"2024面積_ha":31.05,"面積減少率_pct":0.0,"2020斑塊數":2,"2024斑塊數":2,"斑塊數增加率_pct":0.0,"2020平均斑塊面積_ha":688.77,"2024平均斑塊面積_ha":692.01,"平均斑塊面積下降率_pct":0.0,"道路切割密度_km_per_km2":1.986,"建成區邊界切割密度_km_per_km2":0.0,"孤立小斑塊比例_pct":0.0,"距大型連續綠地平均距離_m":12.8,"score_面積減少":36.206896551724135,"score_斑塊增加":44.260435571687836,"score_平均斑塊縮小":28.153357531760438,"score_道路建成區切割":46.2114337568058,"score_孤立比例":40.58529945553539,"score_距大型綠地":85.45825771324864,"綜合破碎化分數":46.8,"破碎化等級":"中","判定原因":"面積減少0.0%；斑塊增加0.0%；平均斑塊縮小0.0%；道路密度1.99 km/km²；孤立比例0.0%；距大型綠地13m","2021面積_ha":31.05,"2022面積_ha":31.05,"2023面積_ha":31.05}},{"type":"Feature","geometry":{"type":"Polygon","coordinates":[[[121.69236363191415,24.801779359343243],[121.69241378080461,24.810807314211548],[121.70230482546866,24.810761203312687],[121.70225396035003,24.801733267444042],[121.69236363191415,24.801779359343243]]]},"properties":{"grid_id":"G055_038","綠地類型":"河川沿岸自然地表","中心經度":121.697334,"中心緯度":24.80627,"分析面積_km2":1.04,"2020面積_ha":46.44,"2024面積_ha":46.98,"面積減少率_pct":0.0,"2020斑塊數":1,"2024斑塊數":1,"斑塊數增加率_pct":0.0,"2020平均斑塊面積_ha":1374.84,"2024平均斑塊面積_ha":1381.32,"平均斑塊面積下降率_pct":0.0,"道路切割密度_km_per_km2":5.45,"建成區邊界切割密度_km_per_km2":0.029,"孤立小斑塊比例_pct":0.0,"距大型連續綠地平均距離_m":0.0,"score_面積減少":36.206896551724135,"score_斑塊增加":44.260435571687836,"score_平均斑塊縮小":28.153357531760438,"score_道路建成區切割":75.0453720508167,"score_孤立比例":40.58529945553539,"score_距大型綠地":38.40744101633394,"綜合破碎化分數":43.8,"破碎化等級":"中","判定原因":"面積減少0.0%；斑塊增加0.0%；平均斑塊縮小0.0%；道路密度5.45 km/km²；孤立比例0.0%；距大型綠地0m","2021面積_ha":46.98,"2022面積_ha":46.98,"2023面積_ha":46.98}},{"type":"Feature","geometry":{"type":"Polygon","coordinates":[[[121.70225396035003,24.801733267444042],[121.70230482546866,24.810761203312687],[121.71219584542061,24.810714438511702],[121.71214426408164,24.80168652191214],[121.70225396035003,24.801733267444042]]]},"properties":{"grid_id":"G055_039","綠地類型":"河川沿岸自然地表","中心經度":121.707225,"中心緯度":24.806224,"分析面積_km2":1.04,"2020面積_ha":33.84,"2024面積_ha":35.82,"面積減少率_pct":0.0,"2020斑塊數":2,"2024斑塊數":1,"斑塊數增加率_pct":0.0,"2020平均斑塊面積_ha":687.465,"2024平均斑塊面積_ha":1381.32,"平均斑塊面積下降率_pct":0.0,"道路切割密度_km_per_km2":6.2,"建成區邊界切割密度_km_per_km2":0.75,"孤立小斑塊比例_pct":0.0,"距大型連續綠地平均距離_m":0.0,"score_面積減少":36.206896551724135,"score_斑塊增加":44.260435571687836,"score_平均斑塊縮小":28.153357531760438,"score_道路建成區切割":81.06851179673322,"score_孤立比例":40.58529945553539,"score_距大型綠地":38.40744101633394,"綜合破碎化分數":44.8,"破碎化等級":"中","判定原因":"面積減少0.0%；斑塊增加0.0%；平均斑塊縮小0.0%；道路密度6.20 km/km²；孤立比例0.0%；距大型綠地0m","2021面積_ha":33.84,"2022面積_ha":31.5,"2023面積_ha":34.92}},{"type":"Feature","geometry":{"type":"Polygon","coordinates":[[[121.71214426408164,24.80168652191214],[121.71219584542061,24.810714438511702],[121.72208684031251,24.810667019815057],[121.7220345427612,24.801639122753986],[121.71214426408164,24.80168652191214]]]},"properties":{"grid_id":"G055_040","綠地類型":"河川沿岸自然地表","中心經度":121.717115,"中心緯度":24.806177,"分析面積_km2":1.04,"2020面積_ha":34.2,"2024面積_ha":34.56,"面積減少率_pct":0.0,"2020斑塊數":3,"2024斑塊數":1,"斑塊數增加率_pct":0.0,"2020平均斑塊面積_ha":458.46,"2024平均斑塊面積_ha":1381.32,"平均斑塊面積下降率_pct":0.0,"道路切割密度_km_per_km2":4.931,"建成區邊界切割密度_km_per_km2":2.047,"孤立小斑塊比例_pct":0.0,"距大型連續綠地平均距離_m":0.0,"score_面積減少":36.206896551724135,"score_斑塊增加":44.260435571687836,"score_平均斑塊縮小":28.153357531760438,"score_道路建成區切割":83.15562613430127,"score_孤立比例":40.58529945553539,"score_距大型綠地":38.40744101633394,"綜合破碎化分數":45.1,"破碎化等級":"中","判定原因":"面積減少0.0%；斑塊增加0.0%；平均斑塊縮小0.0%；道路密度4.93 km/km²；孤立比例0.0%；距大型綠地0m","2021面積_ha":34.11,"2022面積_ha":27.09,"2023面積_ha":33.48}},{"type":"Feature","geometry":{"type":"Polygon","coordinates":[[[121.73192479604084,24.801591069976165],[121.73197780979643,24.81061894722932],[121.74186875352446,24.81057022076114],[121.74181502357278,24.8015423635853],[121.73192479604084,24.801591069976165]]]},"properties":{"grid_id":"G055_042","綠地類型":"河川沿岸自然地表","中心經度":121.736897,"中心緯度":24.806081,"分析面積_km2":1.04,"2020面積_ha":40.59,"2024面積_ha":40.59,"面積減少率_pct":0.0,"2020斑塊數":2,"2024斑塊數":2,"斑塊數增加率_pct":0.0,"2020平均斑塊面積_ha":100.35,"2024平均斑塊面積_ha":107.145,"平均斑塊面積下降率_pct":0.0,"道路切割密度_km_per_km2":2.624,"建成區邊界切割密度_km_per_km2":0.0,"孤立小斑塊比例_pct":0.0,"距大型連續綠地平均距離_m":0.0,"score_面積減少":36.206896551724135,"score_斑塊增加":44.260435571687836,"score_平均斑塊縮小":28.153357531760438,"score_道路建成區切割":49.44419237749547,"score_孤立比例":40.58529945553539,"score_距大型綠地":38.40744101633394,"綜合破碎化分數":39.5,"破碎化等級":"中","判定原因":"面積減少0.0%；斑塊增加0.0%；平均斑塊縮小0.0%；道路密度2.62 km/km²；孤立比例0.0%；距大型綠地0m","2021面積_ha":40.59,"2022面積_ha":40.59,"2023面積_ha":40.59}},{"type":"Feature","geometry":{"type":"Polygon","coordinates":[[[121.6924639540592,24.819835258090436],[121.69241378080461,24.810807314211548],[121.68252271177637,24.810852771201894],[121.68255616272812,24.816959484988423],[121.682723,24.816934299999996],[121.6833665,24.816948699999998],[121.68449450000001,24.8173507],[121.68479190000001,24.8174361],[121.6860452,24.8175889],[121.6863926,24.817436799999996],[121.68704110000002,24.8167333],[121.68714550000001,24.8163316],[121.68735739999998,24.816173399999993],[121.6877425,24.816060599999997],[121.68837770000002,24.8161947],[121.68912900000001,24.816848199999995],[121.6893187,24.817278600000005],[121.68920450000002,24.817935900000002],[121.6891577,24.818117299999997],[121.6890614,24.818277299999995],[121.68891930000001,24.818705300000005],[121.68893570000002,24.819342100000004],[121.6890192,24.8196268],[121.6891579949697,24.819850529443542],[121.6924639540592,24.819835258090436]]]},"properties":{"grid_id":"G056_037","綠地類型":"河川沿岸自然地表","中心經度":121.687483,"中心緯度":24.813446,"分析面積_km2":0.809,"2020面積_ha":23.31,"2024面積_ha":23.31,"面積減少率_pct":0.0,"2020斑塊數":1,"2024斑塊數":1,"斑塊數增加率_pct":0.0,"2020平均斑塊面積_ha":1374.84,"2024平均斑塊面積_ha":1381.32,"平均斑塊面積下降率_pct":0.0,"道路切割密度_km_per_km2":5.599,"建成區邊界切割密度_km_per_km2":0.0,"孤立小斑塊比例_pct":0.0,"距大型連續綠地平均距離_m":0.0,"score_面積減少":36.206896551724135,"score_斑塊增加":44.260435571687836,"score_平均斑塊縮小":28.153357531760438,"score_道路建成區切割":57.03266787658802,"score_孤立比例":40.58529945553539,"score_距大型綠地":38.40744101633394,"綜合破碎化分數":40.8,"破碎化等級":"中","判定原因":"面積減少0.0%；斑塊增加0.0%；平均斑塊縮小0.0%；道路密度5.60 km/km²；孤立比例0.0%；距大型綠地0m","2021面積_ha":23.31,"2022面積_ha":23.31,"2023面積_ha":23.31}},{"type":"Feature","geometry":{"type":"Polygon","coordinates":[[[121.70230482546866,24.810761203312687],[121.70235571529938,24.819789128189246],[121.7122474518196,24.81974234411647],[121.71219584542061,24.810714438511702],[121.70230482546866,24.810761203312687]]]},"properties":{"grid_id":"G056_039","綠地類型":"河川沿岸自然地表","中心經度":121.707276,"中心緯度":24.815252,"分析面積_km2":1.04,"2020面積_ha":40.86,"2024面積_ha":41.67,"面積減少率_pct":0.0,"2020斑塊數":1,"2024斑塊數":1,"斑塊數增加率_pct":0.0,"2020平均斑塊面積_ha":1374.84,"2024平均斑塊面積_ha":1381.32,"平均斑塊面積下降率_pct":0.0,"道路切割密度_km_per_km2":7.007,"建成區邊界切割密度_km_per_km2":0.433,"孤立小斑塊比例_pct":0.0,"距大型連續綠地平均距離_m":0.0,"score_面積減少":36.206896551724135,"score_斑塊增加":44.260435571687836,"score_平均斑塊縮小":28.153357531760438,"score_道路建成區切割":80.63747731397459,"score_孤立比例":40.58529945553539,"score_距大型綠地":38.40744101633394,"綜合破碎化分數":44.7,"破碎化等級":"中","判定原因":"面積減少0.0%；斑塊增加0.0%；平均斑塊縮小0.0%；道路密度7.01 km/km²；孤立比例0.0%；距大型綠地0m","2021面積_ha":42.21,"2022面積_ha":38.88,"2023面積_ha":41.22}},{"type":"Feature","geometry":{"type":"Polygon","coordinates":[[[121.71219584542061,24.810714438511702],[121.7122474518196,24.81974234411647],[121.72213916327179,24.81969490587858],[121.72208684031251,24.810667019815057],[121.71219584542061,24.810714438511702]]]},"properties":{"grid_id":"G056_040","綠地類型":"河川沿岸自然地表","中心經度":121.717167,"中心緯度":24.815205,"分析面積_km2":1.04,"2020面積_ha":28.62,"2024面積_ha":28.89,"面積減少率_pct":0.0,"2020斑塊數":2,"2024斑塊數":2,"斑塊數增加率_pct":0.0,"2020平均斑塊面積_ha":760.68,"2024平均斑塊面積_ha":769.635,"平均斑塊面積下降率_pct":0.0,"道路切割密度_km_per_km2":3.72,"建成區邊界切割密度_km_per_km2":0.288,"孤立小斑塊比例_pct":0.0,"距大型連續綠地平均距離_m":0.0,"score_面積減少":36.206896551724135,"score_斑塊增加":44.260435571687836,"score_平均斑塊縮小":28.153357531760438,"score_道路建成區切割":73.62749546279491,"score_孤立比例":40.58529945553539,"score_距大型綠地":38.40744101633394,"綜合破碎化分數":43.5,"破碎化等級":"中","判定原因":"面積減少0.0%；斑塊增加0.0%；平均斑塊縮小0.0%；道路密度3.72 km/km²；孤立比例0.0%；距大型綠地0m","2021面積_ha":28.89,"2022面積_ha":28.35,"2023面積_ha":28.71}},{"type":"Feature","geometry":{"type":"Polygon","coordinates":[[[121.72208684031251,24.810667019815057],[121.72213916327179,24.81969490587858],[121.73203084930792,24.81964681348214],[121.73197780979643,24.81061894722932],[121.72208684031251,24.810667019815057]]]},"properties":{"grid_id":"G056_041","綠地類型":"河川沿岸自然地表","中心經度":121.727059,"中心緯度":24.815157,"分析面積_km2":1.04,"2020面積_ha":51.3,"2024面積_ha":56.88,"面積減少率_pct":0.0,"2020斑塊數":3,"2024斑塊數":1,"斑塊數增加率_pct":0.0,"2020平均斑塊面積_ha":49.86,"2024平均斑塊面積_ha":157.95,"平均斑塊面積下降率_pct":0.0,"道路切割密度_km_per_km2":6.574,"建成區邊界切割密度_km_per_km2":1.557,"孤立小斑塊比例_pct":0.0,"距大型連續綠地平均距離_m":0.0,"score_面積減少":36.206896551724135,"score_斑塊增加":44.260435571687836,"score_平均斑塊縮小":28.153357531760438,"score_道路建成區切割":84.97050816696915,"score_孤立比例":40.58529945553539,"score_距大型綠地":38.40744101633394,"綜合破碎化分數":45.4,"破碎化等級":"中","判定原因":"面積減少0.0%；斑塊增加0.0%；平均斑塊縮小0.0%；道路密度6.57 km/km²；孤立比例0.0%；距大型綠地0m","2021面積_ha":53.73,"2022面積_ha":50.94,"2023面積_ha":55.8}},{"type":"Feature","geometry":{"type":"Polygon","coordinates":[[[121.73197780979643,24.81061894722932],[121.73203084930792,24.81964681348214],[121.74192250957995,24.81959806693381],[121.74186875352446,24.81057022076114],[121.73197780979643,24.81061894722932]]]},"properties":{"grid_id":"G056_042","綠地類型":"河川沿岸自然地表","中心經度":121.73695,"中心緯度":24.815109,"分析面積_km2":1.04,"2020面積_ha":68.22,"2024面積_ha":68.4,"面積減少率_pct":0.0,"2020斑塊數":2,"2024斑塊數":2,"斑塊數增加率_pct":0.0,"2020平均斑塊面積_ha":106.83,"2024平均斑塊面積_ha":113.58,"平均斑塊面積下降率_pct":0.0,"道路切割密度_km_per_km2":8.593,"建成區邊界切割密度_km_per_km2":0.577,"孤立小斑塊比例_pct":0.0,"距大型連續綠地平均距離_m":0.0,"score_面積減少":36.206896551724135,"score_斑塊增加":44.260435571687836,"score_平均斑塊縮小":28.153357531760438,"score_道路建成區切割":83.76814882032667,"score_孤立比例":40.58529945553539,"score_距大型綠地":38.40744101633394,"綜合破碎化分數":45.2,"破碎化等級":"中","判定原因":"面積減少0.0%；斑塊增加0.0%；平均斑塊縮小0.0%；道路密度8.59 km/km²；孤立比例0.0%；距大型綠地0m","2021面積_ha":68.94,"2022面積_ha":65.43,"2023面積_ha":67.05}},{"type":"Feature","geometry":{"type":"Polygon","coordinates":[[[121.70240662985009,24.82881704207077],[121.70235571529938,24.819789128189246],[121.6924639540592,24.819835258090436],[121.69250628395544,24.827448487356406],[121.6927191,24.827641699999994],[121.69316490000001,24.827910700000004],[121.6932554,24.828016400000003],[121.69335909999998,24.828201599999996],[121.6935964,24.828497099999996],[121.69402779999999,24.828813400000005],[121.69408697814158,24.828855897424486],[121.70240662985009,24.82881704207077]]]},"properties":{"grid_id":"G057_038","綠地類型":"河川沿岸自然地表","中心經度":121.697431,"中心緯度":24.823619,"分析面積_km2":1.022,"2020面積_ha":35.01,"2024面積_ha":35.28,"面積減少率_pct":0.0,"2020斑塊數":1,"2024斑塊數":1,"斑塊數增加率_pct":0.0,"2020平均斑塊面積_ha":1374.84,"2024平均斑塊面積_ha":1381.32,"平均斑塊面積下降率_pct":0.0,"道路切割密度_km_per_km2":3.172,"建成區邊界切割密度_km_per_km2":0.0,"孤立小斑塊比例_pct":0.0,"距大型連續綠地平均距離_m":0.0,"score_面積減少":36.206896551724135,"score_斑塊增加":44.260435571687836,"score_平均斑塊縮小":28.153357531760438,"score_道路建成區切割":51.53130671506352,"score_孤立比例":40.58529945553539,"score_距大型綠地":38.40744101633394,"綜合破碎化分數":39.9,"破碎化等級":"中","判定原因":"面積減少0.0%；斑塊增加0.0%；平均斑塊縮小0.0%；道路密度3.17 km/km²；孤立比例0.0%；距大型綠地0m","2021面積_ha":35.28,"2022面積_ha":35.28,"2023面積_ha":35.28}},{"type":"Feature","geometry":{"type":"Polygon","coordinates":[[[121.70235571529938,24.819789128189246],[121.70240662985009,24.82881704207077],[121.71229908328661,24.828770238723486],[121.7122474518196,24.81974234411647],[121.70235571529938,24.819789128189246]]]},"properties":{"grid_id":"G057_039","綠地類型":"河川沿岸自然地表","中心經度":121.707327,"中心緯度":24.82428,"分析面積_km2":1.04,"2020面積_ha":19.26,"2024面積_ha":19.26,"面積減少率_pct":0.0,"2020斑塊數":2,"2024斑塊數":2,"斑塊數增加率_pct":0.0,"2020平均斑塊面積_ha":969.03,"2024平均斑塊面積_ha":966.78,"平均斑塊面積下降率_pct":0.23,"道路切割密度_km_per_km2":3.258,"建成區邊界切割密度_km_per_km2":0.0,"孤立小斑塊比例_pct":0.0,"距大型連續綠地平均距離_m":0.0,"score_面積減少":36.206896551724135,"score_斑塊增加":44.260435571687836,"score_平均斑塊縮小":63.452813067150636,"score_道路建成區切割":51.81488203266788,"score_孤立比例":40.58529945553539,"score_距大型綠地":38.40744101633394,"綜合破碎化分數":45.8,"破碎化等級":"中","判定原因":"面積減少0.0%；斑塊增加0.0%；平均斑塊縮小0.2%；道路密度3.26 km/km²；孤立比例0.0%；距大型綠地0m","2021面積_ha":18.9,"2022面積_ha":19.26,"2023面積_ha":19.26}},{"type":"Feature","geometry":{"type":"Polygon","coordinates":[[[121.7122474518196,24.81974234411647],[121.71229908328661,24.828770238723486],[121.7221915116471,24.828722780941593],[121.72213916327179,24.81969490587858],[121.7122474518196,24.81974234411647]]]},"properties":{"grid_id":"G057_040","綠地類型":"河川沿岸自然地表","中心經度":121.717219,"中心緯度":24.824233,"分析面積_km2":1.04,"2020面積_ha":22.23,"2024面積_ha":22.23,"面積減少率_pct":0.0,"2020斑塊數":2,"2024斑塊數":2,"斑塊數增加率_pct":0.0,"2020平均斑塊面積_ha":969.03,"2024平均斑塊面積_ha":966.78,"平均斑塊面積下降率_pct":0.23,"道路切割密度_km_per_km2":3.374,"建成區邊界切割密度_km_per_km2":0.0,"孤立小斑塊比例_pct":0.0,"距大型連續綠地平均距離_m":0.0,"score_面積減少":36.206896551724135,"score_斑塊增加":44.260435571687836,"score_平均斑塊縮小":63.452813067150636,"score_道路建成區切割":52.26860254083485,"score_孤立比例":40.58529945553539,"score_距大型綠地":38.40744101633394,"綜合破碎化分數":45.9,"破碎化等級":"中","判定原因":"面積減少0.0%；斑塊增加0.0%；平均斑塊縮小0.2%；道路密度3.37 km/km²；孤立比例0.0%；距大型綠地0m","2021面積_ha":22.23,"2022面積_ha":22.23,"2023面積_ha":22.23}},{"type":"Feature","geometry":{"type":"Polygon","coordinates":[[[121.76170575143969,24.819498611408545],[121.76176096736638,24.82852640560069],[121.77165326512484,24.8284756757461],[121.77159733233134,24.81944790244537],[121.76170575143969,24.819498611408545]]]},"properties":{"grid_id":"G057_045","綠地類型":"河川沿岸自然地表","中心經度":121.766679,"中心緯度":24.823987,"分析面積_km2":1.04,"2020面積_ha":1.53,"2024面積_ha":2.7,"面積減少率_pct":0.0,"2020斑塊數":1,"2024斑塊數":1,"斑塊數增加率_pct":0.0,"2020平均斑塊面積_ha":12.51,"2024平均斑塊面積_ha":16.11,"平均斑塊面積下降率_pct":0.0,"道路切割密度_km_per_km2":16.58,"建成區邊界切割密度_km_per_km2":0.087,"孤立小斑塊比例_pct":0.0,"距大型連續綠地平均距離_m":0.0,"score_面積減少":36.206896551724135,"score_斑塊增加":44.260435571687836,"score_平均斑塊縮小":28.153357531760438,"score_道路建成區切割":86.68330308529946,"score_孤立比例":40.58529945553539,"score_距大型綠地":38.40744101633394,"綜合破碎化分數":45.7,"破碎化等級":"中","判定原因":"面積減少0.0%；斑塊增加0.0%；平均斑塊縮小0.0%；道路密度16.58 km/km²；孤立比例0.0%；距大型綠地0m","2021面積_ha":0.81,"2022面積_ha":0.0,"2023面積_ha":1.71}},{"type":"Feature","geometry":{"type":"Polygon","coordinates":[[[121.70240662985009,24.82881704207077],[121.69408697814158,24.828855897424486],[121.6941431,24.828896200000006],[121.69434670000001,24.829082099999997],[121.6945367,24.829184099999992],[121.694757,24.829246799999996],[121.6951929,24.829326899999998],[121.69544530000002,24.829421300000003],[121.69575650000002,24.8295783],[121.69595149999999,24.8296933],[121.6960625,24.829790799999994],[121.69616489999999,24.8298936],[121.6963279,24.8301782],[121.6963972,24.8304539],[121.6964027,24.8310911],[121.6963137,24.831411799999998],[121.69627010000002,24.831504499999998],[121.696238,24.831643000000003],[121.6961006,24.831972599999997],[121.6961715,24.8321234],[121.6963008,24.832332299999994],[121.6963895,24.8324429],[121.69643510000002,24.832551199999997],[121.696478,24.832607199999998],[121.69654250000002,24.832730400000003],[121.6965869,24.832855899999995],[121.6966322,24.833154899999997],[121.6966631,24.833445799999993],[121.69671080000002,24.833717799999995],[121.69670259999998,24.8338804],[121.6966751,24.8340185],[121.69663349999999,24.834111499999995],[121.69654320000001,24.834267700000005],[121.6965066,24.834312599999997],[121.6964676,24.8343725],[121.69643360000002,24.834411799999998],[121.6963693,24.834537599999997],[121.69640580000001,24.834620200000003],[121.6965082,24.8346445],[121.69663410000001,24.834639599999996],[121.6967195,24.834624299999998],[121.69706400000001,24.834489999999995],[121.6972893,24.8343647],[121.69750509999999,24.834285899999998],[121.69773510000002,24.834227199999997],[121.6979969,24.8342024],[121.69816690000002,24.8342005],[121.69824200000001,24.8342694],[121.69830590000001,24.8343436],[121.69852250000001,24.834728500000004],[121.6987845,24.8351178],[121.69889420000001,24.835234899999996],[121.69908530000001,24.8355253],[121.6991655,24.835570899999993],[121.6992891,24.835540400000003],[121.6994605,24.8353962],[121.6995322,24.835320099999997],[121.69959770000001,24.835222399999996],[121.6996516,24.835139499999997],[121.6997299,24.835037],[121.6998007,24.834958499999995],[121.6998883,24.8348817],[121.7001333,24.834725699999996],[121.70026499999999,24.834652599999995],[121.7005274,24.8345557],[121.7006541,24.8345193],[121.70108079999999,24.8343623],[121.7013624,24.834322599999997],[121.70151210000002,24.8343172],[121.7017307,24.834348199999997],[121.7018441,24.834388999999994],[121.7019762,24.8344524],[121.70215369999998,24.8345868],[121.7023275,24.834743],[121.7023728,24.834767199999995],[121.70244048237403,24.834817171130926],[121.70240662985009,24.82881704207077]]]},"properties":{"grid_id":"G058_038","綠地類型":"河川沿岸自然地表","中心經度":121.699331,"中心緯度":24.832213,"分析面積_km2":0.419,"2020面積_ha":6.12,"2024面積_ha":6.57,"面積減少率_pct":0.0,"2020斑塊數":1,"2024斑塊數":1,"斑塊數增加率_pct":0.0,"2020平均斑塊面積_ha":1374.84,"2024平均斑塊面積_ha":1381.32,"平均斑塊面積下降率_pct":0.0,"道路切割密度_km_per_km2":7.654,"建成區邊界切割密度_km_per_km2":0.0,"孤立小斑塊比例_pct":0.0,"距大型連續綠地平均距離_m":0.0,"score_面積減少":36.206896551724135,"score_斑塊增加":44.260435571687836,"score_平均斑塊縮小":28.153357531760438,"score_道路建成區切割":60.41288566243195,"score_孤立比例":40.58529945553539,"score_距大型綠地":38.40744101633394,"綜合破碎化分數":41.3,"破碎化等級":"中","判定原因":"面積減少0.0%；斑塊增加0.0%；平均斑塊縮小0.0%；道路密度7.65 km/km²；孤立比例0.0%；距大型綠地0m","2021面積_ha":6.57,"2022面積_ha":6.57,"2023面積_ha":6.57}},{"type":"Feature","geometry":{"type":"Polygon","coordinates":[[[121.71235073982957,24.83779812232979],[121.71229908328661,24.828770238723486],[121.70240662985009,24.82881704207077],[121.70244048237403,24.834817171130926],[121.7025012,24.834861999999998],[121.7027401,24.8349878],[121.70289020000001,24.83506059999999],[121.70317310000001,24.8351637],[121.70326520000002,24.8352024],[121.7034293,24.835314599999997],[121.70362739999999,24.835515400000002],[121.70373200000002,24.835707999999997],[121.7038648,24.8359849],[121.70393319999998,24.836067800000002],[121.7039905,24.8361095],[121.70406939999998,24.8361272],[121.7042073,24.836125799999998],[121.70436669999998,24.836153699999997],[121.7045152,24.8362339],[121.7046179,24.836308],[121.70475510000001,24.8364394],[121.7053182,24.836861599999995],[121.7056188,24.8371414],[121.7059075,24.837374099999998],[121.70605810000002,24.837434999999992],[121.7061513,24.8374575],[121.70646740000001,24.8376071],[121.706743,24.837779399999995],[121.70679258846256,24.83782450867767],[121.71235073982957,24.83779812232979]]]},"properties":{"grid_id":"G058_039","綠地類型":"河川沿岸自然地表","中心經度":121.70737,"中心緯度":24.831794,"分析面積_km2":0.968,"2020面積_ha":34.56,"2024面積_ha":34.56,"面積減少率_pct":0.0,"2020斑塊數":1,"2024斑塊數":1,"斑塊數增加率_pct":0.0,"2020平均斑塊面積_ha":563.22,"2024平均斑塊面積_ha":552.24,"平均斑塊面積下降率_pct":1.95,"道路切割密度_km_per_km2":2.323,"建成區邊界切割密度_km_per_km2":0.0,"孤立小斑塊比例_pct":0.0,"距大型連續綠地平均距離_m":0.0,"score_面積減少":36.206896551724135,"score_斑塊增加":44.260435571687836,"score_平均斑塊縮小":71.3929219600726,"score_道路建成區切割":48.16243194192378,"score_孤立比例":40.58529945553539,"score_距大型綠地":38.40744101633394,"綜合破碎化分數":46.5,"破碎化等級":"中","判定原因":"面積減少0.0%；斑塊增加0.0%；平均斑塊縮小1.9%；道路密度2.32 km/km²；孤立比例0.0%；距大型綠地0m","2021面積_ha":34.56,"2022面積_ha":34.56,"2023面積_ha":34.56}},{"type":"Feature","geometry":{"type":"Polygon","coordinates":[[[121.71229908328661,24.828770238723486],[121.71235073982957,24.83779812232979],[121.72224388544657,24.837750645001147],[121.7221915116471,24.828722780941593],[121.71229908328661,24.828770238723486]]]},"properties":{"grid_id":"G058_040","綠地類型":"河川沿岸自然地表","中心經度":121.717271,"中心緯度":24.833261,"分析面積_km2":1.04,"2020面積_ha":35.91,"2024面積_ha":35.91,"面積減少率_pct":0.0,"2020斑塊數":1,"2024斑塊數":1,"斑塊數增加率_pct":0.0,"2020平均斑塊面積_ha":563.22,"2024平均斑塊面積_ha":552.24,"平均斑塊面積下降率_pct":1.95,"道路切割密度_km_per_km2":0.0,"建成區邊界切割密度_km_per_km2":0.0,"孤立小斑塊比例_pct":0.0,"距大型連續綠地平均距離_m":0.0,"score_面積減少":36.206896551724135,"score_斑塊增加":44.260435571687836,"score_平均斑塊縮小":71.3929219600726,"score_道路建成區切割":25.941470054446462,"score_孤立比例":40.58529945553539,"score_距大型綠地":38.40744101633394,"綜合破碎化分數":42.8,"破碎化等級":"中","判定原因":"面積減少0.0%；斑塊增加0.0%；平均斑塊縮小1.9%；道路密度0.00 km/km²；孤立比例0.0%；距大型綠地0m","2021面積_ha":35.91,"2022面積_ha":35.91,"2023面積_ha":35.91}},{"type":"Feature","geometry":{"type":"Polygon","coordinates":[[[121.7221915116471,24.828722780941593],[121.72224388544657,24.837750645001147],[121.73213700563133,24.837702512974932],[121.73208391458348,24.828674668731665],[121.7221915116471,24.828722780941593]]]},"properties":{"grid_id":"G058_041","綠地類型":"河川沿岸自然地表","中心經度":121.727164,"中心緯度":24.833213,"分析面積_km2":1.04,"2020面積_ha":57.69,"2024面積_ha":57.69,"面積減少率_pct":0.0,"2020斑塊數":1,"2024斑塊數":1,"斑塊數增加率_pct":0.0,"2020平均斑塊面積_ha":563.22,"2024平均斑塊面積_ha":552.24,"平均斑塊面積下降率_pct":1.95,"道路切割密度_km_per_km2":1.211,"建成區邊界切割密度_km_per_km2":0.0,"孤立小斑塊比例_pct":0.0,"距大型連續綠地平均距離_m":0.0,"score_面積減少":36.206896551724135,"score_斑塊增加":44.260435571687836,"score_平均斑塊縮小":71.3929219600726,"score_道路建成區切割":40.369782214156075,"score_孤立比例":40.58529945553539,"score_距大型綠地":38.40744101633394,"綜合破碎化分數":45.2,"破碎化等級":"中","判定原因":"面積減少0.0%；斑塊增加0.0%；平均斑塊縮小1.9%；道路密度1.21 km/km²；孤立比例0.0%；距大型綠地0m","2021面積_ha":57.69,"2022面積_ha":57.69,"2023面積_ha":57.69}},{"type":"Feature","geometry":{"type":"Polygon","coordinates":[[[121.71235073982957,24.83779812232979],[121.70679258846256,24.83782450867767],[121.7068548,24.837881099999997],[121.70696770000002,24.8380235],[121.7071228,24.8382391],[121.7072308,24.8384553],[121.7073035,24.838708099999998],[121.70733150000001,24.838769399999997],[121.70737040000002,24.838808799999992],[121.7074445,24.838830999999995],[121.70752190000002,24.8388481],[121.7075982,24.838854],[121.70782130000002,24.838856999999997],[121.7079827,24.8388993],[121.708178,24.8389585],[121.70832459999998,24.839028199999998],[121.7083664,24.8390634],[121.70840520000002,24.839133699999998],[121.70845500000001,24.839332399999996],[121.7084579,24.839449099999992],[121.70853060000002,24.839828299999994],[121.7086184,24.840074799999996],[121.70875360000001,24.8403936],[121.70879980000001,24.8404628],[121.70897340000002,24.8405686],[121.709877,24.8407756],[121.7103654,24.840898499999998],[121.7106921,24.8409582],[121.71082880000002,24.841031],[121.71098160000001,24.841145299999997],[121.7110486,24.841213399999994],[121.7110875,24.841254100000004],[121.71130799999999,24.8414426],[121.71138300000001,24.841463899999997],[121.71237212517057,24.841534298703337],[121.71235073982957,24.83779812232979]]]},"properties":{"grid_id":"G059_039","綠地類型":"河川沿岸自然地表","中心經度":121.710428,"中心緯度":24.83963,"分析面積_km2":0.164,"2020面積_ha":10.89,"2024面積_ha":10.89,"面積減少率_pct":0.0,"2020斑塊數":1,"2024斑塊數":1,"斑塊數增加率_pct":0.0,"2020平均斑塊面積_ha":563.22,"2024平均斑塊面積_ha":552.24,"平均斑塊面積下降率_pct":1.95,"道路切割密度_km_per_km2":2.381,"建成區邊界切割密度_km_per_km2":0.0,"孤立小斑塊比例_pct":0.0,"距大型連續綠地平均距離_m":0.0,"score_面積減少":36.206896551724135,"score_斑塊增加":44.260435571687836,"score_平均斑塊縮小":71.3929219600726,"score_道路建成區切割":48.366606170598914,"score_孤立比例":40.58529945553539,"score_距大型綠地":38.40744101633394,"綜合破碎化分數":46.5,"破碎化等級":"中","判定原因":"面積減少0.0%；斑塊增加0.0%；平均斑塊縮小1.9%；道路密度2.38 km/km²；孤立比例0.0%；距大型綠地0m","2021面積_ha":10.89,"2022面積_ha":10.89,"2023面積_ha":10.89}},{"type":"Feature","geometry":{"type":"Polygon","coordinates":[[[121.72229628467828,24.846778498054277],[121.72224388544657,24.837750645001147],[121.71235073982957,24.83779812232979],[121.71237212517057,24.841534298703337],[121.71342040000002,24.841608899999994],[121.71389890000002,24.841651799999994],[121.71428120000002,24.841778399999995],[121.71474690000001,24.842249199999998],[121.7149282,24.842608500000004],[121.71522000000002,24.842892699999997],[121.71531249999998,24.843317],[121.71531009999998,24.843662099999992],[121.7153664,24.844026699999997],[121.71552450000001,24.8442835],[121.71570100000001,24.844413799999998],[121.71632580000002,24.8446681],[121.71676540000001,24.8447702],[121.7171196,24.844833],[121.71748990000002,24.845022999999998],[121.7179375,24.845345599999998],[121.7181697,24.845477499999998],[121.71866,24.84565639999999],[121.7188336,24.845644999999998],[121.719006,24.845641399999995],[121.71934320000001,24.845576399999995],[121.7195164,24.845559300000005],[121.7196377,24.8455581],[121.7196794,24.8455617],[121.7197329,24.845579899999994],[121.71979530000002,24.8457225],[121.71982800000002,24.8457864],[121.7198015,24.846017999999997],[121.71972190000001,24.846223000000002],[121.7196465,24.846330899999998],[121.7195759,24.846398099999995],[121.71954279999999,24.846456699999997],[121.71954420000002,24.8465548],[121.7196074,24.8466785],[121.719701,24.8467829],[121.71970713848802,24.846790990898654],[121.72229628467828,24.846778498054277]]]},"properties":{"grid_id":"G059_040","綠地類型":"河川沿岸自然地表","中心經度":121.718554,"中心緯度":24.842411,"分析面積_km2":0.774,"2020面積_ha":27.45,"2024面積_ha":27.45,"面積減少率_pct":0.0,"2020斑塊數":1,"2024斑塊數":1,"斑塊數增加率_pct":0.0,"2020平均斑塊面積_ha":563.22,"2024平均斑塊面積_ha":552.24,"平均斑塊面積下降率_pct":1.95,"道路切割密度_km_per_km2":1.744,"建成區邊界切割密度_km_per_km2":0.0,"孤立小斑塊比例_pct":0.0,"距大型連續綠地平均距離_m":0.0,"score_面積減少":36.206896551724135,"score_斑塊增加":44.260435571687836,"score_平均斑塊縮小":71.3929219600726,"score_道路建成區切割":44.759528130671505,"score_孤立比例":40.58529945553539,"score_距大型綠地":38.40744101633394,"綜合破碎化分數":45.9,"破碎化等級":"中","判定原因":"面積減少0.0%；斑塊增加0.0%；平均斑塊縮小1.9%；道路密度1.74 km/km²；孤立比例0.0%；距大型綠地0m","2021面積_ha":27.45,"2022面積_ha":27.45,"2023面積_ha":27.45}},{"type":"Feature","geometry":{"type":"Polygon","coordinates":[[[121.72224388544657,24.837750645001147],[121.72229628467828,24.846778498054277],[121.73219012245967,24.84673034620899],[121.73213700563133,24.837702512974932],[121.72224388544657,24.837750645001147]]]},"properties":{"grid_id":"G059_041","綠地類型":"河川沿岸自然地表","中心經度":121.727217,"中心緯度":24.842241,"分析面積_km2":1.04,"2020面積_ha":45.9,"2024面積_ha":45.9,"面積減少率_pct":0.0,"2020斑塊數":1,"2024斑塊數":1,"斑塊數增加率_pct":0.0,"2020平均斑塊面積_ha":563.22,"2024平均斑塊面積_ha":552.24,"平均斑塊面積下降率_pct":1.95,"道路切割密度_km_per_km2":1.442,"建成區邊界切割密度_km_per_km2":0.0,"孤立小斑塊比例_pct":0.0,"距大型連續綠地平均距離_m":0.0,"score_面積減少":36.206896551724135,"score_斑塊增加":44.260435571687836,"score_平均斑塊縮小":71.3929219600726,"score_道路建成區切割":41.98049001814882,"score_孤立比例":40.58529945553539,"score_距大型綠地":38.40744101633394,"綜合破碎化分數":45.5,"破碎化等級":"中","判定原因":"面積減少0.0%；斑塊增加0.0%；平均斑塊縮小1.9%；道路密度1.44 km/km²；孤立比例0.0%；距大型綠地0m","2021面積_ha":45.9,"2022面積_ha":45.9,"2023面積_ha":45.9}},{"type":"Feature","geometry":{"type":"Polygon","coordinates":[[[121.74203010003562,24.83765372625782],[121.74208393445238,24.846681539403235],[121.75197772030805,24.84663207764377],[121.75192316831117,24.83760428485655],[121.74203010003562,24.83765372625782]]]},"properties":{"grid_id":"G059_043","綠地類型":"河川沿岸自然地表","中心經度":121.747004,"中心緯度":24.842143,"分析面積_km2":1.04,"2020面積_ha":53.46,"2024面積_ha":53.46,"面積減少率_pct":0.0,"2020斑塊數":1,"2024斑塊數":1,"斑塊數增加率_pct":0.0,"2020平均斑塊面積_ha":563.22,"2024平均斑塊面積_ha":552.24,"平均斑塊面積下降率_pct":1.95,"道路切割密度_km_per_km2":1.586,"建成區邊界切割密度_km_per_km2":0.0,"孤立小斑塊比例_pct":0.0,"距大型連續綠地平均距離_m":0.0,"score_面積減少":36.206896551724135,"score_斑塊增加":44.260435571687836,"score_平均斑塊縮小":71.3929219600726,"score_道路建成區切割":43.30762250453721,"score_孤立比例":40.58529945553539,"score_距大型綠地":38.40744101633394,"綜合破碎化分數":45.7,"破碎化等級":"中","判定原因":"面積減少0.0%；斑塊增加0.0%；平均斑塊縮小1.9%；道路密度1.59 km/km²；孤立比例0.0%；距大型綠地0m","2021面積_ha":53.46,"2022面積_ha":53.46,"2023面積_ha":53.46}},{"type":"Feature","geometry":{"type":"Polygon","coordinates":[[[121.74208393445238,24.846681539403235],[121.73219012245967,24.84673034620899],[121.73224206299818,24.855554008912236],[121.73227070000002,24.8555572],[121.7323914,24.8556099],[121.73246609999998,24.8556608],[121.73256157858067,24.8557566078401],[121.73407043695687,24.855749201155582],[121.7340707,24.855749100000004],[121.73417799999999,24.8557209],[121.7343395,24.8557075],[121.7345538,24.855701800000002],[121.7348363,24.855711399999997],[121.73495410000001,24.855730199999993],[121.7351642,24.855739499999995],[121.7352892,24.8557278],[121.7354845,24.8557131],[121.7357184,24.8556987],[121.73600039999998,24.855711499999998],[121.7361711,24.855716199999993],[121.736458,24.855706699999995],[121.7367338,24.855671299999997],[121.7368879,24.85562669999999],[121.736989,24.855564000000005],[121.73717739999998,24.855472399999996],[121.73727909999998,24.855421499999995],[121.73740329999998,24.855395],[121.737552,24.855355899999996],[121.7377775,24.855345599999996],[121.7379567,24.8553233],[121.73812120000001,24.855307000000003],[121.7382533,24.855297900000004],[121.738419,24.855237399999993],[121.73859220000001,24.855087599999994],[121.73865220000002,24.85502079999999],[121.7386887,24.8549478],[121.7387643,24.854691399999993],[121.7388223,24.85461129999999],[121.7389179,24.8545523],[121.73900149999999,24.8545209],[121.7391824,24.8544826],[121.7393583,24.854425799999998],[121.73940409999999,24.8544019],[121.73956790000001,24.854231199999997],[121.73963290000002,24.854161900000005],[121.73987180000002,24.8539887],[121.73993120000002,24.8539348],[121.7402074,24.853614499999996],[121.74034350000001,24.853510800000002],[121.7404678,24.853428],[121.7406377,24.853351399999998],[121.74071939999999,24.853307799999996],[121.7407939,24.853282199999995],[121.74088739999999,24.853240999999997],[121.74102030000002,24.853178799999995],[121.74113489999999,24.853139699999996],[121.74124570000001,24.853087],[121.7412974,24.8530465],[121.7414496,24.8528687],[121.7415894,24.852732800000002],[121.74167379999999,24.852678299999997],[121.74174880000001,24.85263979999999],[121.7418503,24.852543799999996],[121.7419136,24.852497999999997],[121.7419871,24.8524561],[121.74211834330329,24.852449463557292],[121.74208393445238,24.846681539403235]]]},"properties":{"grid_id":"G060_042","綠地類型":"河川沿岸自然地表","中心經度":121.737154,"中心緯度":24.84959,"分析面積_km2":0.934,"2020面積_ha":32.85,"2024面積_ha":32.85,"面積減少率_pct":0.0,"2020斑塊數":1,"2024斑塊數":1,"斑塊數增加率_pct":0.0,"2020平均斑塊面積_ha":563.22,"2024平均斑塊面積_ha":552.24,"平均斑塊面積下降率_pct":1.95,"道路切割密度_km_per_km2":2.922,"建成區邊界切割密度_km_per_km2":0.0,"孤立小斑塊比例_pct":0.0,"距大型連續綠地平均距離_m":0.0,"score_面積減少":36.206896551724135,"score_斑塊增加":44.260435571687836,"score_平均斑塊縮小":71.3929219600726,"score_道路建成區切割":50.49909255898366,"score_孤立比例":40.58529945553539,"score_距大型綠地":38.40744101633394,"綜合破碎化分數":46.9,"破碎化等級":"中","判定原因":"面積減少0.0%；斑塊增加0.0%；平均斑塊縮小1.9%；道路密度2.92 km/km²；孤立比例0.0%；距大型綠地0m","2021面積_ha":32.85,"2022面積_ha":32.85,"2023面積_ha":32.85}},{"type":"Feature","geometry":{"type":"Polygon","coordinates":[[[121.75197772030805,24.84663207764377],[121.74208393445238,24.846681539403235],[121.74211834330329,24.852449463557292],[121.7422343,24.8524436],[121.74267550000002,24.8524645],[121.7429136,24.852448499999998],[121.74300740000001,24.8524749],[121.7431274,24.8525388],[121.7432992,24.852704099999997],[121.7434186,24.852791699999994],[121.74345530000001,24.852813200000003],[121.74349699999999,24.852822299999996],[121.7435644,24.852824099999996],[121.74364160000002,24.852830300000004],[121.74368700000001,24.852821299999995],[121.7438953,24.8528053],[121.74413759999999,24.852777799999995],[121.7442823,24.8527669],[121.7447332,24.8527494],[121.74478950000001,24.852766599999995],[121.7449274,24.8527884],[121.7450134,24.8527926],[121.7451044,24.852816200000003],[121.74524050000001,24.852808799999995],[121.74539169999998,24.852793900000005],[121.7455205,24.852806599999997],[121.7457069,24.8528378],[121.74590689999998,24.8528922],[121.7460795,24.852960099999997],[121.7462897,24.853078699999994],[121.7463486,24.853109099999998],[121.7463986,24.853147199999995],[121.7467561,24.8534107],[121.7468821,24.853478500000005],[121.74700679999998,24.853485399999997],[121.747135,24.853525299999994],[121.7472682,24.853584199999993],[121.7473424,24.8536472],[121.7473864,24.853700000000003],[121.7474278,24.853766300000004],[121.7474654,24.853899199999997],[121.7475229,24.854071399999995],[121.74759740000002,24.8542212],[121.7476382,24.8543336],[121.74762380000001,24.8545164],[121.74762390000001,24.8545993],[121.74764960000002,24.8547257],[121.7476879,24.854796499999992],[121.747765,24.854861299999992],[121.74784610000002,24.854908899999998],[121.74796350000001,24.854947399999997],[121.7480395,24.854961399999997],[121.7482207,24.854947500000005],[121.7484839,24.85501869999999],[121.7488409,24.8550709],[121.7490188,24.855037],[121.74922909999998,24.855013799999995],[121.74942799999998,24.8549632],[121.7494956,24.854954099999997],[121.7495624,24.854949800000004],[121.74976669999998,24.854907699999995],[121.75028660000001,24.854582900000004],[121.750558,24.8544871],[121.7506483,24.854475399999995],[121.75077400000002,24.854544299999993],[121.7509491,24.8547218],[121.7512044,24.85488120000001],[121.75135310000002,24.8549369],[121.7514626,24.854945200000003],[121.7515543,24.854930799999998],[121.7517163,24.854936399999993],[121.7518792,24.854965599999996],[121.75201770000001,24.854998699999996],[121.75202831153784,24.855000479969917],[121.75197772030805,24.84663207764377]]]},"properties":{"grid_id":"G060_043","綠地類型":"河川沿岸自然地表","中心經度":121.747048,"中心緯度":24.849538,"分析面積_km2":0.818,"2020面積_ha":1.62,"2024面積_ha":1.62,"面積減少率_pct":0.0,"2020斑塊數":1,"2024斑塊數":1,"斑塊數增加率_pct":0.0,"2020平均斑塊面積_ha":563.22,"2024平均斑塊面積_ha":552.24,"平均斑塊面積下降率_pct":1.95,"道路切割密度_km_per_km2":3.594,"建成區邊界切割密度_km_per_km2":0.0,"孤立小斑塊比例_pct":0.0,"距大型連續綠地平均距離_m":0.0,"score_面積減少":36.206896551724135,"score_斑塊增加":44.260435571687836,"score_平均斑塊縮小":71.3929219600726,"score_道路建成區切割":52.83575317604355,"score_孤立比例":40.58529945553539,"score_距大型綠地":38.40744101633394,"綜合破碎化分數":47.3,"破碎化等級":"中","判定原因":"面積減少0.0%；斑塊增加0.0%；平均斑塊縮小1.9%；道路密度3.59 km/km²；孤立比例0.0%；距大型綠地0m","2021面積_ha":1.62,"2022面積_ha":1.62,"2023面積_ha":1.62}},{"type":"Feature","geometry":{"type":"Polygon","coordinates":[[[121.76192677608066,24.855609722076114],[121.76187147967833,24.84658196093744],[121.75197772030805,24.84663207764377],[121.75202831153784,24.855000479969917],[121.75220430000002,24.85503],[121.7523825,24.854992199999995],[121.75258590000001,24.8549229],[121.7529056,24.854854500000002],[121.7530616,24.854870099999996],[121.75337979999999,24.854950599999995],[121.7534787,24.854986999999998],[121.75356280000001,24.855039199999997],[121.7536415,24.855102400000003],[121.7536718,24.8551379],[121.75369150000002,24.855249799999996],[121.7536722,24.8553523],[121.75364380000002,24.8554355],[121.7535978,24.85551359999999],[121.75352377615417,24.855652343740356],[121.76192677608066,24.855609722076114]]]},"properties":{"grid_id":"G060_044","綠地類型":"河川沿岸自然地表","中心經度":121.75695,"中心緯度":24.850721,"分析面積_km2":1.024,"2020面積_ha":8.1,"2024面積_ha":8.1,"面積減少率_pct":0.0,"2020斑塊數":1,"2024斑塊數":1,"斑塊數增加率_pct":0.0,"2020平均斑塊面積_ha":164.52,"2024平均斑塊面積_ha":164.34,"平均斑塊面積下降率_pct":0.11,"道路切割密度_km_per_km2":0.762,"建成區邊界切割密度_km_per_km2":0.0,"孤立小斑塊比例_pct":0.0,"距大型連續綠地平均距離_m":0.0,"score_面積減少":36.206896551724135,"score_斑塊增加":44.260435571687836,"score_平均斑塊縮小":58.37114337568058,"score_道路建成區切割":38.31669691470054,"score_孤立比例":40.58529945553539,"score_距大型綠地":38.40744101633394,"綜合破碎化分數":42.7,"破碎化等級":"中","判定原因":"面積減少0.0%；斑塊增加0.0%；平均斑塊縮小0.1%；道路密度0.76 km/km²；孤立比例0.0%；距大型綠地0m","2021面積_ha":8.1,"2022面積_ha":8.1,"2023面積_ha":8.1}},{"type":"Feature","geometry":{"type":"Polygon","coordinates":[[[121.76187147967833,24.84658196093744],[121.76192677608066,24.855609722076114],[121.77182122652867,24.855558929529604],[121.77176521221485,24.84653118929117],[121.76187147967833,24.84658196093744]]]},"properties":{"grid_id":"G060_045","綠地類型":"河川沿岸自然地表","中心經度":121.766846,"中心緯度":24.851071,"分析面積_km2":1.04,"2020面積_ha":36.27,"2024面積_ha":36.27,"面積減少率_pct":0.0,"2020斑塊數":2,"2024斑塊數":2,"斑塊數增加率_pct":0.0,"2020平均斑塊面積_ha":136.035,"2024平均斑塊面積_ha":134.775,"平均斑塊面積下降率_pct":0.93,"道路切割密度_km_per_km2":4.181,"建成區邊界切割密度_km_per_km2":0.0,"孤立小斑塊比例_pct":0.0,"距大型連續綠地平均距離_m":0.0,"score_面積減少":36.206896551724135,"score_斑塊增加":44.260435571687836,"score_平均斑塊縮小":68.62522686025409,"score_道路建成區切割":54.367059891107075,"score_孤立比例":40.58529945553539,"score_距大型綠地":38.40744101633394,"綜合破碎化分數":47.1,"破碎化等級":"中","判定原因":"面積減少0.0%；斑塊增加0.0%；平均斑塊縮小0.9%；道路密度4.18 km/km²；孤立比例0.0%；距大型綠地0m","2021面積_ha":36.27,"2022面積_ha":36.27,"2023面積_ha":36.27}},{"type":"Feature","geometry":{"type":"Polygon","coordinates":[[[121.77176521221485,24.84653118929117],[121.77182122652867,24.855558929529604],[121.78171564978597,24.8555074817806],[121.78165891756929,24.846479762712015],[121.77176521221485,24.84653118929117]]]},"properties":{"grid_id":"G060_046","綠地類型":"河川沿岸自然地表","中心經度":121.77674,"中心緯度":24.851019,"分析面積_km2":1.04,"2020面積_ha":32.13,"2024面積_ha":32.13,"面積減少率_pct":0.0,"2020斑塊數":1,"2024斑塊數":1,"斑塊數增加率_pct":0.0,"2020平均斑塊面積_ha":107.55,"2024平均斑塊面積_ha":105.21,"平均斑塊面積下降率_pct":2.18,"道路切割密度_km_per_km2":2.653,"建成區邊界切割密度_km_per_km2":0.0,"孤立小斑塊比例_pct":0.0,"距大型連續綠地平均距離_m":0.0,"score_面積減少":36.206896551724135,"score_斑塊增加":44.260435571687836,"score_平均斑塊縮小":72.02813067150635,"score_道路建成區切割":49.54627949183303,"score_孤立比例":40.58529945553539,"score_距大型綠地":38.40744101633394,"綜合破碎化分數":46.8,"破碎化等級":"中","判定原因":"面積減少0.0%；斑塊增加0.0%；平均斑塊縮小2.2%；道路密度2.65 km/km²；孤立比例0.0%；距大型綠地0m","2021面積_ha":32.13,"2022面積_ha":32.13,"2023面積_ha":32.13}},{"type":"Feature","geometry":{"type":"Polygon","coordinates":[[[121.78171564978597,24.8555074817806],[121.78177240954184,24.864535189819502],[121.79166752350244,24.864483065432687],[121.79161004550403,24.85545537883623],[121.78171564978597,24.8555074817806]]]},"properties":{"grid_id":"G061_047","綠地類型":"河川沿岸自然地表","中心經度":121.786691,"中心緯度":24.859995,"分析面積_km2":1.04,"2020面積_ha":68.04,"2024面積_ha":68.04,"面積減少率_pct":0.0,"2020斑塊數":1,"2024斑塊數":1,"斑塊數增加率_pct":0.0,"2020平均斑塊面積_ha":258.66,"2024平均斑塊面積_ha":258.3,"平均斑塊面積下降率_pct":0.14,"道路切割密度_km_per_km2":7.151,"建成區邊界切割密度_km_per_km2":0.0,"孤立小斑塊比例_pct":0.0,"距大型連續綠地平均距離_m":0.0,"score_面積減少":36.206896551724135,"score_斑塊增加":44.260435571687836,"score_平均斑塊縮小":58.666061705989115,"score_道路建成區切割":59.74364791288566,"score_孤立比例":40.58529945553539,"score_距大型綠地":38.40744101633394,"綜合破碎化分數":46.3,"破碎化等級":"中","判定原因":"面積減少0.0%；斑塊增加0.0%；平均斑塊縮小0.1%；道路密度7.15 km/km²；孤立比例0.0%；距大型綠地0m","2021面積_ha":68.04,"2022面積_ha":68.04,"2023面積_ha":68.04}},{"type":"Feature","geometry":{"type":"Polygon","coordinates":[[[121.78177240954184,24.864535189819502],[121.77187726803325,24.864586658741327],[121.77187963642147,24.864968085828348],[121.7719098,24.864977200000002],[121.77200810000001,24.865005],[121.7724964,24.865082799999996],[121.77271760000001,24.865074500000002],[121.77303680000001,24.865118999999996],[121.77336740000001,24.865117599999994],[121.77350639999999,24.8650539],[121.7737069,24.864933999999995],[121.7738233,24.8648931],[121.7739146,24.864903699999996],[121.7739776,24.864963999999997],[121.7740367,24.8650943],[121.774109,24.865157500000002],[121.77419789999999,24.865188399999997],[121.77432000000002,24.865170999999997],[121.7743973,24.865127899999997],[121.77452970000002,24.865013399999995],[121.7746046,24.864974999999998],[121.7746512,24.864965400000006],[121.774811,24.864950499999996],[121.7749439,24.864951],[121.77509440000001,24.8649987],[121.7751746,24.8650351],[121.775427,24.865082999999995],[121.7754823,24.8651229],[121.7756067,24.8654257],[121.7757273,24.8657037],[121.7757354,24.8659537],[121.77568879999998,24.86604549999999],[121.7756278,24.866109199999993],[121.77556000000001,24.8661629],[121.7753357,24.86638],[121.7751944,24.866611],[121.77518740000001,24.86667299999999],[121.7751947,24.866717499999996],[121.7752334,24.8668067],[121.77534,24.866941399999998],[121.7754743,24.867082999999994],[121.77555619999998,24.867145099999995],[121.77568159999998,24.8673062],[121.7757483,24.8673906],[121.77580510000001,24.867474699999995],[121.7758491,24.867607200000002],[121.77609040000002,24.868072400000003],[121.7761324,24.8681338],[121.7763877,24.8686634],[121.7764576,24.8687992],[121.7766174,24.868990200000002],[121.7767148,24.8690334],[121.7768035,24.869079700000004],[121.7768615,24.869117699999997],[121.7769307,24.8691824],[121.77696410000001,24.869273699999994],[121.7770238,24.869341600000006],[121.7771671,24.869493999999996],[121.7772393,24.869592],[121.7772979,24.869710599999998],[121.777341,24.8699544],[121.7773566,24.870101],[121.77731189999999,24.870299499999998],[121.7772857,24.8704076],[121.7772904,24.8706679],[121.7773315,24.870766299999993],[121.7773943,24.8708199],[121.77763200000001,24.870892300000005],[121.7778644,24.870960999999994],[121.7780669,24.871023299999997],[121.77820470000002,24.871061299999994],[121.7783009,24.871104499999998],[121.7783705,24.871124],[121.7786141,24.8711904],[121.7787809,24.871264399999998],[121.7789469,24.87132],[121.77914740000001,24.871410199999996],[121.77938540000001,24.871537200000002],[121.7797599,24.8717452],[121.780011,24.8718473],[121.78026170000001,24.8719754],[121.78059290000002,24.8721889],[121.78068869999998,24.8722304],[121.7809048,24.872359099999997],[121.7810254,24.8724932],[121.78113990000001,24.8726417],[121.7812213,24.872708199999998],[121.78133849999999,24.872780899999995],[121.78148010000001,24.872849499999997],[121.78150710000001,24.872860399999997],[121.78182545124038,24.872967568726672],[121.78177240954184,24.864535189819502]]]},"properties":{"grid_id":"G062_046","綠地類型":"河川沿岸自然地表","中心經度":121.779111,"中心緯度":24.868717,"分析面積_km2":0.468,"2020面積_ha":4.32,"2024面積_ha":4.32,"面積減少率_pct":0.0,"2020斑塊數":1,"2024斑塊數":1,"斑塊數增加率_pct":0.0,"2020平均斑塊面積_ha":258.66,"2024平均斑塊面積_ha":258.3,"平均斑塊面積下降率_pct":0.14,"道路切割密度_km_per_km2":9.872,"建成區邊界切割密度_km_per_km2":0.0,"孤立小斑塊比例_pct":0.0,"距大型連續綠地平均距離_m":0.0,"score_面積減少":36.206896551724135,"score_斑塊增加":44.260435571687836,"score_平均斑塊縮小":58.666061705989115,"score_道路建成區切割":63.22595281306715,"score_孤立比例":40.58529945553539,"score_距大型綠地":38.40744101633394,"綜合破碎化分數":46.9,"破碎化等級":"中","判定原因":"面積減少0.0%；斑塊增加0.0%；平均斑塊縮小0.1%；道路密度9.87 km/km²；孤立比例0.0%；距大型綠地0m","2021面積_ha":4.32,"2022面積_ha":4.32,"2023面積_ha":4.32}},{"type":"Feature","geometry":{"type":"Polygon","coordinates":[[[121.79172502939737,24.873510740993474],[121.79166752350244,24.864483065432687],[121.78177240954184,24.864535189819502],[121.78182545124038,24.872967568726672],[121.78182999999999,24.872969099999995],[121.7819642,24.8730722],[121.78200420000002,24.8731148],[121.78201270000001,24.873332099999995],[121.7820008,24.873377599999998],[121.7820071,24.873487399999995],[121.78205890000001,24.873556699999998],[121.78206465646211,24.87356165369469],[121.79172502939737,24.873510740993474]]]},"properties":{"grid_id":"G062_047","綠地類型":"河川沿岸自然地表","中心經度":121.786747,"中心緯度":24.868725,"分析面積_km2":1.037,"2020面積_ha":36.81,"2024面積_ha":36.81,"面積減少率_pct":0.0,"2020斑塊數":1,"2024斑塊數":1,"斑塊數增加率_pct":0.0,"2020平均斑塊面積_ha":258.66,"2024平均斑塊面積_ha":258.3,"平均斑塊面積下降率_pct":0.14,"道路切割密度_km_per_km2":5.411,"建成區邊界切割密度_km_per_km2":0.0,"孤立小斑塊比例_pct":0.0,"距大型連續綠地平均距離_m":0.0,"score_面積減少":36.206896551724135,"score_斑塊增加":44.260435571687836,"score_平均斑塊縮小":58.666061705989115,"score_道路建成區切割":56.6016333938294,"score_孤立比例":40.58529945553539,"score_距大型綠地":38.40744101633394,"綜合破碎化分數":45.8,"破碎化等級":"中","判定原因":"面積減少0.0%；斑塊增加0.0%；平均斑塊縮小0.1%；道路密度5.41 km/km²；孤立比例0.0%；距大型綠地0m","2021面積_ha":36.36,"2022面積_ha":36.36,"2023面積_ha":36.81}},{"type":"Feature","geometry":{"type":"Polygon","coordinates":[[[121.79166752350244,24.864483065432687],[121.79172502939737,24.873510740993474],[121.80162083404365,24.873457939433752],[121.8015626095665,24.8644302855881],[121.79166752350244,24.864483065432687]]]},"properties":{"grid_id":"G062_048","綠地類型":"河川沿岸自然地表","中心經度":121.796644,"中心緯度":24.868971,"分析面積_km2":1.04,"2020面積_ha":44.64,"2024面積_ha":44.64,"面積減少率_pct":0.0,"2020斑塊數":2,"2024斑塊數":2,"斑塊數增加率_pct":0.0,"2020平均斑塊面積_ha":234.855,"2024平均斑塊面積_ha":235.125,"平均斑塊面積下降率_pct":0.0,"道路切割密度_km_per_km2":3.518,"建成區邊界切割密度_km_per_km2":0.0,"孤立小斑塊比例_pct":0.0,"距大型連續綠地平均距離_m":0.0,"score_面積減少":36.206896551724135,"score_斑塊增加":44.260435571687836,"score_平均斑塊縮小":28.153357531760438,"score_道路建成區切割":52.6429219600726,"score_孤立比例":40.58529945553539,"score_距大型綠地":38.40744101633394,"綜合破碎化分數":40.0,"破碎化等級":"中","判定原因":"面積減少0.0%；斑塊增加0.0%；平均斑塊縮小0.0%；道路密度3.52 km/km²；孤立比例0.0%；距大型綠地0m","2021面積_ha":44.64,"2022面積_ha":44.64,"2023面積_ha":44.64}},{"type":"Feature","geometry":{"type":"Polygon","coordinates":[[[121.8015626095665,24.8644302855881],[121.80162083404365,24.873457939433752],[121.81151661043585,24.87340448215392],[121.81145766738553,24.864376850293052],[121.8015626095665,24.8644302855881]]]},"properties":{"grid_id":"G062_049","綠地類型":"河川沿岸自然地表","中心經度":121.806539,"中心緯度":24.868917,"分析面積_km2":1.04,"2020面積_ha":57.33,"2024面積_ha":57.96,"面積減少率_pct":0.0,"2020斑塊數":2,"2024斑塊數":2,"斑塊數增加率_pct":0.0,"2020平均斑塊面積_ha":234.855,"2024平均斑塊面積_ha":235.125,"平均斑塊面積下降率_pct":0.0,"道路切割密度_km_per_km2":6.949,"建成區邊界切割密度_km_per_km2":0.577,"孤立小斑塊比例_pct":0.0,"距大型連續綠地平均距離_m":0.0,"score_面積減少":36.206896551724135,"score_斑塊增加":44.260435571687836,"score_平均斑塊縮小":28.153357531760438,"score_道路建成區切割":81.48820326678765,"score_孤立比例":40.58529945553539,"score_距大型綠地":38.40744101633394,"綜合破碎化分數":44.9,"破碎化等級":"中","判定原因":"面積減少0.0%；斑塊增加0.0%；平均斑塊縮小0.0%；道路密度6.95 km/km²；孤立比例0.0%；距大型綠地0m","2021面積_ha":58.14,"2022面積_ha":56.34,"2023面積_ha":58.32}},{"type":"Feature","geometry":{"type":"Polygon","coordinates":[[[121.81145766738553,24.864376850293052],[121.81151661043585,24.87340448215392],[121.82141235822533,24.873350369161372],[121.82135269661092,24.864322759554934],[121.81145766738553,24.864376850293052]]]},"properties":{"grid_id":"G062_050","綠地類型":"河川沿岸自然地表","中心經度":121.816435,"中心緯度":24.868864,"分析面積_km2":1.04,"2020面積_ha":22.86,"2024面積_ha":22.95,"面積減少率_pct":0.0,"2020斑塊數":3,"2024斑塊數":3,"斑塊數增加率_pct":0.0,"2020平均斑塊面積_ha":105.93,"2024平均斑塊面積_ha":106.2,"平均斑塊面積下降率_pct":0.0,"道路切割密度_km_per_km2":9.198,"建成區邊界切割密度_km_per_km2":0.519,"孤立小斑塊比例_pct":0.0,"距大型連續綠地平均距離_m":0.0,"score_面積減少":36.206896551724135,"score_斑塊增加":44.260435571687836,"score_平均斑塊縮小":28.153357531760438,"score_道路建成區切割":84.17649727767696,"score_孤立比例":40.58529945553539,"score_距大型綠地":38.40744101633394,"綜合破碎化分數":45.3,"破碎化等級":"中","判定原因":"面積減少0.0%；斑塊增加0.0%；平均斑塊縮小0.0%；道路密度9.20 km/km²；孤立比例0.0%；距大型綠地0m","2021面積_ha":22.77,"2022面積_ha":22.5,"2023面積_ha":23.22}},{"type":"Feature","geometry":{"type":"Polygon","coordinates":[[[121.79178256319771,24.882538405515625],[121.79172502939737,24.873510740993474],[121.78206465646211,24.87356165369469],[121.7821471,24.8736326],[121.78248970000001,24.873748399999993],[121.78263190000001,24.873789899999995],[121.78277770000001,24.873797000000003],[121.78295860000001,24.8738432],[121.783038,24.873954399999995],[121.783222,24.8742153],[121.7832952,24.8741566],[121.7836482,24.873997],[121.7837535,24.87392519999999],[121.783854,24.8738336],[121.7839759,24.873745399999997],[121.7840752,24.87369149999999],[121.784302,24.873619099999996],[121.784446,24.8736206],[121.7845339,24.8736419],[121.784599,24.87366799999999],[121.7846997,24.8737235],[121.78484909999999,24.8738301],[121.78496159999999,24.873930499999993],[121.7851468,24.874104699999993],[121.7852098,24.874184900000003],[121.78521990000002,24.874283],[121.7851931,24.8744011],[121.78515350000002,24.874459999999996],[121.78510920000001,24.874510199999996],[121.785055,24.874557699999997],[121.78499910000001,24.8745965],[121.78488840000001,24.8746388],[121.784807,24.8746631],[121.7847234,24.874708],[121.78467890000002,24.8747532],[121.78462100000002,24.874844800000005],[121.7846305,24.874915299999998],[121.7847361,24.875110899999996],[121.7848357,24.875260100000002],[121.78490720000002,24.875446599999993],[121.7849341,24.8756209],[121.78491110000002,24.875817100000003],[121.7848322,24.876178999999997],[121.7847884,24.876361700000004],[121.78475130000001,24.876420299999992],[121.7845753,24.876787599999993],[121.7845387,24.876933599999997],[121.7844806,24.877059499999998],[121.7844215,24.877253499999995],[121.7843919,24.8773175],[121.784365,24.877431899999998],[121.78429560000001,24.8775495],[121.78421459999998,24.877665199999996],[121.7841573,24.877715900000002],[121.7840957,24.8777501],[121.7840475,24.8777971],[121.7839656,24.8778398],[121.78386499999999,24.877910599999996],[121.783789,24.877965700000004],[121.78358489999998,24.878129],[121.78354120000002,24.87816919999999],[121.7834988,24.878201999999998],[121.78341820000001,24.878243599999998],[121.78332830000001,24.878289899999995],[121.7832281,24.878372900000002],[121.7831796,24.878404199999995],[121.7830908,24.878459899999996],[121.7829012,24.8785315],[121.7828158,24.8785731],[121.78273810000002,24.878641599999998],[121.78255849999998,24.8788571],[121.78232740000001,24.8790607],[121.782239,24.8791788],[121.7822253,24.8793921],[121.78224450000002,24.879581099999992],[121.7822885,24.879747299999995],[121.7823292,24.8798094],[121.78239480000002,24.8799823],[121.78241680000001,24.880123199999996],[121.78242189999999,24.8802438],[121.7824058,24.880439099999997],[121.78235010000002,24.88078789999999],[121.7823122,24.8809145],[121.78230240000002,24.881069399999998],[121.78226980000001,24.8811098],[121.7821331,24.881231600000003],[121.7820917,24.881336399999995],[121.78205730000002,24.881493200000005],[121.78209759999999,24.881619299999997],[121.7821222,24.881716899999997],[121.7821379,24.881826300000004],[121.78216500000002,24.881964199999995],[121.7821516,24.882111199999997],[121.78211470000001,24.8821612],[121.7820398,24.8822292],[121.78195929999998,24.8822702],[121.7819003,24.8823396],[121.7819018,24.882418],[121.7819609,24.882575299999992],[121.78196830222662,24.88259014172709],[121.79178256319771,24.882538405515625]]]},"properties":{"grid_id":"G063_047","綠地類型":"河川沿岸自然地表","中心經度":121.78772,"中心緯度":24.878026,"分析面積_km2":0.859,"2020面積_ha":32.04,"2024面積_ha":32.04,"面積減少率_pct":0.0,"2020斑塊數":1,"2024斑塊數":1,"斑塊數增加率_pct":0.0,"2020平均斑塊面積_ha":258.66,"2024平均斑塊面積_ha":258.3,"平均斑塊面積下降率_pct":0.14,"道路切割密度_km_per_km2":2.586,"建成區邊界切割密度_km_per_km2":0.0,"孤立小斑塊比例_pct":0.0,"距大型連續綠地平均距離_m":0.0,"score_面積減少":36.206896551724135,"score_斑塊增加":44.260435571687836,"score_平均斑塊縮小":58.666061705989115,"score_道路建成區切割":49.2513611615245,"score_孤立比例":40.58529945553539,"score_距大型綠地":38.40744101633394,"綜合破碎化分數":44.6,"破碎化等級":"中","判定原因":"面積減少0.0%；斑塊增加0.0%；平均斑塊縮小0.1%；道路密度2.59 km/km²；孤立比例0.0%；距大型綠地0m","2021面積_ha":32.04,"2022面積_ha":32.04,"2023面積_ha":32.04}},{"type":"Feature","geometry":{"type":"Polygon","coordinates":[[[121.79172502939737,24.873510740993474],[121.79178256319771,24.882538405515625],[121.80167908677483,24.882485582237713],[121.80162083404365,24.873457939433752],[121.79172502939737,24.873510740993474]]]},"properties":{"grid_id":"G063_048","綠地類型":"河川沿岸自然地表","中心經度":121.796702,"中心緯度":24.877998,"分析面積_km2":1.04,"2020面積_ha":3.6,"2024面積_ha":3.6,"面積減少率_pct":0.0,"2020斑塊數":2,"2024斑塊數":2,"斑塊數增加率_pct":0.0,"2020平均斑塊面積_ha":234.855,"2024平均斑塊面積_ha":235.125,"平均斑塊面積下降率_pct":0.0,"道路切割密度_km_per_km2":7.266,"建成區邊界切割密度_km_per_km2":0.0,"孤立小斑塊比例_pct":0.0,"距大型連續綠地平均距離_m":0.0,"score_面積減少":36.206896551724135,"score_斑塊增加":44.260435571687836,"score_平均斑塊縮小":28.153357531760438,"score_道路建成區切割":59.91379310344827,"score_孤立比例":40.58529945553539,"score_距大型綠地":38.40744101633394,"綜合破碎化分數":41.3,"破碎化等級":"中","判定原因":"面積減少0.0%；斑塊增加0.0%；平均斑塊縮小0.0%；道路密度7.27 km/km²；孤立比例0.0%；距大型綠地0m","2021面積_ha":3.6,"2022面積_ha":3.6,"2023面積_ha":3.6}},{"type":"Feature","geometry":{"type":"Polygon","coordinates":[[[121.79184012491234,24.891566058996176],[121.79178256319771,24.882538405515625],[121.78196830222662,24.88259014172709],[121.78202049999999,24.882694799999996],[121.7820671,24.8827443],[121.7821784,24.882983699999997],[121.7822228,24.8830639],[121.78225389999999,24.883174399999994],[121.78225290000002,24.883286499999997],[121.78219830000002,24.8833434],[121.78210479999998,24.883396399999995],[121.78200460000001,24.883439599999996],[121.78196019999999,24.8834973],[121.78196670000001,24.883782800000006],[121.78198389999999,24.883833599999996],[121.78193920000001,24.884189999999997],[121.7819456,24.8842971],[121.7819468,24.884635399999997],[121.7819527,24.884810800000004],[121.7820202,24.885111699999996],[121.7820438,24.8851685],[121.7820935,24.8853475],[121.7822215,24.88588],[121.78228809999999,24.886276],[121.78229110000001,24.8868759],[121.7822642,24.887120999999993],[121.78219020000002,24.887488399999995],[121.782032,24.8880117],[121.78195449999998,24.8881419],[121.78192169344743,24.88825803520329],[121.78192181581548,24.888277468395223],[121.78195840000001,24.888461799999998],[121.78198920000001,24.8885466],[121.7820197,24.8887012],[121.78199010000002,24.8888595],[121.78192950000002,24.8889973],[121.78192637405378,24.889001344815703],[121.78193166842128,24.88984208767714],[121.7819766,24.8899037],[121.78200999999999,24.8899334],[121.78207,24.889991700000003],[121.7821259,24.8900136],[121.78223440000001,24.890005299999995],[121.7822987,24.889985],[121.7823941,24.889982700000004],[121.78248730000001,24.890007199999992],[121.78256200000001,24.890073199999993],[121.78267540000002,24.890159500000003],[121.7827707,24.8902383],[121.7828693,24.890342399999998],[121.7829891,24.890382099999997],[121.7831055,24.8903809],[121.78317019999999,24.890364999999996],[121.7832765,24.890385300000002],[121.78343450000001,24.8903963],[121.7835502,24.8903803],[121.7836372,24.89038],[121.78371050000001,24.890355000000003],[121.78393790000001,24.890310899999996],[121.7840554,24.8902763],[121.7841988,24.8902489],[121.78443050000001,24.890265199999998],[121.78453529999999,24.890300399999994],[121.784728,24.890331300000003],[121.78502820000001,24.890408],[121.78511820000001,24.8904494],[121.78528589999999,24.890488400000002],[121.78541550000001,24.890503199999998],[121.78563450000001,24.8906098],[121.78575070000001,24.8906999],[121.7857895,24.890777199999995],[121.78580469999999,24.890835799999998],[121.78580349999999,24.8908519],[121.78578010000001,24.890912299999997],[121.78573270000001,24.890979199999997],[121.7856332,24.8911563],[121.7856067,24.891240499999995],[121.78555180000001,24.891368899999996],[121.78551699999998,24.8915567],[121.7855169766367,24.89159947694952],[121.79184012491234,24.891566058996176]]]},"properties":{"grid_id":"G064_047","綠地類型":"河川沿岸自然地表","中心經度":121.787044,"中心緯度":24.886973,"分析面積_km2":0.949,"2020面積_ha":1.44,"2024面積_ha":1.44,"面積減少率_pct":0.0,"2020斑塊數":1,"2024斑塊數":1,"斑塊數增加率_pct":0.0,"2020平均斑塊面積_ha":258.66,"2024平均斑塊面積_ha":258.3,"平均斑塊面積下降率_pct":0.14,"道路切割密度_km_per_km2":4.491,"建成區邊界切割密度_km_per_km2":0.0,"孤立小斑塊比例_pct":0.0,"距大型連續綠地平均距離_m":0.0,"score_面積減少":36.206896551724135,"score_斑塊增加":44.260435571687836,"score_平均斑塊縮小":58.666061705989115,"score_道路建成區切割":54.92286751361162,"score_孤立比例":40.58529945553539,"score_距大型綠地":38.40744101633394,"綜合破碎化分數":45.5,"破碎化等級":"中","判定原因":"面積減少0.0%；斑塊增加0.0%；平均斑塊縮小0.1%；道路密度4.49 km/km²；孤立比例0.0%；距大型綠地0m","2021面積_ha":1.44,"2022面積_ha":1.44,"2023面積_ha":1.44}},{"type":"Feature","geometry":{"type":"Polygon","coordinates":[[[121.81157558208888,24.882432102969993],[121.81163458235376,24.891459712738282],[121.82153176831746,24.891405555227443],[121.82147204879111,24.882377967719865],[121.81157558208888,24.882432102969993]]]},"properties":{"grid_id":"G064_050","綠地類型":"河川沿岸自然地表","中心經度":121.816553,"中心緯度":24.886919,"分析面積_km2":1.04,"2020面積_ha":32.76,"2024面積_ha":32.76,"面積減少率_pct":0.0,"2020斑塊數":2,"2024斑塊數":2,"斑塊數增加率_pct":0.0,"2020平均斑塊面積_ha":296.685,"2024平均斑塊面積_ha":298.935,"平均斑塊面積下降率_pct":0.0,"道路切割密度_km_per_km2":4.498,"建成區邊界切割密度_km_per_km2":0.0,"孤立小斑塊比例_pct":0.0,"距大型連續綠地平均距離_m":0.0,"score_面積減少":36.206896551724135,"score_斑塊增加":44.260435571687836,"score_平均斑塊縮小":28.153357531760438,"score_道路建成區切割":54.95689655172414,"score_孤立比例":40.58529945553539,"score_距大型綠地":38.40744101633394,"綜合破碎化分數":40.4,"破碎化等級":"中","判定原因":"面積減少0.0%；斑塊增加0.0%；平均斑塊縮小0.0%；道路密度4.50 km/km²；孤立比例0.0%；距大型綠地0m","2021面積_ha":32.76,"2022面積_ha":32.76,"2023面積_ha":32.76}},{"type":"Feature","geometry":{"type":"Polygon","coordinates":[[[121.83136848653272,24.88232317649484],[121.83142892531134,24.891350741471978],[121.84132605298655,24.891295271479475],[121.84126489496498,24.8822677293025],[121.83136848653272,24.88232317649484]]]},"properties":{"grid_id":"G064_052","綠地類型":"河川沿岸自然地表","中心經度":121.836347,"中心緯度":24.886809,"分析面積_km2":1.04,"2020面積_ha":13.23,"2024面積_ha":13.23,"面積減少率_pct":0.0,"2020斑塊數":3,"2024斑塊數":3,"斑塊數增加率_pct":0.0,"2020平均斑塊面積_ha":150.6,"2024平均斑塊面積_ha":151.62,"平均斑塊面積下降率_pct":0.0,"道路切割密度_km_per_km2":6.171,"建成區邊界切割密度_km_per_km2":0.0,"孤立小斑塊比例_pct":0.0,"距大型連續綠地平均距離_m":0.0,"score_面積減少":36.206896551724135,"score_斑塊增加":44.260435571687836,"score_平均斑塊縮小":28.153357531760438,"score_道路建成區切割":57.849364791288565,"score_孤立比例":40.58529945553539,"score_距大型綠地":38.40744101633394,"綜合破碎化分數":40.9,"破碎化等級":"中","判定原因":"面積減少0.0%；斑塊增加0.0%；平均斑塊縮小0.0%；道路密度6.17 km/km²；孤立比例0.0%；距大型綠地0m","2021面積_ha":13.23,"2022面積_ha":13.23,"2023面積_ha":13.23}},{"type":"Feature","geometry":{"type":"Polygon","coordinates":[[[121.81163458235376,24.891459712738282],[121.81169361123962,24.90048731145585],[121.82159151681368,24.900433131681147],[121.82153176831746,24.891405555227443],[121.81163458235376,24.891459712738282]]]},"properties":{"grid_id":"G065_050","綠地類型":"河川沿岸自然地表","中心經度":121.816613,"中心緯度":24.895947,"分析面積_km2":1.04,"2020面積_ha":25.74,"2024面積_ha":25.74,"面積減少率_pct":0.0,"2020斑塊數":1,"2024斑塊數":1,"斑塊數增加率_pct":0.0,"2020平均斑塊面積_ha":211.05,"2024平均斑塊面積_ha":211.95,"平均斑塊面積下降率_pct":0.0,"道路切割密度_km_per_km2":3.72,"建成區邊界切割密度_km_per_km2":0.0,"孤立小斑塊比例_pct":0.0,"距大型連續綠地平均距離_m":0.0,"score_面積減少":36.206896551724135,"score_斑塊增加":44.260435571687836,"score_平均斑塊縮小":28.153357531760438,"score_道路建成區切割":53.19872958257713,"score_孤立比例":40.58529945553539,"score_距大型綠地":38.40744101633394,"綜合破碎化分數":40.1,"破碎化等級":"中","判定原因":"面積減少0.0%；斑塊增加0.0%；平均斑塊縮小0.0%；道路密度3.72 km/km²；孤立比例0.0%；距大型綠地0m","2021面積_ha":25.74,"2022面積_ha":25.74,"2023面積_ha":25.74}},{"type":"Feature","geometry":{"type":"Polygon","coordinates":[[[121.83142892531134,24.891350741471978],[121.83148939340867,24.900378295392056],[121.84138724067564,24.900322802596175],[121.84132605298655,24.891295271479475],[121.83142892531134,24.891350741471978]]]},"properties":{"grid_id":"G065_052","綠地類型":"河川沿岸自然地表","中心經度":121.836408,"中心緯度":24.895837,"分析面積_km2":1.04,"2020面積_ha":48.24,"2024面積_ha":48.24,"面積減少率_pct":0.0,"2020斑塊數":2,"2024斑塊數":2,"斑塊數增加率_pct":0.0,"2020平均斑塊面積_ha":213.3,"2024平均斑塊面積_ha":215.055,"平均斑塊面積下降率_pct":0.0,"道路切割密度_km_per_km2":7.67,"建成區邊界切割密度_km_per_km2":0.0,"孤立小斑塊比例_pct":0.0,"距大型連續綠地平均距離_m":0.0,"score_面積減少":36.206896551724135,"score_斑塊增加":44.260435571687836,"score_平均斑塊縮小":28.153357531760438,"score_道路建成區切割":60.44691470054447,"score_孤立比例":40.58529945553539,"score_距大型綠地":38.40744101633394,"綜合破碎化分數":41.3,"破碎化等級":"中","判定原因":"面積減少0.0%；斑塊增加0.0%；平均斑塊縮小0.0%；道路密度7.67 km/km²；孤立比例0.0%；距大型綠地0m","2021面積_ha":48.24,"2022面積_ha":48.24,"2023面積_ha":48.24}},{"type":"Feature","geometry":{"type":"Polygon","coordinates":[[[121.81169361123962,24.90048731145585],[121.80179567703544,24.900540834708668],[121.80179884383399,24.90103100261085],[121.8018238,24.9010265],[121.8019185,24.900997],[121.80199829999998,24.9009795],[121.80209,24.90098],[121.80217429999999,24.900988199999993],[121.8022215,24.9010001],[121.8024451,24.901136899999997],[121.8025965,24.90124489999999],[121.80266939999998,24.901308399999998],[121.80275510000001,24.901388199999996],[121.80280679999998,24.901452200000005],[121.80287120000001,24.9015145],[121.8029548,24.9015715],[121.8031309,24.9017274],[121.80320160000001,24.901768],[121.80332190000001,24.9017966],[121.80338610000001,24.901798999999997],[121.8034826,24.9018066],[121.80361929999998,24.901800799999997],[121.80371550000001,24.901782900000004],[121.8038706,24.9017565],[121.80403950000002,24.901706900000004],[121.8041586,24.901711899999995],[121.8042827,24.901691700000004],[121.8043207,24.901676399999992],[121.8043628,24.9016488],[121.8043844,24.90159299999999],[121.80435900000002,24.901317900000002],[121.8043745,24.9012473],[121.80441970000001,24.9011881],[121.8044901,24.901164899999998],[121.80453399999999,24.901164600000005],[121.80462279999999,24.901187100000005],[121.80472630000001,24.9012433],[121.80480639999999,24.9012666],[121.8049198,24.9013388],[121.8049761,24.9013641],[121.8050393,24.901398000000004],[121.8050693,24.9014136],[121.80511840000001,24.901462899999995],[121.80517750000001,24.901534000000005],[121.80525,24.901673799999994],[121.80531250000001,24.9017333],[121.80541630000002,24.901771599999996],[121.80557050000002,24.901801499999994],[121.8058458,24.901835799999997],[121.80595070000001,24.901893499999993],[121.80600269999998,24.9020138],[121.8060303,24.9021229],[121.80604280000001,24.9022437],[121.80607669999999,24.902431000000004],[121.8061048,24.902513099999997],[121.8061491,24.902549099999995],[121.80621209999998,24.902564999999996],[121.8064663,24.9025411],[121.8066107,24.902539799999996],[121.80680190000001,24.902548699999997],[121.80689160000001,24.902562699999997],[121.80701250000001,24.90259019999999],[121.8071573,24.9026092],[121.807288,24.902676999999997],[121.807328,24.902709899999998],[121.80757470000002,24.903022],[121.8076133,24.903078499999992],[121.80764100000002,24.903140999999998],[121.8077309,24.903207099999996],[121.8078482,24.903197499999997],[121.8080255,24.903089899999998],[121.80811809999999,24.903040799999996],[121.80820659999999,24.9029581],[121.8082631,24.9029366],[121.80836350000001,24.902930099999995],[121.8085604,24.9029266],[121.8086054,24.9029373],[121.80879820000001,24.9030532],[121.8089488,24.903168099999995],[121.80913279999999,24.9033337],[121.8092112,24.903385299999993],[121.8093475,24.9034334],[121.8098335,24.903510199999996],[121.81005410000002,24.903533199999995],[121.8102685,24.9035779],[121.8103163,24.9035961],[121.8104314,24.903608399999996],[121.8104731,24.9036283],[121.81050290000002,24.9036634],[121.81052630000002,24.903765],[121.8105235,24.9038163],[121.81053249999998,24.90387169999999],[121.8105166,24.903965999999997],[121.8105436,24.904315799999996],[121.81058189999999,24.904391499999996],[121.8106823,24.90451369999999],[121.81069239999998,24.904594699999997],[121.8106808,24.904698200000002],[121.81050660000001,24.9050024],[121.8104657,24.905151600000003],[121.8104596,24.905192499999995],[121.810487,24.9052642],[121.8105649,24.905347199999998],[121.81059759999998,24.905393899999996],[121.81064979999998,24.905556399999995],[121.810693,24.9056102],[121.81076429999999,24.9056756],[121.8109235,24.905745899999996],[121.81096359999998,24.905757399999995],[121.8110018,24.9057827],[121.81103519999999,24.9058251],[121.81105950000001,24.905887100000005],[121.8110706,24.905984999999998],[121.8110783,24.90620669999999],[121.8111416,24.9062798],[121.81121700000001,24.906332299999995],[121.81139880000002,24.906420400000002],[121.8114779,24.9064491],[121.8115451,24.906492799999995],[121.8116307,24.906515200000005],[121.8116805,24.906520900000004],[121.8117329703294,24.906504266795665],[121.81169361123962,24.90048731145585]]]},"properties":{"grid_id":"G066_049","綠地類型":"河川沿岸自然地表","中心經度":121.810829,"中心緯度":24.903517,"分析面積_km2":0.265,"2020面積_ha":3.51,"2024面積_ha":3.51,"面積減少率_pct":0.0,"2020斑塊數":1,"2024斑塊數":1,"斑塊數增加率_pct":0.0,"2020平均斑塊面積_ha":211.05,"2024平均斑塊面積_ha":211.95,"平均斑塊面積下降率_pct":0.0,"道路切割密度_km_per_km2":5.556,"建成區邊界切割密度_km_per_km2":0.0,"孤立小斑塊比例_pct":0.0,"距大型連續綠地平均距離_m":0.0,"score_面積減少":36.206896551724135,"score_斑塊增加":44.260435571687836,"score_平均斑塊縮小":28.153357531760438,"score_道路建成區切割":56.896551724137936,"score_孤立比例":40.58529945553539,"score_距大型綠地":38.40744101633394,"綜合破碎化分數":40.8,"破碎化等級":"中","判定原因":"面積減少0.0%；斑塊增加0.0%；平均斑塊縮小0.0%；道路密度5.56 km/km²；孤立比例0.0%；距大型綠地0m","2021面積_ha":3.51,"2022面積_ha":3.51,"2023面積_ha":3.51}},{"type":"Feature","geometry":{"type":"Polygon","coordinates":[[[121.82159151681368,24.900433131681147],[121.81169361123962,24.90048731145585],[121.8117329703294,24.906504266795665],[121.8119234,24.9064439],[121.81209300000002,24.906376199999997],[121.8123518,24.906257000000004],[121.81248250000002,24.9062018],[121.8125865,24.906172300000005],[121.812752,24.906079099999996],[121.8128028,24.906041600000002],[121.8128589,24.905987899999996],[121.81292860000002,24.905910700000003],[121.81309349999998,24.905662000000003],[121.81331249999998,24.9055223],[121.8134365,24.9054364],[121.81412459999999,24.905145400000002],[121.8142312,24.9051149],[121.81427609999999,24.9050905],[121.8143407,24.905042600000005],[121.8144416,24.905],[121.8145102,24.904955299999997],[121.8146026,24.904927899999997],[121.81466210000002,24.904890700000003],[121.814735,24.9048739],[121.81490739999998,24.904788000000003],[121.81501269999998,24.90475169999999],[121.8152024,24.904707599999995],[121.81532040000002,24.904703299999994],[121.81538289999999,24.9046888],[121.81544970000002,24.9046501],[121.81560229999998,24.9045256],[121.81570770000002,24.9044501],[121.81580799999999,24.90434869999999],[121.81587069999999,24.9043073],[121.81599340000001,24.904186199999998],[121.81607700000002,24.904085000000002],[121.8161943,24.903903499999995],[121.8162779,24.9037851],[121.8163932,24.9036749],[121.81672720000002,24.90347879999999],[121.81681810000002,24.903413599999993],[121.81703720000002,24.903340800000002],[121.81710820000002,24.903310099999995],[121.81716620000002,24.903238900000005],[121.81722680000001,24.9031808],[121.81734020000002,24.9030763],[121.81744350000001,24.9030006],[121.81748150000001,24.902981199999996],[121.8176977,24.902888199999996],[121.8178808,24.902833600000005],[121.81792539999998,24.902820399999992],[121.8179587,24.902812200000003],[121.818178,24.902751299999995],[121.8182725,24.9027199],[121.81838400000001,24.902707],[121.81857550000001,24.9027297],[121.8186695,24.9027482],[121.81874370000001,24.9027502],[121.81883550000002,24.902777500000003],[121.81895550000002,24.902782399999996],[121.81914690000002,24.902765099999996],[121.8192572,24.9027725],[121.8194234,24.902798599999997],[121.8194867,24.902810200000005],[121.8196722,24.902861499999993],[121.81971880000002,24.9028768],[121.81979559999999,24.9029011],[121.81984840000001,24.902922200000003],[121.8198783,24.902957399999995],[121.81989340000001,24.902998499999995],[121.81990520000001,24.903011199999998],[121.82000059999999,24.903112100000005],[121.8202581,24.903279299999998],[121.82039620000002,24.9034146],[121.8204717,24.903504399999992],[121.8205237,24.9035481],[121.82056540000002,24.903597599999998],[121.82063080000002,24.903676599999994],[121.82074250000001,24.903786600000004],[121.82078339999998,24.9038099],[121.820899,24.903860499999993],[121.82095939999999,24.903868899999992],[121.82119560000001,24.9038833],[121.82126210000001,24.903884499999997],[121.8213453,24.903889599999996],[121.8214622,24.9039312],[121.82161531015126,24.9040269157396],[121.82159151681368,24.900433131681147]]]},"properties":{"grid_id":"G066_050","綠地類型":"河川沿岸自然地表","中心經度":121.814236,"中心緯度":24.90347,"分析面積_km2":0.434,"2020面積_ha":0.09,"2024面積_ha":0.09,"面積減少率_pct":0.0,"2020斑塊數":1,"2024斑塊數":1,"斑塊數增加率_pct":0.0,"2020平均斑塊面積_ha":211.05,"2024平均斑塊面積_ha":211.95,"平均斑塊面積下降率_pct":0.0,"道路切割密度_km_per_km2":3.112,"建成區邊界切割密度_km_per_km2":0.0,"孤立小斑塊比例_pct":0.0,"距大型連續綠地平均距離_m":0.0,"score_面積減少":36.206896551724135,"score_斑塊增加":44.260435571687836,"score_平均斑塊縮小":28.153357531760438,"score_道路建成區切割":51.11161524500908,"score_孤立比例":40.58529945553539,"score_距大型綠地":38.40744101633394,"綜合破碎化分數":39.8,"破碎化等級":"中","判定原因":"面積減少0.0%；斑塊增加0.0%；平均斑塊縮小0.0%；道路密度3.11 km/km²；孤立比例0.0%；距大型綠地0m","2021面積_ha":0.09,"2022面積_ha":0.09,"2023面積_ha":0.09}},{"type":"Feature","geometry":{"type":"Polygon","coordinates":[[[121.84144845804175,24.90935032264962],[121.84138724067564,24.900322802596175],[121.83148939340867,24.900378295392056],[121.83151930821059,24.9048427884629],[121.83171080000001,24.9048757],[121.8318188,24.904906699999994],[121.8318808,24.904939499999998],[121.8319207,24.9049688],[121.8319645,24.9050023],[121.8320074,24.9050495],[121.8321943,24.9052135],[121.83225719999999,24.905290799999996],[121.8323344,24.9053618],[121.83267330000001,24.905572499999998],[121.83270860000002,24.905611299999997],[121.8328571,24.905958199999997],[121.8328942,24.906001600000003],[121.83293930000002,24.9061288],[121.83297500000002,24.906201],[121.8330131,24.906240399999998],[121.83309179999999,24.906362599999998],[121.83326890000001,24.906575400000005],[121.8332929,24.906645600000004],[121.83342810000002,24.906732300000005],[121.83361800000002,24.9068012],[121.83379770000002,24.9068741],[121.83396850000001,24.906897999999998],[121.8343059,24.906830799999998],[121.83440260000002,24.906823199999998],[121.8346225,24.9069387],[121.834742,24.907013000000003],[121.83506689999999,24.907307299999996],[121.83518780000001,24.907410999999996],[121.83546350000002,24.907655599999995],[121.83596360000001,24.907961499999995],[121.8363211,24.908275899999996],[121.8365912,24.9085436],[121.83678120000002,24.9088775],[121.8369557,24.909086499999994],[121.83713890897913,24.909374573278054],[121.84144845804175,24.90935032264962]]]},"properties":{"grid_id":"G066_052","綠地類型":"河川沿岸自然地表","中心經度":121.836591,"中心緯度":24.904864,"分析面積_km2":0.875,"2020面積_ha":20.07,"2024面積_ha":20.07,"面積減少率_pct":0.0,"2020斑塊數":2,"2024斑塊數":2,"斑塊數增加率_pct":0.0,"2020平均斑塊面積_ha":212.355,"2024平均斑塊面積_ha":213.84,"平均斑塊面積下降率_pct":0.0,"道路切割密度_km_per_km2":8.059,"建成區邊界切割密度_km_per_km2":0.0,"孤立小斑塊比例_pct":0.0,"距大型連續綠地平均距離_m":0.0,"score_面積減少":36.206896551724135,"score_斑塊增加":44.260435571687836,"score_平均斑塊縮小":28.153357531760438,"score_道路建成區切割":61.04809437386571,"score_孤立比例":40.58529945553539,"score_距大型綠地":38.40744101633394,"綜合破碎化分數":41.4,"破碎化等級":"中","判定原因":"面積減少0.0%；斑塊增加0.0%；平均斑塊縮小0.0%；道路密度8.06 km/km²；孤立比例0.0%；距大型綠地0m","2021面積_ha":20.07,"2022面積_ha":20.07,"2023面積_ha":20.07}},{"type":"Feature","geometry":{"type":"Polygon","coordinates":[[[121.84138724067564,24.900322802596175],[121.84144845804175,24.90935032264962],[121.85134699556299,24.90929415027825],[121.85128505826559,24.900266653301195],[121.84138724067564,24.900322802596175]]]},"properties":{"grid_id":"G066_053","綠地類型":"河川沿岸自然地表","中心經度":121.846367,"中心緯度":24.904809,"分析面積_km2":1.04,"2020面積_ha":42.3,"2024面積_ha":43.65,"面積減少率_pct":0.0,"2020斑塊數":2,"2024斑塊數":2,"斑塊數增加率_pct":0.0,"2020平均斑塊面積_ha":212.355,"2024平均斑塊面積_ha":213.84,"平均斑塊面積下降率_pct":0.0,"道路切割密度_km_per_km2":9.89,"建成區邊界切割密度_km_per_km2":1.586,"孤立小斑塊比例_pct":0.0,"距大型連續綠地平均距離_m":0.0,"score_面積減少":36.206896551724135,"score_斑塊增加":44.260435571687836,"score_平均斑塊縮小":28.153357531760438,"score_道路建成區切割":89.65517241379311,"score_孤立比例":40.58529945553539,"score_距大型綠地":38.40744101633394,"綜合破碎化分數":46.2,"破碎化等級":"中","判定原因":"面積減少0.0%；斑塊增加0.0%；平均斑塊縮小0.0%；道路密度9.89 km/km²；孤立比例0.0%；距大型綠地0m","2021面積_ha":50.22,"2022面積_ha":44.01,"2023面積_ha":49.77}},{"type":"Feature","geometry":{"type":"Polygon","coordinates":[[[121.86118284582956,24.900209847514883],[121.86124550304865,24.909237321145753],[121.8711439801497,24.909179835260026],[121.87111044620212,24.904403800360075],[121.8703373,24.903951199999998],[121.8706191,24.9034674],[121.87049169999999,24.90339189999999],[121.8700759,24.903804299999994],[121.8691714,24.9033576],[121.86906290000002,24.903065499999993],[121.86779020000002,24.902419999999996],[121.86698019999999,24.9028152],[121.86625260000001,24.9031275],[121.86597900000001,24.9030315],[121.8656135,24.902829400000005],[121.865341,24.90256279999999],[121.8651804,24.902328499999996],[121.86508520000001,24.9022031],[121.8645711,24.901627900000005],[121.86421000000001,24.901160099999995],[121.8641241,24.900934999999997],[121.8640476,24.9006761],[121.86394420000002,24.900428399999996],[121.86391446094657,24.90019405449682],[121.86118284582956,24.900209847514883]]]},"properties":{"grid_id":"G066_055","綠地類型":"河川沿岸自然地表","中心經度":121.866178,"中心緯度":24.906821,"分析面積_km2":0.816,"2020面積_ha":17.19,"2024面積_ha":18.18,"面積減少率_pct":0.0,"2020斑塊數":1,"2024斑塊數":1,"斑塊數增加率_pct":0.0,"2020平均斑塊面積_ha":382.32,"2024平均斑塊面積_ha":385.92,"平均斑塊面積下降率_pct":0.0,"道路切割密度_km_per_km2":12.716,"建成區邊界切割密度_km_per_km2":0.919,"孤立小斑塊比例_pct":0.0,"距大型連續綠地平均距離_m":0.0,"score_面積減少":36.206896551724135,"score_斑塊增加":44.260435571687836,"score_平均斑塊縮小":28.153357531760438,"score_道路建成區切割":90.59664246823957,"score_孤立比例":40.58529945553539,"score_距大型綠地":38.40744101633394,"綜合破碎化分數":46.4,"破碎化等級":"中","判定原因":"面積減少0.0%；斑塊增加0.0%；平均斑塊縮小0.0%；道路密度12.72 km/km²；孤立比例0.0%；距大型綠地0m","2021面積_ha":17.28,"2022面積_ha":17.28,"2023面積_ha":18.63}},{"type":"Feature","geometry":{"type":"Polygon","coordinates":[[[121.85140896289593,24.91832163618581],[121.85134699556299,24.90929415027825],[121.84144845804175,24.90935032264962],[121.84148085103105,24.914125433721512],[121.84159699999998,24.91423],[121.84175770000002,24.914398199999997],[121.8418416,24.9145099],[121.8418945,24.9146055],[121.84192360000002,24.9146408],[121.8420612,24.914889099999996],[121.84228000000002,24.9151526],[121.8423852,24.915228499999998],[121.84252490000002,24.915305099999998],[121.84265890000002,24.9153533],[121.84279019999998,24.9153603],[121.84293959999998,24.915342299999995],[121.84313450000002,24.9153484],[121.8432134,24.915363599999996],[121.8433306,24.9154003],[121.8434113,24.915444499999996],[121.8435566,24.915554899999997],[121.84361090000002,24.915604899999995],[121.8437069,24.9156934],[121.8438292,24.9158268],[121.84391970000001,24.9159345],[121.8439514,24.9159652],[121.84397820000001,24.91601289999999],[121.8440375,24.9160805],[121.84414950000001,24.9162483],[121.84428810000001,24.916464099999995],[121.84434570000002,24.9165859],[121.8444074,24.9166828],[121.8445749,24.916859399999996],[121.84459840000001,24.916874399999998],[121.8448464,24.917157999999997],[121.8449162,24.9173058],[121.8450618,24.9175874],[121.84512619999998,24.9176857],[121.84512850000002,24.917685699999996],[121.845179,24.9178038],[121.84528150000001,24.917970699999998],[121.8453338,24.918063200000002],[121.845385,24.9182091],[121.8454031,24.918312099999998],[121.84540985428458,24.918355769985492],[121.85140896289593,24.91832163618581]]]},"properties":{"grid_id":"G067_053","綠地類型":"河川沿岸自然地表","中心經度":121.846414,"中心緯度":24.91171,"分析面積_km2":0.922,"2020面積_ha":35.01,"2024面積_ha":35.01,"面積減少率_pct":0.0,"2020斑塊數":2,"2024斑塊數":2,"斑塊數增加率_pct":0.0,"2020平均斑塊面積_ha":212.355,"2024平均斑塊面積_ha":213.84,"平均斑塊面積下降率_pct":0.0,"道路切割密度_km_per_km2":3.22,"建成區邊界切割密度_km_per_km2":0.0,"孤立小斑塊比例_pct":0.0,"距大型連續綠地平均距離_m":0.0,"score_面積減少":36.206896551724135,"score_斑塊增加":44.260435571687836,"score_平均斑塊縮小":28.153357531760438,"score_道路建成區切割":51.633393829401086,"score_孤立比例":40.58529945553539,"score_距大型綠地":38.40744101633394,"綜合破碎化分數":39.9,"破碎化等級":"中","判定原因":"面積減少0.0%；斑塊增加0.0%；平均斑塊縮小0.0%；道路密度3.22 km/km²；孤立比例0.0%；距大型綠地0m","2021面積_ha":35.01,"2022面積_ha":35.01,"2023面積_ha":35.01}},{"type":"Feature","geometry":{"type":"Polygon","coordinates":[[[121.86130819065238,24.918264783703837],[121.8613709086504,24.927292235186165],[121.87127082662276,24.927234702058502],[121.87120738801448,24.91820727419881],[121.86130819065238,24.918264783703837]]]},"properties":{"grid_id":"G068_055","綠地類型":"河川沿岸自然地表","中心經度":121.866289,"中心緯度":24.92275,"分析面積_km2":1.04,"2020面積_ha":31.59,"2024面積_ha":31.59,"面積減少率_pct":0.0,"2020斑塊數":2,"2024斑塊數":2,"斑塊數增加率_pct":0.0,"2020平均斑塊面積_ha":245.16,"2024平均斑塊面積_ha":246.87,"平均斑塊面積下降率_pct":0.0,"道路切割密度_km_per_km2":3.258,"建成區邊界切割密度_km_per_km2":0.0,"孤立小斑塊比例_pct":0.0,"距大型連續綠地平均距離_m":0.0,"score_面積減少":36.206896551724135,"score_斑塊增加":44.260435571687836,"score_平均斑塊縮小":28.153357531760438,"score_道路建成區切割":51.81488203266788,"score_孤立比例":40.58529945553539,"score_距大型綠地":38.40744101633394,"綜合破碎化分數":39.9,"破碎化等級":"中","判定原因":"面積減少0.0%；斑塊增加0.0%；平均斑塊縮小0.0%；道路密度3.26 km/km²；孤立比例0.0%；距大型綠地0m","2021面積_ha":31.59,"2022面積_ha":31.59,"2023面積_ha":31.59}},{"type":"Feature","geometry":{"type":"Polygon","coordinates":[[[121.85153298770683,24.936376574780603],[121.85148454561417,24.92932669464552],[121.8514434,24.9293394],[121.8513371,24.929353000000003],[121.8511168,24.929363499999997],[121.8509107,24.929342899999998],[121.8506087,24.9294349],[121.85046500000001,24.929518000000005],[121.8502959,24.9296576],[121.85022140000001,24.9297249],[121.85016160000002,24.9297782],[121.8500983,24.929829199999997],[121.8500319,24.929875099999997],[121.84982000000001,24.929968700000007],[121.8495138,24.930114999999997],[121.84934959999998,24.9301767],[121.8492048,24.930269399999993],[121.84914820000002,24.930323200000004],[121.84910790000002,24.930439299999996],[121.84911250000002,24.930551999999988],[121.8491481,24.9306569],[121.84929379999998,24.9309322],[121.8493125,24.930966499999997],[121.84932469999998,24.930991799999997],[121.8493808,24.931107999999995],[121.84932940000002,24.93133869999999],[121.84917660000002,24.931648300000003],[121.8490737,24.9318205],[121.8488703,24.932136599999996],[121.84884270000002,24.9322579],[121.8488018,24.932349499999997],[121.84875969999999,24.9325122],[121.84871490000002,24.932613899999996],[121.84866300000002,24.932731099999998],[121.84864159999998,24.9328014],[121.8484985,24.932992699999996],[121.84833120000002,24.933157099999992],[121.848002,24.9335312],[121.84788750000001,24.933799200000003],[121.8478901,24.933880999999996],[121.8478064,24.9340217],[121.8477941,24.9342983],[121.84781030000002,24.9346665],[121.8478511,24.9348402],[121.8479258,24.935040099999995],[121.8478948,24.9353009],[121.8477646,24.9356777],[121.8475754,24.936050699999992],[121.84737794497764,24.936400257889346],[121.85153298770683,24.936376574780603]]]},"properties":{"grid_id":"G069_053","綠地類型":"河川沿岸自然地表","中心經度":121.85004,"中心緯度":24.932889,"分析面積_km2":0.234,"2020面積_ha":0.45,"2024面積_ha":0.45,"面積減少率_pct":0.0,"2020斑塊數":1,"2024斑塊數":1,"斑塊數增加率_pct":0.0,"2020平均斑塊面積_ha":422.73,"2024平均斑塊面積_ha":422.82,"平均斑塊面積下降率_pct":0.0,"道路切割密度_km_per_km2":5.0,"建成區邊界切割密度_km_per_km2":0.0,"孤立小斑塊比例_pct":0.0,"距大型連續綠地平均距離_m":0.0,"score_面積減少":36.206896551724135,"score_斑塊增加":44.260435571687836,"score_平均斑塊縮小":28.153357531760438,"score_道路建成區切割":55.8529945553539,"score_孤立比例":40.58529945553539,"score_距大型綠地":38.40744101633394,"綜合破碎化分數":40.6,"破碎化等級":"中","判定原因":"面積減少0.0%；斑塊增加0.0%；平均斑塊縮小0.0%；道路密度5.00 km/km²；孤立比例0.0%；距大型綠地0m","2021面積_ha":0.45,"2022面積_ha":0.45,"2023面積_ha":0.45}},{"type":"Feature","geometry":{"type":"Polygon","coordinates":[[[121.85153298770683,24.936376574780603],[121.86143365705247,24.93631967558977],[121.8613709086504,24.927292235186165],[121.85374310050604,24.927336115562394],[121.85375359999999,24.927415599999996],[121.85377849999999,24.927502899999993],[121.85381060000002,24.927555099999996],[121.8538519,24.927676599999998],[121.8538753,24.927808999999996],[121.85387110000002,24.927871100000008],[121.85383670000002,24.9279083],[121.8537952,24.9279135],[121.8537513,24.927924799999996],[121.8536371,24.927953500000005],[121.85353840000002,24.927964300000003],[121.85342020000002,24.9279836],[121.8531798,24.928060799999997],[121.8530109,24.928134000000004],[121.85279230000002,24.9282451],[121.85262439999998,24.928360399999995],[121.8524876,24.9284419],[121.8523635,24.9285046],[121.85221600000001,24.9286063],[121.85216749999998,24.928630000000002],[121.85210470000001,24.928714699999997],[121.85203140000002,24.928785099999992],[121.85195190000002,24.9288979],[121.851878,24.928998600000003],[121.85175150000002,24.929181099999997],[121.85165500000001,24.9292603],[121.8515765,24.929298299999996],[121.85148454561417,24.92932669464552],[121.85153298770683,24.936376574780603]]]},"properties":{"grid_id":"G069_054","綠地類型":"河川沿岸自然地表","中心經度":121.856459,"中心緯度":24.932823,"分析面積_km2":1.009,"2020面積_ha":37.35,"2024面積_ha":37.35,"面積減少率_pct":0.0,"2020斑塊數":1,"2024斑塊數":1,"斑塊數增加率_pct":0.0,"2020平均斑塊面積_ha":422.73,"2024平均斑塊面積_ha":422.82,"平均斑塊面積下降率_pct":0.0,"道路切割密度_km_per_km2":3.033,"建成區邊界切割密度_km_per_km2":0.0,"孤立小斑塊比例_pct":0.0,"距大型連續綠地平均距離_m":0.0,"score_面積減少":36.206896551724135,"score_斑塊增加":44.260435571687836,"score_平均斑塊縮小":28.153357531760438,"score_道路建成區切割":50.884754990925586,"score_孤立比例":40.58529945553539,"score_距大型綠地":38.40744101633394,"綜合破碎化分數":39.7,"破碎化等級":"中","判定原因":"面積減少0.0%；斑塊增加0.0%；平均斑塊縮小0.0%；道路密度3.03 km/km²；孤立比例0.0%；距大型綠地0m","2021面積_ha":37.35,"2022面積_ha":37.35,"2023面積_ha":37.35}},{"type":"Feature","geometry":{"type":"Polygon","coordinates":[[[121.8613709086504,24.927292235186165],[121.86143365705247,24.93631967558977],[121.87133429598437,24.936262118836115],[121.87127082662276,24.927234702058502],[121.8613709086504,24.927292235186165]]]},"properties":{"grid_id":"G069_055","綠地類型":"河川沿岸自然地表","中心經度":121.866352,"中心緯度":24.931777,"分析面積_km2":1.04,"2020面積_ha":10.26,"2024面積_ha":10.26,"面積減少率_pct":0.0,"2020斑塊數":1,"2024斑塊數":1,"斑塊數增加率_pct":0.0,"2020平均斑塊面積_ha":108.0,"2024平均斑塊面積_ha":107.82,"平均斑塊面積下降率_pct":0.17,"道路切割密度_km_per_km2":1.701,"建成區邊界切割密度_km_per_km2":0.0,"孤立小斑塊比例_pct":0.0,"距大型連續綠地平均距離_m":0.0,"score_面積減少":36.206896551724135,"score_斑塊增加":44.260435571687836,"score_平均斑塊縮小":61.50181488203267,"score_道路建成區切割":44.44192377495463,"score_孤立比例":40.58529945553539,"score_距大型綠地":38.40744101633394,"綜合破碎化分數":44.2,"破碎化等級":"中","判定原因":"面積減少0.0%；斑塊增加0.0%；平均斑塊縮小0.2%；道路密度1.70 km/km²；孤立比例0.0%；距大型綠地0m","2021面積_ha":10.26,"2022面積_ha":10.26,"2023面積_ha":10.26}},{"type":"Feature","geometry":{"type":"Polygon","coordinates":[[[121.87127082662276,24.927234702058502],[121.87133429598437,24.936262118836115],[121.88123490415315,24.936203904527613],[121.88117071384183,24.927176511645882],[121.87127082662276,24.927234702058502]]]},"properties":{"grid_id":"G069_056","綠地類型":"河川沿岸自然地表","中心經度":121.876253,"中心緯度":24.931719,"分析面積_km2":1.04,"2020面積_ha":32.85,"2024面積_ha":32.85,"面積減少率_pct":0.0,"2020斑塊數":1,"2024斑塊數":1,"斑塊數增加率_pct":0.0,"2020平均斑塊面積_ha":108.0,"2024平均斑塊面積_ha":107.82,"平均斑塊面積下降率_pct":0.17,"道路切割密度_km_per_km2":1.125,"建成區邊界切割密度_km_per_km2":0.0,"孤立小斑塊比例_pct":0.0,"距大型連續綠地平均距離_m":0.0,"score_面積減少":36.206896551724135,"score_斑塊增加":44.260435571687836,"score_平均斑塊縮小":61.50181488203267,"score_道路建成區切割":39.99546279491833,"score_孤立比例":40.58529945553539,"score_距大型綠地":38.40744101633394,"綜合破碎化分數":43.5,"破碎化等級":"中","判定原因":"面積減少0.0%；斑塊增加0.0%；平均斑塊縮小0.2%；道路密度1.12 km/km²；孤立比例0.0%；距大型綠地0m","2021面積_ha":32.85,"2022面積_ha":32.85,"2023面積_ha":32.85}},{"type":"Feature","geometry":{"type":"Polygon","coordinates":[[[121.84169362446579,24.945460292171486],[121.85159504520398,24.94540402746189],[121.85153298770683,24.936376574780603],[121.84737794497764,24.936400257889346],[121.84736990000002,24.936414499999998],[121.8471207,24.936762899999998],[121.8469986,24.936872699999995],[121.8468875,24.9371651],[121.84686899999998,24.937387699999995],[121.8468838,24.937495000000002],[121.8466294,24.93784859999999],[121.84640150000001,24.9379758],[121.84578370000001,24.938352300000002],[121.84568530000001,24.9383987],[121.84550780000001,24.938447200000002],[121.84512699999999,24.9384736],[121.844891,24.938558099999998],[121.8446063,24.938645899999997],[121.84436170000001,24.938675400000005],[121.84418219999999,24.9387296],[121.84385349999998,24.938919699999996],[121.843763,24.9389948],[121.8436397,24.939043399999996],[121.8433201,24.939062600000003],[121.8431366,24.939115999999995],[121.84277089999999,24.9392061],[121.8426219,24.939233599999998],[121.8424398,24.939361800000004],[121.84233409999999,24.939548700000003],[121.84220059999998,24.939842699999996],[121.84216880000001,24.939957199999995],[121.8421063,24.940081099999997],[121.8420058,24.940315699999996],[121.84188759999999,24.940498900000005],[121.84172100000002,24.940768199999997],[121.84166215155156,24.940828646975465],[121.84169362446579,24.945460292171486]]]},"properties":{"grid_id":"G070_053","綠地類型":"河川沿岸自然地表","中心經度":121.846629,"中心緯度":24.943116,"分析面積_km2":0.875,"2020面積_ha":51.84,"2024面積_ha":51.84,"面積減少率_pct":0.0,"2020斑塊數":1,"2024斑塊數":1,"斑塊數增加率_pct":0.0,"2020平均斑塊面積_ha":422.73,"2024平均斑塊面積_ha":422.82,"平均斑塊面積下降率_pct":0.0,"道路切割密度_km_per_km2":3.121,"建成區邊界切割密度_km_per_km2":0.0,"孤立小斑塊比例_pct":0.0,"距大型連續綠地平均距離_m":0.0,"score_面積減少":36.206896551724135,"score_斑塊增加":44.260435571687836,"score_平均斑塊縮小":28.153357531760438,"score_道路建成區切割":51.29310344827586,"score_孤立比例":40.58529945553539,"score_距大型綠地":38.40744101633394,"綜合破碎化分數":39.8,"破碎化等級":"中","判定原因":"面積減少0.0%；斑塊增加0.0%；平均斑塊縮小0.0%；道路密度3.12 km/km²；孤立比例0.0%；距大型綠地0m","2021面積_ha":51.84,"2022面積_ha":51.84,"2023面積_ha":51.84}},{"type":"Feature","geometry":{"type":"Polygon","coordinates":[[[121.85153298770683,24.936376574780603],[121.85159504520398,24.94540402746189],[121.86149643586825,24.94534710491166],[121.86143365705247,24.93631967558977],[121.85153298770683,24.936376574780603]]]},"properties":{"grid_id":"G070_054","綠地類型":"河川沿岸自然地表","中心經度":121.856515,"中心緯度":24.940862,"分析面積_km2":1.04,"2020面積_ha":31.68,"2024面積_ha":31.68,"面積減少率_pct":0.0,"2020斑塊數":1,"2024斑塊數":1,"斑塊數增加率_pct":0.0,"2020平均斑塊面積_ha":422.73,"2024平均斑塊面積_ha":422.82,"平均斑塊面積下降率_pct":0.0,"道路切割密度_km_per_km2":5.104,"建成區邊界切割密度_km_per_km2":0.0,"孤立小斑塊比例_pct":0.0,"距大型連續綠地平均距離_m":0.0,"score_面積減少":36.206896551724135,"score_斑塊增加":44.260435571687836,"score_平均斑塊縮小":28.153357531760438,"score_道路建成區切割":56.13656987295826,"score_孤立比例":40.58529945553539,"score_距大型綠地":38.40744101633394,"綜合破碎化分數":40.6,"破碎化等級":"中","判定原因":"面積減少0.0%；斑塊增加0.0%；平均斑塊縮小0.0%；道路密度5.10 km/km²；孤立比例0.0%；距大型綠地0m","2021面積_ha":31.68,"2022面積_ha":31.68,"2023面積_ha":31.68}},{"type":"Feature","geometry":{"type":"Polygon","coordinates":[[[121.86143365705247,24.93631967558977],[121.86149643586825,24.94534710491166],[121.87139779610908,24.94528952452868],[121.87133429598437,24.936262118836115],[121.86143365705247,24.93631967558977]]]},"properties":{"grid_id":"G070_055","綠地類型":"河川沿岸自然地表","中心經度":121.866416,"中心緯度":24.940805,"分析面積_km2":1.04,"2020面積_ha":0.45,"2024面積_ha":0.45,"面積減少率_pct":0.0,"2020斑塊數":1,"2024斑塊數":1,"斑塊數增加率_pct":0.0,"2020平均斑塊面積_ha":422.73,"2024平均斑塊面積_ha":422.82,"平均斑塊面積下降率_pct":0.0,"道路切割密度_km_per_km2":5.565,"建成區邊界切割密度_km_per_km2":0.0,"孤立小斑塊比例_pct":0.0,"距大型連續綠地平均距離_m":0.0,"score_面積減少":36.206896551724135,"score_斑塊增加":44.260435571687836,"score_平均斑塊縮小":28.153357531760438,"score_道路建成區切割":56.93058076225046,"score_孤立比例":40.58529945553539,"score_距大型綠地":38.40744101633394,"綜合破碎化分數":40.8,"破碎化等級":"中","判定原因":"面積減少0.0%；斑塊增加0.0%；平均斑塊縮小0.0%；道路密度5.57 km/km²；孤立比例0.0%；距大型綠地0m","2021面積_ha":0.45,"2022面積_ha":0.45,"2023面積_ha":0.45}},{"type":"Feature","geometry":{"type":"Polygon","coordinates":[[[121.89120042392236,24.945172390296467],[121.90110169079584,24.945112836463466],[121.90106392488724,24.939921402804078],[121.89905040000001,24.939998800000005],[121.8989734,24.940328099999995],[121.8987416,24.9405568],[121.8985477,24.940638099999997],[121.8984775,24.940650599999998],[121.8984952,24.940870299999993],[121.8984238,24.9410487],[121.8981554,24.941103999999992],[121.8976563,24.941105699999998],[121.8974072,24.9411151],[121.8969642,24.941142899999996],[121.8965045,24.941082999999995],[121.8961061,24.940934899999995],[121.89549930000001,24.9407616],[121.89482060000002,24.940728599999996],[121.89416350000002,24.940505699999996],[121.8936711,24.940162899999997],[121.89322000000001,24.939470000000004],[121.89290469999999,24.938970399999995],[121.8922397,24.9386239],[121.8915831,24.9383602],[121.89115008318842,24.938175162003674],[121.89120042392236,24.945172390296467]]]},"properties":{"grid_id":"G070_058","綠地類型":"河川沿岸自然地表","中心經度":121.896137,"中心緯度":24.943145,"分析面積_km2":0.566,"2020面積_ha":10.98,"2024面積_ha":11.07,"面積減少率_pct":0.0,"2020斑塊數":1,"2024斑塊數":1,"斑塊數增加率_pct":0.0,"2020平均斑塊面積_ha":422.73,"2024平均斑塊面積_ha":422.82,"平均斑塊面積下降率_pct":0.0,"道路切割密度_km_per_km2":9.062,"建成區邊界切割密度_km_per_km2":0.689,"孤立小斑塊比例_pct":0.0,"距大型連續綠地平均距離_m":0.0,"score_面積減少":36.206896551724135,"score_斑塊增加":44.260435571687836,"score_平均斑塊縮小":28.153357531760438,"score_道路建成區切割":85.07259528130672,"score_孤立比例":40.58529945553539,"score_距大型綠地":38.40744101633394,"綜合破碎化分數":45.4,"破碎化等級":"中","判定原因":"面積減少0.0%；斑塊增加0.0%；平均斑塊縮小0.0%；道路密度9.06 km/km²；孤立比例0.0%；距大型綠地0m","2021面積_ha":11.34,"2022面積_ha":9.99,"2023面積_ha":10.8}},{"type":"Feature","geometry":{"type":"Polygon","coordinates":[[[121.85159504520398,24.94540402746189],[121.85165713277505,24.95443146906183],[121.86155924510747,24.954374523148896],[121.86149643586825,24.94534710491166],[121.85159504520398,24.94540402746189]]]},"properties":{"grid_id":"G071_054","綠地類型":"河川沿岸自然地表","中心經度":121.856577,"中心緯度":24.949889,"分析面積_km2":1.04,"2020面積_ha":57.42,"2024面積_ha":57.42,"面積減少率_pct":0.0,"2020斑塊數":1,"2024斑塊數":1,"斑塊數增加率_pct":0.0,"2020平均斑塊面積_ha":422.73,"2024平均斑塊面積_ha":422.82,"平均斑塊面積下降率_pct":0.0,"道路切割密度_km_per_km2":4.642,"建成區邊界切割密度_km_per_km2":0.0,"孤立小斑塊比例_pct":0.0,"距大型連續綠地平均距離_m":0.0,"score_面積減少":36.206896551724135,"score_斑塊增加":44.260435571687836,"score_平均斑塊縮小":28.153357531760438,"score_道路建成區切割":55.18375680580762,"score_孤立比例":40.58529945553539,"score_距大型綠地":38.40744101633394,"綜合破碎化分數":40.5,"破碎化等級":"中","判定原因":"面積減少0.0%；斑塊增加0.0%；平均斑塊縮小0.0%；道路密度4.64 km/km²；孤立比例0.0%；距大型綠地0m","2021面積_ha":57.42,"2022面積_ha":57.42,"2023面積_ha":57.42}},{"type":"Feature","geometry":{"type":"Polygon","coordinates":[[[121.86149643586825,24.94534710491166],[121.86155924510747,24.954374523148896],[121.87146132700673,24.954316919133237],[121.87139779610908,24.94528952452868],[121.86149643586825,24.94534710491166]]]},"properties":{"grid_id":"G071_055","綠地類型":"河川沿岸自然地表","中心經度":121.866479,"中心緯度":24.949832,"分析面積_km2":1.04,"2020面積_ha":51.93,"2024面積_ha":51.93,"面積減少率_pct":0.0,"2020斑塊數":1,"2024斑塊數":1,"斑塊數增加率_pct":0.0,"2020平均斑塊面積_ha":422.73,"2024平均斑塊面積_ha":422.82,"平均斑塊面積下降率_pct":0.0,"道路切割密度_km_per_km2":4.758,"建成區邊界切割密度_km_per_km2":0.0,"孤立小斑塊比例_pct":0.0,"距大型連續綠地平均距離_m":0.0,"score_面積減少":36.206896551724135,"score_斑塊增加":44.260435571687836,"score_平均斑塊縮小":28.153357531760438,"score_道路建成區切割":55.47867513611615,"score_孤立比例":40.58529945553539,"score_距大型綠地":38.40744101633394,"綜合破碎化分數":40.5,"破碎化等級":"中","判定原因":"面積減少0.0%；斑塊增加0.0%；平均斑塊縮小0.0%；道路密度4.76 km/km²；孤立比例0.0%；距大型綠地0m","2021面積_ha":51.93,"2022面積_ha":51.93,"2023面積_ha":51.93}},{"type":"Feature","geometry":{"type":"Polygon","coordinates":[[[121.87139779610908,24.94528952452868],[121.87146132700673,24.954316919133237],[121.8813633781232,24.954258657022844],[121.88129912557694,24.945231286320922],[121.87139779610908,24.94528952452868]]]},"properties":{"grid_id":"G071_056","綠地類型":"河川沿岸自然地表","中心經度":121.87638,"中心緯度":24.949774,"分析面積_km2":1.04,"2020面積_ha":47.07,"2024面積_ha":47.07,"面積減少率_pct":0.0,"2020斑塊數":1,"2024斑塊數":1,"斑塊數增加率_pct":0.0,"2020平均斑塊面積_ha":422.73,"2024平均斑塊面積_ha":422.82,"平均斑塊面積下降率_pct":0.0,"道路切割密度_km_per_km2":2.624,"建成區邊界切割密度_km_per_km2":0.0,"孤立小斑塊比例_pct":0.0,"距大型連續綠地平均距離_m":0.0,"score_面積減少":36.206896551724135,"score_斑塊增加":44.260435571687836,"score_平均斑塊縮小":28.153357531760438,"score_道路建成區切割":49.44419237749547,"score_孤立比例":40.58529945553539,"score_距大型綠地":38.40744101633394,"綜合破碎化分數":39.5,"破碎化等級":"中","判定原因":"面積減少0.0%；斑塊增加0.0%；平均斑塊縮小0.0%；道路密度2.62 km/km²；孤立比例0.0%；距大型綠地0m","2021面積_ha":47.07,"2022面積_ha":47.07,"2023面積_ha":47.07}},{"type":"Feature","geometry":{"type":"Polygon","coordinates":[[[121.85165713277505,24.95443146906183],[121.84175499035908,24.954487756864154],[121.84175614727054,24.95465790665409],[121.841967,24.954774299999997],[121.842148,24.954819699999998],[121.842258,24.954808299999996],[121.84265149999999,24.954896199999997],[121.8428658,24.9550269],[121.8429972,24.9551706],[121.84303070000001,24.9552498],[121.84303550000001,24.955347700000004],[121.8430576,24.955713699999997],[121.84318199999998,24.956085899999998],[121.84321400000002,24.956163099999994],[121.8432986,24.956457899999997],[121.8433636,24.9565824],[121.8433696,24.9566442],[121.84348160000002,24.956900100000002],[121.84356779999999,24.9570135],[121.8436939,24.957109899999992],[121.84443930000002,24.9575972],[121.84455669999998,24.957630200000004],[121.84486080000002,24.9576361],[121.84508460000002,24.957673000000003],[121.84522080000002,24.957756000000003],[121.8453625,24.9580304],[121.84541800000001,24.95834419999999],[121.84552519999998,24.959191499999996],[121.8456162,24.959341399999996],[121.8457889,24.959444899999998],[121.8461079,24.9595919],[121.84630340000001,24.9597058],[121.8466155,24.960045],[121.84689900000001,24.9602834],[121.84704210000001,24.9603274],[121.847182,24.960363799999996],[121.84748880000001,24.9602987],[121.8477314,24.960256899999997],[121.84798089999998,24.960282900000003],[121.8482465,24.9602628],[121.8484491,24.9601893],[121.84869970000001,24.960004900000005],[121.8487962,24.959998999999996],[121.84892,24.960080499999997],[121.8491898,24.960300899999993],[121.84928440000002,24.9604056],[121.8495204,24.9607099],[121.8496635,24.960849099999997],[121.8498675,24.9609963],[121.8499801,24.961038799999997],[121.85022230000001,24.9611392],[121.8503745,24.961171],[121.85043059999998,24.961150600000003],[121.85053910000002,24.961069100000003],[121.85072039999999,24.960832199999995],[121.85102139999998,24.960545999999997],[121.85116350000001,24.960408299999997],[121.85138130000001,24.960203099999998],[121.8515023,24.960143],[121.8515747,24.960034499999992],[121.85169516120828,24.959958583119178],[121.85165713277505,24.95443146906183]]]},"properties":{"grid_id":"G072_053","綠地類型":"河川沿岸自然地表","中心經度":121.848486,"中心緯度":24.957875,"分析面積_km2":0.497,"2020面積_ha":26.19,"2024面積_ha":26.19,"面積減少率_pct":0.0,"2020斑塊數":1,"2024斑塊數":1,"斑塊數增加率_pct":0.0,"2020平均斑塊面積_ha":422.73,"2024平均斑塊面積_ha":422.82,"平均斑塊面積下降率_pct":0.0,"道路切割密度_km_per_km2":3.019,"建成區邊界切割密度_km_per_km2":0.0,"孤立小斑塊比例_pct":0.0,"距大型連續綠地平均距離_m":0.0,"score_面積減少":36.206896551724135,"score_斑塊增加":44.260435571687836,"score_平均斑塊縮小":28.153357531760438,"score_道路建成區切割":50.794010889292196,"score_孤立比例":40.58529945553539,"score_距大型綠地":38.40744101633394,"綜合破碎化分數":39.7,"破碎化等級":"中","判定原因":"面積減少0.0%；斑塊增加0.0%；平均斑塊縮小0.0%；道路密度3.02 km/km²；孤立比例0.0%；距大型綠地0m","2021面積_ha":26.19,"2022面積_ha":26.19,"2023面積_ha":26.19}},{"type":"Feature","geometry":{"type":"Polygon","coordinates":[[[121.88142766180185,24.96328601663038],[121.8813633781232,24.954258657022844],[121.87146132700673,24.954316919133237],[121.87150642768383,24.96072281991034],[121.8715386,24.960719300000004],[121.8716685,24.960758999999996],[121.871799,24.960834200000004],[121.87198390000002,24.9609911],[121.87212110000002,24.9611301],[121.872273,24.9612518],[121.87232950000002,24.9612919],[121.87252139999998,24.961342199999997],[121.87256519999998,24.961352800000004],[121.87276619999999,24.9614356],[121.8729544,24.9614922],[121.87313099999999,24.961535199999997],[121.8735782,24.9615838],[121.8740494,24.961611600000005],[121.87430020000001,24.961631499999996],[121.87467510000002,24.9617079],[121.8747488,24.961712399999996],[121.87498879999998,24.961682799999995],[121.8751979,24.9616707],[121.8753565,24.961646799999997],[121.87548469999999,24.961622299999995],[121.8755577,24.961594699999992],[121.8756174,24.961543299999995],[121.8757342,24.961485399999997],[121.8758584,24.96142619999999],[121.8759649,24.961457599999996],[121.8760689,24.961454],[121.87619900000001,24.961523300000003],[121.87638479999998,24.961674099999996],[121.8765051,24.961803999999997],[121.8767029,24.9621006],[121.8767607,24.9621967],[121.8768688,24.962234],[121.87709280000001,24.9623558],[121.87730189999999,24.962412999999994],[121.87737419999999,24.962435199999998],[121.87775730000001,24.96266],[121.87784140000001,24.962691899999996],[121.87790760000001,24.9627268],[121.87799709999999,24.962754299999997],[121.878489,24.9627515],[121.87878,24.962745299999995],[121.8791345,24.962744699999995],[121.8793237,24.9627444],[121.8794625,24.9627657],[121.87957519999999,24.962892800000002],[121.8796852,24.9629652],[121.8798211,24.963038399999995],[121.88004890000002,24.963137399999994],[121.88015370000001,24.96314999999999],[121.88039130000001,24.9632137],[121.88059785191413,24.9632909260279],[121.88142766180185,24.96328601663038]]]},"properties":{"grid_id":"G072_056","綠地類型":"河川沿岸自然地表","中心經度":121.876435,"中心緯度":24.957489,"分析面積_km2":0.896,"2020面積_ha":10.08,"2024面積_ha":10.08,"面積減少率_pct":0.0,"2020斑塊數":1,"2024斑塊數":1,"斑塊數增加率_pct":0.0,"2020平均斑塊面積_ha":422.73,"2024平均斑塊面積_ha":422.82,"平均斑塊面積下降率_pct":0.0,"道路切割密度_km_per_km2":2.58,"建成區邊界切割密度_km_per_km2":0.0,"孤立小斑塊比例_pct":0.0,"距大型連續綠地平均距離_m":0.0,"score_面積減少":36.206896551724135,"score_斑塊增加":44.260435571687836,"score_平均斑塊縮小":28.153357531760438,"score_道路建成區切割":49.22867513611615,"score_孤立比例":40.58529945553539,"score_距大型綠地":38.40744101633394,"綜合破碎化分數":39.5,"破碎化等級":"中","判定原因":"面積減少0.0%；斑塊增加0.0%；平均斑塊縮小0.0%；道路密度2.58 km/km²；孤立比例0.0%；距大型綠地0m","2021面積_ha":10.08,"2022面積_ha":10.08,"2023面積_ha":10.08}},{"type":"Feature","geometry":{"type":"Polygon","coordinates":[[[121.89126539810727,24.95419973682577],[121.8913304037742,24.963227072257276],[121.90123311425447,24.963167469535676],[121.90116738660936,24.954140158550207],[121.89126539810727,24.95419973682577]]]},"properties":{"grid_id":"G072_058","綠地類型":"河川沿岸自然地表","中心經度":121.896249,"中心緯度":24.958684,"分析面積_km2":1.04,"2020面積_ha":31.5,"2024面積_ha":31.5,"面積減少率_pct":0.0,"2020斑塊數":1,"2024斑塊數":1,"斑塊數增加率_pct":0.0,"2020平均斑塊面積_ha":118.17,"2024平均斑塊面積_ha":114.03,"平均斑塊面積下降率_pct":3.5,"道路切割密度_km_per_km2":3.316,"建成區邊界切割密度_km_per_km2":0.0,"孤立小斑塊比例_pct":0.0,"距大型連續綠地平均距離_m":0.0,"score_面積減少":36.206896551724135,"score_斑塊增加":44.260435571687836,"score_平均斑塊縮小":72.59528130671507,"score_道路建成區切割":52.05308529945553,"score_孤立比例":40.58529945553539,"score_距大型綠地":38.40744101633394,"綜合破碎化分數":47.4,"破碎化等級":"中","判定原因":"面積減少0.0%；斑塊增加0.0%；平均斑塊縮小3.5%；道路密度3.32 km/km²；孤立比例0.0%；距大型綠地0m","2021面積_ha":31.5,"2022面積_ha":31.5,"2023面積_ha":31.5}},{"type":"Feature","geometry":{"type":"Polygon","coordinates":[[[121.90116738660936,24.954140158550207],[121.90123311425447,24.963167469535676],[121.91113579289298,24.963107208473833],[121.91106934327983,24.954079922204386],[121.90116738660936,24.954140158550207]]]},"properties":{"grid_id":"G072_059","綠地類型":"河川沿岸自然地表","中心經度":121.906151,"中心緯度":24.958624,"分析面積_km2":1.04,"2020面積_ha":44.91,"2024面積_ha":44.91,"面積減少率_pct":0.0,"2020斑塊數":1,"2024斑塊數":1,"斑塊數增加率_pct":0.0,"2020平均斑塊面積_ha":118.17,"2024平均斑塊面積_ha":114.03,"平均斑塊面積下降率_pct":3.5,"道路切割密度_km_per_km2":3.403,"建成區邊界切割密度_km_per_km2":0.0,"孤立小斑塊比例_pct":0.0,"距大型連續綠地平均距離_m":0.0,"score_面積減少":36.206896551724135,"score_斑塊增加":44.260435571687836,"score_平均斑塊縮小":72.59528130671507,"score_道路建成區切割":52.38203266787659,"score_孤立比例":40.58529945553539,"score_距大型綠地":38.40744101633394,"綜合破碎化分數":47.4,"破碎化等級":"中","判定原因":"面積減少0.0%；斑塊增加0.0%；平均斑塊縮小3.5%；道路密度3.40 km/km²；孤立比例0.0%；距大型綠地0m","2021面積_ha":44.91,"2022面積_ha":44.91,"2023面積_ha":44.91}},{"type":"Feature","geometry":{"type":"Polygon","coordinates":[[[121.90123311425447,24.963167469535676],[121.90129887374137,24.972194769416916],[121.9112022746976,24.97213448363554],[121.91113579289298,24.963107208473833],[121.90123311425447,24.963167469535676]]]},"properties":{"grid_id":"G073_059","綠地類型":"河川沿岸自然地表","中心經度":121.906218,"中心緯度":24.967651,"分析面積_km2":1.04,"2020面積_ha":18.99,"2024面積_ha":18.99,"面積減少率_pct":0.0,"2020斑塊數":1,"2024斑塊數":1,"斑塊數增加率_pct":0.0,"2020平均斑塊面積_ha":118.17,"2024平均斑塊面積_ha":114.03,"平均斑塊面積下降率_pct":3.5,"道路切割密度_km_per_km2":0.779,"建成區邊界切割密度_km_per_km2":0.0,"孤立小斑塊比例_pct":0.0,"距大型連續綠地平均距離_m":0.0,"score_面積減少":36.206896551724135,"score_斑塊增加":44.260435571687836,"score_平均斑塊縮小":72.59528130671507,"score_道路建成區切割":38.39609800362976,"score_孤立比例":40.58529945553539,"score_距大型綠地":38.40744101633394,"綜合破碎化分數":45.1,"破碎化等級":"中","判定原因":"面積減少0.0%；斑塊增加0.0%；平均斑塊縮小3.5%；道路密度0.78 km/km²；孤立比例0.0%；距大型綠地0m","2021面積_ha":18.99,"2022面積_ha":18.99,"2023面積_ha":18.99}},{"type":"Feature","geometry":{"type":"Polygon","coordinates":[[[121.92110564345208,24.972073539252243],[121.9112022746976,24.97213448363554],[121.91123919286933,24.97714554965223],[121.9113156,24.9771972],[121.91139630000002,24.9772245],[121.9114811,24.9772454],[121.91156260000001,24.977297299999996],[121.91162959999998,24.977343999999988],[121.91168299999998,24.97741209999999],[121.9117632,24.9775544],[121.9119291,24.977843399999994],[121.9119821,24.977914800000004],[121.9120203,24.977969199999997],[121.9122255,24.9781369],[121.91249639999998,24.978303499999992],[121.91286649999999,24.978427499999995],[121.9130985,24.9784773],[121.9136242,24.978566100000002],[121.914052,24.9786452],[121.9142184,24.9787376],[121.914677,24.979223799999996],[121.91485140000002,24.979350199999995],[121.91497570000001,24.979372899999998],[121.9151646,24.979373699999993],[121.91567320000001,24.979406799999996],[121.91628890000001,24.979453600000003],[121.91645909999998,24.9794069],[121.9168015,24.979139699999998],[121.91704530000001,24.9789361],[121.91729160000001,24.9788037],[121.91748630000001,24.978809499999993],[121.91774130000002,24.9789042],[121.9179883,24.978994300000004],[121.91819139999998,24.979004499999995],[121.9183475,24.9789739],[121.9184471,24.978915899999997],[121.9186407,24.9787716],[121.9188636,24.978638599999996],[121.9190444,24.978647300000002],[121.9191741,24.9787097],[121.9193862,24.978871799999997],[121.9199775,24.9792595],[121.9205017,24.979584900000003],[121.9207695,24.9797102],[121.92089660000002,24.9797036],[121.9209814,24.9796302],[121.9210466,24.9795444],[121.92116039572643,24.979424947183816],[121.92110564345208,24.972073539252243]]]},"properties":{"grid_id":"G074_060","綠地類型":"河川沿岸自然地表","中心經度":121.916173,"中心緯度":24.97461,"分析面積_km2":0.764,"2020面積_ha":5.4,"2024面積_ha":5.4,"面積減少率_pct":0.0,"2020斑塊數":2,"2024斑塊數":2,"斑塊數增加率_pct":0.0,"2020平均斑塊面積_ha":24.84,"2024平均斑塊面積_ha":24.705,"平均斑塊面積下降率_pct":0.54,"道路切割密度_km_per_km2":0.982,"建成區邊界切割密度_km_per_km2":0.0,"孤立小斑塊比例_pct":0.0,"距大型連續綠地平均距離_m":0.0,"score_面積減少":36.206896551724135,"score_斑塊增加":44.260435571687836,"score_平均斑塊縮小":67.53629764065336,"score_道路建成區切割":39.45099818511797,"score_孤立比例":40.58529945553539,"score_距大型綠地":38.40744101633394,"綜合破碎化分數":44.4,"破碎化等級":"中","判定原因":"面積減少0.0%；斑塊增加0.0%；平均斑塊縮小0.5%；道路密度0.98 km/km²；孤立比例0.0%；距大型綠地0m","2021面積_ha":5.4,"2022面積_ha":5.4,"2023面積_ha":5.4}},{"type":"Feature","geometry":{"type":"Polygon","coordinates":[[[121.95088495757928,24.980913917033995],[121.94098096490328,24.98097686297528],[121.94101606240609,24.98558820008688],[121.9410173,24.98559],[121.9411377,24.9856864],[121.9412331,24.9857515],[121.94132629999999,24.985786400000006],[121.94143639999999,24.985826699999997],[121.9415401,24.985843100000004],[121.94171960000001,24.985891299999995],[121.94184970000002,24.985924699999998],[121.94203589999998,24.986023700000004],[121.9421901,24.986158499999995],[121.9423291,24.986248799999995],[121.94244860000002,24.986275500000005],[121.94250600000001,24.986285699999996],[121.9425811,24.986271400000003],[121.94274740000002,24.9862713],[121.94287760000002,24.986315499999996],[121.9430071,24.986380599999997],[121.9431118,24.986471000000005],[121.94329230000001,24.986702999999995],[121.9433528,24.986818899999996],[121.9435769,24.987152699999996],[121.94370159999998,24.9872823],[121.9437829,24.987557499999998],[121.9438262,24.987783499999992],[121.94387199999998,24.9878626],[121.9440047,24.9879736],[121.94422060000001,24.988053800000003],[121.9444812,24.988124399999993],[121.94471,24.988206900000005],[121.9448066,24.9882082],[121.9449213,24.988187799999995],[121.94545390000002,24.987971099999996],[121.9457403,24.987887499999996],[121.9458787,24.987825599999997],[121.94592020000002,24.987771600000002],[121.94597369999998,24.9876944],[121.94614580000001,24.98745],[121.94618700000001,24.987347599999993],[121.9462807,24.9871922],[121.94632070000002,24.987109500000003],[121.9463652,24.987035700000003],[121.9464007,24.986997899999995],[121.9467485,24.986924900000005],[121.94698170000001,24.986862799999997],[121.947109,24.986802500000007],[121.9472413,24.9867623],[121.9473761,24.9867277],[121.94750310000002,24.986706999999992],[121.9477671,24.986700100000004],[121.9479642,24.986693799999998],[121.9481895,24.986748500000004],[121.94831169999999,24.9868067],[121.9486731,24.986952600000002],[121.94882329999999,24.987053799999998],[121.9489404,24.987169499999997],[121.94902270000001,24.987279899999997],[121.94919040000002,24.987411499999997],[121.9493578,24.987505],[121.9494975,24.9875518],[121.9495459,24.987569699999998],[121.94969750000001,24.9876547],[121.9500068,24.987894999999998],[121.9500425,24.987934899999996],[121.95009290000002,24.987978599999998],[121.95019470000001,24.98814159999999],[121.9502443,24.9882102],[121.9503244,24.988284699999994],[121.95044910000001,24.9883426],[121.95064929999998,24.988368199999993],[121.9509062,24.988375199999997],[121.95094233742589,24.988373766270424],[121.95088495757928,24.980913917033995]]]},"properties":{"grid_id":"G075_063","綠地類型":"河川沿岸自然地表","中心經度":121.945951,"中心緯度":24.983251,"分析面積_km2":0.716,"2020面積_ha":23.31,"2024面積_ha":23.31,"面積減少率_pct":0.0,"2020斑塊數":1,"2024斑塊數":1,"斑塊數增加率_pct":0.0,"2020平均斑塊面積_ha":29.79,"2024平均斑塊面積_ha":30.24,"平均斑塊面積下降率_pct":0.0,"道路切割密度_km_per_km2":2.178,"建成區邊界切割密度_km_per_km2":0.126,"孤立小斑塊比例_pct":0.0,"距大型連續綠地平均距離_m":0.0,"score_面積減少":36.206896551724135,"score_斑塊增加":44.260435571687836,"score_平均斑塊縮小":28.153357531760438,"score_道路建成區切割":66.92377495462796,"score_孤立比例":40.58529945553539,"score_距大型綠地":38.40744101633394,"綜合破碎化分數":42.4,"破碎化等級":"中","判定原因":"面積減少0.0%；斑塊增加0.0%；平均斑塊縮小0.0%；道路密度2.18 km/km²；孤立比例0.0%；距大型綠地0m","2021面積_ha":23.31,"2022面積_ha":23.13,"2023面積_ha":23.31}}]}