{"type":"FeatureCollection","features":[{"type":"Feature","geometry":{"type":"Point","coordinates":[121.72609621369925,24.815878085116]},"properties":{"facility_id":"1","facility_name":"佛光大學","facility_type":"學校","facility_source":"","source_month":"202407","location_note":"官方校地範圍代表點，非校門或單一校舍點位","easting_epsg3826":323402.28,"northing_epsg3826":2745579.35,"image_pixel_x":3287,"image_pixel_y":2579,"image_coverage":"圖面範圍內","liquefaction_2026_map_class":"圖上無可判讀潛勢色塊","pixel_class_status":"無法判讀","nearest_medium_high_m":null,"nearest_medium_high_class":null,"within_300m_medium_or_high":false,"liquefaction_screening_note":"新版圖面此處無可判讀色塊；不能判為低潛勢","sampled_rgb_class_pixels_5x5":"{\"低潛勢（PL<5）\":0,\"中潛勢（5≤PL≤15）\":0,\"高潛勢（PL≥15）\":0}"}},{"type":"Feature","geometry":{"type":"Point","coordinates":[121.57853271249375,24.655981507000316]},"properties":{"facility_id":"10","facility_name":"宜蘭縣大同鄉大同國民小學松羅分校","facility_type":"學校","facility_source":"","source_month":"202206","location_note":"官方校地範圍代表點，非校門或單一校舍點位","easting_epsg3826":308559.29,"northing_epsg3826":2727797.67,"image_pixel_x":839,"image_pixel_y":5512,"image_coverage":"圖面範圍內","liquefaction_2026_map_class":"圖上無可判讀潛勢色塊","pixel_class_status":"無法判讀","nearest_medium_high_m":null,"nearest_medium_high_class":null,"within_300m_medium_or_high":false,"liquefaction_screening_note":"新版圖面此處無可判讀色塊；不能判為低潛勢","sampled_rgb_class_pixels_5x5":"{\"低潛勢（PL<5）\":0,\"中潛勢（5≤PL≤15）\":0,\"高潛勢（PL≥15）\":0}"}},{"type":"Feature","geometry":{"type":"Point","coordinates":[121.790504757799,24.795969093372893]},"properties":{"facility_id":"100","facility_name":"宜蘭縣礁溪鄉玉田國民小學","facility_type":"學校","facility_source":"","source_month":"202408","location_note":"官方校地範圍代表點，非校門或單一校舍點位","easting_epsg3826":329926.47,"northing_epsg3826":2743410.29,"image_pixel_x":4363,"image_pixel_y":2937,"image_coverage":"圖面範圍內","liquefaction_2026_map_class":"高潛勢（PL≥15）","pixel_class_status":"清楚","nearest_medium_high_m":12.1,"nearest_medium_high_class":"高潛勢（PL≥15）","within_300m_medium_or_high":true,"liquefaction_screening_note":"直接落在中／高潛勢圖色","sampled_rgb_class_pixels_5x5":"{\"低潛勢（PL<5）\":0,\"中潛勢（5≤PL≤15）\":0,\"高潛勢（PL≥15）\":4}"}},{"type":"Feature","geometry":{"type":"Point","coordinates":[121.74470681599331,24.779890757114746]},"properties":{"facility_id":"101","facility_name":"宜蘭縣礁溪鄉龍潭國民小學","facility_type":"學校","facility_source":"","source_month":"202406","location_note":"官方校地範圍代表點，非校門或單一校舍點位","easting_epsg3826":325305.45,"northing_epsg3826":2741603.35,"image_pixel_x":3601,"image_pixel_y":3235,"image_coverage":"圖面範圍內","liquefaction_2026_map_class":"中潛勢（5≤PL≤15）","pixel_class_status":"清楚","nearest_medium_high_m":0.0,"nearest_medium_high_class":"中潛勢（5≤PL≤15）","within_300m_medium_or_high":true,"liquefaction_screening_note":"直接落在中／高潛勢圖色","sampled_rgb_class_pixels_5x5":"{\"低潛勢（PL<5）\":0,\"中潛勢（5≤PL≤15）\":19,\"高潛勢（PL≥15）\":0}"}},{"type":"Feature","geometry":{"type":"Point","coordinates":[121.72927398871292,24.792404557730876]},"properties":{"facility_id":"102","facility_name":"宜蘭縣礁溪鄉龍潭國民小學匏崙分校","facility_type":"學校","facility_source":"","source_month":"201901","location_note":"官方校地範圍代表點，非校門或單一校舍點位","easting_epsg3826":323737.42,"northing_epsg3826":2742981.03,"image_pixel_x":3342,"image_pixel_y":3008,"image_coverage":"圖面範圍內","liquefaction_2026_map_class":"低潛勢（PL<5）","pixel_class_status":"清楚","nearest_medium_high_m":null,"nearest_medium_high_class":null,"within_300m_medium_or_high":false,"liquefaction_screening_note":"點位為低潛勢；300公尺內未見中／高潛勢圖色","sampled_rgb_class_pixels_5x5":"{\"低潛勢（PL<5）\":25,\"中潛勢（5≤PL≤15）\":0,\"高潛勢（PL≥15）\":0}"}},{"type":"Feature","geometry":{"type":"Point","coordinates":[121.76837140674677,24.82180558992952]},"properties":{"facility_id":"103","facility_name":"宜蘭縣礁溪鄉礁溪國民小學","facility_type":"學校","facility_source":"","source_month":"202406","location_note":"官方校地範圍代表點，非校門或單一校舍點位","easting_epsg3826":327672.41,"northing_epsg3826":2746259.31,"image_pixel_x":3991,"image_pixel_y":2467,"image_coverage":"圖面範圍內","liquefaction_2026_map_class":"低潛勢（PL<5）","pixel_class_status":"清楚","nearest_medium_high_m":236.5,"nearest_medium_high_class":"中潛勢（5≤PL≤15）","within_300m_medium_or_high":true,"liquefaction_screening_note":"距中／高潛勢圖色 236.5 公尺（≤300公尺）","sampled_rgb_class_pixels_5x5":"{\"低潛勢（PL<5）\":25,\"中潛勢（5≤PL≤15）\":0,\"高潛勢（PL≥15）\":0}"}},{"type":"Feature","geometry":{"type":"Point","coordinates":[121.76637184458144,24.678582089517544]},"properties":{"facility_id":"104","facility_name":"宜蘭縣羅東鎮公正國民小學","facility_type":"學校","facility_source":"","source_month":"202206","location_note":"官方校地範圍代表點，非校門或單一校舍點位","easting_epsg3826":327559.12,"northing_epsg3826":2730394.08,"image_pixel_x":3973,"image_pixel_y":5084,"image_coverage":"圖面範圍內","liquefaction_2026_map_class":"高潛勢（PL≥15）","pixel_class_status":"清楚","nearest_medium_high_m":12.1,"nearest_medium_high_class":"高潛勢（PL≥15）","within_300m_medium_or_high":true,"liquefaction_screening_note":"直接落在中／高潛勢圖色","sampled_rgb_class_pixels_5x5":"{\"低潛勢（PL<5）\":0,\"中潛勢（5≤PL≤15）\":0,\"高潛勢（PL≥15）\":4}"}},{"type":"Feature","geometry":{"type":"Point","coordinates":[121.75820158969985,24.674656153773263]},"properties":{"facility_id":"105","facility_name":"宜蘭縣羅東鎮北成國民小學","facility_type":"學校","facility_source":"","source_month":"202406","location_note":"官方校地範圍代表點，非校門或單一校舍點位","easting_epsg3826":326734.63,"northing_epsg3826":2729954.64,"image_pixel_x":3837,"image_pixel_y":5157,"image_coverage":"圖面範圍內","liquefaction_2026_map_class":"中潛勢（5≤PL≤15）","pixel_class_status":"清楚","nearest_medium_high_m":0.0,"nearest_medium_high_class":"中潛勢（5≤PL≤15）","within_300m_medium_or_high":true,"liquefaction_screening_note":"直接落在中／高潛勢圖色","sampled_rgb_class_pixels_5x5":"{\"低潛勢（PL<5）\":0,\"中潛勢（5≤PL≤15）\":25,\"高潛勢（PL≥15）\":0}"}},{"type":"Feature","geometry":{"type":"Point","coordinates":[121.76904557782437,24.67141433408012]},"properties":{"facility_id":"106","facility_name":"宜蘭縣羅東鎮成功國民小學","facility_type":"學校","facility_source":"","source_month":"202406","location_note":"官方校地範圍代表點，非校門或單一校舍點位","easting_epsg3826":327834.17,"northing_epsg3826":2729601.67,"image_pixel_x":4018,"image_pixel_y":5215,"image_coverage":"圖面範圍內","liquefaction_2026_map_class":"高潛勢（PL≥15）","pixel_class_status":"清楚","nearest_medium_high_m":0.0,"nearest_medium_high_class":"高潛勢（PL≥15）","within_300m_medium_or_high":true,"liquefaction_screening_note":"直接落在中／高潛勢圖色","sampled_rgb_class_pixels_5x5":"{\"低潛勢（PL<5）\":0,\"中潛勢（5≤PL≤15）\":0,\"高潛勢（PL≥15）\":25}"}},{"type":"Feature","geometry":{"type":"Point","coordinates":[121.76675129106465,24.688719009148762]},"properties":{"facility_id":"107","facility_name":"宜蘭縣羅東鎮竹林國民小學","facility_type":"學校","facility_source":"","source_month":"202206","location_note":"官方校地範圍代表點，非校門或單一校舍點位","easting_epsg3826":327591.24,"northing_epsg3826":2731517.1,"image_pixel_x":3978,"image_pixel_y":4899,"image_coverage":"圖面範圍內","liquefaction_2026_map_class":"高潛勢（PL≥15）","pixel_class_status":"清楚","nearest_medium_high_m":0.0,"nearest_medium_high_class":"高潛勢（PL≥15）","within_300m_medium_or_high":true,"liquefaction_screening_note":"直接落在中／高潛勢圖色","sampled_rgb_class_pixels_5x5":"{\"低潛勢（PL<5）\":0,\"中潛勢（5≤PL≤15）\":0,\"高潛勢（PL≥15）\":22}"}},{"type":"Feature","geometry":{"type":"Point","coordinates":[121.7725911398541,24.672808305048832]},"properties":{"facility_id":"108","facility_name":"宜蘭縣羅東鎮羅東國民小學","facility_type":"學校","facility_source":"","source_month":"202406","location_note":"官方校地範圍代表點，非校門或單一校舍點位","easting_epsg3826":328192.15,"northing_epsg3826":2729758.09,"image_pixel_x":4077,"image_pixel_y":5189,"image_coverage":"圖面範圍內","liquefaction_2026_map_class":"高潛勢（PL≥15）","pixel_class_status":"清楚","nearest_medium_high_m":12.1,"nearest_medium_high_class":"高潛勢（PL≥15）","within_300m_medium_or_high":true,"liquefaction_screening_note":"直接落在中／高潛勢圖色","sampled_rgb_class_pixels_5x5":"{\"低潛勢（PL<5）\":0,\"中潛勢（5≤PL≤15）\":0,\"高潛勢（PL≥15）\":4}"}},{"type":"Feature","geometry":{"type":"Point","coordinates":[121.85399490956208,24.59199916794138]},"properties":{"facility_id":"109","facility_name":"宜蘭縣蘇澳鎮士敏國民小學","facility_type":"學校","facility_source":"","source_month":"202207","location_note":"官方校地範圍代表點，非校門或單一校舍點位","easting_epsg3826":336486.83,"northing_epsg3826":2720856.13,"image_pixel_x":5445,"image_pixel_y":6657,"image_coverage":"圖面範圍外","liquefaction_2026_map_class":"超出新版宜蘭圖面範圍","pixel_class_status":"無圖面覆蓋","nearest_medium_high_m":null,"nearest_medium_high_class":null,"within_300m_medium_or_high":false,"liquefaction_screening_note":"無圖面覆蓋，不能判為低潛勢","sampled_rgb_class_pixels_5x5":"{}"}},{"type":"Feature","geometry":{"type":"Point","coordinates":[121.5295118193693,24.6004529669087]},"properties":{"facility_id":"11","facility_name":"宜蘭縣大同鄉大同國民小學樂水分校","facility_type":"學校","facility_source":"","source_month":"202208","location_note":"官方校地範圍代表點，非校門或單一校舍點位","easting_epsg3826":303620.97,"northing_epsg3826":2721627.34,"image_pixel_x":24,"image_pixel_y":6530,"image_coverage":"圖面範圍外","liquefaction_2026_map_class":"超出新版宜蘭圖面範圍","pixel_class_status":"無圖面覆蓋","nearest_medium_high_m":null,"nearest_medium_high_class":null,"within_300m_medium_or_high":false,"liquefaction_screening_note":"無圖面覆蓋，不能判為低潛勢","sampled_rgb_class_pixels_5x5":"{}"}},{"type":"Feature","geometry":{"type":"Point","coordinates":[121.84441122316994,24.5757980490003]},"properties":{"facility_id":"110","facility_name":"宜蘭縣蘇澳鎮永樂國民小學","facility_type":"學校","facility_source":"","source_month":"201901","location_note":"官方校地範圍代表點，非校門或單一校舍點位","easting_epsg3826":335527.22,"northing_epsg3826":2719055.65,"image_pixel_x":5287,"image_pixel_y":6954,"image_coverage":"圖面範圍外","liquefaction_2026_map_class":"超出新版宜蘭圖面範圍","pixel_class_status":"無圖面覆蓋","nearest_medium_high_m":null,"nearest_medium_high_class":null,"within_300m_medium_or_high":false,"liquefaction_screening_note":"無圖面覆蓋，不能判為低潛勢","sampled_rgb_class_pixels_5x5":"{}"}},{"type":"Feature","geometry":{"type":"Point","coordinates":[121.8337872027456,24.640440462795386]},"properties":{"facility_id":"111","facility_name":"宜蘭縣蘇澳鎮育英國民小學","facility_type":"學校","facility_source":"","source_month":"202405","location_note":"官方校地範圍代表點，非校門或單一校舍點位","easting_epsg3826":334407.71,"northing_epsg3826":2726209.13,"image_pixel_x":5102,"image_pixel_y":5774,"image_coverage":"圖面範圍內","liquefaction_2026_map_class":"高潛勢（PL≥15）","pixel_class_status":"清楚","nearest_medium_high_m":0.0,"nearest_medium_high_class":"高潛勢（PL≥15）","within_300m_medium_or_high":true,"liquefaction_screening_note":"直接落在中／高潛勢圖色","sampled_rgb_class_pixels_5x5":"{\"低潛勢（PL<5）\":0,\"中潛勢（5≤PL≤15）\":0,\"高潛勢（PL≥15）\":25}"}},{"type":"Feature","geometry":{"type":"Point","coordinates":[121.86855637195995,24.579056658678038]},"properties":{"facility_id":"112","facility_name":"宜蘭縣蘇澳鎮南安國民小學","facility_type":"學校","facility_source":"","source_month":"202207","location_note":"官方校地範圍代表點，非校門或單一校舍點位","easting_epsg3826":337970.63,"northing_epsg3826":2719431.79,"image_pixel_x":5690,"image_pixel_y":6892,"image_coverage":"圖面範圍外","liquefaction_2026_map_class":"超出新版宜蘭圖面範圍","pixel_class_status":"無圖面覆蓋","nearest_medium_high_m":null,"nearest_medium_high_class":null,"within_300m_medium_or_high":false,"liquefaction_screening_note":"無圖面覆蓋，不能判為低潛勢","sampled_rgb_class_pixels_5x5":"{}"}},{"type":"Feature","geometry":{"type":"Point","coordinates":[121.83520148024866,24.621913960580905]},"properties":{"facility_id":"113","facility_name":"宜蘭縣蘇澳鎮馬賽國民小學","facility_type":"學校","facility_source":"","source_month":"202405","location_note":"官方校地範圍代表點，非校門或單一校舍點位","easting_epsg3826":334563.36,"northing_epsg3826":2724157.93,"image_pixel_x":5128,"image_pixel_y":6113,"image_coverage":"圖面範圍內","liquefaction_2026_map_class":"低潛勢（PL<5）","pixel_class_status":"清楚","nearest_medium_high_m":74.0,"nearest_medium_high_class":"中潛勢（5≤PL≤15）","within_300m_medium_or_high":true,"liquefaction_screening_note":"距中／高潛勢圖色 74.0 公尺（≤300公尺）","sampled_rgb_class_pixels_5x5":"{\"低潛勢（PL<5）\":25,\"中潛勢（5≤PL≤15）\":0,\"高潛勢（PL≥15）\":0}"}},{"type":"Feature","geometry":{"type":"Point","coordinates":[121.80325651535455,24.464553664878316]},"properties":{"facility_id":"114","facility_name":"宜蘭縣蘇澳鎮蓬萊國民小學","facility_type":"學校","facility_source":"","source_month":"202012","location_note":"官方校地範圍代表點，非校門或單一校舍點位","easting_epsg3826":331430.32,"northing_epsg3826":2706709.08,"image_pixel_x":4611,"image_pixel_y":8991,"image_coverage":"圖面範圍外","liquefaction_2026_map_class":"超出新版宜蘭圖面範圍","pixel_class_status":"無圖面覆蓋","nearest_medium_high_m":null,"nearest_medium_high_class":null,"within_300m_medium_or_high":false,"liquefaction_screening_note":"無圖面覆蓋，不能判為低潛勢","sampled_rgb_class_pixels_5x5":"{}"}},{"type":"Feature","geometry":{"type":"Point","coordinates":[121.84096970648966,24.596689259591102]},"properties":{"facility_id":"115","facility_name":"宜蘭縣蘇澳鎮蘇澳國民小學","facility_type":"學校","facility_source":"","source_month":"202207","location_note":"官方校地範圍代表點，非校門或單一校舍點位","easting_epsg3826":335164.49,"northing_epsg3826":2721367.5,"image_pixel_x":5227,"image_pixel_y":6573,"image_coverage":"圖面範圍內","liquefaction_2026_map_class":"圖上無可判讀潛勢色塊","pixel_class_status":"無法判讀","nearest_medium_high_m":null,"nearest_medium_high_class":null,"within_300m_medium_or_high":false,"liquefaction_screening_note":"新版圖面此處無可判讀色塊；不能判為低潛勢","sampled_rgb_class_pixels_5x5":"{\"低潛勢（PL<5）\":0,\"中潛勢（5≤PL≤15）\":0,\"高潛勢（PL≥15）\":0}"}},{"type":"Feature","geometry":{"type":"Point","coordinates":[121.84084571647591,24.597376413574864]},"properties":{"facility_id":"116","facility_name":"宜蘭縣蘇澳鎮蘇澳國民小學1","facility_type":"學校","facility_source":"","source_month":"202207","location_note":"官方校地範圍代表點，非校門或單一校舍點位","easting_epsg3826":335151.47,"northing_epsg3826":2721443.54,"image_pixel_x":5225,"image_pixel_y":6560,"image_coverage":"圖面範圍內","liquefaction_2026_map_class":"圖上無可判讀潛勢色塊","pixel_class_status":"無法判讀","nearest_medium_high_m":null,"nearest_medium_high_class":null,"within_300m_medium_or_high":false,"liquefaction_screening_note":"新版圖面此處無可判讀色塊；不能判為低潛勢","sampled_rgb_class_pixels_5x5":"{\"低潛勢（PL<5）\":0,\"中潛勢（5≤PL≤15）\":0,\"高潛勢（PL≥15）\":0}"}},{"type":"Feature","geometry":{"type":"Point","coordinates":[121.68519836945542,24.697550169030116]},"properties":{"facility_id":"117","facility_name":"耕莘健康管理專科學校宜蘭校區","facility_type":"學校","facility_source":"","source_month":"202201","location_note":"官方校地範圍代表點，非校門或單一校舍點位","easting_epsg3826":319333.35,"northing_epsg3826":2732451.58,"image_pixel_x":2616,"image_pixel_y":4745,"image_coverage":"圖面範圍內","liquefaction_2026_map_class":"低潛勢（PL<5）","pixel_class_status":"清楚","nearest_medium_high_m":null,"nearest_medium_high_class":null,"within_300m_medium_or_high":false,"liquefaction_screening_note":"點位為低潛勢；300公尺內未見中／高潛勢圖色","sampled_rgb_class_pixels_5x5":"{\"低潛勢（PL<5）\":25,\"中潛勢（5≤PL≤15）\":0,\"高潛勢（PL≥15）\":0}"}},{"type":"Feature","geometry":{"type":"Point","coordinates":[121.7459511283663,24.74637711853619]},"properties":{"facility_id":"118","facility_name":"國立宜蘭大學","facility_type":"學校","facility_source":"","source_month":"202207","location_note":"官方校地範圍代表點，非校門或單一校舍點位","easting_epsg3826":325451.53,"northing_epsg3826":2737891.92,"image_pixel_x":3625,"image_pixel_y":3847,"image_coverage":"圖面範圍內","liquefaction_2026_map_class":"高潛勢（PL≥15）","pixel_class_status":"清楚","nearest_medium_high_m":0.0,"nearest_medium_high_class":"高潛勢（PL≥15）","within_300m_medium_or_high":true,"liquefaction_screening_note":"直接落在中／高潛勢圖色","sampled_rgb_class_pixels_5x5":"{\"低潛勢（PL<5）\":0,\"中潛勢（5≤PL≤15）\":0,\"高潛勢（PL≥15）\":25}"}},{"type":"Feature","geometry":{"type":"Point","coordinates":[121.8330611166287,24.66880865597118]},"properties":{"facility_id":"119","facility_name":"國立宜蘭大學五結校區","facility_type":"學校","facility_source":"","source_month":"202405","location_note":"官方校地範圍代表點，非校門或單一校舍點位","easting_epsg3826":334315.14,"northing_epsg3826":2729350.87,"image_pixel_x":5087,"image_pixel_y":5256,"image_coverage":"圖面範圍內","liquefaction_2026_map_class":"高潛勢（PL≥15）","pixel_class_status":"清楚","nearest_medium_high_m":0.0,"nearest_medium_high_class":"高潛勢（PL≥15）","within_300m_medium_or_high":true,"liquefaction_screening_note":"直接落在中／高潛勢圖色","sampled_rgb_class_pixels_5x5":"{\"低潛勢（PL<5）\":0,\"中潛勢（5≤PL≤15）\":0,\"高潛勢（PL≥15）\":25}"}},{"type":"Feature","geometry":{"type":"Point","coordinates":[121.42640644486275,24.488402702724965]},"properties":{"facility_id":"12","facility_name":"宜蘭縣大同鄉四季國民小學","facility_type":"學校","facility_source":"","source_month":"201901","location_note":"官方校地範圍代表點，非校門或單一校舍點位","easting_epsg3826":293218.24,"northing_epsg3826":2709180.72,"image_pixel_x":-1691,"image_pixel_y":8583,"image_coverage":"圖面範圍外","liquefaction_2026_map_class":"超出新版宜蘭圖面範圍","pixel_class_status":"無圖面覆蓋","nearest_medium_high_m":null,"nearest_medium_high_class":null,"within_300m_medium_or_high":false,"liquefaction_screening_note":"無圖面覆蓋，不能判為低潛勢","sampled_rgb_class_pixels_5x5":"{}"}},{"type":"Feature","geometry":{"type":"Point","coordinates":[121.74948782924533,24.729121035076307]},"properties":{"facility_id":"120","facility_name":"國立宜蘭大學城南校區","facility_type":"學校","facility_source":"","source_month":"202409","location_note":"官方校地範圍代表點，非校門或單一校舍點位","easting_epsg3826":325819.73,"northing_epsg3826":2735982.52,"image_pixel_x":3686,"image_pixel_y":4162,"image_coverage":"圖面範圍內","liquefaction_2026_map_class":"高潛勢（PL≥15）","pixel_class_status":"清楚","nearest_medium_high_m":0.0,"nearest_medium_high_class":"高潛勢（PL≥15）","within_300m_medium_or_high":true,"liquefaction_screening_note":"直接落在中／高潛勢圖色","sampled_rgb_class_pixels_5x5":"{\"低潛勢（PL<5）\":0,\"中潛勢（5≤PL≤15）\":0,\"高潛勢（PL≥15）\":25}"}},{"type":"Feature","geometry":{"type":"Point","coordinates":[121.74332276882896,24.729585871685035]},"properties":{"facility_id":"121","facility_name":"國立宜蘭大學城南校區1","facility_type":"學校","facility_source":"","source_month":"202409","location_note":"官方校地範圍代表點，非校門或單一校舍點位","easting_epsg3826":325195.76,"northing_epsg3826":2736030.61,"image_pixel_x":3583,"image_pixel_y":4154,"image_coverage":"圖面範圍內","liquefaction_2026_map_class":"高潛勢（PL≥15）","pixel_class_status":"清楚","nearest_medium_high_m":0.0,"nearest_medium_high_class":"高潛勢（PL≥15）","within_300m_medium_or_high":true,"liquefaction_screening_note":"直接落在中／高潛勢圖色","sampled_rgb_class_pixels_5x5":"{\"低潛勢（PL<5）\":0,\"中潛勢（5≤PL≤15）\":0,\"高潛勢（PL≥15）\":20}"}},{"type":"Feature","geometry":{"type":"Point","coordinates":[121.79464942794498,24.693713689569424]},"properties":{"facility_id":"122","facility_name":"國立宜蘭特殊教育學校","facility_type":"學校","facility_source":"","source_month":"202206","location_note":"官方校地範圍代表點，非校門或單一校舍點位","easting_epsg3826":330411.3,"northing_epsg3826":2732086.4,"image_pixel_x":4443,"image_pixel_y":4805,"image_coverage":"圖面範圍內","liquefaction_2026_map_class":"高潛勢（PL≥15）","pixel_class_status":"清楚","nearest_medium_high_m":0.0,"nearest_medium_high_class":"高潛勢（PL≥15）","within_300m_medium_or_high":true,"liquefaction_screening_note":"直接落在中／高潛勢圖色","sampled_rgb_class_pixels_5x5":"{\"低潛勢（PL<5）\":0,\"中潛勢（5≤PL≤15）\":0,\"高潛勢（PL≥15）\":25}"}},{"type":"Feature","geometry":{"type":"Point","coordinates":[121.74255553268168,24.75166543271012]},"properties":{"facility_id":"123","facility_name":"國立宜蘭高級中學","facility_type":"學校","facility_source":"","source_month":"202207","location_note":"官方校地範圍代表點，非校門或單一校舍點位","easting_epsg3826":325104.88,"northing_epsg3826":2738475.81,"image_pixel_x":3568,"image_pixel_y":3751,"image_coverage":"圖面範圍內","liquefaction_2026_map_class":"高潛勢（PL≥15）","pixel_class_status":"清楚","nearest_medium_high_m":0.0,"nearest_medium_high_class":"高潛勢（PL≥15）","within_300m_medium_or_high":true,"liquefaction_screening_note":"直接落在中／高潛勢圖色","sampled_rgb_class_pixels_5x5":"{\"低潛勢（PL<5）\":0,\"中潛勢（5≤PL≤15）\":0,\"高潛勢（PL≥15）\":20}"}},{"type":"Feature","geometry":{"type":"Point","coordinates":[121.76559128220406,24.754323701005564]},"properties":{"facility_id":"124","facility_name":"國立宜蘭高級商業職業學校","facility_type":"學校","facility_source":"","source_month":"202406","location_note":"官方校地範圍代表點，非校門或單一校舍點位","easting_epsg3826":327433.24,"northing_epsg3826":2738783.09,"image_pixel_x":3952,"image_pixel_y":3700,"image_coverage":"圖面範圍內","liquefaction_2026_map_class":"高潛勢（PL≥15）","pixel_class_status":"清楚","nearest_medium_high_m":0.0,"nearest_medium_high_class":"高潛勢（PL≥15）","within_300m_medium_or_high":true,"liquefaction_screening_note":"直接落在中／高潛勢圖色","sampled_rgb_class_pixels_5x5":"{\"低潛勢（PL<5）\":0,\"中潛勢（5≤PL≤15）\":0,\"高潛勢（PL≥15）\":25}"}},{"type":"Feature","geometry":{"type":"Point","coordinates":[121.81619347664046,24.851617113430883]},"properties":{"facility_id":"125","facility_name":"國立頭城高級家事商業職業學校","facility_type":"學校","facility_source":"","source_month":"202405","location_note":"官方校地範圍代表點，非校門或單一校舍點位","easting_epsg3826":332487.05,"northing_epsg3826":2749589.5,"image_pixel_x":4785,"image_pixel_y":1918,"image_coverage":"圖面範圍內","liquefaction_2026_map_class":"高潛勢（PL≥15）","pixel_class_status":"清楚","nearest_medium_high_m":0.0,"nearest_medium_high_class":"高潛勢（PL≥15）","within_300m_medium_or_high":true,"liquefaction_screening_note":"直接落在中／高潛勢圖色","sampled_rgb_class_pixels_5x5":"{\"低潛勢（PL<5）\":0,\"中潛勢（5≤PL≤15）\":0,\"高潛勢（PL≥15）\":15}"}},{"type":"Feature","geometry":{"type":"Point","coordinates":[121.75103446907711,24.669713623703895]},"properties":{"facility_id":"126","facility_name":"國立羅東高級工業職業學校","facility_type":"學校","facility_source":"","source_month":"202406","location_note":"官方校地範圍代表點，非校門或單一校舍點位","easting_epsg3826":326012.24,"northing_epsg3826":2729403.2,"image_pixel_x":3717,"image_pixel_y":5248,"image_coverage":"圖面範圍內","liquefaction_2026_map_class":"圖上無可判讀潛勢色塊","pixel_class_status":"無法判讀","nearest_medium_high_m":42.4,"nearest_medium_high_class":"中潛勢（5≤PL≤15）","within_300m_medium_or_high":true,"liquefaction_screening_note":"距中／高潛勢圖色 42.4 公尺（≤300公尺）","sampled_rgb_class_pixels_5x5":"{\"低潛勢（PL<5）\":0,\"中潛勢（5≤PL≤15）\":0,\"高潛勢（PL≥15）\":0}"}},{"type":"Feature","geometry":{"type":"Point","coordinates":[121.76271728621889,24.682208119459922]},"properties":{"facility_id":"127","facility_name":"國立羅東高級中學","facility_type":"學校","facility_source":"","source_month":"202406","location_note":"官方校地範圍代表點，非校門或單一校舍點位","easting_epsg3826":327187.02,"northing_epsg3826":2730793.65,"image_pixel_x":3911,"image_pixel_y":5018,"image_coverage":"圖面範圍內","liquefaction_2026_map_class":"高潛勢（PL≥15）","pixel_class_status":"清楚","nearest_medium_high_m":0.0,"nearest_medium_high_class":"高潛勢（PL≥15）","within_300m_medium_or_high":true,"liquefaction_screening_note":"直接落在中／高潛勢圖色","sampled_rgb_class_pixels_5x5":"{\"低潛勢（PL<5）\":0,\"中潛勢（5≤PL≤15）\":0,\"高潛勢（PL≥15）\":25}"}},{"type":"Feature","geometry":{"type":"Point","coordinates":[121.75634797233594,24.67350149968654]},"properties":{"facility_id":"128","facility_name":"國立羅東高級商業職業學校","facility_type":"學校","facility_source":"","source_month":"202206","location_note":"官方校地範圍代表點，非校門或單一校舍點位","easting_epsg3826":326547.73,"northing_epsg3826":2729825.71,"image_pixel_x":3806,"image_pixel_y":5178,"image_coverage":"圖面範圍內","liquefaction_2026_map_class":"高潛勢（PL≥15）","pixel_class_status":"清楚","nearest_medium_high_m":0.0,"nearest_medium_high_class":"高潛勢（PL≥15）","within_300m_medium_or_high":true,"liquefaction_screening_note":"直接落在中／高潛勢圖色","sampled_rgb_class_pixels_5x5":"{\"低潛勢（PL<5）\":0,\"中潛勢（5≤PL≤15）\":0,\"高潛勢（PL≥15）\":15}"}},{"type":"Feature","geometry":{"type":"Point","coordinates":[121.84386255504683,24.592525075106735]},"properties":{"facility_id":"129","facility_name":"國立蘇澳高級海事水產職業學校","facility_type":"學校","facility_source":"","source_month":"202406","location_note":"官方校地範圍代表點，非校門或單一校舍點位","easting_epsg3826":335460.29,"northing_epsg3826":2720908.05,"image_pixel_x":5276,"image_pixel_y":6649,"image_coverage":"圖面範圍外","liquefaction_2026_map_class":"超出新版宜蘭圖面範圍","pixel_class_status":"無圖面覆蓋","nearest_medium_high_m":null,"nearest_medium_high_class":null,"within_300m_medium_or_high":false,"liquefaction_screening_note":"無圖面覆蓋，不能判為低潛勢","sampled_rgb_class_pixels_5x5":"{}"}},{"type":"Feature","geometry":{"type":"Point","coordinates":[121.52585335044007,24.6124541795366]},"properties":{"facility_id":"13","facility_name":"宜蘭縣大同鄉四季國民小學英士分校","facility_type":"學校","facility_source":"","source_month":"201901","location_note":"官方校地範圍代表點，非校門或單一校舍點位","easting_epsg3826":303245.41,"northing_epsg3826":2722955.17,"image_pixel_x":-37,"image_pixel_y":6311,"image_coverage":"圖面範圍外","liquefaction_2026_map_class":"超出新版宜蘭圖面範圍","pixel_class_status":"無圖面覆蓋","nearest_medium_high_m":null,"nearest_medium_high_class":null,"within_300m_medium_or_high":false,"liquefaction_screening_note":"無圖面覆蓋，不能判為低潛勢","sampled_rgb_class_pixels_5x5":"{}"}},{"type":"Feature","geometry":{"type":"Point","coordinates":[121.7535350391615,24.74490609614899]},"properties":{"facility_id":"130","facility_name":"國立蘭陽女子高級中學","facility_type":"學校","facility_source":"","source_month":"201510","location_note":"官方校地範圍代表點，非校門或單一校舍點位","easting_epsg3826":326219.55,"northing_epsg3826":2737733.19,"image_pixel_x":3752,"image_pixel_y":3874,"image_coverage":"圖面範圍內","liquefaction_2026_map_class":"高潛勢（PL≥15）","pixel_class_status":"清楚","nearest_medium_high_m":0.0,"nearest_medium_high_class":"高潛勢（PL≥15）","within_300m_medium_or_high":true,"liquefaction_screening_note":"直接落在中／高潛勢圖色","sampled_rgb_class_pixels_5x5":"{\"低潛勢（PL<5）\":0,\"中潛勢（5≤PL≤15）\":0,\"高潛勢（PL≥15）\":25}"}},{"type":"Feature","geometry":{"type":"Point","coordinates":[121.73047710347247,24.821236530570147]},"properties":{"facility_id":"131","facility_name":"淡江大學蘭陽校園","facility_type":"學校","facility_source":"","source_month":"202207","location_note":"官方校地範圍代表點，非校門或單一校舍點位","easting_epsg3826":323841.99,"northing_epsg3826":2746175.24,"image_pixel_x":3360,"image_pixel_y":2481,"image_coverage":"圖面範圍內","liquefaction_2026_map_class":"圖上無可判讀潛勢色塊","pixel_class_status":"無法判讀","nearest_medium_high_m":null,"nearest_medium_high_class":null,"within_300m_medium_or_high":false,"liquefaction_screening_note":"新版圖面此處無可判讀色塊；不能判為低潛勢","sampled_rgb_class_pixels_5x5":"{\"低潛勢（PL<5）\":0,\"中潛勢（5≤PL≤15）\":0,\"高潛勢（PL≥15）\":0}"}},{"type":"Feature","geometry":{"type":"Point","coordinates":[121.70227406058794,24.664741759330383]},"properties":{"facility_id":"132","facility_name":"聖母醫護管理專科學校","facility_type":"學校","facility_source":"","source_month":"202206","location_note":"官方校地範圍代表點，非校門或單一校舍點位","easting_epsg3826":321079.85,"northing_epsg3826":2728826.38,"image_pixel_x":2904,"image_pixel_y":5343,"image_coverage":"圖面範圍內","liquefaction_2026_map_class":"低潛勢（PL<5）","pixel_class_status":"清楚","nearest_medium_high_m":null,"nearest_medium_high_class":null,"within_300m_medium_or_high":false,"liquefaction_screening_note":"點位為低潛勢；300公尺內未見中／高潛勢圖色","sampled_rgb_class_pixels_5x5":"{\"低潛勢（PL<5）\":25,\"中潛勢（5≤PL≤15）\":0,\"高潛勢（PL≥15）\":0}"}},{"type":"Feature","geometry":{"type":"Point","coordinates":[121.77288945439703,24.67084411261409]},"properties":{"facility_id":"133","facility_name":"聖母醫護管理專科學校羅東校區","facility_type":"學校","facility_source":"","source_month":"202508","location_note":"官方校地範圍代表點，非校門或單一校舍點位","easting_epsg3826":328223.57,"northing_epsg3826":2729540.7,"image_pixel_x":4082,"image_pixel_y":5225,"image_coverage":"圖面範圍內","liquefaction_2026_map_class":"高潛勢（PL≥15）","pixel_class_status":"清楚","nearest_medium_high_m":0.0,"nearest_medium_high_class":"高潛勢（PL≥15）","within_300m_medium_or_high":true,"liquefaction_screening_note":"直接落在中／高潛勢圖色","sampled_rgb_class_pixels_5x5":"{\"低潛勢（PL<5）\":0,\"中潛勢（5≤PL≤15）\":0,\"高潛勢（PL≥15）\":25}"}},{"type":"Feature","geometry":{"type":"Point","coordinates":[121.45084651765958,24.53283330581376]},"properties":{"facility_id":"14","facility_name":"宜蘭縣大同鄉四季國民小學茂安分班","facility_type":"學校","facility_source":"","source_month":"202508","location_note":"官方校地範圍代表點，非校門或單一校舍點位","easting_epsg3826":295679.32,"northing_epsg3826":2714109.58,"image_pixel_x":-1285,"image_pixel_y":7770,"image_coverage":"圖面範圍外","liquefaction_2026_map_class":"超出新版宜蘭圖面範圍","pixel_class_status":"無圖面覆蓋","nearest_medium_high_m":null,"nearest_medium_high_class":null,"within_300m_medium_or_high":false,"liquefaction_screening_note":"無圖面覆蓋，不能判為低潛勢","sampled_rgb_class_pixels_5x5":"{}"}},{"type":"Feature","geometry":{"type":"Point","coordinates":[121.38065828934248,24.4375079488649]},"properties":{"facility_id":"15","facility_name":"宜蘭縣大同鄉南山國民小學","facility_type":"學校","facility_source":"","source_month":"202206","location_note":"官方校地範圍代表點，非校門或單一校舍點位","easting_epsg3826":288596.91,"northing_epsg3826":2703530.31,"image_pixel_x":-2453,"image_pixel_y":9515,"image_coverage":"圖面範圍外","liquefaction_2026_map_class":"超出新版宜蘭圖面範圍","pixel_class_status":"無圖面覆蓋","nearest_medium_high_m":null,"nearest_medium_high_class":null,"within_300m_medium_or_high":false,"liquefaction_screening_note":"無圖面覆蓋，不能判為低潛勢","sampled_rgb_class_pixels_5x5":"{}"}},{"type":"Feature","geometry":{"type":"Point","coordinates":[121.6874798540977,24.609459747025834]},"properties":{"facility_id":"16","facility_name":"宜蘭縣大同鄉寒溪國民小學","facility_type":"學校","facility_source":"","source_month":"201901","location_note":"官方校地範圍代表點，非校門或單一校舍點位","easting_epsg3826":319613.05,"northing_epsg3826":2722695.67,"image_pixel_x":2662,"image_pixel_y":6354,"image_coverage":"圖面範圍內","liquefaction_2026_map_class":"圖上無可判讀潛勢色塊","pixel_class_status":"無法判讀","nearest_medium_high_m":null,"nearest_medium_high_class":null,"within_300m_medium_or_high":false,"liquefaction_screening_note":"新版圖面此處無可判讀色塊；不能判為低潛勢","sampled_rgb_class_pixels_5x5":"{\"低潛勢（PL<5）\":0,\"中潛勢（5≤PL≤15）\":0,\"高潛勢（PL≥15）\":0}"}},{"type":"Feature","geometry":{"type":"Point","coordinates":[121.77243211851325,24.692058817713185]},"properties":{"facility_id":"17","facility_name":"宜蘭縣五結鄉中興國民小學","facility_type":"學校","facility_source":"","source_month":"201901","location_note":"官方校地範圍代表點，非校門或單一校舍點位","easting_epsg3826":328164.05,"northing_epsg3826":2731890.25,"image_pixel_x":4072,"image_pixel_y":4837,"image_coverage":"圖面範圍內","liquefaction_2026_map_class":"高潛勢（PL≥15）","pixel_class_status":"清楚","nearest_medium_high_m":6.1,"nearest_medium_high_class":"高潛勢（PL≥15）","within_300m_medium_or_high":true,"liquefaction_screening_note":"直接落在中／高潛勢圖色","sampled_rgb_class_pixels_5x5":"{\"低潛勢（PL<5）\":0,\"中潛勢（5≤PL≤15）\":0,\"高潛勢（PL≥15）\":10}"}},{"type":"Feature","geometry":{"type":"Point","coordinates":[121.79921696956153,24.687224838186243]},"properties":{"facility_id":"18","facility_name":"宜蘭縣五結鄉五結國民小學","facility_type":"學校","facility_source":"","source_month":"202405","location_note":"官方校地範圍代表點，非校門或單一校舍點位","easting_epsg3826":330877.7,"northing_epsg3826":2731370.35,"image_pixel_x":4520,"image_pixel_y":4923,"image_coverage":"圖面範圍內","liquefaction_2026_map_class":"高潛勢（PL≥15）","pixel_class_status":"清楚","nearest_medium_high_m":0.0,"nearest_medium_high_class":"高潛勢（PL≥15）","within_300m_medium_or_high":true,"liquefaction_screening_note":"直接落在中／高潛勢圖色","sampled_rgb_class_pixels_5x5":"{\"低潛勢（PL<5）\":0,\"中潛勢（5≤PL≤15）\":0,\"高潛勢（PL≥15）\":24}"}},{"type":"Feature","geometry":{"type":"Point","coordinates":[121.82735247539449,24.66489259916699]},"properties":{"facility_id":"19","facility_name":"宜蘭縣五結鄉利澤國民小學","facility_type":"學校","facility_source":"","source_month":"201901","location_note":"官方校地範圍代表點，非校門或單一校舍點位","easting_epsg3826":333739.95,"northing_epsg3826":2728913.61,"image_pixel_x":4992,"image_pixel_y":5328,"image_coverage":"圖面範圍內","liquefaction_2026_map_class":"高潛勢（PL≥15）","pixel_class_status":"清楚","nearest_medium_high_m":0.0,"nearest_medium_high_class":"高潛勢（PL≥15）","within_300m_medium_or_high":true,"liquefaction_screening_note":"直接落在中／高潛勢圖色","sampled_rgb_class_pixels_5x5":"{\"低潛勢（PL<5）\":0,\"中潛勢（5≤PL≤15）\":0,\"高潛勢（PL≥15）\":25}"}},{"type":"Feature","geometry":{"type":"Point","coordinates":[121.75369132958042,24.762293141103974]},"properties":{"facility_id":"2","facility_name":"佛光大學宜蘭城區部","facility_type":"學校","facility_source":"","source_month":"202508","location_note":"官方校地範圍代表點，非校門或單一校舍點位","easting_epsg3826":326224.75,"northing_epsg3826":2739659.14,"image_pixel_x":3752,"image_pixel_y":3556,"image_coverage":"圖面範圍內","liquefaction_2026_map_class":"高潛勢（PL≥15）","pixel_class_status":"清楚","nearest_medium_high_m":0.0,"nearest_medium_high_class":"高潛勢（PL≥15）","within_300m_medium_or_high":true,"liquefaction_screening_note":"直接落在中／高潛勢圖色","sampled_rgb_class_pixels_5x5":"{\"低潛勢（PL<5）\":0,\"中潛勢（5≤PL≤15）\":0,\"高潛勢（PL≥15）\":23}"}},{"type":"Feature","geometry":{"type":"Point","coordinates":[121.81198881818808,24.696635193471714]},"properties":{"facility_id":"20","facility_name":"宜蘭縣五結鄉孝威國民小學","facility_type":"學校","facility_source":"","source_month":"202405","location_note":"官方校地範圍代表點，非校門或單一校舍點位","easting_epsg3826":332164.05,"northing_epsg3826":2732420.28,"image_pixel_x":4732,"image_pixel_y":4750,"image_coverage":"圖面範圍內","liquefaction_2026_map_class":"高潛勢（PL≥15）","pixel_class_status":"清楚","nearest_medium_high_m":6.1,"nearest_medium_high_class":"高潛勢（PL≥15）","within_300m_medium_or_high":true,"liquefaction_screening_note":"直接落在中／高潛勢圖色","sampled_rgb_class_pixels_5x5":"{\"低潛勢（PL<5）\":0,\"中潛勢（5≤PL≤15）\":0,\"高潛勢（PL≥15）\":12}"}},{"type":"Feature","geometry":{"type":"Point","coordinates":[121.77037808005905,24.706697413187754]},"properties":{"facility_id":"21","facility_name":"宜蘭縣五結鄉學進國民小學","facility_type":"學校","facility_source":"","source_month":"202406","location_note":"官方校地範圍代表點，非校門或單一校舍點位","easting_epsg3826":327947.08,"northing_epsg3826":2733510.51,"image_pixel_x":4037,"image_pixel_y":4570,"image_coverage":"圖面範圍內","liquefaction_2026_map_class":"中潛勢（5≤PL≤15）","pixel_class_status":"清楚","nearest_medium_high_m":0.0,"nearest_medium_high_class":"中潛勢（5≤PL≤15）","within_300m_medium_or_high":true,"liquefaction_screening_note":"直接落在中／高潛勢圖色","sampled_rgb_class_pixels_5x5":"{\"低潛勢（PL<5）\":0,\"中潛勢（5≤PL≤15）\":25,\"高潛勢（PL≥15）\":0}"}},{"type":"Feature","geometry":{"type":"Point","coordinates":[121.7160689168856,24.634051902324654]},"properties":{"facility_id":"22","facility_name":"宜蘭縣冬山鄉大進國民小學","facility_type":"學校","facility_source":"","source_month":"202206","location_note":"官方校地範圍代表點，非校門或單一校舍點位","easting_epsg3826":322493.85,"northing_epsg3826":2725434.31,"image_pixel_x":3137,"image_pixel_y":5902,"image_coverage":"圖面範圍內","liquefaction_2026_map_class":"低潛勢（PL<5）","pixel_class_status":"清楚","nearest_medium_high_m":null,"nearest_medium_high_class":null,"within_300m_medium_or_high":false,"liquefaction_screening_note":"點位為低潛勢；300公尺內未見中／高潛勢圖色","sampled_rgb_class_pixels_5x5":"{\"低潛勢（PL<5）\":25,\"中潛勢（5≤PL≤15）\":0,\"高潛勢（PL≥15）\":0}"}},{"type":"Feature","geometry":{"type":"Point","coordinates":[121.7901766347159,24.63177912961118]},"properties":{"facility_id":"23","facility_name":"宜蘭縣冬山鄉冬山國民小學","facility_type":"學校","facility_source":"","source_month":"202405","location_note":"官方校地範圍代表點，非校門或單一校舍點位","easting_epsg3826":329998.16,"northing_epsg3826":2725223.68,"image_pixel_x":4375,"image_pixel_y":5937,"image_coverage":"圖面範圍內","liquefaction_2026_map_class":"低潛勢（PL<5）","pixel_class_status":"清楚","nearest_medium_high_m":null,"nearest_medium_high_class":null,"within_300m_medium_or_high":false,"liquefaction_screening_note":"點位為低潛勢；300公尺內未見中／高潛勢圖色","sampled_rgb_class_pixels_5x5":"{\"低潛勢（PL<5）\":25,\"中潛勢（5≤PL≤15）\":0,\"高潛勢（PL≥15）\":0}"}},{"type":"Feature","geometry":{"type":"Point","coordinates":[121.80692552948578,24.628664350296493]},"properties":{"facility_id":"24","facility_name":"宜蘭縣冬山鄉東興國民小學","facility_type":"學校","facility_source":"","source_month":"202405","location_note":"官方校地範圍代表點，非校門或單一校舍點位","easting_epsg3826":331695.93,"northing_epsg3826":2724888.53,"image_pixel_x":4655,"image_pixel_y":5992,"image_coverage":"圖面範圍內","liquefaction_2026_map_class":"圖上無可判讀潛勢色塊","pixel_class_status":"無法判讀","nearest_medium_high_m":30.9,"nearest_medium_high_class":"中潛勢（5≤PL≤15）","within_300m_medium_or_high":true,"liquefaction_screening_note":"距中／高潛勢圖色 30.9 公尺（≤300公尺）","sampled_rgb_class_pixels_5x5":"{\"低潛勢（PL<5）\":0,\"中潛勢（5≤PL≤15）\":0,\"高潛勢（PL≥15）\":0}"}},{"type":"Feature","geometry":{"type":"Point","coordinates":[121.79855622061164,24.661825336123133]},"properties":{"facility_id":"25","facility_name":"宜蘭縣冬山鄉武淵國民小學","facility_type":"學校","facility_source":"","source_month":"202405","location_note":"官方校地範圍代表點，非校門或單一校舍點位","easting_epsg3826":330827.21,"northing_epsg3826":2728556.61,"image_pixel_x":4512,"image_pixel_y":5387,"image_coverage":"圖面範圍內","liquefaction_2026_map_class":"中潛勢（5≤PL≤15）","pixel_class_status":"清楚","nearest_medium_high_m":12.1,"nearest_medium_high_class":"中潛勢（5≤PL≤15）","within_300m_medium_or_high":true,"liquefaction_screening_note":"直接落在中／高潛勢圖色","sampled_rgb_class_pixels_5x5":"{\"低潛勢（PL<5）\":0,\"中潛勢（5≤PL≤15）\":4,\"高潛勢（PL≥15）\":0}"}},{"type":"Feature","geometry":{"type":"Point","coordinates":[121.73161596879308,24.676541538906474]},"properties":{"facility_id":"26","facility_name":"宜蘭縣冬山鄉柯林國民小學","facility_type":"學校","facility_source":"","source_month":"202206","location_note":"官方校地範圍代表點，非校門或單一校舍點位","easting_epsg3826":324042.79,"northing_epsg3826":2730148.87,"image_pixel_x":3393,"image_pixel_y":5125,"image_coverage":"圖面範圍內","liquefaction_2026_map_class":"中潛勢（5≤PL≤15）","pixel_class_status":"清楚","nearest_medium_high_m":0.0,"nearest_medium_high_class":"中潛勢（5≤PL≤15）","within_300m_medium_or_high":true,"liquefaction_screening_note":"直接落在中／高潛勢圖色","sampled_rgb_class_pixels_5x5":"{\"低潛勢（PL<5）\":0,\"中潛勢（5≤PL≤15）\":25,\"高潛勢（PL≥15）\":0}"}},{"type":"Feature","geometry":{"type":"Point","coordinates":[121.76408228555199,24.6636479795918]},"properties":{"facility_id":"27","facility_name":"宜蘭縣冬山鄉清溝國民小學","facility_type":"學校","facility_source":"","source_month":"202206","location_note":"官方校地範圍代表點，非校門或單一校舍點位","easting_epsg3826":327336.61,"northing_epsg3826":2728738.64,"image_pixel_x":3936,"image_pixel_y":5357,"image_coverage":"圖面範圍內","liquefaction_2026_map_class":"高潛勢（PL≥15）","pixel_class_status":"清楚","nearest_medium_high_m":0.0,"nearest_medium_high_class":"高潛勢（PL≥15）","within_300m_medium_or_high":true,"liquefaction_screening_note":"直接落在中／高潛勢圖色","sampled_rgb_class_pixels_5x5":"{\"低潛勢（PL<5）\":0,\"中潛勢（5≤PL≤15）\":0,\"高潛勢（PL≥15）\":25}"}},{"type":"Feature","geometry":{"type":"Point","coordinates":[121.76295425090957,24.65411738170016]},"properties":{"facility_id":"28","facility_name":"宜蘭縣冬山鄉順安國民小學","facility_type":"學校","facility_source":"","source_month":"202406","location_note":"官方校地範圍代表點，非校門或單一校舍點位","easting_epsg3826":327228.29,"northing_epsg3826":2727682.36,"image_pixel_x":3918,"image_pixel_y":5531,"image_coverage":"圖面範圍內","liquefaction_2026_map_class":"高潛勢（PL≥15）","pixel_class_status":"清楚","nearest_medium_high_m":0.0,"nearest_medium_high_class":"高潛勢（PL≥15）","within_300m_medium_or_high":true,"liquefaction_screening_note":"直接落在中／高潛勢圖色","sampled_rgb_class_pixels_5x5":"{\"低潛勢（PL<5）\":0,\"中潛勢（5≤PL≤15）\":0,\"高潛勢（PL≥15）\":25}"}},{"type":"Feature","geometry":{"type":"Point","coordinates":[121.74351622948981,24.626856982329198]},"properties":{"facility_id":"29","facility_name":"宜蘭縣冬山鄉順安國民小學中山分校","facility_type":"學校","facility_source":"","source_month":"201901","location_note":"官方校地範圍代表點，非校門或單一校舍點位","easting_epsg3826":325276.99,"northing_epsg3826":2724652.14,"image_pixel_x":3596,"image_pixel_y":6031,"image_coverage":"圖面範圍內","liquefaction_2026_map_class":"低潛勢（PL<5）","pixel_class_status":"清楚","nearest_medium_high_m":null,"nearest_medium_high_class":null,"within_300m_medium_or_high":false,"liquefaction_screening_note":"點位為低潛勢；300公尺內未見中／高潛勢圖色","sampled_rgb_class_pixels_5x5":"{\"低潛勢（PL<5）\":25,\"中潛勢（5≤PL≤15）\":0,\"高潛勢（PL≥15）\":0}"}},{"type":"Feature","geometry":{"type":"Point","coordinates":[121.6505638304019,24.666767153317856]},"properties":{"facility_id":"3","facility_name":"宜蘭縣三星鄉三星國民小學","facility_type":"學校","facility_source":"","source_month":"202206","location_note":"官方校地範圍代表點，非校門或單一校舍點位","easting_epsg3826":315844.84,"northing_epsg3826":2729024.93,"image_pixel_x":2041,"image_pixel_y":5310,"image_coverage":"圖面範圍內","liquefaction_2026_map_class":"低潛勢（PL<5）","pixel_class_status":"清楚","nearest_medium_high_m":null,"nearest_medium_high_class":null,"within_300m_medium_or_high":false,"liquefaction_screening_note":"點位為低潛勢；300公尺內未見中／高潛勢圖色","sampled_rgb_class_pixels_5x5":"{\"低潛勢（PL<5）\":25,\"中潛勢（5≤PL≤15）\":0,\"高潛勢（PL≥15）\":0}"}},{"type":"Feature","geometry":{"type":"Point","coordinates":[121.74285811685795,24.66498487167835]},"properties":{"facility_id":"30","facility_name":"宜蘭縣冬山鄉廣興國民小學","facility_type":"學校","facility_source":"","source_month":"202206","location_note":"官方校地範圍代表點，非校門或單一校舍點位","easting_epsg3826":325187.52,"northing_epsg3826":2728874.93,"image_pixel_x":3581,"image_pixel_y":5335,"image_coverage":"圖面範圍內","liquefaction_2026_map_class":"低潛勢（PL<5）","pixel_class_status":"清楚","nearest_medium_high_m":null,"nearest_medium_high_class":null,"within_300m_medium_or_high":false,"liquefaction_screening_note":"點位為低潛勢；300公尺內未見中／高潛勢圖色","sampled_rgb_class_pixels_5x5":"{\"低潛勢（PL<5）\":25,\"中潛勢（5≤PL≤15）\":0,\"高潛勢（PL≥15）\":0}"}},{"type":"Feature","geometry":{"type":"Point","coordinates":[121.81942301619942,24.859914246395793]},"properties":{"facility_id":"31","facility_name":"宜蘭縣立人文國民中小學","facility_type":"學校","facility_source":"","source_month":"202405","location_note":"官方校地範圍代表點，非校門或單一校舍點位","easting_epsg3826":332807.93,"northing_epsg3826":2750510.51,"image_pixel_x":4838,"image_pixel_y":1766,"image_coverage":"圖面範圍內","liquefaction_2026_map_class":"低潛勢（PL<5）","pixel_class_status":"清楚","nearest_medium_high_m":115.2,"nearest_medium_high_class":"中潛勢（5≤PL≤15）","within_300m_medium_or_high":true,"liquefaction_screening_note":"距中／高潛勢圖色 115.2 公尺（≤300公尺）","sampled_rgb_class_pixels_5x5":"{\"低潛勢（PL<5）\":25,\"中潛勢（5≤PL≤15）\":0,\"高潛勢（PL≥15）\":0}"}},{"type":"Feature","geometry":{"type":"Point","coordinates":[121.65370549762024,24.668073499182864]},"properties":{"facility_id":"32","facility_name":"宜蘭縣立三星國民中學","facility_type":"學校","facility_source":"","source_month":"202206","location_note":"官方校地範圍代表點，非校門或單一校舍點位","easting_epsg3826":316162.14,"northing_epsg3826":2729171.13,"image_pixel_x":2093,"image_pixel_y":5286,"image_coverage":"圖面範圍內","liquefaction_2026_map_class":"低潛勢（PL<5）","pixel_class_status":"清楚","nearest_medium_high_m":null,"nearest_medium_high_class":null,"within_300m_medium_or_high":false,"liquefaction_screening_note":"點位為低潛勢；300公尺內未見中／高潛勢圖色","sampled_rgb_class_pixels_5x5":"{\"低潛勢（PL<5）\":25,\"中潛勢（5≤PL≤15）\":0,\"高潛勢（PL≥15）\":0}"}},{"type":"Feature","geometry":{"type":"Point","coordinates":[121.47795719776319,24.57428737078619]},"properties":{"facility_id":"33","facility_name":"宜蘭縣立大同國民中學","facility_type":"學校","facility_source":"","source_month":"201810","location_note":"官方校地範圍代表點，非校門或單一校舍點位","easting_epsg3826":298410.27,"northing_epsg3826":2718710.18,"image_pixel_x":-835,"image_pixel_y":7011,"image_coverage":"圖面範圍外","liquefaction_2026_map_class":"超出新版宜蘭圖面範圍","pixel_class_status":"無圖面覆蓋","nearest_medium_high_m":null,"nearest_medium_high_class":null,"within_300m_medium_or_high":false,"liquefaction_screening_note":"無圖面覆蓋，不能判為低潛勢","sampled_rgb_class_pixels_5x5":"{}"}},{"type":"Feature","geometry":{"type":"Point","coordinates":[121.47876240705865,24.575443181119]},"properties":{"facility_id":"34","facility_name":"宜蘭縣立大同國民中學1","facility_type":"學校","facility_source":"","source_month":"202208","location_note":"官方校地範圍代表點，非校門或單一校舍點位","easting_epsg3826":298491.38,"northing_epsg3826":2718838.48,"image_pixel_x":-822,"image_pixel_y":6990,"image_coverage":"圖面範圍外","liquefaction_2026_map_class":"超出新版宜蘭圖面範圍","pixel_class_status":"無圖面覆蓋","nearest_medium_high_m":null,"nearest_medium_high_class":null,"within_300m_medium_or_high":false,"liquefaction_screening_note":"無圖面覆蓋，不能判為低潛勢","sampled_rgb_class_pixels_5x5":"{}"}},{"type":"Feature","geometry":{"type":"Point","coordinates":[121.47878402128121,24.576308904781552]},"properties":{"facility_id":"35","facility_name":"宜蘭縣立大同國民中學2","facility_type":"學校","facility_source":"","source_month":"202208","location_note":"官方校地範圍代表點，非校門或單一校舍點位","easting_epsg3826":298493.24,"northing_epsg3826":2718934.37,"image_pixel_x":-821,"image_pixel_y":6974,"image_coverage":"圖面範圍外","liquefaction_2026_map_class":"超出新版宜蘭圖面範圍","pixel_class_status":"無圖面覆蓋","nearest_medium_high_m":null,"nearest_medium_high_class":null,"within_300m_medium_or_high":false,"liquefaction_screening_note":"無圖面覆蓋，不能判為低潛勢","sampled_rgb_class_pixels_5x5":"{}"}},{"type":"Feature","geometry":{"type":"Point","coordinates":[121.7670106813222,24.749795187737483]},"properties":{"facility_id":"36","facility_name":"宜蘭縣立中華國民中學","facility_type":"學校","facility_source":"","source_month":"202207","location_note":"官方校地範圍代表點，非校門或單一校舍點位","easting_epsg3826":327579.62,"northing_epsg3826":2738282.3,"image_pixel_x":3976,"image_pixel_y":3783,"image_coverage":"圖面範圍內","liquefaction_2026_map_class":"高潛勢（PL≥15）","pixel_class_status":"清楚","nearest_medium_high_m":0.0,"nearest_medium_high_class":"高潛勢（PL≥15）","within_300m_medium_or_high":true,"liquefaction_screening_note":"直接落在中／高潛勢圖色","sampled_rgb_class_pixels_5x5":"{\"低潛勢（PL<5）\":0,\"中潛勢（5≤PL≤15）\":0,\"高潛勢（PL≥15）\":25}"}},{"type":"Feature","geometry":{"type":"Point","coordinates":[121.80064886580848,24.696696153751418]},"properties":{"facility_id":"37","facility_name":"宜蘭縣立五結國民中學","facility_type":"學校","facility_source":"","source_month":"202206","location_note":"官方校地範圍代表點，非校門或單一校舍點位","easting_epsg3826":331016.49,"northing_epsg3826":2732420.28,"image_pixel_x":4543,"image_pixel_y":4750,"image_coverage":"圖面範圍內","liquefaction_2026_map_class":"高潛勢（PL≥15）","pixel_class_status":"清楚","nearest_medium_high_m":0.0,"nearest_medium_high_class":"高潛勢（PL≥15）","within_300m_medium_or_high":true,"liquefaction_screening_note":"直接落在中／高潛勢圖色","sampled_rgb_class_pixels_5x5":"{\"低潛勢（PL<5）\":0,\"中潛勢（5≤PL≤15）\":0,\"高潛勢（PL≥15）\":25}"}},{"type":"Feature","geometry":{"type":"Point","coordinates":[121.68807416476399,24.71827437587271]},"properties":{"facility_id":"38","facility_name":"宜蘭縣立內城國民中小學","facility_type":"學校","facility_source":"","source_month":"202206","location_note":"官方校地範圍代表點，非校門或單一校舍點位","easting_epsg3826":319612.83,"northing_epsg3826":2734748.51,"image_pixel_x":2662,"image_pixel_y":4366,"image_coverage":"圖面範圍內","liquefaction_2026_map_class":"低潛勢（PL<5）","pixel_class_status":"清楚","nearest_medium_high_m":null,"nearest_medium_high_class":null,"within_300m_medium_or_high":false,"liquefaction_screening_note":"點位為低潛勢；300公尺內未見中／高潛勢圖色","sampled_rgb_class_pixels_5x5":"{\"低潛勢（PL<5）\":25,\"中潛勢（5≤PL≤15）\":0,\"高潛勢（PL≥15）\":0}"}},{"type":"Feature","geometry":{"type":"Point","coordinates":[121.83317696909225,24.618725895529977]},"properties":{"facility_id":"39","facility_name":"宜蘭縣立文化國民中學","facility_type":"學校","facility_source":"","source_month":"202405","location_note":"官方校地範圍代表點，非校門或單一校舍點位","easting_epsg3826":334360.51,"northing_epsg3826":2723803.56,"image_pixel_x":5094,"image_pixel_y":6171,"image_coverage":"圖面範圍內","liquefaction_2026_map_class":"低潛勢（PL<5）","pixel_class_status":"清楚","nearest_medium_high_m":248.7,"nearest_medium_high_class":"中潛勢（5≤PL≤15）","within_300m_medium_or_high":true,"liquefaction_screening_note":"距中／高潛勢圖色 248.7 公尺（≤300公尺）","sampled_rgb_class_pixels_5x5":"{\"低潛勢（PL<5）\":25,\"中潛勢（5≤PL≤15）\":0,\"高潛勢（PL≥15）\":0}"}},{"type":"Feature","geometry":{"type":"Point","coordinates":[121.72790765958798,24.69278844784824]},"properties":{"facility_id":"4","facility_name":"宜蘭縣三星鄉大洲國民小學","facility_type":"學校","facility_source":"","source_month":"202206","location_note":"官方校地範圍代表點，非校門或單一校舍點位","easting_epsg3826":323657.94,"northing_epsg3826":2731946.43,"image_pixel_x":3329,"image_pixel_y":4828,"image_coverage":"圖面範圍內","liquefaction_2026_map_class":"低潛勢（PL<5）","pixel_class_status":"清楚","nearest_medium_high_m":null,"nearest_medium_high_class":null,"within_300m_medium_or_high":false,"liquefaction_screening_note":"點位為低潛勢；300公尺內未見中／高潛勢圖色","sampled_rgb_class_pixels_5x5":"{\"低潛勢（PL<5）\":25,\"中潛勢（5≤PL≤15）\":0,\"高潛勢（PL≥15）\":0}"}},{"type":"Feature","geometry":{"type":"Point","coordinates":[121.79234390697304,24.63185405910353]},"properties":{"facility_id":"40","facility_name":"宜蘭縣立冬山國民中學","facility_type":"學校","facility_source":"","source_month":"202405","location_note":"官方校地範圍代表點，非校門或單一校舍點位","easting_epsg3826":330217.54,"northing_epsg3826":2725233.24,"image_pixel_x":4411,"image_pixel_y":5935,"image_coverage":"圖面範圍內","liquefaction_2026_map_class":"低潛勢（PL<5）","pixel_class_status":"清楚","nearest_medium_high_m":168.5,"nearest_medium_high_class":"中潛勢（5≤PL≤15）","within_300m_medium_or_high":true,"liquefaction_screening_note":"距中／高潛勢圖色 168.5 公尺（≤300公尺）","sampled_rgb_class_pixels_5x5":"{\"低潛勢（PL<5）\":25,\"中潛勢（5≤PL≤15）\":0,\"高潛勢（PL≥15）\":0}"}},{"type":"Feature","geometry":{"type":"Point","coordinates":[121.82913660139805,24.66483101835637]},"properties":{"facility_id":"41","facility_name":"宜蘭縣立利澤國民中學","facility_type":"學校","facility_source":"","source_month":"202206","location_note":"官方校地範圍代表點，非校門或單一校舍點位","easting_epsg3826":333920.58,"northing_epsg3826":2728907.88,"image_pixel_x":5022,"image_pixel_y":5329,"image_coverage":"圖面範圍內","liquefaction_2026_map_class":"高潛勢（PL≥15）","pixel_class_status":"清楚","nearest_medium_high_m":0.0,"nearest_medium_high_class":"高潛勢（PL≥15）","within_300m_medium_or_high":true,"liquefaction_screening_note":"直接落在中／高潛勢圖色","sampled_rgb_class_pixels_5x5":"{\"低潛勢（PL<5）\":0,\"中潛勢（5≤PL≤15）\":0,\"高潛勢（PL≥15）\":25}"}},{"type":"Feature","geometry":{"type":"Point","coordinates":[121.75924096783965,24.78525490545142]},"properties":{"facility_id":"42","facility_name":"宜蘭縣立吳沙國民中學","facility_type":"學校","facility_source":"","source_month":"202406","location_note":"官方校地範圍代表點，非校門或單一校舍點位","easting_epsg3826":326771.91,"northing_epsg3826":2742205.6,"image_pixel_x":3843,"image_pixel_y":3136,"image_coverage":"圖面範圍內","liquefaction_2026_map_class":"高潛勢（PL≥15）","pixel_class_status":"清楚","nearest_medium_high_m":0.0,"nearest_medium_high_class":"高潛勢（PL≥15）","within_300m_medium_or_high":true,"liquefaction_screening_note":"直接落在中／高潛勢圖色","sampled_rgb_class_pixels_5x5":"{\"低潛勢（PL<5）\":0,\"中潛勢（5≤PL≤15）\":0,\"高潛勢（PL≥15）\":25}"}},{"type":"Feature","geometry":{"type":"Point","coordinates":[121.78861161431306,24.749452158612097]},"properties":{"facility_id":"43","facility_name":"宜蘭縣立壯圍國民中學","facility_type":"學校","facility_source":"","source_month":"201005","location_note":"官方校地範圍代表點，非校門或單一校舍點位","easting_epsg3826":329764.76,"northing_epsg3826":2738256.72,"image_pixel_x":4336,"image_pixel_y":3787,"image_coverage":"圖面範圍內","liquefaction_2026_map_class":"高潛勢（PL≥15）","pixel_class_status":"清楚","nearest_medium_high_m":0.0,"nearest_medium_high_class":"高潛勢（PL≥15）","within_300m_medium_or_high":true,"liquefaction_screening_note":"直接落在中／高潛勢圖色","sampled_rgb_class_pixels_5x5":"{\"低潛勢（PL<5）\":0,\"中潛勢（5≤PL≤15）\":0,\"高潛勢（PL≥15）\":25}"}},{"type":"Feature","geometry":{"type":"Point","coordinates":[121.75759035426896,24.76222182775812]},"properties":{"facility_id":"44","facility_name":"宜蘭縣立宜蘭國民中學","facility_type":"學校","facility_source":"","source_month":"202406","location_note":"官方校地範圍代表點，非校門或單一校舍點位","easting_epsg3826":326619.14,"northing_epsg3826":2739653.42,"image_pixel_x":3818,"image_pixel_y":3557,"image_coverage":"圖面範圍內","liquefaction_2026_map_class":"高潛勢（PL≥15）","pixel_class_status":"清楚","nearest_medium_high_m":0.0,"nearest_medium_high_class":"高潛勢（PL≥15）","within_300m_medium_or_high":true,"liquefaction_screening_note":"直接落在中／高潛勢圖色","sampled_rgb_class_pixels_5x5":"{\"低潛勢（PL<5）\":0,\"中潛勢（5≤PL≤15）\":0,\"高潛勢（PL≥15）\":25}"}},{"type":"Feature","geometry":{"type":"Point","coordinates":[121.8527632227828,24.61427702997379]},"properties":{"facility_id":"45","facility_name":"宜蘭縣立岳明國民中小學","facility_type":"學校","facility_source":"","source_month":"202406","location_note":"官方校地範圍代表點，非校門或單一校舍點位","easting_epsg3826":336346.8,"northing_epsg3826":2723322.94,"image_pixel_x":5422,"image_pixel_y":6250,"image_coverage":"圖面範圍內","liquefaction_2026_map_class":"高潛勢（PL≥15）","pixel_class_status":"清楚","nearest_medium_high_m":0.0,"nearest_medium_high_class":"高潛勢（PL≥15）","within_300m_medium_or_high":true,"liquefaction_screening_note":"直接落在中／高潛勢圖色","sampled_rgb_class_pixels_5x5":"{\"低潛勢（PL<5）\":0,\"中潛勢（5≤PL≤15）\":0,\"高潛勢（PL≥15）\":25}"}},{"type":"Feature","geometry":{"type":"Point","coordinates":[121.76650178355683,24.671780322996614]},"properties":{"facility_id":"46","facility_name":"宜蘭縣立東光國民中學","facility_type":"學校","facility_source":"","source_month":"202206","location_note":"官方校地範圍代表點，非校門或單一校舍點位","easting_epsg3826":327576.48,"northing_epsg3826":2729640.77,"image_pixel_x":3975,"image_pixel_y":5208,"image_coverage":"圖面範圍內","liquefaction_2026_map_class":"高潛勢（PL≥15）","pixel_class_status":"清楚","nearest_medium_high_m":0.0,"nearest_medium_high_class":"高潛勢（PL≥15）","within_300m_medium_or_high":true,"liquefaction_screening_note":"直接落在中／高潛勢圖色","sampled_rgb_class_pixels_5x5":"{\"低潛勢（PL<5）\":0,\"中潛勢（5≤PL≤15）\":0,\"高潛勢（PL≥15）\":25}"}},{"type":"Feature","geometry":{"type":"Point","coordinates":[121.86857236574929,24.574993664502333]},"properties":{"facility_id":"47","facility_name":"宜蘭縣立南安國民中學","facility_type":"學校","facility_source":"","source_month":"202406","location_note":"官方校地範圍代表點，非校門或單一校舍點位","easting_epsg3826":337975.09,"northing_epsg3826":2718981.77,"image_pixel_x":5690,"image_pixel_y":6967,"image_coverage":"圖面範圍外","liquefaction_2026_map_class":"超出新版宜蘭圖面範圍","pixel_class_status":"無圖面覆蓋","nearest_medium_high_m":null,"nearest_medium_high_class":null,"within_300m_medium_or_high":false,"liquefaction_screening_note":"無圖面覆蓋，不能判為低潛勢","sampled_rgb_class_pixels_5x5":"{}"}},{"type":"Feature","geometry":{"type":"Point","coordinates":[121.80111249737982,24.46569012792883]},"properties":{"facility_id":"48","facility_name":"宜蘭縣立南澳高級中學","facility_type":"學校","facility_source":"","source_month":"202207","location_note":"官方校地範圍代表點，非校門或單一校舍點位","easting_epsg3826":331212.23,"northing_epsg3826":2706833.7,"image_pixel_x":4575,"image_pixel_y":8970,"image_coverage":"圖面範圍外","liquefaction_2026_map_class":"超出新版宜蘭圖面範圍","pixel_class_status":"無圖面覆蓋","nearest_medium_high_m":null,"nearest_medium_high_class":null,"within_300m_medium_or_high":false,"liquefaction_screening_note":"無圖面覆蓋，不能判為低潛勢","sampled_rgb_class_pixels_5x5":"{}"}},{"type":"Feature","geometry":{"type":"Point","coordinates":[121.7146390755464,24.750646602983014]},"properties":{"facility_id":"49","facility_name":"宜蘭縣立員山國民中學","facility_type":"學校","facility_source":"","source_month":"202207","location_note":"官方校地範圍代表點，非校門或單一校舍點位","easting_epsg3826":322281.79,"northing_epsg3826":2738347.93,"image_pixel_x":3102,"image_pixel_y":3772,"image_coverage":"圖面範圍內","liquefaction_2026_map_class":"低潛勢（PL<5）","pixel_class_status":"清楚","nearest_medium_high_m":24.3,"nearest_medium_high_class":"中潛勢（5≤PL≤15）","within_300m_medium_or_high":true,"liquefaction_screening_note":"距中／高潛勢圖色 24.3 公尺（≤300公尺）","sampled_rgb_class_pixels_5x5":"{\"低潛勢（PL<5）\":25,\"中潛勢（5≤PL≤15）\":0,\"高潛勢（PL≥15）\":0}"}},{"type":"Feature","geometry":{"type":"Point","coordinates":[121.71300299587374,24.667232151593378]},"properties":{"facility_id":"5","facility_name":"宜蘭縣三星鄉大隱國民小學","facility_type":"學校","facility_source":"","source_month":"202206","location_note":"官方校地範圍代表點，非校門或單一校舍點位","easting_epsg3826":322164.37,"northing_epsg3826":2729107.82,"image_pixel_x":3083,"image_pixel_y":5296,"image_coverage":"圖面範圍內","liquefaction_2026_map_class":"低潛勢（PL<5）","pixel_class_status":"清楚","nearest_medium_high_m":null,"nearest_medium_high_class":null,"within_300m_medium_or_high":false,"liquefaction_screening_note":"點位為低潛勢；300公尺內未見中／高潛勢圖色","sampled_rgb_class_pixels_5x5":"{\"低潛勢（PL<5）\":25,\"中潛勢（5≤PL≤15）\":0,\"高潛勢（PL≥15）\":0}"}},{"type":"Feature","geometry":{"type":"Point","coordinates":[121.76126887038824,24.678139749010743]},"properties":{"facility_id":"50","facility_name":"宜蘭縣立國華國民中學","facility_type":"學校","facility_source":"","source_month":"202206","location_note":"官方校地範圍代表點，非校門或單一校舍點位","easting_epsg3826":327042.93,"northing_epsg3826":2730342.21,"image_pixel_x":3887,"image_pixel_y":5093,"image_coverage":"圖面範圍內","liquefaction_2026_map_class":"高潛勢（PL≥15）","pixel_class_status":"清楚","nearest_medium_high_m":0.0,"nearest_medium_high_class":"高潛勢（PL≥15）","within_300m_medium_or_high":true,"liquefaction_screening_note":"直接落在中／高潛勢圖色","sampled_rgb_class_pixels_5x5":"{\"低潛勢（PL<5）\":0,\"中潛勢（5≤PL≤15）\":0,\"高潛勢（PL≥15）\":25}"}},{"type":"Feature","geometry":{"type":"Point","coordinates":[121.75617371992757,24.72543964741962]},"properties":{"facility_id":"51","facility_name":"宜蘭縣立凱旋國民中學","facility_type":"學校","facility_source":"","source_month":"202207","location_note":"官方校地範圍代表點，非校門或單一校舍點位","easting_epsg3826":326498.37,"northing_epsg3826":2735578.47,"image_pixel_x":3798,"image_pixel_y":4229,"image_coverage":"圖面範圍內","liquefaction_2026_map_class":"中潛勢（5≤PL≤15）","pixel_class_status":"清楚","nearest_medium_high_m":6.1,"nearest_medium_high_class":"中潛勢（5≤PL≤15）","within_300m_medium_or_high":true,"liquefaction_screening_note":"直接落在中／高潛勢圖色","sampled_rgb_class_pixels_5x5":"{\"低潛勢（PL<5）\":0,\"中潛勢（5≤PL≤15）\":10,\"高潛勢（PL≥15）\":5}"}},{"type":"Feature","geometry":{"type":"Point","coordinates":[121.74662825675436,24.74842560534229]},"properties":{"facility_id":"52","facility_name":"宜蘭縣立復興國民中學","facility_type":"學校","facility_source":"","source_month":"202012","location_note":"官方校地範圍代表點，非校門或單一校舍點位","easting_epsg3826":325518.78,"northing_epsg3826":2738119.19,"image_pixel_x":3636,"image_pixel_y":3810,"image_coverage":"圖面範圍內","liquefaction_2026_map_class":"圖上無可判讀潛勢色塊","pixel_class_status":"無法判讀","nearest_medium_high_m":25.0,"nearest_medium_high_class":"高潛勢（PL≥15）","within_300m_medium_or_high":true,"liquefaction_screening_note":"距中／高潛勢圖色 25.0 公尺（≤300公尺）","sampled_rgb_class_pixels_5x5":"{\"低潛勢（PL<5）\":0,\"中潛勢（5≤PL≤15）\":0,\"高潛勢（PL≥15）\":0}"}},{"type":"Feature","geometry":{"type":"Point","coordinates":[121.7657738837742,24.654186633540444]},"properties":{"facility_id":"53","facility_name":"宜蘭縣立順安國民中學","facility_type":"學校","facility_source":"","source_month":"202406","location_note":"官方校地範圍代表點，非校門或單一校舍點位","easting_epsg3826":327513.67,"northing_epsg3826":2727691.62,"image_pixel_x":3965,"image_pixel_y":5530,"image_coverage":"圖面範圍內","liquefaction_2026_map_class":"中潛勢（5≤PL≤15）","pixel_class_status":"清楚","nearest_medium_high_m":0.0,"nearest_medium_high_class":"中潛勢（5≤PL≤15）","within_300m_medium_or_high":true,"liquefaction_screening_note":"直接落在中／高潛勢圖色","sampled_rgb_class_pixels_5x5":"{\"低潛勢（PL<5）\":0,\"中潛勢（5≤PL≤15）\":25,\"高潛勢（PL≥15）\":0}"}},{"type":"Feature","geometry":{"type":"Point","coordinates":[121.795122200644,24.626796137667224]},"properties":{"facility_id":"54","facility_name":"宜蘭縣立慈心華德福教育實驗高級中學","facility_type":"學校","facility_source":"","source_month":"202206","location_note":"官方校地範圍代表點，非校門或單一校舍點位","easting_epsg3826":330502.06,"northing_epsg3826":2724674.64,"image_pixel_x":4458,"image_pixel_y":6028,"image_coverage":"圖面範圍內","liquefaction_2026_map_class":"圖上無可判讀潛勢色塊","pixel_class_status":"無法判讀","nearest_medium_high_m":25.0,"nearest_medium_high_class":"中潛勢（5≤PL≤15）","within_300m_medium_or_high":true,"liquefaction_screening_note":"距中／高潛勢圖色 25.0 公尺（≤300公尺）","sampled_rgb_class_pixels_5x5":"{\"低潛勢（PL<5）\":0,\"中潛勢（5≤PL≤15）\":0,\"高潛勢（PL≥15）\":0}"}},{"type":"Feature","geometry":{"type":"Point","coordinates":[121.77120986034859,24.699469889800653]},"properties":{"facility_id":"55","facility_name":"宜蘭縣立興中國民中學","facility_type":"學校","facility_source":"","source_month":"202206","location_note":"官方校地範圍代表點，非校門或單一校舍點位","easting_epsg3826":328035.75,"northing_epsg3826":2732710.44,"image_pixel_x":4051,"image_pixel_y":4702,"image_coverage":"圖面範圍內","liquefaction_2026_map_class":"高潛勢（PL≥15）","pixel_class_status":"清楚","nearest_medium_high_m":0.0,"nearest_medium_high_class":"高潛勢（PL≥15）","within_300m_medium_or_high":true,"liquefaction_screening_note":"直接落在中／高潛勢圖色","sampled_rgb_class_pixels_5x5":"{\"低潛勢（PL<5）\":0,\"中潛勢（5≤PL≤15）\":0,\"高潛勢（PL≥15）\":25}"}},{"type":"Feature","geometry":{"type":"Point","coordinates":[121.82185061939882,24.86449439957721]},"properties":{"facility_id":"56","facility_name":"宜蘭縣立頭城國民中學","facility_type":"學校","facility_source":"","source_month":"201811","location_note":"官方校地範圍代表點，非校門或單一校舍點位","easting_epsg3826":333050.2,"northing_epsg3826":2751019.32,"image_pixel_x":4878,"image_pixel_y":1682,"image_coverage":"圖面範圍內","liquefaction_2026_map_class":"中潛勢（5≤PL≤15）","pixel_class_status":"清楚","nearest_medium_high_m":0.0,"nearest_medium_high_class":"中潛勢（5≤PL≤15）","within_300m_medium_or_high":true,"liquefaction_screening_note":"直接落在中／高潛勢圖色","sampled_rgb_class_pixels_5x5":"{\"低潛勢（PL<5）\":0,\"中潛勢（5≤PL≤15）\":25,\"高潛勢（PL≥15）\":0}"}},{"type":"Feature","geometry":{"type":"Point","coordinates":[121.76690829481058,24.81734935930801]},"properties":{"facility_id":"57","facility_name":"宜蘭縣立礁溪國民中學","facility_type":"學校","facility_source":"","source_month":"202207","location_note":"官方校地範圍代表點，非校門或單一校舍點位","easting_epsg3826":327527.28,"northing_epsg3826":2745764.88,"image_pixel_x":3967,"image_pixel_y":2549,"image_coverage":"圖面範圍內","liquefaction_2026_map_class":"低潛勢（PL<5）","pixel_class_status":"清楚","nearest_medium_high_m":null,"nearest_medium_high_class":null,"within_300m_medium_or_high":false,"liquefaction_screening_note":"點位為低潛勢；300公尺內未見中／高潛勢圖色","sampled_rgb_class_pixels_5x5":"{\"低潛勢（PL<5）\":25,\"中潛勢（5≤PL≤15）\":0,\"高潛勢（PL≥15）\":0}"}},{"type":"Feature","geometry":{"type":"Point","coordinates":[121.76742004598218,24.682508091698494]},"properties":{"facility_id":"58","facility_name":"宜蘭縣立羅東國民中學","facility_type":"學校","facility_source":"","source_month":"202206","location_note":"官方校地範圍代表點，非校門或單一校舍點位","easting_epsg3826":327662.77,"northing_epsg3826":2730829.53,"image_pixel_x":3990,"image_pixel_y":5012,"image_coverage":"圖面範圍內","liquefaction_2026_map_class":"高潛勢（PL≥15）","pixel_class_status":"清楚","nearest_medium_high_m":0.0,"nearest_medium_high_class":"高潛勢（PL≥15）","within_300m_medium_or_high":true,"liquefaction_screening_note":"直接落在中／高潛勢圖色","sampled_rgb_class_pixels_5x5":"{\"低潛勢（PL<5）\":0,\"中潛勢（5≤PL≤15）\":0,\"高潛勢（PL≥15）\":25}"}},{"type":"Feature","geometry":{"type":"Point","coordinates":[121.83567608766924,24.59555579274062]},"properties":{"facility_id":"59","facility_name":"宜蘭縣立蘇澳國民中學","facility_type":"學校","facility_source":"","source_month":"202207","location_note":"官方校地範圍代表點，非校門或單一校舍點位","easting_epsg3826":334629.14,"northing_epsg3826":2721238.69,"image_pixel_x":5139,"image_pixel_y":6594,"image_coverage":"圖面範圍內","liquefaction_2026_map_class":"圖上無可判讀潛勢色塊","pixel_class_status":"無法判讀","nearest_medium_high_m":null,"nearest_medium_high_class":null,"within_300m_medium_or_high":false,"liquefaction_screening_note":"新版圖面此處無可判讀色塊；不能判為低潛勢","sampled_rgb_class_pixels_5x5":"{\"低潛勢（PL<5）\":0,\"中潛勢（5≤PL≤15）\":0,\"高潛勢（PL≥15）\":0}"}},{"type":"Feature","geometry":{"type":"Point","coordinates":[121.6882587837758,24.679499994730968]},"properties":{"facility_id":"6","facility_name":"宜蘭縣三星鄉萬富國民小學","facility_type":"學校","facility_source":"","source_month":"202406","location_note":"官方校地範圍代表點，非校門或單一校舍點位","easting_epsg3826":319653.07,"northing_epsg3826":2730453.85,"image_pixel_x":2669,"image_pixel_y":5074,"image_coverage":"圖面範圍內","liquefaction_2026_map_class":"低潛勢（PL<5）","pixel_class_status":"清楚","nearest_medium_high_m":null,"nearest_medium_high_class":null,"within_300m_medium_or_high":false,"liquefaction_screening_note":"點位為低潛勢；300公尺內未見中／高潛勢圖色","sampled_rgb_class_pixels_5x5":"{\"低潛勢（PL<5）\":25,\"中潛勢（5≤PL≤15）\":0,\"高潛勢（PL≥15）\":0}"}},{"type":"Feature","geometry":{"type":"Point","coordinates":[121.81437563756211,24.801383185656977]},"properties":{"facility_id":"60","facility_name":"宜蘭縣壯圍鄉大福國民小學","facility_type":"學校","facility_source":"","source_month":"201901","location_note":"官方校地範圍代表點，非校門或單一校舍點位","easting_epsg3826":332336.54,"northing_epsg3826":2744024.16,"image_pixel_x":4761,"image_pixel_y":2836,"image_coverage":"圖面範圍內","liquefaction_2026_map_class":"高潛勢（PL≥15）","pixel_class_status":"清楚","nearest_medium_high_m":0.0,"nearest_medium_high_class":"高潛勢（PL≥15）","within_300m_medium_or_high":true,"liquefaction_screening_note":"直接落在中／高潛勢圖色","sampled_rgb_class_pixels_5x5":"{\"低潛勢（PL<5）\":0,\"中潛勢（5≤PL≤15）\":0,\"高潛勢（PL≥15）\":25}"}},{"type":"Feature","geometry":{"type":"Point","coordinates":[121.81620286367128,24.736237361677073]},"properties":{"facility_id":"61","facility_name":"宜蘭縣壯圍鄉公館國民小學","facility_type":"學校","facility_source":"","source_month":"202207","location_note":"官方校地範圍代表點，非校門或單一校舍點位","easting_epsg3826":332564.35,"northing_epsg3826":2736809.34,"image_pixel_x":4798,"image_pixel_y":4026,"image_coverage":"圖面範圍內","liquefaction_2026_map_class":"高潛勢（PL≥15）","pixel_class_status":"清楚","nearest_medium_high_m":0.0,"nearest_medium_high_class":"高潛勢（PL≥15）","within_300m_medium_or_high":true,"liquefaction_screening_note":"直接落在中／高潛勢圖色","sampled_rgb_class_pixels_5x5":"{\"低潛勢（PL<5）\":0,\"中潛勢（5≤PL≤15）\":0,\"高潛勢（PL≥15）\":25}"}},{"type":"Feature","geometry":{"type":"Point","coordinates":[121.798274206836,24.771792156661487]},"properties":{"facility_id":"62","facility_name":"宜蘭縣壯圍鄉古亭國民小學","facility_type":"學校","facility_source":"","source_month":"202405","location_note":"官方校地範圍代表點，非校門或單一校舍點位","easting_epsg3826":330727.7,"northing_epsg3826":2740736.88,"image_pixel_x":4495,"image_pixel_y":3378,"image_coverage":"圖面範圍內","liquefaction_2026_map_class":"高潛勢（PL≥15）","pixel_class_status":"清楚","nearest_medium_high_m":0.0,"nearest_medium_high_class":"高潛勢（PL≥15）","within_300m_medium_or_high":true,"liquefaction_screening_note":"直接落在中／高潛勢圖色","sampled_rgb_class_pixels_5x5":"{\"低潛勢（PL<5）\":0,\"中潛勢（5≤PL≤15）\":0,\"高潛勢（PL≥15）\":25}"}},{"type":"Feature","geometry":{"type":"Point","coordinates":[121.79007455043347,24.743843127214724]},"properties":{"facility_id":"63","facility_name":"宜蘭縣壯圍鄉壯圍國民小學","facility_type":"學校","facility_source":"","source_month":"202405","location_note":"官方校地範圍代表點，非校門或單一校舍點位","easting_epsg3826":329916.33,"northing_epsg3826":2737636.29,"image_pixel_x":4361,"image_pixel_y":3890,"image_coverage":"圖面範圍內","liquefaction_2026_map_class":"高潛勢（PL≥15）","pixel_class_status":"清楚","nearest_medium_high_m":0.0,"nearest_medium_high_class":"高潛勢（PL≥15）","within_300m_medium_or_high":true,"liquefaction_screening_note":"直接落在中／高潛勢圖色","sampled_rgb_class_pixels_5x5":"{\"低潛勢（PL<5）\":0,\"中潛勢（5≤PL≤15）\":0,\"高潛勢（PL≥15）\":25}"}},{"type":"Feature","geometry":{"type":"Point","coordinates":[121.79986941520161,24.722387674277137]},"properties":{"facility_id":"64","facility_name":"宜蘭縣壯圍鄉新南國民小學","facility_type":"學校","facility_source":"","source_month":"202405","location_note":"官方校地範圍代表點，非校門或單一校舍點位","easting_epsg3826":330921.0,"northing_epsg3826":2735265.53,"image_pixel_x":4527,"image_pixel_y":4281,"image_coverage":"圖面範圍內","liquefaction_2026_map_class":"高潛勢（PL≥15）","pixel_class_status":"清楚","nearest_medium_high_m":0.0,"nearest_medium_high_class":"高潛勢（PL≥15）","within_300m_medium_or_high":true,"liquefaction_screening_note":"直接落在中／高潛勢圖色","sampled_rgb_class_pixels_5x5":"{\"低潛勢（PL<5）\":0,\"中潛勢（5≤PL≤15）\":0,\"高潛勢（PL≥15）\":25}"}},{"type":"Feature","geometry":{"type":"Point","coordinates":[121.81472134956087,24.75929627542415]},"properties":{"facility_id":"65","facility_name":"宜蘭縣壯圍鄉過嶺國民小學","facility_type":"學校","facility_source":"","source_month":"202207","location_note":"官方校地範圍代表點，非校門或單一校舍點位","easting_epsg3826":332399.28,"northing_epsg3826":2739362.58,"image_pixel_x":4771,"image_pixel_y":3605,"image_coverage":"圖面範圍內","liquefaction_2026_map_class":"圖上無可判讀潛勢色塊","pixel_class_status":"無法判讀","nearest_medium_high_m":27.1,"nearest_medium_high_class":"高潛勢（PL≥15）","within_300m_medium_or_high":true,"liquefaction_screening_note":"距中／高潛勢圖色 27.1 公尺（≤300公尺）","sampled_rgb_class_pixels_5x5":"{\"低潛勢（PL<5）\":0,\"中潛勢（5≤PL≤15）\":0,\"高潛勢（PL≥15）\":0}"}},{"type":"Feature","geometry":{"type":"Point","coordinates":[121.79371978738334,24.75952413693633]},"properties":{"facility_id":"66","facility_name":"宜蘭縣私立中道高級中學","facility_type":"學校","facility_source":"","source_month":"202405","location_note":"官方校地範圍代表點，非校門或單一校舍點位","easting_epsg3826":330274.98,"northing_epsg3826":2739375.33,"image_pixel_x":4420,"image_pixel_y":3603,"image_coverage":"圖面範圍內","liquefaction_2026_map_class":"中潛勢（5≤PL≤15）","pixel_class_status":"清楚","nearest_medium_high_m":0.0,"nearest_medium_high_class":"中潛勢（5≤PL≤15）","within_300m_medium_or_high":true,"liquefaction_screening_note":"直接落在中／高潛勢圖色","sampled_rgb_class_pixels_5x5":"{\"低潛勢（PL<5）\":0,\"中潛勢（5≤PL≤15）\":25,\"高潛勢（PL≥15）\":0}"}},{"type":"Feature","geometry":{"type":"Point","coordinates":[121.71571643367852,24.777260522435565]},"properties":{"facility_id":"67","facility_name":"宜蘭縣私立慧燈高級中學","facility_type":"學校","facility_source":"","source_month":"202207","location_note":"官方校地範圍代表點，非校門或單一校舍點位","easting_epsg3826":322375.34,"northing_epsg3826":2741296.36,"image_pixel_x":3118,"image_pixel_y":3286,"image_coverage":"圖面範圍內","liquefaction_2026_map_class":"低潛勢（PL<5）","pixel_class_status":"清楚","nearest_medium_high_m":null,"nearest_medium_high_class":null,"within_300m_medium_or_high":false,"liquefaction_screening_note":"點位為低潛勢；300公尺內未見中／高潛勢圖色","sampled_rgb_class_pixels_5x5":"{\"低潛勢（PL<5）\":25,\"中潛勢（5≤PL≤15）\":0,\"高潛勢（PL≥15）\":0}"}},{"type":"Feature","geometry":{"type":"Point","coordinates":[121.7553855159705,24.763954726244247]},"properties":{"facility_id":"68","facility_name":"宜蘭縣宜蘭市力行國民小學","facility_type":"學校","facility_source":"","source_month":"202207","location_note":"官方校地範圍代表點，非校門或單一校舍點位","easting_epsg3826":326395.08,"northing_epsg3826":2739844.13,"image_pixel_x":3781,"image_pixel_y":3525,"image_coverage":"圖面範圍內","liquefaction_2026_map_class":"高潛勢（PL≥15）","pixel_class_status":"清楚","nearest_medium_high_m":0.0,"nearest_medium_high_class":"高潛勢（PL≥15）","within_300m_medium_or_high":true,"liquefaction_screening_note":"直接落在中／高潛勢圖色","sampled_rgb_class_pixels_5x5":"{\"低潛勢（PL<5）\":0,\"中潛勢（5≤PL≤15）\":0,\"高潛勢（PL≥15）\":25}"}},{"type":"Feature","geometry":{"type":"Point","coordinates":[121.75513577757904,24.75377391637026]},"properties":{"facility_id":"69","facility_name":"宜蘭縣宜蘭市中山國民小學","facility_type":"學校","facility_source":"","source_month":"202406","location_note":"官方校地範圍代表點，非校門或單一校舍點位","easting_epsg3826":326376.05,"northing_epsg3826":2738716.32,"image_pixel_x":3777,"image_pixel_y":3711,"image_coverage":"圖面範圍內","liquefaction_2026_map_class":"高潛勢（PL≥15）","pixel_class_status":"清楚","nearest_medium_high_m":12.1,"nearest_medium_high_class":"高潛勢（PL≥15）","within_300m_medium_or_high":true,"liquefaction_screening_note":"直接落在中／高潛勢圖色","sampled_rgb_class_pixels_5x5":"{\"低潛勢（PL<5）\":0,\"中潛勢（5≤PL≤15）\":0,\"高潛勢（PL≥15）\":5}"}},{"type":"Feature","geometry":{"type":"Point","coordinates":[121.61859343459794,24.66082619028661]},"properties":{"facility_id":"7","facility_name":"宜蘭縣三星鄉憲明國民小學","facility_type":"學校","facility_source":"","source_month":"201901","location_note":"官方校地範圍代表點，非校門或單一校舍點位","easting_epsg3826":312611.94,"northing_epsg3826":2728351.94,"image_pixel_x":1507,"image_pixel_y":5421,"image_coverage":"圖面範圍內","liquefaction_2026_map_class":"低潛勢（PL<5）","pixel_class_status":"清楚","nearest_medium_high_m":null,"nearest_medium_high_class":null,"within_300m_medium_or_high":false,"liquefaction_screening_note":"點位為低潛勢；300公尺內未見中／高潛勢圖色","sampled_rgb_class_pixels_5x5":"{\"低潛勢（PL<5）\":25,\"中潛勢（5≤PL≤15）\":0,\"高潛勢（PL≥15）\":0}"}},{"type":"Feature","geometry":{"type":"Point","coordinates":[121.74694972100662,24.75521433766088]},"properties":{"facility_id":"70","facility_name":"宜蘭縣宜蘭市光復國民小學","facility_type":"學校","facility_source":"","source_month":"202207","location_note":"官方校地範圍代表點，非校門或單一校舍點位","easting_epsg3826":325547.19,"northing_epsg3826":2738871.32,"image_pixel_x":3641,"image_pixel_y":3686,"image_coverage":"圖面範圍內","liquefaction_2026_map_class":"高潛勢（PL≥15）","pixel_class_status":"清楚","nearest_medium_high_m":0.0,"nearest_medium_high_class":"高潛勢（PL≥15）","within_300m_medium_or_high":true,"liquefaction_screening_note":"直接落在中／高潛勢圖色","sampled_rgb_class_pixels_5x5":"{\"低潛勢（PL<5）\":0,\"中潛勢（5≤PL≤15）\":0,\"高潛勢（PL≥15）\":25}"}},{"type":"Feature","geometry":{"type":"Point","coordinates":[121.7377286689887,24.73319131344182]},"properties":{"facility_id":"71","facility_name":"宜蘭縣宜蘭市育才國民小學","facility_type":"學校","facility_source":"","source_month":"202207","location_note":"官方校地範圍代表點，非校門或單一校舍點位","easting_epsg3826":324627.68,"northing_epsg3826":2736426.9,"image_pixel_x":3489,"image_pixel_y":4089,"image_coverage":"圖面範圍內","liquefaction_2026_map_class":"高潛勢（PL≥15）","pixel_class_status":"清楚","nearest_medium_high_m":0.0,"nearest_medium_high_class":"高潛勢（PL≥15）","within_300m_medium_or_high":true,"liquefaction_screening_note":"直接落在中／高潛勢圖色","sampled_rgb_class_pixels_5x5":"{\"低潛勢（PL<5）\":0,\"中潛勢（5≤PL≤15）\":0,\"高潛勢（PL≥15）\":25}"}},{"type":"Feature","geometry":{"type":"Point","coordinates":[121.75451967258032,24.752966773481127]},"properties":{"facility_id":"72","facility_name":"宜蘭縣宜蘭市宜蘭國民小學","facility_type":"學校","facility_source":"","source_month":"202207","location_note":"官方校地範圍代表點，非校門或單一校舍點位","easting_epsg3826":326314.23,"northing_epsg3826":2738626.57,"image_pixel_x":3767,"image_pixel_y":3726,"image_coverage":"圖面範圍內","liquefaction_2026_map_class":"高潛勢（PL≥15）","pixel_class_status":"清楚","nearest_medium_high_m":0.0,"nearest_medium_high_class":"高潛勢（PL≥15）","within_300m_medium_or_high":true,"liquefaction_screening_note":"直接落在中／高潛勢圖色","sampled_rgb_class_pixels_5x5":"{\"低潛勢（PL<5）\":0,\"中潛勢（5≤PL≤15）\":0,\"高潛勢（PL≥15）\":15}"}},{"type":"Feature","geometry":{"type":"Point","coordinates":[121.74253450013134,24.754828846032286]},"properties":{"facility_id":"73","facility_name":"宜蘭縣宜蘭市南屏國民小學","facility_type":"學校","facility_source":"","source_month":"202207","location_note":"官方校地範圍代表點，非校門或單一校舍點位","easting_epsg3826":325100.85,"northing_epsg3826":2738826.19,"image_pixel_x":3567,"image_pixel_y":3693,"image_coverage":"圖面範圍內","liquefaction_2026_map_class":"高潛勢（PL≥15）","pixel_class_status":"清楚","nearest_medium_high_m":0.0,"nearest_medium_high_class":"高潛勢（PL≥15）","within_300m_medium_or_high":true,"liquefaction_screening_note":"直接落在中／高潛勢圖色","sampled_rgb_class_pixels_5x5":"{\"低潛勢（PL<5）\":0,\"中潛勢（5≤PL≤15）\":0,\"高潛勢（PL≥15）\":25}"}},{"type":"Feature","geometry":{"type":"Point","coordinates":[121.76360601580144,24.72451326125833]},"properties":{"facility_id":"74","facility_name":"宜蘭縣宜蘭市凱旋國民小學","facility_type":"學校","facility_source":"","source_month":"202207","location_note":"官方校地範圍代表點，非校門或單一校舍點位","easting_epsg3826":327250.86,"northing_epsg3826":2735480.03,"image_pixel_x":3922,"image_pixel_y":4245,"image_coverage":"圖面範圍內","liquefaction_2026_map_class":"中潛勢（5≤PL≤15）","pixel_class_status":"清楚","nearest_medium_high_m":0.0,"nearest_medium_high_class":"中潛勢（5≤PL≤15）","within_300m_medium_or_high":true,"liquefaction_screening_note":"直接落在中／高潛勢圖色","sampled_rgb_class_pixels_5x5":"{\"低潛勢（PL<5）\":0,\"中潛勢（5≤PL≤15）\":25,\"高潛勢（PL≥15）\":0}"}},{"type":"Feature","geometry":{"type":"Point","coordinates":[121.75443887511352,24.770720851993776]},"properties":{"facility_id":"75","facility_name":"宜蘭縣宜蘭市新生國民小學","facility_type":"學校","facility_source":"","source_month":"202207","location_note":"官方校地範圍代表點，非校門或單一校舍點位","easting_epsg3826":326295.21,"northing_epsg3826":2740593.05,"image_pixel_x":3764,"image_pixel_y":3402,"image_coverage":"圖面範圍內","liquefaction_2026_map_class":"高潛勢（PL≥15）","pixel_class_status":"清楚","nearest_medium_high_m":0.0,"nearest_medium_high_class":"高潛勢（PL≥15）","within_300m_medium_or_high":true,"liquefaction_screening_note":"直接落在中／高潛勢圖色","sampled_rgb_class_pixels_5x5":"{\"低潛勢（PL<5）\":0,\"中潛勢（5≤PL≤15）\":0,\"高潛勢（PL≥15）\":25}"}},{"type":"Feature","geometry":{"type":"Point","coordinates":[121.76409771992734,24.751390551908116]},"properties":{"facility_id":"76","facility_name":"宜蘭縣宜蘭市黎明國民小學","facility_type":"學校","facility_source":"","source_month":"202207","location_note":"官方校地範圍代表點，非校門或單一校舍點位","easting_epsg3826":327283.99,"northing_epsg3826":2738457.36,"image_pixel_x":3927,"image_pixel_y":3754,"image_coverage":"圖面範圍內","liquefaction_2026_map_class":"高潛勢（PL≥15）","pixel_class_status":"清楚","nearest_medium_high_m":0.0,"nearest_medium_high_class":"高潛勢（PL≥15）","within_300m_medium_or_high":true,"liquefaction_screening_note":"直接落在中／高潛勢圖色","sampled_rgb_class_pixels_5x5":"{\"低潛勢（PL<5）\":0,\"中潛勢（5≤PL≤15）\":0,\"高潛勢（PL≥15）\":20}"}},{"type":"Feature","geometry":{"type":"Point","coordinates":[121.8331688848963,24.5214217227843]},"properties":{"facility_id":"77","facility_name":"宜蘭縣南澳鄉東澳國民小學","facility_type":"學校","facility_source":"","source_month":"202207","location_note":"官方校地範圍代表點，非校門或單一校舍點位","easting_epsg3826":334424.86,"northing_epsg3826":2713025.84,"image_pixel_x":5105,"image_pixel_y":7949,"image_coverage":"圖面範圍外","liquefaction_2026_map_class":"超出新版宜蘭圖面範圍","pixel_class_status":"無圖面覆蓋","nearest_medium_high_m":null,"nearest_medium_high_class":null,"within_300m_medium_or_high":false,"liquefaction_screening_note":"無圖面覆蓋，不能判為低潛勢","sampled_rgb_class_pixels_5x5":"{}"}},{"type":"Feature","geometry":{"type":"Point","coordinates":[121.7782891857181,24.44562991245959]},"properties":{"facility_id":"78","facility_name":"宜蘭縣南澳鄉武塔國民小學","facility_type":"學校","facility_source":"","source_month":"202407","location_note":"官方校地範圍代表點，非校門或單一校舍點位","easting_epsg3826":328910.94,"northing_epsg3826":2704598.61,"image_pixel_x":4196,"image_pixel_y":9339,"image_coverage":"圖面範圍外","liquefaction_2026_map_class":"超出新版宜蘭圖面範圍","pixel_class_status":"無圖面覆蓋","nearest_medium_high_m":null,"nearest_medium_high_class":null,"within_300m_medium_or_high":false,"liquefaction_screening_note":"無圖面覆蓋，不能判為低潛勢","sampled_rgb_class_pixels_5x5":"{}"}},{"type":"Feature","geometry":{"type":"Point","coordinates":[121.77717999918143,24.4709610005608]},"properties":{"facility_id":"79","facility_name":"宜蘭縣南澳鄉金岳國民小學","facility_type":"學校","facility_source":"","source_month":"201901","location_note":"官方校地範圍代表點，非校門或單一校舍點位","easting_epsg3826":328782.71,"northing_epsg3826":2707403.66,"image_pixel_x":4174,"image_pixel_y":8876,"image_coverage":"圖面範圍外","liquefaction_2026_map_class":"超出新版宜蘭圖面範圍","pixel_class_status":"無圖面覆蓋","nearest_medium_high_m":null,"nearest_medium_high_class":null,"within_300m_medium_or_high":false,"liquefaction_screening_note":"無圖面覆蓋，不能判為低潛勢","sampled_rgb_class_pixels_5x5":"{}"}},{"type":"Feature","geometry":{"type":"Point","coordinates":[121.61929054654324,24.66037626168247]},"properties":{"facility_id":"8","facility_name":"宜蘭縣三星鄉憲明國民小學1","facility_type":"學校","facility_source":"","source_month":"201711","location_note":"官方校地範圍代表點，非校門或單一校舍點位","easting_epsg3826":312682.72,"northing_epsg3826":2728302.43,"image_pixel_x":1519,"image_pixel_y":5429,"image_coverage":"圖面範圍內","liquefaction_2026_map_class":"低潛勢（PL<5）","pixel_class_status":"清楚","nearest_medium_high_m":null,"nearest_medium_high_class":null,"within_300m_medium_or_high":false,"liquefaction_screening_note":"點位為低潛勢；300公尺內未見中／高潛勢圖色","sampled_rgb_class_pixels_5x5":"{\"低潛勢（PL<5）\":25,\"中潛勢（5≤PL≤15）\":0,\"高潛勢（PL≥15）\":0}"}},{"type":"Feature","geometry":{"type":"Point","coordinates":[121.749390219091,24.42601520884363]},"properties":{"facility_id":"80","facility_name":"宜蘭縣南澳鄉金洋國民小學","facility_type":"學校","facility_source":"","source_month":"201901","location_note":"官方校地範圍代表點，非校門或單一校舍點位","easting_epsg3826":325992.5,"northing_epsg3826":2702409.92,"image_pixel_x":3714,"image_pixel_y":9700,"image_coverage":"圖面範圍外","liquefaction_2026_map_class":"超出新版宜蘭圖面範圍","pixel_class_status":"無圖面覆蓋","nearest_medium_high_m":null,"nearest_medium_high_class":null,"within_300m_medium_or_high":false,"liquefaction_screening_note":"無圖面覆蓋，不能判為低潛勢","sampled_rgb_class_pixels_5x5":"{}"}},{"type":"Feature","geometry":{"type":"Point","coordinates":[121.74961189501366,24.426479704753053]},"properties":{"facility_id":"81","facility_name":"宜蘭縣南澳鄉金洋國民小學1","facility_type":"學校","facility_source":"","source_month":"201811","location_note":"官方校地範圍代表點，非校門或單一校舍點位","easting_epsg3826":326014.71,"northing_epsg3826":2702461.49,"image_pixel_x":3718,"image_pixel_y":9692,"image_coverage":"圖面範圍外","liquefaction_2026_map_class":"超出新版宜蘭圖面範圍","pixel_class_status":"無圖面覆蓋","nearest_medium_high_m":null,"nearest_medium_high_class":null,"within_300m_medium_or_high":false,"liquefaction_screening_note":"無圖面覆蓋，不能判為低潛勢","sampled_rgb_class_pixels_5x5":"{}"}},{"type":"Feature","geometry":{"type":"Point","coordinates":[121.8004545820444,24.46715063280059]},"properties":{"facility_id":"82","facility_name":"宜蘭縣南澳鄉南澳國民小學","facility_type":"學校","facility_source":"","source_month":"201901","location_note":"官方校地範圍代表點，非校門或單一校舍點位","easting_epsg3826":331144.6,"northing_epsg3826":2706995.08,"image_pixel_x":4564,"image_pixel_y":8944,"image_coverage":"圖面範圍外","liquefaction_2026_map_class":"超出新版宜蘭圖面範圍","pixel_class_status":"無圖面覆蓋","nearest_medium_high_m":null,"nearest_medium_high_class":null,"within_300m_medium_or_high":false,"liquefaction_screening_note":"無圖面覆蓋，不能判為低潛勢","sampled_rgb_class_pixels_5x5":"{}"}},{"type":"Feature","geometry":{"type":"Point","coordinates":[121.7847891021448,24.474186212699987]},"properties":{"facility_id":"83","facility_name":"宜蘭縣南澳鄉碧候國民小學","facility_type":"學校","facility_source":"","source_month":"201901","location_note":"官方校地範圍代表點，非校門或單一校舍點位","easting_epsg3826":329552.05,"northing_epsg3826":2707765.24,"image_pixel_x":4301,"image_pixel_y":8817,"image_coverage":"圖面範圍外","liquefaction_2026_map_class":"超出新版宜蘭圖面範圍","pixel_class_status":"無圖面覆蓋","nearest_medium_high_m":null,"nearest_medium_high_class":null,"within_300m_medium_or_high":false,"liquefaction_screening_note":"無圖面覆蓋，不能判為低潛勢","sampled_rgb_class_pixels_5x5":"{}"}},{"type":"Feature","geometry":{"type":"Point","coordinates":[121.73940182375514,24.329107111598518]},"properties":{"facility_id":"84","facility_name":"宜蘭縣南澳鄉澳花國民小學","facility_type":"學校","facility_source":"","source_month":"201901","location_note":"官方校地範圍代表點，非校門或單一校舍點位","easting_epsg3826":325036.76,"northing_epsg3826":2691671.06,"image_pixel_x":3557,"image_pixel_y":11471,"image_coverage":"圖面範圍外","liquefaction_2026_map_class":"超出新版宜蘭圖面範圍","pixel_class_status":"無圖面覆蓋","nearest_medium_high_m":null,"nearest_medium_high_class":null,"within_300m_medium_or_high":false,"liquefaction_screening_note":"無圖面覆蓋，不能判為低潛勢","sampled_rgb_class_pixels_5x5":"{}"}},{"type":"Feature","geometry":{"type":"Point","coordinates":[121.74351683907265,24.71945564618422]},"properties":{"facility_id":"85","facility_name":"宜蘭縣員山鄉七賢國民小學","facility_type":"學校","facility_source":"","source_month":"202206","location_note":"官方校地範圍代表點，非校門或單一校舍點位","easting_epsg3826":325221.49,"northing_epsg3826":2734908.65,"image_pixel_x":3587,"image_pixel_y":4339,"image_coverage":"圖面範圍內","liquefaction_2026_map_class":"中潛勢（5≤PL≤15）","pixel_class_status":"清楚","nearest_medium_high_m":0.0,"nearest_medium_high_class":"中潛勢（5≤PL≤15）","within_300m_medium_or_high":true,"liquefaction_screening_note":"直接落在中／高潛勢圖色","sampled_rgb_class_pixels_5x5":"{\"低潛勢（PL<5）\":0,\"中潛勢（5≤PL≤15）\":25,\"高潛勢（PL≥15）\":0}"}},{"type":"Feature","geometry":{"type":"Point","coordinates":[121.69105241238339,24.747560409273262]},"properties":{"facility_id":"86","facility_name":"宜蘭縣員山鄉大湖國民小學","facility_type":"學校","facility_source":"","source_month":"201901","location_note":"官方校地範圍代表點，非校門或單一校舍點位","easting_epsg3826":319897.78,"northing_epsg3826":2737993.84,"image_pixel_x":2709,"image_pixel_y":3831,"image_coverage":"圖面範圍內","liquefaction_2026_map_class":"低潛勢（PL<5）","pixel_class_status":"清楚","nearest_medium_high_m":null,"nearest_medium_high_class":null,"within_300m_medium_or_high":false,"liquefaction_screening_note":"點位為低潛勢；300公尺內未見中／高潛勢圖色","sampled_rgb_class_pixels_5x5":"{\"低潛勢（PL<5）\":25,\"中潛勢（5≤PL≤15）\":0,\"高潛勢（PL≥15）\":0}"}},{"type":"Feature","geometry":{"type":"Point","coordinates":[121.65258972415353,24.711588591861013]},"properties":{"facility_id":"87","facility_name":"宜蘭縣員山鄉內城國民小學化育分校","facility_type":"學校","facility_source":"","source_month":"202206","location_note":"官方校地範圍代表點，非校門或單一校舍點位","easting_epsg3826":316026.27,"northing_epsg3826":2733990.41,"image_pixel_x":2070,"image_pixel_y":4491,"image_coverage":"圖面範圍內","liquefaction_2026_map_class":"圖上無可判讀潛勢色塊","pixel_class_status":"無法判讀","nearest_medium_high_m":null,"nearest_medium_high_class":null,"within_300m_medium_or_high":false,"liquefaction_screening_note":"新版圖面此處無可判讀色塊；不能判為低潛勢","sampled_rgb_class_pixels_5x5":"{\"低潛勢（PL<5）\":0,\"中潛勢（5≤PL≤15）\":0,\"高潛勢（PL≥15）\":0}"}},{"type":"Feature","geometry":{"type":"Point","coordinates":[121.72910681750635,24.763182798217866]},"properties":{"facility_id":"88","facility_name":"宜蘭縣員山鄉同樂國民小學","facility_type":"學校","facility_source":"","source_month":"202207","location_note":"官方校地範圍代表點，非校門或單一校舍點位","easting_epsg3826":323737.78,"northing_epsg3826":2739744.21,"image_pixel_x":3342,"image_pixel_y":3542,"image_coverage":"圖面範圍內","liquefaction_2026_map_class":"中潛勢（5≤PL≤15）","pixel_class_status":"清楚","nearest_medium_high_m":0.0,"nearest_medium_high_class":"中潛勢（5≤PL≤15）","within_300m_medium_or_high":true,"liquefaction_screening_note":"直接落在中／高潛勢圖色","sampled_rgb_class_pixels_5x5":"{\"低潛勢（PL<5）\":0,\"中潛勢（5≤PL≤15）\":25,\"高潛勢（PL≥15）\":0}"}},{"type":"Feature","geometry":{"type":"Point","coordinates":[121.72214016370646,24.743617112816597]},"properties":{"facility_id":"89","facility_name":"宜蘭縣員山鄉員山國民小學","facility_type":"學校","facility_source":"","source_month":"202207","location_note":"官方校地範圍代表點，非校門或單一校舍點位","easting_epsg3826":323044.62,"northing_epsg3826":2737573.3,"image_pixel_x":3228,"image_pixel_y":3900,"image_coverage":"圖面範圍內","liquefaction_2026_map_class":"低潛勢（PL<5）","pixel_class_status":"清楚","nearest_medium_high_m":175.8,"nearest_medium_high_class":"中潛勢（5≤PL≤15）","within_300m_medium_or_high":true,"liquefaction_screening_note":"距中／高潛勢圖色 175.8 公尺（≤300公尺）","sampled_rgb_class_pixels_5x5":"{\"低潛勢（PL<5）\":25,\"中潛勢（5≤PL≤15）\":0,\"高潛勢（PL≥15）\":0}"}},{"type":"Feature","geometry":{"type":"Point","coordinates":[121.60924922511478,24.678432895425]},"properties":{"facility_id":"9","facility_name":"宜蘭縣大同鄉大同國民小學","facility_type":"學校","facility_source":"","source_month":"202206","location_note":"官方校地範圍代表點，非校門或單一校舍點位","easting_epsg3826":311657.47,"northing_epsg3826":2730297.85,"image_pixel_x":1350,"image_pixel_y":5100,"image_coverage":"圖面範圍內","liquefaction_2026_map_class":"圖上無可判讀潛勢色塊","pixel_class_status":"無法判讀","nearest_medium_high_m":null,"nearest_medium_high_class":null,"within_300m_medium_or_high":false,"liquefaction_screening_note":"新版圖面此處無可判讀色塊；不能判為低潛勢","sampled_rgb_class_pixels_5x5":"{\"低潛勢（PL<5）\":0,\"中潛勢（5≤PL≤15）\":0,\"高潛勢（PL≥15）\":0}"}},{"type":"Feature","geometry":{"type":"Point","coordinates":[121.72370394020949,24.723840363266323]},"properties":{"facility_id":"90","facility_name":"宜蘭縣員山鄉深溝國民小學","facility_type":"學校","facility_source":"","source_month":"202206","location_note":"官方校地範圍代表點，非校門或單一校舍點位","easting_epsg3826":323214.38,"northing_epsg3826":2735383.59,"image_pixel_x":3256,"image_pixel_y":4261,"image_coverage":"圖面範圍內","liquefaction_2026_map_class":"低潛勢（PL<5）","pixel_class_status":"清楚","nearest_medium_high_m":null,"nearest_medium_high_class":null,"within_300m_medium_or_high":false,"liquefaction_screening_note":"點位為低潛勢；300公尺內未見中／高潛勢圖色","sampled_rgb_class_pixels_5x5":"{\"低潛勢（PL<5）\":25,\"中潛勢（5≤PL≤15）\":0,\"高潛勢（PL≥15）\":0}"}},{"type":"Feature","geometry":{"type":"Point","coordinates":[121.69942568026015,24.77922272077923]},"properties":{"facility_id":"91","facility_name":"宜蘭縣員山鄉湖山國民小學","facility_type":"學校","facility_source":"","source_month":"202207","location_note":"官方校地範圍代表點，非校門或單一校舍點位","easting_epsg3826":320726.81,"northing_epsg3826":2741505.17,"image_pixel_x":2846,"image_pixel_y":3251,"image_coverage":"圖面範圍內","liquefaction_2026_map_class":"低潛勢（PL<5）","pixel_class_status":"清楚","nearest_medium_high_m":null,"nearest_medium_high_class":null,"within_300m_medium_or_high":false,"liquefaction_screening_note":"點位為低潛勢；300公尺內未見中／高潛勢圖色","sampled_rgb_class_pixels_5x5":"{\"低潛勢（PL<5）\":25,\"中潛勢（5≤PL≤15）\":0,\"高潛勢（PL≥15）\":0}"}},{"type":"Feature","geometry":{"type":"Point","coordinates":[121.8053594329321,24.84317496068244]},"properties":{"facility_id":"92","facility_name":"宜蘭縣頭城鎮二城國民小學","facility_type":"學校","facility_source":"","source_month":"202207","location_note":"官方校地範圍代表點，非校門或單一校舍點位","easting_epsg3826":331397.61,"northing_epsg3826":2748647.88,"image_pixel_x":4606,"image_pixel_y":2073,"image_coverage":"圖面範圍內","liquefaction_2026_map_class":"高潛勢（PL≥15）","pixel_class_status":"清楚","nearest_medium_high_m":0.0,"nearest_medium_high_class":"高潛勢（PL≥15）","within_300m_medium_or_high":true,"liquefaction_screening_note":"直接落在中／高潛勢圖色","sampled_rgb_class_pixels_5x5":"{\"低潛勢（PL<5）\":0,\"中潛勢（5≤PL≤15）\":0,\"高潛勢（PL≥15）\":25}"}},{"type":"Feature","geometry":{"type":"Point","coordinates":[121.92651525477193,24.97068415733659]},"properties":{"facility_id":"93","facility_name":"宜蘭縣頭城鎮大里國民小學","facility_type":"學校","facility_source":"","source_month":"202405","location_note":"官方校地範圍代表點，非校門或單一校舍點位","easting_epsg3826":343547.27,"northing_epsg3826":2762849.82,"image_pixel_x":6609,"image_pixel_y":-269,"image_coverage":"圖面範圍外","liquefaction_2026_map_class":"超出新版宜蘭圖面範圍","pixel_class_status":"無圖面覆蓋","nearest_medium_high_m":null,"nearest_medium_high_class":null,"within_300m_medium_or_high":false,"liquefaction_screening_note":"無圖面覆蓋，不能判為低潛勢","sampled_rgb_class_pixels_5x5":"{}"}},{"type":"Feature","geometry":{"type":"Point","coordinates":[121.88702976252665,24.93553093884392]},"properties":{"facility_id":"94","facility_name":"宜蘭縣頭城鎮大溪國民小學","facility_type":"學校","facility_source":"","source_month":"201901","location_note":"官方校地範圍代表點，非校門或單一校舍點位","easting_epsg3826":339585.77,"northing_epsg3826":2758929.26,"image_pixel_x":5956,"image_pixel_y":377,"image_coverage":"圖面範圍外","liquefaction_2026_map_class":"超出新版宜蘭圖面範圍","pixel_class_status":"無圖面覆蓋","nearest_medium_high_m":null,"nearest_medium_high_class":null,"within_300m_medium_or_high":false,"liquefaction_screening_note":"無圖面覆蓋，不能判為低潛勢","sampled_rgb_class_pixels_5x5":"{}"}},{"type":"Feature","geometry":{"type":"Point","coordinates":[121.82052950561251,24.8251668863688]},"properties":{"facility_id":"95","facility_name":"宜蘭縣頭城鎮竹安國民小學","facility_type":"學校","facility_source":"","source_month":"202405","location_note":"官方校地範圍代表點，非校門或單一校舍點位","easting_epsg3826":332942.91,"northing_epsg3826":2746662.32,"image_pixel_x":4861,"image_pixel_y":2401,"image_coverage":"圖面範圍內","liquefaction_2026_map_class":"高潛勢（PL≥15）","pixel_class_status":"清楚","nearest_medium_high_m":0.0,"nearest_medium_high_class":"高潛勢（PL≥15）","within_300m_medium_or_high":true,"liquefaction_screening_note":"直接落在中／高潛勢圖色","sampled_rgb_class_pixels_5x5":"{\"低潛勢（PL<5）\":0,\"中潛勢（5≤PL≤15）\":0,\"高潛勢（PL≥15）\":15}"}},{"type":"Feature","geometry":{"type":"Point","coordinates":[121.86247339165901,24.900312039984737]},"properties":{"facility_id":"96","facility_name":"宜蘭縣頭城鎮梗枋國民小學","facility_type":"學校","facility_source":"","source_month":"202207","location_note":"官方校地範圍代表點，非校門或單一校舍點位","easting_epsg3826":337130.31,"northing_epsg3826":2755012.15,"image_pixel_x":5551,"image_pixel_y":1023,"image_coverage":"圖面範圍外","liquefaction_2026_map_class":"超出新版宜蘭圖面範圍","pixel_class_status":"無圖面覆蓋","nearest_medium_high_m":null,"nearest_medium_high_class":null,"within_300m_medium_or_high":false,"liquefaction_screening_note":"無圖面覆蓋，不能判為低潛勢","sampled_rgb_class_pixels_5x5":"{}"}},{"type":"Feature","geometry":{"type":"Point","coordinates":[121.8278245383361,24.862703793494095]},"properties":{"facility_id":"97","facility_name":"宜蘭縣頭城鎮頭城國民小學","facility_type":"學校","facility_source":"","source_month":"201901","location_note":"官方校地範圍代表點，非校門或單一校舍點位","easting_epsg3826":333655.12,"northing_epsg3826":2750824.63,"image_pixel_x":4978,"image_pixel_y":1714,"image_coverage":"圖面範圍內","liquefaction_2026_map_class":"高潛勢（PL≥15）","pixel_class_status":"清楚","nearest_medium_high_m":0.0,"nearest_medium_high_class":"高潛勢（PL≥15）","within_300m_medium_or_high":true,"liquefaction_screening_note":"直接落在中／高潛勢圖色","sampled_rgb_class_pixels_5x5":"{\"低潛勢（PL<5）\":0,\"中潛勢（5≤PL≤15）\":0,\"高潛勢（PL≥15）\":25}"}},{"type":"Feature","geometry":{"type":"Point","coordinates":[121.76018884730462,24.81339710952094]},"properties":{"facility_id":"98","facility_name":"宜蘭縣礁溪鄉三民國民小學","facility_type":"學校","facility_source":"","source_month":"202406","location_note":"官方校地範圍代表點，非校門或單一校舍點位","easting_epsg3826":326850.42,"northing_epsg3826":2745323.31,"image_pixel_x":3856,"image_pixel_y":2622,"image_coverage":"圖面範圍內","liquefaction_2026_map_class":"低潛勢（PL<5）","pixel_class_status":"清楚","nearest_medium_high_m":null,"nearest_medium_high_class":null,"within_300m_medium_or_high":false,"liquefaction_screening_note":"點位為低潛勢；300公尺內未見中／高潛勢圖色","sampled_rgb_class_pixels_5x5":"{\"低潛勢（PL<5）\":25,\"中潛勢（5≤PL≤15）\":0,\"高潛勢（PL≥15）\":0}"}},{"type":"Feature","geometry":{"type":"Point","coordinates":[121.75990869231923,24.78681452474716]},"properties":{"facility_id":"99","facility_name":"宜蘭縣礁溪鄉四結國民小學","facility_type":"學校","facility_source":"","source_month":"202406","location_note":"官方校地範圍代表點，非校門或單一校舍點位","easting_epsg3826":326838.47,"northing_epsg3826":2742378.73,"image_pixel_x":3854,"image_pixel_y":3107,"image_coverage":"圖面範圍內","liquefaction_2026_map_class":"高潛勢（PL≥15）","pixel_class_status":"清楚","nearest_medium_high_m":0.0,"nearest_medium_high_class":"高潛勢（PL≥15）","within_300m_medium_or_high":true,"liquefaction_screening_note":"直接落在中／高潛勢圖色","sampled_rgb_class_pixels_5x5":"{\"低潛勢（PL<5）\":0,\"中潛勢（5≤PL≤15）\":0,\"高潛勢（PL≥15）\":25}"}},{"type":"Feature","geometry":{"type":"Point","coordinates":[121.379725,24.437095]},"properties":{"facility_id":"NLSC-MED-G0000000014","facility_name":"宜蘭縣大同鄉南山村衛生室","facility_type":"醫療機構","facility_source":"內政部國土測繪中心醫療設施 API（官方）","source_month":"","location_note":"國土測繪中心醫療設施地標點","easting_epsg3826":288502.41,"northing_epsg3826":2703484.32,"image_pixel_x":-2469,"image_pixel_y":9523,"image_coverage":"圖面範圍外","liquefaction_2026_map_class":"超出新版宜蘭圖面範圍","pixel_class_status":"無圖面覆蓋","nearest_medium_high_m":null,"nearest_medium_high_class":null,"within_300m_medium_or_high":false,"liquefaction_screening_note":"無圖面覆蓋，不能判為低潛勢","sampled_rgb_class_pixels_5x5":"{}"}},{"type":"Feature","geometry":{"type":"Point","coordinates":[121.80348,24.465898]},"properties":{"facility_id":"NLSC-MED-G0000000040","facility_name":"宜蘭縣南澳鄉衛生所","facility_type":"醫療機構","facility_source":"內政部國土測繪中心醫療設施 API（官方）","source_month":"","location_note":"國土測繪中心醫療設施地標點","easting_epsg3826":331452.11,"northing_epsg3826":2706858.11,"image_pixel_x":4615,"image_pixel_y":8966,"image_coverage":"圖面範圍外","liquefaction_2026_map_class":"超出新版宜蘭圖面範圍","pixel_class_status":"無圖面覆蓋","nearest_medium_high_m":null,"nearest_medium_high_class":null,"within_300m_medium_or_high":false,"liquefaction_screening_note":"無圖面覆蓋，不能判為低潛勢","sampled_rgb_class_pixels_5x5":"{}"}},{"type":"Feature","geometry":{"type":"Point","coordinates":[121.426397,24.487654]},"properties":{"facility_id":"NLSC-MED-G0000000067","facility_name":"宜蘭縣大同鄉四季村衛生室","facility_type":"醫療機構","facility_source":"內政部國土測繪中心醫療設施 API（官方）","source_month":"","location_note":"國土測繪中心醫療設施地標點","easting_epsg3826":293217.54,"northing_epsg3826":2709097.8,"image_pixel_x":-1691,"image_pixel_y":8597,"image_coverage":"圖面範圍外","liquefaction_2026_map_class":"超出新版宜蘭圖面範圍","pixel_class_status":"無圖面覆蓋","nearest_medium_high_m":null,"nearest_medium_high_class":null,"within_300m_medium_or_high":false,"liquefaction_screening_note":"無圖面覆蓋，不能判為低潛勢","sampled_rgb_class_pixels_5x5":"{}"}},{"type":"Feature","geometry":{"type":"Point","coordinates":[121.831728,24.51924]},"properties":{"facility_id":"NLSC-MED-G0000000086","facility_name":"國立陽明交通大學附設醫院東澳復健醫療站","facility_type":"醫療機構","facility_source":"內政部國土測繪中心醫療設施 API（官方）","source_month":"","location_note":"國土測繪中心醫療設施地標點","easting_epsg3826":334280.3,"northing_epsg3826":2712783.31,"image_pixel_x":5081,"image_pixel_y":7989,"image_coverage":"圖面範圍外","liquefaction_2026_map_class":"超出新版宜蘭圖面範圍","pixel_class_status":"無圖面覆蓋","nearest_medium_high_m":null,"nearest_medium_high_class":null,"within_300m_medium_or_high":false,"liquefaction_screening_note":"無圖面覆蓋，不能判為低潛勢","sampled_rgb_class_pixels_5x5":"{}"}},{"type":"Feature","geometry":{"type":"Point","coordinates":[121.451493,24.531869]},"properties":{"facility_id":"NLSC-MED-G0000000095","facility_name":"宜蘭縣大同鄉茂安村衛生室","facility_type":"醫療機構","facility_source":"內政部國土測繪中心醫療設施 API（官方）","source_month":"","location_note":"國土測繪中心醫療設施地標點","easting_epsg3826":295745.17,"northing_epsg3826":2714002.99,"image_pixel_x":-1274,"image_pixel_y":7788,"image_coverage":"圖面範圍外","liquefaction_2026_map_class":"超出新版宜蘭圖面範圍","pixel_class_status":"無圖面覆蓋","nearest_medium_high_m":null,"nearest_medium_high_class":null,"within_300m_medium_or_high":false,"liquefaction_screening_note":"無圖面覆蓋，不能判為低潛勢","sampled_rgb_class_pixels_5x5":"{}"}},{"type":"Feature","geometry":{"type":"Point","coordinates":[121.841663,24.59405]},"properties":{"facility_id":"NLSC-MED-G0000000142","facility_name":"宜蘭縣蘇澳鎮衛生所","facility_type":"醫療機構","facility_source":"內政部國土測繪中心醫療設施 API（官方）","source_month":"","location_note":"國土測繪中心醫療設施地標點","easting_epsg3826":335236.49,"northing_epsg3826":2721075.6,"image_pixel_x":5239,"image_pixel_y":6621,"image_coverage":"圖面範圍外","liquefaction_2026_map_class":"超出新版宜蘭圖面範圍","pixel_class_status":"無圖面覆蓋","nearest_medium_high_m":null,"nearest_medium_high_class":null,"within_300m_medium_or_high":false,"liquefaction_screening_note":"無圖面覆蓋，不能判為低潛勢","sampled_rgb_class_pixels_5x5":"{}"}},{"type":"Feature","geometry":{"type":"Point","coordinates":[121.530057,24.599564]},"properties":{"facility_id":"NLSC-MED-G0000000197","facility_name":"宜蘭縣大同鄉樂水村衛生室","facility_type":"醫療機構","facility_source":"內政部國土測繪中心醫療設施 API（官方）","source_month":"","location_note":"國土測繪中心醫療設施地標點","easting_epsg3826":303676.56,"northing_epsg3826":2721529.09,"image_pixel_x":34,"image_pixel_y":6546,"image_coverage":"圖面範圍外","liquefaction_2026_map_class":"超出新版宜蘭圖面範圍","pixel_class_status":"無圖面覆蓋","nearest_medium_high_m":null,"nearest_medium_high_class":null,"within_300m_medium_or_high":false,"liquefaction_screening_note":"無圖面覆蓋，不能判為低潛勢","sampled_rgb_class_pixels_5x5":"{}"}},{"type":"Feature","geometry":{"type":"Point","coordinates":[121.848616,24.614094]},"properties":{"facility_id":"NLSC-MED-G0000000237","facility_name":"臺北榮民總醫院蘇澳分院","facility_type":"醫療機構","facility_source":"內政部國土測繪中心醫療設施 API（官方）","source_month":"","location_note":"國土測繪中心醫療設施地標點","easting_epsg3826":335926.97,"northing_epsg3826":2723300.07,"image_pixel_x":5353,"image_pixel_y":6254,"image_coverage":"圖面範圍內","liquefaction_2026_map_class":"中潛勢（5≤PL≤15）","pixel_class_status":"清楚","nearest_medium_high_m":0.0,"nearest_medium_high_class":"中潛勢（5≤PL≤15）","within_300m_medium_or_high":true,"liquefaction_screening_note":"直接落在中／高潛勢圖色","sampled_rgb_class_pixels_5x5":"{\"低潛勢（PL<5）\":0,\"中潛勢（5≤PL≤15）\":14,\"高潛勢（PL≥15）\":0}"}},{"type":"Feature","geometry":{"type":"Point","coordinates":[121.791525,24.63616]},"properties":{"facility_id":"NLSC-MED-G0000000317","facility_name":"宜蘭縣冬山鄉衛生所","facility_type":"醫療機構","facility_source":"內政部國土測繪中心醫療設施 API（官方）","source_month":"","location_note":"國土測繪中心醫療設施地標點","easting_epsg3826":330131.88,"northing_epsg3826":2725709.71,"image_pixel_x":4397,"image_pixel_y":5857,"image_coverage":"圖面範圍內","liquefaction_2026_map_class":"低潛勢（PL<5）","pixel_class_status":"清楚","nearest_medium_high_m":null,"nearest_medium_high_class":null,"within_300m_medium_or_high":false,"liquefaction_screening_note":"點位為低潛勢；300公尺內未見中／高潛勢圖色","sampled_rgb_class_pixels_5x5":"{\"低潛勢（PL<5）\":13,\"中潛勢（5≤PL≤15）\":0,\"高潛勢（PL≥15）\":0}"}},{"type":"Feature","geometry":{"type":"Point","coordinates":[121.651575,24.666137]},"properties":{"facility_id":"NLSC-MED-G0000000391","facility_name":"宜蘭縣三星鄉衛生所","facility_type":"醫療機構","facility_source":"內政部國土測繪中心醫療設施 API（官方）","source_month":"","location_note":"國土測繪中心醫療設施地標點","easting_epsg3826":315947.52,"northing_epsg3826":2728955.62,"image_pixel_x":2057,"image_pixel_y":5321,"image_coverage":"圖面範圍內","liquefaction_2026_map_class":"低潛勢（PL<5）","pixel_class_status":"清楚","nearest_medium_high_m":null,"nearest_medium_high_class":null,"within_300m_medium_or_high":false,"liquefaction_screening_note":"點位為低潛勢；300公尺內未見中／高潛勢圖色","sampled_rgb_class_pixels_5x5":"{\"低潛勢（PL<5）\":10,\"中潛勢（5≤PL≤15）\":0,\"高潛勢（PL≥15）\":0}"}},{"type":"Feature","geometry":{"type":"Point","coordinates":[121.771501,24.671818]},"properties":{"facility_id":"NLSC-MED-G0000000477","facility_name":"天主教靈醫會醫療財團法人羅東聖母醫院","facility_type":"醫療機構","facility_source":"內政部國土測繪中心醫療設施 API（官方）","source_month":"","location_note":"國土測繪中心醫療設施地標點","easting_epsg3826":328082.43,"northing_epsg3826":2729647.78,"image_pixel_x":4059,"image_pixel_y":5207,"image_coverage":"圖面範圍內","liquefaction_2026_map_class":"高潛勢（PL≥15）","pixel_class_status":"清楚","nearest_medium_high_m":0.0,"nearest_medium_high_class":"高潛勢（PL≥15）","within_300m_medium_or_high":true,"liquefaction_screening_note":"直接落在中／高潛勢圖色","sampled_rgb_class_pixels_5x5":"{\"低潛勢（PL<5）\":0,\"中潛勢（5≤PL≤15）\":0,\"高潛勢（PL≥15）\":23}"}},{"type":"Feature","geometry":{"type":"Point","coordinates":[121.608822,24.677851]},"properties":{"facility_id":"NLSC-MED-G0000000553","facility_name":"宜蘭縣大同鄉衛生所","facility_type":"醫療機構","facility_source":"內政部國土測繪中心醫療設施 API（官方）","source_month":"","location_note":"國土測繪中心醫療設施地標點","easting_epsg3826":311614.52,"northing_epsg3826":2730233.21,"image_pixel_x":1343,"image_pixel_y":5111,"image_coverage":"圖面範圍內","liquefaction_2026_map_class":"圖上無可判讀潛勢色塊","pixel_class_status":"無法判讀","nearest_medium_high_m":null,"nearest_medium_high_class":null,"within_300m_medium_or_high":false,"liquefaction_screening_note":"新版圖面此處無可判讀色塊；不能判為低潛勢","sampled_rgb_class_pixels_5x5":"{\"低潛勢（PL<5）\":0,\"中潛勢（5≤PL≤15）\":0,\"高潛勢（PL≥15）\":0}"}},{"type":"Feature","geometry":{"type":"Point","coordinates":[121.766956,24.677528]},"properties":{"facility_id":"NLSC-MED-G0000000565","facility_name":"宜蘭縣羅東鎮衛生所","facility_type":"醫療機構","facility_source":"內政部國土測繪中心醫療設施 API（官方）","source_month":"","location_note":"國土測繪中心醫療設施地標點","easting_epsg3826":327618.89,"northing_epsg3826":2730277.66,"image_pixel_x":3982,"image_pixel_y":5103,"image_coverage":"圖面範圍內","liquefaction_2026_map_class":"高潛勢（PL≥15）","pixel_class_status":"清楚","nearest_medium_high_m":0.0,"nearest_medium_high_class":"高潛勢（PL≥15）","within_300m_medium_or_high":true,"liquefaction_screening_note":"直接落在中／高潛勢圖色","sampled_rgb_class_pixels_5x5":"{\"低潛勢（PL<5）\":0,\"中潛勢（5≤PL≤15）\":0,\"高潛勢（PL≥15）\":12}"}},{"type":"Feature","geometry":{"type":"Point","coordinates":[121.798941,24.684716]},"properties":{"facility_id":"NLSC-MED-G0000000687","facility_name":"宜蘭縣五結鄉衛生所","facility_type":"醫療機構","facility_source":"內政部國土測繪中心醫療設施 API（官方）","source_month":"","location_note":"國土測繪中心醫療設施地標點","easting_epsg3826":330851.39,"northing_epsg3826":2731092.3,"image_pixel_x":4516,"image_pixel_y":4969,"image_coverage":"圖面範圍內","liquefaction_2026_map_class":"高潛勢（PL≥15）","pixel_class_status":"清楚","nearest_medium_high_m":0.0,"nearest_medium_high_class":"高潛勢（PL≥15）","within_300m_medium_or_high":true,"liquefaction_screening_note":"直接落在中／高潛勢圖色","sampled_rgb_class_pixels_5x5":"{\"低潛勢（PL<5）\":0,\"中潛勢（5≤PL≤15）\":0,\"高潛勢（PL≥15）\":25}"}},{"type":"Feature","geometry":{"type":"Point","coordinates":[121.687812,24.721835]},"properties":{"facility_id":"NLSC-MED-G0000000786","facility_name":"臺北榮民總醫院員山分院","facility_type":"醫療機構","facility_source":"內政部國土測繪中心醫療設施 API（官方）","source_month":"","location_note":"國土測繪中心醫療設施地標點","easting_epsg3826":319584.33,"northing_epsg3826":2735142.76,"image_pixel_x":2657,"image_pixel_y":4301,"image_coverage":"圖面範圍內","liquefaction_2026_map_class":"低潛勢（PL<5）","pixel_class_status":"清楚","nearest_medium_high_m":null,"nearest_medium_high_class":null,"within_300m_medium_or_high":false,"liquefaction_screening_note":"點位為低潛勢；300公尺內未見中／高潛勢圖色","sampled_rgb_class_pixels_5x5":"{\"低潛勢（PL<5）\":21,\"中潛勢（5≤PL≤15）\":0,\"高潛勢（PL≥15）\":0}"}},{"type":"Feature","geometry":{"type":"Point","coordinates":[121.815457,24.736365]},"properties":{"facility_id":"NLSC-MED-G0000000834","facility_name":"宜蘭縣壯圍鄉紅葉社區衛生室","facility_type":"醫療機構","facility_source":"內政部國土測繪中心醫療設施 API（官方）","source_month":"","location_note":"國土測繪中心醫療設施地標點","easting_epsg3826":332488.82,"northing_epsg3826":2736823.03,"image_pixel_x":4786,"image_pixel_y":4024,"image_coverage":"圖面範圍內","liquefaction_2026_map_class":"高潛勢（PL≥15）","pixel_class_status":"清楚","nearest_medium_high_m":6.1,"nearest_medium_high_class":"高潛勢（PL≥15）","within_300m_medium_or_high":true,"liquefaction_screening_note":"直接落在中／高潛勢圖色","sampled_rgb_class_pixels_5x5":"{\"低潛勢（PL<5）\":0,\"中潛勢（5≤PL≤15）\":0,\"高潛勢（PL≥15）\":10}"}},{"type":"Feature","geometry":{"type":"Point","coordinates":[121.724391,24.744249]},"properties":{"facility_id":"NLSC-MED-G0000000857","facility_name":"宜蘭縣員山鄉衛生所","facility_type":"醫療機構","facility_source":"內政部國土測繪中心醫療設施 API（官方）","source_month":"","location_note":"國土測繪中心醫療設施地標點","easting_epsg3826":323271.93,"northing_epsg3826":2737644.49,"image_pixel_x":3265,"image_pixel_y":3888,"image_coverage":"圖面範圍內","liquefaction_2026_map_class":"低潛勢（PL<5）","pixel_class_status":"清楚","nearest_medium_high_m":248.6,"nearest_medium_high_class":"中潛勢（5≤PL≤15）","within_300m_medium_or_high":true,"liquefaction_screening_note":"距中／高潛勢圖色 248.6 公尺（≤300公尺）","sampled_rgb_class_pixels_5x5":"{\"低潛勢（PL<5）\":9,\"中潛勢（5≤PL≤15）\":0,\"高潛勢（PL≥15）\":0}"}},{"type":"Feature","geometry":{"type":"Point","coordinates":[121.786323,24.746749]},"properties":{"facility_id":"NLSC-MED-G0000000894","facility_name":"宜蘭縣壯圍鄉衛生所","facility_type":"醫療機構","facility_source":"內政部國土測繪中心醫療設施 API（官方）","source_month":"","location_note":"國土測繪中心醫療設施地標點","easting_epsg3826":329534.99,"northing_epsg3826":2737955.97,"image_pixel_x":4298,"image_pixel_y":3837,"image_coverage":"圖面範圍內","liquefaction_2026_map_class":"高潛勢（PL≥15）","pixel_class_status":"清楚","nearest_medium_high_m":0.0,"nearest_medium_high_class":"高潛勢（PL≥15）","within_300m_medium_or_high":true,"liquefaction_screening_note":"直接落在中／高潛勢圖色","sampled_rgb_class_pixels_5x5":"{\"低潛勢（PL<5）\":0,\"中潛勢（5≤PL≤15）\":0,\"高潛勢（PL≥15）\":12}"}},{"type":"Feature","geometry":{"type":"Point","coordinates":[121.754442,24.74874]},"properties":{"facility_id":"NLSC-MED-G0000000929","facility_name":"宜蘭仁愛醫療財團法人宜蘭仁愛醫院","facility_type":"醫療機構","facility_source":"內政部國土測繪中心醫療設施 API（官方）","source_month":"","location_note":"國土測繪中心醫療設施地標點","easting_epsg3826":326308.95,"northing_epsg3826":2738158.35,"image_pixel_x":3766,"image_pixel_y":3803,"image_coverage":"圖面範圍內","liquefaction_2026_map_class":"高潛勢（PL≥15）","pixel_class_status":"清楚","nearest_medium_high_m":6.1,"nearest_medium_high_class":"高潛勢（PL≥15）","within_300m_medium_or_high":true,"liquefaction_screening_note":"直接落在中／高潛勢圖色","sampled_rgb_class_pixels_5x5":"{\"低潛勢（PL<5）\":0,\"中潛勢（5≤PL≤15）\":0,\"高潛勢（PL≥15）\":11}"}},{"type":"Feature","geometry":{"type":"Point","coordinates":[121.758638,24.748976]},"properties":{"facility_id":"NLSC-MED-G0000000934","facility_name":"國立陽明交通大學附設醫院蘭陽院區","facility_type":"醫療機構","facility_source":"內政部國土測繪中心醫療設施 API（官方）","source_month":"","location_note":"國土測繪中心醫療設施地標點","easting_epsg3826":326733.23,"northing_epsg3826":2738186.84,"image_pixel_x":3836,"image_pixel_y":3799,"image_coverage":"圖面範圍內","liquefaction_2026_map_class":"中潛勢（5≤PL≤15）","pixel_class_status":"清楚","nearest_medium_high_m":0.0,"nearest_medium_high_class":"中潛勢（5≤PL≤15）","within_300m_medium_or_high":true,"liquefaction_screening_note":"直接落在中／高潛勢圖色","sampled_rgb_class_pixels_5x5":"{\"低潛勢（PL<5）\":0,\"中潛勢（5≤PL≤15）\":25,\"高潛勢（PL≥15）\":0}"}},{"type":"Feature","geometry":{"type":"Point","coordinates":[121.757427,24.750357]},"properties":{"facility_id":"NLSC-MED-G0000000957","facility_name":"臺北榮民總醫院員山分院","facility_type":"醫療機構","facility_source":"內政部國土測繪中心醫療設施 API（官方）","source_month":"","location_note":"國土測繪中心醫療設施地標點","easting_epsg3826":326609.89,"northing_epsg3826":2738339.13,"image_pixel_x":3816,"image_pixel_y":3774,"image_coverage":"圖面範圍內","liquefaction_2026_map_class":"高潛勢（PL≥15）","pixel_class_status":"清楚","nearest_medium_high_m":0.0,"nearest_medium_high_class":"高潛勢（PL≥15）","within_300m_medium_or_high":true,"liquefaction_screening_note":"直接落在中／高潛勢圖色","sampled_rgb_class_pixels_5x5":"{\"低潛勢（PL<5）\":0,\"中潛勢（5≤PL≤15）\":0,\"高潛勢（PL≥15）\":17}"}},{"type":"Feature","geometry":{"type":"Point","coordinates":[121.754005,24.757924]},"properties":{"facility_id":"NLSC-MED-G0000001120","facility_name":"國立陽明交通大學附設醫院新民院區","facility_type":"醫療機構","facility_source":"內政部國土測繪中心醫療設施 API（官方）","source_month":"","location_note":"國土測繪中心醫療設施地標點","easting_epsg3826":326259.14,"northing_epsg3826":2739175.37,"image_pixel_x":3758,"image_pixel_y":3636,"image_coverage":"圖面範圍內","liquefaction_2026_map_class":"高潛勢（PL≥15）","pixel_class_status":"清楚","nearest_medium_high_m":0.0,"nearest_medium_high_class":"高潛勢（PL≥15）","within_300m_medium_or_high":true,"liquefaction_screening_note":"直接落在中／高潛勢圖色","sampled_rgb_class_pixels_5x5":"{\"低潛勢（PL<5）\":0,\"中潛勢（5≤PL≤15）\":0,\"高潛勢（PL≥15）\":25}"}},{"type":"Feature","geometry":{"type":"Point","coordinates":[121.809099,24.805344]},"properties":{"facility_id":"NLSC-MED-G0000001263","facility_name":"宜蘭縣礁溪鄉時潮村衛生室","facility_type":"醫療機構","facility_source":"內政部國土測繪中心醫療設施 API（官方）","source_month":"","location_note":"國土測繪中心醫療設施地標點","easting_epsg3826":331800.42,"northing_epsg3826":2744459.72,"image_pixel_x":4672,"image_pixel_y":2764,"image_coverage":"圖面範圍內","liquefaction_2026_map_class":"高潛勢（PL≥15）","pixel_class_status":"清楚","nearest_medium_high_m":0.0,"nearest_medium_high_class":"高潛勢（PL≥15）","within_300m_medium_or_high":true,"liquefaction_screening_note":"直接落在中／高潛勢圖色","sampled_rgb_class_pixels_5x5":"{\"低潛勢（PL<5）\":0,\"中潛勢（5≤PL≤15）\":0,\"高潛勢（PL≥15）\":25}"}},{"type":"Feature","geometry":{"type":"Point","coordinates":[121.769739,24.820802]},"properties":{"facility_id":"NLSC-MED-G0000001283","facility_name":"宜蘭縣礁溪鄉衛生所","facility_type":"醫療機構","facility_source":"內政部國土測繪中心醫療設施 API（官方）","source_month":"","location_note":"國土測繪中心醫療設施地標點","easting_epsg3826":327811.29,"northing_epsg3826":2746148.93,"image_pixel_x":4014,"image_pixel_y":2485,"image_coverage":"圖面範圍內","liquefaction_2026_map_class":"低潛勢（PL<5）","pixel_class_status":"清楚","nearest_medium_high_m":97.0,"nearest_medium_high_class":"中潛勢（5≤PL≤15）","within_300m_medium_or_high":true,"liquefaction_screening_note":"距中／高潛勢圖色 97.0 公尺（≤300公尺）","sampled_rgb_class_pixels_5x5":"{\"低潛勢（PL<5）\":25,\"中潛勢（5≤PL≤15）\":0,\"高潛勢（PL≥15）\":0}"}},{"type":"Feature","geometry":{"type":"Point","coordinates":[121.81081,24.844576]},"properties":{"facility_id":"NLSC-MED-G0000001468","facility_name":"宜蘭縣頭城鎮頂埔里衛生室","facility_type":"醫療機構","facility_source":"內政部國土測繪中心醫療設施 API（官方）","source_month":"","location_note":"國土測繪中心醫療設施地標點","easting_epsg3826":331947.6,"northing_epsg3826":2748806.33,"image_pixel_x":4696,"image_pixel_y":2047,"image_coverage":"圖面範圍內","liquefaction_2026_map_class":"高潛勢（PL≥15）","pixel_class_status":"清楚","nearest_medium_high_m":0.0,"nearest_medium_high_class":"高潛勢（PL≥15）","within_300m_medium_or_high":true,"liquefaction_screening_note":"直接落在中／高潛勢圖色","sampled_rgb_class_pixels_5x5":"{\"低潛勢（PL<5）\":0,\"中潛勢（5≤PL≤15）\":0,\"高潛勢（PL≥15）\":24}"}},{"type":"Feature","geometry":{"type":"Point","coordinates":[121.820514,24.856776]},"properties":{"facility_id":"NLSC-MED-G0000001490","facility_name":"宜蘭縣頭城鎮衛生所","facility_type":"醫療機構","facility_source":"內政部國土測繪中心醫療設施 API（官方）","source_month":"","location_note":"國土測繪中心醫療設施地標點","easting_epsg3826":332920.28,"northing_epsg3826":2750163.56,"image_pixel_x":4857,"image_pixel_y":1823,"image_coverage":"圖面範圍內","liquefaction_2026_map_class":"高潛勢（PL≥15）","pixel_class_status":"清楚","nearest_medium_high_m":8.6,"nearest_medium_high_class":"高潛勢（PL≥15）","within_300m_medium_or_high":true,"liquefaction_screening_note":"直接落在中／高潛勢圖色","sampled_rgb_class_pixels_5x5":"{\"低潛勢（PL<5）\":0,\"中潛勢（5≤PL≤15）\":0,\"高潛勢（PL≥15）\":5}"}},{"type":"Feature","geometry":{"type":"Point","coordinates":[121.752392,24.745424]},"properties":{"facility_id":"NLSC-MED-G0000001837","facility_name":"宜蘭縣宜蘭市衛生所","facility_type":"醫療機構","facility_source":"內政部國土測繪中心醫療設施 API（官方）","source_month":"","location_note":"國土測繪中心醫療設施地標點","easting_epsg3826":326103.61,"northing_epsg3826":2737789.92,"image_pixel_x":3733,"image_pixel_y":3864,"image_coverage":"圖面範圍內","liquefaction_2026_map_class":"高潛勢（PL≥15）","pixel_class_status":"清楚","nearest_medium_high_m":6.1,"nearest_medium_high_class":"高潛勢（PL≥15）","within_300m_medium_or_high":true,"liquefaction_screening_note":"直接落在中／高潛勢圖色","sampled_rgb_class_pixels_5x5":"{\"低潛勢（PL<5）\":0,\"中潛勢（5≤PL≤15）\":0,\"高潛勢（PL≥15）\":6}"}},{"type":"Feature","geometry":{"type":"Point","coordinates":[121.773019,24.671578]},"properties":{"facility_id":"NLSC-MED-G0000002636","facility_name":"醫療財團法人羅許基金會羅東博愛醫院","facility_type":"醫療機構","facility_source":"內政部國土測繪中心醫療設施 API（官方）","source_month":"","location_note":"國土測繪中心醫療設施地標點","easting_epsg3826":328236.23,"northing_epsg3826":2729622.06,"image_pixel_x":4084,"image_pixel_y":5211,"image_coverage":"圖面範圍內","liquefaction_2026_map_class":"高潛勢（PL≥15）","pixel_class_status":"清楚","nearest_medium_high_m":0.0,"nearest_medium_high_class":"高潛勢（PL≥15）","within_300m_medium_or_high":true,"liquefaction_screening_note":"直接落在中／高潛勢圖色","sampled_rgb_class_pixels_5x5":"{\"低潛勢（PL<5）\":0,\"中潛勢（5≤PL≤15）\":0,\"高潛勢（PL≥15）\":25}"}},{"type":"Feature","geometry":{"type":"Point","coordinates":[121.810781,24.778865]},"properties":{"facility_id":"NLSC-MED-G0000002825","facility_name":"海天醫療社團法人海天醫院","facility_type":"醫療機構","facility_source":"內政部國土測繪中心醫療設施 API（官方）","source_month":"","location_note":"國土測繪中心醫療設施地標點","easting_epsg3826":331987.89,"northing_epsg3826":2741527.75,"image_pixel_x":4703,"image_pixel_y":3248,"image_coverage":"圖面範圍內","liquefaction_2026_map_class":"高潛勢（PL≥15）","pixel_class_status":"清楚","nearest_medium_high_m":0.0,"nearest_medium_high_class":"高潛勢（PL≥15）","within_300m_medium_or_high":true,"liquefaction_screening_note":"直接落在中／高潛勢圖色","sampled_rgb_class_pixels_5x5":"{\"低潛勢（PL<5）\":0,\"中潛勢（5≤PL≤15）\":0,\"高潛勢（PL≥15）\":25}"}},{"type":"Feature","geometry":{"type":"Point","coordinates":[121.749867,24.426212]},"properties":{"facility_id":"NLSC-MED-G0000002956","facility_name":"宜蘭縣南澳鄉金洋村衛生室","facility_type":"醫療機構","facility_source":"內政部國土測繪中心醫療設施 API（官方）","source_month":"","location_note":"國土測繪中心醫療設施地標點","easting_epsg3826":326040.74,"northing_epsg3826":2702431.98,"image_pixel_x":3722,"image_pixel_y":9696,"image_coverage":"圖面範圍外","liquefaction_2026_map_class":"超出新版宜蘭圖面範圍","pixel_class_status":"無圖面覆蓋","nearest_medium_high_m":null,"nearest_medium_high_class":null,"within_300m_medium_or_high":false,"liquefaction_screening_note":"無圖面覆蓋，不能判為低潛勢","sampled_rgb_class_pixels_5x5":"{}"}},{"type":"Feature","geometry":{"type":"Point","coordinates":[121.721583,24.721463]},"properties":{"facility_id":"NLSC-MED-G0000003610","facility_name":"宜蘭員山醫療財團法人宜蘭員山醫院","facility_type":"醫療機構","facility_source":"內政部國土測繪中心醫療設施 API（官方）","source_month":"","location_note":"國土測繪中心醫療設施地標點","easting_epsg3826":323001.19,"northing_epsg3826":2735119.13,"image_pixel_x":3221,"image_pixel_y":4305,"image_coverage":"圖面範圍內","liquefaction_2026_map_class":"低潛勢（PL<5）","pixel_class_status":"清楚","nearest_medium_high_m":null,"nearest_medium_high_class":null,"within_300m_medium_or_high":false,"liquefaction_screening_note":"點位為低潛勢；300公尺內未見中／高潛勢圖色","sampled_rgb_class_pixels_5x5":"{\"低潛勢（PL<5）\":23,\"中潛勢（5≤PL≤15）\":0,\"高潛勢（PL≥15）\":0}"}},{"type":"Feature","geometry":{"type":"Point","coordinates":[121.739462,24.32991]},"properties":{"facility_id":"NLSC-MED-G0000003877","facility_name":"宜蘭縣南澳鄉澳花村衛生室","facility_type":"醫療機構","facility_source":"內政部國土測繪中心醫療設施 API（官方）","source_month":"","location_note":"國土測繪中心醫療設施地標點","easting_epsg3826":325042.4,"northing_epsg3826":2691760.02,"image_pixel_x":3557,"image_pixel_y":11457,"image_coverage":"圖面範圍外","liquefaction_2026_map_class":"超出新版宜蘭圖面範圍","pixel_class_status":"無圖面覆蓋","nearest_medium_high_m":null,"nearest_medium_high_class":null,"within_300m_medium_or_high":false,"liquefaction_screening_note":"無圖面覆蓋，不能判為低潛勢","sampled_rgb_class_pixels_5x5":"{}"}},{"type":"Feature","geometry":{"type":"Point","coordinates":[121.771047,24.671891]},"properties":{"facility_id":"NLSC-MED-G0000003935","facility_name":"醫療財團法人羅許基金會羅東博愛醫院門診中心","facility_type":"醫療機構","facility_source":"內政部國土測繪中心醫療設施 API（官方）","source_month":"","location_note":"國土測繪中心醫療設施地標點","easting_epsg3826":328036.44,"northing_epsg3826":2729655.6,"image_pixel_x":4051,"image_pixel_y":5206,"image_coverage":"圖面範圍內","liquefaction_2026_map_class":"高潛勢（PL≥15）","pixel_class_status":"清楚","nearest_medium_high_m":0.0,"nearest_medium_high_class":"高潛勢（PL≥15）","within_300m_medium_or_high":true,"liquefaction_screening_note":"直接落在中／高潛勢圖色","sampled_rgb_class_pixels_5x5":"{\"低潛勢（PL<5）\":0,\"中潛勢（5≤PL≤15）\":0,\"高潛勢（PL≥15）\":21}"}},{"type":"Feature","geometry":{"type":"Point","coordinates":[121.839576,24.596219]},"properties":{"facility_id":"NLSC-MED-G0000004136","facility_name":"臺北榮民總醫院蘇澳分院","facility_type":"醫療機構","facility_source":"內政部國土測繪中心醫療設施 API（官方）","source_month":"","location_note":"國土測繪中心醫療設施地標點","easting_epsg3826":335023.66,"northing_epsg3826":2721314.55,"image_pixel_x":5204,"image_pixel_y":6582,"image_coverage":"圖面範圍內","liquefaction_2026_map_class":"圖上無可判讀潛勢色塊","pixel_class_status":"無法判讀","nearest_medium_high_m":null,"nearest_medium_high_class":null,"within_300m_medium_or_high":false,"liquefaction_screening_note":"新版圖面此處無可判讀色塊；不能判為低潛勢","sampled_rgb_class_pixels_5x5":"{\"低潛勢（PL<5）\":0,\"中潛勢（5≤PL≤15）\":0,\"高潛勢（PL≥15）\":0}"}},{"type":"Feature","geometry":{"type":"Point","coordinates":[121.769144,24.820582]},"properties":{"facility_id":"NLSC-MED-G0000004199","facility_name":"天主教靈醫會醫療財團法人礁溪杏和醫院","facility_type":"醫療機構","facility_source":"內政部國土測繪中心醫療設施 API（官方）","source_month":"","location_note":"國土測繪中心醫療設施地標點","easting_epsg3826":327751.28,"northing_epsg3826":2746124.22,"image_pixel_x":4004,"image_pixel_y":2489,"image_coverage":"圖面範圍內","liquefaction_2026_map_class":"低潛勢（PL<5）","pixel_class_status":"清楚","nearest_medium_high_m":158.7,"nearest_medium_high_class":"中潛勢（5≤PL≤15）","within_300m_medium_or_high":true,"liquefaction_screening_note":"距中／高潛勢圖色 158.7 公尺（≤300公尺）","sampled_rgb_class_pixels_5x5":"{\"低潛勢（PL<5）\":20,\"中潛勢（5≤PL≤15）\":0,\"高潛勢（PL≥15）\":0}"}},{"type":"Feature","geometry":{"type":"Point","coordinates":[121.801612,24.465049]},"properties":{"facility_id":"NLSC-MED-G0000004340","facility_name":"羅東聖母醫院山地巡迴醫療南澳復健站","facility_type":"醫療機構","facility_source":"內政部國土測繪中心醫療設施 API（官方）","source_month":"","location_note":"國土測繪中心醫療設施地標點","easting_epsg3826":331263.28,"northing_epsg3826":2706762.98,"image_pixel_x":4583,"image_pixel_y":8982,"image_coverage":"圖面範圍外","liquefaction_2026_map_class":"超出新版宜蘭圖面範圍","pixel_class_status":"無圖面覆蓋","nearest_medium_high_m":null,"nearest_medium_high_class":null,"within_300m_medium_or_high":false,"liquefaction_screening_note":"無圖面覆蓋，不能判為低潛勢","sampled_rgb_class_pixels_5x5":"{}"}},{"type":"Feature","geometry":{"type":"Point","coordinates":[121.77647,24.471238]},"properties":{"facility_id":"NLSC-MED-G0000004444","facility_name":"宜蘭縣南澳鄉金岳村衛生室","facility_type":"醫療機構","facility_source":"內政部國土測繪中心醫療設施 API（官方）","source_month":"","location_note":"國土測繪中心醫療設施地標點","easting_epsg3826":328710.57,"northing_epsg3826":2707433.94,"image_pixel_x":4162,"image_pixel_y":8871,"image_coverage":"圖面範圍外","liquefaction_2026_map_class":"超出新版宜蘭圖面範圍","pixel_class_status":"無圖面覆蓋","nearest_medium_high_m":null,"nearest_medium_high_class":null,"within_300m_medium_or_high":false,"liquefaction_screening_note":"無圖面覆蓋，不能判為低潛勢","sampled_rgb_class_pixels_5x5":"{}"}},{"type":"Feature","geometry":{"type":"Point","coordinates":[121.832074,24.519667]},"properties":{"facility_id":"NLSC-MED-G0000004450","facility_name":"宜蘭縣南澳鄉東岳村衛生室","facility_type":"醫療機構","facility_source":"內政部國土測繪中心醫療設施 API（官方）","source_month":"","location_note":"國土測繪中心醫療設施地標點","easting_epsg3826":334315.08,"northing_epsg3826":2712830.81,"image_pixel_x":5087,"image_pixel_y":7981,"image_coverage":"圖面範圍外","liquefaction_2026_map_class":"超出新版宜蘭圖面範圍","pixel_class_status":"無圖面覆蓋","nearest_medium_high_m":null,"nearest_medium_high_class":null,"within_300m_medium_or_high":false,"liquefaction_screening_note":"無圖面覆蓋，不能判為低潛勢","sampled_rgb_class_pixels_5x5":"{}"}},{"type":"Feature","geometry":{"type":"Point","coordinates":[121.686508,24.609382]},"properties":{"facility_id":"NLSC-MED-G0000004687","facility_name":"宜蘭縣大同鄉寒溪村衛生室","facility_type":"醫療機構","facility_source":"內政部國土測繪中心醫療設施 API（官方）","source_month":"","location_note":"國土測繪中心醫療設施地標點","easting_epsg3826":319514.68,"northing_epsg3826":2722686.57,"image_pixel_x":2646,"image_pixel_y":6355,"image_coverage":"圖面範圍內","liquefaction_2026_map_class":"圖上無可判讀潛勢色塊","pixel_class_status":"無法判讀","nearest_medium_high_m":null,"nearest_medium_high_class":null,"within_300m_medium_or_high":false,"liquefaction_screening_note":"新版圖面此處無可判讀色塊；不能判為低潛勢","sampled_rgb_class_pixels_5x5":"{\"低潛勢（PL<5）\":0,\"中潛勢（5≤PL≤15）\":0,\"高潛勢（PL≥15）\":0}"}},{"type":"Feature","geometry":{"type":"Point","coordinates":[121.52614,24.613441]},"properties":{"facility_id":"NLSC-MED-G0000004688","facility_name":"宜蘭縣大同鄉英士村衛生室","facility_type":"醫療機構","facility_source":"內政部國土測繪中心醫療設施 API（官方）","source_month":"","location_note":"國土測繪中心醫療設施地標點","easting_epsg3826":303274.02,"northing_epsg3826":2723064.58,"image_pixel_x":-33,"image_pixel_y":6293,"image_coverage":"圖面範圍外","liquefaction_2026_map_class":"超出新版宜蘭圖面範圍","pixel_class_status":"無圖面覆蓋","nearest_medium_high_m":null,"nearest_medium_high_class":null,"within_300m_medium_or_high":false,"liquefaction_screening_note":"無圖面覆蓋，不能判為低潛勢","sampled_rgb_class_pixels_5x5":"{}"}},{"type":"Feature","geometry":{"type":"Point","coordinates":[121.606932,24.631584]},"properties":{"facility_id":"NLSC-MED-G0000004689","facility_name":"宜蘭縣大同鄉復興村衛生室","facility_type":"醫療機構","facility_source":"內政部國土測繪中心醫療設施 API（官方）","source_month":"","location_note":"國土測繪中心醫療設施地標點","easting_epsg3826":311445.88,"northing_epsg3826":2725107.79,"image_pixel_x":1315,"image_pixel_y":5956,"image_coverage":"圖面範圍內","liquefaction_2026_map_class":"圖上無可判讀潛勢色塊","pixel_class_status":"無法判讀","nearest_medium_high_m":null,"nearest_medium_high_class":null,"within_300m_medium_or_high":false,"liquefaction_screening_note":"新版圖面此處無可判讀色塊；不能判為低潛勢","sampled_rgb_class_pixels_5x5":"{\"低潛勢（PL<5）\":0,\"中潛勢（5≤PL≤15）\":0,\"高潛勢（PL≥15）\":0}"}},{"type":"Feature","geometry":{"type":"Point","coordinates":[121.578528,24.656532]},"properties":{"facility_id":"NLSC-MED-G0000004691","facility_name":"宜蘭縣大同鄉松羅村衛生室","facility_type":"醫療機構","facility_source":"內政部國土測繪中心醫療設施 API（官方）","source_month":"","location_note":"國土測繪中心醫療設施地標點","easting_epsg3826":308558.56,"northing_epsg3826":2727858.64,"image_pixel_x":839,"image_pixel_y":5502,"image_coverage":"圖面範圍內","liquefaction_2026_map_class":"圖上無可判讀潛勢色塊","pixel_class_status":"無法判讀","nearest_medium_high_m":null,"nearest_medium_high_class":null,"within_300m_medium_or_high":false,"liquefaction_screening_note":"新版圖面此處無可判讀色塊；不能判為低潛勢","sampled_rgb_class_pixels_5x5":"{\"低潛勢（PL<5）\":0,\"中潛勢（5≤PL≤15）\":0,\"高潛勢（PL≥15）\":0}"}},{"type":"Feature","geometry":{"type":"Point","coordinates":[121.752355,24.745433]},"properties":{"facility_id":"ITAIWAN-11923","facility_name":"衛生局","facility_type":"政府機關","facility_source":"數位發展部 iTaiwan 熱點（政府機關位置代理點）","source_month":"","location_note":"iTaiwan 熱點位置代理點，非完整機關名冊","easting_epsg3826":326099.87,"northing_epsg3826":2737790.89,"image_pixel_x":3732,"image_pixel_y":3864,"image_coverage":"圖面範圍內","liquefaction_2026_map_class":"高潛勢（PL≥15）","pixel_class_status":"清楚","nearest_medium_high_m":8.6,"nearest_medium_high_class":"高潛勢（PL≥15）","within_300m_medium_or_high":true,"liquefaction_screening_note":"直接落在中／高潛勢圖色","sampled_rgb_class_pixels_5x5":"{\"低潛勢（PL<5）\":0,\"中潛勢（5≤PL≤15）\":0,\"高潛勢（PL≥15）\":5}"}},{"type":"Feature","geometry":{"type":"Point","coordinates":[121.7547834,24.7461769]},"properties":{"facility_id":"ITAIWAN-11651","facility_name":"衛生局","facility_type":"政府機關","facility_source":"數位發展部 iTaiwan 熱點（政府機關位置代理點）","source_month":"","location_note":"iTaiwan 熱點位置代理點，非完整機關名冊","easting_epsg3826":326345.05,"northing_epsg3826":2737874.64,"image_pixel_x":3772,"image_pixel_y":3850,"image_coverage":"圖面範圍內","liquefaction_2026_map_class":"高潛勢（PL≥15）","pixel_class_status":"清楚","nearest_medium_high_m":6.1,"nearest_medium_high_class":"高潛勢（PL≥15）","within_300m_medium_or_high":true,"liquefaction_screening_note":"直接落在中／高潛勢圖色","sampled_rgb_class_pixels_5x5":"{\"低潛勢（PL<5）\":0,\"中潛勢（5≤PL≤15）\":0,\"高潛勢（PL≥15）\":10}"}},{"type":"Feature","geometry":{"type":"Point","coordinates":[121.75469,24.75864]},"properties":{"facility_id":"ITAIWAN-11919","facility_name":"衛生局","facility_type":"政府機關","facility_source":"數位發展部 iTaiwan 熱點（政府機關位置代理點）","source_month":"","location_note":"iTaiwan 熱點位置代理點，非完整機關名冊","easting_epsg3826":326327.99,"northing_epsg3826":2739255.06,"image_pixel_x":3770,"image_pixel_y":3623,"image_coverage":"圖面範圍內","liquefaction_2026_map_class":"高潛勢（PL≥15）","pixel_class_status":"清楚","nearest_medium_high_m":0.0,"nearest_medium_high_class":"高潛勢（PL≥15）","within_300m_medium_or_high":true,"liquefaction_screening_note":"直接落在中／高潛勢圖色","sampled_rgb_class_pixels_5x5":"{\"低潛勢（PL<5）\":0,\"中潛勢（5≤PL≤15）\":0,\"高潛勢（PL≥15）\":15}"}},{"type":"Feature","geometry":{"type":"Point","coordinates":[121.654036,24.66548]},"properties":{"facility_id":"ITAIWAN-11896","facility_name":"三星鄉公所","facility_type":"政府機關","facility_source":"數位發展部 iTaiwan 熱點（政府機關位置代理點）","source_month":"","location_note":"iTaiwan 熱點位置代理點，非完整機關名冊","easting_epsg3826":316196.96,"northing_epsg3826":2728884.03,"image_pixel_x":2099,"image_pixel_y":5333,"image_coverage":"圖面範圍內","liquefaction_2026_map_class":"低潛勢（PL<5）","pixel_class_status":"清楚","nearest_medium_high_m":null,"nearest_medium_high_class":null,"within_300m_medium_or_high":false,"liquefaction_screening_note":"點位為低潛勢；300公尺內未見中／高潛勢圖色","sampled_rgb_class_pixels_5x5":"{\"低潛勢（PL<5）\":6,\"中潛勢（5≤PL≤15）\":0,\"高潛勢（PL≥15）\":0}"}},{"type":"Feature","geometry":{"type":"Point","coordinates":[121.798384,24.684852]},"properties":{"facility_id":"ITAIWAN-11614","facility_name":"五結鄉公所","facility_type":"政府機關","facility_source":"數位發展部 iTaiwan 熱點（政府機關位置代理點）","source_month":"","location_note":"iTaiwan 熱點位置代理點，非完整機關名冊","easting_epsg3826":330794.94,"northing_epsg3826":2731107.04,"image_pixel_x":4506,"image_pixel_y":4967,"image_coverage":"圖面範圍內","liquefaction_2026_map_class":"圖上無可判讀潛勢色塊","pixel_class_status":"無法判讀","nearest_medium_high_m":48.5,"nearest_medium_high_class":"高潛勢（PL≥15）","within_300m_medium_or_high":true,"liquefaction_screening_note":"距中／高潛勢圖色 48.5 公尺（≤300公尺）","sampled_rgb_class_pixels_5x5":"{\"低潛勢（PL<5）\":0,\"中潛勢（5≤PL≤15）\":0,\"高潛勢（PL≥15）\":0}"}},{"type":"Feature","geometry":{"type":"Point","coordinates":[121.803768,24.465881]},"properties":{"facility_id":"ITAIWAN-11898","facility_name":"南澳鄉公所","facility_type":"政府機關","facility_source":"數位發展部 iTaiwan 熱點（政府機關位置代理點）","source_month":"","location_note":"iTaiwan 熱點位置代理點，非完整機關名冊","easting_epsg3826":331481.32,"northing_epsg3826":2706856.4,"image_pixel_x":4619,"image_pixel_y":8967,"image_coverage":"圖面範圍外","liquefaction_2026_map_class":"超出新版宜蘭圖面範圍","pixel_class_status":"無圖面覆蓋","nearest_medium_high_m":null,"nearest_medium_high_class":null,"within_300m_medium_or_high":false,"liquefaction_screening_note":"無圖面覆蓋，不能判為低潛勢","sampled_rgb_class_pixels_5x5":"{}"}},{"type":"Feature","geometry":{"type":"Point","coordinates":[121.723304,24.743455]},"properties":{"facility_id":"ITAIWAN-11613","facility_name":"員山鄉公所","facility_type":"政府機關","facility_source":"數位發展部 iTaiwan 熱點（政府機關位置代理點）","source_month":"","location_note":"iTaiwan 熱點位置代理點，非完整機關名冊","easting_epsg3826":323162.44,"northing_epsg3826":2737555.96,"image_pixel_x":3247,"image_pixel_y":3903,"image_coverage":"圖面範圍內","liquefaction_2026_map_class":"低潛勢（PL<5）","pixel_class_status":"清楚","nearest_medium_high_m":157.6,"nearest_medium_high_class":"中潛勢（5≤PL≤15）","within_300m_medium_or_high":true,"liquefaction_screening_note":"距中／高潛勢圖色 157.6 公尺（≤300公尺）","sampled_rgb_class_pixels_5x5":"{\"低潛勢（PL<5）\":25,\"中潛勢（5≤PL≤15）\":0,\"高潛勢（PL≥15）\":0}"}},{"type":"Feature","geometry":{"type":"Point","coordinates":[121.785722,24.747104]},"properties":{"facility_id":"ITAIWAN-11612","facility_name":"壯圍鄉公所","facility_type":"政府機關","facility_source":"數位發展部 iTaiwan 熱點（政府機關位置代理點）","source_month":"","location_note":"iTaiwan 熱點位置代理點，非完整機關名冊","easting_epsg3826":329473.97,"northing_epsg3826":2737994.95,"image_pixel_x":4288,"image_pixel_y":3830,"image_coverage":"圖面範圍內","liquefaction_2026_map_class":"高潛勢（PL≥15）","pixel_class_status":"清楚","nearest_medium_high_m":0.0,"nearest_medium_high_class":"高潛勢（PL≥15）","within_300m_medium_or_high":true,"liquefaction_screening_note":"直接落在中／高潛勢圖色","sampled_rgb_class_pixels_5x5":"{\"低潛勢（PL<5）\":0,\"中潛勢（5≤PL≤15）\":0,\"高潛勢（PL≥15）\":23}"}},{"type":"Feature","geometry":{"type":"Point","coordinates":[121.609082,24.677409]},"properties":{"facility_id":"ITAIWAN-11617","facility_name":"大同鄉公所","facility_type":"政府機關","facility_source":"數位發展部 iTaiwan 熱點（政府機關位置代理點）","source_month":"","location_note":"iTaiwan 熱點位置代理點，非完整機關名冊","easting_epsg3826":311641.05,"northing_epsg3826":2730184.37,"image_pixel_x":1347,"image_pixel_y":5119,"image_coverage":"圖面範圍內","liquefaction_2026_map_class":"圖上無可判讀潛勢色塊","pixel_class_status":"無法判讀","nearest_medium_high_m":null,"nearest_medium_high_class":null,"within_300m_medium_or_high":false,"liquefaction_screening_note":"新版圖面此處無可判讀色塊；不能判為低潛勢","sampled_rgb_class_pixels_5x5":"{\"低潛勢（PL<5）\":0,\"中潛勢（5≤PL≤15）\":0,\"高潛勢（PL≥15）\":0}"}},{"type":"Feature","geometry":{"type":"Point","coordinates":[121.753106,24.752015]},"properties":{"facility_id":"ITAIWAN-11607","facility_name":"宜蘭市公所","facility_type":"政府機關","facility_source":"數位發展部 iTaiwan 熱點（政府機關位置代理點）","source_month":"","location_note":"iTaiwan 熱點位置代理點，非完整機關名冊","easting_epsg3826":326171.82,"northing_epsg3826":2738520.36,"image_pixel_x":3744,"image_pixel_y":3744,"image_coverage":"圖面範圍內","liquefaction_2026_map_class":"高潛勢（PL≥15）","pixel_class_status":"清楚","nearest_medium_high_m":13.6,"nearest_medium_high_class":"高潛勢（PL≥15）","within_300m_medium_or_high":true,"liquefaction_screening_note":"直接落在中／高潛勢圖色","sampled_rgb_class_pixels_5x5":"{\"低潛勢（PL<5）\":0,\"中潛勢（5≤PL≤15）\":0,\"高潛勢（PL≥15）\":1}"}},{"type":"Feature","geometry":{"type":"Point","coordinates":[121.763191,24.73241]},"properties":{"facility_id":"ITAIWAN-11808","facility_name":"宜蘭縣政府","facility_type":"政府機關","facility_source":"數位發展部 iTaiwan 熱點（政府機關位置代理點）","source_month":"","location_note":"iTaiwan 熱點位置代理點，非完整機關名冊","easting_epsg3826":327204.0,"northing_epsg3826":2736354.48,"image_pixel_x":3914,"image_pixel_y":4101,"image_coverage":"圖面範圍內","liquefaction_2026_map_class":"中潛勢（5≤PL≤15）","pixel_class_status":"清楚","nearest_medium_high_m":0.0,"nearest_medium_high_class":"中潛勢（5≤PL≤15）","within_300m_medium_or_high":true,"liquefaction_screening_note":"直接落在中／高潛勢圖色","sampled_rgb_class_pixels_5x5":"{\"低潛勢（PL<5）\":0,\"中潛勢（5≤PL≤15）\":25,\"高潛勢（PL≥15）\":0}"}},{"type":"Feature","geometry":{"type":"Point","coordinates":[121.7633074,24.7309528]},"properties":{"facility_id":"ITAIWAN-11655","facility_name":"宜蘭縣政府","facility_type":"政府機關","facility_source":"數位發展部 iTaiwan 熱點（政府機關位置代理點）","source_month":"","location_note":"iTaiwan 熱點位置代理點，非完整機關名冊","easting_epsg3826":327216.67,"northing_epsg3826":2736193.14,"image_pixel_x":3916,"image_pixel_y":4128,"image_coverage":"圖面範圍內","liquefaction_2026_map_class":"高潛勢（PL≥15）","pixel_class_status":"清楚","nearest_medium_high_m":0.0,"nearest_medium_high_class":"高潛勢（PL≥15）","within_300m_medium_or_high":true,"liquefaction_screening_note":"直接落在中／高潛勢圖色","sampled_rgb_class_pixels_5x5":"{\"低潛勢（PL<5）\":0,\"中潛勢（5≤PL≤15）\":0,\"高潛勢（PL≥15）\":20}"}},{"type":"Feature","geometry":{"type":"Point","coordinates":[121.771431,24.823626]},"properties":{"facility_id":"ITAIWAN-11611","facility_name":"礁溪鄉公所","facility_type":"政府機關","facility_source":"數位發展部 iTaiwan 熱點（政府機關位置代理點）","source_month":"","location_note":"iTaiwan 熱點位置代理點，非完整機關名冊","easting_epsg3826":327980.57,"northing_epsg3826":2746462.69,"image_pixel_x":4042,"image_pixel_y":2434,"image_coverage":"圖面範圍內","liquefaction_2026_map_class":"圖上無可判讀潛勢色塊","pixel_class_status":"無法判讀","nearest_medium_high_m":46.2,"nearest_medium_high_class":"中潛勢（5≤PL≤15）","within_300m_medium_or_high":true,"liquefaction_screening_note":"距中／高潛勢圖色 46.2 公尺（≤300公尺）","sampled_rgb_class_pixels_5x5":"{\"低潛勢（PL<5）\":0,\"中潛勢（5≤PL≤15）\":0,\"高潛勢（PL≥15）\":0}"}},{"type":"Feature","geometry":{"type":"Point","coordinates":[121.767139,24.677282]},"properties":{"facility_id":"ITAIWAN-11888","facility_name":"羅東鎮公所","facility_type":"政府機關","facility_source":"數位發展部 iTaiwan 熱點（政府機關位置代理點）","source_month":"","location_note":"iTaiwan 熱點位置代理點，非完整機關名冊","easting_epsg3826":327637.56,"northing_epsg3826":2730250.51,"image_pixel_x":3986,"image_pixel_y":5108,"image_coverage":"圖面範圍內","liquefaction_2026_map_class":"高潛勢（PL≥15）","pixel_class_status":"清楚","nearest_medium_high_m":0.0,"nearest_medium_high_class":"高潛勢（PL≥15）","within_300m_medium_or_high":true,"liquefaction_screening_note":"直接落在中／高潛勢圖色","sampled_rgb_class_pixels_5x5":"{\"低潛勢（PL<5）\":0,\"中潛勢（5≤PL≤15）\":0,\"高潛勢（PL≥15）\":21}"}},{"type":"Feature","geometry":{"type":"Point","coordinates":[121.842027,24.594739]},"properties":{"facility_id":"ITAIWAN-11610","facility_name":"蘇澳鎮公所","facility_type":"政府機關","facility_source":"數位發展部 iTaiwan 熱點（政府機關位置代理點）","source_month":"","location_note":"iTaiwan 熱點位置代理點，非完整機關名冊","easting_epsg3826":335272.89,"northing_epsg3826":2721152.14,"image_pixel_x":5245,"image_pixel_y":6609,"image_coverage":"圖面範圍外","liquefaction_2026_map_class":"超出新版宜蘭圖面範圍","pixel_class_status":"無圖面覆蓋","nearest_medium_high_m":null,"nearest_medium_high_class":null,"within_300m_medium_or_high":false,"liquefaction_screening_note":"無圖面覆蓋，不能判為低潛勢","sampled_rgb_class_pixels_5x5":"{}"}},{"type":"Feature","geometry":{"type":"Point","coordinates":[121.823316,24.859649]},"properties":{"facility_id":"ITAIWAN-11608","facility_name":"頭城鎮公所","facility_type":"政府機關","facility_source":"數位發展部 iTaiwan 熱點（政府機關位置代理點）","source_month":"","location_note":"iTaiwan 熱點位置代理點，非完整機關名冊","easting_epsg3826":333201.53,"northing_epsg3826":2750483.5,"image_pixel_x":4903,"image_pixel_y":1770,"image_coverage":"圖面範圍內","liquefaction_2026_map_class":"中潛勢（5≤PL≤15）","pixel_class_status":"清楚","nearest_medium_high_m":6.1,"nearest_medium_high_class":"中潛勢（5≤PL≤15）","within_300m_medium_or_high":true,"liquefaction_screening_note":"直接落在中／高潛勢圖色","sampled_rgb_class_pixels_5x5":"{\"低潛勢（PL<5）\":0,\"中潛勢（5≤PL≤15）\":10,\"高潛勢（PL≥15）\":0}"}},{"type":"Feature","geometry":{"type":"Point","coordinates":[121.755182,24.754874]},"properties":{"facility_id":"ITAIWAN-11926","facility_name":"宜蘭縣消防局","facility_type":"政府機關","facility_source":"數位發展部 iTaiwan 熱點（政府機關位置代理點）","source_month":"","location_note":"iTaiwan 熱點位置代理點，非完整機關名冊","easting_epsg3826":326380.05,"northing_epsg3826":2738838.19,"image_pixel_x":3778,"image_pixel_y":3691,"image_coverage":"圖面範圍內","liquefaction_2026_map_class":"高潛勢（PL≥15）","pixel_class_status":"清楚","nearest_medium_high_m":6.1,"nearest_medium_high_class":"高潛勢（PL≥15）","within_300m_medium_or_high":true,"liquefaction_screening_note":"直接落在中／高潛勢圖色","sampled_rgb_class_pixels_5x5":"{\"低潛勢（PL<5）\":0,\"中潛勢（5≤PL≤15）\":0,\"高潛勢（PL≥15）\":12}"}},{"type":"Feature","geometry":{"type":"Point","coordinates":[121.754036,24.749236]},"properties":{"facility_id":"ITAIWAN-11927","facility_name":"宜蘭縣警察局","facility_type":"政府機關","facility_source":"數位發展部 iTaiwan 熱點（政府機關位置代理點）","source_month":"","location_note":"iTaiwan 熱點位置代理點，非完整機關名冊","easting_epsg3826":326267.58,"northing_epsg3826":2738213.07,"image_pixel_x":3760,"image_pixel_y":3794,"image_coverage":"圖面範圍內","liquefaction_2026_map_class":"高潛勢（PL≥15）","pixel_class_status":"清楚","nearest_medium_high_m":8.6,"nearest_medium_high_class":"高潛勢（PL≥15）","within_300m_medium_or_high":true,"liquefaction_screening_note":"直接落在中／高潛勢圖色","sampled_rgb_class_pixels_5x5":"{\"低潛勢（PL<5）\":0,\"中潛勢（5≤PL≤15）\":0,\"高潛勢（PL≥15）\":7}"}},{"type":"Feature","geometry":{"type":"Point","coordinates":[121.798725,24.684932]},"properties":{"facility_id":"ITAIWAN-11945","facility_name":"五結戶政事務所","facility_type":"政府機關","facility_source":"數位發展部 iTaiwan 熱點（政府機關位置代理點）","source_month":"","location_note":"iTaiwan 熱點位置代理點，非完整機關名冊","easting_epsg3826":330829.39,"northing_epsg3826":2731116.1,"image_pixel_x":4512,"image_pixel_y":4965,"image_coverage":"圖面範圍內","liquefaction_2026_map_class":"高潛勢（PL≥15）","pixel_class_status":"清楚","nearest_medium_high_m":12.1,"nearest_medium_high_class":"高潛勢（PL≥15）","within_300m_medium_or_high":true,"liquefaction_screening_note":"直接落在中／高潛勢圖色","sampled_rgb_class_pixels_5x5":"{\"低潛勢（PL<5）\":0,\"中潛勢（5≤PL≤15）\":0,\"高潛勢（PL≥15）\":3}"}},{"type":"Feature","geometry":{"type":"Point","coordinates":[121.785947,24.746405]},"properties":{"facility_id":"ITAIWAN-11917","facility_name":"壯圍戶政事務所","facility_type":"政府機關","facility_source":"數位發展部 iTaiwan 熱點（政府機關位置代理點）","source_month":"","location_note":"iTaiwan 熱點位置代理點，非完整機關名冊","easting_epsg3826":329497.18,"northing_epsg3826":2737917.65,"image_pixel_x":4292,"image_pixel_y":3843,"image_coverage":"圖面範圍內","liquefaction_2026_map_class":"圖上無可判讀潛勢色塊","pixel_class_status":"無法判讀","nearest_medium_high_m":42.4,"nearest_medium_high_class":"高潛勢（PL≥15）","within_300m_medium_or_high":true,"liquefaction_screening_note":"距中／高潛勢圖色 42.4 公尺（≤300公尺）","sampled_rgb_class_pixels_5x5":"{\"低潛勢（PL<5）\":0,\"中潛勢（5≤PL≤15）\":0,\"高潛勢（PL≥15）\":0}"}},{"type":"Feature","geometry":{"type":"Point","coordinates":[121.745811,24.754343]},"properties":{"facility_id":"ITAIWAN-11603","facility_name":"宜蘭地政事務所","facility_type":"政府機關","facility_source":"數位發展部 iTaiwan 熱點（政府機關位置代理點）","source_month":"","location_note":"iTaiwan 熱點位置代理點，非完整機關名冊","easting_epsg3826":325432.54,"northing_epsg3826":2738774.18,"image_pixel_x":3622,"image_pixel_y":3702,"image_coverage":"圖面範圍內","liquefaction_2026_map_class":"高潛勢（PL≥15）","pixel_class_status":"清楚","nearest_medium_high_m":12.1,"nearest_medium_high_class":"高潛勢（PL≥15）","within_300m_medium_or_high":true,"liquefaction_screening_note":"直接落在中／高潛勢圖色","sampled_rgb_class_pixels_5x5":"{\"低潛勢（PL<5）\":0,\"中潛勢（5≤PL≤15）\":0,\"高潛勢（PL≥15）\":5}"}},{"type":"Feature","geometry":{"type":"Point","coordinates":[121.767268,24.677321]},"properties":{"facility_id":"ITAIWAN-11604","facility_name":"羅東地政事務所","facility_type":"政府機關","facility_source":"數位發展部 iTaiwan 熱點（政府機關位置代理點）","source_month":"","location_note":"iTaiwan 熱點位置代理點，非完整機關名冊","easting_epsg3826":327650.59,"northing_epsg3826":2730254.91,"image_pixel_x":3988,"image_pixel_y":5107,"image_coverage":"圖面範圍內","liquefaction_2026_map_class":"高潛勢（PL≥15）","pixel_class_status":"清楚","nearest_medium_high_m":6.1,"nearest_medium_high_class":"高潛勢（PL≥15）","within_300m_medium_or_high":true,"liquefaction_screening_note":"直接落在中／高潛勢圖色","sampled_rgb_class_pixels_5x5":"{\"低潛勢（PL<5）\":0,\"中潛勢（5≤PL≤15）\":0,\"高潛勢（PL≥15）\":12}"}},{"type":"Feature","geometry":{"type":"Point","coordinates":[121.82646,24.86285]},"properties":{"facility_id":"ITAIWAN-11904","facility_name":"頭城戶政事務所","facility_type":"政府機關","facility_source":"數位發展部 iTaiwan 熱點（政府機關位置代理點）","source_month":"","location_note":"iTaiwan 熱點位置代理點，非完整機關名冊","easting_epsg3826":333517.12,"northing_epsg3826":2750839.99,"image_pixel_x":4955,"image_pixel_y":1712,"image_coverage":"圖面範圍內","liquefaction_2026_map_class":"高潛勢（PL≥15）","pixel_class_status":"清楚","nearest_medium_high_m":0.0,"nearest_medium_high_class":"高潛勢（PL≥15）","within_300m_medium_or_high":true,"liquefaction_screening_note":"直接落在中／高潛勢圖色","sampled_rgb_class_pixels_5x5":"{\"低潛勢（PL<5）\":0,\"中潛勢（5≤PL≤15）\":0,\"高潛勢（PL≥15）\":24}"}},{"type":"Feature","geometry":{"type":"Point","coordinates":[121.651611,24.66917]},"properties":{"facility_id":"ITAIWAN-11625","facility_name":"三星鄉戶政事務所","facility_type":"政府機關","facility_source":"數位發展部 iTaiwan 熱點（政府機關位置代理點）","source_month":"","location_note":"iTaiwan 熱點位置代理點，非完整機關名冊","easting_epsg3826":315949.57,"northing_epsg3826":2729291.57,"image_pixel_x":2058,"image_pixel_y":5266,"image_coverage":"圖面範圍內","liquefaction_2026_map_class":"低潛勢（PL<5）","pixel_class_status":"清楚","nearest_medium_high_m":null,"nearest_medium_high_class":null,"within_300m_medium_or_high":false,"liquefaction_screening_note":"點位為低潛勢；300公尺內未見中／高潛勢圖色","sampled_rgb_class_pixels_5x5":"{\"低潛勢（PL<5）\":25,\"中潛勢（5≤PL≤15）\":0,\"高潛勢（PL≥15）\":0}"}},{"type":"Feature","geometry":{"type":"Point","coordinates":[121.771517,24.667211]},"properties":{"facility_id":"ITAIWAN-11624","facility_name":"冬山鄉戶政事務所","facility_type":"政府機關","facility_source":"數位發展部 iTaiwan 熱點（政府機關位置代理點）","source_month":"","location_note":"iTaiwan 熱點位置代理點，非完整機關名冊","easting_epsg3826":328086.92,"northing_epsg3826":2729137.5,"image_pixel_x":4060,"image_pixel_y":5291,"image_coverage":"圖面範圍內","liquefaction_2026_map_class":"高潛勢（PL≥15）","pixel_class_status":"清楚","nearest_medium_high_m":0.0,"nearest_medium_high_class":"高潛勢（PL≥15）","within_300m_medium_or_high":true,"liquefaction_screening_note":"直接落在中／高潛勢圖色","sampled_rgb_class_pixels_5x5":"{\"低潛勢（PL<5）\":0,\"中潛勢（5≤PL≤15）\":0,\"高潛勢（PL≥15）\":15}"}},{"type":"Feature","geometry":{"type":"Point","coordinates":[121.805763,24.467209]},"properties":{"facility_id":"ITAIWAN-11627","facility_name":"南澳鄉戶政事務所","facility_type":"政府機關","facility_source":"數位發展部 iTaiwan 熱點（政府機關位置代理點）","source_month":"","location_note":"iTaiwan 熱點位置代理點，非完整機關名冊","easting_epsg3826":331682.72,"northing_epsg3826":2707004.67,"image_pixel_x":4653,"image_pixel_y":8942,"image_coverage":"圖面範圍外","liquefaction_2026_map_class":"超出新版宜蘭圖面範圍","pixel_class_status":"無圖面覆蓋","nearest_medium_high_m":null,"nearest_medium_high_class":null,"within_300m_medium_or_high":false,"liquefaction_screening_note":"無圖面覆蓋，不能判為低潛勢","sampled_rgb_class_pixels_5x5":"{}"}},{"type":"Feature","geometry":{"type":"Point","coordinates":[121.726831,24.745077]},"properties":{"facility_id":"ITAIWAN-11623","facility_name":"員山鄉戶政事務所","facility_type":"政府機關","facility_source":"數位發展部 iTaiwan 熱點（政府機關位置代理點）","source_month":"","location_note":"iTaiwan 熱點位置代理點，非完整機關名冊","easting_epsg3826":323518.26,"northing_epsg3826":2737737.51,"image_pixel_x":3306,"image_pixel_y":3873,"image_coverage":"圖面範圍內","liquefaction_2026_map_class":"低潛勢（PL<5）","pixel_class_status":"清楚","nearest_medium_high_m":null,"nearest_medium_high_class":null,"within_300m_medium_or_high":false,"liquefaction_screening_note":"點位為低潛勢；300公尺內未見中／高潛勢圖色","sampled_rgb_class_pixels_5x5":"{\"低潛勢（PL<5）\":25,\"中潛勢（5≤PL≤15）\":0,\"高潛勢（PL≥15）\":0}"}},{"type":"Feature","geometry":{"type":"Point","coordinates":[121.608095,24.677808]},"properties":{"facility_id":"ITAIWAN-11626","facility_name":"大同鄉戶政事務所","facility_type":"政府機關","facility_source":"數位發展部 iTaiwan 熱點（政府機關位置代理點）","source_month":"","location_note":"iTaiwan 熱點位置代理點，非完整機關名冊","easting_epsg3826":311540.96,"northing_epsg3826":2730228.12,"image_pixel_x":1331,"image_pixel_y":5111,"image_coverage":"圖面範圍內","liquefaction_2026_map_class":"圖上無可判讀潛勢色塊","pixel_class_status":"無法判讀","nearest_medium_high_m":null,"nearest_medium_high_class":null,"within_300m_medium_or_high":false,"liquefaction_screening_note":"新版圖面此處無可判讀色塊；不能判為低潛勢","sampled_rgb_class_pixels_5x5":"{\"低潛勢（PL<5）\":0,\"中潛勢（5≤PL≤15）\":0,\"高潛勢（PL≥15）\":0}"}},{"type":"Feature","geometry":{"type":"Point","coordinates":[121.752977,24.749326]},"properties":{"facility_id":"ITAIWAN-11619","facility_name":"宜蘭市戶政事務所","facility_type":"政府機關","facility_source":"數位發展部 iTaiwan 熱點（政府機關位置代理點）","source_month":"","location_note":"iTaiwan 熱點位置代理點，非完整機關名冊","easting_epsg3826":326160.41,"northing_epsg3826":2738222.44,"image_pixel_x":3742,"image_pixel_y":3793,"image_coverage":"圖面範圍內","liquefaction_2026_map_class":"圖上無可判讀潛勢色塊","pixel_class_status":"無法判讀","nearest_medium_high_m":24.3,"nearest_medium_high_class":"高潛勢（PL≥15）","within_300m_medium_or_high":true,"liquefaction_screening_note":"距中／高潛勢圖色 24.3 公尺（≤300公尺）","sampled_rgb_class_pixels_5x5":"{\"低潛勢（PL<5）\":0,\"中潛勢（5≤PL≤15）\":0,\"高潛勢（PL≥15）\":0}"}},{"type":"Feature","geometry":{"type":"Point","coordinates":[121.754136,24.748926]},"properties":{"facility_id":"ITAIWAN-11605","facility_name":"宜蘭縣地方稅務局","facility_type":"政府機關","facility_source":"數位發展部 iTaiwan 熱點（政府機關位置代理點）","source_month":"","location_note":"iTaiwan 熱點位置代理點，非完整機關名冊","easting_epsg3826":326277.89,"northing_epsg3826":2738178.78,"image_pixel_x":3761,"image_pixel_y":3800,"image_coverage":"圖面範圍內","liquefaction_2026_map_class":"高潛勢（PL≥15）","pixel_class_status":"清楚","nearest_medium_high_m":0.0,"nearest_medium_high_class":"高潛勢（PL≥15）","within_300m_medium_or_high":true,"liquefaction_screening_note":"直接落在中／高潛勢圖色","sampled_rgb_class_pixels_5x5":"{\"低潛勢（PL<5）\":0,\"中潛勢（5≤PL≤15）\":0,\"高潛勢（PL≥15）\":13}"}},{"type":"Feature","geometry":{"type":"Point","coordinates":[121.74448,24.749754]},"properties":{"facility_id":"ITAIWAN-11878","facility_name":"宜蘭縣政府文化局","facility_type":"政府機關","facility_source":"數位發展部 iTaiwan 熱點（政府機關位置代理點）","source_month":"","location_note":"iTaiwan 熱點位置代理點，非完整機關名冊","easting_epsg3826":325300.69,"northing_epsg3826":2738265.15,"image_pixel_x":3600,"image_pixel_y":3786,"image_coverage":"圖面範圍內","liquefaction_2026_map_class":"高潛勢（PL≥15）","pixel_class_status":"清楚","nearest_medium_high_m":0.0,"nearest_medium_high_class":"高潛勢（PL≥15）","within_300m_medium_or_high":true,"liquefaction_screening_note":"直接落在中／高潛勢圖色","sampled_rgb_class_pixels_5x5":"{\"低潛勢（PL<5）\":0,\"中潛勢（5≤PL≤15）\":0,\"高潛勢（PL≥15）\":19}"}},{"type":"Feature","geometry":{"type":"Point","coordinates":[121.769564,24.821279]},"properties":{"facility_id":"ITAIWAN-11622","facility_name":"礁溪鄉戶政事務所","facility_type":"政府機關","facility_source":"數位發展部 iTaiwan 熱點（政府機關位置代理點）","source_month":"","location_note":"iTaiwan 熱點位置代理點，非完整機關名冊","easting_epsg3826":327793.3,"northing_epsg3826":2746201.66,"image_pixel_x":4011,"image_pixel_y":2477,"image_coverage":"圖面範圍內","liquefaction_2026_map_class":"低潛勢（PL<5）","pixel_class_status":"清楚","nearest_medium_high_m":115.4,"nearest_medium_high_class":"中潛勢（5≤PL≤15）","within_300m_medium_or_high":true,"liquefaction_screening_note":"距中／高潛勢圖色 115.4 公尺（≤300公尺）","sampled_rgb_class_pixels_5x5":"{\"低潛勢（PL<5）\":5,\"中潛勢（5≤PL≤15）\":0,\"高潛勢（PL≥15）\":0}"}},{"type":"Feature","geometry":{"type":"Point","coordinates":[121.768781,24.678764]},"properties":{"facility_id":"ITAIWAN-11620","facility_name":"羅東鎮戶政事務所","facility_type":"政府機關","facility_source":"數位發展部 iTaiwan 熱點（政府機關位置代理點）","source_month":"","location_note":"iTaiwan 熱點位置代理點，非完整機關名冊","easting_epsg3826":327802.83,"northing_epsg3826":2730415.6,"image_pixel_x":4013,"image_pixel_y":5081,"image_coverage":"圖面範圍內","liquefaction_2026_map_class":"高潛勢（PL≥15）","pixel_class_status":"清楚","nearest_medium_high_m":13.6,"nearest_medium_high_class":"高潛勢（PL≥15）","within_300m_medium_or_high":true,"liquefaction_screening_note":"直接落在中／高潛勢圖色","sampled_rgb_class_pixels_5x5":"{\"低潛勢（PL<5）\":0,\"中潛勢（5≤PL≤15）\":0,\"高潛勢（PL≥15）\":1}"}},{"type":"Feature","geometry":{"type":"Point","coordinates":[121.844527,24.59588]},"properties":{"facility_id":"ITAIWAN-11621","facility_name":"蘇澳鎮戶政事務所","facility_type":"政府機關","facility_source":"數位發展部 iTaiwan 熱點（政府機關位置代理點）","source_month":"","location_note":"iTaiwan 熱點位置代理點，非完整機關名冊","easting_epsg3826":335525.3,"northing_epsg3826":2721280.07,"image_pixel_x":5286,"image_pixel_y":6587,"image_coverage":"圖面範圍內","liquefaction_2026_map_class":"圖上無可判讀潛勢色塊","pixel_class_status":"無法判讀","nearest_medium_high_m":null,"nearest_medium_high_class":null,"within_300m_medium_or_high":false,"liquefaction_screening_note":"新版圖面此處無可判讀色塊；不能判為低潛勢","sampled_rgb_class_pixels_5x5":"{\"低潛勢（PL<5）\":0,\"中潛勢（5≤PL≤15）\":0,\"高潛勢（PL≥15）\":0}"}},{"type":"Feature","geometry":{"type":"Point","coordinates":[121.768673,24.678505]},"properties":{"facility_id":"ITAIWAN-11606","facility_name":"地方稅務局羅東分局","facility_type":"政府機關","facility_source":"數位發展部 iTaiwan 熱點（政府機關位置代理點）","source_month":"","location_note":"iTaiwan 熱點位置代理點，非完整機關名冊","easting_epsg3826":327792.06,"northing_epsg3826":2730386.85,"image_pixel_x":4011,"image_pixel_y":5085,"image_coverage":"圖面範圍內","liquefaction_2026_map_class":"高潛勢（PL≥15）","pixel_class_status":"清楚","nearest_medium_high_m":6.1,"nearest_medium_high_class":"高潛勢（PL≥15）","within_300m_medium_or_high":true,"liquefaction_screening_note":"直接落在中／高潛勢圖色","sampled_rgb_class_pixels_5x5":"{\"低潛勢（PL<5）\":0,\"中潛勢（5≤PL≤15）\":0,\"高潛勢（PL≥15）\":10}"}},{"type":"Feature","geometry":{"type":"Point","coordinates":[121.754007,24.749384]},"properties":{"facility_id":"ITAIWAN-11795","facility_name":"宜蘭縣警察局大廳A","facility_type":"政府機關","facility_source":"數位發展部 iTaiwan 熱點（政府機關位置代理點）","source_month":"","location_note":"iTaiwan 熱點位置代理點，非完整機關名冊","easting_epsg3826":326264.56,"northing_epsg3826":2738229.44,"image_pixel_x":3759,"image_pixel_y":3792,"image_coverage":"圖面範圍內","liquefaction_2026_map_class":"高潛勢（PL≥15）","pixel_class_status":"清楚","nearest_medium_high_m":6.1,"nearest_medium_high_class":"高潛勢（PL≥15）","within_300m_medium_or_high":true,"liquefaction_screening_note":"直接落在中／高潛勢圖色","sampled_rgb_class_pixels_5x5":"{\"低潛勢（PL<5）\":0,\"中潛勢（5≤PL≤15）\":0,\"高潛勢（PL≥15）\":8}"}},{"type":"Feature","geometry":{"type":"Point","coordinates":[121.652244,24.666489]},"properties":{"facility_id":"ITAIWAN-11800","facility_name":"宜蘭縣警察局三星分局","facility_type":"政府機關","facility_source":"數位發展部 iTaiwan 熱點（政府機關位置代理點）","source_month":"","location_note":"iTaiwan 熱點位置代理點，非完整機關名冊","easting_epsg3826":316015.05,"northing_epsg3826":2728994.93,"image_pixel_x":2069,"image_pixel_y":5315,"image_coverage":"圖面範圍內","liquefaction_2026_map_class":"低潛勢（PL<5）","pixel_class_status":"清楚","nearest_medium_high_m":null,"nearest_medium_high_class":null,"within_300m_medium_or_high":false,"liquefaction_screening_note":"點位為低潛勢；300公尺內未見中／高潛勢圖色","sampled_rgb_class_pixels_5x5":"{\"低潛勢（PL<5）\":10,\"中潛勢（5≤PL≤15）\":0,\"高潛勢（PL≥15）\":0}"}},{"type":"Feature","geometry":{"type":"Point","coordinates":[121.755407,24.75533]},"properties":{"facility_id":"ITAIWAN-11797","facility_name":"宜蘭縣警察局宜蘭分局","facility_type":"政府機關","facility_source":"數位發展部 iTaiwan 熱點（政府機關位置代理點）","source_month":"","location_note":"iTaiwan 熱點位置代理點，非完整機關名冊","easting_epsg3826":326402.53,"northing_epsg3826":2738888.83,"image_pixel_x":3782,"image_pixel_y":3683,"image_coverage":"圖面範圍內","liquefaction_2026_map_class":"高潛勢（PL≥15）","pixel_class_status":"清楚","nearest_medium_high_m":6.1,"nearest_medium_high_class":"高潛勢（PL≥15）","within_300m_medium_or_high":true,"liquefaction_screening_note":"直接落在中／高潛勢圖色","sampled_rgb_class_pixels_5x5":"{\"低潛勢（PL<5）\":0,\"中潛勢（5≤PL≤15）\":0,\"高潛勢（PL≥15）\":7}"}},{"type":"Feature","geometry":{"type":"Point","coordinates":[121.774038,24.82717]},"properties":{"facility_id":"ITAIWAN-11798","facility_name":"宜蘭縣警察局礁溪分局","facility_type":"政府機關","facility_source":"數位發展部 iTaiwan 熱點（政府機關位置代理點）","source_month":"","location_note":"iTaiwan 熱點位置代理點，非完整機關名冊","easting_epsg3826":328241.88,"northing_epsg3826":2746856.74,"image_pixel_x":4085,"image_pixel_y":2369,"image_coverage":"圖面範圍內","liquefaction_2026_map_class":"低潛勢（PL<5）","pixel_class_status":"清楚","nearest_medium_high_m":171.2,"nearest_medium_high_class":"中潛勢（5≤PL≤15）","within_300m_medium_or_high":true,"liquefaction_screening_note":"距中／高潛勢圖色 171.2 公尺（≤300公尺）","sampled_rgb_class_pixels_5x5":"{\"低潛勢（PL<5）\":3,\"中潛勢（5≤PL≤15）\":0,\"高潛勢（PL≥15）\":0}"}},{"type":"Feature","geometry":{"type":"Point","coordinates":[121.844795,24.595875]},"properties":{"facility_id":"ITAIWAN-11801","facility_name":"宜蘭縣警察局蘇澳分局","facility_type":"政府機關","facility_source":"數位發展部 iTaiwan 熱點（政府機關位置代理點）","source_month":"","location_note":"iTaiwan 熱點位置代理點，非完整機關名冊","easting_epsg3826":335552.45,"northing_epsg3826":2721279.68,"image_pixel_x":5291,"image_pixel_y":6588,"image_coverage":"圖面範圍內","liquefaction_2026_map_class":"圖上無可判讀潛勢色塊","pixel_class_status":"無法判讀","nearest_medium_high_m":null,"nearest_medium_high_class":null,"within_300m_medium_or_high":false,"liquefaction_screening_note":"新版圖面此處無可判讀色塊；不能判為低潛勢","sampled_rgb_class_pixels_5x5":"{\"低潛勢（PL<5）\":0,\"中潛勢（5≤PL≤15）\":0,\"高潛勢（PL≥15）\":0}"}},{"type":"Feature","geometry":{"type":"Point","coordinates":[121.83108,24.666557]},"properties":{"facility_id":"ITAIWAN-11943","facility_name":"宜蘭縣政府動植物防疫所","facility_type":"政府機關","facility_source":"數位發展部 iTaiwan 熱點（政府機關位置代理點）","source_month":"","location_note":"iTaiwan 熱點位置代理點，非完整機關名冊","easting_epsg3826":334116.13,"northing_epsg3826":2729100.25,"image_pixel_x":5054,"image_pixel_y":5298,"image_coverage":"圖面範圍內","liquefaction_2026_map_class":"高潛勢（PL≥15）","pixel_class_status":"清楚","nearest_medium_high_m":12.1,"nearest_medium_high_class":"高潛勢（PL≥15）","within_300m_medium_or_high":true,"liquefaction_screening_note":"直接落在中／高潛勢圖色","sampled_rgb_class_pixels_5x5":"{\"低潛勢（PL<5）\":0,\"中潛勢（5≤PL≤15）\":0,\"高潛勢（PL≥15）\":5}"}},{"type":"Feature","geometry":{"type":"Point","coordinates":[121.7573892,24.7699914]},"properties":{"facility_id":"ITAIWAN-11978","facility_name":"宜蘭縣政府原住民族行政處","facility_type":"政府機關","facility_source":"數位發展部 iTaiwan 熱點（政府機關位置代理點）","source_month":"","location_note":"iTaiwan 熱點位置代理點，非完整機關名冊","easting_epsg3826":326594.03,"northing_epsg3826":2740513.9,"image_pixel_x":3813,"image_pixel_y":3415,"image_coverage":"圖面範圍內","liquefaction_2026_map_class":"高潛勢（PL≥15）","pixel_class_status":"清楚","nearest_medium_high_m":0.0,"nearest_medium_high_class":"高潛勢（PL≥15）","within_300m_medium_or_high":true,"liquefaction_screening_note":"直接落在中／高潛勢圖色","sampled_rgb_class_pixels_5x5":"{\"低潛勢（PL<5）\":0,\"中潛勢（5≤PL≤15）\":0,\"高潛勢（PL≥15）\":25}"}},{"type":"Feature","geometry":{"type":"Point","coordinates":[121.7500779,24.7568465]},"properties":{"facility_id":"ITAIWAN-11983","facility_name":"宜蘭縣政府文化局化龍一村","facility_type":"政府機關","facility_source":"數位發展部 iTaiwan 熱點（政府機關位置代理點）","source_month":"","location_note":"iTaiwan 熱點位置代理點，非完整機關名冊","easting_epsg3826":325862.6,"northing_epsg3826":2739053.84,"image_pixel_x":3693,"image_pixel_y":3656,"image_coverage":"圖面範圍內","liquefaction_2026_map_class":"高潛勢（PL≥15）","pixel_class_status":"清楚","nearest_medium_high_m":0.0,"nearest_medium_high_class":"高潛勢（PL≥15）","within_300m_medium_or_high":true,"liquefaction_screening_note":"直接落在中／高潛勢圖色","sampled_rgb_class_pixels_5x5":"{\"低潛勢（PL<5）\":0,\"中潛勢（5≤PL≤15）\":0,\"高潛勢（PL≥15）\":19}"}},{"type":"Feature","geometry":{"type":"Point","coordinates":[121.767024,24.810172]},"properties":{"facility_id":"ITAIWAN-11676","facility_name":"宜蘭縣政府警察局三城派出所","facility_type":"政府機關","facility_source":"數位發展部 iTaiwan 熱點（政府機關位置代理點）","source_month":"","location_note":"iTaiwan 熱點位置代理點，非完整機關名冊","easting_epsg3826":327543.44,"northing_epsg3826":2744969.94,"image_pixel_x":3970,"image_pixel_y":2680,"image_coverage":"圖面範圍內","liquefaction_2026_map_class":"低潛勢（PL<5）","pixel_class_status":"清楚","nearest_medium_high_m":179.1,"nearest_medium_high_class":"中潛勢（5≤PL≤15）","within_300m_medium_or_high":true,"liquefaction_screening_note":"距中／高潛勢圖色 179.1 公尺（≤300公尺）","sampled_rgb_class_pixels_5x5":"{\"低潛勢（PL<5）\":10,\"中潛勢（5≤PL≤15）\":0,\"高潛勢（PL≥15）\":0}"}},{"type":"Feature","geometry":{"type":"Point","coordinates":[121.793052,24.83881]},"properties":{"facility_id":"ITAIWAN-11684","facility_name":"宜蘭縣政府警察局二城派出所","facility_type":"政府機關","facility_source":"數位發展部 iTaiwan 熱點（政府機關位置代理點）","source_month":"","location_note":"iTaiwan 熱點位置代理點，非完整機關名冊","easting_epsg3826":330156.45,"northing_epsg3826":2748157.1,"image_pixel_x":4401,"image_pixel_y":2154,"image_coverage":"圖面範圍內","liquefaction_2026_map_class":"高潛勢（PL≥15）","pixel_class_status":"清楚","nearest_medium_high_m":0.0,"nearest_medium_high_class":"高潛勢（PL≥15）","within_300m_medium_or_high":true,"liquefaction_screening_note":"直接落在中／高潛勢圖色","sampled_rgb_class_pixels_5x5":"{\"低潛勢（PL<5）\":0,\"中潛勢（5≤PL≤15）\":0,\"高潛勢（PL≥15）\":20}"}},{"type":"Feature","geometry":{"type":"Point","coordinates":[121.767957,24.702631]},"properties":{"facility_id":"ITAIWAN-11675","facility_name":"宜蘭縣政府警察局二結派出所","facility_type":"政府機關","facility_source":"數位發展部 iTaiwan 熱點（政府機關位置代理點）","source_month":"","location_note":"iTaiwan 熱點位置代理點，非完整機關名冊","easting_epsg3826":327704.63,"northing_epsg3826":2733058.73,"image_pixel_x":3997,"image_pixel_y":4645,"image_coverage":"圖面範圍內","liquefaction_2026_map_class":"圖上無可判讀潛勢色塊","pixel_class_status":"無法判讀","nearest_medium_high_m":30.3,"nearest_medium_high_class":"中潛勢（5≤PL≤15）","within_300m_medium_or_high":true,"liquefaction_screening_note":"距中／高潛勢圖色 30.3 公尺（≤300公尺）","sampled_rgb_class_pixels_5x5":"{\"低潛勢（PL<5）\":0,\"中潛勢（5≤PL≤15）\":0,\"高潛勢（PL≥15）\":0}"}},{"type":"Feature","geometry":{"type":"Point","coordinates":[121.79788,24.687473]},"properties":{"facility_id":"ITAIWAN-11674","facility_name":"宜蘭縣政府警察局五結分駐所","facility_type":"政府機關","facility_source":"數位發展部 iTaiwan 熱點（政府機關位置代理點）","source_month":"","location_note":"iTaiwan 熱點位置代理點，非完整機關名冊","easting_epsg3826":330742.24,"northing_epsg3826":2731397.05,"image_pixel_x":4498,"image_pixel_y":4919,"image_coverage":"圖面範圍內","liquefaction_2026_map_class":"高潛勢（PL≥15）","pixel_class_status":"清楚","nearest_medium_high_m":0.0,"nearest_medium_high_class":"高潛勢（PL≥15）","within_300m_medium_or_high":true,"liquefaction_screening_note":"直接落在中／高潛勢圖色","sampled_rgb_class_pixels_5x5":"{\"低潛勢（PL<5）\":0,\"中潛勢（5≤PL≤15）\":0,\"高潛勢（PL≥15）\":17}"}},{"type":"Feature","geometry":{"type":"Point","coordinates":[121.69543,24.715087]},"properties":{"facility_id":"ITAIWAN-11667","facility_name":"宜蘭縣政府警察局內城派出所","facility_type":"政府機關","facility_source":"數位發展部 iTaiwan 熱點（政府機關位置代理點）","source_month":"","location_note":"iTaiwan 熱點位置代理點，非完整機關名冊","easting_epsg3826":320358.84,"northing_epsg3826":2734399.22,"image_pixel_x":2785,"image_pixel_y":4423,"image_coverage":"圖面範圍內","liquefaction_2026_map_class":"圖上無可判讀潛勢色塊","pixel_class_status":"無法判讀","nearest_medium_high_m":null,"nearest_medium_high_class":null,"within_300m_medium_or_high":false,"liquefaction_screening_note":"新版圖面此處無可判讀色塊；不能判為低潛勢","sampled_rgb_class_pixels_5x5":"{\"低潛勢（PL<5）\":0,\"中潛勢（5≤PL≤15）\":0,\"高潛勢（PL≥15）\":0}"}},{"type":"Feature","geometry":{"type":"Point","coordinates":[121.79033,24.634802]},"properties":{"facility_id":"ITAIWAN-11672","facility_name":"宜蘭縣政府警察局冬山分駐所","facility_type":"政府機關","facility_source":"數位發展部 iTaiwan 熱點（政府機關位置代理點）","source_month":"","location_note":"iTaiwan 熱點位置代理點，非完整機關名冊","easting_epsg3826":330011.76,"northing_epsg3826":2725558.59,"image_pixel_x":4377,"image_pixel_y":5882,"image_coverage":"圖面範圍內","liquefaction_2026_map_class":"低潛勢（PL<5）","pixel_class_status":"清楚","nearest_medium_high_m":null,"nearest_medium_high_class":null,"within_300m_medium_or_high":false,"liquefaction_screening_note":"點位為低潛勢；300公尺內未見中／高潛勢圖色","sampled_rgb_class_pixels_5x5":"{\"低潛勢（PL<5）\":5,\"中潛勢（5≤PL≤15）\":0,\"高潛勢（PL≥15）\":0}"}},{"type":"Feature","geometry":{"type":"Point","coordinates":[121.82321,24.666035]},"properties":{"facility_id":"ITAIWAN-11673","facility_name":"宜蘭縣政府警察局利澤派出所","facility_type":"政府機關","facility_source":"數位發展部 iTaiwan 熱點（政府機關位置代理點）","source_month":"","location_note":"iTaiwan 熱點位置代理點，非完整機關名冊","easting_epsg3826":333319.89,"northing_epsg3826":2729037.63,"image_pixel_x":4923,"image_pixel_y":5308,"image_coverage":"圖面範圍內","liquefaction_2026_map_class":"高潛勢（PL≥15）","pixel_class_status":"清楚","nearest_medium_high_m":13.6,"nearest_medium_high_class":"高潛勢（PL≥15）","within_300m_medium_or_high":true,"liquefaction_screening_note":"直接落在中／高潛勢圖色","sampled_rgb_class_pixels_5x5":"{\"低潛勢（PL<5）\":0,\"中潛勢（5≤PL≤15）\":0,\"高潛勢（PL≥15）\":5}"}},{"type":"Feature","geometry":{"type":"Point","coordinates":[121.803355,24.465599]},"properties":{"facility_id":"ITAIWAN-11693","facility_name":"宜蘭縣政府警察局南澳分駐所","facility_type":"政府機關","facility_source":"數位發展部 iTaiwan 熱點（政府機關位置代理點）","source_month":"","location_note":"iTaiwan 熱點位置代理點，非完整機關名冊","easting_epsg3826":331439.63,"northing_epsg3826":2706824.92,"image_pixel_x":4613,"image_pixel_y":8972,"image_coverage":"圖面範圍外","liquefaction_2026_map_class":"超出新版宜蘭圖面範圍","pixel_class_status":"無圖面覆蓋","nearest_medium_high_m":null,"nearest_medium_high_class":null,"within_300m_medium_or_high":false,"liquefaction_screening_note":"無圖面覆蓋，不能判為低潛勢","sampled_rgb_class_pixels_5x5":"{}"}},{"type":"Feature","geometry":{"type":"Point","coordinates":[121.726737,24.745257]},"properties":{"facility_id":"ITAIWAN-11663","facility_name":"宜蘭縣政府警察局員山分駐所","facility_type":"政府機關","facility_source":"數位發展部 iTaiwan 熱點（政府機關位置代理點）","source_month":"","location_note":"iTaiwan 熱點位置代理點，非完整機關名冊","easting_epsg3826":323508.64,"northing_epsg3826":2737757.4,"image_pixel_x":3305,"image_pixel_y":3870,"image_coverage":"圖面範圍內","liquefaction_2026_map_class":"低潛勢（PL<5）","pixel_class_status":"清楚","nearest_medium_high_m":null,"nearest_medium_high_class":null,"within_300m_medium_or_high":false,"liquefaction_screening_note":"點位為低潛勢；300公尺內未見中／高潛勢圖色","sampled_rgb_class_pixels_5x5":"{\"低潛勢（PL<5）\":24,\"中潛勢（5≤PL≤15）\":0,\"高潛勢（PL≥15）\":0}"}},{"type":"Feature","geometry":{"type":"Point","coordinates":[121.761466,24.7878]},"properties":{"facility_id":"ITAIWAN-11677","facility_name":"宜蘭縣政府警察局四城派出所","facility_type":"政府機關","facility_source":"數位發展部 iTaiwan 熱點（政府機關位置代理點）","source_month":"","location_note":"iTaiwan 熱點位置代理點，非完整機關名冊","easting_epsg3826":326995.34,"northing_epsg3826":2742488.76,"image_pixel_x":3880,"image_pixel_y":3089,"image_coverage":"圖面範圍內","liquefaction_2026_map_class":"高潛勢（PL≥15）","pixel_class_status":"清楚","nearest_medium_high_m":0.0,"nearest_medium_high_class":"高潛勢（PL≥15）","within_300m_medium_or_high":true,"liquefaction_screening_note":"直接落在中／高潛勢圖色","sampled_rgb_class_pixels_5x5":"{\"低潛勢（PL<5）\":0,\"中潛勢（5≤PL≤15）\":0,\"高潛勢（PL≥15）\":19}"}},{"type":"Feature","geometry":{"type":"Point","coordinates":[121.427006,24.487294]},"properties":{"facility_id":"ITAIWAN-11703","facility_name":"宜蘭縣政府警察局四季派出所","facility_type":"政府機關","facility_source":"數位發展部 iTaiwan 熱點（政府機關位置代理點）","source_month":"","location_note":"iTaiwan 熱點位置代理點，非完整機關名冊","easting_epsg3826":293279.39,"northing_epsg3826":2709058.11,"image_pixel_x":-1681,"image_pixel_y":8603,"image_coverage":"圖面範圍外","liquefaction_2026_map_class":"超出新版宜蘭圖面範圍","pixel_class_status":"無圖面覆蓋","nearest_medium_high_m":null,"nearest_medium_high_class":null,"within_300m_medium_or_high":false,"liquefaction_screening_note":"無圖面覆蓋，不能判為低潛勢","sampled_rgb_class_pixels_5x5":"{}"}},{"type":"Feature","geometry":{"type":"Point","coordinates":[121.786421,24.746221]},"properties":{"facility_id":"ITAIWAN-11679","facility_name":"宜蘭縣政府警察局壯圍分駐所","facility_type":"政府機關","facility_source":"數位發展部 iTaiwan 熱點（政府機關位置代理點）","source_month":"","location_note":"iTaiwan 熱點位置代理點，非完整機關名冊","easting_epsg3826":329545.24,"northing_epsg3826":2737897.55,"image_pixel_x":4300,"image_pixel_y":3846,"image_coverage":"圖面範圍內","liquefaction_2026_map_class":"高潛勢（PL≥15）","pixel_class_status":"清楚","nearest_medium_high_m":6.1,"nearest_medium_high_class":"高潛勢（PL≥15）","within_300m_medium_or_high":true,"liquefaction_screening_note":"直接落在中／高潛勢圖色","sampled_rgb_class_pixels_5x5":"{\"低潛勢（PL<5）\":0,\"中潛勢（5≤PL≤15）\":0,\"高潛勢（PL≥15）\":8}"}},{"type":"Feature","geometry":{"type":"Point","coordinates":[121.608941,24.677682]},"properties":{"facility_id":"ITAIWAN-11699","facility_name":"宜蘭縣政府警察局大同分駐所","facility_type":"政府機關","facility_source":"數位發展部 iTaiwan 熱點（政府機關位置代理點）","source_month":"","location_note":"iTaiwan 熱點位置代理點，非完整機關名冊","easting_epsg3826":311626.64,"northing_epsg3826":2730214.54,"image_pixel_x":1345,"image_pixel_y":5114,"image_coverage":"圖面範圍內","liquefaction_2026_map_class":"圖上無可判讀潛勢色塊","pixel_class_status":"無法判讀","nearest_medium_high_m":null,"nearest_medium_high_class":null,"within_300m_medium_or_high":false,"liquefaction_screening_note":"新版圖面此處無可判讀色塊；不能判為低潛勢","sampled_rgb_class_pixels_5x5":"{\"低潛勢（PL<5）\":0,\"中潛勢（5≤PL≤15）\":0,\"高潛勢（PL≥15）\":0}"}},{"type":"Feature","geometry":{"type":"Point","coordinates":[121.728908,24.692987]},"properties":{"facility_id":"ITAIWAN-11697","facility_name":"宜蘭縣政府警察局大洲派出所","facility_type":"政府機關","facility_source":"數位發展部 iTaiwan 熱點（政府機關位置代理點）","source_month":"","location_note":"iTaiwan 熱點位置代理點，非完整機關名冊","easting_epsg3826":323759.05,"northing_epsg3826":2731968.96,"image_pixel_x":3346,"image_pixel_y":4824,"image_coverage":"圖面範圍內","liquefaction_2026_map_class":"低潛勢（PL<5）","pixel_class_status":"清楚","nearest_medium_high_m":null,"nearest_medium_high_class":null,"within_300m_medium_or_high":false,"liquefaction_screening_note":"點位為低潛勢；300公尺內未見中／高潛勢圖色","sampled_rgb_class_pixels_5x5":"{\"低潛勢（PL<5）\":8,\"中潛勢（5≤PL≤15）\":0,\"高潛勢（PL≥15）\":0}"}},{"type":"Feature","geometry":{"type":"Point","coordinates":[121.697346,24.7434]},"properties":{"facility_id":"ITAIWAN-11665","facility_name":"宜蘭縣政府警察局大湖派出所","facility_type":"政府機關","facility_source":"數位發展部 iTaiwan 熱點（政府機關位置代理點）","source_month":"","location_note":"iTaiwan 熱點位置代理點，非完整機關名冊","easting_epsg3826":320536.73,"northing_epsg3826":2737536.24,"image_pixel_x":2814,"image_pixel_y":3906,"image_coverage":"圖面範圍內","liquefaction_2026_map_class":"低潛勢（PL<5）","pixel_class_status":"清楚","nearest_medium_high_m":null,"nearest_medium_high_class":null,"within_300m_medium_or_high":false,"liquefaction_screening_note":"點位為低潛勢；300公尺內未見中／高潛勢圖色","sampled_rgb_class_pixels_5x5":"{\"低潛勢（PL<5）\":9,\"中潛勢（5≤PL≤15）\":0,\"高潛勢（PL≥15）\":0}"}},{"type":"Feature","geometry":{"type":"Point","coordinates":[121.892281,24.939673]},"properties":{"facility_id":"ITAIWAN-11686","facility_name":"宜蘭縣政府警察局大溪派出所","facility_type":"政府機關","facility_source":"數位發展部 iTaiwan 熱點（政府機關位置代理點）","source_month":"","location_note":"iTaiwan 熱點位置代理點，非完整機關名冊","easting_epsg3826":340113.13,"northing_epsg3826":2759391.55,"image_pixel_x":6043,"image_pixel_y":301,"image_coverage":"圖面範圍外","liquefaction_2026_map_class":"超出新版宜蘭圖面範圍","pixel_class_status":"無圖面覆蓋","nearest_medium_high_m":null,"nearest_medium_high_class":null,"within_300m_medium_or_high":false,"liquefaction_screening_note":"無圖面覆蓋，不能判為低潛勢","sampled_rgb_class_pixels_5x5":"{}"}},{"type":"Feature","geometry":{"type":"Point","coordinates":[121.81684,24.800164]},"properties":{"facility_id":"ITAIWAN-11682","facility_name":"宜蘭縣政府警察局大福派出所","facility_type":"政府機關","facility_source":"數位發展部 iTaiwan 熱點（政府機關位置代理點）","source_month":"","location_note":"iTaiwan 熱點位置代理點，非完整機關名冊","easting_epsg3826":332586.51,"northing_epsg3826":2743890.61,"image_pixel_x":4802,"image_pixel_y":2858,"image_coverage":"圖面範圍內","liquefaction_2026_map_class":"高潛勢（PL≥15）","pixel_class_status":"清楚","nearest_medium_high_m":6.1,"nearest_medium_high_class":"高潛勢（PL≥15）","within_300m_medium_or_high":true,"liquefaction_screening_note":"直接落在中／高潛勢圖色","sampled_rgb_class_pixels_5x5":"{\"低潛勢（PL<5）\":0,\"中潛勢（5≤PL≤15）\":0,\"高潛勢（PL≥15）\":12}"}},{"type":"Feature","geometry":{"type":"Point","coordinates":[121.921401,24.96416]},"properties":{"facility_id":"ITAIWAN-11687","facility_name":"宜蘭縣政府警察局大里派出所","facility_type":"政府機關","facility_source":"數位發展部 iTaiwan 熱點（政府機關位置代理點）","source_month":"","location_note":"iTaiwan 熱點位置代理點，非完整機關名冊","easting_epsg3826":343035.77,"northing_epsg3826":2762123.61,"image_pixel_x":6525,"image_pixel_y":-150,"image_coverage":"圖面範圍外","liquefaction_2026_map_class":"超出新版宜蘭圖面範圍","pixel_class_status":"無圖面覆蓋","nearest_medium_high_m":null,"nearest_medium_high_class":null,"within_300m_medium_or_high":false,"liquefaction_screening_note":"無圖面覆蓋，不能判為低潛勢","sampled_rgb_class_pixels_5x5":"{}"}},{"type":"Feature","geometry":{"type":"Point","coordinates":[121.700812,24.667304]},"properties":{"facility_id":"ITAIWAN-11696","facility_name":"宜蘭縣政府警察局大隱派出所","facility_type":"政府機關","facility_source":"數位發展部 iTaiwan 熱點（政府機關位置代理點）","source_month":"","location_note":"iTaiwan 熱點位置代理點，非完整機關名冊","easting_epsg3826":320930.42,"northing_epsg3826":2729109.42,"image_pixel_x":2879,"image_pixel_y":5296,"image_coverage":"圖面範圍內","liquefaction_2026_map_class":"低潛勢（PL<5）","pixel_class_status":"清楚","nearest_medium_high_m":null,"nearest_medium_high_class":null,"within_300m_medium_or_high":false,"liquefaction_screening_note":"點位為低潛勢；300公尺內未見中／高潛勢圖色","sampled_rgb_class_pixels_5x5":"{\"低潛勢（PL<5）\":5,\"中潛勢（5≤PL≤15）\":0,\"高潛勢（PL≥15）\":0}"}},{"type":"Feature","geometry":{"type":"Point","coordinates":[121.688793,24.610646]},"properties":{"facility_id":"ITAIWAN-11702","facility_name":"宜蘭縣政府警察局寒溪派出所","facility_type":"政府機關","facility_source":"數位發展部 iTaiwan 熱點（政府機關位置代理點）","source_month":"","location_note":"iTaiwan 熱點位置代理點，非完整機關名冊","easting_epsg3826":319745.37,"northing_epsg3826":2722827.73,"image_pixel_x":2684,"image_pixel_y":6332,"image_coverage":"圖面範圍內","liquefaction_2026_map_class":"圖上無可判讀潛勢色塊","pixel_class_status":"無法判讀","nearest_medium_high_m":null,"nearest_medium_high_class":null,"within_300m_medium_or_high":false,"liquefaction_screening_note":"新版圖面此處無可判讀色塊；不能判為低潛勢","sampled_rgb_class_pixels_5x5":"{\"低潛勢（PL<5）\":0,\"中潛勢（5≤PL≤15）\":0,\"高潛勢（PL≥15）\":0}"}},{"type":"Feature","geometry":{"type":"Point","coordinates":[121.749278,24.669749]},"properties":{"facility_id":"ITAIWAN-11670","facility_name":"宜蘭縣政府警察局廣興派出所","facility_type":"政府機關","facility_source":"數位發展部 iTaiwan 熱點（政府機關位置代理點）","source_month":"","location_note":"iTaiwan 熱點位置代理點，非完整機關名冊","easting_epsg3826":325834.44,"northing_epsg3826":2729406.15,"image_pixel_x":3688,"image_pixel_y":5247,"image_coverage":"圖面範圍內","liquefaction_2026_map_class":"低潛勢（PL<5）","pixel_class_status":"清楚","nearest_medium_high_m":73.8,"nearest_medium_high_class":"中潛勢（5≤PL≤15）","within_300m_medium_or_high":true,"liquefaction_screening_note":"距中／高潛勢圖色 73.8 公尺（≤300公尺）","sampled_rgb_class_pixels_5x5":"{\"低潛勢（PL<5）\":14,\"中潛勢（5≤PL≤15）\":0,\"高潛勢（PL≥15）\":0}"}},{"type":"Feature","geometry":{"type":"Point","coordinates":[121.772935,24.750489]},"properties":{"facility_id":"ITAIWAN-11662","facility_name":"宜蘭縣政府警察局延平派出所","facility_type":"政府機關","facility_source":"數位發展部 iTaiwan 熱點（政府機關位置代理點）","source_month":"","location_note":"iTaiwan 熱點位置代理點，非完整機關名冊","easting_epsg3826":328178.43,"northing_epsg3826":2738362.52,"image_pixel_x":4075,"image_pixel_y":3770,"image_coverage":"圖面範圍內","liquefaction_2026_map_class":"高潛勢（PL≥15）","pixel_class_status":"清楚","nearest_medium_high_m":6.1,"nearest_medium_high_class":"高潛勢（PL≥15）","within_300m_medium_or_high":true,"liquefaction_screening_note":"直接落在中／高潛勢圖色","sampled_rgb_class_pixels_5x5":"{\"低潛勢（PL<5）\":0,\"中潛勢（5≤PL≤15）\":0,\"高潛勢（PL≥15）\":10}"}},{"type":"Feature","geometry":{"type":"Point","coordinates":[121.803158,24.764304]},"properties":{"facility_id":"ITAIWAN-11680","facility_name":"宜蘭縣政府警察局忠孝派出所","facility_type":"政府機關","facility_source":"數位發展部 iTaiwan 熱點（政府機關位置代理點）","source_month":"","location_note":"iTaiwan 熱點位置代理點，非完整機關名冊","easting_epsg3826":331226.48,"northing_epsg3826":2739910.35,"image_pixel_x":4577,"image_pixel_y":3514,"image_coverage":"圖面範圍內","liquefaction_2026_map_class":"高潛勢（PL≥15）","pixel_class_status":"清楚","nearest_medium_high_m":0.0,"nearest_medium_high_class":"高潛勢（PL≥15）","within_300m_medium_or_high":true,"liquefaction_screening_note":"直接落在中／高潛勢圖色","sampled_rgb_class_pixels_5x5":"{\"低潛勢（PL<5）\":0,\"中潛勢（5≤PL≤15）\":0,\"高潛勢（PL≥15）\":14}"}},{"type":"Feature","geometry":{"type":"Point","coordinates":[121.729152,24.729322]},"properties":{"facility_id":"ITAIWAN-11666","facility_name":"宜蘭縣政府警察局惠好派出所","facility_type":"政府機關","facility_source":"數位發展部 iTaiwan 熱點（政府機關位置代理點）","source_month":"","location_note":"iTaiwan 熱點位置代理點，非完整機關名冊","easting_epsg3826":323762.33,"northing_epsg3826":2735993.68,"image_pixel_x":3346,"image_pixel_y":4160,"image_coverage":"圖面範圍內","liquefaction_2026_map_class":"低潛勢（PL<5）","pixel_class_status":"清楚","nearest_medium_high_m":30.9,"nearest_medium_high_class":"中潛勢（5≤PL≤15）","within_300m_medium_or_high":true,"liquefaction_screening_note":"距中／高潛勢圖色 30.9 公尺（≤300公尺）","sampled_rgb_class_pixels_5x5":"{\"低潛勢（PL<5）\":15,\"中潛勢（5≤PL≤15）\":0,\"高潛勢（PL≥15）\":0}"}},{"type":"Feature","geometry":{"type":"Point","coordinates":[121.770693,24.669603]},"properties":{"facility_id":"ITAIWAN-11668","facility_name":"宜蘭縣政府警察局成功派出所","facility_type":"政府機關","facility_source":"數位發展部 iTaiwan 熱點（政府機關位置代理點）","source_month":"","location_note":"iTaiwan 熱點位置代理點，非完整機關名冊","easting_epsg3826":328002.03,"northing_epsg3826":2729401.98,"image_pixel_x":4046,"image_pixel_y":5248,"image_coverage":"圖面範圍內","liquefaction_2026_map_class":"圖上無可判讀潛勢色塊","pixel_class_status":"無法判讀","nearest_medium_high_m":27.1,"nearest_medium_high_class":"高潛勢（PL≥15）","within_300m_medium_or_high":true,"liquefaction_screening_note":"距中／高潛勢圖色 27.1 公尺（≤300公尺）","sampled_rgb_class_pixels_5x5":"{\"低潛勢（PL<5）\":0,\"中潛勢（5≤PL≤15）\":0,\"高潛勢（PL≥15）\":0}"}},{"type":"Feature","geometry":{"type":"Point","coordinates":[121.813543,24.614572]},"properties":{"facility_id":"ITAIWAN-11690","facility_name":"宜蘭縣政府警察局新城派出所","facility_type":"政府機關","facility_source":"數位發展部 iTaiwan 熱點（政府機關位置代理點）","source_month":"","location_note":"iTaiwan 熱點位置代理點，非完整機關名冊","easting_epsg3826":332375.17,"northing_epsg3826":2723331.56,"image_pixel_x":4767,"image_pixel_y":6249,"image_coverage":"圖面範圍內","liquefaction_2026_map_class":"低潛勢（PL<5）","pixel_class_status":"清楚","nearest_medium_high_m":127.3,"nearest_medium_high_class":"中潛勢（5≤PL≤15）","within_300m_medium_or_high":true,"liquefaction_screening_note":"距中／高潛勢圖色 127.3 公尺（≤300公尺）","sampled_rgb_class_pixels_5x5":"{\"低潛勢（PL<5）\":25,\"中潛勢（5≤PL≤15）\":0,\"高潛勢（PL≥15）\":0}"}},{"type":"Feature","geometry":{"type":"Point","coordinates":[121.754031,24.757387]},"properties":{"facility_id":"ITAIWAN-11660","facility_name":"宜蘭縣政府警察局新民派出所","facility_type":"政府機關","facility_source":"數位發展部 iTaiwan 熱點（政府機關位置代理點）","source_month":"","location_note":"iTaiwan 熱點位置代理點，非完整機關名冊","easting_epsg3826":326262.1,"northing_epsg3826":2739115.9,"image_pixel_x":3759,"image_pixel_y":3645,"image_coverage":"圖面範圍內","liquefaction_2026_map_class":"高潛勢（PL≥15）","pixel_class_status":"清楚","nearest_medium_high_m":0.0,"nearest_medium_high_class":"高潛勢（PL≥15）","within_300m_medium_or_high":true,"liquefaction_screening_note":"直接落在中／高潛勢圖色","sampled_rgb_class_pixels_5x5":"{\"低潛勢（PL<5）\":0,\"中潛勢（5≤PL≤15）\":0,\"高潛勢（PL≥15）\":10}"}},{"type":"Feature","geometry":{"type":"Point","coordinates":[121.756853,24.769672]},"properties":{"facility_id":"ITAIWAN-11661","facility_name":"宜蘭縣政府警察局新生派出所","facility_type":"政府機關","facility_source":"數位發展部 iTaiwan 熱點（政府機關位置代理點）","source_month":"","location_note":"iTaiwan 熱點位置代理點，非完整機關名冊","easting_epsg3826":326540.0,"northing_epsg3826":2740478.22,"image_pixel_x":3804,"image_pixel_y":3421,"image_coverage":"圖面範圍內","liquefaction_2026_map_class":"高潛勢（PL≥15）","pixel_class_status":"清楚","nearest_medium_high_m":0.0,"nearest_medium_high_class":"高潛勢（PL≥15）","within_300m_medium_or_high":true,"liquefaction_screening_note":"直接落在中／高潛勢圖色","sampled_rgb_class_pixels_5x5":"{\"低潛勢（PL<5）\":0,\"中潛勢（5≤PL≤15）\":0,\"高潛勢（PL≥15）\":17}"}},{"type":"Feature","geometry":{"type":"Point","coordinates":[121.832243,24.51952]},"properties":{"facility_id":"ITAIWAN-11692","facility_name":"宜蘭縣政府警察局東澳派出所","facility_type":"政府機關","facility_source":"數位發展部 iTaiwan 熱點（政府機關位置代理點）","source_month":"","location_note":"iTaiwan 熱點位置代理點，非完整機關名冊","easting_epsg3826":334332.3,"northing_epsg3826":2712814.63,"image_pixel_x":5090,"image_pixel_y":7984,"image_coverage":"圖面範圍外","liquefaction_2026_map_class":"超出新版宜蘭圖面範圍","pixel_class_status":"無圖面覆蓋","nearest_medium_high_m":null,"nearest_medium_high_class":null,"within_300m_medium_or_high":false,"liquefaction_screening_note":"無圖面覆蓋，不能判為低潛勢","sampled_rgb_class_pixels_5x5":"{}"}},{"type":"Feature","geometry":{"type":"Point","coordinates":[121.718787,24.758985]},"properties":{"facility_id":"ITAIWAN-11664","facility_name":"宜蘭縣政府警察局枕山派出所","facility_type":"政府機關","facility_source":"數位發展部 iTaiwan 熱點（政府機關位置代理點）","source_month":"","location_note":"iTaiwan 熱點位置代理點，非完整機關名冊","easting_epsg3826":322696.5,"northing_epsg3826":2739273.72,"image_pixel_x":3171,"image_pixel_y":3619,"image_coverage":"圖面範圍內","liquefaction_2026_map_class":"高潛勢（PL≥15）","pixel_class_status":"清楚","nearest_medium_high_m":6.1,"nearest_medium_high_class":"高潛勢（PL≥15）","within_300m_medium_or_high":true,"liquefaction_screening_note":"直接落在中／高潛勢圖色","sampled_rgb_class_pixels_5x5":"{\"低潛勢（PL<5）\":0,\"中潛勢（5≤PL≤15）\":0,\"高潛勢（PL≥15）\":11}"}},{"type":"Feature","geometry":{"type":"Point","coordinates":[121.777167,24.449413]},"properties":{"facility_id":"ITAIWAN-11695","facility_name":"宜蘭縣政府警察局武塔派出所","facility_type":"政府機關","facility_source":"數位發展部 iTaiwan 熱點（政府機關位置代理點）","source_month":"","location_note":"iTaiwan 熱點位置代理點，非完整機關名冊","easting_epsg3826":328794.8,"northing_epsg3826":2705016.98,"image_pixel_x":4176,"image_pixel_y":9270,"image_coverage":"圖面範圍外","liquefaction_2026_map_class":"超出新版宜蘭圖面範圍","pixel_class_status":"無圖面覆蓋","nearest_medium_high_m":null,"nearest_medium_high_class":null,"within_300m_medium_or_high":false,"liquefaction_screening_note":"無圖面覆蓋，不能判為低潛勢","sampled_rgb_class_pixels_5x5":"{}"}},{"type":"Feature","geometry":{"type":"Point","coordinates":[121.748248,24.756013]},"properties":{"facility_id":"ITAIWAN-11658","facility_name":"宜蘭縣政府警察局民族派出所","facility_type":"政府機關","facility_source":"數位發展部 iTaiwan 熱點（政府機關位置代理點）","source_month":"","location_note":"iTaiwan 熱點位置代理點，非完整機關名冊","easting_epsg3826":325678.02,"northing_epsg3826":2738960.5,"image_pixel_x":3662,"image_pixel_y":3671,"image_coverage":"圖面範圍內","liquefaction_2026_map_class":"高潛勢（PL≥15）","pixel_class_status":"清楚","nearest_medium_high_m":6.1,"nearest_medium_high_class":"高潛勢（PL≥15）","within_300m_medium_or_high":true,"liquefaction_screening_note":"直接落在中／高潛勢圖色","sampled_rgb_class_pixels_5x5":"{\"低潛勢（PL<5）\":0,\"中潛勢（5≤PL≤15）\":0,\"高潛勢（PL≥15）\":11}"}},{"type":"Feature","geometry":{"type":"Point","coordinates":[121.852483,24.611856]},"properties":{"facility_id":"ITAIWAN-11691","facility_name":"宜蘭縣政府警察局港邊派出所","facility_type":"政府機關","facility_source":"數位發展部 iTaiwan 熱點（政府機關位置代理點）","source_month":"","location_note":"iTaiwan 熱點位置代理點，非完整機關名冊","easting_epsg3826":336320.08,"northing_epsg3826":2723054.6,"image_pixel_x":5418,"image_pixel_y":6295,"image_coverage":"圖面範圍內","liquefaction_2026_map_class":"高潛勢（PL≥15）","pixel_class_status":"清楚","nearest_medium_high_m":0.0,"nearest_medium_high_class":"高潛勢（PL≥15）","within_300m_medium_or_high":true,"liquefaction_screening_note":"直接落在中／高潛勢圖色","sampled_rgb_class_pixels_5x5":"{\"低潛勢（PL<5）\":0,\"中潛勢（5≤PL≤15）\":0,\"高潛勢（PL≥15）\":24}"}},{"type":"Feature","geometry":{"type":"Point","coordinates":[121.56959,24.640777]},"properties":{"facility_id":"ITAIWAN-11701","facility_name":"宜蘭縣政府警察局牛鬥派出所","facility_type":"政府機關","facility_source":"數位發展部 iTaiwan 熱點（政府機關位置代理點）","source_month":"","location_note":"iTaiwan 熱點位置代理點，非完整機關名冊","easting_epsg3826":307661.07,"northing_epsg3826":2726109.83,"image_pixel_x":691,"image_pixel_y":5791,"image_coverage":"圖面範圍外","liquefaction_2026_map_class":"超出新版宜蘭圖面範圍","pixel_class_status":"無圖面覆蓋","nearest_medium_high_m":null,"nearest_medium_high_class":null,"within_300m_medium_or_high":false,"liquefaction_screening_note":"無圖面覆蓋，不能判為低潛勢","sampled_rgb_class_pixels_5x5":"{}"}},{"type":"Feature","geometry":{"type":"Point","coordinates":[121.786524,24.4752]},"properties":{"facility_id":"ITAIWAN-11694","facility_name":"宜蘭縣政府警察局碧候派出所","facility_type":"政府機關","facility_source":"數位發展部 iTaiwan 熱點（政府機關位置代理點）","source_month":"","location_note":"iTaiwan 熱點位置代理點，非完整機關名冊","easting_epsg3826":329727.28,"northing_epsg3826":2707878.53,"image_pixel_x":4330,"image_pixel_y":8798,"image_coverage":"圖面範圍外","liquefaction_2026_map_class":"超出新版宜蘭圖面範圍","pixel_class_status":"無圖面覆蓋","nearest_medium_high_m":null,"nearest_medium_high_class":null,"within_300m_medium_or_high":false,"liquefaction_screening_note":"無圖面覆蓋，不能判為低潛勢","sampled_rgb_class_pixels_5x5":"{}"}},{"type":"Feature","geometry":{"type":"Point","coordinates":[121.621756,24.661781]},"properties":{"facility_id":"ITAIWAN-11698","facility_name":"宜蘭縣政府警察局福山派出所","facility_type":"政府機關","facility_source":"數位發展部 iTaiwan 熱點（政府機關位置代理點）","source_month":"","location_note":"iTaiwan 熱點位置代理點，非完整機關名冊","easting_epsg3826":312931.57,"northing_epsg3826":2728459.14,"image_pixel_x":1560,"image_pixel_y":5403,"image_coverage":"圖面範圍內","liquefaction_2026_map_class":"低潛勢（PL<5）","pixel_class_status":"清楚","nearest_medium_high_m":null,"nearest_medium_high_class":null,"within_300m_medium_or_high":false,"liquefaction_screening_note":"點位為低潛勢；300公尺內未見中／高潛勢圖色","sampled_rgb_class_pixels_5x5":"{\"低潛勢（PL<5）\":5,\"中潛勢（5≤PL≤15）\":0,\"高潛勢（PL≥15）\":0}"}},{"type":"Feature","geometry":{"type":"Point","coordinates":[121.787526,24.777582]},"properties":{"facility_id":"ITAIWAN-11681","facility_name":"宜蘭縣政府警察局美城派出所","facility_type":"政府機關","facility_source":"數位發展部 iTaiwan 熱點（政府機關位置代理點）","source_month":"","location_note":"iTaiwan 熱點位置代理點，非完整機關名冊","easting_epsg3826":329637.01,"northing_epsg3826":2741371.89,"image_pixel_x":4315,"image_pixel_y":3273,"image_coverage":"圖面範圍內","liquefaction_2026_map_class":"高潛勢（PL≥15）","pixel_class_status":"清楚","nearest_medium_high_m":0.0,"nearest_medium_high_class":"高潛勢（PL≥15）","within_300m_medium_or_high":true,"liquefaction_screening_note":"直接落在中／高潛勢圖色","sampled_rgb_class_pixels_5x5":"{\"低潛勢（PL<5）\":0,\"中潛勢（5≤PL≤15）\":0,\"高潛勢（PL≥15）\":24}"}},{"type":"Feature","geometry":{"type":"Point","coordinates":[121.526246,24.613411]},"properties":{"facility_id":"ITAIWAN-11700","facility_name":"宜蘭縣政府警察局英士派出所","facility_type":"政府機關","facility_source":"數位發展部 iTaiwan 熱點（政府機關位置代理點）","source_month":"","location_note":"iTaiwan 熱點位置代理點，非完整機關名冊","easting_epsg3826":303284.76,"northing_epsg3826":2723061.29,"image_pixel_x":-31,"image_pixel_y":6294,"image_coverage":"圖面範圍外","liquefaction_2026_map_class":"超出新版宜蘭圖面範圍","pixel_class_status":"無圖面覆蓋","nearest_medium_high_m":null,"nearest_medium_high_class":null,"within_300m_medium_or_high":false,"liquefaction_screening_note":"無圖面覆蓋，不能判為低潛勢","sampled_rgb_class_pixels_5x5":"{}"}},{"type":"Feature","geometry":{"type":"Point","coordinates":[121.807203,24.8638]},"properties":{"facility_id":"ITAIWAN-11685","facility_name":"宜蘭縣政府警察局褔成派出所","facility_type":"政府機關","facility_source":"數位發展部 iTaiwan 熱點（政府機關位置代理點）","source_month":"","location_note":"iTaiwan 熱點位置代理點，非完整機關名冊","easting_epsg3826":331570.41,"northing_epsg3826":2750933.55,"image_pixel_x":4634,"image_pixel_y":1696,"image_coverage":"圖面範圍內","liquefaction_2026_map_class":"低潛勢（PL<5）","pixel_class_status":"清楚","nearest_medium_high_m":null,"nearest_medium_high_class":null,"within_300m_medium_or_high":false,"liquefaction_screening_note":"點位為低潛勢；300公尺內未見中／高潛勢圖色","sampled_rgb_class_pixels_5x5":"{\"低潛勢（PL<5）\":23,\"中潛勢（5≤PL≤15）\":0,\"高潛勢（PL≥15）\":0}"}},{"type":"Feature","geometry":{"type":"Point","coordinates":[121.777345,24.671758]},"properties":{"facility_id":"ITAIWAN-11669","facility_name":"宜蘭縣政府警察局開羅派出所","facility_type":"政府機關","facility_source":"數位發展部 iTaiwan 熱點（政府機關位置代理點）","source_month":"","location_note":"iTaiwan 熱點位置代理點，非完整機關名冊","easting_epsg3826":328673.96,"northing_epsg3826":2729644.47,"image_pixel_x":4156,"image_pixel_y":5208,"image_coverage":"圖面範圍內","liquefaction_2026_map_class":"高潛勢（PL≥15）","pixel_class_status":"清楚","nearest_medium_high_m":0.0,"nearest_medium_high_class":"高潛勢（PL≥15）","within_300m_medium_or_high":true,"liquefaction_screening_note":"直接落在中／高潛勢圖色","sampled_rgb_class_pixels_5x5":"{\"低潛勢（PL<5）\":0,\"中潛勢（5≤PL≤15）\":0,\"高潛勢（PL≥15）\":25}"}},{"type":"Feature","geometry":{"type":"Point","coordinates":[121.764148,24.654598]},"properties":{"facility_id":"ITAIWAN-11671","facility_name":"宜蘭縣政府警察局順安派出所","facility_type":"政府機關","facility_source":"數位發展部 iTaiwan 熱點（政府機關位置代理點）","source_month":"","location_note":"iTaiwan 熱點位置代理點，非完整機關名冊","easting_epsg3826":327348.84,"northing_epsg3826":2727736.27,"image_pixel_x":3938,"image_pixel_y":5523,"image_coverage":"圖面範圍內","liquefaction_2026_map_class":"中潛勢（5≤PL≤15）","pixel_class_status":"清楚","nearest_medium_high_m":0.0,"nearest_medium_high_class":"中潛勢（5≤PL≤15）","within_300m_medium_or_high":true,"liquefaction_screening_note":"直接落在中／高潛勢圖色","sampled_rgb_class_pixels_5x5":"{\"低潛勢（PL<5）\":0,\"中潛勢（5≤PL≤15）\":15,\"高潛勢（PL≥15）\":0}"}},{"type":"Feature","geometry":{"type":"Point","coordinates":[121.826794,24.862574]},"properties":{"facility_id":"ITAIWAN-11683","facility_name":"宜蘭縣政府警察局頭城分駐所","facility_type":"政府機關","facility_source":"數位發展部 iTaiwan 熱點（政府機關位置代理點）","source_month":"","location_note":"iTaiwan 熱點位置代理點，非完整機關名冊","easting_epsg3826":333551.06,"northing_epsg3826":2750809.62,"image_pixel_x":4961,"image_pixel_y":1717,"image_coverage":"圖面範圍內","liquefaction_2026_map_class":"高潛勢（PL≥15）","pixel_class_status":"清楚","nearest_medium_high_m":8.6,"nearest_medium_high_class":"高潛勢（PL≥15）","within_300m_medium_or_high":true,"liquefaction_screening_note":"直接落在中／高潛勢圖色","sampled_rgb_class_pixels_5x5":"{\"低潛勢（PL<5）\":0,\"中潛勢（5≤PL≤15）\":0,\"高潛勢（PL≥15）\":5}"}},{"type":"Feature","geometry":{"type":"Point","coordinates":[121.834969,24.618066]},"properties":{"facility_id":"ITAIWAN-11689","facility_name":"宜蘭縣政府警察局馬賽派出所","facility_type":"政府機關","facility_source":"數位發展部 iTaiwan 熱點（政府機關位置代理點）","source_month":"","location_note":"iTaiwan 熱點位置代理點，非完整機關名冊","easting_epsg3826":334542.4,"northing_epsg3826":2723731.57,"image_pixel_x":5124,"image_pixel_y":6183,"image_coverage":"圖面範圍內","liquefaction_2026_map_class":"低潛勢（PL<5）","pixel_class_status":"清楚","nearest_medium_high_m":73.3,"nearest_medium_high_class":"中潛勢（5≤PL≤15）","within_300m_medium_or_high":true,"liquefaction_screening_note":"距中／高潛勢圖色 73.3 公尺（≤300公尺）","sampled_rgb_class_pixels_5x5":"{\"低潛勢（PL<5）\":25,\"中潛勢（5≤PL≤15）\":0,\"高潛勢（PL≥15）\":0}"}},{"type":"Feature","geometry":{"type":"Point","coordinates":[121.740573,24.779919]},"properties":{"facility_id":"ITAIWAN-11678","facility_name":"宜蘭縣政府警察局龍潭派出所","facility_type":"政府機關","facility_source":"數位發展部 iTaiwan 熱點（政府機關位置代理點）","source_month":"","location_note":"iTaiwan 熱點位置代理點，非完整機關名冊","easting_epsg3826":324887.4,"northing_epsg3826":2741604.21,"image_pixel_x":3532,"image_pixel_y":3235,"image_coverage":"圖面範圍內","liquefaction_2026_map_class":"中潛勢（5≤PL≤15）","pixel_class_status":"清楚","nearest_medium_high_m":6.1,"nearest_medium_high_class":"中潛勢（5≤PL≤15）","within_300m_medium_or_high":true,"liquefaction_screening_note":"直接落在中／高潛勢圖色","sampled_rgb_class_pixels_5x5":"{\"低潛勢（PL<5）\":0,\"中潛勢（5≤PL≤15）\":8,\"高潛勢（PL≥15）\":0}"}},{"type":"Feature","geometry":{"type":"Point","coordinates":[121.7686113,24.6782102]},"properties":{"facility_id":"ITAIWAN-1908","facility_name":"財政部北區國稅局羅東稽徵所","facility_type":"政府機關","facility_source":"數位發展部 iTaiwan 熱點（政府機關位置代理點）","source_month":"","location_note":"iTaiwan 熱點位置代理點，非完整機關名冊","easting_epsg3826":327786.0,"northing_epsg3826":2730354.16,"image_pixel_x":4010,"image_pixel_y":5091,"image_coverage":"圖面範圍內","liquefaction_2026_map_class":"高潛勢（PL≥15）","pixel_class_status":"清楚","nearest_medium_high_m":6.1,"nearest_medium_high_class":"高潛勢（PL≥15）","within_300m_medium_or_high":true,"liquefaction_screening_note":"直接落在中／高潛勢圖色","sampled_rgb_class_pixels_5x5":"{\"低潛勢（PL<5）\":0,\"中潛勢（5≤PL≤15）\":0,\"高潛勢（PL≥15）\":5}"}},{"type":"Feature","geometry":{"type":"Point","coordinates":[121.866116,24.582335]},"properties":{"facility_id":"ITAIWAN-11688","facility_name":"宜蘭縣政府警察局南方澳派出所","facility_type":"政府機關","facility_source":"數位發展部 iTaiwan 熱點（政府機關位置代理點）","source_month":"","location_note":"iTaiwan 熱點位置代理點，非完整機關名冊","easting_epsg3826":337721.17,"northing_epsg3826":2719793.36,"image_pixel_x":5649,"image_pixel_y":6833,"image_coverage":"圖面範圍外","liquefaction_2026_map_class":"超出新版宜蘭圖面範圍","pixel_class_status":"無圖面覆蓋","nearest_medium_high_m":null,"nearest_medium_high_class":null,"within_300m_medium_or_high":false,"liquefaction_screening_note":"無圖面覆蓋，不能判為低潛勢","sampled_rgb_class_pixels_5x5":"{}"}},{"type":"Feature","geometry":{"type":"Point","coordinates":[121.536768,24.492314]},"properties":{"facility_id":"ITAIWAN-11705","facility_name":"宜蘭縣政府警察局太平山派出所","facility_type":"政府機關","facility_source":"數位發展部 iTaiwan 熱點（政府機關位置代理點）","source_month":"","location_note":"iTaiwan 熱點位置代理點，非完整機關名冊","easting_epsg3826":304402.4,"northing_epsg3826":2709652.9,"image_pixel_x":153,"image_pixel_y":8505,"image_coverage":"圖面範圍外","liquefaction_2026_map_class":"超出新版宜蘭圖面範圍","pixel_class_status":"無圖面覆蓋","nearest_medium_high_m":null,"nearest_medium_high_class":null,"within_300m_medium_or_high":false,"liquefaction_screening_note":"無圖面覆蓋，不能判為低潛勢","sampled_rgb_class_pixels_5x5":"{}"}},{"type":"Feature","geometry":{"type":"Point","coordinates":[121.755519,24.755345]},"properties":{"facility_id":"ITAIWAN-11659","facility_name":"宜蘭縣政府警察局宜蘭分局3樓","facility_type":"政府機關","facility_source":"數位發展部 iTaiwan 熱點（政府機關位置代理點）","source_month":"","location_note":"iTaiwan 熱點位置代理點，非完整機關名冊","easting_epsg3826":326413.85,"northing_epsg3826":2738890.55,"image_pixel_x":3784,"image_pixel_y":3683,"image_coverage":"圖面範圍內","liquefaction_2026_map_class":"高潛勢（PL≥15）","pixel_class_status":"清楚","nearest_medium_high_m":8.6,"nearest_medium_high_class":"高潛勢（PL≥15）","within_300m_medium_or_high":true,"liquefaction_screening_note":"直接落在中／高潛勢圖色","sampled_rgb_class_pixels_5x5":"{\"低潛勢（PL<5）\":0,\"中潛勢（5≤PL≤15）\":0,\"高潛勢（PL≥15）\":4}"}},{"type":"Feature","geometry":{"type":"Point","coordinates":[121.766003,24.682504]},"properties":{"facility_id":"ITAIWAN-4346","facility_name":"內政部移民署宜蘭縣服務站(新)","facility_type":"政府機關","facility_source":"數位發展部 iTaiwan 熱點（政府機關位置代理點）","source_month":"","location_note":"iTaiwan 熱點位置代理點，非完整機關名冊","easting_epsg3826":327519.36,"northing_epsg3826":2730828.28,"image_pixel_x":3966,"image_pixel_y":5012,"image_coverage":"圖面範圍內","liquefaction_2026_map_class":"高潛勢（PL≥15）","pixel_class_status":"清楚","nearest_medium_high_m":0.0,"nearest_medium_high_class":"高潛勢（PL≥15）","within_300m_medium_or_high":true,"liquefaction_screening_note":"直接落在中／高潛勢圖色","sampled_rgb_class_pixels_5x5":"{\"低潛勢（PL<5）\":0,\"中潛勢（5≤PL≤15）\":0,\"高潛勢（PL≥15）\":23}"}},{"type":"Feature","geometry":{"type":"Point","coordinates":[121.750853,24.762108]},"properties":{"facility_id":"ITAIWAN-11601","facility_name":"宜蘭縣政府社會處(社會福利館)","facility_type":"政府機關","facility_source":"數位發展部 iTaiwan 熱點（政府機關位置代理點）","source_month":"","location_note":"iTaiwan 熱點位置代理點，非完整機關名冊","easting_epsg3826":325937.8,"northing_epsg3826":2739637.05,"image_pixel_x":3705,"image_pixel_y":3559,"image_coverage":"圖面範圍內","liquefaction_2026_map_class":"高潛勢（PL≥15）","pixel_class_status":"清楚","nearest_medium_high_m":0.0,"nearest_medium_high_class":"高潛勢（PL≥15）","within_300m_medium_or_high":true,"liquefaction_screening_note":"直接落在中／高潛勢圖色","sampled_rgb_class_pixels_5x5":"{\"低潛勢（PL<5）\":0,\"中潛勢（5≤PL≤15）\":0,\"高潛勢（PL≥15）\":25}"}},{"type":"Feature","geometry":{"type":"Point","coordinates":[121.761668,24.731124]},"properties":{"facility_id":"ITAIWAN-11802","facility_name":"宜蘭縣警察局宜蘭分局進士派出所","facility_type":"政府機關","facility_source":"數位發展部 iTaiwan 熱點（政府機關位置代理點）","source_month":"","location_note":"iTaiwan 熱點位置代理點，非完整機關名冊","easting_epsg3826":327050.72,"northing_epsg3826":2736211.18,"image_pixel_x":3889,"image_pixel_y":4125,"image_coverage":"圖面範圍內","liquefaction_2026_map_class":"高潛勢（PL≥15）","pixel_class_status":"清楚","nearest_medium_high_m":0.0,"nearest_medium_high_class":"高潛勢（PL≥15）","within_300m_medium_or_high":true,"liquefaction_screening_note":"直接落在中／高潛勢圖色","sampled_rgb_class_pixels_5x5":"{\"低潛勢（PL<5）\":0,\"中潛勢（5≤PL≤15）\":0,\"高潛勢（PL≥15）\":19}"}},{"type":"Feature","geometry":{"type":"Point","coordinates":[121.835031,24.596587]},"properties":{"facility_id":"ITAIWAN-4179","facility_name":"交通部交通部公路局東區養護工程分局","facility_type":"政府機關","facility_source":"數位發展部 iTaiwan 熱點（政府機關位置代理點）","source_month":"","location_note":"iTaiwan 熱點位置代理點，非完整機關名冊","easting_epsg3826":334563.12,"northing_epsg3826":2721352.51,"image_pixel_x":5128,"image_pixel_y":6576,"image_coverage":"圖面範圍內","liquefaction_2026_map_class":"圖上無可判讀潛勢色塊","pixel_class_status":"無法判讀","nearest_medium_high_m":null,"nearest_medium_high_class":null,"within_300m_medium_or_high":false,"liquefaction_screening_note":"新版圖面此處無可判讀色塊；不能判為低潛勢","sampled_rgb_class_pixels_5x5":"{\"低潛勢（PL<5）\":0,\"中潛勢（5≤PL≤15）\":0,\"高潛勢（PL≥15）\":0}"}},{"type":"Feature","geometry":{"type":"Point","coordinates":[121.769135,24.693988]},"properties":{"facility_id":"ITAIWAN-1325","facility_name":"交通部公路局臺北區監理所宜蘭監理站","facility_type":"政府機關","facility_source":"數位發展部 iTaiwan 熱點（政府機關位置代理點）","source_month":"","location_note":"iTaiwan 熱點位置代理點，非完整機關名冊","easting_epsg3826":327829.2,"northing_epsg3826":2732102.06,"image_pixel_x":4017,"image_pixel_y":4802,"image_coverage":"圖面範圍內","liquefaction_2026_map_class":"高潛勢（PL≥15）","pixel_class_status":"清楚","nearest_medium_high_m":0.0,"nearest_medium_high_class":"高潛勢（PL≥15）","within_300m_medium_or_high":true,"liquefaction_screening_note":"直接落在中／高潛勢圖色","sampled_rgb_class_pixels_5x5":"{\"低潛勢（PL<5）\":0,\"中潛勢（5≤PL≤15）\":0,\"高潛勢（PL≥15）\":25}"}},{"type":"Feature","geometry":{"type":"Point","coordinates":[121.790754,24.838173]},"properties":{"facility_id":"ITAIWAN-2851","facility_name":"內政部警政署國道公路警察局第九警察隊","facility_type":"政府機關","facility_source":"數位發展部 iTaiwan 熱點（政府機關位置代理點）","source_month":"","location_note":"iTaiwan 熱點位置代理點，非完整機關名冊","easting_epsg3826":329924.59,"northing_epsg3826":2748085.19,"image_pixel_x":4363,"image_pixel_y":2166,"image_coverage":"圖面範圍內","liquefaction_2026_map_class":"高潛勢（PL≥15）","pixel_class_status":"清楚","nearest_medium_high_m":6.1,"nearest_medium_high_class":"高潛勢（PL≥15）","within_300m_medium_or_high":true,"liquefaction_screening_note":"直接落在中／高潛勢圖色","sampled_rgb_class_pixels_5x5":"{\"低潛勢（PL<5）\":0,\"中潛勢（5≤PL≤15）\":0,\"高潛勢（PL≥15）\":5}"}},{"type":"Feature","geometry":{"type":"Point","coordinates":[121.754107,24.748557]},"properties":{"facility_id":"ITAIWAN-1892","facility_name":"財政部北區國稅局宜蘭縣分局第1辦公室","facility_type":"政府機關","facility_source":"數位發展部 iTaiwan 熱點（政府機關位置代理點）","source_month":"","location_note":"iTaiwan 熱點位置代理點，非完整機關名冊","easting_epsg3826":326275.18,"northing_epsg3826":2738137.9,"image_pixel_x":3761,"image_pixel_y":3807,"image_coverage":"圖面範圍內","liquefaction_2026_map_class":"高潛勢（PL≥15）","pixel_class_status":"清楚","nearest_medium_high_m":0.0,"nearest_medium_high_class":"高潛勢（PL≥15）","within_300m_medium_or_high":true,"liquefaction_screening_note":"直接落在中／高潛勢圖色","sampled_rgb_class_pixels_5x5":"{\"低潛勢（PL<5）\":0,\"中潛勢（5≤PL≤15）\":0,\"高潛勢（PL≥15）\":24}"}},{"type":"Feature","geometry":{"type":"Point","coordinates":[121.8266002085756,24.86260621372328]},"properties":{"facility_id":"NFA-2","facility_name":"宜蘭縣政府消防局頭城分隊","facility_type":"消防分隊","facility_source":"內政部消防署（官方）","location_note":"消防署點位；來源座標欄名與數值範圍不一致，依數值判為經緯度","easting_epsg3826":333531.45,"northing_epsg3826":2750813.07,"image_pixel_x":4958,"image_pixel_y":1716,"image_coverage":"圖面範圍內","liquefaction_2026_map_class":"高潛勢（PL≥15）","pixel_class_status":"清楚","nearest_medium_high_m":0.0,"nearest_medium_high_class":"高潛勢（PL≥15）","within_300m_medium_or_high":true,"liquefaction_screening_note":"直接落在中／高潛勢圖色","sampled_rgb_class_pixels_5x5":"{\"低潛勢（PL<5）\":0,\"中潛勢（5≤PL≤15）\":0,\"高潛勢（PL≥15）\":16}"}},{"type":"Feature","geometry":{"type":"Point","coordinates":[121.77358695644172,24.82687324927228]},"properties":{"facility_id":"NFA-3","facility_name":"宜蘭縣政府消防局礁溪分隊","facility_type":"消防分隊","facility_source":"內政部消防署（官方）","location_note":"消防署點位；來源座標欄名與數值範圍不一致，依數值判為經緯度","easting_epsg3826":328196.47,"northing_epsg3826":2746823.61,"image_pixel_x":4078,"image_pixel_y":2374,"image_coverage":"圖面範圍內","liquefaction_2026_map_class":"圖上無可判讀潛勢色塊","pixel_class_status":"無法判讀","nearest_medium_high_m":167.7,"nearest_medium_high_class":"中潛勢（5≤PL≤15）","within_300m_medium_or_high":true,"liquefaction_screening_note":"距中／高潛勢圖色 167.7 公尺（≤300公尺）","sampled_rgb_class_pixels_5x5":"{\"低潛勢（PL<5）\":0,\"中潛勢（5≤PL≤15）\":0,\"高潛勢（PL≥15）\":0}"}},{"type":"Feature","geometry":{"type":"Point","coordinates":[121.755183940592,24.755404984591895]},"properties":{"facility_id":"NFA-4","facility_name":"宜蘭縣政府消防局宜蘭分隊","facility_type":"消防分隊","facility_source":"內政部消防署（官方）","location_note":"消防署點位；來源座標欄名與數值範圍不一致，依數值判為經緯度","easting_epsg3826":326379.93,"northing_epsg3826":2738897.01,"image_pixel_x":3778,"image_pixel_y":3682,"image_coverage":"圖面範圍內","liquefaction_2026_map_class":"高潛勢（PL≥15）","pixel_class_status":"清楚","nearest_medium_high_m":6.1,"nearest_medium_high_class":"高潛勢（PL≥15）","within_300m_medium_or_high":true,"liquefaction_screening_note":"直接落在中／高潛勢圖色","sampled_rgb_class_pixels_5x5":"{\"低潛勢（PL<5）\":0,\"中潛勢（5≤PL≤15）\":0,\"高潛勢（PL≥15）\":9}"}},{"type":"Feature","geometry":{"type":"Point","coordinates":[121.72658809810363,24.74514774691462]},"properties":{"facility_id":"NFA-5","facility_name":"宜蘭縣政府消防局員山分隊","facility_type":"消防分隊","facility_source":"內政部消防署（官方）","location_note":"消防署點位；來源座標欄名與數值範圍不一致，依數值判為經緯度","easting_epsg3826":323493.65,"northing_epsg3826":2737745.22,"image_pixel_x":3302,"image_pixel_y":3872,"image_coverage":"圖面範圍內","liquefaction_2026_map_class":"低潛勢（PL<5）","pixel_class_status":"清楚","nearest_medium_high_m":null,"nearest_medium_high_class":null,"within_300m_medium_or_high":false,"liquefaction_screening_note":"點位為低潛勢；300公尺內未見中／高潛勢圖色","sampled_rgb_class_pixels_5x5":"{\"低潛勢（PL<5）\":23,\"中潛勢（5≤PL≤15）\":0,\"高潛勢（PL≥15）\":0}"}},{"type":"Feature","geometry":{"type":"Point","coordinates":[121.78641758382872,24.746270192466387]},"properties":{"facility_id":"NFA-6","facility_name":"宜蘭縣政府消防局壯圍分隊","facility_type":"消防分隊","facility_source":"內政部消防署（官方）","location_note":"消防署點位；來源座標欄名與數值範圍不一致，依數值判為經緯度","easting_epsg3826":329544.86,"northing_epsg3826":2737902.99,"image_pixel_x":4300,"image_pixel_y":3846,"image_coverage":"圖面範圍內","liquefaction_2026_map_class":"高潛勢（PL≥15）","pixel_class_status":"清楚","nearest_medium_high_m":6.1,"nearest_medium_high_class":"高潛勢（PL≥15）","within_300m_medium_or_high":true,"liquefaction_screening_note":"直接落在中／高潛勢圖色","sampled_rgb_class_pixels_5x5":"{\"低潛勢（PL<5）\":0,\"中潛勢（5≤PL≤15）\":0,\"高潛勢（PL≥15）\":8}"}},{"type":"Feature","geometry":{"type":"Point","coordinates":[121.64839737245428,24.65286501382423]},"properties":{"facility_id":"NFA-7","facility_name":"宜蘭縣政府消防局三星分隊","facility_type":"消防分隊","facility_source":"內政部消防署（官方）","location_note":"消防署點位；來源座標欄名與數值範圍不一致，依數值判為經緯度","easting_epsg3826":315632.84,"northing_epsg3826":2727484.07,"image_pixel_x":2006,"image_pixel_y":5564,"image_coverage":"圖面範圍內","liquefaction_2026_map_class":"圖上無可判讀潛勢色塊","pixel_class_status":"無法判讀","nearest_medium_high_m":null,"nearest_medium_high_class":null,"within_300m_medium_or_high":false,"liquefaction_screening_note":"新版圖面此處無可判讀色塊；不能判為低潛勢","sampled_rgb_class_pixels_5x5":"{\"低潛勢（PL<5）\":0,\"中潛勢（5≤PL≤15）\":0,\"高潛勢（PL≥15）\":0}"}},{"type":"Feature","geometry":{"type":"Point","coordinates":[121.6084792804312,24.678332991895363]},"properties":{"facility_id":"NFA-8","facility_name":"宜蘭縣政府消防局大同分隊","facility_type":"消防分隊","facility_source":"內政部消防署（官方）","location_note":"消防署點位；來源座標欄名與數值範圍不一致，依數值判為經緯度","easting_epsg3826":311579.6,"northing_epsg3826":2730286.44,"image_pixel_x":1337,"image_pixel_y":5102,"image_coverage":"圖面範圍內","liquefaction_2026_map_class":"圖上無可判讀潛勢色塊","pixel_class_status":"無法判讀","nearest_medium_high_m":null,"nearest_medium_high_class":null,"within_300m_medium_or_high":false,"liquefaction_screening_note":"新版圖面此處無可判讀色塊；不能判為低潛勢","sampled_rgb_class_pixels_5x5":"{\"低潛勢（PL<5）\":0,\"中潛勢（5≤PL≤15）\":0,\"高潛勢（PL≥15）\":0}"}},{"type":"Feature","geometry":{"type":"Point","coordinates":[121.7863752943875,24.83650442068725]},"properties":{"facility_id":"NFA-9","facility_name":"宜蘭縣政府消防局特種分隊","facility_type":"消防分隊","facility_source":"內政部消防署（官方）","location_note":"消防署點位；來源座標欄名與數值範圍不一致，依數值判為經緯度","easting_epsg3826":329483.06,"northing_epsg3826":2747897.81,"image_pixel_x":4290,"image_pixel_y":2197,"image_coverage":"圖面範圍內","liquefaction_2026_map_class":"高潛勢（PL≥15）","pixel_class_status":"清楚","nearest_medium_high_m":0.0,"nearest_medium_high_class":"高潛勢（PL≥15）","within_300m_medium_or_high":true,"liquefaction_screening_note":"直接落在中／高潛勢圖色","sampled_rgb_class_pixels_5x5":"{\"低潛勢（PL<5）\":0,\"中潛勢（5≤PL≤15）\":0,\"高潛勢（PL≥15）\":25}"}},{"type":"Feature","geometry":{"type":"Point","coordinates":[121.76924802709016,24.678059607035035]},"properties":{"facility_id":"NFA-11","facility_name":"宜蘭縣政府消防局羅東分隊","facility_type":"消防分隊","facility_source":"內政部消防署（官方）","location_note":"消防署點位；來源座標欄名與數值範圍不一致，依數值判為經緯度","easting_epsg3826":327850.53,"northing_epsg3826":2730337.84,"image_pixel_x":4021,"image_pixel_y":5093,"image_coverage":"圖面範圍內","liquefaction_2026_map_class":"高潛勢（PL≥15）","pixel_class_status":"清楚","nearest_medium_high_m":8.6,"nearest_medium_high_class":"高潛勢（PL≥15）","within_300m_medium_or_high":true,"liquefaction_screening_note":"直接落在中／高潛勢圖色","sampled_rgb_class_pixels_5x5":"{\"低潛勢（PL<5）\":0,\"中潛勢（5≤PL≤15）\":0,\"高潛勢（PL≥15）\":5}"}},{"type":"Feature","geometry":{"type":"Point","coordinates":[121.74390602629153,24.67104374386512]},"properties":{"facility_id":"NFA-12","facility_name":"宜蘭縣政府消防局廣興分隊","facility_type":"消防分隊","facility_source":"內政部消防署（官方）","location_note":"消防署點位；來源座標欄名與數值範圍不一致，依數值判為經緯度","easting_epsg3826":325289.95,"northing_epsg3826":2729546.6,"image_pixel_x":3598,"image_pixel_y":5224,"image_coverage":"圖面範圍內","liquefaction_2026_map_class":"低潛勢（PL<5）","pixel_class_status":"清楚","nearest_medium_high_m":null,"nearest_medium_high_class":null,"within_300m_medium_or_high":false,"liquefaction_screening_note":"點位為低潛勢；300公尺內未見中／高潛勢圖色","sampled_rgb_class_pixels_5x5":"{\"低潛勢（PL<5）\":7,\"中潛勢（5≤PL≤15）\":0,\"高潛勢（PL≥15）\":0}"}},{"type":"Feature","geometry":{"type":"Point","coordinates":[121.79365379641952,24.63364156087263]},"properties":{"facility_id":"NFA-13","facility_name":"宜蘭縣政府消防局冬山分隊","facility_type":"消防分隊","facility_source":"內政部消防署（官方）","location_note":"消防署點位；來源座標欄名與數值範圍不一致，依數值判為經緯度","easting_epsg3826":330349.01,"northing_epsg3826":2725432.0,"image_pixel_x":4433,"image_pixel_y":5903,"image_coverage":"圖面範圍內","liquefaction_2026_map_class":"低潛勢（PL<5）","pixel_class_status":"清楚","nearest_medium_high_m":211.2,"nearest_medium_high_class":"中潛勢（5≤PL≤15）","within_300m_medium_or_high":true,"liquefaction_screening_note":"距中／高潛勢圖色 211.2 公尺（≤300公尺）","sampled_rgb_class_pixels_5x5":"{\"低潛勢（PL<5）\":10,\"中潛勢（5≤PL≤15）\":0,\"高潛勢（PL≥15）\":0}"}},{"type":"Feature","geometry":{"type":"Point","coordinates":[121.8180920019135,24.66795552604253]},"properties":{"facility_id":"NFA-14","facility_name":"宜蘭縣政府消防局五結分隊","facility_type":"消防分隊","facility_source":"內政部消防署（官方）","location_note":"消防署點位；來源座標欄名與數值範圍不一致，依數值判為經緯度","easting_epsg3826":332800.59,"northing_epsg3826":2729247.26,"image_pixel_x":4837,"image_pixel_y":5273,"image_coverage":"圖面範圍內","liquefaction_2026_map_class":"圖上無可判讀潛勢色塊","pixel_class_status":"無法判讀","nearest_medium_high_m":36.4,"nearest_medium_high_class":"高潛勢（PL≥15）","within_300m_medium_or_high":true,"liquefaction_screening_note":"距中／高潛勢圖色 36.4 公尺（≤300公尺）","sampled_rgb_class_pixels_5x5":"{\"低潛勢（PL<5）\":0,\"中潛勢（5≤PL≤15）\":0,\"高潛勢（PL≥15）\":0}"}},{"type":"Feature","geometry":{"type":"Point","coordinates":[121.83527773362329,24.618082977943523]},"properties":{"facility_id":"NFA-15","facility_name":"宜蘭縣政府消防局馬賽分隊","facility_type":"消防分隊","facility_source":"內政部消防署（官方）","location_note":"消防署點位；來源座標欄名與數值範圍不一致，依數值判為經緯度","easting_epsg3826":334573.65,"northing_epsg3826":2723733.64,"image_pixel_x":5129,"image_pixel_y":6183,"image_coverage":"圖面範圍內","liquefaction_2026_map_class":"低潛勢（PL<5）","pixel_class_status":"清楚","nearest_medium_high_m":47.4,"nearest_medium_high_class":"中潛勢（5≤PL≤15）","within_300m_medium_or_high":true,"liquefaction_screening_note":"距中／高潛勢圖色 47.4 公尺（≤300公尺）","sampled_rgb_class_pixels_5x5":"{\"低潛勢（PL<5）\":9,\"中潛勢（5≤PL≤15）\":0,\"高潛勢（PL≥15）\":0}"}},{"type":"Feature","geometry":{"type":"Point","coordinates":[121.85248074824943,24.59438134985258]},"properties":{"facility_id":"NFA-16","facility_name":"宜蘭縣政府消防局蘇澳分隊","facility_type":"消防分隊","facility_source":"內政部消防署（官方）","location_note":"消防署點位；來源座標欄名與數值範圍不一致，依數值判為經緯度","easting_epsg3826":336331.84,"northing_epsg3826":2721119.04,"image_pixel_x":5419,"image_pixel_y":6614,"image_coverage":"圖面範圍外","liquefaction_2026_map_class":"超出新版宜蘭圖面範圍","pixel_class_status":"無圖面覆蓋","nearest_medium_high_m":null,"nearest_medium_high_class":null,"within_300m_medium_or_high":false,"liquefaction_screening_note":"無圖面覆蓋，不能判為低潛勢","sampled_rgb_class_pixels_5x5":"{}"}},{"type":"Feature","geometry":{"type":"Point","coordinates":[121.86506936276572,24.58338614105324]},"properties":{"facility_id":"NFA-17","facility_name":"宜蘭縣政府消防局南方澳分隊","facility_type":"消防分隊","facility_source":"內政部消防署（官方）","location_note":"消防署點位；來源座標欄名與數值範圍不一致，依數值判為經緯度","easting_epsg3826":337614.43,"northing_epsg3826":2719909.12,"image_pixel_x":5631,"image_pixel_y":6814,"image_coverage":"圖面範圍外","liquefaction_2026_map_class":"超出新版宜蘭圖面範圍","pixel_class_status":"無圖面覆蓋","nearest_medium_high_m":null,"nearest_medium_high_class":null,"within_300m_medium_or_high":false,"liquefaction_screening_note":"無圖面覆蓋，不能判為低潛勢","sampled_rgb_class_pixels_5x5":"{}"}},{"type":"Feature","geometry":{"type":"Point","coordinates":[121.8030131580817,24.465764586173613]},"properties":{"facility_id":"NFA-18","facility_name":"宜蘭縣政府消防局南澳分隊","facility_type":"消防分隊","facility_source":"內政部消防署（官方）","location_note":"消防署點位；來源座標欄名與數值範圍不一致，依數值判為經緯度","easting_epsg3826":331404.87,"northing_epsg3826":2706843.06,"image_pixel_x":4607,"image_pixel_y":8969,"image_coverage":"圖面範圍外","liquefaction_2026_map_class":"超出新版宜蘭圖面範圍","pixel_class_status":"無圖面覆蓋","nearest_medium_high_m":null,"nearest_medium_high_class":null,"within_300m_medium_or_high":false,"liquefaction_screening_note":"無圖面覆蓋，不能判為低潛勢","sampled_rgb_class_pixels_5x5":"{}"}},{"type":"Feature","geometry":{"type":"Point","coordinates":[121.9031999495849,24.944762762652648]},"properties":{"facility_id":"NFA-19","facility_name":"宜蘭縣政府消防局大里分隊","facility_type":"消防分隊","facility_source":"內政部消防署（官方）","location_note":"消防署點位；來源座標欄名與數值範圍不一致，依數值判為經緯度","easting_epsg3826":341212.17,"northing_epsg3826":2759962.63,"image_pixel_x":6224,"image_pixel_y":207,"image_coverage":"圖面範圍外","liquefaction_2026_map_class":"超出新版宜蘭圖面範圍","pixel_class_status":"無圖面覆蓋","nearest_medium_high_m":null,"nearest_medium_high_class":null,"within_300m_medium_or_high":false,"liquefaction_screening_note":"無圖面覆蓋，不能判為低潛勢","sampled_rgb_class_pixels_5x5":"{}"}},{"type":"Feature","geometry":{"type":"Point","coordinates":[121.7922556,24.46308199]},"properties":{"facility_id":"NFA-21","facility_name":"宜蘭縣政府消防局特搜大隊觀音分隊","facility_type":"消防分隊","facility_source":"內政部消防署（官方）","location_note":"消防署點位；來源座標欄名與數值範圍不一致，依數值判為經緯度","easting_epsg3826":330315.99,"northing_epsg3826":2706539.64,"image_pixel_x":4427,"image_pixel_y":9019,"image_coverage":"圖面範圍外","liquefaction_2026_map_class":"超出新版宜蘭圖面範圍","pixel_class_status":"無圖面覆蓋","nearest_medium_high_m":null,"nearest_medium_high_class":null,"within_300m_medium_or_high":false,"liquefaction_screening_note":"無圖面覆蓋，不能判為低潛勢","sampled_rgb_class_pixels_5x5":"{}"}}]}